event_id,match_id,club_id,player_id,role,status,expected_minutes_share,announced_at_utc,source,source_published_at_utc,recorded_at_utc,cutoff_utc,kickoff_utc,minutes_method
AEK Athens--LASK--180047,AEK Athens--LASK--2026-09-09,aek-athen,180047,GK,projected_starter,1.0,2026-09-07T12:46:00Z,https://www.uefa.com/uefachampionsleague/news/02a9-2188cf675017-df8325ec95c3-1000--champions-league-predicted-line-ups-matchday-1-team-news-/,2026-09-07T12:46:00Z,2026-09-08 04:29:26.653233+00:00,2026-09-08 04:29:26.653233+00:00,2026-09-08T16:45:00Z,"prior-eight-roster-row mean; scenario estimate, not source observation"
AEK Athens--LASK--302487,AEK Athens--LASK--2026-09-09,aek-athen,302487,DEF,projected_starter,1.0,2026-09-07T12:46:00Z,https://www.uefa.com/uefachampionsleague/news/02a9-2188cf675017-df8325ec95c3-1000--champions-league-predicted-line-ups-matchday-1-team-news-/,2026-09-07T12:46:00Z,2026-09-08 04:29:26.653233+00:00,2026-09-08 04:29:26.653233+00:00,2026-09-08T16:45:00Z,"prior-eight-roster-row mean; scenario estimate, not source observation"
AEK Athens--LASK--218951,AEK Athens--LASK--2026-09-09,aek-athen,218951,DEF,projected_starter,0.875,2026-09-07T12:46:00Z,https://www.uefa.com/uefachampionsleague/news/02a9-2188cf675017-df8325ec95c3-1000--champions-league-predicted-line-ups-matchday-1-team-news-/,2026-09-07T12:46:00Z,2026-09-08 04:29:26.653233+00:00,2026-09-08 04:29:26.653233+00:00,2026-09-08T16:45:00Z,"prior-eight-roster-row mean; scenario estimate, not source observation"
AEK Athens--LASK--324593,AEK Athens--LASK--2026-09-09,aek-athen,324593,DEF,projected_starter,1.0,2026-09-07T12:46:00Z,https://www.uefa.com/uefachampionsleague/news/02a9-2188cf675017-df8325ec95c3-1000--champions-league-predicted-line-ups-matchday-1-team-news-/,2026-09-07T12:46:00Z,2026-09-08 04:29:26.653233+00:00,2026-09-08 04:29:26.653233+00:00,2026-09-08T16:45:00Z,"prior-eight-roster-row mean; scenario estimate, not source observation"
AEK Athens--LASK--285427,AEK Athens--LASK--2026-09-09,aek-athen,285427,DEF,projected_starter,0.8125,2026-09-07T12:46:00Z,https://www.uefa.com/uefachampionsleague/news/02a9-2188cf675017-df8325ec95c3-1000--champions-league-predicted-line-ups-matchday-1-team-news-/,2026-09-07T12:46:00Z,2026-09-08 04:29:26.653233+00:00,2026-09-08 04:29:26.653233+00:00,2026-09-08T16:45:00Z,"prior-eight-roster-row mean; scenario estimate, not source observation"
AEK Athens--LASK--237549,AEK Athens--LASK--2026-09-09,aek-athen,237549,MID,projected_starter,0.6685185185185185,2026-09-07T12:46:00Z,https://www.uefa.com/uefachampionsleague/news/02a9-2188cf675017-df8325ec95c3-1000--champions-league-predicted-line-ups-matchday-1-team-news-/,2026-09-07T12:46:00Z,2026-09-08 04:29:26.653233+00:00,2026-09-08 04:29:26.653233+00:00,2026-09-08T16:45:00Z,"prior-eight-roster-row mean; scenario estimate, not source observation"
AEK Athens--LASK--239738,AEK Athens--LASK--2026-09-09,aek-athen,239738,MID,projected_starter,0.975,2026-09-07T12:46:00Z,https://www.uefa.com/uefachampionsleague/news/02a9-2188cf675017-df8325ec95c3-1000--champions-league-predicted-line-ups-matchday-1-team-news-/,2026-09-07T12:46:00Z,2026-09-08 04:29:26.653233+00:00,2026-09-08 04:29:26.653233+00:00,2026-09-08T16:45:00Z,"prior-eight-roster-row mean; scenario estimate, not source observation"
AEK Athens--LASK--364626,AEK Athens--LASK--2026-09-09,aek-athen,364626,MID,projected_starter,0.8833333333333333,2026-09-07T12:46:00Z,https://www.uefa.com/uefachampionsleague/news/02a9-2188cf675017-df8325ec95c3-1000--champions-league-predicted-line-ups-matchday-1-team-news-/,2026-09-07T12:46:00Z,2026-09-08 04:29:26.653233+00:00,2026-09-08 04:29:26.653233+00:00,2026-09-08T16:45:00Z,"prior-eight-roster-row mean; scenario estimate, not source observation"
AEK Athens--LASK--192943,AEK Athens--LASK--2026-09-09,aek-athen,192943,MID,projected_starter,0.2537037037037037,2026-09-07T12:46:00Z,https://www.uefa.com/uefachampionsleague/news/02a9-2188cf675017-df8325ec95c3-1000--champions-league-predicted-line-ups-matchday-1-team-news-/,2026-09-07T12:46:00Z,2026-09-08 04:29:26.653233+00:00,2026-09-08 04:29:26.653233+00:00,2026-09-08T16:45:00Z,"prior-eight-roster-row mean; scenario estimate, not source observation"
AEK Athens--LASK--246666,AEK Athens--LASK--2026-09-09,aek-athen,246666,ATT,projected_starter,0.75,2026-09-07T12:46:00Z,https://www.uefa.com/uefachampionsleague/news/02a9-2188cf675017-df8325ec95c3-1000--champions-league-predicted-line-ups-matchday-1-team-news-/,2026-09-07T12:46:00Z,2026-09-08 04:29:26.653233+00:00,2026-09-08 04:29:26.653233+00:00,2026-09-08T16:45:00Z,"prior-eight-roster-row mean; scenario estimate, not source observation"
AEK Athens--LASK--221332,AEK Athens--LASK--2026-09-09,aek-athen,221332,ATT,projected_starter,0.75,2026-09-07T12:46:00Z,https://www.uefa.com/uefachampionsleague/news/02a9-2188cf675017-df8325ec95c3-1000--champions-league-predicted-line-ups-matchday-1-team-news-/,2026-09-07T12:46:00Z,2026-09-08 04:29:26.653233+00:00,2026-09-08 04:29:26.653233+00:00,2026-09-08T16:45:00Z,"prior-eight-roster-row mean; scenario estimate, not source observation"
AEK Athens--LASK--352661,AEK Athens--LASK--2026-09-09,LASK,352661,GK,projected_starter,1.0,2026-09-07T12:46:00Z,https://www.uefa.com/uefachampionsleague/news/02a9-2188cf675017-df8325ec95c3-1000--champions-league-predicted-line-ups-matchday-1-team-news-/,2026-09-07T12:46:00Z,2026-09-08 04:29:26.653233+00:00,2026-09-08 04:29:26.653233+00:00,2026-09-08T16:45:00Z,"prior-eight-roster-row mean; scenario estimate, not source observation"
AEK Athens--LASK--283026,AEK Athens--LASK--2026-09-09,LASK,283026,DEF,projected_starter,1.0,2026-09-07T12:46:00Z,https://www.uefa.com/uefachampionsleague/news/02a9-2188cf675017-df8325ec95c3-1000--champions-league-predicted-line-ups-matchday-1-team-news-/,2026-09-07T12:46:00Z,2026-09-08 04:29:26.653233+00:00,2026-09-08 04:29:26.653233+00:00,2026-09-08T16:45:00Z,"prior-eight-roster-row mean; scenario estimate, not source observation"
AEK Athens--LASK--338948,AEK Athens--LASK--2026-09-09,LASK,338948,DEF,projected_starter,0.975,2026-09-07T12:46:00Z,https://www.uefa.com/uefachampionsleague/news/02a9-2188cf675017-df8325ec95c3-1000--champions-league-predicted-line-ups-matchday-1-team-news-/,2026-09-07T12:46:00Z,2026-09-08 04:29:26.653233+00:00,2026-09-08 04:29:26.653233+00:00,2026-09-08T16:45:00Z,"prior-eight-roster-row mean; scenario estimate, not source observation"
AEK Athens--LASK--189775,AEK Athens--LASK--2026-09-09,LASK,189775,DEF,projected_starter,1.0,2026-09-07T12:46:00Z,https://www.uefa.com/uefachampionsleague/news/02a9-2188cf675017-df8325ec95c3-1000--champions-league-predicted-line-ups-matchday-1-team-news-/,2026-09-07T12:46:00Z,2026-09-08 04:29:26.653233+00:00,2026-09-08 04:29:26.653233+00:00,2026-09-08T16:45:00Z,"prior-eight-roster-row mean; scenario estimate, not source observation"
AEK Athens--LASK--286853,AEK Athens--LASK--2026-09-09,LASK,286853,MID,projected_starter,0.9222222222222223,2026-09-07T12:46:00Z,https://www.uefa.com/uefachampionsleague/news/02a9-2188cf675017-df8325ec95c3-1000--champions-league-predicted-line-ups-matchday-1-team-news-/,2026-09-07T12:46:00Z,2026-09-08 04:29:26.653233+00:00,2026-09-08 04:29:26.653233+00:00,2026-09-08T16:45:00Z,"prior-eight-roster-row mean; scenario estimate, not source observation"
AEK Athens--LASK--273480,AEK Athens--LASK--2026-09-09,LASK,273480,MID,projected_starter,0.5833333333333334,2026-09-07T12:46:00Z,https://www.uefa.com/uefachampionsleague/news/02a9-2188cf675017-df8325ec95c3-1000--champions-league-predicted-line-ups-matchday-1-team-news-/,2026-09-07T12:46:00Z,2026-09-08 04:29:26.653233+00:00,2026-09-08 04:29:26.653233+00:00,2026-09-08T16:45:00Z,"prior-eight-roster-row mean; scenario estimate, not source observation"
AEK Athens--LASK--290638,AEK Athens--LASK--2026-09-09,LASK,290638,MID,projected_starter,0.6097222222222223,2026-09-07T12:46:00Z,https://www.uefa.com/uefachampionsleague/news/02a9-2188cf675017-df8325ec95c3-1000--champions-league-predicted-line-ups-matchday-1-team-news-/,2026-09-07T12:46:00Z,2026-09-08 04:29:26.653233+00:00,2026-09-08 04:29:26.653233+00:00,2026-09-08T16:45:00Z,"prior-eight-roster-row mean; scenario estimate, not source observation"
AEK Athens--LASK--193294,AEK Athens--LASK--2026-09-09,LASK,193294,MID,projected_starter,0.9,2026-09-07T12:46:00Z,https://www.uefa.com/uefachampionsleague/news/02a9-2188cf675017-df8325ec95c3-1000--champions-league-predicted-line-ups-matchday-1-team-news-/,2026-09-07T12:46:00Z,2026-09-08 04:29:26.653233+00:00,2026-09-08 04:29:26.653233+00:00,2026-09-08T16:45:00Z,"prior-eight-roster-row mean; scenario estimate, not source observation"
AEK Athens--LASK--269948,AEK Athens--LASK--2026-09-09,LASK,269948,DEF,projected_starter,0.95,2026-09-07T12:46:00Z,https://www.uefa.com/uefachampionsleague/news/02a9-2188cf675017-df8325ec95c3-1000--champions-league-predicted-line-ups-matchday-1-team-news-/,2026-09-07T12:46:00Z,2026-09-08 04:29:26.653233+00:00,2026-09-08 04:29:26.653233+00:00,2026-09-08T16:45:00Z,"prior-eight-roster-row mean; scenario estimate, not source observation"
AEK Athens--LASK--340760,AEK Athens--LASK--2026-09-09,LASK,340760,ATT,projected_starter,0.7194444444444444,2026-09-07T12:46:00Z,https://www.uefa.com/uefachampionsleague/news/02a9-2188cf675017-df8325ec95c3-1000--champions-league-predicted-line-ups-matchday-1-team-news-/,2026-09-07T12:46:00Z,2026-09-08 04:29:26.653233+00:00,2026-09-08 04:29:26.653233+00:00,2026-09-08T16:45:00Z,"prior-eight-roster-row mean; scenario estimate, not source observation"
AEK Athens--LASK--37442,AEK Athens--LASK--2026-09-09,LASK,37442,ATT,projected_starter,0.5611111111111111,2026-09-07T12:46:00Z,https://www.uefa.com/uefachampionsleague/news/02a9-2188cf675017-df8325ec95c3-1000--champions-league-predicted-line-ups-matchday-1-team-news-/,2026-09-07T12:46:00Z,2026-09-08 04:29:26.653233+00:00,2026-09-08 04:29:26.653233+00:00,2026-09-08T16:45:00Z,"prior-eight-roster-row mean; scenario estimate, not source observation"
Club Brugge--Aston Villa--93197,Club Brugge--Aston Villa--2026-09-09,club-brugge-kv,93197,GK,projected_starter,0.7375,2026-09-07T12:46:00Z,https://www.uefa.com/uefachampionsleague/news/02a9-2188cf675017-df8325ec95c3-1000--champions-league-predicted-line-ups-matchday-1-team-news-/,2026-09-07T12:46:00Z,2026-09-08 04:29:26.653233+00:00,2026-09-08 04:29:26.653233+00:00,2026-09-08T16:45:00Z,"prior-eight-roster-row mean; scenario estimate, not source observation"
Club Brugge--Aston Villa--351373,Club Brugge--Aston Villa--2026-09-09,club-brugge-kv,351373,DEF,projected_starter,0.6888888888888889,2026-09-07T12:46:00Z,https://www.uefa.com/uefachampionsleague/news/02a9-2188cf675017-df8325ec95c3-1000--champions-league-predicted-line-ups-matchday-1-team-news-/,2026-09-07T12:46:00Z,2026-09-08 04:29:26.653233+00:00,2026-09-08 04:29:26.653233+00:00,2026-09-08T16:45:00Z,"prior-eight-roster-row mean; scenario estimate, not source observation"
Club Brugge--Aston Villa--191222,Club Brugge--Aston Villa--2026-09-09,club-brugge-kv,191222,DEF,projected_starter,1.0,2026-09-07T12:46:00Z,https://www.uefa.com/uefachampionsleague/news/02a9-2188cf675017-df8325ec95c3-1000--champions-league-predicted-line-ups-matchday-1-team-news-/,2026-09-07T12:46:00Z,2026-09-08 04:29:26.653233+00:00,2026-09-08 04:29:26.653233+00:00,2026-09-08T16:45:00Z,"prior-eight-roster-row mean; scenario estimate, not source observation"
Club Brugge--Aston Villa--297788,Club Brugge--Aston Villa--2026-09-09,club-brugge-kv,297788,DEF,projected_starter,1.0,2026-09-07T12:46:00Z,https://www.uefa.com/uefachampionsleague/news/02a9-2188cf675017-df8325ec95c3-1000--champions-league-predicted-line-ups-matchday-1-team-news-/,2026-09-07T12:46:00Z,2026-09-08 04:29:26.653233+00:00,2026-09-08 04:29:26.653233+00:00,2026-09-08T16:45:00Z,"prior-eight-roster-row mean; scenario estimate, not source observation"
Club Brugge--Aston Villa--363068,Club Brugge--Aston Villa--2026-09-09,club-brugge-kv,363068,DEF,projected_starter,0.9861111111111112,2026-09-07T12:46:00Z,https://www.uefa.com/uefachampionsleague/news/02a9-2188cf675017-df8325ec95c3-1000--champions-league-predicted-line-ups-matchday-1-team-news-/,2026-09-07T12:46:00Z,2026-09-08 04:29:26.653233+00:00,2026-09-08 04:29:26.653233+00:00,2026-09-08T16:45:00Z,"prior-eight-roster-row mean; scenario estimate, not source observation"
Club Brugge--Aston Villa--310325,Club Brugge--Aston Villa--2026-09-09,club-brugge-kv,310325,MID,projected_starter,0.6708333333333333,2026-09-07T12:46:00Z,https://www.uefa.com/uefachampionsleague/news/02a9-2188cf675017-df8325ec95c3-1000--champions-league-predicted-line-ups-matchday-1-team-news-/,2026-09-07T12:46:00Z,2026-09-08 04:29:26.653233+00:00,2026-09-08 04:29:26.653233+00:00,2026-09-08T16:45:00Z,"prior-eight-roster-row mean; scenario estimate, not source observation"
Club Brugge--Aston Villa--193849,Club Brugge--Aston Villa--2026-09-09,club-brugge-kv,193849,MID,projected_starter,0.9541666666666667,2026-09-07T12:46:00Z,https://www.uefa.com/uefachampionsleague/news/02a9-2188cf675017-df8325ec95c3-1000--champions-league-predicted-line-ups-matchday-1-team-news-/,2026-09-07T12:46:00Z,2026-09-08 04:29:26.653233+00:00,2026-09-08 04:29:26.653233+00:00,2026-09-08T16:45:00Z,"prior-eight-roster-row mean; scenario estimate, not source observation"
Club Brugge--Aston Villa--78836,Club Brugge--Aston Villa--2026-09-09,club-brugge-kv,78836,ATT,projected_starter,0.9305555555555556,2026-09-07T12:46:00Z,https://www.uefa.com/uefachampionsleague/news/02a9-2188cf675017-df8325ec95c3-1000--champions-league-predicted-line-ups-matchday-1-team-news-/,2026-09-07T12:46:00Z,2026-09-08 04:29:26.653233+00:00,2026-09-08 04:29:26.653233+00:00,2026-09-08T16:45:00Z,"prior-eight-roster-row mean; scenario estimate, not source observation"
Club Brugge--Aston Villa--255261,Club Brugge--Aston Villa--2026-09-09,club-brugge-kv,255261,ATT,projected_starter,0.8555555555555555,2026-09-07T12:46:00Z,https://www.uefa.com/uefachampionsleague/news/02a9-2188cf675017-df8325ec95c3-1000--champions-league-predicted-line-ups-matchday-1-team-news-/,2026-09-07T12:46:00Z,2026-09-08 04:29:26.653233+00:00,2026-09-08 04:29:26.653233+00:00,2026-09-08T16:45:00Z,"prior-eight-roster-row mean; scenario estimate, not source observation"
Club Brugge--Aston Villa--362875,Club Brugge--Aston Villa--2026-09-09,club-brugge-kv,362875,ATT,projected_starter,0.4875,2026-09-07T12:46:00Z,https://www.uefa.com/uefachampionsleague/news/02a9-2188cf675017-df8325ec95c3-1000--champions-league-predicted-line-ups-matchday-1-team-news-/,2026-09-07T12:46:00Z,2026-09-08 04:29:26.653233+00:00,2026-09-08 04:29:26.653233+00:00,2026-09-08T16:45:00Z,"prior-eight-roster-row mean; scenario estimate, not source observation"
Club Brugge--Aston Villa--335201,Club Brugge--Aston Villa--2026-09-09,club-brugge-kv,335201,ATT,projected_starter,0.9430555555555555,2026-09-07T12:46:00Z,https://www.uefa.com/uefachampionsleague/news/02a9-2188cf675017-df8325ec95c3-1000--champions-league-predicted-line-ups-matchday-1-team-news-/,2026-09-07T12:46:00Z,2026-09-08 04:29:26.653233+00:00,2026-09-08 04:29:26.653233+00:00,2026-09-08T16:45:00Z,"prior-eight-roster-row mean; scenario estimate, not source observation"
Club Brugge--Aston Villa--265958,Club Brugge--Aston Villa--2026-09-09,aston-villa-fc,265958,GK,projected_starter,0.8,2026-09-07T12:46:00Z,https://www.uefa.com/uefachampionsleague/news/02a9-2188cf675017-df8325ec95c3-1000--champions-league-predicted-line-ups-matchday-1-team-news-/,2026-09-07T12:46:00Z,2026-09-08 04:29:26.653233+00:00,2026-09-08 04:29:26.653233+00:00,2026-09-08T16:45:00Z,"prior-eight-roster-row mean; scenario estimate, not source observation"
Club Brugge--Aston Villa--234698,Club Brugge--Aston Villa--2026-09-09,aston-villa-fc,234698,DEF,projected_starter,0.9,2026-09-07T12:46:00Z,https://www.uefa.com/uefachampionsleague/news/02a9-2188cf675017-df8325ec95c3-1000--champions-league-predicted-line-ups-matchday-1-team-news-/,2026-09-07T12:46:00Z,2026-09-08 04:29:26.653233+00:00,2026-09-08 04:29:26.653233+00:00,2026-09-08T16:45:00Z,"prior-eight-roster-row mean; scenario estimate, not source observation"
Club Brugge--Aston Villa--204679,Club Brugge--Aston Villa--2026-09-09,aston-villa-fc,204679,DEF,projected_starter,0.7666666666666667,2026-09-07T12:46:00Z,https://www.uefa.com/uefachampionsleague/news/02a9-2188cf675017-df8325ec95c3-1000--champions-league-predicted-line-ups-matchday-1-team-news-/,2026-09-07T12:46:00Z,2026-09-08 04:29:26.653233+00:00,2026-09-08 04:29:26.653233+00:00,2026-09-08T16:45:00Z,"prior-eight-roster-row mean; scenario estimate, not source observation"
Club Brugge--Aston Villa--251100,Club Brugge--Aston Villa--2026-09-09,aston-villa-fc,251100,DEF,projected_starter,0.5013888888888889,2026-09-07T12:46:00Z,https://www.uefa.com/uefachampionsleague/news/02a9-2188cf675017-df8325ec95c3-1000--champions-league-predicted-line-ups-matchday-1-team-news-/,2026-09-07T12:46:00Z,2026-09-08 04:29:26.653233+00:00,2026-09-08 04:29:26.653233+00:00,2026-09-08T16:45:00Z,"prior-eight-roster-row mean; scenario estimate, not source observation"
Club Brugge--Aston Villa--281125,Club Brugge--Aston Villa--2026-09-09,aston-villa-fc,281125,DEF,projected_starter,0.7027777777777777,2026-09-07T12:46:00Z,https://www.uefa.com/uefachampionsleague/news/02a9-2188cf675017-df8325ec95c3-1000--champions-league-predicted-line-ups-matchday-1-team-news-/,2026-09-07T12:46:00Z,2026-09-08 04:29:26.653233+00:00,2026-09-08 04:29:26.653233+00:00,2026-09-08T16:45:00Z,"prior-eight-roster-row mean; scenario estimate, not source observation"
Club Brugge--Aston Villa--250936,Club Brugge--Aston Villa--2026-09-09,aston-villa-fc,250936,MID,projected_starter,0.9263888888888889,2026-09-07T12:46:00Z,https://www.uefa.com/uefachampionsleague/news/02a9-2188cf675017-df8325ec95c3-1000--champions-league-predicted-line-ups-matchday-1-team-news-/,2026-09-07T12:46:00Z,2026-09-08 04:29:26.653233+00:00,2026-09-08 04:29:26.653233+00:00,2026-09-08T16:45:00Z,"prior-eight-roster-row mean; scenario estimate, not source observation"
Club Brugge--Aston Villa--301524,Club Brugge--Aston Villa--2026-09-09,aston-villa-fc,301524,MID,projected_starter,0.6888888888888889,2026-09-07T12:46:00Z,https://www.uefa.com/uefachampionsleague/news/02a9-2188cf675017-df8325ec95c3-1000--champions-league-predicted-line-ups-matchday-1-team-news-/,2026-09-07T12:46:00Z,2026-09-08 04:29:26.653233+00:00,2026-09-08 04:29:26.653233+00:00,2026-09-08T16:45:00Z,"prior-eight-roster-row mean; scenario estimate, not source observation"
Club Brugge--Aston Villa--162843,Club Brugge--Aston Villa--2026-09-09,aston-villa-fc,162843,ATT,projected_starter,0.8263888888888888,2026-09-07T12:46:00Z,https://www.uefa.com/uefachampionsleague/news/02a9-2188cf675017-df8325ec95c3-1000--champions-league-predicted-line-ups-matchday-1-team-news-/,2026-09-07T12:46:00Z,2026-09-08 04:29:26.653233+00:00,2026-09-08 04:29:26.653233+00:00,2026-09-08T16:45:00Z,"prior-eight-roster-row mean; scenario estimate, not source observation"
Club Brugge--Aston Villa--214375,Club Brugge--Aston Villa--2026-09-09,aston-villa-fc,214375,ATT,projected_starter,0.7236111111111111,2026-09-07T12:46:00Z,https://www.uefa.com/uefachampionsleague/news/02a9-2188cf675017-df8325ec95c3-1000--champions-league-predicted-line-ups-matchday-1-team-news-/,2026-09-07T12:46:00Z,2026-09-08 04:29:26.653233+00:00,2026-09-08 04:29:26.653233+00:00,2026-09-08T16:45:00Z,"prior-eight-roster-row mean; scenario estimate, not source observation"
Club Brugge--Aston Villa--366248,Club Brugge--Aston Villa--2026-09-09,aston-villa-fc,366248,ATT,projected_starter,0.35138888888888886,2026-09-07T12:46:00Z,https://www.uefa.com/uefachampionsleague/news/02a9-2188cf675017-df8325ec95c3-1000--champions-league-predicted-line-ups-matchday-1-team-news-/,2026-09-07T12:46:00Z,2026-09-08 04:29:26.653233+00:00,2026-09-08 04:29:26.653233+00:00,2026-09-08T16:45:00Z,"prior-eight-roster-row mean; scenario estimate, not source observation"
Club Brugge--Aston Villa--308524,Club Brugge--Aston Villa--2026-09-09,aston-villa-fc,308524,ATT,projected_starter,0.3819444444444444,2026-09-07T12:46:00Z,https://www.uefa.com/uefachampionsleague/news/02a9-2188cf675017-df8325ec95c3-1000--champions-league-predicted-line-ups-matchday-1-team-news-/,2026-09-07T12:46:00Z,2026-09-08 04:29:26.653233+00:00,2026-09-08 04:29:26.653233+00:00,2026-09-08T16:45:00Z,"prior-eight-roster-row mean; scenario estimate, not source observation"
Borussia Dortmund--Villarreal--238544,Borussia Dortmund--Villarreal--2026-09-09,borussia-dortmund,238544,GK,projected_starter,1.0,2026-09-07T12:46:00Z,https://www.uefa.com/uefachampionsleague/news/02a9-2188cf675017-df8325ec95c3-1000--champions-league-predicted-line-ups-matchday-1-team-news-/,2026-09-07T12:46:00Z,2026-09-08 04:29:26.653233+00:00,2026-09-08 04:29:26.653233+00:00,2026-09-08T19:00:00Z,"prior-eight-roster-row mean; scenario estimate, not source observation"
Borussia Dortmund--Villarreal--371500,Borussia Dortmund--Villarreal--2026-09-09,borussia-dortmund,371500,DEF,projected_starter,0.675,2026-09-07T12:46:00Z,https://www.uefa.com/uefachampionsleague/news/02a9-2188cf675017-df8325ec95c3-1000--champions-league-predicted-line-ups-matchday-1-team-news-/,2026-09-07T12:46:00Z,2026-09-08 04:29:26.653233+00:00,2026-09-08 04:29:26.653233+00:00,2026-09-08T19:00:00Z,"prior-eight-roster-row mean; scenario estimate, not source observation"
Borussia Dortmund--Villarreal--220714,Borussia Dortmund--Villarreal--2026-09-09,borussia-dortmund,220714,DEF,projected_starter,1.0,2026-09-07T12:46:00Z,https://www.uefa.com/uefachampionsleague/news/02a9-2188cf675017-df8325ec95c3-1000--champions-league-predicted-line-ups-matchday-1-team-news-/,2026-09-07T12:46:00Z,2026-09-08 04:29:26.653233+00:00,2026-09-08 04:29:26.653233+00:00,2026-09-08T19:00:00Z,"prior-eight-roster-row mean; scenario estimate, not source observation"
Borussia Dortmund--Villarreal--310709,Borussia Dortmund--Villarreal--2026-09-09,borussia-dortmund,310709,MID,projected_starter,0.6180555555555556,2026-09-07T12:46:00Z,https://www.uefa.com/uefachampionsleague/news/02a9-2188cf675017-df8325ec95c3-1000--champions-league-predicted-line-ups-matchday-1-team-news-/,2026-09-07T12:46:00Z,2026-09-08 04:29:26.653233+00:00,2026-09-08 04:29:26.653233+00:00,2026-09-08T19:00:00Z,"prior-eight-roster-row mean; scenario estimate, not source observation"
Borussia Dortmund--Villarreal--222991,Borussia Dortmund--Villarreal--2026-09-09,borussia-dortmund,222991,MID,projected_starter,0.9458333333333333,2026-09-07T12:46:00Z,https://www.uefa.com/uefachampionsleague/news/02a9-2188cf675017-df8325ec95c3-1000--champions-league-predicted-line-ups-matchday-1-team-news-/,2026-09-07T12:46:00Z,2026-09-08 04:29:26.653233+00:00,2026-09-08 04:29:26.653233+00:00,2026-09-08T19:00:00Z,"prior-eight-roster-row mean; scenario estimate, not source observation"
Borussia Dortmund--Villarreal--240912,Borussia Dortmund--Villarreal--2026-09-09,borussia-dortmund,240912,MID,projected_starter,0.8347222222222223,2026-09-07T12:46:00Z,https://www.uefa.com/uefachampionsleague/news/02a9-2188cf675017-df8325ec95c3-1000--champions-league-predicted-line-ups-matchday-1-team-news-/,2026-09-07T12:46:00Z,2026-09-08 04:29:26.653233+00:00,2026-09-08 04:29:26.653233+00:00,2026-09-08T19:00:00Z,"prior-eight-roster-row mean; scenario estimate, not source observation"
Borussia Dortmund--Villarreal--324820,Borussia Dortmund--Villarreal--2026-09-09,borussia-dortmund,324820,MID,projected_starter,0.9263888888888889,2026-09-07T12:46:00Z,https://www.uefa.com/uefachampionsleague/news/02a9-2188cf675017-df8325ec95c3-1000--champions-league-predicted-line-ups-matchday-1-team-news-/,2026-09-07T12:46:00Z,2026-09-08 04:29:26.653233+00:00,2026-09-08 04:29:26.653233+00:00,2026-09-08T19:00:00Z,"prior-eight-roster-row mean; scenario estimate, not source observation"
Borussia Dortmund--Villarreal--290639,Borussia Dortmund--Villarreal--2026-09-09,borussia-dortmund,290639,ATT,projected_starter,0.8388888888888889,2026-09-07T12:46:00Z,https://www.uefa.com/uefachampionsleague/news/02a9-2188cf675017-df8325ec95c3-1000--champions-league-predicted-line-ups-matchday-1-team-news-/,2026-09-07T12:46:00Z,2026-09-08 04:29:26.653233+00:00,2026-09-08 04:29:26.653233+00:00,2026-09-08T19:00:00Z,"prior-eight-roster-row mean; scenario estimate, not source observation"
Borussia Dortmund--Villarreal--357801,Borussia Dortmund--Villarreal--2026-09-09,borussia-dortmund,357801,ATT,projected_starter,0.7555555555555555,2026-09-07T12:46:00Z,https://www.uefa.com/uefachampionsleague/news/02a9-2188cf675017-df8325ec95c3-1000--champions-league-predicted-line-ups-matchday-1-team-news-/,2026-09-07T12:46:00Z,2026-09-08 04:29:26.653233+00:00,2026-09-08 04:29:26.653233+00:00,2026-09-08T19:00:00Z,"prior-eight-roster-row mean; scenario estimate, not source observation"
Borussia Dortmund--Villarreal--349733,Borussia Dortmund--Villarreal--2026-09-09,borussia-dortmund,349733,MID,projected_starter,0.3388888888888889,2026-09-07T12:46:00Z,https://www.uefa.com/uefachampionsleague/news/02a9-2188cf675017-df8325ec95c3-1000--champions-league-predicted-line-ups-matchday-1-team-news-/,2026-09-07T12:46:00Z,2026-09-08 04:29:26.653233+00:00,2026-09-08 04:29:26.653233+00:00,2026-09-08T19:00:00Z,"prior-eight-roster-row mean; scenario estimate, not source observation"
Borussia Dortmund--Villarreal--186381,Borussia Dortmund--Villarreal--2026-09-09,borussia-dortmund,186381,ATT,projected_starter,0.8583333333333333,2026-09-07T12:46:00Z,https://www.uefa.com/uefachampionsleague/news/02a9-2188cf675017-df8325ec95c3-1000--champions-league-predicted-line-ups-matchday-1-team-news-/,2026-09-07T12:46:00Z,2026-09-08 04:29:26.653233+00:00,2026-09-08 04:29:26.653233+00:00,2026-09-08T19:00:00Z,"prior-eight-roster-row mean; scenario estimate, not source observation"
Borussia Dortmund--Villarreal--119620,Borussia Dortmund--Villarreal--2026-09-09,villarreal-cf,119620,GK,projected_starter,0.25,2026-09-07T12:46:00Z,https://www.uefa.com/uefachampionsleague/news/02a9-2188cf675017-df8325ec95c3-1000--champions-league-predicted-line-ups-matchday-1-team-news-/,2026-09-07T12:46:00Z,2026-09-08 04:29:26.653233+00:00,2026-09-08 04:29:26.653233+00:00,2026-09-08T19:00:00Z,"prior-eight-roster-row mean; scenario estimate, not source observation"
Borussia Dortmund--Villarreal--318098,Borussia Dortmund--Villarreal--2026-09-09,villarreal-cf,318098,DEF,projected_starter,0.7083333333333334,2026-09-07T12:46:00Z,https://www.uefa.com/uefachampionsleague/news/02a9-2188cf675017-df8325ec95c3-1000--champions-league-predicted-line-ups-matchday-1-team-news-/,2026-09-07T12:46:00Z,2026-09-08 04:29:26.653233+00:00,2026-09-08 04:29:26.653233+00:00,2026-09-08T19:00:00Z,"prior-eight-roster-row mean; scenario estimate, not source observation"
Borussia Dortmund--Villarreal--271129,Borussia Dortmund--Villarreal--2026-09-09,villarreal-cf,271129,DEF,projected_starter,0.15416666666666667,2026-09-07T12:46:00Z,https://www.uefa.com/uefachampionsleague/news/02a9-2188cf675017-df8325ec95c3-1000--champions-league-predicted-line-ups-matchday-1-team-news-/,2026-09-07T12:46:00Z,2026-09-08 04:29:26.653233+00:00,2026-09-08 04:29:26.653233+00:00,2026-09-08T19:00:00Z,"prior-eight-roster-row mean; scenario estimate, not source observation"
Borussia Dortmund--Villarreal--337011,Borussia Dortmund--Villarreal--2026-09-09,villarreal-cf,337011,DEF,projected_starter,0.875,2026-09-07T12:46:00Z,https://www.uefa.com/uefachampionsleague/news/02a9-2188cf675017-df8325ec95c3-1000--champions-league-predicted-line-ups-matchday-1-team-news-/,2026-09-07T12:46:00Z,2026-09-08 04:29:26.653233+00:00,2026-09-08 04:29:26.653233+00:00,2026-09-08T19:00:00Z,"prior-eight-roster-row mean; scenario estimate, not source observation"
Borussia Dortmund--Villarreal--271904,Borussia Dortmund--Villarreal--2026-09-09,villarreal-cf,271904,DEF,projected_starter,1.0,2026-09-07T12:46:00Z,https://www.uefa.com/uefachampionsleague/news/02a9-2188cf675017-df8325ec95c3-1000--champions-league-predicted-line-ups-matchday-1-team-news-/,2026-09-07T12:46:00Z,2026-09-08 04:29:26.653233+00:00,2026-09-08 04:29:26.653233+00:00,2026-09-08T19:00:00Z,"prior-eight-roster-row mean; scenario estimate, not source observation"
Borussia Dortmund--Villarreal--210397,Borussia Dortmund--Villarreal--2026-09-09,villarreal-cf,210397,MID,projected_starter,0.7125,2026-09-07T12:46:00Z,https://www.uefa.com/uefachampionsleague/news/02a9-2188cf675017-df8325ec95c3-1000--champions-league-predicted-line-ups-matchday-1-team-news-/,2026-09-07T12:46:00Z,2026-09-08 04:29:26.653233+00:00,2026-09-08 04:29:26.653233+00:00,2026-09-08T19:00:00Z,"prior-eight-roster-row mean; scenario estimate, not source observation"
Borussia Dortmund--Villarreal--240623,Borussia Dortmund--Villarreal--2026-09-09,villarreal-cf,240623,MID,projected_starter,0.6666666666666666,2026-09-07T12:46:00Z,https://www.uefa.com/uefachampionsleague/news/02a9-2188cf675017-df8325ec95c3-1000--champions-league-predicted-line-ups-matchday-1-team-news-/,2026-09-07T12:46:00Z,2026-09-08 04:29:26.653233+00:00,2026-09-08 04:29:26.653233+00:00,2026-09-08T19:00:00Z,"prior-eight-roster-row mean; scenario estimate, not source observation"
Borussia Dortmund--Villarreal--255889,Borussia Dortmund--Villarreal--2026-09-09,villarreal-cf,255889,MID,projected_starter,0.7486111111111111,2026-09-07T12:46:00Z,https://www.uefa.com/uefachampionsleague/news/02a9-2188cf675017-df8325ec95c3-1000--champions-league-predicted-line-ups-matchday-1-team-news-/,2026-09-07T12:46:00Z,2026-09-08 04:29:26.653233+00:00,2026-09-08 04:29:26.653233+00:00,2026-09-08T19:00:00Z,"prior-eight-roster-row mean; scenario estimate, not source observation"
Borussia Dortmund--Villarreal--284769,Borussia Dortmund--Villarreal--2026-09-09,villarreal-cf,284769,MID,projected_starter,0.4166666666666667,2026-09-07T12:46:00Z,https://www.uefa.com/uefachampionsleague/news/02a9-2188cf675017-df8325ec95c3-1000--champions-league-predicted-line-ups-matchday-1-team-news-/,2026-09-07T12:46:00Z,2026-09-08 04:29:26.653233+00:00,2026-09-08 04:29:26.653233+00:00,2026-09-08T19:00:00Z,"prior-eight-roster-row mean; scenario estimate, not source observation"
Borussia Dortmund--Villarreal--156172,Borussia Dortmund--Villarreal--2026-09-09,villarreal-cf,156172,ATT,projected_starter,0.5972222222222222,2026-09-07T12:46:00Z,https://www.uefa.com/uefachampionsleague/news/02a9-2188cf675017-df8325ec95c3-1000--champions-league-predicted-line-ups-matchday-1-team-news-/,2026-09-07T12:46:00Z,2026-09-08 04:29:26.653233+00:00,2026-09-08 04:29:26.653233+00:00,2026-09-08T19:00:00Z,"prior-eight-roster-row mean; scenario estimate, not source observation"
Borussia Dortmund--Villarreal--300002,Borussia Dortmund--Villarreal--2026-09-09,villarreal-cf,300002,ATT,projected_starter,0.6361111111111111,2026-09-07T12:46:00Z,https://www.uefa.com/uefachampionsleague/news/02a9-2188cf675017-df8325ec95c3-1000--champions-league-predicted-line-ups-matchday-1-team-news-/,2026-09-07T12:46:00Z,2026-09-08 04:29:26.653233+00:00,2026-09-08 04:29:26.653233+00:00,2026-09-08T19:00:00Z,"prior-eight-roster-row mean; scenario estimate, not source observation"
Porto--Manchester City--238903,Porto--Manchester City--2026-09-09,fc-porto,238903,GK,projected_starter,0.85,2026-09-07T12:46:00Z,https://www.uefa.com/uefachampionsleague/news/02a9-2188cf675017-df8325ec95c3-1000--champions-league-predicted-line-ups-matchday-1-team-news-/,2026-09-07T12:46:00Z,2026-09-08 04:29:26.653233+00:00,2026-09-08 04:29:26.653233+00:00,2026-09-08T19:00:00Z,"prior-eight-roster-row mean; scenario estimate, not source observation"
Porto--Manchester City--346111,Porto--Manchester City--2026-09-09,fc-porto,346111,DEF,projected_starter,0.8638888888888889,2026-09-07T12:46:00Z,https://www.uefa.com/uefachampionsleague/news/02a9-2188cf675017-df8325ec95c3-1000--champions-league-predicted-line-ups-matchday-1-team-news-/,2026-09-07T12:46:00Z,2026-09-08 04:29:26.653233+00:00,2026-09-08 04:29:26.653233+00:00,2026-09-08T19:00:00Z,"prior-eight-roster-row mean; scenario estimate, not source observation"
Porto--Manchester City--304965,Porto--Manchester City--2026-09-09,fc-porto,304965,DEF,projected_starter,0.8125,2026-09-07T12:46:00Z,https://www.uefa.com/uefachampionsleague/news/02a9-2188cf675017-df8325ec95c3-1000--champions-league-predicted-line-ups-matchday-1-team-news-/,2026-09-07T12:46:00Z,2026-09-08 04:29:26.653233+00:00,2026-09-08 04:29:26.653233+00:00,2026-09-08T19:00:00Z,"prior-eight-roster-row mean; scenario estimate, not source observation"
Porto--Manchester City--268437,Porto--Manchester City--2026-09-09,fc-porto,268437,DEF,projected_starter,0.26296296296296295,2026-09-07T12:46:00Z,https://www.uefa.com/uefachampionsleague/news/02a9-2188cf675017-df8325ec95c3-1000--champions-league-predicted-line-ups-matchday-1-team-news-/,2026-09-07T12:46:00Z,2026-09-08 04:29:26.653233+00:00,2026-09-08 04:29:26.653233+00:00,2026-09-08T19:00:00Z,"prior-eight-roster-row mean; scenario estimate, not source observation"
Porto--Manchester City--274289,Porto--Manchester City--2026-09-09,fc-porto,274289,DEF,projected_starter,0.3263888888888889,2026-09-07T12:46:00Z,https://www.uefa.com/uefachampionsleague/news/02a9-2188cf675017-df8325ec95c3-1000--champions-league-predicted-line-ups-matchday-1-team-news-/,2026-09-07T12:46:00Z,2026-09-08 04:29:26.653233+00:00,2026-09-08 04:29:26.653233+00:00,2026-09-08T19:00:00Z,"prior-eight-roster-row mean; scenario estimate, not source observation"
Porto--Manchester City--280061,Porto--Manchester City--2026-09-09,fc-porto,280061,ATT,projected_starter,0.35138888888888886,2026-09-07T12:46:00Z,https://www.uefa.com/uefachampionsleague/news/02a9-2188cf675017-df8325ec95c3-1000--champions-league-predicted-line-ups-matchday-1-team-news-/,2026-09-07T12:46:00Z,2026-09-08 04:29:26.653233+00:00,2026-09-08 04:29:26.653233+00:00,2026-09-08T19:00:00Z,"prior-eight-roster-row mean; scenario estimate, not source observation"
Porto--Manchester City--223776,Porto--Manchester City--2026-09-09,fc-porto,223776,MID,projected_starter,0.6694444444444444,2026-09-07T12:46:00Z,https://www.uefa.com/uefachampionsleague/news/02a9-2188cf675017-df8325ec95c3-1000--champions-league-predicted-line-ups-matchday-1-team-news-/,2026-09-07T12:46:00Z,2026-09-08 04:29:26.653233+00:00,2026-09-08 04:29:26.653233+00:00,2026-09-08T19:00:00Z,"prior-eight-roster-row mean; scenario estimate, not source observation"
Porto--Manchester City--307381,Porto--Manchester City--2026-09-09,fc-porto,307381,MID,projected_starter,0.6833333333333333,2026-09-07T12:46:00Z,https://www.uefa.com/uefachampionsleague/news/02a9-2188cf675017-df8325ec95c3-1000--champions-league-predicted-line-ups-matchday-1-team-news-/,2026-09-07T12:46:00Z,2026-09-08 04:29:26.653233+00:00,2026-09-08 04:29:26.653233+00:00,2026-09-08T19:00:00Z,"prior-eight-roster-row mean; scenario estimate, not source observation"
Porto--Manchester City--376664,Porto--Manchester City--2026-09-09,fc-porto,376664,MID,projected_starter,0.6333333333333333,2026-09-07T12:46:00Z,https://www.uefa.com/uefachampionsleague/news/02a9-2188cf675017-df8325ec95c3-1000--champions-league-predicted-line-ups-matchday-1-team-news-/,2026-09-07T12:46:00Z,2026-09-08 04:29:26.653233+00:00,2026-09-08 04:29:26.653233+00:00,2026-09-08T19:00:00Z,"prior-eight-roster-row mean; scenario estimate, not source observation"
Porto--Manchester City--260775,Porto--Manchester City--2026-09-09,fc-porto,260775,ATT,projected_starter,0.5569444444444445,2026-09-07T12:46:00Z,https://www.uefa.com/uefachampionsleague/news/02a9-2188cf675017-df8325ec95c3-1000--champions-league-predicted-line-ups-matchday-1-team-news-/,2026-09-07T12:46:00Z,2026-09-08 04:29:26.653233+00:00,2026-09-08 04:29:26.653233+00:00,2026-09-08T19:00:00Z,"prior-eight-roster-row mean; scenario estimate, not source observation"
Porto--Manchester City--256909,Porto--Manchester City--2026-09-09,fc-porto,256909,MID,projected_starter,0.7958333333333333,2026-09-07T12:46:00Z,https://www.uefa.com/uefachampionsleague/news/02a9-2188cf675017-df8325ec95c3-1000--champions-league-predicted-line-ups-matchday-1-team-news-/,2026-09-07T12:46:00Z,2026-09-08 04:29:26.653233+00:00,2026-09-08 04:29:26.653233+00:00,2026-09-08T19:00:00Z,"prior-eight-roster-row mean; scenario estimate, not source observation"
Porto--Manchester City--217092,Porto--Manchester City--2026-09-09,manchester-city-fc,217092,GK,projected_starter,1.0,2026-09-07T12:46:00Z,https://www.uefa.com/uefachampionsleague/news/02a9-2188cf675017-df8325ec95c3-1000--champions-league-predicted-line-ups-matchday-1-team-news-/,2026-09-07T12:46:00Z,2026-09-08 04:29:26.653233+00:00,2026-09-08 04:29:26.653233+00:00,2026-09-08T19:00:00Z,"prior-eight-roster-row mean; scenario estimate, not source observation"
Porto--Manchester City--362211,Porto--Manchester City--2026-09-09,manchester-city-fc,362211,DEF,projected_starter,0.9986111111111111,2026-09-07T12:46:00Z,https://www.uefa.com/uefachampionsleague/news/02a9-2188cf675017-df8325ec95c3-1000--champions-league-predicted-line-ups-matchday-1-team-news-/,2026-09-07T12:46:00Z,2026-09-08 04:29:26.653233+00:00,2026-09-08 04:29:26.653233+00:00,2026-09-08T19:00:00Z,"prior-eight-roster-row mean; scenario estimate, not source observation"
Porto--Manchester City--234878,Porto--Manchester City--2026-09-09,manchester-city-fc,234878,DEF,projected_starter,0.5625,2026-09-07T12:46:00Z,https://www.uefa.com/uefachampionsleague/news/02a9-2188cf675017-df8325ec95c3-1000--champions-league-predicted-line-ups-matchday-1-team-news-/,2026-09-07T12:46:00Z,2026-09-08 04:29:26.653233+00:00,2026-09-08 04:29:26.653233+00:00,2026-09-08T19:00:00Z,"prior-eight-roster-row mean; scenario estimate, not source observation"
Porto--Manchester City--265907,Porto--Manchester City--2026-09-09,manchester-city-fc,265907,DEF,projected_starter,1.0,2026-09-07T12:46:00Z,https://www.uefa.com/uefachampionsleague/news/02a9-2188cf675017-df8325ec95c3-1000--champions-league-predicted-line-ups-matchday-1-team-news-/,2026-09-07T12:46:00Z,2026-09-08 04:29:26.653233+00:00,2026-09-08 04:29:26.653233+00:00,2026-09-08T19:00:00Z,"prior-eight-roster-row mean; scenario estimate, not source observation"
Porto--Manchester City--299910,Porto--Manchester City--2026-09-09,manchester-city-fc,299910,DEF,projected_starter,0.5680555555555555,2026-09-07T12:46:00Z,https://www.uefa.com/uefachampionsleague/news/02a9-2188cf675017-df8325ec95c3-1000--champions-league-predicted-line-ups-matchday-1-team-news-/,2026-09-07T12:46:00Z,2026-09-08 04:29:26.653233+00:00,2026-09-08 04:29:26.653233+00:00,2026-09-08T19:00:00Z,"prior-eight-roster-row mean; scenario estimate, not source observation"
Porto--Manchester City--238472,Porto--Manchester City--2026-09-09,manchester-city-fc,238472,MID,projected_starter,0.9333333333333333,2026-09-07T12:46:00Z,https://www.uefa.com/uefachampionsleague/news/02a9-2188cf675017-df8325ec95c3-1000--champions-league-predicted-line-ups-matchday-1-team-news-/,2026-09-07T12:46:00Z,2026-09-08 04:29:26.653233+00:00,2026-09-08 04:29:26.653233+00:00,2026-09-08T19:00:00Z,"prior-eight-roster-row mean; scenario estimate, not source observation"
Porto--Manchester City--285450,Porto--Manchester City--2026-09-09,manchester-city-fc,285450,MID,projected_starter,0.9180555555555555,2026-09-07T12:46:00Z,https://www.uefa.com/uefachampionsleague/news/02a9-2188cf675017-df8325ec95c3-1000--champions-league-predicted-line-ups-matchday-1-team-news-/,2026-09-07T12:46:00Z,2026-09-08 04:29:26.653233+00:00,2026-09-08 04:29:26.653233+00:00,2026-09-08T19:00:00Z,"prior-eight-roster-row mean; scenario estimate, not source observation"
Porto--Manchester City--273292,Porto--Manchester City--2026-09-09,manchester-city-fc,273292,ATT,projected_starter,0.8861111111111111,2026-09-07T12:46:00Z,https://www.uefa.com/uefachampionsleague/news/02a9-2188cf675017-df8325ec95c3-1000--champions-league-predicted-line-ups-matchday-1-team-news-/,2026-09-07T12:46:00Z,2026-09-08 04:29:26.653233+00:00,2026-09-08 04:29:26.653233+00:00,2026-09-08T19:00:00Z,"prior-eight-roster-row mean; scenario estimate, not source observation"
Porto--Manchester City--298008,Porto--Manchester City--2026-09-09,manchester-city-fc,298008,ATT,projected_starter,0.5583333333333333,2026-09-07T12:46:00Z,https://www.uefa.com/uefachampionsleague/news/02a9-2188cf675017-df8325ec95c3-1000--champions-league-predicted-line-ups-matchday-1-team-news-/,2026-09-07T12:46:00Z,2026-09-08 04:29:26.653233+00:00,2026-09-08 04:29:26.653233+00:00,2026-09-08T19:00:00Z,"prior-eight-roster-row mean; scenario estimate, not source observation"
Porto--Manchester City--268641,Porto--Manchester City--2026-09-09,manchester-city-fc,268641,ATT,projected_starter,0.9916666666666667,2026-09-07T12:46:00Z,https://www.uefa.com/uefachampionsleague/news/02a9-2188cf675017-df8325ec95c3-1000--champions-league-predicted-line-ups-matchday-1-team-news-/,2026-09-07T12:46:00Z,2026-09-08 04:29:26.653233+00:00,2026-09-08 04:29:26.653233+00:00,2026-09-08T19:00:00Z,"prior-eight-roster-row mean; scenario estimate, not source observation"
Porto--Manchester City--253989,Porto--Manchester City--2026-09-09,manchester-city-fc,253989,ATT,projected_starter,0.875,2026-09-07T12:46:00Z,https://www.uefa.com/uefachampionsleague/news/02a9-2188cf675017-df8325ec95c3-1000--champions-league-predicted-line-ups-matchday-1-team-news-/,2026-09-07T12:46:00Z,2026-09-08 04:29:26.653233+00:00,2026-09-08 04:29:26.653233+00:00,2026-09-08T19:00:00Z,"prior-eight-roster-row mean; scenario estimate, not source observation"
Lille--Real Betis--257267,Lille--Real Betis--2026-09-09,lille-osc,257267,GK,projected_starter,1.0,2026-09-07T12:46:00Z,https://www.uefa.com/uefachampionsleague/news/02a9-2188cf675017-df8325ec95c3-1000--champions-league-predicted-line-ups-matchday-1-team-news-/,2026-09-07T12:46:00Z,2026-09-08 04:29:26.653233+00:00,2026-09-08 04:29:26.653233+00:00,2026-09-08T19:00:00Z,"prior-eight-roster-row mean; scenario estimate, not source observation"
Lille--Real Betis--346844,Lille--Real Betis--2026-09-09,lille-osc,346844,DEF,projected_starter,0.39305555555555555,2026-09-07T12:46:00Z,https://www.uefa.com/uefachampionsleague/news/02a9-2188cf675017-df8325ec95c3-1000--champions-league-predicted-line-ups-matchday-1-team-news-/,2026-09-07T12:46:00Z,2026-09-08 04:29:26.653233+00:00,2026-09-08 04:29:26.653233+00:00,2026-09-08T19:00:00Z,"prior-eight-roster-row mean; scenario estimate, not source observation"
Lille--Real Betis--318577,Lille--Real Betis--2026-09-09,lille-osc,318577,DEF,projected_starter,1.0,2026-09-07T12:46:00Z,https://www.uefa.com/uefachampionsleague/news/02a9-2188cf675017-df8325ec95c3-1000--champions-league-predicted-line-ups-matchday-1-team-news-/,2026-09-07T12:46:00Z,2026-09-08 04:29:26.653233+00:00,2026-09-08 04:29:26.653233+00:00,2026-09-08T19:00:00Z,"prior-eight-roster-row mean; scenario estimate, not source observation"
Lille--Real Betis--340900,Lille--Real Betis--2026-09-09,lille-osc,340900,DEF,projected_starter,0.375,2026-09-07T12:46:00Z,https://www.uefa.com/uefachampionsleague/news/02a9-2188cf675017-df8325ec95c3-1000--champions-league-predicted-line-ups-matchday-1-team-news-/,2026-09-07T12:46:00Z,2026-09-08 04:29:26.653233+00:00,2026-09-08 04:29:26.653233+00:00,2026-09-08T19:00:00Z,"prior-eight-roster-row mean; scenario estimate, not source observation"
Lille--Real Betis--250853,Lille--Real Betis--2026-09-09,lille-osc,250853,DEF,projected_starter,0.8333333333333334,2026-09-07T12:46:00Z,https://www.uefa.com/uefachampionsleague/news/02a9-2188cf675017-df8325ec95c3-1000--champions-league-predicted-line-ups-matchday-1-team-news-/,2026-09-07T12:46:00Z,2026-09-08 04:29:26.653233+00:00,2026-09-08 04:29:26.653233+00:00,2026-09-08T19:00:00Z,"prior-eight-roster-row mean; scenario estimate, not source observation"
Lille--Real Betis--123683,Lille--Real Betis--2026-09-09,lille-osc,123683,MID,projected_starter,0.9402777777777778,2026-09-07T12:46:00Z,https://www.uefa.com/uefachampionsleague/news/02a9-2188cf675017-df8325ec95c3-1000--champions-league-predicted-line-ups-matchday-1-team-news-/,2026-09-07T12:46:00Z,2026-09-08 04:29:26.653233+00:00,2026-09-08 04:29:26.653233+00:00,2026-09-08T19:00:00Z,"prior-eight-roster-row mean; scenario estimate, not source observation"
Lille--Real Betis--179187,Lille--Real Betis--2026-09-09,lille-osc,179187,MID,projected_starter,0.8486111111111111,2026-09-07T12:46:00Z,https://www.uefa.com/uefachampionsleague/news/02a9-2188cf675017-df8325ec95c3-1000--champions-league-predicted-line-ups-matchday-1-team-news-/,2026-09-07T12:46:00Z,2026-09-08 04:29:26.653233+00:00,2026-09-08 04:29:26.653233+00:00,2026-09-08T19:00:00Z,"prior-eight-roster-row mean; scenario estimate, not source observation"
Lille--Real Betis--355971,Lille--Real Betis--2026-09-09,lille-osc,355971,ATT,projected_starter,0.4597222222222222,2026-09-07T12:46:00Z,https://www.uefa.com/uefachampionsleague/news/02a9-2188cf675017-df8325ec95c3-1000--champions-league-predicted-line-ups-matchday-1-team-news-/,2026-09-07T12:46:00Z,2026-09-08 04:29:26.653233+00:00,2026-09-08 04:29:26.653233+00:00,2026-09-08T19:00:00Z,"prior-eight-roster-row mean; scenario estimate, not source observation"
Lille--Real Betis--318779,Lille--Real Betis--2026-09-09,lille-osc,318779,ATT,projected_starter,0.9375,2026-09-07T12:46:00Z,https://www.uefa.com/uefachampionsleague/news/02a9-2188cf675017-df8325ec95c3-1000--champions-league-predicted-line-ups-matchday-1-team-news-/,2026-09-07T12:46:00Z,2026-09-08 04:29:26.653233+00:00,2026-09-08 04:29:26.653233+00:00,2026-09-08T19:00:00Z,"prior-eight-roster-row mean; scenario estimate, not source observation"
Lille--Real Betis--283626,Lille--Real Betis--2026-09-09,lille-osc,283626,ATT,projected_starter,0.15555555555555556,2026-09-07T12:46:00Z,https://www.uefa.com/uefachampionsleague/news/02a9-2188cf675017-df8325ec95c3-1000--champions-league-predicted-line-ups-matchday-1-team-news-/,2026-09-07T12:46:00Z,2026-09-08 04:29:26.653233+00:00,2026-09-08 04:29:26.653233+00:00,2026-09-08T19:00:00Z,"prior-eight-roster-row mean; scenario estimate, not source observation"
Lille--Real Betis--88965,Lille--Real Betis--2026-09-09,lille-osc,88965,ATT,projected_starter,0.43333333333333335,2026-09-07T12:46:00Z,https://www.uefa.com/uefachampionsleague/news/02a9-2188cf675017-df8325ec95c3-1000--champions-league-predicted-line-ups-matchday-1-team-news-/,2026-09-07T12:46:00Z,2026-09-08 04:29:26.653233+00:00,2026-09-08 04:29:26.653233+00:00,2026-09-08T19:00:00Z,"prior-eight-roster-row mean; scenario estimate, not source observation"
Lille--Real Betis--283892,Lille--Real Betis--2026-09-09,Real Betis,283892,GK,projected_starter,0.875,2026-09-07T12:46:00Z,https://www.uefa.com/uefachampionsleague/news/02a9-2188cf675017-df8325ec95c3-1000--champions-league-predicted-line-ups-matchday-1-team-news-/,2026-09-07T12:46:00Z,2026-09-08 04:29:26.653233+00:00,2026-09-08 04:29:26.653233+00:00,2026-09-08T19:00:00Z,"prior-eight-roster-row mean; scenario estimate, not source observation"
Lille--Real Betis--178978,Lille--Real Betis--2026-09-09,Real Betis,178978,DEF,projected_starter,0.8055555555555556,2026-09-07T12:46:00Z,https://www.uefa.com/uefachampionsleague/news/02a9-2188cf675017-df8325ec95c3-1000--champions-league-predicted-line-ups-matchday-1-team-news-/,2026-09-07T12:46:00Z,2026-09-08 04:29:26.653233+00:00,2026-09-08 04:29:26.653233+00:00,2026-09-08T19:00:00Z,"prior-eight-roster-row mean; scenario estimate, not source observation"
Lille--Real Betis--145078,Lille--Real Betis--2026-09-09,Real Betis,145078,DEF,projected_starter,0.6152777777777778,2026-09-07T12:46:00Z,https://www.uefa.com/uefachampionsleague/news/02a9-2188cf675017-df8325ec95c3-1000--champions-league-predicted-line-ups-matchday-1-team-news-/,2026-09-07T12:46:00Z,2026-09-08 04:29:26.653233+00:00,2026-09-08 04:29:26.653233+00:00,2026-09-08T19:00:00Z,"prior-eight-roster-row mean; scenario estimate, not source observation"
Lille--Real Betis--301526,Lille--Real Betis--2026-09-09,Real Betis,301526,DEF,projected_starter,0.6430555555555556,2026-09-07T12:46:00Z,https://www.uefa.com/uefachampionsleague/news/02a9-2188cf675017-df8325ec95c3-1000--champions-league-predicted-line-ups-matchday-1-team-news-/,2026-09-07T12:46:00Z,2026-09-08 04:29:26.653233+00:00,2026-09-08 04:29:26.653233+00:00,2026-09-08T19:00:00Z,"prior-eight-roster-row mean; scenario estimate, not source observation"
Lille--Real Betis--213050,Lille--Real Betis--2026-09-09,Real Betis,213050,DEF,projected_starter,0.6680555555555555,2026-09-07T12:46:00Z,https://www.uefa.com/uefachampionsleague/news/02a9-2188cf675017-df8325ec95c3-1000--champions-league-predicted-line-ups-matchday-1-team-news-/,2026-09-07T12:46:00Z,2026-09-08 04:29:26.653233+00:00,2026-09-08 04:29:26.653233+00:00,2026-09-08T19:00:00Z,"prior-eight-roster-row mean; scenario estimate, not source observation"
Lille--Real Betis--242008,Lille--Real Betis--2026-09-09,Real Betis,242008,MID,projected_starter,0.6069444444444444,2026-09-07T12:46:00Z,https://www.uefa.com/uefachampionsleague/news/02a9-2188cf675017-df8325ec95c3-1000--champions-league-predicted-line-ups-matchday-1-team-news-/,2026-09-07T12:46:00Z,2026-09-08 04:29:26.653233+00:00,2026-09-08 04:29:26.653233+00:00,2026-09-08T19:00:00Z,"prior-eight-roster-row mean; scenario estimate, not source observation"
Lille--Real Betis--359912,Lille--Real Betis--2026-09-09,Real Betis,359912,MID,projected_starter,0.8055555555555556,2026-09-07T12:46:00Z,https://www.uefa.com/uefachampionsleague/news/02a9-2188cf675017-df8325ec95c3-1000--champions-league-predicted-line-ups-matchday-1-team-news-/,2026-09-07T12:46:00Z,2026-09-08 04:29:26.653233+00:00,2026-09-08 04:29:26.653233+00:00,2026-09-08T19:00:00Z,"prior-eight-roster-row mean; scenario estimate, not source observation"
Lille--Real Betis--281558,Lille--Real Betis--2026-09-09,Real Betis,281558,ATT,projected_starter,0.9319444444444445,2026-09-07T12:46:00Z,https://www.uefa.com/uefachampionsleague/news/02a9-2188cf675017-df8325ec95c3-1000--champions-league-predicted-line-ups-matchday-1-team-news-/,2026-09-07T12:46:00Z,2026-09-08 04:29:26.653233+00:00,2026-09-08 04:29:26.653233+00:00,2026-09-08T19:00:00Z,"prior-eight-roster-row mean; scenario estimate, not source observation"
Lille--Real Betis--143564,Lille--Real Betis--2026-09-09,Real Betis,143564,ATT,projected_starter,0.45416666666666666,2026-09-07T12:46:00Z,https://www.uefa.com/uefachampionsleague/news/02a9-2188cf675017-df8325ec95c3-1000--champions-league-predicted-line-ups-matchday-1-team-news-/,2026-09-07T12:46:00Z,2026-09-08 04:29:26.653233+00:00,2026-09-08 04:29:26.653233+00:00,2026-09-08T19:00:00Z,"prior-eight-roster-row mean; scenario estimate, not source observation"
Lille--Real Betis--227714,Lille--Real Betis--2026-09-09,Real Betis,227714,ATT,projected_starter,0.7277777777777777,2026-09-07T12:46:00Z,https://www.uefa.com/uefachampionsleague/news/02a9-2188cf675017-df8325ec95c3-1000--champions-league-predicted-line-ups-matchday-1-team-news-/,2026-09-07T12:46:00Z,2026-09-08 04:29:26.653233+00:00,2026-09-08 04:29:26.653233+00:00,2026-09-08T19:00:00Z,"prior-eight-roster-row mean; scenario estimate, not source observation"
Lille--Real Betis--279790,Lille--Real Betis--2026-09-09,Real Betis,279790,ATT,projected_starter,0.5222222222222223,2026-09-07T12:46:00Z,https://www.uefa.com/uefachampionsleague/news/02a9-2188cf675017-df8325ec95c3-1000--champions-league-predicted-line-ups-matchday-1-team-news-/,2026-09-07T12:46:00Z,2026-09-08 04:29:26.653233+00:00,2026-09-08 04:29:26.653233+00:00,2026-09-08T19:00:00Z,"prior-eight-roster-row mean; scenario estimate, not source observation"
Real Madrid--Inter--134283,Real Madrid--Inter--2026-09-09,real-madrid-cf,134283,GK,projected_starter,1.0,2026-09-07T12:46:00Z,https://www.uefa.com/uefachampionsleague/news/02a9-2188cf675017-df8325ec95c3-1000--champions-league-predicted-line-ups-matchday-1-team-news-/,2026-09-07T12:46:00Z,2026-09-08 04:29:26.653233+00:00,2026-09-08 04:29:26.653233+00:00,2026-09-08T19:00:00Z,"prior-eight-roster-row mean; scenario estimate, not source observation"
Real Madrid--Inter--251634,Real Madrid--Inter--2026-09-09,real-madrid-cf,251634,DEF,projected_starter,0.8513888888888889,2026-09-07T12:46:00Z,https://www.uefa.com/uefachampionsleague/news/02a9-2188cf675017-df8325ec95c3-1000--champions-league-predicted-line-ups-matchday-1-team-news-/,2026-09-07T12:46:00Z,2026-09-08 04:29:26.653233+00:00,2026-09-08 04:29:26.653233+00:00,2026-09-08T19:00:00Z,"prior-eight-roster-row mean; scenario estimate, not source observation"
Real Madrid--Inter--169438,Real Madrid--Inter--2026-09-09,real-madrid-cf,169438,DEF,projected_starter,0.375,2026-09-07T12:46:00Z,https://www.uefa.com/uefachampionsleague/news/02a9-2188cf675017-df8325ec95c3-1000--champions-league-predicted-line-ups-matchday-1-team-news-/,2026-09-07T12:46:00Z,2026-09-08 04:29:26.653233+00:00,2026-09-08 04:29:26.653233+00:00,2026-09-08T19:00:00Z,"prior-eight-roster-row mean; scenario estimate, not source observation"
Real Madrid--Inter--356000,Real Madrid--Inter--2026-09-09,real-madrid-cf,356000,DEF,projected_starter,0.7777777777777778,2026-09-07T12:46:00Z,https://www.uefa.com/uefachampionsleague/news/02a9-2188cf675017-df8325ec95c3-1000--champions-league-predicted-line-ups-matchday-1-team-news-/,2026-09-07T12:46:00Z,2026-09-08 04:29:26.653233+00:00,2026-09-08 04:29:26.653233+00:00,2026-09-08T19:00:00Z,"prior-eight-roster-row mean; scenario estimate, not source observation"
Real Madrid--Inter--213248,Real Madrid--Inter--2026-09-09,real-madrid-cf,213248,DEF,projected_starter,0.5013888888888889,2026-09-07T12:46:00Z,https://www.uefa.com/uefachampionsleague/news/02a9-2188cf675017-df8325ec95c3-1000--champions-league-predicted-line-ups-matchday-1-team-news-/,2026-09-07T12:46:00Z,2026-09-08 04:29:26.653233+00:00,2026-09-08 04:29:26.653233+00:00,2026-09-08T19:00:00Z,"prior-eight-roster-row mean; scenario estimate, not source observation"
Real Madrid--Inter--235818,Real Madrid--Inter--2026-09-09,real-madrid-cf,235818,MID,projected_starter,0.9708333333333333,2026-09-07T12:46:00Z,https://www.uefa.com/uefachampionsleague/news/02a9-2188cf675017-df8325ec95c3-1000--champions-league-predicted-line-ups-matchday-1-team-news-/,2026-09-07T12:46:00Z,2026-09-08 04:29:26.653233+00:00,2026-09-08 04:29:26.653233+00:00,2026-09-08T19:00:00Z,"prior-eight-roster-row mean; scenario estimate, not source observation"
Real Madrid--Inter--291281,Real Madrid--Inter--2026-09-09,real-madrid-cf,291281,ATT,projected_starter,0.85,2026-09-07T12:46:00Z,https://www.uefa.com/uefachampionsleague/news/02a9-2188cf675017-df8325ec95c3-1000--champions-league-predicted-line-ups-matchday-1-team-news-/,2026-09-07T12:46:00Z,2026-09-08 04:29:26.653233+00:00,2026-09-08 04:29:26.653233+00:00,2026-09-08T19:00:00Z,"prior-eight-roster-row mean; scenario estimate, not source observation"
Real Madrid--Inter--246532,Real Madrid--Inter--2026-09-09,real-madrid-cf,246532,ATT,projected_starter,0.4527777777777778,2026-09-07T12:46:00Z,https://www.uefa.com/uefachampionsleague/news/02a9-2188cf675017-df8325ec95c3-1000--champions-league-predicted-line-ups-matchday-1-team-news-/,2026-09-07T12:46:00Z,2026-09-08 04:29:26.653233+00:00,2026-09-08 04:29:26.653233+00:00,2026-09-08T19:00:00Z,"prior-eight-roster-row mean; scenario estimate, not source observation"
Real Madrid--Inter--259910,Real Madrid--Inter--2026-09-09,real-madrid-cf,259910,DEF,projected_starter,0.8194444444444444,2026-09-07T12:46:00Z,https://www.uefa.com/uefachampionsleague/news/02a9-2188cf675017-df8325ec95c3-1000--champions-league-predicted-line-ups-matchday-1-team-news-/,2026-09-07T12:46:00Z,2026-09-08 04:29:26.653233+00:00,2026-09-08 04:29:26.653233+00:00,2026-09-08T19:00:00Z,"prior-eight-roster-row mean; scenario estimate, not source observation"
Real Madrid--Inter--252107,Real Madrid--Inter--2026-09-09,real-madrid-cf,252107,ATT,projected_starter,0.9652777777777778,2026-09-07T12:46:00Z,https://www.uefa.com/uefachampionsleague/news/02a9-2188cf675017-df8325ec95c3-1000--champions-league-predicted-line-ups-matchday-1-team-news-/,2026-09-07T12:46:00Z,2026-09-08 04:29:26.653233+00:00,2026-09-08 04:29:26.653233+00:00,2026-09-08T19:00:00Z,"prior-eight-roster-row mean; scenario estimate, not source observation"
Real Madrid--Inter--231388,Real Madrid--Inter--2026-09-09,real-madrid-cf,231388,ATT,projected_starter,0.8916666666666667,2026-09-07T12:46:00Z,https://www.uefa.com/uefachampionsleague/news/02a9-2188cf675017-df8325ec95c3-1000--champions-league-predicted-line-ups-matchday-1-team-news-/,2026-09-07T12:46:00Z,2026-09-08 04:29:26.653233+00:00,2026-09-08 04:29:26.653233+00:00,2026-09-08T19:00:00Z,"prior-eight-roster-row mean; scenario estimate, not source observation"
Real Madrid--Inter--240533,Real Madrid--Inter--2026-09-09,fc-internazionale-milano,240533,GK,projected_starter,0.625,2026-09-07T12:46:00Z,https://www.uefa.com/uefachampionsleague/news/02a9-2188cf675017-df8325ec95c3-1000--champions-league-predicted-line-ups-matchday-1-team-news-/,2026-09-07T12:46:00Z,2026-09-08 04:29:26.653233+00:00,2026-09-08 04:29:26.653233+00:00,2026-09-08T19:00:00Z,"prior-eight-roster-row mean; scenario estimate, not source observation"
Real Madrid--Inter--266660,Real Madrid--Inter--2026-09-09,fc-internazionale-milano,266660,DEF,projected_starter,0.7583333333333333,2026-09-07T12:46:00Z,https://www.uefa.com/uefachampionsleague/news/02a9-2188cf675017-df8325ec95c3-1000--champions-league-predicted-line-ups-matchday-1-team-news-/,2026-09-07T12:46:00Z,2026-09-08 04:29:26.653233+00:00,2026-09-08 04:29:26.653233+00:00,2026-09-08T19:00:00Z,"prior-eight-roster-row mean; scenario estimate, not source observation"
Real Madrid--Inter--214562,Real Madrid--Inter--2026-09-09,fc-internazionale-milano,214562,DEF,projected_starter,0.6986111111111111,2026-09-07T12:46:00Z,https://www.uefa.com/uefachampionsleague/news/02a9-2188cf675017-df8325ec95c3-1000--champions-league-predicted-line-ups-matchday-1-team-news-/,2026-09-07T12:46:00Z,2026-09-08 04:29:26.653233+00:00,2026-09-08 04:29:26.653233+00:00,2026-09-08T19:00:00Z,"prior-eight-roster-row mean; scenario estimate, not source observation"
Real Madrid--Inter--249280,Real Madrid--Inter--2026-09-09,fc-internazionale-milano,249280,DEF,projected_starter,0.5402777777777777,2026-09-07T12:46:00Z,https://www.uefa.com/uefachampionsleague/news/02a9-2188cf675017-df8325ec95c3-1000--champions-league-predicted-line-ups-matchday-1-team-news-/,2026-09-07T12:46:00Z,2026-09-08 04:29:26.653233+00:00,2026-09-08 04:29:26.653233+00:00,2026-09-08T19:00:00Z,"prior-eight-roster-row mean; scenario estimate, not source observation"
Real Madrid--Inter--319167,Real Madrid--Inter--2026-09-09,fc-internazionale-milano,319167,MID,projected_starter,0.5805555555555556,2026-09-07T12:46:00Z,https://www.uefa.com/uefachampionsleague/news/02a9-2188cf675017-df8325ec95c3-1000--champions-league-predicted-line-ups-matchday-1-team-news-/,2026-09-07T12:46:00Z,2026-09-08 04:29:26.653233+00:00,2026-09-08 04:29:26.653233+00:00,2026-09-08T19:00:00Z,"prior-eight-roster-row mean; scenario estimate, not source observation"
Real Madrid--Inter--170785,Real Madrid--Inter--2026-09-09,fc-internazionale-milano,170785,ATT,projected_starter,0.43333333333333335,2026-09-07T12:46:00Z,https://www.uefa.com/uefachampionsleague/news/02a9-2188cf675017-df8325ec95c3-1000--champions-league-predicted-line-ups-matchday-1-team-news-/,2026-09-07T12:46:00Z,2026-09-08 04:29:26.653233+00:00,2026-09-08 04:29:26.653233+00:00,2026-09-08T19:00:00Z,"prior-eight-roster-row mean; scenario estimate, not source observation"
Real Madrid--Inter--204441,Real Madrid--Inter--2026-09-09,fc-internazionale-milano,204441,MID,projected_starter,0.7611111111111111,2026-09-07T12:46:00Z,https://www.uefa.com/uefachampionsleague/news/02a9-2188cf675017-df8325ec95c3-1000--champions-league-predicted-line-ups-matchday-1-team-news-/,2026-09-07T12:46:00Z,2026-09-08 04:29:26.653233+00:00,2026-09-08 04:29:26.653233+00:00,2026-09-08T19:00:00Z,"prior-eight-roster-row mean; scenario estimate, not source observation"
Real Madrid--Inter--177782,Real Madrid--Inter--2026-09-09,fc-internazionale-milano,177782,ATT,projected_starter,0.6305555555555555,2026-09-07T12:46:00Z,https://www.uefa.com/uefachampionsleague/news/02a9-2188cf675017-df8325ec95c3-1000--champions-league-predicted-line-ups-matchday-1-team-news-/,2026-09-07T12:46:00Z,2026-09-08 04:29:26.653233+00:00,2026-09-08 04:29:26.653233+00:00,2026-09-08T19:00:00Z,"prior-eight-roster-row mean; scenario estimate, not source observation"
Real Madrid--Inter--271769,Real Madrid--Inter--2026-09-09,fc-internazionale-milano,271769,DEF,projected_starter,0.5708333333333333,2026-09-07T12:25:09Z,https://www.gazzetta.it/en/football/teams/inter/news/07-09-2026/dimarco-injury-wing-back-misses-real-madrid-clash.shtml,2026-09-07T12:25:09Z,2026-09-08 04:29:26.653233+00:00,2026-09-08 04:29:26.653233+00:00,2026-09-08T19:00:00Z,"prior-eight-roster-row mean; scenario estimate, not source observation"
Real Madrid--Inter--219713,Real Madrid--Inter--2026-09-09,fc-internazionale-milano,219713,ATT,projected_starter,0.625,2026-09-07T12:46:00Z,https://www.uefa.com/uefachampionsleague/news/02a9-2188cf675017-df8325ec95c3-1000--champions-league-predicted-line-ups-matchday-1-team-news-/,2026-09-07T12:46:00Z,2026-09-08 04:29:26.653233+00:00,2026-09-08 04:29:26.653233+00:00,2026-09-08T19:00:00Z,"prior-eight-roster-row mean; scenario estimate, not source observation"
Real Madrid--Inter--362674,Real Madrid--Inter--2026-09-09,fc-internazionale-milano,362674,ATT,projected_starter,0.6666666666666666,2026-09-07T12:46:00Z,https://www.uefa.com/uefachampionsleague/news/02a9-2188cf675017-df8325ec95c3-1000--champions-league-predicted-line-ups-matchday-1-team-news-/,2026-09-07T12:46:00Z,2026-09-08 04:29:26.653233+00:00,2026-09-08 04:29:26.653233+00:00,2026-09-08T19:00:00Z,"prior-eight-roster-row mean; scenario estimate, not source observation"
Barcelona--Feyenoord--297362,Barcelona--Feyenoord--2026-09-10,fc-barcelona,297362,GK,projected_starter,0.75,2026-09-07T12:46:00Z,https://www.uefa.com/uefachampionsleague/news/02a9-2188cf675017-df8325ec95c3-1000--champions-league-predicted-line-ups-matchday-1-team-news-/,2026-09-07T12:46:00Z,2026-09-08 04:29:26.653233+00:00,2026-09-08 04:29:26.653233+00:00,2026-09-09T16:45:00Z,"prior-eight-roster-row mean; scenario estimate, not source observation"
Barcelona--Feyenoord--231692,Barcelona--Feyenoord--2026-09-10,fc-barcelona,231692,DEF,projected_starter,0.5708333333333333,2026-09-07T12:46:00Z,https://www.uefa.com/uefachampionsleague/news/02a9-2188cf675017-df8325ec95c3-1000--champions-league-predicted-line-ups-matchday-1-team-news-/,2026-09-07T12:46:00Z,2026-09-08 04:29:26.653233+00:00,2026-09-08 04:29:26.653233+00:00,2026-09-09T16:45:00Z,"prior-eight-roster-row mean; scenario estimate, not source observation"
Barcelona--Feyenoord--368992,Barcelona--Feyenoord--2026-09-10,fc-barcelona,368992,DEF,projected_starter,0.5472222222222223,2026-09-07T12:46:00Z,https://www.uefa.com/uefachampionsleague/news/02a9-2188cf675017-df8325ec95c3-1000--champions-league-predicted-line-ups-matchday-1-team-news-/,2026-09-07T12:46:00Z,2026-09-08 04:29:26.653233+00:00,2026-09-08 04:29:26.653233+00:00,2026-09-09T16:45:00Z,"prior-eight-roster-row mean; scenario estimate, not source observation"
Barcelona--Feyenoord--312015,Barcelona--Feyenoord--2026-09-10,fc-barcelona,312015,DEF,projected_starter,0.75,2026-09-07T12:46:00Z,https://www.uefa.com/uefachampionsleague/news/02a9-2188cf675017-df8325ec95c3-1000--champions-league-predicted-line-ups-matchday-1-team-news-/,2026-09-07T12:46:00Z,2026-09-08 04:29:26.653233+00:00,2026-09-08 04:29:26.653233+00:00,2026-09-09T16:45:00Z,"prior-eight-roster-row mean; scenario estimate, not source observation"
Barcelona--Feyenoord--403582,Barcelona--Feyenoord--2026-09-10,fc-barcelona,403582,DEF,projected_starter,0.6013888888888889,2026-09-07T12:46:00Z,https://www.uefa.com/uefachampionsleague/news/02a9-2188cf675017-df8325ec95c3-1000--champions-league-predicted-line-ups-matchday-1-team-news-/,2026-09-07T12:46:00Z,2026-09-08 04:29:26.653233+00:00,2026-09-08 04:29:26.653233+00:00,2026-09-09T16:45:00Z,"prior-eight-roster-row mean; scenario estimate, not source observation"
Barcelona--Feyenoord--231828,Barcelona--Feyenoord--2026-09-10,fc-barcelona,231828,MID,projected_starter,0.7597222222222222,2026-09-07T12:46:00Z,https://www.uefa.com/uefachampionsleague/news/02a9-2188cf675017-df8325ec95c3-1000--champions-league-predicted-line-ups-matchday-1-team-news-/,2026-09-07T12:46:00Z,2026-09-08 04:29:26.653233+00:00,2026-09-08 04:29:26.653233+00:00,2026-09-09T16:45:00Z,"prior-eight-roster-row mean; scenario estimate, not source observation"
Barcelona--Feyenoord--250465,Barcelona--Feyenoord--2026-09-10,fc-barcelona,250465,MID,projected_starter,0.6888888888888889,2026-09-07T12:46:00Z,https://www.uefa.com/uefachampionsleague/news/02a9-2188cf675017-df8325ec95c3-1000--champions-league-predicted-line-ups-matchday-1-team-news-/,2026-09-07T12:46:00Z,2026-09-08 04:29:26.653233+00:00,2026-09-08 04:29:26.653233+00:00,2026-09-09T16:45:00Z,"prior-eight-roster-row mean; scenario estimate, not source observation"
Barcelona--Feyenoord--362150,Barcelona--Feyenoord--2026-09-10,fc-barcelona,362150,MID,projected_starter,0.9027777777777778,2026-09-07T12:46:00Z,https://www.uefa.com/uefachampionsleague/news/02a9-2188cf675017-df8325ec95c3-1000--champions-league-predicted-line-ups-matchday-1-team-news-/,2026-09-07T12:46:00Z,2026-09-08 04:29:26.653233+00:00,2026-09-08 04:29:26.653233+00:00,2026-09-09T16:45:00Z,"prior-eight-roster-row mean; scenario estimate, not source observation"
Barcelona--Feyenoord--354334,Barcelona--Feyenoord--2026-09-10,fc-barcelona,354334,MID,projected_starter,0.8138888888888889,2026-09-07T12:46:00Z,https://www.uefa.com/uefachampionsleague/news/02a9-2188cf675017-df8325ec95c3-1000--champions-league-predicted-line-ups-matchday-1-team-news-/,2026-09-07T12:46:00Z,2026-09-08 04:29:26.653233+00:00,2026-09-08 04:29:26.653233+00:00,2026-09-09T16:45:00Z,"prior-eight-roster-row mean; scenario estimate, not source observation"
Barcelona--Feyenoord--268782,Barcelona--Feyenoord--2026-09-10,fc-barcelona,268782,MID,projected_starter,0.6416666666666667,2026-09-07T12:46:00Z,https://www.uefa.com/uefachampionsleague/news/02a9-2188cf675017-df8325ec95c3-1000--champions-league-predicted-line-ups-matchday-1-team-news-/,2026-09-07T12:46:00Z,2026-09-08 04:29:26.653233+00:00,2026-09-08 04:29:26.653233+00:00,2026-09-09T16:45:00Z,"prior-eight-roster-row mean; scenario estimate, not source observation"
Barcelona--Feyenoord--231050,Barcelona--Feyenoord--2026-09-10,fc-barcelona,231050,ATT,projected_starter,0.6916666666666667,2026-09-07T12:46:00Z,https://www.uefa.com/uefachampionsleague/news/02a9-2188cf675017-df8325ec95c3-1000--champions-league-predicted-line-ups-matchday-1-team-news-/,2026-09-07T12:46:00Z,2026-09-08 04:29:26.653233+00:00,2026-09-08 04:29:26.653233+00:00,2026-09-09T16:45:00Z,"prior-eight-roster-row mean; scenario estimate, not source observation"
Barcelona--Feyenoord--335870,Barcelona--Feyenoord--2026-09-10,feyenoord-rotterdam,335870,GK,projected_starter,1.0,2026-09-07T12:46:00Z,https://www.uefa.com/uefachampionsleague/news/02a9-2188cf675017-df8325ec95c3-1000--champions-league-predicted-line-ups-matchday-1-team-news-/,2026-09-07T12:46:00Z,2026-09-08 04:29:26.653233+00:00,2026-09-08 04:29:26.653233+00:00,2026-09-09T16:45:00Z,"prior-eight-roster-row mean; scenario estimate, not source observation"
Barcelona--Feyenoord--337084,Barcelona--Feyenoord--2026-09-10,feyenoord-rotterdam,337084,DEF,projected_starter,0.7430555555555556,2026-09-07T12:46:00Z,https://www.uefa.com/uefachampionsleague/news/02a9-2188cf675017-df8325ec95c3-1000--champions-league-predicted-line-ups-matchday-1-team-news-/,2026-09-07T12:46:00Z,2026-09-08 04:29:26.653233+00:00,2026-09-08 04:29:26.653233+00:00,2026-09-09T16:45:00Z,"prior-eight-roster-row mean; scenario estimate, not source observation"
Barcelona--Feyenoord--215524,Barcelona--Feyenoord--2026-09-10,feyenoord-rotterdam,215524,DEF,projected_starter,0.5736111111111111,2026-09-07T12:46:00Z,https://www.uefa.com/uefachampionsleague/news/02a9-2188cf675017-df8325ec95c3-1000--champions-league-predicted-line-ups-matchday-1-team-news-/,2026-09-07T12:46:00Z,2026-09-08 04:29:26.653233+00:00,2026-09-08 04:29:26.653233+00:00,2026-09-09T16:45:00Z,"prior-eight-roster-row mean; scenario estimate, not source observation"
Barcelona--Feyenoord--276279,Barcelona--Feyenoord--2026-09-10,feyenoord-rotterdam,276279,DEF,projected_starter,0.9097222222222222,2026-09-07T12:46:00Z,https://www.uefa.com/uefachampionsleague/news/02a9-2188cf675017-df8325ec95c3-1000--champions-league-predicted-line-ups-matchday-1-team-news-/,2026-09-07T12:46:00Z,2026-09-08 04:29:26.653233+00:00,2026-09-08 04:29:26.653233+00:00,2026-09-09T16:45:00Z,"prior-eight-roster-row mean; scenario estimate, not source observation"
Barcelona--Feyenoord--332573,Barcelona--Feyenoord--2026-09-10,feyenoord-rotterdam,332573,DEF,projected_starter,1.0,2026-09-07T12:46:00Z,https://www.uefa.com/uefachampionsleague/news/02a9-2188cf675017-df8325ec95c3-1000--champions-league-predicted-line-ups-matchday-1-team-news-/,2026-09-07T12:46:00Z,2026-09-08 04:29:26.653233+00:00,2026-09-08 04:29:26.653233+00:00,2026-09-09T16:45:00Z,"prior-eight-roster-row mean; scenario estimate, not source observation"
Barcelona--Feyenoord--276260,Barcelona--Feyenoord--2026-09-10,feyenoord-rotterdam,276260,MID,projected_starter,0.625925925925926,2026-09-07T12:46:00Z,https://www.uefa.com/uefachampionsleague/news/02a9-2188cf675017-df8325ec95c3-1000--champions-league-predicted-line-ups-matchday-1-team-news-/,2026-09-07T12:46:00Z,2026-09-08 04:29:26.653233+00:00,2026-09-08 04:29:26.653233+00:00,2026-09-09T16:45:00Z,"prior-eight-roster-row mean; scenario estimate, not source observation"
Barcelona--Feyenoord--365021,Barcelona--Feyenoord--2026-09-10,feyenoord-rotterdam,365021,MID,projected_starter,0.7986111111111112,2026-09-07T12:46:00Z,https://www.uefa.com/uefachampionsleague/news/02a9-2188cf675017-df8325ec95c3-1000--champions-league-predicted-line-ups-matchday-1-team-news-/,2026-09-07T12:46:00Z,2026-09-08 04:29:26.653233+00:00,2026-09-08 04:29:26.653233+00:00,2026-09-09T16:45:00Z,"prior-eight-roster-row mean; scenario estimate, not source observation"
Barcelona--Feyenoord--313354,Barcelona--Feyenoord--2026-09-10,feyenoord-rotterdam,313354,MID,projected_starter,0.6194444444444445,2026-09-07T12:46:00Z,https://www.uefa.com/uefachampionsleague/news/02a9-2188cf675017-df8325ec95c3-1000--champions-league-predicted-line-ups-matchday-1-team-news-/,2026-09-07T12:46:00Z,2026-09-08 04:29:26.653233+00:00,2026-09-08 04:29:26.653233+00:00,2026-09-09T16:45:00Z,"prior-eight-roster-row mean; scenario estimate, not source observation"
Barcelona--Feyenoord--402344,Barcelona--Feyenoord--2026-09-10,feyenoord-rotterdam,402344,MID,projected_starter,0.4875,2026-09-07T12:46:00Z,https://www.uefa.com/uefachampionsleague/news/02a9-2188cf675017-df8325ec95c3-1000--champions-league-predicted-line-ups-matchday-1-team-news-/,2026-09-07T12:46:00Z,2026-09-08 04:29:26.653233+00:00,2026-09-08 04:29:26.653233+00:00,2026-09-09T16:45:00Z,"prior-eight-roster-row mean; scenario estimate, not source observation"
Barcelona--Feyenoord--364582,Barcelona--Feyenoord--2026-09-10,feyenoord-rotterdam,364582,ATT,projected_starter,0.36296296296296293,2026-09-07T12:46:00Z,https://www.uefa.com/uefachampionsleague/news/02a9-2188cf675017-df8325ec95c3-1000--champions-league-predicted-line-ups-matchday-1-team-news-/,2026-09-07T12:46:00Z,2026-09-08 04:29:26.653233+00:00,2026-09-08 04:29:26.653233+00:00,2026-09-09T16:45:00Z,"prior-eight-roster-row mean; scenario estimate, not source observation"
Barcelona--Feyenoord--319296,Barcelona--Feyenoord--2026-09-10,feyenoord-rotterdam,319296,MID,projected_starter,0.9944444444444445,2026-09-07T12:46:00Z,https://www.uefa.com/uefachampionsleague/news/02a9-2188cf675017-df8325ec95c3-1000--champions-league-predicted-line-ups-matchday-1-team-news-/,2026-09-07T12:46:00Z,2026-09-08 04:29:26.653233+00:00,2026-09-08 04:29:26.653233+00:00,2026-09-09T16:45:00Z,"prior-eight-roster-row mean; scenario estimate, not source observation"
Stuttgart--Viking--201123,Stuttgart--Viking--2026-09-10,vfb-stuttgart,201123,GK,projected_starter,0.25,2026-09-07T12:46:00Z,https://www.uefa.com/uefachampionsleague/news/02a9-2188cf675017-df8325ec95c3-1000--champions-league-predicted-line-ups-matchday-1-team-news-/,2026-09-07T12:46:00Z,2026-09-08 04:29:26.653233+00:00,2026-09-08 04:29:26.653233+00:00,2026-09-09T16:45:00Z,"prior-eight-roster-row mean; scenario estimate, not source observation"
Stuttgart--Viking--266839,Stuttgart--Viking--2026-09-10,vfb-stuttgart,266839,MID,projected_starter,0.48194444444444445,2026-09-07T12:46:00Z,https://www.uefa.com/uefachampionsleague/news/02a9-2188cf675017-df8325ec95c3-1000--champions-league-predicted-line-ups-matchday-1-team-news-/,2026-09-07T12:46:00Z,2026-09-08 04:29:26.653233+00:00,2026-09-08 04:29:26.653233+00:00,2026-09-09T16:45:00Z,"prior-eight-roster-row mean; scenario estimate, not source observation"
Stuttgart--Viking--372026,Stuttgart--Viking--2026-09-10,vfb-stuttgart,372026,DEF,projected_starter,0.6916666666666667,2026-09-07T12:46:00Z,https://www.uefa.com/uefachampionsleague/news/02a9-2188cf675017-df8325ec95c3-1000--champions-league-predicted-line-ups-matchday-1-team-news-/,2026-09-07T12:46:00Z,2026-09-08 04:29:26.653233+00:00,2026-09-08 04:29:26.653233+00:00,2026-09-09T16:45:00Z,"prior-eight-roster-row mean; scenario estimate, not source observation"
Stuttgart--Viking--258909,Stuttgart--Viking--2026-09-10,vfb-stuttgart,258909,DEF,projected_starter,0.8041666666666667,2026-09-07T12:46:00Z,https://www.uefa.com/uefachampionsleague/news/02a9-2188cf675017-df8325ec95c3-1000--champions-league-predicted-line-ups-matchday-1-team-news-/,2026-09-07T12:46:00Z,2026-09-08 04:29:26.653233+00:00,2026-09-08 04:29:26.653233+00:00,2026-09-09T16:45:00Z,"prior-eight-roster-row mean; scenario estimate, not source observation"
Stuttgart--Viking--216225,Stuttgart--Viking--2026-09-10,vfb-stuttgart,216225,DEF,projected_starter,0.7763888888888889,2026-09-07T12:46:00Z,https://www.uefa.com/uefachampionsleague/news/02a9-2188cf675017-df8325ec95c3-1000--champions-league-predicted-line-ups-matchday-1-team-news-/,2026-09-07T12:46:00Z,2026-09-08 04:29:26.653233+00:00,2026-09-08 04:29:26.653233+00:00,2026-09-09T16:45:00Z,"prior-eight-roster-row mean; scenario estimate, not source observation"
Stuttgart--Viking--218714,Stuttgart--Viking--2026-09-10,vfb-stuttgart,218714,MID,projected_starter,0.7777777777777778,2026-09-07T12:46:00Z,https://www.uefa.com/uefachampionsleague/news/02a9-2188cf675017-df8325ec95c3-1000--champions-league-predicted-line-ups-matchday-1-team-news-/,2026-09-07T12:46:00Z,2026-09-08 04:29:26.653233+00:00,2026-09-08 04:29:26.653233+00:00,2026-09-09T16:45:00Z,"prior-eight-roster-row mean; scenario estimate, not source observation"
Stuttgart--Viking--290232,Stuttgart--Viking--2026-09-10,vfb-stuttgart,290232,MID,projected_starter,0.9625,2026-09-07T12:46:00Z,https://www.uefa.com/uefachampionsleague/news/02a9-2188cf675017-df8325ec95c3-1000--champions-league-predicted-line-ups-matchday-1-team-news-/,2026-09-07T12:46:00Z,2026-09-08 04:29:26.653233+00:00,2026-09-08 04:29:26.653233+00:00,2026-09-09T16:45:00Z,"prior-eight-roster-row mean; scenario estimate, not source observation"
Stuttgart--Viking--290811,Stuttgart--Viking--2026-09-10,vfb-stuttgart,290811,MID,projected_starter,0.7708333333333334,2026-09-07T12:46:00Z,https://www.uefa.com/uefachampionsleague/news/02a9-2188cf675017-df8325ec95c3-1000--champions-league-predicted-line-ups-matchday-1-team-news-/,2026-09-07T12:46:00Z,2026-09-08 04:29:26.653233+00:00,2026-09-08 04:29:26.653233+00:00,2026-09-09T16:45:00Z,"prior-eight-roster-row mean; scenario estimate, not source observation"
Stuttgart--Viking--273300,Stuttgart--Viking--2026-09-10,vfb-stuttgart,273300,ATT,projected_starter,0.9166666666666666,2026-09-07T12:46:00Z,https://www.uefa.com/uefachampionsleague/news/02a9-2188cf675017-df8325ec95c3-1000--champions-league-predicted-line-ups-matchday-1-team-news-/,2026-09-07T12:46:00Z,2026-09-08 04:29:26.653233+00:00,2026-09-08 04:29:26.653233+00:00,2026-09-09T16:45:00Z,"prior-eight-roster-row mean; scenario estimate, not source observation"
Stuttgart--Viking--268951,Stuttgart--Viking--2026-09-10,vfb-stuttgart,268951,MID,projected_starter,0.7736111111111111,2026-09-07T12:46:00Z,https://www.uefa.com/uefachampionsleague/news/02a9-2188cf675017-df8325ec95c3-1000--champions-league-predicted-line-ups-matchday-1-team-news-/,2026-09-07T12:46:00Z,2026-09-08 04:29:26.653233+00:00,2026-09-08 04:29:26.653233+00:00,2026-09-09T16:45:00Z,"prior-eight-roster-row mean; scenario estimate, not source observation"
Stuttgart--Viking--345905,Stuttgart--Viking--2026-09-10,vfb-stuttgart,345905,ATT,projected_starter,0.5694444444444444,2026-09-07T12:46:00Z,https://www.uefa.com/uefachampionsleague/news/02a9-2188cf675017-df8325ec95c3-1000--champions-league-predicted-line-ups-matchday-1-team-news-/,2026-09-07T12:46:00Z,2026-09-08 04:29:26.653233+00:00,2026-09-08 04:29:26.653233+00:00,2026-09-09T16:45:00Z,"prior-eight-roster-row mean; scenario estimate, not source observation"
Stuttgart--Viking--149479,Stuttgart--Viking--2026-09-10,Viking,149479,GK,projected_starter,0.75,2026-09-07T12:46:00Z,https://www.uefa.com/uefachampionsleague/news/02a9-2188cf675017-df8325ec95c3-1000--champions-league-predicted-line-ups-matchday-1-team-news-/,2026-09-07T12:46:00Z,2026-09-08 04:29:26.653233+00:00,2026-09-08 04:29:26.653233+00:00,2026-09-09T16:45:00Z,"prior-eight-roster-row mean; scenario estimate, not source observation"
Stuttgart--Viking--303977,Stuttgart--Viking--2026-09-10,Viking,303977,DEF,projected_starter,0.6652777777777777,2026-09-07T12:46:00Z,https://www.uefa.com/uefachampionsleague/news/02a9-2188cf675017-df8325ec95c3-1000--champions-league-predicted-line-ups-matchday-1-team-news-/,2026-09-07T12:46:00Z,2026-09-08 04:29:26.653233+00:00,2026-09-08 04:29:26.653233+00:00,2026-09-09T16:45:00Z,"prior-eight-roster-row mean; scenario estimate, not source observation"
Stuttgart--Viking--300089,Stuttgart--Viking--2026-09-10,Viking,300089,DEF,projected_starter,0.3711111111111111,2026-09-07T12:46:00Z,https://www.uefa.com/uefachampionsleague/news/02a9-2188cf675017-df8325ec95c3-1000--champions-league-predicted-line-ups-matchday-1-team-news-/,2026-09-07T12:46:00Z,2026-09-08 04:29:26.653233+00:00,2026-09-08 04:29:26.653233+00:00,2026-09-09T16:45:00Z,"prior-eight-roster-row mean; scenario estimate, not source observation"
Stuttgart--Viking--286826,Stuttgart--Viking--2026-09-10,Viking,286826,DEF,projected_starter,1.0,2026-09-07T12:46:00Z,https://www.uefa.com/uefachampionsleague/news/02a9-2188cf675017-df8325ec95c3-1000--champions-league-predicted-line-ups-matchday-1-team-news-/,2026-09-07T12:46:00Z,2026-09-08 04:29:26.653233+00:00,2026-09-08 04:29:26.653233+00:00,2026-09-09T16:45:00Z,"prior-eight-roster-row mean; scenario estimate, not source observation"
Stuttgart--Viking--392602,Stuttgart--Viking--2026-09-10,Viking,392602,MID,projected_starter,0.7055555555555556,2026-09-07T12:46:00Z,https://www.uefa.com/uefachampionsleague/news/02a9-2188cf675017-df8325ec95c3-1000--champions-league-predicted-line-ups-matchday-1-team-news-/,2026-09-07T12:46:00Z,2026-09-08 04:29:26.653233+00:00,2026-09-08 04:29:26.653233+00:00,2026-09-09T16:45:00Z,"prior-eight-roster-row mean; scenario estimate, not source observation"
Stuttgart--Viking--228294,Stuttgart--Viking--2026-09-10,Viking,228294,MID,projected_starter,0.7041666666666667,2026-09-07T12:46:00Z,https://www.uefa.com/uefachampionsleague/news/02a9-2188cf675017-df8325ec95c3-1000--champions-league-predicted-line-ups-matchday-1-team-news-/,2026-09-07T12:46:00Z,2026-09-08 04:29:26.653233+00:00,2026-09-08 04:29:26.653233+00:00,2026-09-09T16:45:00Z,"prior-eight-roster-row mean; scenario estimate, not source observation"
Stuttgart--Viking--280963,Stuttgart--Viking--2026-09-10,Viking,280963,ATT,projected_starter,1.0,2026-09-07T12:46:00Z,https://www.uefa.com/uefachampionsleague/news/02a9-2188cf675017-df8325ec95c3-1000--champions-league-predicted-line-ups-matchday-1-team-news-/,2026-09-07T12:46:00Z,2026-09-08 04:29:26.653233+00:00,2026-09-08 04:29:26.653233+00:00,2026-09-09T16:45:00Z,"prior-eight-roster-row mean; scenario estimate, not source observation"
Stuttgart--Viking--320678,Stuttgart--Viking--2026-09-10,Viking,320678,MID,projected_starter,0.5055555555555555,2026-09-07T12:46:00Z,https://www.uefa.com/uefachampionsleague/news/02a9-2188cf675017-df8325ec95c3-1000--champions-league-predicted-line-ups-matchday-1-team-news-/,2026-09-07T12:46:00Z,2026-09-08 04:29:26.653233+00:00,2026-09-08 04:29:26.653233+00:00,2026-09-09T16:45:00Z,"prior-eight-roster-row mean; scenario estimate, not source observation"
Stuttgart--Viking--9167,Stuttgart--Viking--2026-09-10,Viking,9167,ATT,projected_starter,0.9527777777777777,2026-09-07T12:46:00Z,https://www.uefa.com/uefachampionsleague/news/02a9-2188cf675017-df8325ec95c3-1000--champions-league-predicted-line-ups-matchday-1-team-news-/,2026-09-07T12:46:00Z,2026-09-08 04:29:26.653233+00:00,2026-09-08 04:29:26.653233+00:00,2026-09-09T16:45:00Z,"prior-eight-roster-row mean; scenario estimate, not source observation"
Stuttgart--Viking--164279,Stuttgart--Viking--2026-09-10,Viking,164279,MID,projected_starter,0.8597222222222223,2026-09-07T12:46:00Z,https://www.uefa.com/uefachampionsleague/news/02a9-2188cf675017-df8325ec95c3-1000--champions-league-predicted-line-ups-matchday-1-team-news-/,2026-09-07T12:46:00Z,2026-09-08 04:29:26.653233+00:00,2026-09-08 04:29:26.653233+00:00,2026-09-09T16:45:00Z,"prior-eight-roster-row mean; scenario estimate, not source observation"
Liverpool--Atlético de Madrid--196876,Liverpool--Atlético de Madrid--2026-09-10,liverpool-fc,196876,GK,projected_starter,1.0,2026-09-07T12:46:00Z,https://www.uefa.com/uefachampionsleague/news/02a9-2188cf675017-df8325ec95c3-1000--champions-league-predicted-line-ups-matchday-1-team-news-/,2026-09-07T12:46:00Z,2026-09-08 04:29:26.653233+00:00,2026-09-08 04:29:26.653233+00:00,2026-09-09T19:00:00Z,"prior-eight-roster-row mean; scenario estimate, not source observation"
Liverpool--Atlético de Madrid--270821,Liverpool--Atlético de Madrid--2026-09-10,liverpool-fc,270821,DEF,projected_starter,0.28194444444444444,2026-09-07T12:46:00Z,https://www.uefa.com/uefachampionsleague/news/02a9-2188cf675017-df8325ec95c3-1000--champions-league-predicted-line-ups-matchday-1-team-news-/,2026-09-07T12:46:00Z,2026-09-08 04:29:26.653233+00:00,2026-09-08 04:29:26.653233+00:00,2026-09-09T19:00:00Z,"prior-eight-roster-row mean; scenario estimate, not source observation"
Liverpool--Atlético de Madrid--355980,Liverpool--Atlético de Madrid--2026-09-10,liverpool-fc,355980,DEF,projected_starter,0.9083333333333333,2026-09-07T12:46:00Z,https://www.uefa.com/uefachampionsleague/news/02a9-2188cf675017-df8325ec95c3-1000--champions-league-predicted-line-ups-matchday-1-team-news-/,2026-09-07T12:46:00Z,2026-09-08 04:29:26.653233+00:00,2026-09-08 04:29:26.653233+00:00,2026-09-09T19:00:00Z,"prior-eight-roster-row mean; scenario estimate, not source observation"
Liverpool--Atlético de Madrid--157892,Liverpool--Atlético de Madrid--2026-09-10,liverpool-fc,157892,DEF,projected_starter,1.0,2026-09-07T12:46:00Z,https://www.uefa.com/uefachampionsleague/news/02a9-2188cf675017-df8325ec95c3-1000--champions-league-predicted-line-ups-matchday-1-team-news-/,2026-09-07T12:46:00Z,2026-09-08 04:29:26.653233+00:00,2026-09-08 04:29:26.653233+00:00,2026-09-09T19:00:00Z,"prior-eight-roster-row mean; scenario estimate, not source observation"
Liverpool--Atlético de Madrid--323110,Liverpool--Atlético de Madrid--2026-09-10,liverpool-fc,323110,DEF,projected_starter,0.6555555555555556,2026-09-07T12:46:00Z,https://www.uefa.com/uefachampionsleague/news/02a9-2188cf675017-df8325ec95c3-1000--champions-league-predicted-line-ups-matchday-1-team-news-/,2026-09-07T12:46:00Z,2026-09-08 04:29:26.653233+00:00,2026-09-08 04:29:26.653233+00:00,2026-09-09T19:00:00Z,"prior-eight-roster-row mean; scenario estimate, not source observation"
Liverpool--Atlético de Madrid--257206,Liverpool--Atlético de Madrid--2026-09-10,liverpool-fc,257206,MID,projected_starter,1.0,2026-09-07T12:46:00Z,https://www.uefa.com/uefachampionsleague/news/02a9-2188cf675017-df8325ec95c3-1000--champions-league-predicted-line-ups-matchday-1-team-news-/,2026-09-07T12:46:00Z,2026-09-08 04:29:26.653233+00:00,2026-09-08 04:29:26.653233+00:00,2026-09-09T19:00:00Z,"prior-eight-roster-row mean; scenario estimate, not source observation"
Liverpool--Atlético de Madrid--274632,Liverpool--Atlético de Madrid--2026-09-10,liverpool-fc,274632,MID,projected_starter,0.6430555555555556,2026-09-07T12:46:00Z,https://www.uefa.com/uefachampionsleague/news/02a9-2188cf675017-df8325ec95c3-1000--champions-league-predicted-line-ups-matchday-1-team-news-/,2026-09-07T12:46:00Z,2026-09-08 04:29:26.653233+00:00,2026-09-08 04:29:26.653233+00:00,2026-09-09T19:00:00Z,"prior-eight-roster-row mean; scenario estimate, not source observation"
Liverpool--Atlético de Madrid--249524,Liverpool--Atlético de Madrid--2026-09-10,liverpool-fc,249524,ATT,projected_starter,0.9333333333333333,2026-09-07T12:46:00Z,https://www.uefa.com/uefachampionsleague/news/02a9-2188cf675017-df8325ec95c3-1000--champions-league-predicted-line-ups-matchday-1-team-news-/,2026-09-07T12:46:00Z,2026-09-08 04:29:26.653233+00:00,2026-09-08 04:29:26.653233+00:00,2026-09-09T19:00:00Z,"prior-eight-roster-row mean; scenario estimate, not source observation"
Liverpool--Atlético de Madrid--303748,Liverpool--Atlético de Madrid--2026-09-10,liverpool-fc,303748,ATT,projected_starter,0.7611111111111111,2026-09-07T12:46:00Z,https://www.uefa.com/uefachampionsleague/news/02a9-2188cf675017-df8325ec95c3-1000--champions-league-predicted-line-ups-matchday-1-team-news-/,2026-09-07T12:46:00Z,2026-09-08 04:29:26.653233+00:00,2026-09-08 04:29:26.653233+00:00,2026-09-09T19:00:00Z,"prior-eight-roster-row mean; scenario estimate, not source observation"
Liverpool--Atlético de Madrid--328238,Liverpool--Atlético de Madrid--2026-09-10,liverpool-fc,328238,MID,projected_starter,0.5138888888888888,2026-09-07T12:46:00Z,https://www.uefa.com/uefachampionsleague/news/02a9-2188cf675017-df8325ec95c3-1000--champions-league-predicted-line-ups-matchday-1-team-news-/,2026-09-07T12:46:00Z,2026-09-08 04:29:26.653233+00:00,2026-09-08 04:29:26.653233+00:00,2026-09-09T19:00:00Z,"prior-eight-roster-row mean; scenario estimate, not source observation"
Liverpool--Atlético de Madrid--235662,Liverpool--Atlético de Madrid--2026-09-10,liverpool-fc,235662,ATT,projected_starter,0.6430555555555556,2026-09-07T12:46:00Z,https://www.uefa.com/uefachampionsleague/news/02a9-2188cf675017-df8325ec95c3-1000--champions-league-predicted-line-ups-matchday-1-team-news-/,2026-09-07T12:46:00Z,2026-09-08 04:29:26.653233+00:00,2026-09-08 04:29:26.653233+00:00,2026-09-09T19:00:00Z,"prior-eight-roster-row mean; scenario estimate, not source observation"
Liverpool--Atlético de Madrid--149622,Liverpool--Atlético de Madrid--2026-09-10,club-atl-tico-de-madrid,149622,GK,projected_starter,0.75,2026-09-07T12:46:00Z,https://www.uefa.com/uefachampionsleague/news/02a9-2188cf675017-df8325ec95c3-1000--champions-league-predicted-line-ups-matchday-1-team-news-/,2026-09-07T12:46:00Z,2026-09-08 04:29:26.653233+00:00,2026-09-08 04:29:26.653233+00:00,2026-09-09T19:00:00Z,"prior-eight-roster-row mean; scenario estimate, not source observation"
Liverpool--Atlético de Madrid--206474,Liverpool--Atlético de Madrid--2026-09-10,club-atl-tico-de-madrid,206474,DEF,projected_starter,0.7972222222222223,2026-09-07T12:46:00Z,https://www.uefa.com/uefachampionsleague/news/02a9-2188cf675017-df8325ec95c3-1000--champions-league-predicted-line-ups-matchday-1-team-news-/,2026-09-07T12:46:00Z,2026-09-08 04:29:26.653233+00:00,2026-09-08 04:29:26.653233+00:00,2026-09-09T19:00:00Z,"prior-eight-roster-row mean; scenario estimate, not source observation"
Liverpool--Atlético de Madrid--332613,Liverpool--Atlético de Madrid--2026-09-10,club-atl-tico-de-madrid,332613,DEF,projected_starter,0.7791666666666667,2026-09-07T12:46:00Z,https://www.uefa.com/uefachampionsleague/news/02a9-2188cf675017-df8325ec95c3-1000--champions-league-predicted-line-ups-matchday-1-team-news-/,2026-09-07T12:46:00Z,2026-09-08 04:29:26.653233+00:00,2026-09-08 04:29:26.653233+00:00,2026-09-09T19:00:00Z,"prior-eight-roster-row mean; scenario estimate, not source observation"
Liverpool--Atlético de Madrid--257786,Liverpool--Atlético de Madrid--2026-09-10,club-atl-tico-de-madrid,257786,DEF,projected_starter,0.9375,2026-09-07T12:46:00Z,https://www.uefa.com/uefachampionsleague/news/02a9-2188cf675017-df8325ec95c3-1000--champions-league-predicted-line-ups-matchday-1-team-news-/,2026-09-07T12:46:00Z,2026-09-08 04:29:26.653233+00:00,2026-09-08 04:29:26.653233+00:00,2026-09-09T19:00:00Z,"prior-eight-roster-row mean; scenario estimate, not source observation"
Liverpool--Atlético de Madrid--166396,Liverpool--Atlético de Madrid--2026-09-10,club-atl-tico-de-madrid,166396,DEF,projected_starter,0.875,2026-09-07T12:46:00Z,https://www.uefa.com/uefachampionsleague/news/02a9-2188cf675017-df8325ec95c3-1000--champions-league-predicted-line-ups-matchday-1-team-news-/,2026-09-07T12:46:00Z,2026-09-08 04:29:26.653233+00:00,2026-09-08 04:29:26.653233+00:00,2026-09-09T19:00:00Z,"prior-eight-roster-row mean; scenario estimate, not source observation"
Liverpool--Atlético de Madrid--323838,Liverpool--Atlético de Madrid--2026-09-10,club-atl-tico-de-madrid,323838,MID,projected_starter,0.6444444444444445,2026-09-07T12:46:00Z,https://www.uefa.com/uefachampionsleague/news/02a9-2188cf675017-df8325ec95c3-1000--champions-league-predicted-line-ups-matchday-1-team-news-/,2026-09-07T12:46:00Z,2026-09-08 04:29:26.653233+00:00,2026-09-08 04:29:26.653233+00:00,2026-09-09T19:00:00Z,"prior-eight-roster-row mean; scenario estimate, not source observation"
Liverpool--Atlético de Madrid--336634,Liverpool--Atlético de Madrid--2026-09-10,club-atl-tico-de-madrid,336634,MID,projected_starter,0.6263888888888889,2026-09-07T12:46:00Z,https://www.uefa.com/uefachampionsleague/news/02a9-2188cf675017-df8325ec95c3-1000--champions-league-predicted-line-ups-matchday-1-team-news-/,2026-09-07T12:46:00Z,2026-09-08 04:29:26.653233+00:00,2026-09-08 04:29:26.653233+00:00,2026-09-09T19:00:00Z,"prior-eight-roster-row mean; scenario estimate, not source observation"
Liverpool--Atlético de Madrid--274911,Liverpool--Atlético de Madrid--2026-09-10,club-atl-tico-de-madrid,274911,MID,projected_starter,0.8416666666666667,2026-09-07T12:46:00Z,https://www.uefa.com/uefachampionsleague/news/02a9-2188cf675017-df8325ec95c3-1000--champions-league-predicted-line-ups-matchday-1-team-news-/,2026-09-07T12:46:00Z,2026-09-08 04:29:26.653233+00:00,2026-09-08 04:29:26.653233+00:00,2026-09-09T19:00:00Z,"prior-eight-roster-row mean; scenario estimate, not source observation"
Liverpool--Atlético de Madrid--229645,Liverpool--Atlético de Madrid--2026-09-10,club-atl-tico-de-madrid,229645,MID,projected_starter,0.7763888888888889,2026-09-07T12:46:00Z,https://www.uefa.com/uefachampionsleague/news/02a9-2188cf675017-df8325ec95c3-1000--champions-league-predicted-line-ups-matchday-1-team-news-/,2026-09-07T12:46:00Z,2026-09-08 04:29:26.653233+00:00,2026-09-08 04:29:26.653233+00:00,2026-09-09T19:00:00Z,"prior-eight-roster-row mean; scenario estimate, not source observation"
Liverpool--Atlético de Madrid--277206,Liverpool--Atlético de Madrid--2026-09-10,club-atl-tico-de-madrid,277206,ATT,projected_starter,0.525,2026-09-07T12:46:00Z,https://www.uefa.com/uefachampionsleague/news/02a9-2188cf675017-df8325ec95c3-1000--champions-league-predicted-line-ups-matchday-1-team-news-/,2026-09-07T12:46:00Z,2026-09-08 04:29:26.653233+00:00,2026-09-08 04:29:26.653233+00:00,2026-09-09T19:00:00Z,"prior-eight-roster-row mean; scenario estimate, not source observation"
Liverpool--Atlético de Madrid--297373,Liverpool--Atlético de Madrid--2026-09-10,club-atl-tico-de-madrid,297373,ATT,projected_starter,0.6305555555555555,2026-09-07T12:46:00Z,https://www.uefa.com/uefachampionsleague/news/02a9-2188cf675017-df8325ec95c3-1000--champions-league-predicted-line-ups-matchday-1-team-news-/,2026-09-07T12:46:00Z,2026-09-08 04:29:26.653233+00:00,2026-09-08 04:29:26.653233+00:00,2026-09-09T19:00:00Z,"prior-eight-roster-row mean; scenario estimate, not source observation"
Paris Saint-Germain--Slovan Bratislava--248699,Paris Saint-Germain--Slovan Bratislava--2026-09-10,paris-saint-germain-fc,248699,GK,projected_starter,0.9166666666666666,2026-09-07T12:46:00Z,https://www.uefa.com/uefachampionsleague/news/02a9-2188cf675017-df8325ec95c3-1000--champions-league-predicted-line-ups-matchday-1-team-news-/,2026-09-07T12:46:00Z,2026-09-08 04:29:26.653233+00:00,2026-09-08 04:29:26.653233+00:00,2026-09-09T19:00:00Z,"prior-eight-roster-row mean; scenario estimate, not source observation"
Paris Saint-Germain--Slovan Bratislava--240233,Paris Saint-Germain--Slovan Bratislava--2026-09-10,paris-saint-germain-fc,240233,DEF,projected_starter,0.9375,2026-09-07T12:46:00Z,https://www.uefa.com/uefachampionsleague/news/02a9-2188cf675017-df8325ec95c3-1000--champions-league-predicted-line-ups-matchday-1-team-news-/,2026-09-07T12:46:00Z,2026-09-08 04:29:26.653233+00:00,2026-09-08 04:29:26.653233+00:00,2026-09-09T19:00:00Z,"prior-eight-roster-row mean; scenario estimate, not source observation"
Paris Saint-Germain--Slovan Bratislava--159047,Paris Saint-Germain--Slovan Bratislava--2026-09-10,paris-saint-germain-fc,159047,DEF,projected_starter,0.8958333333333334,2026-09-07T12:46:00Z,https://www.uefa.com/uefachampionsleague/news/02a9-2188cf675017-df8325ec95c3-1000--champions-league-predicted-line-ups-matchday-1-team-news-/,2026-09-07T12:46:00Z,2026-09-08 04:29:26.653233+00:00,2026-09-08 04:29:26.653233+00:00,2026-09-09T19:00:00Z,"prior-eight-roster-row mean; scenario estimate, not source observation"
Paris Saint-Germain--Slovan Bratislava--287005,Paris Saint-Germain--Slovan Bratislava--2026-09-10,paris-saint-germain-fc,287005,DEF,projected_starter,1.0,2026-09-07T12:46:00Z,https://www.uefa.com/uefachampionsleague/news/02a9-2188cf675017-df8325ec95c3-1000--champions-league-predicted-line-ups-matchday-1-team-news-/,2026-09-07T12:46:00Z,2026-09-08 04:29:26.653233+00:00,2026-09-08 04:29:26.653233+00:00,2026-09-09T19:00:00Z,"prior-eight-roster-row mean; scenario estimate, not source observation"
Paris Saint-Germain--Slovan Bratislava--290591,Paris Saint-Germain--Slovan Bratislava--2026-09-10,paris-saint-germain-fc,290591,DEF,projected_starter,0.7402777777777778,2026-09-07T12:46:00Z,https://www.uefa.com/uefachampionsleague/news/02a9-2188cf675017-df8325ec95c3-1000--champions-league-predicted-line-ups-matchday-1-team-news-/,2026-09-07T12:46:00Z,2026-09-08 04:29:26.653233+00:00,2026-09-08 04:29:26.653233+00:00,2026-09-09T19:00:00Z,"prior-eight-roster-row mean; scenario estimate, not source observation"
Paris Saint-Germain--Slovan Bratislava--355061,Paris Saint-Germain--Slovan Bratislava--2026-09-10,paris-saint-germain-fc,355061,MID,projected_starter,0.7041666666666667,2026-09-07T12:46:00Z,https://www.uefa.com/uefachampionsleague/news/02a9-2188cf675017-df8325ec95c3-1000--champions-league-predicted-line-ups-matchday-1-team-news-/,2026-09-07T12:46:00Z,2026-09-08 04:29:26.653233+00:00,2026-09-08 04:29:26.653233+00:00,2026-09-09T19:00:00Z,"prior-eight-roster-row mean; scenario estimate, not source observation"
Paris Saint-Germain--Slovan Bratislava--288897,Paris Saint-Germain--Slovan Bratislava--2026-09-10,paris-saint-germain-fc,288897,MID,projected_starter,0.7736111111111111,2026-09-07T12:46:00Z,https://www.uefa.com/uefachampionsleague/news/02a9-2188cf675017-df8325ec95c3-1000--champions-league-predicted-line-ups-matchday-1-team-news-/,2026-09-07T12:46:00Z,2026-09-08 04:29:26.653233+00:00,2026-09-08 04:29:26.653233+00:00,2026-09-09T19:00:00Z,"prior-eight-roster-row mean; scenario estimate, not source observation"
Paris Saint-Germain--Slovan Bratislava--214596,Paris Saint-Germain--Slovan Bratislava--2026-09-10,paris-saint-germain-fc,214596,MID,projected_starter,0.7347222222222223,2026-09-07T12:46:00Z,https://www.uefa.com/uefachampionsleague/news/02a9-2188cf675017-df8325ec95c3-1000--champions-league-predicted-line-ups-matchday-1-team-news-/,2026-09-07T12:46:00Z,2026-09-08 04:29:26.653233+00:00,2026-09-08 04:29:26.653233+00:00,2026-09-09T19:00:00Z,"prior-eight-roster-row mean; scenario estimate, not source observation"
Paris Saint-Germain--Slovan Bratislava--336388,Paris Saint-Germain--Slovan Bratislava--2026-09-10,paris-saint-germain-fc,336388,ATT,projected_starter,0.7236111111111111,2026-09-07T12:46:00Z,https://www.uefa.com/uefachampionsleague/news/02a9-2188cf675017-df8325ec95c3-1000--champions-league-predicted-line-ups-matchday-1-team-news-/,2026-09-07T12:46:00Z,2026-09-08 04:29:26.653233+00:00,2026-09-08 04:29:26.653233+00:00,2026-09-09T19:00:00Z,"prior-eight-roster-row mean; scenario estimate, not source observation"
Paris Saint-Germain--Slovan Bratislava--229744,Paris Saint-Germain--Slovan Bratislava--2026-09-10,paris-saint-germain-fc,229744,ATT,projected_starter,0.49027777777777776,2026-09-07T12:46:00Z,https://www.uefa.com/uefachampionsleague/news/02a9-2188cf675017-df8325ec95c3-1000--champions-league-predicted-line-ups-matchday-1-team-news-/,2026-09-07T12:46:00Z,2026-09-08 04:29:26.653233+00:00,2026-09-08 04:29:26.653233+00:00,2026-09-09T19:00:00Z,"prior-eight-roster-row mean; scenario estimate, not source observation"
Paris Saint-Germain--Slovan Bratislava--274745,Paris Saint-Germain--Slovan Bratislava--2026-09-10,paris-saint-germain-fc,274745,ATT,projected_starter,0.6805555555555556,2026-09-07T12:46:00Z,https://www.uefa.com/uefachampionsleague/news/02a9-2188cf675017-df8325ec95c3-1000--champions-league-predicted-line-ups-matchday-1-team-news-/,2026-09-07T12:46:00Z,2026-09-08 04:29:26.653233+00:00,2026-09-08 04:29:26.653233+00:00,2026-09-09T19:00:00Z,"prior-eight-roster-row mean; scenario estimate, not source observation"
Paris Saint-Germain--Slovan Bratislava--275486,Paris Saint-Germain--Slovan Bratislava--2026-09-10,k-slovan-bratislava,275486,GK,projected_starter,0.9166666666666666,2026-09-07T12:46:00Z,https://www.uefa.com/uefachampionsleague/news/02a9-2188cf675017-df8325ec95c3-1000--champions-league-predicted-line-ups-matchday-1-team-news-/,2026-09-07T12:46:00Z,2026-09-08 04:29:26.653233+00:00,2026-09-08 04:29:26.653233+00:00,2026-09-09T19:00:00Z,"prior-eight-roster-row mean; scenario estimate, not source observation"
Paris Saint-Germain--Slovan Bratislava--260346,Paris Saint-Germain--Slovan Bratislava--2026-09-10,k-slovan-bratislava,260346,DEF,projected_starter,0.95,2026-09-07T12:46:00Z,https://www.uefa.com/uefachampionsleague/news/02a9-2188cf675017-df8325ec95c3-1000--champions-league-predicted-line-ups-matchday-1-team-news-/,2026-09-07T12:46:00Z,2026-09-08 04:29:26.653233+00:00,2026-09-08 04:29:26.653233+00:00,2026-09-09T19:00:00Z,"prior-eight-roster-row mean; scenario estimate, not source observation"
Paris Saint-Germain--Slovan Bratislava--238958,Paris Saint-Germain--Slovan Bratislava--2026-09-10,k-slovan-bratislava,238958,DEF,projected_starter,1.0,2026-09-07T12:46:00Z,https://www.uefa.com/uefachampionsleague/news/02a9-2188cf675017-df8325ec95c3-1000--champions-league-predicted-line-ups-matchday-1-team-news-/,2026-09-07T12:46:00Z,2026-09-08 04:29:26.653233+00:00,2026-09-08 04:29:26.653233+00:00,2026-09-09T19:00:00Z,"prior-eight-roster-row mean; scenario estimate, not source observation"
Paris Saint-Germain--Slovan Bratislava--260751,Paris Saint-Germain--Slovan Bratislava--2026-09-10,k-slovan-bratislava,260751,DEF,projected_starter,0.8888888888888888,2026-09-07T12:46:00Z,https://www.uefa.com/uefachampionsleague/news/02a9-2188cf675017-df8325ec95c3-1000--champions-league-predicted-line-ups-matchday-1-team-news-/,2026-09-07T12:46:00Z,2026-09-08 04:29:26.653233+00:00,2026-09-08 04:29:26.653233+00:00,2026-09-09T19:00:00Z,"prior-eight-roster-row mean; scenario estimate, not source observation"
Paris Saint-Germain--Slovan Bratislava--340556,Paris Saint-Germain--Slovan Bratislava--2026-09-10,k-slovan-bratislava,340556,DEF,projected_starter,1.0,2026-09-07T12:46:00Z,https://www.uefa.com/uefachampionsleague/news/02a9-2188cf675017-df8325ec95c3-1000--champions-league-predicted-line-ups-matchday-1-team-news-/,2026-09-07T12:46:00Z,2026-09-08 04:29:26.653233+00:00,2026-09-08 04:29:26.653233+00:00,2026-09-09T19:00:00Z,"prior-eight-roster-row mean; scenario estimate, not source observation"
Paris Saint-Germain--Slovan Bratislava--176145,Paris Saint-Germain--Slovan Bratislava--2026-09-10,k-slovan-bratislava,176145,MID,projected_starter,0.8044444444444445,2026-09-07T12:46:00Z,https://www.uefa.com/uefachampionsleague/news/02a9-2188cf675017-df8325ec95c3-1000--champions-league-predicted-line-ups-matchday-1-team-news-/,2026-09-07T12:46:00Z,2026-09-08 04:29:26.653233+00:00,2026-09-08 04:29:26.653233+00:00,2026-09-09T19:00:00Z,"prior-eight-roster-row mean; scenario estimate, not source observation"
Paris Saint-Germain--Slovan Bratislava--307484,Paris Saint-Germain--Slovan Bratislava--2026-09-10,k-slovan-bratislava,307484,MID,projected_starter,1.0,2026-09-07T12:46:00Z,https://www.uefa.com/uefachampionsleague/news/02a9-2188cf675017-df8325ec95c3-1000--champions-league-predicted-line-ups-matchday-1-team-news-/,2026-09-07T12:46:00Z,2026-09-08 04:29:26.653233+00:00,2026-09-08 04:29:26.653233+00:00,2026-09-09T19:00:00Z,"prior-eight-roster-row mean; scenario estimate, not source observation"
Paris Saint-Germain--Slovan Bratislava--386509,Paris Saint-Germain--Slovan Bratislava--2026-09-10,k-slovan-bratislava,386509,ATT,projected_starter,0.47407407407407404,2026-09-07T12:46:00Z,https://www.uefa.com/uefachampionsleague/news/02a9-2188cf675017-df8325ec95c3-1000--champions-league-predicted-line-ups-matchday-1-team-news-/,2026-09-07T12:46:00Z,2026-09-08 04:29:26.653233+00:00,2026-09-08 04:29:26.653233+00:00,2026-09-09T19:00:00Z,"prior-eight-roster-row mean; scenario estimate, not source observation"
Paris Saint-Germain--Slovan Bratislava--235045,Paris Saint-Germain--Slovan Bratislava--2026-09-10,k-slovan-bratislava,235045,ATT,projected_starter,0.6986111111111111,2026-09-07T12:46:00Z,https://www.uefa.com/uefachampionsleague/news/02a9-2188cf675017-df8325ec95c3-1000--champions-league-predicted-line-ups-matchday-1-team-news-/,2026-09-07T12:46:00Z,2026-09-08 04:29:26.653233+00:00,2026-09-08 04:29:26.653233+00:00,2026-09-09T19:00:00Z,"prior-eight-roster-row mean; scenario estimate, not source observation"
Paris Saint-Germain--Slovan Bratislava--189717,Paris Saint-Germain--Slovan Bratislava--2026-09-10,k-slovan-bratislava,189717,ATT,projected_starter,0.5629629629629629,2026-09-07T12:46:00Z,https://www.uefa.com/uefachampionsleague/news/02a9-2188cf675017-df8325ec95c3-1000--champions-league-predicted-line-ups-matchday-1-team-news-/,2026-09-07T12:46:00Z,2026-09-08 04:29:26.653233+00:00,2026-09-08 04:29:26.653233+00:00,2026-09-09T19:00:00Z,"prior-eight-roster-row mean; scenario estimate, not source observation"
Paris Saint-Germain--Slovan Bratislava--310419,Paris Saint-Germain--Slovan Bratislava--2026-09-10,k-slovan-bratislava,310419,ATT,projected_starter,0.7777777777777778,2026-09-07T12:46:00Z,https://www.uefa.com/uefachampionsleague/news/02a9-2188cf675017-df8325ec95c3-1000--champions-league-predicted-line-ups-matchday-1-team-news-/,2026-09-07T12:46:00Z,2026-09-08 04:29:26.653233+00:00,2026-09-08 04:29:26.653233+00:00,2026-09-09T19:00:00Z,"prior-eight-roster-row mean; scenario estimate, not source observation"
Sporting CP--Galatasaray--177898,Sporting CP--Galatasaray--2026-09-10,sporting-clube-de-portugal,177898,GK,projected_starter,1.0,2026-09-07T12:46:00Z,https://www.uefa.com/uefachampionsleague/news/02a9-2188cf675017-df8325ec95c3-1000--champions-league-predicted-line-ups-matchday-1-team-news-/,2026-09-07T12:46:00Z,2026-09-08 04:29:26.653233+00:00,2026-09-08 04:29:26.653233+00:00,2026-09-09T19:00:00Z,"prior-eight-roster-row mean; scenario estimate, not source observation"
Sporting CP--Galatasaray--333209,Sporting CP--Galatasaray--2026-09-10,sporting-clube-de-portugal,333209,DEF,projected_starter,0.7027777777777777,2026-09-07T12:46:00Z,https://www.uefa.com/uefachampionsleague/news/02a9-2188cf675017-df8325ec95c3-1000--champions-league-predicted-line-ups-matchday-1-team-news-/,2026-09-07T12:46:00Z,2026-09-08 04:29:26.653233+00:00,2026-09-08 04:29:26.653233+00:00,2026-09-09T19:00:00Z,"prior-eight-roster-row mean; scenario estimate, not source observation"
Sporting CP--Galatasaray--304106,Sporting CP--Galatasaray--2026-09-10,sporting-clube-de-portugal,304106,DEF,projected_starter,0.8638888888888889,2026-09-07T12:46:00Z,https://www.uefa.com/uefachampionsleague/news/02a9-2188cf675017-df8325ec95c3-1000--champions-league-predicted-line-ups-matchday-1-team-news-/,2026-09-07T12:46:00Z,2026-09-08 04:29:26.653233+00:00,2026-09-08 04:29:26.653233+00:00,2026-09-09T19:00:00Z,"prior-eight-roster-row mean; scenario estimate, not source observation"
Sporting CP--Galatasaray--314473,Sporting CP--Galatasaray--2026-09-10,sporting-clube-de-portugal,314473,DEF,projected_starter,0.7708333333333334,2026-09-07T12:46:00Z,https://www.uefa.com/uefachampionsleague/news/02a9-2188cf675017-df8325ec95c3-1000--champions-league-predicted-line-ups-matchday-1-team-news-/,2026-09-07T12:46:00Z,2026-09-08 04:29:26.653233+00:00,2026-09-08 04:29:26.653233+00:00,2026-09-09T19:00:00Z,"prior-eight-roster-row mean; scenario estimate, not source observation"
Sporting CP--Galatasaray--287025,Sporting CP--Galatasaray--2026-09-10,sporting-clube-de-portugal,287025,DEF,projected_starter,0.9833333333333333,2026-09-07T12:46:00Z,https://www.uefa.com/uefachampionsleague/news/02a9-2188cf675017-df8325ec95c3-1000--champions-league-predicted-line-ups-matchday-1-team-news-/,2026-09-07T12:46:00Z,2026-09-08 04:29:26.653233+00:00,2026-09-08 04:29:26.653233+00:00,2026-09-09T19:00:00Z,"prior-eight-roster-row mean; scenario estimate, not source observation"
Sporting CP--Galatasaray--386592,Sporting CP--Galatasaray--2026-09-10,sporting-clube-de-portugal,386592,MID,projected_starter,0.9266666666666667,2026-09-07T12:46:00Z,https://www.uefa.com/uefachampionsleague/news/02a9-2188cf675017-df8325ec95c3-1000--champions-league-predicted-line-ups-matchday-1-team-news-/,2026-09-07T12:46:00Z,2026-09-08 04:29:26.653233+00:00,2026-09-08 04:29:26.653233+00:00,2026-09-09T19:00:00Z,"prior-eight-roster-row mean; scenario estimate, not source observation"
Sporting CP--Galatasaray--331426,Sporting CP--Galatasaray--2026-09-10,sporting-clube-de-portugal,331426,MID,projected_starter,0.7263888888888889,2026-09-07T12:46:00Z,https://www.uefa.com/uefachampionsleague/news/02a9-2188cf675017-df8325ec95c3-1000--champions-league-predicted-line-ups-matchday-1-team-news-/,2026-09-07T12:46:00Z,2026-09-08 04:29:26.653233+00:00,2026-09-08 04:29:26.653233+00:00,2026-09-09T19:00:00Z,"prior-eight-roster-row mean; scenario estimate, not source observation"
Sporting CP--Galatasaray--296969,Sporting CP--Galatasaray--2026-09-10,sporting-clube-de-portugal,296969,ATT,projected_starter,0.7125,2026-09-07T12:46:00Z,https://www.uefa.com/uefachampionsleague/news/02a9-2188cf675017-df8325ec95c3-1000--champions-league-predicted-line-ups-matchday-1-team-news-/,2026-09-07T12:46:00Z,2026-09-08 04:29:26.653233+00:00,2026-09-08 04:29:26.653233+00:00,2026-09-09T19:00:00Z,"prior-eight-roster-row mean; scenario estimate, not source observation"
Sporting CP--Galatasaray--287494,Sporting CP--Galatasaray--2026-09-10,sporting-clube-de-portugal,287494,ATT,projected_starter,0.946031746031746,2026-09-07T12:46:00Z,https://www.uefa.com/uefachampionsleague/news/02a9-2188cf675017-df8325ec95c3-1000--champions-league-predicted-line-ups-matchday-1-team-news-/,2026-09-07T12:46:00Z,2026-09-08 04:29:26.653233+00:00,2026-09-08 04:29:26.653233+00:00,2026-09-09T19:00:00Z,"prior-eight-roster-row mean; scenario estimate, not source observation"
Sporting CP--Galatasaray--414123,Sporting CP--Galatasaray--2026-09-10,sporting-clube-de-portugal,414123,ATT,projected_starter,0.4888888888888889,2026-09-07T12:46:00Z,https://www.uefa.com/uefachampionsleague/news/02a9-2188cf675017-df8325ec95c3-1000--champions-league-predicted-line-ups-matchday-1-team-news-/,2026-09-07T12:46:00Z,2026-09-08 04:29:26.653233+00:00,2026-09-08 04:29:26.653233+00:00,2026-09-09T19:00:00Z,"prior-eight-roster-row mean; scenario estimate, not source observation"
Sporting CP--Galatasaray--272722,Sporting CP--Galatasaray--2026-09-10,sporting-clube-de-portugal,272722,ATT,projected_starter,0.7652777777777777,2026-09-07T12:46:00Z,https://www.uefa.com/uefachampionsleague/news/02a9-2188cf675017-df8325ec95c3-1000--champions-league-predicted-line-ups-matchday-1-team-news-/,2026-09-07T12:46:00Z,2026-09-08 04:29:26.653233+00:00,2026-09-08 04:29:26.653233+00:00,2026-09-09T19:00:00Z,"prior-eight-roster-row mean; scenario estimate, not source observation"
Sporting CP--Galatasaray--222922,Sporting CP--Galatasaray--2026-09-10,galatasaray-sk,222922,GK,projected_starter,0.875,2026-09-07T12:46:00Z,https://www.uefa.com/uefachampionsleague/news/02a9-2188cf675017-df8325ec95c3-1000--champions-league-predicted-line-ups-matchday-1-team-news-/,2026-09-07T12:46:00Z,2026-09-08 04:29:26.653233+00:00,2026-09-08 04:29:26.653233+00:00,2026-09-09T19:00:00Z,"prior-eight-roster-row mean; scenario estimate, not source observation"
Sporting CP--Galatasaray--219444,Sporting CP--Galatasaray--2026-09-10,galatasaray-sk,219444,DEF,projected_starter,0.8430555555555556,2026-09-07T12:46:00Z,https://www.uefa.com/uefachampionsleague/news/02a9-2188cf675017-df8325ec95c3-1000--champions-league-predicted-line-ups-matchday-1-team-news-/,2026-09-07T12:46:00Z,2026-09-08 04:29:26.653233+00:00,2026-09-08 04:29:26.653233+00:00,2026-09-09T19:00:00Z,"prior-eight-roster-row mean; scenario estimate, not source observation"
Sporting CP--Galatasaray--197105,Sporting CP--Galatasaray--2026-09-10,galatasaray-sk,197105,DEF,projected_starter,0.8486111111111111,2026-09-07T12:46:00Z,https://www.uefa.com/uefachampionsleague/news/02a9-2188cf675017-df8325ec95c3-1000--champions-league-predicted-line-ups-matchday-1-team-news-/,2026-09-07T12:46:00Z,2026-09-08 04:29:26.653233+00:00,2026-09-08 04:29:26.653233+00:00,2026-09-09T19:00:00Z,"prior-eight-roster-row mean; scenario estimate, not source observation"
Sporting CP--Galatasaray--193149,Sporting CP--Galatasaray--2026-09-10,galatasaray-sk,193149,DEF,projected_starter,0.8444444444444444,2026-09-07T12:46:00Z,https://www.uefa.com/uefachampionsleague/news/02a9-2188cf675017-df8325ec95c3-1000--champions-league-predicted-line-ups-matchday-1-team-news-/,2026-09-07T12:46:00Z,2026-09-08 04:29:26.653233+00:00,2026-09-08 04:29:26.653233+00:00,2026-09-09T19:00:00Z,"prior-eight-roster-row mean; scenario estimate, not source observation"
Sporting CP--Galatasaray--268796,Sporting CP--Galatasaray--2026-09-10,galatasaray-sk,268796,DEF,projected_starter,0.7791666666666667,2026-09-07T12:46:00Z,https://www.uefa.com/uefachampionsleague/news/02a9-2188cf675017-df8325ec95c3-1000--champions-league-predicted-line-ups-matchday-1-team-news-/,2026-09-07T12:46:00Z,2026-09-08 04:29:26.653233+00:00,2026-09-08 04:29:26.653233+00:00,2026-09-09T19:00:00Z,"prior-eight-roster-row mean; scenario estimate, not source observation"
Sporting CP--Galatasaray--268478,Sporting CP--Galatasaray--2026-09-10,galatasaray-sk,268478,MID,projected_starter,0.7319444444444444,2026-09-07T12:46:00Z,https://www.uefa.com/uefachampionsleague/news/02a9-2188cf675017-df8325ec95c3-1000--champions-league-predicted-line-ups-matchday-1-team-news-/,2026-09-07T12:46:00Z,2026-09-08 04:29:26.653233+00:00,2026-09-08 04:29:26.653233+00:00,2026-09-09T19:00:00Z,"prior-eight-roster-row mean; scenario estimate, not source observation"
Sporting CP--Galatasaray--212973,Sporting CP--Galatasaray--2026-09-10,galatasaray-sk,212973,MID,projected_starter,0.9125,2026-09-07T12:46:00Z,https://www.uefa.com/uefachampionsleague/news/02a9-2188cf675017-df8325ec95c3-1000--champions-league-predicted-line-ups-matchday-1-team-news-/,2026-09-07T12:46:00Z,2026-09-08 04:29:26.653233+00:00,2026-09-08 04:29:26.653233+00:00,2026-09-09T19:00:00Z,"prior-eight-roster-row mean; scenario estimate, not source observation"
Sporting CP--Galatasaray--266575,Sporting CP--Galatasaray--2026-09-10,galatasaray-sk,266575,ATT,projected_starter,0.9194444444444444,2026-09-07T12:46:00Z,https://www.uefa.com/uefachampionsleague/news/02a9-2188cf675017-df8325ec95c3-1000--champions-league-predicted-line-ups-matchday-1-team-news-/,2026-09-07T12:46:00Z,2026-09-08 04:29:26.653233+00:00,2026-09-08 04:29:26.653233+00:00,2026-09-09T19:00:00Z,"prior-eight-roster-row mean; scenario estimate, not source observation"
Sporting CP--Galatasaray--355113,Sporting CP--Galatasaray--2026-09-10,galatasaray-sk,355113,ATT,projected_starter,0.6277777777777778,2026-09-07T12:46:00Z,https://www.uefa.com/uefachampionsleague/news/02a9-2188cf675017-df8325ec95c3-1000--champions-league-predicted-line-ups-matchday-1-team-news-/,2026-09-07T12:46:00Z,2026-09-08 04:29:26.653233+00:00,2026-09-08 04:29:26.653233+00:00,2026-09-09T19:00:00Z,"prior-eight-roster-row mean; scenario estimate, not source observation"
Sporting CP--Galatasaray--202641,Sporting CP--Galatasaray--2026-09-10,galatasaray-sk,202641,ATT,projected_starter,0.7,2026-09-07T12:46:00Z,https://www.uefa.com/uefachampionsleague/news/02a9-2188cf675017-df8325ec95c3-1000--champions-league-predicted-line-ups-matchday-1-team-news-/,2026-09-07T12:46:00Z,2026-09-08 04:29:26.653233+00:00,2026-09-08 04:29:26.653233+00:00,2026-09-09T19:00:00Z,"prior-eight-roster-row mean; scenario estimate, not source observation"
Sporting CP--Galatasaray--322538,Sporting CP--Galatasaray--2026-09-10,galatasaray-sk,322538,ATT,projected_starter,0.8652777777777778,2026-09-07T12:46:00Z,https://www.uefa.com/uefachampionsleague/news/02a9-2188cf675017-df8325ec95c3-1000--champions-league-predicted-line-ups-matchday-1-team-news-/,2026-09-07T12:46:00Z,2026-09-08 04:29:26.653233+00:00,2026-09-08 04:29:26.653233+00:00,2026-09-09T19:00:00Z,"prior-eight-roster-row mean; scenario estimate, not source observation"
Napoli--Arsenal--209746,Napoli--Arsenal--2026-09-10,ssc-napoli,209746,GK,projected_starter,0.6111111111111112,2026-09-07T12:46:00Z,https://www.uefa.com/uefachampionsleague/news/02a9-2188cf675017-df8325ec95c3-1000--champions-league-predicted-line-ups-matchday-1-team-news-/,2026-09-07T12:46:00Z,2026-09-08 04:29:26.653233+00:00,2026-09-08 04:29:26.653233+00:00,2026-09-09T19:00:00Z,"prior-eight-roster-row mean; scenario estimate, not source observation"
Napoli--Arsenal--155904,Napoli--Arsenal--2026-09-10,ssc-napoli,155904,DEF,projected_starter,0.7888888888888889,2026-09-07T12:46:00Z,https://www.uefa.com/uefachampionsleague/news/02a9-2188cf675017-df8325ec95c3-1000--champions-league-predicted-line-ups-matchday-1-team-news-/,2026-09-07T12:46:00Z,2026-09-08 04:29:26.653233+00:00,2026-09-08 04:29:26.653233+00:00,2026-09-09T19:00:00Z,"prior-eight-roster-row mean; scenario estimate, not source observation"
Napoli--Arsenal--205576,Napoli--Arsenal--2026-09-10,ssc-napoli,205576,DEF,projected_starter,0.9861111111111112,2026-09-07T12:46:00Z,https://www.uefa.com/uefachampionsleague/news/02a9-2188cf675017-df8325ec95c3-1000--champions-league-predicted-line-ups-matchday-1-team-news-/,2026-09-07T12:46:00Z,2026-09-08 04:29:26.653233+00:00,2026-09-08 04:29:26.653233+00:00,2026-09-09T19:00:00Z,"prior-eight-roster-row mean; scenario estimate, not source observation"
Napoli--Arsenal--297360,Napoli--Arsenal--2026-09-10,ssc-napoli,297360,DEF,projected_starter,0.7375,2026-09-07T12:46:00Z,https://www.uefa.com/uefachampionsleague/news/02a9-2188cf675017-df8325ec95c3-1000--champions-league-predicted-line-ups-matchday-1-team-news-/,2026-09-07T12:46:00Z,2026-09-08 04:29:26.653233+00:00,2026-09-08 04:29:26.653233+00:00,2026-09-09T19:00:00Z,"prior-eight-roster-row mean; scenario estimate, not source observation"
Napoli--Arsenal--148974,Napoli--Arsenal--2026-09-10,ssc-napoli,148974,DEF,projected_starter,0.5166666666666667,2026-09-07T12:46:00Z,https://www.uefa.com/uefachampionsleague/news/02a9-2188cf675017-df8325ec95c3-1000--champions-league-predicted-line-ups-matchday-1-team-news-/,2026-09-07T12:46:00Z,2026-09-08 04:29:26.653233+00:00,2026-09-08 04:29:26.653233+00:00,2026-09-09T19:00:00Z,"prior-eight-roster-row mean; scenario estimate, not source observation"
Napoli--Arsenal--215721,Napoli--Arsenal--2026-09-10,ssc-napoli,215721,MID,projected_starter,0.37083333333333335,2026-09-07T12:46:00Z,https://www.uefa.com/uefachampionsleague/news/02a9-2188cf675017-df8325ec95c3-1000--champions-league-predicted-line-ups-matchday-1-team-news-/,2026-09-07T12:46:00Z,2026-09-08 04:29:26.653233+00:00,2026-09-08 04:29:26.653233+00:00,2026-09-09T19:00:00Z,"prior-eight-roster-row mean; scenario estimate, not source observation"
Napoli--Arsenal--188412,Napoli--Arsenal--2026-09-10,ssc-napoli,188412,MID,projected_starter,0.8416666666666667,2026-09-07T12:46:00Z,https://www.uefa.com/uefachampionsleague/news/02a9-2188cf675017-df8325ec95c3-1000--champions-league-predicted-line-ups-matchday-1-team-news-/,2026-09-07T12:46:00Z,2026-09-08 04:29:26.653233+00:00,2026-09-08 04:29:26.653233+00:00,2026-09-09T19:00:00Z,"prior-eight-roster-row mean; scenario estimate, not source observation"
Napoli--Arsenal--134947,Napoli--Arsenal--2026-09-10,ssc-napoli,134947,ATT,projected_starter,0.5222222222222223,2026-09-07T12:46:00Z,https://www.uefa.com/uefachampionsleague/news/02a9-2188cf675017-df8325ec95c3-1000--champions-league-predicted-line-ups-matchday-1-team-news-/,2026-09-07T12:46:00Z,2026-09-08 04:29:26.653233+00:00,2026-09-08 04:29:26.653233+00:00,2026-09-09T19:00:00Z,"prior-eight-roster-row mean; scenario estimate, not source observation"
Napoli--Arsenal--245637,Napoli--Arsenal--2026-09-10,ssc-napoli,245637,ATT,projected_starter,0.4791666666666667,2026-09-07T12:46:00Z,https://www.uefa.com/uefachampionsleague/news/02a9-2188cf675017-df8325ec95c3-1000--champions-league-predicted-line-ups-matchday-1-team-news-/,2026-09-07T12:46:00Z,2026-09-08 04:29:26.653233+00:00,2026-09-08 04:29:26.653233+00:00,2026-09-09T19:00:00Z,"prior-eight-roster-row mean; scenario estimate, not source observation"
Napoli--Arsenal--309273,Napoli--Arsenal--2026-09-10,ssc-napoli,309273,ATT,projected_starter,0.9041666666666667,2026-09-07T12:46:00Z,https://www.uefa.com/uefachampionsleague/news/02a9-2188cf675017-df8325ec95c3-1000--champions-league-predicted-line-ups-matchday-1-team-news-/,2026-09-07T12:46:00Z,2026-09-08 04:29:26.653233+00:00,2026-09-08 04:29:26.653233+00:00,2026-09-09T19:00:00Z,"prior-eight-roster-row mean; scenario estimate, not source observation"
Napoli--Arsenal--319697,Napoli--Arsenal--2026-09-10,ssc-napoli,319697,MID,projected_starter,0.75,2026-09-07T12:46:00Z,https://www.uefa.com/uefachampionsleague/news/02a9-2188cf675017-df8325ec95c3-1000--champions-league-predicted-line-ups-matchday-1-team-news-/,2026-09-07T12:46:00Z,2026-09-08 04:29:26.653233+00:00,2026-09-08 04:29:26.653233+00:00,2026-09-09T19:00:00Z,"prior-eight-roster-row mean; scenario estimate, not source observation"
Napoli--Arsenal--196176,Napoli--Arsenal--2026-09-10,arsenal-fc,196176,GK,projected_starter,1.0,2026-09-07T12:46:00Z,https://www.uefa.com/uefachampionsleague/news/02a9-2188cf675017-df8325ec95c3-1000--champions-league-predicted-line-ups-matchday-1-team-news-/,2026-09-07T12:46:00Z,2026-09-08 04:29:26.653233+00:00,2026-09-08 04:29:26.653233+00:00,2026-09-09T19:00:00Z,"prior-eight-roster-row mean; scenario estimate, not source observation"
Napoli--Arsenal--241077,Napoli--Arsenal--2026-09-10,arsenal-fc,241077,DEF,projected_starter,0.8986111111111111,2026-09-07T12:46:00Z,https://www.uefa.com/uefachampionsleague/news/02a9-2188cf675017-df8325ec95c3-1000--champions-league-predicted-line-ups-matchday-1-team-news-/,2026-09-07T12:46:00Z,2026-09-08 04:29:26.653233+00:00,2026-09-08 04:29:26.653233+00:00,2026-09-09T19:00:00Z,"prior-eight-roster-row mean; scenario estimate, not source observation"
Napoli--Arsenal--231859,Napoli--Arsenal--2026-09-10,arsenal-fc,231859,DEF,projected_starter,0.6402777777777777,2026-09-07T12:46:00Z,https://www.uefa.com/uefachampionsleague/news/02a9-2188cf675017-df8325ec95c3-1000--champions-league-predicted-line-ups-matchday-1-team-news-/,2026-09-07T12:46:00Z,2026-09-08 04:29:26.653233+00:00,2026-09-08 04:29:26.653233+00:00,2026-09-09T19:00:00Z,"prior-eight-roster-row mean; scenario estimate, not source observation"
Napoli--Arsenal--236322,Napoli--Arsenal--2026-09-10,arsenal-fc,236322,DEF,projected_starter,0.9791666666666666,2026-09-07T12:46:00Z,https://www.uefa.com/uefachampionsleague/news/02a9-2188cf675017-df8325ec95c3-1000--champions-league-predicted-line-ups-matchday-1-team-news-/,2026-09-07T12:46:00Z,2026-09-08 04:29:26.653233+00:00,2026-09-08 04:29:26.653233+00:00,2026-09-09T19:00:00Z,"prior-eight-roster-row mean; scenario estimate, not source observation"
Napoli--Arsenal--298329,Napoli--Arsenal--2026-09-10,arsenal-fc,298329,DEF,projected_starter,0.6361111111111111,2026-09-07T12:46:00Z,https://www.uefa.com/uefachampionsleague/news/02a9-2188cf675017-df8325ec95c3-1000--champions-league-predicted-line-ups-matchday-1-team-news-/,2026-09-07T12:46:00Z,2026-09-08 04:29:26.653233+00:00,2026-09-08 04:29:26.653233+00:00,2026-09-09T19:00:00Z,"prior-eight-roster-row mean; scenario estimate, not source observation"
Napoli--Arsenal--218522,Napoli--Arsenal--2026-09-10,arsenal-fc,218522,MID,projected_starter,0.5347222222222222,2026-09-07T12:46:00Z,https://www.uefa.com/uefachampionsleague/news/02a9-2188cf675017-df8325ec95c3-1000--champions-league-predicted-line-ups-matchday-1-team-news-/,2026-09-07T12:46:00Z,2026-09-08 04:29:26.653233+00:00,2026-09-08 04:29:26.653233+00:00,2026-09-09T19:00:00Z,"prior-eight-roster-row mean; scenario estimate, not source observation"
Napoli--Arsenal--238262,Napoli--Arsenal--2026-09-10,arsenal-fc,238262,MID,projected_starter,0.8791666666666667,2026-09-07T12:46:00Z,https://www.uefa.com/uefachampionsleague/news/02a9-2188cf675017-df8325ec95c3-1000--champions-league-predicted-line-ups-matchday-1-team-news-/,2026-09-07T12:46:00Z,2026-09-08 04:29:26.653233+00:00,2026-09-08 04:29:26.653233+00:00,2026-09-09T19:00:00Z,"prior-eight-roster-row mean; scenario estimate, not source observation"
Napoli--Arsenal--280555,Napoli--Arsenal--2026-09-10,arsenal-fc,280555,ATT,projected_starter,0.7763888888888889,2026-09-07T12:46:00Z,https://www.uefa.com/uefachampionsleague/news/02a9-2188cf675017-df8325ec95c3-1000--champions-league-predicted-line-ups-matchday-1-team-news-/,2026-09-07T12:46:00Z,2026-09-08 04:29:26.653233+00:00,2026-09-08 04:29:26.653233+00:00,2026-09-09T19:00:00Z,"prior-eight-roster-row mean; scenario estimate, not source observation"
Napoli--Arsenal--203669,Napoli--Arsenal--2026-09-10,arsenal-fc,203669,ATT,projected_starter,0.6027777777777777,2026-09-07T12:46:00Z,https://www.uefa.com/uefachampionsleague/news/02a9-2188cf675017-df8325ec95c3-1000--champions-league-predicted-line-ups-matchday-1-team-news-/,2026-09-07T12:46:00Z,2026-09-08 04:29:26.653233+00:00,2026-09-08 04:29:26.653233+00:00,2026-09-09T19:00:00Z,"prior-eight-roster-row mean; scenario estimate, not source observation"
Napoli--Arsenal--303793,Napoli--Arsenal--2026-09-10,arsenal-fc,303793,ATT,projected_starter,0.9180555555555555,2026-09-07T12:46:00Z,https://www.uefa.com/uefachampionsleague/news/02a9-2188cf675017-df8325ec95c3-1000--champions-league-predicted-line-ups-matchday-1-team-news-/,2026-09-07T12:46:00Z,2026-09-08 04:29:26.653233+00:00,2026-09-08 04:29:26.653233+00:00,2026-09-09T19:00:00Z,"prior-eight-roster-row mean; scenario estimate, not source observation"
Napoli--Arsenal--231182,Napoli--Arsenal--2026-09-10,arsenal-fc,231182,ATT,projected_starter,0.6791666666666667,2026-09-07T12:46:00Z,https://www.uefa.com/uefachampionsleague/news/02a9-2188cf675017-df8325ec95c3-1000--champions-league-predicted-line-ups-matchday-1-team-news-/,2026-09-07T12:46:00Z,2026-09-08 04:29:26.653233+00:00,2026-09-08 04:29:26.653233+00:00,2026-09-09T19:00:00Z,"prior-eight-roster-row mean; scenario estimate, not source observation"
