Season,Date,HomeTeam,AwayTeam,Referee,ref_games_prior,total_yellow_cards,total_red_cards,baseline_lambda,glm_lambda,baseline_p_over35,baseline_p_under35,baseline_fair_over35,baseline_fair_under35,glm_p_over35,glm_p_under35,glm_fair_over35,glm_fair_under35,model_used,out_of_sample_2025_26
2022/23,2022-08-05,Crystal Palace,Arsenal,A Taylor,238,3,0,3.568038445193645,3.1648804320088746,0.474203239709059,0.525796760290941,2.1088004388446113,1.9018755449285507,0.3885981597545164,0.6114018402454836,2.5733523818839386,1.6355855252226434,glm,False
2022/23,2022-08-06,Bournemouth,Aston Villa,P Bankes,39,6,0,3.687266319444112,3.3149801304796154,0.49858146145681415,0.5014185385431859,2.005690297986776,1.994341898297948,0.4209330173277597,0.5790669826722403,2.3756748908611973,1.726915935329736,glm,False
2022/23,2022-08-06,Everton,Chelsea,C Pawson,195,5,0,3.459456268215309,3.225418536211541,0.4515752147938281,0.5484247852061719,2.214470518397609,1.8234040965600513,0.40168940989385926,0.5983105901061407,2.489485596008707,1.6713727226900652,glm,False
2022/23,2022-08-06,Fulham,Liverpool,A Madley,45,2,0,2.665435065522511,2.626141599019564,0.2799535391301826,0.7200464608698174,3.5720212829136084,1.3887992710803665,0.27151148621211285,0.7284885137878871,3.683085433883892,1.3727052397852473,glm,False
2022/23,2022-08-06,Leeds,Wolves,R Jones,22,2,0,3.319033555444319,3.069300086742804,0.4217999165222719,0.5782000834777281,2.370792313675572,1.7295051117690117,0.36782741115537654,0.6321725888446235,2.7186663355482854,1.5818465046509345,glm,False
2022/23,2022-08-06,Newcastle,Nott'm Forest,S Hooper,48,3,0,2.9573434606420617,2.687123471686738,0.34340542191633827,0.6565945780836617,2.9120099339713508,1.5230098349556922,0.28462816149276804,0.715371838507232,3.513355792889132,1.3978744286142186,glm,False
2022/23,2022-08-06,Tottenham,Southampton,A Marriner,195,3,0,3.1213317733267334,3.0329490622260336,0.3791475490617364,0.6208524509382636,2.6374956200420288,1.6106886563607012,0.3599048254396744,0.6400951745603256,2.7785123435851666,1.5622676747827213,glm,False
2022/23,2022-08-07,Leicester,Brentford,J Gillett,9,0,0,3.0930578175164363,2.618650454038002,0.3729995563755061,0.6270004436244939,2.6809683360408076,1.5948952032941348,0.2699063456800286,0.7300936543199714,3.70498884522519,1.3696872916001803,glm,False
2022/23,2022-08-07,Man United,Brighton,P Tierney,128,5,0,3.3993465115709003,2.798993497628431,0.43889393505180774,0.5611060649481923,2.2784548159271294,1.7821942453827004,0.308873019733654,0.691126980266346,3.237576402310294,1.4469121139137424,glm,False
2022/23,2022-08-07,West Ham,Man City,M Oliver,233,1,0,3.050015453415385,2.8847668667190325,0.3636255645711861,0.6363744354288139,2.750081670355805,1.571401904801787,0.3275628589148114,0.6724371410851886,3.05284916401364,1.4871278501752385,glm,False
2022/23,2022-08-13,Arsenal,Leicester,D England,27,2,0,3.2333955573329076,3.6931054134670385,0.40340980769742707,0.5965901923025729,2.478868834914491,1.6761924900918075,0.4997616990556406,0.5002383009443594,2.000953658292781,1.9990472503048666,glm,False
2022/23,2022-08-13,Aston Villa,Everton,M Oliver,234,5,0,3.403041106208903,4.107111734697101,0.43967630090394305,0.560323699096057,2.2744005031521404,1.7846826782683858,0.5797159039046064,0.42028409609539363,1.7249828636140925,2.3793429475214447,glm,False
2022/23,2022-08-13,Brentford,Man United,S Attwell,114,4,0,3.704969536618025,3.7393054754354895,0.502155658672872,0.49784434132712796,1.9914143806381903,2.0086599705728325,0.5090526089680376,0.4909473910319624,1.9644335033017932,2.0368781223137136,glm,False
2022/23,2022-08-13,Brighton,Newcastle,G Scott,93,5,0,2.7604910778990392,3.5562528852059505,0.30050719486170974,0.6994928051382903,3.327707346442036,1.4296072706599166,0.4717658697821042,0.5282341302178958,2.11969551858822,1.8930999395807717,glm,False
2022/23,2022-08-13,Man City,Bournemouth,D Coote,69,3,0,3.282907322585396,3.3230852939528,0.4140607322469374,0.5859392677530626,2.4151046504057776,1.7066615177282136,0.4226660770764096,0.5773339229235904,2.3659338996803854,1.7320998477554368,glm,False
2022/23,2022-08-13,Southampton,Leeds,T Harrington,3,4,0,3.4846943111172557,3.254764818753418,0.4568681083767546,0.5431318916232454,2.1888155064116526,1.8411734155608572,0.4080126622051412,0.5919873377948588,2.4509043287907044,1.6892253197931233,glm,False
2022/23,2022-08-13,Wolves,Fulham,J Brooks,4,6,0,3.6097249367119026,3.6943103870179876,0.4827856482077576,0.5172143517922424,2.0713126078049218,1.9334343614689287,0.5000050914390172,0.49999490856098283,1.9999796344513112,2.000020365963453,glm,False
2022/23,2022-08-14,Chelsea,Tottenham,A Taylor,239,3,0,3.488759667722522,4.8798876352462806,0.45771886598595435,0.5422811340140457,2.184747176295517,1.8440619399717102,0.7060843036527268,0.2939156963472732,1.4162614787310577,3.4023361543048036,glm,False
2022/23,2022-08-14,Nott'm Forest,West Ham,R Jones,23,5,0,2.98931314141454,2.757327355857155,0.3503844218427761,0.6496155781572239,2.854008162636632,1.539371951080234,0.29982065545410297,0.700179344545897,3.33532724249908,1.428205513044022,glm,False
2022/23,2022-08-15,Liverpool,Crystal Palace,P Tierney,129,6,1,3.033559154088046,3.7037727692547264,0.3600378668539077,0.6399621331460923,2.777485625993249,1.562592453844011,0.5019144235148958,0.4980855764851042,1.99237151424544,2.007687126892553,glm,False
2022/23,2022-08-20,Bournemouth,Arsenal,C Pawson,196,3,0,3.454670725626197,3.937612629114489,0.4505694320497804,0.5494305679502196,2.219413765933231,1.8200661891287484,0.5479160279929729,0.4520839720070271,1.8250971844408705,2.211978441882156,glm,False
2022/23,2022-08-20,Crystal Palace,Aston Villa,A Madley,46,3,0,3.0731268683230826,3.6594864685360333,0.3686608573267197,0.6313391426732803,2.712520139109225,1.5839347387296445,0.49294842523682836,0.5070515747631716,2.0286097871589055,1.9721859664217976,glm,False
2022/23,2022-08-20,Everton,Nott'm Forest,A Marriner,196,5,0,3.2713724857821274,3.5135621018552023,0.41158374734477676,0.5884162526552232,2.4296391838872027,1.6994771906579886,0.462898028541052,0.537101971458948,2.1603030005372235,1.8618438455618895,glm,False
2022/23,2022-08-20,Fulham,Brentford,P Bankes,40,5,0,3.623012584321442,3.486864912780775,0.485508290056474,0.514491709943526,2.059697064871293,1.9436659146748285,0.4573224142239438,0.5426775857760562,2.186641128659649,1.8427147651030211,glm,False
2022/23,2022-08-20,Leicester,Southampton,M Salisbury,3,5,0,3.0543356926090555,3.9773735357688995,0.36456712925288737,0.6354328707471126,2.742979055871862,1.5737303593127723,0.5554975996092739,0.4445024003907261,1.8001877968570528,2.2497066362768368,glm,False
2022/23,2022-08-20,Tottenham,Wolves,S Hooper,49,4,0,2.975649180399144,4.011806136001455,0.347401810342563,0.652598189657437,2.878511194325466,1.5323364603952117,0.5620035756681867,0.4379964243318133,1.779348109682511,2.2831236613987267,glm,False
2022/23,2022-08-21,Leeds,Chelsea,S Attwell,115,1,1,3.862219227520377,3.8045630575694065,0.5333424170191723,0.4666575829808277,1.8749680657108745,2.1428988544713827,0.5220282150043529,0.4779717849956471,1.9156052704769253,2.092173704372753,glm,False
2022/23,2022-08-21,Newcastle,Man City,J Gillett,10,6,0,3.1067511143833824,3.3277541276579807,0.37597815426647774,0.6240218457335223,2.6597289992844675,1.602508000059717,0.4236636840800674,0.5763363159199326,2.360362800912178,1.7350980189471954,glm,False
2022/23,2022-08-21,West Ham,Brighton,A Taylor,240,2,0,3.2853459053677696,3.6986060576572575,0.41458403551682044,0.5854159644831796,2.412056216186424,1.7081871022817527,0.5008723120238032,0.4991276879761968,1.9965168287291482,2.0034953461601788,glm,False
2022/23,2022-08-22,Man United,Liverpool,M Oliver,235,4,0,3.0135607122586796,3.6966460002427146,0.35567577680336504,0.644324223196635,2.8115493525803106,1.5520136664097135,0.5004767002285155,0.49952329977148446,1.9980950152992223,2.0019086205938086,glm,False
2022/23,2022-08-27,Arsenal,Fulham,J Gillett,11,5,0,3.4295174168344373,3.6800263695365696,0.44527190175032794,0.5547280982496721,2.245818781892773,1.8026849607137079,0.49711623893980306,0.5028837610601969,2.0116019587947767,1.9885311028770654,glm,False
2022/23,2022-08-27,Brentford,Everton,J Brooks,5,4,0,3.5312321878716246,4.540035172344626,0.46657580241859,0.53342419758141,2.1432744579043703,1.8746806097925137,0.6543932284622938,0.34560677153770625,1.5281331720834275,2.8934618252724205,glm,False
2022/23,2022-08-27,Brighton,Leeds,M Salisbury,4,5,0,3.680045073014094,3.7508925830700814,0.49712002675978995,0.50287997324021,2.011586631337231,1.9885460809995932,0.5113693751323675,0.48863062486763253,1.9555336096166318,2.046535663356947,glm,False
2022/23,2022-08-27,Chelsea,Leicester,P Tierney,130,3,1,3.025132568768637,4.109590055343749,0.3582001087375115,0.6417998912624885,2.7917356126008284,1.5581180576906828,0.580170604155407,0.419829395844593,1.7236309334489062,2.3819199177043027,glm,False
2022/23,2022-08-27,Liverpool,Bournemouth,S Attwell,116,1,0,3.045670837406386,3.6770098827035684,0.362678553584861,0.637321446415139,2.757262567956106,1.569066921605866,0.49650516520908616,0.5034948347909138,2.014077737900036,1.9861176935713147,glm,False
2022/23,2022-08-27,Man City,Crystal Palace,D England,28,3,0,3.31289017248434,4.429625241642639,0.4204858948861452,0.5795141051138548,2.378201057780475,1.7255835383049634,0.6362752681476038,0.3637247318523962,1.571646817125727,2.7493318777283804,glm,False
2022/23,2022-08-27,Southampton,Man United,A Madley,47,3,0,2.9306404665864174,3.733957076848712,0.33757547690780165,0.6624245230921983,2.9623004880568358,1.509605947756884,0.5079813966498612,0.4920186033501388,1.9685760277738573,2.03244347508617,glm,False
2022/23,2022-08-28,Aston Villa,West Ham,D Coote,70,2,0,3.628659242454502,3.6468766550521785,0.4866633457378202,0.5133366542621798,2.0548085422047158,1.9480393455193703,0.4903818094412342,0.5096181905587658,2.039227354577957,1.9622533467723355,glm,False
2022/23,2022-08-28,Nott'm Forest,Tottenham,C Pawson,197,7,0,3.8437799256264813,4.0794883688558485,0.529739623538998,0.47026037646100205,1.8877198449294077,2.1264815197181055,0.5746274402753504,0.4253725597246496,1.7402580000718715,2.350880368605149,glm,False
2022/23,2022-08-28,Wolves,Newcastle,P Bankes,41,3,0,3.5541647086487176,3.9521428151998808,0.4713335209558671,0.5286664790441329,2.1216398909459997,1.891551743186124,0.5506951039066011,0.44930489609339885,1.8158868544609428,2.2256601445805875,glm,False
2022/23,2022-08-30,Crystal Palace,Brentford,S Hooper,50,3,0,2.9367635975241764,4.084589244512053,0.3389122875098738,0.6610877124901262,2.9506159465252977,1.5126585793484033,0.5755698726899396,0.42443012731006036,1.7374085188414674,2.356100417135249,glm,False
2022/23,2022-08-30,Fulham,Brighton,T Bramall,0,3,0,3.2962257139428197,3.1826251929290765,0.41691721903797574,0.5830827809620243,2.398557685641938,1.7150223478561772,0.3924414720948777,0.6075585279051223,2.548150669861511,1.6459319622226785,glm,False
2022/23,2022-08-30,Leeds,Everton,D England,29,6,0,3.779395918885015,4.518600253299557,0.5170450116930024,0.48295498830699757,1.934067590606123,2.0705863366387574,0.6509264079284833,0.34907359207151667,1.5362719776301794,2.864725441032859,glm,False
2022/23,2022-08-30,Southampton,Chelsea,M Oliver,236,3,0,2.9839713251608573,3.2882931272304283,0.34921845007227637,0.6507815499277236,2.8635371349739223,1.5366139376739567,0.415216320675323,0.584783679324677,2.408383173314487,1.7100340439644712,glm,False
2022/23,2022-08-31,Arsenal,Aston Villa,R Jones,24,5,0,3.181246556648166,4.107034074277129,0.392143044953861,0.607856955046139,2.5500898533535348,1.6451238925514895,0.5797016505819678,0.42029834941803224,1.7250252763574003,2.3792622583092555,glm,False
2022/23,2022-08-31,Bournemouth,Wolves,A Taylor,241,3,0,3.3049637792828728,3.634958252136836,0.41878923739664553,0.5812107626033545,2.3878359582886692,1.7205462533432936,0.48795046255065144,0.5120495374493486,2.0493883636726657,1.9529360479090736,glm,False
2022/23,2022-08-31,Liverpool,Newcastle,A Marriner,197,2,0,2.754168612114591,3.72022166211754,0.29913534101799333,0.7008646589820067,3.3429684255858247,1.426808995409302,0.5052251094101375,0.49477489058986246,1.979315717636291,2.0211211583672255,glm,False
2022/23,2022-08-31,Man City,Nott'm Forest,P Tierney,131,1,0,3.636843898965769,3.257856978870758,0.48833548423391426,0.5116645157660857,2.0477725503989728,1.9544056098999902,0.4086779742980702,0.5913220257019298,2.446914350394249,1.6911259119985398,glm,False
2022/23,2022-08-31,West Ham,Tottenham,P Bankes,42,7,0,3.5838184156329747,4.114459702437637,0.47745920073584824,0.5225407992641518,2.0944197922227175,1.9137261653218505,0.5810631635341391,0.4189368364658609,1.7209832988169576,2.386994680238604,glm,False
2022/23,2022-09-01,Leicester,Man United,C Pawson,198,4,0,3.5005130200749686,4.285120995489247,0.46017558852374996,0.53982441147625,2.1730835466696847,1.852454203146009,0.6115937105051357,0.38840628949486433,1.6350724064413067,2.5746236017458273,glm,False
2022/23,2022-09-03,Aston Villa,Man City,S Hooper,51,2,0,3.0230448639995404,3.690489819451096,0.35774473901828274,0.6422552609817173,2.795289185088182,1.557013325934385,0.49923318114084403,0.500766818859156,2.003071986751376,1.9969374214493567,glm,False
2022/23,2022-09-03,Brentford,Leeds,R Jones,25,4,0,3.3544480269479964,3.548161214078694,0.4293574861588214,0.5706425138411786,2.329061521545464,1.7524106174085732,0.4700896999844718,0.5299103000155282,2.1272535859284565,1.887111837551934,glm,False
2022/23,2022-09-03,Chelsea,West Ham,A Madley,48,6,0,2.696700283490261,3.7759172422781226,0.2866953910151907,0.7133046089848093,3.4880225889191725,1.4019256113082206,0.5163541314073681,0.4836458685926319,1.9366553672658977,2.067628537611444,glm,False
2022/23,2022-09-03,Everton,Liverpool,A Taylor,242,4,0,3.05336236646938,3.8519022855062244,0.3643550117401866,0.6356449882598134,2.7445759431822436,1.5732051986088502,0.5313284564041229,0.46867154359587715,1.8820749913673183,2.133690456918957,glm,False
2022/23,2022-09-03,Newcastle,Crystal Palace,M Salisbury,5,3,0,3.5216514698949783,4.333274387158318,0.4645829747298331,0.5354170252701669,2.152468029164275,1.8677030292329768,0.6199392792896112,0.38006072071038877,1.6130612035841647,2.631158511015962,glm,False
2022/23,2022-09-03,Nott'm Forest,Bournemouth,M Oliver,237,3,0,3.4397925374382243,3.5569221265175215,0.44743815828996925,0.5525618417100308,2.23494572707394,1.809752184308037,0.4719044023018435,0.5280955976981565,2.1190732595886477,1.893596546456291,glm,False
2022/23,2022-09-03,Tottenham,Fulham,S Attwell,117,7,0,3.6925450097646184,3.8398858139427205,0.49964848394241446,0.5003515160575855,2.001407053434094,1.998594923583503,0.5289768692343119,0.47102313076568814,1.8904418286710511,2.123037988334915,glm,False
2022/23,2022-09-03,Wolves,Southampton,J Brooks,6,6,0,3.4928205760182998,3.769058092239792,0.4585681793062577,0.5414318206937423,2.180700809883591,1.846954615114216,0.5149904016167345,0.4850095983832655,1.9417837630772365,2.0618148657952484,glm,False
2022/23,2022-09-04,Brighton,Leicester,T Harrington,4,2,0,2.8670772586548883,3.91006403957128,0.3237040055147644,0.6762959944852356,3.0892419709474037,1.478642499962095,0.5426205228058393,0.4573794771941607,1.8429085483702217,2.186368321846442,glm,False
2022/23,2022-09-04,Man United,Arsenal,P Tierney,132,6,0,3.4456604176727796,4.415391945613386,0.44867388955261145,0.5513261104473886,2.2287902712527696,1.8138085264790431,0.6338927141339293,0.36610728586607066,1.5775540208981156,2.73143976808432,glm,False
2022/23,2022-09-16,Aston Villa,Southampton,T Harrington,5,4,0,3.2956540901334717,3.8239731282694596,0.4167946975372876,0.5832053024627124,2.3992627687172945,1.7146620508717607,0.5258531712813683,0.4741468287186317,1.9016715208986157,2.1090513305814396,glm,False
2022/23,2022-09-16,Nott'm Forest,Fulham,J Gillett,12,6,0,3.9255733942332878,3.2723152258637276,0.5456060452836188,0.4543939547163812,1.8328242669675272,2.2007335036492055,0.4117862942272076,0.5882137057727924,2.4284441080698986,1.7000623926064502,glm,False
2022/23,2022-09-17,Newcastle,Bournemouth,C Pawson,199,4,0,3.3903296666510423,3.930477717595406,0.43698298725830287,0.5630170127416971,2.288418609324246,1.7761452626988083,0.5465478429325495,0.45345215706745046,1.8296659897776082,2.2053043180280896,glm,False
2022/23,2022-09-17,Tottenham,Leicester,S Hooper,52,3,0,2.7838075802008184,4.337790810721986,0.3055711889483813,0.6944288110516187,3.2725598360286683,1.4400324181331632,0.6207158632853707,0.37928413671462935,1.6110430861346547,2.636545806165347,glm,False
2022/23,2022-09-17,Wolves,Man City,A Taylor,243,3,1,3.2031566594896206,3.4446002270088227,0.3968822717430158,0.6031177282569842,2.5196388732815644,1.6580510788333305,0.4484506955501919,0.5515493044498081,2.229899540624254,1.8130745373662267,glm,False
2022/23,2022-09-18,Brentford,Arsenal,D Coote,71,2,0,3.324986174075421,4.137610913284184,0.42307230658701966,0.5769276934129803,2.3636621552167583,1.7333194634568758,0.5852905466396702,0.4147094533603298,1.708553137824115,2.4113267539409744,glm,False
2022/23,2022-09-18,Everton,West Ham,M Oliver,238,4,0,3.032928415913399,3.910935772507266,0.35990032310401165,0.6400996768959883,2.7785471026404127,1.5622566860981135,0.5427886188639305,0.4572113811360695,1.8423378185287373,2.1871721511289164,glm,False
2022/23,2022-10-01,Arsenal,Tottenham,A Taylor,244,3,1,3.458824437549238,5.1481173247344065,0.4514424612752431,0.5485575387247569,2.215121717118016,1.8229628241455231,0.7425611690938108,0.25743883090618924,1.3466904029204172,3.8844178886300185,glm,False
2022/23,2022-10-01,Bournemouth,Brentford,T Bramall,1,3,0,3.1150646352533298,3.8716804422854496,0.37778555573694006,0.6222144442630599,2.647004325110621,1.6071629471482018,0.5351852178004739,0.4648147821995261,1.8685119968556698,2.151394573270565,glm,False
2022/23,2022-10-01,Crystal Palace,Chelsea,C Kavanagh,106,4,0,3.16849918618111,4.3760270911211565,0.3893823185559605,0.6106176814440395,2.568170028132091,1.6376859537298638,0.6272478621145011,0.3727521378854989,1.5942660954298393,2.6827478594024257,glm,False
2022/23,2022-10-01,Fulham,Newcastle,D England,30,2,1,3.61142615602172,3.514521381777816,0.4831345850397838,0.5168654149602162,2.0698166328077194,1.9347396267110875,0.46309794881439714,0.5369020511856029,2.159370393585538,1.8625371197442264,glm,False
2022/23,2022-10-01,Liverpool,Brighton,A Madley,49,2,0,2.420786158864132,3.5731800583806588,0.22815446809133955,0.7718455319086605,4.382995469541536,1.2955960210421211,0.4752650829531835,0.5247349170468165,2.104088930300201,1.9057241428261589,glm,False
2022/23,2022-10-01,Southampton,Everton,A Marriner,198,4,0,2.930920437143299,3.651850154165633,0.33763659963027837,0.6623634003697216,2.9617642195633658,1.509745253801485,0.4913948344670984,0.5086051655329016,2.0350234269036775,1.9661617061089605,glm,False
2022/23,2022-10-01,West Ham,Wolves,P Tierney,133,4,0,3.180237969736649,3.5224492272188703,0.3919247022432628,0.6080752977567372,2.5515105179038,1.6445331749030425,0.4647490258594653,0.5352509741405347,2.151698969461398,1.86828244751114,glm,False
2022/23,2022-10-02,Leeds,Aston Villa,S Attwell,118,5,1,4.109722480074672,4.234625177560561,0.5801948917682805,0.41980510823171946,1.7235587803130505,2.3820577224801918,0.6027138844834937,0.3972861155165063,1.6591620431259313,2.51707764491068,glm,False
2022/23,2022-10-02,Man City,Man United,M Oliver,239,3,0,3.155767438214571,4.319017484700262,0.3866226107258546,0.6133773892741454,2.586501596796359,1.6303176763384994,0.6174808992145895,0.3825191007854105,1.6194832929600886,2.6142485380383405,glm,False
2022/23,2022-10-03,Leicester,Nott'm Forest,R Jones,26,6,0,3.2126926013980124,3.6005253141064903,0.3989424700648906,0.6010575299351094,2.506627082940915,1.6637342520406668,0.48089691464659823,0.5191030853534018,2.079447735144819,1.9263996462652633,glm,False
2022/23,2022-10-08,Bournemouth,Leicester,M Salisbury,6,3,0,3.123351360768421,3.920055253945149,0.3795863548110425,0.6204136451889575,2.634446647845912,1.6118278631596394,0.5445450642779792,0.4554549357220208,1.836395306099993,2.1956069010751333,glm,False
2022/23,2022-10-08,Brighton,Tottenham,T Harrington,6,3,0,3.122704130083753,4.578192734709779,0.3794457330229748,0.6205542669770252,2.6354229682151984,1.611462612079699,0.6605041867462917,0.33949581325370826,1.5139949451737738,2.94554442488129,glm,False
2022/23,2022-10-08,Chelsea,Wolves,S Hooper,53,2,0,2.800711696348398,3.6497134105145808,0.30924676998793443,0.6907532300120656,3.2336635239198004,1.447695003876468,0.4909597262565957,0.5090402737434043,2.0368269463254487,1.9644811060746783,glm,False
2022/23,2022-10-08,Man City,Southampton,A Madley,50,1,0,2.6255197853580294,3.4870818487882276,0.2713781942280009,0.7286218057719991,3.684894443508017,1.3724541210243724,0.45736781079309086,0.5426321892069091,2.1864240910744615,1.8428689264851068,glm,False
2022/23,2022-10-08,Newcastle,Brentford,J Brooks,7,1,0,3.6306807990007672,3.6320584949483794,0.48707658238765283,0.5129234176123472,2.0530652389363353,1.949608783032346,0.4873581181301758,0.5126418818698242,2.051879229665145,1.9506794808738068,glm,False
2022/23,2022-10-09,Arsenal,Liverpool,M Oliver,240,3,0,2.7779082557495527,3.594684732900399,0.30428926919517796,0.695710730804822,3.286346582792499,1.4373790078574262,0.4796962431200862,0.5203037568799138,2.0846525574094645,1.9219542176605888,glm,False
2022/23,2022-10-09,Crystal Palace,Leeds,P Tierney,134,6,0,3.743627430216585,3.9175508397473564,0.5099173932150085,0.4900826067849915,1.9611019614275962,2.040472332940228,0.5440630803865418,0.45593691961345817,1.8380221633298983,2.1932858625438727,glm,False
2022/23,2022-10-09,Everton,Man United,D Coote,72,3,0,3.5801102653766876,4.407897255471504,0.4766948573821901,0.5233051426178099,2.0977780324536837,1.9109309627601707,0.6326338698418266,0.36736613015817343,1.5806931112461995,2.7220800120289783,glm,False
2022/23,2022-10-09,West Ham,Fulham,C Kavanagh,107,4,0,3.37763556272232,3.25195288885097,0.4342890575355649,0.5657109424644351,2.3026138527980473,1.7676872143283098,0.40740748228237966,0.5925925177176203,2.4545450034392995,1.6875002132182098,glm,False
2022/23,2022-10-10,Nott'm Forest,Aston Villa,A Taylor,245,6,0,4.135335214607548,3.639803893312106,0.5848761825205708,0.41512381747942917,1.7097635873808705,2.4089198400415883,0.4889396066503927,0.5110603933496073,2.045242370219829,1.9567159048381153,glm,False
2022/23,2022-10-14,Brentford,Brighton,M Salisbury,7,4,0,3.1984630179968123,3.4397532357836114,0.39586767268768663,0.6041323273123134,2.5260966454033587,1.6552664950886466,0.447429878289735,0.552570121710265,2.2349870862947734,1.8097250660330504,glm,False
2022/23,2022-10-15,Fulham,Bournemouth,G Scott,94,2,0,2.8893522535923033,3.362360828899448,0.3285633760399759,0.6714366239600241,3.043552851363237,1.4893438402304635,0.43104192851578027,0.5689580714842197,2.319959924648932,1.757598758360765,glm,False
2022/23,2022-10-15,Leicester,Crystal Palace,A Madley,51,4,0,2.6583873593164586,4.241022935713539,0.278436704558515,0.721563295441485,3.5914805182943996,1.3858798061342004,0.603846166458749,0.396153833541251,1.6560509208239111,2.5242719250270014,glm,False
2022/23,2022-10-15,Tottenham,Everton,P Tierney,135,5,0,3.3494846939824408,4.3341076611049365,0.42830011873227936,0.5716998812677206,2.334811400379455,1.7491695079287786,0.6200826377703352,0.37991736222966477,1.612688275865543,2.632151355576868,glm,False
2022/23,2022-10-15,Wolves,Nott'm Forest,T Bramall,2,4,0,3.751181038578705,3.539590856074573,0.5114269802104721,0.48857301978952794,1.955313346175951,2.046776959625788,0.4683119725882252,0.5316880274117748,2.1353287093500692,1.8808021780515534,glm,False
2022/23,2022-10-16,Aston Villa,Chelsea,R Jones,27,3,0,3.2172774806521454,3.576791146239554,0.399932459967289,0.600067540032711,2.500422196492356,1.6664790765810924,0.4760102964441646,0.5239897035558354,2.100794893451005,1.9084344467342034,glm,False
2022/23,2022-10-16,Leeds,Arsenal,C Kavanagh,108,2,0,3.631937379148145,3.9632697470692158,0.4873333706028047,0.5126666293971953,2.0519834272031376,1.9505853173549095,0.5528166817852649,0.4471833182147351,1.8089179160994244,2.236219374175772,glm,False
2022/23,2022-10-16,Liverpool,Man City,A Taylor,246,4,0,2.866410683749119,3.399864668750457,0.3235586307201572,0.6764413692798428,3.090629966427601,1.478324723197557,0.4390036821075114,0.5609963178924886,2.2778852222818062,1.782542893965382,glm,False
2022/23,2022-10-16,Man United,Newcastle,C Pawson,200,4,0,3.674348150501408,4.044910073689544,0.4959656666471266,0.5040343333528734,2.016268599317153,1.983991831167386,0.5682055172280103,0.43179448277198973,1.7599265928963492,2.31591657582168,glm,False
2022/23,2022-10-16,Southampton,West Ham,P Bankes,43,2,0,3.4196742953164345,3.3349556973047534,0.4431939034098835,0.5568060965901165,2.2563487275120746,1.7959573469543624,0.4252014651024476,0.5747985348975524,2.351826327218936,1.7397399946021648,glm,False
2022/23,2022-10-18,Brighton,Nott'm Forest,D England,31,4,0,3.760907259779515,3.609778400915666,0.5133673309089405,0.4866326690910595,1.9479229389791008,2.0549380744778527,0.48279661582907263,0.5172033841709274,2.071265554094182,1.9334753611540874,glm,False
2022/23,2022-10-18,Crystal Palace,Wolves,D Coote,73,4,0,3.363709113255955,3.8603824983262185,0.43132878852579426,0.5686712114742057,2.318417009487875,1.7584853599457422,0.5329842125136389,0.4670157874863611,1.8762281818514657,2.141255235465042,glm,False
2022/23,2022-10-19,Bournemouth,Southampton,J Brooks,8,4,0,3.4094824342791985,3.780362197589364,0.44103942420553455,0.5589605757944655,2.267370999319047,1.7890349396800902,0.5172368293906655,0.4827631706093345,1.9333503400716012,2.071409048742925,glm,False
2022/23,2022-10-19,Brentford,Chelsea,J Gillett,13,0,0,3.2589590623019826,3.484322752950931,0.4089150540873385,0.5910849459126615,2.4454956842611475,1.691804210063167,0.45679032681386533,0.5432096731861347,2.1891882145908133,1.8409097800755527,glm,False
2022/23,2022-10-19,Liverpool,West Ham,S Attwell,119,0,0,3.0208262427315935,3.3764417978901355,0.35726078856823207,0.6427392114317679,2.7990757228287686,1.5558409728455758,0.4340355010618835,0.5659644989381165,2.3039590023246115,1.7668952767819128,glm,False
2022/23,2022-10-19,Man United,Tottenham,S Hooper,54,1,0,3.1304767209871778,4.535147824599905,0.38113412862948504,0.618865871370515,2.6237482421106875,1.6158590193145423,0.6536049143595262,0.34639508564047383,1.5299762563442623,2.8868769836934343,glm,False
2022/23,2022-10-19,Newcastle,Everton,T Harrington,7,6,0,3.178729606548814,3.8385355214532595,0.39159813708436597,0.608401862915634,2.553638297274534,1.6436504569655932,0.528712228658587,0.471287771341413,1.8913880666939225,2.1218458462304857,glm,False
2022/23,2022-10-20,Fulham,Aston Villa,M Oliver,241,2,1,3.5188150756303047,3.4286323368953293,0.46399241914764566,0.5360075808523543,2.1552076256698345,1.8656452552589073,0.44508516315029045,0.5549148368497095,2.24676103090485,1.8020783255266162,glm,False
2022/23,2022-10-20,Leicester,Leeds,P Bankes,44,3,0,3.7835438641150927,3.814594789084759,0.5178681523004366,0.4821318476995634,1.9309934305824215,2.074121435394457,0.5240070799768781,0.4759929200231219,1.9083711617868315,2.1008715842904215,glm,False
2022/23,2022-10-22,Chelsea,Man United,S Attwell,120,5,0,3.5647521401335838,4.306611475006793,0.4735240770403101,0.5264759229596899,2.111825033798381,1.8994220939455304,0.6153330992977646,0.3846669007022354,1.6251360460557511,2.5996517978917146,glm,False
2022/23,2022-10-22,Everton,Crystal Palace,S Hooper,55,7,0,2.9329970795901197,3.9297043381477574,0.3380899716260608,0.6619100283739392,2.957792552054855,1.5107793463359651,0.5463994005187159,0.45360059948128406,1.8301630621312273,2.2045826243253472,glm,False
2022/23,2022-10-22,Man City,Brighton,C Pawson,201,4,0,3.1901723236553488,3.482231996751873,0.39407464166147843,0.6059253583385216,2.5375903300548557,1.6503682941114255,0.45635257076524194,0.5436474292347581,2.191288192642663,1.839427441802874,glm,False
2022/23,2022-10-22,Nott'm Forest,Liverpool,P Tierney,136,3,0,3.44268632602695,3.4536949392512653,0.44804769338053485,0.5519523066194651,2.231905251994417,1.8117507400678992,0.4503642665722031,0.5496357334277969,2.2204248299075,1.819386803262429,glm,False
2022/23,2022-10-23,Aston Villa,Brentford,D England,32,1,0,3.5280960172354545,3.6657989881343527,0.4659237971944763,0.5340762028055237,2.1462737169069745,1.872391982168387,0.4942310293281469,0.5057689706718531,2.02334523868198,1.9771873285773554,glm,False
2022/23,2022-10-23,Leeds,Fulham,A Taylor,247,2,0,4.003688139093436,3.502661306586216,0.5604747285246582,0.4395252714753418,1.7842017652291076,2.2751820313842908,0.46062415997829254,0.5393758400217075,2.170967324091568,1.8539947950945568,glm,False
2022/23,2022-10-23,Southampton,Arsenal,R Jones,28,3,0,2.9988478640212066,3.6461687885285565,0.3524653719985267,0.6475346280014733,2.837158142173978,1.5443189549358352,0.49023755273218317,0.5097624472678168,2.039827415151732,1.9616980524158232,glm,False
2022/23,2022-10-23,Tottenham,Newcastle,J Gillett,14,6,0,3.377083636595157,3.8517710853637226,0.4341718326423828,0.5658281673576172,2.303235550574458,1.7673209954710076,0.5313028149275213,0.4686971850724787,1.882165823150056,2.1335737270224087,glm,False
2022/23,2022-10-23,Wolves,Leicester,M Oliver,242,3,0,2.858843208511759,3.9261790100620475,0.3219084139944639,0.6780915860055361,3.106473632022547,1.4747270437180087,0.5457224035540275,0.45427759644597254,1.8324334743955555,2.2012971976242515,glm,False
2022/23,2022-10-24,West Ham,Bournemouth,D Coote,74,2,0,3.205391996091294,3.651158233952615,0.39736534393528133,0.6026346560647187,2.5165757790968035,1.6593801732713611,0.49125395649480175,0.5087460435051983,2.0356070150258048,1.9656172519988988,glm,False
2022/23,2022-10-29,Bournemouth,Tottenham,A Taylor,248,3,0,3.374724875742665,4.1733191387503865,0.43367076086115197,0.566329239138848,2.3058967545201168,1.7657573208132171,0.5917586072243535,0.4082413927756465,1.6898782506781012,2.4495311296117412,glm,False
2022/23,2022-10-29,Brentford,Wolves,R Madley,85,6,1,3.0436493770850848,3.335652227337187,0.3622378847498786,0.6377621152501214,2.760616826951961,1.5679827573448981,0.4253501327758653,0.5746498672241347,2.351004320779045,1.7401900827551449,glm,False
2022/23,2022-10-29,Brighton,Chelsea,A Madley,52,3,0,2.6408226758390154,3.783769362873816,0.2746613378541467,0.7253386621458533,3.64084733516819,1.3786663419285887,0.5179128808967939,0.4820871191032061,1.930826663875296,2.0743138747623706,glm,False
2022/23,2022-10-29,Crystal Palace,Southampton,M Salisbury,8,6,0,3.412761009569781,4.0357148045755675,0.44173280346939836,0.5582671965306016,2.2638119518087283,1.7912569576263553,0.5664880586532394,0.43351194134676063,1.7652622764500734,2.306741532640073,glm,False
2022/23,2022-10-29,Fulham,Everton,J Brooks,9,3,0,3.8444625147539155,3.5432405357165164,0.5298732569484997,0.47012674305150026,1.8872437642143423,2.127085971559917,0.46906931638448546,0.5309306836155145,2.1318810782761215,1.88348504025089,glm,False
2022/23,2022-10-29,Leicester,Man City,R Jones,29,0,0,2.7431179595194375,3.6232621188069642,0.29673898879253646,0.7032610112074635,3.3699649785459935,1.4219471633768672,0.4855593583612775,0.5144406416387225,2.0594804379322786,1.9438588615676917,glm,False
2022/23,2022-10-29,Liverpool,Leeds,M Oliver,243,1,0,3.1388734597387673,3.4947461218330105,0.3829572712255549,0.6170427287744451,2.6112573781397614,1.6206333100888735,0.45897071488314967,0.5410292851168503,2.1787882485151413,1.8483287827645452,glm,False
2022/23,2022-10-29,Newcastle,Aston Villa,P Tierney,137,2,0,3.5267204367402645,4.069147236418464,0.4656377142463628,0.5343622857536372,2.1475923650611195,1.871389554728121,0.5727129394276913,0.4272870605723087,1.7460754440074187,2.340347022586172,glm,False
2022/23,2022-10-30,Arsenal,Nott'm Forest,S Hooper,56,1,0,3.347873417626014,3.8929408001777097,0.42795672874899104,0.572043271251009,2.336684839430411,1.7481195046890192,0.5393117126184485,0.46068828738155154,1.8542152462160204,2.17066512735493,glm,False
2022/23,2022-10-30,Man United,West Ham,C Kavanagh,109,4,0,3.373518317077467,3.8187372091287233,0.4334143958785064,0.5665856041214936,2.3072606944055396,1.7649583623829046,0.5248229643562168,0.4751770356437832,1.9054044276181157,2.1044788047157454,glm,False
2022/23,2022-11-05,Everton,Leicester,D Coote,75,0,0,3.1697998279697126,3.843627080526818,0.38966411206738427,0.6103358879326157,2.566312803851618,1.638442077177027,0.5297096976192724,0.47029030238072755,1.887826491556414,2.1263462056048126,glm,False
2022/23,2022-11-05,Leeds,Bournemouth,T Harrington,8,4,0,3.5395962501945366,3.958366793161092,0.46831309224759265,0.5316869077524073,2.1353236041312926,1.8808061387617876,0.5518825391439197,0.4481174608560803,1.8119797766227577,2.231557766326729,glm,False
2022/23,2022-11-05,Man City,Fulham,D England,33,6,1,3.3803844009635022,3.3050899156566573,0.4348727717479848,0.5651272282520152,2.299523136342771,1.7695130406175648,0.41881624812511253,0.5811837518748875,2.3876819595147873,1.7206262163627588,glm,False
2022/23,2022-11-05,Nott'm Forest,Brentford,A Marriner,199,4,0,3.364610280081819,3.336613649947478,0.4315204945024498,0.5684795054975502,2.3173870366296656,1.7590783666418548,0.4255553202030604,0.5744446797969396,2.349870751287598,1.7408116658918138,glm,False
2022/23,2022-11-05,Wolves,Brighton,G Scott,95,2,1,2.66639784604619,3.6000065772424827,0.2801608383818964,0.7198391616181036,3.5693782392129596,1.3891992174364782,0.4807903249463512,0.5192096750536488,2.079908742156125,1.9260041714297258,glm,False
2022/23,2022-11-06,Aston Villa,Man United,A Taylor,249,6,0,3.8558151635037214,4.278731374969022,0.5320928348639873,0.4679071651360127,1.879371294777195,2.1371760778856994,0.6104773094115434,0.38952269058845657,1.638062520233436,2.5672445384100424,glm,False
2022/23,2022-11-06,Chelsea,Arsenal,M Oliver,244,7,0,3.0231170576588373,4.083776106518731,0.3577604862722056,0.6422395137277944,2.7951661471053018,1.5570515027884724,0.5754197231219436,0.42458027687805644,1.7378618768479004,2.3552672002406974,glm,False
2022/23,2022-11-06,Southampton,Newcastle,S Attwell,121,1,0,3.383274342429469,3.442304042201364,0.4354862363395394,0.5645137636604606,2.296283823813713,1.771435993899827,0.4479671846995321,0.5520328153004679,2.2323063700988195,1.811486513633626,glm,False
2022/23,2022-11-06,Tottenham,Liverpool,A Madley,53,0,0,2.5971793679975157,3.819919168801191,0.2653139467017762,0.7346860532982238,3.7691196125624,1.3611256066597468,0.5250556266163724,0.4749443733836276,1.9045601062202155,2.1055097313307223,glm,False
2022/23,2022-11-06,West Ham,Crystal Palace,P Tierney,138,2,0,3.311282572408672,3.9114472449494633,0.42014189988184525,0.5798581001181548,2.3801482315408813,1.7245598531713795,0.54288722998844,0.45711277001156003,1.842003172594967,2.1876439811005732,glm,False
2022/23,2022-11-12,Bournemouth,Everton,C Pawson,202,2,0,3.413794840544415,3.6825720670092603,0.4419513846866323,0.5580486153133677,2.262692311076375,1.7919585723520846,0.4976316684920651,0.5023683315079349,2.0095184115396494,1.9905713343799916,glm,False
2022/23,2022-11-12,Liverpool,Southampton,S Hooper,57,2,0,2.531689297181642,3.6708844681061525,0.2513898302954447,0.7486101697045553,3.9778856560138283,1.3358087299223542,0.4952632167882549,0.5047367832117451,2.0191283465081975,1.9812306795569605,glm,False
2022/23,2022-11-12,Man City,Brentford,P Bankes,45,4,0,3.3186022701542255,3.4490078720528174,0.42170769617960535,0.5782923038203946,2.371310765867787,1.7292293073825495,0.44937838840076283,0.5506216115992372,2.225296155337546,1.81612922365248,glm,False
2022/23,2022-11-12,Newcastle,Chelsea,R Jones,30,5,0,2.9655182129961837,3.713880999650678,0.3451901379847392,0.6548098620152608,2.896954141963957,1.5271608721994085,0.5039501867060248,0.49604981329397524,1.984323106488582,2.015926572695568,glm,False
2022/23,2022-11-12,Nott'm Forest,Crystal Palace,J Brooks,10,5,0,4.145730241508821,4.05192021779492,0.5867668358257525,0.4132331641742475,1.70425446522162,2.4199412987538707,0.5695121175469506,0.43048788245304936,1.7558888901386016,2.3229457570366425,glm,False
2022/23,2022-11-12,Tottenham,Leeds,M Salisbury,9,2,1,3.9968752218075267,3.8925695238461078,0.559189261002242,0.440810738997758,1.7883032986142964,2.2685472733119734,0.5392398232077457,0.46076017679225434,1.8544624431692678,2.1703264526067665,glm,False
2022/23,2022-11-12,West Ham,Leicester,J Gillett,15,4,0,3.0991780704205785,3.8762725542454413,0.3743310872812782,0.6256689127187218,2.6714318793634804,1.598289414212216,0.5360782172229199,0.46392178277708007,1.8653994284273732,2.155535775910121,glm,False
2022/23,2022-11-12,Wolves,Arsenal,S Attwell,122,5,0,3.4077387710114926,4.130210059220779,0.4406705397930448,0.5593294602069552,2.269269010970502,1.787855049919942,0.5839420429071804,0.41605795709281956,1.7124987182314484,2.403511296809322,glm,False
2022/23,2022-11-13,Brighton,Aston Villa,C Kavanagh,110,9,0,3.3238348073296082,4.455697042892751,0.42282626263392165,0.5771737373660784,2.365037577776452,1.7325805650192634,0.6406117976912448,0.35938820230875523,1.5610077797567652,2.782506475103728,glm,False
2022/23,2022-11-13,Fulham,Man United,P Tierney,139,2,0,3.7134934689514028,3.644592200649291,0.5038722137946408,0.49612778620535924,1.984630175315764,2.0156097437084,0.48991619136389564,0.5100838086361044,2.0411654434528144,1.960462149688432,glm,False
2022/23,2022-12-26,Arsenal,West Ham,M Oliver,245,2,0,3.0408776757186935,3.8573386996717542,0.36163362268346755,0.6383663773165325,2.7652296060847332,1.5664985430524208,0.532390275424213,0.467609724575787,1.8783213108150625,2.138535508232201,glm,False
2022/23,2022-12-26,Aston Villa,Liverpool,P Tierney,140,0,0,3.1601341104093246,3.756159074455628,0.38756938027729904,0.612430619722701,2.5801831901284813,1.6328380191911116,0.5124205670518449,0.4875794329481551,1.9515219807694086,2.0509478711058167,glm,False
2022/23,2022-12-26,Brentford,Tottenham,D Coote,76,4,0,3.324966479413208,3.9337548026014995,0.42306809815081703,0.576931901849183,2.3636856675577462,1.7333068197386876,0.5471765433155495,0.45282345668445045,1.8275637218302925,2.2083661639835257,glm,False
2022/23,2022-12-26,Crystal Palace,Fulham,A Madley,54,0,2,3.0097134813200803,3.478305117351501,0.3548363832124555,0.6451636167875445,2.8182002954337912,1.5499944106880794,0.45553000898143825,0.5444699910185617,2.1952450558328587,1.836648514143562,glm,False
2022/23,2022-12-26,Everton,Wolves,C Pawson,203,7,0,3.457820050337242,3.696474838850769,0.45123140567315567,0.5487685943268443,2.21615780157895,1.8222617152985328,0.5004421464235409,0.4995578535764591,1.9982329768717493,2.0017701510260544,glm,False
2022/23,2022-12-26,Leicester,Newcastle,J Gillett,16,0,0,3.164430192868267,3.7204023281068475,0.3885005828568271,0.6114994171431729,2.5739987122967247,1.635324535012379,0.505261412648273,0.49473858735172704,1.979173502996416,2.0212694654623027,glm,False
2022/23,2022-12-26,Southampton,Brighton,R Jones,31,3,0,2.8611663772630704,3.4120182638659178,0.32241498227401133,0.6775850177259887,3.101592838356775,1.475829562105805,0.4415757476815476,0.5584242523184524,2.2646171245826046,1.790753169920941,glm,False
2022/23,2022-12-27,Chelsea,Bournemouth,S Hooper,58,0,0,2.7579312699781533,4.039360011773821,0.29995169593690907,0.7000483040630909,3.333870131577242,1.4284728556529385,0.5671693821985024,0.43283061780149756,1.7631417198927923,2.3103726004397744,glm,False
2022/23,2022-12-27,Man United,Nott'm Forest,A Taylor,250,4,0,4.053966524239785,4.03880455427789,0.569893076456699,0.43010692354330105,1.7547151234359328,2.3250032614258185,0.5670656030846809,0.4329343969153191,1.7634643938201773,2.3098187788382116,glm,False
2022/23,2022-12-28,Leeds,Man City,S Attwell,123,6,0,3.6934370985932743,3.7350064790201687,0.4998287017170059,0.5001712982829941,2.000685427957241,1.9993150415324423,0.5081916688193436,0.49180833118065637,1.9677614989699657,2.0333124442999098,glm,False
2022/23,2022-12-30,Liverpool,Leicester,C Pawson,204,1,0,2.8955047963572067,3.932197806870536,0.32990597990364556,0.6700940200963544,3.0311666381193403,1.4923278972944836,0.5468778988556573,0.4531221011443427,1.8285617357960549,2.2069106703789947,glm,False
2022/23,2022-12-30,West Ham,Brentford,D England,34,1,0,3.292402386443729,3.510538003432659,0.4160975942094889,0.5839024057905111,2.403282340288031,1.712614967986232,0.46226759283317265,0.5377324071668274,2.163249199173019,1.8596610259529285,glm,False
2022/23,2022-12-31,Bournemouth,Crystal Palace,A Marriner,200,5,0,3.02788078913496,3.965936564523568,0.35879951379439423,0.6412004862056058,2.787071781187078,1.5595746127980048,0.5533243130315207,0.44667568696847926,1.8072583771373767,2.238760759034927,glm,False
2022/23,2022-12-31,Brighton,Arsenal,A Taylor,251,6,0,3.300151876913021,3.9945402870486815,0.4177585572715361,0.5822414427284639,2.3937271483586073,1.7175005532307384,0.5587481999089022,0.44125180009109777,1.789714938075933,2.2662797064930884,glm,False
2022/23,2022-12-31,Fulham,Southampton,G Scott,96,1,0,2.902201839851997,3.4306054048489574,0.33136756578944415,0.6686324342105558,3.0177968613724095,1.4955900265004116,0.4455014203659565,0.5544985796340435,2.2446617547898082,1.8034311299047463,glm,False
2022/23,2022-12-31,Man City,Everton,A Madley,55,7,0,2.6509250807228253,3.517910280905411,0.27683187395119835,0.7231681260488017,3.612300800941319,1.382804307849869,0.4638039801739451,0.5361960198260549,2.1560832652297637,1.8649895989985263,glm,False
2022/23,2022-12-31,Newcastle,Leeds,S Hooper,59,8,0,3.208023033324362,3.6322680622447634,0.39793382252007115,0.6020661774799289,2.5129806601185845,1.6609469812532978,0.4874009376289652,0.5125990623710348,2.051698966490811,1.9508424291189388,glm,False
2022/23,2022-12-31,Wolves,Man United,R Jones,32,4,0,3.277565860946807,4.413121119854399,0.4129140535429001,0.5870859464570999,2.4218114918098905,1.703328117517923,0.6335116072706981,0.3664883927293019,1.578503043232643,2.728599376784701,glm,False
2022/23,2023-01-01,Nott'm Forest,Chelsea,P Bankes,46,4,0,3.8684175293957836,3.936262711671689,0.5345501325674312,0.4654498674325688,1.870731927793235,2.1484590929545666,0.5476573475449391,0.4523426524550609,1.8259592507666356,2.210713481411854,glm,False
2022/23,2023-01-01,Tottenham,Aston Villa,J Brooks,11,7,0,3.9768256518185683,4.594416343634455,0.5553936281595319,0.44460637184046814,1.8005247977255492,2.249180541116527,0.6630788906321767,0.33692110936782327,1.5081161746026992,2.968053862449683,glm,False
2022/23,2023-01-02,Brentford,Liverpool,S Attwell,124,4,0,2.981488087689814,3.499287038183884,0.3486764015922057,0.6513235984077943,2.8679887581538983,1.5353351274920322,0.4599195328049379,0.5400804671950621,2.174293389761557,1.8515759423656915,glm,False
2022/23,2023-01-03,Arsenal,Newcastle,A Madley,56,8,0,2.7850246486888084,3.719061891896642,0.3058357112928807,0.6941642887071193,3.269729345120065,1.440581165393137,0.5049920328412633,0.49500796715873674,1.9802292609917969,2.020169505028037,glm,False
2022/23,2023-01-03,Everton,Brighton,A Marriner,201,4,0,2.912968836518989,3.355769265826629,0.3337176902617487,0.6662823097382513,2.9965447717669935,1.5008653019661433,0.42963885445660743,0.5703611455433926,2.3275362310160843,1.7532751096628143,glm,False
2022/23,2023-01-03,Leicester,Fulham,D Bond,0,8,0,3.2289167638541523,3.3039528590220937,0.40244401189223855,0.5975559881077614,2.4848176900387515,1.6734833553699793,0.4185727470542282,0.5814272529457718,2.389070972818125,1.719905620064334,glm,False
2022/23,2023-01-03,Man United,Bournemouth,M Salisbury,10,3,0,3.586137119879915,4.285344859410553,0.47793689967696396,0.522063100323036,2.0923264152148473,1.9154772658347847,0.6116327861176143,0.3883672138823857,1.6349679459591697,2.5748826477995204,glm,False
2022/23,2023-01-04,Aston Villa,Wolves,J Gillett,17,4,0,3.5281476138458587,4.168015076632959,0.4659345266654651,0.5340654733345349,2.146224292835004,1.8724295988585784,0.5908018764938647,0.40919812350613527,1.6926147999639685,2.4438039730771313,glm,False
2022/23,2023-01-04,Crystal Palace,Tottenham,M Oliver,246,3,0,3.170675622344114,4.075059501097125,0.3898538453316578,0.6101461546683422,2.5650638360364937,1.6389515730760789,0.5738081400223688,0.4261918599776312,1.7427427919740157,2.3463610967428736,glm,False
2022/23,2023-01-04,Leeds,West Ham,D Coote,77,4,0,3.6364760966159713,3.6776444176239815,0.48826039465796334,0.5117396053420367,2.048087477380837,1.9541188322362106,0.4966337370540532,0.5033662629459468,2.013556320059587,1.9866249957784388,glm,False
2022/23,2023-01-04,Southampton,Nott'm Forest,T Bramall,3,4,0,3.57461178253142,3.8006687652952214,0.47556059928755356,0.5244394007124464,2.1027814362630526,1.9067979992378692,0.5212588732081348,0.4787411267918652,1.9184325704527765,2.0888115602291975,glm,False
2022/23,2023-01-05,Chelsea,Man City,P Tierney,141,2,0,2.9874235383985908,3.70573354962188,0.3499719825632359,0.6500280174367641,2.8573715892223217,1.5383952278599773,0.5023096330653544,0.49769036693464563,1.9908039467558694,2.0092814055436907,glm,False
2022/23,2023-01-12,Fulham,Chelsea,D Coote,78,7,1,3.424855644952975,3.433556723209786,0.4442880880142184,0.5557119119857816,2.250791832996426,1.7994935477027993,0.4461238513474143,0.5538761486525857,2.241530007821215,1.8054577768562514,glm,False
2022/23,2023-01-13,Aston Villa,Leeds,M Oliver,247,4,0,3.6447467551032497,3.8919295422079636,0.489947698832111,0.510052301167889,2.041034180553764,1.9605832533453067,0.5391158905058971,0.46088410949410286,1.8548887495444015,2.1697428472803426,glm,False
2022/23,2023-01-14,Brentford,Bournemouth,J Gillett,18,2,0,3.1369733262711774,3.756727837676277,0.38254478215395105,0.617455217846049,2.61407303576176,1.6195506509580286,0.5125340242962079,0.48746597570379213,1.9510899815347122,2.0514252272811926,glm,False
2022/23,2023-01-14,Brighton,Liverpool,D England,35,4,0,2.8091125832430657,3.8705789890248865,0.3110746294550224,0.6889253705449776,3.214662673558172,1.4515360338797587,0.5349708862812543,0.46502911371874567,1.8692606002380892,2.1504029973590217,glm,False
2022/23,2023-01-14,Everton,Southampton,J Brooks,12,3,0,3.620732525472314,3.8405001876423923,0.48504156104841845,0.5149584389515816,2.061678998885163,1.941904286559374,0.529097252675837,0.47090274732416304,1.8900117037891178,2.123580730166379,glm,False
2022/23,2023-01-14,Man United,Man City,S Attwell,125,3,0,3.444488234911568,3.755855883349648,0.4484271167781926,0.5515728832218074,2.230016791100156,1.812997031614159,0.5123600808826843,0.48763991911731575,1.9517523657916889,2.0506934744188188,glm,False
2022/23,2023-01-14,Nott'm Forest,Leicester,P Tierney,142,3,0,3.3394241613959554,3.9651653832486904,0.42615501436235836,0.5738449856376416,2.3465639645148064,1.7426308934090031,0.5531775518777958,0.4468224481222042,1.8077378530734616,2.238025426436283,glm,False
2022/23,2023-01-14,Wolves,West Ham,S Hooper,60,2,0,2.8249145127914472,3.7488780414203715,0.31451474751808106,0.6854852524819189,3.1795011454669906,1.4588205893260657,0.5109669729411547,0.4890330270588453,1.9570736524201235,2.0448516657744467,glm,False
2022/23,2023-01-15,Chelsea,Crystal Palace,P Bankes,47,7,0,3.5027844037674254,4.263342898577821,0.46064985876922604,0.539350141230774,2.170846209899686,1.8540831336727617,0.6077800024633172,0.3922199975366828,1.6453321859011893,2.5495895321004736,glm,False
2022/23,2023-01-15,Newcastle,Fulham,R Jones,33,4,0,3.2570548381767974,3.0805707899665595,0.40850540300675553,0.5914945969932445,2.4479480384827683,1.6906325181723023,0.37028172658062053,0.6297182734193795,2.7006463679278334,1.588011722400853,glm,False
2022/23,2023-01-15,Tottenham,Arsenal,C Pawson,205,6,0,3.4998705203509926,4.053650616892204,0.46004140345185796,0.539958596548142,2.1737173926012665,1.8519938498855648,0.5698342774642718,0.43016572253572816,1.7548961856944438,2.3246854586767856,glm,False
2022/23,2023-01-18,Crystal Palace,Man United,R Jones,34,3,0,3.2950762221518226,4.073991237891153,0.41667083042872033,0.5833291695712797,2.399976016970234,1.7142979507350102,0.5736103782906826,0.4263896217093174,1.74334363157781,2.3452728422215916,glm,False
2022/23,2023-01-19,Man City,Tottenham,S Hooper,61,3,0,2.7872878348943257,3.8122517388617103,0.3063276490782756,0.6936723509217244,3.264478420439518,1.4416027951398662,0.5235452720810733,0.47645472791892673,1.9100544944757818,2.098835296205014,glm,False
2022/23,2023-01-21,Bournemouth,Nott'm Forest,A Madley,57,3,0,3.0444901250427963,4.046120177769257,0.36242116719083783,0.6375788328091622,2.759220736887689,1.5684334995784222,0.5684312338092039,0.4315687661907961,1.7592277491487278,2.317127833013525,glm,False
2022/23,2023-01-21,Crystal Palace,Newcastle,C Pawson,206,6,0,3.4829655206725874,3.628587721192109,0.45650616909609687,0.5434938309039031,2.1905509009441118,1.8399472876018959,0.4866487229642622,0.5133512770357378,2.0548702848922025,1.9479838557611757,glm,False
2022/23,2023-01-21,Leicester,Brighton,T Bramall,4,1,0,2.946920463925331,3.512315654333991,0.34112980255324,0.65887019744676,2.9314354609750946,1.5177496324392559,0.46263821641863556,0.5373617835813644,2.161516201020264,1.8609436520313793,glm,False
2022/23,2023-01-21,Liverpool,Chelsea,M Oliver,248,4,0,2.639636741524534,3.740345104072621,0.2744066961507907,0.7255933038492093,3.644225939189489,1.378182508982769,0.5092606984199137,0.4907393015800863,1.9636308144388641,2.0377418249979002,glm,False
2022/23,2023-01-21,Southampton,Aston Villa,M Salisbury,11,3,0,3.5955475921710867,4.222897164164707,0.4798737008072894,0.5201262991927106,2.08388165118802,1.9226099536826011,0.6006328347176756,0.3993671652823244,1.6649106445704802,2.5039614843976232,glm,False
2022/23,2023-01-21,West Ham,Everton,S Attwell,126,2,0,3.3214618014773807,3.6439408953231354,0.4223190605041345,0.5776809394958655,2.3678779707604747,1.7310593644870587,0.48978340649103014,0.5102165935089699,2.0417188225389866,1.959951935554639,glm,False
2022/23,2023-01-22,Arsenal,Man United,A Taylor,252,3,0,3.554666679686548,4.242439499956671,0.4714374655929342,0.5285625344070658,2.12117210231114,1.8919237269092224,0.6040965891582251,0.39590341084177494,1.6553644201061362,2.5258686149578433,glm,False
2022/23,2023-01-22,Leeds,Brentford,P Bankes,48,4,0,3.917272469029095,3.751552922473552,0.5440094893254737,0.45599051067452634,1.8382032292118957,2.1930280928889174,0.5115012410729313,0.48849875892706873,1.9550294695324448,2.0470881076471614,glm,False
2022/23,2023-01-22,Man City,Wolves,D Coote,79,3,0,3.1522618342736632,3.775246536672592,0.3858623447431383,0.6141376552568617,2.5915977903096046,1.6282994397758468,0.5162208684709081,0.4837791315290919,1.9371553167970301,2.067058983795512,glm,False
2022/23,2023-01-23,Fulham,Tottenham,P Tierney,143,4,0,3.4904221335644467,3.6295625857462746,0.4580666224132629,0.5419333775867371,2.1830885532144504,1.8452452669607875,0.4868480212858286,0.5131519787141714,2.0540290938409704,1.9487404150827716,glm,False
2022/23,2023-02-03,Chelsea,Fulham,S Attwell,127,5,0,3.5346802697958273,3.527342279463204,0.4672922798885246,0.5327077201114754,2.139988275086753,1.8772020044889497,0.4657670481229754,0.5342329518770246,2.146996023076266,1.8718426044041376,glm,False
2022/23,2023-02-04,Aston Villa,Leicester,D England,36,2,0,3.319570491542113,4.051710127667854,0.42191472185261425,0.5780852781473858,2.370147207969022,1.7298485842862876,0.5694729938462847,0.4305270061537153,1.7560095224988415,2.3227346617205242,glm,False
2022/23,2023-02-04,Brentford,Southampton,D Bond,1,3,0,3.301828491145685,3.5156023151590903,0.4181177360011801,0.5818822639988199,2.3916708474600026,1.718560715578071,0.4633231869473553,0.5366768130526447,2.1583206456568385,1.8633188087854025,glm,False
2022/23,2023-02-04,Brighton,Bournemouth,C Pawson,207,4,0,3.192361928384457,4.2433831379393006,0.3945482955213757,0.6054517044786243,2.5345439616677354,1.6516594017373114,0.6042633502842868,0.3957366497157132,1.6549075821486305,2.52693300132392,glm,False
2022/23,2023-02-04,Everton,Arsenal,D Coote,80,5,0,3.301533242273627,3.7636486411290613,0.4180544897494807,0.5819455102505193,2.3920326764084043,1.7183739411779535,0.513913526371446,0.48608647362855395,1.9458526555248143,2.057247124231143,glm,False
2022/23,2023-02-04,Man United,Crystal Palace,A Marriner,202,3,1,3.2252476088602773,4.106537694466399,0.40165253355190433,0.5983474664480957,2.489714159541765,1.6712697154651464,0.5796105410398319,0.4203894589601681,1.7252964347507926,2.378746609093141,glm,False
2022/23,2023-02-04,Newcastle,West Ham,P Bankes,49,3,0,3.4892761178056335,3.3746688832040177,0.45782690679759463,0.5421730932024054,2.184231606208545,1.8444294129267635,0.43365886461176273,0.5663411353882373,2.305960010514854,1.7657202302892612,glm,False
2022/23,2023-02-04,Wolves,Liverpool,P Tierney,144,2,0,2.8411706160426835,3.8248810438660232,0.31805611600857153,0.6819438839914285,3.144099263203762,1.4663963171676004,0.5260316908949911,0.47396830910500887,1.9010261497716963,2.109845702317721,glm,False
2022/23,2023-02-05,Nott'm Forest,Leeds,R Jones,35,6,0,3.754457304831632,3.7981738396571494,0.5120810178337255,0.4879189821662745,1.95281599038827,2.0495205895867707,0.5207656478150379,0.47923435218496213,1.9202495483249953,2.0866617667133482,glm,False
2022/23,2023-02-05,Tottenham,Man City,A Madley,58,5,1,2.7601132429585538,3.7288143759175267,0.3004251957390509,0.6995748042609491,3.3286156227342505,1.429439702386693,0.5069502959704113,0.4930497040295887,1.9725799707558827,2.028193084444055,glm,False
2022/23,2023-02-08,Man United,Leeds,S Hooper,62,4,0,3.3906390900609202,3.9155123066740565,0.43704859966681286,0.5629514003331871,2.2880750579280136,1.7763522737631388,0.5436705470301535,0.4563294529698465,1.8393492262227278,2.191399204000269,glm,False
2022/23,2023-02-11,Arsenal,Brentford,P Bankes,50,2,0,3.442460977120298,3.6789522417804776,0.4480002355870557,0.5519997644129443,2.232141683339984,1.811594976065809,0.49689868446467367,0.5031013155353263,2.0124826876475534,1.9876712088020427,glm,False
2022/23,2023-02-11,Bournemouth,Newcastle,S Attwell,128,5,0,3.2794712498883127,3.6444323785071195,0.4133231616274773,0.5866768383725227,2.419414377995315,1.704515901418677,0.48988360908840756,0.5101163909115924,2.0413012018524865,1.9603369305835707,glm,False
2022/23,2023-02-11,Crystal Palace,Brighton,M Oliver,249,5,0,2.9742572939788365,3.6128577275543194,0.3470979609021362,0.6529020390978638,2.8810310420750316,1.5316233372187547,0.4834281335967414,0.5165718664032586,2.068559793076016,1.9358390672002959,glm,False
2022/23,2023-02-11,Fulham,Nott'm Forest,A Madley,59,1,0,3.402928297581143,3.3665282666101324,0.4396524180800725,0.5603475819199275,2.2745240532667177,1.7846066125130489,0.4319284408405053,0.5680715591594947,2.3151983186244083,1.7603416046379377,glm,False
2022/23,2023-02-11,Leicester,Tottenham,M Salisbury,12,7,0,3.264201521110457,4.0300229206449245,0.4100424794733526,0.5899575205266474,2.438771712834175,1.6950372954095287,0.5654229200351921,0.4345770799648079,1.7685876616705944,2.301087761188372,glm,False
2022/23,2023-02-11,Southampton,Wolves,J Gillett,19,4,1,3.177536507043724,3.843944220785533,0.39133980296680093,0.6086601970331991,2.5553240238249786,1.642952841132563,0.5297717901610597,0.4702282098389403,1.8876052265749803,2.1266269846773205,glm,False
2022/23,2023-02-11,West Ham,Chelsea,C Pawson,208,2,0,3.275428050027012,3.678695414551861,0.41245495195584647,0.5875450480441535,2.424507198320777,1.7019971546502606,0.4968466599470702,0.5031533400529298,2.012693413510179,1.9874656896738554,glm,False
2022/23,2023-02-12,Leeds,Man United,P Tierney,145,3,0,3.7643494554451533,4.170092461194257,0.51405310761485,0.48594689238515,1.9453242966274247,2.0578380388271396,0.5911767568136224,0.40882324318637764,1.6915414695765272,2.446044877991714,glm,False
2022/23,2023-02-12,Man City,Aston Villa,R Jones,36,3,0,3.1475260918057857,4.070926828747858,0.38483503175229916,0.6151649682477008,2.5985160328222263,1.6255802128143007,0.5730427734232383,0.4269572265767617,1.7450704316995538,2.3421549929433323,glm,False
2022/23,2023-02-13,Liverpool,Everton,S Hooper,63,4,0,2.559480191890991,3.5437605620078263,0.2572823132885147,0.7427176867114853,3.886780973080752,1.3464066062943485,0.4691771906958466,0.5308228093041534,2.1313909112181664,1.8838678038550811,glm,False
2022/23,2023-02-15,Arsenal,Man City,A Taylor,253,5,0,3.152155728981992,3.6803054339144876,0.3858393308984829,0.6141606691015171,2.591752369234507,1.6282384240966528,0.49717275353478496,0.502827246465215,2.011373296083158,1.988754601167339,glm,False
2022/23,2023-02-18,Aston Villa,Arsenal,S Hooper,64,3,0,3.056182281164402,3.7306778733425876,0.3649695380649163,0.6350304619350837,2.739954696772892,1.5747276074800731,0.5073240460890152,0.49267595391098484,1.9711267536184158,2.0297316969942414,glm,False
2022/23,2023-02-18,Brentford,Crystal Palace,P Tierney,146,4,0,3.1571459199447713,3.4801640056923495,0.38692151793305407,0.6130784820669459,2.5845034552278947,1.631112539831081,0.4559194486345506,0.5440805513654494,2.1933699099587343,1.8379631425720957,glm,False
2022/23,2023-02-18,Brighton,Fulham,D England,37,5,0,3.372348452364528,3.698556127348422,0.4331657916518159,0.5668342083481841,2.308584886601139,1.7641842804690768,0.5008622361134104,0.4991377638865896,1.9965569929164506,2.0034549023367676,glm,False
2022/23,2023-02-18,Chelsea,Southampton,D Coote,81,9,0,3.150518219063215,3.989702832642906,0.3854841417041953,0.6145158582958047,2.594140437474491,1.6272973048624528,0.5578336053921215,0.44216639460787854,1.79264926016256,2.261592043617016,glm,False
2022/23,2023-02-18,Everton,Leeds,A Madley,60,5,0,3.183435814711693,3.5896969727270043,0.39261693003899034,0.6073830699610097,2.5470119179544577,1.6464074312512431,0.4786699323156005,0.5213300676843995,2.089122237451656,1.9181705832577751,glm,False
2022/23,2023-02-18,Newcastle,Liverpool,A Taylor,254,2,1,2.9729120968710294,3.584767539241195,0.3468043002155674,0.6531956997844326,2.8834705895469512,1.5309347571179963,0.4776547617582301,0.5223452382417699,2.093562296582234,1.9144426459519965,glm,False
2022/23,2023-02-18,Nott'm Forest,Man City,G Scott,97,1,0,2.8922026867008976,3.5988546241121475,0.32918537686951277,0.6708146231304872,3.037802011467825,1.4907248075978203,0.48055358811398974,0.5194464118860103,2.080933375036615,1.9251263982538485,glm,False
2022/23,2023-02-18,Wolves,Bournemouth,M Salisbury,13,6,0,3.391761100363114,4.19413971220775,0.43728649757448723,0.5627135024255128,2.286830271565063,1.7771032606994739,0.5955004998551034,0.40449950014489655,1.6792597155557702,2.4721909412540386,glm,False
2022/23,2023-02-19,Man United,Leicester,S Attwell,129,2,0,3.3316988322694603,4.240295432841565,0.42450616520737916,0.5754938347926208,2.3556783904692677,1.7376380762799135,0.6037175174299574,0.3962824825700426,1.6564038165681003,2.523452446130396,glm,False
2022/23,2023-02-19,Tottenham,West Ham,M Oliver,250,3,0,3.0170908079852485,3.7774382671258606,0.3564459170579032,0.6435540829420968,2.8054746937599346,1.553870958954003,0.5166562755198272,0.4833437244801728,1.935522798003107,2.0689210376642033,glm,False
2022/23,2023-02-24,Fulham,Wolves,M Oliver,251,2,0,3.248722901287941,3.3015390679482124,0.406712139248106,0.593287860751894,2.458741462324466,1.6855224354880038,0.41805573770541726,0.5819442622945827,2.392025535850077,1.718377626161379,glm,False
2022/23,2023-02-25,Bournemouth,Man City,P Tierney,147,4,0,2.9159913119185914,3.691076858657034,0.33437746492569753,0.6656225350743025,2.9906321594435537,1.502352981316012,0.4993518239132222,0.5006481760867778,2.0025960697677974,1.997410652359331,glm,False
2022/23,2023-02-25,Crystal Palace,Liverpool,D England,38,7,0,3.0057695687406123,3.5946467441473677,0.35397582821446383,0.6460241717855362,2.825051656900506,1.547929696246683,0.4796884296564585,0.5203115703435415,2.0846865135274917,1.9219253558780922,glm,False
2022/23,2023-02-25,Everton,Aston Villa,A Taylor,255,3,0,3.54799581685966,4.179642760504613,0.4700554153381238,0.5299445846618762,2.1274087423940697,1.8869897512737792,0.5928973989939723,0.4071026010060277,1.6866324623734208,2.45638322508579,glm,False
2022/23,2023-02-25,Leeds,Southampton,P Bankes,51,6,0,3.8880507335435532,3.918769849339753,0.5383643658440931,0.4616356341559069,1.8574780640098933,2.1662105912349756,0.5442977189046763,0.45570228109532374,1.837229819761805,2.1944151729861985,glm,False
2022/23,2023-02-25,Leicester,Arsenal,C Pawson,209,1,0,3.1572775862084956,3.642032703091832,0.38695006680204236,0.6130499331979576,2.5843127726130732,1.63118849843687,0.48939428286723796,0.510605717132762,2.0433422191637622,1.9584582907049415,glm,False
2022/23,2023-02-25,West Ham,Nott'm Forest,J Gillett,20,0,0,3.543321273785937,3.341590600222626,0.4690860652910481,0.5309139347089519,2.1318049586050742,1.883544459137623,0.42661714952918794,0.573382850470812,2.344022037331584,1.7440354192297296,glm,False
2022/23,2023-02-26,Tottenham,Chelsea,S Attwell,130,5,0,3.360759844875135,4.306814942302499,0.43070124476005267,0.5692987552399473,2.321795007945957,1.756546963779187,0.6153683890068373,0.3846316109931627,1.6250428489086544,2.5998903143137038,glm,False
2022/23,2023-03-01,Arsenal,Everton,M Oliver,252,2,0,3.003494104806424,3.7708750984132537,0.3534792965010105,0.6465207034989895,2.8290200017333724,1.5467408771103075,0.5153518469846495,0.48464815301535047,1.9404218804124833,2.063352545095383,glm,False
2022/23,2023-03-01,Liverpool,Wolves,P Tierney,148,5,0,2.8137451009725867,3.5595042900785905,0.3120828854201376,0.6879171145798624,3.2042769620441143,1.4536634992876123,0.4724387658464222,0.5275612341535778,2.1166764293958775,1.89551455880644,glm,False
2022/23,2023-03-04,Arsenal,Bournemouth,C Kavanagh,111,2,0,3.071892433517556,3.8722057188651653,0.3683920196965986,0.6316079803034014,2.7144996268474624,1.5832605527239167,0.5352874123488681,0.4647125876511319,1.868155269356979,2.1518676846143836,glm,False
2022/23,2023-03-04,Aston Villa,Crystal Palace,C Pawson,210,5,1,3.6809342133202536,4.139150179912254,0.4973000795124829,0.5026999204875171,2.010858315125,1.9892583214061432,0.5855706739199082,0.41442932608009175,1.707735794393241,2.4129566540538256,glm,False
2022/23,2023-03-04,Brighton,West Ham,S Attwell,131,3,0,3.1383840177441935,3.8189662864692866,0.3828510254659069,0.6171489745340931,2.611982033437313,1.6203543087063124,0.5248680616442438,0.4751319383557562,1.905240713003797,2.1046785519420244,glm,False
2022/23,2023-03-04,Chelsea,Leeds,M Oliver,253,2,0,3.331809322098889,3.9306898258420606,0.424529757527218,0.575470242472782,2.3555474787556836,1.737709313522492,0.5465885502076613,0.4534114497923387,1.8295297250922609,2.2055023102261697,glm,False
2022/23,2023-03-04,Man City,Newcastle,S Hooper,65,6,0,2.7249698756368974,3.413575898319916,0.29280774229655715,0.7071922577034429,3.415210240537953,1.4140426300019597,0.44190509655602006,0.5580949034439799,2.262929320782863,1.791809948145096,glm,False
2022/23,2023-03-04,Southampton,Leicester,R Jones,37,6,0,2.8105811852702796,3.5770241922654384,0.3113942433316278,0.6886057566683722,3.211363155917506,1.4522097590909238,0.4760583741778126,0.5239416258221874,2.1005827315338643,1.9086095677753514,glm,False
2022/23,2023-03-04,Wolves,Tottenham,T Robinson,1,2,0,3.3296486435452914,4.22879998775694,0.42406834668778415,0.5759316533122159,2.3581104503803947,1.7363171380648084,0.6016811221834337,0.3983188778165663,1.6620099303948768,2.510551358955474,glm,False
2022/23,2023-03-05,Liverpool,Man United,A Madley,61,5,0,2.6911828991813187,3.7481088519164447,0.2855041978016237,0.7144958021983763,3.5025754706935266,1.39958834876731,0.5108132846487881,0.48918671535121194,1.9576624767845543,2.044209232628178,glm,False
2022/23,2023-03-05,Nott'm Forest,Everton,J Brooks,13,8,0,4.012568495083312,3.7959122097962434,0.5621469890014852,0.4378530109985148,1.7788941674778906,2.2838714702898137,0.5203183158612573,0.4796816841387427,1.9219004396275177,2.084715829405654,glm,False
2022/23,2023-03-06,Brentford,Fulham,A Taylor,256,3,0,3.463746100109916,2.971744847206761,0.452476233108678,0.547523766891322,2.210060831548284,1.826404734314465,0.34654948331695246,0.6534505166830475,2.885590797679548,1.5303377600434958,glm,False
2022/23,2023-03-11,Bournemouth,Liverpool,J Brooks,14,3,0,3.2625256381064918,3.6305362616730306,0.4096821294077312,0.5903178705922688,2.4409168187191344,1.6940025871090352,0.4870470417625071,0.5129529582374929,2.053189762494478,1.949496506338518,glm,False
2022/23,2023-03-11,Crystal Palace,Man City,R Jones,38,4,0,3.0183966208898063,3.5376626229056862,0.3567307833263468,0.6432692166736532,2.803234390582922,1.5545590774124132,0.46791166660775807,0.5320883333922419,2.1371555175141252,1.8793871942740483,glm,False
2022/23,2023-03-11,Everton,Brentford,S Hooper,66,3,0,2.816229814858877,3.3934365512617175,0.31262376612710563,0.6873762338728944,3.1987331366017226,1.4548073539954747,0.4376416780165786,0.5623583219834214,2.284974329986273,1.7782256630844,glm,False
2022/23,2023-03-11,Leeds,Brighton,P Tierney,149,2,0,3.392486984185894,3.6033174806857775,0.4374403875864019,0.5625596124135981,2.286025772603091,1.7775893930771418,0.4814704822162966,0.5185295177837034,2.0769705245414367,1.9285305189069963,glm,False
2022/23,2023-03-11,Leicester,Chelsea,A Marriner,203,3,1,2.6715893503506973,3.5221325274590374,0.28127898714376665,0.7187210128562334,3.555189138564703,1.3913604613088322,0.46468310809934055,0.5353168919006595,2.152004199356906,1.8680523912657951,glm,False
2022/23,2023-03-11,Tottenham,Nott'm Forest,C Pawson,211,4,0,3.7791564944432556,3.915985677545013,0.5169974771061913,0.48300252289380874,1.9342454156591562,2.0703825603409043,0.5437617145901663,0.4562382854098337,1.8390408393384239,2.191837099119622,glm,False
2022/23,2023-03-12,Fulham,Arsenal,D Coote,82,1,0,3.565955784595675,3.0710065098182318,0.47377287067381046,0.5262271293261895,2.110716045386426,1.9003201170575443,0.368199073475595,0.631800926524405,2.715922097686327,1.5827770394404008,glm,False
2022/23,2023-03-12,Man United,Southampton,A Taylor,257,2,0,3.42581878459528,4.081589247873703,0.44449139809508154,0.5555086019049185,2.249762322253285,1.8001521426866425,0.5750157499981078,0.4249842500018922,1.739082799042097,2.353028376923492,glm,False
2022/23,2023-03-12,Newcastle,Wolves,A Madley,62,3,0,2.84653820087542,3.561106194352855,0.31922590963041597,0.680774090369584,3.132577807226709,1.4689160679677338,0.4727701564085418,0.5272298435914582,2.115192734661228,1.896705985359364,glm,False
2022/23,2023-03-12,West Ham,Aston Villa,C Kavanagh,112,1,0,3.297444738212593,3.723741288885314,0.41717848013700465,0.5828215198629954,2.3970555712068182,1.7157911400304358,0.5059321130102578,0.49406788698974224,1.976549766825584,2.0240133518751886,glm,False
2022/23,2023-03-15,Brighton,Crystal Palace,P Bankes,52,3,0,3.4564919577728013,4.310735158097805,0.4509522825979815,0.5490477174020185,2.2175295227222254,1.8213353198730986,0.6160478995091866,0.3839521004908134,1.6232504011404196,2.604491546528019,glm,False
2022/23,2023-03-15,Southampton,Brentford,M Salisbury,14,3,0,3.3839618798239637,3.3540961123838926,0.435632151631539,0.564367848368461,2.2955146819507655,1.7718939923507588,0.42928253584646003,0.57071746415354,2.3294681625661715,1.752180479500747,glm,False
2022/23,2023-03-17,Nott'm Forest,Newcastle,P Tierney,150,6,0,3.465072145485711,3.735515398645252,0.452754638531329,0.547245361468671,2.208701832948319,1.8273338988497732,0.5082936267351299,0.4917063732648701,1.967366788411645,2.0337340623838625,glm,False
2022/23,2023-03-18,Aston Villa,Bournemouth,R Jones,39,5,0,3.2469198852158265,3.850210043697726,0.4063239034431605,0.5936760965568395,2.4610907493407836,1.6844201843391187,0.5309976705561376,0.46900232944386244,1.8832474329927953,2.1321855718409513,glm,False
2022/23,2023-03-18,Brentford,Leicester,D Bond,2,3,1,3.1192512212810035,3.3285324634241076,0.3786954473765889,0.6213045526234111,2.6406443672019186,1.6095166143199438,0.42382994435572874,0.5761700556442713,2.359436876316319,1.7355987007721247,glm,False
2022/23,2023-03-18,Chelsea,Everton,D England,39,4,0,3.297745329586304,4.096668265826805,0.4172428978413625,0.5827571021586375,2.396685492248221,1.71598080280072,0.5777965160182807,0.42220348398171925,1.7307131010259695,2.3685261679254603,glm,False
2022/23,2023-03-18,Southampton,Tottenham,S Hooper,67,2,0,2.913379691715133,3.8687523530862262,0.3338073743563017,0.6661926256436983,2.9957396894791573,1.5010673512540993,0.5346153234684881,0.46538467653151194,1.870503811062092,2.1487600482528744,glm,False
2022/23,2023-03-18,Wolves,Leeds,M Salisbury,15,8,1,3.9581878330557028,3.8229625382844414,0.5518484214368161,0.4481515785631839,1.8120918012166407,2.231387878195351,0.5256544215973074,0.47434557840269265,1.9023905419863065,2.1081676430238723,glm,False
2022/23,2023-03-19,Arsenal,Crystal Palace,S Attwell,132,1,0,3.389528063523691,3.9239957988390244,0.4368129976124443,0.5631870023875557,2.2893091676892703,1.7756091595875512,0.545302860072208,0.45469713992779204,1.8338433065756925,2.1992660876617887,glm,False
2022/23,2023-04-01,Arsenal,Leeds,D England,40,2,0,3.7434614844287624,3.767468995442895,0.5098842029375316,0.49011579706246844,1.9612296169185595,2.040334153670512,0.514674180833197,0.48532581916680295,1.9429768137603434,2.0604714616600837,glm,False
2022/23,2023-04-01,Bournemouth,Fulham,P Bankes,53,5,0,3.7008926567350255,3.246908875045461,0.5013336419082647,0.4986663580917353,1.9946796233215536,2.0053488344927386,0.4063215324785383,0.5936784675214617,2.4611051102806605,1.6844134572959726,glm,False
2022/23,2023-04-01,Brighton,Brentford,M Oliver,254,3,0,2.7715764639043172,3.734585972821451,0.30291387189795227,0.6970861281020477,3.301268422388021,1.4345429634680782,0.5081074159366107,0.4918925840633893,1.9680877874153204,2.032964172257437,glm,False
2022/23,2023-04-01,Chelsea,Aston Villa,A Madley,63,6,0,2.9709530081442037,4.364174972266819,0.34637661921558294,0.6536233807844171,2.887030892167711,1.5299330308531718,0.6252312981756483,0.37476870182435174,1.5994080957205485,2.668312468816258,glm,False
2022/23,2023-04-01,Crystal Palace,Leicester,T Robinson,2,7,0,3.0608455009096875,3.5023656390680875,0.3659856326679596,0.6340143673320404,2.732347695482489,1.5772513235118675,0.46056243200602465,0.5394375679939754,2.1712582931360735,1.8537826420186745,glm,False
2022/23,2023-04-01,Man City,Liverpool,S Hooper,68,2,0,2.437877070357247,3.4856303556590493,0.23170310741793143,0.7682968925820686,4.315867884310516,1.3015801699252365,0.4570640399352046,0.5429359600647954,2.1878772176909047,1.8418378474703672,glm,False
2022/23,2023-04-01,Nott'm Forest,Wolves,C Kavanagh,113,8,0,3.5145230373847824,3.939699226292203,0.46309829382821066,0.5369017061717893,2.1593687848285543,1.8625383166132756,0.5483157117611728,0.4516842882388272,1.8237668163621128,2.2139357645118083,glm,False
2022/23,2023-04-02,Newcastle,Man United,S Attwell,133,0,0,3.5082172506980465,4.02234367493542,0.46178358522408036,0.5382164147759196,2.165516557966759,1.8579886687706073,0.5639834288611694,0.43601657113883063,1.7731017416934796,2.2934908124893107,glm,False
2022/23,2023-04-02,West Ham,Southampton,P Tierney,151,2,0,3.0096895024720176,3.3556044067552144,0.35483115127039067,0.6451688487296093,2.818241849453555,1.5499818411398543,0.4296037487806579,0.5703962512193421,2.3277264289203594,1.7531672023830616,glm,False
2022/23,2023-04-03,Everton,Tottenham,D Coote,83,3,2,3.408979204215481,3.9401880440342487,0.44093297087027117,0.5590670291297288,2.2679184049818186,1.7886942851139855,0.5484093150155,0.45159068498449995,1.823455533339612,2.2143946570428557,glm,False
2022/23,2023-04-04,Bournemouth,Brighton,D Bond,3,2,0,3.188527803884455,3.6846192817350776,0.3937188501591571,0.6062811498408429,2.539883471659433,1.6493997879738034,0.49804598836708913,0.5019540116329109,2.007846711663384,1.9922143798530298,glm,False
2022/23,2023-04-04,Chelsea,Liverpool,A Taylor,258,5,0,2.873409128370438,3.8897543276017283,0.3250850644380019,0.6749149355619981,3.0761179438642388,1.481668203367444,0.5386945223930986,0.46130547760690144,1.8563396478538454,2.1677609491820165,glm,False
2022/23,2023-04-04,Leeds,Nott'm Forest,R Jones,40,5,0,3.9237082699018457,3.7476909879460973,0.5452475900224296,0.4547524099775704,1.834029197559339,2.1989987915607148,0.5107297830274371,0.4892702169725629,1.9579825442572214,2.043860356323462,glm,False
2022/23,2023-04-04,Leicester,Aston Villa,G Scott,98,2,1,2.6789522351594472,3.7062682435384535,0.2828658036467795,0.7171341963532205,3.5352452898432403,1.394439151117339,0.5024173782556972,0.4975826217443028,1.9903770117821564,2.009716489885531,glm,False
2022/23,2023-04-05,Man United,Brentford,J Brooks,15,5,0,3.8304376055054363,3.538861405267395,0.5271234815033634,0.4728765184966366,1.8970886994978602,2.114716973427203,0.46816055131857537,0.5318394486814246,2.1360193574266297,1.880266690406801,glm,False
2022/23,2023-04-05,West Ham,Newcastle,C Pawson,212,3,0,3.292379804406087,3.1266530909811228,0.4160927522496499,0.5839072477503501,2.40331030664051,1.7126007663935534,0.3803036340246362,0.6196963659753638,2.6294778974823565,1.6136935036339317,glm,False
2022/23,2023-04-08,Aston Villa,Nott'm Forest,A Taylor,259,7,0,3.934824986984426,3.9249163819354314,0.5473817491080537,0.4526182508919463,1.8268785936496377,2.209367381958997,0.5454797932085799,0.45452020679142013,1.8332484767545207,2.200122205917461,glm,False
2022/23,2023-04-08,Brentford,Newcastle,C Kavanagh,114,0,0,3.0730215517336137,3.172796855912922,0.36863792178400123,0.6313620782159988,2.712688903953667,1.583877199000673,0.3903133453675669,0.6096866546324331,2.5620440906479316,1.6401867949740156,glm,False
2022/23,2023-04-08,Fulham,West Ham,J Gillett,21,2,0,3.366472639521578,2.883301908453652,0.431916610547034,0.568083389452966,2.3152617324290286,1.7603049456576203,0.32724322947378615,0.6727567705262139,3.0558309842132427,1.4864213097667147,glm,False
2022/23,2023-04-08,Leicester,Bournemouth,D Coote,84,3,0,3.01313804854844,3.562264150108424,0.3555835628049169,0.6444164371950831,2.812278475730972,1.5517915780557157,0.4730096515440305,0.5269903484559695,2.114121766301663,1.897567959128479,glm,False
2022/23,2023-04-08,Man United,Everton,M Oliver,255,0,0,3.175735278353692,3.884497684370127,0.39094975382666863,0.6090502461733314,2.557873461261622,1.6419006580869309,0.5376753681653625,0.46232463183463746,1.859858307089956,2.162982309706735,glm,False
2022/23,2023-04-08,Southampton,Man City,R Jones,41,2,0,2.9502651679102647,3.5420230132728476,0.3418600447279645,0.6581399552720355,2.925173665134664,1.5194336584331216,0.46881671807123104,0.531183281928769,2.133029735189738,1.8825893698478613,glm,False
2022/23,2023-04-08,Tottenham,Brighton,S Attwell,134,4,0,3.235106030573265,3.823489970464432,0.4037785529281539,0.5962214470718461,2.476605041917455,1.6772291652894828,0.5257581555644406,0.4742418444355594,1.902015193518825,2.1086287760840583,glm,False
2022/23,2023-04-08,Wolves,Chelsea,P Bankes,54,7,0,3.473599404880878,4.102180013208363,0.45454368288131963,0.5454563171186804,2.200008574887835,1.8333273785926656,0.5788101777413125,0.4211898222586875,1.7276821287115132,2.374226410878982,glm,False
2022/23,2023-04-09,Leeds,Crystal Palace,S Hooper,69,4,0,3.294034246479478,3.7484388816915475,0.4164474625949658,0.5835525374050342,2.4012632800517117,1.7136417647104094,0.510879229364978,0.489120770635022,1.9574097800824635,2.0444848389932555,glm,False
2022/23,2023-04-09,Liverpool,Arsenal,P Tierney,152,8,0,2.793997915410796,3.4296515756378354,0.30778654695778296,0.692213453042217,3.2490049025344936,1.4446410938780347,0.4453002053020656,0.5546997946979344,2.24567603628581,1.8027769426966471,glm,False
2022/23,2023-04-15,Aston Villa,Newcastle,J Brooks,16,2,0,3.9871490277503634,3.9616416289512855,0.5573503262723213,0.4426496737276787,1.7942036684327698,2.2591228670264587,0.5525066057033556,0.44749339429664436,1.8099331115271886,2.23466985824845,glm,False
2022/23,2023-04-15,Chelsea,Brighton,R Jones,42,4,0,2.937541429385694,3.7916934452128435,0.33908210720673393,0.6609178927932661,2.9491382138613202,1.5130472497478566,0.5194833025514636,0.4805166974485364,1.9249896870379835,2.0810931343485737,glm,False
2022/23,2023-04-15,Everton,Fulham,A Taylor,260,5,0,3.5593469717404154,3.1280827222334664,0.472406216231943,0.527593783768057,2.1168222721036716,1.8953976160561137,0.38061417150202903,0.619385828497971,2.627332545327123,1.6145025507364767,glm,False
2022/23,2023-04-15,Man City,Leicester,D England,41,2,0,2.939666410185711,3.7778943640033056,0.33954604445138714,0.6604539555486129,2.9451086718318997,1.5141100929122906,0.5167468581628746,0.4832531418371254,1.9351835123974916,2.069308843390899,glm,False
2022/23,2023-04-15,Southampton,Crystal Palace,M Oliver,256,4,0,2.979152431875189,3.6675415873161357,0.34816655397797946,0.6518334460220205,2.8721885792144386,1.5341342272366576,0.4945848314119481,0.5054151685880519,2.021897835291845,1.9785714045616005,glm,False
2022/23,2023-04-15,Tottenham,Bournemouth,A Madley,64,3,0,2.879135697466401,3.856640764771604,0.32633428740326464,0.6736657125967354,3.064342420029738,1.484415758886355,0.5322540299500078,0.4677459700499922,1.8788021202844165,2.1379125936523216,glm,False
2022/23,2023-04-15,Wolves,Brentford,P Tierney,153,2,0,3.0760050894023623,3.615400751113616,0.3692876307576132,0.6307123692423868,2.707916314306133,1.58550878144534,0.4839494065356341,0.5160505934643659,2.06633170016372,1.9377944966340817,glm,False
2022/23,2023-04-16,Nott'm Forest,Man United,S Hooper,70,4,0,3.455870372933669,4.16347730913426,0.4508216271172443,0.5491783728827557,2.2181721990456595,1.8209020044813204,0.5899822493432184,0.4100177506567816,1.6949662487527763,2.4389187989987335,glm,False
2022/23,2023-04-16,West Ham,Arsenal,D Coote,85,3,0,3.185906734232392,3.1959570780575315,0.39315169423567187,0.6068483057643281,2.543547477123569,1.647858271171237,0.39532582930180393,0.6046741706981961,2.5295589761137744,1.6537832248487396,glm,False
2022/23,2023-04-17,Leeds,Liverpool,C Pawson,213,1,0,3.4630866549655304,3.7353811978584486,0.4523377618530463,0.5476622381469537,2.2107373832850064,1.8259429450231164,0.5082667417108767,0.4917332582891233,1.967470853264764,2.0336228700073655,glm,False
2022/23,2023-04-21,Arsenal,Southampton,S Hooper,71,6,0,2.804346921822504,3.782747789567524,0.3100376272225507,0.6899623727774493,3.225414956753561,1.4493543988123463,0.5177102306800699,0.48228976931993006,1.9315824581762444,2.073442282240583,glm,False
2022/23,2023-04-22,Brentford,Aston Villa,M Salisbury,16,5,0,3.7133041307470314,3.6897250661804404,0.5038341159360382,0.4961658840639618,1.9847802448672414,2.015454976084345,0.4990786016157325,0.5009213983842675,2.003692397875944,1.9963211857699052,glm,False
2022/23,2023-04-22,Crystal Palace,Everton,J Brooks,17,2,1,3.815844527178973,3.9271370743028418,0.5242533036379915,0.4757466963620085,1.9074748657960239,2.101958894611163,0.5459064443676386,0.4540935556323614,1.8318157081995425,2.202189367359377,glm,False
2022/23,2023-04-22,Fulham,Leeds,P Bankes,55,5,0,4.27822903322168,3.382102163677371,0.610389450637504,0.38961054936249595,1.6382983011183732,2.5666656142557223,0.43523743754373867,0.5647625624562613,2.2975964697418894,1.7706556108301639,glm,False
2022/23,2023-04-22,Leicester,Wolves,A Madley,65,4,0,2.7035043317536616,3.5473020231981365,0.2881651873632306,0.7118348126367694,3.470231810963014,1.4048203069695522,0.4699115911171593,0.5300884088828407,2.128059871054932,1.8864777709580487,glm,False
2022/23,2023-04-22,Liverpool,Nott'm Forest,M Oliver,257,1,0,3.1174826694520896,3.672495153442494,0.37831110363023956,0.6216888963697604,2.643327119939355,1.6085215705786586,0.4955899278748579,0.5044100721251421,2.0177972629268432,1.9825139410616368,glm,False
2022/23,2023-04-23,Bournemouth,West Ham,A Taylor,261,3,0,3.1536776231218786,3.5157330080946076,0.3861694094199781,0.6138305905800219,2.5895370674284846,1.6291139857579895,0.4633504173700911,0.5366495826299089,2.158193804326007,1.863413356439024,glm,False
2022/23,2023-04-23,Newcastle,Tottenham,D Coote,86,3,0,3.372792399723923,4.039302689236205,0.4332601376410533,0.5667398623589467,2.3080821730903813,1.7644779667300805,0.5671586730047539,0.43284132699524613,1.7631750118570753,2.3103154380888933,glm,False
2022/23,2023-04-25,Aston Villa,Fulham,T Bramall,5,5,0,3.675344067179631,3.49784710696216,0.496167557849458,0.503832442150542,2.0154481770922428,1.9847868385204266,0.4596187315421345,0.5403812684578655,2.175716373970993,1.850545269368403,glm,False
2022/23,2023-04-25,Leeds,Leicester,P Tierney,154,6,0,3.3712807953875314,3.7402705645329197,0.4329388765406813,0.5670611234593187,2.309794879106992,1.763478324699049,0.5092457802290871,0.49075421977091294,1.9636883383700192,2.037679880708527,glm,False
2022/23,2023-04-25,Wolves,Crystal Palace,R Jones,43,9,0,3.249680229046026,4.145615321431763,0.406918251192362,0.593081748807638,2.457496062341207,1.686108200109768,0.5867459634547514,0.4132540365452486,1.7043150908308173,2.4198190739039678,glm,False
2022/23,2023-04-26,Chelsea,Brentford,A Madley,66,3,0,2.7248857738801737,3.6070172080069116,0.2927895368865141,0.7072104631134859,3.4154225954720583,1.414006228920188,0.48223005157731036,0.5177699484226896,2.0736990503373502,1.9313596763318412,glm,False
2022/23,2023-04-26,Man City,Arsenal,M Oliver,258,4,0,2.77593586855734,3.586387579592609,0.303860769421721,0.696139230578279,3.290980938089195,1.4364942472345734,0.477988488046719,0.522011511953281,2.092100594485989,1.9156665650114975,glm,False
2022/23,2023-04-26,Nott'm Forest,Brighton,J Gillett,22,2,0,3.4460966255564895,3.8710979881904066,0.44876571160588696,0.551234288394113,2.2283342379736344,1.81411066229798,0.5350718848833951,0.4649281151166049,1.86890776408094,2.1508701398907615,glm,False
2022/23,2023-04-26,West Ham,Liverpool,C Kavanagh,115,0,0,2.7299139447381426,3.2223342579696905,0.29387819045361674,0.7061218095463833,3.4027703738628796,1.4161862535338001,0.4010239189360456,0.5989760810639544,2.4936168462297577,1.6695157479806395,glm,False
2022/23,2023-04-27,Everton,Newcastle,A Marriner,204,3,0,2.927963654671657,3.7121951220746476,0.33699108455842275,0.6630089154415773,2.967437554944081,1.508275343980827,0.5036109372304315,0.4963890627695685,1.985659814100585,2.014548818663669,glm,False
2022/23,2023-04-27,Southampton,Bournemouth,D England,42,3,0,3.1667781220728433,3.7942291592963993,0.3890093995973708,0.6109906004026292,2.5706319719652315,1.636686389841386,0.5199852822176497,0.4800147177823503,1.923131354285968,2.083269456028269,glm,False
2022/23,2023-04-27,Tottenham,Man United,A Taylor,262,3,0,3.5678466286239336,4.094455871338734,0.47416360822415404,0.525836391775846,2.1089766963458407,1.9017322034764779,0.5773892174628371,0.4226107825371629,1.7319339706311083,2.3662434592805583,glm,False
2022/23,2023-04-29,Brentford,Nott'm Forest,P Bankes,56,3,0,3.9574345039821304,3.5586147831357375,0.5517047873620918,0.44829521263790817,1.8125635718721533,2.230672940082696,0.4722547132273509,0.5277452867726491,2.1175013652401264,1.8948534928949476,glm,False
2022/23,2023-04-29,Brighton,Wolves,D Coote,87,2,0,3.1739173206603004,4.5218877274801565,0.3905560326957187,0.6094439673042813,2.560452063940074,1.6408399354960275,0.6514597006636592,0.3485402993363408,1.5350143669382366,2.8691086852915157,glm,False
2022/23,2023-04-29,Crystal Palace,West Ham,C Pawson,214,3,0,3.3488877345575423,3.579139642273534,0.4281729041092417,0.5718270958907583,2.335505097129793,1.7487803694266348,0.47649470820607764,0.5235052917939224,2.0986591934353935,1.9102003660235198,glm,False
2022/23,2023-04-30,Bournemouth,Leeds,C Kavanagh,116,1,0,3.4833458134010202,3.8967410323340173,0.4565857950400155,0.5434142049599845,2.1901688814308367,1.8402168932511382,0.540047188123871,0.459952811876129,1.85169004114994,2.1741360726137104,glm,False
2022/23,2023-04-30,Fulham,Man City,S Hooper,72,4,0,2.9968474211865757,3.262419487964822,0.35202880138648196,0.647971198613518,2.8406766607205234,1.543278469999481,0.4096593030029426,0.5903406969970574,2.441052827726988,1.6939370859688243,glm,False
2022/23,2023-04-30,Liverpool,Tottenham,P Tierney,155,5,0,2.940618787066858,3.771846668699654,0.33975397332425317,0.6602460266757468,2.9433062701686894,1.51458692608098,0.5155450591184371,0.48445494088156293,1.9396946635662902,2.064175459084594,glm,False
2022/23,2023-04-30,Man United,Aston Villa,J Gillett,23,2,0,3.516250058046348,4.128435946016542,0.46345814149777786,0.5365418585022221,2.1576921634567827,1.8637874830335506,0.5836183799332502,0.41638162006674984,1.7134484354560122,2.4016429924060785,glm,False
2022/23,2023-04-30,Newcastle,Southampton,A Taylor,263,5,0,3.2349829230074953,3.9362092201221675,0.40375201509814895,0.596247984901851,2.476767824321342,1.6771545151043337,0.5476470954078099,0.45235290459219013,1.8259934333356445,2.2106633777482436,glm,False
2022/23,2023-05-01,Leicester,Everton,M Oliver,259,5,0,2.803751277840435,3.694493532853029,0.3099080327717938,0.6900919672282062,3.226763730698028,1.4490822201808218,0.500042080076621,0.499957919923379,1.9998316938581868,2.000168334473539,glm,False
2022/23,2023-05-02,Arsenal,Chelsea,R Jones,44,2,0,3.1399162442350734,3.9167603765966863,0.3831836237477553,0.6168163762522447,2.6097148678208826,1.6212280323618609,0.5439108937122098,0.4560891062877902,1.838536443304099,2.19255401239293,glm,False
2022/23,2023-05-03,Liverpool,Fulham,S Attwell,135,0,0,3.223249133102057,3.2053522607525196,0.40122133810428906,0.5987786618957109,2.492389873192814,1.6700661924625657,0.3973567575741359,0.6026432424258641,2.5166301590163025,1.6593565306973768,glm,False
2022/23,2023-05-03,Man City,West Ham,J Brooks,18,1,0,3.41532200079859,3.908310168905032,0.4422742154942799,0.5577257845057201,2.2610406959456433,1.792995819417318,0.5422822203341529,0.45771777966584715,1.8440582458775852,2.184752361444297,glm,False
2022/23,2023-05-04,Brighton,Man United,A Marriner,205,8,0,2.986437740311721,4.560431618102392,0.34975681063398834,0.6502431893660117,2.8591294567998413,1.5378861576005154,0.6576693837741243,0.3423306162258757,1.5205208341330492,2.9211526886633554,glm,False
2022/23,2023-05-06,Bournemouth,Chelsea,J Brooks,19,4,0,3.4795907124264476,3.9797022838458513,0.4557993542251858,0.5442006457748142,2.1939478209658763,1.8375575401536584,0.5559393675922923,0.44406063240770766,1.7987573075295633,2.2519447278583904,glm,False
2022/23,2023-05-06,Liverpool,Brentford,A Taylor,264,6,0,2.8670900947154103,3.1993118115575485,0.32370680498535553,0.6762931950146445,3.0892152546661475,1.47864862070414,0.396051178657568,0.603948821342432,2.5249262062280478,1.655769437180525,glm,False
2022/23,2023-05-06,Man City,Leeds,A Madley,67,3,0,3.1229281063900864,4.100537001654703,0.3794943962140761,0.6205056037859239,2.6350850235898906,1.611588991136658,0.5785081684058248,0.42149183159417525,1.728584062616896,2.3725252188584034,glm,False
2022/23,2023-05-06,Tottenham,Crystal Palace,D England,43,8,0,3.461889019317919,4.069900852435216,0.4520862472331162,0.5479137527668838,2.211967309601335,1.8251047632043313,0.5728526352174201,0.42714736478257986,1.745649646213918,2.3411124179801623,glm,False
2022/23,2023-05-06,Wolves,Aston Villa,S Attwell,136,6,0,3.5457266840043715,4.273896228204993,0.4695849615205907,0.5304150384794093,2.1295400874036536,1.8853160778902387,0.60963111114689,0.39036888885311005,1.640336232379471,2.5616795512008257,glm,False
2022/23,2023-05-07,Newcastle,Arsenal,C Kavanagh,117,3,0,3.0390421317608687,3.8029528339158256,0.36123342593720575,0.6387665740627942,2.768293098584495,1.5655171084479673,0.5217101831402408,0.47828981685975924,1.9167730136699102,2.0907825438675665,glm,False
2022/23,2023-05-07,West Ham,Man United,P Bankes,57,2,0,3.6639658182856447,3.922245410560482,0.49385871394950376,0.5061412860504962,2.0248706193776878,1.9757329179825747,0.544966334662414,0.45503366533758605,1.8349757340872481,2.197639594991521,glm,False
2022/23,2023-05-08,Brighton,Everton,S Hooper,73,6,0,2.787293933815206,4.597812569816413,0.30632897485510746,0.6936710251448925,3.2644642919364597,1.4416055503992287,0.6636160976515812,0.33638390234841875,1.5068953323146037,2.972793861473855,glm,False
2022/23,2023-05-08,Fulham,Leicester,R Jones,45,3,0,3.2224525700471975,3.3444607410249545,0.4010494501113313,0.5989505498886687,2.4934581002976066,1.6695869136206274,0.4272292204386322,0.5727707795613678,2.340663868855481,1.745899120003656,glm,False
2022/23,2023-05-08,Nott'm Forest,Southampton,M Oliver,260,1,0,3.338083386867354,4.060918006291175,0.42586894963325816,0.5741310503667418,2.348140198671824,1.7417626156279524,0.5711857182355105,0.42881428176448955,1.750744054121608,2.3320118814261255,glm,False
2022/23,2023-05-13,Aston Villa,Tottenham,P Bankes,58,6,0,3.8579436268920264,4.1303537414001985,0.5325083473753084,0.4674916526246916,1.87790483459822,2.139075627095342,0.5839682489579947,0.4160317510420053,1.7124218684566372,2.4036626952038413,glm,False
2022/23,2023-05-13,Chelsea,Nott'm Forest,P Tierney,156,4,0,3.548482089563642,4.0817826079463755,0.4701562105881756,0.5298437894118244,2.1269526542018413,1.8873487242534115,0.575051478329311,0.424948521670689,1.7389747486699554,2.353226212126803,glm,False
2022/23,2023-05-13,Crystal Palace,Bournemouth,M Salisbury,17,2,0,3.655220482797268,4.019088321696474,0.49208079091326207,0.5079192090867379,2.0321866215181474,1.9688170522198716,0.5633723578161164,0.4366276421838836,1.7750249655067352,2.290281016104003,glm,False
2022/23,2023-05-13,Leeds,Newcastle,S Hooper,74,5,1,3.3018355963440325,3.8500894391351714,0.4181192580058144,0.5818807419941856,2.391662141489053,1.7185652107558362,0.5309740909693162,0.46902590903068375,1.8833310645618444,2.132078379351491,glm,False
2022/23,2023-05-13,Man United,Wolves,J Brooks,20,5,0,3.8702087210305502,4.516672867527144,0.5348988238797847,0.4651011761202153,1.8695124299333736,2.1500698156513125,0.6506134810664134,0.34938651893358663,1.5370108814236543,2.8621596593144045,glm,False
2022/23,2023-05-13,Southampton,Fulham,T Bramall,6,2,0,3.431604720475607,3.325483760030117,0.44571220319701244,0.5542877968029876,2.2436002263953783,1.804116933058574,0.42317862979150656,0.5768213702084934,2.3630682874810676,1.733638959386244,glm,False
2022/23,2023-05-14,Arsenal,Brighton,A Madley,68,3,0,2.698966113091535,3.793848282263104,0.28718475199420235,0.7128152480057977,3.4820790207559065,1.402888059420225,0.5199098996118025,0.48009010038819755,1.9234101923172902,2.082942346012565,glm,False
2022/23,2023-05-14,Brentford,West Ham,M Oliver,261,1,0,2.7843820553189813,3.28707017340218,0.305696045306285,0.694303954693715,3.2712232145433,1.4402913784945093,0.4149539755419849,0.5850460244580151,2.4099058183353166,1.7092672340204293,glm,False
2022/23,2023-05-14,Everton,Man City,A Taylor,265,1,0,3.156049150024537,3.904318674632174,0.386683698687323,0.613316301312677,2.58609298347643,1.6304800603859808,0.5415117874242753,0.4584882125757247,1.8466818695795046,2.1810811544797093,glm,False
2022/23,2023-05-15,Leicester,Liverpool,C Pawson,215,3,0,2.812449141700165,3.4281846415454833,0.3118008011544755,0.6881991988455245,3.207175851689265,1.4530676607550996,0.44499069766286925,0.5550093023371307,2.2472379877873605,1.801771602365986,glm,False
2022/23,2023-05-18,Newcastle,Brighton,R Jones,46,6,0,3.044091199501248,3.762209042745453,0.3623342023046092,0.6376657976953908,2.7598829854856324,1.5682195965569008,0.5136267379731121,0.4863732620268879,1.9469391409532677,2.056034075213447,glm,False
2022/23,2023-05-20,Bournemouth,Man United,C Kavanagh,118,1,0,3.2224283684094814,4.193801818642985,0.4010442275349253,0.5989557724650747,2.493490571218642,1.669572355708969,0.5954399475276906,0.4045600524723094,1.6794304852270523,2.471820917287542,glm,False
2022/23,2023-05-20,Fulham,Crystal Palace,J Smith,0,3,0,3.587575777597978,3.4366389076419623,0.4782331967794121,0.5217668032205879,2.0910300805848405,1.916565013004917,0.44677361554193673,0.5532263844580633,2.2382700437379213,1.807578286381972,glm,False
2022/23,2023-05-20,Liverpool,Aston Villa,J Brooks,21,8,0,3.502103631895447,3.5364019069902684,0.46050772915483984,0.5394922708451602,2.1715162128446335,1.853594674180254,0.46764987215359155,0.5323501278464084,2.1383519157075,1.8784629658030552,glm,False
2022/23,2023-05-20,Nott'm Forest,Arsenal,A Taylor,266,5,0,3.6665075240025575,3.952287514591997,0.49437489818844327,0.5056251018115567,2.0227564216232214,1.97774991078804,0.5507227305509438,0.4492772694490562,1.8157957616886424,2.2257970033211096,glm,False
2022/23,2023-05-20,Tottenham,Brentford,J Gillett,24,2,0,3.0895136190339905,3.6157583028564355,0.37222830502281135,0.6277716949771887,2.686523261412688,1.5929357886012,0.4840226792866136,0.5159773207133864,2.066018892903675,1.9380696783676605,glm,False
2022/23,2023-05-20,Wolves,Everton,D Coote,88,6,0,3.3396020442228838,4.477360105759354,0.42619296380587934,0.5738070361941207,2.3463550197311,1.742746144475121,0.6441876935563375,0.35581230644366246,1.552342601392066,2.8104705258651164,glm,False
2022/23,2023-05-21,Brighton,Southampton,P Tierney,157,7,0,2.9888948408455227,4.287495873164302,0.35029312124439005,0.64970687875561,2.8547520329476495,1.5391556295591482,0.6120081155363131,0.38799188446368693,1.6339652606137143,2.5773734968252726,glm,False
2022/23,2023-05-21,Man City,Chelsea,M Oliver,262,2,0,2.759954088088865,4.029351822685706,0.3003906559755085,0.6996093440244915,3.328998356332136,1.4293691308459606,0.5652972334820573,0.4347027665179427,1.7689808843399202,2.3004224426961963,glm,False
2022/23,2023-05-21,West Ham,Leeds,P Bankes,59,4,0,3.919102996833032,3.859395904075472,0.5443618323727336,0.4556381676272664,1.8370134357900452,2.194723952138372,0.5327917427110321,0.46720825728896787,1.8769059650054778,2.140373129966967,glm,False
2022/23,2023-05-22,Newcastle,Leicester,A Marriner,206,2,0,2.736797823007491,4.041305389909249,0.2953693083119875,0.7046306916880125,3.385592110821946,1.4191831434483801,0.5675327310108317,0.4324672689891683,1.7620129119582257,2.312313721076187,glm,False
2022/23,2023-05-24,Brighton,Man City,S Hooper,75,3,0,2.67244815262551,4.212045614296237,0.28146401279423094,0.7185359872057691,3.5528520682715734,1.3917187417275836,0.5987010816459003,0.4012989183540997,1.6702826012120795,2.491908037284108,glm,False
2022/23,2023-05-25,Man United,Chelsea,S Attwell,137,2,0,3.4258066831353817,4.290849717355471,0.4444888437488559,0.5555111562511441,2.249775250973493,1.8001438652438233,0.6125928504285495,0.3874071495714505,1.6324056007190313,2.5812636682265655,glm,False
2022/23,2023-05-28,Arsenal,Wolves,A Marriner,207,0,0,2.9546629003396068,4.093219863479669,0.34282018813868365,0.6571798118613164,2.9169810722916423,1.5216535595756073,0.577161565947252,0.422838434052748,1.7326171023858372,2.3649695000886615,glm,False
2022/23,2023-05-28,Aston Villa,Brighton,D Coote,89,8,0,3.3767652389789693,3.5588140108892223,0.434104203824349,0.565895796175651,2.30359437017714,1.767109787275404,0.47229593884339216,0.5277040611566078,2.117316533461848,1.8950015237863176,glm,False
2022/23,2023-05-28,Brentford,Man City,J Brooks,22,4,0,3.390583769982198,3.640318113033381,0.4370368693787383,0.5629631306212617,2.2881364710065113,1.7763152604619834,0.4890445236191697,0.5109554763808303,2.0448035949764014,1.9571176868151823,glm,False
2022/23,2023-05-28,Chelsea,Newcastle,J Gillett,25,0,0,3.0170448301127935,3.9405969687455196,0.3564358867202462,0.6435641132797538,2.805553641642331,1.553846740931164,0.5484876112061201,0.4515123887938799,1.823195236444826,2.2147786524114856,glm,False
2022/23,2023-05-28,Crystal Palace,Nott'm Forest,T Bramall,7,2,0,3.7230037552747146,3.9951287590425903,0.5057840021960957,0.49421599780390435,1.9771285680409751,2.023406778500888,0.5588593844253946,0.4411406155746054,1.7893588760760906,2.2668508967315453,glm,False
2022/23,2023-05-28,Everton,Bournemouth,S Attwell,138,4,0,3.2239383991215034,3.940494654369748,0.40137006367882666,0.5986299363211733,2.4914663311815715,1.6704811091563687,0.5484680219484313,0.45153197805156875,1.8232603542636863,2.2146825664821277,glm,False
2022/23,2023-05-28,Leeds,Tottenham,A Taylor,267,3,0,3.8264644572473285,4.306062846235495,0.5263429460052944,0.4736570539947056,1.8999019699789823,2.1112321490121366,0.6152379335295821,0.3847620664704179,1.625387424119091,2.5990088086734096,glm,False
2022/23,2023-05-28,Leicester,West Ham,S Hooper,76,2,0,2.678665271156353,3.769802003951203,0.2828039369285539,0.7171960630714461,3.536018666715502,1.3943188641017141,0.5151383997180095,0.48486160028199055,1.9412258929782895,2.062444209684599,glm,False
2022/23,2023-05-28,Man United,Fulham,R Jones,47,3,0,3.616218888159883,3.8240795495376014,0.48411705978540853,0.5158829402145915,2.065616114505991,1.9384242471441888,0.5258740982786502,0.47412590172134983,1.9015958444679282,2.109144420014651,glm,False
2022/23,2023-05-28,Southampton,Liverpool,D England,44,2,0,2.963549605264848,3.167248826781814,0.34476035708006814,0.6552396429199319,2.9005655072104393,1.5261591858876535,0.3891113958352721,0.6108886041647279,2.5699581423293596,1.6369596571003429,glm,False
2023/24,2023-08-11,Burnley,Man City,C Pawson,216,0,1,3.238423080704291,2.8014684261868386,0.4044934911391712,0.5955065088608288,2.472227667208462,1.6792427708522364,0.30941138758533715,0.6905886124146629,3.231943102689442,1.4480400951059291,glm,False
2023/24,2023-08-12,Arsenal,Nott'm Forest,M Oliver,263,4,0,3.326692309117418,4.033945092589279,0.4234368461338849,0.5765631538661151,2.3616272630271147,1.7344153772133208,0.5661570533574111,0.43384294664258893,1.7662943419495065,2.3049815785614833,glm,False
2023/24,2023-08-12,Bournemouth,West Ham,P Bankes,60,5,0,3.412224251906836,3.899491261394249,0.4416193059940521,0.5583806940059479,2.264393758214611,1.7908928634795311,0.5405790480120113,0.4594209519879887,1.8498682175669168,2.1766530143495597,glm,False
2023/24,2023-08-12,Brighton,Luton,D Coote,90,4,0,3.3209070051834177,2.868965539995327,0.42220046048945914,0.5777995395105409,2.368543129585162,1.7307040446018855,0.32411583911251207,0.6758841608874879,3.0853166656038202,1.4795434748565834,glm,False
2023/24,2023-08-12,Everton,Fulham,S Attwell,139,2,0,3.5446811295571257,3.433081524523098,0.46936813116297693,0.5306318688370231,2.1305238545323686,1.8845456873739663,0.4460236490967773,0.5539763509032227,2.2420335828045346,1.8051312088856581,glm,False
2023/24,2023-08-12,Newcastle,Aston Villa,A Madley,69,8,0,3.0859845452823844,3.8649374668124246,0.3714602242178169,0.6285397757821831,2.6920782759599584,1.5909892078915056,0.5338722639877601,0.4661277360122399,1.8731072345480129,2.145334685627335,glm,False
2023/24,2023-08-12,Sheffield United,Crystal Palace,J Brooks,23,3,0,3.935967261914803,2.8723295603928856,0.547600720302019,0.452399279697981,1.8261480727207016,2.21043676432817,0.32484958145247944,0.6751504185475206,3.0783478172536443,1.481151418303705,glm,False
2023/24,2023-08-13,Brentford,Tottenham,R Jones,48,5,0,3.2329790069995368,3.847302641590469,0.4033199992867357,0.5966800007132643,2.479420811684227,1.675940200450177,0.5304290630369738,0.4695709369630262,1.8852662300864433,2.1296036898440747,glm,False
2023/24,2023-08-13,Chelsea,Liverpool,A Taylor,268,6,0,2.9316791204978148,3.429713925537604,0.33780223461763215,0.6621977653823679,2.9603119740517054,1.5101228851513528,0.4453133591181202,0.5546866408818798,2.245609702750346,1.8028196936744858,glm,False
2023/24,2023-08-14,Man United,Wolves,S Hooper,77,5,0,3.158744683645693,4.378253380302317,0.387268157558892,0.612731842441108,2.5821900935605058,1.6320353060419148,0.6276258314353035,0.3723741685646965,1.5933059952505817,2.685470917207995,glm,False
2023/24,2023-08-18,Nott'm Forest,Sheffield United,P Bankes,61,5,0,4.16929408323844,3.6391651108584897,0.5910327088329724,0.40896729116702757,1.6919537363246049,2.44518332296552,0.48880926130985836,0.5111907386901416,2.045787752303031,1.9562169740444968,glm,False
2023/24,2023-08-19,Fulham,Brentford,D Bond,4,4,1,3.4874717101314148,3.2108699006158794,0.4574493904765863,0.5425506095234137,2.1860341730003534,1.8431460262820791,0.3985488028147004,0.6014511971852996,2.509103008057299,1.662645289725664,glm,False
2023/24,2023-08-19,Liverpool,Bournemouth,T Bramall,8,4,1,2.807154637661989,3.3991088515627044,0.31064855387033097,0.689351446129669,3.2190718016907747,1.4506388658708886,0.43884359560752917,0.5611564043924708,2.278716175897733,1.7820343707609252,glm,False
2023/24,2023-08-19,Man City,Newcastle,R Jones,49,6,0,3.0519817454990164,4.006226361897666,0.3640541203599117,0.6359458796400883,2.7468443400980562,1.5724608524328314,0.5609530823609544,0.4390469176390456,1.782680283689989,2.277660905530219,glm,False
2023/24,2023-08-19,Tottenham,Man United,M Oliver,264,4,0,3.199114265992807,4.554840582390867,0.39600847110470627,0.6039915288952937,2.525198507017785,1.6556523596100918,0.6567735346289401,0.34322646537105994,1.5225948478039297,2.913528241241264,glm,False
2023/24,2023-08-19,Wolves,Brighton,A Madley,70,9,1,2.8611987190728105,3.91157927672469,0.3224220346680222,0.6775779653319778,3.101524996669776,1.4758449228939319,0.542912683597473,0.457087316402527,1.841916813167366,2.187765803414605,glm,False
2023/24,2023-08-20,Aston Villa,Everton,A Taylor,269,7,0,3.515608188817819,4.1066498789853965,0.4633244107606804,0.5366755892393196,2.15831494472353,1.863323057822312,0.579631133347537,0.420368866652463,1.7252351408812558,2.378863135044544,glm,False
2023/24,2023-08-20,West Ham,Chelsea,J Brooks,24,5,1,3.511408704418179,3.7520882568700173,0.4624491385128394,0.5375508614871606,2.162399962979358,1.8602890845220699,0.5116081311713081,0.4883918688286919,1.954621005945579,2.0475361360914865,glm,False
2023/24,2023-08-21,Crystal Palace,Arsenal,D Coote,91,3,1,3.29539362724443,3.9910743639741546,0.4167388677181416,0.5832611322818584,2.399584193995418,1.714497923233387,0.5580930260233569,0.44190697397664314,1.791815975779903,2.262919706835979,glm,False
2023/24,2023-08-25,Chelsea,Luton,R Jones,50,5,0,3.34575522803046,3.9037027887397393,0.4275052103291067,0.5724947896708933,2.3391527771794154,1.746740787937763,0.5413928460108871,0.4586071539891129,1.847087576735158,2.1805154832445974,glm,False
2023/24,2023-08-26,Arsenal,Fulham,P Tierney,158,3,1,3.301231473245785,3.729500282044304,0.41798984480266244,0.5820101551973376,2.3924026203845,1.7181830781989327,0.5070878801223614,0.4929121198776386,1.9720447662024536,2.028759204071188,glm,False
2023/24,2023-08-26,Bournemouth,Tottenham,T Robinson,3,4,0,3.3443972055022204,4.429542329321746,0.4272156733566159,0.5727843266433841,2.340738091706798,1.745857827256158,0.6362614201101029,0.3637385798898971,1.5716810235436771,2.749227206810721,glm,False
2023/24,2023-08-26,Brentford,Crystal Palace,P Bankes,62,0,0,3.513300140950375,3.5067524507061085,0.46284342900958864,0.5371565709904114,2.16055784164386,1.8616545975714234,0.46147800334013334,0.5385219966598667,2.166950521502859,1.8569343614604572,glm,False
2023/24,2023-08-26,Brighton,West Ham,A Taylor,270,4,0,3.0609604985224594,4.291552273630704,0.36601068801183867,0.6339893119881613,2.7321606520071207,1.577313656698795,0.6127152659875033,0.38728473401249675,1.632079459271047,2.582079571377405,glm,False
2023/24,2023-08-26,Everton,Wolves,C Pawson,217,7,0,3.353668645498329,4.191989063939736,0.429191490364516,0.570808509635484,2.3299623185694838,1.7519010020341075,0.595114993924265,0.40488500607573497,1.6803475130173935,2.4698370771797533,glm,False
2023/24,2023-08-26,Man United,Nott'm Forest,S Attwell,140,8,1,3.829483652638849,4.212117525134445,0.5269361369840094,0.47306386301599057,1.897763181936308,2.1138794953065307,0.598713902607821,0.401286097392179,1.670246833494755,2.491987652945511,glm,False
2023/24,2023-08-27,Burnley,Aston Villa,M Salisbury,18,2,0,3.874995287000326,3.6970744770998225,0.5358299287770604,0.46417007122293963,1.8662638018042925,2.154382761829775,0.5005631954734066,0.49943680452659345,1.9977497527644879,2.002255322268211,glm,False
2023/24,2023-08-27,Newcastle,Liverpool,J Brooks,25,3,1,3.3029465552535577,3.5477993042587364,0.41835722278197807,0.5816427772180219,2.390301745838719,1.7192683192645608,0.4700146796917709,0.5299853203082291,2.12759312252925,1.8868447137713542,glm,False
2023/24,2023-08-27,Sheffield United,Man City,J Gillett,26,3,0,2.949376468318276,3.4813437493626096,0.34166601695301935,0.6583339830469807,2.926834833964493,1.5189858426746854,0.4561665514683866,0.5438334485316134,2.1921817739179468,1.838798262041562,glm,False
2023/24,2023-09-01,Luton,West Ham,P Tierney,159,2,0,3.2766117560835877,3.4284025793586634,0.4127091682583133,0.5872908317416867,2.4230137755847077,1.7027338857553267,0.4450366841135638,0.5549633158864362,2.24700577659531,1.8019209042722257,glm,False
2023/24,2023-09-02,Brentford,Bournemouth,R Madley,86,3,0,2.896304514233049,3.5088680503237892,0.33008050465142147,0.6699194953485785,3.0295639576049513,1.4927166725901462,0.4619193309717011,0.5380806690282989,2.164880170518916,1.8584573978579553,glm,False
2023/24,2023-09-02,Brighton,Newcastle,S Attwell,141,8,0,3.1365117357427397,4.403907312201431,0.3824445711971548,0.6175554288028452,2.6147579945238335,1.619287845851405,0.6319624950702325,0.3680375049297675,1.5823723841220452,2.717114388086154,glm,False
2023/24,2023-09-02,Burnley,Tottenham,D England,45,7,0,3.416001200920855,3.98132925700549,0.44241777275088867,0.5575822272491113,2.2603070256019486,1.7934574509908643,0.5562478571007194,0.44375214289928055,1.7977597346841205,2.253510244404549,glm,False
2023/24,2023-09-02,Chelsea,Nott'm Forest,T Robinson,4,7,0,3.757660668994219,4.316027908984285,0.5127200773589476,0.48727992264105235,1.950381980653188,2.0522085017991505,0.6169640558534891,0.3830359441465109,1.6208399671138551,2.6107210440216573,glm,False
2023/24,2023-09-02,Man City,Fulham,M Oliver,265,6,0,2.9390986326683772,3.470992808836,0.33942208394259643,0.6605779160574036,2.9461842564407843,1.5138259631330166,0.4539970449958347,0.5460029550041653,2.2026575085068556,1.831491919292582,glm,False
2023/24,2023-09-02,Sheffield United,Everton,A Madley,71,3,0,3.091115966493072,3.7215035450982112,0.37257700631502844,0.6274229936849716,2.6840088976249405,1.593821090500389,0.5054826643601922,0.4945173356398078,1.9783072111201607,2.022173800451702,glm,False
2023/24,2023-09-03,Arsenal,Man United,A Taylor,271,5,0,3.350521774349877,4.729493018486163,0.4285211041890249,0.5714788958109751,2.333607353813991,1.7498458951505436,0.6839699373685273,0.3160300626314727,1.4620525630809906,3.164255930822995,glm,False
2023/24,2023-09-03,Crystal Palace,Wolves,R Jones,51,4,0,3.3564490310149324,3.817142788400733,0.4297835989194392,0.5702164010805608,2.3267523528450074,1.7537201632660842,0.524509016664988,0.47549098333501205,1.9065449176800626,2.103089301475649,glm,False
2023/24,2023-09-03,Liverpool,Aston Villa,S Hooper,78,1,0,2.8150468634343566,3.540293132554016,0.3123662497398789,0.6876337502601211,3.2013701891057176,1.4542625338295505,0.46845773622295495,0.531542263777045,2.1346642881014692,1.8813179461858354,glm,False
2023/24,2023-09-16,Aston Villa,Crystal Palace,D England,46,8,0,3.5920309370217733,3.9063107959483303,0.47915029193221326,0.5208497080677867,2.0870278424905413,1.9199396380766591,0.5418963938166336,0.45810360618336643,1.8453712027070237,2.182912307395649,glm,False
2023/24,2023-09-16,Fulham,Luton,M Salisbury,19,4,0,3.9771131258176364,3.1010332080364296,0.5554481835923818,0.4445518164076182,1.800347952409283,2.2494565607242523,0.37473461819017717,0.6252653818098228,2.6685551626631456,1.599320910915478,glm,False
2023/24,2023-09-16,Man United,Brighton,J Gillett,27,4,0,3.0608972172207016,4.110660041560508,0.3659969004794885,0.6340030995205115,2.732263575702174,1.577279355189726,0.5803668223647689,0.4196331776352311,1.723048185155363,2.3830336906040746,glm,False
2023/24,2023-09-16,Newcastle,Brentford,C Pawson,218,8,0,3.1429595093378646,3.712070145135556,0.3838441314577843,0.6161558685422157,2.605224147109258,1.6229659588667624,0.5035857836149269,0.4964142163850731,1.9857589958589108,2.0144467402285087,glm,False
2023/24,2023-09-16,Tottenham,Sheffield United,P Bankes,63,11,1,3.717119689946621,4.566762646045233,0.5046015927262468,0.49539840727375317,1.981761481562571,2.018577341625178,0.6586817905111539,0.34131820948884606,1.5181837640053393,2.9298173147503253,glm,False
2023/24,2023-09-16,West Ham,Man City,A Madley,72,5,0,2.66961927913105,3.4833650073988442,0.2808546030999193,0.7191453969000807,3.5605611906037775,1.3905393878769994,0.45658981377365404,0.543410186226346,2.190149604379329,1.8402305023841994,glm,False
2023/24,2023-09-16,Wolves,Liverpool,M Oliver,266,4,0,2.6701615292799836,3.4864829125270265,0.28097140384031194,0.7190285961596881,3.559081053559254,1.3907652704509563,0.45724247234982507,0.5427575276501749,2.187023429518429,1.8424433546401826,glm,False
2023/24,2023-09-17,Bournemouth,Chelsea,D Coote,92,6,0,3.0841891771302232,3.9873659462838233,0.3710694282523527,0.6289305717476473,2.6949134686459035,1.5900006215650158,0.5573913875817438,0.4426086124182562,1.7940714949660859,2.2593324484500092,glm,False
2023/24,2023-09-17,Everton,Arsenal,S Hooper,79,2,0,2.799531715558407,4.124486214913945,0.3089900917756335,0.6910099082243665,3.2363497297063115,1.447157252158107,0.5828972456245881,0.4171027543754119,1.715568236951397,2.397490760993521,glm,False
2023/24,2023-09-18,Nott'm Forest,Burnley,R Jones,52,5,1,3.728525733266024,3.7827317322206704,0.5068923922369066,0.49310760776309337,1.9728053040745368,2.0279549215157027,0.5177070450247447,0.48229295497525526,1.9315943439637822,2.0734285866798663,glm,False
2023/24,2023-09-23,Brentford,Everton,M Oliver,267,4,0,2.7842823581188907,3.6915419434781875,0.3056743768360586,0.6943256231639414,3.271455103141756,1.4402464299720708,0.4994458097438865,0.5005541902561135,2.0022192207655025,1.9977856932699738,glm,False
2023/24,2023-09-23,Burnley,Man United,T Harrington,9,3,0,3.469781815665091,4.167654202413314,0.4537430134384107,0.5462569865615893,2.2038906834556387,1.8306402015917322,0.5907367318778154,0.4092632681221846,1.6928014562785547,2.4434149797715348,glm,False
2023/24,2023-09-23,Crystal Palace,Fulham,P Tierney,160,5,0,3.319335101741055,3.5827906026038034,0.42186439265131415,0.5781356073486859,2.3704299709090058,1.729697993496669,0.47724739067575994,0.5227526093242401,2.095349329378306,1.9129507575154823,glm,False
2023/24,2023-09-23,Luton,Wolves,J Smith,1,2,1,3.618379182353628,3.277727889666788,0.4845596322244059,0.5154403677755941,2.063729484458761,1.9400886358892389,0.4129488458464491,0.5870511541535509,2.4216074461964716,1.7034290673388863,glm,False
2023/24,2023-09-23,Man City,Nott'm Forest,A Taylor,272,10,1,3.4695231039862846,4.147137874903954,0.4536887374050007,0.5463112625949993,2.2041543409690507,1.830458327455967,0.5870224440672194,0.4129775559327806,1.703512378626346,2.4214390967115116,glm,False
2023/24,2023-09-24,Arsenal,Tottenham,R Jones,53,7,0,3.2345308450830963,4.7842573151252905,0.40365455997983735,0.5963454400201627,2.4773657952729438,1.676880433538973,0.6921621299587688,0.3078378700412312,1.4447482124738156,3.248463224703517,glm,False
2023/24,2023-09-24,Brighton,Bournemouth,J Brooks,26,6,0,3.402109646009309,4.6910596512107015,0.43947909019437925,0.5605209098056207,2.2754211117477863,1.7840547649627974,0.6781250435741565,0.3218749564258435,1.4746542831235885,3.106796537090605,glm,False
2023/24,2023-09-24,Chelsea,Aston Villa,J Gillett,28,5,0,3.1376682646411953,4.346086596552735,0.3826956476617338,0.6173043523382662,2.6130425211522237,1.6199464594930102,0.6221395305698327,0.37786046943016727,1.6073564704754826,2.6464795365020604,glm,False
2023/24,2023-09-24,Liverpool,West Ham,C Kavanagh,119,2,0,2.572815792573262,3.3890922995879804,0.2601185575685385,0.7398814424314615,3.8444008353249095,1.3515678900037211,0.4367205814328825,0.5632794185671175,2.2897936175093805,1.7753178387803017,glm,False
2023/24,2023-09-24,Sheffield United,Newcastle,S Attwell,142,3,0,3.339411164698676,3.913781542889318,0.4261522416228576,0.5738477583771424,2.346579232322787,1.742622473298542,0.5433371289431678,0.45666287105683223,1.8404779403628764,2.189799222533134,glm,False
2023/24,2023-09-30,Aston Villa,Brighton,A Madley,73,8,0,3.000511340504171,3.9496705828831833,0.35282839303440516,0.6471716069655948,2.834239023111974,1.5451852170844114,0.5502229452049087,0.44977705479509134,1.8174451078691198,2.223323731922204,glm,False
2023/24,2023-09-30,Bournemouth,Arsenal,M Salisbury,20,1,0,3.343172548066773,4.1281908917440076,0.4269545319982162,0.5730454680017838,2.342169774659232,1.7450622260167445,0.5835736608485154,0.41642633915148464,1.713579736525465,2.401385085385358,glm,False
2023/24,2023-09-30,Everton,Luton,A Taylor,273,1,0,3.3149324255383505,3.5318278716154325,0.4209228125141957,0.5790771874858043,2.3757324865025575,1.7268855026766434,0.4666996076426979,0.5333003923573021,2.1427058939496546,1.8751158152721126,glm,False
2023/24,2023-09-30,Man United,Crystal Palace,C Kavanagh,120,5,0,3.146149034663166,4.130454154257772,0.38453625382001166,0.6154637461799883,2.600535034254705,1.6247910721089924,0.5839865625531004,0.41601343744689956,1.712368167562199,2.40376850838536,glm,False
2023/24,2023-09-30,Newcastle,Burnley,T Bramall,9,4,0,3.21647363297941,4.153065513385492,0.39975891554001475,0.6002410844599853,2.501507686574417,1.6659972565850987,0.5880977449115652,0.4119022550884348,1.7003976101802165,2.4277604398774204,glm,False
2023/24,2023-09-30,Tottenham,Liverpool,S Hooper,80,9,2,2.6127882111188803,3.965394711447978,0.26865125332749273,0.7313487466725073,3.722297914541923,1.3673367248522719,0.5532211975128902,0.44677880248710977,1.8075952340504806,2.2382440582078678,glm,False
2023/24,2023-09-30,West Ham,Sheffield United,G Scott,99,2,0,2.6207201437601393,3.7709974859402733,0.2703496766640995,0.7296503233359005,3.6989132457608482,1.3705195050528907,0.5153761878352293,0.4846238121647707,1.9403302356679886,2.0634561796150512,glm,False
2023/24,2023-09-30,Wolves,Man City,C Pawson,219,9,0,3.07461235751889,3.899576592667799,0.36898435266049123,0.6310156473395088,2.7101420230687046,1.5847467558311823,0.540595544580774,0.45940445541922603,1.8498117678263317,2.176731174902206,glm,False
2023/24,2023-10-01,Nott'm Forest,Brentford,P Tierney,161,3,1,3.489771480822984,3.6179313666620603,0.4579305284142501,0.5420694715857499,2.183737353049733,1.844781992748341,0.48446790359622616,0.5155320964037738,2.0641202287642932,1.9397434359097252,glm,False
2023/24,2023-10-02,Fulham,Chelsea,T Robinson,5,5,0,3.626716988167459,3.6275612591058626,0.48626617839142483,0.5137338216085752,2.0564868469939936,1.9465333173293027,0.4864388385087891,0.5135611614912109,2.0557569026880484,1.9471877450707769,glm,False
2023/24,2023-10-03,Luton,Burnley,P Bankes,64,6,0,3.6266819972811604,3.024871861983161,0.4862590219134463,0.5137409780865537,2.056517113173479,1.9465062018695394,0.3581432447096847,0.6418567552903153,2.7921788691298985,1.5579800193077264,glm,False
2023/24,2023-10-07,Burnley,Chelsea,S Attwell,143,6,0,3.1392724810366874,3.623892581349617,0.38304388662207667,0.6169561133779233,2.6106669103079354,1.6208608332363486,0.4856883751029374,0.5143116248970626,2.058933363986854,1.9443464848770353,glm,False
2023/24,2023-10-07,Crystal Palace,Nott'm Forest,C Pawson,220,1,0,3.762271363454951,4.100238085309828,0.5136391549087701,0.4863608450912299,1.9468920748022311,2.056086566369099,0.5784532090153688,0.4215467909846312,1.7287482970354326,2.3722158996021347,glm,False
2023/24,2023-10-07,Everton,Bournemouth,D Coote,93,3,0,3.094493973310851,3.963242647677599,0.373312042310986,0.626687957689014,2.6787241949375806,1.595690467210537,0.5528115216959536,0.4471884783040464,1.8089348010188546,2.236193570533124,glm,False
2023/24,2023-10-07,Fulham,Sheffield United,S Barrott,0,3,0,3.7590676024331104,3.352428393794517,0.5130006224859931,0.4869993775140069,1.949315373447337,2.0533907150040216,0.4289273055312123,0.5710726944687877,2.331397388565722,1.751090552368645,glm,False
2023/24,2023-10-07,Luton,Tottenham,J Brooks,27,3,1,3.9664853363173367,3.7776823134962982,0.5534287312916594,0.44657126870834063,1.8069173923552508,2.239284230918824,0.516704745170924,0.483295254829076,1.9353412356784214,2.069128529626602,glm,False
2023/24,2023-10-07,Man United,Brentford,A Madley,74,5,0,3.003733003702509,3.6529903984642353,0.35353142789181846,0.6464685721081815,2.828602837273077,1.546865606689783,0.4916269539658771,0.5083730460341229,2.0340625995648893,1.9670594414891112,glm,False
2023/24,2023-10-08,Arsenal,Man City,M Oliver,268,5,0,2.585873696843318,4.049854745321568,0.2629009355281474,0.7370990644718526,3.8037141176050904,1.3566697452214536,0.5691273859152299,0.43087261408477007,1.7570758757143123,2.320871569255176,glm,False
2023/24,2023-10-08,Brighton,Liverpool,A Taylor,274,3,0,2.7329980811977412,4.012628211704557,0.2945461493146009,0.7054538506853991,3.3950537201961963,1.4175271692520044,0.5621582215984389,0.43784177840156113,1.7788586230342824,2.2839300617924643,glm,False
2023/24,2023-10-08,West Ham,Newcastle,P Bankes,65,6,0,3.3555490355871065,4.005489960034766,0.42959195769578407,0.5704080423042159,2.327790318430847,1.7531309621098743,0.5608143313252155,0.4391856686747845,1.7831213364982665,2.276941328749269,glm,False
2023/24,2023-10-08,Wolves,Aston Villa,R Jones,54,4,1,3.5410014493213513,4.478015717943832,0.46860473694464,0.53139526305536,2.1339946465759647,1.8818383781788086,0.6442955273675642,0.35570447263243576,1.5520827904638081,2.8113225358100618,glm,False
2023/24,2023-10-21,Bournemouth,Wolves,P Tierney,162,8,1,3.0173999551077992,4.104063683180037,0.3565133590145473,0.6434866409854527,2.804943979558409,1.5540338156337996,0.5791562606123298,0.42084373938767017,1.7266497282490236,2.3761788673748723,glm,False
2023/24,2023-10-21,Brentford,Burnley,J Smith,2,7,1,3.2804963680015953,3.2136334875390062,0.4135432344330068,0.5864567655669932,2.4181268528575046,1.7051555352647154,0.39914566051054057,0.6008543394894594,2.5053510508442374,1.6642968757614218,glm,False
2023/24,2023-10-21,Chelsea,Arsenal,C Kavanagh,121,6,0,2.8321444704211074,4.0669611457421855,0.31608950523457446,0.6839104947654255,3.1636608727578155,1.462179638496394,0.5723075538357478,0.42769244616425217,1.7473122507255947,2.3381287393978365,glm,False
2023/24,2023-10-21,Liverpool,Everton,C Pawson,221,2,1,2.849203882927636,3.622087601400557,0.3198069401370429,0.6801930598629571,3.126886488365394,1.4701708367937134,0.4853189685082018,0.5146810314917982,2.060500546833871,1.9429509517798027,glm,False
2023/24,2023-10-21,Man City,Brighton,R Jones,55,4,1,2.9491718679029164,4.1358354187278765,0.3416213469865761,0.6583786530134239,2.9272175431100758,1.5188827818504782,0.5849672827933053,0.41503271720669466,1.709497316200065,2.409448601378527,glm,False
2023/24,2023-10-21,Newcastle,Crystal Palace,T Robinson,6,5,0,3.4999178273395106,4.34981239760796,0.4600512838880393,0.5399487161119607,2.173670708075593,1.852027739228193,0.6227777611743314,0.37722223882566863,1.6057092310334995,2.6509571734505957,glm,False
2023/24,2023-10-21,Nott'm Forest,Luton,S Barrott,1,3,0,4.100119826966358,3.480432002330647,0.5784314645771128,0.4215685354228872,1.728813284268851,2.3720935410819313,0.4559755855430373,0.5440244144569627,2.1930998757511655,1.8381527987088329,glm,False
2023/24,2023-10-21,Sheffield United,Man United,M Oliver,269,4,0,3.097455625915838,3.5972315557345547,0.37395638815839394,0.6260436118416061,2.6741086171161688,1.5973328073076924,0.4802199526831189,0.5197800473168811,2.0823791148467055,1.9238907017728508,glm,False
2023/24,2023-10-22,Aston Villa,West Ham,D Coote,94,1,0,3.2871513704024378,4.031887105571424,0.41497139471813516,0.5850286052818648,2.409804658172256,1.7093181273045672,0.5657719409278545,0.43422805907214546,1.7674966318761234,2.3029373139469405,glm,False
2023/24,2023-10-23,Tottenham,Fulham,A Taylor,275,2,0,3.408534959464807,4.2174935504167195,0.4408389895074032,0.5591610104925968,2.268401896840857,1.7883936491191383,0.5996716501337357,0.4003283498662643,1.6675792490390118,2.4979494965421885,glm,False
2023/24,2023-10-27,Crystal Palace,Tottenham,A Madley,75,3,0,3.0395771847680426,4.361519768528799,0.36135008376522126,0.6386499162347787,2.7673993861579578,1.5658030707896982,0.6247785250864774,0.37522147491352265,1.6005671767632974,2.6650926635541587,glm,False
2023/24,2023-10-28,Arsenal,Sheffield United,T Robinson,7,3,0,3.6244352054360798,3.9736883797879705,0.4857994051133996,0.5142005948866004,2.05846279240826,1.9447663226071057,0.5547980010469284,0.44520199895307155,1.8024578280977142,2.246171406129309,glm,False
2023/24,2023-10-28,Bournemouth,Burnley,S Barrott,2,5,0,3.268138453736919,3.8475052788640145,0.4108887803746435,0.5891112196253565,2.4337486146207543,1.6974723391551547,0.5304687052409173,0.46953129475908273,1.8851253431544859,2.1297834908173727,glm,False
2023/24,2023-10-28,Chelsea,Brentford,S Hooper,81,5,0,2.8087771134255517,3.6820542315434097,0.3110016238243922,0.6889983761756078,3.215417294942011,1.45138223046425,0.49752684214979515,0.5024731578502049,2.0099418067154664,1.9901560598349728,glm,False
2023/24,2023-10-28,Wolves,Newcastle,A Taylor,276,5,0,3.200880322102757,4.229428924607564,0.3963902536008598,0.6036097463991402,2.522766367023084,1.656699557894058,0.6017927111418866,0.3982072888581134,1.6617017479366358,2.5112548865380346,glm,False
2023/24,2023-10-29,Aston Villa,Luton,J Brooks,28,5,0,4.004213052383942,3.795776527732625,0.5605736787366216,0.43942632126337844,1.7838868251069586,2.2756943578730944,0.5202914721947794,0.47970852780522055,1.9219995972289048,2.0845991722832933,glm,False
2023/24,2023-10-29,Brighton,Fulham,M Salisbury,21,3,0,3.519872209031914,4.175881799392324,0.46421255165887065,0.5357874483411293,2.15418561266059,1.8664117703692682,0.5922203468099148,0.40777965319008525,1.6885606943203701,2.4523047978900827,glm,False
2023/24,2023-10-29,Liverpool,Nott'm Forest,C Kavanagh,122,5,0,3.124018971934676,3.577195623712864,0.3797313994163969,0.6202686005836031,2.6334403779536903,1.6122047755748272,0.4760937395296797,0.5239062604703203,2.100426695355989,1.9087384050388738,glm,False
2023/24,2023-10-29,Man United,Man City,P Tierney,163,5,0,3.0177263917321615,4.135359105149841,0.3565845722515746,0.6434154277484254,2.804383806303567,1.554205816138743,0.5848805338963015,0.41511946610369854,1.7097508671357127,2.408945090881852,glm,False
2023/24,2023-10-29,West Ham,Everton,S Attwell,144,5,0,3.037084388344587,3.8018080201630986,0.3608065628769339,0.6391934371230661,2.7715682110280406,1.5644716324073686,0.5214840065872385,0.4785159934127615,1.9176043509835063,2.0897943094190654,glm,False
2023/24,2023-11-04,Brentford,West Ham,T Bramall,10,5,0,3.124273598099996,3.352811503958122,0.3797867178782861,0.6202132821217139,2.633056799844379,1.612348572379904,0.4290089155267036,0.5709910844732964,2.330953888853984,1.7513408303431524,glm,False
2023/24,2023-11-04,Burnley,Crystal Palace,P Bankes,66,5,0,3.567370032198025,3.9198689234366157,0.47406513250501914,0.5259348674949809,2.109414785930101,1.9013761243155138,0.544509214077106,0.45549078592289405,1.8365162134031283,2.1954340919846422,glm,False
2023/24,2023-11-04,Everton,Brighton,T Robinson,8,6,0,3.349617729323158,4.020126202903592,0.42832846794284807,0.5716715320571519,2.3346568693011323,1.7492562493037114,0.563567236024944,0.43643276397505604,1.774411172397785,2.291303684196254,glm,False
2023/24,2023-11-04,Fulham,Man United,J Brooks,29,7,0,4.011642801331319,3.7974732111322393,0.561972845920489,0.438027154079511,1.7794454078328998,2.2829634891047856,0.5206270922781981,0.47937290772180186,1.9207605882055172,2.0860586484798547,glm,False
2023/24,2023-11-04,Man City,Bournemouth,C Pawson,222,1,0,2.8899332577536443,4.526624238109727,0.3286901558243962,0.6713098441756038,3.042378916070286,1.4896251092936694,0.6522270452220449,0.3477729547779551,1.5332084238542407,2.8754392377592346,glm,False
2023/24,2023-11-04,Newcastle,Arsenal,S Attwell,145,6,0,3.0625533841444126,4.241211164845494,0.3663577305982292,0.6336422694017708,2.729572536567169,1.5781775432123741,0.6038794478333276,0.3961205521666724,1.6559596515296588,2.5244840100577215,glm,False
2023/24,2023-11-04,Sheffield United,Wolves,R Jones,56,5,0,3.4927380872225458,3.637982905351253,0.45855093242022205,0.541449067579778,2.180782829776447,1.846895783697436,0.48856798907365917,0.5114320109263408,2.046798035000272,1.955294112679281,glm,False
2023/24,2023-11-05,Luton,Liverpool,A Madley,76,2,0,2.741559597124545,3.0684185945983447,0.29640120647646984,0.7035987935235302,3.3738054304424234,1.4212645177973253,0.36763541086186535,0.6323645891381346,2.720086179009938,1.5813662200202019,glm,False
2023/24,2023-11-05,Nott'm Forest,Aston Villa,J Gillett,29,2,0,3.677365792528128,4.325350714924667,0.49657728289740666,0.5034227171025933,2.013785234324948,1.9864022143367208,0.6185742685410694,0.38142573145893055,1.6166207533309418,2.6217423669217594,glm,False
2023/24,2023-11-06,Tottenham,Chelsea,M Oliver,270,6,2,2.822693698077596,4.355050466148598,0.31403112610015504,0.685968873899845,3.1843977137510455,1.4577920923945673,0.6236738196129594,0.3763261803870406,1.6034022409672122,2.6572692842457277,glm,False
2023/24,2023-11-11,Arsenal,Burnley,M Oliver,271,1,1,2.7457499514914714,3.6410303885278967,0.29730957141673053,0.7026904285832695,3.3634974993735667,1.4231017804186572,0.48918983396813953,0.5108101660318605,2.0441962006617027,1.9576744287771821,glm,False
2023/24,2023-11-11,Bournemouth,Newcastle,C Kavanagh,123,3,0,2.845097452963047,4.029920728260895,0.31891189621907245,0.6810881037809275,3.135662268656992,1.4682388290864212,0.5654037823272997,0.4345962176727003,1.7686475245776163,2.3009864313939157,glm,False
2023/24,2023-11-11,Crystal Palace,Everton,S Barrott,3,5,0,3.394419943101084,3.974593524071463,0.43785011323852385,0.5621498867614761,2.283886585305594,1.778884997666657,0.5549698944376481,0.4450301055623519,1.801899544502863,2.247038992421363,glm,False
2023/24,2023-11-11,Man United,Luton,G Scott,100,2,0,2.7407848085964543,3.558864825750082,0.29623328168260477,0.7037667183173952,3.3757179285190406,1.420925391855494,0.4723064535976693,0.5276935464023307,2.1172693965597227,1.8950392833448972,glm,False
2023/24,2023-11-11,Wolves,Tottenham,T Robinson,9,7,0,3.723795194072296,4.656989723938976,0.5059429373475396,0.4940570626524604,1.9765074797616662,2.024057696152074,0.6728777340413796,0.3271222659586204,1.4861540951784615,3.056960971670745,glm,False
2023/24,2023-11-12,Aston Villa,Fulham,S Hooper,82,7,0,3.227933568511712,3.8677452094575506,0.40223194930472395,0.597768050695276,2.4861277223963563,1.6728896749113304,0.5344192154694807,0.4655807845305193,1.8711902024733755,2.1478549657249633,glm,False
2023/24,2023-11-12,Brighton,Sheffield United,J Brooks,30,5,1,3.734783354516599,4.320831030779459,0.5081469643431513,0.4918530356568487,1.9679346137443432,2.0331276367229143,0.6177942025688266,0.38220579743117344,1.6186620007794474,2.6163915009166683,glm,False
2023/24,2023-11-12,Chelsea,Man City,A Taylor,277,8,0,2.8898271571464367,4.42820488909414,0.3286670037121886,0.6713329962878114,3.04259322872488,1.489573736922777,0.6360379904306855,0.36396200956931446,1.572233129223715,2.747539506069124,glm,False
2023/24,2023-11-12,Liverpool,Brentford,P Tierney,164,3,0,2.7229598394726,3.2428408542231133,0.2923726653551102,0.7076273346448898,3.4202923819346083,1.41317322132819,0.4054453540672016,0.5945546459327984,2.4664236252026517,1.6819311846955587,glm,False
2023/24,2023-11-12,West Ham,Nott'm Forest,M Salisbury,22,4,0,3.8532417074451093,3.7973506360859544,0.531590187118,0.468409812882,1.8811483436544785,2.134882687122347,0.5206028498404173,0.47939715015958273,1.9208500305108482,2.0859531594360083,glm,False
2023/24,2023-11-25,Brentford,Arsenal,T Robinson,10,2,0,3.51592971863838,3.402429670712038,0.4633914018000691,0.5366085981999309,2.158002923911505,1.8635556779271316,0.439546849156328,0.560453150843672,2.275070341010095,1.7842704577441684,glm,False
2023/24,2023-11-25,Burnley,West Ham,S Barrott,4,4,0,3.323706327487212,3.6147791849928277,0.42279880492533484,0.5772011950746652,2.365191169773049,1.7324981454181547,0.483822018542279,0.516177981457721,2.0668757552889554,1.9373162667185715,glm,False
2023/24,2023-11-25,Luton,Crystal Palace,J Gillett,30,7,0,3.105947875072115,3.5644343965392307,0.37580348595676005,0.62419651404324,2.6609652048705583,1.6020595717885202,0.47345839106862875,0.5265416089313713,2.1121180210639627,1.8991851413785206,glm,False
2023/24,2023-11-25,Man City,Liverpool,C Kavanagh,124,4,0,2.446409458438954,3.946327597769817,0.23347937499837101,0.766520625001629,4.283033565628557,1.3045963375060845,0.5495840379959536,0.45041596200404643,1.8195579399403203,2.2201699858741155,glm,False
2023/24,2023-11-25,Newcastle,Chelsea,S Hooper,83,8,1,2.82838546510649,4.502454130783118,0.315270698208139,0.684729301791861,3.171877391979538,1.4604311475835932,0.6482988542836177,0.35170114571638234,1.542498484136639,2.843323122997207,glm,False
2023/24,2023-11-25,Nott'm Forest,Brighton,A Taylor,278,6,1,3.4985561191580663,3.9427425239404355,0.4597668521798175,0.5402331478201825,2.1750154350163857,1.8510526502028928,0.5488982915916089,0.45110170840839114,1.8218311394272286,2.216794974083052,glm,False
2023/24,2023-11-25,Sheffield United,Bournemouth,A Madley,77,5,0,2.964860613074966,3.705513045133826,0.3450465731562884,0.6549534268437116,2.8981594885947506,1.52682612078099,0.5022651963316549,0.4977348036683451,1.99098007845975,2.0091020210560333,glm,False
2023/24,2023-11-26,Everton,Man United,J Brooks,31,3,0,3.7969917853316097,3.903788901527453,0.520531874024708,0.479468125975292,1.921111943190117,2.085644375141492,0.5414094773534531,0.45859052264654687,1.847030836785964,2.180594562288279,glm,False
2023/24,2023-11-26,Tottenham,Aston Villa,R Jones,57,4,0,3.4948340179069035,4.683820168605108,0.4589890867938333,0.5410109132061667,2.1787010383738723,1.848391549208774,0.6770152386826098,0.3229847613173902,1.4770716268453272,3.096121302816889,glm,False
2023/24,2023-11-27,Fulham,Wolves,M Salisbury,23,4,0,3.7336079023819226,3.7740552044155606,0.5079114215731847,0.4920885784268153,1.9688472389587925,2.0321544612901894,0.5159841157993784,0.4840158842006216,1.9380441555856218,2.0660478976873953,glm,False
2023/24,2023-12-02,Arsenal,Wolves,P Bankes,67,3,0,3.4673516896426255,4.078639867547635,0.45323310895684743,0.5467668910431526,2.2063701442764865,1.828932981095735,0.5744705491430872,0.42552945085691285,1.7407332743021495,2.350013607721494,glm,False
2023/24,2023-12-02,Brentford,Luton,A Taylor,279,3,0,3.3589170661817,3.1944458089499186,0.43030902817297534,0.5696909718270247,2.3239112696422923,1.755337629439615,0.3949990079746676,0.6050009920253324,2.5316519277540386,1.6528898517213146,glm,False
2023/24,2023-12-02,Burnley,Sheffield United,C Kavanagh,125,7,1,3.1074771525187,3.5432656963837634,0.37613602882408337,0.6238639711759166,2.658612638428461,1.602913529555341,0.46907453592408643,0.5309254640759136,2.1318573561661784,1.883503556832634,glm,False
2023/24,2023-12-02,Newcastle,Man United,R Jones,58,3,0,3.3474640756856306,4.100038865653038,0.42786948098407285,0.5721305190159272,2.3371613177459234,1.7478529230008821,0.5784165776356446,0.4215834223643554,1.7288577794357731,2.372009777784254,glm,False
2023/24,2023-12-02,Nott'm Forest,Everton,P Tierney,165,1,0,3.4614513933248463,3.969226006438655,0.4519943309922714,0.5480056690077286,2.212417128782748,1.824798640880295,0.5539500063025399,0.4460499936974601,1.8052170568147803,2.2419011638373982,glm,False
2023/24,2023-12-03,Bournemouth,Aston Villa,T Bramall,11,8,0,3.3694587486370033,4.418711353110717,0.4325515592073035,0.5674484407926965,2.3118631264041816,1.7622746457864102,0.6344493135361692,0.3655506864638308,1.5761700401666385,2.7355987473954433,glm,False
2023/24,2023-12-03,Chelsea,Brighton,C Pawson,223,8,1,2.9893154685471166,4.313344789217943,0.3503849297741658,0.6496150702258342,2.8540040253572885,1.5393731547089216,0.6164997987299587,0.38350020127004125,1.6220605457780908,2.6075605610852106,glm,False
2023/24,2023-12-03,Liverpool,Fulham,S Attwell,146,0,0,3.031053579434349,3.518456301635728,0.359491467525068,0.640508532474932,2.781707190116461,1.5612594513549867,0.46391770149954603,0.536082298500454,2.1555547390574805,1.8653852268527258,glm,False
2023/24,2023-12-03,Man City,Tottenham,S Hooper,84,8,0,2.791478000471546,4.709425239545375,0.3072386077103465,0.6927613922896535,3.254799282721539,1.4434984557884911,0.6809279033555864,0.3190720966444136,1.4685842584391662,3.134087908396575,glm,False
2023/24,2023-12-03,West Ham,Crystal Palace,M Oliver,272,2,0,2.7098442524753095,3.740838141256413,0.2895355120658373,0.7104644879341627,3.453807765634672,1.4075298864095624,0.5093593682066231,0.4906406317933769,1.963250432638253,2.0381516230011893,glm,False
2023/24,2023-12-05,Luton,Arsenal,S Barrott,5,3,0,3.6028052528612067,3.364018275949593,0.4813652811022262,0.5186347188977738,2.077424440977979,1.9281393311370394,0.43139455928210024,0.5686054407178998,2.3180635417937054,1.7586887644575433,glm,False
2023/24,2023-12-05,Wolves,Burnley,J Gillett,31,6,0,3.103201873212413,4.02015834312228,0.37520630239868735,0.6247936976013126,2.6652004340199444,1.6005283085267457,0.5635732700288674,0.43642672997113263,1.774392174328598,2.29133536359275,glm,False
2023/24,2023-12-06,Aston Villa,Man City,J Brooks,32,4,0,3.6544960506367814,4.5075914967380974,0.49193338468165293,0.5080666153183471,2.032795559600279,1.968245835978447,0.6491363901158622,0.3508636098841378,1.5405083049211172,2.8501103329872826,glm,False
2023/24,2023-12-06,Brighton,Brentford,P Bankes,68,4,0,3.343134527740383,4.0653475713979885,0.4269464241035864,0.5730535758964136,2.342214253461878,1.7450375358634218,0.5720081863176532,0.42799181368234684,1.7482267280781019,2.336493288028622,glm,False
2023/24,2023-12-06,Crystal Palace,Bournemouth,C Pawson,224,4,0,3.051477954287248,4.215316314999133,0.36394432108499974,0.6360556789150003,2.7476730424554376,1.5721894059743717,0.5992839487423649,0.4007160512576351,1.6686580745213733,2.495532676720911,glm,False
2023/24,2023-12-06,Fulham,Nott'm Forest,J Smith,3,1,0,4.153800078042237,3.7026831716409516,0.5882308763706713,0.4117691236293287,1.7000127673846452,2.428545373159625,0.5016947418431409,0.4983052581568591,1.9932439322089974,2.0068020227175984,glm,False
2023/24,2023-12-06,Man United,Chelsea,C Kavanagh,126,4,0,3.0321875828594296,4.318675833845304,0.35973876817032,0.64026123182968,2.77979491920244,1.5618624871949398,0.6174218574364789,0.3825781425635211,1.6196381581824404,2.613845091356639,glm,False
2023/24,2023-12-06,Sheffield United,Liverpool,S Hooper,85,5,0,2.820663661660311,3.350204996416129,0.3135890901166679,0.6864109098833321,3.188886448913,1.456853301137023,0.42845360661915477,0.5715463933808452,2.3339749848082927,1.7496392446547349,glm,False
2023/24,2023-12-07,Everton,Newcastle,T Robinson,11,3,0,3.5217305923074527,3.8259746511053385,0.4645994447806735,0.5354005552193265,2.152391724170218,1.867760483719242,0.5262466752337388,0.4737533247662612,1.9002495351744273,2.1108031283862263,glm,False
2023/24,2023-12-07,Tottenham,West Ham,M Salisbury,24,6,0,3.375256473027901,3.932890665904125,0.4337837006922174,0.5662162993077826,2.305296391736789,1.7661095260283601,0.5470108085457254,0.45298919145427463,1.8281174418812396,2.2075581909352056,glm,False
2023/24,2023-12-09,Aston Villa,Arsenal,J Gillett,32,6,0,3.154498517871326,3.9906575135927476,0.3863474373865896,0.6136525626134104,2.5883438149982427,1.6295866112596702,0.5580141894950194,0.44198581050498065,1.792069124451764,2.2625160723089124,glm,False
2023/24,2023-12-09,Brighton,Burnley,S Hooper,86,4,0,2.8822247696176295,4.1325194552745215,0.32700822214572645,0.6729917778542736,3.0580270839623247,1.4859022545391858,0.5843631275188468,0.4156368724811532,1.7112647135111176,2.4059463108517742,glm,False
2023/24,2023-12-09,Crystal Palace,Liverpool,A Madley,78,7,1,2.6051583086487597,3.7259485036479774,0.2670190825743075,0.7329809174256925,3.745050692104429,1.3642919975490047,0.5063752339094093,0.4936247660905907,1.9748201196168695,2.0258302838404965,glm,False
2023/24,2023-12-09,Man United,Bournemouth,P Bankes,69,4,0,3.5243770767174714,4.203192993445056,0.4651502172079268,0.5348497827920732,2.149843132402516,1.8696838480137468,0.5971207502338083,0.4028792497661917,1.6747031477443055,2.4821332957215922,glm,False
2023/24,2023-12-09,Sheffield United,Brentford,S Attwell,147,6,0,3.3035075917347307,3.2121426451184316,0.41847738507654564,0.5815226149234544,2.3896153906072737,1.7196235784082614,0.3988236964037195,0.6011763035962805,2.507373581402556,1.6634055501155436,glm,False
2023/24,2023-12-09,Wolves,Nott'm Forest,S Barrott,6,1,0,3.9783916354248148,4.268437397341618,0.5556907662437703,0.44430923375622966,1.7995620239644583,2.25068471241507,0.6086743178743195,0.39132568212568053,1.6429147257145855,2.5554162317382327,glm,False
2023/24,2023-12-10,Everton,Chelsea,M Oliver,273,4,0,2.702034501522197,4.111621933367854,0.2878476026842023,0.7121523973157977,3.47406054688286,1.4041938267274536,0.5805431697222365,0.4194568302777635,1.722524787396008,2.3840355617473246,glm,False
2023/24,2023-12-10,Fulham,West Ham,P Tierney,166,3,0,3.067880410063795,3.325113657100028,0.3675181841920723,0.6324818158079277,2.7209538004176146,1.5810731233792188,0.4230995474637429,0.5769004525362571,2.363509972994462,1.733401309712358,glm,False
2023/24,2023-12-10,Luton,Man City,T Robinson,12,3,0,3.623425147617667,3.7975462751708866,0.48559272168046486,0.5144072783195351,2.0593389384819303,1.9439849359573573,0.5206415423109799,0.4793584576890201,1.9207072788723005,2.0861215317259343,glm,False
2023/24,2023-12-10,Tottenham,Newcastle,C Kavanagh,127,4,0,2.978026560244498,4.362855132583078,0.347920784284905,0.652079215715095,2.8742174804398033,1.5335560096074552,0.6250062812952246,0.3749937187047754,1.5999839200458297,2.6667113344031206,glm,False
2023/24,2023-12-15,Nott'm Forest,Tottenham,J Gillett,33,6,1,3.5817727490133318,4.129415019338858,0.47703759662961764,0.5229624033703824,2.0962708328761384,1.9121833492335414,0.5837970178927894,0.41620298210721063,1.712924131763283,2.4026737985803472,glm,False
2023/24,2023-12-16,Burnley,Everton,A Taylor,280,1,0,3.092972175807304,3.7740429514684637,0.37298092137854755,0.6270190786214525,2.6811022834733023,1.594847803034277,0.5159816804730709,0.4840183195269291,1.938053302751298,2.0660375024180535,glm,False
2023/24,2023-12-16,Chelsea,Sheffield United,A Madley,79,4,0,3.1051679004932304,4.090192511149962,0.37563387005651183,0.6243661299434882,2.662166752560295,1.6016243547524123,0.5766036638211095,0.4233963361788905,1.7342935238619097,2.361853220140967,glm,False
2023/24,2023-12-16,Man City,Crystal Palace,P Tierney,167,2,0,2.821509955467778,4.198186496074846,0.3137733640390966,0.6862266359609034,3.1870136684878023,1.4572445131042295,0.5962252574447187,0.40377474255528134,1.677218446406925,2.4766284133364005,glm,False
2023/24,2023-12-16,Newcastle,Fulham,S Barrott,7,2,1,3.4930223664714743,3.974765536985223,0.4586103690713146,0.5413896309286854,2.1805001967683344,1.8470985458007878,0.5550025566030283,0.44499744339697167,1.8017935018545528,2.2472039218165207,glm,False
2023/24,2023-12-17,Arsenal,Brighton,T Robinson,13,4,0,3.3030795172908936,4.035876066308235,0.4183857011042674,0.5816142988957326,2.390139044811157,1.7193525019907951,0.5665182134458946,0.4334817865541054,1.7651683145673571,2.3069019991574296,glm,False
2023/24,2023-12-17,Brentford,Aston Villa,D Coote,95,10,2,3.3148749758399623,3.8123726376416363,0.4209105230797703,0.5790894769202297,2.3758018513841757,1.7268488547198229,0.5235691065827621,0.4764308934172379,1.9099675428269889,2.098940295049764,glm,False
2023/24,2023-12-17,Liverpool,Man United,M Oliver,274,6,1,2.607016780369844,3.6484472003150845,0.2674164975622728,0.7325835024377272,3.739485069604323,1.3650321044255354,0.4907018053126466,0.5092981946873534,2.037897536086826,1.9634862452514235,glm,False
2023/24,2023-12-17,West Ham,Wolves,C Kavanagh,128,4,0,2.9335539317210646,3.755480777427209,0.3382115441996776,0.6617884558003224,2.9567293522352607,1.5110568811459053,0.5122852426041457,0.48771475739585435,1.952037491684535,2.0503788020265885,glm,False
2023/24,2023-12-21,Crystal Palace,Brighton,J Brooks,33,7,0,3.5454571013099683,3.9503326965354555,0.46952905811920864,0.5304709418807914,2.1297936362143326,1.885117394846337,0.5503494264604745,0.44965057353952553,1.8170274227983028,2.223949125936336,glm,False
2023/24,2023-12-22,Aston Villa,Sheffield United,A Taylor,281,6,0,3.5285271867777306,3.8206356824560452,0.46601345584876375,0.5339865441512363,2.1458607845961684,1.8727063648944287,0.5251966392532006,0.4748033607467994,1.9040487414807956,2.1061350501545304,glm,False
2023/24,2023-12-23,Fulham,Burnley,R Welch,0,3,0,3.6522996072557876,3.6958319623776417,0.49148633544930376,0.5085136645506962,2.0346445625712595,1.9665154935090343,0.500312353264347,0.499687646735653,1.9987513669718167,2.0012501940617806,glm,False
2023/24,2023-12-23,Liverpool,Arsenal,C Kavanagh,129,7,0,2.5259930154253105,3.662818200562116,0.25018521310889186,0.7498147868911081,3.9970387840817554,1.3336626824154976,0.4936255687368585,0.5063744312631415,2.0258269897949295,1.9748232498736533,glm,False
2023/24,2023-12-23,Luton,Newcastle,D England,47,3,0,3.5065164520441345,3.601727412284619,0.4614287636519546,0.5385712363480454,2.167181759727223,1.856764588433686,0.4811438840826412,0.5188561159173588,2.0783803620545247,1.9273165899412386,glm,False
2023/24,2023-12-23,Nott'm Forest,Bournemouth,R Jones,59,3,1,3.547429850944211,4.083720375844176,0.46993809117006213,0.5300619088299379,2.1279398686541415,1.8865720840182736,0.5754094310231375,0.42459056897686254,1.7378929612291836,2.355210108433882,glm,False
2023/24,2023-12-23,Tottenham,Everton,S Attwell,148,5,0,3.1527474609156303,4.420819014879548,0.38596767340762006,0.6140323265923799,2.590890556121525,1.6285787517891406,0.6348024259351268,0.3651975740648732,1.575293286768558,2.7382438192822205,glm,False
2023/24,2023-12-23,West Ham,Man United,S Hooper,87,5,0,2.9773381672171384,3.5001445417787598,0.3477705116567372,0.6522294883432628,2.875459437995819,1.5332026807621255,0.4600986339981653,0.5399013660018347,2.173447009199309,1.852190164669081,glm,False
2023/24,2023-12-24,Wolves,Chelsea,D Coote,96,8,0,3.172799822665294,4.757291522046854,0.3903139879766364,0.6096860120233636,2.562039872524011,1.640188523730932,0.6881483216789869,0.3118516783210131,1.4531750910329013,3.2066526157047726,glm,False
2023/24,2023-12-26,Bournemouth,Fulham,T Robinson,14,2,0,3.6158016627579133,4.105062193297164,0.4840315646766652,0.5159684353233348,2.0659809668983127,1.93810305348106,0.5793396442183361,0.42066035578166394,1.7261031762278802,2.3772147440464577,glm,False
2023/24,2023-12-26,Burnley,Liverpool,P Tierney,168,3,0,2.652663098296826,3.4079412454164824,0.2772055355680365,0.7227944644319635,3.607431568604311,1.3835191734428811,0.44071337898418217,0.5592866210158178,2.2690484284932304,1.787991992699067,glm,False
2023/24,2023-12-26,Man United,Aston Villa,C Pawson,225,4,0,3.4484561644331513,3.892307882724722,0.4492622996602649,0.5507377003397351,2.2258711687052455,1.8157464059263189,0.539189158513776,0.460810841486224,1.8546366969922123,2.1700878320804335,glm,False
2023/24,2023-12-26,Newcastle,Nott'm Forest,C Kavanagh,130,6,0,3.2876444977084427,3.954273740583494,0.415077182198323,0.584922817801677,2.4091904900766195,1.7096272697281891,0.5511018518499571,0.4488981481500429,1.8145466153727603,2.2276768218383314,glm,False
2023/24,2023-12-26,Sheffield United,Luton,S Allison,0,5,0,4.01048535651767,3.463054564184667,0.5617550482839073,0.4382449517160927,1.780135315303133,2.281828908887986,0.45233102305114703,0.547668976948853,2.210770318725023,1.8259204776782352,glm,False
2023/24,2023-12-27,Brentford,Wolves,A Madley,80,2,0,2.980711485827517,3.8497349068255393,0.34850687949488424,0.6514931205051158,2.8693838166103665,1.5349356248377264,0.5309047721252852,0.4690952278747148,1.8835769661607331,2.1317633192104832,glm,False
2023/24,2023-12-27,Chelsea,Crystal Palace,M Salisbury,25,5,0,3.416611669720618,4.675583985178982,0.44254679184854884,0.5574532081514512,2.259648060768739,1.7938725356269112,0.6757492346956975,0.3242507653043025,1.4798388938617426,3.0840328134970507,glm,False
2023/24,2023-12-27,Everton,Man City,J Brooks,34,6,0,3.399357309707314,4.007154452332487,0.43889622219962465,0.5611037778003753,2.2784429425896646,1.7822015098885529,0.5611279143525106,0.43887208564748936,1.782124849650203,2.278568249617998,glm,False
2023/24,2023-12-28,Arsenal,West Ham,M Oliver,275,2,0,2.565259488479749,3.5039116199395193,0.258510795019824,0.741489204980176,3.8683104120402967,1.348637300831285,0.46088516342718466,0.5391148365728153,2.169737885602365,1.8548923757265867,glm,False
2023/24,2023-12-28,Brighton,Tottenham,J Gillett,34,5,0,3.080985088977642,4.800313506162736,0.37037192314201106,0.6296280768579889,2.6999886803421966,1.588239210980338,0.6945336443532169,0.30546635564678315,1.4398150588244694,3.2736829490849724,glm,False
2023/24,2023-12-30,Aston Villa,Burnley,S Attwell,149,5,1,3.3330681885645563,3.6841417394266283,0.42479853632325915,0.5752014636767409,2.354057075279161,1.7385213062705156,0.4979493567738418,0.5020506432261582,2.008236352545745,1.9918309307882534,glm,False
2023/24,2023-12-30,Crystal Palace,Brentford,R Jones,60,1,0,3.2075303968824493,3.745809344287641,0.3978273892433304,0.6021726107566696,2.5136529737231137,1.660653410893986,0.5103536867320226,0.48964631326797736,1.9594254455245694,2.0422904715157375,glm,False
2023/24,2023-12-30,Luton,Chelsea,P Tierney,169,4,0,3.1234787610712935,4.257658454038603,0.3796140340941656,0.6203859659058344,2.6342545590712905,1.6118997768427688,0.606780553680279,0.39321944631972106,1.6480422682215914,2.543109221477603,glm,False
2023/24,2023-12-30,Man City,Sheffield United,D Coote,97,2,0,3.249840693045923,4.028927552603483,0.4069527972427994,0.5930472027572006,2.457287446542288,1.6862064189002,0.5652177629801414,0.43478223701985863,1.7692296058203225,2.3000019661666284,glm,False
2023/24,2023-12-30,Nott'm Forest,Man United,T Robinson,15,6,0,4.073309357524146,3.965491570893534,0.5734841165141467,0.42651588348585334,1.743727456792314,2.3445785695649666,0.5532396310233825,0.44676036897661753,1.8075350063953306,2.2383364090478173,glm,False
2023/24,2023-12-30,Wolves,Everton,T Bramall,12,5,0,3.4128580265280544,4.477102481263887,0.44175331686690167,0.5582466831330983,2.2637068287170226,1.7913227793627176,0.6441453137509978,0.3558546862490022,1.5524447335909086,2.8101358184735834,glm,False
2023/24,2023-12-31,Fulham,Arsenal,J Smith,4,5,0,3.4376941619351373,3.6846676858267413,0.44699601397322264,0.5530039860267774,2.2371564146876377,1.8083052297412887,0.4980557825348162,0.5019442174651838,2.007807227757858,1.9922532528614352,glm,False
2023/24,2023-12-31,Tottenham,Bournemouth,S Hooper,88,6,0,2.9212980779625104,4.447794208084063,0.33553592487116046,0.6644640751288395,2.9803068043577787,1.5049722587426568,0.6393011076680711,0.36069889233192887,1.5642081454349768,2.772395538935456,glm,False
2023/24,2024-01-01,Liverpool,Newcastle,A Taylor,282,8,0,2.7103469127596824,3.7843545813402786,0.2896441900713368,0.7103558099286632,3.452511855161703,1.4077452257347258,0.5180289514425657,0.48197104855743433,1.9303940392043337,2.0748134208331694,glm,False
2023/24,2024-01-02,West Ham,Brighton,S Barrott,8,1,0,3.069672205549902,3.591383763108702,0.36790846145525147,0.6320915385447485,2.718067412868213,1.5820493378257834,0.4790171145505593,0.5209828854494407,2.087608082517586,1.919448849336618,glm,False
2023/24,2024-01-12,Burnley,Luton,T Harrington,10,1,0,3.486769541887387,3.5684958112430465,0.4573024562111203,0.5426975437888797,2.186736560055421,1.8426469982127287,0.4742977316296445,0.5257022683703555,2.108380313277252,1.9022173959795496,glm,False
2023/24,2024-01-13,Chelsea,Fulham,A Taylor,283,6,0,3.242750574641213,4.432006929318079,0.4054259059103713,0.5945740940896287,2.4665419387903467,1.6818761697499314,0.6366729035267567,0.36332709647324335,1.5706652418544058,2.7523408237558837,glm,False
2023/24,2024-01-13,Newcastle,Man City,C Kavanagh,131,3,0,2.75268749477159,4.014696124029229,0.29881405139937045,0.7011859486006295,3.3465628383836665,1.426155218876989,0.5625470880950859,0.4374529119049141,1.777628968601065,2.285960323467598,glm,False
2023/24,2024-01-14,Everton,Aston Villa,D Coote,98,5,0,3.3751076719208193,3.8732407480200846,0.43375208807691656,0.5662479119230834,2.305464405793642,1.766010927270025,0.5354887454675392,0.4645112545324608,1.8674528801289605,2.152800368650957,glm,False
2023/24,2024-01-14,Man United,Tottenham,J Brooks,35,3,0,3.9294732726459523,4.425478310058738,0.5463550445205961,0.45364495547940387,1.8303116444682204,2.2043670670672793,0.6355822024477509,0.3644177975522491,1.5733606072492357,2.7441030781616065,glm,False
2023/24,2024-01-20,Arsenal,Crystal Palace,P Tierney,170,0,0,2.880221799950134,3.9866360315723557,0.32657123421334733,0.6734287657866527,3.062119057757258,1.4849380525524025,0.5572532105515378,0.44274678944846224,1.7945163546213694,2.2586273324437163,glm,False
2023/24,2024-01-20,Brentford,Nott'm Forest,D England,48,4,0,3.6615115544649637,3.7637601192348176,0.4933600551866324,0.5066399448133676,2.0269172371924427,1.973788309108499,0.5139357308285321,0.48606426917146794,1.9457685854763753,2.0573411036869116,glm,False
2023/24,2024-01-21,Bournemouth,Liverpool,A Madley,81,3,0,2.521678471787412,3.8833069713046844,0.24927353826149212,0.7507264617385079,4.011657262035504,1.3320430955427263,0.5374443424392339,0.4625556575607661,1.8606577854395498,2.1619019974231524,glm,False
2023/24,2024-01-21,Sheffield United,West Ham,M Salisbury,26,4,2,3.630150391918073,3.258897834034856,0.48696817370977974,0.5130318262902203,2.0535222915737688,1.94919681149431,0.4089018833147158,0.5910981166852842,2.4455744539340727,1.6917665134981739,glm,False
2023/24,2024-01-22,Brighton,Wolves,C Pawson,226,5,0,3.088190668287822,4.700665715318461,0.37194038704117993,0.6280596129588201,2.688602891326463,1.5922055476373498,0.6795933189529605,0.3204066810470395,1.4714682621375463,3.1210335462798544,glm,False
2023/24,2024-01-30,Aston Villa,Newcastle,J Brooks,36,5,0,3.918624495285825,4.226639920541914,0.5442697442733303,0.4557302557266697,1.8373242505609564,2.1942804705943493,0.6012977195615665,0.3987022804384335,1.6630696699284764,2.5081371465955717,glm,False
2023/24,2024-01-30,Crystal Palace,Sheffield United,T Harrington,11,5,0,3.4867003422898883,3.8307160361219412,0.45728797481899286,0.5427120251810071,2.1868058096122636,1.8425978301595154,0.5271781544266494,0.4728218455733506,1.8968919550309973,2.114961500535969,glm,False
2023/24,2024-01-30,Fulham,Everton,T Bramall,13,3,0,3.572856044256044,3.884322939292825,0.4751981946754704,0.5248018053245296,2.104385099112035,1.9054812499770555,0.5376414675539591,0.46235853244604086,1.85997557917096,2.1628237175804776,glm,False
2023/24,2024-01-30,Luton,Brighton,R Jones,61,4,0,3.230952617982905,3.990198167865025,0.4028830637195777,0.5971169362804223,2.482109798231774,1.674713844543128,0.5579273066105728,0.44207269338942723,1.7923481933068195,2.262071408059325,glm,False
2023/24,2024-01-30,Nott'm Forest,Arsenal,S Hooper,89,1,0,3.27053285630345,3.7808482902225418,0.4114033383622485,0.5885966616377515,2.43070463156884,1.6989562890444057,0.5173333097802227,0.48266669021977726,1.9329897787266535,2.071823103319312,glm,False
2023/24,2024-01-31,Liverpool,Chelsea,P Tierney,171,6,0,2.629155499756623,4.50731484507303,0.27215768518899863,0.7278423148110014,3.6743404813483576,1.3739239662916132,0.6490913237790524,0.35090867622094757,1.5406152622375757,2.8497443003385756,glm,False
2023/24,2024-01-31,Man City,Burnley,S Barrott,9,4,0,3.011617911353136,3.9867384112550703,0.35525190245447447,0.6447480975455255,2.814903996546929,1.5509933318250546,0.5572725931177986,0.44272740688220136,1.7944539393284245,2.2587262149462433,glm,False
2023/24,2024-01-31,Tottenham,Brentford,D Coote,99,5,0,3.238646446694106,4.055949180595476,0.4045416268295834,0.5954583731704166,2.471933501224729,1.6793785175539147,0.57026199309939,0.42973800690061004,1.7535799546537756,2.3269992040319587,glm,False
2023/24,2024-02-01,West Ham,Bournemouth,T Robinson,16,4,0,3.2859377640254297,3.61376839995058,0.4147110253442815,0.5852889746557185,2.411317613680099,1.708557726699405,0.483614831522317,0.516385168477683,2.067761232326585,1.936538965571041,glm,False
2023/24,2024-02-01,Wolves,Man United,J Gillett,35,7,0,3.357938487403958,4.26314387228145,0.4301007130877401,0.5698992869122599,2.325036833398602,1.7546960014953612,0.6077450373026255,0.3922549626973745,1.6454268461628785,2.5493622645929457,glm,False
2023/24,2024-02-03,Brighton,Crystal Palace,S Hooper,90,4,0,2.867977188187244,4.482760806469955,0.32390027728706583,0.6760997227129342,3.0873700028163964,1.4790717499296935,0.6450753113648822,0.35492468863511784,1.5502065919778432,2.817499125928811,glm,False
2023/24,2024-02-03,Burnley,Fulham,D Bond,5,4,0,3.642119819978909,3.382675773708715,0.48941205092549556,0.5105879490745044,2.043268035817599,1.9585264435100898,0.43535919266237544,0.5646408073376246,2.2969539103668546,1.771037422383916,glm,False
2023/24,2024-02-03,Everton,Tottenham,M Oliver,276,3,0,2.789317805131832,3.9454584324809927,0.3067689465305543,0.6932310534694457,3.2597823583828736,1.4425204915377832,0.5494178399175648,0.45058216008243523,1.8201083535074891,2.2193510719932794,glm,False
2023/24,2024-02-03,Newcastle,Luton,T Bramall,14,4,0,3.5076550015209076,3.9448616177906923,0.4616662987002722,0.5383337012997278,2.166066708389365,1.857583869606615,0.5493036994342501,0.45069630056574994,1.8204865560343761,2.2187890132329025,glm,False
2023/24,2024-02-03,Sheffield United,Aston Villa,P Tierney,172,1,0,3.455969125842444,3.7081588652963737,0.4508423854821333,0.5491576145178667,2.218070066616728,1.8209708352636622,0.5027982636284949,0.4972017363715051,1.9888692390928284,2.011256049300697,glm,False
2023/24,2024-02-04,Arsenal,Liverpool,A Taylor,284,8,1,2.676648337174648,4.069461440555808,0.2823691539574782,0.7176308460425218,3.5414633149008528,1.393474103732641,0.5727711859582174,0.4272288140417826,1.745897881240395,2.3406660953870047,glm,False
2023/24,2024-02-04,Bournemouth,Nott'm Forest,R Welch,1,5,1,3.739372106792816,3.965141590214995,0.509065947044616,0.49093405295538395,1.9643820330263753,2.0369334617961,0.5531730234589651,0.44682697654103487,1.807752651687616,2.2380027449129716,glm,False
2023/24,2024-02-04,Chelsea,Wolves,T Robinson,17,5,0,3.576232731467444,4.921380840408651,0.4758950869894658,0.5241049130105342,2.101303474944543,1.9080149320788768,0.7119739880696777,0.2880260119303223,1.40454569514713,3.471908642202478,glm,False
2023/24,2024-02-04,Man United,West Ham,A Madley,82,1,0,2.9445250322556142,3.5733990588201774,0.3406068129503439,0.6593931870496561,2.935936575484141,1.51654584797021,0.475310290536875,0.524689709463125,2.103888806763419,1.9058883411744894,glm,False
2023/24,2024-02-05,Brentford,Man City,J Gillett,36,1,0,2.977787554345116,3.6793873865252094,0.34786861065281793,0.6521313893471821,2.874648558038559,1.5334333177874673,0.4969868242919878,0.5030131757080122,2.0121257770255974,1.9880194958958242,glm,False
2023/24,2024-02-10,Fulham,Bournemouth,D England,49,3,0,3.3653616408637514,3.531228252540453,0.431680316384353,0.568319683615647,2.3165290657117548,1.7595730516282755,0.46657498447165235,0.5334250155283476,2.143278215252787,1.8746777351818014,glm,False
2023/24,2024-02-10,Liverpool,Burnley,T Robinson,18,5,0,3.171266587024493,3.9284759138309666,0.389981866336901,0.610018133663099,2.5642217916258474,1.6392955304379202,0.5461635607029245,0.4538364392970755,1.8309533479549205,2.203436994942164,glm,False
2023/24,2024-02-10,Luton,Sheffield United,C Kavanagh,132,3,0,3.389052609838068,4.095500758080636,0.4367121638381699,0.5632878361618301,2.289837753112287,1.7752913089937636,0.5775816094263068,0.42241839057369324,1.7313570648367211,2.367321173308491,glm,False
2023/24,2024-02-10,Man City,Everton,J Brooks,37,2,0,3.4361820939129797,4.317897007724815,0.4466773305501891,0.5533226694498109,2.238752521351963,1.8072637453917022,0.6172872433767045,0.3827127566232955,1.6199913585282726,2.6129257065353086,glm,False
2023/24,2024-02-10,Nott'm Forest,Newcastle,A Taylor,285,3,0,3.4773222656209715,3.9800905760886334,0.4553240573652828,0.5446759426347172,2.196238006369499,1.8359540448266916,0.5560130027225639,0.44398699727743607,1.7985190905669775,2.252318212317208,glm,False
2023/24,2024-02-10,Tottenham,Brighton,S Barrott,10,5,0,3.1781014143919433,4.383791395956155,0.3914621213896252,0.6085378786103748,2.554525573126122,1.643283080888157,0.6285649248633124,0.3714350751366876,1.5909255519109022,2.6922605508701656,glm,False
2023/24,2024-02-10,Wolves,Brentford,S Hooper,91,5,0,3.0268576506751943,4.081119790569571,0.3585763654036125,0.6414236345963875,2.788806225068412,1.5590320438211553,0.574928997902731,0.425071002097269,1.7393452124486237,2.3525481509349584,glm,False
2023/24,2024-02-11,Aston Villa,Man United,R Jones,62,5,0,3.565753180331897,4.467412354801714,0.4737309957959923,0.5262690042040077,2.1109026195757736,1.9001689098382677,0.6425487139136651,0.3574512860863349,1.5563022356844423,2.7975840035401935,glm,False
2023/24,2024-02-11,West Ham,Arsenal,C Pawson,227,4,0,2.918545582480472,3.5625616367362194,0.3349350515277789,0.6650649484722211,2.9856534735274245,1.5036125453569422,0.47307117206179017,0.5269288279382098,2.1138468354385056,1.8977895058671277,glm,False
2023/24,2024-02-12,Crystal Palace,Chelsea,M Oliver,277,4,0,2.75701989335399,4.217613228145684,0.29975394264125677,0.7002460573587432,3.336069548205384,1.4280694471481896,0.5996929542331362,0.4003070457668638,1.6675200082661648,2.498082435906945,glm,False
2023/24,2024-02-17,Brentford,Liverpool,M Oliver,278,3,0,2.4797089698867167,3.5036631932029323,0.2404400816593235,0.7595599183406765,4.15904034426709,1.316551829360066,0.4608333081899223,0.5391666918100777,2.1699820352132013,1.8547139784225608,glm,False
2023/24,2024-02-17,Burnley,Arsenal,J Gillett,37,3,0,3.057596532317561,3.5711017361503385,0.36527771457486446,0.6347222854251355,2.737643059237461,1.5754921844759275,0.4748359787797334,0.5251640212202666,2.105990372864899,1.9041670022946517,glm,False
2023/24,2024-02-17,Fulham,Aston Villa,L Smith,0,7,0,3.898799844665386,4.0751313319961655,0.5404453686197427,0.4595546313802573,1.850325783258955,2.176019849906708,0.5738214356945566,0.42617856430544343,1.7427024119264465,2.346434297158355,glm,False
2023/24,2024-02-17,Man City,Chelsea,A Madley,83,4,0,2.6896867337412504,4.369855171112822,0.2851812824087663,0.7148187175912337,3.5065414937248374,1.398956092489797,0.6261986651706961,0.3738013348293039,1.5969372910231436,2.675217841200726,glm,False
2023/24,2024-02-17,Newcastle,Bournemouth,M Salisbury,27,4,0,3.3449548620484757,3.8272007265858092,0.42733457386518114,0.5726654261348189,2.340086810564239,1.7462203135772625,0.5264876393837671,0.4735123606162329,1.8993798243211566,2.1118772880576797,glm,False
2023/24,2024-02-17,Nott'm Forest,West Ham,T Bramall,15,8,1,3.656577993078263,3.9555258320387274,0.4923569615913066,0.5076430384086934,2.0310467364328146,1.9698881385918263,0.5513407514180142,0.4486592485819858,1.8137603604088073,2.228863002736619,glm,False
2023/24,2024-02-17,Tottenham,Wolves,A Taylor,286,1,0,3.2601654896506553,4.812006404909403,0.40917455273550707,0.5908254472644929,2.443944750020674,1.6925472736998297,0.6962520509915764,0.3037479490084236,1.4362614782618408,3.29220329969131,glm,False
2023/24,2024-02-18,Luton,Man United,D Coote,100,8,0,3.4833798300344525,4.209268221674178,0.45659291724774287,0.5434070827522571,2.1901347178747623,1.8402410121987802,0.5982057006804475,0.40179429931955246,1.6716657812898124,2.4888357094501394,glm,False
2023/24,2024-02-18,Sheffield United,Brighton,S Attwell,150,5,1,3.3121690247118147,3.5445452586774167,0.42033159059558,0.57966840940442,2.379074098577913,1.7251241982074708,0.4693399511474814,0.5306600488525186,2.1306517750196137,1.8844456110128627,glm,False
2023/24,2024-02-19,Everton,Crystal Palace,P Tierney,173,2,0,2.9475324698202625,3.9004605787612143,0.3412634205774344,0.6587365794225656,2.930287688929423,1.5180574925360584,0.5407664209106477,0.45923357908935225,1.849227247350169,2.177541115314287,glm,False
2023/24,2024-02-20,Man City,Brentford,D England,50,6,0,3.034996988534477,4.036509989497894,0.36035140344705563,0.6396485965529444,2.7750689755449343,1.5633583898862333,0.5666367404873685,0.43336325951263155,1.7647990829890285,2.3075329485121068,glm,False
2023/24,2024-02-21,Liverpool,Luton,A Madley,84,5,0,2.7446615601388613,3.8942528118926902,0.29707360887168077,0.7029263911283192,3.3661690912165283,1.4226240650814461,0.539565705096608,0.46043429490339205,1.8533424021472091,2.171862546011737,glm,False
2023/24,2024-02-24,Arsenal,Newcastle,P Tierney,174,1,0,2.8161177204133327,4.085906603045988,0.31259936372598685,0.6874006362740132,3.1989828388664394,1.4547557090147611,0.5758130603992075,0.42418693960079246,1.73667474528401,2.3574511769294744,glm,False
2023/24,2024-02-24,Aston Villa,Nott'm Forest,S Barrott,11,3,0,3.896272986246935,4.784850608940565,0.5399566400722035,0.46004335992779655,1.8520005603899587,2.1737081481992244,0.692250004550735,0.30774999544926496,1.4445648153501889,3.249390787285513,glm,False
2023/24,2024-02-24,Bournemouth,Man City,J Gillett,38,4,0,2.8490447326459565,3.5519563174589233,0.3197722491788374,0.6802277508211626,3.127225713200444,1.4700958595011924,0.47087612159599634,0.5291238784040037,2.1237008082095588,1.8899165976336203,glm,False
2023/24,2024-02-24,Brighton,Everton,T Harrington,12,5,1,3.1170449045338158,4.195411568211591,0.37821596250526845,0.6217840374947315,2.643992055163643,1.6082754456501678,0.5957283715898872,0.40427162841011277,1.6786173828370599,2.473584416330971,glm,False
2023/24,2024-02-24,Crystal Palace,Burnley,L Smith,1,4,1,3.5661845661808456,3.9101157517926017,0.4738201542682907,0.5261798457317093,2.1105054122154776,1.900490883700407,0.5426304954193865,0.45736950458061354,1.8428746788864554,2.1864159940373664,glm,False
2023/24,2024-02-24,Man United,Fulham,M Oliver,279,7,0,3.0470904874104994,3.6156854061407784,0.362988014008071,0.637011985991929,2.7549119017956474,1.5698291743174047,0.484007741005261,0.515992258994739,2.066082657940651,1.9380135701031822,glm,False
2023/24,2024-02-25,Wolves,Sheffield United,D Bond,6,3,0,3.8160368224696652,4.449772894539378,0.5242911837737654,0.4757088162262346,1.90733705038135,2.1021262711356314,0.6396295837127174,0.3603704162872826,1.5634048603498287,2.7749225652385765,glm,False
2023/24,2024-02-26,West Ham,Brentford,S Hooper,92,3,0,2.8861731106915918,3.595922876641816,0.3278696870961182,0.6721303129038818,3.0499922358081255,1.4878067255731782,0.47995087446512463,0.5200491255348754,2.083546573624723,1.922895262964803,glm,False
2023/24,2024-03-02,Brentford,Chelsea,J Gillett,39,4,0,3.1466747052445814,4.021277360750576,0.38465031071125577,0.6153496892887442,2.5997639210297345,1.6250922319565257,0.5637833237243861,0.4362166762756139,1.7737310734803942,2.292438722283446,glm,False
2023/24,2024-03-02,Everton,West Ham,C Pawson,228,3,0,2.9958089927042884,3.3513572431492697,0.35180217233231403,0.648197827667686,2.8425066092411595,1.542738894386844,0.4286991101371267,0.5713008898628733,2.332638385183802,1.750391112186129,glm,False
2023/24,2024-03-02,Fulham,Brighton,S Hooper,93,3,0,3.0838469114001694,3.432865450198534,0.3709949241930942,0.6290050758069058,2.6954546674054316,1.5898122900155793,0.44597808468313027,0.5540219153168697,2.242262645507582,1.804982749514621,glm,False
2023/24,2024-03-02,Luton,Aston Villa,M Oliver,280,5,0,3.1543934773728908,4.3565345929772334,0.38632465770253765,0.6136753422974623,2.5884964370303805,1.6295261208576919,0.6239274438968545,0.3760725561031455,1.6027504636666,2.6590613533781227,glm,False
2023/24,2024-03-02,Newcastle,Wolves,T Robinson,19,1,0,3.5920157719643124,4.460305383684685,0.4791471713906411,0.5208528286093589,2.087041434675852,1.9199281353044217,0.6413745701260509,0.3586254298739491,1.5591513081091872,2.7884246812934697,glm,False
2023/24,2024-03-02,Nott'm Forest,Liverpool,P Tierney,175,4,0,3.001562994361627,4.324732330035872,0.3530578904774817,0.6469421095225183,2.832396688961072,1.5457333589524098,0.6184676022240583,0.3815323977759417,1.616899569846377,2.6210093974437756,glm,False
2023/24,2024-03-02,Tottenham,Crystal Palace,J Brooks,38,3,0,3.7346934451259743,4.821992764888326,0.5081289498322867,0.49187105016771326,1.9680043822145155,2.0330531745241562,0.6977138970080202,0.3022861029919798,1.4332522317360479,3.3081242905385295,glm,False
2023/24,2024-03-03,Burnley,Bournemouth,D Coote,101,6,0,3.153142996341167,3.362070334890846,0.38605345960910886,0.6139465403908911,2.59031482585995,1.6288063116428901,0.43098011721067875,0.5690198827893213,2.320292654037132,1.7574078344996047,glm,False
2023/24,2024-03-03,Man City,Man United,A Madley,85,1,0,2.865489723529835,4.453952614766598,0.32335778082150957,0.6766422191784904,3.092549675036243,1.4778859072880457,0.6403227670624874,0.35967723293751264,1.5617123916857585,2.7802704992832608,glm,False
2023/24,2024-03-04,Sheffield United,Arsenal,S Barrott,12,1,0,3.3928350033170736,3.6722827477337274,0.4375141639196043,0.5624858360803957,2.285640288856467,1.7778225438854796,0.49554684922191683,0.5044531507780832,2.0179726731592593,1.9823446408404248,glm,False
2023/24,2024-03-09,Arsenal,Brentford,R Jones,63,6,0,3.12380514072737,4.1791813769238475,0.379684943213793,0.620315056786207,2.633762591520307,1.6120840354591817,0.5928143784641466,0.40718562153585336,1.6868686663619443,2.455882396407134,glm,False
2023/24,2024-03-09,Bournemouth,Sheffield United,A Taylor,287,8,0,3.3114467702108743,3.774633173143701,0.4201770376865175,0.5798229623134825,2.3799491888132938,1.7246643630842406,0.5160989825049027,0.4839010174950973,1.9376128105241914,2.066538328802195,glm,False
2023/24,2024-03-09,Crystal Palace,Luton,S Singh,0,5,0,3.6714626149826604,4.005643112645595,0.4953804993927573,0.5046195006072427,2.0186503126905695,1.981691153030417,0.560843190077281,0.439156809922719,1.7830295841912704,2.277090955679307,glm,False
2023/24,2024-03-09,Man United,Everton,S Hooper,94,3,0,3.1113995597976873,4.1289800016699605,0.3769888438918507,0.6230111561081493,2.6525983890570424,1.6051076938121616,0.5837176520960417,0.41628234790395835,1.7131570313303899,2.402215719775638,glm,False
2023/24,2024-03-09,Wolves,Fulham,T Harrington,13,4,0,3.5507007667885437,3.9890158309761823,0.47061599999903003,0.52938400000097,2.124874632401068,1.8889879558093325,0.5577036280810175,0.4422963719189825,1.7930670514747489,2.2609274312183927,glm,False
2023/24,2024-03-10,Aston Villa,Tottenham,C Kavanagh,133,2,1,3.2492907528781476,4.783804074044836,0.4068343993963832,0.5931656006036168,2.458002571768001,1.6858698464347572,0.6920949863661701,0.30790501363382994,1.4448883747164225,3.247754845555164,glm,False
2023/24,2024-03-10,Brighton,Nott'm Forest,M Salisbury,28,8,0,3.8004126193480277,4.781815929052222,0.5212082474722372,0.47879175252776285,1.9186189106749818,2.0885906967288763,0.6918003311350434,0.30819966886495664,1.4455037891631108,3.244649819653662,glm,False
2023/24,2024-03-10,Liverpool,Man City,M Oliver,281,3,0,2.3073165550235917,3.8299737540500036,0.2049423840848028,0.7950576159151972,4.879420157356086,1.2577704810095958,0.5270323917277949,0.4729676082722051,1.8974165832988998,2.114309695864995,glm,False
2023/24,2024-03-10,West Ham,Burnley,D England,51,6,0,3.175336816568854,3.418667547095917,0.39086346186898546,0.6091365381310145,2.5584381697340453,1.6416680619229536,0.4429812133967824,0.5570187866032176,2.2574320755771886,1.7952715851796435,glm,False
2023/24,2024-03-11,Chelsea,Newcastle,J Brooks,39,4,0,3.5717286960577512,4.632656887026351,0.47496544079565717,0.5250345592043428,2.105416340028467,1.9046365281467141,0.669092120162817,0.33090787983718295,1.4945625121943742,3.0219890819524498,glm,False
2023/24,2024-03-13,Bournemouth,Luton,S Allison,1,3,0,3.6474715316863464,3.811955086496871,0.49050302537157786,0.5094969746284221,2.0387234089788855,1.9627201922627773,0.5234867861273189,0.4765132138726811,1.9102678930978532,2.0985776907903095,glm,False
2023/24,2024-03-16,Burnley,Brentford,D Bond,7,6,1,3.4757980836971356,3.75684344606083,0.4550046142630617,0.5449953857369383,2.1977799095941655,1.83487792038424,0.5125570843077762,0.48744291569222375,1.951002201736281,2.0515222763672494,glm,False
2023/24,2024-03-16,Fulham,Tottenham,R Jones,64,5,0,3.476647041375519,3.776744784699061,0.4551825503943605,0.5448174496056395,2.1969207719707646,1.8354771873107951,0.5165185305793025,0.4834814694206975,1.936038962393949,2.068331597482298,glm,False
2023/24,2024-03-16,Luton,Nott'm Forest,D England,52,3,0,3.9603052710443776,4.59444128981474,0.5522520036939316,0.44774799630606843,1.8107675360363542,2.2333991625870437,0.6630828388040433,0.3369171611959567,1.5081071948772358,2.968088643660342,glm,False
2023/24,2024-03-17,West Ham,Aston Villa,J Gillett,40,6,0,3.2745653458214714,4.023262196559202,0.4122696567094142,0.5877303432905858,2.42559689689907,1.7014605616602982,0.5641557557526353,0.4358442442473647,1.7725601304304848,2.2943976275902065,glm,False
2023/24,2024-03-30,Aston Villa,Wolves,P Tierney,176,7,0,3.2207588328462893,4.878831264370531,0.40068392617294746,0.5993160738270525,2.4957327576159605,1.668568629595232,0.7059331683292284,0.29406683167077163,1.4165646903470426,3.4005875273943507,glm,False
2023/24,2024-03-30,Bournemouth,Everton,S Barrott,13,3,0,3.079778276045352,3.8174701792949524,0.3701091849395838,0.6298908150604162,2.701905385469531,1.5875767293163094,0.5245734900885471,0.47542650991145285,1.9063105911646463,2.103374505107525,glm,False
2023/24,2024-03-30,Brentford,Man United,S Hooper,95,4,0,3.1531935214228612,4.027549762272415,0.3860644176516508,0.6139355823483492,2.5902413024302815,1.6288353839582415,0.5649596282691254,0.4350403717308746,1.7700379814106608,2.2986372414618605,glm,False
2023/24,2024-03-30,Chelsea,Burnley,D England,53,4,1,3.279033352772324,4.495707767537732,0.4132291469793341,0.5867708530206659,2.419964824141533,1.7042427974260341,0.6471968784853546,0.35280312151464543,1.5451248812267395,2.8344420415182987,glm,False
2023/24,2024-03-30,Newcastle,West Ham,R Jones,65,2,1,3.0697290892345563,3.762247629578848,0.3679208510511357,0.6320791489488643,2.717975882973304,1.5820803481066907,0.5136344261301627,0.48636557386983725,1.9469099988764866,2.0560665756898806,glm,False
2023/24,2024-03-30,Nott'm Forest,Crystal Palace,C Kavanagh,134,2,0,3.352648549203575,4.545440311814861,0.42897420340460835,0.5710257965953917,2.3311425070863767,1.751234367978237,0.6552635802162308,0.34473641978376923,1.5261034340867983,2.9007669123768096,glm,False
2023/24,2024-03-30,Sheffield United,Fulham,T Robinson,20,5,0,4.018943307078568,3.5569630821192644,0.5633451250049994,0.43665487499500055,1.7751107724436692,2.290138178375884,0.47191287959127903,0.528087120408721,2.1190351932460376,1.8936269440277864,glm,False
2023/24,2024-03-30,Tottenham,Luton,J Gillett,41,6,0,3.430049991893924,4.25653404343538,0.44538425636433954,0.5546157436356605,2.2452522416552725,1.803050150442398,0.6065826617353323,0.39341733826466774,1.6485799266651737,2.541830017992902,glm,False
2023/24,2024-03-31,Liverpool,Brighton,D Coote,102,8,0,2.810942248721743,3.8550820078605357,0.31147282546073385,0.6885271745392662,3.2105529544055393,1.4523755008931325,0.5319496643524674,0.4680503356475326,1.8798771143455495,2.136522343513614,glm,False
2023/24,2024-03-31,Man City,Arsenal,A Taylor,288,2,0,2.7960909233797357,4.09213541207658,0.30824171386440136,0.6917582861355986,3.2442072406848546,1.4455916467388432,0.576961766995956,0.423038233004044,1.7332170989538187,2.3638525362090395,glm,False
2023/24,2024-04-02,Bournemouth,Crystal Palace,G Scott,101,5,0,2.44310162340614,3.997100130363626,0.23279038933184282,0.7672096106681572,4.295709985580631,1.3034247565396206,0.5592317318929072,0.4407682681070928,1.7881674858026473,2.268765862602957,glm,False
2023/24,2024-04-02,Burnley,Wolves,T Bramall,16,2,0,3.548223367657684,4.009137448099587,0.4701025833581228,0.5298974166418772,2.1271952875830142,1.8871577188228383,0.5615013308976748,0.43849866910232516,1.7809396789875729,2.280508631980925,glm,False
2023/24,2024-04-02,Newcastle,Everton,T Harrington,14,3,0,3.1955030144614054,4.111065996218197,0.39522763911133896,0.604772360888661,2.5301874186949047,1.6535147183819476,0.5804412531603544,0.41955874683964556,1.7228272362711219,2.3834564468803645,glm,False
2023/24,2024-04-02,Nott'm Forest,Fulham,M Oliver,282,0,0,3.2817999095477814,3.9991828863189633,0.41382304746502885,0.5861769525349712,2.4164917979453704,1.70596949551738,0.5596249184858617,0.4403750815141383,1.7869111380987655,2.270791518361365,glm,False
2023/24,2024-04-02,West Ham,Tottenham,J Brooks,40,5,0,3.569824248529383,3.8800137007249527,0.4745721462126684,0.5254278537873316,2.1071611723960584,1.9032108648064798,0.5368050436141198,0.46319495638588015,1.8628737041428507,2.1589181536055335,glm,False
2023/24,2024-04-03,Arsenal,Luton,C Pawson,229,2,0,3.245625820782268,4.176994937314325,0.4060452196915918,0.5939547803084082,2.4627798863376387,1.6836298539103511,0.5924208090700155,0.4075791909299845,1.68798932226875,2.453510930521926,glm,False
2023/24,2024-04-03,Brentford,Brighton,A Madley,86,2,0,2.8799096147821954,3.277856590793407,0.32650312652645597,0.673496873473544,3.0627578076774458,1.4847878874960827,0.4129764813517375,0.5870235186482625,2.4214453973912544,1.703509260246842,glm,False
2023/24,2024-04-03,Man City,Aston Villa,D England,54,3,0,3.322240895278201,4.597951661052994,0.42248559705808275,0.5775144029419172,2.366944594001204,1.7315585462559862,0.6636380856524533,0.3363619143475467,1.5068454050777598,2.972988193207712,glm,False
2023/24,2024-04-04,Chelsea,Man United,J Gillett,42,3,0,3.354493291063532,5.059762058335982,0.4293671262289198,0.5706328737710802,2.329009229893496,1.7524402220142128,0.7309606728508073,0.26903932714919265,1.368062656640496,3.716928712973853,glm,False
2023/24,2024-04-04,Liverpool,Sheffield United,S Attwell,151,1,0,3.1200733988497604,4.11871750167994,0.3788741116746748,0.6211258883253252,2.63939912806358,1.6099795851307892,0.5818426198935613,0.41815738010643866,1.7186778104755094,2.3914441011311527,glm,False
2023/24,2024-04-06,Aston Villa,Brentford,M Salisbury,29,4,0,3.8734418542921643,4.539968428689225,0.5355278590123902,0.4644721409876098,1.8673164862873428,2.152981657573034,0.6543824714784514,0.3456175285215486,1.5281582921081187,2.8933717693014867,glm,False
2023/24,2024-04-06,Brighton,Arsenal,J Brooks,41,3,0,3.4505121062306907,4.2472240643352785,0.44969485964975187,0.5503051403502481,2.223730110632924,1.8171736490841033,0.6049416553258458,0.39505834467415424,1.6530519781471489,2.5312716804521727,glm,False
2023/24,2024-04-06,Crystal Palace,Man City,P Tierney,177,2,0,2.798057027118336,3.786590637051212,0.30866932833270333,0.6913306716672967,3.2397128843398937,1.4464858004755945,0.5184723123204501,0.4815276876795499,1.9287433026547693,2.0767237805554526,glm,False
2023/24,2024-04-06,Everton,Burnley,M Oliver,283,3,1,2.780069889705398,3.5661275705541553,0.30475894001496906,0.6952410599850309,3.281281920559516,1.4383500307383035,0.47380837482520843,0.5261916251747916,2.110557881905122,1.9004483388876015,glm,False
2023/24,2024-04-06,Fulham,Newcastle,S Allison,2,3,0,3.604616781068522,3.7529274905698227,0.48173728983425657,0.5182627101657434,2.07582020553994,1.9295233486511005,0.511775677209865,0.48822432279013495,1.953981098617017,2.0482387978647547,glm,False
2023/24,2024-04-06,Luton,Bournemouth,A Madley,87,0,0,3.0333782360826396,3.9246019351686785,0.3599984146875187,0.6400015853124813,2.7777900101810378,1.562496129617787,0.5454193618803431,0.4545806381196569,1.8334515968638918,2.199829724680828,glm,False
2023/24,2024-04-06,Wolves,West Ham,T Harrington,15,7,0,3.229167498865422,3.87925917426644,0.4024980894092043,0.5975019105907957,2.4844838430607767,1.6736348156798757,0.5366585049540369,0.4633414950459631,1.8633823758847292,2.1582353635320333,glm,False
2023/24,2024-04-07,Man United,Liverpool,A Taylor,289,7,0,2.980708116204952,3.9436342411186063,0.3485061439469074,0.6514938560530926,2.869389872657004,1.5349338918685156,0.5490689128396006,0.4509310871603994,1.821265011760245,2.217633754854193,glm,False
2023/24,2024-04-07,Sheffield United,Chelsea,R Jones,66,6,0,3.5193266066417594,4.27957561570931,0.4640989424948132,0.5359010575051868,2.1547129468220585,1.8660160975523385,0.6106249365286234,0.3893750634713766,1.6376664957133216,2.5682178799144157,glm,False
2023/24,2024-04-07,Tottenham,Nott'm Forest,S Hooper,96,5,0,3.4160318829728045,4.869067823545314,0.44242425747508496,0.557575742524915,2.2602738957104194,1.793478309281569,0.7045335079521997,0.2954664920478003,1.4193789063441489,3.3844785345006936,glm,False
2023/24,2024-04-13,Bournemouth,Man United,T Harrington,16,4,0,3.4035453039740697,4.446761874933444,0.439783040867759,0.560216959132241,2.273848482258087,1.7850227196780504,0.6391296509200655,0.36087034907993454,1.5646277692803643,2.771078318153801,glm,False
2023/24,2024-04-13,Brentford,Sheffield United,S Barrott,14,4,0,3.5166856330665084,3.7286172355579774,0.4635488841338169,0.5364511158661831,2.157269781521728,1.8641027493909592,0.5069107485981138,0.4930892514018862,1.972733864423961,2.0280304167185395,glm,False
2023/24,2024-04-13,Burnley,Brighton,S Hooper,97,3,0,2.928033515492709,3.360489233691163,0.33700633621224085,0.6629936637877591,2.9673032597530065,1.5083100406825682,0.4306436532805673,0.5693563467194327,2.3221055096996706,1.7563692857063729,glm,False
2023/24,2024-04-13,Man City,Luton,J Brooks,42,1,0,3.607206614819123,3.9618006069023837,0.48226892437573676,0.5177310756242632,2.0735319019246985,1.9315046885957785,0.5525368885660599,0.44746311143394013,1.809833914610106,2.2348210935095865,glm,False
2023/24,2024-04-13,Newcastle,Tottenham,T Robinson,21,4,0,3.5403144243887814,4.494884468150931,0.4684621552734458,0.5315378447265542,2.1346441515991628,1.8813335869141035,0.6470622323765308,0.3529377676234692,1.5454464037055586,2.8333606990647926,glm,False
2023/24,2024-04-13,Nott'm Forest,Wolves,C Pawson,230,5,0,3.6114319756022546,4.576511700580273,0.4831357785140289,0.5168642214859711,2.069811519808531,1.9347440941549914,0.6602366021039552,0.3397633978960448,1.514608546108064,2.9432246268798012,glm,False
2023/24,2024-04-14,Arsenal,Aston Villa,D Coote,103,4,0,3.433208638988417,4.7377551324114,0.4460504535826979,0.5539495464173021,2.2418988524010093,1.8052185554940026,0.6852161227924036,0.3147838772075964,1.4593935646534177,3.1767827783012894,glm,False
2023/24,2024-04-14,Liverpool,Crystal Palace,C Kavanagh,135,2,0,2.6929369496555684,4.056825651609681,0.2858828289788311,0.7141171710211689,3.4979365622341994,1.400330422765253,0.5704250192740594,0.4295749807259406,1.7530787854863572,2.327882313607035,glm,False
2023/24,2024-04-14,West Ham,Fulham,S Attwell,152,3,0,3.235850760584016,3.292831431944674,0.4039390855760645,0.5960609144239355,2.4756207945905575,1.6776808809321988,0.4161895865184644,0.5838104134815356,2.4027511316783863,1.712884828546532,glm,False
2023/24,2024-04-15,Chelsea,Everton,P Tierney,178,5,0,2.9721129802545545,4.511131739357079,0.3466298490095847,0.6533701509904153,2.8849217770981657,1.530525994314469,0.6497127339848873,0.35028726601511273,1.539141758645692,2.854799751575486,glm,False
2023/24,2024-04-20,Luton,Brentford,J Gillett,43,3,0,3.434872290880789,3.8211034875869254,0.4464012233282153,0.5535987766717847,2.240137230235036,1.8063623731467813,0.5252886932256418,0.47471130677435824,1.9037150673457242,2.1065434627941655,glm,False
2023/24,2024-04-20,Sheffield United,Burnley,A Madley,88,1,0,3.149040807672391,3.3866132959521797,0.38516364812669734,0.6148363518733027,2.596299014363515,1.626449049333483,0.4361947421936725,0.5638052578063275,2.292553997718742,1.7736620688690163,glm,False
2023/24,2024-04-20,Wolves,Arsenal,P Tierney,179,5,0,2.9894829471742144,4.4422806579375695,0.3504214844398249,0.6495785155601751,2.8537063062745003,1.5394597820675042,0.6383847282818294,0.36161527171817065,1.5664535125886148,2.7653699337658573,glm,False
2023/24,2024-04-21,Aston Villa,Bournemouth,T Robinson,22,4,0,3.7247335998968896,4.362037155769056,0.5061313536855906,0.4938686463144094,1.9757716899340743,2.0248298964971636,0.6248667803567461,0.37513321964325386,1.6003411149958788,2.66571966340647,glm,False
2023/24,2024-04-21,Crystal Palace,West Ham,G Scott,102,5,0,2.4701436539990884,3.548742883302938,0.23843609055759685,0.7615639094424032,4.193995957832731,1.3130874344244772,0.470210264985387,0.529789735014613,2.1267081441343643,1.8875412902675763,glm,False
2023/24,2024-04-21,Everton,Nott'm Forest,A Taylor,290,5,0,3.54912596201169,4.450843278011566,0.4702896610903484,0.5297103389096516,2.126349105105859,1.8878242060715411,0.6398071887866463,0.36019281121335367,1.5629708723599003,2.7762908333216796,glm,False
2023/24,2024-04-21,Fulham,Liverpool,C Pawson,231,3,0,3.0291725315698677,3.3348697588328973,0.35908123680365356,0.6409187631963464,2.7848851388099742,1.5602601412585708,0.4251831215556512,0.5748168784443488,2.3519277913507497,1.7396844760479933,glm,False
2023/24,2024-04-23,Arsenal,Chelsea,S Hooper,98,4,0,2.901455070557879,4.942780461408592,0.3312045806105005,0.6687954193894995,3.0192819137849085,1.495225551803025,0.7149759377758341,0.2850240622241659,1.3986484679621893,3.508475713231255,glm,False
2023/24,2024-04-24,Crystal Palace,Newcastle,T Bramall,17,6,0,3.39708930013149,4.087575725359178,0.43841576713076846,0.5615842328692315,2.2809398634190203,1.780676773795493,0.576121062985337,0.42387893701466295,1.735746294048359,2.3591641685309965,glm,False
2023/24,2024-04-24,Everton,Liverpool,A Madley,89,3,0,2.571264799170766,3.5258683495413967,0.25978840951392057,0.7402115904860794,3.8492864322586944,1.3509650657365737,0.4654604724547351,0.5345395275452649,2.148410142597549,1.8707690422675427,glm,False
2023/24,2024-04-24,Man United,Sheffield United,M Salisbury,30,1,0,4.034335558485016,4.380193134844042,0.5662300986250923,0.4337699013749077,1.7660664850352858,2.3053697290437385,0.6279549426456258,0.3720450573543742,1.5924709435153386,2.6878464858827478,glm,False
2023/24,2024-04-24,Wolves,Bournemouth,S Attwell,153,5,1,3.2053641506831645,4.436868143025111,0.397359326857597,0.602640673142403,2.5166138867513568,1.6593636051573002,0.6374835806111113,0.3625164193888887,1.5686678534392515,2.7584957439603643,glm,False
2023/24,2024-04-25,Brighton,Man City,J Gillett,44,2,0,2.926361888833706,3.935614518985257,0.33664139720918873,0.6633586027908113,2.9705199903819337,1.5074802614949245,0.5475331067550959,0.4524668932449041,1.8263735793556066,2.2101064518299154,glm,False
2023/24,2024-04-27,Aston Villa,Chelsea,C Pawson,232,8,0,3.39313421582153,4.811925111326021,0.43757759118269657,0.5624224088173034,2.2853089832529423,1.7780230380629067,0.6962401291001707,0.30375987089982925,1.4362860717212784,3.292074088119986,glm,False
2023/24,2024-04-27,Everton,Brentford,D England,55,3,0,3.391187835275332,3.703721439345364,0.43716495335787176,0.5628350466421282,2.2874660750341085,1.7767194952872893,0.501904075567041,0.498095924432959,1.992412591729247,2.007645417172239,glm,False
2023/24,2024-04-27,Fulham,Crystal Palace,S Attwell,154,2,0,3.3872533569779204,3.7718485159444577,0.43633052570615694,0.5636694742938431,2.2918405682976246,1.7740893300152283,0.515545426435052,0.48445457356494803,1.9396932815695909,2.0641770241558794,glm,False
2023/24,2024-04-27,Man United,Burnley,J Brooks,43,4,0,3.7928058094566284,4.049952867183154,0.5197035437422118,0.48029645625778816,1.92417391037847,2.082047425024666,0.5691456675360657,0.43085433246393434,1.7570194363934641,2.3209700463757255,glm,False
2023/24,2024-04-27,Newcastle,Sheffield United,T Harrington,17,0,0,3.57481542426302,4.272211272910998,0.4756026263776838,0.5243973736223162,2.102595621929732,1.9069508168822837,0.6093359449743552,0.39066405502564483,1.6411308215898646,2.55974407457158,glm,False
2023/24,2024-04-27,West Ham,Liverpool,A Taylor,291,2,0,2.755786882530112,3.3177750209482872,0.2994864193672073,0.7005135806327927,3.339049570638048,1.4275240732616108,0.42153079618261124,0.5784692038173888,2.372305912298731,1.728700496760896,glm,False
2023/24,2024-04-27,Wolves,Luton,D Coote,104,4,0,3.5565370526356896,4.384382989272814,0.4718246941137645,0.5281753058862355,2.119431247400722,1.8933107793104427,0.6286651476509746,0.3713348523490254,1.5906719240545286,2.692987188447582,glm,False
2023/24,2024-04-28,Bournemouth,Brighton,P Tierney,180,4,0,2.8973506338096158,3.82459598294702,0.330308805927796,0.669691194072204,3.0274699979345856,1.4932255476128944,0.5259756443835167,0.47402435561648326,1.9012287178659684,2.109596243634927,glm,False
2023/24,2024-04-28,Nott'm Forest,Man City,S Hooper,99,0,0,3.1876418909225035,4.2077970583692315,0.39352716538315,0.60647283461685,2.5411206340135872,1.6488784705942647,0.5979431429591484,0.4020568570408516,1.672399812214788,2.4872104093933998,glm,False
2023/24,2024-04-28,Tottenham,Arsenal,M Oliver,284,3,0,2.7941785660462304,4.493135455709016,0.3078258311062476,0.6921741688937524,3.248590270693836,1.4447230840732204,0.6467760716213942,0.35322392837860583,1.5461301737603148,2.831065280855328,glm,False
2023/24,2024-05-02,Chelsea,Tottenham,R Jones,67,1,0,3.364961495684505,4.866887814986464,0.43159520332233825,0.5684047966776617,2.3169858985970864,1.7593095727640258,0.7042202970791358,0.2957797029208642,1.4200101930427977,3.3808945986653782,glm,False
2023/24,2024-05-03,Luton,Everton,T Robinson,23,4,0,3.654558344780797,4.121554287097601,0.4919460609650045,0.5080539390349955,2.0327431792794393,1.9682949450198406,0.5823614412239995,0.41763855877600053,1.717146653628395,2.394414928858012,glm,False
2023/24,2024-05-04,Arsenal,Bournemouth,D Coote,105,5,0,3.1787240880744028,4.211874918027584,0.39159694225450425,0.6084030577454957,2.5536460888657455,1.6436472290353201,0.5986706472097614,0.4013293527902386,1.6703675128565665,2.4917190657685744,glm,False
2023/24,2024-05-04,Brentford,Fulham,G Scott,103,2,0,2.7889401340647195,3.23118431986328,0.30668684046348793,0.6933131595365121,3.260655065893032,1.442349660099502,0.4029330277140557,0.5970669722859443,2.4818020147746664,1.674853988609313,glm,False
2023/24,2024-05-04,Burnley,Newcastle,A Taylor,292,4,0,3.1679387876887706,3.762871640393732,0.38926089653236295,0.610739103467637,2.5689711165654177,1.6373603627510152,0.5137587474156512,0.4862412525843488,1.9464388782288904,2.056592267079455,glm,False
2023/24,2024-05-04,Man City,Wolves,C Pawson,233,4,0,3.1163470340898227,4.346281880194048,0.378064287127318,0.621935712872682,2.6450527967039563,1.6078832253916773,0.6221730006675126,0.3778269993324874,1.6072700019562518,2.64671397694372,glm,False
2023/24,2024-05-04,Sheffield United,Nott'm Forest,C Kavanagh,136,1,1,3.6095569845721305,4.223403919840193,0.48275119391639865,0.5172488060836014,2.071460438838763,1.9333055741038734,0.6007228993963128,0.39927710060368715,1.6646610292448223,2.50452630137829,glm,False
2023/24,2024-05-05,Brighton,Aston Villa,R Jones,68,3,0,3.453082577383317,4.518412710153854,0.45023549910006966,0.5497645008999303,2.2210598719976526,1.8189606610886335,0.6508959674341477,0.3491040325658523,1.5363438245623664,2.864475648276471,glm,False
2023/24,2024-05-05,Chelsea,West Ham,A Madley,90,4,0,2.8060716643192656,4.380157969879113,0.31041290142088174,0.6895870985791183,3.2215155859263818,1.4501431393662698,0.6279489780855612,0.37205102191443884,1.5924860695668575,2.6878033954976517,glm,False
2023/24,2024-05-05,Liverpool,Tottenham,P Tierney,181,5,0,2.8200606371348393,3.7255529542317856,0.31345779032702437,0.6865422096729756,3.190222195328818,1.4565746809308862,0.5062958376590273,0.4937041623409727,1.975129806762238,2.025504494955743,glm,False
2023/24,2024-05-06,Crystal Palace,Man United,J Gillett ,0,2,0,3.6180028760481404,4.633898650369162,0.4844825517579494,0.5155174482420506,2.064057820805911,1.939798552716436,0.6692860751580924,0.33071392484190765,1.4941293971547063,3.0237613988525993,glm,False
2023/24,2024-05-11,Bournemouth,Brentford,M Donohue,0,4,0,3.448338415353381,3.8462915247153298,0.44923752207933965,0.5507624779206604,2.225993936061713,1.8156647195273425,0.5302312301334406,0.46976876986655935,1.8859696358291362,2.1287068535527722,glm,False
2023/24,2024-05-11,Everton,Sheffield United,S Attwell,155,3,0,3.4627235337616584,4.0373417401584915,0.45226150756403105,0.547738492435969,2.2111101282667094,1.8256887434598195,0.5667922268933301,0.4332077731066699,1.7643149509673839,2.308361165425735,glm,False
2023/24,2024-05-11,Fulham,Man City,A Taylor,293,1,1,3.184685325952928,3.7044306175057438,0.39288736506497046,0.6071126349350295,2.54525874059257,1.647140814499793,0.502047034476289,0.49795296552371104,1.9918452482109597,2.008221798515191,glm,False
2023/24,2024-05-11,Newcastle,Brighton,D England,56,7,0,3.2292003621899483,3.9812525940139807,0.4025051771541812,0.5974948228458188,2.4844400935915067,1.6736546690682308,0.556233323851544,0.443766676148456,1.797806706501632,2.253436442499941,glm,False
2023/24,2024-05-11,Nott'm Forest,Chelsea,T Harrington,18,5,0,3.6233894024233635,4.881999881399659,0.485585406625027,0.514414593374973,2.059369961198624,1.9439572921895483,0.7063863259426015,0.29361367405739847,1.415655942469725,3.4058359278066535,glm,False
2023/24,2024-05-11,Tottenham,Burnley,J Gillett,45,8,0,3.3199069766707567,4.088840046117515,0.42198666424650644,0.5780133357534936,2.36974313343666,1.7300638897827643,0.5763542771533298,0.42364572284667024,1.7350439471692618,2.3604628727998023,glm,False
2023/24,2024-05-11,West Ham,Luton,M Oliver,285,4,0,2.8368306253062703,3.611592215579148,0.3171104380969144,0.6828895619030856,3.153475508410678,1.464365624821072,0.48316863990190706,0.5168313600980929,2.0696707472633573,1.9348671098638504,glm,False
2023/24,2024-05-11,Wolves,Crystal Palace,T Bramall,18,5,1,3.662800388732564,4.758769415034447,0.4936219497664134,0.5063780502335866,2.025841842068023,1.9748091362544467,0.6883693082898396,0.31163069171016045,1.4527085794751144,3.2089265486407026,glm,False
2023/24,2024-05-12,Man United,Arsenal,P Tierney,182,2,0,3.091943105851812,4.429237605778685,0.372756997769911,0.627243002230089,2.6827128826090147,1.5942784478178587,0.6362105219912058,0.36378947800879424,1.5718067611805748,2.748842559915452,glm,False
2023/24,2024-05-13,Aston Villa,Liverpool,S Hooper,100,2,0,2.948625191545042,3.7921035991440757,0.3415019922906428,0.6584980077093572,2.9282406034953024,1.5186074798898592,0.5195645165307022,0.48043548346929776,1.924688788752008,2.0814449273789015,glm,False
2023/24,2024-05-14,Tottenham,Man City,C Kavanagh,137,6,0,2.8762812492223215,4.397097164478285,0.32571158219409846,0.6742884178059015,3.0702009221277207,1.4830449012515245,0.6308146416032345,0.3691853583967655,1.5852517269708097,2.708666465925484,glm,False
2023/24,2024-05-15,Brighton,Chelsea,M Salisbury,31,4,1,3.4580204642661734,4.93899910309233,0.45127352179188596,0.548726478208114,2.2159509736562177,1.8224015784066696,0.7144472452598867,0.2855527547401133,1.399683470871584,3.501979873771899,glm,False
2023/24,2024-05-15,Man United,Newcastle,R Jones,69,6,0,3.363074034136342,4.316167720710281,0.431193675269838,0.568806324730162,2.319143478563796,1.7580676524199927,0.6169882370893158,0.3830117629106842,1.6207764425421922,2.610885870450912,glm,False
2023/24,2024-05-19,Arsenal,Everton,M Oliver,286,7,0,2.7447568656592205,3.8408082574895195,0.2970942703144762,0.7029057296855238,3.365934990740459,1.422665882162313,0.5291576112485981,0.47084238875140194,1.8897961188546533,2.1238529577845333,glm,False
2023/24,2024-05-19,Brentford,Newcastle,S Hooper,101,8,0,3.0365316498423516,3.5198028160662544,0.360686040362292,0.639313959637708,2.7724943249690157,1.564176700547394,0.4641981027037385,0.5358018972962615,2.1542526653501257,1.8663614388940266,glm,False
2023/24,2024-05-19,Brighton,Man United,C Pawson,234,4,0,3.29459108728181,4.392143462766796,0.416566835230169,0.583433164769831,2.400575166881593,1.7139923823057057,0.6299781632164412,0.3700218367835588,1.5873566075597936,2.702543203105447,glm,False
2023/24,2024-05-19,Burnley,Nott'm Forest,G Scott,104,1,0,2.864213420591916,3.9059458419388347,0.3230794435703269,0.6769205564296731,3.095213947842284,1.4772782278534518,0.5418259478118118,0.4581740521881882,1.8456111303612248,2.1825766763179004,glm,False
2023/24,2024-05-19,Chelsea,Bournemouth,A Taylor,294,5,0,3.14743651446586,4.907141690039334,0.3848155970628693,0.6151844029371307,2.5986472680228316,1.6255288580555833,0.7099631062416476,0.2900368937583524,1.4085238954087758,3.4478372287118813,glm,False
2023/24,2024-05-19,Crystal Palace,Aston Villa,D Bond,8,5,0,3.7634774604823993,4.415734091236126,0.5138794292325817,0.4861205707674183,1.9459817675390938,2.0571028262007953,0.6339501120361959,0.3660498879638041,1.5774111890099394,2.7318680673899904,glm,False
2023/24,2024-05-19,Liverpool,Wolves,C Kavanagh,138,2,1,2.837174100354262,4.111310619479644,0.31718527528003615,0.6828147247199639,3.1527314725348496,1.46452612077181,0.5804861003225862,0.4195138996774138,1.7226941341821667,2.3837112447738975,glm,False
2023/24,2024-05-19,Luton,Fulham,M Donohue,1,9,0,3.742495682721873,3.7432921376852555,0.5096910139021723,0.4903089860978277,1.9619729850523424,2.0395302316577926,0.5098503312937376,0.4901496687062624,1.961359910196616,2.0401931569993192,glm,False
2023/24,2024-05-19,Man City,West Ham,J Brooks,44,1,0,3.277882669711631,4.2459570284691095,0.4129820811370042,0.5870179188629958,2.421412564067777,1.7035255106639942,0.6047179809333285,0.3952820190666715,1.6536634125821574,2.5298393343597345,glm,False
2023/24,2024-05-19,Sheffield United,Tottenham,A Madley,91,2,0,3.2008163068612436,4.04027784903274,0.39637641581008043,0.6036235841899196,2.522854438643341,1.6566615788248718,0.5673408342538797,0.4326591657461203,1.7626088933209227,2.311288143579487,glm,False
2024/25,2024-08-16,Man United,Fulham,R Jones,70,5,0,3.6071802476443353,3.9602534198350736,0.48226351300091963,0.5177364869990804,2.0735551685787454,1.9314845005346828,0.5522421233685884,0.44775787663141164,1.8107999330079358,2.233349879902139,glm,False
2024/25,2024-08-17,Arsenal,Wolves,J Gillett,46,4,0,3.298350987029654,4.311638260042586,0.4173726861808664,0.5826273138191336,2.39594020670211,1.7163630613967962,0.6162043259122127,0.38379567408778725,1.6228383312947798,2.60555307814977,glm,False
2024/25,2024-08-17,Everton,Brighton,S Hooper,102,2,1,2.9649861584936543,3.49021434525876,0.34507398181927096,0.654926018180729,2.8979292925183215,1.52689001847541,0.4580231617369388,0.5419768382630612,2.1832957010465344,1.8450972982624518,glm,False
2024/25,2024-08-17,Ipswich,Liverpool,T Robinson,24,4,0,3.435071960408459,3.0581692195215804,0.44644331696172146,0.5535566830382785,2.239926015256582,1.806499732803063,0.36540250333351865,0.6345974966664814,2.7367081256344234,1.575801993000233,glm,False
2024/25,2024-08-17,Newcastle,Southampton,C Pawson,235,6,1,3.0663563434235828,4.211877991695164,0.3671862009721658,0.6328137990278342,2.7234138901527074,1.580243669680179,0.5986711952449848,0.4013288047550152,1.6703659837697482,2.49172246833973,glm,False
2024/25,2024-08-17,Nott'm Forest,Bournemouth,M Oliver,287,4,0,3.0805222480940784,4.138631081249879,0.370271158483088,0.629728841516912,2.7007234484499407,1.5879850724181004,0.5854762175981538,0.4145237824018462,1.7080113076195997,2.4124068206793106,glm,False
2024/25,2024-08-17,West Ham,Aston Villa,T Harrington,19,3,0,3.424697474572555,4.1188793942205235,0.4442546971698842,0.5557453028301158,2.250961005861008,1.7993854287342257,0.5818722391992737,0.41812776080072633,1.7185903238417433,2.391613506084772,glm,False
2024/25,2024-08-18,Brentford,Crystal Palace,S Barrott,15,6,0,3.279196654127893,3.8799207839957313,0.41326420755442894,0.5867357924455711,2.419759518777815,1.7043446349708855,0.5367869993660338,0.4632130006339662,1.8629363251737443,2.1588340539479076,glm,False
2024/25,2024-08-18,Chelsea,Man City,A Taylor,295,2,0,2.9613750943046036,4.847185396178534,0.3442856187164951,0.6557143812835049,2.904565121622052,1.5250542439569275,0.7013781222426846,0.2986218777573154,1.4257644604061217,3.3487164688338136,glm,False
2024/25,2024-08-19,Leicester,Tottenham,C Kavanagh,139,2,0,2.8390525084696194,4.06684060177745,0.3175945644184264,0.6824054355815736,3.1486684976211183,1.4654045056774194,0.5722851935935356,0.4277148064064644,1.7473805214507228,2.3380065057876056,glm,False
2024/25,2024-08-24,Aston Villa,Arsenal,M Oliver,288,4,0,2.973702934182034,4.0012370623819375,0.3469769428570382,0.6530230571429618,2.88203588332387,1.5313394972224954,0.5600125093446067,0.43998749065539333,1.7856743971135913,2.272791888947632,glm,False
2024/25,2024-08-24,Brighton,Man United,C Pawson,236,3,0,3.2918159032205665,4.32461653310894,0.4159718389998661,0.5840281610001339,2.4040088925354435,1.712246201086476,0.6184476259981136,0.38155237400188635,1.6169517966636193,2.6208721741436634,glm,False
2024/25,2024-08-24,Crystal Palace,West Ham,R Jones,71,2,0,3.2032237243924246,4.190703958180567,0.3968967661594388,0.6031032338405612,2.519546857679073,1.6580909268749902,0.5948845260866833,0.4051154739133167,1.6809985066820943,2.4684320012273138,glm,False
2024/25,2024-08-24,Fulham,Leicester,D Bond,9,4,0,3.446178680380869,3.7962806347410316,0.4487829835805216,0.5512170164194784,2.2282484777424227,1.8141675061043396,0.5203912020249465,0.4796087979750535,1.9216312576169612,2.0850326437339755,glm,False
2024/25,2024-08-24,Man City,Ipswich,M Salisbury,32,5,0,3.585100719368739,4.4464835579173805,0.4777234039676781,0.5222765960323219,2.093261480795398,1.91469425893653,0.639083416548405,0.36091658345159505,1.5647409619871724,2.7707233356710437,glm,False
2024/25,2024-08-24,Southampton,Nott'm Forest,S Barrott,16,6,0,3.4556957298013637,4.1192800288830425,0.450784915532386,0.549215084467614,2.2183528453230963,1.8207802885992432,0.5819455323879341,0.4180544676120659,1.7183738758103984,2.392032803074721,glm,False
2024/25,2024-08-24,Tottenham,Everton,A Taylor,296,0,0,3.2645760341436887,4.3489071976758185,0.41012299994429746,0.5898770000557025,2.438292902704357,1.6952686744958174,0.6226227667442941,0.37737723325570594,1.606108952984515,2.649868385998826,glm,False
2024/25,2024-08-25,Bournemouth,Newcastle,D Coote,106,4,0,3.2710508586274374,4.077550495318154,0.41151464186608,0.58848535813392,2.4300471921614686,1.699277622082201,0.574269068694597,0.42573093130540296,1.7413440049507727,2.348901445647224,glm,False
2024/25,2024-08-25,Liverpool,Brentford,S Attwell,156,5,0,2.9469895881791137,3.6914697903213916,0.34114489431347705,0.658855105686523,2.9313057784798704,1.517784398070356,0.4994312293541997,0.5005687706458003,2.0022776735308914,1.9977275024765668,glm,False
2024/25,2024-08-25,Wolves,Chelsea,D England,57,5,0,3.5068426720667447,5.029987224191952,0.4614968270101176,0.5385031729898824,2.1668621352798088,1.856999271606499,0.7269601265136172,0.2730398734863828,1.3755912649512674,3.6624687348087,glm,False
2024/25,2024-08-31,Arsenal,Brighton,C Kavanagh,140,5,1,2.845881787232736,3.71317719949885,0.31908284124776287,0.6809171587522371,3.1339823730086303,1.4686074321176952,0.5038085745544111,0.4961914254455889,1.984880866476798,2.015351230831895,glm,False
2024/25,2024-08-31,Brentford,Southampton,J Smith,5,3,0,3.390384708577898,3.7964197576540575,0.4369946589382997,0.5630053410617003,2.288357488005803,1.7761820840175813,0.5204187234700692,0.47958127652993077,1.9215296354676847,2.0851522962606523,glm,False
2024/25,2024-08-31,Everton,Bournemouth,S Attwell,157,3,0,3.1433764482015043,3.6771800389362586,0.3839346141594051,0.6160653858405949,2.6046101682949896,1.6232043269815308,0.496539644420922,0.503460355579078,2.0139378823743814,1.9862537117739971,glm,False
2024/25,2024-08-31,Ipswich,Fulham,L Smith,2,5,0,4.12837239300126,3.6021605051112964,0.5836067826543813,0.41639321734561874,1.7134824846479066,2.4015761024511844,0.48123284977767655,0.5187671502223234,2.0779961311078146,1.9276471140692675,glm,False
2024/25,2024-08-31,Leicester,Aston Villa,D Coote,107,9,0,3.341201557144808,4.119401957946309,0.426534168922325,0.573465831077675,2.344478057939849,1.7437830569970814,0.581967836848652,0.41803216315134795,1.7183080175271994,2.392160432014298,glm,False
2024/25,2024-08-31,Nott'm Forest,Wolves,S Hooper,103,7,0,3.4584425272556616,4.660028486786905,0.45136221259077625,0.5486377874092238,2.2155155484994964,1.82269618124956,0.673348271441041,0.32665172855895896,1.4851155671045053,3.0613644826297164,glm,False
2024/25,2024-08-31,West Ham,Man City,M Oliver,289,5,0,2.5490203335030235,3.8452702905172114,0.2550615752429637,0.7449384247570363,3.9206219088368415,1.3423928297512009,0.5300313724925386,0.4699686275074614,1.8866807738141524,2.1278016051914523,glm,False
2024/25,2024-09-01,Chelsea,Crystal Palace,J Gillett,47,6,0,3.280205926520402,4.985073896685817,0.41348088456360554,0.5865191154363945,2.4184914885615965,1.7049742688368454,0.7208378893368825,0.27916211066311747,1.3872744687712322,3.582148012939919,glm,False
2024/25,2024-09-01,Man United,Liverpool,A Taylor,297,5,0,2.9787196394832183,4.077160944603906,0.34807207884092395,0.651927921159076,2.872968160301707,1.5339119058163355,0.5741970068996635,0.42580299310033654,1.7415625438374016,2.3485039236545697,glm,False
2024/25,2024-09-01,Newcastle,Tottenham,R Jones,72,8,0,3.287270697154806,4.241384893801193,0.4149969936071308,0.5850030063928692,2.4096560105364992,1.709392924603933,0.6039101637823889,0.39608983621761107,1.655875426465478,2.5246797785808415,glm,False
2024/25,2024-09-14,Aston Villa,Everton,C Pawson,237,5,0,3.403636720831751,3.961254066722622,0.43980239331039883,0.5601976066896012,2.2737484270446684,1.78508438461446,0.5524327761298604,0.4475672238701396,1.8101749990390323,2.234301232679512,glm,False
2024/25,2024-09-14,Bournemouth,Chelsea,A Taylor,298,14,0,3.0970520287576515,4.394739637398913,0.37386858559313585,0.6261314144068642,2.6747366281484117,1.5971088129275586,0.630416711934837,0.36958328806516305,1.586252364615875,2.7057500495630773,glm,False
2024/25,2024-09-14,Brighton,Ipswich,S Barrott,17,7,0,3.557503277355025,4.062498321707958,0.4720246878135179,0.5279753121864821,2.1185332585719934,1.8940279534259694,0.5714792552896941,0.4285207447103059,1.7498447944415414,2.3336093114372627,glm,False
2024/25,2024-09-14,Crystal Palace,Leicester,T Harrington,20,3,0,3.0345234684638154,4.323766068807928,0.3602481482472175,0.6397518517527825,2.775864372559544,1.5631060656725182,0.6183008903538463,0.3816991096461537,1.6173355329113497,2.6198646387386897,glm,False
2024/25,2024-09-14,Fulham,West Ham,T Robinson,25,5,0,3.614735269041982,3.5744165575788927,0.4838130175793567,0.5161869824206433,2.0669142078963936,1.937282484944758,0.47552030788272903,0.524479692117271,2.1029596074509107,1.906651515834869,glm,False
2024/25,2024-09-14,Liverpool,Nott'm Forest,M Oliver,290,8,0,2.8184499709689104,4.1991304384455725,0.31310710826938126,0.6868928917306187,3.1937952655474415,1.4558310502828344,0.5963941936269263,0.40360580637307375,1.6767433531144484,2.477665048940471,glm,False
2024/25,2024-09-14,Man City,Brentford,D Bond,10,4,0,3.3428780139738894,4.249061313445432,0.42689172122163843,0.5731082787783616,2.342514390155645,1.744870972954014,0.6052658457743045,0.39473415422569547,1.6521665760286208,2.533350583664555,glm,False
2024/25,2024-09-14,Southampton,Man United,S Attwell,158,5,1,3.201162560572124,4.114366405697445,0.39645126259157004,0.60354873740843,2.522378144196289,1.6568670233557061,0.5810460741113553,0.41895392588864466,1.721033915476303,2.3868973130610875,glm,False
2024/25,2024-09-15,Tottenham,Arsenal,J Gillett,48,8,0,3.2134744166398166,4.550715915003718,0.39911130919181126,0.6008886908081887,2.5055666852061167,1.6642017320296225,0.6561115736031385,0.34388842639686146,1.5241310170895854,2.9079199043644426,glm,False
2024/25,2024-09-15,Wolves,Newcastle,C Kavanagh,141,6,0,3.0141909332122414,4.437232858803443,0.3558132727384329,0.6441867272615671,2.810462893370267,1.5523449299413423,0.6375443519299397,0.36245564807006025,1.5685183265648173,2.7589582486150324,glm,False
2024/25,2024-09-21,Aston Villa,Wolves,T Robinson,26,9,0,3.9056410131745265,4.7033616242577265,0.5417671030054604,0.4582328969945396,1.845811594045645,2.182296396786013,0.6800044992523167,0.31999550074768335,1.4705785051415499,3.1250439386286892,glm,False
2024/25,2024-09-21,Crystal Palace,Man United,D Coote,108,4,0,3.4428498300311414,4.609161338407725,0.4480821259020342,0.5519178740979658,2.2317337429760222,1.8118637698305444,0.6654067530932477,0.3345932469067523,1.5028401730991503,2.988703475771852,glm,False
2024/25,2024-09-21,Fulham,Newcastle,P Bankes,70,6,0,3.6028873593397357,3.728828634672248,0.4813821447240846,0.5186178552759154,2.0773516653243824,1.9282020274214804,0.5069531562896351,0.4930468437103649,1.9725688411113764,2.0282048506276196,glm,False
2024/25,2024-09-21,Leicester,Everton,D England,58,3,0,3.0379619865373186,3.70392410165603,0.3609979158861174,0.6390020841138826,2.7700990947423256,1.5649401228271747,0.5019449310469221,0.49805506895307794,1.992250420607434,2.007810104416808,glm,False
2024/25,2024-09-21,Liverpool,Bournemouth,T Harrington,21,5,0,2.8546153588710554,4.13902128451847,0.32098661991360944,0.6790133800863906,3.1153946549832536,1.4727250291780265,0.585547221082234,0.414452778917766,1.7078041940866122,2.4128201109212877,glm,False
2024/25,2024-09-21,Southampton,Ipswich,S Allison,3,8,0,3.7830364108143164,4.143229831544931,0.5177674891003796,0.4822325108996204,1.9313688500170199,2.0736884747452375,0.5863125502664507,0.4136874497335493,1.7055749523791506,2.4172838712996656,glm,False
2024/25,2024-09-21,Tottenham,Brentford,J Brooks,45,4,0,3.6954676084212097,4.460121257975216,0.5002387850757702,0.49976121492422976,1.9990453156256804,2.0009555966675263,0.6413441151815553,0.3586558848184447,1.5592253461574437,2.7881879046992646,glm,False
2024/25,2024-09-21,West Ham,Chelsea,S Barrott,18,7,0,3.205584757921737,4.156680219610803,0.3974069972297348,0.6025930027702652,2.5163120100321623,1.6594948753184307,0.5887526094925263,0.4112473905074737,1.6985062722048014,2.431626371576519,glm,False
2024/25,2024-09-22,Brighton,Nott'm Forest,R Jones,73,7,1,3.4792453674964547,4.3039388520863495,0.45572700593276805,0.544272994067232,2.1942961180306413,1.8373132801008933,0.6148693562803729,0.38513064371962713,1.6263617462568947,2.5965215084987996,glm,False
2024/25,2024-09-22,Man City,Arsenal,M Oliver,291,7,1,2.457709659932207,4.2174160829767935,0.23583649475635116,0.7641635052436488,4.240225843897171,1.3086204629481175,0.5996578595945257,0.40034214040547433,1.6676175989357933,2.497863449966023,glm,False
2024/25,2024-09-28,Arsenal,Leicester,S Barrott,19,6,0,2.996164973465555,4.015365309409512,0.3518798628240325,0.6481201371759675,2.8418790207954534,1.5429238232857059,0.5626728835120257,0.4373271164879743,1.7772315483879677,2.2866178709215674,glm,False
2024/25,2024-09-28,Brentford,West Ham,S Hooper,104,5,0,2.897567191164396,3.791422800928483,0.3303560671046881,0.6696439328953119,3.0270368840633557,1.4933309343614019,0.5194297088001048,0.48057029119989525,1.9251883037457067,2.080861048449717,glm,False
2024/25,2024-09-28,Chelsea,Brighton,P Bankes,71,5,0,3.3447373933582667,3.974759362916302,0.42728820726911354,0.5727117927308865,2.340340741887554,1.7460789400400796,0.5550013842820201,0.44499861571797994,1.8017973077556453,2.247198001698403,glm,False
2024/25,2024-09-28,Everton,Crystal Palace,A Madley,92,3,0,2.7735909318077137,3.693938001265698,0.30335139931802113,0.6966486006819789,3.2965069627110606,1.4354439225472606,0.4999298793527618,0.5000701206472382,2.0002805219297115,1.9997195567407728,glm,False
2024/25,2024-09-28,Newcastle,Man City,J Gillett,49,8,0,2.9718298074623775,4.327210414219388,0.3465680306807819,0.6534319693192181,2.8854363688296556,1.5303811979720794,0.618894931769808,0.38110506823019197,1.615783146164041,2.623948310747702,glm,False
2024/25,2024-09-28,Nott'm Forest,Fulham,J Smith,6,6,0,3.9762447473816884,3.902721149471351,0.5552833751338839,0.4447166248661161,1.8008822968252756,2.2486229299411833,0.5412032340972122,0.45879676590278784,1.8477347085113274,2.1796143179698984,glm,False
2024/25,2024-09-28,Wolves,Liverpool,A Taylor,299,5,0,2.883335359472624,4.43475104891834,0.3272505278167468,0.6727494721832532,3.0557628330548585,1.486437435253172,0.637130678015684,0.362869321984316,1.5695367285004338,2.7558130142597785,glm,False
2024/25,2024-09-29,Ipswich,Aston Villa,S Attwell,159,5,0,3.7752396850388,4.520536825347421,0.5162195070188282,0.48378049298117176,1.9371604257557178,2.0670531666908674,0.6512406273978485,0.3487593726021515,1.535530736151526,2.867306454128628,glm,False
2024/25,2024-09-29,Man United,Tottenham,C Kavanagh,142,8,1,3.0560968295686934,4.505573614487331,0.3649509170037851,0.6350490829962149,2.7400944987614,1.5746814329404526,0.6488075854033728,0.3511924145966272,1.5412890084789714,2.8474419105793634,glm,False
2024/25,2024-09-30,Bournemouth,Southampton,M Oliver,292,7,0,2.593228247827978,3.9977187197918234,0.26447023133509184,0.7355297686649082,3.78114389264843,1.3595642795194316,0.5593485317149617,0.4406514682850383,1.787794091340513,2.2693672255124393,glm,False
2024/25,2024-10-05,Arsenal,Southampton,T Harrington,22,3,0,3.0248406192945936,4.084792228766674,0.3581364301898766,0.6418635698101234,2.7922319979283325,1.557963478587546,0.5756073496118637,0.42439265038813634,1.7372953988066822,2.3563084777397325,glm,False
2024/25,2024-10-05,Brentford,Wolves,A Madley,93,5,0,2.93111296235531,4.236945627040439,0.33767863147866173,0.6623213685213383,2.961395560095401,1.5098410643650895,0.6031248012845777,0.3968751987154223,1.6580316343651091,2.519683777763714,glm,False
2024/25,2024-10-05,Crystal Palace,Liverpool,S Hooper,105,6,0,2.6155947174276717,4.045607569554573,0.2692520065837072,0.7307479934162928,3.7139927486078443,1.3684608223485324,0.5683356273420757,0.43166437265792434,1.7595236896843522,2.316614627801256,glm,False
2024/25,2024-10-05,Everton,Newcastle,C Pawson,238,3,0,2.976026837602468,3.682600641797916,0.34748425241463676,0.6525157475853632,2.877828255672279,1.5325300633747208,0.49763745263538706,0.5023625473646129,2.009495054490378,1.9905942535843613,glm,False
2024/25,2024-10-05,Leicester,Bournemouth,D Bond,11,5,0,3.1633410646175957,3.9316868260109903,0.38826453238462655,0.6117354676153735,2.575563608291086,1.634693512047182,0.5467798644171612,0.4532201355828388,1.8288895862431727,2.2064333013669066,glm,False
2024/25,2024-10-05,Man City,Fulham,P Bankes,72,3,0,3.3749283008788984,3.9617498077011457,0.4337139801548915,0.5662860198451085,2.30566697352682,1.7658920844867787,0.5525272122243184,0.44747278777568156,1.8098656100109216,2.2347727667884483,glm,False
2024/25,2024-10-05,West Ham,Ipswich,A Taylor,300,1,0,3.517492843152541,4.085116898634337,0.46371703269177234,0.5362829673082277,2.156487533345986,1.8646872284967644,0.5756672891345133,0.42433271086548674,1.7371145084575668,2.35664132034591,glm,False
2024/25,2024-10-06,Aston Villa,Man United,R Jones,74,6,0,3.5609611085892796,4.4209391974067636,0.47274014570142797,0.527259854298572,2.115327012298163,1.896598028177827,0.6348225539674537,0.3651774460325463,1.575243339654987,2.738394747168683,glm,False
2024/25,2024-10-06,Brighton,Tottenham,D Coote,109,4,0,3.2190614307799286,4.323184628690279,0.4003175605387612,0.5996824394612388,2.498016821081157,1.6675492463951602,0.6182005494401412,0.38179945055985876,1.6175980446889386,2.619176110739896,glm,False
2024/25,2024-10-06,Chelsea,Nott'm Forest,C Kavanagh,143,8,1,3.2231841012463884,4.891447944081829,0.4012073054946179,0.5987926945053821,2.4924770469151256,1.6700270547322313,0.7077343746504698,0.29226562534953016,1.4129594885000067,3.4215450373408327,glm,False
2024/25,2024-10-19,Bournemouth,Arsenal,R Jones,75,2,1,3.0600550402026285,4.133817137643888,0.36581340660867345,0.6341865933913265,2.733634093049366,1.5768229893547234,0.5845996249737752,0.41540037502622484,1.710572428172289,2.407316074129371,glm,False
2024/25,2024-10-19,Fulham,Aston Villa,D England,59,6,2,3.666070038869371,3.879603206240805,0.4942860686845312,0.5057139313154688,2.0231199367227792,1.9774025156846848,0.5367253234875983,0.46327467651240173,1.86315039786474,2.1585466478076105,glm,False
2024/25,2024-10-19,Ipswich,Everton,M Oliver,293,2,0,3.176823024750474,3.948323908703463,0.39118530697045173,0.6088146930295483,2.55633323179885,1.642535916838436,0.5499656324039425,0.4500343675960575,1.8182954371692688,2.2220525186591558,glm,False
2024/25,2024-10-19,Man United,Brentford,S Barrott,20,4,0,3.6034161822826225,4.223813795908612,0.481490752426714,0.518509247573286,2.0768830864559678,1.928605911428147,0.6007957363089542,0.3992042636910458,1.664459215612273,2.504983265343892,glm,False
2024/25,2024-10-19,Newcastle,Brighton,P Bankes,73,4,0,3.2601467097779095,3.5769385641110523,0.4091705134664302,0.5908294865335698,2.443968876271539,1.6925357024190801,0.47604070918448393,0.5239592908155161,2.100660680287454,1.9085452200753052,glm,False
2024/25,2024-10-19,Southampton,Leicester,A Taylor,301,8,1,2.7077204677649487,3.774693294686819,0.28907638914178513,0.7109236108582149,3.459293244144971,1.4066208868668983,0.5161109303886356,0.48388906961136435,1.9375679551041325,2.0665893544633076,glm,False
2024/25,2024-10-19,Tottenham,West Ham,A Madley,94,4,1,2.723575757188169,4.29448908594879,0.29250597476490525,0.7074940252350947,3.4187335858822245,1.4134394981889886,0.6132267094414894,0.3867732905585106,1.6307182720576106,2.5854939428624304,glm,False
2024/25,2024-10-20,Liverpool,Chelsea,J Brooks,46,7,0,3.1215401487246046,4.443199355260069,0.37919282602944704,0.620807173970553,2.637180693714767,1.6108061277775012,0.6385375317741899,0.3614624682258101,1.5660786566789253,2.76653895744243,glm,False
2024/25,2024-10-20,Wolves,Man City,C Kavanagh,144,5,0,2.824021463854255,4.532759645852558,0.31432026496371435,0.6856797350362857,3.1814684303458503,1.4584068172104878,0.653219246209017,0.34678075379098305,1.5308795719102561,2.883666377294788,glm,False
2024/25,2024-10-21,Nott'm Forest,Crystal Palace,T Robinson,27,5,0,3.938458021862592,4.619329102609797,0.5480779854378353,0.45192201456216474,1.824557866890319,2.2127711591320223,0.6670052246205936,0.33299477537940636,1.4992386312548311,3.0030501195120065,glm,False
2024/25,2024-10-25,Leicester,Nott'm Forest,C Pawson,239,7,0,3.1359179388890923,3.964731847790336,0.3823156543889228,0.6176843456110772,2.6156396907114825,1.6189498845250752,0.553095034940767,0.44690496505923305,1.808007551734927,2.2376121953969776,glm,False
2024/25,2024-10-26,Aston Villa,Bournemouth,A Madley,95,13,0,2.9063693893219913,4.12464071014805,0.3322771815927483,0.6677228184072517,3.009535578719451,1.4976274172947146,0.5829254675634833,0.4170745324365167,1.7154851788854042,2.3976529906011725,glm,False
2024/25,2024-10-26,Brentford,Ipswich,L Smith,3,1,1,4.2505476112583125,4.217478479081599,0.6055279830993747,0.3944720169006253,1.651451341491327,2.5350340636504978,0.5996689672002371,0.4003310327997629,1.6675867098290036,2.4979327558155573,glm,False
2024/25,2024-10-26,Brighton,Wolves,M Oliver,294,6,0,2.762660515618343,4.194892608863491,0.300978053371459,0.699021946628541,3.32250138772021,1.4305702486497154,0.5956354022352753,0.40436459776472466,1.6788793887120248,2.4730157029766477,glm,False
2024/25,2024-10-26,Everton,Fulham,J Brooks,47,1,0,3.689947254669982,3.5375138019057166,0.4991235149015154,0.5008764850984846,2.0035120969953,1.996500194660517,0.46788076586837457,0.5321192341316254,2.137296663913991,1.8792780562272238,glm,False
2024/25,2024-10-26,Man City,Southampton,T Harrington,23,4,0,2.8795313795428124,4.274412074233258,0.3264206097097583,0.6735793902902417,3.0635320511445796,1.4846059936143614,0.6097214465636522,0.39027855343634776,1.6400932026188855,2.56227248767615,glm,False
2024/25,2024-10-27,Arsenal,Liverpool,A Taylor,302,4,0,2.6016401153268554,3.9398545082879357,0.26626701187052293,0.7337329881294771,3.755628581156226,1.362893608680896,0.5483454477539497,0.45165455224605033,1.8236679160847418,2.2140815254203936,glm,False
2024/25,2024-10-27,Chelsea,Newcastle,S Hooper,106,9,0,2.880696825757365,4.300470331984192,0.32667486884547436,0.6733251311545256,3.061147628325905,1.4851666063396995,0.6142669615982499,0.3857330384017501,1.627956674404429,2.592466551849977,glm,False
2024/25,2024-10-27,Crystal Palace,Tottenham,D Bond,12,8,0,3.5630715999203453,4.593906317841559,0.47317662589582654,0.5268233741041735,2.1133757359776215,1.898169384948856,0.6629981627981354,0.3370018372018646,1.5082998055071117,2.9673428735671803,glm,False
2024/25,2024-10-27,West Ham,Man United,D Coote,110,6,0,3.217238244535247,4.1874459760971385,0.39992398945788377,0.6000760105421162,2.5004751561804235,1.666455553016671,0.594299874379937,0.40570012562006297,1.6826522150006347,2.464874760567605,glm,False
2024/25,2024-11-02,Bournemouth,Man City,M Oliver,295,3,0,2.4512484970447987,3.801357263199266,0.23448811231992228,0.7655118876800777,4.264608513013473,1.3063154421161902,0.5213949370025092,0.47860506299749084,1.9179319341859808,2.089405393534758,glm,False
2024/25,2024-11-02,Ipswich,Leicester,T Robinson,28,6,1,3.7951550991338876,3.78814023709728,0.5201685173470728,0.4798314826529272,1.9224539099369762,2.0840650023027405,0.5187794412262846,0.4812205587737154,1.927601443951233,2.078049205853299,glm,False
2024/25,2024-11-02,Liverpool,Brighton,T Harrington,24,2,0,2.79141592562136,3.624358973156381,0.3072251108712536,0.6927748891287464,3.2549422707151763,1.4434703331375487,0.4857838073569172,0.5142161926430828,2.0585288864214357,1.9447073318714012,glm,False
2024/25,2024-11-02,Newcastle,Arsenal,J Brooks,48,8,0,3.2674113167644836,4.079921312602495,0.410732495301124,0.589267504698876,2.4346746640215575,1.6970221368493992,0.5747074797253328,0.42529252027466724,1.7400156345240632,2.3513228009610154,glm,False
2024/25,2024-11-02,Nott'm Forest,West Ham,P Bankes,74,3,1,3.5998982336869725,4.217267805723603,0.4807680613751365,0.5192319386248635,2.0800050592789154,1.9259215884300283,0.599631462839138,0.40036853716086196,1.66769101018348,2.497698762973014,glm,False
2024/25,2024-11-02,Southampton,Everton,A Madley,96,6,0,2.698096196082627,3.92779124971051,0.2869968605097619,0.7130031394902381,3.48435867285728,1.4025183685936509,0.546032085156395,0.453967914843605,1.8313942114108168,2.202798848338228,glm,False
2024/25,2024-11-02,Wolves,Crystal Palace,A Taylor,303,3,0,3.1346626613192132,4.717197121828688,0.382043111602806,0.617956888397194,2.6175056417184077,1.6182358652781073,0.6821085799899462,0.31789142001005377,1.4660422538809572,3.145728185958506,glm,False
2024/25,2024-11-03,Man United,Chelsea,R Jones,76,8,0,3.3058187340150615,4.482455264710707,0.4189723096792276,0.5810276903207724,2.386792580076753,1.7210883692099466,0.6450251361083321,0.3549748638916679,1.5503271795473872,2.8171008759233795,glm,False
2024/25,2024-11-03,Tottenham,Aston Villa,C Pawson,240,2,0,3.2752711986029936,4.704518917527714,0.41242126389041733,0.5875787361095827,2.424705240866789,1.7018995728489081,0.6801808905922048,0.31981910940779523,1.4701971399539646,3.1267675088323728,glm,False
2024/25,2024-11-04,Fulham,Brentford,S Attwell,160,3,0,3.2216359383049755,3.5900278772737253,0.4008732198689997,0.5991267801310003,2.4945542641306577,1.6690958127115398,0.4787380483815755,0.5212619516184245,2.088824991831348,1.9184212407891659,glm,False
2024/25,2024-11-09,Brentford,Bournemouth,D Bond,13,6,0,3.575501422193018,4.04049128667146,0.47574419039906335,0.5242558096009367,2.1019699665931406,1.9074657479927588,0.5673806986274595,0.43261930137254045,1.762485051781074,2.3115011207945906,glm,False
2024/25,2024-11-09,Brighton,Man City,S Barrott,21,6,0,3.033800702998086,3.8567380929132487,0.3600905402867596,0.6399094597132404,2.777079340111645,1.562721076897543,0.5322730308813632,0.46772696911863676,1.8787350513403844,2.1379994441722148,glm,False
2024/25,2024-11-09,Crystal Palace,Fulham,M Salisbury,33,2,1,3.6225936457304115,3.84835529797246,0.4854225473638927,0.5145774526361073,2.0600608798057314,1.9433420467164695,0.5306349761237523,0.4693650238762477,1.8845346518710906,2.130537959010041,glm,False
2024/25,2024-11-09,Liverpool,Aston Villa,D Coote,111,3,0,3.0825074867496984,4.177129912409967,0.3707033491249968,0.6292966508750032,2.697574765268203,1.5890756745797927,0.5924451121732247,0.4075548878267753,1.687920078084146,2.4536572370223517,glm,False
2024/25,2024-11-09,West Ham,Everton,S Attwell,161,3,0,2.855383934169662,3.7317934329652735,0.32115418273651974,0.6788458172634803,3.1137691917293715,1.473088549077515,0.5075477202059414,0.4924522797940586,1.9702580864598156,2.030653610575619,glm,False
2024/25,2024-11-09,Wolves,Southampton,T Bramall,19,5,0,3.492256099975751,4.438761608035172,0.45845015351979046,0.5415498464802095,2.181262220815969,1.846552088417117,0.6377990057259382,0.3622009942740618,1.5678920647764374,2.760897998096999,glm,False
2024/25,2024-11-10,Chelsea,Arsenal,M Oliver,296,6,0,2.6110727006706007,4.286268378897588,0.26828413890431824,0.7317158610956818,3.727391429415227,1.3666507085176283,0.6117939598257269,0.38820604017427307,1.634537222768358,2.5759516764630477,glm,False
2024/25,2024-11-10,Man United,Leicester,P Bankes,75,1,0,3.244347445863035,3.826868647787763,0.4057698834325796,0.5942301165674204,2.4644510123338277,1.6828497447697799,0.5264223813669492,0.4735776186330508,1.8996152811803375,2.1115862757332815,glm,False
2024/25,2024-11-10,Nott'm Forest,Newcastle,A Taylor,304,2,0,3.276316487981424,4.277236686321706,0.4126457583048875,0.5873542416951125,2.4233861123592115,1.7025500609546738,0.6102158525861586,0.3897841474138414,1.6387643745436886,2.5655224991443295,glm,False
2024/25,2024-11-10,Tottenham,Ipswich,D England,60,6,0,3.8309747954354925,4.416486460563984,0.5272289616743806,0.4727710383256194,1.8967091580557087,2.1151887889360377,0.6340763068633946,0.36592369313660544,1.5770972502453715,2.7328101971978165,glm,False
2024/25,2024-11-23,Arsenal,Nott'm Forest,S Hooper,107,5,0,3.147298593630558,4.456429186678755,0.3847856735655065,0.6152143264344935,2.598849356146204,1.6254497937256303,0.640733057132665,0.35926694286733496,1.5607123573038124,2.7834456240780994,glm,False
2024/25,2024-11-23,Aston Villa,Crystal Palace,T Robinson,29,5,0,3.818929809445654,4.532636021677346,0.5248608807489775,0.4751391192510225,1.9052667795950005,2.1046467434134515,0.6531992738201824,0.3468007261798176,1.5309263804774031,2.8835003058254722,glm,False
2024/25,2024-11-23,Bournemouth,Brighton,S Attwell,162,4,1,2.8986119293080015,3.679562109790633,0.33058407167521353,0.6694159283247865,3.024949129982471,1.4938395662357487,0.4970222129443702,0.5029777870556298,2.0119825109545477,1.9881593695297703,glm,False
2024/25,2024-11-23,Everton,Brentford,C Kavanagh,145,0,1,2.899215848657078,3.625888634572353,0.3307158733297326,0.6692841266702674,3.023743583674235,1.4941337470157343,0.4860967481221351,0.5139032518778649,2.0572036407631824,1.945891559054897,glm,False
2024/25,2024-11-23,Fulham,Wolves,R Jones,77,3,0,3.5310647590148276,4.1225714352085,0.46654100237574925,0.5334589976242508,2.143434328189243,1.8745583155471752,0.5825473712699523,0.41745262873004774,1.716598596642882,2.3954813820244634,glm,False
2024/25,2024-11-23,Leicester,Chelsea,A Madley,97,7,0,2.6398594517522027,3.8046852171404435,0.2744545134911345,0.7255454865088655,3.64359101724994,1.3782733386044996,0.5220523379966483,0.4779476620033517,1.915516754196435,2.09227930064231,glm,False
2024/25,2024-11-23,Man City,Tottenham,J Brooks,49,6,0,3.2921921252360846,4.282092006929035,0.41605251032612534,0.5839474896738747,2.403542762465593,1.7124827449099644,0.6110647445533418,0.3889352554466582,1.6364878008646215,2.571122020943016,glm,False
2024/25,2024-11-24,Ipswich,Man United,A Taylor,305,0,0,3.7116160513753065,4.07994694732531,0.503494384751395,0.49650561524860504,1.986119468827362,2.014075912312272,0.574712218597869,0.42528778140213097,1.7400012869740435,2.351349001147178,glm,False
2024/25,2024-11-24,Southampton,Liverpool,S Barrott,22,7,0,2.9681609291261593,3.8481136399942044,0.3457670802702264,0.6542329197297736,2.8921203233647135,1.5285076153200043,0.5305877089971472,0.46941229100285276,1.8847025346480022,2.1303234260517536,glm,False
2024/25,2024-11-25,Newcastle,West Ham,C Pawson,241,1,0,2.867351779646038,3.867774445468915,0.3237638771673492,0.6762361228326508,3.088670696524657,1.4787734139536222,0.5344249088491482,0.4655750911508518,1.8711702681550524,2.1478812312061346,glm,False
2024/25,2024-11-29,Brighton,Southampton,R Jones,78,6,0,3.061657352799982,4.031834855112062,0.3661625143705811,0.6338374856294189,2.731027783439166,1.5776914787659981,0.5657621606296696,0.43423783937033045,1.7675271864895346,2.3028854451055136,glm,False
2024/25,2024-11-30,Brentford,Leicester,M Oliver,297,2,0,2.5447856102598845,3.5731522821457045,0.2541634966511426,0.7458365033488574,3.9344753010404596,1.340776424202799,0.47525934907228384,0.5247406509277162,2.1041143155879434,1.9057033188338814,glm,False
2024/25,2024-11-30,Crystal Palace,Newcastle,D England,61,6,0,3.2210697229796503,4.103358004085676,0.40075102290092035,0.5992489770990796,2.495314903406335,1.6687554559390767,0.5790266280203844,0.4209733719796156,1.7270362909195869,2.375447157851167,glm,False
2024/25,2024-11-30,Nott'm Forest,Ipswich,T Harrington,25,4,0,4.032633632862603,4.207692953884439,0.5659116624687581,0.4340883375312419,1.7670602433559253,2.303678568484989,0.5979245593368292,0.4020754406631708,1.6724517907562138,2.4870954524121913,glm,False
2024/25,2024-11-30,West Ham,Arsenal,A Taylor,306,5,0,2.794505301793439,3.956331606606677,0.30789688376707813,0.6921031162329219,3.247840600934737,1.4448714021733402,0.5514944552162736,0.4485055447837264,1.813254857853178,2.229626838799082,glm,False
2024/25,2024-11-30,Wolves,Bournemouth,P Bankes,76,5,0,3.4349456511404894,4.522687749941377,0.44641668901533915,0.5535833109846608,2.2400596227835905,1.8064128382434361,0.6515893930653858,0.34841060693461423,1.53470883756337,2.870176682616522,glm,False
2024/25,2024-12-01,Chelsea,Aston Villa,S Attwell,163,4,0,3.243651727576876,4.46210259675147,0.4056200266572434,0.5943799733427566,2.4653615065338452,1.682425459889002,0.6416717403897286,0.35832825961027137,1.5584292357843834,2.7907371891003803,glm,False
2024/25,2024-12-01,Liverpool,Man City,C Kavanagh,146,4,0,2.375121875970436,3.7502710526544774,0.21873731800577967,0.7812626819942203,4.571693614591988,1.2799792221579551,0.511245242861549,0.48875475713845096,1.9560084205435067,2.0460158911900415,glm,False
2024/25,2024-12-01,Man United,Everton,J Brooks,50,5,0,3.6150879261650397,4.023151370729355,0.48388529580860595,0.516114704191394,2.066605471713974,1.9375537877122053,0.5641349654825769,0.4358650345174231,1.7726254552305083,2.2942881874137266,glm,False
2024/25,2024-12-01,Tottenham,Fulham,D Bond,14,1,1,3.8982933228876053,4.028031373031543,0.5403474234294976,0.4596525765705024,1.8506611795299437,2.1755561721443284,0.5650498703358433,0.4349501296641567,1.7697552950603095,2.299114155390969,glm,False
2024/25,2024-12-03,Ipswich,Crystal Palace,C Pawson,242,6,0,3.5489554923417717,4.180669633896478,0.4702543305068352,0.5297456694931648,2.1265088594127577,1.887698300500978,0.5930821343476718,0.40691786565232824,1.6861071040352535,2.4574983907302874,glm,False
2024/25,2024-12-03,Leicester,West Ham,J Smith,7,4,0,3.0709199613723244,3.68599413884678,0.3681802236443549,0.6318197763556451,2.7160611455490717,1.5827298185695122,0.4983241440602565,0.5016758559397435,2.0067259672633515,1.993318969131555,glm,False
2024/25,2024-12-04,Arsenal,Man United,S Barrott,23,4,0,3.490980345169367,4.247704857899239,0.4581833704089382,0.5418166295910618,2.182532288562719,1.8456428713802193,0.605026510069727,0.39497348993027304,1.6528201382196523,2.5318154901396945,glm,False
2024/25,2024-12-04,Aston Villa,Brentford,L Smith,4,4,0,3.7943195629941133,4.220837011198159,0.5200031738836072,0.4799968261163928,1.9230651854133318,2.083347108960911,0.6002665534946336,0.39973344650536635,1.6659265690853455,2.5016670702499626,glm,False
2024/25,2024-12-04,Everton,Wolves,M Salisbury,34,2,0,3.5037786123170402,4.0406041201796725,0.46085740038785716,0.5391425996121428,2.1698685952713377,1.8547968584181556,0.5674017719896489,0.4325982280103511,1.7624195928987034,2.3116137220425053,glm,False
2024/25,2024-12-04,Man City,Nott'm Forest,M Oliver,298,6,0,2.786245114539342,4.3043776790232116,0.3061009902771821,0.6938990097228179,3.2668956709172194,1.4411319024643887,0.6149455251545394,0.3850544748454606,1.6261603005383187,2.597035134837335,glm,False
2024/25,2024-12-04,Newcastle,Liverpool,A Madley,98,7,0,2.5335300650412047,3.951251888338229,0.2517793406958766,0.7482206593041234,3.971731744297069,1.3365041282474637,0.5505249829433495,0.4494750170566505,1.8164479923391645,2.2248177586118496,glm,False
2024/25,2024-12-04,Southampton,Chelsea,T Harrington,26,1,1,3.132236003008387,4.020208628450507,0.38151618568593715,0.6184838143140629,2.621120774213225,1.6168571866493586,0.563582710496638,0.436417289503362,1.7743624518196879,2.2913849291763597,glm,False
2024/25,2024-12-05,Bournemouth,Tottenham,S Hooper,108,4,0,2.9867406037313264,4.339354339146043,0.34982291746986627,0.6501770825301337,2.858589160574764,1.5380425223672092,0.6209844595465421,0.37901554045345787,1.6103462568616036,2.6384142423384285,glm,False
2024/25,2024-12-05,Fulham,Brighton,P Bankes,77,4,0,3.472206854865231,3.499827918947908,0.4542516722986729,0.5457483277013271,2.201422825676456,1.832346430106282,0.46003250575365406,0.5399674942463459,2.173759435459321,1.8519633323404767,glm,False
2024/25,2024-12-07,Aston Villa,Southampton,D Bond,15,4,0,3.721531878396663,4.165446137414622,0.5054883563247475,0.49451164367525247,1.978284934732615,2.0221970762263863,0.5903379924271008,0.40966200757289917,1.6939448465592144,2.441036712007155,glm,False
2024/25,2024-12-07,Brentford,Newcastle,T Robinson,30,3,0,3.5751616318892028,3.8532851897954137,0.4756740725743145,0.5243259274256855,2.1022798122842192,1.9072106636224533,0.5315986825032788,0.4684013174967212,1.8811182813528364,2.134921407446724,glm,False
2024/25,2024-12-07,Crystal Palace,Man City,R Jones,79,1,1,3.012983463991767,4.036502177130598,0.3555498363531693,0.6444501636468307,2.8125452405122062,1.5517103670843606,0.5666352798963232,0.43336472010367677,1.764803632034647,2.307525171317045,glm,False
2024/25,2024-12-07,Man United,Nott'm Forest,D England,62,2,0,3.7714275228276497,4.5101396115530585,0.5154617101232009,0.48453828987679914,1.9400083078158983,2.0638203850809487,0.6495512848565737,0.35044871514342635,1.539524319809187,2.8534845664671225,glm,False
2024/25,2024-12-08,Fulham,Arsenal,C Kavanagh,147,6,0,2.9859752017017107,3.5736775816578374,0.3496558505621692,0.6503441494378308,2.8599550054495624,1.5376474146256531,0.47536778274730707,0.5246322172526929,2.103634357003898,1.9060971993611722,glm,False
2024/25,2024-12-08,Ipswich,Bournemouth,M Salisbury,35,3,0,3.914830530198472,4.157699921162158,0.5435392243263311,0.45646077567366894,1.8397936252703966,2.190768743544606,0.5889372275982072,0.4110627724017928,1.697973830043282,2.432718473037863,glm,False
2024/25,2024-12-08,Leicester,Brighton,S Attwell,164,3,0,2.7544285942735556,3.438510738126803,0.29919174068290877,0.7008082593170912,3.3423382534473975,1.4269238221799194,0.4471680881493918,0.5528319118506082,2.2362955374085547,1.8088680818958043,glm,False
2024/25,2024-12-08,Tottenham,Chelsea,A Taylor,307,4,0,3.106536647318982,4.725742154166538,0.37593151803505287,0.6240684819649471,2.6600589522976823,1.6023882456800123,0.6834029862368907,0.31659701376310934,1.4632654819178184,3.158589489249701,glm,False
2024/25,2024-12-09,West Ham,Wolves,J Brooks,51,9,0,3.5728078035240345,4.626557977483729,0.47518823572656066,0.5248117642734393,2.104429202610634,1.905445091125999,0.6681383161513199,0.3318616838486801,1.4966960819734219,3.0133035799817516,glm,False
2024/25,2024-12-14,Arsenal,Everton,C Pawson,243,3,0,2.906003039197922,3.847395782501464,0.33219721930748336,0.6678027806925166,3.010259995808078,1.4974480923289841,0.5304472845416642,0.46955271545833577,1.885201468915154,2.129686331435414,glm,False
2024/25,2024-12-14,Liverpool,Fulham,T Harrington,27,7,1,3.0213502236305185,3.618650307831259,0.3573750874430959,0.6426249125569041,2.798180497568197,1.556117698613887,0.48461516485408895,0.515384835145911,2.063492999235974,1.940297680114878,glm,False
2024/25,2024-12-14,Newcastle,Leicester,T Bramall,20,6,0,3.1669577616295435,3.8383442809081507,0.3890483257795915,0.6109516742204085,2.570374767700536,1.6367906696974488,0.5286747414927206,0.47132525850727935,1.8915221808715237,2.1216770838190833,glm,False
2024/25,2024-12-14,Nott'm Forest,Aston Villa,S Barrott,24,1,0,4.070386048281605,4.320362047568584,0.5729425600987044,0.42705743990129563,1.745375661790117,2.341605382711812,0.6177131986405348,0.38228680135946524,1.6188742643038927,2.615837105659574,glm,False
2024/25,2024-12-14,Wolves,Ipswich,S Hooper,109,2,1,3.5993395771288594,4.572190531045512,0.4806532561234794,0.5193467438765206,2.080501873773015,1.925495849912865,0.659548072895088,0.340451927104912,1.5161897079169642,2.9372722560382067,glm,False
2024/25,2024-12-15,Brighton,Crystal Palace,M Oliver,299,5,0,2.688638417525744,4.376398098473665,0.28495505245361774,0.7150449475463823,3.5093253879496324,1.39851348286764,0.6273108680831025,0.37268913191689745,1.594105970227708,2.683201398593455,glm,False
2024/25,2024-12-15,Chelsea,Brentford,P Bankes,78,2,1,3.4233703808059444,4.464010143199293,0.44397451083289785,0.5560254891671021,2.2523815570492913,1.7984787019349582,0.641986967434858,0.35801303256514205,1.5576640192489102,2.7931944064579426,glm,False
2024/25,2024-12-15,Man City,Man United,A Taylor,308,2,0,2.936856980626074,4.0181947265776214,0.3389326752991102,0.6610673247008898,2.9504384583678567,1.5127052308211808,0.5632045305053333,0.43679546949466674,1.7755538988700137,2.2894010351272884,glm,False
2024/25,2024-12-15,Southampton,Tottenham,D England,63,4,0,3.2750165606128623,4.033198935094036,0.41236657244390784,0.5876334275560922,2.4250268252187803,1.701741175887319,0.5660174478343796,0.4339825521656204,1.7667299900843456,2.3042401013817044,glm,False
2024/25,2024-12-16,Bournemouth,West Ham,C Kavanagh,148,2,0,2.802291979870907,3.9027383641734907,0.3095905490501526,0.6904094509498474,3.2300727624537515,1.448415861955867,0.5412065596359009,0.4587934403640991,1.847723354781129,2.1796301167828354,glm,False
2024/25,2024-12-21,Aston Villa,Man City,P Bankes,79,6,0,3.3534608796758927,3.8909070882000947,0.42914723702115376,0.5708527629788462,2.3302025825479276,1.7517651920992041,0.538917853859834,0.46108214614016596,1.8555703672420691,2.168810933954503,glm,False
2024/25,2024-12-21,Brentford,Nott'm Forest,M Oliver,300,7,0,3.060716364557429,4.134982219844792,0.3659574966937116,0.6340425033062884,2.732557767048425,1.5771813321431665,0.5848118854595975,0.4151881145404025,1.709951567099411,2.4085467887416816,glm,False
2024/25,2024-12-21,Crystal Palace,Arsenal,S Hooper,110,4,0,2.9027324648868205,3.8402677700640724,0.3314833777887298,0.6685166222112702,3.0167425186470367,1.495849118444166,0.5290517135446356,0.47094828645536435,1.8901743901366852,2.1233753869805794,glm,False
2024/25,2024-12-21,Ipswich,Newcastle,S Attwell,165,2,0,3.4974036379325053,3.7730530035485845,0.459526077811953,0.540473922188047,2.176155061235109,1.8502280294146554,0.5157849034451699,0.4842150965548301,1.9387926892015057,2.0651978988572592,glm,False
2024/25,2024-12-21,West Ham,Brighton,R Jones,80,4,0,3.06202009605532,3.864633611135025,0.36624154514814333,0.6337584548518567,2.7304384585738455,1.5778882196273873,0.5338130517195548,0.46618694828044516,1.8733150056536312,2.145062198091457,glm,False
2024/25,2024-12-22,Everton,Chelsea,C Kavanagh,149,5,0,2.9085350540675985,3.8641581178526234,0.33274988358220714,0.6672501164177929,3.005260255043624,1.4986883859513016,0.5337203843205719,0.4662796156794281,1.8736402606638378,2.144635893085041,glm,False
2024/25,2024-12-22,Fulham,Southampton,T Robinson,31,4,0,3.746157056216338,3.6334284601192004,0.5104231970145259,0.4895768029854741,1.9591586076985086,2.0425804366177664,0.4876380047627378,0.5123619952372622,2.050701524969437,1.9517450733966415,glm,False
2024/25,2024-12-22,Leicester,Wolves,A Taylor,309,2,0,2.950621274428486,4.126942665985407,0.3419377926129632,0.6580622073870368,2.924508555659691,1.519613174521438,0.5833458304469679,0.41665416955303214,1.7142489888610086,2.4000719855336023,glm,False
2024/25,2024-12-22,Man United,Bournemouth,C Pawson,244,4,0,3.139340233586946,4.187379027393396,0.38305859343922455,0.6169414065607755,2.610566678642228,1.6208994717580025,0.5942878546893696,0.4057121453106304,1.6826862472609228,2.464801735807928,glm,False
2024/25,2024-12-22,Tottenham,Liverpool,S Barrott,25,3,0,3.1491668872696184,4.313145392831838,0.3851909996093561,0.6148090003906439,2.596114657440481,1.6265214064280278,0.616465282513516,0.38353471748648404,1.622151365803921,2.607325893607638,glm,False
2024/25,2024-12-26,Bournemouth,Crystal Palace,T Bramall,21,4,0,3.489691647849163,4.56185789187678,0.4579138292147171,0.5420861707852829,2.18381698957403,1.8447251634391797,0.6578976483382144,0.3421023516617856,1.5199932733091583,2.9231018002139755,glm,False
2024/25,2024-12-26,Chelsea,Fulham,S Barrott,26,4,0,3.6443882052906726,4.063134166867242,0.4898746035105406,0.5101253964894594,2.0413387279801762,1.9603023234712893,0.5715973268190201,0.4284026731809799,1.7494833391980178,2.334252474604768,glm,False
2024/25,2024-12-26,Liverpool,Leicester,D Bond,16,5,0,2.954823506226682,3.9277663879574685,0.34285525256846594,0.6571447474315341,2.9166827473360835,1.5217347531248235,0.5460273105700787,0.4539726894299213,1.8314102255360671,2.2027756807480103,glm,False
2024/25,2024-12-26,Man City,Everton,S Hooper,111,5,0,2.7565212009980202,3.855982405132609,0.29964573994255805,0.700354260057442,3.337274209844263,1.4278488145670472,0.5321254904830145,0.4678745095169855,1.8792559610183157,2.1373252435409635,glm,False
2024/25,2024-12-26,Newcastle,Aston Villa,A Taylor,310,3,1,3.217629947391513,4.355507029288169,0.4000085512270364,0.5999914487729636,2.4999465559735525,1.6666904204136406,0.6237518544969752,0.37624814550302477,1.6032016462803949,2.65782040908946,glm,False
2024/25,2024-12-26,Nott'm Forest,Tottenham,C Pawson,245,5,1,3.4360359856112956,4.340980264344056,0.4466465332807783,0.5533534667192217,2.238906888305262,1.8071631608796122,0.6212636399219081,0.37873636007809186,1.6096226074419846,2.64035911364256,glm,False
2024/25,2024-12-26,Southampton,West Ham,L Smith,5,3,0,3.328065285154122,3.4644770454512943,0.42373015212917153,0.5762698478708285,2.3599925447249177,1.7352981484190912,0.4526297028280699,0.5473702971719301,2.2093114829891025,1.8269168151188482,glm,False
2024/25,2024-12-26,Wolves,Man United,T Harrington,28,4,1,3.456674915811904,4.64896325285337,0.45099073770683384,0.5490092622931662,2.2173404382642756,1.8214628944930418,0.6716325016542115,0.3283674983457885,1.4889094818029633,3.045368390713708,glm,False
2024/25,2024-12-27,Arsenal,Ipswich,D England,64,2,0,3.710736021718867,3.8929311330769796,0.5033172313439763,0.4966827686560237,1.9868185266174236,2.0133575455132156,0.5393098408774502,0.46069015912254985,1.854221681497621,2.1706563081456802,glm,False
2024/25,2024-12-27,Brighton,Brentford,A Madley,99,2,0,2.902901511730644,3.970060847466392,0.33152027343689183,0.6684797265631082,3.0164067784842725,1.495931679396405,0.5541087235103684,0.44589127648963156,1.8046999759629088,2.2426991796581004,glm,False
2024/25,2024-12-29,Crystal Palace,Southampton,M Salisbury,36,5,0,3.338966425742826,3.833124399410788,0.4260573577400435,0.5739426422599565,2.34710182052564,1.7423343839070748,0.5276509234945359,0.4723490765054641,1.895192361982771,2.1170783425643727,glm,False
2024/25,2024-12-29,Everton,Nott'm Forest,T Harrington,29,5,0,3.530041840722537,4.048766558118826,0.46632836905804465,0.5336716309419554,2.1444116771620396,1.8738114263914558,0.5689246087328129,0.4310753912671871,1.757702136012955,2.3197798349388608,glm,False
2024/25,2024-12-29,Fulham,Bournemouth,R Jones,81,4,0,3.4308579782727158,3.7834412354985965,0.4455546976571123,0.5544453023428877,2.2443933489162196,1.8036044236904116,0.5178477947929212,0.4821522052070788,1.9310693413300786,2.074033861507512,glm,False
2024/25,2024-12-29,Leicester,Man City,M Oliver,301,3,0,2.390927017078447,3.543261864234778,0.22198581585645605,0.778014184143544,4.5047923271216375,1.285323610264025,0.46907374095236143,0.5309262590476386,2.131860969172348,1.8835007366065741,glm,False
2024/25,2024-12-29,Tottenham,Wolves,C Kavanagh,150,3,0,3.1209816305810327,4.809819530980559,0.37907146695188376,0.6209285330481162,2.6380249825738846,1.6104912993626421,0.6959312182716437,0.3040687817283563,1.4369236121976479,3.288729590443003,glm,False
2024/25,2024-12-29,West Ham,Liverpool,A Taylor,311,0,0,2.6658064290759014,3.6557917475227653,0.28003349614186546,0.7199665038581345,3.57100137582612,1.3889535063662413,0.4921970169595127,0.5078029830404873,2.0317067465735135,1.969267675452528,glm,False
2024/25,2024-12-30,Aston Villa,Brighton,C Pawson,246,5,0,3.242314319557768,4.088829333676358,0.4053319250464509,0.5946680749535491,2.4671138348784156,1.6816103673937974,0.5763523014849812,0.4236476985150188,1.7350498946971906,2.3604518648519197,glm,False
2024/25,2024-12-30,Ipswich,Chelsea,J Brooks,52,8,0,4.173336001890459,4.396197529310792,0.5917616466977405,0.40823835330225955,1.6898695709334797,2.4495493672041153,0.630662825584827,0.369337174415173,1.5856333359631254,2.707553068773676,glm,False
2024/25,2024-12-30,Man United,Newcastle,S Hooper,112,2,0,3.1077095830434596,4.027963516630722,0.3761865688583026,0.6238134311416974,2.6582554582821056,1.6030433941920896,0.5650371563774089,0.4349628436225911,1.7697951165039199,2.299046952313198,glm,False
2024/25,2025-01-01,Brentford,Arsenal,P Bankes,80,3,0,3.3368646191658713,3.679778740259227,0.4256088785756613,0.5743911214243387,2.3495750449252624,1.7409739856707105,0.4970660878982476,0.5029339121017524,2.011804917588154,1.9883328125976167,glm,False
2024/25,2025-01-04,Aston Villa,Leicester,J Gillett,50,1,0,3.3215620694916455,4.224454134864508,0.42234049425655473,0.5776595057434453,2.3677578011085543,1.7311235945351655,0.6009095104757457,0.3990904895242543,1.664144072554769,2.505697395074673,glm,False
2024/25,2025-01-04,Bournemouth,Everton,J Brooks,53,4,0,3.621207575440443,4.11341997065824,0.4851388196014572,0.5148611803985428,2.0612656823082154,1.9422711170920322,0.5808726887431654,0.41912731125683456,1.7215476289024718,2.3859098969267976,glm,False
2024/25,2025-01-04,Brighton,Arsenal,A Taylor,312,5,0,2.891337184812684,3.7917456063663257,0.32899650980363226,0.6710034901963677,3.0395459228332506,1.4903052139227355,0.5194936312976115,0.4805063687023885,1.9249514137491175,2.0811378685791584,glm,False
2024/25,2025-01-04,Crystal Palace,Chelsea,T Robinson,32,2,0,3.6486953646042277,4.738493170551336,0.49075235991633537,0.5092476400836646,2.0376876031130697,1.9636811666632552,0.6853272646674107,0.3146727353325893,1.4591568897894351,3.177904812576351,glm,False
2024/25,2025-01-04,Man City,West Ham,M Salisbury,37,3,0,3.055867650837627,3.6135869789265374,0.36490097558119783,0.6350990244188022,2.740469516167352,1.5745576068474194,0.4835776405939094,0.5164223594060906,2.0679202594475683,1.9363995028217715,glm,False
2024/25,2025-01-04,Southampton,Brentford,S Attwell,166,2,0,3.049582794141548,3.5365165218168184,0.3635312622477882,0.6364687377522118,2.7507950590460784,1.5711690782043048,0.4676736747168704,0.5323263252831296,2.138243082861998,1.8785469598335716,glm,False
2024/25,2025-01-04,Tottenham,Newcastle,A Madley,100,5,0,2.945929938658934,4.32424091813315,0.34091354317001954,0.6590864568299805,2.9332950246018314,1.51725162857953,0.6183828235499268,0.3816171764500732,1.6171212425651442,2.6204271235962815,glm,False
2024/25,2025-01-05,Fulham,Ipswich,D Bond,17,6,0,4.3824051919725475,3.811321710527778,0.628330013959838,0.371669986040162,1.5915203440590673,2.69055893012556,0.5233619014966941,0.47663809850330585,1.9107237212724713,2.098027839444866,glm,False
2024/25,2025-01-05,Liverpool,Man United,M Oliver,302,6,0,2.6483305383809816,3.9602186642743247,0.2762741968286475,0.7237258031713525,3.6195924609645185,1.3817387684921822,0.55223550057487,0.44776449942512997,1.8108216493851137,2.2333168468779165,glm,False
2024/25,2025-01-06,Wolves,Nott'm Forest,P Bankes,81,3,0,3.8878871007145435,4.973847092718542,0.5383326469786404,0.46166735302135964,1.8575875076728858,2.166061761689555,0.7192910085474741,0.2807089914525259,1.3902578902235767,3.562408153816199,glm,False
2024/25,2025-01-14,Brentford,Man City,A Taylor,313,0,0,2.886502617615551,3.8800903015737007,0.32794158345017754,0.6720584165498225,3.049323570006866,1.4879658901286386,0.5368199190614524,0.46318008093854757,1.8628220833316824,2.158987489215183,glm,False
2024/25,2025-01-14,Chelsea,Bournemouth,R Jones,82,5,0,3.264468380945027,4.83217878542004,0.41009985474671196,0.589900145253288,2.43843051497208,1.695202159291935,0.6991995017028497,0.3008004982971503,1.4302069689188457,3.3244625778915267,glm,False
2024/25,2025-01-14,Nott'm Forest,Liverpool,C Kavanagh,151,3,0,2.97928969949286,3.9910065840678177,0.34819651831875054,0.6518034816812495,2.87194141063917,1.5342047535871073,0.5580802077532049,0.4419197922467951,1.7918571311208757,2.26285406887035,glm,False
2024/25,2025-01-14,West Ham,Fulham,C Pawson,247,6,0,3.206454740238592,3.3839888118386003,0.3975949811990833,0.6024050188009167,2.5151222909910955,1.66001273028982,0.4356378671300307,0.5643621328699693,2.2954845651687035,1.7719119369591068,glm,False
2024/25,2025-01-15,Arsenal,Tottenham,S Hooper,113,4,0,2.988742760074215,4.305283527959528,0.3502599271250777,0.6497400728749223,2.8550225776838594,1.5390769967061955,0.6151027253302979,0.38489727466970214,1.6257447070536388,2.5980958188341177,glm,False
2024/25,2025-01-15,Everton,Aston Villa,S Barrott,27,3,0,3.654807654555622,3.886035472318731,0.49199679174137856,0.5080032082586214,2.032533579051582,1.9684915050593654,0.5379736409370398,0.4620263590629602,1.8588271318613399,2.1643786775025324,glm,False
2024/25,2025-01-15,Leicester,Crystal Palace,A Madley,101,0,0,2.76827561421147,4.165190183979369,0.30219706926221734,0.6978029307377827,3.3090989348156015,1.4330693609192875,0.5902917557528804,0.4097082442471196,1.69407753073658,2.4407612344672276,glm,False
2024/25,2025-01-15,Newcastle,Wolves,D England,65,2,0,3.409647996716161,4.378765200338392,0.44107444577595745,0.5589255542240426,2.2671909687280936,1.7891470383534387,0.627712689244124,0.37228731075587596,1.5930855264439134,2.68609746050609,glm,False
2024/25,2025-01-16,Ipswich,Brighton,T Harrington,30,4,0,3.763715096126154,3.8655559580948458,0.5139267630872425,0.4860732369127575,1.9458025380753392,2.057303147055357,0.5339927766402943,0.4660072233597057,1.872684507628865,2.145889483837703,glm,False
2024/25,2025-01-16,Man United,Southampton,J Brooks,54,4,0,3.7910854116897523,3.935674295239469,0.5193628937118767,0.4806371062881233,1.9254359757067339,2.080571780491161,0.547544565031452,0.452455434968548,1.8263353594653216,2.2101624220063,glm,False
2024/25,2025-01-18,Arsenal,Aston Villa,C Kavanagh,152,5,0,3.1010346240645252,4.1293400750813385,0.37473492619202764,0.6252650738079724,2.6685529693262806,1.5993216987314312,0.5837833455282004,0.41621665447179956,1.712964248911917,2.402594872780984,glm,False
2024/25,2025-01-18,Brentford,Liverpool,A Madley,102,5,0,2.681818978021386,3.8742839380153713,0.283483940655497,0.716516059344503,3.527536684045348,1.395642131056824,0.5356916180455238,0.4643083819544762,1.8667456542413525,2.153741002457385,glm,False
2024/25,2025-01-18,Leicester,Fulham,M Salisbury,38,4,0,3.4025504067175327,3.511006842370316,0.4395724119172766,0.5604275880827234,2.2749380372583317,1.7843518436005195,0.46236535120856015,0.5376346487914399,2.1627918211996984,1.8599991690415059,glm,False
2024/25,2025-01-18,Newcastle,Bournemouth,S Attwell,167,7,0,3.0364763919117035,4.256497412984264,0.3606739914777375,0.6393260085222625,2.7725869445225158,1.5641472217146288,0.6065762138276544,0.39342378617234564,1.6485974510766566,2.541788359389978,glm,False
2024/25,2025-01-18,West Ham,Crystal Palace,T Bramall,22,1,1,3.4470995819278243,4.023253055211201,0.4489768135041089,0.5510231864958911,2.2272865099543684,1.8148056642757207,0.564154040911968,0.43584595908803203,1.7725655184237925,2.2943886002577814,glm,False
2024/25,2025-01-19,Everton,Tottenham,D England,66,3,0,3.3639374930567563,4.017499782118222,0.43137737389748776,0.5686226261025122,2.3181558897376,1.7586356119070758,0.5630739858033253,0.43692601419667465,1.7759655484231291,2.2887170081611745,glm,False
2024/25,2025-01-19,Ipswich,Man City,S Barrott,28,1,0,3.7760178323432236,3.909666749126331,0.5163741161008016,0.48362588389919836,1.9365804148959114,2.067713977460373,0.5425439019930458,0.4574560980069542,1.8431688133006014,2.1860021198904165,glm,False
2024/25,2025-01-19,Man United,Brighton,P Bankes,82,6,0,3.4911535428091707,4.104825696730933,0.4582195921101858,0.5417804078898142,2.1823597620407615,1.8457662651458915,0.5792962143377751,0.4207037856622249,1.7262325823122358,2.3769693406155397,glm,False
2024/25,2025-01-19,Nott'm Forest,Southampton,A Taylor,314,4,0,3.3517866532470935,3.924890736220051,0.42879059404966446,0.5712094059503355,2.3321407089544866,1.7506714518054456,0.5454748647062252,0.4545251352937748,1.8332650406147808,2.2000983495745876,glm,False
2024/25,2025-01-20,Chelsea,Wolves,S Hooper,114,6,0,3.1959267333617576,5.072860225038433,0.3953192674364717,0.6046807325635283,2.5296009640124644,1.6537652783486683,0.7327059168993669,0.2672940831006331,1.3648040461195625,3.7411976666296494,glm,False
2024/25,2025-01-25,Bournemouth,Nott'm Forest,C Pawson,248,5,0,3.4350293565283003,4.770608552992341,0.4464343354563374,0.5535656645436626,2.2399710787876956,1.806470422663154,0.690135385689006,0.309864614310994,1.448991054127208,3.227215867237926,glm,False
2024/25,2025-01-25,Brighton,Everton,T Robinson,33,7,0,3.516174279729029,4.024800210000795,0.46344235409841605,0.536557645901584,2.1577656663370934,1.863732643898287,0.5644442175600577,0.4355557824399423,1.7716542554421661,2.295917171385246,glm,False
2024/25,2025-01-25,Liverpool,Ipswich,M Salisbury,39,2,0,3.62266306564132,4.181324372133813,0.48543675573627176,0.5145632442637282,2.060000583357722,1.943395707229084,0.5931998946204788,0.40680010537952116,1.6857723830847715,2.4582097860251473,glm,False
2024/25,2025-01-25,Man City,Chelsea,J Brooks,55,5,0,3.463767280950945,4.578990645195011,0.4524806804763717,0.5475193195236283,2.2100391091774347,1.82641956976067,0.6606311442690048,0.3393688557309952,1.5137039915163406,2.9466463498720756,glm,False
2024/25,2025-01-25,Southampton,Newcastle,S Barrott,29,1,0,3.279827621027966,3.723678945682846,0.4133996700352325,0.5866003299647675,2.4189666138697543,1.7047382159844031,0.5059195941471535,0.4940804058528465,1.976598676091475,2.0239620680238697,glm,False
2024/25,2025-01-25,Wolves,Arsenal,M Oliver,303,1,2,2.8622310799320316,4.024443507480412,0.3226471528000683,0.6773528471999317,3.099360993337699,1.4763354197651046,0.5643773263298271,0.43562267367017293,1.7718642357641263,2.2955646260900076,glm,False
2024/25,2025-01-26,Aston Villa,West Ham,P Bankes,83,5,0,3.57916327211654,3.8541431634507606,0.4764995812324958,0.5235004187675042,2.098637731041521,1.9102181472067126,0.5317662926025806,0.46823370739741943,1.880525362195827,2.1356856292091697,glm,False
2024/25,2025-01-26,Crystal Palace,Brentford,T Harrington,31,4,0,3.2958551888773466,4.253340142414135,0.4168378017322931,0.5831621982677069,2.399014666722172,1.7147887894148777,0.6060201943322315,0.39397980566776847,1.6501100282671133,2.5382011606028114,glm,False
2024/25,2025-01-26,Fulham,Man United,A Taylor,315,1,0,3.4336947370437745,3.6082253951566616,0.44615295227151597,0.553847047728484,2.2413838010230815,1.8055526414762735,0.48247799106996303,0.517522008930037,2.072633401955515,1.932284970966691,glm,False
2024/25,2025-01-26,Tottenham,Leicester,R Jones,83,6,0,3.14326300362934,4.472858381702257,0.3839099950158341,0.6160900049841659,2.604777195130738,1.6231394632440126,0.6434466439127919,0.35655335608720806,1.5541304154125524,2.804629329461181,glm,False
2024/25,2025-02-01,Bournemouth,Liverpool,D England,67,5,0,2.9845450673550267,4.171137583657323,0.3493436859846296,0.6506563140153704,2.86251058805167,1.5369096994214015,0.5913652755967571,0.4086347244032429,1.6910022303742511,2.447173331782726,glm,False
2024/25,2025-02-01,Everton,Leicester,D Bond,18,0,0,3.3907034841458614,3.735472383472598,0.4370622539404354,0.5629377460595646,2.288003576113631,1.7763953598773066,0.5082850093985835,0.49171499060141655,1.9674001426546635,2.0336984210648126,glm,False
2024/25,2025-02-01,Ipswich,Southampton,M Oliver,304,3,0,3.2295905041439394,3.7367521118134457,0.40258931890004557,0.5974106810999544,2.483920842043698,1.6738903933870029,0.5085413486318981,0.49145865136810185,1.9664084399238075,2.034759174991105,glm,False
2024/25,2025-02-01,Newcastle,Fulham,C Kavanagh,153,8,0,3.1429656198553997,3.785706434617346,0.38384545755857946,0.6161545424414205,2.6052151466385087,1.6229694518483124,0.5182970193590427,0.4817029806409573,1.9293956219093449,2.0759680553966953,glm,False
2024/25,2025-02-01,Nott'm Forest,Brighton,S Hooper,115,4,0,3.3201550107027624,3.9868583109036444,0.4220396936316866,0.5779603063683134,2.369445374663499,1.730222627715779,0.5572952919466883,0.44270470805331175,1.7943808506023797,2.2588420267705334,glm,False
2024/25,2025-02-01,Wolves,Aston Villa,A Madley,103,5,0,3.287229479765217,4.862380058850931,0.4149881513713216,0.5850118486286784,2.409707353560617,1.7093670877676956,0.7035718489412486,0.2964281510587514,1.4213189477447448,3.3734987599129953,glm,False
2024/25,2025-02-02,Arsenal,Man City,P Bankes,84,2,0,3.1036673112653745,3.8116585909583405,0.37530752863138384,0.6246924713686162,2.6644815883301156,1.6007876608615694,0.523428327344847,0.476571672655153,1.9104812402351625,2.0983202682371753,glm,False
2024/25,2025-02-02,Brentford,Tottenham,J Gillett,51,1,0,3.4024873744063475,4.504200766282544,0.43955906648707677,0.5604409335129232,2.275007106535022,1.7843093539436141,0.6485837624574685,0.3514162375425315,1.541820899448706,2.845628326661972,glm,False
2024/25,2025-02-02,Man United,Crystal Palace,J Brooks,56,4,0,3.8831404446859494,4.503932711360375,0.5374120274124238,0.4625879725875762,1.8607696683211266,2.1617509733474143,0.64854004832142,0.35145995167858,1.5419248242082262,2.8452743910763636,glm,False
2024/25,2025-02-03,Chelsea,West Ham,S Attwell,168,4,0,3.072092629946089,3.9820222257318068,0.36843561975365846,0.6315643802463415,2.7141783974866893,1.5833698531414173,0.556379212927474,0.44362078707252595,1.7973353007535051,2.2541775073234196,glm,False
2024/25,2025-02-12,Everton,Liverpool,M Oliver,305,4,2,2.571448704254561,3.491197808344437,0.25982755217754916,0.7401724478224508,3.8487065425481335,1.3510365090485987,0.4582288494359399,0.5417711505640601,2.1823156731204447,1.8457978040337863,glm,False
2024/25,2025-02-14,Brighton,Chelsea,K Kavanagh,0,3,0,3.47529788863903,4.535510061710061,0.4548997662500496,0.5451002337499504,2.198286467024297,1.8345249884055677,0.65366338570166,0.34633661429833995,1.5298393972710782,2.8873643695626816,glm,False
2024/25,2025-02-15,Aston Villa,Ipswich,R Jones,84,3,1,4.0340581242808335,4.657945261427209,0.5661781991814006,0.43382180081859945,1.7662283737625954,2.3050939305333467,0.6730257474841503,0.32697425251584966,1.4858272565917694,3.058344784965985,glm,False
2024/25,2025-02-15,Crystal Palace,Everton,A Taylor,316,1,0,3.120532471679127,4.086562319506787,0.3789738676425416,0.6210261323574584,2.638704368247436,1.6102381975520585,0.5759340757543656,0.4240659242456344,1.7363098349237065,2.3581239208948173,glm,False
2024/25,2025-02-15,Fulham,Nott'm Forest,T Bramall,23,0,0,4.055512452312557,4.054317998245999,0.5701807465215651,0.42981925347843486,1.7538298269462496,2.326559343042953,0.569958489721019,0.43004151027898097,1.7545137374644177,2.3253569157806875,glm,False
2024/25,2025-02-15,Leicester,Arsenal,S Barrott,30,3,0,3.021730146951671,3.4714167066697605,0.35745796134744723,0.6425420386525528,2.7975317607432033,1.5563184038464735,0.45408595606862256,0.5459140439313774,2.202226223109348,1.8317902078476336,glm,False
2024/25,2025-02-15,Man City,Newcastle,A Madley,104,1,0,2.7405480933228086,4.2005387082984145,0.29618197878511243,0.7038180212148876,3.376302650491526,1.4208218173695826,0.5966461462607722,0.40335385373922783,1.6760352954042825,2.4792127079725628,glm,False
2024/25,2025-02-15,Southampton,Bournemouth,J Gillett,52,4,0,3.2451781911149014,3.867660130824477,0.40594881279635353,0.5940511872036465,2.4633647604769706,1.6833566223598682,0.5344026471617697,0.46559735283823034,1.8712482157620915,2.1477785341864806,glm,False
2024/25,2025-02-15,West Ham,Brentford,D England,68,2,0,3.253858492761292,3.5690777673631864,0.40781762072892946,0.5921823792710705,2.4520764900070016,1.6886689557209058,0.47441795347633064,0.5255820465236694,2.1078460304304047,1.9026525099444496,glm,False
2024/25,2025-02-16,Liverpool,Wolves,S Hooper,116,4,0,2.948295133490612,4.305789203261858,0.3414299313956737,0.6585700686043263,2.9288586267532817,1.5184413134949308,0.6151904612891717,0.38480953871082835,1.625512849962652,2.598688180522123,glm,False
2024/25,2025-02-16,Tottenham,Man United,P Bankes,85,3,0,3.7061282750392324,4.384139228203161,0.502389174548176,0.497610825451824,1.9904887498807087,2.0096025826849995,0.6286238539125468,0.3713761460874532,1.5907764138697773,2.692687752122119,glm,False
2024/25,2025-02-19,Aston Villa,Liverpool,C Pawson,249,1,0,3.138559537642421,4.162592032585058,0.38288912684913934,0.6171108731508607,2.611722114516995,1.620454351896563,0.5898222275557337,0.41017777244426634,1.6954261017664136,2.437967308762146,glm,False
2024/25,2025-02-21,Leicester,Brentford,T Harrington,32,4,0,3.0933744898905164,3.6442785618431732,0.3730684612905075,0.6269315387094925,2.6804731671522948,1.5950704953501789,0.4898522502257835,0.5101477497742165,2.041431879794527,1.9602164283633212,glm,False
2024/25,2025-02-22,Arsenal,West Ham,C Pawson,250,4,1,3.0284717209560377,3.442668268795695,0.3589283944441495,0.6410716055558505,2.7860710255276375,1.5598881487395395,0.4480438906370078,0.5519561093629922,2.231924195145808,1.811738257873604,glm,False
2024/25,2025-02-22,Aston Villa,Chelsea,M Oliver,306,4,0,3.1362381402591346,4.454148310981057,0.38238517255238635,0.6176148274476136,2.6151641637281346,1.6191321120521842,0.6403551995666625,0.35964480043333746,1.5616332945788747,2.780521222036565,glm,False
2024/25,2025-02-22,Bournemouth,Wolves,M Salisbury,40,6,1,3.579156383651309,4.806879083002345,0.4764981606718277,0.5235018393281723,2.098643987607576,1.9102129636895526,0.6954994284179388,0.30450057158206123,1.4378157035652963,3.2840660850139174,glm,False
2024/25,2025-02-22,Everton,Man United,A Madley,105,5,0,3.1445619486584135,3.584105881742915,0.38419187515595654,0.6158081248440435,2.602866079856754,1.6238824394420828,0.4775184346731016,0.5224815653268984,2.094159989204558,1.9139431251977954,glm,False
2024/25,2025-02-22,Fulham,Crystal Palace,R Jones,85,4,0,3.601500841612719,3.890873330548285,0.48109733938937094,0.5189026606106291,2.0785814389853874,1.9271437128944955,0.5389113146246371,0.46108868537536285,1.8555928830266268,2.1687801755228944,glm,False
2024/25,2025-02-22,Ipswich,Tottenham,T Robinson,34,3,0,4.2675571314733896,4.363539870673518,0.6085198865126429,0.3914801134873571,1.643331667812673,2.554408169272933,0.6251230323097032,0.37487696769029677,1.5996850992759013,2.667541850226836,glm,False
2024/25,2025-02-22,Southampton,Brighton,D Bond,19,2,0,3.474991745027534,3.670065209235252,0.45483559041775146,0.5451644095822485,2.1985966381424396,1.8343090312265344,0.4950970004526962,0.5049029995473038,2.019806217944446,1.9805784495172347,glm,False
2024/25,2025-02-23,Man City,Liverpool,A Taylor,317,0,0,2.6326759863264733,3.9037213241029165,0.27291278912066774,0.7270872108793323,3.6641741972665574,1.3753508314231104,0.5413964258555398,0.4586035741444602,1.847075363343512,2.1805325042778665,glm,False
2024/25,2025-02-23,Newcastle,Nott'm Forest,J Gillett,53,5,0,3.603782327665404,4.8395702652458334,0.4815659441538167,0.5184340558461833,2.0765588018420806,1.9288856291815344,0.7002740739162638,0.29972592608373616,1.4280123129613054,3.3363813837066076,glm,False
2024/25,2025-02-25,Brighton,Bournemouth,M Oliver,307,3,0,2.8632275865603387,4.410255283628002,0.3228644588373233,0.6771355411626767,3.0972749481349835,1.4768092046725954,0.6330302541344499,0.3669697458655501,1.5797033292939724,2.7250202810080664,glm,False
2024/25,2025-02-25,Chelsea,Southampton,T Bramall,24,3,0,3.449455289421506,4.372245058246408,0.4494725261248198,0.5505274738751802,2.224830088329575,1.8164397735883526,0.626605171008237,0.373394828991763,1.5959012888306576,2.6781302855751643,glm,False
2024/25,2025-02-25,Crystal Palace,Aston Villa,S Barrott,31,4,0,3.6096644079060125,4.680180782891998,0.48277323123312743,0.5172267687668726,2.0713658821673726,1.9333879458406875,0.6764562668052125,0.32354373319478746,1.4782921662073283,3.090772274046663,glm,False
2024/25,2025-02-25,Wolves,Fulham,P Bankes,86,4,0,3.8543236484606913,3.950950570767144,0.5318015472885834,0.4681984527114166,1.8804006966481193,2.1358464433379276,0.5504674385805991,0.4495325614194009,1.816637878851722,2.224532961177486,glm,False
2024/25,2025-02-26,Brentford,Everton,S Hooper,117,3,0,3.1471182794983985,3.745476947912199,0.38474655197770735,0.6152534480222926,2.599113610920524,1.6253464376582685,0.5102872335503984,0.4897127664496016,1.959680615645336,2.042013336205141,glm,False
2024/25,2025-02-26,Liverpool,Newcastle,C Kavanagh,154,1,0,2.7624414397938297,3.931195993900911,0.30093050175934555,0.6990694982406545,3.3230263936478632,1.4304729394097384,0.5466856843926284,0.45331431560737157,1.8292046573544485,2.20597489549862,glm,False
2024/25,2025-02-26,Man United,Ipswich,D England,69,8,1,3.983303600833768,4.225658298708817,0.5566220450391756,0.44337795496082444,1.796551194679361,2.255412089868918,0.6011234074887049,0.39887659251129515,1.6635519221879411,2.5070410717863387,glm,False
2024/25,2025-02-26,Nott'm Forest,Arsenal,A Madley,106,2,0,3.2378005732266657,3.7964470469269704,0.40435933497912946,0.5956406650208705,2.473047889574786,1.678864554966141,0.5204241217677896,0.4795758782322104,1.9215097036685675,2.0851757675681104,glm,False
2024/25,2025-02-26,Tottenham,Man City,J Gillett,54,3,0,3.1771392645115433,4.458176582349375,0.39125378582982506,0.6087462141701749,2.55588581176042,1.6427206883958545,0.6410223505388456,0.3589776494611544,1.5600080077697704,2.7856887510992845,glm,False
2024/25,2025-02-27,West Ham,Leicester,S Attwell,169,0,0,2.9139334980323186,3.5056884978989222,0.33392826338645065,0.6660717366135493,2.994655168923852,1.501339788239947,0.4612560020090948,0.5387439979909052,2.1679934692324774,1.856169170754978,glm,False
2024/25,2025-03-08,Brentford,Aston Villa,J Gillett,55,4,0,3.5975736345677274,4.070115153150247,0.4802902776698086,0.5197097223301914,2.082074209062968,1.924151034766792,0.5728923545384478,0.4271076454615522,1.7455286182090048,2.341330132171607,glm,False
2024/25,2025-03-08,Brighton,Fulham,S Barrott,32,2,0,3.5346893237938337,3.6999388620581444,0.46729416070358276,0.5327058392964172,2.1399796618351643,1.8772086322927708,0.5011412351811566,0.4988587648188434,1.995445454889602,2.0045753839027807,glm,False
2024/25,2025-03-08,Crystal Palace,Ipswich,S Hooper,118,7,0,3.6434903640416096,4.613790702975528,0.489691545179481,0.510308454820519,2.0421018288838977,1.9595991219696933,0.666135218818102,0.333864781181898,1.5011967116440132,2.995224583018161,glm,False
2024/25,2025-03-08,Liverpool,Southampton,L Smith,6,3,0,3.10547134302621,3.6978786350044146,0.3756998584655147,0.6243001415344853,2.6616991661491123,1.6017936461492241,0.5007255088678675,0.4992744911321325,1.9971021693322242,2.0029062524953853,glm,False
2024/25,2025-03-08,Nott'm Forest,Man City,C Kavanagh,155,5,0,3.1647780555980485,4.046447739537396,0.3885759727507597,0.6114240272492403,2.573499315773237,1.6355261740349647,0.5684923206813077,0.43150767931869227,1.7590387127860467,2.3174558598329016,glm,False
2024/25,2025-03-08,Wolves,Everton,S Attwell,170,4,0,3.3328436787184113,4.501898163429127,0.42475060429804623,0.5752493957019538,2.3543227246318477,1.7383764458887263,0.6482081318654711,0.3517918681345289,1.5427143703398334,2.8425898679886186,glm,False
2024/25,2025-03-09,Chelsea,Leicester,T Robinson,35,1,0,3.5011401565870117,4.4376628375703,0.46030655242382523,0.5396934475761748,2.172465272836817,1.8529037261636487,0.637615988779427,0.36238401122057295,1.5683421018257022,2.759503645405945,glm,False
2024/25,2025-03-09,Man United,Arsenal,A Taylor,318,1,0,3.2324886758616493,3.5473823625220384,0.40321427962884293,0.5967857203711571,2.4800708965974514,1.6756433102623052,0.4699282463785168,0.5300717536214832,2.1279844480651247,1.8865370455375858,glm,False
2024/25,2025-03-09,Tottenham,Bournemouth,J Brooks,57,6,0,3.8710121502121035,4.5920197936338925,0.5350551814089183,0.4649448185910817,1.8689661080690396,2.150792868345735,0.6626994395951523,0.3373005604048477,1.5089796976603858,2.96471490826977,glm,False
2024/25,2025-03-10,West Ham,Newcastle,M Salisbury,41,1,0,3.3557598485408393,3.7142285307921115,0.429636849124559,0.570363150875441,2.327547094802576,1.753268945346691,0.5040201064639412,0.49597989353605876,1.9840478329638667,2.016210763848833,glm,False
2024/25,2025-03-15,Bournemouth,Brentford,C Pawson,251,3,0,3.2787253329740618,4.051355514051582,0.41316301403844335,0.5868369859615566,2.420352175828966,1.7040507396810696,0.5694069516642517,0.4305930483357483,1.7562131917729829,2.3223784124361093,glm,False
2024/25,2025-03-15,Everton,West Ham,D Bond,20,3,0,3.4622070429774503,3.4422363393640802,0.45215303934772844,0.5478469606522716,2.2116405574594618,1.8253272753569554,0.4479529260913201,0.5520470739086799,2.2323774257390143,1.8114397254561316,glm,False
2024/25,2025-03-15,Ipswich,Nott'm Forest,M Salisbury,42,2,0,4.323628791275363,4.524829064323779,0.6182772015290255,0.38172279847097446,1.6173974999028882,2.6197020560616013,0.6519363561415809,0.34806364385841915,1.5338920595231083,2.873037783879454,glm,False
2024/25,2025-03-15,Man City,Brighton,S Hooper,119,7,0,2.903538451910778,4.153252749558469,0.3316592908794018,0.6683407091205982,3.0151424292938644,1.4962428389493119,0.5881316818857669,0.4118683181142331,1.7002994921029104,2.4279604815892797,glm,False
2024/25,2025-03-15,Southampton,Wolves,R Jones,86,0,0,3.519264535951647,4.185216656857537,0.4640860170880041,0.5359139829119959,2.1547729584155326,1.865971092163522,0.5938995103848972,0.4061004896151028,1.6837865371397853,2.462444704136624,glm,False
2024/25,2025-03-16,Arsenal,Chelsea,C Kavanagh,156,6,0,3.08259599625123,4.0637603894242975,0.37072261698752806,0.6292773830124719,2.697434562061376,1.5891243305341876,0.571713592384553,0.428286407615447,1.7491275584845074,2.334886146790555,glm,False
2024/25,2025-03-16,Fulham,Tottenham,A Madley,107,0,0,3.3198656639738098,3.618239415327944,0.42197783150247525,0.5780221684975247,2.3697927363611617,1.7300374527145532,0.48453100373351676,0.5154689962664832,2.063851419815401,1.939980885839791,glm,False
2024/25,2025-03-16,Leicester,Man United,T Bramall,25,2,0,3.3943470234394173,3.7043967850816792,0.4378346584106234,0.5621653415893766,2.2839672026652345,1.778836093261743,0.5020402148530813,0.49795978514691874,1.9918723050754876,2.0081942956597563,glm,False
2024/25,2025-04-01,Arsenal,Fulham,J Brooks,58,3,0,3.977830908646208,3.3920043926295977,0.5555843841172624,0.4444156158827376,1.7999066003067117,2.2501459540608435,0.43733807798685476,0.5626619220131452,2.2865605588316904,1.7772661715264204,glm,False
2024/25,2025-04-01,Nott'm Forest,Man United,J Gillett,56,4,0,3.8665696988013467,4.024552884317813,0.5341902669441798,0.4658097330558202,1.871992175597791,2.1467992809848937,0.5643978380469052,0.43560216195309476,1.7717998415098346,2.2956727200717593,glm,False
2024/25,2025-04-01,Wolves,West Ham,T Harrington,33,6,0,3.3788547516826983,4.058584224826811,0.4345479758942249,0.5654520241057751,2.301241877705614,1.76849663166638,0.5707520071830314,0.42924799281696857,1.7520744341058714,2.3296556227029352,glm,False
2024/25,2025-04-02,Bournemouth,Ipswich,R Jones,87,3,0,3.911538846138991,4.733306299909017,0.5429048893126049,0.45709511068739506,1.8419432568863814,2.1877284981153404,0.6845455526241792,0.31545444737582085,1.4608231638735192,3.1700298040453263,glm,False
2024/25,2025-04-02,Brighton,Aston Villa,S Attwell,171,4,0,3.4125618143786918,4.402025099591058,0.44169068455114857,0.5583093154488514,2.264027825300894,1.7911218249977656,0.6316454908773599,0.3683545091226401,1.5831665300277742,2.714776051966448,glm,False
2024/25,2025-04-02,Liverpool,Everton,S Barrott,33,4,0,3.053077172411516,3.768633700485787,0.364292857922908,0.635707142077092,2.745044208941425,1.5730513845300331,0.5149059604084247,0.48509403959157527,1.942102202908658,2.0614559619036954,glm,False
2024/25,2025-04-02,Man City,Leicester,D England,70,5,0,2.9858272754284236,4.095576129677374,0.34962356200440636,0.6503764379955936,2.860219129016816,1.5375710766551096,0.5775954853132947,0.42240451468670526,1.7313154715147885,2.3673989392412,glm,False
2024/25,2025-04-02,Newcastle,Brentford,P Bankes,87,2,0,3.5051072917729003,3.911340541237842,0.4611347139848936,0.5388652860151064,2.168563696622413,1.8557513834208395,0.5428666586480813,0.45713334135191874,1.842072973297592,2.18754553549434,glm,False
2024/25,2025-04-02,Southampton,Crystal Palace,A Madley,108,3,0,3.029186050262245,3.980295686522064,0.35908418511744045,0.6409158148825596,2.7848622730988404,1.5602673187011908,0.5560518966970718,0.4439481033029282,1.7983932901586415,2.252515536298281,glm,False
2024/25,2025-04-03,Chelsea,Tottenham,C Pawson,252,10,0,3.402253729160766,4.589156881237994,0.43950959732373374,0.5604904026762663,2.2752631707912867,1.7841518699073784,0.6622457466409067,0.33775425335909326,1.5100134732042843,2.960732515000547,glm,False
2024/25,2025-04-05,Aston Villa,Nott'm Forest,S Hooper,120,4,0,3.738731919404338,4.664176603162159,0.5089377887183438,0.49106221128165617,1.964876694494029,2.0364018591250037,0.6739897901706868,0.32601020982931317,1.483702000510648,3.0673885965827967,glm,False
2024/25,2025-04-05,Crystal Palace,Brighton,A Taylor,319,1,3,3.17643189852341,4.004603102532367,0.3911006100386869,0.6088993899613131,2.556886832523943,1.6423074427181406,0.5606471977712136,0.43935280222878637,1.7836528996762693,2.276075160843665,glm,False
2024/25,2025-04-05,Everton,Arsenal,D England,71,4,0,3.3618888516078336,3.5200267311439,0.430941500124146,0.569058499875854,2.3205005777162775,1.757288574405198,0.4642447255845146,0.5357552744154854,2.1540363194023033,1.866523854741347,glm,False
2024/25,2025-04-05,Ipswich,Wolves,P Bankes,88,4,0,4.174889889879996,4.532726383464549,0.592041663875653,0.40795833612434695,1.689070315514198,2.451230705321822,0.6532138725071378,0.3467861274928622,1.5308921657800107,2.8836216927984895,glm,False
2024/25,2025-04-05,West Ham,Bournemouth,T Robinson,36,4,0,3.571502390162673,3.772468787387763,0.4749187120725702,0.5250812879274298,2.1056234984634474,1.9044670282331744,0.5156687567214777,0.4843312432785223,1.9392293734408241,2.064702646954647,glm,False
2024/25,2025-04-06,Brentford,Chelsea,M Oliver,308,4,0,3.00015944298294,3.85592099914254,0.35275159917402343,0.6472484008259766,2.8348560356395964,1.5450018860206756,0.5321135004849484,0.46788649951505157,1.8792983058851866,2.137270472724616,glm,False
2024/25,2025-04-06,Fulham,Liverpool,C Kavanagh,157,3,0,3.0394309216544837,3.0965509946864906,0.36131819413977073,0.6386818058602293,2.7676436343893727,1.5657248896469151,0.3737595833254802,0.6262404166745198,2.675516681345324,1.5968308230730768,glm,False
2024/25,2025-04-06,Man United,Man City,J Brooks,59,5,0,3.72898486373527,4.0508844162909154,0.5069844954480633,0.49301550455193666,1.9724469071114668,2.0283337760519764,0.569319206453546,0.43068079354645405,1.7564838647009458,2.3219052601939123,glm,False
2024/25,2025-04-06,Tottenham,Southampton,M Salisbury,43,2,0,3.477009983958689,4.128450836667346,0.45525861412704294,0.5447413858729571,2.196553714678188,1.8357334800209526,0.5836210971795099,0.41637890282049006,1.7134404579148044,2.4016586652833407,glm,False
2024/25,2025-04-07,Leicester,Newcastle,R Jones,88,2,0,3.148709883776407,3.7016083775829323,0.3850918570745754,0.6149081429254246,2.5967830314478553,1.626259160014537,0.5014779991413204,0.4985220008586796,1.9941054277800774,2.0059295242287187,glm,False
2024/25,2025-04-12,Arsenal,Brentford,S Hooper,121,4,0,3.130816164234539,3.5177558796957267,0.38120784728409474,0.6187921527159053,2.623240856987792,1.6160515216797064,0.46377182083494706,0.5362281791650529,2.156232774556375,1.864877749537658,glm,False
2024/25,2025-04-12,Brighton,Leicester,D Bond,21,7,0,3.2786718485424173,4.0494986201919305,0.41315153053980236,0.5868484694601976,2.4204194492356157,1.7040173946774244,0.5690610304000496,0.43093896959995037,1.75728076002147,2.320514203967956,glm,False
2024/25,2025-04-12,Man City,Crystal Palace,J Gillett,57,5,0,3.180581995044501,4.370794488779506,0.3919991798934608,0.6080008201065392,2.5510257451859575,1.6447346235894407,0.6263584732495058,0.3736415267504942,1.596529851048501,2.6763620433115505,glm,False
2024/25,2025-04-12,Nott'm Forest,Everton,C Pawson,253,3,0,3.620090642112082,3.998108573241973,0.4849101330918515,0.5150898669081485,2.062237787492431,1.9414087992111895,0.5594221331720884,0.44057786682791156,1.78755887674609,2.2697463383710947,glm,False
2024/25,2025-04-12,Southampton,Aston Villa,T Bramall,26,4,0,3.628381889478655,4.0462999315296395,0.48660663889932443,0.5133933611006756,2.0550479998833167,1.9478241749290983,0.5684647566597016,0.43153524334029836,1.7591240059911524,2.3173078339083046,glm,False
2024/25,2025-04-13,Chelsea,Ipswich,S Attwell,172,4,0,3.7424135483572867,4.753934312509016,0.5096745828433307,0.49032541715666933,1.962036235790457,2.0394618859427367,0.6876458911092311,0.31235410889076887,1.4542368578497797,3.201494622725462,glm,False
2024/25,2025-04-13,Liverpool,West Ham,A Madley,109,2,0,2.661442992510636,3.244410752648978,0.27909421301564585,0.7209057869843541,3.5830194728686138,1.387143809988174,0.40578351917265687,0.5942164808273431,2.46436819819316,1.682888361843606,glm,False
2024/25,2025-04-13,Newcastle,Man United,C Kavanagh,158,2,0,3.247233275458633,3.931124315980386,0.40639138890859094,0.593608611091409,2.4606820599363846,1.6846116806853586,0.5466719300351555,0.45332806996484454,1.8292506804505069,2.205907964352505,glm,False
2024/25,2025-04-13,Wolves,Tottenham,A Taylor,320,3,0,3.4025979510140094,4.669006185266902,0.4395824780972015,0.5604175219027985,2.274885942516748,1.7843838940022378,0.6747355410638313,0.32526445893616873,1.4820621401139416,3.074421359378352,glm,False
2024/25,2025-04-14,Bournemouth,Fulham,O Oliver,0,5,0,3.696898369247174,3.650630687011918,0.5005276460161492,0.4994723539838508,1.9978916408699943,2.00211281370006,0.49114653357136007,0.5088534664286399,2.036052240313139,1.9652022949130032,glm,False
2024/25,2025-04-16,Newcastle,Crystal Palace,D England,72,5,0,3.4488585705615664,4.317466638415767,0.4493469736890654,0.5506530263109346,2.225451730074341,1.8160256136235866,0.617212843886044,0.382787156113956,1.6201866340043791,2.6124178516122925,glm,False
2024/25,2025-04-19,Aston Villa,Newcastle,J Gillett,58,4,0,3.5974584892890187,4.513162468008957,0.48026660642625685,0.5197333935737432,2.0821768297428904,1.9240633993592207,0.6500430317562544,0.34995696824374556,1.5383596948931963,2.8574941799801468,glm,False
2024/25,2025-04-19,Brentford,Brighton,T Robinson,37,6,1,3.6093165079896434,3.5569165917972225,0.48270185993880577,0.5172981400611942,2.0716721500239803,1.9331211975393998,0.47190325668066313,0.5280967433193369,2.119078403980373,1.8935924386023075,glm,False
2024/25,2025-04-19,Crystal Palace,Bournemouth,S Barrott,34,7,1,3.420799490145806,4.126887722553049,0.44343158338616195,0.556568416613838,2.255139321298977,1.7967243022591894,0.5833358002142228,0.4166641997857772,1.7142784647072278,2.40001420931805,glm,False
2024/25,2025-04-19,Everton,Man City,S Hooper,122,4,0,3.016475234778474,3.8133360572438253,0.35631162536404326,0.6436883746359567,2.8065320601827146,1.553546777298189,0.5237590169659658,0.47624098303403417,1.909275005503114,2.0997772884416706,glm,False
2024/25,2025-04-19,West Ham,Southampton,A Kitchen,0,3,0,3.3266912906976267,3.5924987463529283,0.4234366285545974,0.5765633714454026,2.361628476529071,1.734414722692273,0.47924654992086424,0.5207534500791358,2.0866086572039495,1.9202945268015719,glm,False
2024/25,2025-04-20,Fulham,Chelsea,A Taylor,321,4,0,3.4457547572355414,3.678586005060601,0.44869374856508437,0.5513062514349156,2.2286916258539025,1.8138738630248505,0.49682449651065186,0.5031755034893481,2.01278320015076,1.9873781475158185,glm,False
2024/25,2025-04-20,Ipswich,Arsenal,C Kavanagh,159,0,1,3.4756271107054175,3.691998886707358,0.45496877674674674,0.5450312232532533,2.1979530269098855,1.8347572713927651,0.49953814210025205,0.500461857899748,2.0018491396785283,1.9981542733278967,glm,False
2024/25,2025-04-20,Leicester,Liverpool,S Attwell,173,3,0,2.7223083288831997,3.4672758914355786,0.2922316593535348,0.7077683406464652,3.421942722469451,1.412891680188202,0.4532172016264062,0.5467827983735938,2.206447584980049,1.8288797726894508,glm,False
2024/25,2025-04-20,Man United,Wolves,R Jones,89,5,0,3.6730723248318773,4.168922282947552,0.49570697705579314,0.5042930229442069,2.0173208090380528,1.982974093438204,0.5909656155700778,0.40903438442992224,1.6921458265136886,2.4447822434138784,glm,False
2024/25,2025-04-21,Tottenham,Nott'm Forest,P Bankes,89,5,0,3.9177336344808484,4.662416692907538,0.5440982695459459,0.45590173045405413,1.8379032905848196,2.1934551531621795,0.673717727039252,0.32628227296074797,1.4843011544235916,3.0648309236226905,glm,False
2024/25,2025-04-22,Man City,Aston Villa,C Pawson,254,6,0,3.285706563152569,4.749917395459791,0.41466141952338664,0.5853385804766134,2.4116060788809426,1.7084129311718144,0.68704393993793,0.31295606006207,1.4555109824421761,3.195336750474381,glm,False
2024/25,2025-04-23,Arsenal,Crystal Palace,M Salisbury,44,2,0,3.3476196216006078,4.093078487353487,0.42790263476076085,0.5720973652392392,2.336980235139466,1.7479542133214,0.5771355221189476,0.4228644778810524,1.7326952884974218,2.3648238438256572,glm,False
2024/25,2025-04-26,Brighton,West Ham,D England,73,2,0,3.328295386378394,3.8340745033009034,0.42377930384365703,0.576220696156343,2.3597188228166175,1.7354461696194876,0.5278373628799542,0.4721626371200458,1.8945229540854416,2.117914297707875,glm,False
2024/25,2025-04-26,Chelsea,Everton,C Kavanagh,160,0,0,3.190872619876126,4.154189535911758,0.3942261375859284,0.6057738624140716,2.53661516743555,1.65078102910366,0.5883014502482924,0.4116985497517076,1.699808830282418,2.428961677429014,glm,False
2024/25,2025-04-26,Newcastle,Ipswich,M Salisbury,45,3,1,3.783239193517575,4.310830347632857,0.5178077162718534,0.4821922837281466,1.931218806857238,2.0738614734112715,0.616064389291785,0.383935610708215,1.6232069526848965,2.6046034077312616,glm,False
2024/25,2025-04-26,Southampton,Fulham,T Harrington,34,2,0,3.531168556863407,3.3648390320808326,0.4665625768393279,0.5334374231606721,2.1433352129833896,1.8746341306069159,0.43156915383438266,0.5684308461656173,2.3171257517254262,1.7592289488608104,glm,False
2024/25,2025-04-26,Wolves,Leicester,S Barrott,35,5,0,3.357976224317054,4.185367363952009,0.4301087467822535,0.5698912532177465,2.324993405693884,1.7547207372525084,0.5939265837925737,0.4060734162074263,1.683709783816051,2.4626088783147284,glm,False
2024/25,2025-04-27,Bournemouth,Man United,P Bankes,90,6,1,3.7540163121888668,3.9932582773966496,0.5119930084927721,0.4880069915072279,1.953151670847703,2.049150969971685,0.5585059235956943,0.4414940764043057,1.7904913050195432,2.2650360524525657,glm,False
2024/25,2025-04-27,Liverpool,Tottenham,T Bramall,27,3,0,3.1847003749109204,3.8801163244695736,0.3928906220031061,0.6071093779968939,2.5452376412081787,1.6471496508576684,0.5368249724998679,0.46317502750013206,1.8628045475292154,2.1590110446956574,glm,False
2024/25,2025-05-01,Nott'm Forest,Brentford,D England,74,8,0,3.7901379582213552,3.626506108391928,0.519175238600805,0.48082476139919506,1.9261319216514143,2.0797597800288203,0.4862230477252173,0.5137769522747827,2.056669268720345,1.9463699093009748,glm,False
2024/25,2025-05-02,Man City,Wolves,P Bankes,91,0,0,3.4564151165582415,4.336820308167198,0.4509361314001088,0.5490638685998912,2.217608948067892,1.8212817436885669,0.6205490780946203,0.37945092190537966,1.611476086743169,2.6353869295628205,glm,False
2024/25,2025-05-03,Arsenal,Bournemouth,J Gillett,59,2,0,3.347075410333853,3.7987534196736976,0.42778663646264015,0.5722133635373599,2.3376139289178868,1.747599870471585,0.5208802492653037,0.47911975073469626,1.9198270646861535,2.0871608788128033,glm,False
2024/25,2025-05-03,Aston Villa,Fulham,R Jones,90,5,0,3.8508910630255744,4.044994205017004,0.5311308057910696,0.46886919420893036,1.8827753711453312,2.132791005148432,0.5682212122335595,0.4317787877664405,1.7598779814453034,2.3160007585664997,glm,False
2024/25,2025-05-03,Everton,Ipswich,L Smith,7,8,0,3.906913401023937,4.002695692566026,0.5420126997671814,0.45798730023281864,1.8449752200078422,2.1834666583367013,0.5602876091108417,0.43971239088915826,1.7847976356053412,2.2742138286752938,glm,False
2024/25,2025-05-03,Leicester,Southampton,D Webb,0,4,0,3.2175189805348645,3.653550672401074,0.3999845957029441,0.6000154042970559,2.5000962805644353,1.66662387805117,0.4917409910185154,0.5082590089814846,2.0335908908646325,1.9675007866637326,glm,False
2024/25,2025-05-04,Brentford,Man United,A Taylor,322,2,0,3.3765304958215148,3.620315334819607,0.4340543418351537,0.5659456581648463,2.3038589955627784,1.7669540981065786,0.4849561414481952,0.5150438585518048,2.062042140581539,1.941582223331019,glm,False
2024/25,2025-05-04,Brighton,Newcastle,C Pawson,255,3,0,3.217154929531549,3.929657195467925,0.39990600286613986,0.6000939971338601,2.500587620173156,1.6664056044155608,0.5463903510721982,0.45360964892780176,1.830193373725707,2.204538643222653,glm,False
2024/25,2025-05-04,Chelsea,Liverpool,S Hooper,123,4,0,2.9831038425490592,4.084996180378164,0.34902909515130776,0.6509709048486922,2.865090658320303,1.536166966221684,0.5756450031128038,0.42435499688719625,1.7371817606206847,2.356517555667723,glm,False
2024/25,2025-05-04,West Ham,Tottenham,M Oliver,309,4,0,2.9458979428000394,3.8230555304032987,0.34090655757972366,0.6590934424202763,2.933355131387117,1.5172355475543358,0.5256727119086608,0.47432728809133917,1.9023243500106901,2.1082489350843217,glm,False
2024/25,2025-05-05,Crystal Palace,Nott'm Forest,A Madley,110,11,0,3.3521226666431554,4.286388461862599,0.4288621770343777,0.5711378229656223,2.331751442654827,1.7508908704514068,0.6118149136173068,0.3881850863826932,1.6344812421906814,2.5760907234188477,glm,False
2024/25,2025-05-10,Bournemouth,Aston Villa,S Attwell,174,7,1,3.4723275889604617,4.360712497039522,0.4542769919529651,0.5457230080470349,2.201300126825569,1.832431444623665,0.624640793798167,0.37535920620183305,1.6009200966837889,2.664114755886109,glm,False
2024/25,2025-05-10,Fulham,Everton,M Salisbury,46,1,0,3.618677975340833,3.312316733745885,0.4846208316356232,0.5153791683643768,2.063468870343321,1.940319014394064,0.42036319691969337,0.5796368030803066,2.378895220437295,1.7252182654479473,glm,False
2024/25,2025-05-10,Ipswich,Brentford,S Barrott,36,6,0,3.9076353220015414,3.5923940223564443,0.5421520127516251,0.45784798724837494,1.844501129719365,2.184131038797199,0.47922500223833575,0.5207749977616642,2.086702478646271,1.9202150723404274,glm,False
2024/25,2025-05-10,Southampton,Man City,T Robinson,38,2,0,3.3740409568379155,3.654632090550707,0.4335254489935082,0.5664745510064918,2.3066696599280254,1.7653043693193906,0.4919610673597681,0.5080389326402319,2.0326811740749116,1.968353084286457,glm,False
2024/25,2025-05-10,Wolves,Brighton,M Oliver,310,2,0,3.0309378594540135,4.081806746115125,0.359466231176512,0.640533768823488,2.7819024800384122,1.561197939394777,0.5750559383594991,0.4249440616405009,1.7389612614953034,2.353250910577476,glm,False
2024/25,2025-05-11,Liverpool,Arsenal,A Taylor,323,2,1,2.7863914613260294,3.4491964753572386,0.3061328012579485,0.6938671987420515,3.2665562000897665,1.4411979724837156,0.44941807172037196,0.550581928279628,2.2250996631532884,1.8162601215856158,glm,False
2024/25,2025-05-11,Man United,West Ham,J Gillett,60,1,0,3.448287238937955,3.669676678080225,0.44922675305506565,0.5507732469449343,2.2260472983838993,1.8156292186428198,0.4950181638777972,0.5049818361222028,2.02012789220976,1.9802692462744453,glm,False
2024/25,2025-05-11,Newcastle,Chelsea,J Brooks,60,6,1,3.844934797908752,4.307163865068096,0.5299657059876665,0.47003429401233354,1.8869145469259332,2.127504339021187,0.6154289017703782,0.38457109822962177,1.6248830646778896,2.6002994104432533,glm,False
2024/25,2025-05-11,Nott'm Forest,Leicester,T Harrington,35,6,0,3.5042013791427546,3.9154789905077707,0.4609456437003834,0.5390543562996166,2.169453196199429,1.85510048905751,0.5436641302123699,0.4563358697876301,1.8393709358926678,2.1913683893956897,glm,False
2024/25,2025-05-11,Tottenham,Crystal Palace,C Kavanagh,161,2,0,3.1942763219961954,4.2424157624761385,0.39496235306888283,0.6050376469311172,2.531886880432871,1.6527897149412405,0.6040923936487583,0.39590760635124167,1.655375916852608,2.5258418478396676,glm,False
2024/25,2025-05-16,Aston Villa,Tottenham,P Bankes,92,3,0,3.8434868309871515,4.688947387730026,0.5296822369215307,0.4703177630784693,1.8879243635050273,2.12622205347825,0.6778015252470817,0.3221984747529183,1.4753581435737637,3.103677013886741,glm,False
2024/25,2025-05-16,Chelsea,Man United,C Kavanagh,162,7,0,3.294988768753418,4.404937738893437,0.4166520839921177,0.5833479160078823,2.400083999145239,1.7142428601501816,0.6321359617524136,0.3678640382475864,1.581938159676583,2.718395646292999,glm,False
2024/25,2025-05-18,Arsenal,Newcastle,S Hooper,124,6,0,3.0873380991248,3.777967260597638,0.37175483079908234,0.6282451692009177,2.6899448699846418,1.5917352795118624,0.5167613349120562,0.4832386650879438,1.9351292994282991,2.069370835253863,glm,False
2024/25,2025-05-18,Brentford,Fulham,J Gillett,61,8,0,3.590904048646158,3.278329513465663,0.47891838793180264,0.5210816120681974,2.0880384324320382,1.9190851813614245,0.4130780272812702,0.5869219727187298,2.4208501395768676,1.7038039918114112,glm,False
2024/25,2025-05-18,Everton,Southampton,M Oliver,311,2,0,2.9323215014336137,3.515101813145442,0.33794247907980624,0.6620575209201938,2.9590834591819593,1.5104427763468347,0.46321890015294964,0.5367810998470504,2.158806559209504,1.8629567998667214,glm,False
2024/25,2025-05-18,Leicester,Ipswich,A Kitchen,1,1,0,3.702700312328694,4.081644786658626,0.5016981980625224,0.49830180193747764,1.993230200670122,2.006815941888709,0.57502601242781,0.42497398757218996,1.7390517618114574,2.353085198726736,glm,False
2024/25,2025-05-18,West Ham,Nott'm Forest,S Barrott,37,9,0,3.7442575002585623,4.085556576275288,0.5100434012953841,0.48995659870461594,1.960617464043741,2.04099710595566,0.5757484528321628,0.4242515471678372,1.7368696261030359,2.357092170142145,glm,False
2024/25,2025-05-19,Brighton,Liverpool,J Brooks,61,1,0,3.408010300669782,3.873683476110928,0.4407279893202575,0.5592720106797425,2.2689732084915177,1.7880387019271606,0.5355748501358794,0.46442514986412065,1.867152648684479,2.153199498977554,glm,False
2024/25,2025-05-20,Crystal Palace,Wolves,D Webb,1,3,0,3.6382237840110574,3.984624799863776,0.48861715336792344,0.5113828466320766,2.0465920877055472,1.955482094454114,0.5568723436352595,0.4431276563647405,1.7957436949948091,2.2566860488998572,glm,False
2024/25,2025-05-20,Man City,Bournemouth,T Bramall,28,4,2,3.198192016961111,3.778372822472937,0.3958090808014326,0.6041909191985674,2.5264705852003297,1.6551059743275451,0.5168418725984628,0.4831581274015372,1.9348277549038781,2.0697157789274487,glm,False
2024/25,2025-05-25,Bournemouth,Leicester,L Smith,8,2,0,3.406751230332079,3.829208502205463,0.44046158149833026,0.5595384185016697,2.270345569296356,1.7871873796937785,0.5268820935593388,0.4731179064406612,1.8979578395699976,2.1136380305771003,glm,False
2024/25,2025-05-25,Fulham,Man City,A Madley,111,0,0,3.0464519280355953,3.330022405459491,0.36284882024453013,0.6371511797554699,2.7559687236300854,1.5694862252060597,0.4241481710722157,0.5758518289277843,2.3576666556691093,1.7365578257552199,glm,False
2024/25,2025-05-25,Ipswich,West Ham,T Robinson,39,2,0,4.011444452539314,3.553923028655899,0.5619355269233325,0.4380644730766675,1.7795635835219843,2.2827690019614666,0.4712834725185938,0.5287165274814062,2.121865200695207,1.8913726884302247,glm,False
2024/25,2025-05-25,Liverpool,Crystal Palace,D England,75,1,1,3.1767891081271205,4.050305519038865,0.3911779625429225,0.6088220374570775,2.5563812273557556,1.6425161023684214,0.5692113682056569,0.4307886317943431,1.756816634130713,2.321324023418975,glm,False
2024/25,2025-05-25,Man United,Aston Villa,T Bramall,29,4,1,3.807889415700998,4.586272537910115,0.522684848629837,0.477315151370163,1.9131987518318048,2.095051869041738,0.6617882152399175,0.3382117847600825,1.5110574304159692,2.9567272491979266,glm,False
2024/25,2025-05-25,Newcastle,Everton,T Harrington,36,5,0,3.34161998212149,3.7252846580436985,0.4266234163673013,0.5733765836326987,2.343987605075691,1.7440544810260221,0.5062419806182231,0.4937580193817769,1.9753399328495025,2.0252835614742564,glm,False
2024/25,2025-05-25,Nott'm Forest,Chelsea,A Taylor,324,4,0,3.5874144943555573,4.254008698472698,0.47819998349351645,0.5218000165064836,2.091175312668237,1.9164430210162222,0.6061379747522655,0.3938620252477345,1.649789390623001,2.538960183762352,glm,False
2024/25,2025-05-25,Southampton,Arsenal,D Bond,22,0,0,3.439663026448311,3.5596840466507405,0.44741087298407634,0.5525891270159237,2.235082025008343,1.8096628238057668,0.47247595696389544,0.5275240430361046,2.1165098144378502,1.8956481949990638,glm,False
2024/25,2025-05-25,Tottenham,Brighton,R Jones,91,4,0,3.4078863915344804,4.064600231962825,0.4407017732039784,0.5592982267960216,2.2691081833636075,1.7879548907719034,0.5718694892098316,0.4281305107901684,1.7486507303995682,2.3357363579492967,glm,False
2024/25,2025-05-25,Wolves,Brentford,C Pawson,256,3,0,3.4554001801298027,3.9497368715321,0.4507227862261167,0.5492772137738833,2.2186586313351464,1.820574338282422,0.5502356090041141,0.44976439099588594,1.8174032789515866,2.2233863329770522,glm,False
2025/26,2025-08-15,Liverpool,Bournemouth,A Taylor,325,3,0,2.9496841815634443,3.556545969785321,0.3417331993078463,0.6582668006921537,2.92625943872419,1.5191408695509496,0.4718265399719117,0.5281734600280883,2.1194229558590134,1.8933173960441327,glm,True
2025/26,2025-08-16,Aston Villa,Newcastle,C Pawson,257,2,1,3.523879168594043,4.231090684775472,0.465046612615174,0.534953387384826,2.1503220814286412,1.869321745747983,0.6020874516419126,0.3979125483580874,1.6608882933417175,2.5131150151617865,glm,True
2025/26,2025-08-16,Brighton,Fulham,S Barrott,38,6,0,3.7305653470367575,3.7656393752659705,0.5073014813424184,0.49269851865758163,1.9712144292459102,2.0296387387658976,0.5143099681078049,0.48569003189219506,1.944352748361255,2.058926340538861,glm,True
2025/26,2025-08-16,Sunderland,West Ham,R Jones,92,1,0,3.6359431084414497,2.942118046554864,0.4881515722938018,0.5118484277061982,2.048544052211173,1.9537033736362313,0.3400813018605915,0.6599186981394085,2.9404733354317933,1.5153381815357336,glm,True
2025/26,2025-08-16,Tottenham,Burnley,M Oliver,312,0,0,3.051305896993138,3.840553222571662,0.3639068214688834,0.6360931785311166,2.7479561827491246,1.5720967206553398,0.5291076438358441,0.4708923561641559,1.8899745857957224,2.1236275911248685,glm,True
2025/26,2025-08-16,Wolves,Man City,J Gillett,62,3,0,3.3096343216472253,3.9450945358937006,0.4197891457509082,0.5802108542490918,2.3821483002168273,1.7235113625962735,0.5493482468433144,0.4506517531566856,1.8203389302618833,2.2190083429062204,glm,True
2025/26,2025-08-17,Chelsea,Crystal Palace,D England,76,5,0,3.6085655724455736,4.591834379624563,0.4825477914739579,0.5174522085260421,2.072333596109657,1.9325456216497574,0.6626700698138601,0.3373299301861399,1.5090465761957437,2.9644567840398754,glm,True
2025/26,2025-08-17,Man United,Arsenal,S Hooper,125,5,0,3.3574365843942284,3.929282581750045,0.429993861125715,0.570006138874285,2.3256145968735944,1.7543670704580785,0.5463184371128113,0.45368156288718875,1.830434288992349,2.204189197454024,glm,True
2025/26,2025-08-17,Nott'm Forest,Brentford,P Bankes,93,3,0,4.002507669475803,4.014621074438507,0.5602521533237765,0.43974784667622346,1.7849105872549638,2.2740304644090226,0.5625329787286186,0.4374670212713814,1.7776735548200233,2.2858865957341568,glm,True
2025/26,2025-08-18,Leeds,Everton,C Kavanagh,163,2,0,3.5344959867799375,3.7357119084029002,0.4672539976178528,0.5327460023821472,2.140163605016083,1.8770671117728708,0.5083329930744105,0.4916670069255895,1.9672144315323217,2.0338968975222356,glm,True
2025/26,2025-08-22,West Ham,Chelsea,M Oliver,313,1,0,2.9788499593455566,3.9122809062518518,0.3481005266747552,0.6518994733252448,2.872733372605154,1.533978843239656,0.5430479332948908,0.45695206670510924,1.841458071541856,2.1884133432431607,glm,True
2025/26,2025-08-23,Arsenal,Leeds,J Gillett,63,2,0,3.7156515572019844,3.9683715805658895,0.5043063550453692,0.49569364495463075,1.9829216705191754,2.0173750665928485,0.5537875321120015,0.4462124678879985,1.805746684448204,2.241084846268807,glm,True
2025/26,2025-08-23,Bournemouth,Wolves,T Bramall,30,6,1,3.6351807962848195,3.9709993527215386,0.48799590967067785,0.5120040903293221,2.0491975038783545,1.9531093967565725,0.554287110284893,0.44571288971510703,1.8041191675664605,2.2435967706457514,glm,True
2025/26,2025-08-23,Brentford,Aston Villa,T Harrington,37,3,0,3.7051301735766926,4.411131525198547,0.5021880343462555,0.4978119656537445,1.9912859956963975,2.0087906056793234,0.6331774757420359,0.36682252425796413,1.579336028698867,2.7261139484901435,glm,True
2025/26,2025-08-23,Burnley,Sunderland,M Salisbury,47,1,0,3.6662245426896547,3.840132342067497,0.4943174408626356,0.5056825591373644,2.022991538099274,1.9775251922982744,0.5290251771501351,0.4709748228498649,1.8902692030406036,2.123255748468693,glm,True
2025/26,2025-08-23,Man City,Tottenham,P Bankes,94,5,0,3.385723790877085,4.29554097462923,0.43600602327390514,0.5639939767260949,2.293546296656975,1.773068580988858,0.6134097867207247,0.38659021327927534,1.6302315705557588,2.5867183535698905,glm,True
2025/26,2025-08-24,Crystal Palace,Nott'm Forest,A Taylor,326,6,0,3.6497100589037608,4.380495109259011,0.49095904362878984,0.5090409563712102,2.036829778322796,1.9644784716905286,0.6280061598383471,0.37199384016165293,1.5923410691662747,2.6882165563963154,glm,True
2025/26,2025-08-24,Everton,Brighton,S Attwell,175,7,0,3.2893326775906875,3.590420052993214,0.41543929738146856,0.5845607026185314,2.4070905335702286,1.710686324825658,0.4788187720023692,0.5211812279976308,2.08847283872791,1.9187183771794365,glm,True
2025/26,2025-08-24,Fulham,Man United,C Kavanagh,164,2,0,3.532119491692603,3.6278708097059282,0.4667602128738292,0.5332397871261708,2.14242768003517,1.8753289310787835,0.48650213752125493,0.5134978624787451,2.055489427230545,1.9474277754007057,glm,True
2025/26,2025-08-25,Newcastle,Liverpool,S Hooper,126,5,1,2.9526066203063763,3.8510112460267685,0.34237124776252803,0.657628752237472,2.920806015502825,1.5206147793837588,0.5311542987513413,0.46884570124865865,1.8826920959706808,2.132897875221504,glm,True
2025/26,2025-08-30,Chelsea,Fulham,R Jones,93,4,0,3.711686845884461,3.8962910013505816,0.5035086346311861,0.4964913653688139,1.9860632593371268,2.014133718634078,0.5399601254503873,0.4600398745496127,1.8519886059473147,2.1737246167607056,glm,True
2025/26,2025-08-30,Leeds,Newcastle,P Bankes,95,2,0,3.917496180700942,3.620091007573618,0.5440525578749599,0.4559474421250401,1.8380577124863569,2.1932352451398502,0.48491020792569794,0.515089792074302,2.06223746923725,1.941409081265096,glm,True
2025/26,2025-08-30,Man United,Burnley,S Barrott,39,6,0,3.768095215175394,3.919799939299468,0.5147988072890536,0.4852011927109464,1.942506442985039,2.061000704496907,0.5444959410510867,0.4555040589489133,1.8365609816477515,2.195370118781212,glm,True
2025/26,2025-08-30,Sunderland,Brentford,A Taylor,327,5,0,3.5364902116387205,3.5949303764889198,0.46766821080537446,0.5323317891946255,2.1382680646133583,1.8785276782228584,0.47974676545100414,0.5202532345489959,2.0844330217837155,1.9221408606270243,glm,True
2025/26,2025-08-30,Tottenham,Bournemouth,S Hooper,127,6,0,3.4296581964506583,3.920764375097326,0.44530160208508685,0.5546983979149132,2.2456689922461206,1.8027814822594692,0.5446814855708237,0.45531851442917626,1.8359353612910203,2.196264742833223,glm,True
2025/26,2025-08-30,Wolves,Everton,M Oliver,314,1,0,3.139835160191903,3.922744484963312,0.3831660237004493,0.6168339762995507,2.6098347404147133,1.6211817740635834,0.5450622997001937,0.4549377002998063,1.8346526636497156,2.19810316740291,glm,True
2025/26,2025-08-31,Aston Villa,Crystal Palace,S Attwell,176,5,0,3.5711866241636674,4.730591687251183,0.4748535082441423,0.5251464917558577,2.105912629134157,1.9042305636593746,0.6841358611921236,0.31586413880787645,1.4616979707180902,3.1659181183852194,glm,True
2025/26,2025-08-31,Brighton,Man City,D England,77,4,0,3.2177831316459202,4.024335564391513,0.4000416202892194,0.5999583797107806,2.4997399002559453,1.6667822866013902,0.5643570829282343,0.4356429170717657,1.7719277922612051,2.2954579560747566,glm,True
2025/26,2025-08-31,Liverpool,Arsenal,C Kavanagh,165,4,0,2.7481507566011203,3.8214410973790085,0.2978301288839382,0.7021698711160618,3.3576186658727574,1.424156804692507,0.5253551217311558,0.47464487826884416,1.9034743521768462,2.1068382822274736,glm,True
2025/26,2025-08-31,Nott'm Forest,West Ham,C Pawson,258,0,0,3.630503681375111,3.714587674510992,0.48704038287572005,0.51295961712428,2.05321783400284,1.9494711993239027,0.5040923575232287,0.4959076424767713,1.9837634613492823,2.016504514843892,glm,True
2025/26,2025-09-13,Arsenal,Nott'm Forest,D England,78,2,0,3.795825321795923,4.307116961394661,0.5203011258192307,0.4796988741807693,1.92196393660588,2.084641123471057,0.6154207677553296,0.3845792322446704,1.6249045407540845,2.6002444129999125,glm,True
2025/26,2025-09-13,Bournemouth,Brighton,P Bankes,96,8,0,3.5663361305912247,3.8885845492963758,0.47385147795973936,0.5261485220402606,2.1103658984154623,1.9006040273994735,0.5384678332860857,0.4615321667139143,1.8571211466752633,2.1666962177738327,glm,True
2025/26,2025-09-13,Brentford,Chelsea,S Attwell,177,5,0,3.4161209134066928,4.007138292719105,0.4424430741194163,0.5575569258805837,2.260177768609613,1.7935388362733347,0.5611248705824812,0.43887512941751883,1.7821345166218354,2.2785524468593468,glm,True
2025/26,2025-09-13,Crystal Palace,Sunderland,T Bramall,31,2,0,3.807675076250745,3.8651931834741218,0.5226425515080219,0.47735744849197814,1.913353585762623,2.0948662331741215,0.5339220922682834,0.46607790773171665,1.8729324268109202,2.1455640428587297,glm,True
2025/26,2025-09-13,Everton,Aston Villa,S Hooper,128,6,0,3.5837439057733156,4.065784556388069,0.47744384710652055,0.5225561528934795,2.094487144530934,1.9136699366428571,0.572089272885172,0.427910727114828,1.7479789385960345,2.3369360397727403,glm,True
2025/26,2025-09-13,Fulham,Leeds,C Pawson,259,3,0,3.912035539442366,3.2583780054280065,0.543000637664653,0.456999362335347,1.8416184634714576,2.1881868606770576,0.4087900603343375,0.5912099396656625,2.446243431609196,1.691446528394827,glm,True
2025/26,2025-09-13,Newcastle,Wolves,C Kavanagh,166,5,0,3.2410429508372838,4.09209399446952,0.40505801819072274,0.5949419818092773,2.468782137597748,1.680836166509718,0.5769541350902321,0.4230458649097679,1.7332400258187006,2.3638098914246366,glm,True
2025/26,2025-09-13,West Ham,Tottenham,J Gillett,64,1,1,3.404927706652448,4.098135795919113,0.44007566353771965,0.5599243364622803,2.272336515864364,1.7859555923541566,0.5780665539193675,0.42193344608063255,1.729904616034033,2.370042027454959,glm,True
2025/26,2025-09-14,Burnley,Liverpool,M Oliver,315,2,0,2.7024516477030693,3.5272159772297824,0.2879377308566008,0.7120622691433992,3.4729731217407616,1.404371560373485,0.4657407801942208,0.5342592198057792,2.1471171143376906,1.8717505714988558,glm,True
2025/26,2025-09-14,Man City,Man United,A Taylor,328,0,0,3.1738200846975557,3.9571424581849715,0.3905349725895382,0.6094650274104618,2.560590139646788,1.640783236158555,0.5516490971592956,0.44835090284070445,1.8127465541944638,2.230395865524313,glm,True
2025/26,2025-09-20,Brighton,Tottenham,C Kavanagh,167,3,0,3.2109493314683313,4.306314158499719,0.39856595948964846,0.6014340405103515,2.508995001179904,1.6626927188082707,0.6152815283724266,0.38471847162757344,1.6252722597495328,2.5993033185265135,glm,True
2025/26,2025-09-20,Burnley,Nott'm Forest,T Bramall,32,2,0,3.823373971874979,3.873605487640511,0.5257353422929877,0.4742646577070123,1.9020977278006712,2.108527345965072,0.5355596830553278,0.46444031694467225,1.8672055265532221,2.1531291826224632,glm,True
2025/26,2025-09-20,Fulham,Brentford,M Oliver,316,5,0,3.2230949302766705,3.3261363790570186,0.4011880640113441,0.5988119359886559,2.492596589243801,1.6699733921451831,0.42331807139699584,0.5766819286030042,2.362289889254883,1.7340581530315542,glm,True
2025/26,2025-09-20,Liverpool,Everton,D England,79,5,0,3.2209976579225796,3.6116164767330283,0.4007354698750254,0.5992645301249746,2.495411749580997,1.6687121458556096,0.4831736152037527,0.5168263847962473,2.069649435593256,1.9348857361340757,glm,True
2025/26,2025-09-20,Man United,Chelsea,P Bankes,97,5,2,3.836768516445505,4.394788059736242,0.5283657982134822,0.4716342017865178,1.892628181803618,2.1202872824152044,0.6304248881303101,0.36957511186968994,1.586231791967734,2.7058099094957297,glm,True
2025/26,2025-09-20,West Ham,Crystal Palace,T Harrington,38,6,0,3.3689595478917953,4.159816741647459,0.43244542794199803,0.567554572058002,2.312430506570474,1.7619451048978665,0.5893203145431958,0.4106796854568042,1.6968700642453458,2.4349877420590875,glm,True
2025/26,2025-09-20,Wolves,Leeds,A Taylor,329,2,0,3.7473012669607484,3.9331910690282346,0.5106518988021409,0.4893481011978591,1.9582811742123056,2.043535057257059,0.5470684274251326,0.4529315725748674,1.8279248990965613,2.2078390214996655,glm,True
2025/26,2025-09-21,Arsenal,Man City,S Attwell,178,3,0,2.9887476275658975,3.7507361976227838,0.35026098953591633,0.6497390104640837,2.8550139178358553,1.5390795133044857,0.5113381432606476,0.48866185673935236,1.9556530510775207,2.0464048630122376,glm,True
2025/26,2025-09-21,Bournemouth,Newcastle,R Jones,94,3,0,3.4584001053465903,3.6476046157882167,0.4513532984430725,0.5486467015569275,2.215559304539183,1.8226665669587374,0.49053014164301656,0.5094698583569834,2.038610709324668,1.9628246570365389,glm,True
2025/26,2025-09-21,Sunderland,Aston Villa,S Barrott,40,3,1,4.176881580951437,3.8962152571946933,0.5924003978470964,0.4075996021529036,1.688047482132361,2.4533880669119696,0.5399454711469877,0.46005452885301235,1.8520388695468346,2.1736553762293265,glm,True
2025/26,2025-09-27,Brentford,Man United,C Pawson,260,4,0,3.5457537901287295,3.8092945358472043,0.4695905823867126,0.5304094176132874,2.129514597412624,1.8853360570024478,0.522962082568883,0.477037917431117,1.912184522227351,2.096269423162567,glm,True
2025/26,2025-09-27,Chelsea,Brighton,S Hooper,129,8,1,3.392177180312604,4.412224576199483,0.437374709757941,0.562625290242059,2.2863690508155723,1.7773818869211668,0.6333610679519093,0.3666389320480907,1.5788782269704165,2.727479033429089,glm,True
2025/26,2025-09-27,Crystal Palace,Liverpool,C Kavanagh,168,4,0,2.912884065762626,3.7584842986774323,0.3336991860118419,0.6663008139881581,2.9967109358322297,1.5008236205123,0.512884320499331,0.48711567950066903,1.9497574014866077,2.052900454826412,glm,True
2025/26,2025-09-27,Leeds,Bournemouth,M Oliver,317,4,0,3.367779817263903,3.6160623183426477,0.4321945891094623,0.5678054108905377,2.3137726042810987,1.7611667321584954,0.4840849772587974,0.5159150227412026,2.0657530123381385,1.9383037049138767,glm,True
2025/26,2025-09-27,Man City,Burnley,R Jones,95,4,0,3.184801577755516,3.668593478089653,0.39291252451807834,0.6070874754819217,2.545095759486254,1.64720907675813,0.4947983421440503,0.5052016578559497,2.0210253649331564,1.9794075978371675,glm,True
2025/26,2025-09-27,Nott'm Forest,Sunderland,T Harrington,39,6,0,4.081216333346808,3.852850777500292,0.5749468391414748,0.4250531608585252,1.739291238635602,2.352646897108572,0.5315138052762822,0.4684861947237178,1.8814186763788712,2.134534616521057,glm,True
2025/26,2025-09-27,Tottenham,Wolves,M Salisbury,48,5,0,3.5861097903786456,4.121504714974143,0.47793127035727134,0.5220687296427287,2.0923510597087795,1.91545661178431,0.5823523783597452,0.4176476216402548,1.7171733767390147,2.3943629705650773,glm,True
2025/26,2025-09-28,Aston Villa,Fulham,A Madley,112,5,0,3.5093105871797876,3.568871976205568,0.46201162890791037,0.5379883710920896,2.1644476836303252,1.8587762370588974,0.47437544199366366,0.5256245580063363,2.1080349265073406,1.9024986271435687,glm,True
2025/26,2025-09-28,Newcastle,Arsenal,J Gillett,65,3,0,3.2339017227970928,3.7747664071440257,0.4035189328754736,0.5964810671245264,2.478198464875008,1.6764991466044832,0.5161254597391738,0.4838745402608262,1.9375134109938197,2.0666514081541947,glm,True
2025/26,2025-09-29,Everton,West Ham,S Barrott,41,7,0,3.545380740433911,3.415199612834441,0.46951322271113427,0.5304867772888657,2.1298654683794607,1.8850611227496636,0.4422483459367603,0.5577516540632397,2.2611729567508565,1.7929126569414293,glm,True
2025/26,2025-10-03,Bournemouth,Fulham,S Hooper,130,1,0,3.6342706769735624,3.6766720477057353,0.4878100370113845,0.5121899629886155,2.049978319688945,1.9524006174682245,0.49643670550547037,0.5035632944945296,2.0143554836095428,1.9858476797912508,glm,True
2025/26,2025-10-04,Arsenal,West Ham,J Brooks,62,2,0,3.6395332518832437,3.705196435155642,0.48888438336017326,0.5111156166398267,2.045473396239117,1.9565044922207504,0.5022013887805813,0.4977986112194187,1.9912330438355554,2.0088444954685136,glm,True
2025/26,2025-10-04,Chelsea,Liverpool,A Taylor,330,2,0,3.00056409818727,3.921630527037862,0.3528399061933354,0.6471600938066646,2.834146541950556,1.545212706361255,0.5448480855775304,0.4551519144224696,1.8353739812447276,2.1970686452431467,glm,True
2025/26,2025-10-04,Leeds,Tottenham,T Bramall,33,5,0,3.8561201707916273,3.855080221738196,0.5321523897003243,0.4678476102996757,1.8791609684645763,2.137448130512965,0.5319493155300483,0.4680506844699517,1.8798783470631477,2.1365207512354334,glm,True
2025/26,2025-10-04,Man United,Sunderland,S Attwell,179,5,0,3.721510050348585,3.8008740489387898,0.5054839712230301,0.4945160287769699,1.978302096465051,2.0221791444721946,0.521299444306413,0.47870055569358705,1.918283264871875,2.088988592359381,glm,True
2025/26,2025-10-05,Aston Villa,Burnley,A Kitchen,2,4,0,3.556938142235587,4.0169573706899575,0.4719077173588695,0.5280922826411305,2.119058373524192,1.893608433357013,0.5629720783475712,0.43702792165242876,1.776287028186527,2.288183318399749,glm,True
2025/26,2025-10-05,Brentford,Man City,D England,80,5,0,3.292739239577397,3.740184321939451,0.4161698197463114,0.5838301802536886,2.4028652548846035,1.7128268353059024,0.5092285195323552,0.49077148046764485,1.9637548991135452,2.0376082144119763,glm,True
2025/26,2025-10-05,Everton,Crystal Palace,M Salisbury,49,5,0,3.4407003724352685,3.9842833694349142,0.44762940685223773,0.5523705931477623,2.2339908520132137,1.8103787790391919,0.5568076681371786,0.44319233186282136,1.795952278002094,2.2563567284587496,glm,True
2025/26,2025-10-05,Newcastle,Nott'm Forest,P Bankes,98,4,0,3.922072120684149,4.148324798206893,0.5449330107904427,0.45506698920955735,1.835087946956027,2.1974786651455007,0.5872378975383074,0.41276210246169265,1.7028873718674924,2.4227030389564588,glm,True
2025/26,2025-10-05,Wolves,Brighton,J Gillett,66,6,0,3.4882194321885547,4.1781901712119085,0.457605840402173,0.542394159597827,2.1852867942444454,1.8436776692829389,0.5926359865317308,0.4073640134682692,1.6873764380261074,2.454806921912588,glm,True
2025/26,2025-10-18,Brighton,Newcastle,C Pawson,261,1,0,3.249197261155654,3.9874306217124227,0.40681427077524857,0.5931857292247514,2.4581241904182534,1.6858126396717665,0.5574036298050353,0.4425963701949647,1.794032091878865,2.2593949416247985,glm,True
2025/26,2025-10-18,Burnley,Leeds,T Robinson,40,3,0,4.02967615468258,3.4227630571986665,0.56535797867237,0.43464202132762997,1.7687908152429364,2.300743947733041,0.44384627140469135,0.5561537285953086,2.253032332197328,1.7980640038604523,glm,True
2025/26,2025-10-18,Crystal Palace,Bournemouth,J Gillett,67,5,0,3.478183189160116,4.351831231476038,0.4555044611530181,0.5444955388469819,2.1953681802999268,1.8365623382655984,0.623123285633217,0.37687671436678305,1.6048188585727485,2.6533875983295228,glm,True
2025/26,2025-10-18,Fulham,Arsenal,A Taylor,331,0,0,3.3278343531862733,3.391155243301043,0.42368082171001553,0.5763191782899845,2.3602673256814084,1.7351496144326357,0.43715804291294313,0.5628419570870569,2.2875022345160025,1.7766976811313415,glm,True
2025/26,2025-10-18,Man City,Everton,T Harrington,40,2,0,3.2427385080226405,3.7146131426545725,0.4054233064904498,0.5945766935095502,2.4665577533183978,1.6818688167835791,0.5040974809055715,0.4959025190944285,1.9837432994181574,2.0165253482198637,glm,True
2025/26,2025-10-18,Nott'm Forest,Chelsea,C Kavanagh,169,4,1,3.5442487149900557,4.2354287506804695,0.46927844497958393,0.5307215550204161,2.1309310297503763,1.8842272196039438,0.6028562162933668,0.39714378370663317,1.6587703219657468,2.5179797368770895,glm,True
2025/26,2025-10-18,Sunderland,Wolves,R Jones,96,0,0,3.828304381744116,3.772144901121899,0.5267044885805483,0.4732955114194517,1.8985978317651477,2.112844884163213,0.5156043595096065,0.4843956404903935,1.9394715765225574,2.0644281583286297,glm,True
2025/26,2025-10-19,Liverpool,Man United,M Oliver,318,2,0,2.862180045620389,3.648573896923546,0.3226360240252739,0.6773639759747261,3.0994679004650276,1.4763111642614313,0.49072761550597954,0.5092723844940205,2.0377903513111235,1.9635857557710188,glm,True
2025/26,2025-10-19,Tottenham,Aston Villa,S Hooper,131,2,0,3.678555752083302,4.177728823746387,0.4968183679854039,0.5031816320145961,2.0128080289281476,1.9873539421466648,0.5925529388399993,0.40744706116000073,1.687612927813053,2.4543065721298922,glm,True
2025/26,2025-10-20,West Ham,Brentford,A Madley,113,2,0,3.0963011101601245,3.8191617649652265,0.3737052188465919,0.6262947811534081,2.675905900073891,1.596692212824067,0.5249065427224394,0.4750934572775606,1.9051010391554235,2.1048490242958176,glm,True
2025/26,2025-10-24,Leeds,West Ham,S Attwell,180,6,0,3.615460827128089,3.3637109838024832,0.4839617181818373,0.5160382818181627,2.066279134136542,1.9378407285534909,0.4313291864700157,0.5686708135299843,2.318414870516804,1.758486590497884,glm,True
2025/26,2025-10-25,Brentford,Liverpool,S Hooper,132,5,0,3.091850221381198,3.5062098406906346,0.37273678577765557,0.6272632142223444,2.682858355162505,1.5942270761720971,0.4613647884027364,0.5386352115972636,2.167482272459588,1.8565440551771761,glm,True
2025/26,2025-10-25,Chelsea,Sunderland,A Madley,114,2,0,3.429788967334993,4.075694414638283,0.4453291903681045,0.5546708096318955,2.245529872347713,1.8028711492202825,0.5739256518222868,0.42607434817771317,1.742385963800142,2.3470082258575813,glm,True
2025/26,2025-10-25,Man United,Brighton,A Taylor,332,4,0,3.3808740753200093,3.9803580081415926,0.43497673313623286,0.5650232668637671,2.2989735400095626,1.769838621957333,0.5560637140167024,0.4439362859832976,1.7983550711779823,2.2525754969207976,glm,True
2025/26,2025-10-25,Newcastle,Fulham,P Bankes,99,2,0,3.8029505010379245,3.696975188584757,0.5217097222987563,0.47829027770124366,1.9167747068116767,2.0907805293601096,0.5005431530589486,0.4994568469410514,1.9978297453251364,2.002174974924361,glm,True
2025/26,2025-10-26,Arsenal,Crystal Palace,T Bramall,34,0,0,3.393840923446247,4.333199067376418,0.43772739002355476,0.5622726099764452,2.2845269059955067,1.7784967331805333,0.6199263193118233,0.3800736806881767,1.6130949257164857,2.6310687922124987,glm,True
2025/26,2025-10-26,Aston Villa,Man City,M Oliver,319,5,0,2.995540345362385,3.9712070084643236,0.3517435415051898,0.6482564584948102,2.8429804161315224,1.5425993631006854,0.5543265749953509,0.4456734250046491,1.8039907251576148,2.2437954427943922,glm,True
2025/26,2025-10-26,Bournemouth,Nott'm Forest,S Barrott,42,4,0,4.1524572465969225,4.44610075916329,0.5879874831357883,0.4120125168642117,1.7007164755734479,2.4271107286033575,0.6390198188569152,0.36098018114308483,1.564896690980273,2.7702351880742766,glm,True
2025/26,2025-10-26,Everton,Tottenham,C Pawson,262,2,0,3.4806591369487485,3.7939573097116424,0.45602316140795607,0.5439768385920439,2.1928710746018556,1.8383135623720024,0.5199314787833509,0.4800685212166491,1.9233303633394503,2.083035974668108,glm,True
2025/26,2025-10-26,Wolves,Burnley,T Harrington,41,1,0,3.60989782936789,3.9523545904668813,0.482821114953228,0.517178885046772,2.0711604547304696,1.9335669512291926,0.5507355366441746,0.44926446335582537,1.8157535395179905,2.225860448721898,glm,True
2025/26,2025-11-01,Brighton,Leeds,M Oliver,320,1,0,3.334375003694659,3.579963780197318,0.4250775127635069,0.5749224872364931,2.352512118316531,1.7393649095319734,0.4766646532321587,0.5233353467678413,2.0979109594538192,1.910820673925573,glm,True
2025/26,2025-11-01,Burnley,Arsenal,C Kavanagh,170,3,0,3.0929820309733076,3.3516966229673204,0.3729830657928406,0.6270169342071594,2.68108686884839,1.5948532574554217,0.42877141387592,0.57122858612408,2.3322450322898276,1.7506126694135435,glm,True
2025/26,2025-11-01,Crystal Palace,Brentford,P Bankes,100,3,0,3.7236151336935834,4.15295011608822,0.5059067801826198,0.4940932198173802,1.9766487407799216,2.0239095779731726,0.5880768280232437,0.4119231719767563,1.700458090418885,2.4276371615637764,glm,True
2025/26,2025-11-01,Fulham,Wolves,J Brooks,63,4,1,4.304898151542915,3.625752692276006,0.6150358526549845,0.3849641473450155,1.6259214738184833,2.5976444998753934,0.48606894027830905,0.513931059721691,2.0573213327052513,1.9457862705194933,glm,True
2025/26,2025-11-01,Liverpool,Aston Villa,S Attwell,181,5,0,3.305194749599487,3.844558460432165,0.41883869690055,0.58116130309945,2.387553985341145,1.7206926797548272,0.5298920390217516,0.47010796097824836,1.8871768706812952,2.1271709543465263,glm,True
2025/26,2025-11-01,Nott'm Forest,Man United,D England,81,2,0,4.124923707589488,4.327983447713773,0.5829771601857401,0.4170228398142599,1.7153330667043523,2.397950194875167,0.619028171130698,0.38097182886930203,1.6154353656852651,2.624865998538345,glm,True
2025/26,2025-11-01,Tottenham,Chelsea,J Gillett,68,6,0,3.612731938049564,4.285816949966966,0.4834023430003299,0.5165976569996701,2.068670155368522,1.9357424224644493,0.6117151814080117,0.38828481859198827,1.6347477231123413,2.575429046199216,glm,True
2025/26,2025-11-02,Man City,Bournemouth,A Taylor,333,4,0,3.118796616609479,3.9844642902689813,0.3785966555976735,0.6214033444023265,2.6413334222969955,1.6092607305836317,0.556841939767159,0.443158060232841,1.7958417435621779,2.2565312238134334,glm,True
2025/26,2025-11-02,West Ham,Newcastle,R Jones,97,3,0,3.3202595830803348,3.686226224877658,0.42206205065797464,0.5779379493420254,2.3693198628994185,1.730289559871413,0.49837109157759907,0.5016289084224009,2.0065369298096507,1.9935055241233055,glm,True
2025/26,2025-11-03,Sunderland,Everton,T Bramall,35,5,0,3.7269382214166007,3.539188838233184,0.5065738665456682,0.49342613345433184,1.9740457730656522,2.0266457980230856,0.46822852288123507,0.5317714771187649,2.1357092768431096,1.8805070279778502,glm,True
2025/26,2025-11-08,Chelsea,Wolves,A Kitchen,3,3,0,3.5454286189215676,4.468670824384442,0.4695231515801177,0.5304768484198823,2.129820428736332,1.885096405203496,0.6427563473377023,0.35724365266229774,1.5557994940726785,2.7992099860912,glm,True
2025/26,2025-11-08,Everton,Fulham,A Madley,115,4,0,3.376604952925929,3.3884049684765993,0.4340701574853367,0.5659298425146633,2.303775052846799,1.7670034779515802,0.4365748030117951,0.5634251969882049,2.290558211562619,1.7748585000200738,glm,True
2025/26,2025-11-08,Sunderland,Arsenal,C Pawson,263,3,0,3.5306227247063005,3.435631864895824,0.4664491212317907,0.5335508787682093,2.1438565418650963,1.8742355036668028,0.4465613479662691,0.5534386520337309,2.239333978532183,1.8068850022044578,glm,True
2025/26,2025-11-08,Tottenham,Man United,S Barrott,43,6,0,3.9642441513660795,4.148477053281774,0.5530021988508862,0.4469978011491138,1.8083110737677992,2.2371474701424994,0.5872655302084111,0.4127344697915889,1.7028072457191827,2.4228652394963572,glm,True
2025/26,2025-11-08,West Ham,Burnley,M Salisbury,50,4,0,3.34039424088835,3.760922880543578,0.426361961435443,0.573638038564557,2.3454249920262025,1.743259569226528,0.5133704440810932,0.4866295559189068,1.9479111264185627,2.0549512207734515,glm,True
2025/26,2025-11-09,Aston Villa,Bournemouth,J Brooks,64,4,0,4.23447830727075,4.546577002520646,0.602687866724037,0.39731213327596304,1.6592336683922113,2.5169128155102807,0.6554464156177041,0.3445535843822959,1.5256777307380385,2.9023061878539633,glm,True
2025/26,2025-11-09,Brentford,Newcastle,S Attwell,182,3,0,3.4034114030049274,3.703773405226961,0.43975469436310455,0.5602453056368955,2.273995054102372,1.7849324036069962,0.5019145517242427,0.4980854482757573,1.992371005312894,2.0076876436798963,glm,True
2025/26,2025-11-09,Crystal Palace,Brighton,T Robinson,41,5,0,3.7066854446449855,4.22244337749122,0.5025014398635421,0.4974985601364579,1.9900440489713964,2.0100560687566853,0.6005521730406594,0.39944782695934056,1.6651342629182304,2.503455852074992,glm,True
2025/26,2025-11-09,Man City,Liverpool,C Kavanagh,171,6,0,2.6808643875233273,3.5385789825865186,0.28327808954298583,0.7167219104570142,3.5301000568498107,1.3952412859296501,0.468101920545685,0.531898079454315,2.1362868984478003,1.880059429855284,glm,True
2025/26,2025-11-09,Nott'm Forest,Leeds,J Gillett,69,3,0,4.199457587728172,3.866120907793033,0.5964527326231295,0.4035472673768705,1.6765787887367316,2.4780244616700764,0.5341028420167012,0.4658971579832988,1.872298593701792,2.1463964372065294,glm,True
2025/26,2025-11-22,Bournemouth,West Ham,T Bramall,36,5,0,3.419793979885961,4.218030289974,0.4432191866068933,0.5567808133931067,2.2562200153282967,1.796038900668736,0.5997671906593627,0.4002328093406373,1.6673136103037507,2.4985457880063553,glm,True
2025/26,2025-11-22,Brighton,Brentford,C Kavanagh,172,6,0,3.2446532615621537,4.006012515421145,0.4058357528136751,0.5941642471863249,2.4640510183416837,1.6830363064346556,0.5609127925739568,0.43908720742604324,1.7828083317749421,2.2774519118014456,glm,True
2025/26,2025-11-22,Burnley,Chelsea,P Bankes,101,5,0,3.6824353547645505,4.153399673735922,0.49760399459784144,0.5023960054021586,2.0096301694848533,1.9904616860946551,0.5881583109967528,0.41184168900324725,1.7002225103396031,2.4281174701381802,glm,True
2025/26,2025-11-22,Fulham,Sunderland,D England,82,6,0,4.057032780094762,3.5069249950734878,0.5704635403618987,0.4295364596381013,1.7529604071902751,2.328091079491909,0.4615140025510911,0.5384859974489089,2.1667814941092645,1.857058502426294,glm,True
2025/26,2025-11-22,Liverpool,Nott'm Forest,A Madley,116,2,0,3.1792448596826404,3.8973035692213864,0.39170969483195517,0.6082903051680448,2.5529110287377583,1.6439518951789678,0.540156003334949,0.45984399666505105,1.8513170155028404,2.174650549430565,glm,True
2025/26,2025-11-22,Newcastle,Man City,S Barrott,44,4,0,3.398057433053883,4.039736773865777,0.43862087335001787,0.5613791266499821,2.279873259022955,1.7813273642136973,0.5672397662680984,0.43276023373190164,1.7629229462861093,2.3107483591468525,glm,True
2025/26,2025-11-22,Wolves,Crystal Palace,A Taylor,334,5,0,3.442100428873628,4.077863891349368,0.44792430215592793,0.5520756978440721,2.23252008249351,1.811345806209422,0.5743270375096776,0.4256729624903224,1.7411682450752628,2.3492213227489986,glm,True
2025/26,2025-11-23,Arsenal,Tottenham,M Oliver,321,4,0,2.981321730906155,3.9405314296000933,0.3486400881898204,0.6513599118101796,2.8682874800546188,1.5352495323528932,0.5484750630422798,0.4515249369577202,1.8232369480085442,2.214717102310648,glm,True
2025/26,2025-11-23,Leeds,Aston Villa,R Jones,98,6,0,3.9832221188242825,4.091356655381455,0.5566066057538636,0.44339339424613644,1.796601027840135,2.255333554754946,0.5768182536580972,0.42318174634190275,1.7336483262416642,2.363050884505936,glm,True
2025/26,2025-11-24,Man United,Everton,T Harrington,42,2,1,3.615403604425249,3.7514974012082316,0.48394999128049676,0.5160500087195032,2.0663292034659864,1.9377966923813108,0.5114901544844933,0.4885098455155067,1.9550718449465614,2.047041649579726,glm,True
2025/26,2025-11-29,Brentford,Burnley,S Barrott,45,2,0,3.7564580527552547,3.9716866126079013,0.5124802090837586,0.4875197909162414,1.9512948642209174,2.051198779275415,0.5544177154791313,0.4455822845208687,1.8036941679177652,2.2442543941694013,glm,True
2025/26,2025-11-29,Everton,Newcastle,C Pawson,264,0,0,3.3248266974262917,3.685144923781724,0.4230382287025458,0.5769617712974542,2.363852560244946,1.7332170860319398,0.4981523428379233,0.5018476571620767,2.0074180406401414,1.99263658149756,glm,True
2025/26,2025-11-29,Man City,Leeds,P Bankes,102,5,0,3.723683190200032,3.698432183184932,0.5059204464748275,0.4940795535251725,1.9765953461020198,2.0239655595241137,0.5008372238238651,0.4991627761761349,1.996656702880537,2.0033545122506076,glm,True
2025/26,2025-11-29,Sunderland,Bournemouth,T Robinson,42,10,1,4.0587201665760135,4.036219514845025,0.5707772778804954,0.42922272211950463,1.7519968624423268,2.329792782315888,0.5665824317201187,0.4334175682798813,1.764968244716034,2.307243806402987,glm,True
2025/26,2025-11-29,Tottenham,Fulham,S Attwell,183,5,0,3.6751258916743206,3.8516434894076133,0.496123332788758,0.503876667211242,2.0156278366891187,1.9846126345452832,0.5312778771238323,0.46872212287616766,1.8822541706680478,2.1334602127670244,glm,True
2025/26,2025-11-30,Aston Villa,Wolves,C Kavanagh,173,4,0,3.5314261710270345,4.181957257382029,0.4666161206115498,0.5333838793884502,2.143089267231904,1.8748223158647899,0.5933137039651644,0.40668629603483564,1.6854490184819895,2.458897705061453,glm,True
2025/26,2025-11-30,Chelsea,Arsenal,A Taylor,335,7,1,3.197793586312183,4.416146292837653,0.39572293576644435,0.6042770642335556,2.527020573278573,1.654870024346143,0.6340192542564285,0.36598074574357153,1.5772391662975442,2.732384180398007,glm,True
2025/26,2025-11-30,Crystal Palace,Man United,R Jones,99,5,0,3.6066196989392134,4.047320596549691,0.4821484648446007,0.5178515351553993,2.0740499512371273,1.9310553935114152,0.5686550742690806,0.4313449257309194,1.758535261969389,2.3183302743285723,glm,True
2025/26,2025-11-30,Nott'm Forest,Brighton,M Oliver,322,1,0,3.2852806946910578,4.1870118997009635,0.41457004338906966,0.5854299566109303,2.412137625345762,1.7081462755835501,0.5942219381055727,0.40577806189442733,1.6828729063556294,2.464401341293245,glm,True
2025/26,2025-11-30,West Ham,Liverpool,D England,83,1,1,3.132971039557687,3.37338858685985,0.3816757996556144,0.6183242003443856,2.6200246410757475,1.6172745615375137,0.4333868290607057,0.5666131709392943,2.3074074543689633,1.764872493772542,glm,True
2025/26,2025-12-02,Bournemouth,Everton,M Salisbury,51,6,0,3.5109702790216777,4.223084944730617,0.4623577275781665,0.5376422724218335,2.1628274826031526,1.8599727947273483,0.6006662101060991,0.3993337898939009,1.6648181355554599,2.504170759668723,glm,True
2025/26,2025-12-02,Fulham,Man City,C Pawson,265,1,0,3.3121490262764306,3.588293436964435,0.42032731135397583,0.5796726886460242,2.379098319304445,1.7251114630495343,0.4783809742953573,0.5216190257046427,2.0903841367708527,1.9171079863299156,glm,True
2025/26,2025-12-02,Newcastle,Tottenham,T Bramall,37,3,0,3.4749909544682795,4.164348740419822,0.4548354246918318,0.5451645753081682,2.198597439233186,1.834308473610422,0.5901397301918908,0.4098602698081092,1.6945139410878816,2.439855906180382,glm,True
2025/26,2025-12-03,Arsenal,Brentford,T Harrington,43,1,0,3.3402654714338476,4.065759960456644,0.42633449235119014,0.5736655076488099,2.345576109699932,1.7431760959422826,0.5720847091304325,0.4279152908695675,1.7479928829421045,2.3369111161414637,glm,True
2025/26,2025-12-03,Brighton,Aston Villa,A Madley,117,4,0,3.288686414884991,4.3184665950277585,0.4153006810090447,0.5846993189909553,2.407893956663705,1.7102807674305998,0.6173856952179928,0.3826143047820072,1.6197330254743105,2.6135980476990937,glm,True
2025/26,2025-12-03,Burnley,Crystal Palace,T Kirk,0,0,0,3.484061945045415,3.8595220229728064,0.4567357270342638,0.5432642729657362,2.1894499177748385,1.840724762813678,0.5328163490071067,0.4671836509928933,1.8768192865393136,2.1404858621972878,glm,True
2025/26,2025-12-03,Leeds,Chelsea,D England,84,2,0,3.9539599783785944,4.453623993450371,0.5510419745408603,0.44895802545913965,1.8147437875911736,2.2273797176859054,0.6402683004837684,0.35973169951623163,1.561845244008533,2.7798495416022644,glm,True
2025/26,2025-12-03,Liverpool,Sunderland,S Attwell,184,2,0,3.349615877983215,3.567265073181048,0.4283280734339283,0.5716719265660717,2.334659019622385,1.7492550421477164,0.4740434445230508,0.5259565554769492,2.109511293856473,1.9012977204803114,glm,True
2025/26,2025-12-03,Wolves,Nott'm Forest,T Robinson,43,4,0,4.28930311757262,4.497645280811505,0.6123232764347946,0.38767672356520544,1.6331242637425503,2.5794687666663707,0.6475136062669398,0.35248639373306023,1.5443690917403619,2.836988938521426,glm,True
2025/26,2025-12-04,Man United,West Ham,A Kitchen,4,4,0,3.3899435972659306,3.845215859087445,0.43690111870426196,0.563098881295738,2.288847423796365,1.775887030176504,0.5300207188746935,0.4699792811253065,1.8867186968146017,2.127753371607415,glm,True
2025/26,2025-12-06,Aston Villa,Arsenal,P Bankes,103,2,0,3.7512396572419715,4.402906671885741,0.5114386860465165,0.48856131395348346,1.9552685928593359,2.0468260000119685,0.6317939893667777,0.36820601063322234,1.582794418481665,2.715870928560481,glm,True
2025/26,2025-12-06,Bournemouth,Chelsea,M Oliver,323,2,0,3.1592505703394207,4.770184179337967,0.38737783510778967,0.6126221648922103,2.5814590029957327,1.6323274887971904,0.6900722099229324,0.3099277900770676,1.4491237085343294,3.226558030666875,glm,True
2025/26,2025-12-06,Everton,Nott'm Forest,C Kavanagh,174,7,0,3.5718989130924985,4.0091710862993715,0.4750005868570307,0.5249994131429693,2.1052605568695593,1.9047640339507907,0.5615076636776706,0.4384923363223294,1.7809195932435977,2.2805415674697547,glm,True
2025/26,2025-12-06,Leeds,Liverpool,A Taylor,336,6,0,3.3253917701158904,3.50330816970038,0.4231589740000151,0.5768410259999849,2.3631780523221617,1.7335798858384706,0.46075919912569596,0.539240800874304,2.170331057735861,1.8544590809498074,glm,True
2025/26,2025-12-06,Man City,Sunderland,A Madley,118,1,1,3.1787094138230607,3.925154767855385,0.3915937650637056,0.6084062349362944,2.553666807839285,1.6436386456570566,0.5455256039338131,0.4544743960661869,1.833094528999095,2.200343976813088,glm,True
2025/26,2025-12-06,Newcastle,Burnley,S Attwell,185,4,1,3.31965082211474,4.054364774773328,0.42193189721347013,0.5780681027865299,2.370050727627414,1.7298999809530782,0.5699671949094962,0.4300328050905038,1.7544869405313541,2.325403988166768,glm,True
2025/26,2025-12-06,Tottenham,Brentford,R Jones,100,7,0,3.6110076954384174,3.951191451981885,0.4830487643256274,0.5169512356743726,2.0701843661603725,1.9344184344495883,0.5505134413979061,0.44948655860209386,1.8164860742740867,2.2247606315748496,glm,True
2025/26,2025-12-07,Brighton,West Ham,S Hooper,133,4,0,3.28794699278998,3.878489875663012,0.4151420719841479,0.5848579280158521,2.4088139157290347,1.709816952285369,0.5365090713207731,0.4634909286792269,1.863901382949983,2.1575395290898576,glm,True
2025/26,2025-12-07,Fulham,Crystal Palace,S Barrott,46,0,0,3.956517433945104,3.845508931531998,0.5515298980511633,0.44847010194883674,1.8131383330867656,2.229803047414929,0.5300780790978924,0.4699219209021076,1.886514533296376,2.1280130922181777,glm,True
2025/26,2025-12-08,Wolves,Man United,M Salisbury,52,5,0,3.760923596694559,4.175428312927676,0.513370586807629,0.48662941319237096,1.947910584863175,2.0549518234827433,0.5921386617225405,0.4078613382774595,1.688793630010553,2.4518136585912953,glm,True
2025/26,2025-12-13,Arsenal,Wolves,R Jones,101,4,0,3.523291400268417,4.342349197292531,0.46492429953158076,0.5350757004684192,2.15088779185669,1.868894437038673,0.6214985865983935,0.3785014134016065,1.6090141177524357,2.6419980602264133,glm,True
2025/26,2025-12-13,Burnley,Fulham,M Oliver,324,3,0,3.1954316644331064,3.632411128383906,0.3952122095311674,0.6047877904688326,2.5302862003840434,1.6534725332745197,0.48743016845734344,0.5125698315426566,2.0515759276141585,1.950953681745858,glm,True
2025/26,2025-12-13,Chelsea,Everton,T Bramall,38,1,0,3.5540194455465044,4.388396473042318,0.4713034393016019,0.5286965606983981,2.121775307818343,1.8914441181138364,0.6293445941177129,0.37065540588228707,1.5889546193717834,2.6979236890384932,glm,True
2025/26,2025-12-13,Liverpool,Brighton,C Pawson,266,3,0,3.0340437651503303,3.580261258736786,0.3601435433509973,0.6398564566490027,2.7766706316469936,1.5628505262525723,0.476725990302288,0.523274009697712,2.0976410356102217,1.911044656274226,glm,True
2025/26,2025-12-14,Brentford,Leeds,J Brooks,65,0,0,4.362653011103966,3.6845502754248507,0.6249718139652751,0.3750281860347249,1.6000721595031202,2.6664662477059986,0.4980320253541285,0.5019679746458715,2.0079030044080888,1.9921589633392056,glm,True
2025/26,2025-12-14,Crystal Palace,Man City,D England,85,2,0,3.330336743218749,3.8071152878221937,0.424215301680697,0.575784698319303,2.3572935630518366,1.7367602906415676,0.5225320752853363,0.4774679247146637,1.9137581161002133,2.094381524366486,glm,True
2025/26,2025-12-14,Nott'm Forest,Tottenham,S Barrott,47,4,0,4.122929908764263,4.248860180662968,0.5826128864268407,0.4173871135731593,1.7164055641353737,2.395857388694203,0.6052303634468912,0.3947696365531088,1.6522634361977937,2.5331228833387462,glm,True
2025/26,2025-12-14,Sunderland,Newcastle,P Bankes,104,9,0,3.860146585293693,4.038446630532963,0.5329381932936864,0.4670618067063136,1.8763901941794772,2.1410442593281784,0.5669987224287668,0.4330012775712332,1.7636724042630132,2.309462008078001,glm,True
2025/26,2025-12-14,West Ham,Aston Villa,A Taylor,337,3,0,3.444023858598381,4.208175993112341,0.4483293432726694,0.5516706567273306,2.2305031223258793,1.812675711143109,0.5980107817152237,0.4019892182847763,1.6722106533460561,2.487628907727526,glm,True
2025/26,2025-12-15,Man United,Bournemouth,S Hooper,134,5,0,3.6412750278409067,4.612480773188101,0.4892397381521211,0.5107602618478789,2.0439876854178727,1.9578657047087047,0.6659292074890286,0.3340707925109714,1.5016611206627024,2.993377518829811,glm,True
2025/26,2025-12-20,Bournemouth,Burnley,C Kavanagh,175,2,0,3.320822940178841,4.510508388837018,0.4221824891089998,0.5778175108910002,2.3686439532593173,1.7306502159444603,0.6496113021530017,0.35038869784699833,1.539382083848769,2.853973333456842,glm,True
2025/26,2025-12-20,Brighton,Sunderland,D England,86,4,0,3.817180852360977,4.114965445866221,0.524516512875094,0.47548348712490596,1.9065176699939959,2.103122457620295,0.5811557944984347,0.4188442055015653,1.720708989683305,2.3875225844476025,glm,True
2025/26,2025-12-20,Everton,Arsenal,S Barrott,48,4,0,3.565104520230476,3.840961526098739,0.4735969192435825,0.5264030807564175,2.1115002217437895,1.899684930724655,0.5291876388600887,0.4708123611399113,1.8896888864488175,2.1239884135132763,glm,True
2025/26,2025-12-20,Leeds,Crystal Palace,T Bramall,39,4,0,3.7797838411932347,3.960638765383268,0.5171220235145604,0.4828779764854396,1.9337795617436964,2.070916564218483,0.552315548560897,0.44768445143910296,1.8105592040737963,2.2337161739378093,glm,True
2025/26,2025-12-20,Man City,West Ham,P Tierney,183,2,0,2.8833550446675718,3.7272923791778516,0.32725482273481377,0.6727451772651862,3.0557227289827766,1.4864469249191135,0.5066449351448952,0.49335506485510483,1.973768867765372,2.026937739645368,glm,True
2025/26,2025-12-20,Newcastle,Chelsea,A Madley,119,9,0,3.1348482030140095,4.598603433231292,0.38208339720565976,0.6179166027943402,2.6172296606275753,1.6183413675531675,0.6637411061898051,0.3362588938101949,1.506611524695952,2.9738990355581825,glm,True
2025/26,2025-12-20,Tottenham,Liverpool,J Brooks,66,6,2,3.626150283168201,3.855481427020999,0.48615026806911854,0.5138497319308815,2.056977164636315,1.9460942331181583,0.5320276657788608,0.46797233422113915,1.8796015025573003,2.136878458134349,glm,True
2025/26,2025-12-20,Wolves,Brentford,M Donohue,2,6,0,3.8535953721243486,3.891011402449815,0.5316592821266379,0.46834071787336207,1.8809038676048286,2.135197649567589,0.5389380603762195,0.4610619396237805,1.8555007959577479,2.1689059843369085,glm,True
2025/26,2025-12-21,Aston Villa,Man United,M Oliver,325,3,0,3.3339601730818456,4.61547734316888,0.4249889599031178,0.5750110400968822,2.3530022997020064,1.7390970438263453,0.6664003400708551,0.33359965992914486,1.5005994743245101,2.9976049742148887,glm,True
2025/26,2025-12-22,Fulham,Nott'm Forest,A Taylor,338,9,0,3.8010911058388923,4.055856361168053,0.5213423402655171,0.47865765973448293,1.9181254288510405,2.0891758016673374,0.5702447262431335,0.4297552737568665,1.753633052581065,2.3269057090518652,glm,True
2025/26,2025-12-26,Man United,Newcastle,A Taylor,339,3,0,3.380276278967665,4.358113689218316,0.43484981582631066,0.5651501841736893,2.2996445292262093,1.7694411644970232,0.6241971714054952,0.37580282859450476,1.6020578846077038,2.660969859487169,glm,True
2025/26,2025-12-27,Arsenal,Brighton,J Brooks,67,5,0,3.692516973429743,4.169504158300748,0.49964281960287216,0.5003571803971278,2.001429742940814,1.998572298305605,0.5910706148899285,0.4089293851100715,1.6918452293322412,2.445409981312128,glm,True
2025/26,2025-12-27,Brentford,Bournemouth,P Bankes,105,4,0,3.775581588061568,4.062608585437308,0.5162874423882277,0.48371255761177234,1.9369055256781544,2.067343475508031,0.5714997318134815,0.42850026818651854,1.749782098456639,2.3337208264353237,glm,True
2025/26,2025-12-27,Burnley,Everton,C Pawson,267,2,0,3.3433593236815398,3.6541646961739054,0.4269943616835874,0.5730056383164126,2.3419512989752844,1.7451835254853145,0.49186595465294225,0.5081340453470578,2.033074236060095,1.9679846472735274,glm,True
2025/26,2025-12-27,Chelsea,Aston Villa,S Attwell,186,8,0,3.64676591127198,5.072258940920514,0.4903592421087877,0.5096407578912123,2.039321203979973,1.9621664565012273,0.732625995113177,0.26737400488682295,1.3649529318783162,3.7400793709294633,glm,True
2025/26,2025-12-27,Liverpool,Wolves,S Hooper,135,1,0,3.230314432268294,3.7412374079306066,0.402745440843143,0.597254559156857,2.482957964481265,1.6743279472185157,0.509439264818316,0.49056073518168397,1.9629425312488138,2.0384835725379453,glm,True
2025/26,2025-12-27,Nott'm Forest,Man City,R Jones,102,3,0,3.565201978557965,3.927516645640699,0.47361706457696817,0.5263829354230318,2.1114104089412273,1.8997576340432505,0.5459793471334181,0.4540206528665819,1.8315711120765805,2.2025429761536843,glm,True
2025/26,2025-12-27,West Ham,Fulham,C Kavanagh,176,4,0,3.3375996213610586,3.5996880275551977,0.4257657238811765,0.5742342761188235,2.3487094989334603,1.7414495121379256,0.48072486481951304,0.519275135180487,2.080191962559389,1.9257613782189382,glm,True
2025/26,2025-12-28,Crystal Palace,Tottenham,J Gillett,70,5,0,3.5878035080570796,4.158427604376861,0.47828009207709044,0.5217199079229096,2.0908250553711474,1.9167372853016797,0.5890689437147916,0.41093105628520843,1.6975941622279245,2.4334982345699028,glm,True
2025/26,2025-12-28,Sunderland,Leeds,T Harrington,44,1,0,3.9822323971356415,3.720695460218978,0.5564190475690091,0.44358095243099094,1.7972066275750138,2.2543799379112714,0.5053203121948766,0.4946796878051234,1.9789428128397704,2.0215101299933402,glm,True
2025/26,2025-12-30,Arsenal,Aston Villa,D England,87,5,0,3.6023844466500425,5.0219321097689,0.4812788491005586,0.5187211508994414,2.0777975218916374,1.927818054586825,0.7258698880012833,0.27413011199871673,1.3776573688068903,3.6479027886023747,glm,True
2025/26,2025-12-30,Burnley,Newcastle,R Jones,103,3,0,3.389505010645137,3.8339091781230135,0.43680810871792075,0.5631918912820792,2.2893347903616275,1.7755937460739146,0.5278049238372431,0.4721950761627569,1.8946393920121247,2.117768800400025,glm,True
2025/26,2025-12-30,Chelsea,Bournemouth,S Barrott,49,2,0,3.796768303568242,4.861488937751586,0.5204876696152573,0.4795123303847427,1.9212751009821167,2.0854521075561028,0.7034435319940293,0.2965564680059707,1.4215782141962858,3.3720390815413497,glm,True
2025/26,2025-12-30,Man United,Wolves,T Bramall,40,2,0,3.7024609575642646,4.512167874864883,0.5016499339268857,0.4983500660731143,1.993421970919162,2.006621586066545,0.6498812886748984,0.35011871132510164,1.5387425633364369,2.8561741136749847,glm,True
2025/26,2025-12-30,Nott'm Forest,Everton,M Oliver,326,1,0,3.323396071989009,3.8239696543342614,0.42273249796017687,0.5772675020398231,2.3655621576891495,1.732299144619117,0.5258524881481356,0.47414751185186443,1.9016739913538157,2.109048291942582,glm,True
2025/26,2025-12-30,West Ham,Brighton,M Salisbury,53,8,0,3.3544749096226214,3.732033064162602,0.429363211469975,0.570636788530025,2.329030464851386,1.7524281996890276,0.507595760680061,0.49240423931993904,1.9700716149800606,2.0308517273959765,glm,True
2025/26,2026-01-01,Brentford,Tottenham,A Madley,120,3,0,3.2899474764691834,4.040431597792304,0.4155711567885262,0.5844288432114738,2.406326771395434,1.7110722915469676,0.5673695505805931,0.43263044941940687,1.7625196822365479,2.311441557897756,glm,True
2025/26,2026-01-01,Crystal Palace,Fulham,T Harrington,45,5,0,3.594789825133131,3.6611432545472398,0.47971785804957734,0.5202821419504227,2.0845586279939012,1.9220340645389464,0.4932852040945468,0.5067147959054532,2.027224801594358,1.9734967442841116,glm,True
2025/26,2026-01-01,Liverpool,Leeds,C Kavanagh,177,2,0,3.2272038135829213,3.5833130657851466,0.4020745392665357,0.5979254607334643,2.487101028143189,1.6724492694680004,0.4773550636696162,0.5226449363303838,2.0948766989347645,1.9133448551539431,glm,True
2025/26,2026-01-01,Sunderland,Man City,J Gillett,71,2,0,3.5139702317953256,3.8008562806586115,0.4629830891377873,0.5370169108622127,2.159906103400663,1.862138751635289,0.5212959327544824,0.4787040672455176,1.9182961868052317,2.0889732685039424,glm,True
2025/26,2026-01-03,Aston Villa,Nott'm Forest,S Hooper,136,3,0,3.922699029851607,4.961811673357117,0.545053559785837,0.454946440214163,1.8346820822396261,2.198060939941099,0.7176253521795626,0.2823746478204374,1.3934847716330154,3.5413944124187164,glm,True
2025/26,2026-01-03,Bournemouth,Arsenal,C Kavanagh,178,4,0,3.189238761076286,4.55181264216761,0.39387267084579214,0.6061273291542079,2.538891560698094,1.649818366374279,0.6562876739665142,0.3437123260334858,1.5237220500518238,2.90940977165473,glm,True
2025/26,2026-01-03,Brighton,Burnley,T Robinson,44,4,0,3.7645292535558785,4.08577680241168,0.5140889147555656,0.4859110852444344,1.945188801582059,2.057989682406518,0.5757891026341996,0.4242108973658004,1.7367470058482555,2.3573180373480414,glm,True
2025/26,2026-01-03,Wolves,West Ham,P Bankes,106,1,0,3.7245089374305222,4.098316564428445,0.5060862483909647,0.4939137516090353,1.9759477819825566,2.024644984559095,0.5780998095497847,0.4219001904502153,1.7298051019577134,2.370228842354602,glm,True
2025/26,2026-01-04,Everton,Brentford,A Taylor,340,2,0,3.3983504753015232,3.5415398400903073,0.43868295156541426,0.5613170484345857,2.279550633165841,1.7815243680711705,0.46871646084674046,0.5312835391532595,2.1334859846686225,1.8822341109866942,glm,True
2025/26,2026-01-04,Fulham,Liverpool,C Pawson,268,2,0,3.2743799247106677,3.2473170484881466,0.41222982917367634,0.5877701708263237,2.4258312456537214,1.7013452700298455,0.4064094282771973,0.5935905717228027,2.4605728371979008,1.6846628764632468,glm,True
2025/26,2026-01-04,Leeds,Man United,J Gillett,72,1,0,3.938583638310377,4.207389867541078,0.5481020478108736,0.45189795218912643,1.8244777664925949,2.2128889833549947,0.5978704524718831,0.4021295475281169,1.6726031464935598,2.4867608116513247,glm,True
2025/26,2026-01-04,Man City,Chelsea,M Oliver,327,6,0,2.8741329685118715,3.967578487190371,0.32524295709936646,0.6747570429006335,3.0746246096098724,1.4820149126583664,0.5536366902779281,0.44636330972207194,1.8062386716060954,2.240327505015253,glm,True
2025/26,2026-01-04,Newcastle,Crystal Palace,J Brooks,68,4,0,3.849372133367163,4.357915807146514,0.5308338362764154,0.46916616372358455,1.8838286704076652,2.131441006025241,0.6241633780410272,0.3758366219589728,1.602144622996879,2.6607305982788505,glm,True
2025/26,2026-01-04,Tottenham,Sunderland,S Attwell,187,5,0,3.799208655550565,4.158001658653558,0.5209702539646373,0.47902974603536275,1.919495388440889,2.087553034600441,0.5889918475548663,0.41100815244513367,1.6978163690234218,2.4330417634075814,glm,True
2025/26,2026-01-06,West Ham,Nott'm Forest,T Harrington,46,3,0,3.614168685270274,4.077796745526636,0.4836968849619544,0.5163031150380456,2.0674104611582433,1.9368467299026688,0.5743146179594807,0.4256853820405193,1.7412058978282048,2.349152783228093,glm,True
2025/26,2026-01-07,Bournemouth,Tottenham,D England,88,6,0,3.738621485997682,4.677251489911138,0.5089156795142132,0.49108432048578676,1.964962056100438,2.0363101778749266,0.6760058436351499,0.32399415636485007,1.4792771533195717,3.086475420482273,glm,True
2025/26,2026-01-07,Brentford,Sunderland,M Donohue,3,3,0,4.078294003877712,3.9355195067308997,0.574406587578219,0.42559341242178095,1.7409271091686884,2.3496604289752447,0.5475148938910848,0.45248510610891524,1.826434332942414,2.210017493391916,glm,True
2025/26,2026-01-07,Burnley,Man United,S Attwell,188,2,0,3.566290918692968,3.91625365973093,0.47384213413661824,0.5261578658633818,2.110407513299946,1.900570275347081,0.5438133213802102,0.4561866786197898,1.8388663180629299,2.192085053920334,glm,True
2025/26,2026-01-07,Crystal Palace,Aston Villa,A Madley,121,2,0,3.393901506109254,4.543211875272694,0.4377402309394407,0.5622597690605593,2.284459890410085,1.778537350575216,0.6549049391143972,0.3450950608856028,1.5269391636475693,2.8977522814546877,glm,True
2025/26,2026-01-07,Everton,Wolves,T Kirk,1,4,2,3.4897686104310695,3.9498121695545803,0.4579299279985295,0.5420700720014705,2.1837402162612336,1.8447799494034551,0.5502499937104546,0.4497500062895454,1.8173557681605481,2.223457445281742,glm,True
2025/26,2026-01-07,Fulham,Chelsea,P Bankes,107,6,1,3.987937380788956,3.69336028366966,0.5574995459598918,0.4425004540401082,1.7937234339414925,2.2598846868287286,0.49981318495908766,0.5001868150409123,2.0007475394668814,1.9992530189309485,glm,True
2025/26,2026-01-07,Man City,Brighton,T Bramall,41,7,0,3.1558818462892355,3.708935832601416,0.38664741974368555,0.6133525802563145,2.5863356353520093,1.6303836197805006,0.5029547508795944,0.4970452491204056,1.9882504305827633,2.011889263139818,glm,True
2025/26,2026-01-07,Newcastle,Leeds,M Salisbury,54,5,0,3.7817186949533435,4.135507053247488,0.5175060443751485,0.48249395562485153,1.9323445800665546,2.0725648235426175,0.5849074802373473,0.4150925197626527,1.7096720999263233,2.4091014710932246,glm,True
2025/26,2026-01-08,Arsenal,Liverpool,A Taylor,341,4,0,2.8875530450682008,3.77324454874636,0.32817078336525385,0.6718292166347462,3.047193871877987,1.488473521602843,0.5158229810403895,0.4841770189596105,1.9386495692437924,2.0653603141858716,glm,True
2025/26,2026-01-17,Chelsea,Brentford,J Brooks,69,5,0,4.026391435203033,4.056245210581367,0.5647425408099089,0.43525745919009107,1.7707183853475592,2.297490781342974,0.5703170596899717,0.4296829403100283,1.753410638888493,2.3272974237200854,glm,True
2025/26,2026-01-17,Leeds,Fulham,C Kavanagh,179,6,0,3.737971589169099,3.6023346608234914,0.5087855576141463,0.49121444238585366,1.965464595121982,2.035770762648893,0.48126862286185035,0.5187313771381497,2.0778416719825366,1.927780049699361,glm,True
2025/26,2026-01-17,Liverpool,Burnley,A Madley,122,3,0,2.8404938110404006,3.4626781944656018,0.31790863122781765,0.6820913687721823,3.1455578797525203,1.466079246538595,0.4522519861796295,0.5477480138203705,2.211156679371246,1.825657007910104,glm,True
2025/26,2026-01-17,Man United,Man City,A Taylor,342,5,0,3.2102986092850965,3.919805335764845,0.39842540351401,0.60157459648599,2.5098801210471424,1.662304235985618,0.5444969793762124,0.45550302062378756,1.8365574794292188,2.1953751231562686,glm,True
2025/26,2026-01-17,Nott'm Forest,Arsenal,M Oliver,328,2,0,3.190854090676844,4.086356475963515,0.39422212924234656,0.6057778707576534,2.536640959049901,1.6507701061270006,0.5758960886828954,0.42410391131710456,1.7364243648312536,2.3579127032674196,glm,True
2025/26,2026-01-17,Sunderland,Crystal Palace,R Jones,104,6,0,3.79329743479519,4.032592642378395,0.5198008659114153,0.4801991340885847,1.9238136478410957,2.082469394489839,0.5659039912991577,0.4340960087008423,1.7670841969223066,2.3036378588063706,glm,True
2025/26,2026-01-17,Tottenham,West Ham,J Gillett,73,8,0,3.46172459126353,3.858747254943109,0.4520517124596518,0.5479482875403482,2.212136294228187,1.8249897348686668,0.5326651776664517,0.4673348223335483,1.8773519312467382,2.1397934675757493,glm,True
2025/26,2026-01-18,Aston Villa,Everton,T Harrington,47,3,0,3.5696782592343417,4.341191642735412,0.4745419922550146,0.5254580077449854,2.107295068341621,1.9031016470593378,0.621299924656876,0.378700075343124,1.609528603358946,2.640612096773265,glm,True
2025/26,2026-01-18,Wolves,Newcastle,S Barrott,50,4,0,3.699498822651289,4.234566632189026,0.5010524550619846,0.4989475449380154,1.9957990224322746,2.0042187002327685,0.6027035134271883,0.3972964865728117,1.6591905932547852,2.517011938933248,glm,True
2025/26,2026-01-19,Brighton,Bournemouth,P Tierney,184,5,0,3.223851389374615,4.3230476931129695,0.4013512897184883,0.5986487102815117,2.4915828741983357,1.670428721929017,0.6181769154928365,0.3818230845071635,1.6176598881935897,2.6190139899234897,glm,True
2025/26,2026-01-24,Bournemouth,Liverpool,M Salisbury,55,2,0,3.271640929494489,3.9285877303511514,0.41164142409691107,0.5883585759030889,2.4292987572712654,1.6996437902941595,0.5461850307160184,0.4538149692839816,1.8308813749235404,2.2035412396769902,glm,True
2025/26,2026-01-24,Burnley,Tottenham,P Bankes,108,1,0,3.728973406277092,3.8069696645251905,0.5069821971439518,0.49301780285604824,1.9724558488117119,2.028324320555988,0.5225033338314315,0.47749666616856845,1.9138633866068633,2.094255459465291,glm,True
2025/26,2026-01-24,Fulham,Brighton,M Oliver,329,2,0,3.2106097404042493,3.387251370360888,0.39849260872949144,0.6015073912705086,2.5094568333106264,1.6624899619068558,0.43633010427897756,0.5636698957210224,2.2918427818600096,1.7740880036192863,glm,True
2025/26,2026-01-24,Man City,Wolves,F Hallam,0,4,0,3.3692404386117563,4.090314723856982,0.4325051467607911,0.5674948532392089,2.3121112141425626,1.762130518527333,0.5766261947294697,0.42337380527053026,1.7342257586288818,2.361978912136553,glm,True
2025/26,2026-01-24,West Ham,Sunderland,T Bramall,42,6,0,3.6129158671559405,3.7610396401335877,0.483440053754259,0.516559946245741,2.06850878869941,1.935883738698304,0.513393713604801,0.486606286395199,1.9478228375226612,2.055049488587672,glm,True
2025/26,2026-01-25,Arsenal,Man United,C Pawson,269,2,0,3.3410653431852304,4.245203490795978,0.42650511441914807,0.5734948855808519,2.3446377691434894,1.7436947131397198,0.6045849173265883,0.39541508267341174,1.6540273687638392,2.5289880022759217,glm,True
2025/26,2026-01-25,Brentford,Nott'm Forest,S Barrott,51,1,0,3.987753561692195,4.043418444787086,0.5574647552357798,0.44253524476422024,1.7938353781254743,2.2597070218278166,0.5679271919617658,0.4320728080382342,1.7607890838009432,2.314424748320449,glm,True
2025/26,2026-01-25,Crystal Palace,Chelsea,D England,89,4,1,3.6542358319515804,4.070142984739674,0.4918804310021241,0.5081195689978759,2.0330144014118785,1.9680407152438963,0.5728975127891156,0.4271024872108844,1.745512901830491,2.341358409149802,glm,True
2025/26,2026-01-25,Newcastle,Aston Villa,J Gillett,74,3,0,3.61676961782891,4.86528998626884,0.48422990205768635,0.5157700979423137,2.065134754691109,1.9388483434567878,0.7039905702018783,0.2960094297981217,1.4204735721292931,3.3782707553674878,glm,True
2025/26,2026-01-26,Everton,Leeds,S Hooper,137,3,0,3.694217214912145,3.646428252396432,0.4999862736417393,0.5000137263582607,2.0000549069403872,1.999945096074219,0.49029043126251215,0.5097095687374879,2.0396074168222516,1.9619015638198132,glm,True
2025/26,2026-01-31,Brighton,Everton,C Kavanagh,180,3,0,3.2699441116353274,3.8385855792869457,0.4112768277482042,0.5887231722517958,2.431452327317185,1.6985912006403951,0.5287220407841731,0.47127795921582694,1.8913529659494654,2.1218900235944176,glm,True
2025/26,2026-01-31,Chelsea,West Ham,A Taylor,343,5,1,3.3143102726027656,3.8839984771333897,0.42078971977500035,0.5792102802249997,2.3764839134727627,1.7264886935562342,0.5375785181643251,0.4624214818356749,1.8601933786616145,2.1625292926061723,glm,True
2025/26,2026-01-31,Leeds,Arsenal,S Attwell,189,2,0,3.5851242743445217,3.8518308302269033,0.47772825664756646,0.5222717433524335,2.093240217812211,1.9147120492888532,0.5313144914297131,0.4686855085702869,1.8821244594874535,2.1336268813825168,glm,True
2025/26,2026-01-31,Liverpool,Newcastle,S Hooper,138,4,0,3.0132147483445175,3.5606888037889814,0.35560029672517757,0.6443997032748224,2.812146134885936,1.551831875337661,0.47268381804607384,0.5273161819539262,2.115579086531215,1.8963954345087295,glm,True
2025/26,2026-01-31,Wolves,Bournemouth,M Oliver,330,6,0,3.2256261765209,4.348545068163263,0.4017342060874489,0.5982657939125511,2.489208000830085,1.6714978696344633,0.6225607485288919,0.37743925147110813,1.6062689502397884,2.6494329778961716,glm,True
2025/26,2026-02-01,Aston Villa,Brentford,T Robinson,45,3,0,4.072089602072492,4.386675468893713,0.5732582016700352,0.42674179832996484,1.7444146408839267,2.3433373621085534,0.6290533471041939,0.3709466528958061,1.5896902935234902,2.6958054269892187,glm,True
2025/26,2026-02-01,Man United,Fulham,J Brooks,70,3,0,4.308514509916253,3.9846091285564573,0.615663081185271,0.384336918814729,1.6242650088337371,2.6018837926992218,0.5568693752156698,0.4431306247843302,1.7957532672948844,2.2566709319327587,glm,True
2025/26,2026-02-01,Nott'm Forest,Crystal Palace,M Salisbury,56,4,0,3.845341479039728,4.198473106738563,0.5300453057057943,0.46995469429420567,1.8866311789488002,2.127864690237502,0.5962765565527126,0.4037234434472874,1.6770741512652394,2.476943106056129,glm,True
2025/26,2026-02-01,Tottenham,Man City,R Jones,105,6,0,3.3599154963106206,3.873207377813451,0.43052154438931156,0.5694784556106884,2.322764128839325,1.7559926809305464,0.535482255058824,0.46451774494117604,1.867475514926536,2.152770288951253,glm,True
2025/26,2026-02-02,Sunderland,Burnley,P Tierney,185,5,0,3.433648452211523,3.822296046980132,0.4461431929382784,0.5538568070617216,2.241432831047015,1.805520826412016,0.5255233207709197,0.4744766792290803,1.9028651260100957,2.107585143330498,glm,True
2025/26,2026-02-06,Leeds,Nott'm Forest,P Bankes,109,2,0,4.227280903527662,4.348894509948691,0.6014115160447521,0.39858848395524793,1.6627549910859842,2.5088532164222697,0.622620593962665,0.377379406037335,1.6061145578810783,2.649853129243273,glm,True
2025/26,2026-02-07,Arsenal,Sunderland,S Barrott,52,3,0,3.762678966199976,4.082203982051798,0.5137203627671271,0.48627963723287293,1.9465843141072974,2.0564299292695103,0.5751293319074938,0.4248706680925062,1.7387393487363363,2.3536574188319164,glm,True
2025/26,2026-02-07,Bournemouth,Aston Villa,A Taylor,344,2,0,3.586788127733096,4.77133926563541,0.4780709862604344,0.5219290137395656,2.091739571610897,1.9159693630271806,0.6902441430906139,0.3097558569093861,1.4487627457763477,3.228348964818874,glm,True
2025/26,2026-02-07,Burnley,West Ham,D England,90,4,0,3.4512381778625123,3.5108521732772915,0.4498475918394379,0.5501524081605621,2.22297511010557,1.8176781291269923,0.462333101681348,0.537666898318652,2.162942684318602,1.8598876053688973,glm,True
2025/26,2026-02-07,Fulham,Everton,S Attwell,190,6,0,3.6533309326697085,3.44294068924074,0.49169626703299407,0.5083037329670059,2.0337758633683047,1.9673276726946842,0.44810125972557735,0.5518987402744227,2.2316384484444702,1.8119265854869795,glm,True
2025/26,2026-02-07,Man United,Tottenham,M Oliver,331,3,1,3.239160765761505,4.524689408202111,0.40465245978339137,0.5953475402166086,2.471256446915695,1.679691159278435,0.6519137347067823,0.34808626529321773,1.5339452856439357,2.8728510708620725,glm,True
2025/26,2026-02-07,Newcastle,Brentford,A Madley,123,4,0,3.1375429444389287,3.821931259490893,0.382668442110757,0.617331557889243,2.613228293621784,1.6198750691106132,0.5254515579130734,0.4745484420869266,1.903125007320717,2.107266427010675,glm,True
2025/26,2026-02-07,Wolves,Chelsea,J Gillett,75,2,0,3.7200749838820917,4.274953069825015,0.5051956347549306,0.49480436524506943,1.979431196956201,2.021000763614352,0.6098161714983436,0.39018382850165645,1.6398384410550455,2.562894530611626,glm,True
2025/26,2026-02-08,Brighton,Crystal Palace,T Bramall,43,4,0,3.509324548317589,4.057019671513342,0.46201454061814906,0.5379854593818509,2.164434042837823,1.8587862972151832,0.5704611025315797,0.42953889746842033,1.7529678983584018,2.3280778665068858,glm,True
2025/26,2026-02-08,Liverpool,Man City,C Pawson,270,6,1,2.796427581118835,3.3434137537807054,0.3083149315736847,0.6916850684263153,3.2434368160369433,1.4457446685601387,0.42700596868042573,0.5729940313195743,2.3418876393936476,1.7452188772316775,glm,True
2025/26,2026-02-10,Chelsea,Leeds,R Jones,106,8,0,3.8830978532261713,4.0931604328344395,0.5374037622042087,0.4625962377957913,1.8607982867451693,2.1617123493370056,0.5771506179553659,0.42284938204463407,1.7326499684651386,2.3649082686715257,glm,True
2025/26,2026-02-10,Everton,Bournemouth,A Madley,124,4,1,3.238237041441631,4.032399098529773,0.40445339870164854,0.5955466012983515,2.4724727328541154,1.6791297235512712,0.5658677694246628,0.43413223057533723,1.7671973101007934,2.3034456545065587,glm,True
2025/26,2026-02-10,Tottenham,Newcastle,A Taylor,345,5,0,3.364284300701308,4.024802050689299,0.43145115100826925,0.5685488489917307,2.3177594906470276,1.7588638193066581,0.564444562722485,0.435555437277515,1.771653172061222,2.2959189908191826,glm,True
2025/26,2026-02-10,West Ham,Man United,S Hooper,139,2,0,3.4278760210928407,4.046565658418512,0.44492557421405377,0.5550744257859462,2.2475669144585964,1.8015602116492226,0.5685143100666865,0.4314856899333135,1.7589706754834376,2.3175739620809925,glm,True
2025/26,2026-02-11,Aston Villa,Brighton,P Bankes,110,5,0,3.8063123464698982,4.275100412400603,0.5223735887347201,0.47762641126527994,1.9143387444648081,2.0936865642561524,0.6098419676519757,0.39015803234802426,1.6397690763235229,2.56306398200202,glm,True
2025/26,2026-02-11,Crystal Palace,Burnley,F Hallam,1,3,0,3.5019954998738045,3.9090594554835345,0.460485152307061,0.539514847692939,2.171622678798511,1.8535171075943082,0.5424267665154234,0.45757323348457657,1.8435668402281284,2.1854425189704787,glm,True
2025/26,2026-02-11,Man City,Fulham,P Tierney,186,4,0,3.1703345276161774,3.443084243681289,0.38977995145302735,0.6102200485469726,2.5655501168600012,1.6387531061641667,0.4481314900225124,0.5518685099774876,2.2314879053684975,1.8120258393449429,glm,True
2025/26,2026-02-11,Nott'm Forest,Wolves,T Robinson,46,2,0,4.235869192338957,4.3407491370602775,0.6029342149691588,0.3970657850308412,1.6585557348924906,2.518474362937938,0.6212239624749417,0.3787760375250583,1.6097254137075192,2.6400825314453638,glm,True
2025/26,2026-02-11,Sunderland,Liverpool,C Kavanagh,181,1,0,3.201243622980588,3.6308120415355805,0.3964687848915056,0.6035312151084944,2.522266665391203,1.656915127116058,0.48710340514961104,0.512896594850389,2.052952185158418,1.9497107409958498,glm,True
2025/26,2026-02-12,Brentford,Arsenal,J Brooks,71,5,0,3.7913346642626857,3.6790702810916596,0.5194122550621693,0.48058774493783074,1.9252529955811468,2.0807854768110263,0.49692259438898456,0.5030774056110154,2.012385855043679,1.9877656775013468,glm,True
2025/26,2026-02-18,Wolves,Arsenal,P Tierney,187,3,0,3.211162444386201,3.925865277890348,0.3986119903031924,0.6013880096968076,2.5087052680963753,1.6628199828994834,0.5456621276034159,0.4543378723965841,1.8326358920896086,2.201005156636197,glm,True
2025/26,2026-02-21,Aston Villa,Leeds,M Oliver,332,5,0,3.449513782279972,4.120162170602464,0.44948483273282736,0.5505151672671726,2.2247691739009077,1.816480379576329,0.5821068858611509,0.4178931141388491,1.7178975619239256,2.392956395227274,glm,True
2025/26,2026-02-21,Brentford,Brighton,J Gillett,76,3,0,3.5194288308728803,3.625335914174768,0.46412022907746975,0.5358797709225303,2.15461412226676,1.8660902207196128,0.485983681506134,0.514016318493866,2.0576822598257922,1.9454635271699716,glm,True
2025/26,2026-02-21,Chelsea,Burnley,L Smith,9,4,1,3.6300899970805687,3.990847764389846,0.486955829092691,0.513044170907309,2.053574349573403,1.9491499108771058,0.5580501715528644,0.4419498284471356,1.791953575101212,2.2627002787028263,glm,True
2025/26,2026-02-21,Man City,Newcastle,T Bramall,44,7,0,3.1803999739346174,3.6504967047869465,0.39195977457449915,0.6080402254255008,2.551282210235917,1.644628033121015,0.49111924948003616,0.5088807505199638,2.036165353035403,1.9650969288545905,glm,True
2025/26,2026-02-21,West Ham,Bournemouth,S Barrott,53,2,0,3.572186427509549,4.060839478396155,0.47505994996585876,0.5249400500341412,2.104997485205535,1.9049794351468547,0.5711711288541563,0.42882887114584367,1.7507887732458225,2.331932542993129,glm,True
2025/26,2026-02-22,Crystal Palace,Wolves,T Kirk,2,6,1,3.5297374792545027,4.252432030358588,0.4662650950104279,0.5337349049895721,2.144702682446421,1.8735892868380748,0.605860174375553,0.39413982562444705,1.650545855783768,2.537170656164145,glm,True
2025/26,2026-02-22,Nott'm Forest,Liverpool,A Taylor,346,2,0,3.246385700159002,3.5842427716215255,0.40620886768634146,0.5937911323136585,2.4617877145216847,1.6840938599126294,0.477546640551215,0.522453359448785,2.0940362994612123,1.9140464539361965,glm,True
2025/26,2026-02-22,Sunderland,Fulham,C Pawson,271,2,0,3.8270054510970386,3.6514690847958646,0.5264492656594993,0.47355073434050066,1.8995182731374294,2.111706154130811,0.4913172493041842,0.5086827506958158,2.035344782655657,1.9658618237636765,glm,True
2025/26,2026-02-22,Tottenham,Arsenal,P Bankes,111,3,0,3.6044230784760667,4.044008242193305,0.48169751739306355,0.5183024826069365,2.0759916003137784,1.9293752848148464,0.5680372559167555,0.43196274408324453,1.760447910033823,2.3150144629308302,glm,True
2025/26,2026-02-23,Everton,Man United,D England,91,5,0,3.7089181318765143,3.8683145916243142,0.5029511860813347,0.4970488139186653,1.9882645228284344,2.0118748340150656,0.5345300893647819,0.46546991063521814,1.870802074375958,2.148366579990785,glm,True
2025/26,2026-02-27,Wolves,Aston Villa,C Pawson,272,6,0,3.664208661040294,4.430433747922144,0.4939080424598954,0.5060919575401046,2.0246683877013374,1.9759254916054585,0.636410286082186,0.36358971391781403,1.5713133836288435,2.7503528337604193,glm,True
2025/26,2026-02-28,Bournemouth,Sunderland,J Gillett,77,6,0,3.795655399253445,4.395577670418439,0.5202675071888391,0.4797324928111609,1.9220881300146901,2.084495036265209,0.6305581978966016,0.3694418021033984,1.585896438006471,2.7067862767736357,glm,True
2025/26,2026-02-28,Burnley,Brentford,S Barrott,54,4,0,3.598608308458026,3.4135839825727254,0.4805029618787794,0.5194970381212206,2.081152624096162,1.9249387900584292,0.44190680572894236,0.5580931942710576,2.2629205684000757,1.791815435603242,glm,True
2025/26,2026-02-28,Leeds,Man City,P Bankes,112,3,0,3.684841939318624,3.62700888947724,0.49809104053787845,0.5019089594621216,2.007665102588716,1.9923932042808428,0.4863258774834536,0.5136741225165464,2.0562344022790016,1.9467595429975901,glm,True
2025/26,2026-02-28,Liverpool,West Ham,T Robinson,47,4,0,3.284787834499347,3.3907814089719883,0.4144642884200733,0.5855357115799267,2.4127531079021862,1.707837763305233,0.4370787771567254,0.5629212228432746,2.287917081001225,1.7764475017464645,glm,True
2025/26,2026-02-28,Newcastle,Everton,S Attwell,191,5,0,3.371481043007667,3.894897460280913,0.432981438518931,0.567018561481069,2.309567826788671,1.7636106962494682,0.5396904743965935,0.46030952560340654,1.8529139338952765,2.172451240693159,glm,True
2025/26,2026-03-01,Arsenal,Chelsea,D England,92,4,1,3.497697147847243,4.043625297826885,0.4595874013633977,0.5404125986366023,2.1758646930560563,1.8504379848339638,0.5679657953624921,0.43203420463750786,1.7606694067937159,2.3146315483030695,glm,True
2025/26,2026-03-01,Brighton,Nott'm Forest,A Madley,125,4,0,3.3643043652006788,4.320558915255185,0.4314554192777291,0.5685445807222709,2.317736561691666,1.7588770237324474,0.617747203498691,0.38225279650130894,1.6187851508454767,2.616069808129123,glm,True
2025/26,2026-03-01,Fulham,Tottenham,T Bramall,45,6,0,3.8415543851651615,3.9095078511478363,0.5293037792092392,0.4706962207907608,1.889274249078599,2.124512489860273,0.5425132551819125,0.4574867448180875,1.843272934713246,2.1858556806878298,glm,True
2025/26,2026-03-01,Man United,Crystal Palace,C Kavanagh,182,4,1,3.376198985029962,3.9225007207463087,0.43398392291899257,0.5660160770810074,2.3042328233588965,1.7667342686749892,0.5450154286605616,0.45498457133943837,1.8348104428118952,2.1978767259207923,glm,True
2025/26,2026-03-03,Bournemouth,Brentford,C Pawson,273,3,0,3.4504769103222777,3.9790553418190675,0.4496874556496744,0.5503125443503256,2.2237667238355043,1.8171492005157819,0.5558166668689742,0.44418333313102576,1.7991543967783457,2.251322653083471,glm,True
2025/26,2026-03-03,Everton,Burnley,T Robinson,48,1,0,3.740789774126033,3.6074248078880626,0.5093496890994913,0.4906503109005087,1.9632877400356477,2.0381114161828675,0.48231370350841285,0.5176862964915872,2.073339390371597,1.9316717610203362,glm,True
2025/26,2026-03-03,Leeds,Sunderland,S Attwell,192,4,0,3.9412228631938833,3.915037532989403,0.5486074353993468,0.45139256460065325,1.8227970229241823,2.215366575399175,0.5435790991016354,0.4564209008983646,1.8396586654135236,2.1909601379597623,glm,True
2025/26,2026-03-03,Wolves,Liverpool,T Bramall,46,3,0,3.3438760244033507,3.896036183970334,0.42710454310723067,0.5728954568927693,2.3413471388641627,1.7455191657893931,0.539910824634433,0.46008917536556704,1.852157716373047,2.1734916914866407,glm,True
2025/26,2026-03-04,Aston Villa,Chelsea,J Gillett,78,5,0,3.7423248961762736,4.302179702288317,0.5096568475820358,0.4903431524179642,1.9621045115832318,2.039388120480183,0.6145639139397088,0.3854360860602912,1.6271700588298845,2.594463871355254,glm,True
2025/26,2026-03-04,Brighton,Arsenal,C Kavanagh,183,5,0,3.10033364356776,4.0143357331261145,0.37458245259421885,0.6254175474057811,2.669639202462293,1.5989317922849766,0.5624793319562238,0.4375206680437762,1.7778431014027503,2.285606310831343,glm,True
2025/26,2026-03-04,Fulham,West Ham,M Donohue,4,6,0,3.8294343112174203,3.3831158065014946,0.5269264458732555,0.47307355412674446,1.8977980851629819,2.1138361915958694,0.4354525886753646,0.5645474113246354,2.2964612589443405,1.7713304143112323,glm,True
2025/26,2026-03-04,Man City,Nott'm Forest,D England,93,4,0,3.5718362650879354,4.0862098129059286,0.47498765154299105,0.525012348457009,2.10531788932094,1.9047171041575717,0.5758690217192819,0.4241309782807181,1.7365059801523213,2.3577622272573864,glm,True
2025/26,2026-03-04,Newcastle,Man United,P Bankes,113,5,1,3.6839356682671247,4.395241423016977,0.49790765516040725,0.5020923448395928,2.0084045497911402,1.991665497946354,0.6305014333355075,0.36949856666449254,1.58603921756332,2.7063704442134076,glm,True
2025/26,2026-03-05,Tottenham,Crystal Palace,A Madley,126,5,0,3.2612959970784243,4.104146433923314,0.40941769501871583,0.5905823049812842,2.4424933562148228,1.6932440941177378,0.5791714602453297,0.42082853975467027,1.726604414479285,2.3762646910377523,glm,True
2025/26,2026-03-14,Arsenal,Everton,A Madley,127,0,0,3.0233091987959435,3.690990327551502,0.35780239695513283,0.6421976030448672,2.7948387392312424,1.5571531180724991,0.49933433650199377,0.5006656634980062,2.002666203580829,1.9973408861580184,glm,True
2025/26,2026-03-14,Burnley,Bournemouth,P Bankes,114,1,0,3.657739133942077,3.7808374218537475,0.49259312792535326,0.5074068720746467,2.0300729817561285,1.970804998977006,0.5173311527179315,0.4826688472820685,1.9329978385145459,2.071813844276564,glm,True
2025/26,2026-03-14,Chelsea,Newcastle,P Tierney,188,4,0,3.1841973866231985,4.263367352850482,0.39278176194596726,0.6072182380540327,2.545943057655422,1.6468543553710189,0.6077842984769465,0.3922157015230535,1.6453205561675601,2.5496174582424826,glm,True
2025/26,2026-03-14,Sunderland,Brighton,T Kirk,3,3,0,3.7088083793676345,3.9086789966522324,0.5029290824419392,0.49707091755806077,1.988351906683474,2.0117853704108413,0.5423533747057492,0.4576466252942508,1.8438163135659376,2.185092044231802,glm,True
2025/26,2026-03-14,West Ham,Man City,M Oliver,333,4,0,2.709129725494355,3.37211770183508,0.2893810352726244,0.7106189647273756,3.455651470242012,1.4072239127246535,0.4331167514322455,0.5668832485677545,2.308846279191847,1.764031663533058,glm,True
2025/26,2026-03-15,Crystal Palace,Leeds,T Bramall,47,3,1,3.8576687352619943,3.9122538278764263,0.5324546949912642,0.4675453050087358,1.8780940602212302,2.1388301610285994,0.543042713941724,0.456957286058276,1.8414757703706413,2.188388347247995,glm,True
2025/26,2026-03-15,Liverpool,Tottenham,C Kavanagh,184,0,0,3.028025287668411,4.031434144246651,0.3588310287197555,0.6411689712802445,2.7868270020232644,1.5596512694668692,0.5656871507930041,0.43431284920699587,1.7677615597210539,2.3024877155393453,glm,True
2025/26,2026-03-15,Man United,Aston Villa,A Taylor,347,5,0,3.6097703456699235,4.300102131968974,0.4827949633863785,0.5172050366136215,2.0712726433305906,1.9334691838027303,0.6142029780097609,0.38579702199023913,1.628126264122588,2.5920365969680828,glm,True
2025/26,2026-03-15,Nott'm Forest,Fulham,S Barrott,55,5,0,4.05623894048275,3.755556501738999,0.570315893389286,0.429684106610714,1.7534142246276492,2.327291106687318,0.5123003510067701,0.48769964899322993,1.9519799235639894,2.0504423205231417,glm,True
2025/26,2026-03-16,Brentford,Wolves,S Attwell,193,6,0,3.611825101592575,3.9785139553010187,0.48321639760370605,0.516783602396294,2.0694661955990097,1.9350459174073271,0.5557139710462765,0.4442860289537235,1.7994868801251103,2.250802264376761,glm,True
2025/26,2026-03-20,Bournemouth,Man United,S Attwell,194,4,1,3.6235400363861716,4.299584070639563,0.48561623271277565,0.5143837672872243,2.0592392359162828,1.9440737900300316,0.6141129405591392,0.38588705944086077,1.6283649699508322,2.591431807661473,glm,True
2025/26,2026-03-21,Brighton,Liverpool,D England,94,10,0,3.2150281714047844,3.8603973297787944,0.3994468234226106,0.6005531765773894,2.503462141547713,1.665131480444574,0.5329871055823273,0.4670128944176727,1.8762179976332205,2.1412685001918828,glm,True
2025/26,2026-03-21,Everton,Chelsea,S Barrott,56,2,0,3.667889058458192,3.9376871027543734,0.4946553650876867,0.5053446349123133,2.0216095297434644,1.9788475644418757,0.5479302967132323,0.45206970328676765,1.8250496568605792,2.2120482587740593,glm,True
2025/26,2026-03-21,Fulham,Burnley,C Kavanagh,185,4,1,3.4132780390203292,3.323307822272059,0.4418421218733748,0.5581578781266252,2.263251850593332,1.7916077855182353,0.4227136370607665,0.5772863629392335,2.3656677058096585,1.7322425475435357,glm,True
2025/26,2026-03-21,Leeds,Brentford,J Gillett,79,2,0,3.8037811810434383,3.65028406724634,0.521873801953263,0.47812619804673695,1.9161720635471868,2.0914980272682104,0.49107594666757004,0.50892405333243,2.0363449009994823,1.9649297246848707,glm,True
2025/26,2026-03-22,Aston Villa,West Ham,P Tierney,189,1,0,3.2633974710771194,3.881080779147449,0.40986959884179575,0.5901304011582043,2.4398003726692274,1.6945407286887368,0.5370122406617244,0.46298775933827563,1.8621549459799402,2.1598843162273837,glm,True
2025/26,2026-03-22,Newcastle,Sunderland,A Taylor,348,7,0,3.500601777821211,4.301606996009026,0.4601941244156129,0.5398058755843871,2.1729960182996053,1.8525178128478363,0.6144644400498696,0.38553555995013045,1.6274334767343748,2.5937944612148134,glm,True
2025/26,2026-03-22,Tottenham,Nott'm Forest,M Oliver,334,3,0,3.3326760032449987,4.394010599922356,0.4247148054217078,0.5752851945782922,2.3545211686394594,1.7382682701108645,0.630293597822764,0.36970640217723605,1.586562204430317,2.7048490210364364,glm,True
2025/26,2026-04-10,West Ham,Wolves,J Gillett,80,4,0,3.5174053085497308,3.8354185533786818,0.46369879952604665,0.5363012004739534,2.1565723288956424,1.8646238328690208,0.5281010398774951,0.4718989601225049,1.8935770325920442,2.119097697821585,glm,True
2025/26,2026-04-11,Arsenal,Bournemouth,M Oliver,335,4,0,2.954275156252583,3.965809630518728,0.34273553349334474,0.6572644665066553,2.917701557838088,1.5214575729538153,0.5533001585078433,0.4466998414921567,1.8073372736722693,2.238639701907211,glm,True
2025/26,2026-04-11,Brentford,Everton,F Hallam,2,2,0,3.506474645948995,3.6642360510270766,0.46142004087886623,0.5385799591211338,2.1672227285475096,1.8567345165086002,0.4939136060317997,0.5060863939682003,2.0246455813076283,1.9759472135953817,glm,True
2025/26,2026-04-11,Burnley,Brighton,T Bramall,48,3,0,3.50864242532649,3.4691355533302013,0.4618722709628431,0.5381277290371569,2.1651007494243975,1.8582948732064903,0.45360742799861986,0.5463925720013801,2.204549436970513,1.8301859345142673,glm,True
2025/26,2026-04-11,Liverpool,Fulham,A Taylor,349,0,0,3.2074233873030975,3.560003172608845,0.39780426946132974,0.6021957305386703,2.51379906342913,1.6605896543063992,0.4725419804943487,0.5274580195056513,2.1162140958436164,1.8958854790704074,glm,True
2025/26,2026-04-12,Chelsea,Man City,C Kavanagh,186,4,0,3.089603364863034,4.023451467434126,0.37224783608169054,0.6277521639183095,2.6863823052031064,1.5929853491196118,0.5641912604961538,0.43580873950384624,1.772448582632409,2.2945845490351267,glm,True
2025/26,2026-04-12,Crystal Palace,Newcastle,A Madley,128,3,0,3.129462462525492,3.949160182992424,0.3809138484402155,0.6190861515597845,2.625265539950434,1.6152840723064228,0.5501254315053034,0.44987456849469665,1.8177672631198105,2.2228418097650002,glm,True
2025/26,2026-04-12,Nott'm Forest,Aston Villa,M Salisbury,57,4,0,3.9815203624388107,4.166011243373524,0.5562840843735589,0.4437159156264411,1.7976426579346005,2.2536942326898357,0.5904400643081081,0.40955993569189186,1.6936520071208652,2.4416450752455696,glm,True
2025/26,2026-04-12,Sunderland,Tottenham,R Jones,107,6,0,3.9545552898990777,4.441744379760066,0.5511555778894843,0.4488444221105157,1.8143697353644788,2.2279434715884188,0.6382955105424211,0.36170448945757894,1.566672463590107,2.7646878298348603,glm,True
2025/26,2026-04-13,Man United,Leeds,P Tierney,190,5,1,3.547736993796131,3.9694481511794217,0.4700017629109394,0.5299982370890606,2.127651593914319,1.8867987287889048,0.5539922428908229,0.44600775710917706,1.8050794263505117,2.242113470136827,glm,True
2025/26,2026-04-18,Brentford,Fulham,P Tierney,191,1,0,3.408082872663218,3.2678292822802457,0.4407433435680874,0.5592566564319126,2.2688941639013476,1.788087792070377,0.410822330815805,0.589177669184195,2.4341422678124984,1.6972808921706932,glm,True
2025/26,2026-04-18,Chelsea,Man United,M Oliver,336,4,0,3.2153111565425214,4.541803195036312,0.3995079260885477,0.6004920739114523,2.503079249993048,1.6653009147752025,0.6546780919333717,0.3453219080666283,1.5274682509183042,2.8958487041808376,glm,True
2025/26,2026-04-18,Leeds,Wolves,F Hallam,3,3,0,3.8237760355339736,4.029166506597749,0.5258144130901427,0.47418558690985735,1.9018116945922623,2.108878944458723,0.5652625227763937,0.43473747722360634,1.7690895109909481,2.3002387702720464,glm,True
2025/26,2026-04-18,Newcastle,Bournemouth,T Bramall,49,6,0,3.5387983979002966,4.378161167953481,0.4681474712579867,0.5318525287420133,2.136079037899833,1.8802204482608973,0.6276101811904269,0.3723898188095731,1.5933457263284645,2.685358056234519,glm,True
2025/26,2026-04-18,Tottenham,Brighton,S Attwell,195,4,0,3.5393522399014676,4.1837308041337655,0.46826244197760514,0.5317375580223949,2.135554574432056,1.8806269839564043,0.5936325268309284,0.4063674731690716,1.6845438125475367,2.4608268772140236,glm,True
2025/26,2026-04-19,Aston Villa,Sunderland,S Barrott,57,4,0,4.050793325786962,4.332459544367369,0.5693022389849498,0.4306977610150502,1.7565362148987371,2.3218137880337304,0.6197990568419145,0.3802009431580855,1.613426140232187,2.630188109723351,glm,True
2025/26,2026-04-19,Everton,Liverpool,C Kavanagh,187,2,0,2.925159444981527,3.746166750098089,0.33637888981079134,0.6636211101892087,2.972838160452003,1.5068839502632527,0.5104251348254213,0.4895748651745787,1.9591511698224384,2.0425885214581174,glm,True
2025/26,2026-04-19,Man City,Arsenal,A Taylor,350,4,0,2.9451456340239046,3.8775091490203284,0.34074230757760304,0.659257692422397,2.9347691136717824,1.5168575376429343,0.5363185304131891,0.4636814695868109,1.8645635817013122,2.156652930062324,glm,True
2025/26,2026-04-19,Nott'm Forest,Burnley,T Kirk,4,2,0,3.652003496906769,3.7348769763552356,0.4914260532857203,0.5085739467142797,2.034894147988099,1.9662823989719764,0.5081657223447217,0.4918342776552783,1.9678619710631235,2.0332051779052494,glm,True
2025/26,2026-04-20,Crystal Palace,West Ham,D England,95,3,0,3.558885678646562,3.7684242456794785,0.47231076851236975,0.5276892314876303,2.1172500537086743,1.8950547790805947,0.5148642824495568,0.48513571755044316,1.9422594149322714,2.0612788624371334,glm,True
2025/26,2026-04-21,Brighton,Chelsea,C Pawson,274,2,0,3.4434655383823136,4.095160839892202,0.44821178175163334,0.5517882182483667,2.231088161252593,1.8122895105924275,0.5775190271409364,0.4224809728590636,1.7315446816542068,2.3669705010208646,glm,True
2025/26,2026-04-22,Bournemouth,Leeds,M Salisbury,58,3,0,3.9031779001318494,3.907179633778695,0.5412914647395771,0.4587085352604229,1.8474335272977451,2.180033557544922,0.5420640788739426,0.4579359211260574,1.8448003455188382,2.1837116370801732,glm,True
2025/26,2026-04-22,Burnley,Man City,A Madley,129,0,0,2.919543855493802,3.3859876595152123,0.33515297409405376,0.6648470259059462,2.9837121472756816,1.5041053972338394,0.436062008274706,0.563937991725294,2.2932518335099488,1.7732446025504183,glm,True
2025/26,2026-04-24,Sunderland,Nott'm Forest,D England,96,7,0,4.215593608334068,4.407321936324656,0.5993333398664218,0.4006666601335782,1.6685205602326045,2.495840306918999,0.6325371143887544,0.3674628856112456,1.580934900501988,2.72136327002543,glm,True
2025/26,2026-04-25,Arsenal,Newcastle,S Barrott,58,4,0,3.3753701618632,4.1567555164557115,0.4338078533619072,0.5661921466380928,2.3051680421417893,1.766184864869196,0.5887662438453825,0.41123375615461755,1.6984669390499445,2.431706991543796,glm,True
2025/26,2026-04-25,Fulham,Aston Villa,M Oliver,337,4,0,3.4009018030174087,3.6082457439493028,0.4392233280472754,0.5607766719527246,2.276746101910976,1.7832410833314825,0.4824821665213721,0.5175178334786279,2.072615465168087,1.9323005610806594,glm,True
2025/26,2026-04-25,Liverpool,Crystal Palace,A Madley,130,4,0,2.8634636982979407,3.6210018136095297,0.32291594811451274,0.6770840518854873,3.096781084486354,1.4769215095456514,0.48509669430940616,0.5149033056905938,2.0614446804747266,1.9421122159213744,glm,True
2025/26,2026-04-25,West Ham,Everton,S Attwell,196,7,0,3.3645345062357626,3.739438631551615,0.4315043758603231,0.5684956241396769,2.317473601527734,1.7590284912277607,0.5090792636034155,0.4909207363965845,1.964330648476429,2.03698871500136,glm,True
2025/26,2026-04-25,Wolves,Tottenham,A Taylor,351,7,0,3.5899021679101333,4.583890747791273,0.4787121718048991,0.5212878281951009,2.0889379023509633,1.9183260109149007,0.6614100671919733,0.33858993280802674,1.511921347441105,2.9534250817994008,glm,True
2025/26,2026-04-27,Man United,Brentford,C Kavanagh,188,6,0,3.3680865461822527,3.872853185176256,0.43225981040058425,0.5677401895994157,2.3134234919348136,1.761369052815473,0.5354133625770533,0.4645866374229467,1.8677158059462633,2.152451059606409,glm,True
2025/26,2026-05-01,Leeds,Burnley,T Bramall,50,7,0,3.778900395886535,3.5969835054897663,0.5169466294482248,0.4830533705517752,1.9344356709847856,2.0701646256142143,0.480168955608702,0.519831044391298,2.082600277088545,1.9237019619922107,glm,True
2025/26,2026-05-02,Arsenal,Fulham,J Gillett,81,1,0,3.5261172183002656,3.574989113086724,0.46551224184704065,0.5344877581529593,2.148171218939894,1.8709502411350283,0.4756384707229431,0.5243615292770569,2.102437169306464,1.907081172371114,glm,True
2025/26,2026-05-02,Brentford,West Ham,C Pawson,275,4,0,3.258173210360777,3.2955220461554546,0.40874600435711494,0.591253995642885,2.4465070957031685,1.691320494016578,0.4167663942986053,0.5832336057013947,2.3994257062951165,1.7145788415216634,glm,True
2025/26,2026-05-02,Newcastle,Brighton,C Kavanagh,189,6,0,3.1728070016451433,4.170601169571049,0.3903155429685511,0.6096844570314489,2.5620296655226285,1.6401927070094517,0.5912685242703608,0.4087314757296392,1.6912789349543398,2.4465940583970665,glm,True
2025/26,2026-05-02,Wolves,Sunderland,P Tierney,192,4,1,3.572281980052697,4.247990238058468,0.4750796780693549,0.5249203219306451,2.104910073324614,1.9050510300725692,0.605076870922578,0.394923129077422,1.6526825731667307,2.5321383488885423,glm,True
2025/26,2026-05-03,Aston Villa,Tottenham,S Barrott,59,7,0,3.8458506482520196,4.6329914920146225,0.5301449552704544,0.46985504472954565,1.8862765552297829,2.1283159800393596,0.6691443912957917,0.33085560870420827,1.4944457623914467,3.022466519206028,glm,True
2025/26,2026-05-03,Bournemouth,Crystal Palace,R Jones,108,2,0,3.664314703171205,3.9330342178242197,0.49392958203521165,0.5060704179647884,2.0245800947567285,1.9760095917512779,0.547038343064259,0.452961656935741,1.8280254257836053,2.2076923834236686,glm,True
2025/26,2026-05-03,Man United,Liverpool,D England,97,4,0,3.398158154491908,4.120800782585901,0.4386422104908103,0.5613577895091897,2.27976235775638,1.7813950722485334,0.5822236710875077,0.4177763289124923,1.7175529777622196,2.393625322437693,glm,True
2025/26,2026-05-04,Chelsea,Nott'm Forest,A Taylor,352,4,0,3.6283909048453853,4.582405841508051,0.4866084822011796,0.5133915177988204,2.0550402152393388,1.9478311684764995,0.6611741609450243,0.33882583905497565,1.5124607993916273,2.951368770425288,glm,True
2025/26,2026-05-04,Everton,Man City,M Oliver,338,5,0,2.807256467158113,3.7510228061042996,0.3106707123648118,0.6893292876351882,3.2188422023693315,1.4506854966667646,0.511395381324469,0.48860461867553096,1.9554341640905868,2.046644591102551,glm,True
2025/26,2026-05-09,Brighton,Wolves,J Brooks,72,3,0,4.0259017410279965,4.356381699948942,0.5646507456997627,0.4353492543002373,1.771006250528751,2.2970063463353334,0.623901321127101,0.37609867887289905,1.602817570883586,2.6588766623611186,glm,True
2025/26,2026-05-09,Fulham,Bournemouth,A Madley,131,6,2,3.3567821040172845,3.404081897031314,0.42985451695960153,0.5701454830403985,2.3263684817670107,1.7539383012688774,0.43989663139302837,0.5601033686069716,2.2732613269469297,1.7853847272639898,glm,True
2025/26,2026-05-09,Liverpool,Chelsea,C Pawson,276,6,0,3.066662679257356,3.822158378530295,0.36725293079107535,0.6327470692089247,2.7229190461352233,1.580410322959257,0.5254962386011125,0.4745037613988875,1.9029631927757114,2.1074648534964058,glm,True
2025/26,2026-05-09,Man City,Brentford,M Salisbury,59,6,0,3.273818617544508,3.7395201160445164,0.41210925885181426,0.5878907411481857,2.4265409682522536,1.7009963416789662,0.5090955744751856,0.4909044255248144,1.9642677134462934,2.0370563963258705,glm,True
2025/26,2026-05-09,Sunderland,Man United,S Attwell,197,3,0,3.8562854783443634,4.2267308234704,0.5321846654691159,0.4678153345308841,1.879047001699136,2.1375955984914006,0.6013138592234251,0.39868614077657494,1.6630250320381166,2.508238681314993,glm,True
2025/26,2026-05-10,Burnley,Aston Villa,A Taylor,353,2,0,3.4305238270907306,3.8031823945947263,0.4454842121416873,0.5545157878583127,2.244748461887012,1.8033751642352074,0.5217555298999288,0.4782444701000712,1.9166064233028774,2.0909807902028708,glm,True
2025/26,2026-05-10,Crystal Palace,Everton,T Bramall,51,2,0,3.5992298587935974,4.129698132446726,0.48063070743874303,0.519369292561257,2.0805994800643304,1.9254122535210436,0.5838486647796699,0.4161513352203301,1.7127726075683933,2.402971984868324,glm,True
2025/26,2026-05-10,Nott'm Forest,Newcastle,P Tierney,193,2,0,3.325374158696997,4.1570662201786766,0.423155210886921,0.576844789113079,2.363199068029977,1.733568576631399,0.5888225014324202,0.4111774985675798,1.6983046632343601,2.4320396993602587,glm,True
2025/26,2026-05-10,West Ham,Arsenal,C Kavanagh,190,7,0,2.9845969830969032,3.573847116291276,0.3493550180617214,0.6506449819382786,2.8624177363993883,1.5369364672897177,0.4754027764832016,0.5245972235167984,2.1034795114103315,1.9062243473120069,glm,True
2025/26,2026-05-11,Tottenham,Leeds,J Gillett,82,4,0,3.80292489773152,4.0488826192723115,0.5217046645539511,0.47829533544604885,1.9167932892740829,2.090758420354277,0.5689462387504534,0.43105376124954664,1.7576353122506747,2.319896240091216,glm,True
2025/26,2026-05-13,Man City,Crystal Palace,S Attwell,198,2,0,3.197960479862916,3.896730130744008,0.39575902028076415,0.6042409797192358,2.526790164607159,1.6549688511107867,0.5400450792173837,0.45995492078261635,1.8516972721039668,2.174126104137539,glm,True
2025/26,2026-05-15,Aston Villa,Liverpool,C Kavanagh,191,4,0,3.085280494789461,4.253763420198557,0.3713069778692636,0.6286930221307364,2.6931893543678513,1.5906013981368008,0.6060947664054854,0.39390523359451457,1.649907003702762,2.538681679536653,glm,True
2025/26,2026-05-17,Brentford,Crystal Palace,S Barrott,60,4,0,3.630237159049225,3.6770759332687093,0.48698590855073864,0.5130140914492614,2.05344750729232,1.949264195014618,0.49651854934356066,0.5034814506564393,2.014023446499802,1.9861704908814406,glm,True
2025/26,2026-05-17,Everton,Sunderland,J Brooks,73,3,0,4.1897907934534535,4.384942553461967,0.5947207106957182,0.4052792893042818,1.6814615365087533,2.467434251862805,0.6287599274539204,0.3712400725460796,1.5904321448241252,2.693674724125792,glm,True
2025/26,2026-05-17,Leeds,Brighton,M Oliver,339,1,0,3.2424703260054257,3.730098409182232,0.4053655333671866,0.5946344666328134,2.466909289730323,1.6817054108259415,0.507207841496281,0.49279215850371905,1.9715783514899234,2.0292530689537203,glm,True
2025/26,2026-05-17,Man United,Nott'm Forest,M Salisbury,60,3,0,3.915130272892613,4.576801019673276,0.5435969628824429,0.45640303711755714,1.8395982102207917,2.1910458929361307,0.6602826662456285,0.3397173337543715,1.5145028805405516,2.943623714894212,glm,True
2025/26,2026-05-17,Newcastle,West Ham,J Gillett,83,4,0,3.282906371963556,3.9373017589231862,0.4140605282254406,0.5859394717745594,2.4151058404087653,1.7066609234763257,0.5478564643111797,0.45214353568882026,1.8252956114286258,2.2116870441961427,glm,True
2025/26,2026-05-17,Wolves,Fulham,T Kirk,5,1,0,3.714745726506274,3.626191559659625,0.5041241521538226,0.49587584784617744,1.9836383472753587,2.016633809336493,0.48615871090347396,0.513841289096526,2.056941442315426,1.9461262090445755,glm,True
2025/26,2026-05-18,Arsenal,Burnley,P Tierney,194,4,0,3.013566684591887,3.9011544913977905,0.35567707980195207,0.6443229201980479,2.811539052662093,1.5520168050092433,0.5409005310462818,0.4590994689537182,1.8487687524833207,2.178177209132886,glm,True
2025/26,2026-05-19,Bournemouth,Man City,A Taylor,354,6,0,3.1562249898193038,3.792591412101174,0.3867218282137862,0.6132781717862138,2.585838003039186,1.630581432708477,0.5196610984499362,0.48033890155006376,1.9243310745846396,2.081863444274405,glm,True
2025/26,2026-05-19,Chelsea,Tottenham,S Attwell,199,7,0,3.630912891655202,4.46305889930447,0.4871240160153354,0.5128759839846646,2.052865322017953,1.9497890937117865,0.6418297959520758,0.3581702040479242,1.5580454605050278,2.7919687028633935,glm,True
2025/26,2026-05-24,Brighton,Man United,S Barrott,61,1,0,3.7132427476862624,4.310046749459282,0.5038217643828508,0.49617823561714924,1.984828903183521,2.0154048045984814,0.6159286317967603,0.3840713682032397,1.6235647254826318,2.6036827599989913,glm,True
2025/26,2026-05-24,Burnley,Wolves,A Kitchen,5,4,0,3.483537903983817,3.635827810550308,0.4566260133963286,0.5433739866036714,2.1899759774133805,1.8403530987017687,0.48812803007258787,0.5118719699274121,2.048642852678002,1.9536135181260437,glm,True
2025/26,2026-05-24,Crystal Palace,Arsenal,F Hallam,4,1,0,3.2774095353206,4.11524431034224,0.4128804853424194,0.5871195146575806,2.42200839104967,1.7032307307707515,0.5812068653730909,0.41879313462690915,1.7205577903111582,2.3878137374216304,glm,True
2025/26,2026-05-24,Fulham,Newcastle,R Jones,109,4,0,3.674560991295232,3.7357021042529346,0.49600881670794783,0.5039911832920522,2.0160931949498075,1.9841616939963833,0.5083310290689417,0.4916689709310583,1.9672220321305163,2.0338887729814044,glm,True
2025/26,2026-05-24,Liverpool,Brentford,D England,98,5,0,3.278626600634577,3.618946934193085,0.41314181543643724,0.5868581845635628,2.4204763658300092,1.7039891856389195,0.48467591758224304,0.515324082417757,2.0632343463409515,1.940526426221493,glm,True
2025/26,2026-05-24,Man City,Aston Villa,A Madley,132,1,0,3.0599837323084786,4.548921879610629,0.3657978697624761,0.6342021302375239,2.7337502010313264,1.5767843599413265,0.6558233690655073,0.3441766309344927,1.524800803339648,2.9054848880496205,glm,True
2025/26,2026-05-24,Nott'm Forest,Bournemouth,C Pawson,277,2,0,3.6441783522686615,3.9664585632517033,0.48983181985655766,0.5101681801434423,2.0415170257678237,1.9601379288665812,0.5534236373367718,0.4465763626632282,1.8069340240187022,2.2392586881140395,glm,True
2025/26,2026-05-24,Sunderland,Chelsea,C Kavanagh,192,5,0,3.5940024385805436,4.180233483210659,0.47955590217174915,0.5204440978282509,2.0852626262576117,1.9214359508982366,0.5930036769598168,0.4069963230401832,1.6863301845390786,2.4570246544985834,glm,True
2025/26,2026-05-24,Tottenham,Everton,M Oliver,340,8,1,3.1284842334299916,4.303956468918996,0.3807013813474316,0.6192986186525684,2.6267306844557803,1.614729905543368,0.6148724142934359,0.38512758570656414,1.6263536576919346,2.5965421255539938,glm,True
2025/26,2026-05-24,West Ham,Leeds,A Taylor,355,3,0,3.463197352826171,3.523283751879156,0.45236100726273787,0.5476389927372621,2.210623780442653,1.8260204500809984,0.46492270784714895,0.535077292152851,2.150895155520703,1.8688888776732808,glm,True
