Season,Date,HomeTeam,AwayTeam,Referee,HY,AY,HR,AR,total_yellow_cards,total_red_cards,league_yellow_mean_prior,league_fouls_mean_prior,ref_yellow_mean_prior,ref_fouls_mean_prior,ref_games_prior,home_team_yellow_mean_prior,away_team_yellow_mean_prior,home_cards_drawn_mean_prior,away_cards_drawn_mean_prior,home_fouls_mean_prior,away_fouls_mean_prior,home_team_games_prior,away_team_games_prior,home_yellow_home_mean_prior,away_yellow_away_mean_prior
2022/23,05/08/2022,Crystal Palace,Arsenal,A Taylor,1,2,0,0,3,0,3.208241919046301,9.932616019347927,3.4608594980082037,20.415647910584404,238,1.677309762986982,1.6302878194133144,1.7180621140841605,1.8215103899462295,11.271143009859276,9.788384389169623,304,304,1.6291126610350135,1.6889929005559716
2022/23,06/08/2022,Bournemouth,Aston Villa,P Bankes,3,3,0,0,6,0,3.207281856217776,9.965380626570461,3.5028444750850687,16.970851807254085,39,1.5368517752274797,1.8392907996177235,1.8636810435201627,1.805144458154309,9.023123681459897,10.715806608289164,190,190,1.6004964901966665,2.000496490196667
2022/23,06/08/2022,Everton,Chelsea,C Pawson,3,2,0,0,5,0,3.207281856217776,9.965380626570461,3.5144638472974745,21.136975071201192,195,1.6145912662120165,1.542490952732393,1.6960959684063739,1.9688232411336468,10.51329264796012,9.996051268649776,304,304,1.5572132570157684,1.6470336162972057
2022/23,06/08/2022,Fulham,Liverpool,A Madley,2,0,0,0,2,0,3.207281856217776,9.965380626570461,2.8168863772206345,18.573350223775165,45,1.7368638892487178,1.2979768461493209,1.1654353178201464,1.5205473790646813,10.788355546145917,9.491349074292408,76,304,1.7746153570119494,1.509309065399002
2022/23,06/08/2022,Leeds,Wolves,R Jones,2,0,0,0,2,0,3.207281856217776,9.965380626570461,2.94004354054137,15.0241386311545,22,2.0335671859520144,1.5871533767762473,1.5280726804575089,1.9284707420457086,10.667476425266795,10.058325477241187,76,152,2.0765021494647797,1.561039713424542
2022/23,06/08/2022,Newcastle,Nott'm Forest,S Hooper,0,3,0,0,3,0,3.207281856217776,9.965380626570461,2.9203020055540327,18.22102076252413,48,1.6443224694720047,1.603640928108888,1.7012619712513641,1.603640928108888,10.326478130602414,4.9826903132852305,266,0,1.6287473913623873,1.603640928108888
2022/23,06/08/2022,Tottenham,Southampton,A Marriner,3,0,0,0,3,0,3.207281856217776,9.965380626570461,3.0644638472974743,17.832429616655734,195,1.7055003571211076,1.5612997301618599,1.9406100749894462,1.4829298242057471,10.67943684858708,10.961568510029085,304,304,1.5272731372552892,1.7009258318660678
2022/23,07/08/2022,Leicester,Brentford,J Gillett,0,0,0,0,0,0,3.2150658076056136,10.041835302988963,3.275783682062951,12.413114193374238,9,1.4298212964170598,1.6059055388121153,1.58969590456753,1.3983583690007944,10.327002397405696,8.421014429668249,304,38,1.2641496620182162,1.6503821634424147
2022/23,07/08/2022,Man United,Brighton,P Tierney,4,1,0,0,5,0,3.2150658076056136,10.041835302988963,3.2900434326152963,20.483960016828263,128,1.809131641244646,1.5127463100343517,1.7056833653825771,1.4493316758880104,11.330137193643942,10.518603730597157,304,190,1.6593592428565396,1.38284539597311
2022/23,07/08/2022,West Ham,Man City,M Oliver,0,1,0,0,1,0,3.2150658076056136,10.041835302988963,3.1526226557757377,20.523433653390406,233,1.5959654970440191,1.5144607948496618,1.5050564061349283,1.6712006067618876,9.653021206183126,9.5244945604151,304,304,1.6234310991439647,1.6952873865691145
2022/23,13/08/2022,Arsenal,Leicester,D England,1,1,0,0,2,0,3.1983586839996265,9.958697009025574,3.3838262903844356,15.86475817741614,27,1.6312115316562412,1.4249615316562412,1.8187115316562412,1.5843365316562412,9.792781961149036,10.311531961149036,305,305,1.568788563652678,1.6107047313173486
2022/23,13/08/2022,Aston Villa,Everton,M Oliver,4,1,0,0,5,0,3.1983586839996265,9.958697009025574,3.1426987146717784,20.482499711295908,234,1.8446004375242582,1.6187115316562413,1.8106198549999866,1.6968365316562413,10.741214696930543,10.524031961149038,191,305,1.6453426375454292,1.6705849708383065
2022/23,13/08/2022,Brentford,Man United,S Attwell,0,4,0,0,4,0,3.1983586839996265,9.958697009025574,3.49610767697835,18.352283634716827,114,1.5738461135184667,1.8155865316562412,1.370142409814763,1.7030865316562414,8.346115325327625,11.314656961149037,39,305,1.5584614744116823,1.9400460486826179
2022/23,13/08/2022,Brighton,Newcastle,G Scott,2,3,0,0,5,0,3.1983586839996265,9.958697009025574,2.8047370093219546,18.12684258665796,93,1.5096489812135787,1.638254220319139,1.4611052918931902,1.7056301068439617,10.522768094988795,10.321596551658482,191,267,1.6544335466363382,1.6553222306080893
2022/23,13/08/2022,Man City,Bournemouth,D Coote,0,3,0,0,3,0,3.1983586839996265,9.958697009025574,3.435733692553092,19.659227927932335,69,1.512461531656241,1.5436295637378505,1.665586531656241,1.8688722821844523,9.505281961149038,9.066457415377144,305,191,1.3412436534730372,1.4817062739090656
2022/23,13/08/2022,Southampton,Leeds,T Harrington,1,3,0,0,4,0,3.1983586839996265,9.958697009025574,3.105677396428238,11.177408043772834,3,1.5562115316562413,2.032474892717361,1.4874615316562412,1.510735762282578,10.945906961149038,10.69228508225752,305,77,1.4250759888023785,1.8676922666037208
2022/23,13/08/2022,Wolves,Fulham,J Brooks,3,3,0,0,6,0,3.1983586839996265,9.958697009025574,3.4813436931031263,11.378187076746185,4,1.5773076793452214,1.7389966318477956,1.9284981555356975,1.152040110108665,10.051727545045786,10.746632908344477,153,77,1.6152493420878813,1.6601450967923999
2022/23,14/08/2022,Chelsea,Tottenham,A Taylor,3,0,0,0,3,0,3.228610491760427,9.943481989457407,3.461042660204586,20.441617612638012,239,1.544420558400635,1.710045558400635,1.9725455584006348,1.935045558400635,9.998675359127908,10.679925359127909,305,305,1.4443986747796598,1.8755363993305583
2022/23,14/08/2022,Nott'm Forest,West Ham,R Jones,4,1,0,0,5,0,3.228610491760427,9.943481989457407,2.9315679644585555,15.158063536175732,23,1.7009111680127,1.591295558400635,1.5134111680127,1.503795558400635,5.536007182558159,9.645550359127908,1,305,1.6143052458802134,1.570147177773672
2022/23,15/08/2022,Liverpool,Crystal Palace,P Tierney,2,4,1,0,6,1,3.2357280623966895,9.940012631361942,3.3045013088306314,20.457794258337977,129,1.2945873764624225,1.6758373764624224,1.5227123764624224,1.7195873764624225,9.489219046047545,11.286094046047545,305,305,1.1153770087902706,1.7201674279519472
2022/23,20/08/2022,Bournemouth,Arsenal,C Pawson,2,1,0,0,3,0,3.2484722522858407,9.917576639057689,3.5258452774079005,21.149047131115125,196,1.5524808787060087,1.6304160183555882,1.8616596226673614,1.8173319062060553,9.064646496584215,9.808043067890756,192,306,1.6158877647940884,1.6926401303103797
2022/23,20/08/2022,Crystal Palace,Aston Villa,A Madley,2,1,0,0,3,0,3.2484722522858407,9.917576639057689,2.819884595875296,18.520273464456935,46,1.6833755199132205,1.8568287047929652,1.7207586974833142,1.808519526049004,11.275332787516923,10.731313163250881,306,192,1.6271639398341893,2.0122841611904847
2022/23,20/08/2022,Everton,Nott'm Forest,A Marriner,3,2,0,0,5,0,3.2484722522858407,9.917576639057689,3.0688317027472674,17.823255275911503,196,1.617954959165557,1.8449142289496356,1.705182373495775,1.4919730524790473,10.512092912127518,5.787166164290157,306,2,1.5676401303103797,1.7102213682589877
2022/23,20/08/2022,Fulham,Brentford,P Bankes,3,2,0,0,5,0,3.2484722522858407,9.917576639057689,3.557104712417631,17.214452553483724,40,1.7565972246467076,1.552064398038978,1.175952063356385,1.4247916707662511,10.778299191321857,8.297851359871503,78,40,1.7845100350397,1.6103869112041087
2022/23,20/08/2022,Leicester,Southampton,M Salisbury,2,3,0,0,5,0,3.2484722522858407,9.917576639057689,3.328993082398072,11.354979142015793,3,1.4248085417200742,1.5556496632154013,1.5836870463929713,1.4933443672652456,10.306485435492002,10.941999454183591,306,306,1.2581163207865704,1.6926401303103797
2022/23,20/08/2022,Tottenham,Wolves,S Hooper,2,2,0,0,4,0,3.2484722522858407,9.917576639057689,2.9352946798262973,18.26945156724922,49,1.705182373495775,1.5879499520245197,1.9388272333088592,1.9370623780600225,10.67408668159792,10.031845117117946,306,154,1.5378782255484749,1.5474298031754763
2022/23,21/08/2022,Leeds,Chelsea,S Attwell,0,1,0,1,1,1,3.2736957518219936,9.97085809198242,3.513159955682499,18.373367516425432,115,2.0489539584802685,1.5500084677216976,1.5113195498781178,1.9674539505877413,10.707327265482455,9.996203849501146,78,306,2.084309595160462,1.6520995127301483
2022/23,21/08/2022,Newcastle,Man City,J Gillett,4,2,0,0,6,0,3.2736957518219936,9.97085809198242,3.224068394158567,12.322041494273156,10,1.6450626082638338,1.5095100253540963,1.7086668485465193,1.6715037948245015,10.30664818264971,9.503992011494915,268,306,1.6211591821386908,1.693766179396815
2022/23,21/08/2022,West Ham,Brighton,A Taylor,2,0,0,0,2,0,3.2736957518219936,9.97085809198242,3.463556203002075,20.43498661245117,240,1.5905069100892988,1.5147474306215698,1.5126252901516042,1.4712691697520046,9.650409456977783,10.51102142845347,306,192,1.6163852270158627,1.3833578210690536
2022/23,22/08/2022,Man United,Liverpool,M Oliver,3,1,0,0,4,0,3.2699487580034146,10.01196724716449,3.156725842115713,20.47038146607351,235,1.8240642233178368,1.2975844725390204,1.6994536314175253,1.5312293323521047,11.327382412316927,9.483145652192317,306,306,1.6757417600299143,1.5031227124108668
2022/23,27/08/2022,Arsenal,Fulham,J Gillett,2,3,0,0,5,0,3.2733145308228644,10.002615258977356,3.3009128686269893,12.58514948540094,11,1.6290368291340729,1.7718070104379946,1.8184778229228926,1.1867006274592713,9.810619920628355,10.80871930257798,307,79,1.5687491606022113,1.695367758910583
2022/23,27/08/2022,Brentford,Everton,J Brooks,2,2,0,0,4,0,3.2733145308228644,10.002615258977356,3.627762109019054,11.735512715814462,5,1.5633903389494908,1.6228256490098494,1.4562474818066335,1.706676580686868,8.286064543613039,10.500060914417174,41,307,1.5299959708906137,1.6699396367926875
2022/23,27/08/2022,Brighton,Leeds,M Salisbury,2,3,0,0,5,0,3.2733145308228644,10.002615258977356,3.408029767950745,11.93328901635979,4,1.507451245101786,2.027126159374165,1.4737973989479398,1.5058495636294837,10.495286607895817,10.76616611108862,193,79,1.6626113421727162,1.8990714626142866
2022/23,27/08/2022,Chelsea,Leicester,P Tierney,1,2,1,0,3,1,3.2733145308228644,10.002615258977356,3.327953956584333,20.43267988048022,130,1.548291487519166,1.4271734750968057,1.9613349657800356,1.5886641583266194,10.012483274665621,10.310619920628355,307,307,1.4556539225069731,1.610415827268878
2022/23,27/08/2022,Liverpool,Bournemouth,S Attwell,0,1,0,0,1,0,3.2733145308228644,10.002615258977356,3.4952685338338414,18.468548804783218,116,1.2967386924881101,1.555528168178709,1.535869127270719,1.8584127835633244,9.475216193920282,9.081825069434279,307,193,1.1223205891736399,1.500449180010554
2022/23,27/08/2022,Man City,Crystal Palace,D England,1,2,0,0,3,0,3.2733145308228644,10.002615258977356,3.3930728918975777,16.03896946178177,28,1.5110244067738245,1.6849374502520855,1.6787262701278618,1.7190989409353152,9.496955324355064,11.291986380255684,307,307,1.336606303459354,1.735415827268878
2022/23,27/08/2022,Southampton,Man United,A Madley,0,3,0,0,3,0,3.2733145308228644,10.002615258977356,2.83101198986905,18.709241409367138,47,1.5607138477676132,1.827794593109228,1.4954964564632656,1.6973598105005325,10.95658265354761,11.326147870938913,307,307,1.4258920177450682,1.9556539225069731
2022/23,28/08/2022,Aston Villa,West Ham,D Coote,2,0,0,0,2,0,3.278004602624702,9.939868877587775,3.4521064743749217,19.636807599365206,70,1.8537742044215637,1.5918789891915692,1.810504973652333,1.5080280575145506,10.747831810489945,9.650773343422076,193,307,1.6719372479250925,1.5689585388076503
2022/23,28/08/2022,Nott'm Forest,Tottenham,C Pawson,6,1,0,0,7,0,3.278004602624702,9.939868877587775,3.5268023201153946,21.155390639367994,197,1.8658352510936258,1.7067858214897058,1.588057473315848,1.939705076148091,5.974945365661573,10.672512473856859,3,307,1.786564657480329,1.866577586426698
2022/23,28/08/2022,Wolves,Newcastle,P Bankes,2,1,0,0,3,0,3.278004602624702,9.939868877587775,3.5901532585699627,17.265101847571128,41,1.5916766736452075,1.6534684314073427,1.9387354971746191,1.7098064595763567,10.020876568128873,10.318834565429253,155,269,1.6367938534748399,1.6683559363737266
2022/23,30/08/2022,Crystal Palace,Brentford,S Hooper,1,2,0,0,3,0,3.287965592252059,9.964374062751293,2.962655197417353,18.2814580209171,50,1.6862530710275245,1.5729779288050956,1.7172128233495059,1.4677147709103586,11.280906518484937,8.276014131063768,308,42,1.631122733383967,1.6294372761636235
2022/23,30/08/2022,Fulham,Brighton,T Bramall,2,1,0,0,3,0,3.287965592252059,9.964374062751293,3.287965592252059,9.964374062751293,0,1.785892020440952,1.510333693501868,1.1964183362304257,1.4816255595305763,10.818240057585626,10.491544523782942,80,194,1.8119953080343718,1.3719619816240218
2022/23,30/08/2022,Leeds,Everton,D England,3,3,0,0,6,0,3.287965592252059,9.964374062751293,3.392576663079657,16.131654658681153,29,2.0385235993883204,1.6243335663835616,1.5122078099146363,1.7079248976529118,10.79718742600668,10.491432834274411,80,308,2.048358944398008,1.6725428517271623
2022/23,30/08/2022,Southampton,Chelsea,M Oliver,2,1,0,0,3,0,3.287965592252059,9.964374062751293,3.161682527993492,20.45635766884591,236,1.5562221112752026,1.546934185578608,1.500494557095636,1.9617948666931593,10.934157292478744,10.011556673283698,308,308,1.4181049819046772,1.648874212673908
2022/23,31/08/2022,Arsenal,Aston Villa,R Jones,2,3,0,0,5,0,3.2964589517197784,9.97956039161526,3.0083974243468257,15.295694077354725,24,1.6307227310770847,1.8551360867842026,1.8226731954733695,1.8025045078368342,9.798287005997258,10.7456780044838,308,194,1.572328059987564,2.0064593048026635
2022/23,31/08/2022,Bournemouth,Wolves,A Taylor,2,1,0,0,3,0,3.2964589517197784,9.97956039161526,3.4601935104999795,20.422891014249558,241,1.553700680085638,1.5948739306309843,1.8503513977889874,1.934055217180692,9.061467478168012,10.022495338813535,194,156,1.6225307333740924,1.5561660444935306
2022/23,31/08/2022,Liverpool,Newcastle,A Marriner,0,2,0,0,2,0,3.2964589517197784,9.97956039161526,3.0829345666351102,17.817518062118836,197,1.2932614307674872,1.6516612004838538,1.5347474988789422,1.7113103232908713,9.46392168091986,10.322269133112682,308,270,1.1167067582124162,1.664822947585989
2022/23,31/08/2022,Man City,Nott'm Forest,P Tierney,0,1,0,0,1,0,3.2964589517197784,9.97956039161526,3.329560729442272,20.406980831989628,131,1.509979697021357,2.090707480942018,1.680258334792255,1.5643916914683336,9.510361309402832,6.2550896282691815,308,4,1.3356416694550197,1.7484377728175493
2022/23,31/08/2022,West Ham,Tottenham,P Bankes,2,5,0,0,7,0,3.2964589517197784,9.97956039161526,3.5882309521342455,17.335656862543008,42,1.5873790778263108,1.70502613664984,1.509979697021357,1.9527041552256914,9.652776170083946,10.680639947173729,308,308,1.6196653380940729,1.862268888389931
2022/23,01/09/2022,Leicester,Man United,C Pawson,1,3,0,0,4,0,3.3034348410782717,9.98878514837229,3.5452281211971157,21.173630622014826,198,1.4296463198392786,1.8321231000250373,1.5875410566813841,1.6928042145761208,10.300049190751679,11.334104918305858,308,308,1.264945333183947,1.9631701852549528
2022/23,03/09/2022,Aston Villa,Man City,S Hooper,2,0,0,0,2,0,3.306646232006988,9.998172725099446,2.969291523686509,18.30203050167745,51,1.8609516511431068,1.505555082531026,1.8038087940002496,1.6783945887038654,10.761839502086884,9.509216961229153,195,309,1.6767843458933251,1.697040513254748
2022/23,03/09/2022,Brentford,Leeds,R Jones,2,2,0,0,4,0,3.306646232006988,9.998172725099446,3.0533231160034937,15.479086362549722,25,1.5827559782767657,2.0499984035422125,1.462066323104352,1.5291650702088793,8.275625783418032,10.79152391081506,43,81,1.5499957427792337,1.923633577091862
2022/23,03/09/2022,Chelsea,West Ham,A Madley,4,2,0,0,6,0,3.306646232006988,9.998172725099446,2.8447418602763657,18.69800435791077,48,1.5456785393211494,1.5888884158643592,1.9623452059878161,1.5209871812964582,10.01230338098224,9.654278689624215,309,309,1.45443696295889,1.560945838698535
2022/23,03/09/2022,Everton,Liverpool,A Taylor,2,2,0,0,4,0,3.306646232006988,9.998172725099446,3.459423804495036,20.438031154035528,242,1.6290118726544829,1.2895056998149768,1.7123452059878161,1.53641928006189,10.48761202295755,9.46292066493286,309,309,1.5786973179884758,1.501774241065399
2022/23,03/09/2022,Newcastle,Crystal Palace,M Salisbury,2,1,0,0,3,0,3.306646232006988,9.998172725099446,3.4888718600058235,12.331810604249538,5,1.6531463172729106,1.6845674282100385,1.705593869720463,1.718518045493989,10.32163040363023,11.280821899500758,271,309,1.6386656449336827,1.7384606315979432
2022/23,03/09/2022,Nott'm Forest,Bournemouth,M Oliver,2,1,0,0,3,0,3.306646232006988,9.998172725099446,3.16284792290143,20.47692487834918,237,2.0399923370026207,1.556189746381202,1.4899923370026205,1.8466659368573926,6.299314771912292,9.0761252163726,5,195,2.047049808238377,1.4982129173218965
2022/23,03/09/2022,Tottenham,Fulham,S Attwell,3,4,0,0,7,0,3.306646232006988,9.998172725099446,3.483564477466019,18.415171254418915,117,1.7154316257409024,1.789581736875546,1.9530859467285568,1.195831736875546,10.675883627895821,10.801940577481727,309,81,1.5431943594085942,1.723633577091862
2022/23,03/09/2022,Wolves,Southampton,J Brooks,4,2,0,0,6,0,3.306646232006988,9.998172725099446,3.6666501871024098,11.869494133144714,6,1.5918595740700723,1.5580242183334951,1.9348828298840257,1.4993822430248531,10.034804043245614,10.947488566167426,157,309,1.6430091047317463,1.7029576730180616
2022/23,04/09/2022,Brighton,Leicester,T Harrington,1,1,0,0,2,0,3.3457660300923497,9.991396335404824,3.2635914052520256,11.578789944314503,4,1.50996783440806,1.4293001395854712,1.4861583105985363,1.5928803864990515,10.494930821502553,10.289924297887456,195,309,1.6704754038008272,1.615936362282205
2022/23,04/09/2022,Man United,Arsenal,P Tierney,3,3,0,0,6,0,3.3457660300923497,9.991396335404824,3.322574208613432,20.380795594809683,132,1.8367075469928786,1.6330038432891747,1.6916458185978167,1.8274482877336193,11.345479853443013,9.799183557146717,309,309,1.6869422794419682,1.6928594392052818
2022/23,16/09/2022,Aston Villa,Southampton,T Harrington,3,1,0,0,4,0,3.351827095155446,9.973387566250693,3.226522579296205,11.644489638542245,5,1.863216602908369,1.5604267791189719,1.7968658920078948,1.5081190868112795,10.743129889795641,10.956308943836556,196,310,1.6826433912713792,1.7066982541980344
2022/23,16/09/2022,Nott'm Forest,Fulham,J Gillett,2,4,0,0,6,0,3.351827095155446,9.973387566250693,3.3998831724023284,12.711748355574793,12,2.0542239625555165,1.8158629197285139,1.482795391126945,1.2179247753986169,6.609543178422866,10.75051965718433,6,82,2.0632612896481026,1.7703339859583187
2022/23,17/09/2022,Newcastle,Bournemouth,C Pawson,2,2,0,0,4,0,3.3670105392096032,10.00580829010805,3.5543538548225,21.179219675235274,199,1.655932331164014,1.5556994267491566,1.704712818968892,1.8495382893083983,10.352068160891324,9.080775176188673,272,196,1.644056814861404,1.4978104340183367
2022/23,17/09/2022,Tottenham,Leicester,S Hooper,1,2,0,0,3,0,3.3670105392096032,10.00580829010805,2.976302123120001,18.235652042242876,52,1.7207771662894524,1.4284694739817598,1.9607771662894522,1.5915463970586832,10.670903268233262,10.283210960540956,310,310,1.5544269355533649,1.6132504649651296
2022/23,17/09/2022,Wolves,Man City,A Taylor,2,1,1,0,3,1,3.3670105392096032,10.00580829010805,3.4670718786576122,20.42964629571903,243,1.608396410659376,1.502315627827914,1.937876179445503,1.6807771662894524,10.034933885409309,9.49859557592557,158,310,1.672899777064596,1.6897210532004237
2022/23,18/09/2022,Brentford,Arsenal,D Coote,0,2,0,0,2,0,3.3665257051495,9.98268307249286,3.460032735716015,19.651740383461686,71,1.597439708281716,1.6376890547342193,1.478795640485106,1.831535208580373,8.26898513633384,9.796523455519065,44,310,1.5742957510438176,1.7014643693448308
2022/23,18/09/2022,Everton,West Ham,M Oliver,3,1,0,0,4,0,3.3665257051495,9.98268307249286,3.167920694405846,20.485045919438484,238,1.6315352085803732,1.5915352085803731,1.7146121316572962,1.5299967470419114,10.476523455519066,9.658061917057527,310,310,1.5838173105213016,1.566170251697772
2022/23,01/10/2022,Arsenal,Tottenham,A Taylor,2,1,0,1,3,1,3.363175146549497,9.97843240643067,3.4649791028391723,20.410634982010286,244,1.6387233545985314,1.7184779558255252,1.825839919015709,1.9608092441690834,9.797049825301318,10.66514798481052,311,311,1.57778713881836,1.8836694917595367
2022/23,01/10/2022,Bournemouth,Brentford,T Bramall,1,2,0,0,3,0,3.363175146549497,9.97843240643067,3.3492068716822088,10.363877313875644,1,1.5576594981090626,1.5703968933186871,1.8501123282977416,1.4870635599853539,9.088859637019953,8.297304050803834,197,45,1.6302992353904533,1.6546976648411142
2022/23,01/10/2022,Crystal Palace,Chelsea,C Kavanagh,1,3,0,0,4,0,3.363175146549497,9.97843240643067,3.2906822798758584,18.797410764586004,106,1.6837655803049885,1.5545348110742192,1.7206886572280653,1.9637655803049885,11.282579209379168,9.999502286302246,310,310,1.6307283152889482,1.6483753741124778
2022/23,01/10/2022,Fulham,Newcastle,D England,2,0,1,0,2,1,3.363175146549497,9.97843240643067,3.4741705211588623,16.19019654837758,30,1.8390185061134818,1.6570271305525042,1.2267736081542981,1.7056382416636153,10.743247378043165,10.35013278836191,83,273,1.8254252428414504,1.670356381451134
2022/23,01/10/2022,Liverpool,Brighton,A Madley,1,1,0,0,2,0,3.363175146549497,9.97843240643067,2.9064780900505056,18.66838932649685,49,1.2929963495357577,1.5081697326972572,1.5391501956896039,1.484473050232802,9.467194593994552,10.473167028664598,310,196,1.113081256465419,1.3736620672488602
2022/23,01/10/2022,Southampton,Everton,A Marriner,2,2,0,0,4,0,3.363175146549497,9.97843240643067,3.0855577518553248,17.822694215967562,198,1.5589687533715375,1.6356558699359547,1.5129564834328872,1.7123429865003719,10.96269399708046,10.468828966405614,311,311,1.4248459623477718,1.6836694917595365
2022/23,01/10/2022,West Ham,Wolves,P Tierney,2,2,0,0,4,0,3.363175146549497,9.97843240643067,3.342274548504667,20.388992469371942,133,1.5896435999973044,1.6104816873512715,1.5344288760709242,1.9323207678110415,9.662080500147944,10.016311741656494,311,159,1.624845962347772,1.5555724850970343
2022/23,02/10/2022,Leeds,Aston Villa,S Attwell,3,2,1,0,5,1,3.356226046013993,9.983453358594488,3.5168227353171315,18.388715622131905,118,2.053316446856752,1.868734412005212,1.5378525293309788,1.7932627138920045,10.771916496798543,10.754131604667258,82,197,2.074494559734017,2.0192185428770353
2022/23,02/10/2022,Man City,Man United,M Oliver,0,3,0,0,3,0,3.356226046013993,9.983453358594488,3.170097163448295,20.479493689260842,239,1.5005266728377453,1.8405282933695537,1.68150826792977,1.6959129087541691,9.496551841071959,11.350387385198335,311,310,1.330421737324147,1.9715982079123822
2022/23,03/10/2022,Leicester,Nott'm Forest,R Jones,2,4,0,0,6,0,3.362127119820278,10.015267472167208,3.0990819214805283,15.517287976552552,26,1.4301102864989328,2.05527060902964,1.5896194889529205,1.6007251544841856,10.279492349819797,6.823386638238821,311,7,1.2659761964626592,1.7342196332584492
2022/23,08/10/2022,Bournemouth,Leicester,M Salisbury,1,2,0,0,3,0,3.3742885670371203,10.038114860093827,3.527652070191226,12.96622166136599,6,1.5554326960224338,1.4321320007730227,1.8512073439097576,1.5972696154519217,9.099933621834289,10.288335967739155,198,312,1.6255014408138455,1.615831369899289
2022/23,08/10/2022,Brighton,Tottenham,T Harrington,1,2,0,0,3,0,3.3742885670371203,10.038114860093827,3.269587554062194,12.159770048462764,6,1.5061658691168793,1.7165356704977932,1.482580963456502,1.9611839885406068,10.48719745967313,10.664482756729981,197,312,1.6664350818829947,1.878989264636131
2022/23,08/10/2022,Chelsea,Wolves,S Hooper,2,0,0,0,2,0,3.3742885670371203,10.038114860093827,2.9789386432811282,18.242985532081356,53,1.5592244302232467,1.6131837957301622,1.9610649210207927,1.9331837957301623,10.010079329603386,9.995919208289735,311,160,1.472395083839873,1.5611280447660885
2022/23,08/10/2022,Man City,Southampton,A Madley,0,1,0,0,1,0,3.3742885670371203,10.038114860093827,2.8980961890123735,18.73270495336461,50,1.496352184259261,1.5605723677454997,1.6859546307424416,1.5147008081124722,9.477938414222336,10.964176946332428,312,312,1.3234337090805754,1.7035506681449029
2022/23,08/10/2022,Newcastle,Brentford,J Brooks,0,1,0,0,1,0,3.3742885670371203,10.038114860093827,3.7924129429977502,12.279777234448304,7,1.651581883227607,1.578805971357023,1.7069452050269147,1.480445315619318,10.350470108825963,8.33255510574924,274,46,1.6467576595577527,1.6659780066520633
2022/23,09/10/2022,Arsenal,Liverpool,M Oliver,1,2,0,0,3,0,3.3427731050063394,10.02694725960204,3.16818614198173,20.451598798075665,240,1.6393602394114604,1.291628215605974,1.8228464779435705,1.537026988612109,9.79878319402757,9.466877621003114,312,311,1.5793613934944302,1.506298813456162
2022/23,09/10/2022,Crystal Palace,Leeds,P Tierney,3,3,0,0,6,0,3.3427731050063394,10.02694725960204,3.343203318397223,20.3564382483651,134,1.6811987677532134,2.0619469213015056,1.724143553029287,1.5415387580361994,11.282828541248513,10.900021473949135,311,83,1.6261450192254243,1.929835683706206
2022/23,09/10/2022,Everton,Man United,D Coote,2,1,0,0,3,0,3.3427731050063394,10.02694725960204,3.438859047682046,19.666738984433515,72,1.6363021354359253,1.8437754548697778,1.7127547348243044,1.6904012217409434,10.46850796466977,11.344178234500045,312,311,1.5910572999271786,1.9770222122078804
2022/23,09/10/2022,West Ham,Fulham,C Kavanagh,1,3,0,0,4,0,3.3427731050063394,10.02694725960204,3.2921918759481703,18.846012738560994,107,1.5904305758028976,1.8390989726014904,1.5353847042432647,1.212836346338864,9.658110411152952,10.729314186333488,312,84,1.6261450192254243,1.8082596190797815
2022/23,10/10/2022,Nott'm Forest,Aston Villa,A Taylor,3,3,0,0,6,0,3.3548095623687066,10.088911836596358,3.4624823668859914,20.41934368857374,245,2.1374379007724045,1.8693008061866916,1.6156987703376218,1.798878270975424,7.07247125106403,10.763694078753392,8,198,2.061109037777121,2.0189567694540815
2022/23,14/10/2022,Brentford,Brighton,M Salisbury,3,1,0,0,4,0,3.367004745586457,10.143353987811164,3.50547245748942,13.393245302977473,7,1.5685892837402973,1.5035330309478798,1.4556860579338458,1.4847536882248753,8.356050885622318,10.483920915063774,47,198,1.5329614629446955,1.370636277121916
2022/23,15/10/2022,Fulham,Bournemouth,G Scott,2,0,0,0,2,0,3.3699230583759068,10.17426495519718,2.859227533272249,18.137450620839743,94,1.852744229378193,1.552684219335604,1.2127442293781932,1.8517496398963518,10.703069871639787,9.09956536057934,85,199,1.8293758410143737,1.5024072187528008
2022/23,15/10/2022,Leicester,Crystal Palace,A Madley,2,2,0,0,4,0,3.3699230583759068,10.17426495519718,2.871685216571022,18.68890294578855,51,1.4337634845665221,1.685854504397001,1.5953488504201807,1.7286679600544934,10.308862765743838,11.291458676342444,313,312,1.2706106604550838,1.7369083702224666
2022/23,15/10/2022,Tottenham,Everton,P Tierney,1,4,0,0,5,0,3.3699230583759068,10.17426495519718,3.3640504778712357,20.47722889924956,135,1.7173000699323757,1.638031777249449,1.9581537284689612,1.7112025089567662,10.677765204768228,10.461301790134083,313,313,1.5513124148410486,1.6858153388176567
2022/23,15/10/2022,Wolves,Nott'm Forest,T Bramall,2,2,0,0,4,0,3.3699230583759068,10.17426495519718,3.3425213503480617,10.939134217775168,2,1.603831948510337,2.1781009557424706,1.9333774030557915,1.6781009557424709,9.990380608886245,7.3461244651657855,161,9,1.676572873029677,1.8565485756747
2022/23,16/10/2022,Aston Villa,Chelsea,R Jones,0,3,0,0,3,0,3.3769577496806282,10.286330728626147,3.1619989181156867,15.829966696454878,27,1.8753606687972182,1.5606335875309012,1.805267210853293,1.9551290003749378,10.809100376003252,10.009625322522005,199,312,1.6958524835316202,1.6568841118280977
2022/23,16/10/2022,Leeds,Arsenal,C Kavanagh,0,2,0,0,2,0,3.3769577496806282,10.286330728626147,3.3039394266316973,18.87337043771168,108,2.074011950733381,1.6381926314713557,1.5588604355818658,1.8241682412274534,11.041893742067638,9.80837646483139,84,313,2.0934593530281527,1.7036677375590918
2022/23,16/10/2022,Liverpool,Man City,A Taylor,3,1,0,0,4,0,3.3769577496806282,10.286330728626147,3.473889091298951,20.480288812603888,246,1.2945785416593416,1.4918511680567217,1.53616875572662,1.683924338788429,9.477515230778888,9.466913050197245,312,313,1.1130244627052908,1.686123877909969
2022/23,16/10/2022,Man United,Newcastle,C Pawson,3,1,0,0,4,0,3.3769577496806282,10.286330728626147,3.5574397499645145,21.20959230318068,200,1.8419791532801368,1.6459558038710507,1.6921320584789135,1.7045764935262233,11.355191071757481,10.369474070567918,312,275,1.6960422536623807,1.6600472573855574
2022/23,16/10/2022,Southampton,West Ham,P Bankes,1,1,0,0,2,0,3.3769577496806282,10.286330728626147,3.6679991726767014,17.47291570905373,43,1.558924338788429,1.5894121436664777,1.510143850983551,1.5406316558615996,10.960815489221634,9.662035001416756,313,313,1.4288139363895012,1.5633168603661094
2022/23,18/10/2022,Brighton,Nott'm Forest,D England,3,1,0,0,4,0,3.3683478228857386,10.249764125778366,3.4501552780739906,16.36150184186534,31,1.5012271433254347,2.1705043468657217,1.4918813489329115,1.6905043468657215,10.508753415623074,7.59492923773351,199,10,1.6601983216810794,1.863130433582152
2022/23,18/10/2022,Crystal Palace,Wolves,D Coote,3,1,0,0,4,0,3.3683478228857386,10.249764125778366,3.440905056858607,19.726980644331217,73,1.6867762459501312,1.606003438822842,1.7294591727793995,1.933687054642051,11.298393996778469,10.033182095725074,313,162,1.635247724835134,1.5444021736629483
2022/23,19/10/2022,Bournemouth,Southampton,J Brooks,1,3,0,0,4,0,3.3741586384601696,10.318700375038361,3.7076959382274013,12.81719725381694,8,1.5456101850625639,1.5571616710895175,1.8525869292486106,1.5085294522445327,9.113443036338548,10.949514446239476,200,314,1.6200538242474025,1.6994545917933215
2022/23,19/10/2022,Brentford,Chelsea,J Gillett,0,0,0,0,0,0,3.3741586384601696,10.318700375038361,3.4829991042501116,13.157039720419975,13,1.5921617426738297,1.5649578956964978,1.449304599816687,1.9491042371599123,8.434765917663297,10.013384917112159,48,313,1.5719535843192634,1.6645708708630889
2022/23,19/10/2022,Liverpool,West Ham,S Attwell,0,0,0,0,0,0,3.3741586384601696,10.318700375038361,3.5302358747326683,18.56227437066638,119,1.2997139932574735,1.587556807867633,1.534470090818449,1.5389245890226482,9.479848331746304,9.642523564780511,313,314,1.1238731964444841,1.5599197080723912
2022/23,19/10/2022,Man United,Tottenham,S Hooper,1,0,0,0,1,0,3.3741586384601696,10.318700375038361,2.966505898246889,18.30338619463239,54,1.8454457005745466,1.715216382335718,1.6899578956964978,1.9644565039162651,11.360945892721915,10.685076756269872,313,314,1.7035449695231069,1.8796871499328562
2022/23,19/10/2022,Newcastle,Everton,T Harrington,2,4,0,0,6,0,3.3741586384601696,10.318700375038361,3.2610614362970076,12.71773466799872,7,1.6436638824345404,1.6453075677460525,1.7089559786544717,1.709137354980095,10.37247509557659,10.472310798823063,276,314,1.635988168551969,1.6994545917933215
2022/23,20/10/2022,Fulham,Aston Villa,M Oliver,0,2,0,1,2,1,3.3474472740234824,10.245679363828568,3.167993164851831,20.477977383818477,241,1.8525332134175854,1.8656086258380284,1.1990678668829318,1.8097946723496565,10.691510843848658,10.81322137315681,86,200,1.829411285434071,2.027007430914575
2022/23,20/10/2022,Leicester,Leeds,P Bankes,2,1,0,0,3,0,3.3474472740234824,10.245679363828568,3.633133070298363,17.34988382747412,44,1.4349722022953681,2.0510585455517614,1.5960664272193803,1.5610585455517612,10.333868070603994,11.028425952287144,314,85,1.2738712474138145,1.9492255185118617
2022/23,22/10/2022,Chelsea,Man United,S Attwell,1,4,0,0,5,0,3.3396619025601866,10.277850364501777,3.499941707337963,18.544456959396857,120,1.5594147850127702,1.8420895570492444,1.9423935084170254,1.6840348458030436,10.003294461196848,11.346759506789555,314,314,1.473961779352055,1.971206187611636
2022/23,22/10/2022,Everton,Crystal Palace,S Hooper,3,4,0,0,7,0,3.3396619025601866,10.277850364501777,2.9311443445500585,18.236828238906806,55,1.6516589826339436,1.690113873158667,1.7092347402097012,1.7265880372924054,10.476011750708373,11.307245828978004,315,314,1.5932992108674502,1.737119674088897
2022/23,22/10/2022,Man City,Brighton,C Pawson,1,3,0,0,4,0,3.3396619025601866,10.277850364501777,3.555272334354003,21.221001146515682,201,1.4895059704231046,1.5071975082288438,1.6870743594808555,1.4885928570660532,9.45922151286858,10.507366873180295,314,200,1.3142294434255894,1.3656301240800122
2022/23,22/10/2022,Nott'm Forest,Liverpool,P Tierney,2,1,0,0,3,0,3.3396619025601866,10.277850364501777,3.3695127177888486,20.52140533610276,136,2.1172101642000536,1.2949770950431654,1.7325947795846692,1.5290196482346547,7.849379912837051,9.477458594935452,11,314,2.10237321346007,1.5090494986503007
2022/23,23/10/2022,Aston Villa,Brentford,D England,1,0,0,0,1,0,3.3653956969990557,10.326791180666,3.458506884648709,16.529294377485087,32,1.8668540172569117,1.5662573082420768,1.8020392024420968,1.4256323082420768,10.816902471550904,8.413295841484297,201,49,1.680351893282547,1.6471914801921261
2022/23,23/10/2022,Leeds,Fulham,A Taylor,1,1,0,0,2,0,3.3653956969990557,10.326791180666,3.4747606339153547,20.47121242469357,247,2.0419848289850786,1.83569086007346,1.5667373042326032,1.208239879681303,11.034167661930642,10.700499351519559,86,87,2.0558701332326366,1.8317322021981537
2022/23,23/10/2022,Southampton,Arsenal,R Jones,2,1,0,0,3,0,3.3653956969990557,10.326791180666,3.1534885363203093,15.9843354625783,28,1.5613347506893724,1.6390287772872125,1.506789296143918,1.818360084278094,10.95591192077271,9.812920771595731,315,314,1.425816672834261,1.7048864402761217
2022/23,23/10/2022,Tottenham,Newcastle,J Gillett,4,2,0,0,6,0,3.3653956969990557,10.326791180666,3.388074164742984,13.183840500426923,14,1.7098195991742209,1.644659136053058,1.9613347506893726,1.716576944272236,10.67409373895453,10.367982650188338,315,277,1.5479096960900751,1.655166455735248
2022/23,23/10/2022,Wolves,Leicester,M Oliver,2,1,0,0,3,0,3.3653956969990557,10.326791180666,3.1652992225654546,20.491272582459366,242,1.602474537794904,1.4370923264469482,1.9395531894802973,1.5946680840227057,10.081185021657275,10.349851314712106,163,315,1.6795882054947178,1.6176771379505404
2022/23,24/10/2022,West Ham,Bournemouth,D Coote,0,2,0,0,2,0,3.3572186185779054,10.334231801633418,3.4437420753984607,19.872280757988236,74,1.5823610292101038,1.5424960168487698,1.5338761807252554,1.8573108316635847,9.637899207612882,9.10882749311227,315,201,1.6231345327868274,1.4885142577333417
2022/23,29/10/2022,Bournemouth,Tottenham,A Taylor,1,2,0,0,3,0,3.3509614023171044,10.33117832908991,3.4680367584539473,20.469888125374535,248,1.544388066900361,1.7164115121370946,1.848535532338149,1.9611245030736506,9.117437039023846,10.678198904737686,202,316,1.6132087113567095,1.8678162457651923
2022/23,29/10/2022,Brentford,Wolves,R Madley,3,3,0,1,6,1,3.3509614023171044,10.33117832908991,3.243400318708433,19.45708598388407,85,1.5404955464212045,1.6040905615495995,1.4174186233442814,1.9336995000970854,8.453597499510375,10.080915293118293,50,164,1.5283052629344571,1.5374454692513224
2022/23,29/10/2022,Brighton,Chelsea,A Madley,1,2,0,0,3,0,3.3509614023171044,10.33117832908991,2.8801822734795794,18.899733223730493,52,1.514500974617492,1.557976395507207,1.4867231968397143,1.9488854864162977,10.516128877167475,9.998435871115678,201,315,1.6707148740641589,1.6539434133952502
2022/23,29/10/2022,Crystal Palace,Southampton,M Salisbury,3,3,0,0,6,0,3.3509614023171044,10.33117832908991,3.508304092664473,13.94786237052266,8,1.6973703349011462,1.5623329622881519,1.7307036682344796,1.50493114959933,11.316617689297498,10.956144524073036,315,316,1.6423827197536318,1.7059665347825335
2022/23,29/10/2022,Fulham,Everton,J Brooks,2,1,0,0,3,0,3.3509614023171044,10.33117832908991,3.699236325233165,13.0670428890367,9,1.8265263157027019,1.655988551412019,1.2051670924017308,1.7164115121370946,10.674600363768683,10.493908874526207,88,316,1.798851025718276,1.7117468816033428
2022/23,29/10/2022,Leicester,Man City,R Jones,0,0,0,0,0,0,3.3509614023171044,10.33117832908991,3.143963612183845,16.042212189393474,29,1.4354447447654932,1.4882794258102372,1.5955655906869435,1.6913097288405403,10.357957212894785,9.465102537782347,316,315,1.278220870042649,1.681001223938246
2022/23,29/10/2022,Liverpool,Leeds,M Oliver,0,1,0,0,1,0,3.3509614023171044,10.33117832908991,3.163335951708685,20.501042754579284,243,1.2943400318708431,2.0307079462488065,1.5307036682344797,1.560119710954689,9.474193446873254,11.043959190864454,315,87,1.11637115905999,1.9333139744375567
2022/23,29/10/2022,Newcastle,Aston Villa,P Tierney,1,1,0,0,2,0,3.3509614023171044,10.33117832908991,3.368975525048936,20.538762087822516,137,1.6455024249739874,1.8623604171307755,1.7240007184893456,1.7932359931676418,10.353187158594451,10.83172275330956,278,202,1.6372221462167422,2.027001814804985
2022/23,30/10/2022,Arsenal,Nott'm Forest,S Hooper,0,1,0,0,1,0,3.337762231631454,10.288519190408119,2.9807908122319304,18.385345429138308,56,1.636464293143139,2.112341360638367,1.818282474961321,1.7049339532309595,9.806557254327458,8.08014421955781,315,12,1.5757745159141623,1.8111055589159955
2022/23,30/10/2022,Man United,West Ham,C Kavanagh,1,3,0,0,4,0,3.337762231631454,10.288519190408119,3.286895938737212,18.889649102688082,109,1.8485855052643512,1.5771396276049423,1.6819188385976847,1.5348435550973893,11.342920890691094,9.634936235432207,315,316,1.6978675391699762,1.5493249522383579
2022/23,05/11/2022,Everton,Leicester,D Coote,0,0,0,0,0,0,3.3300872120601372,10.278730673076543,3.422521803015034,19.859682668269137,75,1.653541126778467,1.4306495605134066,1.7167941388266597,1.590288114730274,10.48521228930143,10.340633976048416,317,317,1.6010153415633008,1.6125760352049192
2022/23,05/11/2022,Leeds,Bournemouth,T Harrington,2,2,0,0,4,0,3.3300872120601372,10.278730673076543,3.3106721303485886,12.93843232808829,8,2.019181107674282,1.5411727251855551,1.543452952334476,1.8485121747268396,10.96204349561237,9.119681101137955,88,203,2.0334856625500173,1.491169431814233
2022/23,05/11/2022,Man City,Fulham,D England,2,4,1,0,6,1,3.3300872120601372,10.278730673076543,3.4008996603707486,16.6546252901192,33,1.4833101332037797,1.8266889816389522,1.6857270516327827,1.2016889816389522,9.46553015120264,10.66433153892379,316,89,1.3119980005228382,1.81314667949917
2022/23,05/11/2022,Nott'm Forest,Brentford,A Marriner,2,2,0,0,4,0,3.3300872120601372,10.278730673076543,3.0859472334888545,17.870394048334436,199,2.070559074658965,1.560237183188652,1.6419876460875367,1.4390250619765308,8.074660001716932,8.471067879516273,13,51,2.0940787662119535,1.5993913522612757
2022/23,05/11/2022,Wolves,Brighton,G Scott,2,0,1,0,2,1,3.3300872120601372,10.278730673076543,2.8437681691791954,18.174735556890948,95,1.6109758560580612,1.5114085441956269,1.938753633835839,1.488367069541249,10.117169333600412,10.539587465659327,165,202,1.6801613823757837,1.3791004662969917
2022/23,06/11/2022,Aston Villa,Man United,A Taylor,3,3,0,0,6,0,3.3271996685335985,10.284916959324446,3.464160553698321,20.44570410212814,249,1.8575871445596421,1.8457824698308216,1.7887798051101007,1.6856616239093716,10.830903106398777,11.344824402401612,203,316,1.672017219948293,1.9823930492138844
2022/23,06/11/2022,Chelsea,Arsenal,M Oliver,5,2,0,0,7,0,3.3271996685335985,10.284916959324446,3.1530854710533083,20.465140981349855,244,1.5587734063867131,1.6312809592568036,1.9454803550271964,1.8155709894682839,9.98530778608741,9.804038903912186,316,316,1.4706627762441975,1.699156054994231
2022/23,06/11/2022,Southampton,Newcastle,S Attwell,1,0,0,0,1,0,3.3271996685335985,10.284916959324446,3.5080821350228764,18.54193783550076,121,1.5661264985361507,1.6427006718163333,1.5088975828734998,1.72093196433334,10.958243606008836,10.35420706528889,317,279,1.4274797544161963,1.6555454384026103
2022/23,06/11/2022,Tottenham,Liverpool,A Madley,0,0,0,0,0,0,3.3271996685335985,10.284916959324446,2.8741024578633327,18.924652871578346,53,1.7167289081747048,1.2898912311601267,1.9576927635963914,1.5285619260241752,10.660050834924498,9.471712619924268,317,316,1.5604277312948092,1.5055464971744301
2022/23,06/11/2022,West Ham,Crystal Palace,P Tierney,1,1,0,0,2,0,3.3271996685335985,10.284916959324446,3.356932464499018,20.54063143547921,138,1.5811867395000059,1.7007673640906404,1.5329939684156686,1.7339999924894318,9.635954449382329,11.320655218111582,317,316,1.6124508526820924,1.7497325436860582
2022/23,12/11/2022,Bournemouth,Everton,C Pawson,2,0,0,0,2,0,3.3239781378831808,10.284853189797408,3.5555042002073987,21.22960938213628,202,1.5430586120279628,1.64843794604842,1.8489946850873236,1.711501009111483,9.12391049736749,10.4808900868573,204,318,1.6062379148215715,1.7064933105409417
2022/23,12/11/2022,Liverpool,Southampton,S Hooper,0,2,0,0,2,0,3.3239781378831808,10.284853189797408,2.9524323591107255,18.36733328957238,57,1.2859332410666382,1.564353861964336,1.5238850482955537,1.5042938019042758,9.467278310010485,10.946355552322764,317,318,1.1087921611156544,1.7122404369777233
2022/23,12/11/2022,Man City,Brentford,P Bankes,2,2,0,0,4,0,3.3239781378831808,10.284853189797408,3.6157064778154218,17.487447567784788,45,1.4847284217895296,1.566116955733192,1.6925597470907343,1.446713970658565,9.455230117239399,8.509498491395231,317,52,1.3156887128397923,1.608044781320094
2022/23,12/11/2022,Newcastle,Chelsea,R Jones,3,2,0,0,5,0,3.3239781378831808,10.284853189797408,3.0745355172196276,16.00220599536246,30,1.6370502916410978,1.56906577118712,1.7184062238444877,1.9455717952835057,10.353004742113495,10.015471081094821,280,317,1.631805393768541,1.6547691726099072
2022/23,12/11/2022,Nott'm Forest,Crystal Palace,J Brooks,1,4,0,0,5,0,3.3239781378831808,10.284853189797408,3.659984384202272,13.174895135569576,10,2.066546070142202,1.6985838434762768,1.652752966693926,1.7317163735967587,8.142634445637261,11.307639755793616,14,317,2.0877198197329028,1.7452591678273055
2022/23,12/11/2022,Tottenham,Leeds,M Salisbury,1,1,0,1,2,1,3.3239781378831808,10.284853189797408,3.5617486307964565,14.238862639556917,9,1.711501009111483,2.0185561157127294,1.9517412493517232,1.5474022695588832,10.658067264034475,11.010926912725775,318,89,1.5513208967478382,1.914065017527523
2022/23,12/11/2022,West Ham,Leicester,J Gillett,3,1,0,0,4,0,3.3239781378831808,10.284853189797408,3.427486336176988,13.27803324362338,15,1.5793688769793508,1.4262157238261977,1.531320828931303,1.585374882985357,9.637046243013454,10.324733930701143,318,318,1.6087921611156544,1.6030450346788727
2022/23,12/11/2022,Wolves,Arsenal,S Attwell,3,2,0,0,5,0,3.3239781378831808,10.284853189797408,3.4904724724291123,18.531437617312484,122,1.612872022287977,1.632318783235313,1.9277891493598003,1.8250898675726621,10.144399994052378,9.81366385217916,166,317,1.6829575105522843,1.7007461841041602
2022/23,13/11/2022,Brighton,Aston Villa,C Kavanagh,2,7,0,0,9,0,3.3351645052189256,10.191910158205742,3.291697130596097,18.89479817744551,110,1.504650154996064,1.863076409996082,1.4908886871061557,1.7945832593111504,10.53871250544286,10.805659023682844,203,204,1.663911498182258,2.0172113999071963
2022/23,13/11/2022,Fulham,Man United,P Tierney,1,1,0,0,2,0,3.3351645052189256,10.191910158205742,3.34987263799069,20.504864353385024,139,1.8477498456108756,1.8494389571962107,1.2096546075156376,1.6898004029793432,10.661326916062315,11.344696765622118,90,317,1.8002288964856992,1.9885846769490918
2022/23,26/12/2022,Arsenal,West Ham,M Oliver,0,2,0,0,2,0,3.355005279457779,10.206561727709033,3.1699078962460905,20.50431127108417,245,1.6341217405283284,1.5843189808261477,1.8293169357235235,1.5304267652572854,9.800448086960413,9.633380877119215,318,319,1.5674135236759152,1.5584053999766285
2022/23,26/12/2022,Aston Villa,Liverpool,P Tierney,0,0,0,0,0,0,3.355005279457779,10.206561727709033,3.344697769614815,20.497963898137733,140,1.8871024527087878,1.282770389176977,1.796193361799697,1.5260136324202203,10.80704187708099,9.461108747621074,205,318,1.6851499110763533,1.4980493618262043
2022/23,26/12/2022,Brentford,Tottenham,D Coote,3,1,0,0,4,0,3.355005279457779,10.206561727709033,3.3948032869944997,19.78380240784877,76,1.5759196999401963,1.7100674838201597,1.4582726411166667,1.949588441903992,8.478664896438497,10.648350936999453,53,319,1.5649399901447156,1.8687502275628354
2022/23,26/12/2022,Crystal Palace,Fulham,A Madley,0,0,2,0,0,2,3.355005279457779,10.206561727709033,2.846520658056259,18.888152445477544,54,1.7061938126004004,1.8411560339238995,1.7302178366244243,1.209080562225786,11.310958597470925,10.6466906882813,318,91,1.6503594229651342,1.8527089932655558
2022/23,26/12/2022,Everton,Wolves,C Pawson,1,6,0,0,7,0,3.355005279457779,10.206561727709033,3.5520839122212475,21.21563176838915,203,1.6441992203471056,1.6217721955820514,1.7130614957962076,1.9294645032743591,10.471704230412627,10.112907763504491,319,167,1.5928881585973182,1.5526789754687076
2022/23,26/12/2022,Leicester,Newcastle,J Gillett,0,0,0,0,0,0,3.355005279457779,10.206561727709033,3.460369072840109,13.321074224212825,16,1.4256363460956087,1.6424410121484234,1.5903070047782437,1.720143714851126,10.316015607658137,10.363341935668304,319,281,1.2710490781375479,1.6462099328769892
2022/23,26/12/2022,Southampton,Brighton,R Jones,1,2,0,0,3,0,3.355005279457779,10.206561727709033,3.1227702140436513,16.127929342727246,31,1.5663549089698603,1.5075915050042619,1.5004866454968064,1.516723925095586,10.935776086700054,10.55501923725031,319,204,1.4262214919306513,1.368910594837037
2022/23,27/12/2022,Chelsea,Bournemouth,S Hooper,0,0,0,0,0,0,3.321096157385773,10.291005289879308,2.9400892040318594,18.34066424393955,58,1.5702949584996797,1.5450373690017878,1.948673336878058,1.8404919144563332,10.018566185207492,9.137193362154976,318,205,1.490798966360655,1.494942061370883
2022/23,27/12/2022,Man United,Nott'm Forest,A Taylor,3,1,0,0,4,0,3.321096157385773,10.291005289879308,3.472826923398707,20.437364117261758,250,1.846571234775956,2.0302740393464433,1.6874120756167967,1.7302740393464433,11.342890509531816,8.239417989136495,318,15,1.6931111050889784,1.7685555081996953
2022/23,28/12/2022,Leeds,Man City,S Attwell,3,3,0,0,6,0,3.3089853883470552,10.262687350516659,3.498139423707273,18.476805295695378,123,2.0077846705962186,1.4859381093471558,1.5411180039295516,1.693145316554363,10.971144334560714,9.45336382921584,90,318,2.0302898402100484,1.669464684465913
2022/23,30/12/2022,Liverpool,Leicester,C Pawson,0,1,0,0,1,0,3.321391834027689,10.283301137414009,3.563470724238831,21.2667359320321,204,1.278174966332957,1.4206281753886796,1.5206899363928374,1.5848072798662916,9.470433408774266,10.31380524934509,319,320,1.1023453643154726,1.5994882214583295
2022/23,30/12/2022,West Ham,Brentford,D England,1,0,0,0,1,0,3.321391834027689,10.283301137414009,3.441267726282919,16.662415736192376,34,1.5848072798662916,1.5929049094957635,1.5251057873289782,1.4479773732638792,9.657088831434642,8.523547225081234,320,54,1.6166310786011868,1.6169152084573253
2022/23,31/12/2022,Bournemouth,Crystal Palace,A Marriner,4,1,0,0,5,0,3.3000364446262016,10.264217894418932,3.086670716069578,17.88269087715766,200,1.5373315535506629,1.6998511177685522,1.8314492006094865,1.7238032135769357,9.140188390082091,11.314316270084255,206,319,1.6080531638533602,1.7571854789350374
2022/23,31/12/2022,Brighton,Arsenal,A Taylor,3,3,0,0,6,0,3.3000364446262016,10.264217894418932,3.4728293881001995,20.42248350492925,251,1.507955787884984,1.6279948303434026,1.5125012424304387,1.8285936327386123,10.554461973673373,9.811322258108211,205,319,1.664532250723902,1.701430133341123
2022/23,31/12/2022,Fulham,Southampton,G Scott,0,1,0,0,1,0,3.3000364446262016,10.264217894418932,2.830586042278141,18.23640865587168,96,1.8200960124737993,1.5634336517453626,1.1939277881747339,1.5007470845811834,10.691417142132167,10.931288460322811,92,320,1.7827913661425656,1.7128587047696944
2022/23,31/12/2022,Man City,Everton,A Madley,3,4,0,0,7,0,3.3000364446262016,10.264217894418932,2.793761388945688,19.007568092005915,55,1.4902702794451992,1.6410455920438702,1.6968571057925046,1.7246276815961088,9.467010880862698,10.468601893158633,319,320,1.3185729904839802,1.6957158476268372
2022/23,31/12/2022,Newcastle,Leeds,S Hooper,3,5,0,0,8,0,3.3000364446262016,10.264217894418932,2.8988203704244646,18.328636278100873,59,1.6355228058407292,2.016512012591477,1.7129638832818064,1.5542478616480804,10.350106512485326,10.971524851020208,282,91,1.6394248290685673,1.8958378889116085
2022/23,31/12/2022,Wolves,Man United,R Jones,1,3,0,0,4,0,3.3000364446262016,10.264217894418932,3.0965072125553514,16.203604339657424,32,1.643444116583041,1.8495517165709476,1.922132641173205,1.6848810578883129,10.18022750933411,11.347250401820784,168,319,1.6944472054009747,1.981430133341123
2022/23,01/01/2023,Nott'm Forest,Chelsea,P Bankes,2,2,0,0,4,0,3.3511532404238134,10.376311078177464,3.6306877607126102,17.498701083865306,46,2.004311267844471,1.566268411087361,1.7785048162315678,1.943513920069397,8.123301067301,10.014438123012967,16,319,2.0492891001382,1.6579065674467348
2022/23,01/01/2023,Tottenham,Aston Villa,J Brooks,4,3,0,0,7,0,3.3511532404238134,10.376311078177464,3.7160786391832037,13.539104915401015,11,1.707861639710981,1.8784328022768262,1.9526377591139659,1.7879350647202652,10.650215919660688,10.79557616781145,320,206,1.5493351388753063,2.060454655111683
2022/23,02/01/2023,Brentford,Liverpool,S Attwell,1,3,0,0,4,0,3.3709532026757683,10.437917322376588,3.52532771856976,18.54998612791553,124,1.575459271715261,1.2754691015524426,1.4468878431438323,1.5202452209554276,8.48977685596892,9.469505611694998,55,320,1.6019559290492444,1.490127293218783
2022/23,03/01/2023,Arsenal,Newcastle,A Madley,4,4,0,0,8,0,3.3738533113331743,10.401722780586644,2.868473244238634,19.148679870551433,56,1.633742984582086,1.6419593954194591,1.833742984582086,1.7258520128691235,9.817949017475822,10.362459465954363,320,283,1.5592178151436713,1.6365634604807615
2022/23,03/01/2023,Everton,Brighton,A Marriner,3,1,0,0,4,0,3.3738533113331743,10.401722780586644,3.10330235744836,17.94266844917994,201,1.649713987604163,1.5172122164479585,1.730071130461306,1.5217371033257865,10.482181312066666,10.54304489074389,321,206,1.590307999057136,1.3754567782627019
2022/23,03/01/2023,Leicester,Fulham,D Bond,2,6,0,0,8,0,3.3738533113331743,10.401722780586644,3.3738533113331743,10.401722780586644,0,1.4205473209374964,1.8083694429166555,1.5812616066517822,1.1972583318055445,10.330395597780951,10.676045563466666,321,93,1.2645937133428504,1.8246540956557182
2022/23,03/01/2023,Man United,Bournemouth,M Salisbury,0,3,0,0,3,0,3.3738533113331743,10.401722780586644,3.5527523652379815,14.344087700419031,10,1.8546385069701457,1.55091846772522,1.6844892532388023,1.830197747004499,11.34929230105791,9.180238382227026,320,207,1.7028959760632116,1.4856262697881255
2022/23,04/01/2023,Aston Villa,Wolves,J Gillett,1,3,0,0,4,0,3.4172540074794493,10.418636411892658,3.415032147309196,13.487283578507535,17,1.8857180407932246,1.644725027478782,1.800132455207639,1.9327685057396515,10.79342240130268,10.190977027658668,207,169,1.6748254665770836,1.6023172227888471
2022/23,04/01/2023,Crystal Palace,Tottenham,M Oliver,1,2,0,0,3,0,3.4172540074794493,10.418636411892658,3.1713333955239347,20.55891479814508,246,1.7003862837495398,1.716158943619333,1.7332221046450622,1.9572303721907616,11.316835143549836,10.664106467527365,320,321,1.6435966003205478,1.8664537431776909
2022/23,04/01/2023,Leeds,West Ham,D Coote,3,1,0,0,4,0,3.4172540074794493,10.418636411892658,3.415993629284179,19.847705002914868,77,2.0526112622065034,1.585206562666952,1.5759757481878118,1.522706562666952,11.057381056908362,9.658154086574985,92,321,2.059498443542555,1.563596600320548
2022/23,04/01/2023,Southampton,Nott'm Forest,T Bramall,2,2,0,0,4,0,3.4172540074794493,10.418636411892658,3.4082625066780796,11.838068224904159,3,1.5643732293336186,2.0196689080029957,1.498897038857428,1.800918908002996,10.94089218181308,8.379367909037342,321,17,1.4264537431776905,1.7664958720041684
2022/23,05/01/2023,Chelsea,Man City,P Tierney,2,0,0,0,2,0,3.423358595324633,10.481728959100243,3.334843161946481,20.530380867334372,141,1.5691796700445813,1.4975378789998053,1.945299073029656,1.7064931028804022,10.028695424457467,9.48242676774105,320,320,1.486639019913418,1.6820413187639929
2022/23,12/01/2023,Fulham,Chelsea,D Coote,4,3,0,1,7,1,3.416796453142463,10.468097961369374,3.4215525371705007,19.94856746635179,78,1.849779572463931,1.570315397019549,1.2075777376015457,1.939363016067168,10.68358472211257,10.02532956759009,94,321,1.7681608612672333,1.6626475761282298
2022/23,13/01/2023,Aston Villa,Leeds,M Oliver,2,2,0,0,4,0,3.433316177111723,10.500631804249606,3.1721797956904156,20.56071983494941,247,1.882286418512726,2.0624988085957217,1.806053234656224,1.5717580678549807,10.774684926151894,11.062543875295113,208,93,1.6701669859524195,1.9631126447268512
2022/23,14/01/2023,Brentford,Bournemouth,J Gillett,1,1,0,0,2,0,3.4359287722921086,10.495983788553044,3.439493472262854,13.637199877065722,18,1.5742178280590255,1.5595043309066854,1.475626278763251,1.8240783219380754,8.44675885090349,9.17363174176748,56,208,1.5992899021439726,1.5022644184217717
2022/23,14/01/2023,Brighton,Liverpool,D England,1,3,0,0,4,0,3.4359287722921086,10.495983788553044,3.448303655121712,16.706659911897102,35,1.5169795756404991,1.2820519815243774,1.5304930891540127,1.5201472196196155,10.543783236099767,9.466428209565915,207,321,1.6844869982389052,1.5015398045268047
2022/23,14/01/2023,Everton,Southampton,J Brooks,0,3,0,0,3,0,3.4359287722921086,10.495983788553044,3.862114035332506,13.929718776049354,12,1.655102272380388,1.566081500867035,1.729286248641516,1.5007996017572427,10.476913585798657,10.951691033869874,322,322,1.6009628738192658,1.7145992374556296
2022/23,14/01/2023,Man United,Man City,S Attwell,3,0,0,0,3,0,3.4359287722921086,10.495983788553044,3.539321462048685,18.52266396475884,125,1.8505043624767583,1.493361505333901,1.6897900767624727,1.7076472196196155,11.356309161946868,9.48130916194687,321,321,1.695825518812519,1.672968375955376
2022/23,14/01/2023,Nott'm Forest,Leicester,P Tierney,1,2,0,0,3,0,3.4359287722921086,10.495983788553044,3.328731852139537,20.517362842597763,142,2.0233171452179035,1.4236482664456702,1.8111959330966914,1.595755091371486,8.658178133762055,10.337447710427739,18,322,2.073727741341284,1.6009628738192658
2022/23,14/01/2023,Wolves,West Ham,S Hooper,0,2,0,0,2,0,3.4359287722921086,10.495983788553044,2.9988025800859144,18.5576422907509,60,1.6528079232010313,1.5838856551697058,1.928483598876707,1.5275058332112486,10.203891234671069,9.684628719329815,170,322,1.697694657921908,1.5611901465465388
2022/23,15/01/2023,Chelsea,Crystal Palace,P Bankes,2,5,0,0,7,0,3.419418816390536,10.483002844426553,3.659520422357825,17.70937598764811,47,1.574616145765368,1.6983501223896698,1.945536027071006,1.7340644081039556,10.043390271018394,11.317328932539283,322,321,1.4894036635595944,1.7579750921310229
2022/23,15/01/2023,Newcastle,Fulham,R Jones,1,3,0,0,4,0,3.419418816390536,10.483002844426553,3.163542593271783,16.397846053632136,33,1.6509887662974214,1.8695058283902637,1.7346008064312008,1.2240512829357184,10.383352914157856,10.696568375756355,284,95,1.6537938925027327,1.8975103406924034
2022/23,15/01/2023,Tottenham,Arsenal,C Pawson,4,2,0,0,6,0,3.419418816390536,10.483002844426553,3.5629803061294063,21.295978570046366,205,1.717049380186733,1.6418025033420507,1.9544381042223413,1.8412072652468126,10.657633594460531,9.820305123015475,322,321,1.5661684154711877,1.7138956881984602
2022/23,18/01/2023,Crystal Palace,Man United,R Jones,1,2,0,0,3,0,3.450336227548706,10.552146551546176,3.190820435401994,16.488197691333124,34,1.7088353759840216,1.8542359694558317,1.7355416074380277,1.6850965035804608,11.335730264500286,11.368371214055182,322,322,1.6413495551512234,1.9936222824239507
2022/23,19/01/2023,Man City,Tottenham,S Hooper,1,2,0,0,3,0,3.448260032337862,10.542478076046235,2.9907732652144947,18.55304595233902,61,1.4892046001262134,1.7244436397708105,1.7117565289095964,1.9552128705400413,9.469046247983226,10.67475912890635,322,323,1.3344428991053066,1.8685338081962157
2022/23,21/01/2023,Bournemouth,Nott'm Forest,A Madley,1,2,0,0,3,0,3.446193409059536,10.555928894016635,2.9531077466644926,19.27924661402946,57,1.5573502257497611,1.9954838402337214,1.8207430828926183,1.819013251998427,9.174863690647879,8.740278432503668,209,19,1.63736513082308,1.7852687736644384
2022/23,21/01/2023,Crystal Palace,Newcastle,C Pawson,4,2,0,0,6,0,3.446193409059536,10.555928894016635,3.5764278581233264,21.3458797504347,206,1.706646303455463,1.6494881685598217,1.7362321022720313,1.7394881685598218,11.3289037476483,10.370564889017082,323,285,1.6375505681804887,1.6550729335537995
2022/23,21/01/2023,Leicester,Brighton,T Bramall,0,1,0,0,1,0,3.446193409059536,10.555928894016635,3.453615007809945,12.617180081048822,4,1.4255812146980666,1.5150065047889978,1.5942202679525044,1.537428029452675,10.343696647056582,10.534392227377241,323,208,1.2718548327724235,1.3768609291424077
2022/23,21/01/2023,Liverpool,Chelsea,M Oliver,3,1,0,0,4,0,3.446193409059536,10.555928894016635,3.176391337825965,20.56372975219933,248,1.2873781915962805,1.5764687886625635,1.5188321975309986,1.9551670135146346,9.484182393783755,10.044880079009245,322,323,1.1014002873178779,1.6714488732652346
2022/23,21/01/2023,Southampton,Aston Villa,M Salisbury,1,2,0,0,3,0,3.446193409059536,10.555928894016635,3.5876343118469003,14.60828395417822,11,1.57055162889925,1.8832430828926183,1.4965871318578299,1.8073502257497613,10.976832741731137,10.782006547790736,323,209,1.4309457418633325,2.0743399207390465
2022/23,21/01/2023,West Ham,Everton,S Attwell,1,1,0,0,2,0,3.446193409059536,10.555928894016635,3.537449239910519,18.542372333446462,126,1.585344528307534,1.6504332857039836,1.5232143507927411,1.7332735223903744,9.678016173683801,10.467957002086168,323,323,1.6184457418633325,1.7150366509542414
2022/23,22/01/2023,Arsenal,Man United,A Taylor,1,2,0,0,3,0,3.4384337741457247,10.539552746987987,3.4944434814210945,20.438587793049457,252,1.6432885854780206,1.8544031162902157,1.8480363599587326,1.6828054831541213,9.836933666475993,11.364043330184645,322,323,1.5759328760348168,1.993153973480751
2022/23,22/01/2023,Leeds,Brentford,P Bankes,2,2,0,0,4,0,3.4384337741457247,10.539552746987987,3.71179238840607,17.856011214721914,48,2.0622775532669078,1.5665035181401796,1.5760390211568158,1.4692812959179573,11.037125189012936,8.403425633366803,94,57,2.077229892033757,1.5997268210719289
2022/23,22/01/2023,Man City,Wolves,D Coote,1,2,0,0,3,0,3.4384337741457247,10.539552746987987,3.461161964938876,20.043161718025956,79,1.487539210964772,1.6440228672370587,1.7123912819706892,1.9289691037961987,9.470552205924289,10.204551858077473,323,171,1.3321370243282087,1.6178825330609294
2022/23,23/01/2023,Fulham,Tottenham,P Tierney,1,3,0,0,4,0,3.4369867921955275,10.547805990066285,3.3269325583624294,20.539852081855102,143,1.8808774859591573,1.7250070824232049,1.2232198283014997,1.9521457254910515,10.730707611941416,10.684685973231556,96,324,1.8059904911343883,1.8687988753755167
2022/23,03/02/2023,Chelsea,Fulham,S Attwell,1,4,0,0,5,0,3.4395824645729953,10.542766510908043,3.526247115883716,18.516902386662508,127,1.5746220309271313,1.873186325752656,1.9581028568858334,1.2392577543240846,10.041506633722154,10.723845971712592,324,97,1.4931640254789629,1.9174106108618645
2022/23,04/02/2023,Aston Villa,Leicester,D England,0,2,0,0,2,0,3.446776492407469,10.57452842868906,3.4617936444292905,16.842019847823384,36,1.8837814386358045,1.4213888604514926,1.8037814386358044,1.5924803058792212,10.774706503178525,10.340144434263031,210,324,1.6737568641088,1.6036769700172657
2022/23,04/02/2023,Brentford,Southampton,D Bond,1,2,0,0,3,0,3.446776492407469,10.57452842868906,3.62190047346872,11.052431181431789,1,1.5732989546993976,1.5688814858202242,1.4774085437404934,1.498085025643233,8.538478948152985,11.00091139591495,58,324,1.5875187202967276,1.7223210378138758
2022/23,04/02/2023,Brighton,Bournemouth,C Pawson,3,1,0,0,4,0,3.446776492407469,10.57452842868906,3.586937122026667,21.342082804815632,207,1.5127268914868572,1.5548925497469157,1.530584034344,1.8215592164135823,10.52816501435343,9.179150947622968,209,210,1.679418686496269,1.4987568641088
2022/23,04/02/2023,Everton,Arsenal,D Coote,4,1,0,0,5,0,3.446776492407469,10.57452842868906,3.458756307716064,20.051078197306918,80,1.6485275035193392,1.6415704842989824,1.731123373725829,1.8486710760149587,10.455188682050643,9.83227503909813,324,323,1.592377534989017,1.7166713202997517
2022/23,04/02/2023,Man United,Crystal Palace,A Marriner,1,2,1,0,3,1,3.446776492407469,10.57452842868906,3.1152837546704264,17.96195247011994,202,1.8550171790355634,1.7134242586815813,1.68097588110046,1.7370230787405783,11.357843549307281,11.334244729248283,324,324,1.7036978618923637,1.777561498256
2022/23,04/02/2023,Newcastle,West Ham,P Bankes,2,1,0,0,3,0,3.446776492407469,10.57452842868906,3.71850557175928,18.004908252935493,49,1.6506671883490234,1.5836307483570973,1.7470127032991896,1.5216838457022301,10.359830442575308,9.676427620103741,286,324,1.6509545803357975,1.5641289474183955
2022/23,04/02/2023,Wolves,Liverpool,P Tierney,1,1,0,0,2,0,3.446776492407469,10.57452842868906,3.332363386450809,20.540610714303114,144,1.6462610892676792,1.2924580582634795,1.9243359555778397,1.5173101292693967,10.204860765856512,9.503872672234223,172,323,1.681691323693624,1.5105160437105454
2022/23,05/02/2023,Nott'm Forest,Leeds,R Jones,4,2,0,0,6,0,3.4370809176293786,10.533717613408763,3.1821170490122412,16.522382338920316,35,1.9936601966348668,2.06161915347473,1.7936601966348669,1.5798009716565484,8.685796631444735,11.027298928186962,20,95,2.0311242752888137,1.9641630142293602
2022/23,05/02/2023,Tottenham,Man City,A Madley,2,3,1,0,5,1,3.4370809176293786,10.533717613408763,2.9509279872377645,19.245095666689387,58,1.7287591378888834,1.4860711117469625,1.9493473731830009,1.7132097548148093,10.68236141794284,9.47198490295152,325,324,1.580667270521019,1.6635119709217063
2022/23,08/02/2023,Man United,Leeds,S Hooper,1,3,0,0,4,0,3.456047886265108,10.624691789229031,2.9931172086968703,18.639279249778458,62,1.8527069386676125,2.0623455779007958,1.682118703373495,1.602886118441336,11.352015260056522,11.060226922695655,325,96,1.7001150234293125,1.966989827729973
2022/23,11/02/2023,Arsenal,Brentford,P Bankes,0,2,0,0,2,0,3.458555680815216,10.609788131252646,3.712851893605072,18.096596043750882,50,1.6399385475106611,1.5667455081907313,1.8552777805490093,1.4856644271096502,9.82765017989497,8.56180285114047,324,59,1.573517997762012,1.6122538092298664
2022/23,11/02/2023,Bournemouth,Newcastle,S Attwell,2,3,0,0,5,0,3.458555680815216,10.609788131252646,3.538979686407715,18.589834661969387,128,1.5528281752482926,1.652116449026868,1.827164458434133,1.7448316808149475,9.170678809665464,10.362825864186737,211,287,1.6328263967176178,1.6578428329500894
2022/23,11/02/2023,Crystal Palace,Brighton,M Oliver,4,1,0,0,5,0,3.458555680815216,10.609788131252646,3.180525153359053,20.584834683508454,249,1.7145269635473943,1.5197296338049515,1.735115198841512,1.5286185226938405,11.328157091130574,10.5447707154862,325,210,1.6513436382365962,1.3744930633842842
2022/23,11/02/2023,Fulham,Nott'm Forest,A Madley,0,1,0,0,1,0,3.458555680815216,10.609788131252646,2.9817130002426238,19.43148456287281,59,1.8932669699656115,2.0538657668365032,1.2383997133284435,1.8038657668365032,10.739587707826503,8.877039194010969,98,21,1.7959244938455332,1.7975667042445647
2022/23,11/02/2023,Leicester,Tottenham,M Salisbury,5,2,0,0,7,0,3.458555680815216,10.609788131252646,3.580105189740011,15.006613602197735,12,1.4233504929591592,1.7300268844754079,1.5880563753121004,1.952900784768663,10.339921797012927,10.708426425174178,325,326,1.2651930373226787,1.8760627393601916
2022/23,11/02/2023,Southampton,Wolves,J Gillett,2,2,0,1,4,1,3.458555680815216,10.609788131252646,3.4196339095540997,13.710106892757185,19,1.5704093164885709,1.643293444713373,1.496879904723865,1.919889189394224,10.995804149954104,10.19985856906593,325,173,1.4290348452322832,1.6231600753080606
2022/23,11/02/2023,West Ham,Chelsea,C Pawson,1,1,0,0,2,0,3.458555680815216,10.609788131252646,3.5899737854951947,21.344397868160154,208,1.582174022370924,1.5733504929591593,1.5233504929591593,1.9645269635473943,9.686980620542338,10.060510032307043,325,325,1.6154755231983848,1.6681975708208658
2022/23,12/02/2023,Leeds,Man United,P Tierney,2,1,0,0,3,0,3.4666944207837767,10.5994652934617,3.3274550618799674,20.517568425509072,145,2.071430429963199,1.8504404931257428,1.5982161442489136,1.6862176192254497,11.05799990804431,11.338697917011622,97,326,2.0793683834266403,1.9943831918869568
2022/23,12/02/2023,Man City,Aston Villa,R Jones,1,2,0,0,3,0,3.4666944207837767,10.5994652934617,3.2404485331081054,16.753879218631845,36,1.4911770828114068,1.8761071157339748,1.7147064945761126,1.8053106555569838,9.486752910885183,10.772106149119304,325,211,1.3314618435723502,2.0750017346323193
2022/23,13/02/2023,Liverpool,Everton,S Hooper,1,3,0,0,4,0,3.462401117082903,10.634398806719393,3.006363953716734,18.634772388272555,63,1.2919410276640761,1.6557882599356522,1.516129818224548,1.729317671700358,9.497811183039513,10.463994091324693,324,325,1.1128136066560552,1.7116836631532304
2022/23,15/02/2023,Arsenal,Man City,A Taylor,2,3,0,0,5,0,3.4648796211577895,10.64704652045693,3.4950431313990817,20.43588547845836,253,1.6352546975255395,1.4896967658612417,1.855842932819657,1.715503217474145,9.826037790892432,9.498102196197733,325,326,1.5648960291451042,1.6722406619134658
2022/23,18/02/2023,Aston Villa,Arsenal,S Hooper,2,1,0,0,3,0,3.47195702074003,10.668734759601719,3.020212646275289,18.704700775169023,64,1.8768267738129967,1.6364799931247807,1.8019369059715868,1.8593538934180358,10.788614584568338,9.829957509375404,212,326,1.6614849393020679,1.7137060542446643
2022/23,18/02/2023,Brentford,Crystal Palace,P Tierney,2,2,0,0,4,0,3.47195702074003,10.668734759601719,3.3263095059561447,20.542212684152297,146,1.5738623687406696,1.7215239813945755,1.467195702074003,1.7332541866731679,8.573540142626838,11.325558682395933,60,326,1.5786595034566717,1.779885184494634
2022/23,18/02/2023,Brighton,Fulham,D England,0,5,0,0,5,0,3.47195702074003,10.668734759601719,3.4483697664274313,16.930941435323273,37,1.5178746798918152,1.87754103206623,1.539998573697125,1.2371901548732476,10.548741197774394,10.728206234184324,211,99,1.6919973137962518,1.953744963367972
2022/23,18/02/2023,Chelsea,Southampton,D Coote,3,6,0,0,9,0,3.47195702074003,10.668734759601719,3.4792351464009506,20.08224876405701,81,1.5719638640925226,1.5719638640925226,1.961993189605719,1.4986500811013204,10.064561614947252,11.000045485914992,326,326,1.491749591274295,1.724942009300844
2022/23,18/02/2023,Everton,Leeds,A Madley,2,3,0,0,5,0,3.47195702074003,10.668734759601719,2.962340300217656,19.45551022341227,60,1.6599404036819654,2.071147589872126,1.7273890840338717,1.5932714836774355,10.480983902337282,11.053234607938169,326,98,1.6069644812109563,1.9849949633679722
2022/23,18/02/2023,Newcastle,Liverpool,A Taylor,1,1,1,0,2,1,3.47195702074003,10.668734759601719,3.501071417629035,20.457771931863952,254,1.6568966259259081,1.2912931695751477,1.7460055368169973,1.5207049342810302,10.363087494049548,9.49416326675592,288,325,1.6543375953179258,1.508698743816668
2022/23,18/02/2023,Nott'm Forest,Man City,G Scott,1,0,0,0,1,0,3.47195702074003,10.668734759601719,2.850810864905744,18.34195384418068,97,2.0280993960959517,1.4942680633203222,1.7578291258256817,1.7164902855425443,8.946365153973321,9.514665235956178,22,327,2.116910679059624,1.6799981890761249
2022/23,18/02/2023,Wolves,Bournemouth,M Salisbury,3,3,0,0,6,0,3.47195702074003,10.668734759601719,3.6789190925921247,15.255746552369551,13,1.6457125801880965,1.5552408707292962,1.9208448553203714,1.8327739103768732,10.222304289402185,9.167469210119,174,212,1.6768595848583356,1.4961956831037209
2022/23,19/02/2023,Man United,Leicester,S Attwell,0,2,0,0,2,0,3.504656584543006,10.62879839450821,3.5559507442439946,18.589090648459123,129,1.8487863286083992,1.4348531506864297,1.687967615158107,1.5902783706277788,11.344198795201205,10.351073278471588,327,326,1.6982299122700706,1.6083422718206322
2022/23,19/02/2023,Tottenham,West Ham,M Oliver,2,1,0,0,3,0,3.504656584543006,10.62879839450821,3.1913324167766373,20.588072581318926,250,1.7318272642809138,1.5814807166688345,1.9628214163276974,1.5228296902758724,10.70384791800822,9.68538412891147,327,326,1.5858703617082728,1.5633984515959132
2022/23,24/02/2023,Fulham,Wolves,M Oliver,2,0,0,0,2,0,3.4954249850989347,10.6357021267001,3.1898029877807006,20.608306352056168,251,1.9062233685934087,1.6537667757275896,1.2279624990281914,1.9274509862539053,10.754502312610876,10.230356662896057,100,175,1.7725490367421848,1.6295655626298235
2022/23,25/02/2023,Bournemouth,Man City,P Tierney,2,2,0,0,4,0,3.4885305941697764,10.67130443494187,3.3326352607804908,20.527805877171783,147,1.5621227169134795,1.4902739925838873,1.8384385063871638,1.7147637885022546,9.171205189745894,9.504474586769867,213,328,1.6377188384815977,1.6713071478004096
2022/23,25/02/2023,Crystal Palace,Liverpool,D England,2,5,0,0,7,0,3.4885305941697764,10.67130443494187,3.4795756326070544,17.075914458310265,38,1.7227016943165887,1.2908034588160509,1.7343976007493371,1.519542461748602,11.315891179128842,9.4898380740823,327,326,1.6657205556216386,1.5065392104285018
2022/23,25/02/2023,Everton,Aston Villa,A Taylor,2,1,0,0,3,0,3.4885305941697764,10.67130443494187,3.4971902316223016,20.424223610262665,255,1.6612981855446587,1.8779121905976899,1.73147362414115,1.7989648221766374,10.473785915970947,10.798398172202035,327,213,1.6098546338339292,2.0757353674072174
2022/23,25/02/2023,Leeds,Southampton,P Bankes,2,4,0,0,6,0,3.4885305941697764,10.67130443494187,3.7001745375558475,18.115560669388774,51,2.080385784704152,1.5852747937317935,1.5979296443532747,1.5034034487025536,11.009077046158456,11.038113401351065,99,327,2.0806871790042707,1.749519438303203
2022/23,25/02/2023,Leicester,Arsenal,C Pawson,0,1,0,0,1,0,3.4885305941697764,10.67130443494187,3.5863814737360875,21.345224832792937,209,1.4361519867142494,1.6349823960709746,1.5852747937317935,1.8601285949013842,10.3480549218189,9.812967202520653,327,327,1.2874380868329962,1.7104132930518063
2022/23,25/02/2023,West Ham,Nott'm Forest,J Gillett,0,0,0,0,0,0,3.4885305941697764,10.67130443494187,3.4491836634276534,14.017391352745483,20,1.579426840515419,2.0043152488492977,1.5238712849598635,1.7148415646387716,9.687236208368608,8.921967980580632,327,23,1.6132807834622098,1.7755376713951279
2022/23,26/02/2023,Tottenham,Chelsea,S Attwell,2,3,0,0,5,0,3.4884748995880894,10.688273255081436,3.543302403159369,18.59488278307765,130,1.732255282060964,1.5765016425348264,1.959660529874375,1.9741624612482769,10.720589065344345,10.082345173722546,328,327,1.587505931546987,1.6657182220497802
2022/23,01/03/2023,Arsenal,Everton,M Oliver,0,2,0,0,2,0,3.49544351717527,10.681941563228738,3.185509342705349,20.642774509316673,252,1.633282292649605,1.6624368116000423,1.8548566366729287,1.7294922051860482,9.810829626018123,10.478468109983137,328,328,1.5686282380832277,1.7203136313416547
2022/23,01/03/2023,Liverpool,Wolves,P Tierney,2,3,0,0,5,0,3.49544351717527,10.681941563228738,3.3374918377420912,20.520511786593747,148,1.3018006619263582,1.6451090386325369,1.5210989075403933,1.927831551721542,9.503258952409986,10.267615506409506,327,176,1.1135720583079467,1.6137458871729564
2022/23,04/03/2023,Arsenal,Bournemouth,C Kavanagh,0,2,0,0,2,0,3.495517316630293,10.688062439138317,3.3631465655570394,19.030893830723954,111,1.628535988007928,1.564263667575228,1.8552801740544393,1.8393728378809047,9.796978105504468,9.175373223989247,329,214,1.5598680439928894,1.5099703268420261
2022/23,04/03/2023,Aston Villa,Crystal Palace,C Pawson,2,3,0,1,5,1,3.495517316630293,10.688062439138317,3.576118863471308,21.354049195653012,210,1.8743073356974986,1.7236629150866682,1.8000715278372368,1.7440710783519744,10.804194184687937,11.315336642255211,214,328,1.665708031760059,1.7821144936782427
2022/23,04/03/2023,Brighton,West Ham,S Attwell,0,3,0,0,3,0,3.495517316630293,10.688062439138317,3.553768800742034,18.60385616011832,131,1.511966431166199,1.574974868439438,1.5560192946023226,1.5195812824336068,10.555772988077257,9.682683581030721,212,328,1.6794742138407206,1.5598680439928894
2022/23,04/03/2023,Chelsea,Leeds,M Oliver,2,0,0,0,2,0,3.495517316630293,10.688062439138317,3.1812515572509255,20.630221442368555,253,1.5808057722295255,2.08014243369328,1.9743917780604292,1.6192728684758888,10.082100490651712,11.044873637335108,328,100,1.5012156172737483,2.0033289211496492
2022/23,04/03/2023,Man City,Newcastle,S Hooper,2,4,0,0,6,0,3.495517316630293,10.688062439138317,3.0265325879528593,18.6911284553162,65,1.4919080810311836,1.6553170390616025,1.7157452903335093,1.7441328285352868,9.503373454341677,10.339343645702424,329,289,1.3308177646632804,1.668027546381932
2022/23,04/03/2023,Southampton,Leicester,R Jones,4,2,0,0,6,0,3.495517316630293,10.688062439138317,3.2481924663831827,16.954863886749322,37,1.5924675798097003,1.432117725582295,1.5050040229583883,1.583721224124569,11.044199616016144,10.359068420680867,328,328,1.4337998869366697,1.610147373601828
2022/23,04/03/2023,Wolves,Tottenham,T Robinson,1,1,0,0,2,0,3.495517316630293,10.688062439138317,3.43799741983682,11.315444653017613,1,1.6521686451808708,1.7331871507986256,1.9282103118475376,1.9628383135893233,10.287294105695507,10.718489733411447,177,329,1.691421163832303,1.8783037981828334
2022/23,05/03/2023,Liverpool,Man United,A Madley,2,3,0,0,5,0,3.5025848913953914,10.68688333118317,2.9949374684288927,19.397349805576503,61,1.3039923810071878,1.8433509815902782,1.5255667250305114,1.6888320311529605,9.513561588874268,11.338634475171643,328,328,1.1188233893042763,1.9903317691925444
2022/23,05/03/2023,Nott'm Forest,Everton,J Brooks,3,5,0,0,8,0,3.5025848913953914,10.68688333118317,3.8832795338127575,14.372949559988927,13,1.955625299627319,1.66357379850426,1.6735740175760367,1.7246203101321669,8.824400640612147,10.482998909836843,24,329,2.084051358720942,1.7221753446115386
2022/23,06/03/2023,Brentford,Fulham,A Taylor,0,3,0,0,3,0,3.530191161665378,10.743077145369984,3.4991273275503003,20.44333426560231,256,1.5852162330590833,1.9092796009697441,1.4799530751643464,1.2196244285559512,8.59964577092467,10.772181711985128,61,101,1.5973137763584855,2.007329749422928
2022/23,11/03/2023,Bournemouth,Liverpool,J Brooks,2,1,0,0,3,0,3.5277468096659415,10.77769166928935,4.004965903632014,14.780571582877787,14,1.5672091350978024,1.3065642473037633,1.8324265264021502,1.5304014566060888,9.173185597911608,9.525676417208341,215,329,1.6430991891188078,1.527698888673154
2022/23,11/03/2023,Crystal Palace,Man City,R Jones,2,2,0,0,4,0,3.5277468096659415,10.77769166928935,3.3046614324071197,17.08638558305133,38,1.72807587521074,1.4940814523840422,1.7455177356758564,1.723066959630419,11.333815952092063,9.500964311651217,329,330,1.6692116726249697,1.6747672281805255
2022/23,11/03/2023,Everton,Brentford,S Hooper,2,1,0,0,3,0,3.5277468096659415,10.77769166928935,3.068062310347786,18.741124084969602,66,1.6737915973115784,1.5643909230194097,1.7288640610796944,1.4994558580843451,10.503862862375854,8.647177759995717,330,62,1.6136561170694144,1.6324022460554346
2022/23,11/03/2023,Leeds,Brighton,P Tierney,1,1,0,0,2,0,3.5277468096659415,10.77769166928935,3.351687760009474,20.57150742374847,149,2.0642939747628843,1.50639518014252,1.6246388023490912,1.5634127240021691,11.015799030341984,10.538739857542414,101,213,2.0839707857306857,1.3756867857230954
2022/23,11/03/2023,Leicester,Chelsea,A Marriner,1,2,1,0,3,1,3.5277468096659415,10.77769166928935,3.123656448428283,17.984396016369445,203,1.4344712240479494,1.5827270380014378,1.591447968233996,1.969354944978182,10.362885719533924,10.083815952092063,329,329,1.2818888328072322,1.6747672281805255
2022/23,11/03/2023,Tottenham,Nott'm Forest,C Pawson,3,1,0,0,4,0,3.5277468096659415,10.77769166928935,3.585566399329019,21.404416490390823,211,1.7317626118043319,1.986452526812364,1.960748119050709,1.761452526812364,10.741544021796145,8.895817187991753,330,25,1.591433894847192,1.720670410092391
2022/23,12/03/2023,Fulham,Arsenal,D Coote,0,1,0,0,1,0,3.517883841955697,10.803799344907349,3.5415616453167518,20.299953117969007,82,1.917813066792032,1.6243018226512107,1.2084113573903226,1.8561858806222253,10.8293033768103,9.788488391555958,102,330,1.7785474062828444,1.707689604525932
2022/23,12/03/2023,Man United,Southampton,A Taylor,2,0,0,0,2,0,3.517883841955697,10.803799344907349,3.4962662980457178,20.47906022561235,257,1.8470468860891502,1.5999538628333365,1.690070141903104,1.506930607019383,11.34892004385699,11.04950143920583,329,329,1.68929680902049,1.7632451600814874
2022/23,12/03/2023,Newcastle,Wolves,A Madley,1,2,0,0,3,0,3.517883841955697,10.803799344907349,3.0223804143550854,19.51833314508832,62,1.6635545207038287,1.6496586985215944,1.7455217338185827,1.924270097485325,10.350913098645261,10.295484430501581,290,178,1.6524008050916732,1.628693546294882
2022/23,12/03/2023,West Ham,Aston Villa,C Kavanagh,1,0,0,0,1,0,3.517883841955697,10.803799344907349,3.3572780733495797,19.015291851260464,112,1.5796050256240342,1.8755831687594249,1.515651537251941,1.8060179513681205,9.680315392694201,10.821863022116544,329,215,1.605497926338926,2.068722367333342
2022/23,15/03/2023,Brighton,Crystal Palace,P Bankes,1,2,0,0,3,0,3.485516985568848,10.751554488231204,3.729063956353522,18.269985223451688,52,1.5028007746365344,1.7279460214254097,1.5595693335884993,1.7453373257732356,10.531164448304516,11.33228017003401,214,330,1.6650932573095605,1.788499315037801
2022/23,15/03/2023,Southampton,Brentford,M Salisbury,1,2,0,0,3,0,3.485516985568848,10.751554488231204,3.7471262728005437,15.481765697584105,14,1.5946126880920763,1.5530945819457225,1.507656166352946,1.5018125306636712,11.042425097570245,8.687649470022231,330,63,1.447717192132773,1.6117690737340513
2022/23,17/03/2023,Nott'm Forest,Newcastle,P Tierney,5,1,0,0,6,0,3.4810505260020754,10.815466309354303,3.3372929322860108,20.579352329907756,150,1.9538507059759895,1.6604832645261949,1.7831189986589162,1.7454505847876325,9.002829202930664,10.353320252680252,26,291,2.1109956766076987,1.6819242434063473
2022/23,18/03/2023,Aston Villa,Bournemouth,R Jones,1,4,0,0,5,0,3.4926636941180447,10.835477659374604,3.3018217555148612,17.279483460693204,39,1.8666449251337027,1.567943626432404,1.8017098601986379,1.8276838861726636,10.802017672923418,9.165654036559781,216,216,1.6682518512673605,1.5137803065519133
2022/23,18/03/2023,Brentford,Leicester,D Bond,1,2,1,0,3,1,3.4926636941180447,10.835477659374604,3.641355272331523,11.58840524016167,2,1.5594300975428523,1.4324492107416966,1.4961389583023461,1.5918695005967691,8.71222889171278,10.363090094044376,64,330,1.5573399511890498,1.6121943205882519
2022/23,18/03/2023,Chelsea,Everton,D England,2,2,0,0,4,0,3.4926636941180447,10.835477659374604,3.5361967555148612,17.263858460693204,39,1.583173848422856,1.673973924005449,1.96578254407503,1.7259970453927322,10.087727775203795,10.50654937122922,330,331,1.5038825570161192,1.7399720983660298
2022/23,18/03/2023,Southampton,Tottenham,S Hooper,1,1,0,0,2,0,3.4926636941180447,10.835477659374604,3.057789047314686,18.80311892917788,67,1.5930490685141194,1.734667565623946,1.5092340396123853,1.957210918225102,11.052792145795692,10.749323937703206,331,331,1.445527653921585,1.873305431699363
2022/23,18/03/2023,Wolves,Leeds,M Salisbury,3,5,1,0,8,1,3.4926636941180447,10.835477659374604,3.7329148088237782,15.747173537109127,15,1.6504895758035325,2.0529485274007295,1.9185308129169347,1.6170510915032936,10.29518599198613,11.027915234575296,179,102,1.6845670933258206,1.9726511773618989
2022/23,19/03/2023,Arsenal,Crystal Palace,S Attwell,0,1,0,0,1,0,3.5134934655997307,10.829598516177535,3.5531040550318043,18.597069827416803,132,1.6224023150057745,1.7293387311907455,1.85072601442774,1.7437895982427687,9.786768753963386,11.359023089223502,331,331,1.551951116622211,1.7908400055110998
2022/23,01/04/2023,Arsenal,Leeds,D England,0,2,0,0,2,0,3.5019054515133448,10.812788586916625,3.5468867121205174,17.297226379583318,40,1.61747634261196,2.0785109397148314,1.8480238930442365,1.6293583973419499,9.781256237469378,11.00928741018538,332,103,1.542896634731216,2.018870013229106
2022/23,01/04/2023,Bournemouth,Fulham,P Bankes,1,4,0,0,5,0,3.5019054515133448,10.812788586916625,3.7249696959978666,18.478457880421995,53,1.5787253917515092,1.900544838019916,1.8244150469239226,1.2056295837826276,9.181447906904632,10.822846732219276,217,103,1.6444251291573178,2.019155922520456
2022/23,01/04/2023,Brighton,Brentford,M Oliver,2,1,0,0,3,0,3.5019054515133448,10.812788586916625,3.177590094221626,20.628386074096472,254,1.5011490908102179,1.553303636079376,1.562018656027609,1.5033036360793761,10.543895280008151,8.726198930023433,215,65,1.6606852917589439,1.622644486943619
2022/23,01/04/2023,Chelsea,Aston Villa,A Madley,3,3,0,0,6,0,3.5019054515133448,10.812788586916625,3.0175867759981094,19.537724030374044,63,1.5845788753940753,1.8632081503721984,1.9660817655674858,1.811484012441164,10.081202064745302,10.789206527594288,331,217,1.5070238382575005,2.050929194197968
2022/23,01/04/2023,Crystal Palace,Leicester,T Robinson,3,4,0,0,7,0,3.5019054515133448,10.812788586916625,3.39065319584569,12.085915358256134,2,1.7269864290672912,1.434289858053035,1.7385138065889052,1.5903592222148846,11.354743269169667,10.364439058964956,332,331,1.6699684579356358,1.6147198391511055
2022/23,01/04/2023,Man City,Liverpool,S Hooper,1,1,0,0,2,0,3.5019054515133448,10.812788586916625,3.048899314922942,18.820642093257156,68,1.494983499671532,1.3051138866271017,1.7233071990934974,1.5312008431488409,9.523398596537211,9.524915693918478,331,330,1.334801616035278,1.5236905049241671
2022/23,01/04/2023,Nott'm Forest,Wolves,C Kavanagh,3,5,0,0,8,0,3.5019054515133448,10.812788586916625,3.3373017122306785,18.98057764255736,113,2.0301021639607164,1.6577655942889746,1.7681974020559543,1.9346886712120517,9.192759866711302,10.318440586676282,27,180,2.216010030563796,1.6310884846319056
2022/23,02/04/2023,Newcastle,Man United,S Attwell,0,0,0,0,0,0,3.540830670976297,10.958649447755171,3.5412706757873886,18.613710355657467,133,1.6597922802355773,1.8479890725574557,1.7575121499424178,1.6856702319777457,10.352410002795324,11.354173538719316,292,330,1.649417577840511,1.9975346112906789
2022/23,02/04/2023,West Ham,Southampton,P Tierney,0,2,0,0,2,0,3.540830670976297,10.958649447755171,3.3609134475818605,20.630489978374314,151,1.5784238551661514,1.5923810663755682,1.5117571884994847,1.508807579343868,9.678811219878735,11.061065910254076,330,332,1.6030901668462345,1.7544543095708411
2022/23,03/04/2023,Everton,Tottenham,D Coote,0,3,1,1,3,2,3.517477836965437,10.945745042948667,3.5179346844827397,20.320774315497374,83,1.6754498091563135,1.7330866967643825,1.7273230080035757,1.954988714055449,10.51323656432886,10.743784114761139,332,332,1.6153651037416616,1.8695087501505017
2022/23,04/04/2023,Bournemouth,Brighton,D Bond,1,1,0,0,2,0,3.515092097561468,10.955486052133175,3.6384750871084535,12.031683975118906,3,1.5766660546425366,1.5037367564143334,1.8341767842562704,1.5600138126913896,9.211013499532184,10.57214781554545,218,216,1.6400257317073468,1.3718294322271394
2022/23,04/04/2023,Chelsea,Liverpool,A Taylor,1,4,0,0,5,0,3.515092097561468,10.955486052133175,3.4907325174524266,20.494300887997632,258,1.5889429127715013,1.3045178922881822,1.9693463709847578,1.5299514182997427,10.095579669714695,9.535162269916182,332,331,1.5158187333243702,1.5213435952028234
2022/23,04/04/2023,Leeds,Nott'm Forest,R Jones,1,4,0,0,5,0,3.515092097561468,10.955486052133175,3.3365738836774876,17.38287925082045,40,2.078682275056395,2.054957923993279,1.6164974011068152,1.8456555984118839,11.035009625134443,9.329445241651134,104,28,2.0661089504804697,1.691542526132536
2022/23,04/04/2023,Leicester,Aston Villa,G Scott,2,0,1,0,2,1,3.515092097561468,10.955486052133175,2.8445309141385096,18.36493618945796,98,1.441968849370925,1.8685115482047683,1.5947066015323084,1.8170094022820216,10.38376410775504,10.816163714124459,332,218,1.2797955040650613,2.0593805704170243
2022/23,05/04/2023,Man United,Brentford,J Brooks,3,2,0,0,5,0,3.514815405342793,10.95320401315792,3.9717596283392456,14.9207525082237,15,1.8420841489597426,1.5476680930872957,1.6802344379770835,1.5106310560502587,11.355922052308337,8.754926297514622,331,66,1.6908950863337275,1.6116899070848114
2022/23,05/04/2023,West Ham,Newcastle,C Pawson,2,1,0,0,3,0,3.514815405342793,10.95320401315792,3.585950992124767,21.44232109843438,212,1.5732980217921126,1.653769855649581,1.5126043801736155,1.7511724530521784,9.679621474273654,10.344639708112611,331,293,1.5931553344755303,1.6792615872054095
2022/23,08/04/2023,Aston Villa,Nott'm Forest,A Taylor,3,4,0,0,7,0,3.51925755194722,10.95416663233551,3.4964135168967623,20.503007626085875,259,1.8606599642718127,2.09987344635464,1.8179249215367699,1.827146173627367,10.829727563002205,9.412642039602645,219,29,1.6644712229000336,1.7722217806760052
2022/23,08/04/2023,Brentford,Newcastle,C Kavanagh,0,0,0,0,0,0,3.51925755194722,10.95416663233551,3.373967185602018,19.063699034592716,114,1.55359062975127,1.6517619146912756,1.5292003858488312,1.752085539286745,8.806783533445321,10.350020225703936,67,294,1.5498839924917531,1.6752742693802727
2022/23,08/04/2023,Fulham,West Ham,J Gillett,1,1,0,0,2,0,3.51925755194722,10.95416663233551,3.390900843449576,14.149003604530169,21,1.919280938147934,1.5746237223043347,1.2049952238622197,1.5112231459354586,10.850052518844674,9.683447405598029,104,332,1.7521556961134948,1.5688579535533564
2022/23,08/04/2023,Leicester,Bournemouth,D Coote,0,3,0,0,3,0,3.51925755194722,10.95416663233551,3.5135911816392706,20.3564602367742,84,1.44366215988392,1.5743351779470263,1.590213884021851,1.8307454343572827,10.382632901558956,9.218616451891094,333,219,1.2839471361304098,1.5354389648355173
2022/23,08/04/2023,Man United,Everton,M Oliver,0,0,0,0,0,0,3.51925755194722,10.95416663233551,3.178505138566716,20.66019344931567,255,1.8455170940622596,1.6706736541367937,1.6812519643792627,1.7310184817230005,11.346271613090824,10.511943246386542,332,333,1.6983117770143876,1.742510672042012
2022/23,08/04/2023,Southampton,Man City,R Jones,0,2,0,0,2,0,3.51925755194722,10.95416663233551,3.3633551333133407,17.482638875884664,41,1.5930874472402419,1.493932079653038,1.504006987470127,1.7215977857049112,11.060793821099185,9.52494596467584,333,332,1.4441681306055478,1.6762123295005755
2022/23,08/04/2023,Tottenham,Brighton,S Attwell,3,1,0,0,4,0,3.51925755194722,10.95416663233551,3.5156065333250344,18.621724313260298,134,1.736765608159782,1.5017001363776041,1.9494092863207015,1.557734619136225,10.75332255673137,10.548087283372915,333,217,1.5988642632022327,1.36906041983418
2022/23,08/04/2023,Wolves,Chelsea,P Bankes,2,5,0,0,7,0,3.51925755194722,10.95416663233551,3.7466004911225377,18.643723617827693,54,1.675481794079613,1.5873403208034602,1.9407879165285924,1.9752713552862189,10.33753188644141,10.083782326846311,181,333,1.698994587043849,1.6762123295005755
2022/23,09/04/2023,Leeds,Crystal Palace,S Hooper,3,1,0,0,4,0,3.505130624180241,10.988877426744594,3.038598570260702,18.890658890091647,69,2.069070664011265,1.73071402207285,1.6357373306779317,1.7450818381648041,11.036804839171538,11.360392473277543,105,333,2.049081786288833,1.7861241971345405
2022/23,09/04/2023,Liverpool,Arsenal,P Tierney,4,4,0,0,8,0,3.505130624180241,10.988877426744594,3.348182291550881,20.636847094172964,152,1.3120705466321378,1.612897930118827,1.5282088751623972,1.848530114026873,9.55739648616883,9.788553392817771,332,333,1.1238248871186212,1.7032512689577448
2022/23,15/04/2023,Aston Villa,Newcastle,J Brooks,1,1,0,0,2,0,3.5281244071806666,10.975377400845609,4.004953906817479,15.082547195637567,16,1.8657912044844893,1.6466481711414676,1.8274933321440638,1.7466481711414676,10.81410778938869,10.365533324214006,220,295,1.67568746443084,1.665404497262914
2022/23,15/04/2023,Chelsea,Brighton,R Jones,2,2,0,0,4,0,3.5281244071806666,10.975377400845609,3.346315077306219,17.4684244033006,42,1.5973092637646276,1.4998323307032404,1.9755327594666332,1.5642100131066738,10.083998081680065,10.567876954962841,334,218,1.5135216101860165,1.366620427853669
2022/23,15/04/2023,Everton,Fulham,A Taylor,3,2,0,0,5,0,3.5281244071806666,10.975377400845609,3.5094845971211113,20.517138368495228,260,1.6660771720740832,1.9121744421154583,1.7262490918448568,1.203841108782125,10.508066849588372,10.844294420886182,334,105,1.6069282035926098,2.0516557172217165
2022/23,15/04/2023,Man City,Leicester,D England,1,1,0,0,2,0,3.5281244071806666,10.975377400845609,3.533380457265404,17.46037022759303,41,1.4955773938329169,1.4397161405554584,1.7168417616490088,1.5944439342517334,9.526768191110179,10.381992351021038,333,334,1.3340383041649446,1.628906225570632
2022/23,15/04/2023,Southampton,Crystal Palace,M Oliver,3,1,0,0,4,0,3.5281244071806666,10.975377400845609,3.167982598503618,20.656172366623274,256,1.5887132752259456,1.7291144213577507,1.50561871935202,1.7491717279480086,11.046748798012441,11.350473726379203,334,334,1.4365985332629396,1.7827523794167859
2022/23,15/04/2023,Tottenham,Bournemouth,A Madley,1,2,0,0,3,0,3.5281244071806666,10.975377400845609,3.0584619121294008,19.7009487081027,64,1.7405757394093266,1.5806848215057658,1.9468794643376934,1.8232380129951278,10.76594650574883,9.23538438513337,334,220,1.6069282035926098,1.5476874644308398
2022/23,15/04/2023,Wolves,Brentford,P Tierney,1,1,0,0,2,0,3.5281244071806666,10.975377400845609,3.3775455628062736,20.642609185512022,153,1.677466665247995,1.5356738922151205,1.9566544825068783,1.5115775066729518,10.356930611707321,8.823076271160748,182,68,1.7024616325835378,1.6216516949766326
2022/23,16/04/2023,Nott'm Forest,Man United,S Hooper,2,2,0,0,4,0,3.5157978543024475,10.904076863544224,3.051525751132223,18.869493911459006,70,2.1415218646059637,1.84013932157261,1.8526329757170745,1.6763462181243343,9.572901699479594,11.341323495622362,30,333,2.2456161302422784,1.9854612370567313
2022/23,16/04/2023,West Ham,Arsenal,D Coote,1,2,0,0,3,0,3.5157978543024475,10.904076863544224,3.508135875977829,20.36910837807823,85,1.5728979422622653,1.6199670025996227,1.5096795514576677,1.8549240226569292,9.689024645047649,9.790202224861265,333,334,1.5954312302597162,1.7163103511388371
2022/23,17/04/2023,Leeds,Liverpool,C Pawson,0,1,0,0,1,0,3.5156418961715517,10.873773135023201,3.583575829429785,21.440522388132692,213,2.0774158200106334,1.3200210178772602,1.6311348282750961,1.5355382592565707,11.029366103410528,9.559061202622626,106,333,2.064225209136568,1.5349852429741024
2022/23,21/04/2023,Arsenal,Southampton,S Hooper,1,5,0,0,6,0,3.504043977533187,10.856599336477212,3.058344785815934,18.848072743874276,71,1.620800942375711,1.5922295138042826,1.8522295138042826,1.503658085232854,9.784069985781656,11.029784271495942,335,335,1.5345073067664776,1.7542875265466973
2022/23,22/04/2023,Brentford,Aston Villa,M Salisbury,3,2,0,0,5,0,3.5155511379489175,10.867160431491293,3.8509458158225107,15.967780750909323,16,1.528174208745439,1.8617230234517665,1.5043646849359154,1.8235874302314274,8.803615514716483,10.819930945916035,69,221,1.5176863986656506,2.0429330682769353
2022/23,22/04/2023,Crystal Palace,Everton,J Brooks,1,1,0,1,2,1,3.5155511379489175,10.867160431491293,3.949732820207689,15.32569073303053,17,1.7267618100989055,1.6696189529560483,1.752476095813191,1.7267618100989055,11.352867723531956,10.504296294960529,335,335,1.6778386457945982,1.7327837007396532
2022/23,22/04/2023,Fulham,Leeds,P Bankes,1,4,0,0,5,0,3.5155511379489175,10.867160431491293,3.786109730609037,18.68348763484103,55,1.9121209383026188,2.0603822420870235,1.2179060622695612,1.6259560125788268,10.79755126641475,10.987735272427743,106,107,1.7406857872737778,2.02009755197966
2022/23,22/04/2023,Leicester,Wolves,A Madley,1,3,0,0,4,0,3.5155511379489175,10.867160431491293,3.054319760541366,19.64087789763647,65,1.4381903815274768,1.673568856235439,1.5924760958131912,1.9513466340132166,10.372867723531957,10.361129814324165,335,183,1.2767397446956972,1.663836165420914
2022/23,22/04/2023,Liverpool,Nott'm Forest,M Oliver,0,1,0,0,1,0,3.5155511379489175,10.867160431491293,3.1698183632933437,20.64070571201164,257,1.3191021018183864,2.1384050768394975,1.5311364857725411,1.8557963811873235,9.565913189788496,9.554428331221406,334,31,1.1401471466000932,1.8455544511538962
2022/23,23/04/2023,Bournemouth,West Ham,A Taylor,1,2,0,0,3,0,3.5127850991324046,10.941320458225725,3.513355340833252,20.49836717292183,261,1.5819741027266654,1.5711916568581463,1.8192622383198858,1.5110197370873726,9.233304675579207,9.693581385205423,221,334,1.6347671059479443,1.5654468963728896
2022/23,23/04/2023,Newcastle,Tottenham,D Coote,0,3,0,0,3,0,3.5127850991324046,10.941320458225725,3.502879526831623,20.365162265366155,86,1.6441989975675018,1.738131109267123,1.7438774541591415,1.9467025378385516,10.379613837417018,10.757314009819122,296,335,1.637937581749957,1.875526858480731
2022/23,25/04/2023,Aston Villa,Fulham,T Bramall,3,2,0,0,5,0,3.5080677898173365,10.901368378987346,3.4233898248477805,13.084473649156122,5,1.8620696557959073,1.904184495275656,1.828314381534304,1.2402500690461478,10.809115033090317,10.793116908544304,222,107,1.669131019235159,2.048683947406324
2022/23,25/04/2023,Leeds,Leicester,P Tierney,4,2,0,0,6,0,3.5080677898173365,10.901368378987346,3.3670485739968345,20.628682734495438,154,2.0756951904360164,1.4367820752809972,1.620410637590488,1.5963262348251566,11.022441161320366,10.392479381317393,108,336,2.0334856293279713,1.6246475870143717
2022/23,25/04/2023,Wolves,Crystal Palace,R Jones,5,4,0,0,9,0,3.5080677898173365,10.901368378987346,3.3485543344916677,17.50785602168652,43,1.679952303636332,1.724531363030285,1.946283961927789,1.7501723886713105,10.390755089660328,11.355442344280355,184,336,1.6944907329311216,1.777653051495246
2022/23,26/04/2023,Chelsea,Brentford,A Madley,1,2,0,0,3,0,3.551638018838373,10.968142845622115,3.074625829351201,19.815423858687396,66,1.598963671832251,1.54867394283868,1.9761065289751079,1.513379825191621,10.086460203834761,8.850130251084304,335,70,1.5171436346518459,1.6127457028257561
2022/23,26/04/2023,Man City,Arsenal,M Oliver,3,1,0,0,4,0,3.551638018838373,10.968142845622115,3.165339047600563,20.65089601109736,258,1.4946627081412258,1.6200492454167743,1.7152930806340625,1.8622144875820166,9.522238026768383,9.787068579322408,334,336,1.3331718963807022,1.7193294270015727
2022/23,26/04/2023,Nott'm Forest,Brighton,J Gillett,2,0,0,0,2,0,3.551638018838373,10.968142845622115,3.378530861084241,14.32348023703304,22,2.1199422370486767,1.5027234407747343,1.8220698966231446,1.5668260048772982,9.622575986003529,10.569491757872504,32,219,2.2463640368157356,1.3730982811303023
2022/23,26/04/2023,West Ham,Liverpool,C Kavanagh,0,0,0,0,0,0,3.551638018838373,10.968142845622115,3.355649646221138,19.108596936718236,115,1.573249386117965,1.3161065289751082,1.510392243260822,1.5303922432608223,9.689317346691903,9.56646020383476,335,335,1.593646366892283,1.5335370772747967
2022/23,27/04/2023,Everton,Newcastle,A Marriner,2,1,0,0,3,0,3.527683116245135,10.900880471351751,3.1231095105071107,18.011013151894296,204,1.667970436956805,1.6392872543969184,1.7249504939368618,1.7482616133712772,10.514976078447688,10.367809626715186,336,297,1.6145225320865493,1.6613269717795032
2022/23,27/04/2023,Southampton,Bournemouth,D England,0,3,0,0,3,0,3.527683116245135,10.900880471351751,3.5103295209869905,17.410776295280503,42,1.6024433714297395,1.579989972033074,1.5027282717146395,1.820496301146998,11.039192602664212,9.222601702679906,336,222,1.4451236249827242,1.5512509791415754
2022/23,27/04/2023,Tottenham,Man United,A Taylor,1,2,0,0,3,0,3.527683116245135,10.900880471351751,3.5128643829481825,20.475686452208343,262,1.7420445110308789,1.840852789031056,1.9414747104610783,1.6775290067960988,10.762839326310935,11.334546141934494,336,334,1.6035935703379152,1.9860308976474643
2022/23,29/04/2023,Brentford,Nott'm Forest,P Bankes,1,2,0,0,3,0,3.5204183455613105,10.826144223352385,3.8025982548028736,18.74880994547913,56,1.5511992743222074,2.1125653664939548,1.5046876464152306,1.7792320331606215,8.886000949710963,9.545751701565477,71,33,1.5480627518341965,1.8194560513454783
2022/23,29/04/2023,Brighton,Wolves,D Coote,1,1,0,0,2,0,3.5204183455613105,10.826144223352385,3.50009338070565,20.3361929069983,87,1.4953325003902547,1.6970156879585492,1.5676729259221693,1.9570156879585492,10.554025879468693,10.400980408375716,220,185,1.6645414321912084,1.6766648373056994
2022/23,29/04/2023,Crystal Palace,West Ham,C Pawson,1,2,0,0,3,0,3.5204183455613105,10.826144223352385,3.5732655173181285,21.421144793237698,214,1.7312589136128118,1.5681001070988885,1.7596680045219029,1.5054220444208257,11.36135250475893,9.675772312464794,337,336,1.6743340852006003,1.5681491076467573
2022/23,30/04/2023,Bournemouth,Leeds,C Kavanagh,1,0,0,0,1,0,3.50866452451672,10.84954932866715,3.324231298673177,19.051338533451624,116,1.5853570753524178,2.091249870434479,1.8122478316549386,1.623507934950608,9.228452184726907,11.043319515846804,223,109,1.6294839994752015,2.048043245418484
2022/23,30/04/2023,Fulham,Man City,S Hooper,1,3,0,0,4,0,3.50866452451672,10.84954932866715,3.089861990854825,18.8993683836771,72,1.9049998693811008,1.498042811239644,1.2545933653160601,1.7123285255253582,10.848549755813035,9.529633199900012,108,335,1.7292026657083392,1.677554856779535
2022/23,30/04/2023,Liverpool,Tottenham,P Tierney,3,2,0,0,5,0,3.50866452451672,10.84954932866715,3.3817589617384334,20.66799296231488,155,1.3114387006663117,1.7395312043576006,1.5251139143415253,1.941235749812146,9.559463304743598,10.753896647627851,336,337,1.1335988128234913,1.8815026444474066
2022/23,30/04/2023,Man United,Aston Villa,J Gillett,2,0,0,0,2,0,3.50866452451672,10.84954932866715,3.3274294398524584,14.27580694201414,23,1.8408999540967868,1.8668696803944345,1.675185668382501,1.8290545543440142,11.321061771328582,10.78727571413867,335,223,1.6885438677685463,2.0421824121736143
2022/23,30/04/2023,Newcastle,Southampton,A Taylor,1,4,0,0,5,0,3.50866452451672,10.84954932866715,3.5094326844198545,20.452217823669024,263,1.6367890860507202,1.597485749812146,1.748610172312701,1.506576658903055,10.35262498391375,11.032305738536941,298,337,1.627699287937886,1.7722130269610676
2022/23,01/05/2023,Leicester,Everton,M Oliver,4,1,0,0,5,0,3.506309079438607,10.824055159532975,3.1642877710773423,20.65704710911382,259,1.4383446536812203,1.6684582900448568,1.6031173809539476,1.7224355627721293,10.403921629819594,10.506194357092323,337,337,1.2748487327638776,1.7284006453321834
2022/23,02/05/2023,Arsenal,Chelsea,R Jones,0,2,0,0,2,0,3.513195475074728,10.825694999223193,3.432317201114032,17.618005434501157,44,1.6174686535882399,1.59643580074946,1.8646277444973307,1.9753531796668389,9.793161115040267,10.068925106821007,337,336,1.5319615631861228,1.6942250882585739
2022/23,03/05/2023,Liverpool,Fulham,S Attwell,0,0,0,0,0,0,3.506219157173524,10.81809911160037,3.516596743308363,18.671577986187557,135,1.3161836468147767,1.8975535780548503,1.5264109195420497,1.268521319990334,9.565726543571031,10.83173986562099,337,109,1.1436975064415378,2.0477774446203107
2022/23,03/05/2023,Man City,West Ham,J Brooks,0,1,0,0,1,0,3.506219157173524,10.81809911160037,3.898964626263677,15.545406460232773,18,1.5022696401105455,1.569024555905686,1.7102468480877533,1.5036836468147767,9.530301263068383,9.69640836175285,336,337,1.3404188179169476,1.5699270146382591
2022/23,04/05/2023,Brighton,Man United,A Marriner,4,4,0,0,8,0,3.4785744074275247,10.775581735034736,3.1172363486334267,17.97995453641682,205,1.4919038476936715,1.840710279360987,1.5639377459987562,1.669770108420816,10.567020605986274,11.332811575534931,221,336,1.6567144644456515,1.9840945795393794
2022/23,06/05/2023,Bournemouth,Chelsea,J Brooks,1,3,0,0,4,0,3.4994196338020704,10.786888142296812,3.829215701023904,15.538004626305007,19,1.5826177709352114,1.5972887706065784,1.8043750931109435,1.9694478615156692,9.238082263879607,10.06790244621371,224,337,1.6239814744371301,1.6953314057569155
2022/23,06/05/2023,Liverpool,Brentford,A Taylor,4,2,0,0,6,0,3.4994196338020704,10.786888142296812,3.5137906257614246,20.4348519154236,264,1.3123106154490527,1.543053416707075,1.5219423434943784,1.5085706580863854,9.566293657414239,8.849444380083058,338,72,1.1372046046386712,1.612659750068932
2022/23,06/05/2023,Man City,Leeds,A Madley,0,3,0,0,3,0,3.4994196338020704,10.786888142296812,3.059624900489693,19.746436995189352,67,1.49785695242476,2.073965178028124,1.7080842251520327,1.6179651780281243,9.525288809850075,11.063213288537808,337,110,1.3328567785517147,2.0177949607645074
2022/23,06/05/2023,Tottenham,Crystal Palace,D England,3,5,0,0,8,0,3.4994196338020704,10.786888142296812,3.49243368889782,17.406944169962063,43,1.7400726551091092,1.7287412103499022,1.9440386607748315,1.759902683437721,10.739098189992141,11.35382906817911,338,338,1.5991611263778018,1.7893785176821497
2022/23,06/05/2023,Wolves,Aston Villa,S Attwell,3,3,0,0,6,0,3.4994196338020704,10.786888142296812,3.493698700900943,18.662560270542983,136,1.6927644141965947,1.858768398550274,1.9514708818582862,1.829479695621404,10.402495826205104,10.769463017017681,186,224,1.7244967338288475,2.0255562775867366
2022/23,07/05/2023,Newcastle,Arsenal,C Kavanagh,2,1,0,0,3,0,3.5429556071401085,10.869452610387258,3.3139006350598783,19.103776868025925,117,1.6355801498520726,1.6135188868372545,1.7565992581323273,1.8656435327296057,10.342423231139822,9.794676755178198,299,338,1.625440043009456,1.715066125291037
2022/23,07/05/2023,West Ham,Man United,P Bankes,0,2,0,0,2,0,3.5429556071401085,10.869452610387258,3.7996815875427163,18.765077015361967,57,1.5681931078004272,1.8482163836748602,1.5002044392451863,1.6777618382203148,9.692693752345338,11.342388905050864,338,337,1.5846313426823415,1.997674820943211
2022/23,08/05/2023,Brighton,Everton,S Hooper,1,5,0,0,6,0,3.533350426080095,10.857801526523133,3.10544653726533,18.902500389419167,73,1.504219950192408,1.6671391733586423,1.5759499079983152,1.7294621195342796,10.5672300061136,10.511143091923294,222,338,1.6785724459968312,1.7255441749760907
2022/23,08/05/2023,Fulham,Leicester,R Jones,0,3,0,0,3,0,3.533350426080095,10.857801526523133,3.419053723600034,17.66350054518683,45,1.8840010255648056,1.4461760005541096,1.2600010255648058,1.6019833659932032,10.811468091591387,10.40349436671083,110,338,1.721430402794296,1.6277180880195692
2022/23,08/05/2023,Nott'm Forest,Southampton,M Oliver,1,0,0,0,1,0,3.533350426080095,10.857801526523133,3.1731009145684292,20.664719432151152,260,2.112247514195933,1.6048162271830049,1.765308738685729,1.5056660855399453,9.621092070386194,11.029556689657007,34,338,2.234379006112522,1.785326783671743
2022/23,13/05/2023,Aston Villa,Tottenham,P Bankes,3,3,0,0,6,0,3.5304907172216216,10.91644206675719,3.7742441919342236,18.709771706854575,58,1.8644945015798424,1.7442900575682547,1.8353278349131759,1.9533296055908536,10.76613881458616,10.753879422318303,225,339,1.6809344911745052,1.8830363064084898
2022/23,13/05/2023,Chelsea,Nott'm Forest,P Tierney,3,1,0,0,4,0,3.5304907172216216,10.91644206675719,3.39371418746155,20.662491998170882,156,1.6019226073064083,2.0895736075832434,1.9673617007908277,1.729573607583243,10.073295511333367,9.757466310013578,338,35,1.5134710890171856,1.8274587618488176
2022/23,13/05/2023,Crystal Palace,Bournemouth,M Salisbury,0,2,0,0,2,0,3.5304907172216216,10.91644206675719,3.8871968554890604,16.09312027783166,17,1.7386403400541304,1.5811611682465092,1.7640640688676896,1.8103278349131755,11.364048913843725,9.241138814586163,339,225,1.6710797846693597,1.5628242549540328
2022/23,13/05/2023,Leeds,Newcastle,S Hooper,3,2,1,0,5,1,3.5304907172216216,10.91644206675719,3.133962302328692,18.96879850170636,74,2.0831641299933503,1.6364402551719432,1.6069736538028743,1.753900572632261,11.110105678576817,10.361502588891046,111,300,2.0639811482737453,1.657446547752498
2022/23,13/05/2023,Man United,Wolves,J Brooks,3,2,0,0,5,0,3.5304907172216216,10.91644206675719,3.8502726206786786,15.709134481531773,20,1.8483815308191562,1.7003895068275354,1.6727441370514509,1.9578152494017929,11.336751601984927,10.454818393567717,338,187,1.6911403299407768,1.6710988923996497
2022/23,13/05/2023,Southampton,Fulham,T Bramall,2,0,0,0,2,0,3.5304907172216216,10.91644206675719,3.4923312235658237,13.44874360222354,6,1.6002222609580852,1.8688784157076364,1.504177063217972,1.273640320469541,11.02789072175333,10.83232790079904,339,111,1.4373841324954466,2.021124005416602
2022/23,14/05/2023,Arsenal,Brighton,A Madley,1,2,0,0,3,0,3.5431821515855044,10.979729873350895,3.070747890211157,19.790249965954544,68,1.6117905823076024,1.5024112022558458,1.8660278704431956,1.5906464963734928,9.803242864548395,10.57289064726946,339,223,1.5248579681352787,1.361697350292788
2022/23,14/05/2023,Brentford,West Ham,M Oliver,1,0,0,0,1,0,3.5431821515855044,10.979729873350895,3.166362076187544,20.69403233158662,261,1.5519757515555828,1.563767983437546,1.5406121151919463,1.5016210907821788,8.878954250569679,9.678949079237661,73,339,1.540664041899829,1.568336229004844
2022/23,14/05/2023,Everton,Man City,A Taylor,1,0,0,0,1,0,3.5431821515855044,10.979729873350895,3.526136392378061,20.481011195978525,265,1.6767623337200317,1.4945435301328365,1.7276097913471506,1.7126738417475675,10.52075698884218,9.51090077634598,339,338,1.6172492724831047,1.6861959898190781
2022/23,15/05/2023,Leicester,Liverpool,C Pawson,2,1,0,0,3,0,3.5173052249620795,10.934077795398798,3.570552627600217,21.451466437020706,215,1.4502253931842248,1.320281890359366,1.5971180485514567,1.5236717208678405,10.418094868546584,9.5960609702415,339,339,1.2901075499305195,1.5238032021044325
2022/23,18/05/2023,Newcastle,Brighton,R Jones,2,4,0,0,6,0,3.5149202815102227,10.962346164633962,3.406662070954304,17.845896536842943,46,1.637221209213059,1.5036062849846303,1.7574743737700211,1.5872882933528314,10.374106317198592,10.599236804329518,301,224,1.6264357703716767,1.365054347333281
2022/23,20/05/2023,Bournemouth,Man United,C Kavanagh,1,0,0,0,1,0,3.5263772982032724,11.013278556339394,3.3088072199656073,19.19113261474465,118,1.582771077744915,1.8515475416286005,1.8026880901930478,1.6735814399336852,9.255599955072803,11.332202229300975,226,339,1.620686169816598,1.9970152958731056
2022/23,20/05/2023,Fulham,Crystal Palace,J Smith,3,0,0,0,3,0,3.5263772982032724,11.013278556339394,3.5263772982032724,11.013278556339394,0,1.8539199191852327,1.7336558584127453,1.2791167695789334,1.764641773905703,10.847240859626343,11.34816785682407,112,340,1.696448306148233,1.8078261066839165
2022/23,20/05/2023,Liverpool,Aston Villa,J Brooks,3,5,0,0,8,0,3.5263772982032724,11.013278556339394,3.8730311403278654,15.81156443279315,21,1.3195713513704916,1.869078131686824,1.525205154187393,1.840032488533297,9.61859039203534,10.761824021462845,340,226,1.1537720526298625,2.034748669816598
2022/23,20/05/2023,Nott'm Forest,Arsenal,A Taylor,3,2,0,0,5,0,3.5263772982032724,11.013278556339394,3.516011795378288,20.468494721335,266,2.0676045046377363,1.6097121964409142,1.7538790144416576,1.8660502246099282,9.874501748481283,9.81295658921844,36,340,2.195388779894683,1.710528809386619
2022/23,20/05/2023,Tottenham,Brentford,J Gillett,1,1,0,0,2,0,3.5263772982032724,11.013278556339394,3.3093761725526902,14.537387018540507,24,1.7477403654549988,1.5443576374890398,1.9561910696803508,1.5218857273766804,10.765069265274775,8.838197631152196,340,74,1.6078261066839166,1.623996725702395
2022/23,20/05/2023,Wolves,Everton,D Coote,5,1,0,0,6,0,3.5263772982032724,11.013278556339394,3.4881365703989538,20.418866937243227,88,1.7017134469779536,1.6745009288352803,1.962797190820318,1.7223882527789425,10.451229503313034,10.525632645556465,188,340,1.7380534838213262,1.7429612418190517
2022/23,21/05/2023,Brighton,Southampton,P Tierney,2,5,0,0,7,0,3.5440854044990275,11.040522249987312,3.398912830288328,20.71985195741584,157,1.5149193355572614,1.6016356071373035,1.5899193355572612,1.500227156433078,10.62418298697877,11.047334977112408,225,340,1.6738633112893126,1.776111570452663
2022/23,21/05/2023,Man City,Chelsea,M Oliver,0,2,0,0,2,0,3.5440854044990275,11.040522249987312,3.1588924568378944,20.66206639808252,262,1.4903407924681997,1.6061600015077477,1.7106797755190473,1.9649170636546405,9.4966212341099,10.084191855578826,339,339,1.3274629218040146,1.7042426115964278
2022/23,21/05/2023,West Ham,Leeds,P Bankes,1,3,0,0,4,0,3.5440854044990275,11.040522249987312,3.8047873227675675,18.79777447916289,59,1.559382086010543,2.0911861459349823,1.500227156433078,1.6108711853050606,9.667053286971562,11.155936353345709,340,112,1.5761115704526634,2.036347049771024
2022/23,22/05/2023,Newcastle,Leicester,A Marriner,2,0,0,0,2,0,3.5548877116714954,10.989313032752403,3.146632869228517,18.02914643211606,206,1.6393112234622593,1.452568050246581,1.765494188761944,1.5962300220775667,10.395646207399505,10.420900979565193,302,340,1.6304919146839532,1.6360089612839794
2022/23,24/05/2023,Brighton,Man City,S Hooper,2,1,0,0,3,0,3.547719179324647,10.952571289240508,3.1569297948311617,19.088142822310125,75,1.5170452026760781,1.4862194192815068,1.6041821321366592,1.7115715319575628,10.610557197797942,9.501814886392406,226,340,1.6766241706635534,1.677216814374646
2022/23,25/05/2023,Man United,Chelsea,S Attwell,1,1,0,0,2,0,3.5451940177828285,10.975952933483114,3.516233644719572,18.755548292204185,137,1.846729451079919,1.607292831361609,1.6720815637559754,1.959405507417947,11.3192102732426,10.079773653524292,340,340,1.6988530170291913,1.7058862439641687
2022/23,28/05/2023,Arsenal,Wolves,A Marriner,0,0,0,0,0,0,3.5380701764914364,10.957711613101988,3.1398782517770942,18.008374096239436,207,1.6110548492238363,1.7183114035474791,1.8694818155159711,1.9585074819788517,9.817929317691757,10.48619037793267,341,189,1.521813655803707,1.6746378561806035
2022/23,28/05/2023,Aston Villa,Brighton,D Coote,4,4,0,0,8,0,3.5380701764914364,10.957711613101988,3.5127346878270695,20.473182371294293,89,1.8823782079491147,1.5187418443127512,1.8451881253044866,1.6013864724119247,10.769350566521757,10.632986930158118,227,227,1.691683799403795,1.3869962994037952
2022/23,28/05/2023,Brentford,Man City,J Brooks,4,0,0,0,4,0,3.5380701764914364,10.957711613101988,3.9670586045167213,16.06261256016063,22,1.5392836258187308,1.484650354841814,1.5170614035965084,1.7121784447294544,8.835364856647388,9.506131564882768,75,341,1.5295293523785727,1.6731650071550583
2022/23,28/05/2023,Chelsea,Newcastle,J Gillett,0,0,0,0,0,0,3.5380701764914364,10.957711613101988,3.2890350882457184,14.618855806550995,25,1.6054368716957466,1.6400488249172507,1.9565604672013646,1.7595456802631628,10.067929317691755,10.390512066346746,341,303,1.521813655803707,1.6598525682149745
2022/23,28/05/2023,Crystal Palace,Nott'm Forest,T Bramall,0,2,0,0,2,0,3.5380701764914364,10.957711613101988,3.4516173253839346,13.966962197735928,7,1.7290323773137242,2.08722166007088,1.7683582200103534,1.7602985831478033,11.34882819409625,9.888131482658942,341,37,1.6623541963442474,1.8041068582935083
2022/23,28/05/2023,Everton,Bournemouth,S Attwell,1,3,0,0,4,0,3.5380701764914364,10.957711613101988,3.5058389841244533,18.748115278083127,138,1.6728526020328254,1.5807253153871312,1.731841366077769,1.7956013484449824,10.522985497467037,9.240424946687046,341,227,1.6137055476955988,1.566683799403795
2022/23,28/05/2023,Leeds,Tottenham,A Taylor,3,0,0,0,3,0,3.5380701764914364,10.957711613101988,3.5220950493571435,20.47240681619024,267,2.0979337994037954,1.7458863098979938,1.6057462994037952,1.9537514784373196,11.149865914830194,10.7645585311749,113,341,2.077965159488532,1.8893812233712743
2022/23,28/05/2023,Leicester,West Ham,S Hooper,1,1,0,0,2,0,3.5380701764914364,10.957711613101988,3.152987667448375,19.16775039928267,76,1.4481335009092298,1.5576840627069826,1.5970099054036115,1.5043132761901286,10.405007969377149,9.655007969377149,341,341,1.2947866287766798,1.5596514936415449
2022/23,28/05/2023,Man United,Fulham,R Jones,1,2,0,0,3,0,3.5380701764914364,10.957711613101988,3.4507188112817486,18.054760976771522,47,1.8442009166395668,1.8635587994037952,1.6700436132687804,1.2698087994037952,11.320738306455802,10.860803414830194,341,113,1.69478662877668,1.9934581172350108
2022/23,28/05/2023,Southampton,Liverpool,D England,0,2,0,0,2,0,3.5380701764914364,10.957711613101988,3.5717645566997955,17.636852033732605,44,1.6110548492238363,1.3245379952912522,1.5015042874260836,1.535212152594623,11.039839430051305,9.635345048028835,341,341,1.4407325747226258,1.521813655803707
2023/24,11/08/2023,Burnley,Man City,C Pawson,0,0,1,0,0,1,3.504572694262374,10.883908811660172,3.5668643873716155,21.473434524031134,216,1.702079342373551,1.4797879417562123,1.3106202676404548,1.7178831798514504,10.009356996752496,9.500362229936837,266,342,1.6370560486957284,1.6628187914353108
2023/24,12/08/2023,Arsenal,Nott'm Forest,M Oliver,2,2,0,0,4,0,3.488415487333469,10.871145816707896,3.1500360666088083,20.648536963255893,263,1.6054989248039244,2.0785493614151136,1.8632020060364174,1.7200587953773776,9.81101846953868,9.93459610613791,342,38,1.5116296567473173,1.7989151810294417
2023/24,12/08/2023,Bournemouth,West Ham,P Bankes,1,4,0,0,5,0,3.488415487333469,10.871145816707896,3.79071043745102,18.72680759314938,60,1.585033399814819,1.5550787567366975,1.7907947166872469,1.5018574682212913,9.249109438787281,9.654155724440642,228,342,1.6136675670930312,1.5546404094354893
2023/24,12/08/2023,Brighton,Luton,D Coote,2,2,0,0,4,0,3.488415487333469,10.871145816707896,3.540959888550754,20.545901264501715,90,1.5274202310905391,1.7442077436667345,1.6097247578395104,1.7442077436667345,10.65240161985724,5.435572908353948,228,0,1.6756830709690003,1.7442077436667345
2023/24,12/08/2023,Everton,Fulham,S Attwell,0,2,0,0,2,0,3.488415487333469,10.871145816707896,3.5012828486788825,18.7608453988884,139,1.6699246951120477,1.8617295825969071,1.734350465420171,1.2648303577907054,10.522503063376217,10.849097625002397,342,114,1.6084038502957045,1.9883766132639031
2023/24,12/08/2023,Newcastle,Aston Villa,A Madley,4,4,0,0,8,0,3.488415487333469,10.871145816707896,3.055429650886561,19.869985589549973,69,1.633740176034486,1.8895601487860125,1.7528624330877776,1.8525231117489753,10.390387440831692,10.784088862655594,304,228,1.6297192584131799,2.05552803220931
2023/24,12/08/2023,Sheffield United,Crystal Palace,J Brooks,3,0,0,0,3,0,3.488415487333469,10.871145816707896,3.941883066319515,16.099555112868696,23,1.7600342434615497,1.7231459836274539,1.1886056720329783,1.7679639107983223,10.445424105772629,11.340430234244563,76,342,1.663455021792472,1.796575893306457
2023/24,13/08/2023,Brentford,Tottenham,R Jones,1,4,0,0,5,0,3.5115408075252748,10.941802039270556,3.4354591806593406,18.13075412303786,48,1.564137978642193,1.740438532370979,1.498203912708127,1.956124806880783,8.86882983840142,10.748077073654143,76,342,1.5723878501215012,1.8781535271851588
2023/24,13/08/2023,Chelsea,Liverpool,A Taylor,3,3,0,0,6,0,3.5115408075252748,10.941802039270556,3.5180495569560812,20.44213327980124,268,1.6003825099620155,1.325872706040447,1.9505225659844245,1.5303544987575337,10.064603684298401,9.636032255726974,342,342,1.5125621293356966,1.5233148175077396
2023/24,14/08/2023,Man United,Wolves,S Hooper,2,3,0,0,5,0,3.5298440425768103,10.933626477806822,3.139667657494316,19.15039864652128,77,1.841663390250213,1.7096284405820783,1.6707950429112777,1.948652830825981,11.327737250934316,10.48781560284659,342,190,1.690719517845839,1.6588530029029642
2023/24,18/08/2023,Nott'm Forest,Sheffield United,P Bankes,2,3,0,0,5,0,3.536621934195051,10.94339395012365,3.8187854459869333,18.797498241315015,61,2.0837900834530165,1.7774420055050313,1.7319382316011644,1.1796159185485096,9.982878789369025,10.533428854629644,39,77,2.221313661954791,1.8589559340842052
2023/24,19/08/2023,Fulham,Brentford,D Bond,2,2,1,0,4,1,3.543368577549776,10.907159654246446,3.606352222025669,12.126861770902108,4,1.8659635717817178,1.5606006992567751,1.25827126408941,1.5279920036046013,10.813874595437294,8.900040189204873,115,77,1.7163231157169905,1.6146276288985533
2023/24,19/08/2023,Liverpool,Bournemouth,T Bramall,1,3,1,0,4,1,3.543368577549776,10.907159654246446,3.4116428617801335,14.172090647156399,8,1.3312158221553725,1.5843248538181283,1.535126436680512,1.8015379685722268,9.641909769292871,9.249195481175608,343,229,1.1643831415678674,1.5781028242761497
2023/24,19/08/2023,Man City,Newcastle,R Jones,1,5,0,0,6,0,3.543368577549776,10.907159654246446,3.4673542491722213,18.211878261569744,49,1.4764672188034171,1.642422701036323,1.7138973864011824,1.761172701036323,9.496658372644827,10.3962615543964,343,305,1.320297120062491,1.6501512834228942
2023/24,19/08/2023,Tottenham,Man United,M Oliver,1,3,0,0,4,0,3.543368577549776,10.907159654246446,3.1577308458088043,20.66324910503862,264,1.7474169394738082,1.8423890065129143,1.9541208500883334,1.6747912411497858,10.753641612868291,11.33464719946047,343,343,1.6052433566216306,1.9869637867291579
2023/24,19/08/2023,Wolves,Brighton,A Madley,3,6,1,0,9,1,3.543368577549776,10.907159654246446,3.1219390993552043,19.975568330064853,70,1.716384778308851,1.5310461652935383,1.949394487046715,1.6130133784082923,10.484483967994409,10.65493318609364,191,229,1.7688660393783937,1.407560188617235
2023/24,20/08/2023,Aston Villa,Everton,A Taylor,3,4,0,0,7,0,3.58598548109991,10.929083501835011,3.532821894651353,20.429343835190053,269,1.901208570115776,1.6673041651068417,1.8643233242141366,1.7371365673414785,10.81134477976952,10.527843928111068,229,343,1.7123634969631731,1.7413703823024158
2023/24,20/08/2023,West Ham,Chelsea,J Brooks,2,3,1,0,5,1,3.58598548109991,10.929083501835011,3.97244157198975,16.392389541752557,24,1.563952209799579,1.605851651140361,1.5024996958330987,1.9550136623135457,9.667508732580343,10.050190296826152,343,343,1.574703715635749,1.7037359737002653
2023/24,21/08/2023,Crystal Palace,Arsenal,D Coote,2,1,0,1,3,1,3.6081716819794534,10.91667806192431,3.57072665559902,20.576870271966445,91,1.7208415855163293,1.6091097419409104,1.7739142112146535,1.8660929821643741,11.34043319962132,9.818086830906235,343,343,1.6562434818002467,1.7153832667464832
2023/24,25/08/2023,Chelsea,Luton,R Jones,2,3,0,0,5,0,3.6053678150135244,10.926601449273386,3.521789271671175,18.28220048309113,50,1.61013999613538,1.8150161632875896,1.9555438958568285,1.8150161632875896,10.047213122199306,5.8718444293469,344,1,1.524279457821398,1.8150161632875896
2023/24,26/08/2023,Arsenal,Fulham,P Tierney,0,3,0,1,3,1,3.611797517722007,10.950243255176064,3.4278411909456294,20.687191701526785,158,1.6074888060805432,1.8709044380375195,1.8665417308716297,1.2678510029230157,9.819294775525961,10.83302919399863,344,116,1.5191897400155885,2.0012120737385626
2023/24,26/08/2023,Bournemouth,Tottenham,T Robinson,1,3,0,0,4,0,3.611797517722007,10.950243255176064,3.617676355108935,12.7770029064072,3,1.5921978831955717,1.7467645720972564,1.8003611485016942,1.9584637364426603,9.265823773117635,10.749656892517605,230,344,1.6160652414070389,1.8935212908177277
2023/24,26/08/2023,Brentford,Crystal Palace,P Bankes,0,0,0,0,0,0,3.611797517722007,10.950243255176064,3.8539648039431054,18.74432277447588,62,1.5708438858377962,1.721694934214248,1.5385858213216672,1.7718342099802649,8.936847574342156,11.348542686389472,78,344,1.5757126182021306,1.7919170127428614
2023/24,26/08/2023,Brighton,West Ham,A Taylor,1,3,0,0,4,0,3.611797517722007,10.950243255176064,3.546762501501865,20.42968163179458,270,1.5513815566649594,1.5657060762755295,1.6207693117670003,1.50721025454851,10.657660507811514,9.674447978868582,230,344,1.685296010637808,1.5726656758444657
2023/24,26/08/2023,Everton,Wolves,C Pawson,3,4,0,0,7,0,3.611797517722007,10.950243255176064,3.5632022229051663,21.470066451980998,217,1.6743411737685656,1.725065127453696,1.7411935414565878,1.9714419390478988,10.532386697531532,10.503028137264835,344,192,1.6047512373417916,1.676472805251487
2023/24,26/08/2023,Man United,Nott'm Forest,S Attwell,4,4,0,1,8,1,3.611797517722007,10.950243255176064,3.5108784117760616,18.768218675026677,140,1.8470431236292897,2.0925178433257283,1.6743411737685656,1.765245116053001,11.326258563826798,9.89321498934219,344,40,1.6956603282508826,1.8310994680832873
2023/24,27/08/2023,Burnley,Aston Villa,M Salisbury,2,0,0,0,2,0,3.6319290005519154,10.949351011496335,3.9022843026464624,16.13334361133508,18,1.6994307358302814,1.9070998673638342,1.3093598138444658,1.8744468061393444,10.014610399241924,10.800490337086622,267,230,1.6324796476787877,2.0787651346472256
2023/24,27/08/2023,Newcastle,Liverpool,J Brooks,1,2,0,1,3,1,3.6319290005519154,10.949351011496335,4.015964500275958,16.494675505748166,25,1.654951612162428,1.3321433635212796,1.7608706152776927,1.5410570125463492,10.39912813889789,9.646574185476943,306,344,1.6502349256198772,1.5360399331772159
2023/24,27/08/2023,Sheffield United,Man City,J Gillett,3,0,0,0,3,0,3.6319290005519154,10.949351011496335,3.2705534316430955,14.720270103674675,26,1.7982738441305308,1.4769901601786612,1.1961233064961223,1.7249010236884104,10.517420780497016,9.504512904139895,78,344,1.708138287113692,1.659034585583633
2023/24,01/09/2023,Luton,West Ham,P Tierney,1,1,0,0,2,0,3.618661136901252,10.931914481162659,3.4264485240354965,20.63205359798406,159,1.890585795691729,1.569833218129887,1.8317622662799642,1.5059443292409982,6.234668153454114,9.672192662802,2,345,1.809330568450626,1.5805316942912733
2023/24,02/09/2023,Brentford,Bournemouth,R Madley,1,2,0,0,3,0,3.6111985887474014,10.927994270461019,3.3268465289971623,19.659458169022752,86,1.5540849937830374,1.5897723146975833,1.5221701001660162,1.8052194691691281,8.935744223706996,9.300650231822999,79,231,1.546981625738282,1.592953764735427
2023/24,02/09/2023,Brighton,Newcastle,S Attwell,4,4,0,0,8,0,3.6111985887474014,10.927994270461019,3.537831112763163,18.796384679286298,141,1.5491219081935184,1.6524347497379055,1.626357680551242,1.7611304019118184,10.654308768408365,10.416024711268502,231,307,1.6800304535542405,1.6731189846166996
2023/24,02/09/2023,Burnley,Tottenham,D England,4,3,0,0,7,0,3.6111985887474014,10.927994270461019,3.5754280674097862,17.574283668021792,45,1.699943425496839,1.7502333039322375,1.3041837081823515,1.955788859487793,10.021059918828472,10.749888769523492,268,345,1.6338932627707035,1.8993829224234335
2023/24,02/09/2023,Chelsea,Nott'm Forest,T Robinson,3,4,0,0,7,0,3.6111985887474014,10.927994270461019,3.630343610989139,13.317236440052602,4,1.6113444150433485,2.126499810992956,1.9585666372655708,1.8050712395643842,10.060999880634604,9.90999923265103,345,41,1.5270424968915186,1.8912219282112641
2023/24,02/09/2023,Man City,Fulham,M Oliver,2,4,0,0,6,0,3.6111985887474014,10.927994270461019,3.166482636960983,20.652413299177674,265,1.4724555261544596,1.8794241622394356,1.7280110817100154,1.2582120410273143,9.483222102856827,10.787575432033771,345,117,1.3213047562331846,2.0146485056162904
2023/24,02/09/2023,Sheffield United,Everton,A Madley,1,2,0,0,3,0,3.6111985887474014,10.927994270461019,3.200832965819636,20.03333184126589,71,1.8094041427192076,1.6780110817100153,1.1817445682511223,1.7474555261544598,10.52085060668572,10.53044432507905,79,345,1.728799807556464,1.7544598364470883
2023/24,03/09/2023,Arsenal,Man United,A Taylor,2,3,0,0,5,0,3.6673410013566925,10.97236347974862,3.552984881871342,20.426719888492283,271,1.6041807153060421,1.8541807153060423,1.8708473819727087,1.68195849308382,9.809146461383651,11.331368683605874,345,345,1.5133247739902935,1.9973532487175145
2023/24,03/09/2023,Crystal Palace,Wolves,R Jones,1,3,0,0,4,0,3.6673410013566925,10.97236347974862,3.5616253293936486,18.41196167096994,51,1.7180696041949313,1.7380050841835346,1.768069604194931,1.97838969956815,11.359146461383652,10.520638106240936,345,193,1.6604548529955894,1.700938013483707
2023/24,03/09/2023,Liverpool,Aston Villa,S Hooper,0,1,0,0,1,0,3.6673410013566925,10.97236347974862,3.1911021847953136,19.20688433974481,78,1.3347362708615977,1.9004270630494926,1.5402918264171532,1.8760368191470538,9.648035350272542,10.802002951618352,345,231,1.1684762433699207,2.064924103131108
2023/24,16/09/2023,Aston Villa,Crystal Palace,D England,5,3,0,0,8,0,3.6626577616399714,10.936763131801706,3.6417809019859053,17.6678743421837,46,1.896639405717813,1.7159831944939052,1.8682993247461528,1.7713848565437667,10.785529244892764,11.360182059524966,232,346,1.7266917939407678,1.7844145383632968
2023/24,16/09/2023,Fulham,Luton,M Salisbury,2,2,0,0,4,0,3.6626577616399714,10.936763131801706,3.876510091840893,16.282251779432787,19,1.89827017452857,1.8594407340166548,1.2666912271601487,1.8038851784610992,10.797185890891075,6.3347624160284886,118,3,1.7324648385246546,1.909996071311752
2023/24,16/09/2023,Man United,Brighton,J Gillett,2,2,0,0,4,0,3.6626577616399714,10.936763131801706,3.280123923865371,14.681136121058513,27,1.857257432721052,1.5606070170538453,1.6827421972639882,1.6375300939769222,11.318630812987571,10.668120338010173,346,232,1.7099464532569137,1.4497687170176905
2023/24,16/09/2023,Newcastle,Brentford,C Pawson,3,5,0,0,8,0,3.6626577616399714,10.936763131801706,3.582577959016458,21.479090857181244,218,1.6608976260442718,1.5523150864452608,1.7692567591712067,1.5312624548663136,10.43661214702326,8.90553393145803,308,80,1.6477510840964484,1.6383320965240702
2023/24,16/09/2023,Tottenham,Sheffield United,P Bankes,6,5,0,1,11,1,3.6626577616399714,10.936763131801706,3.8246186822840826,18.800216798807305,63,1.7547643579288081,1.8049466653926294,1.962520590615789,1.1944203496031556,10.745223610771504,10.526586563036975,346,80,1.6067910866967903,1.8975913557833295
2023/24,16/09/2023,West Ham,Man City,A Madley,3,2,0,0,5,0,3.6626577616399714,10.936763131801706,3.2120251962989617,20.07648534324786,72,1.5691687900617723,1.4749859645770078,1.5054568787044316,1.7353737762113568,9.681511699414164,9.490375965342139,346,346,1.5800531187823519,1.6514358149590413
2023/24,16/09/2023,Wolves,Liverpool,M Oliver,1,3,0,0,4,0,3.6626577616399714,10.936763131801706,3.1806407011718187,20.66467037214791,266,1.7438752785277503,1.330941643247368,1.973540350298085,1.5386978759343484,10.526438868366089,9.653810868389233,194,346,1.788017416327025,1.539733687299467
2023/24,17/09/2023,Bournemouth,Chelsea,D Coote,1,5,0,0,6,0,3.746083969484068,10.86846061155493,3.595317087496596,20.595824916998918,92,1.595528865470164,1.6179934342690596,1.8060551812596377,1.967023905183187,9.313819654197012,10.059594057026764,232,346,1.6190506089399277,1.7170889292573823
2023/24,17/09/2023,Everton,Arsenal,S Hooper,1,1,0,0,2,0,3.746083969484068,10.86846061155493,3.1889624926644395,19.17991841623917,79,1.6817053456264004,1.6069131018590874,1.748187340086234,1.8756111628009156,10.536048350655573,9.80197632849491,346,346,1.6175299455911198,1.7170889292573823
2023/24,18/09/2023,Nott'm Forest,Burnley,R Jones,2,3,0,1,5,1,3.7483773313809694,10.930146963830147,3.5936290036951197,18.47082693630849,52,2.1774180699185486,1.7116648943146382,1.8440847365852153,1.3137775703709762,9.894317582960106,10.038648247284247,42,269,2.2603665710102074,1.7845461485497112
2023/24,23/09/2023,Brentford,Everton,M Oliver,2,2,0,0,4,0,3.754147714155039,10.949124577217699,3.1912797700475206,20.64290450147412,267,1.5953761235016957,1.6799892482214442,1.553709456835029,1.7462875907628805,8.938733690928466,10.54176363074346,81,347,1.5563590688600497,1.7614686588093764
2023/24,23/09/2023,Burnley,Man United,T Harrington,1,2,0,0,3,0,3.754147714155039,10.949124577217699,3.6427556721728225,13.815532777365956,9,1.7163372205479397,1.859547259271168,1.3163372205479398,1.6855141100998972,10.039012050277659,11.309719431848432,270,347,1.6566629659348528,2.0061495098732065
2023/24,23/09/2023,Crystal Palace,Fulham,P Tierney,3,2,0,0,5,0,3.754147714155039,10.949124577217699,3.4370469883993295,20.6363681861105,160,1.721425712309842,1.9041500586280806,1.7821991929728256,1.2772843869862895,11.353918326876059,10.762077868127857,347,119,1.6604048290221427,2.0554147714155038
2023/24,23/09/2023,Luton,Wolves,J Smith,0,2,0,1,2,1,3.754147714155039,10.949124577217699,3.7251420328413833,11.489542862709326,1,1.9029530450611996,1.7436005136007753,1.8503214661138312,1.9816957516960134,6.743075491006986,10.524373496805396,4,195,1.8222567410101744,1.7181956447448035
2023/24,23/09/2023,Man City,Nott'm Forest,A Taylor,3,7,1,0,10,1,3.754147714155039,10.949124577217699,3.5651639490029496,20.406491967779267,272,1.4783317896579085,2.1751053078648757,1.7407627288844276,1.8647604802786688,9.49480230477661,10.002041971191943,347,43,1.3306175949795893,1.977192104220616
2023/24,24/09/2023,Arsenal,Tottenham,R Jones,3,4,0,0,7,0,3.7782678439276474,10.974866719878795,3.6212396935665536,18.581688051243205,53,1.6059033393078932,1.768886764722258,1.8738591404128657,1.9733066542250204,9.804727901654946,10.752241713809644,347,347,1.5203016340182929,1.9118360255526843
2023/24,24/09/2023,Brighton,Bournemouth,J Brooks,3,3,0,0,6,0,3.7782678439276474,10.974866719878795,4.067778354866494,16.693562117587646,26,1.5658750356026505,1.5941008420542637,1.642487938828457,1.8199072936671667,10.66254637257698,9.33996572741569,233,233,1.7070985517383133,1.605626021598911
2023/24,24/09/2023,Chelsea,Aston Villa,J Gillett,2,3,0,0,5,0,3.7782678439276474,10.974866719878795,3.348239549022475,14.742861660320187,28,1.6280027868217053,1.9126492291510377,1.9650193614073408,1.8763589065703925,10.089258288395278,10.795610888706012,347,233,1.5414656551823143,2.0631591577989195
2023/24,24/09/2023,Liverpool,West Ham,C Kavanagh,0,2,0,0,2,0,3.7782678439276474,10.974866719878795,3.3365048340152166,19.141469916645626,119,1.3379475382029207,1.5755165989764017,1.539604996766457,1.509218256434965,9.638982045301356,9.6748936475113,347,347,1.1666862171779646,1.5837936975103564
2023/24,24/09/2023,Sheffield United,Newcastle,S Attwell,3,0,0,0,3,0,3.7782678439276474,10.974866719878795,3.589561054480187,18.87647705387407,142,1.8472605086401808,1.6677068173748684,1.2535105086401808,1.781904348239066,10.565744795823864,10.42997376666386,81,309,1.7381608719545956,1.6943018273932389
2023/24,30/09/2023,Aston Villa,Brighton,A Madley,4,4,0,0,8,0,3.7967830304316794,11.04276802050454,3.264485466946857,20.082338780740955,73,1.917573786057179,1.5721922599527616,1.877413143486898,1.6484974808362955,10.798476948408771,10.669962892183872,234,234,1.7593578070857832,1.461647883421661
2023/24,30/09/2023,Bournemouth,Arsenal,M Salisbury,0,1,0,0,1,0,3.7967830304316794,11.04276802050454,3.953768350239822,16.423760011391412,20,1.600304709751958,1.6101263711521696,1.8252043081455325,1.8800988229428033,9.372774137163791,9.812178402627506,234,348,1.6172414600624059,1.7152971953629659
2023/24,30/09/2023,Everton,Luton,A Taylor,0,1,0,0,1,0,3.7967830304316794,11.04276802050454,3.5903341468482957,20.4196953037336,273,1.6817517155047867,1.8237936364118799,1.7478674179841256,1.8737936364118797,10.547715592710148,7.0410380076892025,348,5,1.6162744588795641,1.970881818235422
2023/24,30/09/2023,Man United,Crystal Palace,C Kavanagh,3,2,0,0,5,0,3.7967830304316794,11.04276802050454,3.3304798328330483,19.193580693190437,120,1.8608150763863296,1.7258288504910126,1.684506536441426,1.7836800901604342,11.313555813095824,11.352123306208771,348,348,1.7168035594086644,1.7961686387737439
2023/24,30/09/2023,Newcastle,Burnley,T Bramall,1,3,0,0,4,0,3.7967830304316794,11.04276802050454,3.615281640023294,14.56085883860628,9,1.6630026853176543,1.7149506039448867,1.7860796083945774,1.3198457088399917,10.424063877396259,10.027345315223021,310,271,1.661622780754339,1.7951400854244133
2023/24,30/09/2023,Tottenham,Liverpool,S Hooper,5,4,0,2,9,2,3.7967830304316794,11.04276802050454,3.1897102453408763,19.248278100120128,80,1.7754156273505168,1.3346442774882576,1.9765175557251724,1.541255847736192,10.776365730451195,9.646889146429157,348,348,1.6355099613204127,1.5527823953875004
2023/24,30/09/2023,West Ham,Sheffield United,G Scott,1,1,0,0,2,0,3.7967830304316794,11.04276802050454,2.8945127077483224,18.42797742348882,99,1.5770685199125003,1.860576007507604,1.5054431755598832,1.2420193064766765,9.685456639542105,10.585781032513237,348,82,1.5929567698310512,1.9722885950588653
2023/24,30/09/2023,Wolves,Man City,C Pawson,5,4,0,0,9,0,3.7967830304316794,11.04276802050454,3.614424490822918,21.4838901660353,219,1.7463311503707941,1.4834046080667702,1.973819302029562,1.756131880794043,10.558392228216986,9.484354711167448,196,348,1.7899631493592643,1.6586025012076064
2023/24,01/10/2023,Nott'm Forest,Brentford,P Tierney,1,2,1,0,3,1,3.8362837603088185,11.109788679311691,3.45648975272968,20.681423209584906,161,2.2673242068189174,1.6058982288898571,1.8944428508867144,1.5646611154877952,10.141074832115894,8.951787784482862,44,82,2.2714480056198925,1.7231296036784751
2023/24,02/10/2023,Fulham,Chelsea,T Robinson,1,4,0,0,5,0,3.83242822342744,11.081223040704831,3.9270235195228667,13.634352533920692,5,1.9092089753755985,1.630146588638308,1.2943941605607836,1.9689895638449195,10.800808687446565,10.088455021502167,120,348,1.7532866442662947,1.7379958067856691
2023/24,03/10/2023,Luton,Burnley,P Bankes,4,2,0,0,6,0,3.8378111045233196,11.103442422790387,3.9544413214953145,18.93916921988494,64,1.7992182516154713,1.7205002901878916,1.7992182516154713,1.3198034260763936,7.203610389091805,10.04625720617048,6,272,1.7519754872896998,1.8052238885594993
2023/24,07/10/2023,Burnley,Chelsea,S Attwell,2,4,0,0,6,0,3.847779490158683,11.093206408968499,3.59639575746409,18.90077476323936,143,1.7217303686673269,1.6369734785060168,1.3293692575562157,1.9666438081763467,10.031941139122445,10.093953428756219,273,349,1.6569628037907245,1.750573260191482
2023/24,07/10/2023,Crystal Palace,Nott'm Forest,C Pawson,0,1,0,0,1,0,3.847779490158683,11.093206408968499,3.6416101520570083,21.523796572343727,220,1.7276328191653574,2.247639102936502,1.7880723796049178,1.897639102936502,11.343953428756219,10.069984134454394,349,45,1.6712081808264028,2.127851215162898
2023/24,07/10/2023,Everton,Bournemouth,D Coote,1,2,0,0,3,0,3.847779490158683,11.093206408968499,3.6372414174065004,20.765509832408583,93,1.678182269714808,1.5954333847047606,1.7468635883961268,1.8234333847047606,10.541755626558416,9.380796192269056,349,235,1.6097807693483692,1.6201389861832585
2023/24,07/10/2023,Fulham,Sheffield United,S Barrott,1,2,0,0,3,0,3.847779490158683,11.093206408968499,3.847779490158683,11.093206408968499,0,1.9033701924719864,1.8556974099611236,1.3151348983543392,1.24345251200194,10.832345941671058,10.573459674155753,121,83,1.7447779490158684,1.9617561817176807
2023/24,07/10/2023,Luton,Tottenham,J Brooks,2,1,0,1,3,1,3.847779490158683,11.093206408968499,4.138355524114751,16.987118465850237,27,1.902652098917733,1.785325126857665,1.8117430080086419,1.983127324659863,7.509047639421079,10.778019362822153,7,349,1.8810192320105623,1.9255702430325796
2023/24,07/10/2023,Man United,Brentford,A Madley,0,5,0,0,5,0,3.847779490158683,11.093206408968499,3.3251968409491623,20.296264244689016,74,1.864995456527995,1.6107994507774501,1.6864240279565663,1.5597790426141849,11.310986395789186,8.96121477619657,349,83,1.7255702430325797,1.7296133245748235
2023/24,08/10/2023,Arsenal,Man City,M Oliver,2,3,0,0,5,0,3.8382808457364184,11.102547454037918,3.20121850219594,20.657213946590268,268,1.6093052372061074,1.4911733690742393,1.875788753689624,1.7658986437995141,9.813926115124408,9.492497543695835,349,349,1.530458454436964,1.6725637175948587
2023/24,08/10/2023,Brighton,Liverpool,A Taylor,1,2,0,0,3,0,3.8382808457364184,11.102547454037918,3.585140538941172,20.41660095769548,274,1.5831484253720924,1.3428217207225912,1.6591484253720925,1.5516129295138,10.713076423621137,9.668321719520012,235,349,1.7202038070903996,1.5673005597001217
2023/24,08/10/2023,West Ham,Newcastle,P Bankes,3,3,0,0,6,0,3.8382808457364184,11.102547454037918,3.977300234926783,18.950707626121645,65,1.5763382042390746,1.661923639089028,1.5049096328105032,1.7907579949172487,9.676563477761771,10.41493590768492,349,311,1.5914661711271068,1.6869829784883714
2023/24,08/10/2023,Wolves,Aston Villa,R Jones,2,2,1,0,4,1,3.8382808457364184,11.102547454037918,3.683000267638107,18.77928716899934,54,1.763146728033128,1.9271484253720925,1.9848448412406752,1.8871484253720925,10.595608990119265,10.833076423621137,197,235,1.82112483489401,2.0735872657370162
2023/24,21/10/2023,Bournemouth,Wolves,P Tierney,2,6,1,0,8,1,3.850399667034348,11.172203221585752,3.4559357843628806,20.66473305101414,162,1.5971234960269227,1.7646854342852472,1.8202310657480383,1.9853427112805522,9.405543920963717,10.637518892778843,236,198,1.6081052443816362,1.726999978094365
2023/24,21/10/2023,Brentford,Burnley,J Smith,5,2,0,1,7,1,3.850399667034348,11.172203221585752,3.750370062068841,12.3446326125794,2,1.6452322980076528,1.7227612370337635,1.5442221969975516,1.3386781920510646,9.048399233958516,10.037340914054994,84,274,1.5768069737325896,1.8071390563096532
2023/24,21/10/2023,Chelsea,Arsenal,C Kavanagh,3,3,0,0,6,0,3.850399667034348,11.172203221585752,3.3510958333962924,19.20756904479208,121,1.6435013630212536,1.6106246506924866,1.9667890342541305,1.8791178013774181,10.089839792224364,9.810387737429844,350,350,1.5467263026460927,1.713640198427289
2023/24,21/10/2023,Liverpool,Everton,C Pawson,1,1,0,1,2,1,3.850399667034348,11.172203221585752,3.631138177544141,21.521565368047334,221,1.3448712260349525,1.6763780753500208,1.550350678089747,1.7476109520623495,9.698058970306555,10.5528534908545,350,350,1.1633756481627386,1.7665502513373417
2023/24,21/10/2023,Man City,Brighton,R Jones,2,2,1,0,4,1,3.850399667034348,11.172203221585752,3.6907498959482337,18.91631350674555,55,1.4955561575418015,1.5811872410468433,1.7667890342541304,1.6608685159472416,9.487100066196968,10.720284956820292,350,236,1.3432698280569186,1.4839242235057395
2023/24,21/10/2023,Newcastle,Crystal Palace,T Robinson,2,3,0,0,5,0,3.850399667034348,11.172203221585752,3.9761287637373774,14.138873565794961,6,1.6662935703448243,1.7229534178157742,1.7947339373173017,1.7859671164459112,10.439729431687747,11.333675408662721,312,350,1.660105248554138,1.799357881593461
2023/24,21/10/2023,Nott'm Forest,Luton,S Barrott,3,0,0,0,3,0,3.850399667034348,11.172203221585752,3.817691987533027,11.434810789986301,1,2.2275081557829117,1.9077390218590267,1.8668524180779935,1.7773042392503309,10.11133646167038,7.903979311386658,46,8,2.2399458784529083,1.9409472369872427
2023/24,21/10/2023,Sheffield United,Man United,M Oliver,3,1,0,0,4,0,3.850399667034348,11.172203221585752,3.2083673186253696,20.643894831767497,269,1.8573535101288647,1.8599397191856373,1.2411918939672486,1.6955561575418017,10.57365175921104,11.309017874416146,84,350,1.7697894298729404,2.0099364947235854
2023/24,22/10/2023,Aston Villa,West Ham,D Coote,0,1,0,0,1,0,3.887073273557555,11.150253821012315,3.6401414440246964,20.846691979204266,94,1.928896611759688,1.5812412316484428,1.8890559743094888,1.510008354936114,10.827198819352958,9.681169599061898,236,350,1.781462496603649,1.5902792081667456
2023/24,23/10/2023,Tottenham,Fulham,A Taylor,2,0,0,0,2,0,3.8737629381058882,11.158134729915531,3.5861469115088243,20.459844560826294,275,1.7837074576323126,1.8981987009911983,1.9837074576323128,1.321556365224775,10.769002768422922,10.815226353827493,350,122,1.6563662541576412,2.0664897636288706
2023/24,27/10/2023,Crystal Palace,Tottenham,A Madley,2,1,0,0,3,0,3.865124288896296,11.16592188423115,3.346281072224074,20.381480471057785,75,1.726744350182301,1.784121399362629,1.7868536397997874,1.9781104704008803,11.335367251726048,10.767061240797087,351,351,1.663097011403801,1.9214054040142525
2023/24,28/10/2023,Arsenal,Sheffield United,T Robinson,0,3,0,0,3,0,3.861135787950218,11.201108031354346,4.016512334336108,14.313365649495584,7,1.6146407606820399,1.8695851840962665,1.88240032352357,1.2395851840962664,9.822427077145239,10.590083102351576,351,85,1.5338142325111341,1.9641845335022217
2023/24,28/10/2023,Bournemouth,Burnley,S Barrott,2,3,0,0,5,0,3.861135787950218,11.201108031354346,3.7973479518057576,11.889914843846617,2,1.5990417397207406,1.723994891067678,1.8371369778159787,1.35158109796423,9.42860440569507,10.0448562421902,237,275,1.6116307344001988,1.8089376211159647
2023/24,28/10/2023,Chelsea,Brentford,S Hooper,1,4,0,0,5,0,3.861135787950218,11.201108031354346,3.2597018367807116,19.368185856451497,81,1.6474276459279418,1.6795851840962663,1.9698320175126411,1.5495851840962664,10.081989918675294,9.100083102351576,351,85,1.5547566408880975,1.7887459370109937
2023/24,28/10/2023,Wolves,Newcastle,A Taylor,1,4,0,0,5,0,3.861135787950218,11.201108031354346,3.5798285538164634,20.47517508566066,276,1.7848528897646105,1.6675564585659348,1.9857874692038628,1.7986540195415448,10.635552851566157,10.429903384863284,199,313,1.8241975299090056,1.6956638503486938
2023/24,29/10/2023,Aston Villa,Luton,J Brooks,3,2,0,0,5,0,3.8728994145292757,11.203261063248831,4.128726138928903,17.15248163360794,28,1.9208204190832125,1.8352810670403987,1.885106133368927,1.8352810670403987,10.821525626882407,8.042685748931927,237,9,1.7672687639772149,1.8523372804484783
2023/24,29/10/2023,Brighton,Fulham,M Salisbury,0,3,0,0,3,0,3.8728994145292757,11.203261063248831,3.9309235948528674,16.61046796915697,21,1.5835188317816253,1.8843967073113737,1.6628839111467046,1.32642569281862,10.722319277676057,10.840756941843235,237,123,1.7167667582758923,2.0395681247918125
2023/24,29/10/2023,Liverpool,Nott'm Forest,C Kavanagh,2,3,0,0,5,0,3.8728994145292757,11.203261063248831,3.3729420773008973,19.225044398511706,122,1.3443900153250534,2.242689445305961,1.5493080481119388,1.839463638854348,9.696788136541985,10.145555773780101,351,47,1.1634039242577345,2.1037627079222965
2023/24,29/10/2023,Man United,Man City,P Tierney,4,1,0,0,5,0,3.8728994145292757,11.203261063248831,3.48309832640017,20.691923013729898,163,1.858051217510846,1.497395479805928,1.6995812721556545,1.7678872830846162,11.306077754028323,9.486405622880783,351,351,1.7175222283192124,1.6808730136595265
2023/24,29/10/2023,West Ham,Everton,S Attwell,4,1,0,0,5,0,3.8728994145292757,11.203261063248831,3.614334232918532,18.91764216911965,144,1.5793626929206819,1.6749911082212283,1.5055922011174032,1.7460293595873484,9.696788136541985,10.549247152935429,351,351,1.6002460295208925,1.7634039242577346
2023/24,04/11/2023,Brentford,West Ham,T Bramall,1,4,0,0,5,0,3.8895487304222343,11.121266352214683,3.6925348074444533,14.82947596586763,10,1.7046694601798689,1.586298679777021,1.5462536185957105,1.5045548105672117,9.07336136278822,9.68776429875098,86,352,1.640889922037358,1.587285944911868
2023/24,04/11/2023,Burnley,Crystal Palace,P Bankes,0,5,0,0,5,0,3.8895487304222343,11.121266352214683,4.013612288577537,19.06628196489414,66,1.7291120806809854,1.727988053074024,1.3545416339455905,1.7852087615208903,10.04951717402615,11.355339230631088,276,352,1.6612523887461879,1.807181232869983
2023/24,04/11/2023,Everton,Brighton,T Robinson,4,2,0,0,6,0,3.8895487304222343,11.121266352214683,4.007233886683511,14.48580784258688,8,1.6734921402674843,1.5777534208623192,1.7525112138369667,1.66866251177141,10.548799721094305,10.724938725856166,352,238,1.608228353288831,1.4900121464523814
2023/24,04/11/2023,Fulham,Man United,J Brooks,5,2,0,0,7,0,3.8895487304222343,11.121266352214683,4.15256885667696,17.18577145935865,29,1.8933209746630704,1.8642278350903727,1.3177814063177464,1.698015301030427,10.815895666486403,11.298118522184225,124,352,1.7391002036600889,2.0061663972535095
2023/24,04/11/2023,Man City,Bournemouth,C Pawson,0,1,0,0,1,0,3.8895487304222343,11.121266352214683,3.628496835062979,21.502152464799057,222,1.496380423646231,1.6014688358820819,1.7743095789595824,1.842575555249671,9.469780647524823,9.42454346893917,352,238,1.348271660411404,1.6253504923170432
2023/24,04/11/2023,Newcastle,Arsenal,S Attwell,5,1,0,0,6,0,3.8895487304222343,11.121266352214683,3.624933636826799,18.900186228266865,145,1.6752936640673761,1.610821840539964,1.7968742111798381,1.8860262002129884,10.441974156965381,9.818554489486676,314,352,1.663788462082365,1.7219558709377198
2023/24,04/11/2023,Sheffield United,Wolves,R Jones,2,3,0,0,5,0,3.8895487304222343,11.121266352214683,3.7066508427229117,18.913971096362555,56,1.882887281962047,1.7821935603635664,1.2294219354273936,1.9961470487356594,10.608014828134754,10.643765105309814,86,200,1.7960623358304613,1.7667096998101457
2023/24,05/11/2023,Luton,Liverpool,A Madley,1,1,0,0,2,0,3.9248306404807383,11.113282055682195,3.357631346653648,20.463683677149056,76,1.8574491921442216,1.3472376833885709,1.8974491921442216,1.554322152053421,8.09398461670466,9.693050723208763,10,352,1.917696305452923,1.5729645539455788
2023/24,05/11/2023,Nott'm Forest,Aston Villa,J Gillett,1,1,0,0,2,0,3.9248306404807383,11.113282055682195,3.4466808520744157,14.904297248001015,29,2.260892536565167,1.9266254142435002,1.8481941238667545,1.8870997225438955,10.180152625676453,10.819563697302831,48,238,2.274637626410672,2.0778823119672056
2023/24,06/11/2023,Tottenham,Chelsea,M Oliver,1,5,2,0,6,2,3.9071233775547447,11.069989841290266,3.215857913352097,20.63982964756697,270,1.7828431207947155,1.6466033387783667,1.9790284068982578,1.9763036112579309,10.765735487219828,10.084536577138085,352,352,1.659491712271898,1.7647548701666347
2023/24,11/11/2023,Arsenal,Burnley,M Oliver,0,1,1,0,1,1,3.916772211176327,11.12003825247844,3.226078734052055,20.685814041594462,271,1.6097168249560394,1.7238896972048714,1.8950429119125611,1.3677253136432277,9.81630512742823,10.045891393471194,353,277,1.5279989144990753,1.819449618194918
2023/24,11/11/2023,Bournemouth,Newcastle,C Kavanagh,2,1,0,0,3,0,3.916772211176327,11.12003825247844,3.3913466572932984,19.229736191297036,123,1.5999046912748915,1.6859872472237045,1.8361251637158365,1.7950781563146136,9.422835775171608,10.452728142101781,239,315,1.6175984561764625,1.7114871603710609
2023/24,11/11/2023,Crystal Palace,Everton,S Barrott,1,4,0,0,5,0,3.916772211176327,11.12003825247844,3.889975188550292,12.14289129685575,3,1.7374342162603873,1.6803689988690829,1.7809124771299523,1.753738564086474,11.357065996993446,10.560870344819534,353,353,1.6668889611718454,1.7611297988681804
2023/24,11/11/2023,Man United,Luton,G Scott,0,2,0,0,2,0,3.916772211176327,11.12003825247844,2.9113544422352655,18.416007650495686,100,1.865151607564735,1.8221458301470175,1.7075429119125611,1.8606073686085558,11.308152953515185,8.053857188214934,353,11,1.7311239144990753,1.8750376944677358
2023/24,11/11/2023,Wolves,Tottenham,T Robinson,4,3,0,0,7,0,3.916772211176327,11.12003825247844,4.085861919982594,14.647086950351794,9,1.788776812888067,1.7809124771299523,1.9971101462214003,1.987434216260387,10.640742068951798,10.770109475254316,201,353,1.82065905725063,1.9186239144990753
2023/24,12/11/2023,Aston Villa,Fulham,S Hooper,2,5,0,0,7,0,3.909769366038621,11.125341912994362,3.287329291130519,19.347042503036068,82,1.9225325600208254,1.9165947874663547,1.883162481280668,1.3237376446092117,10.81275615884826,10.803143316767555,239,125,1.7785318675021615,2.055426541606278
2023/24,12/11/2023,Brighton,Sheffield United,J Brooks,3,2,1,0,5,1,3.909769366038621,11.125341912994362,4.213531530017555,17.311519051361074,30,1.5800128749814555,1.8855222573067614,1.6784380718318492,1.2482673553459769,10.702519938375818,10.631765336739782,239,87,1.7060982981132566,1.9883322456084425
2023/24,12/11/2023,Chelsea,Man City,A Taylor,5,3,0,0,8,0,3.909769366038621,11.125341912994362,3.5885570667250515,20.4938196947843,277,1.6557697561013305,1.492726277840461,1.9737045387100263,1.772617582188287,10.115326261813744,9.465869740074613,353,353,1.5537670325275503,1.6787670325275503
2023/24,12/11/2023,Liverpool,Brentford,P Tierney,1,2,0,0,3,0,3.909769366038621,11.125341912994362,3.4960012388939976,20.64091824245957,164,1.3459871474056784,1.6992477475028398,1.5525088865361132,1.571796767110683,9.702282783552874,9.102353572033898,353,87,1.1692317813889512,1.833159831815339
2023/24,12/11/2023,West Ham,Nott'm Forest,M Salisbury,2,2,0,0,4,0,3.909769366038621,11.125341912994362,3.930728386190756,16.64113931542253,22,1.5932697561013305,2.2394260975826508,1.5035958430578522,1.833176097582651,9.699565392248527,10.116251005429026,353,49,1.6142579593994224,2.1330817561322415
2023/24,25/11/2023,Brentford,Arsenal,T Robinson,1,1,0,0,2,0,3.9436373181637836,11.19207338456186,4.188312370116988,15.251480988972757,10,1.704633785303188,1.605900487496554,1.5687114552061008,1.8931633601252802,9.1353451493613,9.81284702001142,88,354,1.636903048919125,1.7202998946922952
2023/24,25/11/2023,Burnley,West Ham,S Barrott,1,3,0,0,4,0,3.9436373181637836,11.19207338456186,3.9514114811756755,12.717304641863672,4,1.722106757290882,1.5950603790954698,1.3637449825468546,1.5056294847865268,10.044165700970012,9.699025881800038,278,354,1.653099220040444,1.6019649994074394
2023/24,25/11/2023,Luton,Crystal Palace,J Gillett,6,1,0,0,7,0,3.9436373181637836,11.19207338456186,3.4289260537108106,14.94185153843721,30,1.8361955513417918,1.7359817883095618,1.7991585143047546,1.7874723032147108,8.182983347563479,11.35214241296535,12,354,1.878863994311419,1.825923332740773
2023/24,25/11/2023,Man City,Liverpool,C Kavanagh,1,3,0,0,4,0,3.9436373181637836,11.19207338456186,3.3932277379469435,19.206723722241925,124,1.4974994034857136,1.3457378858705376,1.782052249014169,1.554409972591405,9.482223713778357,9.720706098602207,354,354,1.343336543906955,1.5707149994074394
2023/24,25/11/2023,Newcastle,Chelsea,S Hooper,4,4,0,1,8,1,3.9436373181637836,11.19207338456186,3.329545675500876,19.377794764944873,83,1.6845235041880011,1.665521083702516,1.796305981529391,1.9771742002336812,10.434865711130556,10.121790109442314,316,354,1.6854178028105686,1.7831271198231853
2023/24,25/11/2023,Nott'm Forest,Brighton,A Taylor,2,4,0,1,6,1,3.9436373181637836,11.19207338456186,3.6059106698154935,20.520798134039758,278,2.2396504597881286,1.5865775681812877,1.839650459788129,1.6806952152401113,10.152931544372521,10.713492354447897,50,240,2.2455712791340607,1.4968453722852864
2023/24,25/11/2023,Sheffield United,Bournemouth,A Madley,4,1,0,0,5,0,3.9436373181637836,11.19207338456186,3.3489307152362215,20.478449358961242,77,1.8890998047206637,1.6022638426910916,1.267740581419693,1.8336363917106995,10.688743207613728,9.427217844643975,88,240,1.8063945743428538,1.6237110439270774
2023/24,26/11/2023,Everton,Man United,J Brooks,3,0,0,0,3,0,3.98210055126694,11.144224751248183,4.259866317529884,17.52867176395008,31,1.687983073535236,1.86142480795258,1.75302372394174,1.709663290337404,10.581522183290954,11.30238939196304,354,354,1.6243008027838648,2.0097683462539373
2023/24,26/11/2023,Tottenham,Aston Villa,R Jones,0,4,0,0,4,0,3.98210055126694,11.144224751248183,3.750640411971628,18.97080022903908,57,1.7855440491449919,1.9249637417039296,1.9942161358658592,1.8975127613117726,10.782064188711006,10.786594845624947,354,240,1.6589830059398012,2.073079660255571
2023/24,27/11/2023,Fulham,Wolves,M Salisbury,2,2,0,0,4,0,3.977676149046377,11.13255346450815,3.9675396609616547,16.73570492943133,23,1.9420749724670059,1.8010717563034462,1.3321458944528213,2.0038367332619718,10.847476248112136,10.679696548312494,126,202,1.7900333911408808,1.7830394061883434
2023/24,02/12/2023,Arsenal,Wolves,P Bankes,1,2,0,0,3,0,3.9777790691706527,11.149732827394647,4.048309529665938,19.09503609440072,67,1.6049549811318378,1.8019878120127517,1.891441467618324,2.003822674398073,9.804386476230972,10.690931175254402,355,203,1.5224525545014505,1.7849003676818795
2023/24,02/12/2023,Brentford,Luton,A Taylor,1,2,0,0,3,0,3.9777790691706527,11.149732827394647,3.616593673451534,20.51231355488443,279,1.7003206059498068,1.994047964956425,1.5657052213344222,1.7797622506707107,9.130990348129421,8.415107007337852,89,13,1.630555716979665,1.9015155917627224
2023/24,02/12/2023,Burnley,Sheffield United,C Kavanagh,2,5,0,1,7,1,3.9777790691706527,11.149732827394647,3.4029631781951086,19.20495547123244,125,1.7205215748938092,1.9118590674882683,1.3701814388393876,1.267628298257499,10.046336721787277,10.640605732744806,279,89,1.6505376968953542,1.997175305403049
2023/24,02/12/2023,Newcastle,Man United,R Jones,1,2,0,0,3,0,3.9777790691706527,11.149732827394647,3.7523430931236907,19.03305205644417,58,1.6922691054782528,1.856306332483189,1.8037148886107828,1.7130630892399457,10.441635530739337,11.29357566542016,317,355,1.7001916265447121,1.9991319948894786
2023/24,02/12/2023,Nott'm Forest,Everton,P Tierney,1,0,0,0,1,0,3.9777790691706527,11.149732827394647,3.5023393512066647,20.682859582551927,165,2.23989913664818,1.691441467618324,1.8762627730118164,1.7481982243750807,10.176106003113027,10.580062151906649,51,355,2.245833575469497,1.775173661556145
2023/24,03/12/2023,Bournemouth,Aston Villa,T Bramall,5,3,0,0,8,0,3.9644975566857767,11.130293928828488,3.7809010810317893,15.146037450575339,11,1.6005223893560285,1.9325536393560285,1.8427098893560285,1.8895848893560285,9.419832829946147,10.794832829946147,241,241,1.6230421446701715,2.0862774387878185
2023/24,03/12/2023,Chelsea,Brighton,C Pawson,3,5,1,0,8,1,3.9644975566857767,11.130293928828488,3.625453382730421,21.48490866218029,223,1.6722533288517387,1.5966161393560285,1.9830641396625495,1.6825536393560288,10.14453298504382,10.697176579946147,355,241,1.573749905052556,1.5165461605566173
2023/24,03/12/2023,Liverpool,Fulham,S Attwell,0,0,0,0,0,0,3.9644975566857767,11.130293928828488,3.649780344544704,18.925481568542175,146,1.350631707230117,1.9417868427826994,1.5533344099328197,1.3361530399657982,9.722911363422199,10.862515524409954,355,127,1.170488185808038,2.097895337660042
2023/24,03/12/2023,Man City,Tottenham,S Hooper,4,4,0,0,8,0,3.9644975566857767,11.130293928828488,3.3771783386893985,19.479425213034055,84,1.496577653176063,1.7803614369598468,1.7857668423652524,1.9992803558787657,9.479668120178955,10.78237082288166,355,355,1.342363185808038,1.9260815112701728
2023/24,03/12/2023,West Ham,Crystal Palace,M Oliver,2,0,0,0,2,0,3.9644975566857767,11.130293928828488,3.2226008044348298,20.674267165726302,272,1.5992803558787656,1.734415491013901,1.504685761284171,1.7992803558787658,9.690478930989766,11.352641093151927,355,355,1.6184048524747048,1.8224545682649913
2023/24,05/12/2023,Luton,Arsenal,S Barrott,2,1,0,0,3,0,3.9924633663244786,11.173576512645473,3.9937194719370654,12.87798042720456,5,1.9980508706011582,1.6036212270820311,1.7566715602563308,1.8920309305860743,8.406959442925555,9.805395751603346,14,356,2.0925464403539804,1.71845560024705
2023/24,05/12/2023,Wolves,Burnley,J Gillett,2,4,0,0,6,0,3.9924633663244786,11.173576512645473,3.5144925742519995,15.148918086002444,31,1.8033948641435325,1.7218422889743512,1.9997418961070026,1.3828592381268936,10.68859280294448,10.043396013033359,204,280,1.8443403038571862,1.8178147743339843
2023/24,06/12/2023,Aston Villa,Man City,J Brooks,2,2,0,0,4,0,3.997164275021862,11.184207803506535,4.24437029606222,17.554477106801112,32,1.937660436041494,1.5039858007079892,1.9026409807885758,1.7923955042120323,10.80109555846809,9.492942206270348,242,356,1.785027644908622,1.689008974417948
2023/24,06/12/2023,Brighton,Brentford,P Bankes,3,1,0,0,4,0,3.997164275021862,11.184207803506535,4.042248461027382,19.114034355781328,68,1.6108121870142567,1.6950355434539424,1.6886331986874084,1.5712260196444188,10.70381929387665,9.141729128821895,242,90,1.7204318534019407,1.847097153604474
2023/24,06/12/2023,Crystal Palace,Bournemouth,C Pawson,1,3,0,0,4,0,3.997164275021862,11.184207803506535,3.6463016340383394,21.516486727259693,224,1.7304008950476117,1.6147032375979142,1.8004817575813046,1.8481662726173695,11.341998810043933,9.447009955355249,356,242,1.6665558961597082,1.622064681945659
2023/24,06/12/2023,Fulham,Nott'm Forest,J Smith,0,1,0,0,1,0,3.997164275021862,11.184207803506535,3.997468102698091,12.843042681702263,3,1.9299212032354123,2.2235631651143875,1.328522601836811,1.8504288367561785,10.838332577106986,10.251963560094016,128,52,1.7945991290085124,2.1458227332357067
2023/24,06/12/2023,Man United,Chelsea,C Kavanagh,4,0,0,0,4,0,3.997164275021862,11.184207803506535,3.4299940852685205,19.222550960845453,126,1.8570855311662102,1.6764925392524637,1.7115329705193099,1.9918564206540808,11.298872125407813,10.161405818130184,356,356,1.7252784044697616,1.7967642294930415
2023/24,06/12/2023,Sheffield United,Liverpool,S Hooper,2,3,0,0,5,0,3.997164275021862,11.184207803506535,3.42662824432315,19.56913813716058,85,1.9426545910729902,1.3476515689020592,1.2759879244063232,1.5498079031338652,10.65601484310761,9.713966465030456,90,356,1.8496455343777327,1.5802006842625076
2023/24,07/12/2023,Everton,Newcastle,T Robinson,3,0,0,0,3,0,3.9881484120286466,11.173856424100714,4.158436397242116,15.259622516736608,11,1.6870919490302287,1.6904237630336783,1.7463911404048917,1.8045378771477922,10.589767987010124,10.428840610152418,356,318,1.6316637983948956,1.7104688617931494
2023/24,07/12/2023,Tottenham,West Ham,M Salisbury,3,3,0,0,6,0,3.9881484120286466,11.173856424100714,3.973545108177881,16.9458451143371,24,1.7868224072512529,1.6008385797579916,2.0051512482216034,1.5011081215369673,10.791924321241929,9.711061787549205,356,356,1.6505787140115358,1.6109384097938593
2023/24,09/12/2023,Aston Villa,Arsenal,J Gillett,4,2,0,0,6,0,3.992889015649936,11.193406931690843,3.5582846559868138,15.347985496355633,32,1.937777781462692,1.6020071710144475,1.9028940605324594,1.892329751659609,10.809885860417369,9.798254172009896,243,357,1.7863725560101067,1.7147495731470181
2023/24,09/12/2023,Brighton,Burnley,S Hooper,0,4,0,0,4,0,3.992889015649936,11.193406931690843,3.439839868389625,19.575091651281724,86,1.6160723551061027,1.7295495527614004,1.685839796966568,1.384954958166806,10.701358728634423,10.06064375671514,243,281,1.7295377198348505,1.8319139846282226
2023/24,09/12/2023,Crystal Palace,Liverpool,A Madley,5,2,1,0,7,1,3.992889015649936,11.193406931690843,3.376914809623771,20.415875468857003,78,1.728351257035953,1.3520071710144475,1.8036200742402542,1.5509319021972434,11.338576752655058,9.709544494590542,357,357,1.6629361016444277,1.5873539567905903
2023/24,09/12/2023,Man United,Bournemouth,P Bankes,3,1,0,0,4,0,3.992889015649936,11.193406931690843,4.040661972247324,19.10462950310927,69,1.8627598591864907,1.6199483240983508,1.706845880691867,1.8447545256487385,11.300942344052906,9.476552527084035,357,243,1.7368384928730645,1.6319607913042244
2023/24,09/12/2023,Sheffield United,Brentford,S Attwell,5,1,0,0,6,0,3.992889015649936,11.193406931690843,3.632687356925863,18.900204495885294,147,1.9428930907299482,1.688176109597873,1.2919496945035331,1.5844025246922124,10.669344830072465,9.13160898101586,91,91,1.8515847150389266,1.8324444602895753
2023/24,09/12/2023,Wolves,Nott'm Forest,S Barrott,0,1,0,0,1,0,3.992889015649936,11.193406931690843,3.962007270685432,13.155973332008744,6,1.8043030346244295,2.205098053196684,2.008848489169884,1.8227451120202136,10.690684327216733,10.249272823348255,205,53,1.8456980138237138,2.117777800413679
2023/24,10/12/2023,Everton,Chelsea,M Oliver,2,2,0,0,4,0,4.01108122587188,11.20975840872555,3.222406143110057,20.692093826235364,273,1.6910836268656966,1.6722664225646213,1.7421588956829008,1.9975352397689223,10.610411795874843,10.16686340877807,357,357,1.639603655639377,1.787995384425073
2023/24,10/12/2023,Fulham,West Ham,P Tierney,2,1,0,0,3,0,4.01108122587188,11.20975840872555,3.493597019093178,20.734261571822714,166,1.9172438138474939,1.6050621214893523,1.326966036069716,1.5055997558979546,10.813008250454455,9.717938677595274,129,357,1.7732039138485962,1.6189850989383459
2023/24,10/12/2023,Luton,Man City,T Robinson,2,1,0,0,3,0,4.01108122587188,11.20975840872555,4.142622449913433,15.574161086976723,12,2.00277030646797,1.5055997558979546,1.7361036398013034,1.793234164500105,8.602439602181388,9.502884914154412,15,357,2.0946867815472316,1.691150047391954
2023/24,10/12/2023,Tottenham,Newcastle,C Kavanagh,1,3,0,0,4,0,4.01108122587188,11.20975840872555,3.4360330963605064,19.258183948803545,127,1.7905459924570946,1.6858775724372428,2.008287927940965,1.8086320634552069,10.793207494799574,10.422374814567192,357,319,1.6584617056685964,1.7016270643335583
2023/24,15/12/2023,Nott'm Forest,Tottenham,J Gillett,2,4,0,1,6,1,4.001721307475436,11.179453445140199,3.6041902187394124,15.542867864284569,33,2.1885928957400838,1.7882383640913293,1.7972885479139966,2.010758471329935,10.258636244036978,10.790471584017563,54,358,2.2198270684406287,1.9382108752889988
2023/24,16/12/2023,Burnley,Everton,A Taylor,0,1,0,0,1,0,4.010934014088666,11.200747912687467,3.6172896732859563,20.50825802563012,280,1.737649848840623,1.6919088608730966,1.3807474919382658,1.7428471986747052,10.05389094055608,10.613956057225618,282,358,1.6543718276004165,1.7672642751588858
2023/24,16/12/2023,Chelsea,Sheffield United,A Madley,1,3,0,0,4,0,4.010934014088666,11.200747912687467,3.4160899072328523,20.548256709780638,79,1.673142104840925,1.972729019679112,1.997538887682748,1.2904860290249065,10.17159680789586,10.700987003225757,358,92,1.5828969335343557,2.0513667517610834
2023/24,16/12/2023,Man City,Crystal Palace,P Tierney,1,1,0,0,2,0,4.010934014088666,11.200747912687467,3.4910070330844616,20.703222384464514,167,1.5042413005513806,1.7374852683797988,1.7937855364763138,1.804509397066126,9.49331262559023,11.35390243792267,358,358,1.3579378502884198,1.8148556964209535
2023/24,16/12/2023,Newcastle,Fulham,S Barrott,0,2,0,1,2,1,4.010934014088666,11.200747912687467,3.8835421985067704,13.375584306787083,7,1.6897970301661642,1.917806931763207,1.8062149406139254,1.3247034834873448,10.426882415955689,10.772452478242455,320,130,1.697611457746657,2.0760250638208126
2023/24,17/12/2023,Arsenal,Brighton,T Robinson,1,3,0,0,4,0,3.9786944437030063,11.15731499062953,4.091246344541451,15.708759862256269,13,1.6027887622728487,1.6094216537751835,1.8976949284926878,1.6943637387172685,9.800750301420164,10.67830062714178,358,244,1.5197948882874874,1.5429427082924452
2023/24,17/12/2023,Brentford,Aston Villa,D Coote,6,4,1,1,10,2,3.9786944437030063,11.15731499062953,3.637228009104793,20.874440623047818,95,1.6807496105399302,1.9453289896825194,1.6153290497922668,1.902857947211477,9.165232359156274,10.828879777720932,92,244,1.620331284061845,2.093724148377902
2023/24,17/12/2023,Liverpool,Man United,M Oliver,2,4,0,1,6,1,3.9786944437030063,11.15731499062953,3.222298866530352,20.698772156407152,274,1.353459003559712,1.8655233467232508,1.5598933199135994,1.7046654378760657,9.728364242438932,11.288685958256625,358,358,1.1649751726827593,1.9991720638744692
2023/24,17/12/2023,West Ham,Wolves,C Kavanagh,3,1,0,0,4,0,3.9786944437030063,11.15731499062953,3.434427196683498,19.267535129187834,128,1.6027887622728487,1.7956570512568895,1.5062740169645377,2.00380184763698,9.717640381849119,10.681809332261182,358,206,1.6209337219055573,1.7867814265065471
2023/24,21/12/2023,Crystal Palace,Brighton,J Brooks,5,2,0,0,7,0,4.015670223371151,11.174468129156395,4.248133716970323,17.695891434981206,33,1.7356083600943413,1.6158366410587832,1.8024532798804376,1.6927597179818603,11.34708158013014,10.672340426802588,359,245,1.6810181787385754,1.5556023844911213
2023/24,22/12/2023,Aston Villa,Sheffield United,A Taylor,3,3,0,0,6,0,4.029428942162066,11.177452195201393,3.61024746259494,20.494889885228872,281,1.9546950656392905,1.9835251580205138,1.9200796810239058,1.2890807135760696,10.810888044092348,10.7299156617038,245,93,1.8045307815052227,2.069192083052713
2023/24,23/12/2023,Fulham,Burnley,R Welch,2,1,0,0,3,0,4.0385139076530905,11.198871348314654,4.0385139076530905,11.198871348314654,0,1.9197866733383437,1.7325129339174437,1.3170469473109465,1.380163940628853,10.780763939125753,10.050307164806577,131,283,1.7786106788424774,1.8480054763294755
2023/24,23/12/2023,Liverpool,Arsenal,C Kavanagh,2,5,0,0,7,0,4.0385139076530905,11.198871348314654,3.447810699294333,19.324492101999134,129,1.356387310982348,1.6023766157951824,1.5676172575064122,1.9018418564368935,9.73794528104909,9.804790200835185,359,359,1.1715920325123617,1.7179837850896813
2023/24,23/12/2023,Luton,Newcastle,D England,2,1,0,0,3,0,4.0385139076530905,11.198871348314654,3.832817329046212,17.819052551498142,47,2.0093178808838124,1.6853834949624946,1.7189953002386509,1.8074073044863042,8.838436616527739,10.41664147354869,16,321,2.099515404669486,1.7102220246137039
2023/24,23/12/2023,Nott'm Forest,Bournemouth,R Jones,0,3,1,0,3,1,4.0385139076530905,11.198871348314654,3.7614624725158006,19.047283139379363,59,2.189840775819974,1.6188758853567498,1.8326979186771168,1.8505361170169814,10.342736215890856,9.478731795800618,55,244,2.2211631977951947,1.629845651878819
2023/24,23/12/2023,Tottenham,Everton,S Attwell,1,4,0,0,5,0,4.0385139076530905,11.198871348314654,3.652964437522123,18.947813778658187,148,1.7948899847791395,1.6906119099128294,2.011467524886091,1.7387402521588187,10.791421216877968,10.606929238268341,359,359,1.6561281149865885,1.764375537667001
2023/24,23/12/2023,West Ham,Man United,S Hooper,2,3,0,0,5,0,4.0385139076530905,11.198871348314654,3.455025425815422,19.517605211677377,87,1.60772420937807,1.8724300917310113,1.5061199313032039,1.7066546906614923,9.724576297091872,11.280726029712191,359,359,1.6303549191103,2.011798218079372
2023/24,24/12/2023,Wolves,Chelsea,D Coote,3,5,0,0,8,0,4.046618011444606,11.211363673124987,3.7038466965794643,20.919703238248964,96,1.7943677256118673,1.672057847823087,2.0105839418280835,2.0009348531706808,10.703086610578547,10.168677079006518,207,359,1.8334714837782589,1.7904620365249202
2023/24,26/12/2023,Bournemouth,Fulham,T Robinson,0,2,0,0,2,0,4.064844372135822,11.200198615160684,4.1441310077793725,15.84628116356454,14,1.6249474338116103,1.9216757332722358,1.8441782030423794,1.3162335564014875,9.480774960052711,10.741506732066021,245,132,1.6531849108833478,2.0800781826051686
2023/24,26/12/2023,Burnley,Liverpool,P Tierney,2,1,0,0,3,0,4.064844372135822,11.200198615160684,3.4902648150435,20.704688939787655,168,1.7307235210401963,1.3586302207760497,1.3828974340836746,1.5772968874427165,10.073583577303362,9.74667063896988,284,360,1.6464097630001189,1.592237604056506
2023/24,26/12/2023,Man United,Aston Villa,C Pawson,1,3,0,0,4,0,4.064844372135822,11.200198615160684,3.6544844372135823,21.540019861516072,225,1.875963554109383,1.9597177501571597,1.7079635541093832,1.92523499153647,11.290670638969882,10.812266243730672,360,246,1.7460837579026598,2.1122198028334687
2023/24,26/12/2023,Newcastle,Nott'm Forest,C Kavanagh,3,3,0,0,6,0,4.064844372135822,11.200198615160684,3.4749748987315843,19.37422558309043,130,1.6839357056113313,2.16177933508477,1.8085647857300255,1.8519201801551923,10.400597892028799,10.338049149488805,322,56,1.690263254494424,2.104333320721364
2023/24,26/12/2023,Sheffield United,Luton,S Allison,5,0,0,0,5,0,4.064844372135822,11.200198615160684,4.064844372135822,11.200198615160684,0,1.9952874567983363,2.0151978997193334,1.3072140623029234,1.7026978997193332,10.779830179942248,8.906296550428285,94,17,1.9110698837261075,1.9341883822182027
2023/24,27/12/2023,Brentford,Wolves,A Madley,1,1,0,0,2,0,4.063553154254624,11.164774906913278,3.434179322441577,20.563041644503162,80,1.7266356357121269,1.8003437159502678,1.6433023023787934,2.0245589625870393,9.256813072239348,10.702851173999326,93,208,1.7012362686598335,1.7855180559404176
2023/24,27/12/2023,Chelsea,Crystal Palace,M Salisbury,3,2,0,0,5,0,4.063553154254624,11.164774906913278,4.0517765771273115,17.062387453456637,25,1.6812710630850924,1.7452710630850925,2.003937729751759,1.8039377297517591,10.1646288314716,11.348628831471599,360,360,1.5819315315738958,1.8127007623431266
2023/24,27/12/2023,Everton,Man City,J Brooks,4,2,0,0,6,0,4.063553154254624,11.164774906913278,4.315064895870603,17.781684282590373,34,1.6972710630850925,1.5039482584409352,1.7372710630850925,1.7927183119168708,10.625962164804932,9.499293614443449,360,359,1.6434699931123573,1.6896238392662035
2023/24,28/12/2023,Arsenal,West Ham,M Oliver,2,0,0,0,2,0,4.067352089507666,11.160266111372293,3.238946007458972,20.70002217594769,275,1.61201370845682,1.6093470417901532,1.9026803751234866,1.5106803751234867,9.815205322227445,9.732538655560779,360,360,1.520539182929782,1.6179750803656794
2023/24,28/12/2023,Brighton,Tottenham,J Gillett,3,2,0,0,5,0,4.067352089507666,11.160266111372293,3.672606817587994,15.728926318378091,34,1.6187936424188027,1.7933470417901534,1.7069162477827873,2.017347041790153,10.673187723506867,10.777871988894113,246,360,1.7210517439949817,1.9513084136990129
2023/24,30/12/2023,Aston Villa,Burnley,S Attwell,4,1,0,1,5,1,4.062164680511689,11.1390585569363,3.6641041207631737,18.968255539789695,149,1.9636115843657926,1.7315541170127922,1.921626851541365,1.3815541170127923,10.80741579838558,10.061809797256739,247,285,1.8149727181437512,1.8437339815531062
2023/24,30/12/2023,Crystal Palace,Brentford,R Jones,0,1,0,0,1,0,4.062164680511689,11.1390585569363,3.759460200150497,19.040899575569497,60,1.7459208380421216,1.7198737165489695,1.8070910508080789,1.63730490920952,11.36048654036442,9.215990267679103,361,94,1.699826846686347,1.8273153295711093
2023/24,30/12/2023,Luton,Chelsea,P Tierney,2,2,0,0,4,0,4.062164680511689,11.1390585569363,3.4873923557360422,20.677713731563955,169,1.9535222758738686,1.6847506252761641,1.8020071243587172,2.003899561446377,9.016452702334007,10.171656753130378,18,361,2.102759795993236,1.8075191543786548
2023/24,30/12/2023,Man City,Sheffield United,D Coote,1,1,0,0,2,0,4.062164680511689,11.1390585569363,3.742246860760592,20.897348064945962,97,1.5052432936102338,2.0224203191257972,1.7985766269435672,1.2951475918530697,9.486781171138727,10.795844901609295,360,95,1.3580733768239055,2.0881650823199625
2023/24,30/12/2023,Nott'm Forest,Man United,T Robinson,2,4,0,0,6,0,4.062164680511689,11.1390585569363,4.088852925319806,15.911911598085187,15,2.173142154219968,1.8735804125102065,1.867586598664412,1.711346369957015,10.34087415523642,11.286018455258038,57,361,2.173633374507853,2.017775564635065
2023/24,30/12/2023,Wolves,Everton,T Bramall,2,3,0,0,5,0,4.062164680511689,11.1390585569363,3.960922081426817,15.499363889821824,12,1.796724263856418,1.7033676465527599,2.019938549570704,1.7379421146378662,10.716709549897422,10.631763136109104,209,361,1.8442540765028375,1.776749923609424
2023/24,31/12/2023,Fulham,Arsenal,J Smith,4,1,0,0,5,0,4.056044779325539,11.148957494333713,3.944866189073741,12.955997839942857,4,1.9217590259793347,1.612820042140802,1.30689416111447,1.8973945102259082,10.733899873023667,9.810152077679529,133,361,1.7829671091968091,1.735488901768931
2023/24,31/12/2023,Tottenham,Bournemouth,S Hooper,3,3,0,0,6,0,4.056044779325539,11.148957494333713,3.472576278611845,19.581627764233122,88,1.7936711059705892,1.6184687197124197,2.0197349357578234,1.8445223595591629,10.764939311722083,9.481291882021083,361,246,1.653437619717649,1.640727071340156
2023/24,01/01/2024,Liverpool,Newcastle,A Taylor,3,5,0,0,8,0,4.069338910093521,11.164755671049937,3.6212816702030555,20.5150452500855,282,1.3577660686853759,1.6879291178275189,1.5785107495364399,1.8121894728571046,9.74663741365126,10.398626235304361,361,323,1.1770258555164175,1.7075002376460309
2023/24,02/01/2024,West Ham,Brighton,S Barrott,1,0,0,0,1,0,4.087460520052969,11.204626632692282,3.884439787918916,13.548959570221426,8,1.6054679625010566,1.6246410454213636,1.5123828561180779,1.7086105110702188,9.72881569081168,10.702422518111419,361,247,1.6341330969251142,1.5627243036260672
2023/24,12/01/2024,Burnley,Luton,T Harrington,1,0,0,0,1,0,4.073226335518704,11.14756912781206,3.8523045253705033,14.076835091294328,10,1.7293993272969777,1.9573293387173611,1.39052889540329,1.8102705151879495,10.075105543051796,9.164904954664426,286,19,1.6490455539012043,1.8562165631829284
2023/24,13/01/2024,Chelsea,Fulham,A Taylor,5,1,0,0,6,0,4.05905777515003,11.132465639879975,3.6346637804504893,20.546466366873375,283,1.6855250220520561,1.9358586128431223,2.003827409319961,1.3049861296216458,10.20024799018329,10.734855653014094,362,134,1.5889945577225775,2.0785723574832344
2023/24,13/01/2024,Newcastle,Man City,C Kavanagh,1,2,0,0,3,0,4.05905777515003,11.132465639879975,3.4902336178125046,19.373792570493585,131,1.69747177968621,1.5038375886000672,1.8154658799811954,1.7963907800894288,10.411485228020943,9.474716734838031,324,361,1.6974177023368657,1.6910353740491084
2023/24,14/01/2024,Everton,Aston Villa,D Coote,1,4,0,0,5,0,4.063082290833652,11.093199978986775,3.7282687582995226,20.807560971338773,98,1.706825244512606,1.9713806736929749,1.7386554832393961,1.9181487345294768,10.639785145470558,10.799235740845631,362,248,1.655475087659451,2.1185116343974992
2023/24,14/01/2024,Man United,Tottenham,J Brooks,2,1,0,0,3,0,4.063082290833652,11.093199978986775,4.342950954514022,17.75549999124449,35,1.8792390376160542,1.7970109209051788,1.7121302843004043,2.022475111886611,11.284347479688066,10.759148540696025,362,362,1.742209781537002,1.9513934550063896
2023/24,20/01/2024,Arsenal,Crystal Palace,P Tierney,0,0,0,0,0,0,4.062480717353146,11.0728614029948,3.4900616304298904,20.742674538845485,170,1.6113225606900494,1.7412960354911102,1.9030997490189618,1.8049565129446912,9.809141805099365,11.366170982818199,362,362,1.5227990070415744,1.8136153335721867
2023/24,20/01/2024,Brentford,Nott'm Forest,D England,1,3,0,0,4,0,4.062480717353146,11.0728614029948,3.82961668402505,17.750979932532466,48,1.7133509580013508,2.1708028134266932,1.62244186709226,1.896830210686967,9.218604186567827,10.315704938663849,95,58,1.6899778631769617,2.124286485912468
2023/24,21/01/2024,Bournemouth,Liverpool,A Madley,1,2,0,0,3,0,4.043549668713477,11.071696266597801,3.415931525639971,20.526343459103252,81,1.6233840554021035,1.3616090782900558,1.84857489509676,1.5870732692714884,9.511594358776655,9.761373267903139,247,362,1.6400479892416744,1.5884011352824035
2023/24,21/01/2024,Sheffield United,West Ham,M Salisbury,3,1,1,1,4,2,4.043549668713477,11.071696266597801,4.060563563094842,17.250831503234217,26,2.011951554192352,1.6029883886348837,1.2912308334716314,1.5074976724545124,10.748087585580933,9.710975389919053,96,362,1.9575654367516044,1.6088092985477096
2023/24,22/01/2024,Brighton,Wolves,C Pawson,1,4,0,0,5,0,4.0385599723682875,11.061247100174947,3.6532430251362835,21.520044531889937,226,1.617069200732936,1.7968408879678317,1.7045216722158258,2.0235075546344983,10.680453814643773,10.706486014450276,248,210,1.7286992790846198,1.777409998273018
2023/24,30/01/2024,Aston Villa,Newcastle,J Brooks,4,1,0,0,5,0,4.042992519650806,11.065315240369596,4.312701852315904,17.666112803430163,36,1.9784941056718979,1.6950660114628855,1.9141001662779584,1.8156542467570032,10.81056766781353,10.399970189125801,249,325,1.8296578697653312,1.7249855587422658
2023/24,30/01/2024,Crystal Palace,Sheffield United,T Harrington,1,4,0,0,5,0,4.042992519650806,11.065315240369596,3.752078138646393,14.15646891692333,11,1.7363027616332833,2.0207361062266163,1.7997948251253468,1.2885932490837595,11.367698053711035,10.749909502703321,363,97,1.6904206321294952,2.06861022059335
2023/24,30/01/2024,Fulham,Everton,T Bramall,1,2,0,0,3,0,4.042992519650806,11.065315240369596,3.9756529734544777,15.648233710769471,13,1.928816292649207,1.7045567298872515,1.3288162926492069,1.7442392695697913,10.719932428685146,10.645475831488817,135,363,1.808810291431476,1.7822573668233728
2023/24,30/01/2024,Luton,Brighton,R Jones,2,2,0,0,4,0,4.042992519650806,11.065315240369596,3.721800151061281,19.077126523363255,61,1.8949269684966012,1.6148577420355343,1.780641254210887,1.7133425905203827,9.228281837222056,10.677991910237772,20,249,2.0928977558952417,1.549082330196986
2023/24,30/01/2024,Nott'm Forest,Arsenal,S Hooper,0,1,0,0,1,0,4.042992519650806,11.065315240369596,3.491884324484826,19.62835860534421,89,2.1800330256402844,1.6066731320036536,1.882735728342987,1.8976784230089445,10.364727895983405,9.804205990218975,59,363,2.1664191794859327,1.7312369586601073
2023/24,31/01/2024,Liverpool,Chelsea,P Tierney,2,4,0,0,6,0,4.03268443321431,11.066012761963913,3.4684546470936617,20.738011831883153,171,1.3630823630928766,1.6937701937807073,1.5853045853150987,2.0006485006590142,9.76718279289611,10.206336232049548,363,363,1.1849241492301394,1.8073731288219763
2023/24,31/01/2024,Man City,Burnley,S Barrott,2,2,0,0,4,0,4.03268443321431,11.066012761963913,3.759326789128169,13.342656442620525,9,1.504629000660762,1.7259772624142626,1.7937536690957754,1.384917659765256,9.466830492612015,10.062897667929567,362,287,1.3551032474313196,1.8369945142348565
2023/24,31/01/2024,Tottenham,Brentford,D Coote,2,3,0,0,5,0,4.03268443321431,11.066012761963913,3.7323960550835302,20.852018702008852,99,1.7942992943098077,1.7049111103523182,2.021812521823035,1.6328390382802462,10.743373269086586,9.22518104247504,363,96,1.6594139451485068,1.8104053749856022
2023/24,01/02/2024,West Ham,Bournemouth,T Robinson,1,3,0,0,4,0,4.045980596075349,11.105237596500919,4.125597924436189,15.99099853445178,16,1.6014414139432938,1.621083096846255,1.511494323996204,1.8492199789755328,9.712405507867082,9.510605634881205,363,248,1.6293104819926794,1.6499629818026267
2023/24,01/02/2024,Wolves,Man United,J Gillett,2,5,0,0,7,0,4.045980596075349,11.105237596500919,3.6858252483647287,15.843848998542049,35,1.8068356392502882,1.8792191917210719,2.0192250197812616,1.7099070224089026,10.718094168025473,11.275897571359145,211,363,1.8445404539213759,2.0272696656661484
2023/24,03/02/2024,Brighton,Crystal Palace,S Hooper,1,3,0,0,4,0,4.059388566150544,11.103204571683555,3.473780123076205,19.578957515583383,90,1.6167751480986003,1.7346844703064093,1.7148883556457701,1.8059245758473064,10.691600129387272,11.359562095745716,250,364,1.7246101017580648,1.8042914428737518
2023/24,03/02/2024,Burnley,Fulham,D Bond,2,2,0,0,4,0,4.059388566150544,11.103204571683555,4.0494904717921205,12.71933714306963,5,1.7275426212743534,1.9234795645439013,1.3876086278750135,1.3340755910339674,10.0735116643156,10.690556518461104,288,136,1.6443107814221956,2.065607400555772
2023/24,03/02/2024,Everton,Tottenham,M Oliver,3,0,0,0,3,0,4.059388566150544,11.103204571683555,3.2341684855606765,20.679668153794317,276,1.7056607236045622,1.795370486137544,1.7426000375887312,2.0249219373248786,10.652438085191626,10.750063415006931,364,364,1.6520071789143609,1.9464234225691832
2023/24,03/02/2024,Newcastle,Luton,T Bramall,2,2,0,0,4,0,4.059388566150544,11.103204571683555,3.9611465167631694,15.75846446902792,14,1.6933883115722261,1.901261506836919,1.8224205696367421,1.7901503957258078,10.405495701723247,9.340945396878519,326,21,1.6935135631805005,1.7778165698451633
2023/24,03/02/2024,Sheffield United,Aston Villa,P Tierney,1,0,0,0,1,0,4.059388566150544,11.103204571683555,3.4846939804759574,20.79482291518827,172,2.039339949080788,1.9865864688533172,1.2871275597002576,1.9111147707401097,10.816584374226785,10.823675601085384,98,250,1.9757095975957668,2.1317529589009223
2023/24,04/02/2024,Arsenal,Liverpool,A Taylor,6,2,0,1,8,1,4.039633256997523,11.089633954293044,3.6407470272651716,20.547705012483256,284,1.6050059351648585,1.3649003942677609,1.8926048797558876,1.5918133230276554,9.79728827086332,9.781457136298675,364,364,1.5141992356724945,1.59034136765219
2023/24,04/02/2024,Bournemouth,Nott'm Forest,R Welch,3,2,1,0,5,1,4.039633256997523,11.089633954293044,3.9996473624976185,11.509263417589466,1,1.6261259448010659,2.1506299923664187,1.8458229144980356,1.870629992366419,9.515803994913629,10.308963395429306,249,60,1.6352320102696505,2.139938876166254
2023/24,04/02/2024,Chelsea,Wolves,T Robinson,3,2,0,0,5,0,4.039633256997523,11.089633954293044,4.1188293196413825,16.17240116326967,17,1.6999927425527215,1.8074768697245878,2.0007842992809537,2.032146473248817,10.222090381681259,10.714415218754176,364,212,1.605569794048129,1.7958450365907555
2023/24,04/02/2024,Man United,West Ham,A Madley,0,1,0,0,1,0,4.039633256997523,11.089633954293044,3.411129265653627,20.534961204274076,82,1.8873278349010063,1.5997288903099773,1.710546832262484,1.515296172631877,11.272222307802634,9.720771120467539,364,364,1.742625631611581,1.605569794048129
2023/24,05/02/2024,Brentford,Man City,J Gillett,1,0,0,0,1,0,4.052420817311207,11.112883340557774,3.7427954169308224,15.915116123179416,36,1.7177960368735183,1.5063311008725768,1.6374388940163755,1.7946908892323652,9.279880580840922,9.450652447233288,97,363,1.678018064528657,1.6923510463443354
2023/24,10/02/2024,Fulham,Bournemouth,D England,1,2,0,0,3,0,4.0383481771594845,11.038271044232676,3.8237662760673934,17.823740217646176,49,1.922944811373001,1.6312740050139478,1.337418495583527,1.8463683446365893,10.663072584419375,9.550139746534887,137,250,1.798645919622845,1.659197223776401
2023/24,10/02/2024,Liverpool,Burnley,T Robinson,3,2,0,0,5,0,4.0383481771594845,11.038271044232676,4.138574521604351,16.371087816414345,18,1.3665463456018319,1.7279197741075532,1.6033884508649898,1.3891039846338686,9.783650086399328,10.074957344841268,365,289,1.1892772148664779,1.8382868637024914
2023/24,10/02/2024,Luton,Sheffield United,C Kavanagh,1,2,0,0,3,0,4.0383481771594845,11.038271044232676,3.4838134040062876,19.324565452903293,132,1.8996651710458414,2.0288386958657556,1.7915570629377333,1.2744527309534748,9.507757644101218,10.80514941080478,22,99,2.0879850511036975,2.098243927010877
2023/24,10/02/2024,Man City,Everton,J Brooks,0,2,0,0,2,0,4.0383481771594845,11.038271044232676,4.321914587564308,17.78962542106156,37,1.5020781301548711,1.7086516087597268,1.7923155971733409,1.7375989771807794,9.434794281877956,10.644176402188801,364,365,1.3586102618811027,1.7831858443081021
2023/24,10/02/2024,Nott'm Forest,Newcastle,A Taylor,1,2,0,0,3,0,4.0383481771594845,11.038271044232676,3.654705498158023,20.548247664857477,285,2.14852120169337,1.693823424937708,1.885363306956528,1.822478395697942,10.326145168838751,10.411657990736098,61,327,2.117502473971025,1.7207169175769446
2023/24,10/02/2024,Tottenham,Brighton,S Barrott,2,3,0,0,5,0,4.0383481771594845,11.038271044232676,3.77024869797106,13.398765031594769,10,1.7902305561281477,1.61386320048382,2.0270726613913057,1.719126358378557,10.757334296925645,10.679650499367462,365,251,1.6613584331405895,1.5520543666335438
2023/24,10/02/2024,Wolves,Brentford,S Hooper,2,3,0,0,5,0,4.0383481771594845,11.038271044232676,3.4737819347326475,19.585834276774285,91,1.8082789970556847,1.7105098347672223,2.0363491724942815,1.6220142595459834,10.71397821417432,9.210504715325177,213,98,1.8453521597412903,1.8299620845824782
2023/24,11/02/2024,Aston Villa,Man United,R Jones,3,2,0,0,5,0,4.028160243148949,10.991029084632563,3.7207357020542955,19.146847438112804,62,1.978237600840666,1.8821347416410976,1.9068090294120945,1.708450531114782,10.806138038100542,11.266928205617749,251,365,1.8443657273115508,2.0416812275310514
2023/24,11/02/2024,West Ham,Arsenal,C Pawson,4,0,0,0,4,0,4.028160243148949,10.991029084632563,3.657555579677475,21.518951298078626,227,1.5979242153253082,1.6163452679568873,1.5110821100621505,1.8926610574305713,9.706401889828275,9.798507152986168,365,365,1.6254375727087162,1.7269604153483102
2023/24,12/02/2024,Crystal Palace,Chelsea,M Oliver,2,2,0,0,4,0,4.032490252218001,10.991362440722476,3.2311664116074503,20.674781659000207,277,1.7374833602411448,1.7032728339253553,1.8032728339253554,2.000641254977987,11.36430320606689,10.232724258698468,365,365,1.6865161263534774,1.8184958217849494
2023/24,17/02/2024,Brentford,Liverpool,M Oliver,2,1,0,0,3,0,4.03234046172243,10.986767814897632,3.233691457237824,20.675475892318286,278,1.721425907569458,1.3707153634197329,1.6249346794992827,1.6043111639446674,9.205269812383616,9.785828762760453,99,366,1.665270053275665,1.592134108398577
2023/24,17/02/2024,Burnley,Arsenal,J Gillett,2,1,0,0,3,0,4.03234046172243,10.986767814897632,3.690459863597754,15.704341860845819,37,1.728664109714486,1.6121851796926987,1.3942378802062891,1.898274418537843,10.083281175776172,9.801576794256516,290,366,1.645265959143239,1.7183967346612032
2023/24,17/02/2024,Fulham,Aston Villa,L Smith,5,2,0,0,7,0,4.03234046172243,10.986767814897632,4.03234046172243,10.986767814897632,0,1.9166179964896617,1.9821818481757238,1.3414545977968513,1.9072754811345252,10.66275005628583,10.79925377757203,138,252,1.7886018269395025,2.1151954146306258
2023/24,17/02/2024,Man City,Chelsea,A Madley,1,3,0,0,4,0,4.03234046172243,10.986767814897632,3.387115847620933,20.45989995715223,83,1.4980067196392586,1.7040486967530661,1.7927435617445215,2.0006366232622526,9.424738838451926,10.224148972734206,365,366,1.3514850429589758,1.8194068356713042
2023/24,17/02/2024,Newcastle,Bournemouth,M Salisbury,1,3,0,0,4,0,4.03234046172243,10.986767814897632,4.054009837366553,17.282099911008476,27,1.6945847039735225,1.6324908024921736,1.819949135460403,1.8430171182816473,10.397669850179977,9.554138190269668,328,251,1.6940924774464705,1.6612947054107676
2023/24,17/02/2024,Nott'm Forest,West Ham,T Bramall,4,4,0,1,8,1,4.03234046172243,10.986767814897632,3.9452127885765185,16.01672988431102,15,2.1330201748430935,1.6043111639446674,1.886266928089847,1.507198303052279,10.303905955996523,9.72546130869221,62,366,2.0922294231069176,1.6022351184995869
2023/24,17/02/2024,Tottenham,Wolves,A Taylor,0,1,0,0,1,0,4.03234046172243,10.986767814897632,3.652117400460002,20.526267509236142,286,1.7906628699814127,1.8089194474363242,2.029508014338368,2.0403604954712584,10.76483138743237,10.71354043061892,366,214,1.6628411791056477,1.7970701103517888
2023/24,18/02/2024,Luton,Man United,D Coote,3,5,0,0,8,0,4.040424776338904,11.002539569258861,3.744084955267781,20.89650791385177,100,1.8763996269089942,1.8826855270932854,1.7974522584879415,1.7120818525526031,9.434711757090565,11.255955503331867,23,366,2.0482661415756214,2.0419352819320293
2023/24,18/02/2024,Sheffield United,Brighton,S Attwell,1,4,1,0,5,1,4.040424776338904,11.002539569258861,3.6686321109055573,18.971791367036978,150,2.028723354978624,1.6191130555151378,1.2722016158481892,1.7202366510207556,10.813209102342968,10.687337253818132,100,252,1.9585105511160275,1.5624339420038424
2023/24,19/02/2024,Everton,Crystal Palace,P Tierney,0,2,0,0,2,0,4.063019478424625,10.965610297867503,3.472603469498059,20.758284128518625,173,1.7099019582367052,1.7387733493128206,1.7335240054807997,1.8043901472130832,10.643679992740173,11.370714113475081,366,366,1.658952758021135,1.8104679095362863
2023/24,20/02/2024,Man City,Brentford,D England,2,4,0,0,6,0,4.053508296198753,10.956769785419882,3.817836098732918,17.852256595139963,50,1.4971163050432827,1.7252288019260056,1.7963289034684793,1.6208809758390492,9.417784182127686,9.15805020339695,366,100,1.3505116778863164,1.8500205034607915
2023/24,21/02/2024,Liverpool,Luton,A Madley,1,4,0,0,5,0,4.062482247965036,10.938704938236578,3.3996518917351004,20.435482783999213,84,1.3703366933500989,1.9094517143522505,1.6059387875909366,1.883810688711225,9.806388185960142,9.36000735991729,367,24,1.1993364487865543,1.7872544946052988
2023/24,24/02/2024,Arsenal,Newcastle,P Tierney,1,0,0,0,1,0,4.066804505834765,10.971456041256982,3.465678958019443,20.75520804538404,174,1.6112592507690071,1.693316958702793,1.8992173659522533,1.8241309121911649,9.796560000810018,10.393273024155313,367,329,1.5378840090593977,1.7234694625349762
2023/24,24/02/2024,Aston Villa,Nott'm Forest,S Barrott,1,2,0,0,3,0,4.066804505834765,10.971456041256982,3.8241697957185865,13.73017780642846,11,1.9832128126632862,2.160269664022574,1.9197799768423909,1.91667992043283,10.780917613094879,10.33699897832599,253,63,1.8546172609486575,2.141326821603494
2023/24,24/02/2024,Bournemouth,Man City,J Gillett,2,2,0,0,4,0,4.066804505834765,10.971456041256982,3.6931763912042714,15.750577794149596,38,1.6385806509129615,1.4986938057428292,1.8408278419241975,1.8023587272087978,9.600321798911713,9.42483225211892,252,367,1.6464359556697197,1.6843486555240441
2023/24,24/02/2024,Brighton,Everton,T Harrington,2,3,1,0,5,1,4.066804505834765,10.971456041256982,3.801894936374841,14.413145973822285,12,1.6287352007229878,1.7055000884653422,1.7182874395289578,1.7342958999836666,10.665245971303833,10.636874136935674,253,367,1.7198654878990123,1.785358756534145
2023/24,24/02/2024,Crystal Palace,Burnley,L Smith,3,1,0,1,4,1,4.066804505834765,10.971456041256982,4.179619717148812,11.203323116593252,1,1.7395315020779076,1.7303955352737277,1.7997409261616772,1.3937942280841855,11.372476231176513,10.085901700357606,367,291,1.6893991605745493,1.8406314612110046
2023/24,24/02/2024,Man United,Fulham,M Oliver,2,5,0,0,7,0,4.066804505834765,10.971456041256982,3.2357569494929903,20.678573687603368,279,1.891363962810892,1.9383184012581867,1.715971292653824,1.3474093103490956,11.280853194527296,10.664194287723554,367,139,1.7348537060290945,2.0654884975447705
2023/24,25/02/2024,Wolves,Sheffield United,D Bond,2,1,0,0,3,0,4.065335654631788,10.941124430812659,4.0526900440578935,12.758971315171499,6,1.8064783365640802,2.021465667325331,2.032565293085819,1.2973277362908484,10.721993187961283,10.741883045095646,215,101,1.8482788312273641,2.0998464216882833
2023/24,26/02/2024,West Ham,Brentford,S Hooper,1,2,0,0,3,0,4.060424115196062,10.895626606151449,3.491543614358133,19.558894573963986,92,1.6111339813192942,1.7452860419307799,1.5142753425758388,1.6245963867583662,9.737479579963708,9.126872409880482,367,101,1.6386524286059114,1.8838950902149303
2023/24,02/03/2024,Brentford,Chelsea,J Gillett,3,1,0,0,4,0,4.055535219535119,10.859831740544742,3.693568445130906,15.77337177365029,39,1.7471496935599435,1.7078966338913961,1.6189445653548153,1.9984725501217628,9.123493487641756,10.226305597000223,102,367,1.6729774870683847,1.826213638927203
2023/24,02/03/2024,Everton,West Ham,C Pawson,1,2,0,0,3,0,4.055535219535119,10.859831740544742,3.661614152127976,21.531603926931297,228,1.7086593058655701,1.6094425956828027,1.7347689664399828,1.5154478176149175,10.643469289958446,9.724409237739128,368,368,1.6503342419422784,1.6151583625452934
2023/24,02/03/2024,Fulham,Brighton,S Hooper,1,2,0,0,3,0,4.055535219535119,10.859831740544742,3.486342207528627,19.50420163994592,93,1.9575258977194412,1.6298011678309048,1.3510742848162154,1.7227379708048827,10.660959600348939,10.65594326414158,140,254,1.8284295781942752,1.5803979869472773
2023/24,02/03/2024,Luton,Aston Villa,M Oliver,1,4,0,0,5,0,4.055535219535119,10.859831740544742,3.2471750179946817,20.6573632574217,280,1.9604128536628347,1.979243547013061,1.8604128536628348,1.9197639931097152,9.46121845135214,10.763749955591397,25,254,2.0863040766611927,2.1156092545529113
2023/24,02/03/2024,Newcastle,Wolves,T Robinson,0,1,0,0,1,0,4.055535219535119,10.859831740544742,4.167917738372227,16.443086216218603,19,1.6881638091203286,1.8069978967381533,1.821497142453662,2.027777117517374,10.37811228421474,10.70757029460643,330,216,1.691202856369519,1.7920041800529545
2023/24,02/03/2024,Nott'm Forest,Liverpool,P Tierney,2,2,0,0,4,0,4.055535219535119,10.859831740544742,3.45194190244189,20.74247896756809,175,2.157171065145739,1.3692337183982075,1.9040065081837139,1.6120535617402438,10.398085291823868,9.818404015807012,64,368,2.136521577585391,1.59003273440459
2023/24,02/03/2024,Tottenham,Crystal Palace,J Brooks,1,2,0,0,3,0,4.055535219535119,10.859831740544742,4.291879055371079,17.706282436724102,38,1.7864306653050088,1.7426018646123065,2.0272683616400875,1.797432151818573,10.755101408518549,11.361484955754793,367,368,1.655359367570419,1.811138262042781
2023/24,03/03/2024,Burnley,Bournemouth,D Coote,2,4,0,0,6,0,4.030969465360019,10.860674622759303,3.7759860050317497,20.92473702832526,101,1.7271409478508148,1.6389263842917916,1.3981507198377856,1.8404189216052245,10.092687490784023,9.613638282353339,292,253,1.6474054098770194,1.6706497957056348
2023/24,03/03/2024,Man City,Man United,A Madley,0,1,0,0,1,0,4.030969465360019,10.860674622759303,3.40703851485455,20.495607868808932,85,1.49930096864282,1.8909458772590082,1.8021730313060056,1.7238440495827678,9.413720782430012,11.264895717155861,368,368,1.3529259848753776,2.056443572815076
2023/24,04/03/2024,Sheffield United,Arsenal,S Barrott,1,0,0,0,1,0,4.026031734060006,10.826576801765045,3.774345766256761,13.88282216335476,12,2.010215709448291,1.6088648511891646,1.3008140000465815,1.8934601514502611,10.67691731635246,9.807308945204277,102,368,1.9423520909916674,1.714548934700754
2023/24,09/03/2024,Arsenal,Brentford,R Jones,2,4,0,0,6,0,4.012080756168469,10.795899942556991,3.7307047602751333,19.055653392771873,63,1.604402618935582,1.755005132807318,1.8908609522689155,1.6109373361971484,9.791586587419733,9.126858047196418,369,103,1.5331186214636359,1.8801606919888412
2023/24,09/03/2024,Bournemouth,Sheffield United,A Taylor,3,5,0,0,8,0,4.012080756168469,10.795899942556991,3.6419936503340122,20.512491982576684,287,1.6471769727556265,2.0007678446717247,1.8404855229415,1.2889034378920636,9.624421002115902,10.677705504823539,254,103,1.6460326643352023,2.077130388958538
2023/24,09/03/2024,Crystal Palace,Luton,S Singh,2,3,0,0,5,0,4.012080756168469,10.795899942556991,4.012080756168469,10.795899942556991,0,1.7424234522689155,1.9290391627137444,1.7945067856022487,1.9046489188113054,11.372315754086399,9.413884135833595,369,26,1.6939226415641382,1.8552076174542045
2023/24,09/03/2024,Man United,Everton,S Hooper,1,2,0,0,3,0,4.012080756168469,10.795899942556991,3.47312620927909,19.545357130789284,94,1.8882567856022487,1.705965118935582,1.7189859522689153,1.7346109522689155,11.260336587419733,10.637940754086399,369,369,1.7341236465892638,1.7894000284988116
2023/24,09/03/2024,Wolves,Fulham,T Harrington,2,2,0,0,4,0,4.012080756168469,10.795899942556991,3.797421550110835,14.523618383261178,13,1.8021146796175151,1.9492987543029712,2.0176319209968256,1.3531449081491251,10.706764006763695,10.692110574161394,217,141,1.84626508675824,2.095183596132512
2023/24,10/03/2024,Aston Villa,Tottenham,C Kavanagh,0,2,1,0,2,1,4.039022845906445,10.827574945827111,3.4808580452383615,19.289173250922012,133,1.986269153127031,1.7840539721783246,1.9158987827566607,2.026873815520361,10.793358563310012,10.744665305727686,255,368,1.8471314883401293,1.935821572445951
2023/24,10/03/2024,Brighton,Nott'm Forest,M Salisbury,4,4,0,0,8,0,4.039022845906445,10.827574945827111,4.0561428518426625,17.465837238597693,28,1.6307135975714755,2.153658391803729,1.719602486460364,1.903658391803729,10.652617822569272,10.40258515117129,255,65,1.7203709249598473,2.133886624346773
2023/24,10/03/2024,Liverpool,Man City,M Oliver,0,3,0,0,3,0,4.039022845906445,10.827574945827111,3.251554154077324,20.675455469430318,281,1.3705538316257768,1.4955538316257768,1.6127413316257768,1.800241331625777,9.823455239827352,9.401580239827352,369,369,1.1974506097703432,1.6848877956999915
2023/24,10/03/2024,West Ham,Burnley,D England,2,4,0,0,6,0,4.039022845906445,10.827574945827111,3.841783830890278,17.81170228481155,51,1.6101371649591103,1.7282229589100595,1.5137829982924436,1.4067943874814883,9.714080239827354,10.085087052252284,369,293,1.6346365394185844,1.8341159710825983
2023/24,11/03/2024,Chelsea,Newcastle,J Brooks,3,1,0,0,4,0,4.0521176889062,10.88383256839806,4.270358472228985,17.79837209703049,39,1.705981416884586,1.6832106435456546,2.001020581375448,1.8190487938346718,10.223573744811972,10.371759376482617,368,331,1.6130852659939217,1.7132826814822026
2023/24,13/03/2024,Bournemouth,Luton,S Allison,1,2,0,0,3,0,4.051877409626838,10.871049019778267,4.088343663102729,11.452931749786796,1,1.653292891008153,1.961644775528602,1.8532928910081528,1.9140257279095545,9.635306917216063,9.465068277341357,255,27,1.6576695814943752,1.9067528775786173
2023/24,16/03/2024,Burnley,Brentford,D Bond,2,4,0,1,6,1,4.0470279170414605,10.895180618905151,4.005490560188641,12.69935985851965,7,1.735769286012333,1.7760731880488316,1.408908444588385,1.616409322502613,10.112342571656274,9.140452560015031,294,104,1.6503253665296973,1.9157120802658352
2023/24,16/03/2024,Fulham,Tottenham,R Jones,2,3,0,0,5,0,4.0470279170414605,10.895180618905151,3.766019077820635,19.08291590418684,64,1.9512911425338277,1.7847726806713826,1.3589344546357385,2.0217518473380496,10.698814360775724,10.757067329796325,142,369,1.8180547602071042,1.9364457757678943
2023/24,16/03/2024,Luton,Nott'm Forest,D England,1,2,0,0,3,0,4.0470279170414605,10.895180618905151,3.8724116613770976,17.978954746397775,52,1.9616909157630456,2.1771939429359377,1.8919234739025803,1.9302803626890241,9.504973363762527,10.453257464713442,28,66,2.0466451509589985,2.174014778704395
2023/24,17/03/2024,West Ham,Aston Villa,J Gillett,3,3,0,0,6,0,4.055495032610461,10.948128546611885,3.6982673202347924,15.856972517927648,40,1.6114706824534504,1.9793956189836843,1.5205615915443595,1.9166649916774112,9.71976873792101,10.797457432101805,370,256,1.6370810637228923,2.1287847045075416
2023/24,30/03/2024,Aston Villa,Wolves,P Tierney,3,4,0,0,7,0,4.064459824827473,10.962394184744863,3.4557785851775464,20.766466938401102,176,1.9833950319345812,1.8046499943613994,1.9208950319345812,2.019242269039511,10.80227189847642,10.696214405088355,257,218,1.8355485922112311,1.786156844243597
2023/24,30/03/2024,Bournemouth,Everton,S Barrott,1,2,0,0,3,0,4.064459824827473,10.962394184744863,3.7266183058075484,14.001575121542674,13,1.65123043795648,1.707749217366769,1.854182467476775,1.733723243340795,9.661320872271537,10.642124562040484,256,370,1.6537304103930492,1.7924172434310304
2023/24,30/03/2024,Brentford,Man United,S Hooper,2,2,0,0,4,0,4.064459824827473,10.962394184744863,3.480095796839057,19.61716545515518,95,1.7956954057183836,1.8869699965875482,1.6206954057183838,1.720736230353782,9.210149636546554,11.26809858801451,105,370,1.6937828162120308,2.05241724343103
2023/24,30/03/2024,Chelsea,Burnley,D England,2,2,0,1,4,1,4.064459824827473,10.962394184744863,3.866814046419062,18.11615198229002,53,1.7095923142869949,1.737043382858729,1.998654814286995,1.4176885441490517,10.229734261420798,10.1265095367277,369,295,1.6205198426442515,1.848663263495099
2023/24,30/03/2024,Newcastle,West Ham,R Jones,1,1,1,0,2,1,4.064459824827473,10.962394184744863,3.7845721735631868,19.100665051318018,65,1.6815084976547725,1.6152420950419846,1.8227188722945418,1.5245685199124508,10.36374050831581,9.728543928460068,332,371,1.6822289982663319,1.6174172434310303
2023/24,30/03/2024,Nott'm Forest,Crystal Palace,C Kavanagh,1,1,0,0,2,0,4.064459824827473,10.962394184744863,3.4755439976143823,19.35257770200391,134,2.176627423002513,1.7441128537304054,1.920529862026903,1.7986583082758598,10.539243370555933,11.397968717884641,67,370,2.1350718476292925,1.8124172434310304
2023/24,30/03/2024,Sheffield United,Fulham,T Robinson,4,1,0,0,5,0,4.064459824827473,10.962394184744863,4.102477680459708,16.55688565819159,20,2.029272678035345,1.9524268904190256,1.3065836024050927,1.3701484094063674,10.690907196517532,10.69125288851637,104,143,1.9325887863612843,2.0986447521651863
2023/24,30/03/2024,Tottenham,Luton,J Gillett,2,4,0,0,6,0,4.064459824827473,10.962394184744863,3.736537812434649,16.000906888160934,41,1.7882686978862496,1.9428056519592285,2.022034931652483,1.897351106504683,10.756410276326198,9.527680826945147,370,29,1.6524172434310302,1.9132223684898637
2023/24,31/03/2024,Liverpool,Brighton,D Coote,5,3,0,0,8,0,4.06660706505232,11.032026775232614,3.800513201781953,20.959060388825318,102,1.3675313064620582,1.6402197527228501,1.6168819558127077,1.7287806383317061,9.817507015101935,10.670628047285035,370,256,1.192497764939462,1.5839129579572895
2023/24,31/03/2024,Man City,Arsenal,A Taylor,0,2,0,0,2,0,4.06660706505232,11.032026775232614,3.6602721297965113,20.539299263197492,288,1.4999988389295906,1.606492345423097,1.7961027350334868,1.897401436332188,9.407117404712324,9.79413039172531,370,370,1.347497764939462,1.707497764939462
2023/24,02/04/2024,Bournemouth,Crystal Palace,G Scott,3,2,0,0,5,0,4.075129942761456,11.081837087990056,2.935541655309813,18.420999422220248,101,1.6491304212158489,1.742392421167645,1.8550127741570255,1.796796566245365,9.68056536088208,11.401849166217424,257,371,1.6497463511854924,1.80877350532692
2023/24,02/04/2024,Burnley,Wolves,T Bramall,0,2,0,0,2,0,4.075129942761456,11.081837087990056,4.070201184610644,16.36697383414028,16,1.738146220484601,1.814373822951756,1.4198182462080737,2.0237755323534654,10.119336907266641,10.735528966495409,296,219,1.653763647673073,1.8045077965656873
2023/24,02/04/2024,Newcastle,Everton,T Harrington,0,3,0,0,3,0,4.075129942761456,11.081837087990056,3.843032014590677,14.79604941537824,14,1.6797800993411234,1.7087136646909609,1.8205846970422728,1.7320297268671268,10.362395914252659,10.645372482279601,333,371,1.6789201899489612,1.7938481321925916
2023/24,02/04/2024,Nott'm Forest,Fulham,M Oliver,0,0,0,0,0,0,4.075129942761456,11.081837087990056,3.2536750767721054,20.680931358956844,282,2.163415356273626,1.9469400916396913,1.9104033080808545,1.3871916639667354,10.591732266987052,10.711407409810853,68,144,2.1135402973614474,2.0869364893185165
2023/24,02/04/2024,West Ham,Tottenham,J Brooks,1,4,0,0,5,0,4.075129942761456,11.081837087990056,4.275049977985176,17.89301426461156,40,1.6138591074178577,1.7890245455199765,1.5234198309320695,2.0273665144318933,9.726392191627713,10.772315487460947,372,371,1.644594400849308,1.9428173728535545
2023/24,03/04/2024,Arsenal,Luton,C Pawson,1,1,0,0,2,0,4.050532308739562,11.07297014319645,3.6585169595216103,21.52686714007839,229,1.6071994619573748,1.9861998292343714,1.8921735552216237,1.8973109403454826,9.821366000191642,9.645495023866074,371,30,1.5368949615777336,1.9792997438515574
2023/24,03/04/2024,Brentford,Brighton,A Madley,1,1,0,0,2,0,4.050532308739562,11.07297014319645,3.3897595289953966,20.493912194413614,86,1.7965205976491463,1.6447757070424511,1.622966878640882,1.7403639423365689,9.198737818793168,10.654585573801373,106,257,1.6967498869933342,1.5929096688579634
2023/24,03/04/2024,Man City,Aston Villa,D England,1,2,0,0,3,0,4.050532308739562,11.07297014319645,3.864092502765684,18.162332323796342,54,1.4958004982268052,1.986736235588083,1.7963186329418308,1.9281281769800247,9.406858228170915,10.806033978292941,371,258,1.3401939916196355,2.13457633552463
2023/24,04/04/2024,Chelsea,Man United,J Gillett,3,0,0,0,3,0,4.026912344591126,11.043651654260042,3.7563105763399722,16.24016852770897,42,1.709615175543983,1.886533270944128,1.9979268638556713,1.720730162135838,10.235915291966105,11.276754889655312,370,371,1.6210092129221672,2.05075543574345
2023/24,04/04/2024,Liverpool,Sheffield United,S Attwell,0,1,0,0,1,0,4.026912344591126,11.043651654260042,3.6742773216748756,18.91529142816194,151,1.3761705766436099,2.043348688203612,1.6196938927057862,1.3016820215369451,9.84411240260868,10.690228228391252,371,105,1.2099594158429525,2.1224155609616933
2023/24,06/04/2024,Aston Villa,Brentford,M Salisbury,2,2,0,0,4,0,4.008244738366714,11.01077047866273,4.11492811961422,17.74572707345497,29,1.985627136999089,1.7873920945717243,1.923583341378651,1.6152609470307406,10.812338607992594,9.193285070409594,259,107,1.8407071912343773,1.9420858167316228
2023/24,06/04/2024,Brighton,Arsenal,J Brooks,1,2,0,0,3,0,4.008244738366714,11.01077047866273,4.2606987645328465,17.928322151008608,41,1.6412521448269244,1.6048109445419905,1.7364902400650195,1.889048670640182,10.657805049780112,9.825790125555478,258,372,1.7346981506136387,1.7067753011828377
2023/24,06/04/2024,Crystal Palace,Man City,P Tierney,1,1,0,0,2,0,4.008244738366714,11.01077047866273,3.4663669230651872,20.818164663200832,177,1.7417618489347555,1.4936998334308795,1.7986093941543937,1.7960254148262282,11.407185474392687,9.396849557080028,372,372,1.6953091776887517,1.6903091776887518
2023/24,06/04/2024,Everton,Burnley,M Oliver,2,1,0,1,3,1,4.008244738366714,11.01077047866273,3.2376822027895056,20.65671838300834,283,1.710754096996771,1.7309674215953537,1.7262579729657632,1.4200699856979178,10.652663510568399,10.117246085224263,372,297,1.6453091776887518,1.8470051259984686
2023/24,06/04/2024,Fulham,Newcastle,S Allison,1,2,0,0,3,0,4.008244738366714,11.01077047866273,4.007634017006216,12.158120813576602,2,1.9316364721109398,1.6735296147213479,1.3753864721109397,1.822526749391835,10.691129866187316,10.356964981633151,145,334,1.8168027073304638,1.7075239532472395
2023/24,06/04/2024,Luton,Bournemouth,A Madley,0,0,0,0,0,0,4.008244738366714,11.01077047866273,3.367911771956856,20.48454698184436,87,1.9578659899510946,1.6522411558159353,1.8709094682119642,1.8537063572811368,9.599582143260228,9.690772082747145,31,258,2.0020611845916783,1.68574710166259
2023/24,06/04/2024,Wolves,West Ham,T Harrington,5,2,0,0,7,0,4.008244738366714,11.01077047866273,3.780152961479196,14.956731549164207,15,1.8130290873946824,1.6109841122106967,2.0130290873946826,1.528509885406573,10.738641611021151,9.733455614922605,220,373,1.8472728672399221,1.6122479379987578
2023/24,07/04/2024,Man United,Liverpool,A Taylor,5,2,0,0,7,0,3.980785459857972,11.031659188124294,3.648151708587418,20.56621490351308,289,1.8807645760954388,1.3717206484468598,1.723141837077351,1.6171986846225703,11.286143265919723,9.83394688349078,372,372,1.729279454744674,1.589279454744674
2023/24,07/04/2024,Sheffield United,Chelsea,R Jones,4,2,0,0,6,0,3.980785459857972,11.031659188124294,3.7419740274335087,19.096609667067113,66,2.0318668673465687,1.7120618936500902,1.2880652144540066,1.9918546397640797,10.675516065379604,10.227299077489462,106,371,1.9537631021902175,1.819279454744674
2023/24,07/04/2024,Tottenham,Nott'm Forest,S Hooper,2,3,0,0,5,0,3.980785459857972,11.031659188124294,3.467104433854953,19.64290479093477,96,1.792909278937816,2.1292367970111283,2.0228834391445347,1.8792367970111286,10.766763420958481,10.54449337989205,372,69,1.6510243330792775,2.160324305080302
2023/24,13/04/2024,Bournemouth,Man United,T Harrington,4,0,0,0,4,0,4.00854217189333,11.021846798475226,3.858867177983738,15.135272438094649,16,1.6462192200335766,1.8893403770340205,1.8469491470408759,1.7243919234257732,9.706802375870673,11.28006147162001,259,373,1.6556142502703448,2.0399211202435645
2023/24,13/04/2024,Brentford,Sheffield United,S Barrott,3,1,0,0,4,0,4.00854217189333,11.021846798475226,3.6721424178803397,14.321696665689249,14,1.789138750318699,2.049705461386885,1.6184070430016257,1.2956071007311474,9.208649195028975,10.685769270398067,108,107,1.6820879172347822,2.1038833277823525
2023/24,13/04/2024,Burnley,Brighton,S Hooper,1,2,0,0,3,0,4.00854217189333,11.021846798475226,3.4853570024371576,19.668411229195744,97,1.728639189422364,1.638919949960584,1.4219299242466452,1.7374600959459852,10.126721568653561,10.67030602550571,298,259,1.6406345505439024,1.5866487330289654
2023/24,13/04/2024,Man City,Luton,J Brooks,1,0,0,0,1,0,4.00854217189333,11.021846798475226,4.241993347721392,18.067853283013143,42,1.4924331605391754,1.9162567295574462,1.7939795522917525,1.8311503465787229,9.380576935537537,9.546039382735408,373,32,1.3369508232138614,1.9375505254580636
2023/24,13/04/2024,Newcastle,Tottenham,T Robinson,0,4,0,0,4,0,4.00854217189333,11.021846798475226,4.091599006463767,16.72926456438871,21,1.6744687608262856,1.7939795522917525,1.8201830465405713,2.0259383151783505,10.364753859967326,10.767174873681867,335,373,1.6670167556786883,1.9505674939761193
2023/24,13/04/2024,Nott'm Forest,Wolves,C Pawson,2,3,0,0,5,0,4.00854217189333,11.021846798475226,3.647896291362091,21.51586733318385,230,2.1419301916376465,1.8265426537677965,1.883106662225882,2.0129833317338983,10.560751188100754,10.757050216053237,70,221,2.0612813257839995,1.8020957642
2023/24,14/04/2024,Arsenal,Aston Villa,D Coote,3,1,0,0,4,0,3.9946683306532176,11.038467994746311,3.8192711583307064,20.99970078022389,103,1.6055670424739668,1.9853091362905424,1.886494877525513,1.9234909544723606,9.834506468970613,10.828321854402173,373,260,1.5321393655716375,2.130758706757925
2023/24,14/04/2024,Liverpool,Crystal Palace,C Kavanagh,1,1,0,0,2,0,3.9946683306532176,11.038467994746311,3.455416926664565,19.40601062417911,135,1.3736082795873688,1.739587661030668,1.6261855991749978,1.796288691958503,9.834506468970613,11.411826056599478,373,373,1.2027723390094016,1.8067327350490057
2023/24,14/04/2024,West Ham,Fulham,S Attwell,1,2,0,0,3,0,3.9946683306532176,11.038467994746311,3.654614170996217,18.892438982308803,152,1.6117223971205632,1.9252174688192492,1.537172268585859,1.3786336178875722,9.726962750541382,10.688127391059613,374,146,1.6384159033658374,2.0563637781806716
2023/24,15/04/2024,Chelsea,Everton,P Tierney,1,4,0,0,5,0,3.980953280323755,11.00097811376402,3.4557824236851915,20.793223905635962,178,1.7128091720992975,1.7109720350578046,1.9970468981974887,1.7238586329959489,10.226117146907571,10.653369422302141,372,373,1.6261549731464087,1.7963225227842978
2023/24,20/04/2024,Luton,Brentford,J Gillett,1,2,0,0,3,0,3.9856514128548826,11.019537929656948,3.7300189017848835,16.316006591785644,43,1.8727580332585754,1.7975192386807388,1.8102580332585754,1.612035367712997,9.471802801508899,9.198762374777639,33,109,1.9320124385939232,1.9404693564697335
2023/24,20/04/2024,Sheffield United,Burnley,A Madley,1,0,0,0,1,0,3.9856514128548826,11.019537929656948,3.33310871965816,20.491048214525875,88,2.039775492653753,1.7257719286509925,1.3080681755805825,1.4232241579503555,10.688183207092901,10.151740555644672,108,299,1.9839476173392987,1.8408072292464124
2023/24,20/04/2024,Wolves,Arsenal,P Tierney,3,2,0,0,5,0,3.9856514128548826,11.019537929656948,3.4639278692224122,20.82102180510502,179,1.83076955947853,1.6089778550036287,2.012204158634648,1.884042122355814,10.753782845875222,9.839708314839145,222,374,1.871139084771293,1.7073880475069882
2023/24,21/04/2024,Aston Villa,Bournemouth,T Robinson,1,3,0,0,4,0,3.972124168294449,11.009825821292036,4.070278812922579,16.920120117708528,22,1.9811265625442334,1.6537852045898487,1.9267787364572768,1.839239750044394,10.81367280311482,9.718449795126148,261,260,1.8399374569807474,1.672159244876447
2023/24,21/04/2024,Crystal Palace,West Ham,G Scott,3,2,0,0,5,0,3.972124168294449,11.009825821292036,2.9315205055697735,18.474375161671663,102,1.7372517513167312,1.609720336569765,1.7938070212396102,1.5379254647748932,11.407644456708717,9.716855624768437,374,375,1.6905021455831264,1.6128263923871704
2023/24,21/04/2024,Everton,Nott'm Forest,A Taylor,3,2,0,0,5,0,3.972124168294449,11.009825821292036,3.6581050927217817,20.55950998581683,290,1.7166861986175022,2.137103851886144,1.7218275867923094,1.892917805374516,10.680138029973499,10.611322019298724,374,71,1.645726026180141,2.175818625244167
2023/24,21/04/2024,Fulham,Liverpool,C Pawson,3,0,0,0,3,0,3.972124168294449,11.009825821292036,3.649621500810005,21.52830330286055,231,1.92463537816178,1.37221319090542,1.3752526621123973,1.6241412114709726,10.70107218308451,9.834379675217713,147,374,1.8044424007069133,1.5909996580209371
2023/24,23/04/2024,Arsenal,Chelsea,S Hooper,2,2,0,0,4,0,3.9771813441752366,10.972986604183138,3.475036858572203,19.709956626866493,98,1.609817589952088,1.710899123920913,1.886740666875165,2.0021362373229747,9.836659998798394,10.212106699823128,375,373,1.5387567330758132,1.8200440800065387
2023/24,24/04/2024,Crystal Palace,Newcastle,T Bramall,3,3,0,0,6,0,3.9772865455041426,10.977824176696275,3.962670562800085,16.439181057557306,17,1.7405888438237975,1.669030339291399,1.7944349976699514,1.8257254959865556,11.400855593141596,10.37417003226559,375,336,1.6971764806499063,1.7078552147872585
2023/24,24/04/2024,Everton,Liverpool,A Madley,0,3,0,0,3,0,3.9772865455041426,10.977824176696275,3.310808452961435,20.46882109138076,89,1.720076023310977,1.368793972028926,1.7226401258750796,1.6277683310032849,10.690599182885185,9.83675302903903,375,375,1.6526220252043617,1.5833150945112924
2023/24,24/04/2024,Man United,Sheffield United,M Salisbury,0,1,0,0,1,0,3.9772865455041426,10.977824176696275,4.098766611592792,17.880829171225578,30,1.8838808459930103,2.03088426686517,1.7296392007487946,1.2970132991232344,11.286204836311626,10.680110333267919,374,109,1.7454211397576174,2.0844876679895807
2023/24,24/04/2024,Wolves,Bournemouth,S Attwell,4,1,0,1,5,1,3.9772865455041426,10.977824176696275,3.648495301334852,18.88452586751352,153,1.8354186936608448,1.658803076417685,2.011889281896139,1.8363393083017432,10.766107904727823,9.733093048279791,223,261,1.879600389613342,1.6815837868364212
2023/24,25/04/2024,Brighton,Man City,J Gillett,2,0,0,0,2,0,3.973071435978987,10.974378742879972,3.7148809550648503,16.382021283652165,44,1.6392655846176087,1.4904833824417543,1.7338110391630634,1.7886838965805718,10.65930123844218,9.373542006610796,260,374,1.727764137290572,1.6855623670141413
2023/24,27/04/2024,Aston Villa,Chelsea,C Pawson,3,5,0,0,8,0,3.9639749432431866,10.933142809720676,3.6463010645178198,21.499332958144034,232,1.9773639425065845,1.7113876917077735,1.9304325345643463,2.00187612358438,10.801438884739728,10.213363935920064,262,374,1.833765836125506,1.8204446142293262
2023/24,27/04/2024,Everton,Brentford,D England,1,2,0,0,3,0,3.9639749432431866,10.933142809720676,3.826242169763496,18.12910712803771,55,1.7154215142565827,1.7978384965945913,1.725651693284716,1.605838496594591,10.67774570606881,9.191988568583241,376,110,1.6439892220410044,1.9389973153474842
2023/24,27/04/2024,Fulham,Crystal Palace,S Attwell,0,2,0,0,2,0,3.9639749432431866,10.933142809720676,3.654186444587037,18.923623297447023,154,1.930857742787263,1.7435545065839486,1.3664405648731526,1.797262946481647,10.66256792069267,11.396415782795152,148,376,1.8171888997115044,1.8016246900213
2023/24,27/04/2024,Man United,Burnley,J Brooks,1,3,0,0,4,0,3.9639749432431866,10.933142809720676,4.177931964427642,17.96071426827966,43,1.878794389934164,1.71977718118833,1.7275123386521125,1.4213644827756315,11.274355310443346,10.146027209755255,375,300,1.736286198387742,1.8286655277231751
2023/24,27/04/2024,Newcastle,Sheffield United,T Harrington,0,0,0,0,0,0,3.9639749432431866,10.933142809720676,3.8356993709780873,15.364965958167069,17,1.6725278752111477,2.0218384965945915,1.8287778752111474,1.2858384965945913,10.386359576911662,10.66398856858324,337,110,1.65614028301263,2.0675687439189128
2023/24,27/04/2024,West Ham,Liverpool,A Taylor,0,2,0,0,2,0,3.9639749432431866,10.933142809720676,3.661706878421138,20.564330918490562,291,1.6105621792182196,1.3727105168141276,1.541508470778322,1.623349903003386,9.713551332667276,9.843986115275971,376,376,1.634137005292236,1.589802029922778
2023/24,27/04/2024,Wolves,Luton,D Coote,3,1,0,0,4,0,3.9639749432431866,10.933142809720676,3.81472382620992,20.963787366224935,104,1.8440577911059577,1.8516288178433449,2.0072377074239496,1.8108124913127326,10.761500297376172,9.530583083120511,224,34,1.895510331293889,1.8665566273226217
2023/24,28/04/2024,Bournemouth,Brighton,P Tierney,2,2,0,0,4,0,3.942052039418826,10.954890797684227,3.466103907246198,20.823767170449294,180,1.6554707230889574,1.6397296749842072,1.8431963548579104,1.7266861967233376,9.758706429540187,10.656382902110984,262,261,1.6682560979153507,1.5860643170934328
2023/24,28/04/2024,Nott'm Forest,Man City,S Hooper,0,0,0,0,0,0,3.942052039418826,10.954890797684227,3.47218791117315,19.732840886629884,99,2.132935520639554,1.4860651033221568,1.9030504631682896,1.7886292058862596,10.588065298650939,9.35682482303239,72,375,2.0503017705027684,1.676066288592283
2023/24,28/04/2024,Tottenham,Arsenal,M Oliver,2,1,0,0,3,0,3.942052039418826,10.954890797684227,3.2315576083672193,20.66301705482882,284,1.7983686125851959,1.6101416631602077,2.0194483041019056,1.8863564969197986,10.769053164479772,9.841845731413379,374,376,1.6513138133447585,1.7072186714070994
2023/24,02/05/2024,Chelsea,Tottenham,R Jones,0,1,0,0,1,0,3.919883241253788,10.956274066169804,3.7499682720798337,19.107683170154836,67,1.718972113613855,1.7984592931010344,2.003587498229239,2.0164080110497524,10.223518091016086,10.772236039734036,375,375,1.6207877441059575,1.9574214074722942
2023/24,03/05/2024,Luton,Everton,T Robinson,1,3,0,0,4,0,3.9064216421596267,10.984316988267304,4.034594605291472,17.012665098055887,23,1.825963246323944,1.7124953120311153,1.825963246323944,1.7252504140719318,9.627647548240095,10.67699586074491,35,377,1.8843175723811625,1.8044244449073754
2023/24,04/05/2024,Arsenal,Bournemouth,D Coote,2,3,0,0,5,0,3.9068530684300957,11.002838780768165,3.805164051621172,21.031315150147723,105,1.607911729625576,1.655760424508006,1.8859729541153718,1.8428107842202364,9.858472680754492,9.775256441927198,377,263,1.5384305320848557,1.6732972466659295
2023/24,04/05/2024,Brentford,Fulham,G Scott,1,1,0,0,2,0,3.9068530684300957,11.002838780768165,2.934932239927753,18.469304449368785,103,1.7960428413748073,1.9164719391050349,1.597630142962109,1.3676914513001568,9.218422943299693,10.667812749120493,111,149,1.6900199716175102,2.0483303147553453
2023/24,04/05/2024,Burnley,Newcastle,A Taylor,2,2,0,0,4,0,3.9068530684300957,11.002838780768165,3.651960021169566,20.561738074193073,292,1.7224727785228662,1.6665761983377498,1.4186753101684357,1.8223835637768433,10.15038383182203,10.383913005257114,301,338,1.6321296849286409,1.7120294973400312
2023/24,04/05/2024,Man City,Wolves,C Pawson,0,4,0,0,4,0,3.9068530684300957,11.002838780768165,3.6576408012044666,21.527406858601566,233,1.4815892532307564,1.8470891583884406,1.7833795345606798,2.001255825055107,9.349159311651563,10.777172045232339,376,225,1.3315339803607178,1.8055228190017774
2023/24,04/05/2024,Sheffield United,Nott'm Forest,C Kavanagh,0,1,1,0,1,1,3.9068530684300957,11.002838780768165,3.4327411596941144,19.40416751254164,136,2.0023920477240136,2.105697704695747,1.2722333175652834,1.8784249774230195,10.662867387744136,10.562741941542743,111,73,1.9614485430460817,2.1627725100632493
2023/24,05/05/2024,Brighton,Aston Villa,R Jones,2,1,0,0,3,0,3.890581772480362,10.912003653383186,3.7125219818495596,19.19139883155462,68,1.6396366905906234,1.9790624578906573,1.7262792898686017,1.939494112566916,10.652852084477885,10.808777076979762,262,263,1.7253749192662255,2.117666871873991
2023/24,05/05/2024,Chelsea,West Ham,A Madley,1,3,0,0,4,0,3.890581772480362,10.912003653383186,3.289256907060948,20.44173992464852,90,1.714013716863434,1.6050493961571497,2.000458729651158,1.5412738859530681,10.227212346292516,9.708775580102994,376,377,1.6117210014463188,1.6117210014463188
2023/24,05/05/2024,Liverpool,Tottenham,P Tierney,1,4,0,0,5,0,3.890581772480362,10.912003653383186,3.4624492442330537,20.833981025896016,181,1.3729065390142927,1.795855149088498,1.6178044981979662,2.0106889086792905,9.843979661735649,10.784757103325765,377,376,1.197927897998043,1.951622479278831
2023/24,06/05/2024,Crystal Palace,Man United,J Gillett ,1,1,0,0,2,0,3.8921305777182718,10.937250532225866,3.8921305777182718,10.937250532225866,0,1.7428341309512425,1.875168745096898,1.7913035187063444,1.7293886939460026,11.405687191305342,11.263502248060597,377,376,1.7004481740536308,2.0255713267629902
2023/24,11/05/2024,Bournemouth,Brentford,M Donohue,2,2,0,0,4,0,3.8834072483469178,10.928585891995011,3.8834072483469178,10.928585891995011,0,1.6599482235218705,1.7883901918315108,1.8427439224466018,1.5915397981307235,9.781234387777644,9.165073969999707,264,112,1.6675207779768837,1.9313458360929843
2023/24,11/05/2024,Everton,Sheffield United,S Attwell,1,2,0,0,3,0,3.8834072483469178,10.928585891995011,3.633806562270405,18.962303596110416,155,1.7153321993959334,1.9852405855322983,1.722965787182193,1.2687051524614321,10.679298712951558,10.645388930629625,378,112,1.6378703645225583,2.0299373853887586
2023/24,11/05/2024,Fulham,Man City,A Taylor,1,0,1,0,1,1,3.8834072483469178,10.928585891995011,3.6512112616624934,20.541555494653696,293,1.9098518446218296,1.477361108067862,1.3643972991672841,1.7885855978637804,10.636147843575532,9.334092842321335,150,377,1.7902839373622432,1.6656431249389254
2023/24,11/05/2024,Newcastle,Brighton,D England,3,4,0,0,7,0,3.8834072483469178,10.928585891995011,3.7911750766502834,18.175489472837967,56,1.66702134000735,1.6407394041820211,1.8223885716457682,1.7234732171316614,10.375605633304978,10.66174242514375,339,263,1.6439219154735238,1.5858881249156591
2023/24,11/05/2024,Nott'm Forest,Chelsea,T Harrington,2,3,0,0,5,0,3.8834072483469178,10.928585891995011,3.6996553769458824,15.446852262787797,18,2.09129836362474,1.7120549856188823,1.855343307444965,2.0028713121494945,10.51645386730295,10.232052025994802,74,377,2.002414506973113,1.8331308096679897
2023/24,11/05/2024,Tottenham,Burnley,J Gillett,3,5,0,0,8,0,3.8834072483469178,10.928585891995011,3.6583597315524705,16.31735210428393,45,1.8013406999045967,1.7227935468851794,2.0079733529658212,1.4199544301659364,10.788174474974394,10.141843514794836,377,302,1.6508647998157728,1.8320816527867583
2023/24,11/05/2024,West Ham,Luton,M Oliver,1,3,0,0,4,0,3.8834072483469178,10.928585891995011,3.2260812297053967,20.68456337838669,285,1.6084619703883,1.8063834188745467,1.539759680311964,1.8455991051490566,9.709833064096596,9.705184199803188,378,36,1.6231644821696172,1.8219864958364207
2023/24,11/05/2024,Wolves,Crystal Palace,T Bramall,3,2,0,1,5,1,3.8834072483469178,10.928585891995011,3.9554693304342545,16.609642960462217,18,1.855292756691294,1.7407774920167987,1.992222217272207,1.7891235479964425,10.800682133568309,11.4070340819083,226,378,1.8994183934578273,1.799635070404911
2023/24,12/05/2024,Man United,Arsenal,P Tierney,0,2,0,0,2,0,3.910645887142714,10.952369961755167,3.4723002279157864,20.86381279731343,182,1.873290418759108,1.608981791739365,1.727882255493802,1.8888800105688814,11.255466262023377,9.873136831331205,377,378,1.7306888874560116,1.7025972752625997
2023/24,13/05/2024,Aston Villa,Liverpool,S Hooper,1,1,0,0,2,0,3.9018371962606038,10.902222129385317,3.4363674392521206,19.676444425877065,100,1.975855838609156,1.3721724655774925,1.940013544702346,1.6240808625240573,10.805615290216451,9.854368106794883,264,378,1.8385291086527518,1.5895283282938948
2023/24,14/05/2024,Tottenham,Man City,C Kavanagh,3,3,0,0,6,0,3.8930691162721853,10.921562909418286,3.415597085844473,19.370611560095412,137,1.8045751103614283,1.4737863062901817,2.0157710391146093,1.786763405526823,10.78603491557414,9.325475119136481,378,378,1.6578334233923597,1.6578334233923597
2023/24,15/05/2024,Brighton,Chelsea,M Salisbury,2,2,0,1,4,1,3.902782743996355,10.936051680062898,4.010170867855516,17.82859450002808,31,1.6497163820070706,1.715701960763289,1.7285694286020525,2.003233767379065,10.681076658066207,10.226514981171682,264,378,1.7278826752052923,1.8395630910782974
2023/24,15/05/2024,Man United,Newcastle,R Jones,3,3,0,0,6,0,3.902782743996355,10.936051680062898,3.708186899999031,19.238311617038004,69,1.8683737164884802,1.6711855509295006,1.7284246070737217,1.8289320298027398,11.239237627482117,10.371888415775977,378,340,1.721916032254768,1.713428644456373
2023/24,19/05/2024,Arsenal,Everton,M Oliver,4,3,0,0,7,0,3.9128977251757444,10.964524309262687,3.230940331605767,20.69811288659668,286,1.6100170886772032,1.714078002382787,1.8841287638041069,1.7242302866467463,9.863537899287994,10.668106427206776,379,379,1.540915357543226,1.8105232006804808
2023/24,19/05/2024,Brentford,Newcastle,S Hooper,4,4,0,0,8,0,3.9128977251757444,10.964524309262687,3.4271622470586793,19.7389929185045,101,1.7917713510845164,1.6751312723000509,1.5964588510845164,1.8324346430865677,9.18932759624586,10.363016663818737,113,341,1.6809399005467336,1.7207931510206382
2023/24,19/05/2024,Brighton,Man United,C Pawson,1,3,0,0,4,0,3.9128977251757444,10.964524309262687,3.659546112468701,21.521672230623814,234,1.6512383319243504,1.8714384084741575,1.729809760495779,1.731844499844716,10.69012118685525,11.251862772384442,265,379,1.730249883937538,2.021307514405971
2023/24,19/05/2024,Burnley,Nott'm Forest,G Scott,1,0,0,0,1,0,3.9128977251757444,10.964524309262687,2.928856148289873,18.388473703345483,104,1.7337947576692392,2.0927414770979786,1.4256186570403084,1.8705192548757563,10.154823686539213,10.55815480354967,303,75,1.63461887312541,2.141283325746502
2023/24,19/05/2024,Chelsea,Bournemouth,A Taylor,2,3,0,0,5,0,3.9128977251757444,10.964524309262687,3.6452114204683186,20.527000337716512,294,1.7166160734487768,1.661952617638636,2.0034181039056294,1.8440954747814933,10.236634345988502,9.804406901140965,379,265,1.609542808523618,1.6826308363184905
2023/24,19/05/2024,Crystal Palace,Aston Villa,D Bond,1,4,0,0,5,0,3.9128977251757444,10.964524309262687,3.964316458466473,13.30645781004749,8,1.7419967841086752,1.9726669033529218,1.7927582054284723,1.936952617638636,11.409223178475813,10.807978329712393,379,265,1.697778102641265,2.111202264889919
2023/24,19/05/2024,Liverpool,Wolves,C Kavanagh,1,1,0,1,2,1,3.9128977251757444,10.964524309262687,3.4344935161312495,19.411736857248876,138,1.3714384084741575,1.8609369129703226,1.6227074440071525,1.9931683179290003,9.868614041419976,10.810884017849052,379,227,1.1977781026412653,1.8230213510845161
2023/24,19/05/2024,Luton,Fulham,M Donohue,5,4,0,0,9,0,3.9128977251757444,10.964524309262687,3.916247812668985,11.619734912752584,1,1.8335910180541939,1.9057032104748077,1.8335910180541939,1.3575104393904702,9.812191006143657,10.627915254936568,37,151,1.8589919072369117,2.037185921542423
2023/24,19/05/2024,Man City,West Ham,J Brooks,0,1,0,0,1,0,3.9128977251757444,10.964524309262687,4.15684700187527,17.972653735240105,44,1.4780373932457311,1.6074790176112135,1.7902201343624826,1.544027240961467,9.330542975430127,9.708715564262615,379,379,1.325229083033422,1.6193467300922455
2023/24,19/05/2024,Sheffield United,Tottenham,A Madley,2,0,0,0,2,0,3.9128977251757444,10.964524309262687,3.3001934752533932,20.46649230803075,91,1.9870838510845164,1.8079866318244113,1.2683338510845164,2.0186465303015684,10.65026509624586,10.79500998050627,113,379,1.934461027307297,1.9624839849942064
2024/25,16/08/2024,Man United,Fulham,R Jones,2,3,0,0,5,0,3.9342068268211663,10.911190800849134,3.7405807439003067,19.271366000223455,70,1.8747001296231867,1.9192009053961603,1.7303963321548324,1.3802787497075375,11.245149192421184,10.681640305427356,380,152,1.72930024976175,2.0605115516610852
2024/25,17/08/2024,Arsenal,Wolves,J Gillett,2,2,0,0,4,0,3.939120475474799,10.911986535958956,3.7391269279840844,16.419713568999633,46,1.6165655786482556,1.858203306856218,1.8874516545976228,1.989890549654572,9.857822529163778,10.81004073670655,380,228,1.5538702612978585,1.8181659191167518
2024/25,17/08/2024,Everton,Brighton,S Hooper,1,1,1,0,2,1,3.939120475474799,10.911986535958956,3.468330802258819,19.77795010550373,102,1.7178314014330658,1.6496206532600035,1.7304896292811671,1.7350299059290426,10.667949111442258,10.686262985835203,380,266,1.636797090566151,1.6050229970679797
2024/25,17/08/2024,Ipswich,Liverpool,T Robinson,3,1,0,0,4,0,3.939120475474799,10.911986535958956,4.050571671160612,17.159176804060692,24,1.9695602377373995,1.370995958395091,1.9695602377373995,1.621628869787496,5.455993267979478,9.878075693720739,0,380,1.9695602377373995,1.588016602761273
2024/25,17/08/2024,Newcastle,Southampton,C Pawson,2,4,1,0,6,1,3.939120475474799,10.911986535958956,3.663376968795654,21.506921782303746,235,1.68219440774807,1.6149675169917674,1.839057152846109,1.5113260604091345,10.363697196133593,11.01915938100754,342,342,1.6534591589573173,1.8093731374519408
2024/25,17/08/2024,Nott'm Forest,Bournemouth,M Oliver,1,3,0,0,4,0,3.939120475474799,10.911986535958956,3.245121832970737,20.688460459612095,287,2.071905533692978,1.6674142475660534,1.8631143249017692,1.8453501906265517,10.49274614307354,9.800141989393921,76,266,2.010252897472849,1.6928608349058174
2024/25,17/08/2024,West Ham,Aston Villa,T Harrington,1,2,0,0,3,0,3.939120475474799,10.911986535958956,3.760863906519772,15.586355986340315,19,1.6064389963697747,1.9805815073525301,1.540616211559648,1.9343181621568006,9.713518731695423,10.796583270532713,380,266,1.6221629442246879,2.12529326733825
2024/25,18/08/2024,Brentford,Crystal Palace,S Barrott,1,5,0,0,6,0,3.9362589522308764,11.03844796339939,3.6351618451442977,14.449029977124619,15,1.810247613501795,1.7405618788398267,1.616449163889392,1.7987897269410924,9.238669455236398,11.40705913854556,114,380,1.715582529746272,1.802546059227959
2024/25,18/08/2024,Chelsea,Man City,A Taylor,1,1,0,0,2,0,3.9362589522308764,11.03844796339939,3.6512702306430374,20.51237874714058,295,1.7177770687132445,1.4747390940297,2.0063846636499534,1.7886631446626118,10.2247806575329,9.31591989803923,380,380,1.6123021567889346,1.6659606933743003
2024/25,19/08/2024,Leicester,Tottenham,C Kavanagh,1,1,0,0,2,0,3.9368028206749823,11.02864963473114,3.4293906738833817,19.455586834562673,139,1.455254961218662,1.8038633446963603,1.6037143449721636,2.019053218114082,10.399761546948133,10.791683220912617,342,380,1.3092796836293676,1.9537854690490848
2024/25,24/08/2024,Aston Villa,Arsenal,M Oliver,1,3,0,0,4,0,3.9278735379562235,11.032996396558211,3.246635266609922,20.711900670651616,288,1.9803512465768498,1.6173208372087668,1.930705856505928,1.8875228574107872,10.800522953809171,9.878150184278248,267,381,1.8341827806396735,1.70467830016913
2024/25,24/08/2024,Brighton,Man United,C Pawson,1,2,0,0,3,0,3.9278735379562235,11.032996396558211,3.671252254593508,21.554884712314006,236,1.6470179132435165,1.8748965947845244,1.7321242962222398,1.733482453370383,10.679955577922648,11.249362305490372,267,381,1.7260746725315654,2.0266295196813253
2024/25,24/08/2024,Crystal Palace,West Ham,R Jones,1,1,0,0,2,0,3.9278735379562235,11.032996396558211,3.7520504005094333,19.33150947827037,71,1.7486339685218981,1.6046945745825043,1.7966137665016961,1.5415632614511912,11.416028972157036,9.73673604286411,381,381,1.6949222026081547,1.6168734221203498
2024/25,24/08/2024,Fulham,Leicester,D Bond,2,2,0,0,4,0,3.9278735379562235,11.032996396558211,4.005789366144282,13.49485029158692,9,1.9253514972301886,1.4537962333370715,1.3836848305635219,1.601840926074502,10.683020672465396,10.40152925411784,153,343,1.7852643025788097,1.6422529652401703
2024/25,24/08/2024,Man City,Ipswich,M Salisbury,2,3,0,0,5,0,3.9278735379562235,11.032996396558211,4.020997165770273,18.032015963402724,32,1.473381443269373,2.0286907209169796,1.786512756400686,1.9036907209169798,9.315018871146934,5.734217060886661,381,1,1.3193124465105934,1.9639367689781118
2024/25,24/08/2024,Southampton,Nott'm Forest,S Barrott,3,3,0,0,6,0,3.9278735379562235,11.032996396558211,3.6877277670464776,14.605485607657446,16,1.6213939987002002,2.0593375166812136,1.5124554512141666,1.8745549079855617,11.035607466408344,10.573342097545506,343,77,1.448704578143396,2.1030009723522958
2024/25,24/08/2024,Tottenham,Everton,A Taylor,0,0,0,0,0,0,3.9278735379562235,11.032996396558211,3.6454730169747838,20.513473239607336,296,1.801664271552201,1.7158056856936152,2.016310736198666,1.7284319483198778,10.794816850944915,10.663503719631784,381,381,1.6656539099252277,1.8168734221203497
2024/25,25/08/2024,Bournemouth,Newcastle,D Coote,2,2,0,0,4,0,3.911917234909185,11.107918022923474,3.8152513807078594,21.104564508191505,106,1.6714162385170883,1.6825122325749131,1.8416290044745351,1.8445234057592705,9.798969450964277,10.380752472547279,267,343,1.6712120220393167,1.733007415386123
2024/25,25/08/2024,Liverpool,Brentford,S Attwell,2,3,0,0,5,0,3.911917234909185,11.107918022923474,3.6342427120040313,18.976231771122027,156,1.3695438870247951,1.802610609706299,1.6245943920753003,1.6410721481678376,9.902296427201833,9.217764501322508,381,115,1.1967774598137506,1.9352691564141513
2024/25,25/08/2024,Wolves,Chelsea,D England,2,3,0,0,5,0,3.911917234909185,11.107918022923474,3.8389991569845074,18.313389641135203,57,1.8579482756631922,1.7155034829843911,1.9890958166467987,2.003382270863179,10.829136824475107,10.230579255484662,229,381,1.9096075911768906,1.8406798988381408
2024/25,31/08/2024,Arsenal,Brighton,C Kavanagh,3,2,1,0,5,1,3.922329283324549,11.123009795785084,3.418534739897659,19.491365120573498,140,1.620698915931824,1.644584698321322,1.8851825431358542,1.7329239209361629,9.892752074227678,10.676404853245188,382,268,1.5554246098297773,1.6001172458049269
2024/25,31/08/2024,Brentford,Southampton,J Smith,2,1,0,0,3,0,3.922329283324549,11.123009795785084,3.868607736103791,13.202508163154237,5,1.8123470963735429,1.6251182997909028,1.6444081650758329,1.5164832022978667,9.201699034109833,11.045745329995508,116,344,1.7043488989717002,1.8204142760691666
2024/25,31/08/2024,Everton,Bournemouth,S Attwell,2,1,0,0,3,0,3.922329283324549,11.123009795785084,3.6431770993577675,18.96744640051993,157,1.7113790166874914,1.672853249558071,1.7239734751257787,1.8424645569785658,10.676127389089139,9.83188188504731,382,268,1.6330945127423986,1.7007883867445241
2024/25,31/08/2024,Ipswich,Fulham,L Smith,2,3,0,0,5,0,3.922329283324549,11.123009795785084,4.039193780856064,11.706490551652855,2,2.083380566172595,1.9255471575439889,1.906909977937301,1.3870856190824505,6.318974909905184,10.70664244655851,2,154,2.0260918515583826,2.069755104618849
2024/25,31/08/2024,Leicester,Aston Villa,D Coote,4,5,0,0,9,0,3.922329283324549,11.123009795785084,3.8186229703266195,21.15208518859566,107,1.455201865250513,1.9767401753531242,1.6028341772282286,1.9343373484980004,10.4106478369593,10.793012627096779,344,268,1.307045292111947,2.123607178690833
2024/25,31/08/2024,Nott'm Forest,Wolves,S Hooper,3,4,0,0,7,0,3.922329283324549,11.123009795785084,3.4535799381493257,19.789650350739276,103,2.0690050497304746,1.8588468147956494,1.8862093508057431,1.9935406923466699,10.617447026541807,10.838459483544442,78,230,1.9892124004617429,1.818595920191801
2024/25,31/08/2024,West Ham,Man City,M Oliver,3,2,0,0,5,0,3.922329283324549,11.123009795785084,3.2485930958060947,20.72635428310391,289,1.603066674118222,1.474603198047693,1.5400943819267863,1.7894646590048717,9.756731923094176,9.303331419315839,382,382,1.618531405946282,1.6622207263346316
2024/25,01/09/2024,Chelsea,Crystal Palace,J Gillett,4,2,0,0,6,0,3.9660187442027155,11.112417236782948,3.752089841737054,16.691811540549637,47,1.7197610593992956,1.7474688679635275,2.0043958201045853,1.7953278100290184,10.237640124120585,11.411443650568948,382,382,1.6104133037937882,1.8191511678714583
2024/25,01/09/2024,Man United,Liverpool,A Taylor,4,1,0,0,5,0,3.9660187442027155,11.112417236782948,3.6371132565374777,20.536678356893084,297,1.8759323440340563,1.3721540065025701,1.7323555178375827,1.6290809586436281,11.255272365934186,9.902627529662148,382,382,1.7317725270947593,1.586141459133594
2024/25,01/09/2024,Newcastle,Tottenham,R Jones,4,4,0,0,8,0,3.9660187442027155,11.112417236782948,3.743819263969772,19.42072609195437,72,1.684526853987522,1.797846701716676,1.846086742566909,2.0119524951675576,10.374214844779589,10.796834078780535,344,382,1.656391126104387,1.9502191290365067
2024/25,14/09/2024,Aston Villa,Everton,C Pawson,1,4,0,0,5,0,3.9986527418337894,11.105091852022094,3.675443963915438,21.56346296297921,237,1.9894010407174416,1.7135424511652095,1.9436263928301176,1.723592702421491,10.828479538345654,10.664040675603431,269,383,1.8321469500923049,1.8106305609890943
2024/25,14/09/2024,Bournemouth,Chelsea,A Taylor,6,8,0,0,14,0,3.9986527418337894,11.105091852022094,3.6438585713493645,20.515873982354652,298,1.6724996322667376,1.7261052652355615,1.8450348435343429,2.00499973759737,9.800310524261148,10.234392434397403,269,383,1.6777845339849224,1.849465512445405
2024/25,14/09/2024,Brighton,Ipswich,S Barrott,4,3,0,0,7,0,3.9986527418337894,11.105091852022094,3.7849123463296364,14.96731657858458,17,1.6478517449427936,2.1105497535418567,1.7394010407174416,1.9994386424307455,10.662986580599174,6.793788271675872,269,3,1.7247643997567343,2.061868472734589
2024/25,14/09/2024,Crystal Palace,Leicester,T Harrington,0,3,0,0,3,0,3.9986527418337894,11.105091852022094,3.777029301018772,15.99171769556783,20,1.7487183305621945,1.4638608210104262,1.8014821496576718,1.6138608210104262,11.415296957010465,10.41746719136157,383,345,1.6941257066201623,1.647004789110981
2024/25,14/09/2024,Fulham,West Ham,T Robinson,2,3,0,0,5,0,3.9986527418337894,11.105091852022094,4.0793263709168945,17.452545926011048,25,1.9352346797867848,1.6080148129742549,1.3940582091985494,1.5426881798084258,10.731106993471563,9.757005499724034,155,383,1.7933684300407982,1.6164558037075407
2024/25,14/09/2024,Liverpool,Nott'm Forest,M Oliver,4,4,0,0,8,0,3.9986527418337894,11.105091852022094,3.2602105350661734,20.70040411523985,290,1.3718339084516418,2.0849988889761004,1.6356530039290287,1.9147861230186534,9.895196454497905,10.662640307342187,383,79,1.20383444448424,2.129442510439878
2024/25,14/09/2024,Man City,Brentford,D Bond,3,1,0,0,4,0,3.9986527418337894,11.105091852022094,4.056180529881278,13.932208465730067,10,1.4773615466425967,1.8181052694223745,1.793944461215461,1.6438628451799502,9.287156253492878,9.206728703713376,383,117,1.3251936677852107,1.9587656926541563
2024/25,14/09/2024,Southampton,Man United,S Attwell,1,4,1,0,5,1,3.9986527418337894,11.105091852022094,3.6500891723816653,18.899602712024876,158,1.6249719321215372,1.8818841597079232,1.5194163765659818,1.7311303908637021,11.034133858028238,11.244442685653683,345,383,1.4598390137099115,2.029077162930842
2024/25,15/09/2024,Tottenham,Arsenal,J Gillett,5,3,0,0,8,0,4.084425712786641,11.176363207534715,3.823433463283096,16.786425756005038,48,1.805611037301256,1.6272190775022608,2.019178876497236,1.8885256101655774,10.803574683559072,9.899052070493745,383,383,1.6632679264364068,1.7166659846888341
2024/25,15/09/2024,Wolves,Newcastle,C Kavanagh,3,3,0,0,6,0,4.084425712786641,11.176363207534715,3.452473751925699,19.4964402420986,141,1.8724926538451212,1.6934255356830552,2.0025739546581294,1.8545366467941662,10.869198065270368,10.391174233490307,231,345,1.9202553295838447,1.7413539724379667
2024/25,21/09/2024,Aston Villa,Wolves,T Robinson,3,6,0,0,9,0,4.1112259536768505,11.18214184648826,4.152561741998456,17.79516757180797,26,1.9888919110616714,1.8778712334112404,1.953804191763426,2.0074258892816856,10.827600224030393,10.894194590480414,270,232,1.832227964350509,1.8460625545998197
2024/25,21/09/2024,Crystal Palace,Man United,D Coote,3,1,0,0,4,0,4.1112259536768505,11.18214184648826,3.8930875852776037,21.25980109896396,108,1.7464516156706176,1.8893087585277604,1.8066019916104672,1.731414021685655,11.415704420673338,11.252797152502913,384,384,1.690020264022108,2.042677268853026
2024/25,21/09/2024,Fulham,Newcastle,P Bankes,6,0,0,0,6,0,4.1112259536768505,11.18214184648826,4.071375250967592,19.079511012233752,70,1.9405508459214993,1.6976016472370536,1.408387103231441,1.858266467181652,10.75945066578165,10.379130370771918,156,346,1.8046687597051223,1.7491180566626403
2024/25,21/09/2024,Leicester,Everton,D England,1,2,0,0,3,0,4.1112259536768505,11.18214184648826,3.9130198655653166,18.428355977857912,58,1.4704548328326217,1.7213889590290135,1.6117290710597683,1.7238952246931738,10.431761949719284,10.668837252753539,346,384,1.3289052907051935,1.8252859645052
2024/25,21/09/2024,Liverpool,Bournemouth,T Harrington,1,4,0,0,5,0,4.1112259536768505,11.18214184648826,3.8213184530852446,16.25116404700449,21,1.380536828703199,1.6906462970265836,1.6436947234400412,1.8695936654476364,9.909438756512937,9.824091452100568,384,270,1.2214212302056828,1.7055612976838426
2024/25,21/09/2024,Southampton,Ipswich,S Allison,4,4,0,0,8,0,4.1112259536768505,11.18214184648826,4.063594601497188,12.698340934364518,3,1.6255794865722337,2.2017997185566514,1.5286265779849761,2.149168139609283,11.035640066062776,7.308740202561156,346,4,1.4618840141094487,2.166717332504493
2024/25,21/09/2024,Tottenham,Brentford,J Brooks,3,1,0,0,4,0,4.1112259536768505,11.18214184648826,4.182580697741733,18.007907802317234,45,1.8141207886029482,1.818302215432905,2.022140838728262,1.6604074785907998,10.809188129946522,9.164406495102721,384,118,1.680358428273316,1.9572188466564375
2024/25,21/09/2024,West Ham,Chelsea,S Barrott,5,2,0,0,7,0,4.1112259536768505,11.18214184648826,3.9251313684167735,15.361710375865268,18,1.6136195354701164,1.743945350006457,1.5459503625377855,2.0171283073999406,9.779112941976596,10.232747027189628,384,384,1.6320492495293544,1.8832569789979536
2024/25,22/09/2024,Brighton,Nott'm Forest,R Jones,3,4,0,1,7,1,4.170640734646563,11.245262849155317,3.839449167001674,19.552362971723294,73,1.6606308965257868,2.118734794840518,1.7483501947714009,1.9503137422089392,10.67838411006549,10.624626014407,270,80,1.748532036732328,2.1869055547245315
2024/25,22/09/2024,Man City,Arsenal,M Oliver,3,4,0,1,7,1,4.170640734646563,11.245262849155317,3.288816513816975,20.71244168110406,291,1.4844105401249355,1.632280214310399,1.7951874824808252,1.8979443747114015,9.289071356813697,9.900600178868835,384,384,1.3395159686466145,1.7259893985983055
2024/25,28/09/2024,Arsenal,Leicester,S Barrott,2,4,0,0,6,0,4.196669105228819,11.222351334831126,4.043561991607284,15.626335985699503,19,1.6386875457230405,1.4709254648873373,1.9011875457230405,1.6145718737271164,9.900419087528084,10.434164737600092,385,347,1.5723430835227834,1.6621011611128518
2024/25,28/09/2024,Brentford,West Ham,S Hooper,2,3,0,0,5,0,4.196669105228819,11.222351334831126,3.534238198687756,19.911308398223085,104,1.8169777484269862,1.6236875457230404,1.6751867036508667,1.5486875457230405,9.16543011202413,9.797919087528083,119,385,1.7361488958002183,1.6303140980155368
2024/25,28/09/2024,Chelsea,Brighton,P Bankes,3,2,0,0,5,0,4.196669105228819,11.222351334831126,4.113715912820005,19.14123732677894,71,1.7461875457230405,1.6659965674448116,2.0261875457230403,1.7569056583539027,10.230419087528084,10.682404318221096,385,271,1.6303140980155368,1.6165001219281074
2024/25,28/09/2024,Everton,Crystal Palace,A Madley,2,1,0,0,3,0,4.196669105228819,11.222351334831126,3.3497156207753886,20.51759643906648,92,1.7236875457230403,1.7511875457230404,1.7236875457230403,1.8061875457230405,10.672919087528085,11.405419087528083,385,385,1.6448068516387253,1.8283817308657786
2024/25,28/09/2024,Newcastle,Man City,J Gillett,4,4,0,0,8,0,4.196669105228819,11.222351334831126,3.917793616631358,16.885929505010516,49,1.6946823709646854,1.4886875457230404,1.8714779510751827,1.8011875457230404,10.37339125693711,9.282919087528084,347,385,1.6780586079213626,1.6737923588851022
2024/25,28/09/2024,Nott'm Forest,Fulham,J Smith,2,4,0,0,6,0,4.196669105228819,11.222351334831126,4.061829923571628,13.40512204421865,6,2.140364773846002,1.9678780133093963,1.9632814405126682,1.403924524937303,10.626746198033683,10.79167229657694,81,157,2.0450003325312025,2.101881917088346
2024/25,28/09/2024,Wolves,Liverpool,A Taylor,2,3,0,0,5,0,4.196669105228819,11.222351334831126,3.6911010112059275,20.538761677070305,299,1.8970766866500652,1.3811875457230403,2.014012170521033,1.6511875457230403,10.915998528271103,9.910419087528084,233,385,1.9349238037344743,1.5916667550203678
2024/25,29/09/2024,Ipswich,Aston Villa,S Attwell,4,1,0,0,5,0,4.235921914308125,11.17915073378631,3.6896633035744735,18.942819393177487,159,2.3384707178655466,1.9956972529975907,2.288470717865547,1.9712217285220663,7.742181525169866,10.828124582179711,5,271,2.1629067269006432,2.158462762382073
2024/25,29/09/2024,Man United,Tottenham,C Kavanagh,5,3,1,0,8,1,4.235921914308125,11.17915073378631,3.4904074722018152,19.517836936195557,142,1.8894235358932772,1.8194235358932773,1.7369235358932773,2.0219235358932774,11.254609076258493,10.809609076258493,385,385,1.7525092481029514,1.9699005524507773
2024/25,30/09/2024,Bournemouth,Southampton,M Oliver,2,5,0,0,7,0,4.256781927179959,11.221802910264417,3.3073171866861166,20.698880355699085,292,1.702537987600873,1.6351543216957174,1.870370155433041,1.5384692388227892,9.832739586807634,11.050175474660174,271,347,1.7195057630256647,1.8293928960311154
2024/25,05/10/2024,Arsenal,Southampton,T Harrington,0,3,0,0,3,0,4.269429043012198,11.261085307114765,3.9305473633043606,16.41547090803977,22,1.6409494210039688,1.6446851730649903,1.9077823387097046,1.5400019774727038,9.903885635419853,11.053603690918349,386,348,1.5770226818393822,1.8466704646697962
2024/25,05/10/2024,Brentford,Wolves,A Madley,2,3,0,0,5,0,4.269429043012198,11.261085307114765,3.3621671701297027,20.555314683710755,93,1.8223756875747519,1.8996815976810904,1.6890423542414184,2.0201635253919337,9.114504739284154,10.93758289077655,120,234,1.7469429043012197,1.886520589565087
2024/25,05/10/2024,Crystal Palace,Liverpool,S Hooper,4,2,0,0,6,0,4.269429043012198,11.261085307114765,3.5595055851946533,19.8655933282913,105,1.750675106789505,1.3865853312284075,1.8080317152683079,1.6534182489341434,11.40513251821287,9.906379401005887,386,386,1.7020226818393822,1.6010611433778437
2024/25,05/10/2024,Everton,Newcastle,C Pawson,1,2,0,0,3,0,4.269429043012198,11.261085307114765,3.706219490780627,21.579951074820798,238,1.7257374509291559,1.7025364127344118,1.723243685343121,1.8788449526793154,10.679446732676709,10.384182203315042,386,348,1.6491380664547668,1.7461413641406958
2024/25,05/10/2024,Leicester,Bournemouth,D Bond,4,1,0,0,5,0,4.269429043012198,11.261085307114765,4.2426590576473595,13.986864796607476,11,1.4793959168666433,1.7039049401484023,1.617136963698599,1.8816052885804582,10.42274969642799,9.865707804192894,348,272,1.333442951442283,1.7286140253151754
2024/25,05/10/2024,Man City,Fulham,P Bankes,2,1,0,0,3,0,4.269429043012198,11.261085307114765,4.1416054234567525,19.14976425441102,72,1.4963110170139438,1.9827787157375232,1.8080317152683079,1.4105243804774075,9.285431770083193,10.817677108689947,386,158,1.3510611433778437,2.1278799768360797
2024/25,05/10/2024,West Ham,Ipswich,A Taylor,0,1,0,0,1,0,4.269429043012198,11.261085307114765,3.700725311000938,20.55239117747037,300,1.6284805930737942,2.4295579915519756,1.551173859906712,2.239081801075785,9.801641246392421,7.878959038255274,386,6,1.6539457587624589,2.3344843234773047
2024/25,06/10/2024,Aston Villa,Man United,R Jones,1,5,0,0,6,0,4.251526877994943,11.172815966160286,3.8917997166653895,19.56889292074755,74,1.9926357198082303,1.8974724478427982,1.9786984375782652,1.7403652159225986,10.839010870195827,11.266324488145143,272,386,1.8469301429467686,2.0427233249277026
2024/25,06/10/2024,Brighton,Tottenham,D Coote,2,2,0,0,4,0,4.251526877994943,11.172815966160286,3.920060984700549,21.241197008611994,109,1.6685939079615402,1.8226594802617508,1.762670563013805,2.0296420239026487,10.671763483436244,10.817446682658858,272,386,1.7608374277149808,1.97541563262001
2024/25,06/10/2024,Chelsea,Nott'm Forest,C Kavanagh,6,2,0,1,8,1,4.251526877994943,11.172815966160286,3.519572452082581,19.579288090202425,143,1.7503402782667383,2.1431592946903306,2.027148258316614,1.9885201194325988,10.231411769940653,10.626764121094869,386,82,1.6388771710815484,2.2301152068743226
2024/25,19/10/2024,Bournemouth,Arsenal,R Jones,1,1,0,1,2,1,4.275641134681311,11.18625703030554,3.9189102836703276,19.606564257576387,75,1.701622598993437,1.6369833545027608,1.8891225989934368,1.9106151952987807,9.878114332386428,9.902728675938537,273,387,1.7223000563583433,1.7407082139909127
2024/25,19/10/2024,Fulham,Aston Villa,D England,3,3,1,1,6,2,4.275641134681311,11.18625703030554,3.9510836710361046,18.484005068543315,59,1.9773983247707463,1.9898170434378815,1.4141799339661483,1.9898170434378815,10.809752458202826,10.843392110164206,159,273,1.8624181756394664,2.1527636325172836
2024/25,19/10/2024,Ipswich,Everton,M Oliver,1,1,0,0,2,0,4.275641134681311,11.18625703030554,3.32041203889004,20.72847932628188,293,2.3666958413686285,1.7240480311196762,2.1394231140959015,1.7240480311196762,7.768042169422344,10.681335641112664,7,387,2.2815171394505462,1.8320543678370664
2024/25,19/10/2024,Man United,Brentford,S Barrott,2,2,0,0,4,0,4.275641134681311,11.18625703030554,4.1309117414896175,15.636809461280855,20,1.9056400709206711,1.8240243272802195,1.7389734042540046,1.6990243272802195,11.265912755540526,9.109536233288908,387,121,1.7695543678370664,1.9608974468014644
2024/25,19/10/2024,Newcastle,Brighton,P Bankes,2,2,0,0,4,0,4.275641134681311,11.18625703030554,4.131541105786049,19.078126793445293,73,1.703481616786016,1.6703725989934368,1.8765585398629392,1.764122598993437,10.376090460789262,10.683669887941985,349,273,1.6934778228048137,1.6229623080139723
2024/25,19/10/2024,Southampton,Leicester,A Taylor,5,3,1,0,8,1,4.275641134681311,11.18625703030554,3.6929172649295485,20.538823391894596,301,1.648536561840961,1.486448649753049,1.5358991992035986,1.615569528873928,11.046420131118932,10.425541010239812,349,349,1.4818376111646023,1.6776048069317981
2024/25,19/10/2024,Tottenham,West Ham,A Madley,1,3,0,1,4,1,4.275641134681311,11.18625703030554,3.3772355324960737,20.526524586198644,94,1.8235505186818652,1.6245455435574871,2.0300181803734074,1.5499186778858454,10.815663999321622,9.805713750565403,387,387,1.6926312909139893,1.6397466755293741
2024/25,20/10/2024,Liverpool,Chelsea,J Brooks,4,3,0,0,7,0,4.276213698127502,11.14793531939629,4.238103414833628,18.02392088711137,46,1.388237817751135,1.761372146109344,1.6593820963581,2.0275413003382,9.916939091779781,10.235347051978785,387,387,1.2263057823844052,1.8897673208459436
2024/25,20/10/2024,Wolves,Man City,C Kavanagh,4,1,0,0,5,0,4.276213698127502,11.14793531939629,3.5497357541608734,19.595848420029036,144,1.9042864109438251,1.4976905540695429,2.0202864109438248,1.8061482655123289,10.930438059581888,9.270172922625552,235,387,1.939936384363305,1.6878442439228667
2024/25,21/10/2024,Nott'm Forest,Crystal Palace,T Robinson,2,3,0,0,5,0,4.292050220167787,11.117479554438464,4.332716452003743,17.941095939633875,27,2.1447997617475347,1.756692479231986,2.0325548637883513,1.8089312852021353,10.626337721002944,11.391495265319126,83,387,2.0569710116296145,1.8278383492848962
2024/25,25/10/2024,Leicester,Nott'm Forest,C Pawson,5,2,0,0,7,0,4.295314095884957,11.111831003804532,3.7059956530194085,21.559832481420884,239,1.4909996047099647,2.1435844012034058,1.6252461800524305,2.042574300193305,10.422845842543929,10.60948214675287,350,84,1.3484992406270377,2.2318395740199506
2024/25,26/10/2024,Aston Villa,Bournemouth,A Madley,7,6,0,0,13,0,4.307783566030761,11.124526914548051,3.3891215762564086,20.55094310719751,95,1.9941466323364385,1.700028985277615,1.9941466323364385,1.8868801963502793,10.842332013353325,9.883854504702803,274,274,1.8441340575344125,1.7257130049028335
2024/25,26/10/2024,Brentford,Ipswich,L Smith,0,1,0,1,1,1,4.307783566030761,11.124526914548051,4.41766389824175,12.361184745132189,3,1.8270684433958446,2.3177555106622045,1.7029808521549685,2.1003642063143784,9.07616023254825,7.931910950396103,122,8,1.7540575887530356,2.2793882497489846
2024/25,26/10/2024,Brighton,Wolves,M Oliver,3,3,0,0,6,0,4.307783566030761,11.124526914548051,3.318791815519652,20.72762750114013,294,1.672347324377961,1.9135791902200427,1.765772929914293,2.0171648475905606,10.676242047955398,10.918063553223547,274,236,1.7651866891133599,1.897055464249855
2024/25,26/10/2024,Everton,Fulham,J Brooks,1,0,0,0,1,0,4.307783566030761,11.124526914548051,4.287424849316236,18.112682956440295,47,1.722849570087421,1.9846192956870325,1.722849570087421,1.4246192956870325,10.678496158459332,10.79105115348063,388,160,1.6474085011733526,2.1190355446866387
2024/25,26/10/2024,Man City,Southampton,T Harrington,1,3,0,0,4,0,4.307783566030761,11.124526914548051,3.9311372739743544,16.39819110132711,23,1.4970431184745179,1.6583791143704951,1.8121795949013169,1.5405708951924129,9.259141319749654,11.042284799614002,388,350,1.3555424724652188,1.8542546144485825
2024/25,27/10/2024,Arsenal,Liverpool,A Taylor,2,2,0,0,4,0,4.323214833515014,11.068552516320546,3.7097259047029825,20.52817679788383,302,1.6362881172490389,1.3955933281671529,1.9092409708470535,1.66358340260884,9.903260902909192,9.920630629956339,388,388,1.5714072308677636,1.6049000538342708
2024/25,27/10/2024,Chelsea,Newcastle,S Hooper,6,3,0,0,9,0,4.323214833515014,11.068552516320546,3.5883997773883616,19.845143609984838,106,1.765320375313555,1.705271537674966,2.033310449755242,1.8778742774009933,10.240729885539466,10.37538121608878,388,350,1.6623163217768546,1.7496005855334873
2024/25,27/10/2024,Crystal Palace,Tottenham,D Bond,4,4,0,0,8,0,4.323214833515014,11.068552516320546,4.299469482104739,14.181454402919288,12,1.7603575961572273,1.8223923356113216,1.8099853877205028,2.033310449755242,11.392094649807454,10.81144948851713,388,388,1.714947900724223,1.978105795461065
2024/25,27/10/2024,West Ham,Man United,D Coote,5,1,0,0,6,0,4.323214833515014,11.068552516320546,3.9339286728731504,21.24232454005936,110,1.6288439485145476,1.9067595812688898,1.5494394820133066,1.7405064795319172,9.816412267673458,11.270506560477429,388,388,1.6479622547912087,2.059445508379725
2024/25,02/11/2024,Bournemouth,Man City,M Oliver,2,1,0,0,3,0,4.36771187996693,11.110463053358236,3.3318524906224165,20.730504926043608,295,1.7164063417232827,1.4969253443063169,1.9060615141370758,1.816232274999386,9.897684389310989,9.258238794307394,275,389,1.7220910467088946,1.6878365507165165
2024/25,02/11/2024,Ipswich,Leicester,T Robinson,4,2,1,0,6,1,4.36771187996693,11.110463053358236,4.380996169795722,17.995501440263318,28,2.2815766291563326,1.502070598633202,2.031576629156332,1.627753658742492,8.013686370841116,10.438055936885757,9,351,2.2504125841974725,1.6881991531565894
2024/25,02/11/2024,Liverpool,Brighton,T Harrington,1,1,0,0,2,0,4.36771187996693,11.110463053358236,3.9631183061055766,16.423705639468487,24,1.3979154433162178,1.678475307240524,1.6652421759894853,1.771578755516386,9.931506121040066,10.680443010000644,389,275,1.2428604741614928,1.6299857835509997
2024/25,02/11/2024,Newcastle,Arsenal,J Brooks,4,4,0,0,8,0,4.36771187996693,11.110463053358236,4.262915027385935,18.078925703204874,48,1.7097208718572459,1.6380144532172078,1.8900487407097049,1.9102916809399801,10.391607849454061,9.9141793883668,351,389,1.6987254689460631,1.7404681296638849
2024/25,02/11/2024,Nott'm Forest,West Ham,P Bankes,1,2,0,1,3,1,4.36771187996693,11.110463053358236,4.153462595951245,19.06829875084804,74,2.14757839099752,1.6380144532172078,2.0775783909975196,1.5489055423261189,10.593284729001867,9.807743744802444,85,389,2.0659270017500346,1.6495590387547943
2024/25,02/11/2024,Southampton,Everton,A Madley,4,2,0,0,6,0,4.36771187996693,11.110463053358236,3.480932206604738,20.593070878793025,96,1.6632727844255517,1.722172869058792,1.5403219647534208,1.7196976215340394,11.03641659262346,10.671605130941057,351,389,1.5039886268407998,1.8313772205729761
2024/25,02/11/2024,Wolves,Crystal Palace,A Taylor,1,2,0,0,3,0,4.36771187996693,11.110463053358236,3.7140024298755283,20.55415114735962,303,1.9196739646815555,1.7667273245043367,2.0228485678561587,1.816232274999386,10.914001876588042,11.404278398267788,237,389,1.9605852563891126,1.8361619095681911
2024/25,03/11/2024,Man United,Chelsea,R Jones,6,2,0,0,8,0,4.36966918276161,11.14868603917437,3.923185441277626,19.630862880983756,76,1.905377521957208,1.7766646506700794,1.7494369278978021,2.0365656407690893,11.26142362696487,10.249047389341108,389,389,1.7740311907689574,1.8984331046445555
2024/25,03/11/2024,Tottenham,Aston Villa,C Pawson,2,0,0,0,2,0,4.36966918276161,11.14868603917437,3.7254404889397743,21.576291135771168,240,1.8286448486898812,2.013008685761076,2.039040888293842,2.009560409899007,10.815879072509425,10.846948776875198,389,275,1.692691477850297,2.162977097833632
2024/25,04/11/2024,Fulham,Brentford,S Attwell,2,1,0,0,3,0,4.375404074629768,11.223639662022906,3.715595145220239,18.976167521894986,160,1.976224605452973,1.817503844635676,1.4250882418166093,1.7015618156501686,10.779416462870294,9.066502155544724,161,123,1.882268742733929,1.9712569810489902
2024/25,09/11/2024,Brentford,Bournemouth,D Bond,2,4,0,0,6,0,4.369063020388509,11.180259466681957,4.42701514499244,14.618591754396023,13,1.811280378797941,1.7174157135838963,1.703366709733193,1.9029827238931745,9.070877309353342,9.903271292096614,124,276,1.7372463980897899,1.7566534160321163
2024/25,09/11/2024,Brighton,Man City,S Barrott,3,3,0,0,6,0,4.369063020388509,11.180259466681957,4.178838598037234,15.706662753631498,21,1.6761786001818344,1.4957233892664539,1.7689621053364737,1.8167110435874416,10.707395003436822,9.251486286420036,276,390,1.7762612591693712,1.684609393585304
2024/25,09/11/2024,Crystal Palace,Fulham,M Salisbury,1,1,1,0,2,1,4.369063020388509,11.180259466681957,4.228044405339874,18.112180804604293,33,1.767328327538059,1.9760902409769143,1.8142419077849725,1.4224179245927335,11.399634434568185,10.733626813559969,390,162,1.7274665364424466,2.101749715134519
2024/25,09/11/2024,Liverpool,Aston Villa,D Coote,0,3,0,0,3,0,4.369063020388509,11.180259466681957,3.957548349336123,21.20225357843418,111,1.3969579571676884,2.006075507398329,1.663624623834355,2.0095119335151677,9.932967767901516,10.858597752577715,390,276,1.241752250728161,2.1488102787772148
2024/25,09/11/2024,West Ham,Everton,S Attwell,1,2,0,0,3,0,4.369063020388509,11.180259466681957,3.71089556725652,18.938206917564777,161,1.6389332658096638,1.7228838830936144,1.5475752411183055,1.7253530188960835,9.807041841975593,10.690992459259544,390,390,1.665561774537685,1.8322284412043515
2024/25,09/11/2024,Wolves,Southampton,T Bramall,1,4,0,0,5,0,4.369063020388509,11.180259466681957,4.255149443402562,16.94332924243293,19,1.9160789432921495,1.6696675004166588,2.022798310881082,1.541602105321291,10.90060057707555,11.04591810899214,238,352,1.9534923332307002,1.8626595426854127
2024/25,10/11/2024,Chelsea,Arsenal,M Oliver,4,2,0,0,6,0,4.3633924360682474,11.197715322519288,3.330482276952356,20.725678763436083,296,1.7770998599271897,1.6437665265938564,2.0462356623963256,1.9153714648654612,10.259216950417024,9.935760160293567,390,390,1.684406872716723,1.7510735393833898
2024/25,10/11/2024,Man United,Leicester,P Bankes,0,1,0,0,1,0,4.3633924360682474,11.197715322519288,4.140848109017062,19.05942883062982,75,1.9153714648654612,1.5033390824809587,1.7499393661000293,1.6341292732166537,11.281439172639246,10.438645408498349,390,352,1.7939306822405325,1.6896620066518946
2024/25,10/11/2024,Nott'm Forest,Newcastle,A Taylor,1,1,0,0,2,0,4.3633924360682474,11.197715322519288,3.711503984503666,20.54693885429478,304,2.13589547792586,1.7158731424264628,2.076489537331801,1.8957096546880432,10.564186781375195,10.408672656454755,86,352,2.0469904012157216,1.7577248338770255
2024/25,10/11/2024,Tottenham,Ipswich,D England,1,5,0,0,6,0,4.3633924360682474,11.197715322519288,4.0009977753141905,18.49344568309391,60,1.8289517117790415,2.3490177308204743,2.03388998338398,2.0290177308204744,10.824649049182456,8.159314596755786,390,10,1.693930682240533,2.2362721635255927
2024/25,23/11/2024,Arsenal,Nott'm Forest,S Hooper,3,2,0,0,5,0,4.35216969652732,11.181869785798703,3.6348806243422955,19.9359601867043,107,1.6444366323250121,2.123934046313283,1.9202987012905293,2.0651105169015187,9.940551781757364,10.586902190132257,391,87,1.5744822510664518,2.235194357309567
2024/25,23/11/2024,Aston Villa,Crystal Palace,T Robinson,3,2,0,0,5,0,4.35216969652732,11.181869785798703,4.403782266910796,18.08419897490681,29,2.009045454534092,1.7651262874974258,2.0021961394655987,1.8119243170540762,10.872821997922912,11.396216806387908,277,391,1.8800083184572216,1.8363870129712139
2024/25,23/11/2024,Bournemouth,Brighton,S Attwell,2,2,0,1,4,1,4.35216969652732,11.181869785798703,3.704835520926112,18.938752645160257,162,1.7247988791916264,1.680278331246421,1.9028810709724482,1.7727440846710785,9.924191860936611,10.711863093813323,277,277,1.7231455733591825,1.625106357672908
2024/25,23/11/2024,Everton,Brentford,C Kavanagh,0,0,0,1,0,1,4.35216969652732,11.181869785798703,3.5694367200775474,19.562039674382163,145,1.7232543663151598,1.8117233765996779,1.7232543663151598,1.7188662337425349,10.686857200476577,9.063314452810644,391,125,1.6459108224950234,1.9563801652461676
2024/25,23/11/2024,Fulham,Wolves,R Jones,3,0,0,0,3,0,4.35216969652732,11.181869785798703,3.9588651216978725,19.77006612397027,77,1.9698947905840163,1.9119735146612398,1.4193329928312073,2.0300837508817122,10.735191142660057,10.91285048580114,163,239,1.8816799242078635,1.9077706919698127
2024/25,23/11/2024,Leicester,Chelsea,A Madley,4,3,0,0,7,0,4.35216969652732,11.181869785798703,3.498395429616254,20.70120282495875,97,1.5017425889237905,1.7823676668077708,1.6294599802281384,2.045914464837327,10.423543541830137,10.263211880279531,353,391,1.3698495954133763,1.8982917748759758
2024/25,23/11/2024,Man City,Tottenham,J Brooks,4,2,0,0,6,0,4.35216969652732,11.181869785798703,4.308165438015987,18.318199251959022,49,1.4991164352806772,1.8267026421772288,1.8193134796156525,2.040988356462943,9.253359663530764,10.822325180772143,391,391,1.355434632018833,1.9887679653521664
2024/25,24/11/2024,Ipswich,Man United,A Taylor,0,0,0,0,0,0,4.350182186164172,11.182003778043917,3.7053168322851646,20.541060892276054,305,2.4471679383165883,1.9104097694488456,1.9856294767781266,1.7478481930941656,8.57173185905113,11.275529626441697,11,391,2.3313183198115643,2.055363649505863
2024/25,24/11/2024,Southampton,Liverpool,S Barrott,3,4,0,0,7,0,4.350182186164172,11.182003778043917,4.207543716044773,15.841491371299956,22,1.6756151260767154,1.3931683901385008,1.5397455608593242,1.6665674049168258,11.048546272650352,9.935628148609187,353,391,1.5163684104514727,1.6077446018868158
2024/25,25/11/2024,Newcastle,West Ham,C Pawson,1,0,0,0,1,0,4.342435424038602,11.164881983941772,3.716394306770545,21.60196259247573,241,1.7135007219573084,1.6368676494588412,1.892848548044265,1.5481976987199249,10.396023409998813,9.80723304157528,353,391,1.709781495708322,1.6503250746680453
2024/25,29/11/2024,Brighton,Southampton,R Jones,2,4,0,0,6,0,4.327025723947698,11.149534208115584,3.9434528456183733,19.842119953426113,78,1.6807259144355213,1.6787335851750889,1.7728760850839853,1.5459422572618098,10.708605824439818,11.047754760327553,278,354,1.7821603436987516,1.8721494423417069
2024/25,30/11/2024,Brentford,Leicester,M Oliver,1,1,0,0,2,0,4.334738672316644,11.2125117821309,3.3365480335649567,20.736996256376624,297,1.797947092499112,1.5081586451012867,1.7057485109388284,1.6328198917137529,9.071587506141714,10.436568667658488,126,354,1.7373146159278823,1.684950729387369
2024/25,30/11/2024,Crystal Palace,Newcastle,D England,3,3,0,0,6,0,4.334738672316644,11.2125117821309,4.015912404743211,18.619916215735724,61,1.765382162266277,1.711410677621612,1.8145222114063264,1.8875624391392272,11.395807956673174,10.398628288254692,392,354,1.7227987679733403,1.7526590627207022
2024/25,30/11/2024,Nott'm Forest,Ipswich,T Harrington,1,3,0,0,4,0,4.334738672316644,11.2125117821309,3.9073693361583217,16.70625589106545,25,2.1214615538094646,2.3522422237916603,2.072917864489076,1.9077977793472158,10.496056683164872,8.670142161703028,88,12,2.0256023735995736,2.357644763922611
2024/25,30/11/2024,West Ham,Arsenal,A Taylor,4,1,0,0,5,0,4.334738672316644,11.2125117821309,3.692956093075275,20.54475164517605,306,1.6327040295881445,1.6474460443301595,1.5467089435930585,1.920173317057432,9.80367036453558,9.94126250212772,392,392,1.6611873935657573,1.7512347869306866
2024/25,30/11/2024,Wolves,Bournemouth,P Bankes,4,1,0,0,5,0,4.334738672316644,11.2125117821309,4.10265808720709,19.012997965873986,76,1.9039629021269602,1.7252919455371156,2.0333746668328425,1.902766348267491,10.925858189670517,9.935473851078436,240,278,1.9445225188324062,1.7695489613141222
2024/25,01/12/2024,Chelsea,Aston Villa,S Attwell,2,2,0,0,4,0,4.3363345420987045,11.203457046498995,3.704299806130147,18.96322567107699,163,1.7850675898421138,2.0120222152414344,2.050423855198379,2.001783307391605,10.267876972601332,10.870395658186835,392,278,1.6944194742452146,2.1527435653619498
2024/25,01/12/2024,Liverpool,Man City,C Kavanagh,1,3,0,0,4,0,4.3363345420987045,11.203457046498995,3.5462477400729098,19.55606097171038,146,1.3993182040927281,1.5049693097438337,1.6695884743629983,1.8194656242401481,9.933724638449,9.277704982429343,392,392,1.234703834434788,1.6896801377523236
2024/25,01/12/2024,Man United,Everton,J Brooks,2,3,0,0,5,0,4.3363345420987045,11.203457046498995,4.325444847366235,18.45448568216633,50,1.9054607102352341,1.7187285235030474,1.7432985480730718,1.7187285235030474,11.272790977515339,10.680653385377745,392,392,1.7844668676101434,1.8318602325390534
2024/25,01/12/2024,Tottenham,Fulham,D Bond,0,1,0,1,1,1,4.3363345420987045,11.203457046498995,4.446368296217118,14.874010927242946,14,1.8268366316111555,1.9749860841661468,2.045509850284374,1.410740274110281,10.818245522969882,10.754334792451075,392,164,1.6896801377523236,2.087860918203508
2024/25,03/12/2024,Ipswich,Crystal Palace,C Pawson,2,4,0,0,6,0,4.320932965557088,11.186522080125641,3.704207206512836,21.5942436404612,242,2.3716784729170772,1.7681544050041131,1.8716784729170772,1.8171740128472504,8.924961271462227,11.396811067649368,13,393,2.209857011508484,1.8360521196288064
2024/25,03/12/2024,Leicester,West Ham,J Smith,2,2,0,0,4,0,4.320932965557088,11.186522080125641,4.219478879341475,13.770720375098158,7,1.5065053979504817,1.6382524442197994,1.630829722274806,1.5451151893178385,10.434861934056602,9.803673812747407,355,393,1.3823281106337402,1.6417393234202755
2024/25,04/12/2024,Arsenal,Man United,S Barrott,1,3,0,0,4,0,4.327158710847008,11.178263037771018,4.253728495232816,15.926178665505738,23,1.6457198292435111,1.9055237508121388,1.9251315939493936,1.7462100253219424,9.948129835253145,11.274110227410006,393,393,1.5803492432765525,2.04480421957987
2024/25,04/12/2024,Aston Villa,Brentford,L Smith,2,2,0,0,4,0,4.327158710847008,11.178263037771018,4.316516130040524,12.567468136009499,4,2.011747246025009,1.7919273966996658,2.0015431643923556,1.7003781009250178,10.853186982256062,9.069274456220299,279,127,1.8860629242295621,1.9288934657865713
2024/25,04/12/2024,Everton,Wolves,M Salisbury,2,0,0,0,2,0,4.327158710847008,11.178263037771018,4.172524877477546,18.160280948208058,34,1.721700221400374,1.9119284778568457,1.7192492410082172,2.0291159778568457,10.683423952900203,10.932956924934699,393,241,1.6372212811912443,1.892249558010019
2024/25,04/12/2024,Man City,Nott'm Forest,M Oliver,2,4,0,0,6,0,4.327158710847008,11.178263037771018,3.3318234296321214,20.728967727381658,298,1.508464927282727,2.1101316378014667,1.8172884566944916,2.081285483955313,9.274110227410006,10.440740122916178,393,89,1.3670791010964576,2.228028649683942
2024/25,04/12/2024,Newcastle,Liverpool,A Madley,2,5,0,0,7,0,4.327158710847008,11.178263037771018,3.521780225781912,20.75167947922175,98,1.7147397035982501,1.398170809635668,1.8904153792739258,1.6726806135572367,10.399559385900764,9.930972972508044,355,393,1.7054879704757946,1.6182639352196801
2024/25,04/12/2024,Southampton,Chelsea,T Harrington,1,0,1,0,1,1,4.327158710847008,11.178263037771018,3.905469956297553,16.77365835184854,26,1.6850099738685205,1.7854257115964525,1.5471721360306825,2.0501315939493936,11.061721548062927,10.29371807054726,355,393,1.523196303809128,1.9026241247931401
2024/25,05/12/2024,Bournemouth,Tottenham,S Hooper,2,2,0,0,4,0,4.318190892456475,11.173550143422293,3.638757686551969,19.867208673575618,108,1.722402828889196,1.8220255678760382,1.9094776588211686,2.042613803170156,9.938100768964855,10.80098437763644,279,393,1.7232885174897634,1.987613420347979
2024/25,05/12/2024,Fulham,Brighton,P Bankes,2,2,0,0,4,0,4.318190892456475,11.173550143422293,4.107399728543254,19.052340721427033,77,1.9688135094079087,1.6815865023585836,1.402146842741242,1.7802259581408966,10.771120144864817,10.740821857400228,165,279,1.8905817700352947,1.625885920087166
2024/25,07/12/2024,Aston Villa,Southampton,D Bond,1,3,0,0,4,0,4.31526373134503,11.14266816560221,4.347039832090644,14.914167603501381,15,2.0114050101189416,1.6829231212536058,2.001235518593518,1.5427613961862203,10.852779699125481,11.050053938657726,280,356,1.8862224386134692,1.8827175025134077
2024/25,07/12/2024,Brentford,Newcastle,T Robinson,3,0,0,0,3,0,4.31526373134503,11.14266816560221,4.397847150611377,18.119394620728276,30,1.7927585873083056,1.7152681347306946,1.7018494963992148,1.8985565444341987,9.108881197496618,10.395067415746675,128,356,1.7261326327226294,1.7583651709071904
2024/25,07/12/2024,Crystal Palace,Man City,R Jones,1,0,0,1,1,1,4.31526373134503,11.14266816560221,3.9603999354194785,19.995833693654376,79,1.773507281137134,1.5094486014305324,1.817517061088234,1.8224070366383562,11.39992667785334,9.26789733800004,394,394,1.7281343301183383,1.69511546219381
2024/25,07/12/2024,Man United,Nott'm Forest,D England,0,2,0,0,2,0,4.31526373134503,11.14266816560221,4.033121761880755,18.65019200160983,62,1.9079816087654955,2.1272807427151212,1.7441674278364,2.079661695096074,11.26545235022498,10.481619154685873,394,90,1.784738103703244,2.256074633084795
2024/25,08/12/2024,Fulham,Arsenal,C Kavanagh,4,2,0,0,6,0,4.281934197249044,11.132299529801088,3.5409788077396867,19.530857489796666,147,1.9674834612119771,1.6433117517832954,1.403947549609767,1.9269303336903858,10.748575947367447,9.95230378110882,166,394,1.8889235355037535,1.745823143770603
2024/25,08/12/2024,Ipswich,Bournemouth,M Salisbury,2,1,0,0,3,0,4.281934197249044,11.132299529801088,4.117472582187101,18.138458137417118,35,2.3487760854954427,1.7224220558622638,1.9349829820471667,1.9088627338283655,9.085939533569247,9.954211004994942,14,280,2.187023021789447,1.7620290740604376
2024/25,08/12/2024,Leicester,Brighton,S Attwell,1,2,0,0,3,0,4.281934197249044,11.132299529801088,3.698668544609662,18.996335916640355,164,1.5070471872759241,1.681744089760569,1.631036405604765,1.7800491745063316,10.429898238473067,10.730482191435623,356,280,1.3840129869397297,1.6265452030926957
2024/25,08/12/2024,Tottenham,Chelsea,A Taylor,2,2,0,0,4,0,4.281934197249044,11.132299529801088,3.6929167317205605,20.5461068923043,307,1.8217958593627575,1.7802310671867185,2.0418447591182587,2.046734734668381,10.793379575729848,10.301937032942561,394,394,1.6797854079215464,1.8920495588649426
2024/25,09/12/2024,West Ham,Wolves,J Brooks,5,4,0,0,9,0,4.276707537370684,11.127980437523041,4.314706426766672,18.502625143922053,51,1.638325932836871,1.90301675692716,1.5454163973845478,2.0275303756042025,9.795745362546267,10.920077250122269,394,242,1.6701665402371706,1.875553724487354
2024/25,14/12/2024,Arsenal,Everton,C Pawson,0,3,0,0,3,0,4.298483431571442,11.15905408720241,3.710679424586888,21.61185206037336,243,1.6444844530165508,1.721854830652288,1.9322893310653313,1.7145198673271047,9.950470501595166,10.681400747320337,395,394,1.5765972912112538,1.8360312534754049
2024/25,14/12/2024,Liverpool,Fulham,T Harrington,3,4,1,0,7,1,4.298483431571442,11.15905408720241,3.835809342101655,16.845699080385774,27,1.406451407669403,1.979333108443878,1.6729550751510656,1.4079045370153065,9.947904414802,10.745565415681417,394,167,1.2322576685697446,2.0738635279263855
2024/25,14/12/2024,Newcastle,Leicester,T Bramall,3,3,0,0,6,0,4.298483431571442,11.15905408720241,4.232490795317468,17.132807826223562,20,1.7103188863892091,1.5060178111203921,1.9011791014429726,1.6323618971418974,10.386271251758114,10.426593832403274,357,357,1.7058996152165067,1.6799928794652115
2024/25,14/12/2024,Nott'm Forest,Aston Villa,S Barrott,0,1,0,0,1,0,4.298483431571442,11.15905408720241,4.233920118148695,15.999517391429801,24,2.124892695630055,2.0075629247864386,2.058854959780998,2.00418454640806,10.506536845792624,10.87734089747979,91,281,2.003977095613097,2.1499266176566825
2024/25,14/12/2024,Wolves,Ipswich,S Hooper,0,2,1,0,2,1,4.298483431571442,11.15905408720241,3.637776759621538,19.88788322522433,109,1.9117776191348286,2.341287524559527,2.039684595879015,1.9079541912261937,10.944546145945807,9.089763521800602,243,15,1.9576369539469545,2.374482988035719
2024/25,15/12/2024,Brighton,Crystal Palace,M Oliver,1,4,0,0,5,0,4.286928699601845,11.08474644646151,3.3369543749692783,20.725674880128203,299,1.682945828537209,1.7711023542610094,1.7775404231318035,1.8125657688951557,10.726809453879937,11.380818532557223,281,395,1.781625582238799,1.845056439844405
2024/25,15/12/2024,Chelsea,Brentford,P Bankes,0,2,1,0,2,1,4.286928699601845,11.08474644646151,4.098769101845108,18.991443312247938,78,1.780858451821985,1.799666425326485,2.04671211035857,1.688555314215374,10.30276975206942,9.112052766308759,395,129,1.6941130436179899,1.9259742436330867
2024/25,15/12/2024,Man City,Man United,A Taylor,1,1,0,0,2,0,4.286928699601845,11.08474644646151,3.694213866336475,20.564920904389002,308,1.5052486957244238,1.9028096713341802,1.8198828420658875,1.7442730859683264,9.268623410606004,11.261306337435272,395,395,1.3686413455047821,2.04788662852365
2024/25,15/12/2024,Southampton,Tottenham,D England,1,3,0,0,4,0,4.286928699601845,11.08474644646151,4.001968380568706,18.683166604108386,63,1.685892379696274,1.8223218664561314,1.540731089373693,2.041834061578083,11.059504296635648,10.807647800849907,357,395,1.5189220997254602,1.9865658738066692
2024/25,16/12/2024,Bournemouth,West Ham,C Kavanagh,0,2,0,0,2,0,4.267906745673533,11.07260092908999,3.553165714692707,19.519161983972545,148,1.7196260155153766,1.646364147786711,1.908815204704566,1.5512421965671988,9.962988199216808,9.800108553580914,281,395,1.7226406489842032,1.6415533046818467
2024/25,21/12/2024,Aston Villa,Man City,P Bankes,3,3,0,0,6,0,4.257450967693402,11.048987715875986,4.071502636464761,18.97331435477788,79,2.0031342836959616,1.5034814653472033,1.9964002769619547,1.8173500784858894,10.85813942043458,9.257584933988007,282,396,1.8777620657544905,1.6851215129469508
2024/25,21/12/2024,Brentford,Nott'm Forest,M Oliver,3,4,0,0,7,0,4.257450967693402,11.048987715875986,3.3398039205918,20.73915290122123,300,1.799523325915176,2.102157778109351,1.6753853948806932,2.0460830117542104,9.095637295648757,10.512779512795046,130,92,1.7366360282212563,2.244768561601648
2024/25,21/12/2024,Crystal Palace,Arsenal,S Hooper,2,2,0,0,4,0,4.257450967693402,11.048987715875986,3.6180464754987782,19.88314587331037,110,1.775987548072264,1.6397345067097335,1.8100508084128966,1.9341383996537724,11.388971795301872,9.938850140800657,396,396,1.72268019839296,1.746154376796716
2024/25,21/12/2024,Ipswich,Newcastle,S Attwell,2,0,0,0,2,0,4.257450967693402,11.048987715875986,3.6917698641701846,18.985393120509997,165,2.3203510405709844,1.7129514269643444,1.836480072829049,1.9032999524335135,9.060238963518383,10.374979645761583,16,358,2.1709079242478486,1.7470664033902088
2024/25,21/12/2024,West Ham,Brighton,R Jones,2,2,0,0,4,0,4.257450967693402,11.048987715875986,3.918440706593667,19.916425646637137,80,1.6470337767827263,1.679901960463638,1.5472770857851597,1.7842790648407425,9.802597099438128,10.726826289121448,396,282,1.6851215129469508,1.6277620657544905
2024/25,22/12/2024,Everton,Chelsea,C Kavanagh,4,1,0,0,5,0,4.265084969238114,11.052103707806676,3.543834047304327,19.50173903847797,149,1.7243613104128923,1.7761268546697953,1.7097271640714289,2.046199847370525,10.675343360508657,10.30387050561691,395,396,1.6367364965532352,1.891963085771295
2024/25,22/12/2024,Fulham,Southampton,T Robinson,1,3,0,0,4,0,4.265084969238114,11.052103707806676,4.350484361267015,18.058974869556554,31,1.9890062145862615,1.6836143090329379,1.4152357227829828,1.5442041213653774,10.720714632833609,11.050645516913002,168,358,1.90897108352814,1.8865367900478651
2024/25,22/12/2024,Leicester,Wolves,A Taylor,2,0,0,0,2,0,4.265084969238114,11.052103707806676,3.6875063599729128,20.557792193698106,309,1.5093515744484876,1.903429101425814,1.6353569363787823,2.038564236560949,10.4393854632937,10.949385242504054,358,244,1.3813821508726074,1.8904243596298238
2024/25,22/12/2024,Man United,Bournemouth,C Pawson,1,3,0,0,4,0,4.265084969238114,11.052103707806676,3.704933547326962,21.577333058346344,244,1.9002144459106711,1.7137647719504574,1.7420635943291627,1.9090509672366527,11.267374155251947,9.949127198008586,396,282,1.7745921937525158,1.7563342132646529
2024/25,22/12/2024,Tottenham,Liverpool,S Barrott,1,2,0,0,3,0,4.265084969238114,11.052103707806676,4.152542484619056,15.986051853903339,25,1.8247886551564134,1.409727164071429,2.038900577297533,1.6780198469982581,10.81725250075073,9.946075067825731,396,395,1.6806954801374923,1.6320195154211596
2024/25,26/12/2024,Bournemouth,Crystal Palace,T Bramall,2,2,0,0,4,0,4.249810168379636,11.111615311680186,4.2444620480324105,17.234573538956624,21,1.7176965646404272,1.7763921753952603,1.9056160277276752,1.8103727579195321,9.954151392072486,11.384313385528158,283,397,1.7107280529669697,1.853866555224635
2024/25,26/12/2024,Chelsea,Fulham,S Barrott,1,3,0,0,4,0,4.249810168379636,11.111615311680186,4.122455964891978,16.015497701804012,26,1.773964990929241,1.9830085666459092,2.0506640200554545,1.4232259579502569,10.309070667081556,10.708353884986964,397,169,1.684852470717593,2.089632083463104
2024/25,26/12/2024,Liverpool,Leicester,D Bond,3,2,0,0,5,0,4.249810168379636,11.111615311680186,4.298664736816851,15.336350799804991,16,1.4108846137782174,1.510357155783014,1.6760914264302853,1.6306780113979873,9.94485916018881,10.452773034325139,396,359,1.2388430810462312,1.6849153415610685
2024/25,26/12/2024,Man City,Everton,S Hooper,1,4,0,0,5,0,4.249810168379636,11.111615311680186,3.6194503985991977,19.873458697000036,111,1.5069746996671052,1.7296194069655653,1.8200814957836098,1.7077215967465869,9.253245424363111,10.69911706773139,397,396,1.3656036444265132,1.8397820481823814
2024/25,26/12/2024,Newcastle,Aston Villa,A Taylor,2,1,0,1,3,1,4.249810168379636,11.111615311680186,3.6813291170432563,20.59340412773733,310,1.708218118349859,2.0062871686672725,1.90340528412526,1.9995757592712995,10.367211536998933,10.870258774622823,359,283,1.710688537437357,2.1402152324541492
2024/25,26/12/2024,Nott'm Forest,Tottenham,C Pawson,3,2,0,1,5,1,4.249810168379636,11.111615311680186,3.704612052627744,21.584408825155574,245,2.1191997802115488,1.8225086802496293,2.054384965396734,2.0385280977253575,10.54941772997779,10.809070667081556,93,397,1.9651405944729061,1.9900167899664192
2024/25,26/12/2024,Southampton,West Ham,L Smith,1,2,0,0,3,0,4.249810168379636,11.111615311680186,4.241508473649697,12.959679426400156,5,1.6868277440183082,1.647751398696231,1.5424427172803403,1.5482368355894351,11.062398702774335,9.813925036013595,359,397,1.514812248777563,1.6425989495908322
2024/25,26/12/2024,Wolves,Man United,T Harrington,2,2,0,1,4,1,4.249810168379636,11.111615311680186,3.8725519662168093,16.82623363758499,28,1.895667601010951,1.8977513986962313,2.0379752933186435,1.744838777337008,10.970527364760006,11.267808531159226,245,397,1.9406830384149434,2.041659982454682
2024/25,27/12/2024,Arsenal,Ipswich,D England,1,1,0,0,2,0,4.245206738987722,11.143501662296206,3.990226612075203,18.748174624240505,64,1.6403860450058443,2.3074703294502474,1.934075365394194,1.7762203294502474,9.935864714726264,9.080508202100674,397,17,1.5673194861145912,2.340828284452518
2024/25,27/12/2024,Brighton,Brentford,A Madley,0,2,0,0,2,0,4.245206738987722,11.143501662296206,3.5333078102797826,20.7869963028823,99,1.680667954840295,1.8071167845370406,1.7846948004778789,1.690678428372657,10.760323028413495,9.099837414159051,283,131,1.7746092983487687,1.922988131780099
2024/25,29/12/2024,Crystal Palace,Southampton,M Salisbury,2,3,0,0,5,0,4.224552213682617,11.108919055572809,4.075636153148613,18.19217994080853,36,1.7764749191346723,1.6844910442736523,1.810373224219418,1.543157710940319,11.385755188660523,11.072845047778122,398,360,1.7228230916010263,1.8906879056544597
2024/25,29/12/2024,Everton,Nott'm Forest,T Harrington,4,1,0,0,5,0,4.224552213682617,11.108919055572809,3.8632186174456558,16.957832896098523,29,1.7346702466083,2.125542583510272,1.7055440330160672,2.0521480880974274,10.697371099312612,10.562540301988955,397,94,1.6464044206695758,2.269099058106768
2024/25,29/12/2024,Fulham,Bournemouth,R Jones,1,3,0,0,4,0,4.224552213682617,11.108919055572809,3.91145099379307,20.063424305559625,81,1.9874818465006467,1.7180071625505673,1.4199142789330792,1.9052981324502327,10.720631853604303,9.964270544872228,170,284,1.8968414160261964,1.762319373265093
2024/25,29/12/2024,Leicester,Man City,M Oliver,2,1,0,0,3,0,4.224552213682617,11.108919055572809,3.348508605343759,20.750683976654358,301,1.511157710940319,1.5052884784567062,1.6338243776069858,1.8249010692557377,10.438178381111456,9.242898045803381,360,398,1.382995597962152,1.6901128112271946
2024/25,29/12/2024,Tottenham,Wolves,C Kavanagh,1,2,0,0,3,0,4.224552213682617,11.108919055572809,3.5463646019546595,19.581274150796112,150,1.8224797617496844,1.895341538707355,2.040397437294479,2.037103990814635,10.814326617231952,10.974394225734851,398,246,1.6760941196384094,1.874522765236374
2024/25,29/12/2024,West Ham,Liverpool,A Taylor,0,0,0,0,0,0,4.224552213682617,11.108919055572809,3.677422039708528,20.60631838211107,311,1.6481456213138488,1.414281897093737,1.5464507060596118,1.676417819423834,9.809484002219847,9.96193420610873,398,397,1.6854399140309329,1.632319913627322
2024/25,30/12/2024,Aston Villa,Brighton,C Pawson,2,3,0,0,5,0,4.199844470979711,11.118644884860844,3.704782700274881,21.597660967238085,246,2.0016683395730697,1.673909142248655,1.9983238579677185,1.7842770352252437,10.867524537245673,10.743778717847679,284,284,1.8821581753652727,1.6273811053015785
2024/25,30/12/2024,Ipswich,Chelsea,J Brooks,4,4,0,0,8,0,4.199844470979711,11.118644884860844,4.3505988542141925,18.63592366391586,52,2.2575404100711465,1.7711836163010843,1.7423888949196313,2.0520552870032636,9.163328382922918,10.315713890160911,18,398,2.1457847305144933,1.8855085679081676
2024/25,30/12/2024,Man United,Newcastle,S Hooper,1,1,0,0,2,0,4.199844470979711,11.118644884860844,3.6204095749962972,19.839168774609643,112,1.8970916066158543,1.7079968894195943,1.7445492337344983,1.8999968894195942,11.269709047545899,10.37970623103055,398,360,1.7686861380016252,1.73589145401204
2024/25,01/01/2025,Brentford,Arsenal,P Bankes,1,2,0,0,3,0,4.210796683531363,11.078814170499925,4.078761115126515,18.99971765964284,80,1.8066733001801716,1.6382105935265987,1.6774215994998996,1.9311888017590442,9.11626602910714,9.927581371134988,132,398,1.7479132731664844,1.7457054912452579
2024/25,04/01/2025,Aston Villa,Leicester,J Gillett,0,1,0,0,1,0,4.205214522224406,11.041312836585004,3.9750715074081353,16.920437612195002,50,2.001797029722277,1.5120720981826676,2.001797029722277,1.6317529492464975,10.859366154247958,10.43832405924039,285,361,1.8831589171941965,1.684815943162477
2024/25,04/01/2025,Bournemouth,Everton,J Brooks,2,2,0,0,4,0,4.205214522224406,11.041312836585004,4.399107218661669,18.55170283223878,53,1.7217970297222767,1.7398041378127918,1.9017970297222768,1.7034845252219928,9.982699487581293,10.701718756112319,285,398,1.7104401841826946,1.8483135930686123
2024/25,04/01/2025,Brighton,Arsenal,A Taylor,2,3,0,0,5,0,4.205214522224406,11.041312836585004,3.665075261292612,20.59060184247663,312,1.6784636963889434,1.6389833548712152,1.7851303630556101,1.9288384273349832,10.752699487581292,9.92224600549369,285,399,1.7613955981954335,1.7466935298450375
2024/25,04/01/2025,Crystal Palace,Chelsea,T Robinson,0,2,0,0,2,0,4.205214522224406,11.041312836585004,4.318076544835265,18.14092668271272,32,1.7766645142915047,1.7766645142915047,1.812896398349476,2.056857751006481,11.400506875058909,10.301473058633785,399,399,1.723437715891549,1.8955307391473628
2024/25,04/01/2025,Man City,West Ham,M Salisbury,2,1,0,0,3,0,4.205214522224406,11.041312836585004,4.082747791219519,18.468271305074598,37,1.5037176543881232,1.6438142727456113,1.8249736930354663,1.5423649973832925,9.233840208392241,9.801473058633785,399,399,1.3623322846573975,1.6427061164330983
2024/25,04/01/2025,Southampton,Brentford,S Attwell,2,0,0,0,2,0,4.205214522224406,11.041312836585004,3.676075199244032,18.9687582246839,166,1.6876040130762848,1.8009399251127234,1.543986991799689,1.6793183034911017,11.092579378389328,9.09330977212424,361,133,1.5104569688035028,1.9202359125516426
2024/25,04/01/2025,Tottenham,Newcastle,A Madley,1,4,0,0,5,0,4.205214522224406,11.041312836585004,3.513042904444881,20.744262567317,100,1.8201427751610701,1.7062210343528805,2.0399495384460944,1.897710396055008,10.808719435445381,10.371834697538263,399,361,1.6722749251938747,1.7323423924320565
2024/25,05/01/2025,Fulham,Ipswich,D Bond,1,5,0,0,6,0,4.171526400965656,11.07799392428211,4.26876571486051,15.474996383501257,17,1.9800346667056046,2.302542588448307,1.4262712258453893,1.8025425884483066,10.699381475441484,9.149557483297524,171,19,1.8840242376954695,2.2619353336351007
2024/25,05/01/2025,Liverpool,Man United,M Oliver,2,4,0,0,6,0,4.171526400965656,11.07799392428211,3.343388868575356,20.736849688400774,302,1.4098945472330326,1.8944117101624214,1.6713957578867855,1.742237797118943,9.961464780707303,11.27315206384569,398,399,1.2443291962955252,2.0387217196600114
2024/25,06/01/2025,Wolves,Nott'm Forest,P Bankes,1,2,0,0,3,0,4.188347236896857,11.090353985287486,4.063289442664353,18.955272166341388,81,1.894704596476055,2.112841857061149,2.032109176628727,2.067387311606604,10.970143720952885,10.556160498996874,247,95,1.9377724947588872,2.244644512328991
2024/25,14/01/2025,Brentford,Man City,A Taylor,0,0,0,0,0,0,4.182868574746304,11.071102755505489,3.6673719360019454,20.623602274815497,313,1.78772828396374,1.5045096730375838,1.6803457336281697,1.8225819621942103,9.060625977626113,9.231405471485038,134,400,1.7362379793975278,1.68544890377022
2024/25,14/01/2025,Chelsea,Bournemouth,R Jones,2,3,0,0,5,0,4.182868574746304,11.071102755505489,3.9025393866229683,20.082033354090065,82,1.7767988296640898,1.722164499370755,2.0514976248448127,1.9015664927262368,10.306104266665763,10.000110533775054,400,286,1.679306141638305,1.768174141206312
2024/25,14/01/2025,Nott'm Forest,Liverpool,C Kavanagh,2,1,0,0,3,0,4.182868574746304,11.071102755505489,3.5373392861855546,19.57259982322521,151,2.111455083879255,1.4115253968855006,2.057401029825201,1.6772258799772881,10.531831267263886,9.961433020933072,96,399,1.973734101783827,1.6232313752831649
2024/25,14/01/2025,West Ham,Fulham,C Pawson,3,3,0,0,6,0,4.182868574746304,11.071102755505489,3.7079842440024176,21.598446944439843,247,1.6418590706279452,1.9752487396288625,1.5430638899050537,1.44583697492298,9.809718724497088,10.69536508377696,400,172,1.6761465781888245,2.093715143105973
2024/25,15/01/2025,Arsenal,Tottenham,S Hooper,3,1,0,0,4,0,4.17053158082436,11.04687575546625,3.6033571704391956,19.834578941207653,113,1.6416361129064643,1.8175397273642957,1.9283831008582717,2.0440457514606813,9.93217245341204,10.809280887146981,400,400,1.562051340449452,1.987284985309265
2024/25,15/01/2025,Everton,Aston Villa,S Barrott,2,1,0,0,3,0,4.17053158082436,11.04687575546625,4.081986336934788,16.17638257474339,27,1.739804316077736,1.994282348359411,1.703572432019765,1.9976046074956235,10.709786396536224,10.856649728126236,399,286,1.6555092843746855,2.12916552137696
2024/25,15/01/2025,Leicester,Crystal Palace,A Madley,0,0,0,0,0,0,4.17053158082436,11.04687575546625,3.5179626152429284,20.787078522909972,101,1.5100238378148083,1.7717565948341751,1.6267347131463732,1.812720450255862,10.439924583994685,11.394823055821679,362,400,1.3840764635519525,1.8517709666176763
2024/25,15/01/2025,Newcastle,Wolves,D England,0,2,0,0,2,0,4.17053158082436,11.04687575546625,3.947369883562322,18.724132154296182,65,1.7116153497511477,1.890794626829592,1.8946392224301927,2.03147903747598,10.384221666222803,10.965215088083639,362,248,1.7091230095188856,1.8725106968070697
2024/25,16/01/2025,Ipswich,Brighton,T Harrington,2,2,0,0,4,0,4.135263626530204,11.044632758749684,3.84330164842282,17.038469435795314,30,2.3718422056850437,1.6777889607939418,1.7718422056850436,1.7874235122889586,9.280992734017788,10.773537361098413,20,286,2.200579087959061,1.633003020246687
2024/25,16/01/2025,Man United,Southampton,J Brooks,1,3,0,0,4,0,4.135263626530204,11.044632758749684,4.371918869155128,18.685010366692936,54,1.8988300655397026,1.687041053578187,1.742203559515606,1.5384999395198315,11.276710230579813,11.089747336049397,400,362,1.7628580334836117,1.8929310061172273
2024/25,18/01/2025,Arsenal,Aston Villa,C Kavanagh,2,3,0,0,5,0,4.134019284107399,11.043646188505257,3.5274038536874857,19.554187314760625,152,1.644243136131744,1.9900832603669054,1.925493136131744,1.996705776923197,9.946700351956224,10.853732935144997,401,287,1.5674657889804906,2.1202857255114274
2024/25,18/01/2025,Brentford,Liverpool,A Madley,2,3,0,0,5,0,4.134019284107399,11.043646188505257,3.4830746622258664,20.725127202461664,102,1.7733676308720365,1.4096509509176036,1.6667009642053698,1.677120830435676,9.025515642758595,9.961029750394673,135,400,1.7109053569976567,1.618628579678165
2024/25,18/01/2025,Leicester,Fulham,M Salisbury,3,1,0,0,4,0,4.134019284107399,11.043646188505257,4.037309239725158,18.50938340813701,38,1.5053046154254113,1.9787507693127953,1.6217067318275278,1.4521550246319443,10.430760175697856,10.733124183052071,363,173,1.3756606326436827,2.0990608379287674
2024/25,18/01/2025,Newcastle,Bournemouth,S Attwell,1,6,0,0,7,0,4.134019284107399,11.043646188505257,3.658075427618151,18.94318309746162,167,1.7063628164836124,1.72518259811525,1.8941935043143003,1.9006792868569717,10.383141128078808,10.019295849052284,363,287,1.6990058399530892,1.7736172618289654
2024/25,18/01/2025,West Ham,Crystal Palace,T Bramall,1,0,1,0,1,1,4.134019284107399,11.043646188505257,4.177669831972021,17.363641589630458,22,1.644243136131744,1.7668392899778977,1.5456854438240517,1.8077046745932823,9.807277275033147,11.381796505802377,401,401,1.6805793732907661,1.8418843936316533
2024/25,19/01/2025,Everton,Tottenham,D England,2,1,0,0,3,0,4.139967250363103,11.050751592710144,3.917573420429424,18.772184503491797,66,1.7398789262113814,1.8150234480233731,1.7013247093439114,2.045792678792604,10.725013583000786,10.805001531118572,400,401,1.656045369198713,1.9816267645475503
2024/25,19/01/2025,Ipswich,Man City,S Barrott,0,1,0,0,1,0,4.139967250363103,11.050751592710144,4.047154363378822,16.382429996561388,28,2.3624931771589797,1.500119601869527,1.7791598438256464,1.8174272941772194,9.385573248481279,9.21846306958011,21,401,2.194221322220126,1.6761562702672372
2024/25,19/01/2025,Man United,Brighton,P Bankes,3,3,0,0,6,0,4.139967250363103,11.050751592710144,4.042048422982033,18.937091493623864,82,1.8967542172541425,1.6789726966149776,1.7453119095618348,1.7882442197937858,11.266539992657034,10.784372970017635,401,287,1.7594896036005707,1.6355330464007753
2024/25,19/01/2025,Nott'm Forest,Southampton,A Taylor,0,4,0,0,4,0,4.139967250363103,11.050751592710144,3.6533899152185176,20.584863686778036,314,2.1075870926582434,1.6906078158140827,2.0450870926582434,1.5371686623749292,10.498934258440412,11.086985812024672,97,363,1.9690437202813218,1.8987297176534177
2024/25,20/01/2025,Chelsea,Wolves,S Hooper,4,2,0,0,6,0,4.128331425892514,11.039924856499397,3.5986207600526106,19.87049008210421,114,1.7763521290725812,1.89000941550831,2.052794436764889,2.0225851730840674,10.316825568326312,10.972725137968734,401,249,1.6788952822985759,1.8711606121013848
2024/25,25/01/2025,Bournemouth,Nott'm Forest,C Pawson,2,3,0,0,5,0,4.136960418705745,11.039621337480444,3.712175862518841,21.61534993932971,248,1.7393637067336407,2.088736310976045,1.8977795483177988,2.0621876384096733,10.045535181620803,10.440682832133657,288,98,1.7090329312676777,2.234800049067079
2024/25,25/01/2025,Brighton,Everton,T Robinson,3,4,0,0,7,0,4.136960418705745,11.039621337480444,4.248689835649028,18.189491955810535,33,1.6832580961725845,1.7404500075487814,1.7921689872616933,1.6995846229333968,10.788109439046547,10.732685480843998,288,401,1.7596658426600829,1.8466381541408983
2024/25,25/01/2025,Liverpool,Ipswich,M Salisbury,0,2,0,0,2,0,4.136960418705745,11.039621337480444,4.037875163556932,18.468602084953297,39,1.4135269306257046,2.2980325173052187,1.6779500075487814,1.757491976764678,9.970666250074768,9.237761081921711,401,22,1.2466381541408982,2.3610881256117233
2024/25,25/01/2025,Man City,Chelsea,J Brooks,3,2,0,0,5,0,4.136960418705745,11.039621337480444,4.367800130845545,18.66238166796264,55,1.4988661945810386,1.781839815684156,1.8130148756361946,2.0528230291134126,9.212942829810798,10.311264172736458,402,402,1.36291722390834,1.8936444589828385
2024/25,25/01/2025,Southampton,Newcastle,S Barrott,1,0,0,0,1,0,4.136960418705745,11.039621337480444,3.9893335271785855,16.27760247105576,29,1.6966416969400873,1.7045572642224092,1.533053306438768,1.9050849687078972,11.105005699290512,10.374134986889455,364,364,1.5103428731647606,1.7412548382755992
2024/25,25/01/2025,Wolves,Arsenal,M Oliver,0,1,1,1,1,2,4.136960418705745,11.039621337480444,3.348853690450133,20.740824797064057,303,1.8906686910954456,1.6451491682021417,2.0302913326048797,1.928122789305259,10.984140226532464,9.946755779451088,250,402,1.9282532600021085,1.75012594046432
2024/25,26/01/2025,Aston Villa,West Ham,P Bankes,2,3,0,0,5,0,4.1191739602388875,10.984025613910266,4.0553643426478905,18.977783706923674,83,1.9930488604019525,1.6424311863352319,1.996349190434956,1.5417117618748,10.875842218166095,9.813861371952822,288,402,1.8672566333446017,1.6367153707060076
2024/25,26/01/2025,Crystal Palace,Brentford,T Harrington,2,2,0,0,4,0,4.1191739602388875,10.984025613910266,3.8389169465352175,17.189297149067084,31,1.762335263073841,1.7741311569655078,1.8055007306997402,1.6747934086211367,11.377410532624285,9.002517828505479,402,136,1.7124713180638502,1.8889488378267276
2024/25,26/01/2025,Fulham,Man United,A Taylor,0,1,0,0,1,0,4.1191739602388875,10.984025613910266,3.6528804382528595,20.584119530434577,315,1.9729830936602732,1.8990259105558553,1.45975558043276,1.7479467738652077,10.716297312721306,11.269496863559537,174,402,1.8715078892332515,2.046017696287403
2024/25,26/01/2025,Tottenham,Leicester,R Jones,1,5,0,0,6,0,4.1191739602388875,10.984025613910266,3.8979569352404835,20.162968892108857,83,1.8126949753040567,1.508954629820031,2.045308884176958,1.6197725717725375,10.81146329041805,10.423166733784504,402,364,1.666175021767554,1.6780296158254677
2024/25,01/02/2025,Bournemouth,Liverpool,D England,2,3,0,0,5,0,4.116991684588486,10.97522178044088,3.90135643602948,18.851962440337196,67,1.7397284132710975,1.4097780279002725,1.9009126237974132,1.678363159794757,10.040507116293771,9.96957832938443,289,402,1.7099209914114066,1.624432581640804
2024/25,01/02/2025,Everton,Leicester,D Bond,0,0,0,0,0,0,4.116991684588486,10.97522178044088,4.277320746853771,15.613501035140047,18,1.745509442768378,1.5180985200905623,1.7023439751424787,1.6180985200905622,10.732168257441984,10.437668850929754,402,365,1.6568399890482113,1.6948093280934704
2024/25,01/02/2025,Ipswich,Southampton,M Oliver,0,3,0,0,3,0,4.116991684588486,10.97522178044088,3.3401969365188817,20.76407460337697,304,2.2862483588003593,1.6944143095642465,1.7073009903793064,1.528624835880036,9.271425351402806,11.100826745666597,23,365,2.1065717642375423,1.9084719072445135
2024/25,01/02/2025,Newcastle,Fulham,C Kavanagh,4,4,0,0,8,0,4.116991684588486,10.97522178044088,3.5332853489590574,19.592025530960797,153,1.6996774674589834,1.9625128296548087,1.9023090464063517,1.4572496717600718,10.358721482508702,10.696390333438455,365,175,1.6948093280934704,2.087033702298173
2024/25,01/02/2025,Nott'm Forest,Brighton,S Hooper,1,3,0,0,4,0,4.116991684588486,10.97522178044088,3.6137485151050868,19.8741467465073,115,2.0954161196001198,1.6870968343237291,2.060328400301874,1.798938939586887,10.450124239941285,10.77734922155693,99,289,1.9355849630377133,1.6429839852150854
2024/25,01/02/2025,Wolves,Aston Villa,A Madley,2,3,0,0,5,0,4.116991684588486,10.97522178044088,3.4915999383961887,20.70609800399236,103,1.8829978858436602,1.9930178869553081,2.025855028700803,1.9995968343237291,11.016218659222957,10.882612379451666,251,289,1.9134102688172403,2.125015331034048
2024/25,02/02/2025,Arsenal,Man City,P Bankes,2,0,0,0,2,0,4.118529121342938,11.049546168584378,4.063882825996086,19.084758295546877,84,1.6432750440432344,1.502126718684383,1.9231793502633303,1.8131315033733781,9.947061235082256,9.205434440823883,403,403,1.568930409305889,1.6722993935948018
2024/25,02/02/2025,Brentford,Tottenham,J Gillett,0,1,0,0,1,0,4.118529121342938,11.049546168584378,3.907410895178598,16.97682439756065,51,1.775585318487316,1.8107391588757702,1.6769011079610003,2.0523659531341436,9.01889208068673,10.801128220728188,137,403,1.7129639096437146,1.9763378167132963
2024/25,02/02/2025,Man United,Crystal Palace,J Brooks,3,1,0,0,4,0,4.118529121342938,11.049546168584378,4.369916395476215,18.60788461993345,56,1.896863560789646,1.7628922689236175,1.743753512942756,1.8059544698805552,11.265243053264074,11.370506211158812,403,403,1.7644652922123134,1.832819298194778
2024/25,03/02/2025,Chelsea,West Ham,S Attwell,3,1,0,0,4,0,4.093994280652308,10.989544436544389,3.6702065130378636,18.96755756950057,168,1.7815908064710344,1.6452271701073977,2.054318079198307,1.5423563567102687,10.304836323622208,9.828759768598285,403,403,1.6884488754856126,1.6421525791893163
2024/25,12/02/2025,Everton,Liverpool,M Oliver,2,2,1,1,4,2,4.093560936852641,10.985030300419378,3.337390980064594,20.777653810637833,305,1.7409131747042939,1.413161978532045,1.697850973747356,1.6787122177664948,10.723415615438146,9.967434754194127,403,403,1.6483949632552757,1.6299617835317735
2024/25,14/02/2025,Brighton,Chelsea,K Kavanagh,1,2,0,0,3,0,4.093129590906981,11.017482768870055,4.093129590906981,11.017482768870055,0,1.690814662071483,1.7844832265675474,1.7957326948583683,2.0517863291928458,10.785675805791886,10.306995514955908,290,404,1.7653991945396375,1.8926196863216698
2024/25,15/02/2025,Aston Villa,Ipswich,R Jones,0,3,0,1,3,1,4.088089912672002,11.040352287543115,3.9101123652917438,20.192741350353927,84,1.9956087683443935,2.2220685729497442,1.9988874568689838,1.7348890857702568,10.891156203792043,9.328272875809574,290,24,1.8666292146565,2.3331028594246157
2024/25,15/02/2025,Crystal Palace,Everton,A Taylor,0,1,0,0,1,0,4.088089912672002,11.040352287543115,3.6428218411049857,20.574805886183512,316,1.7605266690812411,1.7414335903222913,1.808259365978616,1.6984741631146538,11.374230649538362,10.720292702044327,404,404,1.7127220015900462,1.8549105293751853
2024/25,15/02/2025,Fulham,Nott'm Forest,T Bramall,0,0,0,0,0,0,4.088089912672002,11.040352287543115,4.087546829516668,17.47935014976204,23,1.9720454154190576,2.0840058638699133,1.4694276143719371,2.066614559522087,10.721479801866876,10.433066453535421,176,100,1.8510745082042719,2.240933451462154
2024/25,15/02/2025,Leicester,Arsenal,S Barrott,2,1,0,0,3,0,4.088089912672002,11.040352287543115,3.912768142123637,16.25470558524687,30,1.5135450770211025,1.643581561682673,1.6132826098295014,1.9180445688425776,10.445676226132738,9.937476472927383,366,404,1.3821246179042423,1.7449800661061752
2024/25,15/02/2025,Man City,Newcastle,A Madley,0,1,0,0,1,0,4.088089912672002,11.040352287543115,3.4976918435410855,20.814021761151768,104,1.4979968361456801,1.7051461268898689,1.8130326356683533,1.907245864422677,9.200006305862944,10.359062052904392,404,366,1.3687994182640741,1.730609466389091
2024/25,15/02/2025,Southampton,Bournemouth,J Gillett,1,3,0,0,4,0,4.088089912672002,11.040352287543115,3.8597694521662342,16.94816632712439,52,1.6972721111418374,1.7398710634263606,1.5240437646851444,1.903805489655869,11.109718220883394,10.058369318546141,366,290,1.5058917479443654,1.7978792146565001
2024/25,15/02/2025,West Ham,Brentford,D England,1,1,0,0,2,0,4.088089912672002,11.040352287543115,3.9054005141591404,18.92482588374815,68,1.643581561682673,1.7624880676146406,1.545729533043055,1.6709847996407843,9.83007790490829,8.985638184029892,404,138,1.6758556421430415,1.8874780041571086
2024/25,16/02/2025,Liverpool,Wolves,S Hooper,2,2,0,0,4,0,4.021711992460502,11.012219963143009,3.5995943249043445,19.888691482826776,116,1.413276467645474,1.880759700162748,1.678192935425904,2.0268271158930853,9.99186551246676,11.050905055144467,404,252,1.236864999738212,1.866403120166339
2024/25,16/02/2025,Tottenham,Man United,P Bankes,1,2,0,0,3,0,4.021711992460502,11.012219963143009,4.023116361922841,19.0209590825325,85,1.8070712170488157,1.8977633411538275,2.045734701535689,1.740245441392491,10.800934724877262,11.266328519626665,404,404,1.6597365896011693,2.0377909256641376
2024/25,19/02/2025,Aston Villa,Liverpool,C Pawson,1,0,0,0,1,0,4.016901934512467,11.039276869381748,3.705921709353327,21.61307270706038,249,1.9873423676759592,1.4145875345448655,2.000414263100796,1.67887324883058,10.878413648759356,10.00427280123896,291,405,1.8517190342164194,1.6290218555451537
2024/25,21/02/2025,Leicester,Brentford,T Harrington,4,0,0,0,4,0,4.002993048377124,11.002096744272722,3.7907864247268086,17.228989800119614,32,1.51314776927442,1.753392518589795,1.6100064080178753,1.6624834276807041,10.441140642884935,9.009842373909386,367,139,1.3820223510694896,1.8693148555098622
2024/25,22/02/2025,Arsenal,West Ham,C Pawson,1,3,1,0,4,1,4.002979249463545,10.992878068776498,3.694816295405777,21.581170733525138,250,1.640529391359468,1.640529391359468,1.9167198675499444,1.5429103437404204,9.936777584561487,9.829634727418627,405,405,1.5669232459492008,1.6360476699123345
2024/25,22/02/2025,Aston Villa,Chelsea,M Oliver,1,3,0,0,4,0,4.002979249463545,10.992878068776498,3.3325513028295726,20.80308746743025,306,1.9837861380162105,1.7833865342166109,1.9935581249868943,2.0476722485023253,10.86790418734796,10.317729965513866,292,405,1.8458169405615839,1.8900107539953053
2024/25,22/02/2025,Bournemouth,Wolves,M Salisbury,3,3,1,0,6,1,4.002979249463545,10.992878068776498,3.95499201902444,18.48956848799096,40,1.741903086179662,1.8806803894439426,1.8987658312777012,2.0262027775036437,10.073354854626874,11.057636513118746,291,253,1.7063896523186037,1.866354537823779
2024/25,22/02/2025,Everton,Man United,A Madley,4,1,0,0,5,0,4.002979249463545,10.992878068776498,3.462111394127605,20.783245782457016,105,1.7381484389785156,1.8976722485023254,1.6929103437404205,1.7381484389785156,10.722491870275771,11.26058710837101,405,405,1.6468914879402594,2.03696932889851
2024/25,22/02/2025,Fulham,Crystal Palace,R Jones,1,3,0,0,4,0,4.002979249463545,10.992878068776498,3.8824952839689875,20.16201774290375,85,1.958449710265503,1.7548151056451822,1.4584497102655032,1.8048151056451824,10.731492632894916,11.367729965513867,177,405,1.8271379266440055,1.824987762078233
2024/25,22/02/2025,Ipswich,Tottenham,T Robinson,2,1,0,0,3,0,4.002979249463545,10.992878068776498,4.238550529433706,18.183422910498514,34,2.2255586092744144,1.8048151056451824,1.6755586092744146,2.045291296121373,9.361164637895593,10.805825203609103,25,405,2.0007980132491636,1.967844904935376
2024/25,22/02/2025,Southampton,Brighton,D Bond,2,0,0,0,2,0,4.002979249463545,10.992878068776498,4.115329119013378,15.72322617544119,19,1.6937757706046508,1.6863475306241065,1.5262365035889438,1.7941906678790085,11.11373451705713,10.789041129136677,367,291,1.5001128503584678,1.6461015178321527
2024/25,23/02/2025,Man City,Liverpool,A Taylor,0,0,0,0,0,0,4.00267333726452,11.099053347188034,3.628850390150915,20.58034015695819,317,1.4929048810225807,1.4109739905688454,1.8095715476892473,1.677007244725615,9.191054524056929,9.995826366042543,405,406,1.3595394010575295,1.6210961188560908
2024/25,23/02/2025,Newcastle,Nott'm Forest,J Gillett,1,4,0,0,5,0,4.00267333726452,11.099053347188034,3.8341901722001666,17.108670944611546,53,1.7016231676164502,2.060517672667965,1.9005760471976019,2.04327629335762,10.36712801074322,10.415887069861295,367,101,1.7021214647953733,2.1972734852952107
2024/25,25/02/2025,Brighton,Bournemouth,M Oliver,2,1,0,0,3,0,3.98890280164841,11.065517208898171,3.3335017169915973,20.83927087416402,307,1.6805106547633977,1.745657234567958,1.794517169421378,1.9020090260989027,10.794760192399792,10.097691788490998,292,292,1.7557298188272692,1.800725285791075
2024/25,25/02/2025,Chelsea,Southampton,T Bramall,1,2,0,0,3,0,3.98890280164841,11.065517208898171,3.9535218375757193,17.564039392294987,24,1.7860255843524062,1.6942996632176581,2.044932947772834,1.5219759034265354,10.332521090419801,11.114859997563281,406,368,1.6908606959095072,1.9091295025746888
2024/25,25/02/2025,Crystal Palace,Aston Villa,S Barrott,3,1,0,0,4,0,3.98890280164841,11.065517208898171,3.852188750735897,16.31496303968668,31,1.7575220214070382,1.9802492565336463,1.8026526627372046,1.9964830227674126,11.358649356453055,10.883088893073818,406,293,1.7014530780383628,2.124479818827269
2024/25,25/02/2025,Wolves,Fulham,P Bankes,1,3,0,0,4,0,3.98890280164841,11.065517208898171,4.006509640010903,19.059801173175266,86,1.8844489628712382,1.9529366373697568,2.0294303755106435,1.4658900052454045,11.05201256158638,10.73052528013853,254,178,1.9072111419316529,2.096279330217117
2024/25,26/02/2025,Brentford,Everton,S Hooper,2,1,0,0,3,0,3.9799912792649517,11.08595982501108,3.5950688871945338,19.95879574383998,117,1.740967319964433,1.7431114835973567,1.676451190932175,1.6908549515308484,9.020288378629568,10.727184557452691,140,406,1.6805874658174957,1.8472347216335814
2024/25,26/02/2025,Liverpool,Newcastle,C Kavanagh,0,1,0,0,1,0,3.9799912792649517,11.08595982501108,3.5391049272716413,19.637703886174734,154,1.4072273331622918,1.6993470877140657,1.6726301767641876,1.9056134062519248,9.995603551392378,10.368524017461052,407,368,1.238939790758005,1.7228639929371212
2024/25,26/02/2025,Man United,Ipswich,D England,4,4,1,0,8,1,3.9799912792649517,11.08595982501108,3.8563806593789764,18.98030846409869,69,1.8951304859726534,2.215852063280174,1.7431114835973567,1.6548764535240765,11.256875768854115,9.515724358233735,406,26,1.7653666724517758,2.3277753553513754
2024/25,26/02/2025,Nott'm Forest,Arsenal,A Madley,1,1,0,0,2,0,3.9799912792649517,11.08595982501108,3.469463984592548,20.802664088742574,106,2.0756404666195483,1.63859841946434,2.0329054238845052,1.9188834550937937,10.437134176816949,9.952837764103524,102,406,1.905383609145956,1.7378437366719592
2024/25,26/02/2025,Tottenham,Man City,J Gillett,3,0,0,0,3,0,3.9799912792649517,11.08595982501108,3.841769392172453,17.191759438294646,54,1.802493906400207,1.4889547140011572,2.0447741914358364,1.8048692033123208,10.81507054320091,9.17611567384224,406,406,1.6552749293325097,1.6598620852958126
2024/25,27/02/2025,West Ham,Leicester,S Attwell,0,0,0,0,0,0,3.9667650269506742,11.088456820954875,3.6555109570812725,18.990780518164286,169,1.6431133912164608,1.5189314300316712,1.5409756239955583,1.6050933099272324,9.84361858944694,10.44167996385682,406,368,1.668581365606101,1.6805592813238892
2024/25,08/03/2025,Brentford,Aston Villa,J Gillett,2,2,0,0,4,0,3.9484769671306883,11.069180533803726,3.8213990522283403,17.309118916813663,55,1.741112674701796,1.9760957192669262,1.6705998541889755,1.998749440949774,8.980890089766206,10.880319915869023,141,294,1.6815532238776765,2.1156122810775164
2024/25,08/03/2025,Brighton,Fulham,S Barrott,0,2,0,0,2,0,3.9484769671306883,11.069180533803726,3.837051301373109,16.53911426921216,32,1.6805635625112991,1.9567710167705163,1.7909531729009096,1.461925655945774,10.798762512998469,10.752674505172823,293,179,1.7553638338725477,2.1020536274373094
2024/25,08/03/2025,Crystal Palace,Ipswich,S Hooper,4,3,0,0,7,0,3.9484769671306883,11.069180533803726,3.5853980711766935,19.879227366049605,118,1.7597478133968723,2.252704220320956,1.800032173586446,1.7050851727019087,11.376821928918313,9.667115571512571,407,27,1.7059980696505943,2.3790563304814345
2024/25,08/03/2025,Liverpool,Southampton,L Smith,2,1,0,0,3,0,3.9484769671306883,11.069180533803726,3.9584491670408775,13.249339140164295,6,1.4033417901973526,1.6943061907642711,1.67048127010279,1.5198270240976046,10.000044572112358,11.109424098967521,408,369,1.2321723727223861,1.908067886267401
2024/25,08/03/2025,Nott'm Forest,Man City,C Kavanagh,3,2,0,0,5,0,3.9484769671306883,11.069180533803726,3.5206218009903734,19.654052851917186,155,2.064521841131188,1.4848662968091948,2.0221489597752558,1.8071411783257825,10.432363169521423,9.189618137449118,103,407,1.8880845038406084,1.651203549102649
2024/25,08/03/2025,Wolves,Everton,S Attwell,2,2,0,0,4,0,3.9484769671306883,11.069180533803726,3.634420123991114,18.98322827356458,170,1.8800502861240007,1.7407904674253083,2.031902137975852,1.691027434249953,11.040810570383437,10.715684488160019,255,407,1.8986871637569025,1.8422641158416522
2024/25,09/03/2025,Chelsea,Leicester,T Robinson,1,0,0,0,1,0,3.954495798394489,10.967786344583315,4.19770658266437,18.35324431024305,35,1.7835514656112765,1.5147362460623923,2.044214972720281,1.6006737460623925,10.320517529820794,10.427756243709311,407,369,1.6865078829722875,1.6716518516982848
2024/25,09/03/2025,Man United,Arsenal,A Taylor,0,1,0,0,1,0,3.954495798394489,10.967786344583315,3.61475916897919,20.548672474094992,318,1.8996652096871058,1.6366320343316556,1.748006441914594,1.9162528874122244,11.249427482427429,9.967436961100415,407,407,1.7746973446938752,1.7336014542829161
2024/25,09/03/2025,Tottenham,Bournemouth,J Brooks,3,3,0,0,6,0,3.954495798394489,10.967786344583315,4.315395060486125,18.66091047090955,57,1.8048784798292858,1.7423984366492165,2.0394756362273903,1.9014893457401256,10.815778193327903,10.107981810338877,407,293,1.6605420935523227,1.794189620296041
2024/25,10/03/2025,West Ham,Newcastle,M Salisbury,0,1,0,0,1,0,3.9368719860344075,11.00999134342774,3.9609363583463666,18.60984520584384,41,1.6386884831641186,1.6966836976439013,1.5367927485669624,1.8998086976439013,9.847333969373716,10.368684726759657,407,369,1.6599385383345115,1.7176326994762903
2024/25,15/03/2025,Bournemouth,Brentford,C Pawson,3,0,0,0,3,0,3.923332063658635,11.009984449430634,3.688707614461833,21.61684641752089,251,1.7457119432926853,1.7415604489008902,1.9042879950726206,1.6714967546333743,10.128074056215954,8.984553397265795,294,142,1.710714226567949,1.8402940056169383
2024/25,15/03/2025,Everton,West Ham,D Bond,1,2,0,0,3,0,3.923332063658635,11.009984449430634,4.024073368699242,15.89443580523924,20,1.740957424296548,1.6345744455731437,1.6913120342256258,1.5352836654312996,10.727127383855155,9.840602561160118,408,408,1.6549086323170765,1.6395641765020172
2024/25,15/03/2025,Ipswich,Nott'm Forest,M Salisbury,1,1,0,0,2,0,3.923332063658635,11.009984449430634,3.9116910685293416,18.660441958742773,42,2.2656974529637153,2.0707982393062165,1.754069545986971,2.0203780712389894,9.594764729551855,10.416595658577561,28,104,1.9801720854289573,2.2152983653349216
2024/25,15/03/2025,Man City,Brighton,S Hooper,2,5,0,0,7,0,3.923332063658635,11.009984449430634,3.6047451499407352,19.835066744692817,119,1.4856382753603776,1.6745145322894492,1.8095153439182974,1.791019386658381,9.183392159268864,10.78179573906385,408,294,1.350573350813944,1.632253027638517
2024/25,15/03/2025,Southampton,Wolves,R Jones,0,0,0,0,0,0,3.923332063658635,11.009984449430634,3.865615329652846,20.137383885006898,86,1.6920129622790643,1.879797012831881,1.5205843908504928,2.0310885257470104,11.102791904859039,11.039021709855092,370,256,1.499623067725828,1.8701048285135649
2024/25,16/03/2025,Arsenal,Chelsea,C Kavanagh,3,3,0,0,6,0,3.9022005219355016,10.973829001660542,3.522403387007666,19.62069461348902,156,1.6341997728475561,1.7807718768664687,1.9107955175284073,2.038455091996492,9.969985147783579,10.324595076861593,408,408,1.5608555225436527,1.891627871755782
2024/25,16/03/2025,Fulham,Tottenham,A Madley,0,0,0,0,0,0,3.9022005219355016,10.973829001660542,3.4435985836999055,20.82837670485995,107,1.9552128405872629,1.8067766049988565,1.4526487380231603,2.0408191581903457,10.755403679551048,10.82577710995852,180,408,1.812061942043012,1.959938091350992
2024/25,16/03/2025,Leicester,Man United,T Bramall,2,0,0,0,2,0,3.9022005219355016,10.973829001660542,3.8911002609677507,17.46691450083027,25,1.5097831270506916,1.8942470541714331,1.59809481536238,1.7453108839586673,10.43455511042196,11.241852760076725,370,408,1.3913325195725812,2.0287454308005333
2024/25,01/04/2025,Arsenal,Fulham,J Brooks,1,2,0,0,3,0,3.8851058685422495,10.93762025763695,4.314790924259714,18.80048802940872,58,1.6371186179577049,1.9445831327248309,1.91306201418412,1.4445831327248309,9.969415452670466,10.765470162919783,409,181,1.5668415251783876,2.096555181086351
2024/25,01/04/2025,Nott'm Forest,Man United,J Gillett,1,3,0,0,4,0,3.8851058685422495,10.93762025763695,3.8040450211550154,17.240006252357084,56,2.0594857834505573,1.8894771085237427,2.009485783450557,1.7456091839954406,10.43360126610231,11.228849414934617,105,409,1.8975864778218936,2.0188963196989356
2024/25,01/04/2025,Wolves,West Ham,T Harrington,4,2,0,0,6,0,3.8851058685422495,10.93762025763695,3.7435801157509694,17.248974248981444,33,1.8718319632870106,1.634760127391667,2.0225672574046576,1.5333450330520444,11.044235852692196,9.834981490406314,257,409,1.8960719861123558,1.6399008859089812
2024/25,02/04/2025,Bournemouth,Ipswich,R Jones,1,2,0,0,3,0,3.891340383061934,10.899097422341136,3.8239599069334678,20.156048531772576,87,1.7489840415256919,2.231478474385557,1.8973711382998857,1.731478474385557,10.134655582798576,9.448709787899057,295,29,1.7171916844010156,2.3856914783780865
2024/25,02/04/2025,Brighton,Aston Villa,S Attwell,1,3,0,0,4,0,3.891340383061934,10.899097422341136,3.6289974978395323,19.00243589570678,171,1.6844679124934339,1.9747904931385951,1.7909195253966599,1.9973711382998856,10.776591066669544,10.857236227959866,295,295,1.7418830424257068,2.1122534127960773
2024/25,02/04/2025,Liverpool,Everton,S Barrott,2,2,0,0,4,0,3.891340383061934,10.899097422341136,3.7807501651129027,16.49099026825049,33,1.4037383322475578,1.7386439926249162,1.6678892756437842,1.6914741813041616,9.997035921385752,10.728167996857449,409,409,1.2337217026162763,1.8410276386893356
2024/25,02/04/2025,Man City,Leicester,D England,1,4,0,0,5,0,3.891340383061934,10.899097422341136,3.8766685218584036,18.99449932166872,70,1.4862855020588785,1.510842105888509,1.8164741813041616,1.5937436602926542,9.183356676102733,10.421614587221654,409,371,1.3524431638034908,1.6609252643648225
2024/25,02/04/2025,Newcastle,Brentford,P Bankes,1,1,0,0,2,0,3.891340383061934,10.899097422341136,3.984674192647753,19.05783424605829,87,1.6939871503193882,1.729019321980788,1.8939871503193884,1.678386410588383,10.378553845889762,8.966729308022522,370,143,1.6943972506179121,1.8161052659647037
2024/25,02/04/2025,Southampton,Crystal Palace,A Madley,2,1,0,0,3,0,3.891340383061934,10.899097422341136,3.4156654855379576,20.8306574102145,108,1.6870079089973173,1.764030857855708,1.516023453038768,1.801855916957363,11.102961737480722,11.365823240348838,371,408,1.4909252643648225,1.8265369397842408
2024/25,03/04/2025,Chelsea,Tottenham,C Pawson,5,5,0,0,10,0,3.880586121114221,10.939636262595904,3.6823633683316084,21.604660312508656,252,1.7832650846895204,1.8021330092178223,2.0403405563876333,2.0356235752555585,10.330300169739314,10.823224698041201,409,409,1.6808419904491172,1.950248383143181
2024/25,05/04/2025,Aston Villa,Nott'm Forest,S Hooper,2,2,0,0,4,0,3.9087985829636462,10.9448869130929,3.6256549280971804,19.824980502257397,120,1.9785080044123067,2.052198259274606,1.9945851748303132,2.0191404080349367,10.858799523627642,10.38914588304295,296,106,1.8362944133265482,2.1958233731209904
2024/25,05/04/2025,Crystal Palace,Brighton,A Taylor,0,1,2,1,1,3,3.9087985829636462,10.9448869130929,3.6038371063200323,20.542506316358498,319,1.7625377107835551,1.6826880687209882,1.8026320504061966,1.7952282616470332,11.361053424170276,10.794490841955618,409,296,1.7150726789646698,1.652245333571947
2024/25,05/04/2025,Everton,Arsenal,D England,3,1,0,0,4,0,3.9087985829636462,10.9448869130929,3.892916297646783,19.006480966951276,71,1.7395670338170055,1.6360376220522999,1.6925082102875937,1.913684680875829,10.72961565140752,9.950792121995757,410,410,1.651436315328306,1.7287090426010334
2024/25,05/04/2025,Ipswich,Wolves,P Bankes,2,2,0,0,4,0,3.9087985829636462,10.9448869130929,3.970973137823816,19.11170064448958,88,2.229244208271719,1.8802783493488182,1.7181330971606077,2.0231354922059612,9.579703374404371,11.062588468308414,30,258,1.9438663124075783,1.8563610373071344
2024/25,05/04/2025,West Ham,Bournemouth,T Robinson,2,2,0,0,4,0,3.9087985829636462,10.9448869130929,4.126556796296576,18.452822505365944,36,1.6360376220522999,1.746996750393014,1.5395670338170055,1.8981221523222744,9.84020388670164,10.148188591151758,410,296,1.651436315328306,1.799484597375628
2024/25,06/04/2025,Brentford,Chelsea,M Oliver,1,3,0,0,4,0,3.8972410784006892,11.042756813089335,3.325618699579631,20.8530598208025,308,1.7247126294843091,1.7911277837364827,1.6743981640755041,2.0475983719717767,8.99258286854195,10.324283943760399,144,410,1.6807966446897145,1.896496854945478
2024/25,06/04/2025,Fulham,Liverpool,C Kavanagh,3,0,0,0,3,0,3.8972410784006892,11.042756813089335,3.5353353129671277,19.648730331468315,157,1.9453264369949501,1.4052454307953062,1.4427883659289602,1.668774842560012,10.765587188315582,9.992519237878048,182,410,1.7946161140377845,1.6101332185818418
2024/25,06/04/2025,Man United,Man City,J Brooks,3,2,0,0,5,0,3.8972410784006892,11.042756813089335,4.302750320952586,18.750820480086112,59,1.892304254324718,1.4852454307953062,1.744068960207071,1.8217160190306005,11.232519237878048,9.190166296701577,410,410,1.7646786731272963,1.6510423094909326
2024/25,06/04/2025,Tottenham,Southampton,M Salisbury,1,1,0,0,2,0,3.8972410784006892,11.042756813089335,3.873985690588489,18.64807235775343,43,1.8099513131482474,1.6879310286511762,2.042892489618836,1.5148044136640961,10.837225120230988,11.113231721183901,410,372,1.664678673127296,1.9016383486965431
2024/25,07/04/2025,Leicester,Newcastle,R Jones,2,0,0,0,2,0,3.889923535396432,11.100992177718096,3.816354764468237,20.278980570291615,88,1.5172465801433417,1.6921617267240239,1.5921819806601376,1.891643592008998,10.419269874245181,10.386677309152553,372,371,1.3939026194799662,1.7123105796789715
2024/25,12/04/2025,Arsenal,Brentford,S Hooper,1,3,0,0,4,0,3.881210381378468,11.07707527231054,3.623494928318231,19.86251288909427,121,1.634058868216757,1.7194317366271157,1.9157490090618274,1.6819317366271158,9.96027714681298,9.012987903389556,411,145,1.5641321720924477,1.8058514696590633
2024/25,12/04/2025,Brighton,Leicester,D Bond,2,5,0,0,7,0,3.881210381378468,11.07707527231054,3.978918685531776,16.020149604516597,21,1.6798367880139056,1.518322365619429,1.7888111469882644,1.5879099944854085,10.804737386353619,10.412572331294662,297,373,1.736865508345635,1.6721844669668584
2024/25,12/04/2025,Man City,Crystal Palace,J Gillett,2,3,0,0,5,0,3.881210381378468,11.07707527231054,3.8052470674934353,17.27959611960687,57,1.4861715442730952,1.7579037126125612,1.8241997132871797,1.8002566537890319,9.190324095169787,11.36488956362901,411,410,1.3504958084560843,1.822415880640815
2024/25,12/04/2025,Nott'm Forest,Everton,C Pawson,0,3,0,0,3,0,3.881210381378468,11.07707527231054,3.705144818469287,21.62203914319339,253,2.050074408691299,1.7420400888740342,2.0172875234453977,1.6903968963857712,10.435066102805976,10.746662123338801,107,411,1.8839570273579194,1.841404899365175
2024/25,12/04/2025,Southampton,Aston Villa,T Bramall,3,1,0,0,4,0,3.881210381378468,11.07707527231054,3.843730579107092,17.4103310158385,26,1.6858481388153055,1.9779137110908287,1.5131677264441716,1.9939393521164694,11.136799135418373,10.849609181225414,373,297,1.493079989354918,2.117233606505144
2024/25,13/04/2025,Chelsea,Ipswich,S Attwell,2,2,0,0,4,0,3.8975429307816856,11.023985747473914,3.631667884616965,19.05888144003476,172,1.7939708262461564,2.22242547784484,2.045144535166344,1.72242547784484,10.327887073018907,9.64521506752292,411,31,1.6965071453675573,2.3743857326954214
2024/25,13/04/2025,Liverpool,West Ham,A Madley,0,2,0,0,2,0,3.8975429307816856,11.023985747473914,3.4137206960413593,20.87014659467797,109,1.4019520469034337,1.6366938309409922,1.671905098546626,1.5404496994855932,9.989858904004823,9.849013833582287,411,411,1.2374162362766483,1.641961690822103
2024/25,13/04/2025,Newcastle,Man United,C Kavanagh,0,2,0,0,2,0,3.8975429307816856,11.023985747473914,3.5324512200521427,19.642621003753266,158,1.6879368785035211,1.8949097933823067,1.8920712454285857,1.7446750515982692,10.381601790971716,11.236337777244259,372,411,1.6911578599043133,2.0237798726402847
2024/25,13/04/2025,Wolves,Tottenham,A Taylor,1,2,0,0,3,0,3.8975429307816856,11.023985747473914,3.5954741254189626,20.561158387498107,320,1.8804071970104477,1.80805533328841,2.022742963433805,2.040449699485593,11.082773332503848,10.849013833582287,259,411,1.9113303609782129,1.9646889635493756
2024/25,14/04/2025,Bournemouth,Fulham,O Oliver,3,2,0,0,5,0,3.8764950741472983,11.00532778840818,3.8764950741472983,11.00532778840818,0,1.7470311315900793,1.9498672376570947,1.8976721572311048,1.4347157225055795,10.15878191799058,10.760302820267986,297,183,1.7121086690558573,2.0950350288311768
2024/25,16/04/2025,Newcastle,Crystal Palace,D England,2,3,0,0,5,0,3.881674792412638,11.000668455125401,3.88702958567336,19.134192900805516,72,1.6832797962450896,1.7608276078476404,1.8920426828430277,1.8007337111340254,10.372435601581032,11.374424914116057,373,411,1.682152044493009,1.8277843679231582
2024/25,19/04/2025,Aston Villa,Newcastle,J Gillett,1,3,0,0,4,0,3.886830630514362,11.00992545765928,3.821334527263362,17.364435378813035,58,1.974924056641718,1.6841933926191714,1.997288273894114,1.8949903077862666,10.826116424704296,10.369085966407312,298,374,1.8362879861515715,1.7037189590537511
2024/25,19/04/2025,Brentford,Brighton,T Robinson,3,3,0,1,6,1,3.886830630514362,11.00992545765928,4.115657512304178,18.60077639421745,37,1.7276473896202342,1.6809943441816542,1.6779579486264453,1.7992052068014623,9.009779136226364,10.797362431094072,146,298,1.6721730651006559,1.647263595907669
2024/25,19/04/2025,Crystal Palace,Bournemouth,S Barrott,3,4,1,0,7,1,3.886830630514362,11.00992545765928,3.7825553519128654,16.563527736296308,34,1.7638202101378402,1.7512818841177564,1.8012909361331564,1.8982467403477883,11.383078316001042,10.161579683490238,412,298,1.7065666503568222,1.799702620297913
2024/25,19/04/2025,Everton,Man City,S Hooper,4,0,0,0,4,0,3.886830630514362,11.00992545765928,3.6270120119922384,19.82481725470396,122,1.7450848471401819,1.4874736059223834,1.6865368377725005,1.827052060254936,10.75075981483008,9.191040845275046,412,412,1.6567928947007136,1.6522680078228855
2024/25,19/04/2025,West Ham,Southampton,A Kitchen,2,1,0,0,3,0,3.886830630514362,11.00992545765928,3.886830630514362,11.00992545765928,0,1.637356509903648,1.6893347807939787,1.536653933791236,1.5119568887631303,9.844436629818372,11.135152804453586,412,374,1.6522680078228855,1.8967882659844442
2024/25,20/04/2025,Fulham,Chelsea,A Taylor,1,3,0,0,4,0,3.907602526507173,10.97366595147538,3.594479951337224,20.57613193291007,321,1.9512915525065517,1.794630020957386,1.4437538640643406,2.0452155010510626,10.755288917769173,10.328577270810456,184,412,1.8066076537271383,1.9018417147004698
2024/25,20/04/2025,Ipswich,Arsenal,C Kavanagh,0,0,1,0,0,1,3.907602526507173,10.97366595147538,3.5254894737102136,19.61598722166785,159,2.2192982755064636,1.6330375151025849,1.7299365733788044,1.9187518008168707,9.58090414119288,9.951528090482586,32,412,1.945387708025929,1.7253711264651754
2024/25,20/04/2025,Leicester,Liverpool,S Attwell,1,2,0,0,3,0,3.907602526507173,10.97366595147538,3.6347982988014107,19.04718004437821,173,1.5277815397141485,1.398845477631859,1.589478197811835,1.6728501614726086,10.41208867515698,10.00070841835144,374,412,1.3975594997465537,1.6031991807638182
2024/25,20/04/2025,Man United,Wolves,R Jones,2,3,0,0,5,0,3.907602526507173,10.97366595147538,3.8042987996726256,20.22229516479723,89,1.8953325970697983,1.877480068904741,1.740765852339119,2.0229346143592863,11.230216615072752,11.084736344131148,412,260,1.7706199952434563,1.8572897858538193
2024/25,21/04/2025,Tottenham,Nott'm Forest,P Bankes,1,4,0,0,5,0,3.891044327097208,10.965972385222534,3.9673342822581597,19.194292189741784,89,1.8083907083213795,2.034006767912431,2.037898905042691,2.0258766866116185,10.857716142597585,10.416624332432267,412,108,1.6614607803313532,2.191055542800421
2024/25,22/04/2025,Man City,Aston Villa,C Pawson,3,3,0,0,6,0,3.896156968635905,10.970895739307299,3.703956717619705,21.613879546532914,254,1.4841616291232929,1.9720419658113673,1.832292470244788,2.000704386193533,9.182901210385058,10.81936852880511,413,299,1.3539419785736169,2.111104739419325
2024/25,23/04/2025,Arsenal,Crystal Palace,M Salisbury,1,1,0,0,2,0,3.9058563601766316,10.957375028084275,3.849947956585736,18.868614140610244,44,1.6291914081806653,1.767041875470385,1.9142381371526278,1.8067615016386092,9.94434652502484,11.38593531007157,413,413,1.5624159398249988,1.8339091524946822
2024/25,26/04/2025,Brighton,West Ham,D England,1,1,0,0,2,0,3.897069750728247,10.902592086335632,3.9023137119204714,19.158824511820313,73,1.685439564109751,1.6383832316132287,1.8032739590142097,1.5355794932954718,10.79544407849528,9.852265048241863,299,413,1.7391952629906209,1.6435657155224517
2024/25,26/04/2025,Chelsea,Everton,C Kavanagh,0,0,0,0,0,0,3.897069750728247,10.902592086335632,3.5050094257740874,19.59224217382914,160,1.7972617362861258,1.750532764323509,2.042588839089864,1.6827757549777145,10.324227665064294,10.740115515531581,413,413,1.6978643580563884,1.8471856250247143
2024/25,26/04/2025,Newcastle,Ipswich,M Salisbury,1,2,0,1,3,1,3.897069750728247,10.902592086335632,3.8203820538315165,18.72235431654844,45,1.687764161872979,2.1714171485512885,1.8928923670011844,1.6922504818846218,10.371203693967992,9.578530013489942,375,33,1.6842971442102073,2.3621942945310277
2024/25,26/04/2025,Southampton,Fulham,T Harrington,1,1,0,0,2,0,3.897069750728247,10.902592086335632,3.786893962172986,17.416352578955777,34,1.687764161872979,1.9461401156523093,1.5134051875140049,1.4511401156523092,11.13787036063466,10.763847203237585,375,185,1.5011288273785242,2.0955890012192695
2024/25,26/04/2025,Wolves,Leicester,S Barrott,1,4,0,0,5,0,3.897069750728247,10.902592086335632,3.840445729470103,16.62608003597318,35,1.8812609533712386,1.5262257003345177,2.0225653011973255,1.5903282644370818,11.10786029220115,10.412229334993633,261,375,1.9050208491755989,1.6892476392597122
2024/25,27/04/2025,Bournemouth,Man United,P Bankes,4,2,1,0,6,1,3.8630457905385702,10.871679717576137,3.9702273457692545,19.206886895125248,90,1.757875297544711,1.8947963631519609,1.901187399455539,1.7429272042734563,10.157763050579046,11.22789158383603,299,413,1.7193466062746299,2.0225015539775533
2024/25,27/04/2025,Liverpool,Tottenham,T Bramall,2,1,0,0,3,0,3.8630457905385702,10.871679717576137,3.838002783912774,17.265230633450066,27,1.3994692603482226,1.806011316422989,1.6704972977314,2.0419926248342035,9.991910275424814,10.856396256733227,413,413,1.2306463503576437,1.9636780245657885
2024/25,01/05/2025,Nott'm Forest,Brentford,D England,3,5,0,0,8,0,3.8688734960843685,10.892322389971554,3.8759781555768607,19.124323835851406,74,2.0485205743599417,1.7346700692631651,2.0162625098438127,1.6852873532137824,10.424938854232149,8.99192850570856,109,147,1.8553123365309097,1.8183699002344633
2024/25,02/05/2025,Man City,Wolves,P Bankes,0,0,0,0,0,0,3.887919315026195,10.89333421300765,3.993086059272887,19.2442530631482,91,1.4875510369759826,1.8778317504068465,1.8348703842953298,2.0294562991433085,9.181118896497802,11.0927798072114,414,262,1.3610783552373715,1.8641054442650444
2024/25,03/05/2025,Arsenal,Bournemouth,J Gillett,0,2,0,0,2,0,3.869994759275467,10.87595920948156,3.8184508212129367,17.36784500282189,59,1.6270978104768439,1.7651586053795745,1.9114800948591282,1.901666541887511,9.929066885946646,10.160538711336862,414,300,1.5586709941196666,1.8122724890579758
2024/25,03/05/2025,Aston Villa,Fulham,R Jones,0,5,0,0,5,0,3.869994759275467,10.87595920948156,3.806520599842493,20.277382436843816,90,1.9746824149033841,1.9404226900227164,2.003253843474813,1.4478853765898807,10.814506965305117,10.769003453090107,300,186,1.830454307239794,2.083564450875611
2024/25,03/05/2025,Everton,Ipswich,L Smith,4,4,0,0,8,0,3.869994759275467,10.87595920948156,3.8671834056839587,13.278093132407468,7,1.7459789293579626,2.1637747080523675,1.6783798617588952,1.6739787896850205,10.74025569713546,9.56264681777779,414,34,1.6667791022277747,2.3445300217051877
2024/25,03/05/2025,Leicester,Southampton,D Webb,1,3,0,0,4,0,3.869994759275467,10.87595920948156,3.869994759275467,10.87595920948156,0,1.5320331475564348,1.6854858329784297,1.5882991322111664,1.511572789500169,10.428566992509237,11.134449345450413,376,376,1.3942116290372708,1.8917485748500789
2024/25,04/05/2025,Brentford,Man United,A Taylor,0,2,0,0,2,0,3.8862061677813053,10.926286361719031,3.5941070726067226,20.576821783985523,322,1.7555002837936182,1.8954464947747314,1.6941505905420846,1.7485933479215845,9.011945691490139,11.230646031964785,148,414,1.6870398455995481,2.0231826408034226
2024/25,04/05/2025,Brighton,Newcastle,C Pawson,2,1,0,0,3,0,3.8862061677813053,10.926286361719031,3.7112684078376166,21.600561282296344,255,1.6830049087566976,1.6857967934996414,1.800465226217015,1.8929579188193344,10.78395919908855,10.368151272923,300,376,1.7342214924749078,1.7100815086618708
2024/25,04/05/2025,Chelsea,Liverpool,S Hooper,2,2,0,0,4,0,3.8862061677813053,10.926286361719031,3.6294267175306256,19.764575398939026,123,1.792882392210629,1.4012740006022373,2.037637636965874,1.6693392686675055,10.32621712753588,10.006869808188561,414,414,1.689849307470089,1.6042637218845035
2024/25,04/05/2025,West Ham,Tottenham,M Oliver,2,2,0,0,4,0,3.8862061677813053,10.926286361719031,3.3268118389057864,20.85376394923047,309,1.6367052360334726,1.8045374038656405,1.5341411334693702,2.0422996416278787,9.850692652011405,10.853023654342408,414,414,1.653813271434053,1.9601195777403595
2024/25,05/05/2025,Crystal Palace,Nott'm Forest,A Madley,3,8,0,0,11,0,3.8746285971769128,10.970598750344504,3.3990052957735024,20.876036805619357,110,1.7647079591581045,2.056477715830615,1.8043349987851443,2.040477715830615,11.373611866264763,10.42623592502067,414,110,1.7119806958505714,2.215138778268955
2024/25,10/05/2025,Bournemouth,Aston Villa,S Attwell,4,3,0,1,7,1,3.907478846006788,10.980132375721654,3.631592819850099,19.04273019795498,174,1.766791428307123,1.9693230738767433,1.896538263750161,2.013626871345098,10.181490483600989,10.801743648157952,301,301,1.735188432394248,2.1170066142124297
2024/25,10/05/2025,Fulham,Everton,M Salisbury,1,0,0,0,1,0,3.907478846006788,10.980132375721654,3.8124925514108408,18.739483230887906,46,1.9569608482428262,1.7518746310350022,1.4421093630943114,1.6844327705698858,10.803717786227288,10.745002308878867,187,415,1.799130475417138,1.8392166276804094
2024/25,10/05/2025,Ipswich,Brentford,S Barrott,2,4,0,0,6,0,3.907478846006788,10.980132375721654,3.8637208385273722,16.778742776935104,36,2.2061218269010183,1.7457688496649446,1.7261218269010181,1.6969883618600665,9.687019856358248,9.008237761084832,35,149,1.884565354532841,1.8573718128657406
2024/25,10/05/2025,Southampton,Man City,T Robinson,2,0,0,0,2,0,3.907478846006788,10.980132375721654,4.15376144682809,18.579417609413355,38,1.6895563554720687,1.4844327705698859,1.5109849269006401,1.8309443984768625,11.141201512290593,9.17756044841375,377,415,1.4990447849509898,1.645522933986716
2024/25,10/05/2025,Wolves,Brighton,M Oliver,1,1,0,0,2,0,3.907478846006788,10.980132375721654,3.330408869104984,20.894039729531467,310,1.8716046451260824,1.6845129472944649,2.02268378181673,1.7984369979273764,11.094787743949325,10.798579091195926,263,301,1.8993567900345953,1.6564005536063693
2024/25,11/05/2025,Liverpool,Arsenal,A Taylor,1,1,0,1,2,1,3.9002661888233234,10.979784975936425,3.5905363641396066,20.573260414937963,323,1.4029116195725,1.6238418521306395,1.670353480037616,1.912213945153895,10.010112528650055,9.924066017022145,415,415,1.2353693532260133,1.7173513352079952
2024/25,11/05/2025,Man United,West Ham,J Gillett,0,1,0,0,1,0,3.9002661888233234,10.979784975936425,3.8059606437715656,17.464642639981303,60,1.8959348753864533,1.6377953405027323,1.744772084688779,1.5354697591073836,11.228717179812847,9.870577644929124,415,415,1.7714053892620492,1.6407747586314188
2024/25,11/05/2025,Newcastle,Chelsea,J Brooks,4,2,0,1,6,1,3.9002661888233234,10.979784975936425,4.311842996712742,18.77052499292248,60,1.6843163173882014,1.7936092939911044,1.893499990857589,2.0377953405027327,10.36823568193756,10.326391598417494,377,415,1.6810443173210587,1.9065405243971845
2024/25,11/05/2025,Nott'm Forest,Leicester,T Harrington,3,3,0,0,6,0,3.9002661888233234,10.979784975936425,3.7584442453430515,17.524910406640178,35,2.105174574731547,1.5312550928984054,2.0496190191759913,1.5924795826943239,10.463082439043834,10.434562212549803,111,377,1.8750285202310704,1.7007487508185957
2024/25,11/05/2025,Tottenham,Crystal Palace,C Kavanagh,1,1,0,0,2,0,3.9002661888233234,10.979784975936425,3.4865949178525972,19.615562496765648,161,1.8052372009678488,1.7680278986422673,2.04244650329343,1.8191906893399417,10.863600900743076,11.368252063533777,415,415,1.6587927766494366,1.8299639478206078
2024/25,16/05/2025,Aston Villa,Tottenham,P Bankes,1,2,0,0,3,0,3.8889450982294016,10.958380244413934,3.9591763030404703,19.247517146242295,92,1.9721359250369732,1.8031718984610685,2.019454537024355,2.039830831175686,10.805008996318943,10.865865085459639,302,416,1.8202836640766296,1.960390530209509
2024/25,16/05/2025,Chelsea,Man United,C Kavanagh,1,6,0,0,7,0,3.8889450982294016,10.958380244413934,3.4771316976242517,19.62545190433341,162,1.793891156001672,1.8913389518253376,2.042151016790535,1.7428470724749896,10.332222394044326,11.209252556457319,416,416,1.6913322342453836,2.0231707992678047
2024/25,18/05/2025,Arsenal,Newcastle,S Hooper,3,3,0,0,6,0,3.8992086321174693,10.945671184786885,3.6340954080734007,19.77611932630652,124,1.6223760202804665,1.6901884599004608,1.9100790365217657,1.8937508008673818,9.923648570500932,10.364103139658784,416,378,1.5526639674478968,1.707078748729809
2024/25,18/05/2025,Brentford,Fulham,J Gillett,4,4,0,0,8,0,3.8992086321174693,10.945671184786885,3.773025765150427,17.43769511185665,61,1.7590549378235214,1.9519412056201035,1.6984488772174609,1.4346998263097586,9.024803235672131,10.823115930472422,150,188,1.6693784971209003,2.1123308691823945
2024/25,18/05/2025,Everton,Southampton,M Oliver,1,1,0,0,2,0,3.8992086321174693,10.945671184786885,3.3258339756039783,20.888814820296645,311,1.7476660434823226,1.6901884599004608,1.6827008462665454,1.5069823530302315,10.740353906927846,11.135095506070996,416,378,1.678224505564489,1.8982552193180442
2024/25,18/05/2025,Leicester,Ipswich,A Kitchen,1,0,0,0,1,0,3.8992086321174693,10.945671184786885,3.8646236847283357,11.56314536998739,1,1.5349721749131833,2.200864014527079,1.5960408772032597,1.769491465507471,10.435349958997206,9.609657527174543,378,36,1.3933532585337307,2.4013352951782125
2024/25,18/05/2025,West Ham,Nott'm Forest,S Barrott,6,3,0,0,9,0,3.8992086321174693,10.945671184786885,3.8948421903699475,16.784544832575357,37,1.6362971339695616,2.1121579900856773,1.5318887813013482,2.057039879849457,9.877244858203948,10.465295542408674,416,112,1.6558029809008117,2.2992121794490283
2024/25,19/05/2025,Brighton,Liverpool,J Brooks,1,0,0,0,1,0,3.928898470307835,10.912434609047107,4.339796066949952,18.788498432862532,61,1.6828603739031822,1.4024750313858672,1.7964250426728983,1.6692963770935239,10.80076738034023,10.015877632408012,302,416,1.7377514369114986,1.6074741637995908
2024/25,20/05/2025,Crystal Palace,Wolves,D Webb,1,2,0,0,3,0,3.9153953084273345,10.89023106257675,3.918649335026283,11.432914483246876,1,1.7665091991025639,1.868693422269552,1.817553282629246,2.019231056678154,11.363519102016998,11.081278612793284,416,264,1.7191276449022646,1.8528262912462925
2024/25,20/05/2025,Man City,Bournemouth,T Bramall,1,3,1,1,4,2,3.9153953084273345,10.89023106257675,3.846884579446856,17.419920312536203,28,1.4811263684761138,1.7740235483066404,1.831474396318341,1.9002065136063249,9.173263881599365,10.207182122931627,416,302,1.355898945350695,1.815454607308464
2024/25,25/05/2025,Bournemouth,Leicester,L Smith,0,2,0,0,2,0,3.9115845538503806,10.883042586651877,4.023927692310894,13.699274686857482,8,1.777788943880119,1.533849959781416,1.897285799226031,1.5922255942991823,10.2157950295594,10.445743196446418,303,379,1.749017374420951,1.7075337458523425
2024/25,25/05/2025,Fulham,Man City,A Madley,0,0,0,0,0,0,3.9115845538503806,10.883042586651877,3.4616883371048495,20.882912240193363,111,1.9624357066366562,1.4799464910969395,1.4477298242837149,1.834113157763606,10.806974604901416,9.168108378240483,189,417,1.7920815059988795,1.6382819917214253
2024/25,25/05/2025,Ipswich,West Ham,T Robinson,1,1,0,0,2,0,3.9115845538503806,10.883042586651877,4.121712716347805,18.516813510410888,39,2.160324695266882,1.6466131577636063,1.756478541420728,1.5355020466524951,9.646592680767098,9.885700970833078,37,417,1.8889964895114502,1.6382819917214253
2024/25,25/05/2025,Liverpool,Crystal Palace,D England,1,0,1,0,1,1,3.9115845538503806,10.883042586651877,3.9278961384625948,19.150760646662967,75,1.398927972578421,1.7646687133191616,1.6674464910969393,1.8179094540599026,10.010700970833076,11.369497267129374,417,417,1.234694547775237,1.8266227988963133
2024/25,25/05/2025,Man United,Aston Villa,T Bramall,2,2,0,1,4,1,3.9115845538503806,10.883042586651877,3.847955811967769,17.46437156789439,29,1.9012427873932358,1.9696128432511881,1.7415205651710137,2.0199273086599936,11.21440467453678,10.784977419496506,417,303,1.7638425298380174,2.1225113503245656
2024/25,25/05/2025,Newcastle,Everton,T Harrington,1,4,0,0,5,0,3.9115845538503806,10.883042586651877,3.7998297351845824,17.558624010922898,36,1.6937484369387763,1.7461501948006433,1.896794122217964,1.6813353799858284,10.359448780202763,10.72829356342567,379,417,1.6928278634994012,1.8311071038290487
2024/25,25/05/2025,Nott'm Forest,Chelsea,A Taylor,2,2,0,0,4,0,3.9115845538503806,10.883042586651877,3.5867897244878493,20.573283852912027,324,2.119819407452171,1.7924464910969395,2.088569407452171,2.0517057503561986,10.434553276561633,10.33014541527752,113,417,1.892068790899688,1.9073402876855508
2024/25,25/05/2025,Southampton,Arsenal,D Bond,0,0,0,0,0,0,3.9115845538503806,10.883042586651877,4.059353486090628,16.001618397155255,22,1.6886722948067965,1.6257798244302728,1.5059311780555276,1.91281686146731,11.131022384263677,9.9204231930553,379,417,1.501651392911166,1.7145151755779275
2024/25,25/05/2025,Tottenham,Brighton,R Jones,3,1,0,0,4,0,3.9115845538503806,10.883042586651877,3.8257725331574095,20.302379867812903,91,1.8040205651710135,1.6803046671505593,2.0378168614673102,1.7903675602323204,10.867182452314557,10.794411381760657,417,303,1.656219211452367,1.6526318322522764
2024/25,25/05/2025,Wolves,Brentford,C Pawson,2,1,0,0,3,0,3.9115845538503806,10.883042586651877,3.710995067068539,21.608811618029527,256,1.8690603005495638,1.7731137599631197,2.0154888719781354,1.712872796107698,11.070081497856746,9.03989650240897,265,151,1.8934481915229786,1.8815209350430873
2025/26,15/08/2025,Liverpool,Bournemouth,A Taylor,1,2,0,0,3,0,3.848224247591695,10.806503013373666,3.5834445891136926,20.56903592952669,325,1.3969091959744522,1.7707262754135977,1.6624981105241055,1.8961181249433783,10.002422107621946,10.241532202508784,418,304,1.2315253654327578,1.8195310290834592
2025/26,16/08/2025,Aston Villa,Newcastle,C Pawson,1,1,1,0,2,1,3.8443136616019697,10.785316482736889,3.7025100763831533,21.58025855343412,257,1.9681264967461278,1.6907148163595311,2.01828323655804,1.900841398638012,10.78021903956278,10.361746515495003,304,380,1.8133673800120644,1.7113773290829988
2025/26,16/08/2025,Brighton,Fulham,S Barrott,3,3,0,0,6,0,3.8443136616019697,10.785316482736889,3.9540927228579243,16.787824001086065,38,1.6765904465893882,1.9504017193269014,1.792577907404435,1.4382065973756817,10.783353835801023,10.804340846929398,304,190,1.7295350446827231,2.125748658745589
2025/26,16/08/2025,Sunderland,West Ham,R Jones,0,1,0,0,1,0,3.8443136616019697,10.785316482736889,3.8128875345303355,20.28746078690959,92,2.0219562206357735,1.6439546246235908,1.7351345152094169,1.5331001211593875,10.456510648221137,9.881962756629392,114,418,1.914338228639094,1.633180144919709
2025/26,16/08/2025,Tottenham,Burnley,M Oliver,0,0,0,0,0,0,3.8443136616019697,10.785316482736889,3.317827422967505,20.86241220198345,312,1.8056174421755538,1.7298819826395448,2.034254855570473,1.4195371550533378,10.870415412518538,10.153259791913877,418,304,1.6599658592054232,1.8492955237246393
2025/26,16/08/2025,Wolves,Man City,J Gillett,1,2,0,0,3,0,3.8443136616019697,10.785316482736889,3.805837259081026,17.421067954809452,62,1.8677307916797679,1.4753634006051148,2.0100795461281664,1.8287121303972627,11.052988874094401,9.156789546467728,266,418,1.8907591382568567,1.628715859205423
2025/26,17/08/2025,Chelsea,Crystal Palace,D England,2,3,0,0,5,0,3.811241156657711,10.81674389018205,3.874069593232107,19.113055418361892,76,1.7911877798497293,1.758855216339337,2.04984828793287,1.8142824680714384,10.330544062762968,11.365186095095531,418,418,1.6856442351559502,1.8151085208702358
2025/26,17/08/2025,Man United,Arsenal,S Hooper,1,4,0,0,5,0,3.811241156657711,10.81674389018205,3.635206859442952,19.742790648363673,125,1.8997328144917618,1.6202870870090829,1.7403794657619696,1.9066612209582745,11.210451684010081,9.914839674772207,418,418,1.7615370922988074,1.703501378013093
2025/26,17/08/2025,Nott'm Forest,Brentford,P Bankes,1,2,0,0,3,0,3.811241156657711,10.81674389018205,3.934584990817312,19.198462688597893,93,2.113056656394828,1.763977896257083,2.0820489044568435,1.7100856806882208,10.427330071134616,9.036680114828537,114,152,1.883115398262956,1.8635638315926686
2025/26,18/08/2025,Leeds,Everton,C Kavanagh,0,2,0,0,2,0,3.8183865091746005,10.85385734509603,3.4864875677093883,19.6348214554649,163,2.121224021851236,1.7497411058171122,1.6095961148744924,1.678147572329814,11.111658372776901,10.723796605284573,114,418,2.1199708169279097,1.8376691911553995
2025/26,22/08/2025,West Ham,Chelsea,M Oliver,0,1,0,0,1,0,3.81000316382024,10.818425476016627,3.3054736067914376,20.86822673639176,313,1.6418779348586447,1.791647520112101,1.5289747090521932,2.052016183706571,9.882806891866647,10.329811500161577,419,419,1.6722099273600526,1.9043527845029098
2025/26,23/08/2025,Arsenal,Leeds,J Gillett,0,2,0,0,2,0,3.797048147463776,10.79712926603516,3.7832523146203907,17.453729905123623,63,1.6255250255898117,2.103675854661372,1.9043268689077841,1.6113681623536793,9.935434261509824,11.069065149963567,419,115,1.5557047370802604,2.076081404249699
2025/26,23/08/2025,Bournemouth,Wolves,T Bramall,2,4,0,1,6,1,3.797048147463776,10.79712926603516,3.798658248847171,17.471422393652347,30,1.7702433159561823,1.8633966705885756,1.8921183159561823,2.0087867415105616,10.240557717172699,11.060207338635687,305,267,1.7334003659040618,1.8478233858512048
2025/26,23/08/2025,Brentford,Aston Villa,T Harrington,1,2,0,0,3,0,3.797048147463776,10.79712926603516,3.7730032852676514,17.57948760727224,37,1.764749173249871,1.9639933159561822,1.7052253637260615,2.0139933159561823,9.071300413662284,10.787432717172699,153,305,1.686569902263498,2.1166338988381934
2025/26,23/08/2025,Burnley,Sunderland,M Salisbury,0,1,0,0,1,0,3.797048147463776,10.79712926603516,3.735086162313811,18.74900321737332,47,1.7233683159561823,2.0036758546613718,1.4139933159561822,1.7267527777382947,10.146807717172699,10.438295919194337,305,115,1.6256159347663373,2.1038591820274766
2025/26,23/08/2025,Man City,Tottenham,P Bankes,1,4,0,0,5,0,3.797048147463776,10.79712926603516,3.9237496108117176,19.21788429958722,94,1.4757554403363555,1.8006402329630835,1.8259858550828993,2.0287508320414247,9.152024123260976,10.87783057487388,419,419,1.3503475942231176,1.9574904513659748
2025/26,24/08/2025,Crystal Palace,Nott'm Forest,A Taylor,3,3,0,0,6,0,3.7880007136267926,10.765072581874986,3.577492928320997,20.555916850560898,326,1.76131337638756,2.103153887324623,1.8143087680926289,2.0800769642476995,11.365755862590007,10.397984956646635,419,115,1.71165180960804,2.2973611854472353
2025/26,24/08/2025,Everton,Brighton,S Attwell,4,3,0,0,7,0,3.7880007136267926,10.765072581874986,3.633500089203349,19.075634072734374,175,1.7497926390603709,1.6794062667256278,1.6737557727009238,1.7950312667256278,10.71598627733655,10.799181388637695,419,305,1.6714732381794686,1.6431736847437182
2025/26,24/08/2025,Fulham,Man United,C Kavanagh,1,1,0,0,2,0,3.7880007136267926,10.765072581874986,3.474603268998253,19.59326356903108,164,1.9534466279233056,1.8972580768483893,1.4437378900592281,1.7451843441294954,10.823971089145932,11.206769687474798,191,419,1.7673636850200087,2.037544666750897
2025/26,25/08/2025,Newcastle,Liverpool,S Hooper,2,3,1,0,5,1,3.8046017437758173,10.771559667520199,3.643145984068844,19.79661583899341,126,1.6882184673694915,1.395240813544513,1.897814426965451,1.6625219195352965,10.363097720975762,9.994900224669127,381,419,1.6855342101381396,1.5961362190996369
2025/26,30/08/2025,Chelsea,Fulham,R Jones,2,2,0,0,4,0,3.8101129133569813,10.819636857099582,3.781803583338344,20.275346791758388,93,1.7898295329889136,1.949641772223079,2.0473007973567294,1.4423953954114848,10.329074198685625,10.83162935472583,420,192,1.6870037637785662,2.1313139355871833
2025/26,30/08/2025,Leeds,Newcastle,P Bankes,1,1,0,0,2,0,3.8101129133569813,10.819636857099582,3.9354401902827045,19.220757678562414,95,2.103632418703644,1.689107926574754,1.5998156248105142,1.9006948283379783,11.069826537620205,10.38072361820717,116,382,2.0900800938380457,1.7066788682047445
2025/26,30/08/2025,Man United,Burnley,S Barrott,1,5,0,0,6,0,3.8101129133569813,10.819636857099582,3.9727003567800705,17.023295647304522,39,1.895576659425695,1.7183048188479044,1.7438525214946607,1.4130088686921414,11.204936267651142,10.14376098575778,420,306,1.758114874889677,1.8367609931558175
2025/26,30/08/2025,Sunderland,Brentford,A Taylor,3,2,0,0,5,0,3.8101129133569813,10.819636857099582,3.5859455194145586,20.56389466314628,327,1.9967621896960106,1.7608038275158424,1.7143194416044074,1.7075493896460199,10.398070812429363,9.083711694841698,116,154,1.8846006417832515,1.8649548570671453
2025/26,30/08/2025,Tottenham,Bournemouth,S Hooper,2,4,0,0,6,0,3.8101129133569813,10.819636857099582,3.6529790975916088,19.884808693601904,127,1.805921487011902,1.771264320405537,2.026611142184316,1.8989901771033562,10.88079833661666,10.249679988873044,420,306,1.6514482082230104,1.8189038502986747
2025/26,30/08/2025,Wolves,Everton,M Oliver,0,1,0,0,1,0,3.8101129133569813,10.819636857099582,3.2986808933154115,20.85690537294245,314,1.87129274505363,1.7553467743682238,2.009101932332782,1.6771858548279939,11.078258927308294,10.708384543513212,268,420,1.8830593748334052,1.8381148748896772
2025/26,31/08/2025,Aston Villa,Crystal Palace,S Attwell,2,3,0,0,5,0,3.8152623883713708,10.905921391769224,3.653639600543703,19.10770166564294,176,1.9645310526878046,1.7646309607190467,2.0112600246504213,1.8175045239374374,10.784406263047568,11.367343472271884,306,420,1.8072289756713409,1.8205087462790457
2025/26,31/08/2025,Brighton,Man City,D England,2,2,0,0,4,0,3.8152623883713708,10.905921391769224,3.886093722640042,19.163216027394416,77,1.6841572209121036,1.4749757883052534,1.8025372832173996,1.8312976273857133,10.815558911022645,9.148952667674184,306,420,1.7358004042427697,1.6293976351679347
2025/26,31/08/2025,Liverpool,Arsenal,C Kavanagh,2,2,0,0,4,0,3.8152623883713708,10.905921391769224,3.4704292616278116,19.624463341022267,165,1.3991137193397363,1.6221022250868629,1.6634815354316903,1.9048608457765177,10.00872278261671,9.932860713651195,420,420,1.2293976351679345,1.713842079612379
2025/26,31/08/2025,Nott'm Forest,West Ham,C Pawson,0,0,0,0,0,0,3.8152623883713708,10.905921391769224,3.693927772824326,21.599463020474317,258,2.1115608237617196,1.6381941791098513,2.0886600604029413,1.5278493515236442,10.410644354490604,9.877688299858091,116,420,1.8714310672984285,1.6293976351679347
2025/26,13/09/2025,Arsenal,Nott'm Forest,D England,1,1,0,0,2,0,3.8047512653542386,10.908997272301702,3.884648365377242,19.269174095218858,78,1.6227881525003598,2.094966927955733,1.9048982442434788,2.0722396552284605,9.933067613629042,10.438011208653506,421,117,1.5490472644006967,2.3087073217829697
2025/26,13/09/2025,Bournemouth,Brighton,P Bankes,4,4,0,0,8,0,3.8047512653542386,10.908997272301702,3.9183370382963303,19.286982907500352,96,1.7780609766775055,1.6848932748141516,1.8991789890998658,1.8029056971744,10.26030273149771,10.831731302926283,307,307,1.7353311576795047,1.6519978243461713
2025/26,13/09/2025,Brentford,Chelsea,S Attwell,3,2,0,0,5,0,3.8047512653542386,10.908997272301702,3.6590038694745344,19.117450157463082,177,1.761974320530334,1.79021934516091,1.7149154970009224,2.0471000791058644,9.104808703189782,10.332150182436383,155,421,1.6797351575017043,1.9001583755118079
2025/26,13/09/2025,Crystal Palace,Sunderland,T Bramall,1,1,0,0,2,0,3.8047512653542386,10.908997272301702,3.841406814890285,17.72723092513469,31,1.7672835653443963,2.004057837046642,1.8177422809407267,1.7161790491678544,11.373434586106107,10.407708178350475,421,117,1.7179361532895856,2.089529239591189
2025/26,13/09/2025,Everton,Aston Villa,S Hooper,3,3,0,0,6,0,3.8047512653542386,10.908997272301702,3.6674430172147447,19.965522430114657,128,1.753522097454488,1.9643963804042137,1.6732468680966899,2.0140858213980026,10.70829697142721,10.772725091746157,421,307,1.6823805977340303,2.1162835386318855
2025/26,13/09/2025,Fulham,Leeds,C Pawson,1,2,0,0,3,0,3.8047512653542386,10.908997272301702,3.6799957099783662,21.594101872561772,259,1.949690550433446,2.094966927955733,1.4448828581257538,1.5949669279557332,10.864507113183954,11.066799087441385,193,117,1.7615822927041151,2.0758306094542025
2025/26,13/09/2025,Newcastle,Wolves,C Kavanagh,1,4,0,0,5,0,3.8047512653542386,10.908997272301702,3.471826081852649,19.611125297421687,166,1.6872754635431075,1.8645620932751998,1.898330739925017,2.0054071636977353,10.39401376769413,11.094427744867122,383,269,1.6870661868454213,1.8626552650346093
2025/26,13/09/2025,West Ham,Tottenham,J Gillett,0,1,1,0,1,1,3.8047512653542386,10.908997272301702,3.76537956891973,17.502527323680255,64,1.6342560424086165,1.8062743910324697,1.5241642992893505,2.0310450332343044,9.868847430142804,10.896370365922621,421,421,1.6646028199562524,1.9668250421784748
2025/26,14/09/2025,Burnley,Liverpool,M Oliver,0,2,0,0,2,0,3.811584395389278,10.99615136564549,3.292028264366859,20.882069953356286,315,1.7285306924391914,1.4004286306546319,1.4117605061037874,1.6641900985445404,10.144320295783668,10.003374163399865,307,421,1.6165885890798783,1.602608368735198
2025/26,14/09/2025,Man City,Man United,A Taylor,0,0,0,0,0,0,3.811584395389278,10.99615136564549,3.5900555520813935,20.583296838926735,328,1.4761167040491274,1.893547896709678,1.8316212912050909,1.7513460618472927,9.161631044133811,11.202915447803534,421,421,1.3492750354018648,2.033719479846309
2025/26,20/09/2025,Brighton,Tottenham,C Kavanagh,1,2,0,0,3,0,3.785698288051952,10.950394173850903,3.4773044645900977,19.65499924138684,167,1.691618381301516,1.804102373364736,1.8092654401250454,2.026070336751464,10.830117511776724,10.888164659734283,308,422,1.7360516991739032,1.9619147661964143
2025/26,20/09/2025,Burnley,Nott'm Forest,T Bramall,1,1,0,0,2,0,3.785698288051952,10.950394173850903,3.8007448631806806,17.75017288326794,32,1.7225781336234973,2.0856596778976666,1.412980610403683,2.063103286920223,10.139715034996538,10.444571100029187,308,118,1.6058741843810038,2.289091042707968
2025/26,20/09/2025,Fulham,Brentford,M Oliver,4,1,0,0,5,0,3.785698288051952,10.950394173850903,3.2863415167193515,20.870263502481734,316,1.9444628572267446,1.7683785798853195,1.4468552017243526,1.715747000937951,10.909703140209961,9.129403253239074,194,156,1.7535065817891933,1.8644380339826843
2025/26,20/09/2025,Liverpool,Everton,D England,2,3,0,0,5,0,3.785698288051952,10.950394173850903,3.861946703858642,19.276537061021852,79,1.4013563779413951,1.7560474534562691,1.6599376136393356,1.675955920275491,10.000292806187373,10.723404934333825,422,422,1.231826270621193,1.833596182125618
2025/26,20/09/2025,Man United,Chelsea,P Bankes,0,5,1,1,5,2,3.785698288051952,10.950394173850903,3.947888993453269,19.350490609395678,97,1.8887705655844156,1.7903723962480311,1.746894135378466,2.048953631945972,11.19480081534069,10.329812256988287,422,422,1.7539501644265028,1.8999678635415471
2025/26,20/09/2025,West Ham,Crystal Palace,T Harrington,3,3,0,0,6,0,3.785698288051952,10.950394173850903,3.7562294793856954,17.67872784676623,38,1.6301893298864751,1.7652007715340723,1.5226378424722875,1.81554402096199,9.865281364539776,11.371002188338402,422,422,1.65660503168314,1.824746624603494
2025/26,20/09/2025,Wolves,Leeds,A Taylor,1,1,0,0,2,0,3.785698288051952,10.950394173850903,3.5780860372918046,20.567118232616586,329,1.8715534637206654,2.0931784748901476,2.001378025124174,1.5894190763939071,11.116238443171515,11.09870643837505,270,118,1.8692849144025976,2.072874826491752
2025/26,21/09/2025,Arsenal,Man City,S Attwell,1,2,0,0,3,0,3.792623203655824,10.970814076384181,3.664116158085693,19.139262817288696,178,1.6211548604746424,1.47241344171034,1.9026193913670908,1.8271045172252145,9.929705047077533,9.158537999022613,422,422,1.5462153718027376,1.6302861682629146
2025/26,21/09/2025,Bournemouth,Newcastle,R Jones,2,1,0,0,3,0,3.792623203655824,10.970814076384181,3.7799628579108875,20.372019763946255,94,1.7846584335214202,1.6853249975624527,1.9054014675771476,1.9033701103444076,10.279508066789106,10.394188234518499,308,384,1.7481933374403473,1.7026312754947763
2025/26,21/09/2025,Sunderland,Aston Villa,S Barrott,2,1,1,0,3,1,3.792623203655824,10.970814076384181,3.9971627706368555,17.096466952455454,40,1.9958246167475089,1.9673209722211105,1.710110331033223,2.016856575936281,10.393091019344974,10.787248004869602,118,308,1.8979010003705228,2.1209744025291046
2025/26,27/09/2025,Brentford,Man United,C Pawson,2,2,0,0,4,0,3.7817109257502866,10.944267209253168,3.6755886776973936,21.644233965723963,260,1.7637373950181812,1.8843900272674134,1.7288536740879485,1.7542530409660437,9.151639558543016,11.19881736088904,157,423,1.6920734617540554,2.0237293448810934
2025/26,27/09/2025,Chelsea,Brighton,S Hooper,3,5,1,0,8,1,3.7817109257502866,10.944267209253168,3.678849176258163,20.04939402747616,129,1.7976320363998337,1.6893914566145898,2.0442073788655875,1.8097618269849605,10.338086767281732,10.827413592806785,423,309,1.6874461590403858,1.664868828065841
2025/26,27/09/2025,Crystal Palace,Liverpool,C Kavanagh,1,3,0,0,4,0,3.7817109257502866,10.944267209253168,3.4743148867552183,19.671537203271136,168,1.76795167110303,1.402654867450062,1.818179981605313,1.6629288400528017,11.35635160746438,10.002470328925568,423,423,1.7139948316067573,1.6033753625802085
2025/26,27/09/2025,Leeds,Bournemouth,M Oliver,2,2,0,0,4,0,3.7817109257502866,10.944267209253168,3.291060740186425,20.878966901261197,317,2.084797253306919,1.785070468960269,1.584797253306919,1.902354419577553,11.08270152290596,10.268771617498144,119,309,2.072470701934151,1.8305493014386223
2025/26,27/09/2025,Man City,Burnley,R Jones,1,3,0,0,4,0,3.7817109257502866,10.944267209253168,3.7711897761979767,20.338389001927744,95,1.4734311231578245,1.7202556541454541,1.8250292966738064,1.411613678836812,9.16000457550091,10.145314827374687,423,309,1.3423134156775538,1.8542179404918766
2025/26,27/09/2025,Nott'm Forest,Sunderland,T Harrington,4,2,0,0,6,0,3.7817109257502866,10.944267209253168,3.7897308303712056,17.712604378614518,39,2.077334566739755,1.9952450145009488,2.0549465070382626,1.704200238381546,10.448373164697006,10.41852241842835,119,119,1.842740972204421,2.072470701934151
2025/26,27/09/2025,Tottenham,Wolves,M Salisbury,3,2,0,0,5,0,3.7817109257502866,10.944267209253168,3.692366755393934,18.734338085360676,48,1.8044813514683267,1.8684015102906544,2.0236594336601077,1.997772139661284,10.892881287829677,11.115671342899997,423,271,1.65204792895189,1.875752212954181
2025/26,28/09/2025,Aston Villa,Fulham,A Madley,1,4,0,0,5,0,3.820467451840495,10.888197739078413,3.4197933306278276,20.848211266255184,112,1.964979956446925,1.9554928851847795,2.017449092249394,1.4459690756609702,10.77673297235521,10.907911824014706,309,195,1.8086006265609686,2.130834874007176
2025/26,28/09/2025,Newcastle,Arsenal,J Gillett,2,1,0,0,3,0,3.820467451840495,10.888197739078413,3.7390187366223597,17.46894381641067,65,1.6841337647220094,1.620213483764392,1.9041337647220093,1.9033185065954423,10.39165370760772,9.930733979550428,385,423,1.6843164535691002,1.715280999507981
2025/26,29/09/2025,Everton,West Ham,S Barrott,3,4,0,0,7,0,3.822097786128795,10.871846430858266,3.9932188583821193,17.13327516320389,41,1.759510806840105,1.6339400305843972,1.6773190260181872,1.526634094511338,10.720408329295518,9.875659470848031,423,423,1.6887864309556018,1.6224147495396726
2025/26,03/10/2025,Bournemouth,Fulham,S Hooper,0,1,0,0,1,0,3.836748935158669,10.8777207062341,3.715604666961076,20.070600113908725,130,1.7870018985036618,1.9657612180743604,1.9039249754267387,1.4444342038563507,10.275639708605402,10.917454527472778,310,196,1.7516212765511179,2.14845678773177
2025/26,04/10/2025,Arsenal,West Ham,J Brooks,0,2,0,0,2,0,3.8236706122237023,10.860468082336332,4.271169716156236,18.753008069636877,62,1.6188554204821817,1.6393565594343458,1.9035934614844596,1.5300171516894712,9.928140115301872,9.889415741725564,424,424,1.5448349321219284,1.6329406589941753
2025/26,04/10/2025,Chelsea,Liverpool,A Taylor,0,2,0,0,2,0,3.8236706122237023,10.860468082336332,3.5763148318467395,20.559187893122278,330,1.8010877667236396,1.407010317976487,2.0516572428056445,1.662135602714528,10.333607085689117,9.99647724514242,424,424,1.694614667804748,1.6109142272761134
2025/26,04/10/2025,Leeds,Tottenham,T Bramall,2,3,0,0,5,0,3.8236706122237023,10.860468082336332,3.786064919061941,17.801925897558764,33,2.086500219197613,1.8079214797076943,1.590203922901317,2.0243223908694254,11.084840819389054,10.887137837397546,120,424,2.0757003945557035,1.9633371347651003
2025/26,04/10/2025,Man United,Sunderland,S Attwell,1,4,0,0,5,0,3.8236706122237023,10.860468082336332,3.6646655162038853,19.134861284600042,179,1.8853702268603139,1.9976113303087242,1.7555296801632752,1.72353725623465,11.194654921680005,10.381137115685352,424,120,1.747478103928096,2.0757003945557035
2025/26,05/10/2025,Aston Villa,Burnley,A Kitchen,3,1,0,0,4,0,3.817869804835956,10.869830196869492,3.6832127822555147,12.064657589693974,2,1.9619508416500606,1.7250277647269836,2.023489303188522,1.41118161088083,10.773919158389297,10.133919158389297,310,310,1.803729550213351,1.8625530796251157
2025/26,05/10/2025,Brentford,Man City,D England,3,2,0,0,5,0,3.817869804835956,10.869830196869492,3.8804451916276084,19.273769094492735,80,1.7666706562790155,1.4729704408571063,1.73198857535416,1.8283235160279492,9.17643772529781,9.14925678012875,158,424,1.698234292939039,1.6327490023624214
2025/26,05/10/2025,Everton,Crystal Palace,M Salisbury,2,3,0,0,5,0,3.817869804835956,10.869830196869492,3.72225331244458,18.72629398542888,49,1.7622642905154207,1.766820099171457,1.6825376390347828,1.8214898030438944,10.71189914914925,11.351990265322371,424,424,1.694423011172994,1.8309868878249764
2025/26,05/10/2025,Newcastle,Nott'm Forest,P Bankes,0,4,0,0,4,0,3.817869804835956,10.869830196869492,3.9629816676495846,19.39630695058323,98,1.6848728766490515,2.0935853595279235,1.901830482634089,2.0565483224908867,10.38534595131302,10.448323899826082,386,120,1.6857404977705273,2.275120313816929
2025/26,05/10/2025,Wolves,Brighton,J Gillett,2,4,0,0,6,0,3.817869804835956,10.869830196869492,3.73018401231757,17.45874455957953,66,1.8698049600566888,1.7004123801115991,2.002209141241358,1.8142585339577528,11.113323088768366,10.841611466081604,272,310,1.8651259836839051,1.6860824913898216
2025/26,18/10/2025,Brighton,Newcastle,C Pawson,0,1,0,0,1,0,3.8403650641211113,10.930353434404697,3.6818500930175797,21.65125467083957,261,1.707983858837142,1.681101338260966,1.815345822027326,1.9074694974649462,10.837354756926487,10.400441917308545,311,387,1.7341337528288725,1.70097470183129
2025/26,18/10/2025,Burnley,Leeds,T Robinson,2,1,0,0,3,0,3.8403650641211113,10.930353434404697,4.061678870815812,18.542443628617193,40,1.7233212821500254,2.086784838094914,1.4165728158923567,1.6014907204478552,10.15023819250931,11.08071802027967,311,121,1.6047219881229902,2.064036506412111
2025/26,18/10/2025,Crystal Palace,Bournemouth,J Gillett,1,4,0,0,5,0,3.8403650641211113,10.930353434404697,3.760968767424215,17.52455256369693,67,1.7700062226838824,1.7816034907389826,1.8222789499566099,1.9012353925794736,11.363585569904625,10.269870094349802,425,311,1.7127873919863803,1.8341337528288726
2025/26,18/10/2025,Fulham,Arsenal,A Taylor,0,0,0,0,0,0,3.8403650641211113,10.930353434404697,3.5730593443905274,20.55409785353966,331,1.9613336697212658,1.615460768138428,1.4377487640608884,1.9040971317747917,10.914988918669977,9.938585569904625,197,425,1.7770153803620206,1.7127873919863803
2025/26,18/10/2025,Man City,Everton,T Harrington,0,2,0,0,2,0,3.8403650641211113,10.930353434404697,3.8462942554311965,17.696289782463346,40,1.474551677229337,1.7631880408657006,1.831369859047519,1.6859153135929736,9.143131024450081,10.71813102445008,425,425,1.3427433391229442,1.8405406959511381
2025/26,18/10/2025,Nott'm Forest,Chelsea,C Kavanagh,2,2,0,1,4,1,3.8403650641211113,10.930353434404697,3.484583126819731,19.661128019897514,169,2.1088436616243262,1.79727894995661,2.0426671910360907,2.0518244045020646,10.485129784985553,10.331767388086444,121,425,1.8773698397454446,1.9154305637925477
2025/26,18/10/2025,Sunderland,Wolves,R Jones,0,0,0,0,0,0,3.8403650641211113,10.930353434404697,3.785199393413453,20.266601949257172,96,2.0132554263302085,1.8708428402114874,1.7191377792713847,2.009731729100376,10.396894490867906,11.121450176243178,121,273,1.904036506412111,1.879488330999393
2025/26,19/10/2025,Liverpool,Man United,M Oliver,0,2,0,0,2,0,3.7862497462571376,10.881949297128443,3.2934584363161177,20.886439453143474,318,1.407720166129383,1.882720166129383,1.657720166129383,1.7599928934021103,9.992305953928325,11.192305953928326,425,425,1.2352285158455,2.0237747713521084
2025/26,19/10/2025,Tottenham,Aston Villa,S Hooper,2,0,0,0,2,0,3.7862497462571376,10.881949297128443,3.6901041260027463,20.058004695052635,131,1.8099928934021103,1.9644075861868975,2.023629257038474,2.0196223101132778,10.890033226655598,10.768756502234549,425,311,1.6581360048322844,2.1140992535113443
2025/26,20/10/2025,West Ham,Brentford,A Madley,1,1,0,0,2,0,3.7698173439898235,10.865733189777767,3.422068359418446,20.859734273510462,113,1.6392582501816446,1.7716875291949636,1.525621886545281,1.7314576441374925,9.898847724825757,9.180994246685824,425,159,1.6619983703961394,1.8539747880842945
2025/26,24/10/2025,Leeds,West Ham,S Attwell,3,3,0,0,6,0,3.7616579180823244,10.857768975355874,3.663616819278332,19.148508411628764,180,2.074543316683339,1.637669919241763,1.6000907619388134,1.5242912344345068,11.046958155585177,9.898941649240747,122,426,2.06858466296865,1.632510677129901
2025/26,25/10/2025,Brentford,Liverpool,S Hooper,3,2,0,0,5,0,3.7719773933857113,10.86366647939526,3.6770664639149224,20.041985108183958,132,1.7673704597165305,1.4042853298194848,1.7273704597165305,1.6582535837877388,9.185585706259797,9.987477321078151,160,426,1.7083140047409773,1.6109203089929511
2025/26,25/10/2025,Chelsea,Sunderland,A Madley,1,1,0,0,2,0,3.7719773933857113,10.86366647939526,3.4122261498895163,20.853177424351667,114,1.7965755792525915,1.9948162806598015,2.0505438332208454,1.7028454777400936,10.343486391372934,10.353850354711419,426,122,1.685481712501723,2.095918821715695
2025/26,25/10/2025,Man United,Brighton,A Taylor,2,2,0,0,4,0,3.7719773933857113,10.86366647939526,3.55826172222589,20.533870201638322,332,1.8827433797061064,1.701192142050131,1.7557592527219792,1.811283885169397,11.198361674819648,10.830206417723133,426,312,1.742499256361372,1.697601347663116
2025/26,25/10/2025,Newcastle,Fulham,P Bankes,0,2,0,0,2,0,3.7719773933857113,10.86366647939526,3.954027700279377,19.48864243536195,99,1.678138537097749,1.9497175138516096,1.9014635991324884,1.4285907532882294,10.395725802966414,10.913039899509222,388,198,1.6760278968918318,2.134121319740288
2025/26,26/10/2025,Arsenal,Crystal Palace,T Bramall,0,0,0,0,0,0,3.7623438222930035,10.882927830730866,3.7806541619885605,17.882596538445284,34,1.610470699925618,1.7669332849596315,1.8984525593360488,1.825890201059405,9.924312831588395,11.355151833855967,426,426,1.5360420116982347,1.8342876257333225
2025/26,26/10/2025,Aston Villa,Man City,M Oliver,1,4,0,0,5,0,3.7623438222930035,10.882927830730866,3.287961033596875,20.889747662117067,319,1.957851922529656,1.46988113076462,2.0190140020403593,1.8304253484516952,10.75725369642349,9.139732332722179,312,426,1.8082899337263014,1.6325332397684102
2025/26,26/10/2025,Bournemouth,Nott'm Forest,S Barrott,3,1,0,0,4,0,3.7623438222930035,10.882927830730866,4.01579993369142,17.224973071168233,42,1.7865980998996867,2.1037779464758946,1.8966898430189525,2.03808451581896,10.286305684191076,10.500890209711542,312,122,1.7381144951298102,2.292336561410494
2025/26,26/10/2025,Everton,Tottenham,C Pawson,2,0,0,0,2,0,3.7623438222930035,10.882927830730866,3.6657093921858017,21.634401378983526,262,1.7623981375673412,1.810017185186389,1.6807654845061168,2.0186339652317407,10.724766346327623,10.890299226146217,426,426,1.69393674854034,1.9658665731017435
2025/26,26/10/2025,Wolves,Burnley,T Harrington,1,0,0,0,1,0,3.7623438222930035,10.882927830730866,3.7887665993534103,17.743533269216236,41,1.8623445628622752,1.722377916413448,2.000752867360545,1.413509414884396,11.123259372769834,10.148691005291992,274,312,1.8632735438631416,1.8550735594572956
2025/26,01/11/2025,Brighton,Leeds,M Oliver,0,1,0,0,1,0,3.7312061044399463,10.847409505744391,3.2906671090173876,20.89618909461916,320,1.7011708712905476,2.079594534661591,1.810926968851523,1.608580041907968,10.836449912478912,11.053301241254225,313,123,1.7192049461011671,2.0392637603065737
2025/26,01/11/2025,Burnley,Arsenal,C Kavanagh,2,1,0,0,3,0,3.7312061044399463,10.847409505744391,3.473231551851275,19.698385834069796,170,1.716414773729572,1.6062987461160625,1.411536724949084,1.893629062858144,10.138279180771594,9.914831609260368,313,427,1.6022458817736818,1.7016844113302614
2025/26,01/11/2025,Crystal Palace,Brentford,P Bankes,0,3,0,0,3,0,3.7312061044399463,10.847409505744391,3.9302412208879893,19.561481901148877,100,1.7624073434011303,1.7726366237687476,1.821230872812895,1.7271820783142022,11.353745636409691,9.172474836892517,427,161,1.7060703762425422,1.8419373240347325
2025/26,01/11/2025,Fulham,Wolves,J Brooks,1,3,0,1,4,1,3.7312061044399463,10.847409505744391,4.219092643306803,18.854377700495565,63,1.9485235784266335,1.858565675114826,1.4204861952490635,1.9930484337355159,10.94558678174338,11.125364038941665,199,275,1.754246015642979,1.8617371433111816
2025/26,01/11/2025,Liverpool,Aston Villa,S Attwell,2,3,0,0,5,0,3.7312061044399463,10.847409505744391,3.671262876752421,19.165947755551503,181,1.404941280052714,1.9542196517783523,1.6605973886499992,2.0243416029978647,9.987229799305616,10.74803527833257,427,313,1.2280002008039457,2.0993219051654948
2025/26,01/11/2025,Nott'm Forest,Man United,D England,1,1,0,0,2,0,3.7312061044399463,10.847409505744391,3.8705674774622514,19.23759658154349,81,2.0940872882847796,1.882316845663574,2.04336265060362,1.7556200130843882,10.47359109632669,11.181799935052224,123,427,1.8682111287276264,2.0218598499267526
2025/26,01/11/2025,Tottenham,Chelsea,J Gillett,4,2,0,0,6,0,3.7312061044399463,10.847409505744391,3.74494787753762,17.571884275737737,68,1.8053937687404968,1.7940815515459267,2.0180634519984153,2.0474752167042976,10.883157401115572,10.353745636409691,427,427,1.6578247622074542,1.912210727119735
2025/26,02/11/2025,Man City,Bournemouth,A Taylor,2,2,0,0,4,0,3.7218883838020904,10.848861921242944,3.5559977921649506,20.522965217963893,333,1.4749189205396283,1.7893724478003528,1.8278600970102166,1.8930309843857187,9.154675258844621,10.305995318321102,427,313,1.332956854730332,1.841603291687226
2025/26,02/11/2025,West Ham,Newcastle,R Jones,1,2,0,0,3,0,3.7218883838020904,10.848861921242944,3.7298951606151824,20.223127442877654,97,1.6400772915803523,1.6730548586101874,1.5269551196346507,1.900777630887415,9.90128159368625,10.39694669408248,427,389,1.657518258239104,1.693369200375673
2025/26,03/11/2025,Sunderland,Everton,T Bramall,3,2,0,0,5,0,3.7198365192128486,10.805844622230438,3.6999318830053536,17.835768592596015,35,1.9847737238702634,1.7622144205748786,1.6949186514064953,1.6762415698961457,10.369882859903829,10.719556187028797,123,427,1.8670891301854786,1.837275324096914
2025/26,08/11/2025,Chelsea,Wolves,A Kitchen,1,2,0,0,3,0,3.725738483674798,10.807651987695952,3.6122665032810697,12.435403560442813,3,1.7944538118003635,1.8623472117785602,2.0517901549154876,1.989494978101584,10.356788690536614,11.134217834734432,428,276,1.6809739678059432,1.8689087491997451
2025/26,08/11/2025,Everton,Fulham,A Madley,2,2,0,0,4,0,3.725738483674798,10.807651987695952,3.393881872084785,20.894223569231418,115,1.7628511029967515,1.9439211098956324,1.679329658301492,1.4276420401281906,10.722477178121263,10.953755301896368,428,200,1.6940744044871658,2.129939466326617
2025/26,08/11/2025,Sunderland,Arsenal,C Pawson,2,1,0,0,3,0,3.725738483674798,10.807651987695952,3.6567481322634374,21.61177534615416,263,1.9923959613493598,1.604837558978693,1.6974319325723812,1.8937766108974288,10.367319351854098,9.921122776315395,124,428,1.8823771250332597,1.6984412167142402
2025/26,08/11/2025,Tottenham,Man United,S Barrott,5,1,0,0,6,0,3.725738483674798,10.807651987695952,4.002109736645147,17.296930877829393,43,1.810255166202169,1.8802325928387382,2.017930109768761,1.7538217576242912,10.889520067511782,11.171687110401173,428,428,1.6678735311247206,2.017218509290659
2025/26,08/11/2025,West Ham,Burnley,M Salisbury,2,2,0,0,4,0,3.725738483674798,10.807651987695952,3.708579494558266,18.842550662565316,50,1.6386976041254198,1.7171520930928905,1.5280881233127788,1.410161211633924,9.889520067511782,10.136952552911001,428,314,1.6547730944434977,1.8426920850439592
2025/26,09/11/2025,Aston Villa,Bournemouth,J Brooks,2,2,0,0,4,0,3.732086961472526,10.874930527576804,4.216878359964193,18.953632170667642,64,1.9574183957782492,1.7902451434986137,2.0242876966901036,1.8935886085442064,10.749428507467556,10.308699024184882,314,314,1.8022712337851392,1.842968908203744
2025/26,09/11/2025,Brentford,Newcastle,S Attwell,2,1,0,0,3,0,3.732086961472526,10.874930527576804,3.677788280371078,19.192624459852272,182,1.7796082045821693,1.6740509931136889,1.7174613119268018,1.89874235113838,9.183965982806926,10.396449330757594,162,390,1.7186526271983744,1.6951935819573523
2025/26,09/11/2025,Crystal Palace,Brighton,T Robinson,1,4,0,0,5,0,3.732086961472526,10.874930527576804,4.004578394497169,18.49807974529424,41,1.7584439101829434,1.6960202194864558,1.8239066641332822,1.808482225565483,11.344383699676808,10.83453489044628,428,314,1.6986491362927683,1.6976200709944416
2025/26,09/11/2025,Man City,Liverpool,C Kavanagh,2,4,0,0,6,0,3.732086961472526,10.874930527576804,3.4709294593714954,19.718741138721533,171,1.476276867293553,1.406299440656984,1.8284213368195121,1.6636357837721083,9.152510110512022,9.994496566493964,428,428,1.3362037214456068,1.6113128917512836
2025/26,09/11/2025,Nott'm Forest,Leeds,J Gillett,2,1,0,0,3,0,3.732086961472526,10.874930527576804,3.7691720642214164,17.668864502015108,69,2.0862636849715392,2.071875195762906,2.0359039727413233,1.597055051878014,10.47166891335846,11.025625747890835,124,124,1.8570214572862849,2.025852626117454
2025/26,22/11/2025,Bournemouth,West Ham,T Bramall,3,2,0,0,5,0,3.7427949740601827,10.939146817750563,3.7306536778935175,17.958666728586294,36,1.7911241281983377,1.6397994646519176,1.8941544312286405,1.5294391042915572,10.339526064039784,9.903251353903443,315,429,1.7445986180549498,1.6378644642159448
2025/26,22/11/2025,Brighton,Brentford,C Kavanagh,4,2,0,0,6,0,3.7427949740601827,10.939146817750563,3.485126265743678,19.77400340326784,172,1.7032453403195496,1.7812975410418617,1.8062756433498526,1.713881810704783,10.839526064039784,9.191256186141175,315,163,1.7097148971247174,1.8549058573484518
2025/26,22/11/2025,Burnley,Chelsea,P Bankes,2,3,0,0,5,0,3.7427949740601827,10.939146817750563,3.925157732948449,19.56729103526797,101,1.7183968554710647,1.7929526178050708,1.4123362494104588,2.0519616268140797,10.148616973130695,10.362710813362904,315,429,1.6050637343340197,1.9129736345216217
2025/26,22/11/2025,Fulham,Sunderland,D England,3,3,0,0,6,0,3.7427949740601827,10.939146817750563,3.8557932182383605,19.23811841536228,82,1.9447729736363488,1.9933640164675097,1.43088408474746,1.6933640164675097,10.972424079320042,10.393168579522353,201,125,1.7484431504821858,2.078843666304563
2025/26,22/11/2025,Liverpool,Nott'm Forest,A Madley,2,0,0,0,2,0,3.7427949740601827,10.939146817750563,3.401204782634784,20.946657237189818,116,1.41232198717444,2.0862211593246527,1.6645742394266922,2.0290783021817957,10.006854957507048,10.471740008093779,429,125,1.231750927098041,2.2736488611097583
2025/26,22/11/2025,Newcastle,Man City,S Barrott,1,3,0,0,4,0,3.7427949740601827,10.939146817750563,4.037244555818907,17.354763339764695,44,1.672588577107023,1.4776373024897553,1.8991895623286978,1.833493158345611,10.404048278653029,9.164512615164705,391,429,1.6670045824069113,1.642231276443019
2025/26,22/11/2025,Wolves,Crystal Palace,A Taylor,2,3,0,0,5,0,3.7427949740601827,10.939146817750563,3.558690457803634,20.525010224077334,334,1.8632567202241486,1.7569165817690346,1.986544391457025,1.8289886538411069,11.147409592921676,11.342440543092632,277,429,1.8566729562447801,1.825637389980137
2025/26,23/11/2025,Arsenal,Tottenham,M Oliver,1,3,0,0,4,0,3.773570013230853,10.876201114175272,3.2871076599155242,20.887008751024226,321,1.6042832772505211,1.818247241214485,1.894823817791062,2.016445439412683,9.929215108910618,10.888674568370078,429,429,1.5297020746691328,1.9576496729224078
2025/26,23/11/2025,Leeds,Aston Villa,R Jones,5,1,0,0,6,0,3.773570013230853,10.876201114175272,3.7344654498436696,20.186219738653513,98,2.0664412507087957,1.9584902275734284,1.6021555364230815,2.0251568942400953,11.025510773973675,10.741125782897923,125,315,2.081841235054953,2.106405669181578
2025/26,24/11/2025,Man United,Everton,T Harrington,2,0,0,1,2,1,3.7848736720676834,10.951915085327892,3.755549877637195,17.788028016913394,42,1.8792489922083506,1.7643841273434857,1.7621318750912334,1.6810507940101522,11.166980547612521,10.725539106171077,429,429,1.7440460809629152,1.8401159499585487
2025/26,29/11/2025,Brentford,Burnley,S Barrott,0,2,0,0,2,0,3.7766448316599415,10.947725861098526,4.048801725592837,17.409902093249475,45,1.78393763261145,1.7200146109892736,1.7280717108237404,1.417899807363896,9.190547172951057,10.157425812562655,164,316,1.7249983117262842,1.8458083019505755
2025/26,29/11/2025,Everton,Newcastle,C Pawson,0,0,0,0,0,0,3.7766448316599415,10.947725861098526,3.658879310697227,21.639076631582917,264,1.7602805308706733,1.6715597941952078,1.6816288454774149,1.9025180251534388,10.721590885299413,10.410584628890021,430,392,1.6970645053802156,1.6934826361964435
2025/26,29/11/2025,Man City,Leeds,P Bankes,4,1,0,0,5,0,3.7766448316599415,10.947725861098526,3.940284415681091,19.580260996279236,102,1.4816288454774147,2.0874101860812027,1.8321906432302237,1.598048483953543,9.16204032350166,11.078779744384672,430,126,1.3405427662497806,2.016985079967302
2025/26,29/11/2025,Sunderland,Bournemouth,T Robinson,5,5,0,1,10,1,3.7766448316599415,10.947725861098526,4.036061504350725,18.577509649663632,42,2.002303803102479,1.795543311895618,1.7044314626769472,1.8952411970919927,10.412113077718008,10.335673546701628,126,316,1.8887799517621737,1.8458083019505755
2025/26,29/11/2025,Tottenham,Fulham,S Attwell,3,2,0,0,5,0,3.7766448316599415,10.947725861098526,3.6798851961129735,19.21967858907434,183,1.820954688174044,1.9508056969467722,2.014213115140336,1.4392849596195831,10.899118975187054,10.945197898425064,430,202,1.6840210271193459,2.132110657219393
2025/26,30/11/2025,Aston Villa,Wolves,C Kavanagh,0,4,0,0,4,0,3.79121972487383,10.892323326985643,3.5039418844537664,19.764182238255763,173,1.9559944046421562,1.8649629622407977,2.034544253584755,1.9912428257220265,10.757378927348618,11.152533873557655,316,278,1.8059777337373049,1.872949012575024
2025/26,30/11/2025,Chelsea,Arsenal,A Taylor,1,6,1,0,7,1,3.79121972487383,10.892323326985643,3.56605692533846,20.525855786596225,335,1.7964812313180982,1.603222804351806,2.0526610065989974,1.8976048268237162,10.35661219090425,9.931893089780658,430,430,1.680148469289364,1.6975397736371902
2025/26,30/11/2025,Crystal Palace,Man United,R Jones,3,2,0,0,5,0,3.79121972487383,10.892323326985643,3.7562942993697237,20.30087163850517,99,1.760526175138323,1.8796272987338285,1.8301890964866376,1.758278984127087,11.336387471803128,11.16784814596043,430,430,1.6975397736371902,2.014931077985016
2025/26,30/11/2025,Nott'm Forest,Brighton,M Oliver,0,1,0,0,1,0,3.79121972487383,10.892323326985643,3.2904336977574804,20.90290513883182,322,2.0740010491954166,1.7112814137056003,2.0314478577060546,1.8079581508657212,10.451719325903492,10.835928776291215,126,316,1.8645403581609452,1.7134921846043567
2025/26,30/11/2025,West Ham,Liverpool,D England,1,0,1,0,1,1,3.79121972487383,10.892323326985643,3.886856417794868,19.215815584950377,83,1.6414250515428175,1.414458759407986,1.5335598830034916,1.661649770643941,9.902679606634589,10.00829758416268,430,430,1.6584093388545815,1.623626730158929
2025/26,02/12/2025,Bournemouth,Everton,M Salisbury,3,3,0,0,6,0,3.786598569245036,11.004837778037787,3.7324337398832355,19.027907163828218,51,1.8054201484016197,1.7565010970164523,1.9048177387630656,1.6780257606935824,10.344988805226757,10.707480455908708,317,431,1.7537542732331663,1.8321716924753815
2025/26,02/12/2025,Fulham,Man City,C Pawson,0,1,0,0,1,0,3.786598569245036,11.004837778037787,3.647120566314227,21.60386532569291,265,1.951373803987788,1.4874428010523268,1.446786648024485,1.830492128406587,10.92906551988662,9.180574626312296,203,431,1.7620645626667049,1.6495629968232077
2025/26,02/12/2025,Newcastle,Tottenham,T Bramall,0,3,0,0,3,0,3.786598569245036,11.004837778037787,3.768789745663321,18.00195071695072,37,1.6676458070326905,1.8237656710074839,1.8980379638954357,2.0143486306487395,10.40082422386099,10.90030556801633,393,431,1.6654004230774304,1.9626064750840773
2025/26,03/12/2025,Arsenal,Brentford,T Harrington,0,1,0,0,1,0,3.780294828922818,10.981508804534425,3.7280495694569185,17.84614294284354,43,1.6128973345670878,1.7741789512051174,1.8954085453294196,1.7297345067606729,9.940272009044861,9.179785089077823,431,165,1.5276183096387876,1.8593011465661973
2025/26,03/12/2025,Brighton,Aston Villa,A Madley,2,2,0,0,4,0,3.780294828922818,10.981508804534425,3.3979392304441585,20.94040647967155,117,1.708892202460606,1.9498560578822925,1.8022656964365094,2.040217503665425,10.835425650704842,10.76614854227111,317,317,1.7245792555891395,2.1003017989417407
2025/26,03/12/2025,Burnley,Crystal Palace,T Kirk,0,0,0,0,0,0,3.780294828922818,10.981508804534425,3.780294828922818,10.981508804534425,0,1.7209403952316902,1.7631215498137245,1.4137114795690395,1.8303861238047558,10.148678662753039,11.343859452991051,317,431,1.6089723191729546,1.831966135725744
2025/26,03/12/2025,Leeds,Chelsea,D England,1,1,0,0,2,0,3.780294828922818,10.981508804534425,3.8578657864501875,19.298511193700556,84,2.0799451494149372,1.7945116843428726,1.6151564170205714,2.06132782784063,11.080009267845128,10.361796672721992,127,431,2.119900143806681,1.9189226574648743
2025/26,03/12/2025,Liverpool,Sunderland,S Attwell,1,1,0,0,2,0,3.780294828922818,10.981508804534425,3.686638137430959,19.21788382829359,184,1.4111036125939935,2.0236071212459232,1.6599825363608098,1.7278324733585997,10.018747345367732,10.439164197422592,431,127,1.2363139618127006,2.0942591181656556
2025/26,03/12/2025,Wolves,Nott'm Forest,T Robinson,2,2,0,0,4,0,3.780294828922818,10.981508804534425,4.12510839298633,18.713790001667068,43,1.8719462966561942,2.058818388851557,1.984191194615378,2.0236071212459232,11.188303796034042,10.460290957985972,279,127,1.8594299429670205,2.2481052720118093
2025/26,04/12/2025,Man United,West Ham,A Kitchen,2,2,0,0,4,0,3.736286269013079,10.929791241203574,3.600246783631965,13.008440725175495,4,1.8789734238062736,1.6390631099049284,1.7601393430887848,1.5291976390529105,11.174828328047145,9.908012184549388,431,431,1.7435745522504265,1.6392267261634699
2025/26,06/12/2025,Aston Villa,Arsenal,P Bankes,0,2,0,0,2,0,3.7375020739404157,10.930394608610372,3.9409183738164875,19.642655196994212,103,1.9490428395031625,1.608571063880432,2.0391329295932525,1.892687394976629,10.759693572265999,9.932836598578476,318,432,1.793283135370995,1.7144210630067234
2025/26,06/12/2025,Bournemouth,Chelsea,M Oliver,0,2,0,0,2,0,3.7375020739404157,10.930394608610372,3.2799929650819264,20.905919152917413,323,1.8079016983620213,1.7920162540370317,1.9070007974611203,2.0582354934106335,10.354288166860595,10.366841072851404,318,432,1.7588003767503053,1.9135552621409226
2025/26,06/12/2025,Everton,Nott'm Forest,C Kavanagh,4,3,0,0,7,0,3.7375020739404157,10.930394608610372,3.4996861901935197,19.84050183525256,174,1.7584592070571656,2.056162696185686,1.6801594307708123,2.021197661220651,10.713597224976684,10.461384332619424,432,128,1.6884470370326974,2.2409020956272547
2025/26,06/12/2025,Leeds,Liverpool,A Taylor,3,3,0,0,6,0,3.7375020739404157,10.930394608610372,3.5718491740955964,20.540886053227865,336,2.0701487101717,1.4094659184665619,1.6086102486332385,1.6577880661175686,11.069775941011034,10.0178477842608,128,432,2.101661589298141,1.614853963439624
2025/26,06/12/2025,Man City,Sunderland,A Madley,1,0,0,1,1,1,3.7375020739404157,10.930394608610372,3.394668194744828,20.917901155351466,118,1.485528558287591,2.0142046542276444,1.8255733010168975,1.7204983605213504,9.174447336833508,10.39844726968236,432,128,1.3507846993703598,2.0763451336019383
2025/26,06/12/2025,Newcastle,Burnley,S Attwell,2,2,0,1,4,1,3.7375020739404157,10.930394608610372,3.673512151659573,19.19171364388219,185,1.6626681309402278,1.7148086052689282,1.8998319451211567,1.408502298962622,10.386254179864494,10.144077956650383,394,318,1.6558078563894014,1.8450072733020295
2025/26,06/12/2025,Tottenham,Brentford,R Jones,3,4,0,0,7,0,3.7375020739404157,10.930394608610372,3.755500414788083,20.370078921722076,100,1.8255733010168975,1.7681285389754315,2.0090184911734967,1.7184047820693544,10.901516688063932,9.17667380974905,432,166,1.6884470370326974,1.8472578117811542
2025/26,07/12/2025,Brighton,West Ham,S Hooper,2,2,0,0,4,0,3.7506772506628328,10.969193350053315,3.6820691852314607,20.03942932754008,133,1.709099337477391,1.6401120344070945,1.8021924305704842,1.5304923476061998,10.832639489866066,9.90664194658926,318,432,1.7248855136779957,1.6412557548916504
2025/26,07/12/2025,Fulham,Crystal Palace,S Barrott,0,0,0,0,0,0,3.7506772506628328,10.969193350053315,4.010801848824941,17.36943427818779,46,1.9412332391779508,1.7586802670692867,1.443516344200782,1.8257943610290186,10.919036301942464,11.336172147931542,204,432,1.7447015331621474,1.8230739367098323
2025/26,08/12/2025,Wolves,Man United,M Salisbury,3,2,0,0,5,0,3.7345295834355356,10.919235312712482,3.74497713747907,19.116634841789768,52,1.8712168538161578,1.8792147021829229,1.9830812605958188,1.7606464695207305,11.213200897780826,11.178734373255804,280,432,1.8581223991984936,2.0130258522760456
2025/26,13/12/2025,Arsenal,Wolves,R Jones,0,4,0,0,4,0,3.740363808153187,10.952123014230121,3.78181821590341,20.34764345520439,101,1.609492697681136,1.8751781370309084,1.888510554823993,1.9832862451390165,9.928885987961442,11.233584197995695,433,281,1.5197087816499955,1.8842111520074123
2025/26,13/12/2025,Burnley,Fulham,M Oliver,1,2,0,0,3,0,3.740363808153187,10.952123014230121,3.2765303587502284,20.927802508182673,324,1.7157267322190086,1.9320578570961313,1.4103375106621225,1.4366033116415857,10.14712851079858,10.89154964821239,319,205,1.5980041871330397,2.128655799667939
2025/26,13/12/2025,Chelsea,Everton,T Bramall,1,0,0,0,1,0,3.740363808153187,10.952123014230121,3.7382396064099948,17.965128180250048,38,1.7925284119668503,1.763510554823993,2.0536891262525643,1.68315341196685,10.37308241653287,10.727993130818586,433,433,1.6755529374941511,1.835726097667311
2025/26,13/12/2025,Liverpool,Brighton,C Pawson,1,2,0,0,3,0,3.740363808153187,10.952123014230121,3.634051873552679,21.580079296755166,266,1.4130641262525645,1.7097387082669129,1.6608319833954217,1.802553079524398,10.027100273675726,10.835751265289598,433,319,1.2339944959357096,1.7071995894318903
2025/26,14/12/2025,Brentford,Leeds,J Brooks,0,0,0,0,0,0,3.7221733957347283,10.940618364421608,4.211714832148536,19.072393990117114,65,1.7797598926813762,2.0758076421389617,1.7248148377363213,1.6174743088056283,9.176124383149242,11.09065720648029,167,129,1.703227555796025,1.998940512253297
2025/26,14/12/2025,Crystal Palace,Man City,D England,2,0,0,0,2,0,3.7221733957347283,10.940618364421608,3.827766680848802,19.322867810095822,85,1.754277456401809,1.4841881706875233,1.821241742116095,1.821241742116095,11.328246959225808,9.174229102082952,433,433,1.700936365662383,1.6446593093853266
2025/26,14/12/2025,Nott'm Forest,Tottenham,S Barrott,1,3,0,0,4,0,3.7221733957347283,10.940618364421608,3.9451990957412253,17.298825820979726,47,2.061918753250073,1.8279381706875235,2.0341409754722948,2.0132060278303805,10.49343498425807,10.895211244940093,129,433,1.8343835502279806,1.9650056297316472
2025/26,14/12/2025,Sunderland,Newcastle,P Bankes,5,4,0,0,9,0,3.7221733957347283,10.940618364421608,3.9229018208788236,19.631902783802637,104,1.9994187532500727,1.6632104889463668,1.7146965310278504,1.8997958548000256,10.396212762035848,10.383060092032103,129,395,1.9229911451646895,1.6835674550377853
2025/26,14/12/2025,West Ham,Aston Villa,A Taylor,1,2,0,0,3,0,3.7221733957347283,10.940618364421608,3.5774981626888622,20.562197400857848,337,1.6404381706875233,1.9428631750539236,1.5310631706875233,2.038671558287456,9.901907673511523,10.75764861596755,433,319,1.6533173180433351,2.097220117632244
2025/26,15/12/2025,Man United,Bournemouth,S Hooper,2,3,0,0,5,0,3.7196567266910048,10.922069063356876,3.679191309228145,20.031771865307682,134,1.879235324665586,1.8020881001502471,1.7631638960941576,1.9068785193119238,11.180614995480305,10.36801053285981,433,319,1.7441446989185392,1.8614794566102444
2025/26,20/12/2025,Bournemouth,Burnley,C Kavanagh,1,1,0,0,2,0,3.7255595200504965,10.945752564430432,3.515694940006312,19.903219070553803,175,1.8057961086578471,1.7132587952250111,1.90728864597128,1.4117662579115784,10.373412370845458,10.140576549949934,320,320,1.7482382651450212,1.8453811222878784
2025/26,20/12/2025,Brighton,Sunderland,D England,2,2,0,0,4,0,3.7255595200504965,10.945752564430432,3.8120629549663283,19.28507940640325,86,1.7102737205981455,2.020287561381922,1.7998259594041155,1.730632388968129,10.8480392365171,10.393745822298126,320,130,1.7253811222878783,2.049271205004734
2025/26,20/12/2025,Everton,Arsenal,S Barrott,2,2,0,0,4,0,3.7255595200504965,10.945752564430432,3.9471094246748275,17.364983754941928,48,1.7593356267269014,1.6056607937647631,1.6813846244997297,1.8929659162591952,10.728492526131912,9.922256445953737,434,434,1.6980245534499083,1.715265932760253
2025/26,20/12/2025,Leeds,Crystal Palace,T Bramall,1,3,0,0,4,0,3.7255595200504965,10.945752564430432,3.6896716875197253,18.056934595480637,39,2.06166687172675,1.7548812837424916,1.6064944579336462,1.8172420855242286,11.07650444298778,11.323147314550619,130,434,2.111771205004734,1.814403863794736
2025/26,20/12/2025,Man City,West Ham,P Tierney,1,1,0,0,2,0,3.7255595200504965,10.945752564430432,3.442975903852223,20.815595260147887,183,1.480939190201289,1.639068366147837,1.8216964285086386,1.5321641345220016,9.167245310096277,9.920029274461532,434,434,1.3488866224154257,1.6419900706912876
2025/26,20/12/2025,Newcastle,Chelsea,A Madley,3,6,0,0,9,0,3.7255595200504965,10.945752564430432,3.375965194453211,20.907248709102504,119,1.6689578987843765,1.79051602761777,1.9074007211688047,2.0488679207135387,10.382221762124644,10.378826601855742,396,434,1.657003269485346,1.9135417948292186
2025/26,20/12/2025,Tottenham,Liverpool,J Brooks,3,3,2,0,6,2,3.7255595200504965,10.945752564430432,4.166362505508378,19.051030924294075,66,1.8306051144774582,1.4118968739429372,2.0110060053460552,1.661340081069886,10.899984731031687,10.022479163102958,434,434,1.693714208622322,1.6204383465533565
2025/26,20/12/2025,Wolves,Brentford,M Donohue,2,4,0,0,6,0,3.7255595200504965,10.945752564430432,3.9310736296763857,12.468289411509659,2,1.881958573738649,1.7701732043736542,1.9762346680147431,1.7155283956304848,11.246104862738141,9.169907891984854,282,168,1.865010874361402,1.868097943438169
2025/26,21/12/2025,Aston Villa,Man United,M Oliver,1,2,0,0,3,0,3.7587372196132613,10.915087909229085,3.2770526585438047,20.91107770780208,325,1.943852325812237,1.8801570805057894,2.036389639245073,1.7665713344033396,10.763770624833487,11.189004809174204,320,434,1.7839458808405682,2.013752280806463
2025/26,22/12/2025,Fulham,Nott'm Forest,A Taylor,5,4,0,0,9,0,3.755239197547976,10.929700011080856,3.578184517737464,20.59019972528105,338,1.9328701085140716,2.05630547573524,1.4351325519529856,2.0425123722869643,10.87770475150727,10.48257069022832,206,130,1.7302058812000831,2.252053674770123
2025/26,26/12/2025,Man United,Newcastle,A Taylor,2,1,0,0,3,0,3.779419227919124,10.89359169104483,3.594740331587852,20.569614813945385,339,1.8807680982430965,1.673169039343188,1.765212542687541,1.9183146704111491,11.194893194850748,10.387626062336981,435,397,1.7471795009025577,1.6964584235182791
2025/26,27/12/2025,Arsenal,Brighton,J Brooks,2,3,0,0,5,0,3.7758258551586414,10.857730525174079,4.19995267803224,18.993948512275566,67,1.6073748753637551,1.7122580176002673,1.894041542030422,1.8015437318859817,9.909851064308457,10.84652672303216,435,321,1.5143047151452147,1.7103925366496562
2025/26,27/12/2025,Brentford,Bournemouth,P Bankes,2,2,0,0,4,0,3.7758258551586414,10.857730525174079,3.9722742029151235,19.618794331764246,105,1.7843407277917924,1.804519922362172,1.7191233364874448,1.9057103985526482,9.198005320319595,10.373312437317875,169,321,1.690087817309998,1.8703925366496559
2025/26,27/12/2025,Burnley,Everton,C Pawson,0,2,0,0,2,0,3.7758258551586414,10.857730525174079,3.63491659718824,21.57686049016901,267,1.7122580176002673,1.7607082086970884,1.4116627795050292,1.6829304309193107,10.141169580175017,10.712073286530678,321,435,1.5961068223639419,1.8289598875590078
2025/26,27/12/2025,Chelsea,Aston Villa,S Attwell,5,3,0,0,8,0,3.7758258551586414,10.857730525174079,3.679600219805526,19.186934896347637,186,1.8007082086970883,1.941424684266934,2.0518193198081995,2.036662779505029,10.38540661986401,10.763193389698825,435,321,1.6737874737659042,2.0989639652210847
2025/26,27/12/2025,Liverpool,Wolves,S Hooper,0,1,0,0,1,0,3.7758258551586414,10.857730525174079,3.696222789868538,20.065270394558446,135,1.4162637642526439,1.8836197782338584,1.6651526531415328,1.9842909191734557,10.014295508752902,11.2464193924121,435,283,1.234132301352111,1.8994788071390374
2025/26,27/12/2025,Nott'm Forest,Man City,R Jones,1,2,0,0,3,0,3.7758258551586414,10.857730525174079,3.7905169006217796,20.342072938026394,102,2.070675985710204,1.4807082086970884,2.0638266706417108,1.8207082086970885,10.468719033827437,9.180962175419568,131,435,1.8289836739211227,1.6393047151452147
2025/26,27/12/2025,West Ham,Fulham,C Kavanagh,1,3,0,0,4,0,3.7758258551586414,10.857730525174079,3.5144062008903783,19.90270280163857,176,1.6384859864748664,1.9473815041157199,1.5318193198081995,1.4473815041157199,9.918739953197345,10.84879720242705,435,207,1.6522357496279731,2.1298194399465236
2025/26,28/12/2025,Crystal Palace,Tottenham,J Gillett,3,2,0,0,5,0,3.778288244809187,10.754577002424565,3.7732337486339964,17.672257105901203,70,1.7585270263023753,1.834082581857931,1.8163048040801533,2.014082581857931,11.317020727818187,10.892576283373742,435,435,1.7040394906727108,1.9712808699830555
2025/26,28/12/2025,Sunderland,Leeds,T Harrington,1,0,0,0,1,0,3.778288244809187,10.754577002424565,3.6877855959453574,17.73716558058861,44,2.022857272849787,2.0571038481922526,1.7351860399730747,1.6187476838086912,10.41547484601496,11.02506388711085,131,131,1.9667145229508614,1.9792145229508613
2025/26,30/12/2025,Arsenal,Aston Villa,D England,2,3,0,0,5,0,3.7710859601237106,10.685899959964757,3.8239031160990424,19.28703124106356,87,1.6081666179621459,1.9444603700324268,1.8964149549909708,2.0453505777475605,9.900541573613605,10.751169880414647,436,322,1.516236672536171,2.1038815039825445
2025/26,30/12/2025,Burnley,Newcastle,R Jones,2,1,0,0,3,0,3.7710859601237106,10.685899959964757,3.783415226586662,20.290214835930616,103,1.7070716459968185,1.6713877595664113,1.4133031000027532,1.9183611251838446,10.13099183887162,10.370809321306867,322,398,1.58683604943709,1.692911891125831
2025/26,30/12/2025,Chelsea,Bournemouth,S Barrott,1,1,0,0,2,0,3.7710859601237106,10.685899959964757,3.9632047162580104,17.164155391879987,49,1.8077231589821015,1.804994494661507,2.0538428929067134,1.9058847023766403,10.394998336363052,10.362445844806338,436,322,1.6879104922786603,1.870926958527999
2025/26,30/12/2025,Man United,Wolves,T Bramall,0,2,0,0,2,0,3.7710859601237106,10.685899959964757,3.7119561385091195,17.90996152306337,40,1.8808938906894188,1.8805456344512637,1.763377260977667,1.9775356010064475,11.186572615742207,11.24797407926333,436,284,1.7479963291885314,1.8935232146555911
2025/26,30/12/2025,Nott'm Forest,Everton,M Oliver,1,0,0,0,1,0,3.7710859601237106,10.685899959964757,3.277142874652686,20.90640313105162,326,2.063150644223999,1.7611599660774453,2.063150644223999,1.6791200547692413,10.422749997957386,10.70320232749387,132,436,1.8183104284065164,1.8295413935662137
2025/26,30/12/2025,West Ham,Brighton,M Salisbury,3,5,0,0,8,0,3.7710859601237106,10.685899959964757,3.7727839615781122,19.168557679475885,53,1.6369914516650284,1.7159737231481538,1.534995886254829,1.8020271356110618,9.911628048114714,10.849092729079334,436,322,1.6492838828366,1.7175178676189082
2025/26,01/01/2026,Brentford,Tottenham,A Madley,1,2,0,0,3,0,3.763769330815124,10.67667785580872,3.421339539795711,20.902875492380815,120,1.785017675573586,1.8342090243483669,1.7201528107087212,2.0160272061665485,9.189595048208462,10.878215263677529,170,436,1.6922826998111344,1.9709367810348217
2025/26,01/01/2026,Crystal Palace,Fulham,T Harrington,0,5,0,0,5,0,3.763769330815124,10.67667785580872,3.644203332433973,17.68452780564597,45,1.7610382926410497,1.9516962779422127,1.816470665146593,1.4449698205431096,11.306153179420324,10.829933111742445,436,208,1.7091342059275254,2.136372016648012
2025/26,01/01/2026,Liverpool,Leeds,C Kavanagh,0,2,0,0,2,0,3.763769330815124,10.67667785580872,3.51531798648702,19.860974982154545,177,1.4129229933062382,2.0423691835449893,1.6634773170312935,1.6137977549735607,10.000166483189723,11.007313496044663,436,132,1.2284475106485555,1.953435431865598
2025/26,01/01/2026,Sunderland,Man City,J Gillett,1,1,0,0,2,0,3.763769330815124,10.67667785580872,3.7822315965664384,17.592884858283522,71,2.015158299191248,1.4816591352131119,1.7226412923885268,1.8186879600468147,10.388265876997043,9.18641925480835,132,436,1.953435431865598,1.6404646780305299
2025/26,03/01/2026,Aston Villa,Nott'm Forest,S Hooper,1,2,0,0,3,0,3.7497179795175937,10.597510881283432,3.675422046508943,20.012035851130968,136,1.9471091267644438,2.0548843570701485,2.0447422628591183,2.0481276003133915,10.744027608312503,10.422171159524499,323,133,1.7791073002635338,2.273122035140518
2025/26,03/01/2026,Bournemouth,Arsenal,C Kavanagh,3,1,0,0,4,0,3.7497179795175937,10.597510881283432,3.5061229038814767,19.84205799030584,178,1.8021387125632602,1.6086789487751814,1.9027304285395916,1.8985019576247388,10.36532938346043,9.916994096481474,323,437,1.7450163911726249,1.717265600199064
2025/26,03/01/2026,Brighton,Burnley,T Robinson,0,4,0,0,4,0,3.7497179795175937,10.597510881283432,4.112216659245505,18.738228580175157,44,1.7252156356401833,1.7074641563502426,1.805097292444917,1.411606168184562,10.868287963342087,10.12568441304623,323,323,1.72797093662717,1.8416073002635338
2025/26,03/01/2026,Wolves,West Ham,P Bankes,1,0,0,0,1,0,3.7497179795175937,10.597510881283432,3.967503431205648,19.549143297954856,106,1.8804096161546067,1.639652400102615,1.9704096161546065,1.5423072673592522,11.248271105365419,9.912569317720411,285,437,1.867024744244471,1.640012381314944
2025/26,04/01/2026,Everton,Brentford,A Taylor,0,2,0,0,2,0,3.735923868709929,10.648055172845416,3.5901317718294474,20.53479829950996,340,1.7566801526887708,1.7796743495447551,1.6770341349896558,1.7205345645985186,10.698806225213142,9.182045235464198,437,171,1.6996542017825085,1.8901942901532447
2025/26,04/01/2026,Fulham,Liverpool,C Pawson,1,1,0,0,2,0,3.735923868709929,10.648055172845416,3.6259320707090383,21.539936448195,268,1.9643724509612701,1.4093350199454082,1.4375867366755557,1.66375979870647,10.825269704447948,9.999691180965355,209,437,1.7564657900447433,1.6266928283919504
2025/26,04/01/2026,Leeds,Man United,J Gillett,0,1,0,0,1,0,3.735923868709929,10.648055172845416,3.7566814094613217,17.558777106403454,72,2.0406718176711114,1.8761491792374434,1.601482628481922,1.7633173208303639,10.98554333646176,11.181107110168895,133,437,2.0990052964854873,2.0129589228125515
2025/26,04/01/2026,Man City,Chelsea,M Oliver,3,3,0,0,6,0,3.735923868709929,10.648055172845416,3.2681764111299665,20.901140282162316,327,1.4801314801223993,1.8053527190604524,1.8164146659631073,2.0509279402993905,9.178894720788364,10.382434543797213,437,437,1.3477228713104052,1.931413858434869
2025/26,04/01/2026,Newcastle,Crystal Palace,J Brooks,1,3,0,0,4,0,3.735923868709929,10.648055172845416,4.197828996965034,18.948401928184254,68,1.669129055592571,1.7566801526887708,1.917921326123972,1.8230518341047,10.35231984008778,11.296151357956505,399,437,1.6636421916603947,1.819825875602251
2025/26,04/01/2026,Tottenham,Sunderland,S Attwell,2,3,0,0,5,0,3.735923868709929,10.648055172845416,3.695274041121454,19.18491216660913,187,1.834113781007355,2.0068880338873276,2.013317320830364,1.716347493346787,10.87579737565562,10.377435228353654,437,133,1.6996542017825085,2.0496225804361043
2025/26,06/01/2026,West Ham,Nott'm Forest,T Harrington,3,0,0,0,3,0,3.725188819421568,10.563802037400027,3.6497143730357635,17.6351415624648,46,1.6356267464584144,2.0532813164138375,1.5407040091515711,2.039858497621891,9.912204227992275,10.484755136110739,438,134,1.6535851117335971,2.267547757873924
2025/26,07/01/2026,Bournemouth,Tottenham,D England,3,3,0,0,6,0,3.7218454662478884,10.57695041270936,3.8234171385504174,19.33118371962596,88,1.8050555781618265,1.8342468896177906,1.8994508583978147,2.0152623421564217,10.372646395561418,10.872686816987462,324,438,1.7509256553494867,1.9697172692173468
2025/26,07/01/2026,Brentford,Sunderland,M Donohue,2,1,0,0,3,0,3.7218454662478884,10.57695041270936,4.001647737721329,12.657991439919073,3,1.7802879197693005,2.0128445704487192,1.71076920319176,1.7175425570259004,9.172872342755722,10.344477369767251,172,134,1.6823152573946452,2.0599248902055995
2025/26,07/01/2026,Burnley,Man United,S Attwell,2,0,0,0,2,0,3.7218454662478884,10.57695041270936,3.69974712045163,19.161613898205324,188,1.7136101504332129,1.8739819889555391,1.406825489666251,1.7591917019798216,10.14550775249357,11.175115073058102,324,438,1.5870838474398823,2.0081788076788856
2025/26,07/01/2026,Crystal Palace,Aston Villa,A Madley,2,0,0,0,2,0,3.7218454662478884,10.57695041270936,3.4112749086040908,20.86591616655982,121,1.7591917019798216,1.943698646008434,1.821001856505208,2.0439936312591716,11.296527876590112,10.741377958983247,438,324,1.7004864999865776,2.1068578587393176
2025/26,07/01/2026,Everton,Wolves,T Kirk,1,3,2,0,4,2,3.7218454662478884,10.57695041270936,3.5786975636998926,10.823990781451307,1,1.7525691854235301,1.8767901694247813,1.677513997785561,1.9631689069663096,10.693878869967595,11.246933980383124,438,286,1.691939491439569,1.8918597531446784
2025/26,07/01/2026,Fulham,Chelsea,P Bankes,3,3,0,1,6,1,3.7218454662478884,10.57695041270936,3.9397434595166456,19.556240608467682,107,1.9596170710971517,1.8077568233926251,1.4351726266527072,2.0527899359754063,10.82367612486809,10.38924310837819,210,438,1.7492820083071596,1.9355292350293127
2025/26,07/01/2026,Man City,Brighton,T Bramall,1,6,0,0,7,0,3.7218454662478884,10.57695041270936,3.667365706912079,17.915511519965666,41,1.4832535121343469,1.7195098554479622,1.8187943509864442,1.8109552831765758,9.183945095133158,10.856422206770855,438,324,1.3543326538327316,1.733976502807114
2025/26,07/01/2026,Newcastle,Leeds,M Salisbury,3,2,0,0,5,0,3.7218454662478884,10.57695041270936,3.8107105905847747,19.25852861161689,54,1.6672622674623112,2.0262673892406653,1.9202743156550823,1.5967371878983836,10.338137658061012,10.968638443592752,400,134,1.6600643767295775,1.9501687926446238
2025/26,08/01/2026,Arsenal,Liverpool,A Taylor,2,2,0,0,4,0,3.745834919886354,10.583546131796657,3.5864641338720187,20.520734025395946,341,1.6072709975698625,1.4085955008811206,1.9008692315654474,1.6624586355389575,9.912531116972351,9.985378799091556,438,438,1.5174947089707165,1.6243323158083232
2025/26,17/01/2026,Chelsea,Brentford,J Brooks,3,2,0,0,5,0,3.7470067024682456,10.573567544355905,4.198671995337299,18.907863708605294,69,1.810798568873374,1.78246037376868,2.0552919609438587,1.7079922886622971,10.379519287627023,9.193094449907816,439,173,1.6841989327714182,1.8921044581040776
2025/26,17/01/2026,Leeds,Fulham,C Kavanagh,1,5,0,0,6,0,3.7470067024682456,10.573567544355905,3.508211605694638,19.844799944161263,179,2.0273503351234123,1.9650555321615568,1.6073503351234122,1.4429316383562472,10.96201171055113,10.824344055675528,135,211,2.0744213447379494,2.1591879189042658
2025/26,17/01/2026,Liverpool,Burnley,A Madley,1,2,0,0,3,0,3.7470067024682456,10.573567544355905,3.405953520827933,20.79822577284964,122,1.4099175116046516,1.7150075007897407,1.663221476362361,1.4032427949073878,9.983043516701915,10.142063989949026,439,325,1.2226604712329567,1.853686724680858
2025/26,17/01/2026,Man United,Man City,A Taylor,2,3,0,0,5,0,3.7470067024682456,10.573567544355905,3.5876707562989267,20.51591059566457,342,1.8702699345121407,1.4826047362742552,1.7601377759218322,1.8284197142478233,11.168065543133633,9.176876115820859,439,439,1.7397544883269735,1.6371903857628711
2025/26,17/01/2026,Nott'm Forest,Arsenal,M Oliver,1,1,0,0,2,0,3.7470067024682456,10.573567544355905,3.2767001913929352,20.910309316172516,328,2.0406836684567455,1.6081553970672067,2.0473503351234124,1.9011069389174269,10.475345043884463,9.912558935204117,135,439,1.80612866181112,1.714113462685948
2025/26,17/01/2026,Sunderland,Crystal Palace,R Jones,3,3,0,0,6,0,3.7470067024682456,10.573567544355905,3.7726757175326058,20.20417975665812,104,2.0073503351234123,1.7601377759218322,1.7206836684567457,1.8174064983887928,10.362011710551128,11.289210917582972,135,439,1.9402750032745348,1.8252245737970592
2025/26,17/01/2026,Tottenham,West Ham,J Gillett,5,3,0,0,8,0,3.7470067024682456,10.573567544355905,3.731379260833736,17.544277434784668,73,1.837230286935048,1.638992401472493,2.017847027023154,1.5376708155694094,10.8707087149398,9.923572151063148,439,439,1.7012929498654352,1.6329168814893669
2025/26,18/01/2026,Aston Villa,Everton,T Harrington,1,2,0,0,3,0,3.787058156736477,10.571353284170705,3.6621729710890545,17.726164334781494,47,1.9394204005162456,1.7519888462015938,2.045302753457422,1.6815042647037963,10.718485734209647,10.698865968350837,325,439,1.7762877750029582,1.82223476998087
2025/26,18/01/2026,Wolves,Newcastle,S Barrott,2,2,0,0,4,0,3.787058156736477,10.571353284170705,3.9423527189121588,17.1237844280569,50,1.8821289277335218,1.6716416734988548,1.9615991264090185,1.9216416734988548,11.25922234977245,10.33962776353673,287,401,1.863309722629896,1.6902462147698771
2025/26,19/01/2026,Brighton,Bournemouth,P Tierney,2,3,0,0,5,0,3.7844280252627667,10.606463031526253,3.4431134001510486,20.79981615209644,184,1.7334800299690316,1.8099506182043257,1.8099506182043257,1.9040682652631493,10.872201390401315,10.398671978636608,325,325,1.719679153612829,1.8665718089800607
2025/26,24/01/2026,Bournemouth,Liverpool,M Salisbury,1,1,0,0,2,0,3.790032202147713,10.56867546245782,3.84688506317116,19.277711082018072,55,1.8135637581117532,1.4097258055299071,1.9044728490208442,1.6646708604749623,10.384941542429424,9.978604540589963,326,440,1.7608159635736396,1.6273414532600334
2025/26,24/01/2026,Burnley,Tottenham,P Bankes,1,0,0,0,1,0,3.790032202147713,10.56867546245782,3.9680511658172395,19.53546531249207,108,1.716789564563366,1.8448906406947425,1.4030065733610202,2.020714816518918,10.141539782898633,10.87311003509546,326,440,1.592276637730943,1.9762776234727994
2025/26,24/01/2026,Fulham,Brighton,M Oliver,1,1,0,0,2,0,3.790032202147713,10.56867546245782,3.2761322176657988,20.91304205243346,329,1.9798468789255852,1.7343848724812547,1.4424019450048804,1.8135637581117532,10.824956237746402,10.860014856212416,212,326,1.7638449712075028,1.7608159635736396
2025/26,24/01/2026,Man City,Wolves,F Hallam,1,3,0,0,4,0,3.790032202147713,10.56867546245782,3.790032202147713,10.56867546245782,0,1.4866488824529842,1.8825915561587718,1.8295060253101272,1.9617994769508509,9.17420893619436,11.268201537849615,440,288,1.3550010277281186,1.9020455441264643
2025/26,24/01/2026,West Ham,Sunderland,T Bramall,2,4,0,0,6,0,3.790032202147713,10.56867546245782,3.7425493291595946,17.973386366588738,42,1.6426928384969401,2.016061202093429,1.5459895417936438,1.7312929901728995,9.939044101029523,10.346126264691613,440,136,1.6613840064515228,2.053316162844673
2025/26,25/01/2026,Arsenal,Man United,C Pawson,2,0,0,0,2,0,3.7722203761376893,10.55350908348195,3.623488127222593,21.509652132949146,269,1.6072344018044673,1.870970665540731,1.8995420941121597,1.7632783578484235,9.921211688189263,11.171761138738713,440,440,1.5203900120043943,2.001241075834182
2025/26,25/01/2026,Brentford,Nott'm Forest,S Barrott,1,0,0,0,1,0,3.7722203761376893,10.55350908348195,3.9382303868873976,17.182075356408536,51,1.7846119196880037,2.0350440584174345,1.7158288509049346,2.041666574973726,9.196567820773094,10.457955749179568,174,136,1.6891338511865948,2.2444777448317192
2025/26,25/01/2026,Crystal Palace,Chelsea,D England,2,2,1,0,4,1,3.7722203761376893,10.55350908348195,3.853557100030195,19.41085725514955,89,1.7632783578484235,1.8138278083978738,1.8204212149912806,2.055586050156116,11.297035864013438,10.371761138738712,440,440,1.7033687354086497,1.9416666077490752
2025/26,25/01/2026,Newcastle,Aston Villa,J Gillett,1,2,0,0,3,0,3.7722203761376893,10.55350908348195,3.7808637313479014,17.654926536232814,74,1.6721622369808937,1.9363391578329403,1.9215627165972007,2.0448435566599197,10.333696206537446,10.7306490267628,402,326,1.6680169112084846,2.097144116972094
2025/26,26/01/2026,Everton,Leeds,S Hooper,0,3,0,0,3,0,3.7489842194024,10.537905284555977,3.6711395400312345,20.064491556258638,137,1.7519063332868527,2.020644911559722,1.67937886075938,1.6299164347385298,10.703372065130043,10.927379401550795,440,136,1.689861198491566,1.9532214656086506
2025/26,31/01/2026,Brighton,Everton,C Kavanagh,1,2,0,0,3,0,3.7455311617994638,10.542198782668981,3.5201867270487153,19.827097412520608,180,1.731261648285076,1.748007639722579,1.8102090167061287,1.6822181660383684,10.845223657514671,10.699707216820213,327,441,1.7196150770421121,1.821665888142536
2025/26,31/01/2026,Chelsea,West Ham,A Taylor,3,2,0,1,5,1,3.7455311617994638,10.542198782668981,3.5914083669700725,20.515095025996533,343,1.8137971134067894,1.642744481827842,2.0550251835822277,1.5506392186699474,10.370759848399162,9.936549322083371,441,441,1.6897509945255147,1.6386871647382808
2025/26,31/01/2026,Leeds,Arsenal,S Attwell,1,1,0,0,2,0,3.7455311617994638,10.542198782668981,3.6945713974064796,19.14745312881647,189,2.026917656009842,1.6076567625295963,1.6190229191677368,1.8949374642839825,10.941226913618536,9.923391427346528,137,441,2.061343177271036,1.7110275902701957
2025/26,31/01/2026,Liverpool,Newcastle,S Hooper,1,3,0,0,4,0,3.7455311617994638,10.542198782668981,3.666492509478445,20.07702435317009,138,1.4080953590208245,1.6700753198887464,1.662481323933105,1.9212714921375502,9.971637041381616,10.32551792074167,441,403,1.2216658881425362,1.6902383505254444
2025/26,31/01/2026,Wolves,Bournemouth,M Oliver,3,3,0,0,6,0,3.7455311617994638,10.542198782668981,3.2694036029436244,20.89733794244148,330,1.8851693543207104,1.8102090167061287,1.957537775373342,1.9008522915599297,11.276534509440847,10.374463423596541,289,327,1.8622105893930565,1.8713004703005394
2025/26,01/02/2026,Aston Villa,Brentford,T Robinson,0,3,0,0,3,0,3.7514490247885255,10.571575962486483,4.11123179456733,18.804134272316603,45,1.936069788555304,1.7796624615048102,2.0413329464500407,1.7059782509784944,10.734756782803068,9.206772735361309,327,175,1.7704262229545726,1.8934888988815093
2025/26,01/02/2026,Man United,Fulham,J Brooks,2,1,0,0,3,0,3.7514490247885255,10.571575962486483,4.2082760591548745,18.887256832233284,70,1.8665260256270042,1.974280121429447,1.763455850188408,1.4391924021312015,11.167295657277737,10.821433419818634,441,213,1.741003692280485,2.182941055255487
2025/26,01/02/2026,Nott'm Forest,Crystal Palace,M Salisbury,1,3,0,0,4,0,3.7514490247885255,10.571575962486483,3.81217562493473,19.213449371137806,56,2.02063070845996,1.763455850188408,2.033788603196802,1.8204733940480569,10.455834340254267,11.296681622190018,137,441,1.7968176829628184,1.8303653944081446
2025/26,01/02/2026,Tottenham,Man City,R Jones,3,3,0,0,6,0,3.7514490247885255,10.571575962486483,3.7906632739977932,20.22530306970894,105,1.84021023615332,1.4849470782585832,2.0178418151006885,1.8314383063287587,10.869050043242652,9.189225481839141,441,441,1.715471777386868,1.6431313518549528
2025/26,02/02/2026,Sunderland,Burnley,P Tierney,1,4,0,0,5,0,3.7561069071084825,10.52441088785556,3.447155584179581,20.752906058078047,185,2.027439485548116,1.713949712875186,1.7313868539691686,1.3981602391909755,10.381138695124452,10.13430725631262,137,327,1.953865081967634,1.854892144962436
2025/26,06/02/2026,Leeds,Nott'm Forest,P Bankes,1,1,0,0,2,0,3.7618416534357193,10.52876476096625,3.9406420995215896,19.509097903165348,109,2.0210053098089404,2.014469362096522,1.615776551639006,2.0406131529461953,10.93441657324998,10.411540756256516,138,138,2.050164433342475,2.2168311000091414
2025/26,07/02/2026,Arsenal,Sunderland,S Barrott,1,2,0,0,3,0,3.7537189980331864,10.528532025393949,3.8940646097510347,17.22354935889414,52,1.6064614715213326,2.0206071404264634,1.8931135502959493,1.7460973365048946,9.91677021923513,10.391921504512775,442,138,1.5218342901917326,2.073248720062487
2025/26,07/02/2026,Bournemouth,Aston Villa,A Taylor,1,1,0,0,2,0,3.7537189980331864,10.528532025393949,3.5957804199209473,20.523613280853247,344,1.8138568294030581,1.9304749052048071,1.9042358381494138,2.0441775291115127,10.387650117173337,10.72584253699841,328,328,1.7550440920963626,2.09582621500139
2025/26,07/02/2026,Burnley,West Ham,D England,3,1,0,0,4,0,3.7537189980331864,10.528532025393949,3.8508084778333016,19.419246092476946,90,1.7205623687616585,1.6436605962478095,1.3969472084118042,1.5539450601427767,10.134005802304532,9.943028424924409,328,442,1.5874463267332342,1.6404783579883429
2025/26,07/02/2026,Fulham,Everton,S Attwell,1,5,0,0,6,0,3.7537189980331864,10.528532025393949,3.6876417439573475,19.13587581690627,190,1.970099967184493,1.748693419004921,1.4417156877085104,1.6808597209742864,10.81206982615919,10.70670457372091,214,442,1.7553515777479418,1.8226817478188513
2025/26,07/02/2026,Man United,Tottenham,M Oliver,1,2,0,1,3,1,3.7537189980331864,10.528532025393949,3.2776488060416566,20.910711518637214,331,1.8668553446066716,1.8427853227248334,1.76182252184956,2.0200282111274594,11.155282254246071,10.877382910701213,442,442,1.74217327324258,1.9667495444290208
2025/26,07/02/2026,Newcastle,Brentford,A Madley,2,2,0,0,4,0,3.7537189980331864,10.528532025393949,3.4043444253434436,20.771711490776006,123,1.6733959247857968,1.7861407983520885,1.9192193138072766,1.6971355627499942,10.317336492101322,9.198764346546882,404,176,1.6642990437108243,1.9043970144198923
2025/26,07/02/2026,Wolves,Chelsea,J Gillett,1,1,0,0,2,0,3.7537189980331864,10.528532025393949,3.7684297495082966,17.662133006348487,75,1.8890258770008161,1.8165271170355555,1.9611570245417995,2.055039152046496,11.275291771116244,10.371912451182613,290,442,1.8697055780328056,1.9413258156154614
2025/26,08/02/2026,Brighton,Crystal Palace,T Bramall,1,3,0,0,4,0,3.743368805359456,10.55068339906301,3.7585914725586234,18.070104190831987,43,1.7290824082804546,1.7660290285343456,1.810715061341679,1.8185454399129013,10.85169132796785,11.297877736308473,328,442,1.715504279554167,1.8350646866109996
2025/26,08/02/2026,Liverpool,Man City,C Pawson,2,4,1,0,6,1,3.743368805359456,10.55068339906301,3.6155397292677502,21.504295203310427,270,1.4071668841142142,1.4881296849894878,1.6653725733921136,1.83386272656498,9.974026532807379,9.195033097358802,442,442,1.2206579069499828,1.648624008644898
2025/26,10/02/2026,Chelsea,Leeds,R Jones,4,4,0,0,8,0,3.7549502967756085,10.58655301619532,3.808196621522063,20.27987652980827,106,1.8147644699253647,2.01403978718063,2.052755736300911,1.6114423845832277,10.372050540658218,10.924669789749771,443,139,1.6956022340076995,1.966215800307346
2025/26,10/02/2026,Everton,Bournemouth,A Madley,1,3,1,0,4,1,3.7549502967756085,10.58655301619532,3.4085487075126863,20.856804197348207,124,1.7558125048598625,1.8115178117029567,1.6793932908860634,1.901634090772724,10.710478488256474,10.370346359364724,443,329,1.6828903696009199,1.8780007107587544
2025/26,10/02/2026,Tottenham,Newcastle,A Taylor,3,2,0,0,5,0,3.7549502967756085,10.58655301619532,3.5915506957280816,20.51260493352671,345,1.8431487494013472,1.6741955410138503,2.017821238484317,1.9194336362519453,10.878600758998832,10.327140827670155,443,405,1.7210259628212587,1.6965996646351016
2025/26,10/02/2026,West Ham,Man United,S Hooper,1,1,0,0,2,0,3.7549502967756085,10.58655301619532,3.6699619354840864,20.07112088661514,139,1.6422753869559323,1.8649828105367185,1.557122548527985,1.762362723200474,9.944102942404944,11.158076741531582,443,443,1.6617039289229536,1.9922124034992248
2025/26,11/02/2026,Aston Villa,Brighton,P Bankes,2,3,0,0,5,0,3.7729939935658736,10.614544241492991,3.9283322210307174,19.536026711387592,110,1.9281902760225118,1.7276088806736747,2.0415623690457676,1.8148181829992558,10.72851477270697,10.856421749451155,329,329,1.7614382958197992,1.7558517036410282
2025/26,11/02/2026,Crystal Palace,Burnley,F Hallam,2,1,0,0,3,0,3.7729939935658736,10.614544241492991,3.78172499381334,11.360138693743261,1,1.7692084169252054,1.7247019039294886,1.817243351423022,1.3962135318364652,11.293906292164188,10.138398493637201,443,329,1.704650232846373,1.8675835472164473
2025/26,11/02/2026,Man City,Fulham,P Tierney,3,1,0,0,4,0,3.7729939935658736,10.614544241492991,3.456515876014914,20.769495763210067,186,1.4940992466195284,1.9665106737032352,1.834710600331319,1.457815021529322,9.210936859849776,10.815691660048683,443,215,1.3529553175921358,2.174569302883148
2025/26,11/02/2026,Nott'm Forest,Wolves,T Robinson,0,2,0,0,2,0,3.7729939935658736,10.614544241492991,4.103166899142913,18.77976909911725,46,2.008425032154182,1.8865929900383793,2.034399058128208,1.9584884148749804,10.426032998774009,11.269964319644437,139,291,1.7892554160921912,1.9081090934484004
2025/26,11/02/2026,Sunderland,Liverpool,C Kavanagh,1,0,0,0,1,0,3.7729939935658736,10.614544241492991,3.5209944166948874,19.870697116686042,181,2.0214120451411954,1.4089464081915808,1.742191265920416,1.6709551418160349,10.380578453319465,9.981679217928377,139,443,1.9440173208540958,1.624141758270102
2025/26,12/02/2026,Brentford,Arsenal,J Brooks,3,2,0,0,5,0,3.755148761096005,10.604689214959102,4.196653323202085,18.8553878163956,71,1.7873104984803125,1.60516073298738,1.698768831813646,1.8933703399742796,9.247579005792673,9.920382465310464,177,443,1.6812001525069906,1.7083204055433052
2025/26,18/02/2026,Wolves,Arsenal,P Tierney,2,1,0,0,3,0,3.760887924783148,10.612914897589118,3.457651877922541,20.75623996433834,187,1.886666643113595,1.6061147264398117,1.951813222918155,1.8958750750236897,11.275559810201688,9.9228689798081,292,444,1.864637636247662,1.7097327402357536
2025/26,21/02/2026,Aston Villa,Leeds,M Oliver,1,4,0,0,5,0,3.757379987279129,10.579699551265152,3.2771274500895746,20.920147027399523,332,1.9280589852307057,2.026969999384474,2.0440010142162133,1.6269699993844742,10.722747091694169,10.937727397641861,330,140,1.7621130550255193,1.9903570577010996
2025/26,21/02/2026,Brentford,Brighton,J Gillett,1,2,0,0,3,0,3.757379987279129,10.579699551265152,3.7518267295245367,17.688044443382463,76,1.793680569453852,1.7309575359553433,1.700416320749189,1.8150155069698362,9.260869153546572,10.867674627926053,178,330,1.6940418260057064,1.7621130550255193
2025/26,21/02/2026,Chelsea,Burnley,L Smith,2,2,1,0,4,1,3.757379987279129,10.579699551265152,3.8510146965287713,14.1027202582832,9,1.819565032471881,1.7222618837814303,2.0570377993564124,1.39762420262201,10.368949339072959,10.131442743868083,444,330,1.7054023202725463,1.8621130550255192
2025/26,21/02/2026,Man City,Newcastle,T Bramall,2,5,0,0,7,0,3.757379987279129,10.579699551265152,3.7671666620576554,18.12307954755984,44,1.4971249453259117,1.675012707611861,1.8326369278967178,1.9220435864717185,9.207729295499975,10.328616975378832,444,406,1.3594107590911118,1.6980749995623552
2025/26,21/02/2026,West Ham,Bournemouth,S Barrott,1,1,0,0,2,0,3.757379987279129,10.579699551265152,3.8837756369484384,17.262724215149085,53,1.6409157949991144,1.8150155069698362,1.5559484747376764,1.8990734779843288,9.94411273776577,10.383616656911562,444,330,1.6589888181628416,1.8843352772477413
2025/26,22/02/2026,Crystal Palace,Wolves,T Kirk,5,1,0,1,6,1,3.7674470293265516,10.643523882838997,3.6365250271542147,11.52178137299907,2,1.7696205941611092,1.887194327012822,1.8153722281480373,1.9488826387011335,11.29373949699628,11.259176717926275,444,293,1.705720897552528,1.9084214454655226
2025/26,22/02/2026,Nott'm Forest,Liverpool,A Taylor,2,0,0,0,2,0,3.7674470293265516,10.643523882838997,3.596189152919579,20.531234762994544,346,1.9951990498061234,1.405786171503157,2.0339087272254783,1.6694027292373619,10.437589865298662,9.982192656037675,140,444,1.7677159143523429,1.6171133026158193
2025/26,22/02/2026,Sunderland,Fulham,C Pawson,1,1,0,0,2,0,3.7674470293265516,10.643523882838997,3.6256289720714996,21.537459787401943,271,2.0145538885158008,1.9621465485712084,1.7306829207738654,1.4643110507357104,10.366622123363177,10.813101424767499,140,216,1.932421796705284,2.1646817294304808
2025/26,22/02/2026,Tottenham,Arsenal,P Bankes,2,1,0,0,3,0,3.7674470293265516,10.643523882838997,3.9351924686262043,19.574177184345405,111,1.845873317472656,1.6049040276520632,2.017986607233005,1.8962083754781505,10.888510738826344,9.919187889394113,444,445,1.72681794396603,1.7069573643695342
2025/26,23/02/2026,Everton,Man United,D England,2,3,0,0,5,0,3.75787546645973,10.715032786702434,3.8529904022542523,19.47306741092725,91,1.7542136514127407,1.863146113286379,1.6823182265761394,1.760749599125159,10.719744544445028,11.144581145752218,444,444,1.680101544297249,1.9881184219343797
2025/26,27/02/2026,Wolves,Aston Villa,C Pawson,3,3,0,0,6,0,3.7636020591597905,10.703802092555206,3.6198318231615985,21.53399007513091,272,1.8842298234423898,1.925511605328608,1.9586634804003187,2.049789061976007,11.266273513573346,10.726238484665213,294,331,1.8655988607635705,2.0901500857983244
2025/26,28/02/2026,Bournemouth,Sunderland,J Gillett,4,2,0,0,6,0,3.7739125713319273,10.752587630505985,3.7485079831695898,17.78249696826127,77,1.8130183360837844,2.008361181314035,1.8968333649855187,1.7263098992627528,10.389145685632355,10.34387440531279,331,141,1.7516908015832748,2.0741687562939934
2025/26,28/02/2026,Burnley,Brentford,S Barrott,2,2,0,0,4,0,3.7739125713319273,10.752587630505985,3.8651622061176987,17.3647429210462,54,1.7234229603612412,1.7902285787886054,1.3997235383959232,1.702599712809224,10.137700598927152,9.26620828468451,331,179,1.5961352460277192,1.9067725412018217
2025/26,28/02/2026,Leeds,Man City,P Bankes,0,3,0,0,3,0,3.7739125713319273,10.752587630505985,3.929546089659111,19.655581684398904,112,2.040412463365317,1.4984877049673684,1.6237457966986504,1.8397920527934555,10.978489789928172,9.216618276584336,141,445,2.0388746386469347,1.6595120012024873
2025/26,28/02/2026,Liverpool,West Ham,T Robinson,2,2,0,0,4,0,3.7739125713319273,10.752587630505985,4.074275198379142,18.914092927259023,47,1.402835531054325,1.6397920527934553,1.670226835402151,1.555009444097803,9.981835667888683,9.947053059193031,445,445,1.2249128450843436,1.6384149547889852
2025/26,28/02/2026,Newcastle,Everton,S Attwell,2,3,0,0,5,0,3.7739125713319273,10.752587630505985,3.7006843253856396,19.179697642419676,191,1.68318564996443,1.7550094440978032,1.9225221428554253,1.6854442267064988,10.338019922343115,10.723140015714772,407,445,1.6665336893806857,1.8367271910759049
2025/26,01/03/2026,Arsenal,Chelsea,D England,1,3,0,1,4,1,3.788170601105444,10.754376926521307,3.8692672224584284,19.477430967205407,92,1.6039290227945573,1.820459303278893,1.8967706713845787,2.0574158250180234,9.923335850214555,10.377517015106324,446,445,1.5207226983472188,1.9384442173345604
2025/26,01/03/2026,Brighton,Nott'm Forest,A Madley,3,1,0,0,4,0,3.788170601105444,10.754376926521307,3.418028433517574,20.939062821086885,125,1.7324025419314764,1.9962261506941719,1.813327397422806,2.0218671763351974,10.880513950719394,10.459345044544293,331,141,1.7133959972682824,2.2048385824504804
2025/26,01/03/2026,Fulham,Tottenham,T Bramall,3,3,0,0,6,0,3.788170601105444,10.754376926521307,3.8243466432519444,18.28370604518618,45,1.9586693082253914,1.8465462598006321,1.4629796530529777,2.0161114771919366,10.826111323055645,10.903603971628065,217,445,1.7513112155145596,1.9679800823134634
2025/26,01/03/2026,Man United,Crystal Palace,C Kavanagh,2,2,0,1,4,1,3.788170601105444,10.754376926521307,3.510648623321914,19.878547937985665,182,1.8661114771919365,1.776981042409328,1.7617636511049801,1.8139375641484583,11.13621266728024,11.312299623801977,445,445,1.7401319810476408,1.8413978038324508
2025/26,03/03/2026,Bournemouth,Brentford,C Pawson,2,1,0,0,3,0,3.801228207070354,10.817793023470939,3.630975520727379,21.578673911365016,273,1.8199112724871114,1.7923549310411675,1.8977210707580048,1.7051754438616802,10.403842788691735,9.26735101372324,332,180,1.7652442627239098,1.9096115386002634
2025/26,03/03/2026,Everton,Burnley,T Robinson,0,1,0,0,1,0,3.801228207070354,10.817793023470939,4.082612399681628,18.992394871051694,48,1.7581544719154611,1.7248104079337974,1.6865709578156782,1.40204383732861,10.71612461534931,10.135831261314214,446,332,1.6828118132480152,1.8646917765360644
2025/26,03/03/2026,Leeds,Sunderland,S Attwell,1,3,0,0,4,0,3.801228207070354,10.817793023470939,3.709818917865248,19.200206569524305,192,2.0287210926944437,2.009612812439667,1.6338166340957176,1.7420968888727875,10.975372278191287,10.35753788328683,142,142,2.0175489715468333,2.075688506430554
2025/26,03/03/2026,Wolves,Liverpool,T Bramall,2,1,0,0,3,0,3.801228207070354,10.817793023470939,3.8595873968557584,18.400631346292585,46,1.8887393921065407,1.404575296210472,1.9629329404936378,1.6713865760369362,11.274624024761394,9.987274289969701,295,446,1.8742896414296175,1.6113832418194438
2025/26,04/03/2026,Aston Villa,Chelsea,J Gillett,3,2,0,0,5,0,3.7820076459788994,10.870377541993745,3.7723319529075,17.900577073299452,78,1.9290059289476709,1.8229176948911967,2.0529252373050193,2.055021816366251,10.753682511714562,10.387262107516168,332,446,1.7589229687560317,1.9427103249783266
2025/26,04/03/2026,Brighton,Arsenal,C Kavanagh,4,1,0,0,5,0,3.7820076459788994,10.870377541993745,3.512260534372464,19.917112685335788,183,1.735922355460639,1.6025217691446791,1.810850309351129,1.8990585656814756,10.886247353213122,9.92754941897176,332,447,1.7202489356068607,1.7044563068821832
2025/26,04/03/2026,Fulham,West Ham,M Donohue,2,4,0,0,6,0,3.7820076459788994,10.870377541993745,4.018972108602499,13.371015122408402,4,1.9629401602782908,1.6407051135462944,1.4693779285186341,1.5561064150647326,10.830591551780914,9.95125343072658,218,446,1.7610085269745301,1.6401893165749653
2025/26,04/03/2026,Man City,Nott'm Forest,D England,0,4,0,0,4,0,3.7820076459788994,10.870377541993745,3.8690694165209534,19.548808801269864,93,1.5018764801406546,1.9895863525149156,1.8359328792729754,2.0278029130244697,9.215895513156081,10.481068990859573,446,142,1.3628783922052174,2.1902913644749042
2025/26,04/03/2026,Newcastle,Man United,P Bankes,2,3,1,0,5,1,3.7820076459788994,10.870377541993745,3.924276747459946,19.66492346775249,113,1.684078149751399,1.8663016428304593,1.9252129015244486,1.7621801677762294,10.351129625449062,11.142142801659334,408,446,1.6683335951819256,1.9931304930455536
2025/26,05/03/2026,Tottenham,Crystal Palace,A Madley,3,2,0,0,5,0,3.8098054727551975,10.912859979558757,3.425464482244238,20.992195360854097,126,1.8494003059558872,1.7778167918561039,2.0185977029190108,1.8146931476044772,10.912899023528613,11.316369739363754,446,446,1.7293005926288403,1.8427459707801008
2025/26,14/03/2026,Arsenal,Everton,A Madley,0,0,0,0,0,0,3.8152926514612195,10.941259774511181,3.4367257650429637,21.042970357649864,127,1.6017596001856569,1.7545772616579203,1.904135410120862,1.685313192393851,9.933173754446727,10.716578892443364,448,447,1.5193894743107528,1.8429188860754586
2025/26,14/03/2026,Burnley,Bournemouth,P Bankes,1,0,0,0,1,0,3.8152926514612195,10.941259774511181,3.938002275442665,19.759219383904885,114,1.7230307324309173,1.8207318818562044,1.3983180887527562,1.8954445255343655,10.143848989393202,10.402469679048373,333,333,1.600081187215244,1.8818491430163489
2025/26,14/03/2026,Chelsea,Newcastle,P Tierney,2,2,0,0,4,0,3.8152926514612195,10.941259774511181,3.4618888088569504,20.763058658980185,188,1.8238413309219894,1.6854120162404698,2.0576075646882233,1.9283365445423566,10.38541006127453,10.363347755445364,447,409,1.7084651045628536,1.7151355930865715
2025/26,14/03/2026,Sunderland,Brighton,T Kirk,1,2,0,0,3,0,3.8152926514612195,10.941259774511181,3.7636541530903744,12.51898194152784,3,2.016548701809868,1.7431456749596528,1.7380676891516402,1.8092376289826413,10.418097774106542,10.89672255261159,143,333,1.9257522661158042,1.765827043568835
2025/26,14/03/2026,West Ham,Man City,M Oliver,2,2,0,0,4,0,3.8152926514612195,10.941259774511181,3.2859841237053926,20.962378475873685,333,1.646352153432812,1.4991660062466647,1.5576075646882233,1.8411573482380068,9.956838632703104,9.218743394607865,447,447,1.6580449364956267,1.6664482978401645
2025/26,15/03/2026,Crystal Palace,Leeds,T Bramall,2,1,0,1,3,1,3.783178212271008,10.880399734432467,3.8413813237052112,18.486249907789052,47,1.7778654471689015,2.021353396152105,1.8168264861299406,1.6416065607090669,11.321651510840354,11.003816443090148,447,143,1.7200581369413133,2.0159748440934018
2025/26,15/03/2026,Liverpool,Tottenham,C Kavanagh,0,0,0,0,0,0,3.783178212271008,10.880399734432467,3.5195189249128003,19.94741623617613,184,1.4034065727100273,1.8514585207619751,1.6718048411082957,2.018125187428642,9.994811684000528,10.919054108242952,447,447,1.228461498285851,1.9721589772774477
2025/26,15/03/2026,Man United,Aston Villa,A Taylor,3,2,0,0,5,0,3.783178212271008,10.880399734432467,3.5929555250182132,20.551102132690353,347,1.8687745380779925,1.932108725839174,1.7627139320173864,2.0527983810115877,11.152820342009186,10.75173275289725,447,333,1.7410665403026577,2.095988047469793
2025/26,15/03/2026,Nott'm Forest,Fulham,S Barrott,2,3,0,0,5,0,3.783178212271008,10.880399734432467,3.86974319133469,17.412624917010145,55,2.0023660543799533,1.963136053812105,2.015024282228054,1.480230070906122,10.453183531697743,10.844457256445484,143,219,1.7717887975817739,2.156240617677682
2025/26,16/03/2026,Brentford,Wolves,S Attwell,2,4,0,0,6,0,3.773530020267964,10.834408840572918,3.7079736261775187,19.27000101382717,193,1.7872524242449475,1.888429180553086,1.705619771183723,1.9591687303923144,9.271724828083148,11.270926258213173,181,296,1.688585477638188,1.9030955256296895
2025/26,20/03/2026,Bournemouth,Man United,S Attwell,2,2,0,1,4,1,3.783794761351992,10.835910922629578,3.71961127412694,19.28263823317689,194,1.814837996304126,1.8712277769117491,1.8922018931522635,1.7632364162206047,10.384725879426139,11.149609788163545,334,448,1.765815718187582,1.9973994171972382
2025/26,21/03/2026,Brighton,Liverpool,D England,5,5,0,0,10,0,3.7847915368827327,10.823610733879717,3.870754524555196,19.509161918882292,94,1.743226179159371,1.4004015907702385,1.8062634284430388,1.6682201652842776,10.897355531530366,9.989583327222672,334,448,1.7328897611352774,1.6083093578519685
2025/26,21/03/2026,Everton,Chelsea,S Barrott,0,2,0,0,2,0,3.7847915368827327,10.823610733879717,3.884194918790967,17.402348991938183,56,1.7502935994095474,1.8237277246795258,1.6811791285672149,2.0569890637723987,10.71744509828099,10.380512052924619,448,448,1.6752549645465293,1.9430373913247718
2025/26,21/03/2026,Fulham,Burnley,C Kavanagh,2,2,0,1,4,1,3.7847915368827327,10.823610733879717,3.5029513734384206,19.94566794450949,185,1.9675997299005128,1.720303543056219,1.4824933469217894,1.3936559785863052,10.839051406400417,10.143773869639247,220,334,1.7630874922129638,1.8592633875089037
2025/26,21/03/2026,Leeds,Brentford,J Gillett,2,0,0,0,2,0,3.7847915368827327,10.823610733879717,3.7848056579045033,17.899906426413395,79,2.0150058901045313,1.7887610991199008,1.6439367077145943,1.7176951092721853,11.001113713862251,9.285162845198466,144,182,2.0044360520301208,1.8998673257228347
2025/26,22/03/2026,Aston Villa,West Ham,P Tierney,0,1,0,0,1,0,3.7976575319835124,10.725347721511879,3.4623431696242424,20.729596696438307,189,1.9326144168764365,1.6468303055936855,2.055823585930878,1.5582773898269466,10.731920079975184,9.962073667195117,334,448,1.7663869862081119,1.6505541066522023
2025/26,22/03/2026,Newcastle,Sunderland,A Taylor,1,6,0,0,7,0,3.7976575319835124,10.725347721511879,3.597698226004257,20.525827595275594,348,1.6858410152702972,2.0093234684897885,1.9281939564467678,1.7388832169174613,10.35868260685021,10.386415773027288,410,144,1.670374688590347,2.086004959653751
2025/26,22/03/2026,Tottenham,Nott'm Forest,M Oliver,1,2,0,0,3,0,3.7976575319835124,10.725347721511879,3.286744953480746,20.941876582277985,334,1.8476942364792146,2.0030341603136876,2.014000931943577,2.0219020848419897,10.921036950132482,10.430440930259994,448,144,1.734236115020403,2.2124417412629462
2025/26,10/04/2026,West Ham,Wolves,J Gillett,2,2,0,0,4,0,3.7958963908341308,10.720015882989449,3.7704515216271743,17.847622829283203,80,1.6454078080415,1.8957346888822306,1.5548905666621895,1.959837252984795,9.955603705005217,11.264102945905195,449,297,1.6588670415533722,1.9169890977377666
2025/26,11/04/2026,Arsenal,Bournemouth,M Oliver,1,3,0,0,4,0,3.796837373969494,10.704150281574336,3.285891484303437,20.954454880664883,335,1.5980092247947655,1.8156465151564891,1.8997333627258,1.8927893722993463,9.931640360154757,10.38080322031945,449,335,1.5124530556684987,1.8707487928833584
2025/26,11/04/2026,Brentford,Everton,F Hallam,0,2,0,0,2,0,3.796837373969494,10.704150281574336,3.7748494203421243,11.726065075531793,2,1.7801832338624808,1.7467161213464897,1.71957717325642,1.6820609489326965,9.279197611675796,10.705347256706482,183,449,1.6931724557053889,1.8346287878860719
2025/26,11/04/2026,Burnley,Brighton,T Bramall,2,1,0,0,3,0,3.796837373969494,10.704150281574336,3.8345333472498266,18.487722699169296,48,1.7213608008707748,1.7527893722993462,1.3956465151564892,1.8156465151564891,10.137946077462306,10.895088934605164,335,335,1.5960235181580835,1.766353188487754
2025/26,11/04/2026,Liverpool,Fulham,A Taylor,0,0,0,0,0,0,3.796837373969494,10.704150281574336,3.6067404661744313,20.541721275506305,349,1.4083540523809723,1.968119831799878,1.675595431691317,1.4850689843422509,9.98983001532717,10.814750538609353,449,221,1.223750126798206,2.1638102424381698
2025/26,12/04/2026,Chelsea,Man City,C Kavanagh,3,1,0,0,4,0,3.768391956715004,10.65506349651455,3.5033639759141,19.902258708117838,186,1.8238425424037985,1.4994879906595302,2.0522908182658672,1.8407406904435475,10.370502103930729,9.204995628993217,449,448,1.708213136716998,1.6663721325328975
2025/26,12/04/2026,Crystal Palace,Newcastle,A Madley,0,3,0,0,3,0,3.768391956715004,10.65506349651455,3.4065999929272883,21.00899730335205,128,1.7781057012426835,1.6837158208341845,1.8148227638776728,1.9372369475947477,11.31946647132583,10.351908394891689,448,411,1.7207654379722281,1.7148315439789206
2025/26,12/04/2026,Nott'm Forest,Aston Villa,M Salisbury,2,2,0,0,4,0,3.768391956715004,10.65506349651455,3.819631694120428,19.19971448064468,57,2.001643372971016,1.926465541929607,2.0141433729710156,2.052179827643893,10.44320610139912,10.708322789211026,145,335,1.7731372376478451,2.0948513168975964
2025/26,12/04/2026,Sunderland,Tottenham,R Jones,3,3,0,0,6,0,3.768391956715004,10.65506349651455,3.842498476650569,20.30588323797624,107,2.0328933729710155,1.8453942665417298,1.7328933729710159,2.013497714817592,10.436956101399119,10.924381414275558,145,449,1.9110682721306038,1.9634432622400106
2025/26,13/04/2026,Man United,Leeds,P Tierney,3,2,1,0,5,1,3.777286392975775,10.753955395154758,3.4485216736018343,20.683018069204042,190,1.8714001033347378,2.0145602996707397,1.7636414826450826,1.6333102996707396,11.143652296257889,10.966591659147879,449,145,1.74614915459129,2.0037890568657275
2025/26,18/04/2026,Brentford,Fulham,P Tierney,0,1,0,0,1,0,3.7829234950742796,10.779249204053817,3.4563568860039675,20.71519088009882,191,1.7707131970505383,1.9593752160888485,1.7204619407691313,1.4783625578610005,9.265549593117607,10.788372865107188,184,222,1.6763731421781036,2.145808938198866
2025/26,18/04/2026,Chelsea,Man United,M Oliver,1,3,0,0,4,0,3.7829234950742796,10.779249204053817,3.2869060592156703,20.98471254875719,336,1.8266062929313056,1.873918120888295,2.0502622069098,1.7642407015334562,10.371708320495493,11.145901868882587,450,450,1.7140496925544046,1.9973830258877376
2025/26,18/04/2026,Leeds,Wolves,F Hallam,2,1,0,0,3,0,3.7829234950742796,10.779249204053817,3.69903883488775,11.838615360762336,3,2.014732460950665,1.895756952757371,1.642061653497249,1.9596547163356457,10.992822167890704,11.251898942589149,146,298,2.0042264342392855,1.9169019891040067
2025/26,18/04/2026,Newcastle,Bournemouth,T Bramall,2,4,0,0,6,0,3.7829234950742796,10.779249204053817,3.8185552348223917,18.50650310947764,49,1.6870536913654732,1.8187234365044362,1.9329553307097356,1.8899485077295073,10.357949341991578,10.40411501148263,412,336,1.6668412950817062,1.876349323568618
2025/26,18/04/2026,Tottenham,Brighton,S Attwell,3,1,0,0,4,0,3.7829234950742796,10.779249204053817,3.7207867608038954,19.27491468227884,195,1.8481116692753916,1.7503473681283679,2.0158536047592626,1.8158744336554333,10.935149180710546,10.896992504360124,450,336,1.7307163592210713,1.7615952252079623
2025/26,19/04/2026,Aston Villa,Sunderland,S Barrott,1,3,0,0,4,0,3.778914091761904,10.848579836079724,3.8594250279761906,17.356274340268207,57,1.9268998737555962,2.039390408001331,2.0522559991117215,1.741253762038598,10.710439740087173,10.468101545158994,336,146,1.7559664245257611,2.1288847237297075
2025/26,19/04/2026,Everton,Liverpool,C Kavanagh,2,0,0,0,2,0,3.778914091761904,10.848579836079724,3.5069474164813568,19.944407999537702,187,1.7469717326628262,1.4050362487918586,1.6781545283617512,1.6717029154585252,10.699708276926017,9.992181395205588,450,450,1.6680910653675596,1.622257732034226
2025/26,19/04/2026,Man City,Arsenal,A Taylor,2,2,0,0,4,0,3.778914091761904,10.848579836079724,3.5959276061174603,20.533905322405314,350,1.4985815855349447,1.5964340982542242,1.843409171741841,1.9018104423402458,9.218457648212494,9.938417954345372,449,450,1.3570788940929468,1.7014243987008928
2025/26,19/04/2026,Nott'm Forest,Burnley,T Kirk,0,2,0,0,2,0,3.778914091761904,10.848579836079724,3.705960423932676,12.662568824206659,4,2.0021233272559895,1.721771668627391,2.0145456875044365,1.3941363409920635,10.480523905407441,10.132092161739596,146,336,1.7766119964569804,1.859791561137783
2025/26,20/04/2026,Crystal Palace,West Ham,D England,2,1,0,0,3,0,3.7646066317381552,10.813216070583655,3.9176263816121155,19.52775334803826,95,1.7742123916768022,1.645665698361368,1.817315839952664,1.555343117716207,11.334265345968486,9.959352947375006,449,450,1.7134772905751507,1.646810623908484
2025/26,21/04/2026,Brighton,Chelsea,C Pawson,1,1,0,0,2,0,3.7610815498028947,10.82872282075897,3.625508490786195,21.57096344655175,274,1.7477503171122777,1.824480926230733,1.818773044385005,2.0519487373895315,10.90686199191958,10.375998757844833,337,451,1.7497711017678783,1.9425337984313407
2025/26,22/04/2026,Bournemouth,Leeds,M Salisbury,3,0,0,0,3,0,3.7529623987257,10.825603124637789,3.817157349013765,19.32096479657765,58,1.8242818692910305,2.01325443203977,1.8896227783819397,1.636711222163227,10.409636430212453,10.982666811325824,337,147,1.7658317922975013,2.0016729317095767
2025/26,22/04/2026,Burnley,Man City,A Madley,0,0,0,0,0,0,3.7529623987257,10.825603124637789,3.4014549348580685,21.088571935817825,129,1.7220091420183032,1.4992413290117048,1.3896227783819397,1.843327350517081,10.136909157485178,9.209015104160823,337,450,1.5964328851936762,1.6631134082935115
2025/26,24/04/2026,Sunderland,Nott'm Forest,D England,2,5,0,0,7,0,3.73220464371448,10.801516154311566,3.903348066883157,19.570561188907348,96,2.0431576223941885,1.9876020668386334,1.7345156470855467,2.0122934248633246,10.469205994798374,10.463033155292202,147,147,1.9203583503165749,2.2044492594074843
2025/26,25/04/2026,Arsenal,Newcastle,S Barrott,2,2,0,0,4,0,3.7472702289451463,10.830961499231742,3.8515874183569716,17.40691611422643,58,1.596790829864997,1.6871601091520763,1.9015118599079153,1.9371601091520763,9.94255839322798,10.36035563374822,451,413,1.5087688613212025,1.7199299851451972
2025/26,25/04/2026,Fulham,Aston Villa,M Oliver,2,2,0,0,4,0,3.7472702289451463,10.830961499231742,3.286413689844278,20.999375794145838,337,1.954220700491969,1.9235924054462745,1.4710274231810445,2.0542742236280924,10.79929500522789,10.71088696376204,223,337,1.7627343390245125,2.093467359109774
2025/26,25/04/2026,Liverpool,Crystal Palace,A Madley,1,3,0,0,4,0,3.7472702289451463,10.830961499231742,3.3785919724105073,21.095316370843832,130,1.4015118599079153,1.774418337025997,1.6718981260023362,1.8152785520797603,9.996206461897508,11.338133787622017,451,450,1.2171021946545357,1.8414415343811237
2025/26,25/04/2026,West Ham,Everton,S Attwell,3,4,0,0,7,0,3.7472702289451463,10.830961499231742,3.718016994224564,19.320244513487754,196,1.6440011302941817,1.747005422139675,1.5560182976761556,1.6740440487491173,9.96401762069579,10.693631354601369,451,451,1.6587688613212024,1.8337688613212024
2025/26,25/04/2026,Wolves,Tottenham,A Taylor,3,4,0,0,7,0,3.7472702289451463,10.830961499231742,3.594898286499012,20.523335206065937,351,1.8920526328569702,1.8500097139851686,1.9589316137486898,2.0130998427405333,11.27144016319821,10.94255839322798,299,451,1.8725885775432232,1.967102194654536
2025/26,27/04/2026,Man United,Brentford,C Kavanagh,2,4,0,0,6,0,3.780640745126556,10.842811181619261,3.5000752048270605,19.943991922725267,188,1.8762978660696332,1.761774027942246,1.7625639604902343,1.7167740279422459,11.150903613438079,9.261605419310722,451,185,1.7514783566185381,1.8818206129761603
2025/26,01/05/2026,Leeds,Burnley,T Bramall,4,3,0,0,7,0,3.7908727034854683,10.812091251366384,3.8502909011618227,18.57736375045546,50,2.00264751703154,1.7179363888842523,1.6468192961726444,1.3864916296774532,10.976016468621154,10.136234233385972,148,338,2.004848823327427,1.861041006935549
2025/26,02/05/2026,Arsenal,Fulham,J Gillett,0,1,0,0,1,0,3.80566781013355,10.818408962453917,3.7749216533333843,17.8722662647297,81,1.5985920954518236,1.956244805757329,1.9026606179357637,1.4750732576401742,9.948903784193586,10.812293168277844,452,224,1.51262451691287,2.1381299887874143
2025/26,02/05/2026,Brentford,West Ham,C Pawson,1,3,0,0,4,0,3.80566781013355,10.818408962453917,3.6238056508444627,21.568200746871163,275,1.7738433262487643,1.6478426307837293,1.7191169580895604,1.5621895258586758,9.259393369245792,9.961751749932343,186,452,1.6624306349629778,1.6454045999004219
2025/26,02/05/2026,Newcastle,Brighton,C Kavanagh,3,3,0,0,6,0,3.80566781013355,10.818408962453917,3.5146808189408354,19.918038430193214,189,1.688910276400936,1.7465793444079365,1.9383275258181856,1.8174008741529792,10.359296193982296,10.918238150760352,414,338,1.6691103989909983,1.7583831987826175
2025/26,02/05/2026,Wolves,Sunderland,P Tierney,0,4,0,1,4,1,3.80566781013355,10.818408962453917,3.4476575818126207,20.721014857425565,192,1.8969603446857195,2.0462730587484765,1.9668016145269893,1.7579295004662676,11.260755768947316,10.485509614836836,300,148,1.8820758095515249,2.1409270626517034
2025/26,03/05/2026,Aston Villa,Tottenham,S Barrott,2,5,0,0,7,0,3.804764421924412,10.802661248816701,3.8704656017632177,17.46507775262402,59,1.9250304055649663,1.8555369018510346,2.0553420202958446,2.01613647358551,10.713937561943698,10.948650876586992,338,452,1.7529115932849624,1.9773266936283531
2025/26,03/05/2026,Bournemouth,Crystal Palace,R Jones,0,2,0,0,2,0,3.804764421924412,10.802661248816701,3.865557222166243,20.398996475341484,108,1.8287131251117086,1.777973676318526,1.8853703489077425,1.8144543630138048,10.396657108685908,11.334806779755631,338,451,1.7746507237197449,1.8480655548518046
2025/26,03/05/2026,Man United,Liverpool,D England,2,2,0,0,4,0,3.804764421924412,10.802661248816701,3.9435992667877895,19.639889600167358,97,1.876950178082298,1.4015754457482508,1.7677424693028545,1.6756653815084221,11.139229035045236,9.995760084295771,452,452,1.7532603035868592,1.6163308430059464
2025/26,04/05/2026,Chelsea,Nott'm Forest,A Taylor,3,1,0,0,4,0,3.81197788246673,10.817130611771267,3.6082213449911626,20.52633492120499,352,1.8235328353715214,2.0097535835490827,2.0505135634229132,2.015888552874236,10.366442140446004,10.491585764345302,452,148,1.711991012939836,2.242582405825848
2025/26,04/05/2026,Everton,Man City,M Oliver,4,1,0,0,5,0,3.81197788246673,10.817130611771267,3.2928359423186455,21.01219907794568,338,1.7528690238083522,1.4969738929581555,1.6779225569989304,1.8403215324431341,10.694065266784335,9.214867981949109,452,451,1.6704972370062259,1.6580491042261432
2025/26,09/05/2026,Brighton,Wolves,J Brooks,1,2,0,0,3,0,3.8183178915425424,10.811152986664334,4.22121595142849,18.95132808934648,72,1.7503880909225116,1.891257544894206,1.8210095598490652,1.9735360259068642,10.921140246892605,11.259758377848048,339,301,1.7480292618835276,1.912953843554964
2025/26,09/05/2026,Fulham,Bournemouth,A Madley,4,2,1,1,6,2,3.8183178915425424,10.811152986664334,3.3939612005677153,21.085120670939798,131,1.9526557674440377,1.8238344186061273,1.4693224341107043,1.8859813112614945,10.817015197499927,10.395716518079045,225,339,1.7687983006816461,1.8893336097096145
2025/26,09/05/2026,Liverpool,Chelsea,C Pawson,2,4,0,0,6,0,3.8183178915425424,10.811152986664334,3.6261061371713077,21.562388121815978,276,1.4030713337319851,1.8261482568089082,1.6765756072362588,2.04837047903113,9.998041981623894,10.369836853418766,453,453,1.2184123825168842,1.9404040837616974
2025/26,09/05/2026,Man City,Brentford,M Salisbury,4,2,0,0,6,0,3.8183178915425424,10.811152986664334,3.826880324863852,19.277128865078673,59,1.4960115293074283,1.7704820999335102,1.8450479318770217,1.7259276444879657,9.205746568308314,9.252889343564268,452,187,1.3609891007773713,1.9040498535793433
2025/26,09/05/2026,Sunderland,Man United,S Attwell,0,3,0,0,3,0,3.8183178915425424,10.811152986664334,3.740801564362899,19.321075786786523,197,2.0587645377229817,1.8774303080909596,1.7477889279668846,1.7684559491166005,10.488314923170625,11.141204374786287,149,453,1.9285099346805514,2.0026447476621123
2025/26,10/05/2026,Burnley,Aston Villa,A Taylor,1,1,0,0,2,0,3.840738956656159,10.923590088265923,3.611159983905831,20.537274476737167,353,1.7226145259178565,1.926004356426331,1.3949309100986473,2.0644224355223764,10.141036513169475,10.720132558367215,339,339,1.591334468341963,2.0967692509506586
2025/26,10/05/2026,Crystal Palace,Everton,T Bramall,0,2,0,0,2,0,3.840738956656159,10.923590088265923,3.908137814689526,18.672233581666422,51,1.779026856905613,1.7581315003737634,1.811146771252508,1.676934919177182,11.336031960732322,10.70497206338033,452,453,1.7170354447092167,1.8456661501034075
2025/26,10/05/2026,Nott'm Forest,Newcastle,P Tierney,2,0,0,0,2,0,3.840738956656159,10.923590088265923,3.4542131831027705,20.73894381746169,193,2.0049118425300074,1.6925710283137703,2.0232045254568365,1.9414082376160957,10.493456863792648,10.360295175958125,149,415,1.7618600244373168,1.7243492890762215
2025/26,10/05/2026,West Ham,Arsenal,C Kavanagh,3,4,0,0,7,0,3.840738956656159,10.923590088265923,3.5303184833321115,19.939952335844872,190,1.6512938935361563,1.595738337980601,1.5615503037925667,1.9012938935361563,9.967792576200843,9.944288302696568,453,453,1.6672429135888847,1.7045873119291335
2025/26,11/05/2026,Tottenham,Leeds,J Gillett,3,1,0,0,4,0,3.8300790014265473,10.967288925134357,3.7546913554734926,17.917590870358495,82,1.8626615224587588,2.016619466528653,2.0165076763049123,1.6568633689676775,10.953535613116468,10.989357725234804,453,149,1.7374505913307017,1.9856808147269562
2025/26,13/05/2026,Man City,Crystal Palace,S Attwell,0,2,0,0,2,0,3.8308623917576785,10.95373762921347,3.738885918358484,19.358042335113616,198,1.5015629656798772,1.7750672391841507,1.8455800596969714,1.811392025508937,9.20545519704936,11.322976564570727,453,453,1.3723297424820855,1.8495081657186
2025/26,15/05/2026,Aston Villa,Liverpool,C Kavanagh,3,1,0,0,4,0,3.822421528607312,10.931132865228518,3.5442617509962164,19.968881118660708,191,1.9230089055339574,1.404409725937217,2.061037074548042,1.6815952270033152,10.712629567575249,10.01489018441197,340,454,1.7549630349435397,1.6184634771262596
2025/26,17/05/2026,Brentford,Crystal Palace,S Barrott,1,3,0,0,4,0,3.8232402223454214,10.927134824679058,3.912717712454536,17.57856906608208,60,1.7717945894955205,1.7754249502507264,1.7373118308748308,1.8074078926814299,9.280559168399474,11.313333712548172,188,454,1.6575624006200977,1.849893808543763
2025/26,17/05/2026,Everton,Sunderland,J Brooks,3,0,0,0,3,0,3.8232402223454214,10.927134824679058,4.210010260802403,18.99161602670384,73,1.7583673809543512,2.046510919197519,1.6730795344724747,1.7556018282884283,10.709922198688897,10.502748552636927,454,150,1.6804723209404573,2.163047796306563
2025/26,17/05/2026,Leeds,Brighton,M Oliver,1,0,0,0,1,0,3.8232402223454214,10.927134824679058,3.2982994658204277,21.016973545651034,339,2.010147282833883,1.7483783145565934,1.6646927373793372,1.8216177511763116,10.963354613242988,10.918178904746739,150,340,2.0297144629732293,1.7658070360410305
2025/26,17/05/2026,Man United,Nott'm Forest,M Salisbury,2,1,0,0,3,0,3.8232402223454214,10.927134824679058,3.853894183042771,19.343274948435017,60,1.8799025621910248,2.0040866767732766,1.7647639694404917,2.010147282833883,11.144890215746468,10.52699097687935,454,150,1.7548524862297135,2.2297144629732295
2025/26,17/05/2026,Newcastle,West Ham,J Gillett,1,3,0,0,4,0,3.8232402223454214,10.927134824679058,3.755379681098477,17.918318246453488,83,1.6883394470245723,1.6538897690140526,1.9412396790431337,1.5664697263701295,10.361841093236874,9.97644671894476,416,454,1.6756695142044424,1.6515467011057465
2025/26,17/05/2026,Wolves,Fulham,T Kirk,1,0,0,0,1,0,3.8232402223454214,10.927134824679058,3.6860335186211843,12.972612353899216,5,1.8917170399608538,1.9613041562970566,1.9705813932731568,1.4716776002804592,11.26168300058389,10.825533241431922,302,226,1.8715319377565702,2.1302679817780517
2025/26,18/05/2026,Arsenal,Burnley,P Tierney,1,3,0,0,4,0,3.7915084217224893,10.851317411017623,3.4419530161783665,20.7592828094769,194,1.600077426786607,1.7195389103180807,1.902849281797268,1.3927783469377992,9.947515736849962,10.161647550936992,454,340,1.505935178359168,1.867223314394155
2025/26,19/05/2026,Bournemouth,Man City,A Taylor,4,2,0,0,6,0,3.792469634803341,10.857380540786256,3.60372490994745,20.54732061614685,354,1.8237845697493664,1.4977473822196696,1.8913902035521832,1.8452953566333157,10.426564377622245,9.205608430822808,340,454,1.7645595797893245,1.654725298599277
2025/26,19/05/2026,Chelsea,Tottenham,S Attwell,4,3,0,0,7,0,3.792469634803341,10.857380540786256,3.7268381288843018,19.336761221069892,199,1.8303699834989873,1.864485122091738,2.047853992027772,2.013738853435022,10.384712908434748,10.954009283701271,454,454,1.7167087696736572,1.9894360424009299
2025/26,24/05/2026,Brighton,Man United,S Barrott,0,1,0,0,1,0,3.8173878812767237,10.896727351629865,3.912031360836257,17.504862602217983,61,1.743343845813414,1.8800647002331392,1.8191865424426275,1.7630434236373944,10.906532177351753,11.144096713057923,341,455,1.7439481573490565,2.006737227725518
2025/26,24/05/2026,Burnley,Wolves,A Kitchen,2,2,0,0,4,0,3.8173878812767237,10.896727351629865,3.681156567730603,13.28060612635822,5,1.7236809244650995,1.888774871413759,1.392220250307796,1.9642465695269669,10.179004087464111,11.288444827475548,341,303,1.5871914005922996,1.9134361994552738
2025/26,24/05/2026,Crystal Palace,Arsenal,F Hallam,0,1,0,0,1,0,3.8173878812767237,10.896727351629865,3.704644725238555,12.428213234163676,4,1.777937040658671,1.599213636403352,1.8055966151267562,1.905596615126756,11.299415861994092,9.941969053483454,455,455,1.7092165665684935,1.713348797973452
2025/26,24/05/2026,Fulham,Newcastle,R Jones,2,2,0,0,4,0,3.8173878812767237,10.896727351629865,3.8539902763575977,20.421031222319005,109,1.9530182194610557,1.6866444655314246,1.4695471450808903,1.943588909975869,10.812915103872825,10.355845960965798,227,417,1.786175071168558,1.7158314309846432
2025/26,24/05/2026,Liverpool,Brentford,D England,2,3,0,0,5,0,3.8173878812767237,10.896727351629865,3.946623553105025,19.686326697485743,98,1.4034689555522881,1.7677961230861539,1.6843200193820753,1.7432863191645855,10.012181819440901,9.268262034986392,455,189,1.2216132607833696,1.9048661386199581
2025/26,24/05/2026,Man City,Aston Villa,A Madley,1,0,0,0,1,0,3.8173878812767237,10.896727351629865,3.410412083005848,21.17463811331686,132,1.499213636403352,1.9259281154763355,1.850277466190586,2.057950587386448,9.201543521568562,10.715520941396697,455,341,1.366241359956923,2.0898941032950025
2025/26,24/05/2026,Nott'm Forest,Bournemouth,C Pawson,1,1,0,0,2,0,3.8173878812767237,10.896727351629865,3.633889725271252,21.610656237717706,277,1.9977735488528638,1.8304224974988073,2.009821741623948,1.8922202503077963,10.492322018898939,10.443049031284335,151,341,1.7625601012175047,1.8898941032950023
2025/26,24/05/2026,Sunderland,Chelsea,C Kavanagh,3,2,0,0,5,0,3.8173878812767237,10.896727351629865,3.5457820139719725,19.969669049726946,192,2.033918127166117,1.8353838491693093,1.7628337898167195,2.050277466190586,10.492322018898939,10.386649904547284,151,455,1.9070045456619493,1.948885988056097
2025/26,24/05/2026,Tottenham,Everton,M Oliver,5,3,0,1,8,1,3.8173878812767237,10.896727351629865,3.291601909676488,21.001145709015745,340,1.8672987427863308,1.7609157640629265,2.0183625725735648,1.669426402360799,10.96962862795154,10.71643713858984,455,455,1.7422744178081628,1.84558020293213
2025/26,24/05/2026,West Ham,Leeds,A Taylor,0,3,0,0,3,0,3.8173878812767237,10.896727351629865,3.611670255347153,20.556363641554597,355,1.6566604449139901,2.0037976452384063,1.5651710832118626,1.6544000548769606,9.978139266249412,10.950153344200144,455,151,1.6720264839238654,1.9736712123286158
