match_id,season,stage,matchday,kickoff_utc,kickoff_precision,home_club_id,away_club_id,home_name_source,away_name_source,home_goals,away_goals,source,source_published_at_utc,p_home,p_draw,p_away,expected_home_goals,expected_away_goals,rating_home_pre,rating_away_pre
ucl-2011-12-001,2011-12,knockout_phase,,2011-09-14T00:00:00+00:00,date_only,manchester-city,ssc-napoli,Manchester City (ENG),SSC Napoli (ITA),1,1,openfootball,2011-09-14T00:00:00+00:00,0.3962901967159288,0.27,0.3337098032840712,1.5699999999999998,1.2,1500.0,1500.0
ucl-2011-12-002,2011-12,knockout_phase,,2011-09-14T00:00:00+00:00,date_only,villarreal-cf,bayern-m-nchen,Villarreal CF (ESP),Bayern München (GER),0,2,openfootball,2011-09-14T00:00:00+00:00,0.3963227034993523,0.26994011976047905,0.3337371767401687,1.5699999999999998,1.2,1500.0,1500.0
ucl-2011-12-003,2011-12,knockout_phase,,2011-09-14T00:00:00+00:00,date_only,bayern-m-nchen,manchester-city,Bayern München (GER),Manchester City (ENG),2,0,openfootball,2011-09-14T00:00:00+00:00,0.40905326496982986,0.2698804780876494,0.3210662569425208,1.6387527653365175,0.48499778773078606,1521.2517105351837,1498.7483921313628
ucl-2011-12-004,2011-12,knockout_phase,,2011-09-14T00:00:00+00:00,date_only,ssc-napoli,villarreal-cf,SSC Napoli (ITA),Villarreal CF (ESP),2,0,openfootball,2011-09-14T00:00:00+00:00,0.40908654666661054,0.26982107355864815,0.3210923797747413,1.6387527653365175,0.48499778773078606,1501.2516078686372,1478.7482894648163
ucl-2011-12-005,2011-12,knockout_phase,,2011-09-14T00:00:00+00:00,date_only,manchester-city,villarreal-cf,Manchester City (ENG),Villarreal CF (ESP),2,1,openfootball,2011-09-14T00:00:00+00:00,0.40771161806665723,0.2697619047619048,0.3225264771714379,1.3866666329077129,0.7366666936738298,1480.508132291909,1460.5081728026537
ucl-2011-12-006,2011-12,knockout_phase,,2011-09-14T00:00:00+00:00,date_only,ssc-napoli,bayern-m-nchen,SSC Napoli (ITA),Bayern München (GER),1,1,openfootball,2011-09-14T00:00:00+00:00,0.3850975508911873,0.2697029702970297,0.345199478811783,0.8533331284634685,1.2633334972292252,1519.4917245307997,1539.4919703746375
ucl-2011-12-007,2011-12,knockout_phase,,2011-09-14T00:00:00+00:00,date_only,bayern-m-nchen,ssc-napoli,Bayern München (GER),SSC Napoli (ITA),3,2,openfootball,2011-09-14T00:00:00+00:00,0.4086754218921242,0.2696442687747036,0.3216803093331722,1.3046634739391783,0.8189358875153241,1540.2899318162256,1518.6937630892116
ucl-2011-12-008,2011-12,knockout_phase,,2011-09-14T00:00:00+00:00,date_only,villarreal-cf,manchester-city,Villarreal CF (ESP),Manchester City (ENG),0,3,openfootball,2011-09-14T00:00:00+00:00,0.36429833375590875,0.2695857988165681,0.3661158674275232,0.9061728717887944,1.5377283692356312,1442.211875620558,1498.8044294740048
ucl-2011-12-009,2011-12,knockout_phase,,2011-09-14T00:00:00+00:00,date_only,bayern-m-nchen,villarreal-cf,Bayern München (GER),Villarreal CF (ESP),3,1,openfootball,2011-09-14T00:00:00+00:00,0.471269387733617,0.2695275590551181,0.25920305321126497,2.358584836059214,0.40913213115262914,1558.5500295650465,1422.2482262939902
ucl-2011-12-010,2011-12,knockout_phase,,2011-09-14T00:00:00+00:00,date_only,ssc-napoli,manchester-city,SSC Napoli (ITA),Manchester City (ENG),2,1,openfootball,2011-09-14T00:00:00+00:00,0.38616839898864885,0.2694695481335953,0.3443620528777558,1.3547213221165153,1.3872229423067879,1500.4336653403907,1518.7680788005725
ucl-2011-12-011,2011-12,knockout_phase,,2011-09-14T00:00:00+00:00,date_only,manchester-city,bayern-m-nchen,Manchester City (ENG),Bayern München (GER),2,0,openfootball,2011-09-14T00:00:00+00:00,0.3540508935666075,0.26941176470588235,0.3765373417275101,1.1577462523734923,1.749802998101206,1499.6042057227903,1574.3087028745995
ucl-2011-12-012,2011-12,knockout_phase,,2011-09-14T00:00:00+00:00,date_only,villarreal-cf,ssc-napoli,Villarreal CF (ESP),SSC Napoli (ITA),0,2,openfootball,2011-09-14T00:00:00+00:00,0.3322447123159113,0.2693542074363992,0.39840108024768944,0.825743345471887,2.0754053236224905,1406.4895529844373,1519.597538418173
ucl-2011-12-013,2011-12,knockout_phase,,2011-09-14T00:00:00+00:00,date_only,lille-osc,cska-moskva,Lille OSC (FRA),CSKA Moskva (RUS),2,2,openfootball,2011-09-14T00:00:00+00:00,0.39667189746190945,0.269296875,0.33403122753809056,1.5699999999999998,1.2,1500.0,1500.0
ucl-2011-12-014,2011-12,knockout_phase,,2011-09-14T00:00:00+00:00,date_only,inter,trabzonspor,Inter (ITA),Trabzonspor (TUR),0,1,openfootball,2011-09-14T00:00:00+00:00,0.39670289979670326,0.26923976608187133,0.33405733412142546,1.5699999999999998,1.2,1500.0,1500.0
ucl-2011-12-015,2011-12,knockout_phase,,2011-09-14T00:00:00+00:00,date_only,cska-moskva,inter,CSKA Moskva (RUS),Inter (ITA),2,3,openfootball,2011-09-14T00:00:00+00:00,0.40944545221121625,0.2691828793774319,0.32137166841135184,1.638754770593318,0.9849961835253455,1501.2528133984763,1478.7470886864944
ucl-2011-12-016,2011-12,knockout_phase,,2011-09-14T00:00:00+00:00,date_only,trabzonspor,lille-osc,Trabzonspor (TUR),Lille OSC (FRA),1,1,openfootball,2011-09-14T00:00:00+00:00,0.40947719961749746,0.269126213592233,0.32139658679026956,1.638754770593318,0.9849961835253455,1521.2529113135056,1498.7471866015237
ucl-2011-12-017,2011-12,knockout_phase,,2011-09-14T00:00:00+00:00,date_only,cska-moskva,trabzonspor,CSKA Moskva (RUS),Trabzonspor (TUR),3,0,openfootball,2011-09-14T00:00:00+00:00,0.37402915894768113,0.2690697674418605,0.35690107361045836,1.3366666988879317,1.7766666408896545,1479.491337722479,1519.491299056961
ucl-2011-12-018,2011-12,knockout_phase,,2011-09-14T00:00:00+00:00,date_only,lille-osc,inter,Lille OSC (FRA),Inter (ITA),0,1,openfootball,2011-09-14T00:00:00+00:00,0.3968258427515673,0.26901353965183755,0.3341606175965951,1.6200001954129806,1.4999998436696156,1500.5087988580683,1500.5085643624916
ucl-2011-12-019,2011-12,knockout_phase,,2011-09-14T00:00:00+00:00,date_only,trabzonspor,cska-moskva,Trabzonspor (TUR),CSKA Moskva (RUS),0,0,openfootball,2011-09-14T00:00:00+00:00,0.39724447506849,0.26895752895752895,0.333797995973981,1.2872375706233088,1.8328766101680194,1499.8338607637054,1499.1487760157347
ucl-2011-12-020,2011-12,knockout_phase,,2011-09-14T00:00:00+00:00,date_only,inter,lille-osc,Inter (ITA),Lille OSC (FRA),2,1,openfootball,2011-09-14T00:00:00+00:00,0.42081495613271086,0.2689017341040463,0.31028330976324286,1.4887553120921848,0.9716624169929187,1521.761868865591,1479.255494354969
ucl-2011-12-021,2011-12,knockout_phase,,2011-09-14T00:00:00+00:00,date_only,cska-moskva,lille-osc,CSKA Moskva (RUS),Lille OSC (FRA),0,2,openfootball,2011-09-14T00:00:00+00:00,0.4188611639941799,0.2688461538461539,0.31229268215966616,1.7774596485960554,1.0990322811231554,1500.417705597625,1461.4661272823582
ucl-2011-12-022,2011-12,knockout_phase,,2011-09-14T00:00:00+00:00,date_only,trabzonspor,inter,Trabzonspor (TUR),Inter (ITA),1,1,openfootball,2011-09-14T00:00:00+00:00,0.37360875163916246,0.2687907869481766,0.35760046141266094,0.8358447460363446,1.2773242031709244,1498.5649311818152,1539.5512359382017
ucl-2011-12-023,2011-12,knockout_phase,,2011-09-14T00:00:00+00:00,date_only,inter,cska-moskva,Inter (ITA),CSKA Moskva (RUS),1,2,openfootball,2011-09-14T00:00:00+00:00,0.4315101787692495,0.26873563218390806,0.2997541890468424,1.5713208881514973,1.1589432894788019,1539.8714017427317,1478.2863359609346
ucl-2011-12-024,2011-12,knockout_phase,,2011-09-14T00:00:00+00:00,date_only,lille-osc,trabzonspor,Lille OSC (FRA),Trabzonspor (TUR),0,0,openfootball,2011-09-14T00:00:00+00:00,0.388684411946914,0.2686806883365201,0.34263489971656597,1.2077939429514695,0.9097648456388244,1483.5974969190486,1498.2447653772851
ucl-2011-12-025,2011-12,knockout_phase,,2011-09-14T00:00:00+00:00,date_only,fc-basel-1893,o-elul-gala-i,FC Basel 1893 (SUI),Oţelul Galaţi (ROU),2,1,openfootball,2011-09-14T00:00:00+00:00,0.397036115730975,0.2686259541984733,0.33433793007055174,1.5699999999999998,1.2,1500.0,1500.0
ucl-2011-12-026,2011-12,knockout_phase,,2011-09-14T00:00:00+00:00,date_only,sl-benfica,manchester-united,SL Benfica (POR),Manchester United (ENG),1,1,openfootball,2011-09-14T00:00:00+00:00,0.3970657156918895,0.2685714285714286,0.33436285573668184,1.5699999999999998,1.2,1500.0,1500.0
ucl-2011-12-027,2011-12,knockout_phase,,2011-09-14T00:00:00+00:00,date_only,manchester-united,fc-basel-1893,Manchester United (ENG),FC Basel 1893 (SUI),3,3,openfootball,2011-09-14T00:00:00+00:00,0.3871516844246202,0.2685171102661597,0.3443312053092201,1.1054233507602607,1.5116613193917916,1501.2540571991042,1518.7460362867914
ucl-2011-12-028,2011-12,knockout_phase,,2011-09-14T00:00:00+00:00,date_only,o-elul-gala-i,sl-benfica,Oţelul Galaţi (ROU),SL Benfica (POR),0,1,openfootball,2011-09-14T00:00:00+00:00,0.387180324349922,0.2684629981024668,0.3443566775476111,1.1054233507602607,1.5116613193917916,1481.2539637132086,1498.7459428008958
ucl-2011-12-029,2011-12,knockout_phase,,2011-09-14T00:00:00+00:00,date_only,fc-basel-1893,sl-benfica,FC Basel 1893 (SUI),SL Benfica (POR),0,2,openfootball,2011-09-14T00:00:00+00:00,0.39715385994387914,0.26840909090909093,0.33443704914702993,1.6200000251101314,1.499999979911895,1519.6024458690995,1519.602415736942
ucl-2011-12-030,2011-12,knockout_phase,,2011-09-14T00:00:00+00:00,date_only,o-elul-gala-i,manchester-united,Oţelul Galaţi (ROU),Manchester United (ENG),0,2,openfootball,2011-09-14T00:00:00+00:00,0.37439460734661073,0.26835538752362953,0.35725000512975974,1.3366665359669718,1.7766667712264226,1460.3974907771624,1500.3976476167961
ucl-2011-12-031,2011-12,knockout_phase,,2011-09-14T00:00:00+00:00,date_only,manchester-united,o-elul-gala-i,Manchester United (ENG),Oţelul Galaţi (ROU),2,0,openfootball,2011-09-14T00:00:00+00:00,0.4422708681804371,0.26830188679245287,0.28942724502711,2.0205716174402566,0.7795427060477947,1520.7405396611332,1440.0545987328253
ucl-2011-12-032,2011-12,knockout_phase,,2011-09-14T00:00:00+00:00,date_only,sl-benfica,fc-basel-1893,SL Benfica (POR),FC Basel 1893 (SUI),1,1,openfootball,2011-09-14T00:00:00+00:00,0.42119216944430127,0.2682485875706215,0.3105592429850772,1.8220905352497638,0.9716609051335223,1540.856751952879,1498.3481096531625
ucl-2011-12-033,2011-12,knockout_phase,,2011-09-14T00:00:00+00:00,date_only,manchester-united,sl-benfica,Manchester United (ENG),SL Benfica (POR),2,2,openfootball,2011-09-14T00:00:00+00:00,0.3967246681851026,0.26819548872180454,0.33507984309309286,1.3691996448119768,1.1256402841504187,1537.6836671980666,1538.6440934236946
ucl-2011-12-034,2011-12,knockout_phase,,2011-09-14T00:00:00+00:00,date_only,o-elul-gala-i,fc-basel-1893,Oţelul Galaţi (ROU),FC Basel 1893 (SUI),2,3,openfootball,2011-09-14T00:00:00+00:00,0.35309827627356083,0.2681425891181989,0.3787591346082403,1.055458919177954,1.6766328646576367,1423.111471195892,1500.560768182347
ucl-2011-12-035,2011-12,knockout_phase,,2011-09-14T00:00:00+00:00,date_only,fc-basel-1893,manchester-united,FC Basel 1893 (SUI),Manchester United (ENG),2,1,openfootball,2011-09-14T00:00:00+00:00,0.38799816242897145,0.26808988764044944,0.34391194993057916,1.6063306502661892,1.9109354797870486,1520.0475510156534,1536.4507706962263
ucl-2011-12-036,2011-12,knockout_phase,,2011-09-14T00:00:00+00:00,date_only,sl-benfica,o-elul-gala-i,SL Benfica (POR),Oţelul Galaţi (ROU),1,0,openfootball,2011-09-14T00:00:00+00:00,0.47220486296887926,0.26803738317757014,0.25975775385355054,1.9335435846357911,0.6091651322913669,1539.8769899255349,1403.6246883625854
ucl-2011-12-037,2011-12,knockout_phase,,2011-09-14T00:00:00+00:00,date_only,afc-ajax,olympique-lyonnais,AFC Ajax (NED),Olympique Lyonnais (FRA),0,0,openfootball,2011-09-14T00:00:00+00:00,0.39738402571933606,0.26798507462686566,0.3346308996537982,1.5699999999999998,1.2,1500.0,1500.0
ucl-2011-12-038,2011-12,knockout_phase,,2011-09-14T00:00:00+00:00,date_only,dinamo-zagreb,real-madrid,Dinamo Zagreb (CRO),Real Madrid (ESP),0,1,openfootball,2011-09-14T00:00:00+00:00,0.3974123163515368,0.26793296089385477,0.33465472275460845,1.5699999999999998,1.2,1500.0,1500.0
ucl-2011-12-039,2011-12,knockout_phase,,2011-09-14T00:00:00+00:00,date_only,olympique-lyonnais,dinamo-zagreb,Olympique Lyonnais (FRA),Dinamo Zagreb (CRO),2,0,openfootball,2011-09-14T00:00:00+00:00,0.4101773470705214,0.26788104089219333,0.3219416120372853,0.6387585119943744,0.1,1501.2550625213107,1478.7448481280614
ucl-2011-12-040,2011-12,knockout_phase,,2011-09-14T00:00:00+00:00,date_only,real-madrid,afc-ajax,Real Madrid (ESP),AFC Ajax (NED),3,0,openfootball,2011-09-14T00:00:00+00:00,0.41020632786162564,0.26782931354359923,0.3219643585947752,0.6387585119943744,0.1,1521.2551518719386,1498.7449374786893
ucl-2011-12-041,2011-12,knockout_phase,,2011-09-14T00:00:00+00:00,date_only,dinamo-zagreb,afc-ajax,Dinamo Zagreb (CRO),AFC Ajax (NED),0,2,openfootball,2011-09-14T00:00:00+00:00,0.3861127544903357,0.2677777777777778,0.3461094677318865,0.8533331549705833,0.7633334760235334,1460.509562828726,1480.5097768640262
ucl-2011-12-042,2011-12,knockout_phase,,2011-09-14T00:00:00+00:00,date_only,real-madrid,olympique-lyonnais,Real Madrid (ESP),Olympique Lyonnais (FRA),4,0,openfootball,2011-09-14T00:00:00+00:00,0.4088480800163259,0.2677264325323475,0.3234254874513266,1.1366666372216296,0.4866666902226963,1539.4903124866016,1519.490347820646
ucl-2011-12-043,2011-12,knockout_phase,,2011-09-14T00:00:00+00:00,date_only,afc-ajax,dinamo-zagreb,AFC Ajax (NED),Dinamo Zagreb (CRO),4,0,openfootball,2011-09-14T00:00:00+00:00,0.43214433970746186,0.26767527675276753,0.30018038353977067,1.338000287921365,0.45893310299624124,1501.3098425991952,1439.709497093557
ucl-2011-12-044,2011-12,knockout_phase,,2011-09-14T00:00:00+00:00,date_only,olympique-lyonnais,real-madrid,Olympique Lyonnais (FRA),Real Madrid (ESP),0,2,openfootball,2011-09-14T00:00:00+00:00,0.3652820695212244,0.2676243093922652,0.3670936210865104,0.40618078253053697,2.037722040642237,1501.198799671946,1557.7818606353017
ucl-2011-12-045,2011-12,knockout_phase,,2011-09-14T00:00:00+00:00,date_only,olympique-lyonnais,afc-ajax,Olympique Lyonnais (FRA),AFC Ajax (NED),0,0,openfootball,2011-09-14T00:00:00+00:00,0.3762612445297718,0.2675735294117647,0.3561652260584635,0.7138037226895086,1.524957021848393,1481.2350307032518,1518.6705634758414
ucl-2011-12-046,2011-12,knockout_phase,,2011-09-14T00:00:00+00:00,date_only,real-madrid,dinamo-zagreb,Real Madrid (ESP),Dinamo Zagreb (CRO),6,2,openfootball,2011-09-14T00:00:00+00:00,0.48247997898222245,0.26752293577981656,0.249997085237961,2.624497377822571,0.1,1577.745629603996,1422.348776216911
ucl-2011-12-047,2011-12,knockout_phase,,2011-09-14T00:00:00+00:00,date_only,afc-ajax,real-madrid,AFC Ajax (NED),Real Madrid (ESP),0,3,openfootball,2011-09-14T00:00:00+00:00,0.3553800449408502,0.2674725274725275,0.3771474275866223,0.8583137600967974,1.9493489919225622,1519.0724838452675,1593.0959717291107
ucl-2011-12-048,2011-12,knockout_phase,,2011-09-14T00:00:00+00:00,date_only,dinamo-zagreb,olympique-lyonnais,Dinamo Zagreb (CRO),Olympique Lyonnais (FRA),1,7,openfootball,2011-09-14T00:00:00+00:00,0.35551237812307146,0.2674223034734918,0.3770653184034368,0.858471103131642,1.7492231174946864,1406.998434091796,1480.8331103338257
ucl-2011-12-049,2011-12,knockout_phase,,2011-09-14T00:00:00+00:00,date_only,chelsea-fc,bayer-leverkusen,Chelsea FC (ENG),Bayer Leverkusen (GER),2,0,openfootball,2011-09-14T00:00:00+00:00,0.39771669877390037,0.2673722627737226,0.334911038452377,1.5699999999999998,1.2,1500.0,1500.0
ucl-2011-12-050,2011-12,knockout_phase,,2011-09-14T00:00:00+00:00,date_only,krc-genk,valencia-cf,KRC Genk (BEL),Valencia CF (ESP),0,0,openfootball,2011-09-14T00:00:00+00:00,0.39774376506977865,0.2673224043715847,0.3349338305586366,1.5699999999999998,1.2,1500.0,1500.0
ucl-2011-12-051,2011-12,knockout_phase,,2011-09-14T00:00:00+00:00,date_only,bayer-leverkusen,krc-genk,Bayer Leverkusen (GER),KRC Genk (BEL),2,0,openfootball,2011-09-14T00:00:00+00:00,0.38781274648763103,0.2672727272727273,0.34491452623964164,0.15,1.0116584587355646,1481.2561132064304,1498.7438013097772
ucl-2011-12-052,2011-12,knockout_phase,,2011-09-14T00:00:00+00:00,date_only,valencia-cf,chelsea-fc,Valencia CF (ESP),Chelsea FC (ENG),1,1,openfootball,2011-09-14T00:00:00+00:00,0.38783894379727024,0.26722323049001817,0.3449378257127116,0.15,1.0116584587355646,1501.2561986902228,1518.7438867935696
ucl-2011-12-053,2011-12,knockout_phase,,2011-09-14T00:00:00+00:00,date_only,bayer-leverkusen,valencia-cf,Bayer Leverkusen (GER),Valencia CF (ESP),2,1,openfootball,2011-09-14T00:00:00+00:00,0.39782435991569315,0.26717391304347826,0.3350017270408286,0.8699999770607825,0.7500000183513741,1500.3981488014706,1500.3981763285317
ucl-2011-12-054,2011-12,knockout_phase,,2011-09-14T00:00:00+00:00,date_only,chelsea-fc,krc-genk,Chelsea FC (ENG),KRC Genk (BEL),5,0,openfootball,2011-09-14T00:00:00+00:00,0.42043477288069525,0.267124773960217,0.3124404531590878,1.4033334528671033,0.2233332377063175,1519.6019091552607,1479.601765714737
ucl-2011-12-055,2011-12,knockout_phase,,2011-09-14T00:00:00+00:00,date_only,krc-genk,chelsea-fc,KRC Genk (BEL),Chelsea FC (ENG),1,1,openfootball,2011-09-14T00:00:00+00:00,0.35462469488193893,0.2670758122743682,0.3782994928436929,0.223599691123617,2.5504535804344397,1461.761652109169,1537.4420227608286
ucl-2011-12-056,2011-12,knockout_phase,,2011-09-14T00:00:00+00:00,date_only,valencia-cf,bayer-leverkusen,Valencia CF (ESP),Bayer Leverkusen (GER),3,1,openfootball,2011-09-14T00:00:00+00:00,0.3765125048280502,0.267027027027027,0.3564604681449228,0.922094110701713,1.1916580447719631,1481.654628986029,1519.1416961439734
ucl-2011-12-057,2011-12,knockout_phase,,2011-09-14T00:00:00+00:00,date_only,bayer-leverkusen,chelsea-fc,Bayer Leverkusen (GER),Chelsea FC (ENG),2,1,openfootball,2011-09-14T00:00:00+00:00,0.37657254008937147,0.2669784172661871,0.35644904264444144,0.9638118417300353,1.8999505266159717,1499.542736877636,1536.9685268015935
ucl-2011-12-058,2011-12,knockout_phase,,2011-09-14T00:00:00+00:00,date_only,valencia-cf,krc-genk,Valencia CF (ESP),KRC Genk (BEL),7,0,openfootball,2011-09-14T00:00:00+00:00,0.4199963730545748,0.2669299820466786,0.31307364489874656,1.7775153668199684,0.5989877065440252,1501.2535882523664,1462.2351480684042
ucl-2011-12-059,2011-12,knockout_phase,,2011-09-14T00:00:00+00:00,date_only,chelsea-fc,valencia-cf,Chelsea FC (ENG),Valencia CF (ESP),3,0,openfootball,2011-09-14T00:00:00+00:00,0.39699115619523156,0.26688172043010755,0.33612712337466094,1.5185465525510353,1.6011627579591718,1517.3709967504922,1519.11513368925
ucl-2011-12-060,2011-12,knockout_phase,,2011-09-14T00:00:00+00:00,date_only,krc-genk,bayer-leverkusen,KRC Genk (BEL),Bayer Leverkusen (GER),1,1,openfootball,2011-09-14T00:00:00+00:00,0.35526470992765874,0.2668336314847943,0.37790165858754693,0.8576944464189863,2.249844442864811,1444.3736026315207,1519.1402669287372
ucl-2011-12-061,2011-12,knockout_phase,,2011-09-14T00:00:00+00:00,date_only,borussia-dortmund,arsenal-fc,Borussia Dortmund (GER),Arsenal FC (ENG),1,1,openfootball,2011-09-14T00:00:00+00:00,0.3980351144118404,0.2667857142857143,0.3351791713024453,1.5699999999999998,1.2,1500.0,1500.0
ucl-2011-12-062,2011-12,knockout_phase,,2011-09-14T00:00:00+00:00,date_only,olympiakos-piraeus,olympique-marseille,Olympiakos Piraeus (GRE),Olympique Marseille (FRA),0,1,openfootball,2011-09-14T00:00:00+00:00,0.3980610341637107,0.26673796791443855,0.3352009979218507,1.5699999999999998,1.2,1500.0,1500.0
ucl-2011-12-063,2011-12,knockout_phase,,2011-09-14T00:00:00+00:00,date_only,arsenal-fc,olympiakos-piraeus,Arsenal FC (ENG),Olympiakos Piraeus (GRE),2,1,openfootball,2011-09-14T00:00:00+00:00,0.4108467386329216,0.26669039145907475,0.3224628699080036,1.1387619329891878,0.4849904536086498,1501.257118862188,1478.7427992751627
ucl-2011-12-064,2011-12,knockout_phase,,2011-09-14T00:00:00+00:00,date_only,olympique-marseille,borussia-dortmund,Olympique Marseille (FRA),Borussia Dortmund (GER),3,0,openfootball,2011-09-14T00:00:00+00:00,0.4108732993023618,0.2666429840142096,0.32248371668342857,1.1387619329891878,0.4849904536086498,1521.2572007248373,1498.742881137812
ucl-2011-12-065,2011-12,knockout_phase,,2011-09-14T00:00:00+00:00,date_only,olympiakos-piraeus,borussia-dortmund,Olympiakos Piraeus (GRE),Borussia Dortmund (GER),3,1,openfootball,2011-09-14T00:00:00+00:00,0.3867360700990635,0.26659574468085107,0.34666818522008536,1.3533331698828919,1.0133334640936864,1460.510476649661,1480.5106727901907
ucl-2011-12-066,2011-12,knockout_phase,,2011-09-14T00:00:00+00:00,date_only,olympique-marseille,arsenal-fc,Olympique Marseille (FRA),Arsenal FC (ENG),0,1,openfootball,2011-09-14T00:00:00+00:00,0.40950565681585455,0.2665486725663717,0.32394567061777374,1.6366666396539742,0.7366666882768207,1539.4894090724586,1519.4894414876896
ucl-2011-12-067,2011-12,knockout_phase,,2011-09-14T00:00:00+00:00,date_only,arsenal-fc,olympique-marseille,Arsenal FC (ENG),Olympique Marseille (FRA),0,0,openfootball,2011-09-14T00:00:00+00:00,0.411465160183475,0.2665017667844523,0.32203307303207274,0.9728520265526288,0.9843850454245636,1541.2006412116514,1517.7782093484968
ucl-2011-12-068,2011-12,knockout_phase,,2011-09-14T00:00:00+00:00,date_only,borussia-dortmund,olympiakos-piraeus,Borussia Dortmund (GER),Olympiakos Piraeus (GRE),1,0,openfootball,2011-09-14T00:00:00+00:00,0.3877261159338939,0.2664550264550265,0.3458188576110796,1.1046690929464074,1.8455980589762075,1461.3120304877702,1479.7091189520816
ucl-2011-12-069,2011-12,knockout_phase,,2011-09-14T00:00:00+00:00,date_only,arsenal-fc,borussia-dortmund,Arsenal FC (ENG),Borussia Dortmund (GER),2,1,openfootball,2011-09-14T00:00:00+00:00,0.4314145645717451,0.26640845070422536,0.30217698472402954,1.5441150951227578,0.5857079239017936,1539.4119994686234,1480.473885321314
ucl-2011-12-070,2011-12,knockout_phase,,2011-09-14T00:00:00+00:00,date_only,olympique-marseille,olympiakos-piraeus,Olympique Marseille (FRA),Olympiakos Piraeus (GRE),0,1,openfootball,2011-09-14T00:00:00+00:00,0.43148710505033594,0.2663620386643234,0.30215085628534066,1.2941829891441556,0.5856536086846754,1519.5668510915248,1460.547264118538
ucl-2011-12-071,2011-12,knockout_phase,,2011-09-14T00:00:00+00:00,date_only,borussia-dortmund,olympique-marseille,Borussia Dortmund (GER),Olympique Marseille (FRA),2,3,openfootball,2011-09-14T00:00:00+00:00,0.37891974685068674,0.26631578947368423,0.35476446367562897,0.691732092335036,1.3226143261319712,1463.0586369182681,1496.980126116225
ucl-2011-12-072,2011-12,knockout_phase,,2011-09-14T00:00:00+00:00,date_only,olympiakos-piraeus,arsenal-fc,Olympiakos Piraeus (GRE),Arsenal FC (ENG),3,1,openfootball,2011-09-14T00:00:00+00:00,0.35615271819864813,0.26626970227670754,0.37757757952464427,0.8585889510184738,1.149128839185221,1483.1339890938377,1556.8272478716692
ucl-2011-12-073,2011-12,knockout_phase,,2011-09-14T00:00:00+00:00,date_only,apoel-nikosia,zenit-st-petersburg,APOEL Nikosia (CYP),Zenit St. Petersburg (RUS),2,1,openfootball,2011-09-14T00:00:00+00:00,0.3983401699530837,0.26622377622377624,0.33543605382314007,1.5699999999999998,1.2,1500.0,1500.0
ucl-2011-12-074,2011-12,knockout_phase,,2011-09-14T00:00:00+00:00,date_only,fc-porto,shakhtar-donetsk,FC Porto (POR),Shakhtar Donetsk (UKR),2,1,openfootball,2011-09-14T00:00:00+00:00,0.39836501449978184,0.2661780104712042,0.335456975029014,1.5699999999999998,1.2,1500.0,1500.0
ucl-2011-12-075,2011-12,knockout_phase,,2011-09-14T00:00:00+00:00,date_only,zenit-st-petersburg,fc-porto,Zenit St. Petersburg (RUS),FC Porto (POR),3,1,openfootball,2011-09-14T00:00:00+00:00,0.37697394987742056,0.26613240418118467,0.3568936459413948,1.0887635359266787,2.024989171258657,1481.258082322599,1518.7418392105847
ucl-2011-12-076,2011-12,knockout_phase,,2011-09-14T00:00:00+00:00,date_only,shakhtar-donetsk,apoel-nikosia,Shakhtar Donetsk (UKR),APOEL Nikosia (CYP),1,1,openfootball,2011-09-14T00:00:00+00:00,0.37699729548334654,0.26608695652173914,0.35691574799491427,1.0887635359266787,2.024989171258657,1481.2581607894153,1518.741917677401
ucl-2011-12-077,2011-12,knockout_phase,,2011-09-14T00:00:00+00:00,date_only,fc-porto,apoel-nikosia,FC Porto (POR),APOEL Nikosia (CYP),1,1,openfootball,2011-09-14T00:00:00+00:00,0.3870282975612124,0.2660416666666667,0.3469300357721209,1.3533332472184463,1.763333402225243,1499.1434452893052,1519.1435486271696
ucl-2011-12-078,2011-12,knockout_phase,,2011-09-14T00:00:00+00:00,date_only,shakhtar-donetsk,zenit-st-petersburg,Shakhtar Donetsk (UKR),Zenit St. Petersburg (RUS),2,2,openfootball,2011-09-14T00:00:00+00:00,0.38705218658974627,0.26599653379549393,0.3469512796147598,1.3533333779964738,1.763333297602821,1480.8565298396468,1500.8564762438784
ucl-2011-12-079,2011-12,knockout_phase,,2011-09-14T00:00:00+00:00,date_only,zenit-st-petersburg,shakhtar-donetsk,Zenit St. Petersburg (RUS),Shakhtar Donetsk (UKR),1,0,openfootball,2011-09-14T00:00:00+00:00,0.41074612087575474,0.2659515570934256,0.3233023220308196,1.971336652236026,1.485597344877846,1501.6584943833782,1480.054511700147
ucl-2011-12-080,2011-12,knockout_phase,,2011-09-14T00:00:00+00:00,date_only,apoel-nikosia,fc-porto,APOEL Nikosia (CYP),FC Porto (POR),2,1,openfootball,2011-09-14T00:00:00+00:00,0.41077123013180805,0.26590673575129536,0.32332203411689653,1.6380033615078569,1.1522639774603813,1519.9455138629514,1498.3414800535234
ucl-2011-12-081,2011-12,knockout_phase,,2011-09-14T00:00:00+00:00,date_only,zenit-st-petersburg,apoel-nikosia,Zenit St. Petersburg (RUS),APOEL Nikosia (CYP),0,0,openfootball,2011-09-14T00:00:00+00:00,0.3881025170319384,0.26586206896551723,0.3460354140025444,1.4797609070531887,1.387191274357449,1519.9096184064795,1538.1965299426531
ucl-2011-12-082,2011-12,knockout_phase,,2011-09-14T00:00:00+00:00,date_only,shakhtar-donetsk,fc-porto,Shakhtar Donetsk (UKR),FC Porto (POR),0,2,openfootball,2011-09-14T00:00:00+00:00,0.3881259546811227,0.2658175559380379,0.3460564893808394,1.4797607697526867,1.3871913841978507,1461.8033876770457,1480.0904639738217
ucl-2011-12-083,2011-12,knockout_phase,,2011-09-14T00:00:00+00:00,date_only,apoel-nikosia,shakhtar-donetsk,APOEL Nikosia (CYP),Shakhtar Donetsk (UKR),0,2,openfootball,2011-09-14T00:00:00+00:00,0.4532830198807762,0.26577319587628867,0.28094378424293515,1.6017298946935008,0.7346160842451994,1539.037872003241,1440.9619983710402
ucl-2011-12-084,2011-12,knockout_phase,,2011-09-14T00:00:00+00:00,date_only,fc-porto,zenit-st-petersburg,FC Porto (POR),Zenit St. Petersburg (RUS),0,0,openfootball,2011-09-14T00:00:00+00:00,0.38825891336040114,0.26572898799313893,0.34601209864645993,1.304886314111613,1.4120909487107094,1500.9318532798272,1519.0682763458915
ucl-2011-12-085,2011-12,knockout_phase,,2011-09-14T00:00:00+00:00,date_only,fc-barcelona,ac-milan,FC Barcelona (ESP),AC Milan (ITA),2,2,openfootball,2011-09-14T00:00:00+00:00,0.3986326889652348,0.26568493150684935,0.33568237952791585,1.5699999999999998,1.2,1500.0,1500.0
ucl-2011-12-086,2011-12,knockout_phase,,2011-09-14T00:00:00+00:00,date_only,viktoria-plze,bate-borisov,Viktoria Plzeň (CZE),BATE Borisov (BLR),1,1,openfootball,2011-09-14T00:00:00+00:00,0.3986565238477064,0.26564102564102565,0.33570245051126796,1.5699999999999998,1.2,1500.0,1500.0
ucl-2011-12-087,2011-12,knockout_phase,,2011-09-14T00:00:00+00:00,date_only,ac-milan,viktoria-plze,AC Milan (ITA),Viktoria Plzeň (CZE),2,0,openfootball,2011-09-14T00:00:00+00:00,0.40011392699792003,0.26559726962457336,0.33428880337750655,1.6220984063795627,1.49832127489635,1501.2590061887463,1498.7409185332713
ucl-2011-12-088,2011-12,knockout_phase,,2011-09-14T00:00:00+00:00,date_only,bate-borisov,fc-barcelona,BATE Borisov (BLR),FC Barcelona (ESP),0,5,openfootball,2011-09-14T00:00:00+00:00,0.4001376847270973,0.2655536626916525,0.3343086525812502,1.6220984063795627,1.49832127489635,1501.2590814667287,1498.7409938112537
ucl-2011-12-089,2011-12,knockout_phase,,2011-09-14T00:00:00+00:00,date_only,ac-milan,bate-borisov,AC Milan (ITA),BATE Borisov (BLR),2,0,openfootball,2011-09-14T00:00:00+00:00,0.4213609380363169,0.2655102040816327,0.31312885788205047,2.653333335743772,0.7233333314049825,1519.942503716338,1479.9425008238118
ucl-2011-12-090,2011-12,knockout_phase,,2011-09-14T00:00:00+00:00,date_only,fc-barcelona,viktoria-plze,FC Barcelona (ESP),Viktoria Plzeň (CZE),2,0,openfootball,2011-09-14T00:00:00+00:00,0.4213858691674549,0.26546689303904925,0.31314723779349585,2.653333461207076,0.7233332310343392,1520.0575744541707,1480.0574210056795
ucl-2011-12-091,2011-12,knockout_phase,,2011-09-14T00:00:00+00:00,date_only,bate-borisov,ac-milan,BATE Borisov (BLR),AC Milan (ITA),1,1,openfootball,2011-09-14T00:00:00+00:00,0.3554295867407536,0.26542372881355936,0.37914668444568705,0.556941066928037,2.3837804797909037,1462.107142426897,1537.7778621132527
ucl-2011-12-092,2011-12,knockout_phase,,2011-09-14T00:00:00+00:00,date_only,viktoria-plze,fc-barcelona,Viktoria Plzeň (CZE),FC Barcelona (ESP),0,4,openfootball,2011-09-14T00:00:00+00:00,0.3554504652802966,0.2653807106598985,0.37916882405980495,0.5569411598387226,2.3837804054623555,1462.2221936331587,1537.8928018266915
ucl-2011-12-093,2011-12,knockout_phase,,2011-09-14T00:00:00+00:00,date_only,bate-borisov,viktoria-plze,BATE Borisov (BLR),Viktoria Plzeň (CZE),0,1,openfootball,2011-09-14T00:00:00+00:00,0.41011656561676874,0.2653378378378379,0.32454559654539333,1.511570769643539,1.2367433842851687,1462.5814843809958,1442.696560808749
ucl-2011-12-094,2011-12,knockout_phase,,2011-09-14T00:00:00+00:00,date_only,ac-milan,fc-barcelona,AC Milan (ITA),FC Barcelona (ESP),2,3,openfootball,2011-09-14T00:00:00+00:00,0.38735626517711313,0.26529510961214164,0.3473486252107452,1.2282375712567104,2.0134099429946315,1537.303520159154,1557.4184346511013
ucl-2011-12-095,2011-12,knockout_phase,,2011-09-14T00:00:00+00:00,date_only,fc-barcelona,bate-borisov,FC Barcelona (ESP),BATE Borisov (BLR),4,0,openfootball,2011-09-14T00:00:00+00:00,0.47457739321873804,0.26525252525252524,0.26017008152873666,2.834457102042384,0.5084343183660931,1578.2185874504287,1440.8700649995683
ucl-2011-12-096,2011-12,knockout_phase,,2011-09-14T00:00:00+00:00,date_only,viktoria-plze,ac-milan,Viktoria Plzeň (CZE),AC Milan (ITA),2,2,openfootball,2011-09-14T00:00:00+00:00,0.3690623529550427,0.26521008403361346,0.36572756301134385,0.8765871773586249,1.8347302581131002,1464.4079801901764,1516.5033673598266
ucl-2011-12-097,2011-12,knockout_phase,,2012-02-14T00:00:00+00:00,date_only,olympique-lyonnais,apoel-nikosia,Olympique Lyonnais (FRA),APOEL Nikosia (CYP),1,0,openfootball,2012-02-14T00:00:00+00:00,0.39024165806728855,0.2651677852348993,0.3445905566978122,1.3573424701981116,1.0934593571748439,1500.4020515282184,1515.5910872904842
ucl-2011-12-098,2011-12,knockout_phase,,2012-02-14T00:00:00+00:00,date_only,bayer-leverkusen,fc-barcelona,Bayer Leverkusen (GER),FC Barcelona (ESP),1,3,openfootball,2012-02-14T00:00:00+00:00,0.35581918642919724,0.26512562814070356,0.37905518543009925,1.0572975722824256,2.383495275507393,1518.6875279555395,1593.9304412166287
ucl-2011-12-099,2011-12,knockout_phase,,2012-02-14T00:00:00+00:00,date_only,zenit-st-petersburg,sl-benfica,Zenit St. Petersburg (RUS),SL Benfica (POR),3,2,openfootball,2012-02-14T00:00:00+00:00,0.3785274874064359,0.2650836120401338,0.35638890055343025,1.006904304080785,1.1071432234020386,1519.9132126401703,1555.6280477432283
ucl-2011-12-100,2011-12,knockout_phase,,2012-02-14T00:00:00+00:00,date_only,ac-milan,arsenal-fc,AC Milan (ITA),Arsenal FC (ENG),4,0,openfootball,2012-02-14T00:00:00+00:00,0.3876537067191317,0.2650417362270451,0.34730455705382324,1.5201427604279596,1.2632191249909657,1516.5700631587006,1536.3987506451492
ucl-2011-12-101,2011-12,knockout_phase,,2012-02-14T00:00:00+00:00,date_only,cska-moskva,real-madrid,CSKA Moskva (RUS),Real Madrid (ESP),1,1,openfootball,2012-02-14T00:00:00+00:00,0.3350043963496814,0.265,0.3999956036503186,0.9435506930659895,2.3244927788805416,1500.9214557553828,1612.6606240761953
ucl-2011-12-102,2011-12,knockout_phase,,2012-02-14T00:00:00+00:00,date_only,ssc-napoli,chelsea-fc,SSC Napoli (ITA),Chelsea FC (ENG),3,1,openfootball,2012-02-14T00:00:00+00:00,0.4002356090608216,0.26495840266222964,0.3348059882769488,1.288433912471214,1.5819195366896954,1538.2744110595374,1536.1537160940807
ucl-2011-12-103,2011-12,knockout_phase,,2012-02-14T00:00:00+00:00,date_only,fc-basel-1893,bayern-m-nchen,FC Basel 1893 (SUI),Bayern München (GER),1,0,openfootball,2012-02-14T00:00:00+00:00,0.3906585385435308,0.2649169435215947,0.34442451793487444,1.524422377378587,1.7597954314304638,1539.1658267656856,1553.8589739113813
ucl-2011-12-104,2011-12,knockout_phase,,2012-02-14T00:00:00+00:00,date_only,olympique-marseille,inter,Olympique Marseille (FRA),Inter (ITA),1,0,openfootball,2012-02-14T00:00:00+00:00,0.39920141252245855,0.26487562189054725,0.3359229655869942,1.2868557915262024,0.9998487001123716,1517.4632317797261,1517.2362819482835
ucl-2011-12-105,2011-12,knockout_phase,,2012-02-14T00:00:00+00:00,date_only,arsenal-fc,ac-milan,Arsenal FC (ENG),AC Milan (ITA),3,0,openfootball,2012-02-14T00:00:00+00:00,0.3884909577605593,0.2648344370860927,0.346674605153348,1.1759641159894554,1.7980858500655785,1517.2057336384553,1535.7630801653945
ucl-2011-12-106,2011-12,knockout_phase,,2012-02-14T00:00:00+00:00,date_only,sl-benfica,zenit-st-petersburg,SL Benfica (POR),Zenit St. Petersburg (RUS),2,0,openfootball,2012-02-14T00:00:00+00:00,0.39717748533498015,0.2647933884297521,0.33802912623526776,1.331452696433363,1.2165521285675953,1536.0708194802885,1539.47044090311
ucl-2011-12-107,2011-12,knockout_phase,,2012-02-14T00:00:00+00:00,date_only,apoel-nikosia,olympique-lyonnais,APOEL Nikosia (CYP),Olympique Lyonnais (FRA),4,3,openfootball,2012-02-14T00:00:00+00:00,0.3859982885410594,0.26475247524752477,0.34924923621141585,1.0294173284189663,1.2296089944076842,1496.5041093178738,1519.4890295008288
ucl-2011-12-108,2011-12,knockout_phase,,2012-02-14T00:00:00+00:00,date_only,fc-barcelona,bayer-leverkusen,FC Barcelona (ESP),Bayer Leverkusen (GER),7,1,openfootball,2012-02-14T00:00:00+00:00,0.4626979961331847,0.26471169686985174,0.27259030699696357,2.643832656322306,0.9237910177992981,1613.4657212366105,1499.1522479355576
ucl-2011-12-109,2011-12,knockout_phase,,2012-02-14T00:00:00+00:00,date_only,bayern-m-nchen,fc-basel-1893,Bayern München (GER),FC Basel 1893 (SUI),7,0,openfootball,2012-02-14T00:00:00+00:00,0.3857702218803972,0.264671052631579,0.3495587254880238,1.6004520899750347,1.3727811851628293,1534.7836543235544,1558.2411463535125
ucl-2011-12-110,2011-12,knockout_phase,,2012-02-14T00:00:00+00:00,date_only,inter,olympique-marseille,Inter (ITA),Olympique Marseille (FRA),2,1,openfootball,2012-02-14T00:00:00+00:00,0.3776236911440564,0.2646305418719212,0.35774576698402233,0.9457296805145037,1.1679876841598256,1498.5018508869928,1536.1976628410168
ucl-2011-12-111,2011-12,knockout_phase,,2012-02-14T00:00:00+00:00,date_only,chelsea-fc,ssc-napoli,Chelsea FC (ENG),SSC Napoli (ITA),4,1,openfootball,2012-02-14T00:00:00+00:00,0.37660651525960925,0.26459016393442625,0.3588033208059645,1.5870804082215817,1.4549071019941633,1517.462308509758,1556.96581864386
ucl-2011-12-112,2011-12,knockout_phase,,2012-02-14T00:00:00+00:00,date_only,real-madrid,cska-moskva,Real Madrid (ESP),CSKA Moskva (RUS),4,1,openfootball,2012-02-14T00:00:00+00:00,0.4600199729907958,0.26454991816693946,0.2754301088422647,2.282378171452561,0.8558117485522372,1611.3607999301826,1502.2212799013955
ucl-2011-12-113,2011-12,knockout_phase,,2012-02-14T00:00:00+00:00,date_only,apoel-nikosia,real-madrid,APOEL Nikosia (CYP),Real Madrid (ESP),0,3,openfootball,2012-02-14T00:00:00+00:00,0.33513620403950056,0.26450980392156864,0.4003539920389308,0.9017501046867242,2.199599916250621,1515.769128271281,1627.669002647212
ucl-2011-12-114,2011-12,knockout_phase,,2012-02-14T00:00:00+00:00,date_only,sl-benfica,chelsea-fc,SL Benfica (POR),Chelsea FC (ENG),0,1,openfootball,2012-02-14T00:00:00+00:00,0.40940843654775727,0.2644698205546493,0.32612174289759344,1.3848180063980076,1.5506455948815938,1554.8878522982943,1537.1062446206852
ucl-2011-12-115,2011-12,knockout_phase,,2012-02-14T00:00:00+00:00,date_only,olympique-marseille,bayern-m-nchen,Olympique Marseille (FRA),Bayern München (GER),0,2,openfootball,2012-02-14T00:00:00+00:00,0.3778596879993948,0.2644299674267101,0.3577103445738951,1.0887798307737588,1.5249761353809927,1516.5952213242176,1554.0594243957069
ucl-2011-12-116,2011-12,knockout_phase,,2012-02-14T00:00:00+00:00,date_only,ac-milan,fc-barcelona,AC Milan (ITA),FC Barcelona (ESP),0,0,openfootball,2012-02-14T00:00:00+00:00,0.3345269426879962,0.26439024390243904,0.4010828134095647,1.3382798664697106,2.6378761068242316,1516.5994072175388,1629.6635674538861
ucl-2011-12-117,2011-12,knockout_phase,,2012-02-14T00:00:00+00:00,date_only,bayern-m-nchen,olympique-marseille,Bayern München (GER),Olympique Marseille (FRA),2,0,openfootball,2012-02-14T00:00:00+00:00,0.44333031005715734,0.26435064935064934,0.2923190405921933,1.74078070289598,0.8367087710165494,1574.4624112642168,1496.1922344557076
ucl-2011-12-118,2011-12,knockout_phase,,2012-02-14T00:00:00+00:00,date_only,fc-barcelona,ac-milan,FC Barcelona (ESP),AC Milan (ITA),3,1,openfootball,2012-02-14T00:00:00+00:00,0.46084883130617116,0.2643111831442464,0.27483998554958244,2.4897793822840146,1.0930653830616772,1628.3324500394547,1517.9305246319702
ucl-2011-12-119,2011-12,knockout_phase,,2012-02-14T00:00:00+00:00,date_only,real-madrid,apoel-nikosia,Real Madrid (ESP),APOEL Nikosia (CYP),5,2,openfootball,2012-02-14T00:00:00+00:00,0.48145603478880117,0.26427184466019416,0.2542721205510047,2.466631524602184,0.6782503358738086,1646.3646468872234,1497.0734840312696
ucl-2011-12-120,2011-12,knockout_phase,,2012-02-14T00:00:00+00:00,date_only,chelsea-fc,sl-benfica,Chelsea FC (ENG),SL Benfica (POR),2,1,openfootball,2012-02-14T00:00:00+00:00,0.41394227237900455,0.26423263327948304,0.32182509434151235,1.641291550056998,1.0940778710655128,1558.7719784936885,1533.222118425291
ucl-2011-12-121,2011-12,knockout_phase,,2012-02-14T00:00:00+00:00,date_only,bayern-m-nchen,real-madrid,Bayern München (GER),Real Madrid (ESP),2,1,openfootball,2012-02-14T00:00:00+00:00,0.35906445229086303,0.2641935483870968,0.3767419993220402,1.4613510143937085,1.9969191884850332,1591.4421858749176,1661.8209686024675
ucl-2011-12-122,2011-12,knockout_phase,,2012-02-14T00:00:00+00:00,date_only,chelsea-fc,fc-barcelona,Chelsea FC (ENG),FC Barcelona (ESP),1,0,openfootball,2012-02-14T00:00:00+00:00,0.36063267431001883,0.26415458937198066,0.3752127363180005,1.4635978015071798,2.1451217587942564,1576.9296349329386,1644.6122731243229
ucl-2011-12-123,2011-12,knockout_phase,,2012-02-14T00:00:00+00:00,date_only,fc-barcelona,chelsea-fc,FC Barcelona (ESP),Chelsea FC (ENG),2,2,openfootball,2012-02-14T00:00:00+00:00,0.41488466199929736,0.2641157556270097,0.3209995823736929,2.051673772183463,1.3455700731623204,1624.3206718841632,1597.2212361730983
ucl-2011-12-124,2011-12,knockout_phase,,2012-02-14T00:00:00+00:00,date_only,real-madrid,bayern-m-nchen,Real Madrid (ESP),Bayern München (GER),1,3,openfootball,2012-02-14T00:00:00+00:00,0.4163605466982148,0.2640770465489567,0.3195624067528285,2.0083627643416158,1.4347643339812528,1641.467417661844,1611.7957368155412
ucl-2011-12-125,2011-12,knockout_phase,,2012-02-14T00:00:00+00:00,date_only,bayern-m-nchen,chelsea-fc,Bayern München (GER),Chelsea FC (ENG),3,4,openfootball,2012-02-14T00:00:00+00:00,0.4191825877069023,0.26403846153846156,0.31677895075463613,1.7321939682073655,1.3519114921007742,1633.7316996144489,1599.0989377656103
ucl-2012-13-001,2012-13,knockout_phase,,2012-09-18T00:00:00+00:00,date_only,paris-saint-germain,dinamo-kiev,Paris Saint-Germain (FRA),Dinamo Kiev (UKR),4,1,openfootball,2012-09-18T00:00:00+00:00,0.39954737641496385,0.264,0.33645262358503614,1.5699999999999998,1.2,1500.0,1500.0
ucl-2012-13-002,2012-13,knockout_phase,,2012-09-18T00:00:00+00:00,date_only,dinamo-zagreb,fc-porto,Dinamo Zagreb (CRO),FC Porto (POR),0,2,openfootball,2012-09-18T00:00:00+00:00,0.33495382966773124,0.26396166134185306,0.4010845089904157,0.8594521465932125,2.491771616058763,1387.4294928974034,1500.0869169855484
ucl-2012-13-003,2012-13,knockout_phase,,2012-09-18T00:00:00+00:00,date_only,fc-porto,paris-saint-germain,FC Porto (POR),Paris Saint-Germain (FRA),1,0,openfootball,2012-09-18T00:00:00+00:00,0.39960389023468285,0.26392344497607656,0.3364726647892406,1.3700218320464113,1.374982534362871,1518.7643033990948,1518.7381049434014
ucl-2012-13-004,2012-13,knockout_phase,,2012-09-18T00:00:00+00:00,date_only,dinamo-kiev,dinamo-zagreb,Dinamo Kiev (UKR),Dinamo Zagreb (CRO),2,0,openfootball,2012-09-18T00:00:00+00:00,0.46224935063580846,0.2638853503184714,0.27386529904572016,3.3387581571439515,0.7999934742848389,1481.2618950565986,1368.752106483857
ucl-2012-13-005,2012-13,knockout_phase,,2012-09-18T00:00:00+00:00,date_only,fc-porto,dinamo-kiev,FC Porto (POR),Dinamo Kiev (UKR),3,2,openfootball,2012-09-18T00:00:00+00:00,0.42231906448398726,0.26384737678855325,0.31383355872745955,1.5533395540544905,0.9733283567564073,1537.501678890186,1497.494214024797
ucl-2012-13-006,2012-13,knockout_phase,,2012-09-18T00:00:00+00:00,date_only,dinamo-zagreb,paris-saint-germain,Dinamo Zagreb (CRO),Paris Saint-Germain (FRA),0,2,openfootball,2012-09-18T00:00:00+00:00,0.3152720846906651,0.2638095238095238,0.4209183914998111,0.49709921505279037,3.0983206279577677,1352.5197875156587,1500.0007294523102
ucl-2012-13-007,2012-13,knockout_phase,,2012-09-18T00:00:00+00:00,date_only,dinamo-kiev,fc-porto,Dinamo Kiev (UKR),FC Porto (POR),0,0,openfootball,2012-09-18T00:00:00+00:00,0.35623042489695467,0.2637717908082409,0.3799977842948045,1.2236099628040602,1.717112029756752,1479.6639241399275,1555.3319687750554
ucl-2012-13-008,2012-13,knockout_phase,,2012-09-18T00:00:00+00:00,date_only,paris-saint-germain,dinamo-zagreb,Paris Saint-Germain (FRA),Dinamo Zagreb (CRO),4,0,openfootball,2012-09-18T00:00:00+00:00,0.49918041794238605,0.2637341772151899,0.23708540484242405,3.1060459080535714,0.2944966068904763,1517.8878033161272,1334.6327136518416
ucl-2012-13-009,2012-13,knockout_phase,,2012-09-18T00:00:00+00:00,date_only,dinamo-kiev,paris-saint-germain,Dinamo Kiev (UKR),Paris Saint-Germain (FRA),0,2,openfootball,2012-09-18T00:00:00+00:00,0.3695859291143279,0.263696682464455,0.3667173884212171,0.9512444735614637,2.160004421150829,1480.1392713278844,1532.645903054128
ucl-2012-13-010,2012-13,knockout_phase,,2012-09-18T00:00:00+00:00,date_only,fc-porto,dinamo-zagreb,FC Porto (POR),Dinamo Zagreb (CRO),3,0,openfootball,2012-09-18T00:00:00+00:00,0.5244370551854319,0.26365930599369086,0.21190363882087718,2.5658183397277146,0.44334532821782824,1554.8566215870985,1319.874613913841
ucl-2012-13-011,2012-13,knockout_phase,,2012-09-18T00:00:00+00:00,date_only,paris-saint-germain,fc-porto,Paris Saint-Germain (FRA),FC Porto (POR),2,1,openfootball,2012-09-18T00:00:00+00:00,0.39065354173153133,0.2636220472440945,0.34572441102437423,1.4192477671734856,1.1356017862612116,1552.7032738679902,1568.6059532598074
ucl-2012-13-012,2012-13,knockout_phase,,2012-09-18T00:00:00+00:00,date_only,dinamo-zagreb,dinamo-kiev,Dinamo Zagreb (CRO),Dinamo Kiev (UKR),1,1,openfootball,2012-09-18T00:00:00+00:00,0.311724800842149,0.2635849056603774,0.42469029349747367,0.7417028181059249,2.6026377455152603,1306.125282241132,1460.0819005140222
ucl-2012-13-013,2012-13,knockout_phase,,2012-09-18T00:00:00+00:00,date_only,olympiakos-piraeus,fc-schalke-04,Olympiakos Piraeus (GRE),FC Schalke 04 (GER),1,2,openfootball,2012-09-18T00:00:00+00:00,0.40182644868213485,0.26354788069073787,0.3346256706271273,1.4563020719336315,0.9976250091197615,1503.5624863203577,1500.0
ucl-2012-13-014,2012-13,knockout_phase,,2012-09-18T00:00:00+00:00,date_only,montpellier-hsc,arsenal-fc,Montpellier HSC (FRA),Arsenal FC (ENG),1,2,openfootball,2012-09-18T00:00:00+00:00,0.3789611962298839,0.26351097178683386,0.3575278319832823,1.3396921611780743,1.2742462710575406,1500.0,1536.369406586311
ucl-2012-13-015,2012-13,knockout_phase,,2012-09-18T00:00:00+00:00,date_only,arsenal-fc,olympiakos-piraeus,Arsenal FC (ENG),Olympiakos Piraeus (GRE),3,1,openfootball,2012-09-18T00:00:00+00:00,0.44182200549826983,0.26347417840375587,0.2947038160979743,1.4321496692599878,1.2002802645920096,1556.798073871243,1482.2184707592576
ucl-2012-13-016,2012-13,knockout_phase,,2012-09-18T00:00:00+00:00,date_only,fc-schalke-04,montpellier-hsc,FC Schalke 04 (GER),Montpellier HSC (FRA),2,2,openfootball,2012-09-18T00:00:00+00:00,0.4235475140825591,0.2634375,0.3130149859174409,2.1548105690383603,0.9721515447693119,1521.3440155611002,1479.571332715068
ucl-2012-13-017,2012-13,knockout_phase,,2012-09-18T00:00:00+00:00,date_only,arsenal-fc,fc-schalke-04,Arsenal FC (ENG),FC Schalke 04 (GER),0,2,openfootball,2012-09-18T00:00:00+00:00,0.43082979822148876,0.2634009360374415,0.3057692657410697,1.6656019542378662,1.2968517699430404,1573.8557100832372,1519.1333649977978
ucl-2012-13-018,2012-13,knockout_phase,,2012-09-18T00:00:00+00:00,date_only,montpellier-hsc,olympiakos-piraeus,Montpellier HSC (FRA),Olympiakos Piraeus (GRE),1,2,openfootball,2012-09-18T00:00:00+00:00,0.4093642725273206,0.2633644859813084,0.32727124149137093,1.5338509572759222,1.388919234179262,1481.7819832783703,1465.1608345472634
ucl-2012-13-019,2012-13,knockout_phase,,2012-09-18T00:00:00+00:00,date_only,fc-schalke-04,arsenal-fc,FC Schalke 04 (GER),Arsenal FC (ENG),2,2,openfootball,2012-09-18T00:00:00+00:00,0.39435234133208724,0.2633281493001555,0.3423195093677572,1.5404714920829097,1.292194234905101,1541.634575647406,1551.354499433629
ucl-2012-13-020,2012-13,knockout_phase,,2012-09-18T00:00:00+00:00,date_only,olympiakos-piraeus,montpellier-hsc,Olympiakos Piraeus (GRE),Montpellier HSC (FRA),3,1,openfootball,2012-09-18T00:00:00+00:00,0.415101762892154,0.2632919254658385,0.3216063116420074,1.642218810425276,1.3155582849931124,1486.8026951679824,1460.1401226576513
ucl-2012-13-021,2012-13,knockout_phase,,2012-09-18T00:00:00+00:00,date_only,fc-schalke-04,olympiakos-piraeus,FC Schalke 04 (GER),Olympiakos Piraeus (GRE),1,0,openfootball,2012-09-18T00:00:00+00:00,0.4202086825039614,0.26325581395348835,0.3165355035425502,1.6497176107209501,1.4047973399946687,1540.5939190081194,1504.9327861429795
ucl-2012-13-022,2012-13,knockout_phase,,2012-09-18T00:00:00+00:00,date_only,arsenal-fc,montpellier-hsc,Arsenal FC (ENG),Montpellier HSC (FRA),2,0,openfootball,2012-09-18T00:00:00+00:00,0.46152343193423284,0.2632198142414861,0.27525675382428105,1.8369876036585513,1.238909917073159,1552.3951560729156,1442.0100316826542
ucl-2012-13-023,2012-13,knockout_phase,,2012-09-18T00:00:00+00:00,date_only,olympiakos-piraeus,arsenal-fc,Olympiakos Piraeus (GRE),Arsenal FC (ENG),2,1,openfootball,2012-09-18T00:00:00+00:00,0.353068357210846,0.2631839258114374,0.3837477169777166,1.3436136893429094,1.4294423818590059,1487.0062497222077,1568.6698225107166
ucl-2012-13-024,2012-13,knockout_phase,,2012-09-18T00:00:00+00:00,date_only,montpellier-hsc,fc-schalke-04,Montpellier HSC (FRA),FC Schalke 04 (GER),1,1,openfootball,2012-09-18T00:00:00+00:00,0.3238669218470614,0.26314814814814813,0.4129849300047904,1.0093457581799683,2.0885233934560254,1425.7353652448533,1558.5204554288912
ucl-2012-13-025,2012-13,knockout_phase,,2012-09-18T00:00:00+00:00,date_only,ac-milan,rsc-anderlecht,AC Milan (ITA),RSC Anderlecht (BEL),0,0,openfootball,2012-09-18T00:00:00+00:00,0.40097228157796844,0.26311248073959936,0.3359152376824322,1.721375584622585,1.398899532301932,1501.650701547102,1500.0
ucl-2012-13-026,2012-13,knockout_phase,,2012-09-18T00:00:00+00:00,date_only,m-laga-cf,zenit-st-petersburg,Málaga CF (ESP),Zenit St. Petersburg (RUS),3,0,openfootball,2012-09-18T00:00:00+00:00,0.3882166360871378,0.2630769230769231,0.3487064408359391,1.2277888265957464,1.2637689387234028,1500.0,1520.6534080851043
ucl-2012-13-027,2012-13,knockout_phase,,2012-09-18T00:00:00+00:00,date_only,zenit-st-petersburg,ac-milan,Zenit St. Petersburg (RUS),AC Milan (ITA),2,3,openfootball,2012-09-18T00:00:00+00:00,0.40069290203862895,0.2630414746543779,0.33626562330699317,1.3209117094341138,1.3992706324527087,1501.4436119901281,1500.3495606691913
ucl-2012-13-028,2012-13,knockout_phase,,2012-09-18T00:00:00+00:00,date_only,rsc-anderlecht,m-laga-cf,RSC Anderlecht (BEL),Málaga CF (ESP),0,3,openfootball,2012-09-18T00:00:00+00:00,0.3898293770846667,0.2630061349693252,0.3471644879460082,0.15,1.5119391034780436,1501.3011408779107,1519.2097960949761
ucl-2012-13-029,2012-13,knockout_phase,,2012-09-18T00:00:00+00:00,date_only,zenit-st-petersburg,rsc-anderlecht,Zenit St. Petersburg (RUS),RSC Anderlecht (BEL),1,0,openfootball,2012-09-18T00:00:00+00:00,0.3999386854949,0.2629709035222052,0.3370904109828948,1.3697560194336313,1.2501951844530947,1480.1550664154954,1480.4478430951376
ucl-2012-13-030,2012-13,knockout_phase,,2012-09-18T00:00:00+00:00,date_only,m-laga-cf,ac-milan,Málaga CF (ESP),AC Milan (ITA),1,0,openfootball,2012-09-18T00:00:00+00:00,0.4106279957881789,0.2629357798165138,0.3264362243953074,1.7067827277901757,1.3448595320535737,1540.0630938777492,1521.638106243824
ucl-2012-13-031,2012-13,knockout_phase,,2012-09-18T00:00:00+00:00,date_only,rsc-anderlecht,zenit-st-petersburg,RSC Anderlecht (BEL),Zenit St. Petersburg (RUS),1,0,openfootball,2012-09-18T00:00:00+00:00,0.3788011220895529,0.26290076335877866,0.35829811455166843,1.1604341611453401,1.2390812425122992,1461.7048085853778,1498.8981009252552
ucl-2012-13-032,2012-13,knockout_phase,,2012-09-18T00:00:00+00:00,date_only,ac-milan,m-laga-cf,AC Milan (ITA),Málaga CF (ESP),1,1,openfootball,2012-09-18T00:00:00+00:00,0.3685340652377129,0.2628658536585366,0.3686000811037505,1.261618902684825,1.5367048778521402,1503.3219416716815,1558.3792584498917
ucl-2012-13-033,2012-13,knockout_phase,,2012-09-18T00:00:00+00:00,date_only,zenit-st-petersburg,m-laga-cf,Zenit St. Petersburg (RUS),Málaga CF (ESP),2,2,openfootball,2012-09-18T00:00:00+00:00,0.3547289035504754,0.2628310502283105,0.38244004622121414,0.929108519119535,1.552713184704372,1479.308161076013,1558.377938132571
ucl-2012-13-034,2012-13,knockout_phase,,2012-09-18T00:00:00+00:00,date_only,rsc-anderlecht,ac-milan,RSC Anderlecht (BEL),AC Milan (ITA),1,3,openfootball,2012-09-18T00:00:00+00:00,0.38757465085255777,0.26279635258358663,0.34962899656385565,1.157198460926904,1.3480190090362547,1481.29474843462,1503.3232619890023
ucl-2012-13-035,2012-13,knockout_phase,,2012-09-18T00:00:00+00:00,date_only,ac-milan,zenit-st-petersburg,AC Milan (ITA),Zenit St. Petersburg (RUS),0,1,openfootball,2012-09-18T00:00:00+00:00,0.4253130039250818,0.26276176024279213,0.3119252358321261,1.6211355402401715,1.1848058535221484,1524.0821750747764,1479.8623839294278
ucl-2012-13-036,2012-13,knockout_phase,,2012-09-18T00:00:00+00:00,date_only,m-laga-cf,rsc-anderlecht,Málaga CF (ESP),RSC Anderlecht (BEL),2,2,openfootball,2012-09-18T00:00:00+00:00,0.454734456754407,0.26272727272727275,0.2825382705183203,1.9010732332752585,0.4351414133797932,1557.8237152791562,1460.535835348846
ucl-2012-13-037,2012-13,knockout_phase,,2012-09-18T00:00:00+00:00,date_only,real-madrid,manchester-city,Real Madrid (ESP),Manchester City (ENG),3,2,openfootball,2012-09-18T00:00:00+00:00,0.4559471838303342,0.2626928895612708,0.281359926608395,2.4251201557029956,1.0447927643264927,1619.5314548629362,1520.0539346860085
ucl-2012-13-038,2012-13,knockout_phase,,2012-09-18T00:00:00+00:00,date_only,borussia-dortmund,afc-ajax,Borussia Dortmund (GER),AFC Ajax (NED),1,0,openfootball,2012-09-18T00:00:00+00:00,0.3675576006315231,0.26265861027190335,0.3697837890965736,1.07255641646382,1.537954866828944,1442.575531254767,1499.507831498183
ucl-2012-13-039,2012-13,knockout_phase,,2012-09-18T00:00:00+00:00,date_only,afc-ajax,real-madrid,AFC Ajax (NED),Real Madrid (ESP),1,4,openfootball,2012-09-18T00:00:00+00:00,0.3106586239490277,0.2626244343891403,0.42671694166183194,0.9395196650086535,2.3043842679930773,1479.4633077288818,1636.0397097184975
ucl-2012-13-040,2012-13,knockout_phase,,2012-09-18T00:00:00+00:00,date_only,manchester-city,borussia-dortmund,Manchester City (ENG),Borussia Dortmund (GER),1,1,openfootball,2012-09-18T00:00:00+00:00,0.4235575501164176,0.2625903614457831,0.3138520884377992,1.7969618301957921,1.1155733929862233,1503.5456798304472,1462.6200550240678
ucl-2012-13-041,2012-13,knockout_phase,,2012-09-18T00:00:00+00:00,date_only,afc-ajax,manchester-city,AFC Ajax (NED),Manchester City (ENG),3,1,openfootball,2012-09-18T00:00:00+00:00,0.3776114065687982,0.2625563909774436,0.35983220245375824,1.149527419571886,1.4638780643424913,1461.7844740831379,1501.3515705968748
ucl-2012-13-042,2012-13,knockout_phase,,2012-09-18T00:00:00+00:00,date_only,borussia-dortmund,real-madrid,Borussia Dortmund (GER),Real Madrid (ESP),2,1,openfootball,2012-09-18T00:00:00+00:00,0.2926955387779503,0.26252252252252256,0.44478193869952715,0.9625796840778323,2.5804817072831887,1464.8141642576402,1653.7185433642414
ucl-2012-13-043,2012-13,knockout_phase,,2012-09-18T00:00:00+00:00,date_only,manchester-city,afc-ajax,Manchester City (ENG),AFC Ajax (NED),2,2,openfootball,2012-09-18T00:00:00+00:00,0.40052692200603346,0.26248875562218893,0.33698432237177767,1.5091207761208376,1.2775922679922187,1481.7071546791756,1481.428890000837
ucl-2012-13-044,2012-13,knockout_phase,,2012-09-18T00:00:00+00:00,date_only,real-madrid,borussia-dortmund,Real Madrid (ESP),Borussia Dortmund (GER),2,2,openfootball,2012-09-18T00:00:00+00:00,0.4792617481169679,0.26245508982035926,0.2582831620626728,2.5723507692581156,0.9881193845935078,1630.67681536581,1487.8558922560717
ucl-2012-13-045,2012-13,knockout_phase,,2012-09-18T00:00:00+00:00,date_only,manchester-city,real-madrid,Manchester City (ENG),Real Madrid (ESP),1,1,openfootball,2012-09-18T00:00:00+00:00,0.3168036883291978,0.26242152466367713,0.42077478700712495,1.267713318432241,2.3664447298695914,1480.4363026864905,1626.257243644724
ucl-2012-13-046,2012-13,knockout_phase,,2012-09-18T00:00:00+00:00,date_only,afc-ajax,borussia-dortmund,AFC Ajax (NED),Borussia Dortmund (GER),1,4,openfootball,2012-09-18T00:00:00+00:00,0.39493826822875555,0.26238805970149254,0.34267367206975197,1.5120202316803035,1.3063838146557571,1482.6997419935221,1492.2754639771576
ucl-2012-13-047,2012-13,knockout_phase,,2012-09-18T00:00:00+00:00,date_only,real-madrid,afc-ajax,Real Madrid (ESP),AFC Ajax (NED),4,1,openfootball,2012-09-18T00:00:00+00:00,0.48956430861910055,0.26235469448584203,0.24808099689505742,2.5054361430006864,1.0345082284565938,1624.1778216711655,1461.6544500703421
ucl-2012-13-048,2012-13,knockout_phase,,2012-09-18T00:00:00+00:00,date_only,borussia-dortmund,manchester-city,Borussia Dortmund (GER),Manchester City (ENG),1,0,openfootball,2012-09-18T00:00:00+00:00,0.41799552879202717,0.2623214285714286,0.31968304263654423,1.600216313912362,1.4794633125064742,1513.3207559003376,1482.515724660049
ucl-2012-13-049,2012-13,knockout_phase,,2012-09-18T00:00:00+00:00,date_only,chelsea-fc,juventus,Chelsea FC (ENG),Juventus (ITA),2,2,openfootball,2012-09-18T00:00:00+00:00,0.46788789427014205,0.2622882615156018,0.26982384421425615,2.3748019959333666,0.9961584032533065,1621.1470105046556,1500.0
ucl-2012-13-050,2012-13,knockout_phase,,2012-09-18T00:00:00+00:00,date_only,shakhtar-donetsk,fc-nordsj-lland,Shakhtar Donetsk (UKR),FC Nordsjælland (DEN),2,0,openfootball,2012-09-18T00:00:00+00:00,0.38005548246556087,0.2622551928783383,0.3576893246561008,1.090340652569831,1.3570608112774685,1464.408783083797,1500.0
ucl-2012-13-051,2012-13,knockout_phase,,2012-09-18T00:00:00+00:00,date_only,juventus,shakhtar-donetsk,Juventus (ITA),Shakhtar Donetsk (UKR),1,1,openfootball,2012-09-18T00:00:00+00:00,0.41192114742627994,0.26222222222222225,0.3258566303514978,1.3866665175612582,1.2366667859509934,1503.9612810011176,1483.9614599276078
ucl-2012-13-052,2012-13,knockout_phase,,2012-09-18T00:00:00+00:00,date_only,fc-nordsj-lland,chelsea-fc,FC Nordsjælland (DEN),Chelsea FC (ENG),0,4,openfootball,2012-09-18T00:00:00+00:00,0.32204462890708585,0.2621893491124261,0.41576602198048807,1.0727179947105427,2.2244922708982324,1480.4473231561892,1617.185729503538
ucl-2012-13-053,2012-13,knockout_phase,,2012-09-18T00:00:00+00:00,date_only,shakhtar-donetsk,chelsea-fc,Shakhtar Donetsk (UKR),Chelsea FC (ENG),2,1,openfootball,2012-09-18T00:00:00+00:00,0.31476807124166944,0.26215657311669127,0.4230753556416393,1.0822660622616584,1.969317584973282,1485.6827502691035,1635.3113016420698
ucl-2012-13-054,2012-13,knockout_phase,,2012-09-18T00:00:00+00:00,date_only,fc-nordsj-lland,juventus,FC Nordsjælland (DEN),Juventus (ITA),1,1,openfootball,2012-09-18T00:00:00+00:00,0.37763056177475635,0.26212389380530976,0.3602455444199339,0.8367348002983628,2.2766121597613096,1462.3217510176573,1502.239990659622
ucl-2012-13-055,2012-13,knockout_phase,,2012-09-18T00:00:00+00:00,date_only,chelsea-fc,shakhtar-donetsk,Chelsea FC (ENG),Shakhtar Donetsk (UKR),3,2,openfootball,2012-09-18T00:00:00+00:00,0.45947867731683173,0.2620913107511046,0.2784300119320637,2.0077468833308063,1.089802493335355,1613.1451559540703,1507.848895957103
ucl-2012-13-056,2012-13,knockout_phase,,2012-09-18T00:00:00+00:00,date_only,juventus,fc-nordsj-lland,Juventus (ITA),FC Nordsjælland (DEN),4,0,openfootball,2012-09-18T00:00:00+00:00,0.42368696186422633,0.2620588235294118,0.3142542146063619,1.9871780336134646,0.8062575731092284,1502.5876910067184,1461.974050670561
ucl-2012-13-057,2012-13,knockout_phase,,2012-09-18T00:00:00+00:00,date_only,juventus,chelsea-fc,Juventus (ITA),Chelsea FC (ENG),3,0,openfootball,2012-09-18T00:00:00+00:00,0.33785555530233036,0.26202643171806167,0.40011801297960803,1.3623957111793215,2.072750097723209,1520.399036061561,1629.524182646375
ucl-2012-13-058,2012-13,knockout_phase,,2012-09-18T00:00:00+00:00,date_only,fc-nordsj-lland,shakhtar-donetsk,FC Nordsjælland (DEN),Shakhtar Donetsk (UKR),2,5,openfootball,2012-09-18T00:00:00+00:00,0.3734381551584571,0.26199413489736073,0.36456770994418225,1.0805773636257667,1.745823823385101,1444.1627056157183,1491.4698692647983
ucl-2012-13-059,2012-13,knockout_phase,,2012-09-18T00:00:00+00:00,date_only,shakhtar-donetsk,juventus,Shakhtar Donetsk (UKR),Juventus (ITA),0,1,openfootball,2012-09-18T00:00:00+00:00,0.38342823548377125,0.26196193265007317,0.3546098318661556,1.4700024941283143,1.6449980046973485,1511.6472781690838,1541.6442852151065
ucl-2012-13-060,2012-13,knockout_phase,,2012-09-18T00:00:00+00:00,date_only,chelsea-fc,fc-nordsj-lland,Chelsea FC (ENG),FC Nordsjælland (DEN),6,1,openfootball,2012-09-18T00:00:00+00:00,0.5009264057065403,0.26192982456140357,0.2371437697320561,2.621404117607686,1.0075723580877645,1608.2789334928295,1423.9852967114327
ucl-2012-13-061,2012-13,knockout_phase,,2012-09-18T00:00:00+00:00,date_only,bayern-m-nchen,valencia-cf,Bayern München (GER),Valencia CF (ESP),2,1,openfootball,2012-09-18T00:00:00+00:00,0.4628728254507772,0.2618978102189781,0.27522936433024464,2.16016109816075,1.2415553319977157,1611.6836268754037,1500.3324143456614
ucl-2012-13-062,2012-13,knockout_phase,,2012-09-18T00:00:00+00:00,date_only,lille-osc,bate-borisov,Lille OSC (FRA),BATE Borisov (BLR),1,3,openfootball,2012-09-18T00:00:00+00:00,0.43329231864013,0.261865889212828,0.30484179214704193,1.834598579534228,0.6283211363726177,1482.6765066744417,1425.1582112333683
ucl-2012-13-063,2012-13,knockout_phase,,2012-09-18T00:00:00+00:00,date_only,valencia-cf,lille-osc,Valencia CF (ESP),Lille OSC (FRA),2,0,openfootball,2012-09-18T00:00:00+00:00,0.41439904368515984,0.2618340611353712,0.32376689517946894,1.7114100609481482,1.1268719512414813,1484.085283568072,1460.10749614458
ucl-2012-13-064,2012-13,knockout_phase,,2012-09-18T00:00:00+00:00,date_only,bate-borisov,bayern-m-nchen,BATE Borisov (BLR),Bayern München (GER),3,1,openfootball,2012-09-18T00:00:00+00:00,0.2977991035692438,0.2618023255813954,0.4403985708493608,0.8745922915204357,2.3582309286884136,1447.72722176323,1627.930757652993
ucl-2012-13-065,2012-13,knockout_phase,,2012-09-18T00:00:00+00:00,date_only,lille-osc,bayern-m-nchen,Lille OSC (FRA),Bayern München (GER),0,1,openfootball,2012-09-18T00:00:00+00:00,0.3073222247897142,0.26177068214804067,0.4309070930622451,1.0275127365423176,2.0218158977226675,1441.9201391146937,1605.0787683073906
ucl-2012-13-066,2012-13,knockout_phase,,2012-09-18T00:00:00+00:00,date_only,bate-borisov,valencia-cf,BATE Borisov (BLR),Valencia CF (ESP),0,3,openfootball,2012-09-18T00:00:00+00:00,0.3825669401842995,0.2617391304347826,0.35569392938091793,1.1560888087590615,1.9586289529927505,1470.5792111088324,1502.2726405979583
ucl-2012-13-067,2012-13,knockout_phase,,2012-09-18T00:00:00+00:00,date_only,bayern-m-nchen,lille-osc,Bayern München (GER),Lille OSC (FRA),6,1,openfootball,2012-09-18T00:00:00+00:00,0.508026249661431,0.26170767004341533,0.2302660802951537,2.1251793620514965,0.8278565103588028,1622.60707094194,1424.3918364801443
ucl-2012-13-068,2012-13,knockout_phase,,2012-09-18T00:00:00+00:00,date_only,valencia-cf,bate-borisov,Valencia CF (ESP),BATE Borisov (BLR),4,2,openfootball,2012-09-18T00:00:00+00:00,0.44189686492347136,0.2616763005780347,0.29642683449849394,2.236195847156606,0.8959322111636038,1522.8101008140259,1450.0417508927649
ucl-2012-13-069,2012-13,knockout_phase,,2012-09-18T00:00:00+00:00,date_only,bate-borisov,lille-osc,BATE Borisov (BLR),Lille OSC (FRA),0,2,openfootball,2012-09-18T00:00:00+00:00,0.4139518776171024,0.2616450216450216,0.3244031007378759,1.539170093028162,1.5346639255774703,1432.9511515012643,1409.9470398674698
ucl-2012-13-070,2012-13,knockout_phase,,2012-09-18T00:00:00+00:00,date_only,valencia-cf,bayern-m-nchen,Valencia CF (ESP),Bayern München (GER),1,1,openfootball,2012-09-18T00:00:00+00:00,0.3449126812987464,0.2616138328530259,0.39347348584822756,1.5205221753572413,1.9536563337882809,1539.9007002055264,1637.0518675546145
ucl-2012-13-071,2012-13,knockout_phase,,2012-09-18T00:00:00+00:00,date_only,lille-osc,valencia-cf,Lille OSC (FRA),Valencia CF (ESP),0,1,openfootball,2012-09-18T00:00:00+00:00,0.33805367266653547,0.26158273381294966,0.4003635935205148,1.0290550825904485,1.9363922975640047,1431.7380154050543,1540.871916296516
ucl-2012-13-072,2012-13,knockout_phase,,2012-09-18T00:00:00+00:00,date_only,bayern-m-nchen,bate-borisov,Bayern München (GER),BATE Borisov (BLR),4,1,openfootball,2012-09-18T00:00:00+00:00,0.5211476276795944,0.26155172413793104,0.21730064818247455,2.583295798548805,0.8500530163333699,1636.080651463625,1411.1601759636799
ucl-2012-13-073,2012-13,knockout_phase,,2012-09-18T00:00:00+00:00,date_only,fc-barcelona,spartak-moskva,FC Barcelona (ESP),Spartak Moskva (RUS),3,2,openfootball,2012-09-18T00:00:00+00:00,0.46906806144838803,0.26152080344332856,0.26941113510828346,3.1387024752430426,0.7517046864722327,1622.4429702916511,1500.0
ucl-2012-13-074,2012-13,knockout_phase,,2012-09-18T00:00:00+00:00,date_only,celtic-fc,sl-benfica,Celtic FC (SCO),SL Benfica (POR),0,0,openfootball,2012-09-18T00:00:00+00:00,0.3922664021729617,0.2614899713467049,0.34624362648033336,1.1074462816782993,1.3100429746573607,1500.0,1515.064461986041
ucl-2012-13-075,2012-13,knockout_phase,,2012-09-18T00:00:00+00:00,date_only,spartak-moskva,celtic-fc,Spartak Moskva (RUS),Celtic FC (SCO),2,3,openfootball,2012-09-18T00:00:00+00:00,0.3922701198688285,0.2614592274678112,0.3462706526633604,1.1074279950338788,1.5100576039728968,1483.993138526802,1499.0795444861474
ucl-2012-13-076,2012-13,knockout_phase,,2012-09-18T00:00:00+00:00,date_only,sl-benfica,fc-barcelona,SL Benfica (POR),FC Barcelona (ESP),0,2,openfootball,2012-09-18T00:00:00+00:00,0.33050140839341846,0.26142857142857145,0.40807002017801003,1.0596125714458706,2.081643276176637,1515.9849174998935,1638.449831764849
ucl-2012-13-077,2012-13,knockout_phase,,2012-09-18T00:00:00+00:00,date_only,spartak-moskva,sl-benfica,Spartak Moskva (RUS),SL Benfica (POR),2,1,openfootball,2012-09-18T00:00:00+00:00,0.38114737452669084,0.261398002853067,0.35745462262024214,1.2341378590630656,1.380118284178119,1463.0731491826928,1497.5362897355853
ucl-2012-13-078,2012-13,knockout_phase,,2012-09-18T00:00:00+00:00,date_only,fc-barcelona,celtic-fc,FC Barcelona (ESP),Celtic FC (SCO),2,1,openfootball,2012-09-18T00:00:00+00:00,0.47684933944916996,0.2613675213675214,0.26178313918330864,2.8590824380824174,0.8462340495340663,1656.8984595291572,1519.9995338302567
ucl-2012-13-079,2012-13,knockout_phase,,2012-09-18T00:00:00+00:00,date_only,sl-benfica,spartak-moskva,SL Benfica (POR),Spartak Moskva (RUS),2,0,openfootball,2012-09-18T00:00:00+00:00,0.39836253527609505,0.2613371266002845,0.3403003381236204,1.4286757088576252,1.2530594329138998,1478.0101447737143,1482.5992941445638
ucl-2012-13-080,2012-13,knockout_phase,,2012-09-18T00:00:00+00:00,date_only,celtic-fc,fc-barcelona,Celtic FC (SCO),FC Barcelona (ESP),2,1,openfootball,2012-09-18T00:00:00+00:00,0.30463739475473456,0.2613068181818182,0.4340557870634472,0.9241975463708892,2.6677530740143993,1504.3008578355739,1672.59713552384
ucl-2012-13-081,2012-13,knockout_phase,,2012-09-18T00:00:00+00:00,date_only,spartak-moskva,fc-barcelona,Spartak Moskva (RUS),FC Barcelona (ESP),0,3,openfootball,2012-09-18T00:00:00+00:00,0.2946590236537523,0.2612765957446809,0.44406438060156683,1.0147931420082896,2.7241654863933684,1463.7605380876132,1650.008767677666
ucl-2012-13-082,2012-13,knockout_phase,,2012-09-18T00:00:00+00:00,date_only,sl-benfica,celtic-fc,SL Benfica (POR),Celtic FC (SCO),2,1,openfootball,2012-09-18T00:00:00+00:00,0.3837749781398636,0.2612464589235127,0.35497856293662367,1.2616330626240972,1.1311379943451665,1496.848900830665,1526.889225681748
ucl-2012-13-083,2012-13,knockout_phase,,2012-09-18T00:00:00+00:00,date_only,fc-barcelona,sl-benfica,FC Barcelona (ESP),SL Benfica (POR),0,0,openfootball,2012-09-18T00:00:00+00:00,0.484215470681533,0.2612164073550212,0.25456812196344586,2.151873073343425,0.9307515413252604,1667.0206605387095,1516.2729725266001
ucl-2012-13-084,2012-13,knockout_phase,,2012-09-18T00:00:00+00:00,date_only,celtic-fc,spartak-moskva,Celtic FC (SCO),Spartak Moskva (RUS),2,1,openfootball,2012-09-18T00:00:00+00:00,0.4354796915295916,0.2611864406779661,0.30333386779244237,2.0705970906327025,1.2595223274938379,1507.4651539858128,1446.7486452265696
ucl-2012-13-085,2012-13,knockout_phase,,2012-09-18T00:00:00+00:00,date_only,manchester-united,galatasaray,Manchester United (ENG),Galatasaray (TUR),1,0,openfootball,2012-09-18T00:00:00+00:00,0.41099671987895553,0.2611565585331453,0.32784672158789924,1.9677770791218285,1.321778336702537,1517.3324949461942,1500.0
ucl-2012-13-086,2012-13,knockout_phase,,2012-09-18T00:00:00+00:00,date_only,sporting-braga,cfr-cluj,Sporting Braga (POR),CFR Cluj (ROU),0,2,openfootball,2012-09-18T00:00:00+00:00,0.401107152608868,0.2611267605633803,0.3377660868277518,1.5699999999999998,1.2,1500.0,1500.0
ucl-2012-13-087,2012-13,knockout_phase,,2012-09-18T00:00:00+00:00,date_only,galatasaray,sporting-braga,Galatasaray (TUR),Sporting Braga (POR),0,2,openfootball,2012-09-18T00:00:00+00:00,0.40280147550697376,0.2610970464135021,0.3361014780795242,1.1224415177345364,0.498046785812371,1481.6629999658212,1478.7331786843777
ucl-2012-13-088,2012-13,knockout_phase,,2012-09-18T00:00:00+00:00,date_only,cfr-cluj,manchester-united,CFR Cluj (ROU),Manchester United (ENG),1,2,openfootball,2012-09-18T00:00:00+00:00,0.3928713826156553,0.2610674157303371,0.3460612016540076,1.357997771946041,1.5096017824431671,1521.2668213156223,1535.669494980373
ucl-2012-13-089,2012-13,knockout_phase,,2012-09-18T00:00:00+00:00,date_only,manchester-united,sporting-braga,Manchester United (ENG),Sporting Braga (POR),3,2,openfootball,2012-09-18T00:00:00+00:00,0.43322972083472827,0.2610378681626928,0.3057324110025789,1.767115433305566,1.0623076533555473,1556.6056985996058,1500.0671786329267
ucl-2012-13-090,2012-13,knockout_phase,,2012-09-18T00:00:00+00:00,date_only,galatasaray,cfr-cluj,Galatasaray (TUR),CFR Cluj (ROU),1,1,openfootball,2012-09-18T00:00:00+00:00,0.3781533373033241,0.26100840336134457,0.3608382593353313,0.5866653186007356,1.5266677451194115,1460.3290000172722,1500.3306176963895
ucl-2012-13-091,2012-13,knockout_phase,,2012-09-18T00:00:00+00:00,date_only,sporting-braga,manchester-united,Sporting Braga (POR),Manchester United (ENG),1,3,openfootball,2012-09-18T00:00:00+00:00,0.34849498169237414,0.26097902097902104,0.39052599732860477,1.2938011436888393,1.8942924183822618,1482.6171248295698,1574.0557524029628
ucl-2012-13-092,2012-13,knockout_phase,,2012-09-18T00:00:00+00:00,date_only,cfr-cluj,galatasaray,CFR Cluj (ROU),Galatasaray (TUR),1,3,openfootball,2012-09-18T00:00:00+00:00,0.42436925209622023,0.26094972067039107,0.31468102723338875,1.4872451839981973,0.6395371861347754,1500.6769192557492,1459.9826984579124
ucl-2012-13-093,2012-13,knockout_phase,,2012-09-18T00:00:00+00:00,date_only,galatasaray,manchester-united,Galatasaray (TUR),Manchester United (ENG),1,0,openfootball,2012-09-18T00:00:00+00:00,0.3372651323115342,0.2609205020920502,0.40181436559641553,1.1703249185779185,1.8597400651376652,1482.176462955169,1593.215132090238
ucl-2012-13-094,2012-13,knockout_phase,,2012-09-18T00:00:00+00:00,date_only,cfr-cluj,sporting-braga,CFR Cluj (ROU),Sporting Braga (POR),3,1,openfootball,2012-09-18T00:00:00+00:00,0.4098284066037126,0.260891364902507,0.3292802284937804,1.757521174680165,1.364983060255868,1478.4831547584927,1463.4577451422945
ucl-2012-13-095,2012-13,knockout_phase,,2012-09-18T00:00:00+00:00,date_only,sporting-braga,galatasaray,Sporting Braga (POR),Galatasaray (TUR),1,2,openfootball,2012-09-18T00:00:00+00:00,0.3676062577903898,0.2608623087621697,0.37153143344744044,1.1713343842363555,1.6389324926109157,1445.068708704493,1503.4674476208666
ucl-2012-13-096,2012-13,knockout_phase,,2012-09-18T00:00:00+00:00,date_only,manchester-united,cfr-cluj,Manchester United (ENG),CFR Cluj (ROU),0,1,openfootball,2012-09-18T00:00:00+00:00,0.44366802712662623,0.26083333333333336,0.2954986395400404,1.8700432968568719,1.2624653625145024,1571.9241474245405,1496.8721911962941
ucl-2012-13-097,2012-13,knockout_phase,,2013-02-12T00:00:00+00:00,date_only,celtic-fc,juventus,Celtic FC (SCO),Juventus (ITA),0,3,openfootball,2013-02-12T00:00:00+00:00,0.37976007264081213,0.2608044382801665,0.35943548907902145,1.172167986853009,1.6915989438509262,1524.8222375110697,1562.2206532874588
ucl-2012-13-098,2012-13,knockout_phase,,2013-02-12T00:00:00+00:00,date_only,valencia-cf,paris-saint-germain,Valencia CF (ESP),Paris Saint-Germain (FRA),1,2,openfootball,2013-02-12T00:00:00+00:00,0.39430531015363746,0.2607756232686981,0.34491906657766447,1.6098508555213247,1.4525637600273849,1559.6257178794365,1571.804691253847
ucl-2012-13-099,2012-13,knockout_phase,,2013-02-12T00:00:00+00:00,date_only,shakhtar-donetsk,borussia-dortmund,Shakhtar Donetsk (UKR),Borussia Dortmund (GER),2,2,openfootball,2013-02-12T00:00:00+00:00,0.37812439225233013,0.260746887966805,0.36112871978086486,1.5447636699329195,1.401855730720331,1491.0709100967315,1531.354506177228
ucl-2012-13-100,2012-13,knockout_phase,,2013-02-12T00:00:00+00:00,date_only,real-madrid,manchester-united,Real Madrid (ESP),Manchester United (ENG),1,1,openfootball,2013-02-12T00:00:00+00:00,0.45219616010776464,0.2607182320441989,0.2870856078480364,2.29532282980323,1.2730750694907493,1639.3481554366847,1548.9607596728088
ucl-2012-13-101,2012-13,knockout_phase,,2013-02-12T00:00:00+00:00,date_only,arsenal-fc,bayern-m-nchen,Arsenal FC (ENG),Bayern München (GER),1,3,openfootball,2013-02-12T00:00:00+00:00,0.34258749067098765,0.26068965517241377,0.3967228541565986,1.2471649816559593,1.9770558934631115,1548.0562353153791,1650.0037118736825
ucl-2012-13-102,2012-13,knockout_phase,,2013-02-12T00:00:00+00:00,date_only,fc-porto,m-laga-cf,FC Porto (POR),Málaga CF (ESP),1,0,openfootball,2013-02-12T00:00:00+00:00,0.398562845057139,0.26066115702479337,0.34077599791806756,1.3381595091551524,1.2810279482314335,1549.5045358739505,1554.3797915544344
ucl-2012-13-103,2012-13,knockout_phase,,2013-02-12T00:00:00+00:00,date_only,galatasaray,fc-schalke-04,Galatasaray (TUR),FC Schalke 04 (GER),1,1,openfootball,2013-02-12T00:00:00+00:00,0.38218505712527356,0.2606327372764787,0.3571822055982477,1.1755423740349906,1.3555661007720072,1523.3889441077256,1556.7380952657365
ucl-2012-13-104,2012-13,knockout_phase,,2013-02-12T00:00:00+00:00,date_only,ac-milan,fc-barcelona,AC Milan (ITA),FC Barcelona (ESP),2,0,openfootball,2013-02-12T00:00:00+00:00,0.30923780446770815,0.26060439560439563,0.4301577999278962,1.1038026472806706,2.048251999822522,1501.8144197129172,1662.4277135643479
ucl-2012-13-105,2012-13,knockout_phase,,2013-02-12T00:00:00+00:00,date_only,borussia-dortmund,shakhtar-donetsk,Borussia Dortmund (GER),Shakhtar Donetsk (UKR),3,0,openfootball,2013-02-12T00:00:00+00:00,0.4247358464769887,0.2605761316872428,0.3146880218357685,1.5772131088930523,1.4726910513470965,1531.6944196266572,1490.7309966473022
ucl-2012-13-106,2012-13,knockout_phase,,2013-02-12T00:00:00+00:00,date_only,manchester-united,real-madrid,Manchester United (ENG),Real Madrid (ESP),1,2,openfootball,2013-02-12T00:00:00+00:00,0.3531093936802029,0.2605479452054794,0.3863426611143177,1.3626808552720941,2.0871053157823245,1552.2629707180033,1636.0459443914901
ucl-2012-13-107,2012-13,knockout_phase,,2013-02-12T00:00:00+00:00,date_only,juventus,celtic-fc,Juventus (ITA),Celtic FC (SCO),2,0,openfootball,2013-02-12T00:00:00+00:00,0.44560637743933385,0.2605198358413133,0.29387378671935294,2.0423190230752413,0.8764304958255215,1582.6271449586948,1504.415745839834
ucl-2012-13-108,2012-13,knockout_phase,,2013-02-12T00:00:00+00:00,date_only,paris-saint-germain,valencia-cf,Paris Saint-Germain (FRA),Valencia CF (ESP),1,1,openfootball,2013-02-12T00:00:00+00:00,0.43221262074994266,0.26049180327868854,0.30729557597136886,1.665128685931208,1.4138970512550335,1592.7924161253666,1538.637993007917
ucl-2012-13-109,2012-13,knockout_phase,,2013-02-12T00:00:00+00:00,date_only,fc-schalke-04,galatasaray,FC Schalke 04 (GER),Galatasaray (TUR),2,3,openfootball,2013-02-12T00:00:00+00:00,0.42105795303817783,0.2604638472032742,0.31847819975854796,1.4343386733968626,1.04852906128251,1557.2381522962771,1522.888887077185
ucl-2012-13-110,2012-13,knockout_phase,,2013-02-12T00:00:00+00:00,date_only,fc-barcelona,ac-milan,FC Barcelona (ESP),AC Milan (ITA),4,0,openfootball,2013-02-12T00:00:00+00:00,0.46617693915150643,0.26043596730245233,0.27338709354604124,2.049813745027519,1.089482337311318,1640.009313655144,1524.232819622121
ucl-2012-13-111,2012-13,knockout_phase,,2013-02-12T00:00:00+00:00,date_only,bayern-m-nchen,arsenal-fc,Bayern München (GER),Arsenal FC (ENG),0,2,openfootball,2013-02-12T00:00:00+00:00,0.478991339443326,0.26040816326530614,0.26060049729136786,2.207913623110971,1.1068119586540808,1668.9210046039702,1529.1389425850914
ucl-2012-13-112,2012-13,knockout_phase,,2013-02-12T00:00:00+00:00,date_only,m-laga-cf,fc-porto,Málaga CF (ESP),FC Porto (POR),2,0,openfootball,2013-02-12T00:00:00+00:00,0.3826247582153162,0.2603804347826087,0.35699480700207514,1.2426556079717055,1.2218755136226354,1535.5355284972159,1568.348798931169
ucl-2012-13-113,2012-13,knockout_phase,,2013-02-12T00:00:00+00:00,date_only,paris-saint-germain,fc-barcelona,Paris Saint-Germain (FRA),FC Barcelona (ESP),2,2,openfootball,2013-02-12T00:00:00+00:00,0.3635490897304628,0.2603527815468114,0.3760981287227258,1.2794028463580145,2.008192008627874,1590.294075229795,1656.1535167430347
ucl-2012-13-114,2012-13,knockout_phase,,2013-02-12T00:00:00+00:00,date_only,bayern-m-nchen,juventus,Bayern München (GER),Juventus (ITA),2,0,openfootball,2013-02-12T00:00:00+00:00,0.42713659884218813,0.26032520325203257,0.3125381979057793,1.9505706937897256,1.3493365484164956,1644.553187760931,1599.592493144295
ucl-2012-13-115,2012-13,knockout_phase,,2013-02-12T00:00:00+00:00,date_only,m-laga-cf,borussia-dortmund,Málaga CF (ESP),Borussia Dortmund (GER),0,0,openfootball,2013-02-12T00:00:00+00:00,0.4047267462549522,0.26029769959404603,0.3349755541510018,1.624607888615932,1.2690409618345273,1555.022929472951,1549.4934631338328
ucl-2012-13-116,2012-13,knockout_phase,,2013-02-12T00:00:00+00:00,date_only,real-madrid,galatasaray,Real Madrid (ESP),Galatasaray (TUR),3,0,openfootball,2013-02-12T00:00:00+00:00,0.46340116048215674,0.2602702702702703,0.276328569247573,2.39060542598812,1.1049442306380752,1655.3812790428078,1544.9404821427777
ucl-2012-13-117,2012-13,knockout_phase,,2013-02-12T00:00:00+00:00,date_only,borussia-dortmund,m-laga-cf,Borussia Dortmund (GER),Málaga CF (ESP),3,2,openfootball,2013-02-12T00:00:00+00:00,0.4000148211707977,0.2602429149797571,0.33974226384944517,1.2843838177875329,1.376826279103307,1550.8884869759117,1553.6279056308722
ucl-2012-13-118,2012-13,knockout_phase,,2013-02-12T00:00:00+00:00,date_only,galatasaray,real-madrid,Galatasaray (TUR),Real Madrid (ESP),3,2,openfootball,2013-02-12T00:00:00+00:00,0.3193740093096802,0.2602156334231806,0.42041035726713916,1.1008684222911278,2.3286385955004314,1528.6819339674694,1671.6398272181161
ucl-2012-13-119,2012-13,knockout_phase,,2013-02-12T00:00:00+00:00,date_only,fc-barcelona,paris-saint-germain,FC Barcelona (ESP),Paris Saint-Germain (FRA),1,1,openfootball,2013-02-12T00:00:00+00:00,0.43866110847420836,0.2601884253028264,0.30115046622296526,2.141131233294624,1.2230950133643006,1655.9025359631894,1590.5450560096403
ucl-2012-13-120,2012-13,knockout_phase,,2013-02-12T00:00:00+00:00,date_only,juventus,bayern-m-nchen,Juventus (ITA),Bayern München (GER),0,2,openfootball,2013-02-12T00:00:00+00:00,0.3552592960849181,0.2601612903225807,0.3845794135925012,1.3433419484958447,1.8600361186226788,1581.8844611630232,1662.261219742203
ucl-2012-13-121,2012-13,knockout_phase,,2013-02-12T00:00:00+00:00,date_only,bayern-m-nchen,fc-barcelona,Bayern München (GER),FC Barcelona (ESP),4,0,openfootball,2013-02-12T00:00:00+00:00,0.41793834691509707,0.2601342281879195,0.3219274248969834,1.7437687452282389,1.6698738927062977,1681.6748173920512,1653.1523231181645
ucl-2012-13-122,2012-13,knockout_phase,,2013-02-12T00:00:00+00:00,date_only,borussia-dortmund,real-madrid,Borussia Dortmund (GER),Real Madrid (ESP),4,1,openfootball,2013-02-12T00:00:00+00:00,0.35553959709563715,0.26010723860589813,0.3843531642984647,1.369176086659642,2.1059222885670232,1569.6830358294847,1649.619100258967
ucl-2012-13-123,2012-13,knockout_phase,,2013-02-12T00:00:00+00:00,date_only,real-madrid,borussia-dortmund,Real Madrid (ESP),Borussia Dortmund (GER),2,0,openfootball,2013-02-12T00:00:00+00:00,0.42378782017355576,0.2600803212851406,0.31613185854130366,2.152319601451141,1.4241443188390872,1629.0428289149104,1590.2593071735412
ucl-2012-13-124,2012-13,knockout_phase,,2013-02-12T00:00:00+00:00,date_only,fc-barcelona,bayern-m-nchen,FC Barcelona (ESP),Bayern München (GER),0,3,openfootball,2013-02-12T00:00:00+00:00,0.36437665404480774,0.2600534759358289,0.3755698700193634,1.6831195621014428,1.7452490311699094,1635.0725415585268,1699.7545989516889
ucl-2012-13-125,2012-13,knockout_phase,,2013-02-12T00:00:00+00:00,date_only,borussia-dortmund,bayern-m-nchen,Borussia Dortmund (GER),Bayern München (GER),1,2,openfootball,2013-02-12T00:00:00+00:00,0.31709740989587826,0.26002670226969293,0.42287588783442887,1.2067037353930523,2.028311430290209,1572.4124264061861,1719.5307346321977
ucl-2013-14-001,2013-14,knockout_phase,,2013-09-17T00:00:00+00:00,date_only,manchester-united,bayer-leverkusen,Manchester United (ENG),Bayer Leverkusen (GER),4,2,openfootball,2013-09-17T00:00:00+00:00,0.4301492222236555,0.26,0.3098507777763445,1.9798261801388213,1.1939572377071248,1532.9276360666856,1482.954401718282
ucl-2013-14-002,2013-14,knockout_phase,,2013-09-17T00:00:00+00:00,date_only,real-sociedad,shakhtar-donetsk,Real Sociedad (ESP),Shakhtar Donetsk (UKR),0,2,openfootball,2013-09-17T00:00:00+00:00,0.4172022489084473,0.2599733688415446,0.32282438225000804,1.642556705716561,1.4105260639981796,1500.0,1472.9319531401266
ucl-2013-14-003,2013-14,knockout_phase,,2013-09-17T00:00:00+00:00,date_only,shakhtar-donetsk,manchester-united,Shakhtar Donetsk (UKR),Manchester United (ENG),1,1,openfootball,2013-09-17T00:00:00+00:00,0.36962063238408704,0.2599468085106383,0.37043255910527473,1.4402482027462966,1.6038014378029626,1494.8195104732954,1550.5216671777393
ucl-2013-14-004,2013-14,knockout_phase,,2013-09-17T00:00:00+00:00,date_only,bayer-leverkusen,real-sociedad,Bayer Leverkusen (GER),Real Sociedad (ESP),2,1,openfootball,2013-09-17T00:00:00+00:00,0.3944316340621559,0.25992031872509963,0.3456480472127445,1.5093732732836642,2.2085013813730687,1465.3603706072283,1478.1124426668312
ucl-2013-14-005,2013-14,knockout_phase,,2013-09-17T00:00:00+00:00,date_only,bayer-leverkusen,shakhtar-donetsk,Bayer Leverkusen (GER),Shakhtar Donetsk (UKR),4,0,openfootball,2013-09-17T00:00:00+00:00,0.3957700831288765,0.25989389920424405,0.3443360176668794,1.4959061761674852,1.7761981359890886,1484.38469887024,1494.8357490077192
ucl-2013-14-006,2013-14,knockout_phase,,2013-09-17T00:00:00+00:00,date_only,manchester-united,real-sociedad,Manchester United (ENG),Real Sociedad (ESP),1,0,openfootball,2013-09-17T00:00:00+00:00,0.45328211587773454,0.25986754966887415,0.2868503344533913,1.9184033174218023,1.1057217905070027,1550.5054286433156,1459.0881144038194
ucl-2013-14-007,2013-14,knockout_phase,,2013-09-17T00:00:00+00:00,date_only,shakhtar-donetsk,bayer-leverkusen,Shakhtar Donetsk (UKR),Bayer Leverkusen (GER),0,0,openfootball,2013-09-17T00:00:00+00:00,0.3859762891156801,0.2598412698412698,0.35418244104305013,1.739947486820442,1.589756296257932,1475.8644303169592,1503.356017561
ucl-2013-14-008,2013-14,knockout_phase,,2013-09-17T00:00:00+00:00,date_only,real-sociedad,manchester-united,Real Sociedad (ESP),Manchester United (ENG),0,0,openfootball,2013-09-17T00:00:00+00:00,0.32991137100474605,0.25981505944517835,0.41027356955007566,1.0660332975145645,1.7331733619883483,1442.4167500323063,1567.1767930148287
ucl-2013-14-009,2013-14,knockout_phase,,2013-09-17T00:00:00+00:00,date_only,bayer-leverkusen,manchester-united,Bayer Leverkusen (GER),Manchester United (ENG),0,5,openfootball,2013-09-17T00:00:00+00:00,0.3663018835955671,0.25978891820580474,0.37390919819862817,1.335351954565442,1.7410517696809795,1503.9918945224526,1565.569549043922
ucl-2013-14-010,2013-14,knockout_phase,,2013-09-17T00:00:00+00:00,date_only,shakhtar-donetsk,real-sociedad,Shakhtar Donetsk (UKR),Real Sociedad (ESP),4,0,openfootball,2013-09-17T00:00:00+00:00,0.4196722433456984,0.2597628458498024,0.3205649108044991,1.4187310721875175,1.2064696877045316,1475.2285533555066,1444.023994003213
ucl-2013-14-011,2013-14,knockout_phase,,2013-09-17T00:00:00+00:00,date_only,manchester-united,shakhtar-donetsk,Manchester United (ENG),Shakhtar Donetsk (UKR),1,0,openfootball,2013-09-17T00:00:00+00:00,0.4537758927842261,0.25973684210526315,0.28648726511051076,1.749440742320017,1.175394774565039,1585.417402751861,1493.2464067046826
ucl-2013-14-012,2013-14,knockout_phase,,2013-09-17T00:00:00+00:00,date_only,real-sociedad,bayer-leverkusen,Real Sociedad (ESP),Bayer Leverkusen (GER),0,1,openfootball,2013-09-17T00:00:00+00:00,0.36832975395310436,0.2597109067017083,0.3719593393451874,1.6826628609773806,1.5387586001069846,1426.006140654037,1484.1440408145138
ucl-2013-14-013,2013-14,knockout_phase,,2013-09-17T00:00:00+00:00,date_only,galatasaray,real-madrid,Galatasaray (TUR),Real Madrid (ESP),1,6,openfootball,2013-09-17T00:00:00+00:00,0.3463689144784068,0.25968503937007875,0.3939460461515145,1.304550008389902,2.2405952874057253,1550.7026609266186,1646.8897096822654
ucl-2013-14-014,2013-14,knockout_phase,,2013-09-17T00:00:00+00:00,date_only,fc-k-benhavn,juventus,FC København (DEN),Juventus (ITA),1,1,openfootball,2013-09-17T00:00:00+00:00,0.3658494944840573,0.2596592398427261,0.37449126567321667,0.8679409470723543,1.7416472423421165,1500.0,1562.470863513175
ucl-2013-14-015,2013-14,knockout_phase,,2013-09-17T00:00:00+00:00,date_only,juventus,galatasaray,Juventus (ITA),Galatasaray (TUR),2,2,openfootball,2013-09-17T00:00:00+00:00,0.41942701180940173,0.25963350785340317,0.32093948033719516,1.8728092477138198,1.070479874556217,1562.2980280893917,1531.6542035600808
ucl-2013-14-016,2013-14,knockout_phase,,2013-09-17T00:00:00+00:00,date_only,real-madrid,fc-k-benhavn,Real Madrid (ESP),FC København (DEN),4,0,openfootball,2013-09-17T00:00:00+00:00,0.49305884517206466,0.25960784313725493,0.24733331169068037,2.8350608532772608,1.0817974712243457,1665.9381670488033,1500.1728354237832
ucl-2013-14-017,2013-14,knockout_phase,,2013-09-17T00:00:00+00:00,date_only,real-madrid,juventus,Real Madrid (ESP),Juventus (ITA),2,1,openfootball,2013-09-17T00:00:00+00:00,0.4693617026594504,0.25958224543080943,0.2710560519097402,2.3521584298011113,1.2353258877380584,1681.0236563791757,1560.3282774599475
ucl-2013-14-018,2013-14,knockout_phase,,2013-09-17T00:00:00+00:00,date_only,galatasaray,fc-k-benhavn,Galatasaray (TUR),FC København (DEN),3,1,openfootball,2013-09-17T00:00:00+00:00,0.42959751789372386,0.2595567144719687,0.31084576763430743,1.7318757448419997,1.6104994041264,1533.623954189525,1485.0873460934108
ucl-2013-14-019,2013-14,knockout_phase,,2013-09-17T00:00:00+00:00,date_only,juventus,real-madrid,Juventus (ITA),Real Madrid (ESP),2,2,openfootball,2013-09-17T00:00:00+00:00,0.3141150700060652,0.25953125,0.42635367999393475,1.2926973725923,2.22684210192616,1544.2943904749416,1697.0575433641816
ucl-2013-14-020,2013-14,knockout_phase,,2013-09-17T00:00:00+00:00,date_only,fc-k-benhavn,galatasaray,FC København (DEN),Galatasaray (TUR),1,0,openfootball,2013-09-17T00:00:00+00:00,0.35360496506399314,0.25950585175552665,0.3868891831804802,1.612677884928552,1.8058576920571585,1467.462381098599,1551.2489191843367
ucl-2013-14-021,2013-14,knockout_phase,,2013-09-17T00:00:00+00:00,date_only,real-madrid,galatasaray,Real Madrid (ESP),Galatasaray (TUR),4,1,openfootball,2013-09-17T00:00:00+00:00,0.4923523689638792,0.2594805194805195,0.2481671115556014,2.590191280285348,1.1524184043431502,1694.8127711644242,1530.583234822007
ucl-2013-14-022,2013-14,knockout_phase,,2013-09-17T00:00:00+00:00,date_only,juventus,fc-k-benhavn,Juventus (ITA),FC København (DEN),3,1,openfootball,2013-09-17T00:00:00+00:00,0.4352081538554457,0.25945525291828797,0.30533659322626633,1.8908981365670305,0.9610592685241532,1546.539162674699,1488.1280654609288
ucl-2013-14-023,2013-14,knockout_phase,,2013-09-17T00:00:00+00:00,date_only,fc-k-benhavn,real-madrid,FC København (DEN),Real Madrid (ESP),0,2,openfootball,2013-09-17T00:00:00+00:00,0.26655877089927993,0.2594300518134715,0.4740111772872485,1.0383107510379075,2.777116105052027,1470.7254966735125,1709.9290660162587
ucl-2013-14-024,2013-14,knockout_phase,,2013-09-17T00:00:00+00:00,date_only,galatasaray,juventus,Galatasaray (TUR),Juventus (ITA),1,0,openfootball,2013-09-17T00:00:00+00:00,0.3740728310295968,0.2594049159120311,0.3665222530583721,1.3129376737567142,1.8323165276612952,1515.4669399701725,1563.9417314621153
ucl-2013-14-025,2013-14,knockout_phase,,2013-09-17T00:00:00+00:00,date_only,olympiakos-piraeus,paris-saint-germain,Olympiakos Piraeus (GRE),Paris Saint-Germain (FRA),1,4,openfootball,2013-09-17T00:00:00+00:00,0.3525745606070347,0.25937984496124034,0.388045594431725,1.1849674430827033,1.6480260455338376,1507.6198369175452,1593.2952688546652
ucl-2013-14-026,2013-14,knockout_phase,,2013-09-17T00:00:00+00:00,date_only,sl-benfica,rsc-anderlecht,SL Benfica (POR),RSC Anderlecht (BEL),2,0,openfootball,2013-09-17T00:00:00+00:00,0.43441157531583113,0.2593548387096774,0.3062335859744915,1.3946778609622226,0.8257122566847676,1520.8659195009618,1463.9797590735677
ucl-2013-14-027,2013-14,knockout_phase,,2013-09-17T00:00:00+00:00,date_only,paris-saint-germain,sl-benfica,Paris Saint-Germain (FRA),SL Benfica (POR),3,0,openfootball,2013-09-17T00:00:00+00:00,0.44414352332950596,0.25932989690721653,0.2965265797632775,1.5747600499105063,0.9861919600715949,1612.5858481781713,1538.302359714135
ucl-2013-14-028,2013-14,knockout_phase,,2013-09-17T00:00:00+00:00,date_only,rsc-anderlecht,olympiakos-piraeus,RSC Anderlecht (BEL),Olympiakos Piraeus (GRE),0,3,openfootball,2013-09-17T00:00:00+00:00,0.3779929577567162,0.2593050193050193,0.36270202293826453,1.2351783843886293,1.4778572924890963,1446.5433188603945,1488.329257594039
ucl-2013-14-029,2013-14,knockout_phase,,2013-09-17T00:00:00+00:00,date_only,rsc-anderlecht,paris-saint-germain,RSC Anderlecht (BEL),Paris Saint-Germain (FRA),0,5,openfootball,2013-09-17T00:00:00+00:00,0.28599158192569996,0.259280205655527,0.45472821241877304,0.6005033257143157,2.185597339428547,1426.2375001640255,1629.6335093068467
ucl-2013-14-030,2013-14,knockout_phase,,2013-09-17T00:00:00+00:00,date_only,sl-benfica,olympiakos-piraeus,SL Benfica (POR),Olympiakos Piraeus (GRE),1,1,openfootball,2013-09-17T00:00:00+00:00,0.40935923476386943,0.2592554557124519,0.3313853095236787,1.3492663519125432,1.2103369184699655,1521.2546985854597,1508.635076290408
ucl-2013-14-031,2013-14,knockout_phase,,2013-09-17T00:00:00+00:00,date_only,paris-saint-germain,rsc-anderlecht,Paris Saint-Germain (FRA),RSC Anderlecht (BEL),1,1,openfootball,2013-09-17T00:00:00+00:00,0.528380047482919,0.25923076923076926,0.21238918328631176,2.635387271451067,0.4331447282936921,1646.2587766969853,1409.612232773887
ucl-2013-14-032,2013-14,knockout_phase,,2013-09-17T00:00:00+00:00,date_only,olympiakos-piraeus,sl-benfica,Olympiakos Piraeus (GRE),SL Benfica (POR),1,0,openfootball,2013-09-17T00:00:00+00:00,0.3966851749762998,0.2592061459667093,0.3441086790569909,1.3179651318699732,1.212216129798139,1510.1945547952118,1519.6952200806559
ucl-2013-14-033,2013-14,knockout_phase,,2013-09-17T00:00:00+00:00,date_only,rsc-anderlecht,sl-benfica,RSC Anderlecht (BEL),SL Benfica (POR),2,3,openfootball,2013-09-17T00:00:00+00:00,0.35316599262114173,0.25918158567774935,0.3876524217011089,0.8826544167156476,1.4232097999608153,1415.9320500578192,1500.746749999042
ucl-2013-14-034,2013-14,knockout_phase,,2013-09-17T00:00:00+00:00,date_only,paris-saint-germain,olympiakos-piraeus,Paris Saint-Germain (FRA),Olympiakos Piraeus (GRE),2,1,openfootball,2013-09-17T00:00:00+00:00,0.4642908846297062,0.25915708812260535,0.2765520272476885,1.978996612113523,1.026136043642515,1639.938959413053,1529.1430248768256
ucl-2013-14-035,2013-14,knockout_phase,,2013-09-17T00:00:00+00:00,date_only,sl-benfica,paris-saint-germain,SL Benfica (POR),Paris Saint-Germain (FRA),2,1,openfootball,2013-09-17T00:00:00+00:00,0.32372696043003524,0.2591326530612245,0.41714038650874025,0.9787829215155807,1.6740847738986466,1520.0570214174427,1656.1841822654126
ucl-2013-14-036,2013-14,knockout_phase,,2013-09-17T00:00:00+00:00,date_only,olympiakos-piraeus,rsc-anderlecht,Olympiakos Piraeus (GRE),RSC Anderlecht (BEL),3,1,openfootball,2013-09-17T00:00:00+00:00,0.46728326901091716,0.2591082802547771,0.2736084507343058,1.895468114725635,0.9581969367909209,1512.897802024466,1396.6217786394186
ucl-2013-14-037,2013-14,knockout_phase,,2013-09-17T00:00:00+00:00,date_only,bayern-m-nchen,cska-moskva,Bayern München (GER),CSKA Moskva (RUS),3,0,openfootball,2013-09-17T00:00:00+00:00,0.5354488460335903,0.2590839694656488,0.20546718450076082,2.5060556614761778,0.8617437061131753,1737.4151650734266,1485.913077184366
ucl-2013-14-038,2013-14,knockout_phase,,2013-09-17T00:00:00+00:00,date_only,viktoria-plze,manchester-city,Viktoria Plzeň (CZE),Manchester City (ENG),0,3,openfootball,2013-09-17T00:00:00+00:00,0.40214843001789397,0.2590597204574333,0.33879184952467273,1.2865494250067866,1.5000937933279042,1464.3412843913025,1464.4819743831588
ucl-2013-14-039,2013-14,knockout_phase,,2013-09-17T00:00:00+00:00,date_only,cska-moskva,viktoria-plze,CSKA Moskva (RUS),Viktoria Plzeň (CZE),3,2,openfootball,2013-09-17T00:00:00+00:00,0.4190802445273106,0.2590355329949239,0.32188422247776555,1.7070321313613204,1.2303742949109435,1472.5127104150226,1443.074152781438
ucl-2013-14-040,2013-14,knockout_phase,,2013-09-17T00:00:00+00:00,date_only,manchester-city,bayern-m-nchen,Manchester City (ENG),Bayern München (GER),1,3,openfootball,2013-09-17T00:00:00+00:00,0.25307414325260225,0.25901140684410645,0.48791444990329125,0.9741113117918776,2.201710950566498,1485.7491059930232,1750.81553184277
ucl-2013-14-041,2013-14,knockout_phase,,2013-09-17T00:00:00+00:00,date_only,cska-moskva,manchester-city,CSKA Moskva (RUS),Manchester City (ENG),1,2,openfootball,2013-09-17T00:00:00+00:00,0.41379753660062923,0.2589873417721519,0.3272151216272189,1.5534357315399956,1.56991808143467,1490.5687899740317,1470.445912126037
ucl-2013-14-042,2013-14,knockout_phase,,2013-09-17T00:00:00+00:00,date_only,bayern-m-nchen,viktoria-plze,Bayern München (GER),Viktoria Plzeň (CZE),5,0,openfootball,2013-09-17T00:00:00+00:00,0.574439300309898,0.25896333754740836,0.16659736214269374,2.737583877072773,0.6337106761195596,1766.1187257097563,1425.018073222429
ucl-2013-14-043,2013-14,knockout_phase,,2013-09-17T00:00:00+00:00,date_only,manchester-city,cska-moskva,Manchester City (ENG),CSKA Moskva (RUS),5,2,openfootball,2013-09-17T00:00:00+00:00,0.41566059272294353,0.2589393939393939,0.32540001333766255,1.7548349643437335,1.3690551054480902,1492.1775604255051,1468.8371416745636
ucl-2013-14-044,2013-14,knockout_phase,,2013-09-17T00:00:00+00:00,date_only,viktoria-plze,bayern-m-nchen,Viktoria Plzeň (CZE),Bayern München (GER),0,1,openfootball,2013-09-17T00:00:00+00:00,0.20399277451491793,0.25891551071878943,0.5370917147662926,0.6318003278836778,2.716875527166742,1413.174911985773,1777.9618869464123
ucl-2013-14-045,2013-14,knockout_phase,,2013-09-17T00:00:00+00:00,date_only,cska-moskva,bayern-m-nchen,CSKA Moskva (RUS),Bayern München (GER),1,3,openfootball,2013-09-17T00:00:00+00:00,0.21533428820986908,0.25889168765743076,0.5257740241327001,0.8361187042674036,2.5604383699194107,1450.6423532622691,1791.2999081413848
ucl-2013-14-046,2013-14,knockout_phase,,2013-09-17T00:00:00+00:00,date_only,manchester-city,viktoria-plze,Manchester City (ENG),Viktoria Plzeň (CZE),4,2,openfootball,2013-09-17T00:00:00+00:00,0.46433095760464543,0.25886792452830193,0.2768011178670527,2.135189804782756,1.0416943100199494,1510.3723488377996,1399.8368907908005
ucl-2013-14-047,2013-14,knockout_phase,,2013-09-17T00:00:00+00:00,date_only,bayern-m-nchen,manchester-city,Bayern München (GER),Manchester City (ENG),2,3,openfootball,2013-09-17T00:00:00+00:00,0.547901936737756,0.2588442211055276,0.19325384215671637,2.456224467816567,1.0018537590800798,1805.0911134229282,1526.6217520430478
ucl-2013-14-048,2013-14,knockout_phase,,2013-09-17T00:00:00+00:00,date_only,viktoria-plze,cska-moskva,Viktoria Plzeň (CZE),CSKA Moskva (RUS),2,1,openfootball,2013-09-17T00:00:00+00:00,0.37159513019019247,0.2588205771643664,0.3695842926454412,1.5756136163373555,1.9105091069301157,1383.5874875855523,1436.8511479807257
ucl-2013-14-049,2013-14,knockout_phase,,2013-09-17T00:00:00+00:00,date_only,chelsea-fc,fc-basel-1893,Chelsea FC (ENG),FC Basel 1893 (SUI),1,2,openfootball,2013-09-17T00:00:00+00:00,0.44987031262864713,0.258796992481203,0.29133269489014985,2.449290846335909,1.2773080636720133,1623.0032807733398,1538.96537628136
ucl-2013-14-050,2013-14,knockout_phase,,2013-09-17T00:00:00+00:00,date_only,fc-schalke-04,fc-steaua-bucure-ti,FC Schalke 04 (GER),FC Steaua Bucureşti (ROU),3,0,openfootball,2013-09-17T00:00:00+00:00,0.42249582454507884,0.2587734668335419,0.3187307086213792,1.7743221310255706,1.2265422951795437,1535.1865572306845,1500.0
ucl-2013-14-051,2013-14,knockout_phase,,2013-09-17T00:00:00+00:00,date_only,fc-basel-1893,fc-schalke-04,FC Basel 1893 (SUI),FC Schalke 04 (GER),0,1,openfootball,2013-09-17T00:00:00+00:00,0.40757871177576827,0.25875000000000004,0.3336712882242317,1.4608540614365997,1.8828723064062758,1562.13612863613,1553.1112549122104
ucl-2013-14-052,2013-14,knockout_phase,,2013-09-17T00:00:00+00:00,date_only,fc-steaua-bucure-ti,chelsea-fc,FC Steaua Bucureşti (ROU),Chelsea FC (ENG),0,4,openfootball,2013-09-17T00:00:00+00:00,0.33440878972047994,0.2587265917602996,0.4068646185192204,1.2599642163451583,2.3642191031143494,1482.075302318474,1599.8325284185698
ucl-2013-14-053,2013-14,knockout_phase,,2013-09-17T00:00:00+00:00,date_only,fc-schalke-04,chelsea-fc,FC Schalke 04 (GER),Chelsea FC (ENG),0,3,openfootball,2013-09-17T00:00:00+00:00,0.3771375324854052,0.25870324189526184,0.36415922561933295,1.4706017671440867,1.9324218120911822,1574.589403383241,1618.383411842595
ucl-2013-14-054,2013-14,knockout_phase,,2013-09-17T00:00:00+00:00,date_only,fc-steaua-bucure-ti,fc-basel-1893,FC Steaua Bucureşti (ROU),FC Basel 1893 (SUI),1,1,openfootball,2013-09-17T00:00:00+00:00,0.3578463418165029,0.2586799501867995,0.38347370799669755,1.639055365607791,1.8014223741804336,1463.524418894449,1540.6579801650994
ucl-2013-14-055,2013-14,knockout_phase,,2013-09-17T00:00:00+00:00,date_only,chelsea-fc,fc-schalke-04,Chelsea FC (ENG),FC Schalke 04 (GER),3,0,openfootball,2013-09-17T00:00:00+00:00,0.4501075554561524,0.25865671641791044,0.2912357281259372,2.1599579203086336,1.2468215425409719,1638.6429779799164,1554.3298372459196
ucl-2013-14-056,2013-14,knockout_phase,,2013-09-17T00:00:00+00:00,date_only,fc-basel-1893,fc-steaua-bucure-ti,FC Basel 1893 (SUI),FC Steaua Bucureşti (ROU),1,1,openfootball,2013-09-17T00:00:00+00:00,0.44557554275571293,0.25863354037267083,0.29579091687161624,1.826280865043345,1.4492610222510383,1540.1454328414954,1464.0369662180528
ucl-2013-14-057,2013-14,knockout_phase,,2013-09-17T00:00:00+00:00,date_only,fc-basel-1893,chelsea-fc,FC Basel 1893 (SUI),Chelsea FC (ENG),1,0,openfootball,2013-09-17T00:00:00+00:00,0.3341407830708911,0.2586104218362283,0.4072487950928806,1.221403499075418,2.250305772168237,1537.1497403238136,1655.4655414333122
ucl-2013-14-058,2013-14,knockout_phase,,2013-09-17T00:00:00+00:00,date_only,fc-steaua-bucure-ti,fc-schalke-04,FC Steaua Bucureşti (ROU),FC Schalke 04 (GER),0,0,openfootball,2013-09-17T00:00:00+00:00,0.3617447260401094,0.2585873605947956,0.3796679133650951,1.1862711541193423,1.671983076704526,1467.0326587357347,1537.5072737925238
ucl-2013-14-059,2013-14,knockout_phase,,2013-09-17T00:00:00+00:00,date_only,fc-schalke-04,fc-basel-1893,FC Schalke 04 (GER),FC Basel 1893 (SUI),2,0,openfootball,2013-09-17T00:00:00+00:00,0.39012620116150715,0.25856435643564357,0.3513094424028493,1.5636525527732705,1.2835394962429219,1537.1488100460242,1558.6119005642533
ucl-2013-14-060,2013-14,knockout_phase,,2013-09-17T00:00:00+00:00,date_only,chelsea-fc,fc-steaua-bucure-ti,Chelsea FC (ENG),FC Steaua Bucureşti (ROU),1,0,openfootball,2013-09-17T00:00:00+00:00,0.49420539406974356,0.25854140914709517,0.2472531967831612,2.4657401006496698,0.8889251608595746,1634.0033811928724,1467.3911224822343
ucl-2013-14-061,2013-14,knockout_phase,,2013-09-17T00:00:00+00:00,date_only,olympique-marseille,arsenal-fc,Olympique Marseille (FRA),Arsenal FC (ENG),1,2,openfootball,2013-09-17T00:00:00+00:00,0.3595672772704584,0.2585185185185185,0.38191420421102307,1.2119342375268838,1.3187603022861851,1479.2124598450068,1553.5067594281306
ucl-2013-14-062,2013-14,knockout_phase,,2013-09-17T00:00:00+00:00,date_only,ssc-napoli,borussia-dortmund,SSC Napoli (ITA),Borussia Dortmund (GER),2,1,openfootball,2013-09-17T00:00:00+00:00,0.39262075112486494,0.25849568434032055,0.3488835645348145,1.5871430536214612,1.5299892608065349,1537.321882532933,1554.5279959649572
ucl-2013-14-063,2013-14,knockout_phase,,2013-09-17T00:00:00+00:00,date_only,borussia-dortmund,olympique-marseille,Borussia Dortmund (GER),Olympique Marseille (FRA),3,0,openfootball,2013-09-17T00:00:00+00:00,0.44546917413220205,0.2584729064039409,0.2960579194638571,1.5702162252876652,1.1753108907376097,1535.4027396967583,1459.6593983838181
ucl-2013-14-064,2013-14,knockout_phase,,2013-09-17T00:00:00+00:00,date_only,arsenal-fc,ssc-napoli,Arsenal FC (ENG),SSC Napoli (ITA),2,0,openfootball,2013-09-17T00:00:00+00:00,0.41209041193081963,0.258450184501845,0.3294594035673354,1.5569208248170794,1.4504633401463365,1573.0598208893193,1556.4471388011318
ucl-2013-14-065,2013-14,knockout_phase,,2013-09-17T00:00:00+00:00,date_only,arsenal-fc,borussia-dortmund,Arsenal FC (ENG),Borussia Dortmund (GER),1,2,openfootball,2013-09-17T00:00:00+00:00,0.4248530695526255,0.25842751842751843,0.3167194120198561,1.562750315355292,1.4099023118183305,1591.4072007220495,1552.4145146033914
ucl-2013-14-066,2013-14,knockout_phase,,2013-09-17T00:00:00+00:00,date_only,olympique-marseille,ssc-napoli,Olympique Marseille (FRA),SSC Napoli (ITA),1,2,openfootball,2013-09-17T00:00:00+00:00,0.34739190577570744,0.2584049079754601,0.39420318624883244,1.1313656446664102,1.4727256660850534,1442.647623477185,1538.0997589684016
ucl-2013-14-067,2013-14,knockout_phase,,2013-09-17T00:00:00+00:00,date_only,borussia-dortmund,arsenal-fc,Borussia Dortmund (GER),Arsenal FC (ENG),0,1,openfootball,2013-09-17T00:00:00+00:00,0.40566170798849815,0.2583823529411765,0.33595593907032534,1.5878585176318851,1.3866887956505893,1574.5771877540467,1569.2445275713942
ucl-2013-14-068,2013-14,knockout_phase,,2013-09-17T00:00:00+00:00,date_only,ssc-napoli,olympique-marseille,SSC Napoli (ITA),Olympique Marseille (FRA),3,2,openfootball,2013-09-17T00:00:00+00:00,0.47702825209633243,0.25835985312117504,0.26461189478249253,1.6896497368935761,0.994280210485139,1557.163533358939,1423.5838490866477
ucl-2013-14-069,2013-14,knockout_phase,,2013-09-17T00:00:00+00:00,date_only,arsenal-fc,olympique-marseille,Arsenal FC (ENG),Olympique Marseille (FRA),2,0,openfootball,2013-09-17T00:00:00+00:00,0.502612310724796,0.2583374083129584,0.23905028096224565,1.7135151928522632,0.9663643163064248,1590.6386429497577,1407.8321762329244
ucl-2013-14-070,2013-14,knockout_phase,,2013-09-17T00:00:00+00:00,date_only,borussia-dortmund,ssc-napoli,Borussia Dortmund (GER),SSC Napoli (ITA),3,1,openfootball,2013-09-17T00:00:00+00:00,0.39125749190553016,0.25831501831501835,0.3504274897794515,1.617842269421565,1.4702976130341765,1553.1830723756832,1572.9152062126623
ucl-2013-14-071,2013-14,knockout_phase,,2013-09-17T00:00:00+00:00,date_only,olympique-marseille,borussia-dortmund,Olympique Marseille (FRA),Borussia Dortmund (GER),1,2,openfootball,2013-09-17T00:00:00+00:00,0.29973972412132466,0.2582926829268293,0.44196759295184607,1.0988192486176396,1.683611267772555,1393.1034168281753,1572.3664723331617
ucl-2013-14-072,2013-14,knockout_phase,,2013-09-17T00:00:00+00:00,date_only,ssc-napoli,arsenal-fc,SSC Napoli (ITA),Arsenal FC (ENG),2,0,openfootball,2013-09-17T00:00:00+00:00,0.372814373217642,0.2582704019488429,0.36891522483351513,1.4299115130544857,1.534423730732882,1553.7318062551838,1605.3674023545068
ucl-2013-14-073,2013-14,knockout_phase,,2013-09-17T00:00:00+00:00,date_only,atl-tico-madrid,zenit-st-petersburg,Atlético Madrid (ESP),Zenit St. Petersburg (RUS),3,1,openfootball,2013-09-17T00:00:00+00:00,0.401444155288038,0.2582481751824818,0.3403076695294802,1.4039391696382135,1.1442772357180007,1500.0,1502.130139291287
ucl-2013-14-074,2013-14,knockout_phase,,2013-09-17T00:00:00+00:00,date_only,austria-wien,fc-porto,Austria Wien (AUT),FC Porto (POR),0,1,openfootball,2013-09-17T00:00:00+00:00,0.37444427671209174,0.25822600243013366,0.36732972085777454,1.0078535969419002,1.3182885510179083,1500.0,1548.8613979554339
ucl-2013-14-075,2013-14,knockout_phase,,2013-09-17T00:00:00+00:00,date_only,zenit-st-petersburg,austria-wien,Zenit St. Petersburg (RUS),Austria Wien (AUT),0,0,openfootball,2013-09-17T00:00:00+00:00,0.40470357249275546,0.25820388349514567,0.33709254401209887,1.2479126334362873,1.3101698932509702,1483.3528690064581,1479.8577088829136
ucl-2013-14-076,2013-14,knockout_phase,,2013-09-17T00:00:00+00:00,date_only,fc-porto,atl-tico-madrid,FC Porto (POR),Atlético Madrid (ESP),1,2,openfootball,2013-09-17T00:00:00+00:00,0.4313489448550011,0.2581818181818182,0.31046923696318074,1.411855348989743,0.9665157208082057,1569.0036890725203,1518.7772702848288
ucl-2013-14-077,2013-14,knockout_phase,,2013-09-17T00:00:00+00:00,date_only,fc-porto,zenit-st-petersburg,FC Porto (POR),Zenit St. Petersburg (RUS),0,1,openfootball,2013-09-17T00:00:00+00:00,0.43943187028732583,0.25815980629539953,0.3024083234172746,1.4550712053981991,0.9569430356814408,1546.5860949146838,1482.000648436845
ucl-2013-14-078,2013-14,knockout_phase,,2013-09-17T00:00:00+00:00,date_only,austria-wien,atl-tico-madrid,Austria Wien (AUT),Atlético Madrid (ESP),0,3,openfootball,2013-09-17T00:00:00+00:00,0.368041966946985,0.2581378476420798,0.37382018541093515,0.5700125541748846,1.5399899566600923,1481.2099294525267,1541.1948644426652
ucl-2013-14-079,2013-14,knockout_phase,,2013-09-17T00:00:00+00:00,date_only,zenit-st-petersburg,fc-porto,Zenit St. Petersburg (RUS),FC Porto (POR),1,1,openfootball,2013-09-17T00:00:00+00:00,0.3917251595077309,0.25811594202898547,0.35015889846328363,1.1040795794974692,1.218618689343201,1504.741119374246,1523.845623977283
ucl-2013-14-080,2013-14,knockout_phase,,2013-09-17T00:00:00+00:00,date_only,atl-tico-madrid,austria-wien,Atlético Madrid (ESP),Austria Wien (AUT),4,0,openfootball,2013-09-17T00:00:00+00:00,0.4589422047499909,0.2580940892641737,0.2829637059858354,2.203128171876317,0.2668307958322795,1561.0793000733863,1461.3254938218056
ucl-2013-14-081,2013-14,knockout_phase,,2013-09-17T00:00:00+00:00,date_only,zenit-st-petersburg,atl-tico-madrid,Zenit St. Petersburg (RUS),Atlético Madrid (ESP),1,1,openfootball,2013-09-17T00:00:00+00:00,0.36015683277804,0.2580722891566265,0.3817708780653335,1.0131705079248328,1.5945545027510428,1503.909794153357,1577.5597300981033
ucl-2013-14-082,2013-14,knockout_phase,,2013-09-17T00:00:00+00:00,date_only,fc-porto,austria-wien,FC Porto (POR),Austria Wien (AUT),1,1,openfootball,2013-09-17T00:00:00+00:00,0.4479936550464722,0.2580505415162455,0.2939558034372823,1.5047083893493873,0.7195060157932173,1524.6769491981718,1444.8450637970886
ucl-2013-14-083,2013-14,knockout_phase,,2013-09-17T00:00:00+00:00,date_only,atl-tico-madrid,fc-porto,Atlético Madrid (ESP),FC Porto (POR),2,0,openfootball,2013-09-17T00:00:00+00:00,0.4344271662939999,0.25802884615384614,0.30754398755215395,1.4579427141886412,1.0046458286490871,1577.1274491923573,1521.596192165988
ucl-2013-14-084,2013-14,knockout_phase,,2013-09-17T00:00:00+00:00,date_only,austria-wien,zenit-st-petersburg,Austria Wien (AUT),Zenit St. Petersburg (RUS),4,1,openfootball,2013-09-17T00:00:00+00:00,0.3701754229952686,0.2580072028811525,0.37181737412357896,1.0729864548084744,1.2459441694865536,1447.9258208292724,1504.342075059103
ucl-2013-14-085,2013-14,knockout_phase,,2013-09-17T00:00:00+00:00,date_only,fc-barcelona,afc-ajax,FC Barcelona (ESP),AFC Ajax (NED),4,0,openfootball,2013-09-17T00:00:00+00:00,0.49570842845536994,0.25798561151079136,0.24630596003383867,2.344010241310996,1.0263473625067587,1615.296405878018,1446.484116304823
ucl-2013-14-086,2013-14,knockout_phase,,2013-09-17T00:00:00+00:00,date_only,ac-milan,celtic-fc,AC Milan (ITA),Celtic FC (SCO),2,0,openfootball,2013-09-17T00:00:00+00:00,0.4146635974816994,0.25796407185628745,0.32737233066201316,1.598736977271792,1.2554719566441048,1508.0886165342304,1487.4503976542337
ucl-2013-14-087,2013-14,knockout_phase,,2013-09-17T00:00:00+00:00,date_only,afc-ajax,ac-milan,AFC Ajax (NED),AC Milan (ITA),1,1,openfootball,2013-09-17T00:00:00+00:00,0.3479442724585669,0.2579425837320574,0.3941131438093756,1.2284411453961805,1.7194970836830554,1431.4721656732536,1526.3427911978367
ucl-2013-14-088,2013-14,knockout_phase,,2013-09-17T00:00:00+00:00,date_only,celtic-fc,fc-barcelona,Celtic FC (SCO),FC Barcelona (ESP),0,1,openfootball,2013-09-17T00:00:00+00:00,0.3100785897153128,0.257921146953405,0.4320002633312821,1.0445634181459647,2.2250551478361693,1469.1962229906273,1630.3083565095874
ucl-2013-14-089,2013-14,knockout_phase,,2013-09-17T00:00:00+00:00,date_only,ac-milan,fc-barcelona,AC Milan (ITA),FC Barcelona (ESP),1,1,openfootball,2013-09-17T00:00:00+00:00,0.3320887658725215,0.2578997613365155,0.410011472790963,1.2136100828576706,1.8859814989312549,1525.4194137708205,1647.869923037268
ucl-2013-14-090,2013-14,knockout_phase,,2013-09-17T00:00:00+00:00,date_only,celtic-fc,afc-ajax,Celtic FC (SCO),AFC Ajax (NED),2,1,openfootball,2013-09-17T00:00:00+00:00,0.41391130177870106,0.25787842669845057,0.3282102715228483,1.6360325944688974,1.2788405910915488,1451.6346564629466,1432.3955431002698
ucl-2013-14-091,2013-14,knockout_phase,,2013-09-17T00:00:00+00:00,date_only,fc-barcelona,ac-milan,FC Barcelona (ESP),AC Milan (ITA),3,1,openfootball,2013-09-17T00:00:00+00:00,0.4697219331286526,0.2578571428571429,0.2724209240142045,1.990278000824758,1.1079442660068601,1646.3114688988992,1526.9778679091894
ucl-2013-14-092,2013-14,knockout_phase,,2013-09-17T00:00:00+00:00,date_only,afc-ajax,celtic-fc,AFC Ajax (NED),Celtic FC (SCO),1,0,openfootball,2013-09-17T00:00:00+00:00,0.37061177307181364,0.25783590963139125,0.3715523172967951,1.3427215424370669,1.5756689198965004,1414.1095637053868,1469.9206358578297
ucl-2013-14-093,2013-14,knockout_phase,,2013-09-17T00:00:00+00:00,date_only,afc-ajax,fc-barcelona,AFC Ajax (NED),FC Barcelona (ESP),2,1,openfootball,2013-09-17T00:00:00+00:00,0.27302762699807864,0.2578147268408551,0.46915764616106626,0.9752569836822755,2.2203398675996344,1434.1283745898863,1662.3654487166102
ucl-2013-14-094,2013-14,knockout_phase,,2013-09-17T00:00:00+00:00,date_only,celtic-fc,ac-milan,Celtic FC (SCO),AC Milan (ITA),0,3,openfootball,2013-09-17T00:00:00+00:00,0.3676114201001448,0.25779359430604987,0.37459498559380533,1.2456188689701708,1.452446081294452,1449.9018249733301,1510.9238880914784
ucl-2013-14-095,2013-14,knockout_phase,,2013-09-17T00:00:00+00:00,date_only,ac-milan,afc-ajax,AC Milan (ITA),AFC Ajax (NED),0,0,openfootball,2013-09-17T00:00:00+00:00,0.4442137681510878,0.25777251184834127,0.2980137200005709,1.7556110348403826,1.1515111721276938,1530.7842167816052,1458.0509749731461
ucl-2013-14-096,2013-14,knockout_phase,,2013-09-17T00:00:00+00:00,date_only,fc-barcelona,celtic-fc,FC Barcelona (ESP),Celtic FC (SCO),6,1,openfootball,2013-09-17T00:00:00+00:00,0.5157886334092565,0.2577514792899408,0.2264598873008027,2.2936677933751226,0.8610657652999019,1638.4428483333504,1430.0414962832033
ucl-2013-14-097,2013-14,knockout_phase,,2014-02-18T00:00:00+00:00,date_only,manchester-city,fc-barcelona,Manchester City (ENG),FC Barcelona (ESP),0,2,openfootball,2014-02-18T00:00:00+00:00,0.34569309203364873,0.2577304964539007,0.3965764115124506,1.4125487004362394,2.0659610396510084,1553.7147139346685,1652.6562734111812
ucl-2013-14-098,2013-14,knockout_phase,,2014-02-18T00:00:00+00:00,date_only,bayer-leverkusen,paris-saint-germain,Bayer Leverkusen (GER),Paris Saint-Germain (FRA),0,4,openfootball,2014-02-18T00:00:00+00:00,0.32770981519506087,0.2577095631641086,0.4145806216408305,1.0781296128023614,2.2201629764247777,1504.0714491066722,1634.3159137438386
ucl-2013-14-099,2013-14,knockout_phase,,2014-02-18T00:00:00+00:00,date_only,ac-milan,atl-tico-madrid,AC Milan (ITA),Atlético Madrid (ESP),0,1,openfootball,2014-02-18T00:00:00+00:00,0.36435408404895797,0.257688679245283,0.377957236705759,1.2643920251675622,1.5111530465326168,1527.860215818595,1594.5897856175204
ucl-2013-14-100,2013-14,knockout_phase,,2014-02-18T00:00:00+00:00,date_only,arsenal-fc,bayern-m-nchen,Arsenal FC (ENG),Bayern München (GER),0,2,openfootball,2014-02-18T00:00:00+00:00,0.29259881452489406,0.2576678445229682,0.44973334095213774,1.0706504726035129,2.0542944367320044,1585.4453853221894,1777.9981515313075
ucl-2013-14-101,2013-14,knockout_phase,,2014-02-18T00:00:00+00:00,date_only,zenit-st-petersburg,borussia-dortmund,Zenit St. Petersburg (RUS),Borussia Dortmund (GER),2,4,openfootball,2014-02-18T00:00:00+00:00,0.34211456907164894,0.25764705882352945,0.40023837210482155,1.2101005453444325,1.5812528970577873,1484.309236036537,1589.5219149565512
ucl-2013-14-102,2013-14,knockout_phase,,2014-02-18T00:00:00+00:00,date_only,olympiakos-piraeus,manchester-united,Olympiakos Piraeus (GRE),Manchester United (ENG),2,0,openfootball,2014-02-18T00:00:00+00:00,0.36072253542893074,0.2576263219741481,0.3816511425969211,1.295969334813614,1.5486982163596352,1529.0243056589338,1602.0716301983866
ucl-2013-14-103,2013-14,knockout_phase,,2014-02-18T00:00:00+00:00,date_only,galatasaray,chelsea-fc,Galatasaray (TUR),Chelsea FC (ENG),1,1,openfootball,2014-02-18T00:00:00+00:00,0.3372187474570119,0.25760563380281687,0.40517561874017116,1.2203316105225182,2.1246127603624734,1535.315928410748,1649.0643372471409
ucl-2013-14-104,2013-14,knockout_phase,,2014-02-18T00:00:00+00:00,date_only,fc-schalke-04,real-madrid,FC Schalke 04 (GER),Real Madrid (ESP),1,6,openfootball,2014-02-18T00:00:00+00:00,0.30554770453775737,0.2575849941383353,0.43686730132390744,1.1833725020307475,2.2947565438299473,1556.372474870851,1725.7800178884993
ucl-2013-14-105,2013-14,knockout_phase,,2014-02-18T00:00:00+00:00,date_only,atl-tico-madrid,ac-milan,Atlético Madrid (ESP),AC Milan (ITA),4,1,openfootball,2014-02-18T00:00:00+00:00,0.46278201656648077,0.25756440281030446,0.27965358062321477,1.6459878697438781,1.0542097042048977,1614.3177225643844,1508.132278871731
ucl-2013-14-106,2013-14,knockout_phase,,2014-02-18T00:00:00+00:00,date_only,bayern-m-nchen,arsenal-fc,Bayern München (GER),Arsenal FC (ENG),1,1,openfootball,2014-02-18T00:00:00+00:00,0.52462454347631,0.2575438596491228,0.21783159687456705,2.237127582864786,0.9205836479938857,1794.8554610027627,1568.5880758507342
ucl-2013-14-107,2013-14,knockout_phase,,2014-02-18T00:00:00+00:00,date_only,fc-barcelona,manchester-city,FC Barcelona (ESP),Manchester City (ENG),2,1,openfootball,2014-02-18T00:00:00+00:00,0.4793349417417494,0.2575233644859813,0.26314169377226926,2.2340885222478004,1.2287291822017596,1671.6386070216051,1534.7323803242446
ucl-2013-14-108,2013-14,knockout_phase,,2014-02-18T00:00:00+00:00,date_only,paris-saint-germain,bayer-leverkusen,Paris Saint-Germain (FRA),Bayer Leverkusen (GER),2,1,openfootball,2014-02-18T00:00:00+00:00,0.4949787368335866,0.25750291715285883,0.24751834601355452,2.5089746936494466,0.8888202450804429,1652.5784976149232,1485.8088652355875
ucl-2013-14-109,2013-14,knockout_phase,,2014-02-18T00:00:00+00:00,date_only,chelsea-fc,galatasaray,Chelsea FC (ENG),Galatasaray (TUR),2,0,openfootball,2014-02-18T00:00:00+00:00,0.46546746943906103,0.2574825174825175,0.2770500130784215,2.212525111654222,1.1120264223045295,1647.7051998214777,1536.6750658364112
ucl-2013-14-110,2013-14,knockout_phase,,2014-02-18T00:00:00+00:00,date_only,real-madrid,fc-schalke-04,Real Madrid (ESP),FC Schalke 04 (GER),3,1,openfootball,2014-02-18T00:00:00+00:00,0.513895121853628,0.25746216530849825,0.2286427128378737,2.637955052911691,1.0595490011489086,1743.1536259527763,1538.998866806574
ucl-2013-14-111,2013-14,knockout_phase,,2014-02-18T00:00:00+00:00,date_only,manchester-united,olympiakos-piraeus,Manchester United (ENG),Olympiakos Piraeus (GRE),3,0,openfootball,2014-02-18T00:00:00+00:00,0.42156091563795595,0.2574418604651163,0.32099722389692775,1.5718418168772779,1.2535265464981777,1581.6530580550268,1549.4428778022937
ucl-2013-14-112,2013-14,knockout_phase,,2014-02-18T00:00:00+00:00,date_only,borussia-dortmund,zenit-st-petersburg,Borussia Dortmund (GER),Zenit St. Petersburg (RUS),1,2,openfootball,2014-02-18T00:00:00+00:00,0.4825678178935813,0.25742160278745646,0.2600105793189622,1.8560943822613174,1.1175074729143504,1608.3594388958877,1465.4717120972005
ucl-2013-14-113,2013-14,knockout_phase,,2014-02-18T00:00:00+00:00,date_only,fc-barcelona,atl-tico-madrid,FC Barcelona (ESP),Atlético Madrid (ESP),1,1,openfootball,2014-02-18T00:00:00+00:00,0.4354298149861783,0.2574013921113689,0.3071687929024528,2.0922163235139135,1.287226941188869,1687.3147420622156,1630.6551538455192
ucl-2013-14-114,2013-14,knockout_phase,,2014-02-18T00:00:00+00:00,date_only,manchester-united,bayern-m-nchen,Manchester United (ENG),Bayern München (GER),1,1,openfootball,2014-02-18T00:00:00+00:00,0.29463971452132387,0.25738122827346466,0.44797905720521153,1.1588637232198034,1.9653375928527286,1599.6417842202063,1788.719602070728
ucl-2013-14-115,2013-14,knockout_phase,,2014-02-18T00:00:00+00:00,date_only,real-madrid,borussia-dortmund,Real Madrid (ESP),Borussia Dortmund (GER),3,0,openfootball,2014-02-18T00:00:00+00:00,0.49855277890035377,0.25736111111111115,0.24408610998853508,2.383260970836665,1.2741369860425324,1757.4485777724612,1583.9082941243953
ucl-2013-14-116,2013-14,knockout_phase,,2014-02-18T00:00:00+00:00,date_only,paris-saint-germain,chelsea-fc,Paris Saint-Germain (FRA),Chelsea FC (ENG),3,1,openfootball,2014-02-18T00:00:00+00:00,0.405287823582648,0.2573410404624278,0.33737113595492424,1.6786325881424369,1.619760596152717,1667.6292897985227,1663.9368506942649
ucl-2013-14-117,2013-14,knockout_phase,,2014-02-18T00:00:00+00:00,date_only,borussia-dortmund,real-madrid,Borussia Dortmund (GER),Real Madrid (ESP),2,0,openfootball,2014-02-18T00:00:00+00:00,0.28676694381635365,0.2573210161662818,0.45591204001736463,1.2947942810056396,2.2831153948676195,1568.9976275026318,1772.3592443942248
ucl-2013-14-118,2013-14,knockout_phase,,2014-02-18T00:00:00+00:00,date_only,chelsea-fc,paris-saint-germain,Chelsea FC (ENG),Paris Saint-Germain (FRA),2,0,openfootball,2014-02-18T00:00:00+00:00,0.3794855068039975,0.25730103806228377,0.3632134551337187,1.6815982045184397,1.6443384576618438,1645.2951844468193,1686.2709560459682
ucl-2013-14-119,2013-14,knockout_phase,,2014-02-18T00:00:00+00:00,date_only,atl-tico-madrid,fc-barcelona,Atlético Madrid (ESP),FC Barcelona (ESP),1,0,openfootball,2014-02-18T00:00:00+00:00,0.3733733865213527,0.2572811059907834,0.36934550748786393,1.3865828534126865,1.9153051458412793,1633.2203742871936,1684.7495216205411
ucl-2013-14-120,2013-14,knockout_phase,,2014-02-18T00:00:00+00:00,date_only,bayern-m-nchen,manchester-united,Bayern München (GER),Manchester United (ENG),3,1,openfootball,2014-02-18T00:00:00+00:00,0.503411471499176,0.25726121979286537,0.2393273087079586,2.0827983643721786,1.0676923429850158,1785.6528152170501,1602.708571073884
ucl-2013-14-121,2013-14,knockout_phase,,2014-02-18T00:00:00+00:00,date_only,atl-tico-madrid,chelsea-fc,Atlético Madrid (ESP),Chelsea FC (ENG),0,0,openfootball,2014-02-18T00:00:00+00:00,0.39639212382426275,0.25724137931034485,0.3463664968653924,1.4691160867186173,1.7258353357533112,1653.1398167065238,1664.9697434134139
ucl-2013-14-122,2013-14,knockout_phase,,2014-02-18T00:00:00+00:00,date_only,real-madrid,bayern-m-nchen,Real Madrid (ESP),Bayern München (GER),1,0,openfootball,2014-02-18T00:00:00+00:00,0.37348127360803396,0.2572215843857635,0.36929714200620256,1.8485995801860535,1.7914060501368712,1748.9763424702046,1800.3711319612257
ucl-2013-14-123,2013-14,knockout_phase,,2014-02-18T00:00:00+00:00,date_only,bayern-m-nchen,real-madrid,Bayern München (GER),Real Madrid (ESP),0,4,openfootball,2014-02-18T00:00:00+00:00,0.4098871661957664,0.25720183486238535,0.3329109989418483,1.8379684622959118,1.742291896829937,1780.4548145932624,1768.892659838168
ucl-2013-14-124,2013-14,knockout_phase,,2014-02-18T00:00:00+00:00,date_only,chelsea-fc,atl-tico-madrid,Chelsea FC (ENG),Atlético Madrid (ESP),1,3,openfootball,2014-02-18T00:00:00+00:00,0.4112000588286306,0.2571821305841925,0.33161781058717693,1.7656721346177853,1.2834622923057717,1665.9702559525913,1652.1393041673464
ucl-2013-14-125,2013-14,knockout_phase,,2014-02-18T00:00:00+00:00,date_only,real-madrid,atl-tico-madrid,Real Madrid (ESP),Atlético Madrid (ESP),4,1,openfootball,2014-02-18T00:00:00+00:00,0.46874036313636047,0.257162471395881,0.27409716546775853,2.363084361709226,1.2346991772992861,1790.4321831832463,1673.7309491321755
ucl-2014-15-001,2014-15,knockout_phase,,2014-09-16T00:00:00+00:00,date_only,olympiakos-piraeus,atl-tico-madrid,Olympiakos Piraeus (GRE),Atlético Madrid (ESP),3,2,openfootball,2014-09-16T00:00:00+00:00,0.33029416668866673,0.2571428571428571,0.4125629761684761,1.1966767972778207,1.6598706833898647,1531.4541516371141,1657.6238130855475
ucl-2014-15-002,2014-15,knockout_phase,,2014-09-16T00:00:00+00:00,date_only,juventus,malm-ff,Juventus (ITA),Malmö FF (SWE),2,0,openfootball,2014-09-16T00:00:00+00:00,0.42849384752229913,0.2571232876712329,0.31438286480646804,1.78174395251795,1.0331048379856402,1544.0927430215397,1500.0
ucl-2014-15-003,2014-15,knockout_phase,,2014-09-16T00:00:00+00:00,date_only,atl-tico-madrid,juventus,Atlético Madrid (ESP),Juventus (ITA),1,0,openfootball,2014-09-16T00:00:00+00:00,0.4454140105672016,0.25710376282782216,0.2974822266049763,1.63341949783308,1.2731353694754715,1635.9784368959513,1561.8105233672231
ucl-2014-15-004,2014-15,knockout_phase,,2014-09-16T00:00:00+00:00,date_only,malm-ff,olympiakos-piraeus,Malmö FF (SWE),Olympiakos Piraeus (GRE),2,0,openfootball,2014-09-16T00:00:00+00:00,0.36227931586983936,0.2570842824601367,0.3806364016700239,1.3337128492502779,1.5926660842361413,1482.2822196543166,1553.0995278267103
ucl-2014-15-005,2014-15,knockout_phase,,2014-09-16T00:00:00+00:00,date_only,atl-tico-madrid,malm-ff,Atlético Madrid (ESP),Malmö FF (SWE),5,0,openfootball,2014-09-16T00:00:00+00:00,0.48673865681792106,0.2570648464163823,0.25619649676569667,2.0688381116366945,0.7821059812788795,1653.0198012167068,1502.6493613703203
ucl-2014-15-006,2014-15,knockout_phase,,2014-09-16T00:00:00+00:00,date_only,olympiakos-piraeus,juventus,Olympiakos Piraeus (GRE),Juventus (ITA),1,0,openfootball,2014-09-16T00:00:00+00:00,0.39637716567409226,0.2570454545454546,0.34657737978045317,1.3599693558868657,1.4580245152905074,1532.7323861107066,1544.7691590464676
ucl-2014-15-007,2014-15,knockout_phase,,2014-09-16T00:00:00+00:00,date_only,malm-ff,atl-tico-madrid,Malmö FF (SWE),Atlético Madrid (ESP),0,2,openfootball,2014-09-16T00:00:00+00:00,0.2991978702732331,0.25702610669693526,0.4437760230298317,0.7585163896736117,2.278660572471637,1487.2602045713647,1668.4089580156624
ucl-2014-15-008,2014-15,knockout_phase,,2014-09-16T00:00:00+00:00,date_only,juventus,olympiakos-piraeus,Juventus (ITA),Olympiakos Piraeus (GRE),3,2,openfootball,2014-09-16T00:00:00+00:00,0.388335189183136,0.25700680272108845,0.3546580080957756,1.4793096845953033,1.2554093951809004,1525.7651547643404,1551.7363903928338
ucl-2014-15-009,2014-15,knockout_phase,,2014-09-16T00:00:00+00:00,date_only,atl-tico-madrid,olympiakos-piraeus,Atlético Madrid (ESP),Olympiakos Piraeus (GRE),4,0,openfootball,2014-09-16T00:00:00+00:00,0.48822318317982755,0.2569875424688562,0.2547892743513163,1.9305163800565839,1.06866006668644,1685.5173949605305,1532.409934014581
ucl-2014-15-010,2014-15,knockout_phase,,2014-09-16T00:00:00+00:00,date_only,malm-ff,juventus,Malmö FF (SWE),Juventus (ITA),0,2,openfootball,2014-09-16T00:00:00+00:00,0.3599446314435534,0.25696832579185525,0.3830870427645914,1.0158834637365861,1.7166265623440644,1470.1517676264966,1545.0916111425931
ucl-2014-15-011,2014-15,knockout_phase,,2014-09-16T00:00:00+00:00,date_only,juventus,atl-tico-madrid,Juventus (ITA),Atlético Madrid (ESP),0,0,openfootball,2014-09-16T00:00:00+00:00,0.32462804584413407,0.2569491525423729,0.41842280161349305,1.185970551264023,1.6549158666810893,1564.6287629161725,1700.8487167839603
ucl-2014-15-012,2014-15,knockout_phase,,2014-09-16T00:00:00+00:00,date_only,olympiakos-piraeus,malm-ff,Olympiakos Piraeus (GRE),Malmö FF (SWE),4,2,openfootball,2014-09-16T00:00:00+00:00,0.4412130998394235,0.2569300225733634,0.30185687758721313,1.7087199969485285,1.255690669107844,1517.0786121911513,1450.6146158529173
ucl-2014-15-013,2014-15,knockout_phase,,2014-09-16T00:00:00+00:00,date_only,real-madrid,fc-basel-1893,Real Madrid (ESP),FC Basel 1893 (SUI),5,1,openfootball,2014-09-16T00:00:00+00:00,0.5442222136297715,0.2569109357384442,0.19886685063178416,2.773998451928314,0.9199384933593094,1806.5393192298743,1539.3882357394266
ucl-2014-15-014,2014-15,knockout_phase,,2014-09-16T00:00:00+00:00,date_only,liverpool-fc,pfc-ludogorets-razgrad,Liverpool FC (ENG),PFC Ludogorets Razgrad (BUL),2,1,openfootball,2014-09-16T00:00:00+00:00,0.4034061073196765,0.25689189189189193,0.3397020007884316,1.5699999999999998,1.2,1500.0,1500.0
ucl-2014-15-015,2014-15,knockout_phase,,2014-09-16T00:00:00+00:00,date_only,fc-basel-1893,liverpool-fc,FC Basel 1893 (SUI),Liverpool FC (ENG),1,0,openfootball,2014-09-16T00:00:00+00:00,0.40777407138268473,0.25687289088863896,0.3353530377286763,1.3138078542750096,1.8699537165799924,1526.2953429993863,1518.725917869375
ucl-2014-15-016,2014-15,knockout_phase,,2014-09-16T00:00:00+00:00,date_only,pfc-ludogorets-razgrad,real-madrid,PFC Ludogorets Razgrad (BUL),Real Madrid (ESP),1,2,openfootball,2014-09-16T00:00:00+00:00,0.21702878622841237,0.25685393258426964,0.526117281187318,0.8893169430826433,2.9948028557902955,1481.274082130625,1819.6322119699146
ucl-2014-15-017,2014-15,knockout_phase,,2014-09-16T00:00:00+00:00,date_only,pfc-ludogorets-razgrad,fc-basel-1893,PFC Ludogorets Razgrad (BUL),FC Basel 1893 (SUI),1,0,openfootball,2014-09-16T00:00:00+00:00,0.3585875905307641,0.25683501683501686,0.38457739263421903,1.7221741080862474,1.3293718246421131,1467.455852029803,1544.8469223263062
ucl-2014-15-018,2014-15,knockout_phase,,2014-09-16T00:00:00+00:00,date_only,liverpool-fc,real-madrid,Liverpool FC (ENG),Real Madrid (ESP),0,3,openfootball,2014-09-16T00:00:00+00:00,0.2194881089531153,0.25681614349775783,0.5236957475491268,0.8910504015313104,2.905110898287147,1500.1743385424552,1833.4504420707365
ucl-2014-15-019,2014-15,knockout_phase,,2014-09-16T00:00:00+00:00,date_only,fc-basel-1893,pfc-ludogorets-razgrad,FC Basel 1893 (SUI),PFC Ludogorets Razgrad (BUL),4,0,openfootball,2014-09-16T00:00:00+00:00,0.42428518333469667,0.2567973124300112,0.3189175042352922,1.3002928985103037,1.5757656811917569,1524.327126284237,1487.9756480718722
ucl-2014-15-020,2014-15,knockout_phase,,2014-09-16T00:00:00+00:00,date_only,real-madrid,liverpool-fc,Real Madrid (ESP),Liverpool FC (ENG),1,0,openfootball,2014-09-16T00:00:00+00:00,0.5840915688663075,0.2567785234899329,0.1591299076437595,3.118597583591685,0.7592614680103728,1847.3662892988164,1486.2584913143755
ucl-2014-15-021,2014-15,knockout_phase,,2014-09-16T00:00:00+00:00,date_only,fc-basel-1893,real-madrid,FC Basel 1893 (SUI),Real Madrid (ESP),0,1,openfootball,2014-09-16T00:00:00+00:00,0.22762713147178895,0.2567597765363129,0.5156130919918982,0.9408730265684341,2.60092869738932,1542.219772702249,1858.8670560743653
ucl-2014-15-022,2014-15,knockout_phase,,2014-09-16T00:00:00+00:00,date_only,pfc-ludogorets-razgrad,liverpool-fc,PFC Ludogorets Razgrad (BUL),Liverpool FC (ENG),2,2,openfootball,2014-09-16T00:00:00+00:00,0.4007918145201647,0.25674107142857144,0.3424671140512639,1.2411043975958616,1.253116481923311,1470.0830016538603,1474.7577245388266
ucl-2014-15-023,2014-15,knockout_phase,,2014-09-16T00:00:00+00:00,date_only,liverpool-fc,fc-basel-1893,Liverpool FC (ENG),FC Basel 1893 (SUI),1,1,openfootball,2014-09-16T00:00:00+00:00,0.3733487443282035,0.25672240802675583,0.3699288476450407,1.4932872721962944,1.3263701822429643,1475.9242185482046,1527.9794919126512
ucl-2014-15-024,2014-15,knockout_phase,,2014-09-16T00:00:00+00:00,date_only,real-madrid,pfc-ludogorets-razgrad,Real Madrid (ESP),PFC Ludogorets Razgrad (BUL),4,0,openfootball,2014-09-16T00:00:00+00:00,0.600341566365985,0.2567037861915367,0.1429546474424783,3.073846967611979,0.7092628514423318,1873.1073368639632,1468.9165076444822
ucl-2014-15-025,2014-15,knockout_phase,,2014-09-16T00:00:00+00:00,date_only,as-monaco,bayer-leverkusen,AS Monaco (FRA),Bayer Leverkusen (GER),1,0,openfootball,2014-09-16T00:00:00+00:00,0.42029733417664916,0.2566852057842047,0.3230174600391462,2.269368272456677,1.2305053820346588,1500.0,1470.758073051988
ucl-2014-15-026,2014-15,knockout_phase,,2014-09-16T00:00:00+00:00,date_only,sl-benfica,zenit-st-petersburg,SL Benfica (POR),Zenit St. Petersburg (RUS),0,2,openfootball,2014-09-16T00:00:00+00:00,0.43323350874146654,0.2566666666666667,0.31009982459186675,1.4815171790737547,1.0562408021955416,1541.9252899390167,1489.9228568686929
ucl-2014-15-027,2014-15,knockout_phase,,2014-09-16T00:00:00+00:00,date_only,zenit-st-petersburg,as-monaco,Zenit St. Petersburg (RUS),AS Monaco (FRA),0,0,openfootball,2014-09-16T00:00:00+00:00,0.4002680509454922,0.25664816870144286,0.34308378035306497,1.2402759400286958,1.3787792479770433,1512.385530551685,1518.0544025172499
ucl-2014-15-028,2014-15,knockout_phase,,2014-09-16T00:00:00+00:00,date_only,bayer-leverkusen,sl-benfica,Bayer Leverkusen (GER),SL Benfica (POR),3,1,openfootball,2014-09-16T00:00:00+00:00,0.3648568102342862,0.256629711751663,0.3785134780140509,1.1893675452322614,1.5695059638141908,1452.7036705347382,1519.4626162560246
ucl-2014-15-029,2014-15,knockout_phase,,2014-09-16T00:00:00+00:00,date_only,as-monaco,sl-benfica,AS Monaco (FRA),SL Benfica (POR),0,0,openfootball,2014-09-16T00:00:00+00:00,0.41505891045329046,0.2566112956810631,0.3283297938656464,1.2520584529085061,1.0251224684424258,1519.1980879290984,1499.1894829004293
ucl-2014-15-030,2014-15,knockout_phase,,2014-09-16T00:00:00+00:00,date_only,bayer-leverkusen,zenit-st-petersburg,Bayer Leverkusen (GER),Zenit St. Petersburg (RUS),2,0,openfootball,2014-09-16T00:00:00+00:00,0.3814207680688766,0.2565929203539823,0.3619863115771411,1.3976362751492237,1.5255100274996687,1472.9768038903335,1511.2418451398364
ucl-2014-15-031,2014-15,knockout_phase,,2014-09-16T00:00:00+00:00,date_only,zenit-st-petersburg,bayer-leverkusen,Zenit St. Petersburg (RUS),Bayer Leverkusen (GER),1,2,openfootball,2014-09-16T00:00:00+00:00,0.40302621429156227,0.2565745856353591,0.34039920007307856,1.5510201980758258,1.341547477902976,1491.6305342696712,1492.5881147604987
ucl-2014-15-032,2014-15,knockout_phase,,2014-09-16T00:00:00+00:00,date_only,sl-benfica,as-monaco,SL Benfica (POR),AS Monaco (FRA),1,0,openfootball,2014-09-16T00:00:00+00:00,0.3940334875199715,0.25655629139072844,0.34941022108930003,1.0705028473147449,1.0467405792910616,1500.924065232182,1517.4635055973456
ucl-2014-15-033,2014-15,knockout_phase,,2014-09-16T00:00:00+00:00,date_only,zenit-st-petersburg,sl-benfica,Zenit St. Petersburg (RUS),SL Benfica (POR),1,0,openfootball,2014-09-16T00:00:00+00:00,0.37483625327061015,0.25653803748621834,0.36862570924317156,1.1555450719911877,1.263871634714742,1470.3779939853016,1520.0315999035686
ucl-2014-15-034,2014-15,knockout_phase,,2014-09-16T00:00:00+00:00,date_only,bayer-leverkusen,as-monaco,Bayer Leverkusen (GER),AS Monaco (FRA),0,1,openfootball,2014-09-16T00:00:00+00:00,0.4125159606145671,0.25651982378854626,0.3309642155968867,1.2995705700990912,1.5730102105873938,1513.8406550448683,1498.3559709259591
ucl-2014-15-035,2014-15,knockout_phase,,2014-09-16T00:00:00+00:00,date_only,as-monaco,zenit-st-petersburg,AS Monaco (FRA),Zenit St. Petersburg (RUS),2,0,openfootball,2014-09-16T00:00:00+00:00,0.4206815803185916,0.2565016501650165,0.3228167695163918,1.3322776856013,0.91767785151896,1519.9870058263127,1490.2537831047528
ucl-2014-15-036,2014-15,knockout_phase,,2014-09-16T00:00:00+00:00,date_only,sl-benfica,bayer-leverkusen,SL Benfica (POR),Bayer Leverkusen (GER),0,0,openfootball,2014-09-16T00:00:00+00:00,0.40820449336250214,0.2564835164835165,0.33531199015398133,1.501621825533002,1.161369206240265,1500.1558107841174,1492.2096201445147
ucl-2014-15-037,2014-15,knockout_phase,,2014-09-16T00:00:00+00:00,date_only,borussia-dortmund,arsenal-fc,Borussia Dortmund (GER),Arsenal FC (ENG),2,0,openfootball,2014-09-16T00:00:00+00:00,0.41379212986424335,0.2564654226125137,0.32974244752324294,1.5875440175491478,1.3278515784135119,1592.380529426652,1574.723934782769
ucl-2014-15-038,2014-15,knockout_phase,,2014-09-16T00:00:00+00:00,date_only,galatasaray,rsc-anderlecht,Galatasaray (TUR),RSC Anderlecht (BEL),1,1,openfootball,2014-09-16T00:00:00+00:00,0.48164457579385384,0.25644736842105265,0.2619080557850935,1.8699567832988944,1.2067012400275512,1520.443414963624,1380.4952750049508
ucl-2014-15-039,2014-15,knockout_phase,,2014-09-16T00:00:00+00:00,date_only,arsenal-fc,galatasaray,Arsenal FC (ENG),Galatasaray (TUR),4,1,openfootball,2014-09-16T00:00:00+00:00,0.42677286111953094,0.25642935377875137,0.31679778510171763,1.6081756577672381,1.2230958374225733,1556.404928429589,1516.048684563449
ucl-2014-15-040,2014-15,knockout_phase,,2014-09-16T00:00:00+00:00,date_only,rsc-anderlecht,borussia-dortmund,RSC Anderlecht (BEL),Borussia Dortmund (GER),0,3,openfootball,2014-09-16T00:00:00+00:00,0.27485693486977275,0.25641137855579865,0.4687316865744286,1.0481044611218535,1.9412373613350753,1384.890005405126,1610.6995357798319
ucl-2014-15-041,2014-15,knockout_phase,,2014-09-16T00:00:00+00:00,date_only,rsc-anderlecht,arsenal-fc,RSC Anderlecht (BEL),Arsenal FC (ENG),1,2,openfootball,2014-09-16T00:00:00+00:00,0.2859823013466034,0.25639344262295083,0.45762425603044576,0.9738017279416551,1.7869586176466759,1368.767500439219,1574.2054269092328
ucl-2014-15-042,2014-15,knockout_phase,,2014-09-16T00:00:00+00:00,date_only,galatasaray,borussia-dortmund,Galatasaray (TUR),Borussia Dortmund (GER),0,4,openfootball,2014-09-16T00:00:00+00:00,0.3292563127034699,0.2563755458515284,0.4143681414450017,1.267757081899369,1.830813942323642,1498.2481860838052,1626.8220407457388
ucl-2014-15-043,2014-15,knockout_phase,,2014-09-16T00:00:00+00:00,date_only,arsenal-fc,rsc-anderlecht,Arsenal FC (ENG),RSC Anderlecht (BEL),3,3,openfootball,2014-09-16T00:00:00+00:00,0.5313434004052504,0.2563576881134133,0.2122989114813363,1.9854768735688832,0.8647613582877505,1590.7725878155559,1352.200339532896
ucl-2014-15-044,2014-15,knockout_phase,,2014-09-16T00:00:00+00:00,date_only,borussia-dortmund,galatasaray,Borussia Dortmund (GER),Galatasaray (TUR),4,1,openfootball,2014-09-16T00:00:00+00:00,0.49492693342252975,0.25633986928104574,0.24873319729642457,2.08782983050551,1.0974342488031392,1645.119804170908,1479.950422658636
ucl-2014-15-045,2014-15,knockout_phase,,2014-09-16T00:00:00+00:00,date_only,arsenal-fc,borussia-dortmund,Arsenal FC (ENG),Borussia Dortmund (GER),2,0,openfootball,2014-09-16T00:00:00+00:00,0.3597559865364118,0.2563220892274211,0.38392192423616706,1.3846986596162592,1.640700088700435,1584.3916980370775,1660.1959294483859
ucl-2014-15-046,2014-15,knockout_phase,,2014-09-16T00:00:00+00:00,date_only,rsc-anderlecht,galatasaray,RSC Anderlecht (BEL),Galatasaray (TUR),2,0,openfootball,2014-09-16T00:00:00+00:00,0.34210957152381216,0.25630434782608696,0.4015860806501009,1.5314224432751802,1.6761252032745928,1358.5812293113743,1464.8742973811582
ucl-2014-15-047,2014-15,knockout_phase,,2014-09-16T00:00:00+00:00,date_only,galatasaray,arsenal-fc,Galatasaray (TUR),Arsenal FC (ENG),1,4,openfootball,2014-09-16T00:00:00+00:00,0.3107174070349586,0.25628664495114006,0.43299594801390134,1.177982484313992,1.8189986279334216,1443.6847671986325,1604.8750167910725
ucl-2014-15-048,2014-15,knockout_phase,,2014-09-16T00:00:00+00:00,date_only,borussia-dortmund,rsc-anderlecht,Borussia Dortmund (GER),RSC Anderlecht (BEL),1,1,openfootball,2014-09-16T00:00:00+00:00,0.5413911588963948,0.2562689804772234,0.20233986062638187,2.218971150510213,0.9443524913565355,1639.7126106943908,1379.7707594939
ucl-2014-15-049,2014-15,knockout_phase,,2014-09-16T00:00:00+00:00,date_only,as-roma,cska-moskva,AS Roma (ITA),CSKA Moskva (RUS),5,1,openfootball,2014-09-16T00:00:00+00:00,0.45089996588202796,0.2562513542795233,0.29284867983844876,2.3321143389141255,1.301737100297271,1500.0,1416.8913647316208
ucl-2014-15-050,2014-15,knockout_phase,,2014-09-16T00:00:00+00:00,date_only,bayern-m-nchen,manchester-city,Bayern München (GER),Manchester City (ENG),1,0,openfootball,2014-09-16T00:00:00+00:00,0.5320415045704715,0.25623376623376626,0.21172472919576227,2.3198825383037915,1.0814732797017943,1758.915291248184,1519.056245283634
ucl-2014-15-051,2014-15,knockout_phase,,2014-09-16T00:00:00+00:00,date_only,cska-moskva,bayern-m-nchen,CSKA Moskva (RUS),Bayern München (GER),0,1,openfootball,2014-09-16T00:00:00+00:00,0.20119872437711708,0.2562162162162162,0.5425850594066667,0.8651750844820575,2.4890451175995394,1400.0523904524923,1772.50895574069
ucl-2014-15-052,2014-15,knockout_phase,,2014-09-16T00:00:00+00:00,date_only,manchester-city,as-roma,Manchester City (ENG),AS Roma (ITA),1,1,openfootball,2014-09-16T00:00:00+00:00,0.39721091182431933,0.25619870410367174,0.34659038407200893,1.7468833084569697,1.6894024441435154,1505.4625807911282,1516.8389742791285
ucl-2014-15-053,2014-15,knockout_phase,,2014-09-16T00:00:00+00:00,date_only,cska-moskva,manchester-city,CSKA Moskva (RUS),Manchester City (ENG),2,2,openfootball,2014-09-16T00:00:00+00:00,0.3356648041210983,0.2561812297734628,0.40815396610543886,1.4167617978694307,1.9731168774939287,1386.8801171530833,1504.450170236082
ucl-2014-15-054,2014-15,knockout_phase,,2014-09-16T00:00:00+00:00,date_only,as-roma,bayern-m-nchen,AS Roma (ITA),Bayern München (GER),1,7,openfootball,2014-09-16T00:00:00+00:00,0.25260410580137493,0.2561637931034483,0.4912321010951768,0.9206179869712535,2.2976008485182353,1517.8513848341747,1785.681229040099
ucl-2014-15-055,2014-15,knockout_phase,,2014-09-16T00:00:00+00:00,date_only,bayern-m-nchen,as-roma,Bayern München (GER),AS Roma (ITA),2,0,openfootball,2014-09-16T00:00:00+00:00,0.5586426833583013,0.2561463939720129,0.1852109226696859,2.709479694570901,0.8238707897978246,1800.908669134223,1502.6239447400508
ucl-2014-15-056,2014-15,knockout_phase,,2014-09-16T00:00:00+00:00,date_only,manchester-city,cska-moskva,Manchester City (ENG),CSKA Moskva (RUS),1,2,openfootball,2014-09-16T00:00:00+00:00,0.46829242668116955,0.25612903225806455,0.27557854106076596,2.115558738836354,1.3485530089309168,1503.000386996395,1388.3299003927702
ucl-2014-15-057,2014-15,knockout_phase,,2014-09-16T00:00:00+00:00,date_only,cska-moskva,as-roma,CSKA Moskva (RUS),AS Roma (ITA),1,1,openfootball,2014-09-16T00:00:00+00:00,0.35863631977121435,0.25611170784103116,0.38525197238775455,1.6459854227018869,2.142848025474854,1412.1841781051783,1490.0925799538231
ucl-2014-15-058,2014-15,knockout_phase,,2014-09-16T00:00:00+00:00,date_only,manchester-city,bayern-m-nchen,Manchester City (ENG),Bayern München (GER),3,2,openfootball,2014-09-16T00:00:00+00:00,0.21920915838689922,0.2560944206008584,0.5246964210122423,1.0080883961362805,2.238014131575824,1479.146109283987,1813.4400339204506
ucl-2014-15-059,2014-15,knockout_phase,,2014-09-16T00:00:00+00:00,date_only,as-roma,manchester-city,AS Roma (ITA),Manchester City (ENG),0,2,openfootball,2014-09-16T00:00:00+00:00,0.3947760596723372,0.2560771704180065,0.3491467699096563,1.6735870103041655,1.810463725090001,1489.5602669014922,1505.2558545364939
ucl-2014-15-060,2014-15,knockout_phase,,2014-09-16T00:00:00+00:00,date_only,bayern-m-nchen,cska-moskva,Bayern München (GER),CSKA Moskva (RUS),3,0,openfootball,2014-09-16T00:00:00+00:00,0.5898758962112627,0.25605995717344754,0.15406414661528983,2.657984616204932,0.814773597358635,1787.3302886679437,1412.7164911575092
ucl-2014-15-061,2014-15,knockout_phase,,2014-09-16T00:00:00+00:00,date_only,afc-ajax,paris-saint-germain,AFC Ajax (NED),Paris Saint-Germain (FRA),1,1,openfootball,2014-09-16T00:00:00+00:00,0.28601620057207455,0.2560427807486631,0.4579410186792623,0.8960172367666172,2.1107651579551274,1460.9749759361564,1666.5963970793737
ucl-2014-15-062,2014-15,knockout_phase,,2014-09-16T00:00:00+00:00,date_only,fc-barcelona,apoel-nikosia,FC Barcelona (ESP),APOEL Nikosia (CYP),1,0,openfootball,2014-09-16T00:00:00+00:00,0.504385317318923,0.25602564102564107,0.23958904165543593,2.3635865216467455,0.9460398735916945,1664.830079201211,1481.6171623160255
ucl-2014-15-063,2014-15,knockout_phase,,2014-09-16T00:00:00+00:00,date_only,apoel-nikosia,afc-ajax,APOEL Nikosia (CYP),AFC Ajax (NED),1,1,openfootball,2014-09-16T00:00:00+00:00,0.4053273652709428,0.256008537886873,0.3386640968421841,1.5554163462758295,1.2983335896460033,1466.9130878292954,1464.4134722983001
ucl-2014-15-064,2014-15,knockout_phase,,2014-09-16T00:00:00+00:00,date_only,paris-saint-germain,fc-barcelona,Paris Saint-Germain (FRA),FC Barcelona (ESP),3,2,openfootball,2014-09-16T00:00:00+00:00,0.3944273591188658,0.2559914712153518,0.3495811696657824,1.5527816939529786,1.67163178769476,1663.15790071723,1679.5341536879412
ucl-2014-15-065,2014-15,knockout_phase,,2014-09-16T00:00:00+00:00,date_only,fc-barcelona,afc-ajax,FC Barcelona (ESP),AFC Ajax (NED),3,1,openfootball,2014-09-16T00:00:00+00:00,0.5102057914209542,0.25597444089456867,0.2338197676844771,2.2286655212703446,0.9237818686980103,1660.4310774770029,1465.7467376668753
ucl-2014-15-066,2014-15,knockout_phase,,2014-09-16T00:00:00+00:00,date_only,apoel-nikosia,paris-saint-germain,APOEL Nikosia (CYP),Paris Saint-Germain (FRA),0,1,openfootball,2014-09-16T00:00:00+00:00,0.2799883080468074,0.2559574468085106,0.46405424514468196,0.9100206065712443,2.173865867684181,1465.5798224607202,1682.2609769281682
ucl-2014-15-067,2014-15,knockout_phase,,2014-09-16T00:00:00+00:00,date_only,afc-ajax,fc-barcelona,AFC Ajax (NED),FC Barcelona (ESP),0,2,openfootball,2014-09-16T00:00:00+00:00,0.27621346169429756,0.2559404888416578,0.4678460494640446,0.9853667222138106,2.1318445532634342,1451.2744581416048,1674.9033570022734
ucl-2014-15-068,2014-15,knockout_phase,,2014-09-16T00:00:00+00:00,date_only,paris-saint-germain,apoel-nikosia,Paris Saint-Germain (FRA),APOEL Nikosia (CYP),1,0,openfootball,2014-09-16T00:00:00+00:00,0.5367137230327724,0.2559235668789809,0.20736271008824672,2.2999876530418333,0.750454322010978,1698.5796581862107,1449.2611412026777
ucl-2014-15-069,2014-15,knockout_phase,,2014-09-16T00:00:00+00:00,date_only,paris-saint-germain,afc-ajax,Paris Saint-Germain (FRA),AFC Ajax (NED),3,1,openfootball,2014-09-16T00:00:00+00:00,0.549362780431665,0.2559066808059385,0.19473053876239654,2.2637814182861367,0.7284531262406558,1711.9926379273202,1435.1071098969996
ucl-2014-15-070,2014-15,knockout_phase,,2014-09-16T00:00:00+00:00,date_only,apoel-nikosia,fc-barcelona,APOEL Nikosia (CYP),FC Barcelona (ESP),0,4,openfootball,2014-09-16T00:00:00+00:00,0.2593128852241693,0.2558898305084746,0.48479728426735613,0.9073145468455747,2.1701483625235403,1435.8481614615682,1691.0707052468786
ucl-2014-15-071,2014-15,knockout_phase,,2014-09-16T00:00:00+00:00,date_only,afc-ajax,apoel-nikosia,AFC Ajax (NED),APOEL Nikosia (CYP),4,0,openfootball,2014-09-16T00:00:00+00:00,0.40502187348206586,0.25587301587301586,0.33910511064491833,1.4110086052838207,1.3935089052466276,1422.199754730385,1420.3578494424319
ucl-2014-15-072,2014-15,knockout_phase,,2014-09-16T00:00:00+00:00,date_only,fc-barcelona,paris-saint-germain,FC Barcelona (ESP),Paris Saint-Germain (FRA),3,1,openfootball,2014-09-16T00:00:00+00:00,0.39336193805153175,0.25585623678646935,0.35078182516199885,1.7765925201433999,1.46535098388528,1706.561017266015,1724.8999930939349
ucl-2014-15-073,2014-15,knockout_phase,,2014-09-16T00:00:00+00:00,date_only,chelsea-fc,fc-schalke-04,Chelsea FC (ENG),FC Schalke 04 (GER),1,1,openfootball,2014-09-16T00:00:00+00:00,0.47118321964178406,0.2558394931362197,0.27297728722199627,2.0920693388659757,1.090429635290198,1644.3786109877622,1524.703914986889
ucl-2014-15-074,2014-15,knockout_phase,,2014-09-16T00:00:00+00:00,date_only,nk-maribor,sporting-cp,NK Maribor (SVN),Sporting CP (POR),1,1,openfootball,2014-09-16T00:00:00+00:00,0.40398648630014655,0.2558227848101266,0.3401907288897268,1.5699999999999998,1.2,1500.0,1500.0
ucl-2014-15-075,2014-15,knockout_phase,,2014-09-16T00:00:00+00:00,date_only,sporting-cp,chelsea-fc,Sporting CP (POR),Chelsea FC (ENG),0,1,openfootball,2014-09-16T00:00:00+00:00,0.323458542002112,0.2558061116965227,0.42073534630136533,1.0949602765831257,2.062456021157742,1501.2759151482085,1640.4144923393665
ucl-2014-15-076,2014-15,knockout_phase,,2014-09-16T00:00:00+00:00,date_only,fc-schalke-04,nk-maribor,FC Schalke 04 (GER),NK Maribor (SVN),1,1,openfootball,2014-09-16T00:00:00+00:00,0.421204930773549,0.2557894736842105,0.32300559554224045,1.4227310684306889,1.4800373674776712,1528.6680336352847,1498.7240848517915
ucl-2014-15-077,2014-15,knockout_phase,,2014-09-16T00:00:00+00:00,date_only,chelsea-fc,nk-maribor,Chelsea FC (ENG),NK Maribor (SVN),6,0,openfootball,2014-09-16T00:00:00+00:00,0.4914647303333077,0.25577287066246057,0.25276239900423175,2.1657697848665176,0.9519556006782148,1658.4689562533813,1500.6880715564178
ucl-2014-15-078,2014-15,knockout_phase,,2014-09-16T00:00:00+00:00,date_only,fc-schalke-04,sporting-cp,FC Schalke 04 (GER),Sporting CP (POR),4,3,openfootball,2014-09-16T00:00:00+00:00,0.42893588503155033,0.25575630252100845,0.3153078124474412,1.406235496413721,1.3710116028690233,1526.7040469306585,1483.2214512341936
ucl-2014-15-079,2014-15,knockout_phase,,2014-09-16T00:00:00+00:00,date_only,nk-maribor,chelsea-fc,NK Maribor (SVN),Chelsea FC (ENG),1,1,openfootball,2014-09-16T00:00:00+00:00,0.2957614986047731,0.2557397691500525,0.4484987322451745,0.9631393404634997,2.2606236627643352,1485.4621181829993,1673.6949096267997
ucl-2014-15-080,2014-15,knockout_phase,,2014-09-16T00:00:00+00:00,date_only,sporting-cp,fc-schalke-04,Sporting CP (POR),FC Schalke 04 (GER),4,2,openfootball,2014-09-16T00:00:00+00:00,0.3582260204279611,0.25572327044025156,0.3860507091317874,1.5996733181269618,1.552624981862067,1465.4940126858758,1544.4314854789764
ucl-2014-15-081,2014-15,knockout_phase,,2014-09-16T00:00:00+00:00,date_only,fc-schalke-04,chelsea-fc,FC Schalke 04 (GER),Chelsea FC (ENG),0,5,openfootball,2014-09-16T00:00:00+00:00,0.3191497558032568,0.2557068062827225,0.4251434379140206,1.179513870777272,2.0251161761054552,1523.8749917049,1670.6401649539916
ucl-2014-15-082,2014-15,knockout_phase,,2014-09-16T00:00:00+00:00,date_only,sporting-cp,nk-maribor,Sporting CP (POR),NK Maribor (SVN),3,1,openfootball,2014-09-16T00:00:00+00:00,0.4026342759567149,0.25569037656903765,0.3416753474742474,2.242944703003454,1.3766442375972368,1486.0505064599522,1488.5168628558074
ucl-2014-15-083,2014-15,knockout_phase,,2014-09-16T00:00:00+00:00,date_only,chelsea-fc,sporting-cp,Chelsea FC (ENG),Sporting CP (POR),3,1,openfootball,2014-09-16T00:00:00+00:00,0.5048654201512156,0.2556739811912226,0.2394605986575618,2.3706351117943174,1.023882154466985,1688.5202913117764,1504.8313278903029
ucl-2014-15-084,2014-15,knockout_phase,,2014-09-16T00:00:00+00:00,date_only,nk-maribor,fc-schalke-04,NK Maribor (SVN),FC Schalke 04 (GER),0,1,openfootball,2014-09-16T00:00:00+00:00,0.3830663975131757,0.25565762004175363,0.36127598244507064,1.7436304672447718,1.6010956262041824,1469.7360414254567,1505.9948653471151
ucl-2014-15-085,2014-15,knockout_phase,,2014-09-16T00:00:00+00:00,date_only,athletic-club,shakhtar-donetsk,Athletic Club (ESP),Shakhtar Donetsk (UKR),0,0,openfootball,2014-09-16T00:00:00+00:00,0.4175491105134545,0.2556412930135558,0.3268095964729896,1.4895065172848692,1.3343947861721046,1500.0,1476.5921792581569
ucl-2014-15-086,2014-15,knockout_phase,,2014-09-16T00:00:00+00:00,date_only,fc-porto,bate-borisov,FC Porto (POR),BATE Borisov (BLR),6,0,openfootball,2014-09-16T00:00:00+00:00,0.46437927970383663,0.255625,0.2799957202961634,1.8028306168226687,0.897485506541865,1504.1338557408249,1397.2371155536223
ucl-2014-15-087,2014-15,knockout_phase,,2014-09-16T00:00:00+00:00,date_only,bate-borisov,athletic-club,BATE Borisov (BLR),Athletic Club (ESP),2,1,openfootball,2014-09-16T00:00:00+00:00,0.3361015178334061,0.25560874089490115,0.40828974127169276,0.8079972665664399,2.578173615318277,1380.9247867417757,1498.1852097191907
ucl-2014-15-088,2014-15,knockout_phase,,2014-09-16T00:00:00+00:00,date_only,shakhtar-donetsk,fc-porto,Shakhtar Donetsk (UKR),FC Porto (POR),2,2,openfootball,2014-09-16T00:00:00+00:00,0.3797402942574624,0.2555925155925156,0.36466719015002197,1.2040149398695315,1.3375499528662798,1478.4069695389662,1520.4461845526714
ucl-2014-15-089,2014-15,knockout_phase,,2014-09-16T00:00:00+00:00,date_only,fc-porto,athletic-club,FC Porto (POR),Athletic Club (ESP),2,1,openfootball,2014-09-16T00:00:00+00:00,0.42933699707675965,0.25557632398753893,0.3150866789357014,1.4900051678203292,0.9289958657437365,1520.7476466348203,1476.741445250425
ucl-2014-15-090,2014-15,knockout_phase,,2014-09-16T00:00:00+00:00,date_only,bate-borisov,shakhtar-donetsk,BATE Borisov (BLR),Shakhtar Donetsk (UKR),0,7,openfootball,2014-09-16T00:00:00+00:00,0.3601636543757692,0.2555601659751038,0.384276179649127,1.2235525364614368,1.8560468597197395,1402.3685512105415,1478.1055074568173
ucl-2014-15-091,2014-15,knockout_phase,,2014-09-16T00:00:00+00:00,date_only,athletic-club,fc-porto,Athletic Club (ESP),FC Porto (POR),0,2,openfootball,2014-09-16T00:00:00+00:00,0.35802264233552555,0.2555440414507772,0.3864333162136972,1.0153416376561673,1.4375728437212199,1459.026451613246,1538.4626402719991
ucl-2014-15-092,2014-15,knockout_phase,,2014-09-16T00:00:00+00:00,date_only,shakhtar-donetsk,bate-borisov,Shakhtar Donetsk (UKR),BATE Borisov (BLR),5,0,openfootball,2014-09-16T00:00:00+00:00,0.46872615260014105,0.255527950310559,0.2757458970893,2.294591081117171,1.0287481877378426,1497.6232569513502,1382.8508017160086
ucl-2014-15-093,2014-15,knockout_phase,,2014-09-16T00:00:00+00:00,date_only,bate-borisov,fc-porto,BATE Borisov (BLR),FC Porto (POR),0,3,openfootball,2014-09-16T00:00:00+00:00,0.2942093857724354,0.255511892450879,0.4502787217766856,0.8606799833598248,2.17745601331214,1366.7104068262254,1557.8944267944357
ucl-2014-15-094,2014-15,knockout_phase,,2014-09-16T00:00:00+00:00,date_only,shakhtar-donetsk,athletic-club,Shakhtar Donetsk (UKR),Athletic Club (ESP),0,1,openfootball,2014-09-16T00:00:00+00:00,0.4463786464110258,0.25549586776859506,0.2981254858203792,1.8603789175300318,1.0576968659759747,1513.7636518411334,1439.5946650908095
ucl-2014-15-095,2014-15,knockout_phase,,2014-09-16T00:00:00+00:00,date_only,athletic-club,bate-borisov,Athletic Club (ESP),BATE Borisov (BLR),2,0,openfootball,2014-09-16T00:00:00+00:00,0.46764620399663415,0.2554798761609907,0.2768739198423752,2.668485400175715,0.7884844071321555,1462.5597283026225,1349.8317935463103
ucl-2014-15-096,2014-15,knockout_phase,,2014-09-16T00:00:00+00:00,date_only,fc-porto,shakhtar-donetsk,FC Porto (POR),Shakhtar Donetsk (UKR),1,1,openfootball,2014-09-16T00:00:00+00:00,0.4518580888069961,0.25546391752577324,0.29267799366723063,1.5299787095375255,1.2240170323699797,1574.7730400743508,1490.7985886293204
ucl-2014-15-097,2014-15,knockout_phase,,2015-02-17T00:00:00+00:00,date_only,paris-saint-germain,chelsea-fc,Paris Saint-Germain (FRA),Chelsea FC (ENG),1,1,openfootball,2015-02-17T00:00:00+00:00,0.4056557076429096,0.255447991761071,0.3388963005960194,1.5824336273756452,1.6491007171471026,1705.7515953517254,1703.2121948819033
ucl-2014-15-098,2014-15,knockout_phase,,2015-02-17T00:00:00+00:00,date_only,shakhtar-donetsk,bayern-m-nchen,Shakhtar Donetsk (UKR),Bayern München (GER),0,0,openfootball,2015-02-17T00:00:00+00:00,0.23401651966339435,0.2554320987654321,0.5105513815711734,1.0518543997610288,2.0888021944768913,1493.9821905321157,1798.6140536760242
ucl-2014-15-099,2014-15,knockout_phase,,2015-02-17T00:00:00+00:00,date_only,fc-schalke-04,real-madrid,FC Schalke 04 (GER),Real Madrid (ESP),0,2,openfootball,2015-02-17T00:00:00+00:00,0.2083421885703304,0.2554162384378212,0.5362415729918485,0.9143669216101792,2.6383526165580102,1526.4306736484773,1883.959598485493
ucl-2014-15-100,2014-15,knockout_phase,,2015-02-17T00:00:00+00:00,date_only,fc-basel-1893,fc-porto,FC Basel 1893 (SUI),FC Porto (POR),1,1,openfootball,2015-02-17T00:00:00+00:00,0.37896467504908415,0.2554004106776181,0.36563491427329775,1.1271936372651976,1.529027698883494,1528.0478898463143,1571.5894381715555
ucl-2014-15-101,2014-15,knockout_phase,,2015-02-17T00:00:00+00:00,date_only,manchester-city,fc-barcelona,Manchester City (ENG),FC Barcelona (ESP),1,2,openfootball,2015-02-17T00:00:00+00:00,0.289624780093351,0.25538461538461543,0.45499060452203355,1.226443127163542,2.072421255844924,1526.1684403317474,1725.7094150082244
ucl-2014-15-102,2014-15,knockout_phase,,2015-02-17T00:00:00+00:00,date_only,juventus,borussia-dortmund,Juventus (ITA),Borussia Dortmund (GER),2,1,openfootball,2015-02-17T00:00:00+00:00,0.36566874448256587,0.2553688524590164,0.3789624030584178,1.397977561085474,1.5004249686754803,1566.5046580315598,1632.9315847289906
ucl-2014-15-103,2014-15,knockout_phase,,2015-02-17T00:00:00+00:00,date_only,bayer-leverkusen,atl-tico-madrid,Bayer Leverkusen (GER),Atlético Madrid (ESP),1,0,openfootball,2015-02-17T00:00:00+00:00,0.2864554169153389,0.25535312180143294,0.4581914612832283,0.9245219632143209,2.0393092586968358,1493.667470208685,1698.972821668573
ucl-2014-15-104,2014-15,knockout_phase,,2015-02-17T00:00:00+00:00,date_only,arsenal-fc,as-monaco,Arsenal FC (ENG),AS Monaco (FRA),1,3,openfootball,2015-02-17T00:00:00+00:00,0.4521709321304016,0.25533742331288345,0.29249164455671495,1.5236664469676873,1.0826223979814056,1622.4294459714936,1538.0297096102688
ucl-2014-15-105,2014-15,knockout_phase,,2015-02-17T00:00:00+00:00,date_only,real-madrid,fc-schalke-04,Real Madrid (ESP),FC Schalke 04 (GER),3,4,openfootball,2015-02-17T00:00:00+00:00,0.5941721432741444,0.2553217568947906,0.1505060998310651,2.8284038260426665,0.8034261928972101,1897.4016107970626,1512.9886613369076
ucl-2014-15-106,2014-15,knockout_phase,,2015-02-17T00:00:00+00:00,date_only,fc-porto,fc-basel-1893,FC Porto (POR),FC Basel 1893 (SUI),4,0,openfootball,2015-02-17T00:00:00+00:00,0.4295317670531303,0.2553061224489796,0.31516211049789006,1.6358956156302273,1.0122835074958183,1571.8560333870712,1527.7812946307986
ucl-2014-15-107,2014-15,knockout_phase,,2015-02-17T00:00:00+00:00,date_only,chelsea-fc,paris-saint-germain,Chelsea FC (ENG),Paris Saint-Germain (FRA),2,2,openfootball,2015-02-17T00:00:00+00:00,0.404351074335023,0.25529051987767587,0.3403584057873012,1.7508783772792755,1.4460665289458103,1704.5473830228411,1704.4164072107876
ucl-2014-15-108,2014-15,knockout_phase,,2015-02-17T00:00:00+00:00,date_only,bayern-m-nchen,shakhtar-donetsk,Bayern München (GER),Shakhtar Donetsk (UKR),7,0,openfootball,2015-02-17T00:00:00+00:00,0.5572380081533646,0.255274949083503,0.1874870427631324,2.197975390556331,0.9570641319993796,1793.0833564378686,1499.5128877702714
ucl-2014-15-109,2014-15,knockout_phase,,2015-02-17T00:00:00+00:00,date_only,atl-tico-madrid,bayer-leverkusen,Atlético Madrid (ESP),Bayer Leverkusen (GER),3,2,openfootball,2015-02-17T00:00:00+00:00,0.49214559769746663,0.25525940996948115,0.2525949923330522,2.0659834131097368,0.8711202462563966,1675.5381007812152,1517.1021910960428
ucl-2014-15-110,2014-15,knockout_phase,,2015-02-17T00:00:00+00:00,date_only,as-monaco,arsenal-fc,AS Monaco (FRA),Arsenal FC (ENG),0,2,openfootball,2015-02-17T00:00:00+00:00,0.3822597094425165,0.2552439024390244,0.3624963881184591,1.3251649678812605,1.3411311835897286,1561.2232953617427,1599.2358602200197
ucl-2014-15-111,2014-15,knockout_phase,,2015-02-17T00:00:00+00:00,date_only,fc-barcelona,manchester-city,FC Barcelona (ESP),Manchester City (ENG),1,0,openfootball,2015-02-17T00:00:00+00:00,0.5294597485471514,0.25522842639593907,0.21531182505690963,2.255281755337677,1.109421654553388,1742.4020985196507,1509.475756820321
ucl-2014-15-112,2014-15,knockout_phase,,2015-02-17T00:00:00+00:00,date_only,borussia-dortmund,juventus,Borussia Dortmund (GER),Juventus (ITA),0,3,openfootball,2015-02-17T00:00:00+00:00,0.4192144896788904,0.2552129817444219,0.3255725285766876,1.5822572830636918,1.3386687498202328,1612.6657115574735,1586.7705312030769
ucl-2014-15-113,2014-15,knockout_phase,,2015-02-17T00:00:00+00:00,date_only,atl-tico-madrid,real-madrid,Atlético Madrid (ESP),Real Madrid (ESP),0,0,openfootball,2015-02-17T00:00:00+00:00,0.3018214440646739,0.25519756838905777,0.44298098754626836,1.3051823322881049,2.2094298917452737,1690.747088673927,1868.528289928201
ucl-2014-15-114,2014-15,knockout_phase,,2015-02-17T00:00:00+00:00,date_only,juventus,as-monaco,Juventus (ITA),AS Monaco (FRA),1,0,openfootball,2015-02-17T00:00:00+00:00,0.44300928833105657,0.2551821862348178,0.3018085254341256,1.489012784574883,0.8610397723400937,1608.643370425121,1540.8280289352615
ucl-2014-15-115,2014-15,knockout_phase,,2015-02-17T00:00:00+00:00,date_only,paris-saint-germain,fc-barcelona,Paris Saint-Germain (FRA),FC Barcelona (ESP),1,3,openfootball,2015-02-17T00:00:00+00:00,0.37507996760082873,0.25516683518705763,0.36975319721211364,1.4922666480622944,1.7336152529787359,1705.696260581742,1756.119140049846
ucl-2014-15-116,2014-15,knockout_phase,,2015-02-17T00:00:00+00:00,date_only,fc-porto,bayern-m-nchen,FC Porto (POR),Bayern München (GER),3,1,openfootball,2015-02-17T00:00:00+00:00,0.2805983763337897,0.25515151515151513,0.46425010851469517,1.0750353877400536,1.9413770952133624,1589.5686402559663,1805.688337130064
ucl-2014-15-117,2014-15,knockout_phase,,2015-02-17T00:00:00+00:00,date_only,fc-barcelona,paris-saint-germain,FC Barcelona (ESP),Paris Saint-Germain (FRA),2,0,openfootball,2015-02-17T00:00:00+00:00,0.45574791673620774,0.2551362260343088,0.2891158572294834,1.9316410696808215,1.3423538109220092,1776.2256754576204,1685.5897251739677
ucl-2014-15-118,2014-15,knockout_phase,,2015-02-17T00:00:00+00:00,date_only,bayern-m-nchen,fc-porto,Bayern München (GER),FC Porto (POR),6,1,openfootball,2015-02-17T00:00:00+00:00,0.4976022183308752,0.2551209677419355,0.24727681392718928,2.036960479129402,1.071694774591215,1782.0153024864458,1613.2416748995845
ucl-2014-15-119,2014-15,knockout_phase,,2015-02-17T00:00:00+00:00,date_only,real-madrid,atl-tico-madrid,Real Madrid (ESP),Atlético Madrid (ESP),1,0,openfootball,2015-02-17T00:00:00+00:00,0.4993444484822337,0.25510574018126886,0.24554981133649742,2.2928574476350576,1.1793611007154834,1865.7050990585692,1693.5702795435589
ucl-2014-15-120,2014-15,knockout_phase,,2015-02-17T00:00:00+00:00,date_only,as-monaco,juventus,AS Monaco (FRA),Juventus (ITA),0,0,openfootball,2015-02-17T00:00:00+00:00,0.3450548057672883,0.2550905432595574,0.3998546509731543,0.8878017506589362,1.3622291877081452,1523.6520441932,1625.8193551671825
ucl-2014-15-121,2014-15,knockout_phase,,2015-02-17T00:00:00+00:00,date_only,juventus,real-madrid,Juventus (ITA),Real Madrid (ESP),2,1,openfootball,2015-02-17T00:00:00+00:00,0.2592356799593081,0.2550753768844221,0.48568894315626987,1.0574300581296914,2.15690526856474,1624.7233582630652,1880.6292063156545
ucl-2014-15-122,2014-15,knockout_phase,,2015-02-17T00:00:00+00:00,date_only,fc-barcelona,bayern-m-nchen,FC Barcelona (ESP),Bayern München (GER),3,0,openfootball,2015-02-17T00:00:00+00:00,0.40202146053210336,0.25506024096385543,0.34291829850404126,1.6600484607604935,1.709265579217692,1792.893034267486,1797.008794398372
ucl-2014-15-123,2014-15,knockout_phase,,2015-02-17T00:00:00+00:00,date_only,bayern-m-nchen,fc-barcelona,Bayern München (GER),FC Barcelona (ESP),3,2,openfootball,2015-02-17T00:00:00+00:00,0.3849739483311591,0.25504513540621865,0.35998091626262224,1.7622793381341206,1.596814827365044,1778.1908576389333,1811.7109710269247
ucl-2014-15-124,2014-15,knockout_phase,,2015-02-17T00:00:00+00:00,date_only,real-madrid,juventus,Real Madrid (ESP),Juventus (ITA),1,1,openfootball,2015-02-17T00:00:00+00:00,0.5169121881440191,0.2550300601202405,0.22805775173574047,2.252373097937259,1.035434854983526,1856.1001410517154,1649.2524235270043
ucl-2014-15-125,2014-15,knockout_phase,,2015-02-17T00:00:00+00:00,date_only,juventus,fc-barcelona,Juventus (ITA),FC Barcelona (ESP),1,3,openfootball,2015-02-17T00:00:00+00:00,0.32492252903210717,0.255015015015015,0.42006245595287783,1.1813579094980713,1.7941569156447863,1655.02951225517,1792.2108316682954
ucl-2015-16-001,2015-16,knockout_phase,,2015-09-15T00:00:00+00:00,date_only,real-madrid,shakhtar-donetsk,Real Madrid (ESP),Shakhtar Donetsk (UKR),4,0,openfootball,2015-09-15T00:00:00+00:00,0.5863913221463817,0.255,0.1586086778536183,2.539729071254345,0.9265544053341863,1850.3230523235497,1486.907907078076
ucl-2015-16-002,2015-16,knockout_phase,,2015-09-15T00:00:00+00:00,date_only,paris-saint-germain,malm-ff,Paris Saint-Germain (FRA),Malmö FF (SWE),2,0,openfootball,2015-09-15T00:00:00+00:00,0.5308719946698183,0.254985014985015,0.21414299034516668,2.3718227439440063,0.8429862492892395,1668.9223663641021,1433.4017402979614
ucl-2015-16-003,2015-16,knockout_phase,,2015-09-15T00:00:00+00:00,date_only,malm-ff,real-madrid,Malmö FF (SWE),Real Madrid (ESP),0,2,openfootball,2015-09-15T00:00:00+00:00,0.17120375739493593,0.2549700598802395,0.5738261827248244,0.6639214692100194,2.856090894807423,1419.7363203844545,1861.7673994376944
ucl-2015-16-004,2015-16,knockout_phase,,2015-09-15T00:00:00+00:00,date_only,shakhtar-donetsk,paris-saint-germain,Shakhtar Donetsk (UKR),Paris Saint-Germain (FRA),0,3,openfootball,2015-09-15T00:00:00+00:00,0.2856067821837038,0.2549551345962114,0.45943808322008495,1.1807298114052687,1.8547494842091183,1475.4635599639314,1682.587786277609
ucl-2015-16-005,2015-16,knockout_phase,,2015-09-15T00:00:00+00:00,date_only,paris-saint-germain,real-madrid,Paris Saint-Germain (FRA),Real Madrid (ESP),0,0,openfootball,2015-09-15T00:00:00+00:00,0.30371045431304394,0.25494023904382473,0.44134930664313143,1.3238944314662664,2.0802579488028905,1699.1111602568812,1873.7149509310966
ucl-2015-16-006,2015-16,knockout_phase,,2015-09-15T00:00:00+00:00,date_only,malm-ff,shakhtar-donetsk,Malmö FF (SWE),Shakhtar Donetsk (UKR),1,0,openfootball,2015-09-15T00:00:00+00:00,0.3747775063310171,0.2549253731343284,0.3702971205346545,1.3668475032991871,1.6393641026238082,1407.7887688910523,1458.9401859846591
ucl-2015-16-007,2015-16,knockout_phase,,2015-09-15T00:00:00+00:00,date_only,real-madrid,paris-saint-germain,Real Madrid (ESP),Paris Saint-Germain (FRA),1,0,openfootball,2015-09-15T00:00:00+00:00,0.4979103792609058,0.25491053677932407,0.24717908395977012,2.1785622559743727,1.2049149011028548,1870.9621738844949,1701.863937303483
ucl-2015-16-008,2015-16,knockout_phase,,2015-09-15T00:00:00+00:00,date_only,shakhtar-donetsk,malm-ff,Shakhtar Donetsk (UKR),Malmö FF (SWE),4,0,openfootball,2015-09-15T00:00:00+00:00,0.4110263798156209,0.25489572989076464,0.3340778902936145,1.6544421937712177,1.2674462449830257,1439.0297937005864,1427.699161175125
ucl-2015-16-009,2015-16,knockout_phase,,2015-09-15T00:00:00+00:00,date_only,malm-ff,paris-saint-germain,Malmö FF (SWE),Paris Saint-Germain (FRA),0,5,openfootball,2015-09-15T00:00:00+00:00,0.2479419994519487,0.25488095238095243,0.4971770481670989,0.7522693367664132,2.1623663487686877,1409.2381309655652,1686.8785632095057
ucl-2015-16-010,2015-16,knockout_phase,,2015-09-15T00:00:00+00:00,date_only,shakhtar-donetsk,real-madrid,Shakhtar Donetsk (UKR),Real Madrid (ESP),3,4,openfootball,2015-09-15T00:00:00+00:00,0.1768859816373119,0.2548662041625372,0.568247814200151,0.8688350828842383,2.3797554631043742,1457.4908239101462,1885.9475479784721
ucl-2015-16-011,2015-16,knockout_phase,,2015-09-15T00:00:00+00:00,date_only,paris-saint-germain,shakhtar-donetsk,Paris Saint-Germain (FRA),Shakhtar Donetsk (UKR),2,0,openfootball,2015-09-15T00:00:00+00:00,0.5408669985112029,0.25485148514851486,0.20428151634028224,2.0838131680615,1.0348318184919765,1701.8938622352027,1445.318060561403
ucl-2015-16-012,2015-16,knockout_phase,,2015-09-15T00:00:00+00:00,date_only,real-madrid,malm-ff,Real Madrid (ESP),Malmö FF (SWE),8,0,openfootball,2015-09-15T00:00:00+00:00,0.6345196672357317,0.2548367952522255,0.11064353751204277,3.062991489233046,0.5256068086135635,1898.1203113272154,1394.2228319398682
ucl-2015-16-013,2015-16,knockout_phase,,2015-09-15T00:00:00+00:00,date_only,vfl-wolfsburg,cska-moskva,VfL Wolfsburg (GER),CSKA Moskva (RUS),1,0,openfootball,2015-09-15T00:00:00+00:00,0.46031404700243983,0.2548221343873518,0.2848638186102084,2.352139394875476,1.184288484099619,1500.0,1401.4327261494286
ucl-2015-16-014,2015-16,knockout_phase,,2015-09-15T00:00:00+00:00,date_only,psv-eindhoven,manchester-united,PSV Eindhoven (NED),Manchester United (ENG),2,1,openfootball,2015-09-15T00:00:00+00:00,0.35340692155268594,0.25480750246791706,0.391785575979397,1.1300081213919095,1.683660169553139,1500.0,1587.9902543297085
ucl-2015-16-015,2015-16,knockout_phase,,2015-09-15T00:00:00+00:00,date_only,cska-moskva,psv-eindhoven,CSKA Moskva (RUS),PSV Eindhoven (NED),3,2,openfootball,2015-09-15T00:00:00+00:00,0.32579589179403967,0.25479289940828403,0.41941120879767635,1.1886299798421311,2.1814596524899317,1384.9417307172732,1520.7675730885342
ucl-2015-16-016,2015-16,knockout_phase,,2015-09-15T00:00:00+00:00,date_only,manchester-united,vfl-wolfsburg,Manchester United (ENG),VfL Wolfsburg (GER),2,1,openfootball,2015-09-15T00:00:00+00:00,0.4336143127557084,0.25477832512315274,0.3116073621211388,1.7007379433023875,1.081563491511936,1567.2226812411743,1516.4909954321554
ucl-2015-16-017,2015-16,knockout_phase,,2015-09-15T00:00:00+00:00,date_only,cska-moskva,manchester-united,CSKA Moskva (RUS),Manchester United (ENG),1,1,openfootball,2015-09-15T00:00:00+00:00,0.30189210300274233,0.2547637795275591,0.4433441174696986,1.159192912357386,1.9519790034474245,1406.814037057346,1584.782542228483
ucl-2015-16-018,2015-16,knockout_phase,,2015-09-15T00:00:00+00:00,date_only,vfl-wolfsburg,psv-eindhoven,VfL Wolfsburg (GER),PSV Eindhoven (NED),2,0,openfootball,2015-09-15T00:00:00+00:00,0.40458999170142074,0.2547492625368732,0.340660745761706,1.6200298897469878,1.4999760882024098,1498.9311344448467,1498.8952667484614
ucl-2015-16-019,2015-16,knockout_phase,,2015-09-15T00:00:00+00:00,date_only,psv-eindhoven,vfl-wolfsburg,PSV Eindhoven (NED),VfL Wolfsburg (GER),2,0,openfootball,2015-09-15T00:00:00+00:00,0.3828316409665169,0.2547347740667977,0.36243358496668543,1.088767751784336,1.691652465239198,1480.1738516672556,1517.6525495260526
ucl-2015-16-020,2015-16,knockout_phase,,2015-09-15T00:00:00+00:00,date_only,manchester-united,cska-moskva,Manchester United (ENG),CSKA Moskva (RUS),1,0,openfootball,2015-09-15T00:00:00+00:00,0.49969318961850767,0.25472031403336604,0.2455864963481263,2.0635920204937155,1.0651263836050275,1581.9535019391437,1409.6430773466852
ucl-2015-16-021,2015-16,knockout_phase,,2015-09-15T00:00:00+00:00,date_only,cska-moskva,vfl-wolfsburg,CSKA Moskva (RUS),VfL Wolfsburg (GER),0,2,openfootball,2015-09-15T00:00:00+00:00,0.3445566851759994,0.25470588235294117,0.4007374324710595,1.2124586790431318,1.9260330567654949,1394.7252112120927,1498.0605106460491
ucl-2015-16-022,2015-16,knockout_phase,,2015-09-15T00:00:00+00:00,date_only,manchester-united,psv-eindhoven,Manchester United (ENG),PSV Eindhoven (NED),0,0,openfootball,2015-09-15T00:00:00+00:00,0.45959034597085074,0.25469147894221356,0.2857181750869357,1.7634212312720643,1.0602630149823487,1596.871368073736,1499.765890547259
ucl-2015-16-023,2015-16,knockout_phase,,2015-09-15T00:00:00+00:00,date_only,vfl-wolfsburg,manchester-united,VfL Wolfsburg (GER),Manchester United (ENG),3,2,openfootball,2015-09-15T00:00:00+00:00,0.3601720530964618,0.2546771037181996,0.38515084318533854,1.1151093386151734,1.462736058519626,1516.936895700148,1593.3939246560576
ucl-2015-16-024,2015-16,knockout_phase,,2015-09-15T00:00:00+00:00,date_only,psv-eindhoven,cska-moskva,PSV Eindhoven (NED),CSKA Moskva (RUS),2,1,openfootball,2015-09-15T00:00:00+00:00,0.47609103238847467,0.25466275659824045,0.2692462110132849,2.0928287565057864,1.081736994795371,1503.2433339649374,1375.848826157994
ucl-2015-16-025,2015-16,knockout_phase,,2015-09-15T00:00:00+00:00,date_only,sl-benfica,fk-astana,SL Benfica (POR),FK Astana (KAZ),2,0,openfootball,2015-09-15T00:00:00+00:00,0.403871252863403,0.2546484375,0.34148030963659703,1.1189149672666225,1.0365823119009878,1498.697960719947,1500.0
ucl-2015-16-026,2015-16,knockout_phase,,2015-09-15T00:00:00+00:00,date_only,galatasaray,atl-tico-madrid,Galatasaray (TUR),Atlético Madrid (ESP),0,2,openfootball,2015-09-15T00:00:00+00:00,0.26118373617085616,0.2546341463414634,0.48418211748768036,0.8457403508757391,2.147067293767494,1426.1303380182114,1678.6461722864735
ucl-2015-16-027,2015-16,knockout_phase,,2015-09-15T00:00:00+00:00,date_only,fk-astana,galatasaray,FK Astana (KAZ),Galatasaray (TUR),2,2,openfootball,2015-09-15T00:00:00+00:00,0.44493798120214734,0.25461988304093564,0.30044213575691703,2.178881261016657,1.0682796065712898,1481.2478188645362,1410.590305644548
ucl-2015-16-028,2015-16,knockout_phase,,2015-09-15T00:00:00+00:00,date_only,atl-tico-madrid,sl-benfica,Atlético Madrid (ESP),SL Benfica (POR),1,2,openfootball,2015-09-15T00:00:00+00:00,0.5020422979843822,0.25460564751703996,0.2433520544985779,1.6635064674316111,0.7689684109603713,1694.186204660137,1517.450141855411
ucl-2015-16-029,2015-16,knockout_phase,,2015-09-15T00:00:00+00:00,date_only,galatasaray,sl-benfica,Galatasaray (TUR),SL Benfica (POR),2,1,openfootball,2015-09-15T00:00:00+00:00,0.3297187826298376,0.25459143968871595,0.41568977768144655,1.0659516584283664,1.6218101018287356,1413.4802225534524,1542.623946725127
ucl-2015-16-030,2015-16,knockout_phase,,2015-09-15T00:00:00+00:00,date_only,atl-tico-madrid,fk-astana,Atlético Madrid (ESP),FK Astana (KAZ),4,0,openfootball,2015-09-15T00:00:00+00:00,0.5091361943162551,0.2545772594752187,0.23628654620852613,2.1307306000475097,0.6506747792212516,1669.012399790421,1478.3579019556316
ucl-2015-16-031,2015-16,knockout_phase,,2015-09-15T00:00:00+00:00,date_only,fk-astana,atl-tico-madrid,FK Astana (KAZ),Atlético Madrid (ESP),0,0,openfootball,2015-09-15T00:00:00+00:00,0.27884234941330943,0.2545631067961165,0.4665945437905741,0.6610208377757493,2.1464936746069867,1463.8148949177862,1683.5554068282663
ucl-2015-16-032,2015-16,knockout_phase,,2015-09-15T00:00:00+00:00,date_only,sl-benfica,galatasaray,SL Benfica (POR),Galatasaray (TUR),2,1,openfootball,2015-09-15T00:00:00+00:00,0.4533745153203642,0.25454898157129,0.29207650310834576,1.7086621162850202,1.029070306971984,1520.904526824095,1435.1996424544845
ucl-2015-16-033,2015-16,knockout_phase,,2015-09-15T00:00:00+00:00,date_only,fk-astana,sl-benfica,FK Astana (KAZ),SL Benfica (POR),2,2,openfootball,2015-09-15T00:00:00+00:00,0.36393500881110524,0.25453488372093025,0.38153010746796445,1.0337983657434529,1.2411835296274598,1467.5699388053315,1537.6785665798545
ucl-2015-16-034,2015-16,knockout_phase,,2015-09-15T00:00:00+00:00,date_only,atl-tico-madrid,galatasaray,Atlético Madrid (ESP),Galatasaray (TUR),2,0,openfootball,2015-09-15T00:00:00+00:00,0.543324140379728,0.25452081316553726,0.20215504645473484,2.283266845656209,0.7530228871113966,1679.800362940721,1418.425602698725
ucl-2015-16-035,2015-16,knockout_phase,,2015-09-15T00:00:00+00:00,date_only,galatasaray,fk-astana,Galatasaray (TUR),FK Astana (KAZ),1,1,openfootball,2015-09-15T00:00:00+00:00,0.36827803046404195,0.2545067698259188,0.3772151997100392,1.3030667374793556,1.8947230806047508,1405.248984577225,1467.9218407784688
ucl-2015-16-036,2015-16,knockout_phase,,2015-09-15T00:00:00+00:00,date_only,sl-benfica,atl-tico-madrid,SL Benfica (POR),Atlético Madrid (ESP),1,2,openfootball,2015-09-15T00:00:00+00:00,0.31461066168055624,0.2544927536231884,0.4308965846962553,0.9083241898389928,1.5299963858337238,1537.3266646067173,1692.976981062221
ucl-2015-16-037,2015-16,knockout_phase,,2015-09-15T00:00:00+00:00,date_only,sevilla-fc,bor-m-nchengladbach,Sevilla FC (ESP),Bor. Mönchengladbach (GER),3,0,openfootball,2015-09-15T00:00:00+00:00,0.4047161055898804,0.2544787644787645,0.3408051299313551,1.5699999999999998,1.2,1500.0,1500.0
ucl-2015-16-038,2015-16,knockout_phase,,2015-09-15T00:00:00+00:00,date_only,manchester-city,juventus,Manchester City (ENG),Juventus (ITA),1,2,openfootball,2015-09-15T00:00:00+00:00,0.32287697756125394,0.2544648023143684,0.42265822012437765,1.2655132318172924,1.5853438005110783,1495.7587152901258,1636.9323107935854
ucl-2015-16-039,2015-16,knockout_phase,,2015-09-15T00:00:00+00:00,date_only,juventus,sevilla-fc,Juventus (ITA),Sevilla FC (ESP),2,0,openfootball,2015-09-15T00:00:00+00:00,0.4809498702376378,0.25445086705202313,0.26459926271033907,1.6851253244387179,0.9091900630296709,1654.936685942323,1518.7217804868294
ucl-2015-16-040,2015-16,knockout_phase,,2015-09-15T00:00:00+00:00,date_only,bor-m-nchengladbach,manchester-city,Bor. Mönchengladbach (GER),Manchester City (ENG),1,2,openfootball,2015-09-15T00:00:00+00:00,0.4067752922693248,0.25443695861405197,0.3387877491166232,1.5896032328098184,1.6309840804188116,1481.2782195131706,1477.7543401413882
ucl-2015-16-041,2015-16,knockout_phase,,2015-09-15T00:00:00+00:00,date_only,manchester-city,sevilla-fc,Manchester City (ENG),Sevilla FC (ESP),2,1,openfootball,2015-09-15T00:00:00+00:00,0.4024701157863097,0.254423076923077,0.3431068072906133,1.6792210819725555,1.5026231344219554,1499.1140910044421,1503.0487926373753
ucl-2015-16-042,2015-16,knockout_phase,,2015-09-15T00:00:00+00:00,date_only,juventus,bor-m-nchengladbach,Juventus (ITA),Bor. Mönchengladbach (GER),0,0,openfootball,2015-09-15T00:00:00+00:00,0.5192407445840633,0.2544092219020173,0.22635003351391933,1.8713335800422928,0.7383270753601051,1670.6096737917771,1459.9184686501167
ucl-2015-16-043,2015-16,knockout_phase,,2015-09-15T00:00:00+00:00,date_only,bor-m-nchengladbach,juventus,Bor. Mönchengladbach (GER),Juventus (ITA),1,1,openfootball,2015-09-15T00:00:00+00:00,0.2903227109464756,0.2543953934740883,0.455281895579436,0.7827584479890496,1.618364670180189,1465.7762828715195,1664.7518595703743
ucl-2015-16-044,2015-16,knockout_phase,,2015-09-15T00:00:00+00:00,date_only,sevilla-fc,manchester-city,Sevilla FC (ESP),Manchester City (ENG),1,3,openfootball,2015-09-15T00:00:00+00:00,0.38521755449922995,0.2543815915627996,0.36040085393797044,1.5625125969380855,1.6106958048024729,1484.2360588072893,1517.9268248345281
ucl-2015-16-045,2015-16,knockout_phase,,2015-09-15T00:00:00+00:00,date_only,juventus,manchester-city,Juventus (ITA),Manchester City (ENG),1,0,openfootball,2015-09-15T00:00:00+00:00,0.47392812859246825,0.254367816091954,0.27170405531557773,1.6840630590650965,1.1795187835171537,1661.4526758777151,1538.4231588457533
ucl-2015-16-046,2015-16,knockout_phase,,2015-09-15T00:00:00+00:00,date_only,bor-m-nchengladbach,sevilla-fc,Bor. Mönchengladbach (GER),Sevilla FC (ESP),4,2,openfootball,2015-09-15T00:00:00+00:00,0.40786694259792516,0.25435406698564594,0.33777899041642895,1.2494464514734287,1.371442838821257,1469.0754665641787,1463.7397247960641
ucl-2015-16-047,2015-16,knockout_phase,,2015-09-15T00:00:00+00:00,date_only,manchester-city,bor-m-nchengladbach,Manchester City (ENG),Bor. Mönchengladbach (GER),4,2,openfootball,2015-09-15T00:00:00+00:00,0.4247984258468313,0.25434034416826,0.3208612299849087,1.754258101887022,1.3978566763851192,1522.467640311291,1487.6737075205488
ucl-2015-16-048,2015-16,knockout_phase,,2015-09-15T00:00:00+00:00,date_only,sevilla-fc,juventus,Sevilla FC (ESP),Juventus (ITA),1,0,openfootball,2015-09-15T00:00:00+00:00,0.27213088171773503,0.2543266475644699,0.47354247071779504,0.8495213309331869,1.6933060121765275,1445.141483839694,1677.4081944121774
ucl-2015-16-049,2015-16,knockout_phase,,2015-09-15T00:00:00+00:00,date_only,as-roma,fc-barcelona,AS Roma (ITA),FC Barcelona (ESP),1,1,openfootball,2015-09-15T00:00:00+00:00,0.21618329032714814,0.2543129770992366,0.5295037325736152,0.8541509645086008,2.4730565868836853,1468.6476811062387,1810.30803312988
ucl-2015-16-050,2015-16,knockout_phase,,2015-09-15T00:00:00+00:00,date_only,bayer-leverkusen,bate-borisov,Bayer Leverkusen (GER),BATE Borisov (BLR),4,1,openfootball,2015-09-15T00:00:00+00:00,0.49787833249983665,0.25429933269780747,0.24782233480235588,2.236395446168756,1.1735503097316622,1501.893203203331,1333.6472392293956
ucl-2015-16-051,2015-16,knockout_phase,,2015-09-15T00:00:00+00:00,date_only,fc-barcelona,bayer-leverkusen,FC Barcelona (ESP),Bayer Leverkusen (GER),2,1,openfootball,2015-09-15T00:00:00+00:00,0.5551455402118115,0.25428571428571434,0.19056874550247413,2.3866885444702803,0.9181560137388443,1804.0416242849506,1516.8920832493814
ucl-2015-16-052,2015-16,knockout_phase,,2015-09-15T00:00:00+00:00,date_only,bate-borisov,as-roma,BATE Borisov (BLR),AS Roma (ITA),3,2,openfootball,2015-09-15T00:00:00+00:00,0.3143540059737972,0.25427212178877256,0.43137387223743023,1.1051631730780964,2.6426386923067535,1318.6483591833453,1474.914089951168
ucl-2015-16-053,2015-16,knockout_phase,,2015-09-15T00:00:00+00:00,date_only,bate-borisov,fc-barcelona,BATE Borisov (BLR),FC Barcelona (ESP),0,2,openfootball,2015-09-15T00:00:00+00:00,0.15785223195182585,0.2542585551330798,0.5878892129150943,0.6655612089387916,2.7374640763272278,1340.988756508618,1816.7500883907637
ucl-2015-16-054,2015-16,knockout_phase,,2015-09-15T00:00:00+00:00,date_only,bayer-leverkusen,as-roma,Bayer Leverkusen (GER),AS Roma (ITA),4,4,openfootball,2015-09-15T00:00:00+00:00,0.4344224790805076,0.2542450142450142,0.3113325066744782,1.7218318015098255,1.583240441145081,1504.1836191435682,1452.5736926258953
ucl-2015-16-055,2015-16,knockout_phase,,2015-09-15T00:00:00+00:00,date_only,as-roma,bayer-leverkusen,AS Roma (ITA),Bayer Leverkusen (GER),3,2,openfootball,2015-09-15T00:00:00+00:00,0.37772778662348605,0.25423149905123343,0.3680407143252805,1.8310947269821405,1.7255686628587321,1455.035492074016,1501.7218196954475
ucl-2015-16-056,2015-16,knockout_phase,,2015-09-15T00:00:00+00:00,date_only,fc-barcelona,bate-borisov,FC Barcelona (ESP),BATE Borisov (BLR),3,0,openfootball,2015-09-15T00:00:00+00:00,0.6334645168869573,0.25421800947867296,0.11231747363436978,2.943917248095031,0.5831197226507356,1828.1493487714984,1329.5894961278834
ucl-2015-16-057,2015-16,knockout_phase,,2015-09-15T00:00:00+00:00,date_only,bate-borisov,bayer-leverkusen,BATE Borisov (BLR),Bayer Leverkusen (GER),1,1,openfootball,2015-09-15T00:00:00+00:00,0.31118323545000814,0.25420454545454546,0.43461221909544645,1.3450807298762695,2.2079354160989846,1320.0124369929351,1481.9155611414117
ucl-2015-16-058,2015-16,knockout_phase,,2015-09-15T00:00:00+00:00,date_only,fc-barcelona,as-roma,FC Barcelona (ESP),AS Roma (ITA),6,1,openfootball,2015-09-15T00:00:00+00:00,0.5868207218248603,0.2541911069063387,0.15898817126880094,2.6683055204095916,0.840044108262491,1837.7264079064466,1474.8417506280518
ucl-2015-16-059,2015-16,knockout_phase,,2015-09-15T00:00:00+00:00,date_only,bayer-leverkusen,fc-barcelona,Bayer Leverkusen (GER),FC Barcelona (ESP),1,1,openfootball,2015-09-15T00:00:00+00:00,0.20300995380629325,0.25417769376181476,0.5428123524318921,0.9353544772677714,2.3575929613956594,1479.4469814685028,1849.1697568953255
ucl-2015-16-060,2015-16,knockout_phase,,2015-09-15T00:00:00+00:00,date_only,as-roma,bate-borisov,AS Roma (ITA),BATE Borisov (BLR),0,0,openfootball,2015-09-15T00:00:00+00:00,0.48363866508023096,0.2541643059490085,0.2621970289707605,2.708019389438559,1.3178197825668003,1463.398401639173,1322.481016665844
ucl-2015-16-061,2015-16,knockout_phase,,2015-09-15T00:00:00+00:00,date_only,olympiakos-piraeus,bayern-m-nchen,Olympiakos Piraeus (GRE),Bayern München (GER),0,3,openfootball,2015-09-15T00:00:00+00:00,0.255608627524894,0.25415094339622646,0.4902404290788796,1.071553040536068,2.241389146518514,1534.2914877461071,1797.6909969975625
ucl-2015-16-062,2015-16,knockout_phase,,2015-09-15T00:00:00+00:00,date_only,dinamo-zagreb,arsenal-fc,Dinamo Zagreb (CRO),Arsenal FC (ENG),2,1,openfootball,2015-09-15T00:00:00+00:00,0.23111347526267068,0.25413760603204527,0.514748918705284,0.8606278878731147,2.162043144246963,1308.3845920942385,1619.631126646501
ucl-2015-16-063,2015-16,knockout_phase,,2015-09-15T00:00:00+00:00,date_only,arsenal-fc,olympiakos-piraeus,Arsenal FC (ENG),Olympiakos Piraeus (GRE),2,3,openfootball,2015-09-15T00:00:00+00:00,0.4476515383582265,0.2541242937853107,0.2982241678564627,1.7324785783337182,1.3000171373330256,1593.9584177776487,1518.9841237771868
ucl-2015-16-064,2015-16,knockout_phase,,2015-09-15T00:00:00+00:00,date_only,bayern-m-nchen,dinamo-zagreb,Bayern München (GER),Dinamo Zagreb (CRO),5,0,openfootball,2015-09-15T00:00:00+00:00,0.6275794475118894,0.2541110065851364,0.11830954590297416,2.987867550002827,0.5557059599977386,1812.9983609664828,1334.0573009630907
ucl-2015-16-065,2015-16,knockout_phase,,2015-09-15T00:00:00+00:00,date_only,arsenal-fc,bayern-m-nchen,Arsenal FC (ENG),Bayern München (GER),2,0,openfootball,2015-09-15T00:00:00+00:00,0.26172874979829325,0.25409774436090227,0.4841735058408045,1.1078051747990751,2.1562674880677166,1570.9698703676133,1822.8129629343046
ucl-2015-16-066,2015-16,knockout_phase,,2015-09-15T00:00:00+00:00,date_only,dinamo-zagreb,olympiakos-piraeus,Dinamo Zagreb (CRO),Olympiakos Piraeus (GRE),0,1,openfootball,2015-09-15T00:00:00+00:00,0.28011955142448025,0.2540845070422535,0.4657959415332663,1.1290345469828962,2.1451533147946353,1324.242698995269,1541.9726711872222
ucl-2015-16-067,2015-16,knockout_phase,,2015-09-15T00:00:00+00:00,date_only,bayern-m-nchen,arsenal-fc,Bayern München (GER),Arsenal FC (ENG),5,1,openfootball,2015-09-15T00:00:00+00:00,0.5156406343814053,0.2540712945590994,0.2302880710594953,2.232302903452644,1.0806122226924304,1798.3640678134543,1595.4187654884636
ucl-2015-16-068,2015-16,knockout_phase,,2015-09-15T00:00:00+00:00,date_only,olympiakos-piraeus,dinamo-zagreb,Olympiakos Piraeus (GRE),Dinamo Zagreb (CRO),2,1,openfootball,2015-09-15T00:00:00+00:00,0.538520273810893,0.254058106841612,0.20742161934749498,2.2831312183684562,0.9694950253052353,1558.2591433850464,1307.9562267974447
ucl-2015-16-069,2015-16,knockout_phase,,2015-09-15T00:00:00+00:00,date_only,bayern-m-nchen,olympiakos-piraeus,Bayern München (GER),Olympiakos Piraeus (GRE),4,0,openfootball,2015-09-15T00:00:00+00:00,0.5341578298658899,0.2540449438202247,0.2117972263138854,2.416087967114127,1.0059867691658415,1812.6570165470162,1571.6371702957783
ucl-2015-16-070,2015-16,knockout_phase,,2015-09-15T00:00:00+00:00,date_only,arsenal-fc,dinamo-zagreb,Arsenal FC (ENG),Dinamo Zagreb (CRO),3,0,openfootball,2015-09-15T00:00:00+00:00,0.5550674920290689,0.2540318054256315,0.19090070254529962,2.3010973730311832,0.9051221015750537,1581.1258167549017,1294.5781998867128
ucl-2015-16-071,2015-16,knockout_phase,,2015-09-15T00:00:00+00:00,date_only,dinamo-zagreb,bayern-m-nchen,Dinamo Zagreb (CRO),Bayern München (GER),0,2,openfootball,2015-09-15T00:00:00+00:00,0.13286584512925265,0.25401869158878504,0.6131154632819624,0.49970977600034344,2.9045655125330585,1281.8615356763883,1826.2098044759762
ucl-2015-16-072,2015-16,knockout_phase,,2015-09-15T00:00:00+00:00,date_only,olympiakos-piraeus,arsenal-fc,Olympiakos Piraeus (GRE),Arsenal FC (ENG),0,3,openfootball,2015-09-15T00:00:00+00:00,0.3842081575432513,0.25400560224089636,0.3617862402158524,1.4872604080307386,1.6120740265165856,1558.0843823668183,1593.8424809652263
ucl-2015-16-073,2015-16,knockout_phase,,2015-09-15T00:00:00+00:00,date_only,dinamo-kiev,fc-porto,Dinamo Kiev (UKR),FC Porto (POR),2,2,openfootball,2015-09-15T00:00:00+00:00,0.32350971416464297,0.25399253731343285,0.4224977485219241,1.0585342286166033,1.676950394884495,1457.8225906609157,1598.2481829876583
ucl-2015-16-074,2015-16,knockout_phase,,2015-09-15T00:00:00+00:00,date_only,chelsea-fc,maccabi-tel-aviv,Chelsea FC (ENG),Maccabi Tel Aviv (ISR),4,0,openfootball,2015-09-15T00:00:00+00:00,0.5158643806555896,0.2539794967381174,0.23015612260629295,2.4175947362483674,0.8901293392064344,1703.2675296518867,1500.0
ucl-2015-16-075,2015-16,knockout_phase,,2015-09-15T00:00:00+00:00,date_only,fc-porto,chelsea-fc,FC Porto (POR),Chelsea FC (ENG),2,1,openfootball,2015-09-15T00:00:00+00:00,0.3345208785162537,0.2539664804469274,0.41151264103681895,1.2724503416019068,1.7850819802396014,1596.2684223005126,1717.5533644909008
ucl-2015-16-076,2015-16,knockout_phase,,2015-09-15T00:00:00+00:00,date_only,maccabi-tel-aviv,dinamo-kiev,Maccabi Tel Aviv (ISR),Dinamo Kiev (UKR),0,2,openfootball,2015-09-15T00:00:00+00:00,0.4199329558278556,0.2539534883720931,0.3261135558000513,1.641593178177437,1.4827254574580504,1485.7141651609859,1459.8023513480614
ucl-2015-16-077,2015-16,knockout_phase,,2015-09-15T00:00:00+00:00,date_only,fc-porto,maccabi-tel-aviv,FC Porto (POR),Maccabi Tel Aviv (ISR),2,0,openfootball,2015-09-15T00:00:00+00:00,0.49067851540277413,0.25394052044609666,0.25538096415112915,1.924779321894039,0.9267647777788862,1617.8082575509238,1463.8377771604298
ucl-2015-16-078,2015-16,knockout_phase,,2015-09-15T00:00:00+00:00,date_only,dinamo-kiev,chelsea-fc,Dinamo Kiev (UKR),Chelsea FC (ENG),0,0,openfootball,2015-09-15T00:00:00+00:00,0.2820372467136338,0.2539275766016713,0.46403517668469496,1.002612164886025,2.183706186458527,1481.6787393486175,1696.0135292404896
ucl-2015-16-079,2015-16,knockout_phase,,2015-09-15T00:00:00+00:00,date_only,chelsea-fc,dinamo-kiev,Chelsea FC (ENG),Dinamo Kiev (UKR),2,1,openfootball,2015-09-15T00:00:00+00:00,0.5177887131940445,0.25391465677179964,0.22829663003415587,2.2533300409696815,0.8815712613419019,1692.3735706410682,1485.3186979480388
ucl-2015-16-080,2015-16,knockout_phase,,2015-09-15T00:00:00+00:00,date_only,maccabi-tel-aviv,fc-porto,Maccabi Tel Aviv (ISR),FC Porto (POR),1,3,openfootball,2015-09-15T00:00:00+00:00,0.29854576436325475,0.2539017608897127,0.4475524747470325,0.9384234069385319,1.8174834966713966,1448.5437281854627,1633.102306525891
ucl-2015-16-081,2015-16,knockout_phase,,2015-09-15T00:00:00+00:00,date_only,maccabi-tel-aviv,chelsea-fc,Maccabi Tel Aviv (ISR),Chelsea FC (ENG),0,4,openfootball,2015-09-15T00:00:00+00:00,0.24960982368079834,0.2538888888888889,0.49650128743031285,0.8269536572786806,2.3323094146025873,1431.5238623931382,1706.5837289778704
ucl-2015-16-082,2015-16,knockout_phase,,2015-09-15T00:00:00+00:00,date_only,fc-porto,dinamo-kiev,FC Porto (POR),Dinamo Kiev (UKR),0,2,openfootball,2015-09-15T00:00:00+00:00,0.5036999739379033,0.2538760407030527,0.24242398535904403,1.8600871181649064,0.9488393963771656,1650.1221723182155,1471.1085396112367
ucl-2015-16-083,2015-16,knockout_phase,,2015-09-15T00:00:00+00:00,date_only,chelsea-fc,fc-porto,Chelsea FC (ENG),FC Porto (POR),2,0,openfootball,2015-09-15T00:00:00+00:00,0.45990471174836783,0.25386321626617375,0.28623207198545836,1.8715104485795688,1.1886650588578642,1721.6458997028801,1624.8966525466383
ucl-2015-16-084,2015-16,knockout_phase,,2015-09-15T00:00:00+00:00,date_only,dinamo-kiev,maccabi-tel-aviv,Dinamo Kiev (UKR),Maccabi Tel Aviv (ISR),1,0,openfootball,2015-09-15T00:00:00+00:00,0.45055229788623796,0.2538504155124654,0.2955972866012966,1.9365603064289045,0.8842517548568763,1496.3340593828138,1416.4616916681284
ucl-2015-16-085,2015-16,knockout_phase,,2015-09-15T00:00:00+00:00,date_only,valencia-cf,zenit-st-petersburg,Valencia CF (ESP),Zenit St. Petersburg (RUS),2,3,openfootball,2015-09-15T00:00:00+00:00,0.4444325633152604,0.25383763837638373,0.3017297983083559,1.701247235961767,1.0016688778972531,1541.1363339034885,1472.2110793207967
ucl-2015-16-086,2015-16,knockout_phase,,2015-09-15T00:00:00+00:00,date_only,kaa-gent,olympique-lyonnais,KAA Gent (BEL),Olympique Lyonnais (FRA),1,1,openfootball,2015-09-15T00:00:00+00:00,0.40494144187306363,0.2538248847926267,0.3412336733343096,1.4948133245438155,1.6251493403649477,1500.0,1500.2240105474216
ucl-2015-16-087,2015-16,knockout_phase,,2015-09-15T00:00:00+00:00,date_only,olympique-lyonnais,valencia-cf,Olympique Lyonnais (FRA),Valencia CF (ESP),0,1,openfootball,2015-09-15T00:00:00+00:00,0.39534578730355385,0.2538121546961326,0.35084205800031354,1.4393465727623718,1.677856075123436,1501.4981659181967,1518.2822786033505
ucl-2015-16-088,2015-16,knockout_phase,,2015-09-15T00:00:00+00:00,date_only,zenit-st-petersburg,kaa-gent,Zenit St. Petersburg (RUS),KAA Gent (BEL),2,1,openfootball,2015-09-15T00:00:00+00:00,0.4029654677637964,0.2537994480220791,0.3432350842141245,1.2169494083264252,1.3691071400055268,1495.0651346209347,1498.7258446292249
ucl-2015-16-089,2015-16,knockout_phase,,2015-09-15T00:00:00+00:00,date_only,valencia-cf,kaa-gent,Valencia CF (ESP),KAA Gent (BEL),2,1,openfootball,2015-09-15T00:00:00+00:00,0.43901443358459386,0.25378676470588235,0.3071988017095238,1.9471543618521086,1.0716098438516464,1539.1723531894154,1479.9204523002184
ucl-2015-16-090,2015-16,knockout_phase,,2015-09-15T00:00:00+00:00,date_only,zenit-st-petersburg,olympique-lyonnais,Zenit St. Petersburg (RUS),Olympique Lyonnais (FRA),3,1,openfootball,2015-09-15T00:00:00+00:00,0.4242452206216164,0.2537741046831956,0.321980674695188,1.3227186963481747,1.3528250429214603,1513.8705269499412,1480.6080913321318
ucl-2015-16-091,2015-16,knockout_phase,,2015-09-15T00:00:00+00:00,date_only,olympique-lyonnais,zenit-st-petersburg,Olympique Lyonnais (FRA),Zenit St. Petersburg (RUS),0,2,openfootball,2015-09-15T00:00:00+00:00,0.36485844170079834,0.2537614678899083,0.3813800904092933,1.419499645658897,1.3080193310919301,1462.6533822506603,1531.8252360314127
ucl-2015-16-092,2015-16,knockout_phase,,2015-09-15T00:00:00+00:00,date_only,kaa-gent,valencia-cf,KAA Gent (BEL),Valencia CF (ESP),1,0,openfootball,2015-09-15T00:00:00+00:00,0.3504283734151875,0.25374885426214483,0.3958227723226676,1.1416839369881715,1.862652850409463,1462.5567649377197,1556.536040551914
ucl-2015-16-093,2015-16,knockout_phase,,2015-09-15T00:00:00+00:00,date_only,zenit-st-petersburg,valencia-cf,Zenit St. Petersburg (RUS),Valencia CF (ESP),2,0,openfootball,2015-09-15T00:00:00+00:00,0.41428040353670226,0.2537362637362638,0.33198333272703395,1.313222208736232,1.4494222330110145,1551.4948030572427,1535.6281525737645
ucl-2015-16-094,2015-16,knockout_phase,,2015-09-15T00:00:00+00:00,date_only,olympique-lyonnais,kaa-gent,Olympique Lyonnais (FRA),KAA Gent (BEL),1,2,openfootball,2015-09-15T00:00:00+00:00,0.38160178337501766,0.2537236962488564,0.36467452037612597,1.336265968590801,1.4019872251273593,1442.9838152248303,1483.4646529158692
ucl-2015-16-095,2015-16,knockout_phase,,2015-09-15T00:00:00+00:00,date_only,valencia-cf,olympique-lyonnais,Valencia CF (ESP),Olympique Lyonnais (FRA),0,2,openfootball,2015-09-15T00:00:00+00:00,0.4588282357506899,0.25371115173674585,0.2874606125125643,1.7926073533542546,1.1244141173165965,1517.274093989958,1422.6452699648526
ucl-2015-16-096,2015-16,knockout_phase,,2015-09-15T00:00:00+00:00,date_only,kaa-gent,zenit-st-petersburg,KAA Gent (BEL),Zenit St. Petersburg (RUS),2,1,openfootball,2015-09-15T00:00:00+00:00,0.3667111729065797,0.25369863013698635,0.379590196956434,1.3281198418491735,1.280872547573293,1503.803198175847,1569.8488616410493
ucl-2015-16-097,2015-16,knockout_phase,,2016-02-16T00:00:00+00:00,date_only,paris-saint-germain,chelsea-fc,Paris Saint-Germain (FRA),Chelsea FC (ENG),2,1,openfootball,2016-02-16T00:00:00+00:00,0.3917932611442394,0.2536861313868613,0.35452060746889935,1.5082321621442096,1.607932788803151,1715.1621525917844,1738.1724469076219
ucl-2015-16-098,2015-16,knockout_phase,,2016-02-16T00:00:00+00:00,date_only,sl-benfica,zenit-st-petersburg,SL Benfica (POR),Zenit St. Petersburg (RUS),1,0,openfootball,2016-02-16T00:00:00+00:00,0.38776802123613313,0.2536736554238833,0.35855832333998355,1.300933271196992,1.1817239712777003,1519.6523830670312,1549.5912811600522
ucl-2015-16-099,2015-16,knockout_phase,,2016-02-16T00:00:00+00:00,date_only,kaa-gent,vfl-wolfsburg,KAA Gent (BEL),VfL Wolfsburg (GER),2,3,openfootball,2016-02-16T00:00:00+00:00,0.3974054201203528,0.25366120218579236,0.34893337769385485,1.2755202559624323,1.3422504618967208,1524.0607786568441,1537.4364715019256
ucl-2015-16-100,2015-16,knockout_phase,,2016-02-16T00:00:00+00:00,date_only,as-roma,real-madrid,AS Roma (ITA),Real Madrid (ESP),0,2,openfootball,2016-02-16T00:00:00+00:00,0.1687808973507878,0.25364877161055505,0.5775703310386571,0.7908817695565201,2.896130405250306,1458.9695689169837,1907.6427887327416
ucl-2015-16-101,2015-16,knockout_phase,,2016-02-16T00:00:00+00:00,date_only,arsenal-fc,fc-barcelona,Arsenal FC (ENG),FC Barcelona (ESP),0,2,openfootball,2016-02-16T00:00:00+00:00,0.2746484067732522,0.2536363636363636,0.4717152295903842,1.1607002394266983,2.020187061205894,1614.2909193117744,1842.3737089228134
ucl-2015-16-102,2015-16,knockout_phase,,2016-02-16T00:00:00+00:00,date_only,juventus,bayern-m-nchen,Juventus (ITA),Bayern München (GER),2,2,openfootball,2016-02-16T00:00:00+00:00,0.29940391304354474,0.25362397820163485,0.44697210875482046,1.0881917463118327,1.9573147348186657,1653.379962632176,1836.604812112922
ucl-2015-16-103,2015-16,knockout_phase,,2016-02-16T00:00:00+00:00,date_only,psv-eindhoven,atl-tico-madrid,PSV Eindhoven (NED),Atlético Madrid (ESP),0,0,openfootball,2016-02-16T00:00:00+00:00,0.294759222342623,0.2536116152450091,0.45162916241236795,0.7603793124462721,1.8705536929001252,1519.1064375374335,1710.651262601907
ucl-2015-16-104,2015-16,knockout_phase,,2016-02-16T00:00:00+00:00,date_only,dinamo-kiev,manchester-city,Dinamo Kiev (UKR),Manchester City (ENG),1,3,openfootball,2016-02-16T00:00:00+00:00,0.38942787510475807,0.25359927470534904,0.3569728501898929,1.4886760667953056,1.5615808856941902,1513.234959157115,1540.3888963940526
ucl-2015-16-105,2015-16,knockout_phase,,2016-02-16T00:00:00+00:00,date_only,vfl-wolfsburg,kaa-gent,VfL Wolfsburg (GER),KAA Gent (BEL),1,0,openfootball,2016-02-16T00:00:00+00:00,0.43690524379567997,0.2535869565217391,0.3095077996825809,1.7375240502136893,1.2488379026861915,1558.4059123504555,1503.0913378083142
ucl-2015-16-106,2015-16,knockout_phase,,2016-02-16T00:00:00+00:00,date_only,real-madrid,as-roma,Real Madrid (ESP),AS Roma (ITA),2,0,openfootball,2016-02-16T00:00:00+00:00,0.6259555279125997,0.2535746606334842,0.12046981145391607,3.0933115136510723,0.6996116586443597,1919.4670000589842,1447.145357590741
ucl-2015-16-107,2015-16,knockout_phase,,2016-02-16T00:00:00+00:00,date_only,zenit-st-petersburg,sl-benfica,Zenit St. Petersburg (RUS),SL Benfica (POR),1,2,openfootball,2016-02-16T00:00:00+00:00,0.40006005197624167,0.25356238698010847,0.34637756104364986,1.2411608335788178,1.2059284759940887,1530.175475117975,1539.0681891091083
ucl-2015-16-108,2015-16,knockout_phase,,2016-02-16T00:00:00+00:00,date_only,chelsea-fc,paris-saint-germain,Chelsea FC (ENG),Paris Saint-Germain (FRA),1,2,openfootball,2016-02-16T00:00:00+00:00,0.39623140213101915,0.253550135501355,0.3502184623676259,1.6853975867310909,1.4320192800127178,1718.9178999811286,1734.4166995182777
ucl-2015-16-109,2015-16,knockout_phase,,2016-02-16T00:00:00+00:00,date_only,atl-tico-madrid,psv-eindhoven,Atlético Madrid (ESP),PSV Eindhoven (NED),8,7,openfootball,2016-02-16T00:00:00+00:00,0.5071183833304838,0.25353790613718413,0.2393437105323322,1.9230403382000518,0.6332434051156344,1707.5138638005121,1522.2438363388285
ucl-2015-16-110,2015-16,knockout_phase,,2016-02-16T00:00:00+00:00,date_only,manchester-city,dinamo-kiev,Manchester City (ENG),Dinamo Kiev (UKR),0,0,openfootball,2016-02-16T00:00:00+00:00,0.4443525030250707,0.25352569882777276,0.30212179814715656,1.78121011519461,1.3293652411776453,1561.0379968923498,1492.5858586588179
ucl-2015-16-111,2015-16,knockout_phase,,2016-02-16T00:00:00+00:00,date_only,fc-barcelona,arsenal-fc,FC Barcelona (ESP),Arsenal FC (ENG),3,1,openfootball,2016-02-16T00:00:00+00:00,0.5435162662210635,0.25351351351351353,0.20297022026542288,2.207801172517445,1.0308343308032482,1858.4323724664707,1598.232255768117
ucl-2015-16-112,2015-16,knockout_phase,,2016-02-16T00:00:00+00:00,date_only,bayern-m-nchen,juventus,Bayern München (GER),Juventus (ITA),4,2,openfootball,2016-02-16T00:00:00+00:00,0.5030865989570881,0.2535013501350135,0.24341205090789836,2.1064781121296003,1.0215701984683627,1833.6534481986964,1656.3313265464017
ucl-2015-16-113,2015-16,knockout_phase,,2016-02-16T00:00:00+00:00,date_only,bayern-m-nchen,sl-benfica,Bayern München (GER),SL Benfica (POR),1,0,openfootball,2016-02-16T00:00:00+00:00,0.5562566635789643,0.25348920863309354,0.19025412778794212,2.285797013485244,0.85034111261606,1848.4599572377126,1560.14183892776
ucl-2015-16-114,2015-16,knockout_phase,,2016-02-16T00:00:00+00:00,date_only,fc-barcelona,atl-tico-madrid,FC Barcelona (ESP),Atlético Madrid (ESP),2,1,openfootball,2016-02-16T00:00:00+00:00,0.488610755815355,0.25347708894878707,0.2579121552358579,2.0119944281341238,1.2143114342368868,1871.621451547358,1722.158370344549
ucl-2015-16-115,2015-16,knockout_phase,,2016-02-16T00:00:00+00:00,date_only,vfl-wolfsburg,real-madrid,VfL Wolfsburg (GER),Real Madrid (ESP),2,0,openfootball,2016-02-16T00:00:00+00:00,0.21078781550224227,0.2534649910233393,0.5357471934744185,0.8100326160640371,2.635666214841078,1575.8579634681935,1929.3572857298107
ucl-2015-16-116,2015-16,knockout_phase,,2016-02-16T00:00:00+00:00,date_only,paris-saint-germain,manchester-city,Paris Saint-Germain (FRA),Manchester City (ENG),2,2,openfootball,2016-02-16T00:00:00+00:00,0.5131695245124858,0.2534529147982063,0.23337756068930796,1.9869890156349976,1.1523547334379478,1755.3369583135457,1558.1933827947917
ucl-2015-16-117,2015-16,knockout_phase,,2016-02-16T00:00:00+00:00,date_only,real-madrid,vfl-wolfsburg,Real Madrid (ESP),VfL Wolfsburg (GER),3,0,openfootball,2016-02-16T00:00:00+00:00,0.5616397262011369,0.2534408602150538,0.18491941358380942,2.698775664907499,0.8145914083725083,1902.8580981703672,1602.357151027637
ucl-2015-16-118,2015-16,knockout_phase,,2016-02-16T00:00:00+00:00,date_only,manchester-city,paris-saint-germain,Manchester City (ENG),Paris Saint-Germain (FRA),1,0,openfootball,2016-02-16T00:00:00+00:00,0.2979550943027512,0.2534288272157565,0.4486160784814923,1.2676716648091793,1.834494247100025,1563.7892220712552,1749.7411190370822
ucl-2015-16-119,2015-16,knockout_phase,,2016-02-16T00:00:00+00:00,date_only,sl-benfica,bayern-m-nchen,SL Benfica (POR),Bayern München (GER),2,2,openfootball,2016-02-16T00:00:00+00:00,0.2301254589778692,0.25341681574239716,0.5164577252797337,0.87943498593474,2.1153686779188745,1547.4618896435804,1861.1399065218923
ucl-2015-16-120,2015-16,knockout_phase,,2016-02-16T00:00:00+00:00,date_only,atl-tico-madrid,fc-barcelona,Atlético Madrid (ESP),FC Barcelona (ESP),2,0,openfootball,2016-02-16T00:00:00+00:00,0.30116902626441133,0.2534048257372654,0.4454261479983233,1.276622234168491,1.8928840308470254,1706.772342356139,1887.007479535768
ucl-2015-16-121,2015-16,knockout_phase,,2016-02-16T00:00:00+00:00,date_only,manchester-city,real-madrid,Manchester City (ENG),Real Madrid (ESP),0,0,openfootball,2016-02-16T00:00:00+00:00,0.22281487403618772,0.25339285714285714,0.5237922688209551,1.0421085801904684,2.3221069502806153,1586.80244175483,1915.3236919180206
ucl-2015-16-122,2015-16,knockout_phase,,2016-02-16T00:00:00+00:00,date_only,atl-tico-madrid,bayern-m-nchen,Atlético Madrid (ESP),Bayern München (GER),1,0,openfootball,2016-02-16T00:00:00+00:00,0.33220530278308397,0.25338090990187334,0.4144137873150427,1.3485368529958017,1.9655576143775522,1729.6574847908173,1855.413261195855
ucl-2015-16-123,2015-16,knockout_phase,,2016-02-16T00:00:00+00:00,date_only,bayern-m-nchen,atl-tico-madrid,Bayern München (GER),Atlético Madrid (ESP),2,1,openfootball,2016-02-16T00:00:00+00:00,0.45229021170869355,0.25336898395721924,0.29434080433408716,2.030828127344361,1.2713374981245114,1833.7690915052158,1751.3016544814566
ucl-2015-16-124,2015-16,knockout_phase,,2016-02-16T00:00:00+00:00,date_only,real-madrid,manchester-city,Real Madrid (ESP),Manchester City (ENG),1,0,openfootball,2016-02-16T00:00:00+00:00,0.5685632779810776,0.25335707925200357,0.17807964276691873,2.4443411892492275,0.9607290688026383,1909.3041440223253,1592.8219896505252
ucl-2015-16-125,2015-16,knockout_phase,,2016-02-16T00:00:00+00:00,date_only,real-madrid,atl-tico-madrid,Real Madrid (ESP),Atlético Madrid (ESP),5,3,openfootball,2016-02-16T00:00:00+00:00,0.5081448851204116,0.2533451957295374,0.23850991915005104,2.1821115239075777,1.1253107808739378,1921.494471318042,1734.4606426289488
ucl-2016-17-001,2016-17,knockout_phase,,2016-09-13T00:00:00+00:00,date_only,fc-basel-1893,pfc-ludogorets-razgrad,FC Basel 1893 (SUI),PFC Ludogorets Razgrad (BUL),1,1,openfootball,2016-09-13T00:00:00+00:00,0.4351773994722471,0.2533333333333333,0.3114892671944196,1.5561941776396022,1.429616086459747,1510.0686877619034,1458.0642460229524
ucl-2016-17-002,2016-17,knockout_phase,,2016-09-13T00:00:00+00:00,date_only,paris-saint-germain,arsenal-fc,Paris Saint-Germain (FRA),Arsenal FC (ENG),1,1,openfootball,2016-09-13T00:00:00+00:00,0.48459320612843154,0.2533214920071048,0.2620853018644637,1.888070602221898,1.1680435182224815,1726.7278993535074,1585.0431766872298
ucl-2016-17-003,2016-17,knockout_phase,,2016-09-13T00:00:00+00:00,date_only,arsenal-fc,fc-basel-1893,Arsenal FC (ENG),FC Basel 1893 (SUI),2,0,openfootball,2016-09-13T00:00:00+00:00,0.45200899437386294,0.25330967169476487,0.29468133393137214,1.7663736747134684,1.2266510602292253,1589.4933347725091,1507.594925116347
ucl-2016-17-004,2016-17,knockout_phase,,2016-09-13T00:00:00+00:00,date_only,pfc-ludogorets-razgrad,paris-saint-germain,PFC Ludogorets Razgrad (BUL),Paris Saint-Germain (FRA),1,3,openfootball,2016-09-13T00:00:00+00:00,0.256774120820724,0.25329787234042556,0.4899280068388504,0.8393835561669006,2.1119931550664797,1460.5380086685088,1722.277741268228
ucl-2016-17-005,2016-17,knockout_phase,,2016-09-13T00:00:00+00:00,date_only,arsenal-fc,pfc-ludogorets-razgrad,Arsenal FC (ENG),PFC Ludogorets Razgrad (BUL),6,0,openfootball,2016-09-13T00:00:00+00:00,0.4948649379262288,0.2532860938883968,0.25184896818537444,1.9342880793123234,1.1525695365501414,1606.3467815636593,1445.2010863888713
ucl-2016-17-006,2016-17,knockout_phase,,2016-09-13T00:00:00+00:00,date_only,paris-saint-germain,fc-basel-1893,Paris Saint-Germain (FRA),FC Basel 1893 (SUI),3,0,openfootball,2016-09-13T00:00:00+00:00,0.5374756533274453,0.25327433628318585,0.20925001038936886,2.1439094725340424,0.8354178765182207,1737.6146635478656,1490.7414783251968
ucl-2016-17-007,2016-17,knockout_phase,,2016-09-13T00:00:00+00:00,date_only,fc-basel-1893,paris-saint-germain,FC Basel 1893 (SUI),Paris Saint-Germain (FRA),1,2,openfootball,2016-09-13T00:00:00+00:00,0.25050333324550983,0.25326259946949603,0.49623406728499414,0.8624681023731627,2.035437282807352,1477.3059911839582,1751.0501506891042
ucl-2016-17-008,2016-17,knockout_phase,,2016-09-13T00:00:00+00:00,date_only,pfc-ludogorets-razgrad,arsenal-fc,PFC Ludogorets Razgrad (BUL),Arsenal FC (ENG),2,3,openfootball,2016-09-13T00:00:00+00:00,0.2949684693660614,0.2532508833922261,0.45178064724171246,1.1720175812174998,1.9737705504106156,1430.0614057836883,1621.4864621688423
ucl-2016-17-009,2016-17,knockout_phase,,2016-09-13T00:00:00+00:00,date_only,arsenal-fc,paris-saint-germain,Arsenal FC (ENG),Paris Saint-Germain (FRA),2,2,openfootball,2016-09-13T00:00:00+00:00,0.33109908045331415,0.25323918799646955,0.41566173155021635,1.3316940536843305,1.7215538479616266,1638.3502186113292,1766.1355360083144
ucl-2016-17-010,2016-17,knockout_phase,,2016-09-13T00:00:00+00:00,date_only,pfc-ludogorets-razgrad,fc-basel-1893,PFC Ludogorets Razgrad (BUL),FC Basel 1893 (SUI),0,0,openfootball,2016-09-13T00:00:00+00:00,0.3768732448373076,0.25322751322751325,0.36989924193517915,1.5513697584526,1.5326819710156978,1413.1976493412014,1462.220605864748
ucl-2016-17-011,2016-17,knockout_phase,,2016-09-13T00:00:00+00:00,date_only,fc-basel-1893,arsenal-fc,FC Basel 1893 (SUI),Arsenal FC (ENG),1,4,openfootball,2016-09-13T00:00:00+00:00,0.30268065060986554,0.253215859030837,0.44410349035929747,1.180265511907936,1.7990098126958733,1462.3600859227906,1640.0414716332673
ucl-2016-17-012,2016-17,knockout_phase,,2016-09-13T00:00:00+00:00,date_only,paris-saint-germain,pfc-ludogorets-razgrad,Paris Saint-Germain (FRA),PFC Ludogorets Razgrad (BUL),2,2,openfootball,2016-09-13T00:00:00+00:00,0.583049837622728,0.2532042253521127,0.16374593702515924,2.4663931899907765,0.6943140194359503,1764.4442829863763,1413.0581692831588
ucl-2016-17-013,2016-17,knockout_phase,,2016-09-13T00:00:00+00:00,date_only,dinamo-kiev,ssc-napoli,Dinamo Kiev (UKR),SSC Napoli (ITA),1,2,openfootball,2016-09-13T00:00:00+00:00,0.3598601301052108,0.2531926121372032,0.386947257757586,1.3048138745573956,1.5164346146397976,1495.430472756376,1573.6538232875012
ucl-2016-17-014,2016-17,knockout_phase,,2016-09-13T00:00:00+00:00,date_only,sl-benfica,be-ikta,SL Benfica (POR),Beşiktaş (TUR),1,1,openfootball,2016-09-13T00:00:00+00:00,0.4359378694312018,0.2531810193321617,0.3108811112366365,1.2959027265097691,1.0434883451079742,1553.1885349696176,1500.0
ucl-2016-17-015,2016-17,knockout_phase,,2016-09-13T00:00:00+00:00,date_only,be-ikta,dinamo-kiev,Beşiktaş (TUR),Dinamo Kiev (UKR),1,1,openfootball,2016-09-13T00:00:00+00:00,0.4207285956681842,0.2531694468832309,0.32610195744858494,1.3921074332120567,1.0448140534303547,1502.5011351638914,1475.9722153094235
ucl-2016-17-016,2016-17,knockout_phase,,2016-09-13T00:00:00+00:00,date_only,ssc-napoli,sl-benfica,SSC Napoli (ITA),SL Benfica (POR),4,2,openfootball,2016-09-13T00:00:00+00:00,0.42983042078810973,0.25315789473684214,0.3170116844750481,1.4146131600331988,1.175420583084552,1593.1120807344537,1550.6873998057263
ucl-2016-17-017,2016-17,knockout_phase,,2016-09-13T00:00:00+00:00,date_only,dinamo-kiev,sl-benfica,Dinamo Kiev (UKR),SL Benfica (POR),0,2,openfootball,2016-09-13T00:00:00+00:00,0.37338070826971026,0.2531463628396144,0.3734729288906753,1.1991008112848567,1.2152907795435433,1477.8647480738155,1532.9437745319874
ucl-2016-17-018,2016-17,knockout_phase,,2016-09-13T00:00:00+00:00,date_only,ssc-napoli,be-ikta,SSC Napoli (ITA),Beşiktaş (TUR),2,3,openfootball,2016-09-13T00:00:00+00:00,0.4677653215702985,0.25313485113835377,0.27909982729134775,1.9896503641183552,1.3153908198164268,1610.8557060081926,1500.6086023994994
ucl-2016-17-019,2016-17,knockout_phase,,2016-09-13T00:00:00+00:00,date_only,be-ikta,ssc-napoli,Beşiktaş (TUR),SSC Napoli (ITA),1,1,openfootball,2016-09-13T00:00:00+00:00,0.3689453249156538,0.2531233595800525,0.3779313155042937,1.6177495968020543,1.8418003225583568,1524.3819122850784,1587.0823961226135
ucl-2016-17-020,2016-17,knockout_phase,,2016-09-13T00:00:00+00:00,date_only,sl-benfica,dinamo-kiev,SL Benfica (POR),Dinamo Kiev (UKR),1,0,openfootball,2016-09-13T00:00:00+00:00,0.45944343687224,0.2531118881118881,0.2874446750158719,1.4061259997519158,1.022823338129502,1552.941930119568,1457.8665924862348
ucl-2016-17-021,2016-17,knockout_phase,,2016-09-13T00:00:00+00:00,date_only,be-ikta,sl-benfica,Beşiktaş (TUR),SL Benfica (POR),3,3,openfootball,2016-09-13T00:00:00+00:00,0.37931927369389856,0.25310043668122273,0.3675802896248787,1.2129845136207043,1.2038732586686538,1524.5616320968513,1569.5019548824407
ucl-2016-17-022,2016-17,knockout_phase,,2016-09-13T00:00:00+00:00,date_only,ssc-napoli,dinamo-kiev,SSC Napoli (ITA),Dinamo Kiev (UKR),0,0,openfootball,2016-09-13T00:00:00+00:00,0.48681999052070013,0.2530890052356021,0.2600910042436978,1.796885646045121,1.12515814983057,1586.9026763108407,1441.3065677233621
ucl-2016-17-023,2016-17,knockout_phase,,2016-09-13T00:00:00+00:00,date_only,dinamo-kiev,be-ikta,Dinamo Kiev (UKR),Beşiktaş (TUR),6,0,openfootball,2016-09-13T00:00:00+00:00,0.35976266459923695,0.253077593722755,0.38715974167800804,1.0962619125278592,1.385657136644379,1445.8411474489021,1524.326852415471
ucl-2016-17-024,2016-17,knockout_phase,,2016-09-13T00:00:00+00:00,date_only,sl-benfica,ssc-napoli,SL Benfica (POR),SSC Napoli (ITA),1,2,openfootball,2016-09-13T00:00:00+00:00,0.39815472509395006,0.25306620209059233,0.34877907281545767,1.383667413369197,1.33100155317561,1569.736734563821,1582.3680965853007
ucl-2016-17-025,2016-17,knockout_phase,,2016-09-13T00:00:00+00:00,date_only,fc-barcelona,celtic-fc,FC Barcelona (ESP),Celtic FC (SCO),7,0,openfootball,2016-09-13T00:00:00+00:00,0.6186062704249878,0.25305483028720627,0.12833889928780592,2.66259263942014,0.6307146208582542,1864.1223371010897,1415.8280712053725
ucl-2016-17-026,2016-17,knockout_phase,,2016-09-13T00:00:00+00:00,date_only,manchester-city,bor-m-nchengladbach,Manchester City (ENG),Bor. Mönchengladbach (GER),4,0,openfootball,2016-09-13T00:00:00+00:00,0.4681677966184616,0.2530434782608696,0.2787887251206688,1.8428341250395466,1.2739066130118408,1580.6316623548084,1469.7524514377872
ucl-2016-17-027,2016-17,knockout_phase,,2016-09-13T00:00:00+00:00,date_only,bor-m-nchengladbach,fc-barcelona,Bor. Mönchengladbach (GER),FC Barcelona (ESP),1,2,openfootball,2016-09-13T00:00:00+00:00,0.18058714963098169,0.25303214596003476,0.5663807044089836,0.723198689837318,2.588210278899376,1453.540032867743,1874.316989678346
ucl-2016-17-028,2016-17,knockout_phase,,2016-09-13T00:00:00+00:00,date_only,celtic-fc,manchester-city,Celtic FC (SCO),Manchester City (ENG),3,3,openfootball,2016-09-13T00:00:00+00:00,0.29517894666567707,0.25302083333333336,0.45180022000098957,1.1392292099908148,1.9310452034359196,1405.633418628116,1596.8440809248525
ucl-2016-17-029,2016-17,knockout_phase,,2016-09-13T00:00:00+00:00,date_only,celtic-fc,bor-m-nchengladbach,Celtic FC (SCO),Bor. Mönchengladbach (GER),0,2,openfootball,2016-09-13T00:00:00+00:00,0.3866263082615207,0.253009540329575,0.36036415140890427,1.4679249501095994,1.9383267065789873,1408.7658440948223,1441.2559039633031
ucl-2016-17-030,2016-17,knockout_phase,,2016-09-13T00:00:00+00:00,date_only,fc-barcelona,manchester-city,FC Barcelona (ESP),Manchester City (ENG),4,0,openfootball,2016-09-13T00:00:00+00:00,0.558641907315521,0.25299826689774696,0.18835982578673205,2.2749656417127775,1.0423641202931444,1886.601118582786,1593.7116554581462
ucl-2016-17-031,2016-17,knockout_phase,,2016-09-13T00:00:00+00:00,date_only,bor-m-nchengladbach,celtic-fc,Bor. Mönchengladbach (GER),Celtic FC (SCO),1,1,openfootball,2016-09-13T00:00:00+00:00,0.4475305819301826,0.252987012987013,0.29948240508280444,2.1043607115290777,1.2202037384690456,1461.7811471003554,1388.24060095777
ucl-2016-17-032,2016-17,knockout_phase,,2016-09-13T00:00:00+00:00,date_only,manchester-city,fc-barcelona,Manchester City (ENG),FC Barcelona (ESP),3,1,openfootball,2016-09-13T00:00:00+00:00,0.22807693375780377,0.2529757785467128,0.5189472876954834,1.0685270831234681,2.163508430588604,1581.117297088722,1899.1954769522104
ucl-2016-17-033,2016-17,knockout_phase,,2016-09-13T00:00:00+00:00,date_only,bor-m-nchengladbach,manchester-city,Bor. Mönchengladbach (GER),Manchester City (ENG),1,1,openfootball,2016-09-13T00:00:00+00:00,0.31955431332667816,0.25296456352636126,0.4274811231469606,1.3669416032003143,1.8024467174397487,1458.820183563408,1606.9347041674755
ucl-2016-17-034,2016-17,knockout_phase,,2016-09-13T00:00:00+00:00,date_only,celtic-fc,fc-barcelona,Celtic FC (SCO),FC Barcelona (ESP),0,2,openfootball,2016-09-13T00:00:00+00:00,0.15564389288156627,0.2529533678756477,0.591402739242786,0.6548951062772109,2.6125902440921553,1391.2015644947176,1873.3780698734568
ucl-2016-17-035,2016-17,knockout_phase,,2016-09-13T00:00:00+00:00,date_only,fc-barcelona,bor-m-nchengladbach,FC Barcelona (ESP),Bor. Mönchengladbach (GER),4,0,openfootball,2016-09-13T00:00:00+00:00,0.61031663936193,0.25294219154443487,0.13674116909363515,2.705946856650783,0.6901466242684149,1884.6628929462324,1460.9787197598137
ucl-2016-17-036,2016-17,knockout_phase,,2016-09-13T00:00:00+00:00,date_only,manchester-city,celtic-fc,Manchester City (ENG),Celtic FC (SCO),1,1,openfootball,2016-09-13T00:00:00+00:00,0.5272019367588473,0.2529310344827586,0.219867028758394,2.1198828554576066,1.0844687156339148,1604.7761679710698,1379.9167414219419
ucl-2016-17-037,2016-17,knockout_phase,,2016-09-13T00:00:00+00:00,date_only,bayern-m-nchen,fk-rostov,Bayern München (GER),FK Rostov (RUS),5,0,openfootball,2016-09-13T00:00:00+00:00,0.5829614723662238,0.25291989664082687,0.1641186309929494,2.799271860324985,0.7501308988367864,1850.6101033577236,1500.0
ucl-2016-17-038,2016-17,knockout_phase,,2016-09-13T00:00:00+00:00,date_only,psv-eindhoven,atl-tico-madrid,PSV Eindhoven (NED),Atlético Madrid (ESP),0,1,openfootball,2016-09-13T00:00:00+00:00,0.2835654918457871,0.2529087779690189,0.46352573018519405,1.1022125656296056,2.073320856587225,1507.5993297947916,1719.853341948356
ucl-2016-17-039,2016-17,knockout_phase,,2016-09-13T00:00:00+00:00,date_only,atl-tico-madrid,bayern-m-nchen,Atlético Madrid (ESP),Bayern München (GER),1,0,openfootball,2016-09-13T00:00:00+00:00,0.33229154653699344,0.2528976784178848,0.41481077504512176,1.3350174088760918,1.9739860728991268,1736.254137181568,1862.2332465302582
ucl-2016-17-040,2016-17,knockout_phase,,2016-09-13T00:00:00+00:00,date_only,fk-rostov,psv-eindhoven,FK Rostov (RUS),PSV Eindhoven (NED),2,2,openfootball,2016-09-13T00:00:00+00:00,0.40394496693491055,0.25288659793814433,0.34316843512694517,1.7176486018882384,2.0018811184894094,1488.3768568274654,1491.1985345615797
ucl-2016-17-041,2016-17,knockout_phase,,2016-09-13T00:00:00+00:00,date_only,bayern-m-nchen,psv-eindhoven,Bayern München (GER),PSV Eindhoven (NED),4,1,openfootball,2016-09-13T00:00:00+00:00,0.5820169214017628,0.2528755364806867,0.16510754211755052,2.720951474779442,0.8354550363926629,1840.5828619600957,1492.4140651977389
ucl-2016-17-042,2016-17,knockout_phase,,2016-09-13T00:00:00+00:00,date_only,fk-rostov,atl-tico-madrid,FK Rostov (RUS),Atlético Madrid (ESP),0,1,openfootball,2016-09-13T00:00:00+00:00,0.25220126195619136,0.25286449399656946,0.49493424404723924,0.844380670366313,2.1554954637069494,1487.1613261913062,1757.9045217517305
ucl-2016-17-043,2016-17,knockout_phase,,2016-09-13T00:00:00+00:00,date_only,atl-tico-madrid,fk-rostov,Atlético Madrid (ESP),FK Rostov (RUS),2,1,openfootball,2016-09-13T00:00:00+00:00,0.5623133907246214,0.252853470437018,0.18483313883836058,2.299432992135414,0.7040726539107165,1773.0498621099096,1472.0159858331272
ucl-2016-17-044,2016-17,knockout_phase,,2016-09-13T00:00:00+00:00,date_only,psv-eindhoven,bayern-m-nchen,PSV Eindhoven (NED),Bayern München (GER),1,2,openfootball,2016-09-13T00:00:00+00:00,0.2025558801787812,0.2528424657534246,0.5446016540677941,0.8762124556917202,2.602924772288729,1480.752252783423,1852.2446743744115
ucl-2016-17-045,2016-17,knockout_phase,,2016-09-13T00:00:00+00:00,date_only,fk-rostov,bayern-m-nchen,FK Rostov (RUS),Bayern München (GER),3,2,openfootball,2016-09-13T00:00:00+00:00,0.1871065391641078,0.2528314798973482,0.560061980938544,0.7389443837880415,2.6848444929695665,1459.5655908708525,1865.4037588966312
ucl-2016-17-046,2016-17,knockout_phase,,2016-09-13T00:00:00+00:00,date_only,atl-tico-madrid,psv-eindhoven,Atlético Madrid (ESP),PSV Eindhoven (NED),2,0,openfootball,2016-09-13T00:00:00+00:00,0.5695754440365698,0.2528205128205128,0.17760404314291747,2.2887687278553046,0.8649850177157563,1785.5002570721842,1467.5931682612033
ucl-2016-17-047,2016-17,knockout_phase,,2016-09-13T00:00:00+00:00,date_only,bayern-m-nchen,atl-tico-madrid,Bayern München (GER),Atlético Madrid (ESP),1,0,openfootball,2016-09-13T00:00:00+00:00,0.4288090893604229,0.25280956447480785,0.31838134616476926,1.9869031841723594,1.3064774526621123,1837.9446500611425,1797.6608290543113
ucl-2016-17-048,2016-17,knockout_phase,,2016-09-13T00:00:00+00:00,date_only,psv-eindhoven,fk-rostov,PSV Eindhoven (NED),FK Rostov (RUS),0,0,openfootball,2016-09-13T00:00:00+00:00,0.38725897740775794,0.2527986348122867,0.35994238777995535,1.8158954693661684,1.798839180062621,1455.4325962790763,1487.0246997063412
ucl-2016-17-049,2016-17,knockout_phase,,2016-09-13T00:00:00+00:00,date_only,bayer-leverkusen,cska-moskva,Bayer Leverkusen (GER),CSKA Moskva (RUS),2,2,openfootball,2016-09-13T00:00:00+00:00,0.47667570080669747,0.25278772378516623,0.2705365754081363,1.921642993808169,1.3979713192391792,1486.2430294410149,1359.9857225854978
ucl-2016-17-050,2016-17,knockout_phase,,2016-09-13T00:00:00+00:00,date_only,tottenham-hotspur,as-monaco,Tottenham Hotspur (ENG),AS Monaco (FRA),1,2,openfootball,2016-09-13T00:00:00+00:00,0.3912585718131456,0.25277683134582624,0.3559645968410281,0.5993766324189023,0.7164986940648782,1500.0,1524.7480410973174
ucl-2016-17-051,2016-17,knockout_phase,,2016-09-13T00:00:00+00:00,date_only,as-monaco,bayer-leverkusen,AS Monaco (FRA),Bayer Leverkusen (GER),1,1,openfootball,2016-09-13T00:00:00+00:00,0.4419208585103125,0.2527659574468085,0.305313184042879,1.6965875851959535,1.1720632651765703,1545.4539205967596,1482.1202469330437
ucl-2016-17-052,2016-17,knockout_phase,,2016-09-13T00:00:00+00:00,date_only,cska-moskva,tottenham-hotspur,CSKA Moskva (RUS),Tottenham Hotspur (ENG),0,1,openfootball,2016-09-13T00:00:00+00:00,0.3385901936051287,0.2527551020408163,0.40865470435405493,1.2382977014464736,2.0410761245571067,1364.108505093469,1479.2941205005577
ucl-2016-17-053,2016-17,knockout_phase,,2016-09-13T00:00:00+00:00,date_only,bayer-leverkusen,tottenham-hotspur,Bayer Leverkusen (GER),Tottenham Hotspur (ENG),0,0,openfootball,2016-09-13T00:00:00+00:00,0.3980885567123567,0.2527442650807137,0.3491671782069296,1.520897680996364,1.7145759728499677,1484.8524004223925,1497.8928302855793
ucl-2016-17-054,2016-17,knockout_phase,,2016-09-13T00:00:00+00:00,date_only,cska-moskva,as-monaco,CSKA Moskva (RUS),AS Monaco (FRA),1,1,openfootball,2016-09-13T00:00:00+00:00,0.29194963219596537,0.2527334465195246,0.4553169212845101,0.9306566901675304,1.7564746478659756,1345.5097953084473,1542.7217671074109
ucl-2016-17-055,2016-17,knockout_phase,,2016-09-13T00:00:00+00:00,date_only,as-monaco,cska-moskva,AS Monaco (FRA),CSKA Moskva (RUS),3,0,openfootball,2016-09-13T00:00:00+00:00,0.5104144445465391,0.25272264631043256,0.2368629091430283,1.8741358287676135,0.8490722893668617,1539.45442132564,1348.7771410902183
ucl-2016-17-056,2016-17,knockout_phase,,2016-09-13T00:00:00+00:00,date_only,tottenham-hotspur,bayer-leverkusen,Tottenham Hotspur (ENG),Bayer Leverkusen (GER),0,1,openfootball,2016-09-13T00:00:00+00:00,0.41434763374661915,0.2527118644067797,0.33294050184660123,1.7436088486139476,1.323335143331064,1498.8712578556879,1483.873972852284
ucl-2016-17-057,2016-17,knockout_phase,,2016-09-13T00:00:00+00:00,date_only,cska-moskva,bayer-leverkusen,CSKA Moskva (RUS),Bayer Leverkusen (GER),1,1,openfootball,2016-09-13T00:00:00+00:00,0.30651399896147685,0.25270110076206603,0.4407849002764571,1.3679133802566703,1.7704192957946638,1334.2481717982885,1505.5021154902843
ucl-2016-17-058,2016-17,knockout_phase,,2016-09-13T00:00:00+00:00,date_only,as-monaco,tottenham-hotspur,AS Monaco (FRA),Tottenham Hotspur (ENG),2,1,openfootball,2016-09-13T00:00:00+00:00,0.4495012562076072,0.2526903553299492,0.29780838846244356,1.1283946739443462,0.5043953719556341,1553.9833906175697,1477.2431152176875
ucl-2016-17-059,2016-17,knockout_phase,,2016-09-13T00:00:00+00:00,date_only,bayer-leverkusen,as-monaco,Bayer Leverkusen (GER),AS Monaco (FRA),3,0,openfootball,2016-09-13T00:00:00+00:00,0.3659937340652883,0.25267962806424343,0.3813266378704684,1.2032226368344316,1.5054218905324546,1502.8166974639846,1570.9495332626664
ucl-2016-17-060,2016-17,knockout_phase,,2016-09-13T00:00:00+00:00,date_only,tottenham-hotspur,cska-moskva,Tottenham Hotspur (ENG),CSKA Moskva (RUS),3,1,openfootball,2016-09-13T00:00:00+00:00,0.4751777069471274,0.2526689189189189,0.27215337413395374,1.9727861522900025,1.0011044115013314,1460.276972572591,1336.9335898245881
ucl-2016-17-061,2016-17,knockout_phase,,2016-09-13T00:00:00+00:00,date_only,legia-warszawa,borussia-dortmund,Legia Warszawa (POL),Borussia Dortmund (GER),0,6,openfootball,2016-09-13T00:00:00+00:00,0.35279459324383405,0.25265822784810127,0.3945471789080646,1.3416365703511062,1.7632312842596556,1500.0,1590.7928723354294
ucl-2016-17-062,2016-17,knockout_phase,,2016-09-13T00:00:00+00:00,date_only,real-madrid,sporting-cp,Real Madrid (ESP),Sporting CP (POR),2,1,openfootball,2016-09-13T00:00:00+00:00,0.6181667457612746,0.2526475548060708,0.1291856994326546,2.976929407379108,0.7026917682143607,1936.1017719986348,1490.139424320176
ucl-2016-17-063,2016-17,knockout_phase,,2016-09-13T00:00:00+00:00,date_only,borussia-dortmund,real-madrid,Borussia Dortmund (GER),Real Madrid (ESP),2,2,openfootball,2016-09-13T00:00:00+00:00,0.2192243293070303,0.252636899747262,0.5281387709457077,1.0872211437669828,2.2737478374616615,1609.9578206221447,1946.3221510720625
ucl-2016-17-064,2016-17,knockout_phase,,2016-09-13T00:00:00+00:00,date_only,sporting-cp,legia-warszawa,Sporting CP (POR),Legia Warszawa (POL),2,0,openfootball,2016-09-13T00:00:00+00:00,0.40519078351994364,0.25262626262626264,0.3421829538537937,2.4942366612778866,1.750610670977691,1479.9190452467483,1480.8350517132847
ucl-2016-17-065,2016-17,knockout_phase,,2016-09-13T00:00:00+00:00,date_only,real-madrid,legia-warszawa,Real Madrid (ESP),Legia Warszawa (POL),5,1,openfootball,2016-09-13T00:00:00+00:00,0.6285591967866796,0.2526156433978133,0.11882515981550709,3.078979938883295,0.5752402913176065,1940.1438622392889,1462.0952083066077
ucl-2016-17-066,2016-17,knockout_phase,,2016-09-13T00:00:00+00:00,date_only,sporting-cp,borussia-dortmund,Sporting CP (POR),Borussia Dortmund (GER),1,2,openfootball,2016-09-13T00:00:00+00:00,0.337332329507755,0.2526050420168067,0.41006262847543834,1.405081039403011,1.886828785498868,1498.6588886534253,1616.1361094549184
ucl-2016-17-067,2016-17,knockout_phase,,2016-09-13T00:00:00+00:00,date_only,borussia-dortmund,sporting-cp,Borussia Dortmund (GER),Sporting CP (POR),1,0,openfootball,2016-09-13T00:00:00+00:00,0.49187791725657204,0.25259445843828715,0.25552762430514087,2.0651332046479,1.2643015995469862,1634.6815034755648,1480.1134946327788
ucl-2016-17-068,2016-17,knockout_phase,,2016-09-13T00:00:00+00:00,date_only,legia-warszawa,real-madrid,Legia Warszawa (POL),Real Madrid (ESP),3,3,openfootball,2016-09-13T00:00:00+00:00,0.14984039594244253,0.2525838926174497,0.5975757114401078,0.6023427464845497,2.9641258028123603,1452.289889046031,1949.9491814998655
ucl-2016-17-069,2016-17,knockout_phase,,2016-09-13T00:00:00+00:00,date_only,borussia-dortmund,legia-warszawa,Borussia Dortmund (GER),Legia Warszawa (POL),8,4,openfootball,2016-09-13T00:00:00+00:00,0.5095204429832273,0.25257334450963953,0.23790621250713317,2.277258251883793,1.0964156207151878,1649.9544976165362,1461.2445953559843
ucl-2016-17-070,2016-17,knockout_phase,,2016-09-13T00:00:00+00:00,date_only,sporting-cp,real-madrid,Sporting CP (POR),Real Madrid (ESP),1,2,openfootball,2016-09-13T00:00:00+00:00,0.15805819074951827,0.25256281407035175,0.58937899518013,0.762678705295439,2.764804404184701,1464.8405004918075,1940.9944751899122
ucl-2016-17-071,2016-17,knockout_phase,,2016-09-13T00:00:00+00:00,date_only,legia-warszawa,sporting-cp,Legia Warszawa (POL),Sporting CP (POR),1,0,openfootball,2016-09-13T00:00:00+00:00,0.4018226178124537,0.25255230125523015,0.3456250809323161,1.801841636154239,2.567026691076609,1446.6768799655063,1453.4669165804196
ucl-2016-17-072,2016-17,knockout_phase,,2016-09-13T00:00:00+00:00,date_only,real-madrid,borussia-dortmund,Real Madrid (ESP),Borussia Dortmund (GER),2,2,openfootball,2016-09-13T00:00:00+00:00,0.5567530459008769,0.25254180602006693,0.19070514807905617,2.433266033824749,1.1475523105548797,1952.3680591013,1664.5222130070142
ucl-2016-17-073,2016-17,knockout_phase,,2016-09-13T00:00:00+00:00,date_only,club-brugge-kv,leicester-city,Club Brugge KV (BEL),Leicester City (ENG),0,3,openfootball,2016-09-13T00:00:00+00:00,0.4057732971763608,0.252531328320802,0.34169537450283727,1.5699999999999998,1.2,1500.0,1500.0
ucl-2016-17-074,2016-17,knockout_phase,,2016-09-13T00:00:00+00:00,date_only,fc-porto,fc-k-benhavn,FC Porto (POR),FC København (DEN),1,1,openfootball,2016-09-13T00:00:00+00:00,0.4913624016984952,0.25252086811352253,0.2561167301879823,1.89077010997433,0.9452886739252979,1608.3701053418965,1454.874544801272
ucl-2016-17-075,2016-17,knockout_phase,,2016-09-13T00:00:00+00:00,date_only,fc-k-benhavn,club-brugge-kv,FC København (DEN),Club Brugge KV (BEL),4,0,openfootball,2016-09-13T00:00:00+00:00,0.3946648791143458,0.25251042535446205,0.3528246955311921,1.1040508472374606,1.7627593222100315,1459.5794582314822,1478.7184415465294
ucl-2016-17-076,2016-17,knockout_phase,,2016-09-13T00:00:00+00:00,date_only,leicester-city,fc-porto,Leicester City (ENG),FC Porto (POR),1,0,openfootball,2016-09-13T00:00:00+00:00,0.35776813751744063,0.2525,0.3897318624825594,1.209241708960259,1.5549224223054772,1521.2815584534706,1603.6651919116862
ucl-2016-17-077,2016-17,knockout_phase,,2016-09-13T00:00:00+00:00,date_only,club-brugge-kv,fc-porto,Club Brugge KV (BEL),FC Porto (POR),1,2,openfootball,2016-09-13T00:00:00+00:00,0.333920708993612,0.2524895920066611,0.41358969899972686,1.0671077731715073,1.6823137814627942,1459.5552452181926,1583.0259174123837
ucl-2016-17-078,2016-17,knockout_phase,,2016-09-13T00:00:00+00:00,date_only,leicester-city,fc-k-benhavn,Leicester City (ENG),FC København (DEN),1,0,openfootball,2016-09-13T00:00:00+00:00,0.44200267045594993,0.2524792013311148,0.3055181282129353,1.9726484819941281,0.8578812144046974,1541.920832952773,1478.7426545598191
ucl-2016-17-079,2016-17,knockout_phase,,2016-09-13T00:00:00+00:00,date_only,fc-k-benhavn,leicester-city,FC København (DEN),Leicester City (ENG),0,0,openfootball,2016-09-13T00:00:00+00:00,0.34885442058640376,0.25246882793017456,0.39867675148342163,0.7885676694139722,1.731812531135489,1461.4723454046793,1559.1911421079128
ucl-2016-17-080,2016-17,knockout_phase,,2016-09-13T00:00:00+00:00,date_only,fc-porto,club-brugge-kv,FC Porto (POR),Club Brugge KV (BEL),1,0,openfootball,2016-09-13T00:00:00+00:00,0.4949632371173005,0.2524584717607974,0.2525782911219021,1.8726175462092414,0.9407631058897499,1601.4325376122615,1441.1486250183148
ucl-2016-17-081,2016-17,knockout_phase,,2016-09-13T00:00:00+00:00,date_only,fc-k-benhavn,fc-porto,FC København (DEN),FC Porto (POR),0,0,openfootball,2016-09-13T00:00:00+00:00,0.3163480855369674,0.252448132780083,0.4312037816829497,1.0315699611085551,1.6027440311131558,1462.4687920226197,1616.5848386923535
ucl-2016-17-082,2016-17,knockout_phase,,2016-09-13T00:00:00+00:00,date_only,leicester-city,club-brugge-kv,Leicester City (ENG),Club Brugge KV (BEL),2,1,openfootball,2016-09-13T00:00:00+00:00,0.4800963417355657,0.2524378109452736,0.2674658473191607,2.105165309626458,0.1,1558.1946954899724,1425.9963239382228
ucl-2016-17-083,2016-17,knockout_phase,,2016-09-13T00:00:00+00:00,date_only,club-brugge-kv,fc-k-benhavn,Club Brugge KV (BEL),FC København (DEN),0,2,openfootball,2016-09-13T00:00:00+00:00,0.3740683549314151,0.2524275062137531,0.3735041388548318,1.137069189900843,1.3488446480793257,1410.248933826551,1464.7659059455393
ucl-2016-17-084,2016-17,knockout_phase,,2016-09-13T00:00:00+00:00,date_only,fc-porto,leicester-city,FC Porto (POR),Leicester City (ENG),5,0,openfootball,2016-09-13T00:00:00+00:00,0.42906957058141965,0.25241721854304633,0.318513210875534,1.479708322494897,1.060059428960604,1614.287724769434,1573.9420856016443
ucl-2016-17-085,2016-17,knockout_phase,,2016-09-13T00:00:00+00:00,date_only,juventus,sevilla-fc,Juventus (ITA),Sevilla FC (ESP),0,0,openfootball,2016-09-13T00:00:00+00:00,0.5012673094444653,0.25240694789081886,0.24632574266471585,1.752001344596331,0.9083524126950283,1641.5248175073855,1469.1697156196954
ucl-2016-17-086,2016-17,knockout_phase,,2016-09-13T00:00:00+00:00,date_only,olympique-lyonnais,dinamo-zagreb,Olympique Lyonnais (FRA),Dinamo Zagreb (CRO),3,0,openfootball,2016-09-13T00:00:00+00:00,0.5024346216461236,0.2523966942148761,0.24516868413900028,2.390505078658477,0.7273459370732183,1446.072622429615,1271.4665280394424
ucl-2016-17-087,2016-17,knockout_phase,,2016-09-13T00:00:00+00:00,date_only,dinamo-zagreb,juventus,Dinamo Zagreb (CRO),Juventus (ITA),0,4,openfootball,2016-09-13T00:00:00+00:00,0.19886060938494526,0.2523864574731627,0.548752933141892,0.557874182093776,2.1128585490618215,1256.611846789585,1636.4259861717906
ucl-2016-17-088,2016-17,knockout_phase,,2016-09-13T00:00:00+00:00,date_only,sevilla-fc,olympique-lyonnais,Sevilla FC (ESP),Olympique Lyonnais (FRA),1,0,openfootball,2016-09-13T00:00:00+00:00,0.4135776769192651,0.2523762376237624,0.3340460854569725,1.4038449754571207,1.445651292361576,1474.2685469552903,1460.9273036794725
ucl-2016-17-089,2016-17,knockout_phase,,2016-09-13T00:00:00+00:00,date_only,dinamo-zagreb,sevilla-fc,Dinamo Zagreb (CRO),Sevilla FC (ESP),0,1,openfootball,2016-09-13T00:00:00+00:00,0.26381491549592284,0.252366034624897,0.4838190498791802,0.5553002913060424,2.5231883383837377,1243.6096932647238,1492.6779151260444
ucl-2016-17-090,2016-17,knockout_phase,,2016-09-13T00:00:00+00:00,date_only,olympique-lyonnais,juventus,Olympique Lyonnais (FRA),Juventus (ITA),0,1,openfootball,2016-09-13T00:00:00+00:00,0.28672141081393454,0.25235584843492587,0.46092274075113965,0.9839384662070253,1.556121954307107,1442.5179355087184,1649.4281396966517
ucl-2016-17-091,2016-17,knockout_phase,,2016-09-13T00:00:00+00:00,date_only,juventus,olympique-lyonnais,Juventus (ITA),Olympique Lyonnais (FRA),1,1,openfootball,2016-09-13T00:00:00+00:00,0.534862323239411,0.25234567901234567,0.21279199774824337,1.723460564421862,0.84003856600637,1665.9441130979076,1426.0019621074625
ucl-2016-17-092,2016-17,knockout_phase,,2016-09-13T00:00:00+00:00,date_only,sevilla-fc,dinamo-zagreb,Sevilla FC (ESP),Dinamo Zagreb (CRO),4,0,openfootball,2016-09-13T00:00:00+00:00,0.5535224984643269,0.2523355263157895,0.1941419752198836,2.6202233804049917,0.41315462900933986,1508.2778324383792,1228.009775952389
ucl-2016-17-093,2016-17,knockout_phase,,2016-09-13T00:00:00+00:00,date_only,dinamo-zagreb,olympique-lyonnais,Dinamo Zagreb (CRO),Olympique Lyonnais (FRA),0,1,openfootball,2016-09-13T00:00:00+00:00,0.28104540741635486,0.2523253903040263,0.4666292022796188,0.6889616814999934,2.2448306548000057,1215.1973864172778,1432.4433686172858
ucl-2016-17-094,2016-17,knockout_phase,,2016-09-13T00:00:00+00:00,date_only,sevilla-fc,juventus,Sevilla FC (ESP),Juventus (ITA),1,3,openfootball,2016-09-13T00:00:00+00:00,0.32539275728103007,0.2523152709359606,0.4222919717830093,1.0046562628211717,1.4648240093509057,1521.0902219734903,1659.5027065880843
ucl-2016-17-095,2016-17,knockout_phase,,2016-09-13T00:00:00+00:00,date_only,juventus,dinamo-zagreb,Juventus (ITA),Dinamo Zagreb (CRO),2,0,openfootball,2016-09-13T00:00:00+00:00,0.6290098292946663,0.25230516817063164,0.11868500253470206,2.4419566397298413,0.3732039189853579,1677.5647222980447,1198.909062314543
ucl-2016-17-096,2016-17,knockout_phase,,2016-09-13T00:00:00+00:00,date_only,olympique-lyonnais,sevilla-fc,Olympique Lyonnais (FRA),Sevilla FC (ESP),0,0,openfootball,2016-09-13T00:00:00+00:00,0.37426339657220875,0.2522950819672131,0.3734415214605781,1.3080862387137424,1.3028643423623394,1448.7316927200206,1503.02820626353
ucl-2016-17-097,2016-17,knockout_phase,,2017-02-14T00:00:00+00:00,date_only,sl-benfica,borussia-dortmund,SL Benfica (POR),Borussia Dortmund (GER),1,0,openfootball,2017-02-14T00:00:00+00:00,0.3342296742663013,0.2522850122850123,0.41348531344868633,1.2817895248876212,1.6337867708945006,1548.7492215182513,1671.8431709634506
ucl-2016-17-098,2016-17,knockout_phase,,2017-02-14T00:00:00+00:00,date_only,paris-saint-germain,fc-barcelona,Paris Saint-Germain (FRA),FC Barcelona (ESP),4,0,openfootball,2017-02-14T00:00:00+00:00,0.32499643196835737,0.2522749590834697,0.422728608948173,1.36185384966558,1.8542233422858847,1756.0582049744248,1895.1913835408666
ucl-2016-17-099,2016-17,knockout_phase,,2017-02-14T00:00:00+00:00,date_only,real-madrid,ssc-napoli,Real Madrid (ESP),SSC Napoli (ITA),3,1,openfootball,2017-02-14T00:00:00+00:00,0.5798722804992922,0.25226492232215864,0.1678627971785491,2.6888338186859038,0.9199329450512772,1945.0471011448637,1603.3556096308705
ucl-2016-17-100,2016-17,knockout_phase,,2017-02-14T00:00:00+00:00,date_only,bayern-m-nchen,arsenal-fc,Bayern München (GER),Arsenal FC (ENG),5,1,openfootball,2017-02-14T00:00:00+00:00,0.514685146764732,0.2522549019607843,0.23305995127448373,2.2415762511763186,1.1658968937957872,1855.7360951972294,1657.2130148382787
ucl-2016-17-101,2016-17,knockout_phase,,2017-02-14T00:00:00+00:00,date_only,manchester-city,as-monaco,Manchester City (ENG),AS Monaco (FRA),5,3,openfootball,2017-02-14T00:00:00+00:00,0.433526670614521,0.25224489795918364,0.3142284314262954,1.563214635305361,1.2583315175621625,1598.6294698110607,1550.6428751865628
ucl-2016-17-102,2016-17,knockout_phase,,2017-02-14T00:00:00+00:00,date_only,bayer-leverkusen,atl-tico-madrid,Bayer Leverkusen (GER),Atlético Madrid (ESP),2,4,openfootball,2017-02-14T00:00:00+00:00,0.25977888006403077,0.25223491027732464,0.48798620965864453,1.047070617377194,1.8891127368674754,1523.1233555400881,1779.8693839182245
ucl-2016-17-103,2016-17,knockout_phase,,2017-02-14T00:00:00+00:00,date_only,fc-porto,juventus,FC Porto (POR),Juventus (ITA),0,2,openfootball,2017-02-14T00:00:00+00:00,0.3737230035923854,0.2522249388753056,0.37405205753230897,1.2856966823927451,1.2956779482034508,1632.076597575316,1687.3582257628454
ucl-2016-17-104,2016-17,knockout_phase,,2017-02-14T00:00:00+00:00,date_only,sevilla-fc,leicester-city,Sevilla FC (ESP),Leicester City (ENG),2,1,openfootball,2017-02-14T00:00:00+00:00,0.3749974922221538,0.25221498371335505,0.37278752406449117,1.2424095258083336,1.2020723793533332,1503.0446437657624,1556.153212795762
ucl-2016-17-105,2016-17,knockout_phase,,2017-02-14T00:00:00+00:00,date_only,ssc-napoli,real-madrid,SSC Napoli (ITA),Real Madrid (ESP),1,3,openfootball,2017-02-14T00:00:00+00:00,0.20564224576774004,0.25220504475183075,0.5421527094804293,0.9601018509601414,2.5434740747874423,1591.5957992972853,1956.806911478449
ucl-2016-17-106,2016-17,knockout_phase,,2017-02-14T00:00:00+00:00,date_only,arsenal-fc,bayern-m-nchen,Arsenal FC (ENG),Bayern München (GER),1,5,openfootball,2017-02-14T00:00:00+00:00,0.2756271384923568,0.2521951219512195,0.47217773955642367,1.2237217211597446,2.1601260713480666,1642.8455187480836,1870.1035912874245
ucl-2016-17-107,2016-17,knockout_phase,,2017-02-14T00:00:00+00:00,date_only,borussia-dortmund,sl-benfica,Borussia Dortmund (GER),SL Benfica (POR),4,0,openfootball,2017-02-14T00:00:00+00:00,0.45158651578963893,0.2521852152721365,0.2962282689382246,1.7034570358158563,1.2051444837068654,1650.258058179803,1570.334334301899
ucl-2016-17-108,2016-17,knockout_phase,,2017-02-14T00:00:00+00:00,date_only,fc-barcelona,paris-saint-germain,FC Barcelona (ESP),Paris Saint-Germain (FRA),6,1,openfootball,2017-02-14T00:00:00+00:00,0.460101741579417,0.25217532467532466,0.2877229337452583,1.9290829726357708,1.3419228110805728,1873.2367400012702,1778.0128485140212
ucl-2016-17-109,2016-17,knockout_phase,,2017-02-14T00:00:00+00:00,date_only,juventus,fc-porto,Juventus (ITA),FC Porto (POR),1,0,openfootball,2017-02-14T00:00:00+00:00,0.46013247529624485,0.2521654501216545,0.2877020745821007,1.4752524573237942,1.12039573529039,1707.351644684047,1612.0831786541146
ucl-2016-17-110,2016-17,knockout_phase,,2017-02-14T00:00:00+00:00,date_only,leicester-city,sevilla-fc,Leicester City (ENG),Sevilla FC (ESP),2,0,openfootball,2017-02-14T00:00:00+00:00,0.4136163944593478,0.2521555915721232,0.334228013968529,1.2809974731302551,1.241202021495796,1536.1974121589153,1523.0004444026092
ucl-2016-17-111,2016-17,knockout_phase,,2017-02-14T00:00:00+00:00,date_only,as-monaco,manchester-city,AS Monaco (FRA),Manchester City (ENG),3,1,openfootball,2017-02-14T00:00:00+00:00,0.35745306450930037,0.25214574898785425,0.3904011865028454,1.3944044457858595,1.5711014433713124,1533.0288399703275,1616.2435050272961
ucl-2016-17-112,2016-17,knockout_phase,,2017-02-14T00:00:00+00:00,date_only,atl-tico-madrid,bayer-leverkusen,Atlético Madrid (ESP),Bayer Leverkusen (GER),0,0,openfootball,2017-02-14T00:00:00+00:00,0.5569540413575831,0.2521359223300971,0.19091003631231987,2.134681445995293,0.9707548432037656,1795.3052373263322,1507.6875021319804
ucl-2016-17-113,2016-17,knockout_phase,,2017-02-14T00:00:00+00:00,date_only,juventus,fc-barcelona,Juventus (ITA),FC Barcelona (ESP),3,0,openfootball,2017-02-14T00:00:00+00:00,0.309789387036025,0.25212611156022635,0.43808450140374866,1.1635797425058296,1.8469543878135182,1723.903036669764,1889.789163844587
ucl-2016-17-114,2016-17,knockout_phase,,2017-02-14T00:00:00+00:00,date_only,borussia-dortmund,as-monaco,Borussia Dortmund (GER),AS Monaco (FRA),2,3,openfootball,2017-02-14T00:00:00+00:00,0.4701601346454208,0.25211631663974154,0.2777235487148377,1.8970922582334961,1.194199209286219,1667.1508932427746,1553.6878024101984
ucl-2016-17-115,2016-17,knockout_phase,,2017-02-14T00:00:00+00:00,date_only,atl-tico-madrid,leicester-city,Atlético Madrid (ESP),Leicester City (ENG),1,0,openfootball,2017-02-14T00:00:00+00:00,0.5318944109025102,0.25210653753026635,0.2159990515672234,2.026017388768735,0.8059553197542428,1787.984357225427,1554.609644549099
ucl-2016-17-116,2016-17,knockout_phase,,2017-02-14T00:00:00+00:00,date_only,bayern-m-nchen,real-madrid,Bayern München (GER),Real Madrid (ESP),1,2,openfootball,2017-02-14T00:00:00+00:00,0.35707442441754816,0.25209677419354837,0.39082880138890347,1.7643656118373379,1.8273646533872725,1886.1725792661432,1970.076702204195
ucl-2016-17-117,2016-17,knockout_phase,,2017-02-14T00:00:00+00:00,date_only,leicester-city,atl-tico-madrid,Leicester City (ENG),Atlético Madrid (ESP),1,1,openfootball,2017-02-14T00:00:00+00:00,0.25771853981177273,0.25208702659145854,0.49019443359676873,0.8286435106734954,1.8590111173871295,1540.9275517358046,1801.6664500387212
ucl-2016-17-118,2016-17,knockout_phase,,2017-02-14T00:00:00+00:00,date_only,real-madrid,bayern-m-nchen,Real Madrid (ESP),Bayern München (GER),4,2,openfootball,2017-02-14T00:00:00+00:00,0.47512650319298405,0.2520772946859903,0.27279620212102557,1.9967761772066086,1.6225227202065442,1989.401614664768,1866.8476668055703
ucl-2016-17-119,2016-17,knockout_phase,,2017-02-14T00:00:00+00:00,date_only,fc-barcelona,juventus,FC Barcelona (ESP),Juventus (ITA),0,0,openfootball,2017-02-14T00:00:00+00:00,0.4741573312621305,0.25206757843925987,0.27377509029860964,1.9259857450239046,1.133782832552305,1867.2232615572325,1746.4689389571186
ucl-2016-17-120,2016-17,knockout_phase,,2017-02-14T00:00:00+00:00,date_only,as-monaco,borussia-dortmund,AS Monaco (FRA),Borussia Dortmund (GER),3,1,openfootball,2017-02-14T00:00:00+00:00,0.36768097763477886,0.25205787781350486,0.38026114455171633,1.3882722335807953,1.7361514439045944,1577.53653412881,1643.302161524163
ucl-2016-17-121,2016-17,knockout_phase,,2017-02-14T00:00:00+00:00,date_only,real-madrid,atl-tico-madrid,Real Madrid (ESP),Atlético Madrid (ESP),3,0,openfootball,2017-02-14T00:00:00+00:00,0.5197204908037767,0.25204819277108437,0.2282313164251389,2.2088693010217253,1.1661926947758403,2005.3550086433288,1797.0169321630212
ucl-2016-17-122,2016-17,knockout_phase,,2017-02-14T00:00:00+00:00,date_only,as-monaco,juventus,AS Monaco (FRA),Juventus (ITA),0,2,openfootball,2017-02-14T00:00:00+00:00,0.31733622009142415,0.25203852327447834,0.43062525663409745,0.9778342549413048,1.460001252763374,1597.7881374671488,1750.476583776389
ucl-2016-17-123,2016-17,knockout_phase,,2017-02-14T00:00:00+00:00,date_only,juventus,as-monaco,Juventus (ITA),AS Monaco (FRA),2,1,openfootball,2017-02-14T00:00:00+00:00,0.5096110421969735,0.2520288692862871,0.23836008851673937,1.6536089982425093,0.8310838158987461,1768.2108030455354,1580.0539181980023
ucl-2016-17-124,2016-17,knockout_phase,,2017-02-14T00:00:00+00:00,date_only,atl-tico-madrid,real-madrid,Atlético Madrid (ESP),Real Madrid (ESP),2,1,openfootball,2017-02-14T00:00:00+00:00,0.27058745713078375,0.2520192307692308,0.4773933120999854,1.2061012420790318,2.0911190063367746,1782.846715650594,2019.525225155756
ucl-2016-17-125,2016-17,knockout_phase,,2017-02-14T00:00:00+00:00,date_only,juventus,real-madrid,Juventus (ITA),Real Madrid (ESP),1,4,openfootball,2017-02-14T00:00:00+00:00,0.283714523320689,0.2520096076861489,0.4642758689931621,1.1379525144824778,1.9953940859749935,1782.7857839719306,1995.389108056372
ucl-2017-18-001,2017-18,knockout_phase,,2017-09-12T00:00:00+00:00,date_only,manchester-united,fc-basel-1893,Manchester United (ENG),FC Basel 1893 (SUI),3,0,openfootball,2017-09-12T00:00:00+00:00,0.4779597745391208,0.252,0.2700402254608792,1.8471111602861643,0.9665869338400339,1572.89434885428,1445.1885427177792
ucl-2017-18-002,2017-18,knockout_phase,,2017-09-12T00:00:00+00:00,date_only,sl-benfica,cska-moskva,SL Benfica (POR),CSKA Moskva (RUS),1,2,openfootball,2017-09-12T00:00:00+00:00,0.5315315132305238,0.25199040767386094,0.21647807909561528,1.8137061856317298,0.99888120534077,1553.4414992389272,1320.9940764808516
ucl-2017-18-003,2017-18,knockout_phase,,2017-09-12T00:00:00+00:00,date_only,fc-basel-1893,sl-benfica,FC Basel 1893 (SUI),SL Benfica (POR),5,0,openfootball,2017-09-12T00:00:00+00:00,0.34903869714360963,0.2519808306709265,0.3989804721854638,1.156926471917508,1.4599325066765196,1429.3469336993442,1527.1404305562291
ucl-2017-18-004,2017-18,knockout_phase,,2017-09-12T00:00:00+00:00,date_only,cska-moskva,manchester-united,CSKA Moskva (RUS),Manchester United (ENG),1,4,openfootball,2017-09-12T00:00:00+00:00,0.26803980458373305,0.25197126895450916,0.4799889264617578,1.012549322742362,1.9265855418061102,1347.2951451635497,1588.735957872715
ucl-2017-18-005,2017-18,knockout_phase,,2017-09-12T00:00:00+00:00,date_only,sl-benfica,manchester-united,SL Benfica (POR),Manchester United (ENG),0,1,openfootball,2017-09-12T00:00:00+00:00,0.3487207288465345,0.2519617224880383,0.3993175486654273,1.1505371830168647,1.5030702535865084,1506.1415950553921,1604.4969754351546
ucl-2017-18-006,2017-18,knockout_phase,,2017-09-12T00:00:00+00:00,date_only,cska-moskva,fc-basel-1893,CSKA Moskva (RUS),FC Basel 1893 (SUI),0,2,openfootball,2017-09-12T00:00:00+00:00,0.3368546805680344,0.25195219123505974,0.41119312819690584,1.4116152986674408,1.6573327610660473,1331.5341276011102,1450.3457692001812
ucl-2017-18-007,2017-18,knockout_phase,,2017-09-12T00:00:00+00:00,date_only,manchester-united,sl-benfica,Manchester United (ENG),SL Benfica (POR),2,0,openfootball,2017-09-12T00:00:00+00:00,0.48263029462602813,0.2519426751592357,0.2654270302147361,1.6604388579485216,0.9944781819338656,1623.4850390387767,1487.15353145177
ucl-2017-18-008,2017-18,knockout_phase,,2017-09-12T00:00:00+00:00,date_only,fc-basel-1893,cska-moskva,FC Basel 1893 (SUI),CSKA Moskva (RUS),1,2,openfootball,2017-09-12T00:00:00+00:00,0.4929807479286687,0.2519331742243437,0.2550860778469876,1.8407741773206876,1.244592779355571,1468.8590002476037,1313.0208965536876
ucl-2017-18-009,2017-18,knockout_phase,,2017-09-12T00:00:00+00:00,date_only,cska-moskva,sl-benfica,CSKA Moskva (RUS),SL Benfica (POR),2,0,openfootball,2017-09-12T00:00:00+00:00,0.32826276580757163,0.25192368839427665,0.4198135457981518,1.2294978935709104,1.5542621502595504,1337.7787899553214,1471.497596739996
ucl-2017-18-010,2017-18,knockout_phase,,2017-09-12T00:00:00+00:00,date_only,fc-basel-1893,manchester-united,FC Basel 1893 (SUI),Manchester United (ENG),1,0,openfootball,2017-09-12T00:00:00+00:00,0.2934793852605191,0.2519142176330421,0.4546063971064388,1.0180728381855766,1.7815417294515385,1444.1011068459702,1639.1409737505508
ucl-2017-18-011,2017-18,knockout_phase,,2017-09-12T00:00:00+00:00,date_only,sl-benfica,fc-basel-1893,SL Benfica (POR),FC Basel 1893 (SUI),0,2,openfootball,2017-09-12T00:00:00+00:00,0.39584794030714393,0.25190476190476196,0.3522472977880941,1.391000064095366,1.2498666153903741,1449.6665811401845,1467.3236470828886
ucl-2017-18-012,2017-18,knockout_phase,,2017-09-12T00:00:00+00:00,date_only,manchester-united,cska-moskva,Manchester United (ENG),CSKA Moskva (RUS),2,1,openfootball,2017-09-12T00:00:00+00:00,0.542888419372381,0.25189532117367175,0.2052162594539473,2.0974794121876386,0.8985720258054447,1615.9184335136324,1359.6098055551329
ucl-2017-18-013,2017-18,knockout_phase,,2017-09-12T00:00:00+00:00,date_only,bayern-m-nchen,rsc-anderlecht,Bayern München (GER),RSC Anderlecht (BEL),3,0,openfootball,2017-09-12T00:00:00+00:00,0.6248255873215938,0.25188589540412043,0.12328851727428579,2.851396517250869,0.7015494528659716,1850.8942728270094,1386.5517854593002
ucl-2017-18-014,2017-18,knockout_phase,,2017-09-12T00:00:00+00:00,date_only,celtic-fc,paris-saint-germain,Celtic FC (SCO),Paris Saint-Germain (FRA),0,5,openfootball,2017-09-12T00:00:00+00:00,0.20101897722681905,0.25187648456057005,0.5471045382126108,0.8071691790927054,2.279676421431718,1386.063439581951,1761.4604246707045
ucl-2017-18-015,2017-18,knockout_phase,,2017-09-12T00:00:00+00:00,date_only,paris-saint-germain,bayern-m-nchen,Paris Saint-Germain (FRA),Bayern München (GER),3,0,openfootball,2017-09-12T00:00:00+00:00,0.3557723687179851,0.25186708860759494,0.39236054267441994,1.4824888811956343,1.9345990589779185,1774.5387134509886,1860.8635314260632
ucl-2017-18-016,2017-18,knockout_phase,,2017-09-12T00:00:00+00:00,date_only,rsc-anderlecht,celtic-fc,RSC Anderlecht (BEL),Celtic FC (SCO),0,3,openfootball,2017-09-12T00:00:00+00:00,0.4082251183025949,0.25185770750988146,0.33991717418752365,1.7229978133821495,1.3976017492942803,1376.5825268602464,1372.9851508016668
ucl-2017-18-017,2017-18,knockout_phase,,2017-09-12T00:00:00+00:00,date_only,rsc-anderlecht,paris-saint-germain,RSC Anderlecht (BEL),Paris Saint-Germain (FRA),0,4,openfootball,2017-09-12T00:00:00+00:00,0.17274053788326035,0.2518483412322275,0.5754111208845122,0.7104310996827136,2.3647979773966865,1355.2163679779449,1795.2704769301172
ucl-2017-18-018,2017-18,knockout_phase,,2017-09-12T00:00:00+00:00,date_only,bayern-m-nchen,celtic-fc,Bayern München (GER),Celtic FC (SCO),3,0,openfootball,2017-09-12T00:00:00+00:00,0.6187747302085156,0.2518389897395422,0.12938628005194214,2.845650381885805,0.7236463611580224,1840.1317679469346,1394.3513096839683
ucl-2017-18-019,2017-18,knockout_phase,,2017-09-12T00:00:00+00:00,date_only,paris-saint-germain,rsc-anderlecht,Paris Saint-Germain (FRA),RSC Anderlecht (BEL),5,0,openfootball,2017-09-12T00:00:00+00:00,0.6247453294650166,0.25182965299684545,0.12342501753813798,2.6316227380267687,0.6212573651341406,1807.2170652700922,1343.2697796379698
ucl-2017-18-020,2017-18,knockout_phase,,2017-09-12T00:00:00+00:00,date_only,celtic-fc,bayern-m-nchen,Celtic FC (SCO),Bayern München (GER),1,2,openfootball,2017-09-12T00:00:00+00:00,0.16212881729180048,0.25182033096926715,0.5860508517389323,0.7314958997860804,2.6781502189466457,1384.1390786870998,1850.3439989438032
ucl-2017-18-021,2017-18,knockout_phase,,2017-09-12T00:00:00+00:00,date_only,rsc-anderlecht,bayern-m-nchen,RSC Anderlecht (BEL),Bayern München (GER),1,2,openfootball,2017-09-12T00:00:00+00:00,0.13874556764934812,0.2518110236220472,0.6094434087286047,0.6489132781200798,2.740134683626385,1333.2961858765075,1861.8655582548606
ucl-2017-18-022,2017-18,knockout_phase,,2017-09-12T00:00:00+00:00,date_only,paris-saint-germain,celtic-fc,Paris Saint-Germain (FRA),Celtic FC (SCO),7,1,openfootball,2017-09-12T00:00:00+00:00,0.6184012909083644,0.25180173092053504,0.12979697817110059,2.6615302479585408,0.6509863279489567,1817.1906590315546,1372.6175193760423
ucl-2017-18-023,2017-18,knockout_phase,,2017-09-12T00:00:00+00:00,date_only,bayern-m-nchen,paris-saint-germain,Bayern München (GER),Paris Saint-Germain (FRA),3,1,openfootball,2017-09-12T00:00:00+00:00,0.4321052332308505,0.2517924528301887,0.3161023139389608,1.9806044469573116,1.5007472116649199,1872.4516014332755,1827.4185727768092
ucl-2017-18-024,2017-18,knockout_phase,,2017-09-12T00:00:00+00:00,date_only,celtic-fc,rsc-anderlecht,Celtic FC (SCO),RSC Anderlecht (BEL),0,1,openfootball,2017-09-12T00:00:00+00:00,0.42905251524378757,0.251783189316575,0.3191642954396375,1.7155662191105794,1.5777136913782033,1362.3896056307876,1322.7101426980926
ucl-2017-18-025,2017-18,knockout_phase,,2017-09-12T00:00:00+00:00,date_only,as-roma,atl-tico-madrid,AS Roma (ITA),Atlético Madrid (ESP),0,0,openfootball,2017-09-12T00:00:00+00:00,0.2036619369236848,0.25177394034536893,0.5445641227309462,0.8441515971577428,2.1658400125963864,1437.2550719199146,1806.9828327499781
ucl-2017-18-026,2017-18,knockout_phase,,2017-09-12T00:00:00+00:00,date_only,chelsea-fc,qaraba-fk,Chelsea FC (ENG),Qarabağ FK (AZE),6,0,openfootball,2017-09-12T00:00:00+00:00,0.5147588950436985,0.25176470588235295,0.2334763990739486,2.3701044173002743,0.8680015725427596,1697.9976411858606,1500.0
ucl-2017-18-027,2017-18,knockout_phase,,2017-09-12T00:00:00+00:00,date_only,qaraba-fk,as-roma,Qarabağ FK (AZE),AS Roma (ITA),1,2,openfootball,2017-09-12T00:00:00+00:00,0.43013925427378813,0.25175548589341695,0.31810525983279486,2.2796271119027796,1.5347983104777765,1485.625649919395,1444.0731156360598
ucl-2017-18-028,2017-18,knockout_phase,,2017-09-12T00:00:00+00:00,date_only,atl-tico-madrid,chelsea-fc,Atlético Madrid (ESP),Chelsea FC (ENG),1,2,openfootball,2017-09-12T00:00:00+00:00,0.45624165454284377,0.2517462803445576,0.29201206511259864,1.5539854070741805,1.4775539423818926,1800.164789033833,1712.3719912664656
ucl-2017-18-029,2017-18,knockout_phase,,2017-09-12T00:00:00+00:00,date_only,qaraba-fk,atl-tico-madrid,Qarabağ FK (AZE),Atlético Madrid (ESP),0,0,openfootball,2017-09-12T00:00:00+00:00,0.23073436272762887,0.25173708920187793,0.5175285480704932,0.7818309003980458,2.0166891258354096,1463.3849700305752,1776.880197245228
ucl-2017-18-030,2017-18,knockout_phase,,2017-09-12T00:00:00+00:00,date_only,chelsea-fc,as-roma,Chelsea FC (ENG),AS Roma (ITA),3,3,openfootball,2017-09-12T00:00:00+00:00,0.5490210431059266,0.25172791243158715,0.19925104446248626,2.513683092172595,0.8819766031850009,1735.6565830550705,1466.3137955248797
ucl-2017-18-031,2017-18,knockout_phase,,2017-09-12T00:00:00+00:00,date_only,as-roma,chelsea-fc,AS Roma (ITA),Chelsea FC (ENG),3,0,openfootball,2017-09-12T00:00:00+00:00,0.2606977340878247,0.25171875,0.48758351591217525,1.0266096620875826,2.364264509135904,1473.3091954977485,1728.6611830822017
ucl-2017-18-032,2017-18,knockout_phase,,2017-09-12T00:00:00+00:00,date_only,atl-tico-madrid,qaraba-fk,Atlético Madrid (ESP),Qarabağ FK (AZE),1,1,openfootball,2017-09-12T00:00:00+00:00,0.5636047895625423,0.2517096018735363,0.18468560856392136,2.1124269572415226,0.6875399156882634,1771.1443135383706,1469.1208537374325
ucl-2017-18-033,2017-18,knockout_phase,,2017-09-12T00:00:00+00:00,date_only,qaraba-fk,chelsea-fc,Qarabağ FK (AZE),Chelsea FC (ENG),0,4,openfootball,2017-09-12T00:00:00+00:00,0.27571903835982514,0.25170046801872076,0.4725804936214541,0.9486616264415599,2.297070698846752,1476.6992373574049,1704.1234674457146
ucl-2017-18-034,2017-18,knockout_phase,,2017-09-12T00:00:00+00:00,date_only,atl-tico-madrid,as-roma,Atlético Madrid (ESP),AS Roma (ITA),2,0,openfootball,2017-09-12T00:00:00+00:00,0.5473878708240637,0.2516913484021824,0.20092078077375403,2.127146801367755,0.8942825589057963,1763.5659299183983,1497.8469111342356
ucl-2017-18-035,2017-18,knockout_phase,,2017-09-12T00:00:00+00:00,date_only,chelsea-fc,atl-tico-madrid,Chelsea FC (ENG),Atlético Madrid (ESP),1,1,openfootball,2017-09-12T00:00:00+00:00,0.37331097175933153,0.2516822429906542,0.3750067852500142,1.6062913751859083,1.399538328422702,1720.186238340482,1776.6365881173922
ucl-2017-18-036,2017-18,knockout_phase,,2017-09-12T00:00:00+00:00,date_only,as-roma,qaraba-fk,AS Roma (ITA),Qarabağ FK (AZE),1,0,openfootball,2017-09-12T00:00:00+00:00,0.4201965564461494,0.25167315175097277,0.3281302918028779,1.8067831553938372,1.7339068090182639,1484.7762529352417,1460.6364664626374
ucl-2017-18-037,2017-18,knockout_phase,,2017-09-12T00:00:00+00:00,date_only,fc-barcelona,juventus,FC Barcelona (ESP),Juventus (ITA),3,0,openfootball,2017-09-12T00:00:00+00:00,0.4612985731793813,0.2516640746500778,0.28703735217054094,1.8758958467574938,1.1405824678931504,1863.2156167379621,1766.39701088538
ucl-2017-18-038,2017-18,knockout_phase,,2017-09-12T00:00:00+00:00,date_only,olympiakos-piraeus,sporting-cp,Olympiakos Piraeus (GRE),Sporting CP (POR),2,3,openfootball,2017-09-12T00:00:00+00:00,0.464739143878641,0.25165501165501164,0.2836058444663474,1.6831436245246003,1.4994851003803196,1537.6359440202702,1434.5908673180224
ucl-2017-18-039,2017-18,knockout_phase,,2017-09-12T00:00:00+00:00,date_only,juventus,olympiakos-piraeus,Juventus (ITA),Olympiakos Piraeus (GRE),2,0,openfootball,2017-09-12T00:00:00+00:00,0.5334180945729898,0.2516459627329192,0.21493594269409086,1.8641765120136582,0.9498968856271689,1749.8822353055568,1514.0132780320243
ucl-2017-18-040,2017-18,knockout_phase,,2017-09-12T00:00:00+00:00,date_only,sporting-cp,fc-barcelona,Sporting CP (POR),FC Barcelona (ESP),0,1,openfootball,2017-09-12T00:00:00+00:00,0.18060745103003134,0.2516369278510473,0.5677556211189214,0.8304643458854643,2.478542103538542,1458.2135333062683,1879.7303923177853
ucl-2017-18-041,2017-18,knockout_phase,,2017-09-12T00:00:00+00:00,date_only,fc-barcelona,olympiakos-piraeus,FC Barcelona (ESP),Olympiakos Piraeus (GRE),3,1,openfootball,2017-09-12T00:00:00+00:00,0.5998134713868194,0.2516279069767442,0.14855862163643635,2.5240069927846256,0.8360177067431733,1891.9874289160075,1500.3829210696024
ucl-2017-18-042,2017-18,knockout_phase,,2017-09-12T00:00:00+00:00,date_only,juventus,sporting-cp,Juventus (ITA),Sporting CP (POR),2,1,openfootball,2017-09-12T00:00:00+00:00,0.570342652147014,0.25161890007745935,0.17803844777552666,1.8997815947847925,0.7882959362933782,1763.5125922679788,1445.9564967080462
ucl-2017-18-043,2017-18,knockout_phase,,2017-09-12T00:00:00+00:00,date_only,olympiakos-piraeus,fc-barcelona,Olympiakos Piraeus (GRE),FC Barcelona (ESP),0,0,openfootball,2017-09-12T00:00:00+00:00,0.18404547290345383,0.25160990712074305,0.5643446199758032,0.8706095003577706,2.370940971142355,1489.4080180646101,1902.9623319209998
ucl-2017-18-044,2017-18,knockout_phase,,2017-09-12T00:00:00+00:00,date_only,sporting-cp,juventus,Sporting CP (POR),Juventus (ITA),1,1,openfootball,2017-09-12T00:00:00+00:00,0.21687154417464352,0.25160092807424594,0.5315275277511106,0.8351133938457723,1.7573210496292644,1433.802580795476,1775.666508180549
ucl-2017-18-045,2017-18,knockout_phase,,2017-09-12T00:00:00+00:00,date_only,juventus,fc-barcelona,Juventus (ITA),FC Barcelona (ESP),0,0,openfootball,2017-09-12T00:00:00+00:00,0.33287007034595306,0.25159196290571867,0.41553796674832827,1.191014199607889,1.7479886403136888,1769.3733885090196,1895.3563489795529
ucl-2017-18-046,2017-18,knockout_phase,,2017-09-12T00:00:00+00:00,date_only,sporting-cp,olympiakos-piraeus,Sporting CP (POR),Olympiakos Piraeus (GRE),3,1,openfootball,2017-09-12T00:00:00+00:00,0.37308686576092676,0.25158301158301155,0.3753301226560617,1.6494911598072006,1.4610224567696242,1440.0957004670054,1497.014001006057
ucl-2017-18-047,2017-18,knockout_phase,,2017-09-12T00:00:00+00:00,date_only,fc-barcelona,sporting-cp,FC Barcelona (ESP),Sporting CP (POR),2,0,openfootball,2017-09-12T00:00:00+00:00,0.6148554091898168,0.25157407407407406,0.13357051673610906,2.582425616711116,0.7446662482041411,1893.7029910515055,1460.140565604908
ucl-2017-18-048,2017-18,knockout_phase,,2017-09-12T00:00:00+00:00,date_only,olympiakos-piraeus,juventus,Olympiakos Piraeus (GRE),Juventus (ITA),0,2,openfootball,2017-09-12T00:00:00+00:00,0.24059436108204146,0.2515651503469545,0.5078404885710041,0.9292998172795294,1.7503862331328983,1476.9691358681544,1771.026746437067
ucl-2017-18-049,2017-18,knockout_phase,,2017-09-12T00:00:00+00:00,date_only,liverpool-fc,sevilla-fc,Liverpool FC (ENG),Sevilla FC (ESP),2,2,openfootball,2017-09-12T00:00:00+00:00,0.3895725016289786,0.2515562403697997,0.35887125800122166,1.1960563405017632,1.3191549275985894,1475.8558206145415,1504.5882120124256
ucl-2017-18-050,2017-18,knockout_phase,,2017-09-12T00:00:00+00:00,date_only,nk-maribor,spartak-moskva,NK Maribor (SVN),Spartak Moskva (RUS),1,1,openfootball,2017-09-12T00:00:00+00:00,0.41782864516237433,0.2515473441108545,0.3306240107267712,1.636590559518985,1.6533942190514788,1449.3002331240946,1429.3915617013126
ucl-2017-18-051,2017-18,knockout_phase,,2017-09-12T00:00:00+00:00,date_only,spartak-moskva,liverpool-fc,Spartak Moskva (RUS),Liverpool FC (ENG),1,1,openfootball,2017-09-12T00:00:00+00:00,0.38060018081334557,0.25153846153846154,0.36786135764819294,1.4403877393495557,1.6008326656632126,1431.1356543900247,1475.2417957419864
ucl-2017-18-052,2017-18,knockout_phase,,2017-09-12T00:00:00+00:00,date_only,sevilla-fc,nk-maribor,Sevilla FC (ESP),NK Maribor (SVN),3,0,openfootball,2017-09-12T00:00:00+00:00,0.4394322961843588,0.2515295926210607,0.3090381111945804,1.6680384137079987,1.0524783599426921,1505.2022368849807,1447.5561404353825
ucl-2017-18-053,2017-18,knockout_phase,,2017-09-12T00:00:00+00:00,date_only,spartak-moskva,sevilla-fc,Spartak Moskva (RUS),Sevilla FC (ESP),5,1,openfootball,2017-09-12T00:00:00+00:00,0.35279496547160744,0.25152073732718894,0.3956842972012036,1.2102387706179472,1.6444756501723088,1430.8808779267217,1522.5943531851851
ucl-2017-18-054,2017-18,knockout_phase,,2017-09-12T00:00:00+00:00,date_only,nk-maribor,liverpool-fc,NK Maribor (SVN),Liverpool FC (ENG),0,7,openfootball,2017-09-12T00:00:00+00:00,0.3798967259906625,0.25151189562547965,0.3685913783838579,1.1447228766082405,1.5927216987134074,1430.1640241351781,1475.4965722052893
ucl-2017-18-055,2017-18,knockout_phase,,2017-09-12T00:00:00+00:00,date_only,sevilla-fc,spartak-moskva,Sevilla FC (ESP),Spartak Moskva (RUS),2,1,openfootball,2017-09-12T00:00:00+00:00,0.4351023858073765,0.25150306748466256,0.31339454670796096,1.700126456785938,1.428206526878942,1501.7365665505931,1451.7386645613137
ucl-2017-18-056,2017-18,knockout_phase,,2017-09-12T00:00:00+00:00,date_only,liverpool-fc,nk-maribor,Liverpool FC (ENG),NK Maribor (SVN),3,0,openfootball,2017-09-12T00:00:00+00:00,0.4552768872057659,0.25149425287356325,0.29322885992067077,2.3581539683119863,0.8872546031281888,1495.7226791574253,1409.937917183042
ucl-2017-18-057,2017-18,knockout_phase,,2017-09-12T00:00:00+00:00,date_only,spartak-moskva,nk-maribor,Spartak Moskva (RUS),NK Maribor (SVN),1,1,openfootball,2017-09-12T00:00:00+00:00,0.429975117827307,0.2514854517611026,0.3185394304115904,2.254161619678799,1.172670704256961,1434.172821343302,1393.1788777287438
ucl-2017-18-058,2017-18,knockout_phase,,2017-09-12T00:00:00+00:00,date_only,sevilla-fc,liverpool-fc,Sevilla FC (ESP),Liverpool FC (ENG),3,3,openfootball,2017-09-12T00:00:00+00:00,0.4103013894939461,0.2514766641162969,0.338221946389757,1.4471124807259725,1.5311671582763648,1519.3024097686048,1512.4817186117234
ucl-2017-18-059,2017-18,knockout_phase,,2017-09-12T00:00:00+00:00,date_only,liverpool-fc,spartak-moskva,Liverpool FC (ENG),Spartak Moskva (RUS),7,0,openfootball,2017-09-12T00:00:00+00:00,0.4531690637248322,0.25146788990825686,0.29536304636691096,2.0519523635353796,1.3544381091716962,1513.9233074738072,1431.9441075949878
ucl-2017-18-060,2017-18,knockout_phase,,2017-09-12T00:00:00+00:00,date_only,nk-maribor,sevilla-fc,NK Maribor (SVN),Sevilla FC (ESP),1,1,openfootball,2017-09-12T00:00:00+00:00,0.3349693661224617,0.25145912910618795,0.41357150477135035,1.1512889754754476,1.9483021529529754,1395.407591477058,1517.860820906521
ucl-2017-18-061,2017-18,knockout_phase,,2017-09-12T00:00:00+00:00,date_only,shakhtar-donetsk,ssc-napoli,Shakhtar Donetsk (UKR),SSC Napoli (ITA),2,1,openfootball,2017-09-12T00:00:00+00:00,0.32125505552222255,0.2514503816793893,0.42729456279838807,1.480245991837259,1.6868032065301928,1432.0497702048215,1578.3260085715392
ucl-2017-18-062,2017-18,knockout_phase,,2017-09-12T00:00:00+00:00,date_only,feyenoord,manchester-city,Feyenoord (NED),Manchester City (ENG),0,4,openfootball,2017-09-12T00:00:00+00:00,0.350576643406356,0.251441647597254,0.3979817089963899,1.4986795478438122,1.7512230283916168,1500.0,1595.5845425874252
ucl-2017-18-063,2017-18,knockout_phase,,2017-09-12T00:00:00+00:00,date_only,manchester-city,shakhtar-donetsk,Manchester City (ENG),Shakhtar Donetsk (UKR),2,0,openfootball,2017-09-12T00:00:00+00:00,0.4957374938117585,0.2514329268292683,0.25282957935897316,1.8965787102948757,1.333498936526004,1614.6364412756245,1454.1705603503449
ucl-2017-18-064,2017-18,knockout_phase,,2017-09-12T00:00:00+00:00,date_only,ssc-napoli,feyenoord,SSC Napoli (ITA),Feyenoord (NED),3,1,openfootball,2017-09-12T00:00:00+00:00,0.44943078900109734,0.2514242193450114,0.2991449916538913,1.932714264261846,1.4498285885905233,1556.2052184260158,1480.9481013118007
ucl-2017-18-065,2017-18,knockout_phase,,2017-09-12T00:00:00+00:00,date_only,manchester-city,ssc-napoli,Manchester City (ENG),SSC Napoli (ITA),2,1,openfootball,2017-09-12T00:00:00+00:00,0.4388938354226618,0.2514155251141552,0.309690639463183,1.8428246594319235,1.4622808129950018,1629.778282986569,1573.1995024790717
ucl-2017-18-066,2017-18,knockout_phase,,2017-09-12T00:00:00+00:00,date_only,feyenoord,shakhtar-donetsk,Feyenoord (NED),Shakhtar Donetsk (UKR),1,2,openfootball,2017-09-12T00:00:00+00:00,0.4207983525251406,0.25140684410646386,0.32779480336839556,1.614455126042436,1.5096990570607882,1463.9538172587447,1439.0287186394005
ucl-2017-18-067,2017-18,knockout_phase,,2017-09-12T00:00:00+00:00,date_only,ssc-napoli,manchester-city,SSC Napoli (ITA),Manchester City (ENG),2,4,openfootball,2017-09-12T00:00:00+00:00,0.353029262073763,0.2513981762917933,0.3955725616344437,1.5306665613722261,1.7451509614285348,1555.7835663982612,1647.1942190673794
ucl-2017-18-068,2017-18,knockout_phase,,2017-09-12T00:00:00+00:00,date_only,shakhtar-donetsk,feyenoord,Shakhtar Donetsk (UKR),Feyenoord (NED),3,1,openfootball,2017-09-12T00:00:00+00:00,0.41727415515014465,0.2513895216400911,0.33133632320976425,1.6856625361224378,1.4374699711020495,1460.8887896225353,1442.0937462756099
ucl-2017-18-069,2017-18,knockout_phase,,2017-09-12T00:00:00+00:00,date_only,ssc-napoli,shakhtar-donetsk,SSC Napoli (ITA),Shakhtar Donetsk (UKR),3,0,openfootball,2017-09-12T00:00:00+00:00,0.4394165594307954,0.25138088012139603,0.3092025604478086,1.7460119995047894,1.5085654003961686,1536.6344323894748,1479.1700329837277
ucl-2017-18-070,2017-18,knockout_phase,,2017-09-12T00:00:00+00:00,date_only,manchester-city,feyenoord,Manchester City (ENG),Feyenoord (NED),1,0,openfootball,2017-09-12T00:00:00+00:00,0.5367896344810061,0.25137225170583777,0.21183811381315615,2.197109041801457,1.1954556237016918,1666.3433530761658,1423.8125029144176
ucl-2017-18-071,2017-18,knockout_phase,,2017-09-12T00:00:00+00:00,date_only,shakhtar-donetsk,manchester-city,Shakhtar Donetsk (UKR),Manchester City (ENG),2,1,openfootball,2017-09-12T00:00:00+00:00,0.28095481090535845,0.25136363636363634,0.46768155273100526,1.3404489049606272,1.8192930499445419,1461.7743129633873,1679.8443226628087
ucl-2017-18-072,2017-18,knockout_phase,,2017-09-12T00:00:00+00:00,date_only,feyenoord,ssc-napoli,Feyenoord (NED),SSC Napoli (ITA),2,1,openfootball,2017-09-12T00:00:00+00:00,0.3227626768837336,0.2513550340651022,0.42588228905116415,1.4377344840983,1.9708124127213602,1410.3115333277747,1554.030152409815
ucl-2017-18-073,2017-18,knockout_phase,,2017-09-12T00:00:00+00:00,date_only,fc-porto,be-ikta,FC Porto (POR),Beşiktaş (TUR),1,3,openfootball,2017-09-12T00:00:00+00:00,0.45868704727820014,0.2513464447806354,0.28996650794116446,1.7764607298287518,1.0388314161369987,1595.5317866683974,1503.7789108738955
ucl-2017-18-074,2017-18,knockout_phase,,2017-09-12T00:00:00+00:00,date_only,rb-leipzig,as-monaco,RB Leipzig (GER),AS Monaco (FRA),1,1,openfootball,2017-09-12T00:00:00+00:00,0.36820256378537497,0.2513378684807256,0.38045956773389944,1.201797855303964,1.3618344430295561,1500.0,1565.478937271607
ucl-2017-18-075,2017-18,knockout_phase,,2017-09-12T00:00:00+00:00,date_only,as-monaco,fc-porto,AS Monaco (FRA),FC Porto (POR),0,3,openfootball,2017-09-12T00:00:00+00:00,0.40240242361294476,0.25132930513595164,0.3462682712511036,1.2759950569748364,1.3575568955966018,1565.2337971926365,1572.1573758816567
ucl-2017-18-076,2017-18,knockout_phase,,2017-09-12T00:00:00+00:00,date_only,be-ikta,rb-leipzig,Beşiktaş (TUR),RB Leipzig (GER),2,0,openfootball,2017-09-12T00:00:00+00:00,0.4219883149959968,0.2513207547169811,0.32669093028702206,1.7674234846513883,1.9820612122788894,1527.1533216606363,1500.2451400789705
ucl-2017-18-077,2017-18,knockout_phase,,2017-09-12T00:00:00+00:00,date_only,as-monaco,be-ikta,AS Monaco (FRA),Beşiktaş (TUR),1,2,openfootball,2017-09-12T00:00:00+00:00,0.40577527999869245,0.25131221719457014,0.34291250280673746,1.525303116815786,1.3445075065473713,1544.1111141453998,1545.2473739664567
ucl-2017-18-078,2017-18,knockout_phase,,2017-09-12T00:00:00+00:00,date_only,rb-leipzig,fc-porto,RB Leipzig (GER),FC Porto (POR),3,2,openfootball,2017-09-12T00:00:00+00:00,0.34160116800733936,0.2513036925395629,0.4070951394530978,1.069059190703547,1.5740859807704957,1482.15108777315,1593.2800589288936
ucl-2017-18-079,2017-18,knockout_phase,,2017-09-12T00:00:00+00:00,date_only,be-ikta,as-monaco,Beşiktaş (TUR),AS Monaco (FRA),1,1,openfootball,2017-09-12T00:00:00+00:00,0.4316030719516747,0.2512951807228916,0.3171017473254337,1.5387285836004168,1.3532524272373136,1566.504629510296,1522.8538586015607
ucl-2017-18-080,2017-18,knockout_phase,,2017-09-12T00:00:00+00:00,date_only,fc-porto,rb-leipzig,FC Porto (POR),RB Leipzig (GER),3,1,openfootball,2017-09-12T00:00:00+00:00,0.44571749089871443,0.25128668171557567,0.3029958273857099,1.6970910102482613,1.0743271918013912,1571.9701794999785,1503.4609672020651
ucl-2017-18-081,2017-18,knockout_phase,,2017-09-12T00:00:00+00:00,date_only,be-ikta,fc-porto,Beşiktaş (TUR),FC Porto (POR),1,1,openfootball,2017-09-12T00:00:00+00:00,0.39195392606604407,0.25127819548872177,0.35676787844523417,1.306145599047515,1.5855662793826775,1564.214603017771,1589.1157462297183
ucl-2017-18-082,2017-18,knockout_phase,,2017-09-12T00:00:00+00:00,date_only,as-monaco,rb-leipzig,AS Monaco (FRA),RB Leipzig (GER),1,4,openfootball,2017-09-12T00:00:00+00:00,0.4288598207071522,0.25126972201352366,0.3198704572793242,1.485690403851467,1.2074476769188265,1525.1438850940856,1486.3154004723253
ucl-2017-18-083,2017-18,knockout_phase,,2017-09-12T00:00:00+00:00,date_only,fc-porto,as-monaco,FC Porto (POR),AS Monaco (FRA),5,2,openfootball,2017-09-12T00:00:00+00:00,0.4560152885604263,0.25126126126126125,0.29272345017831247,1.6529057902533117,1.0868332625341928,1589.8194671821345,1502.964097825529
ucl-2017-18-084,2017-18,knockout_phase,,2017-09-12T00:00:00+00:00,date_only,rb-leipzig,be-ikta,RB Leipzig (GER),Beşiktaş (TUR),1,2,openfootball,2017-09-12T00:00:00+00:00,0.3743644128660876,0.25125281320330084,0.3743827739306115,1.7616535880629391,1.7241771295496486,1508.4951877408819,1563.5108820653547
ucl-2017-18-085,2017-18,knockout_phase,,2017-09-12T00:00:00+00:00,date_only,tottenham-hotspur,borussia-dortmund,Tottenham Hotspur (ENG),Borussia Dortmund (GER),3,1,openfootball,2017-09-12T00:00:00+00:00,0.3210237405825071,0.2512443778110945,0.4277318816063984,1.3183929900898845,1.9280780607582808,1476.2164859163274,1623.0505581858242
ucl-2017-18-086,2017-18,knockout_phase,,2017-09-12T00:00:00+00:00,date_only,real-madrid,apoel-nikosia,Real Madrid (ESP),APOEL Nikosia (CYP),3,0,openfootball,2017-09-12T00:00:00+00:00,0.6654941524117676,0.2512359550561798,0.08326989253205262,3.0789675309192406,0.5493094917481243,2011.7778811429225,1401.6761846991749
ucl-2017-18-087,2017-18,knockout_phase,,2017-09-12T00:00:00+00:00,date_only,borussia-dortmund,real-madrid,Borussia Dortmund (GER),Real Madrid (ESP),1,3,openfootball,2017-09-12T00:00:00+00:00,0.18169339216072017,0.2512275449101797,0.5670790629291,1.1093621769360367,2.4004457423221384,1600.9163953653465,2020.1333959453282
ucl-2017-18-088,2017-18,knockout_phase,,2017-09-12T00:00:00+00:00,date_only,apoel-nikosia,tottenham-hotspur,APOEL Nikosia (CYP),Tottenham Hotspur (ENG),0,3,openfootball,2017-09-12T00:00:00+00:00,0.34518310659689877,0.2512191473448018,0.40359774605829946,0.8658083509666368,1.8200199858933572,1393.3206698967692,1498.3506487368052
ucl-2017-18-089,2017-18,knockout_phase,,2017-09-12T00:00:00+00:00,date_only,real-madrid,tottenham-hotspur,Real Madrid (ESP),Tottenham Hotspur (ENG),1,1,openfootball,2017-09-12T00:00:00+00:00,0.6409223527870563,0.25121076233183853,0.10786688488110523,2.9728988505833587,0.6800338607097836,2032.4256825299606,1517.1823559475772
ucl-2017-18-090,2017-18,knockout_phase,,2017-09-12T00:00:00+00:00,date_only,apoel-nikosia,borussia-dortmund,APOEL Nikosia (CYP),Borussia Dortmund (GER),1,1,openfootball,2017-09-12T00:00:00+00:00,0.2831772968570317,0.25120238984316656,0.46562031329980175,1.180360015070323,2.068129898391503,1374.4889626859972,1588.624108780714
ucl-2017-18-091,2017-18,knockout_phase,,2017-09-12T00:00:00+00:00,date_only,tottenham-hotspur,real-madrid,Tottenham Hotspur (ENG),Real Madrid (ESP),3,1,openfootball,2017-09-12T00:00:00+00:00,0.15152603332455575,0.2511940298507463,0.597279936824698,0.7313875825253388,2.7200853362785797,1527.8434653056963,2021.7645731718414
ucl-2017-18-092,2017-18,knockout_phase,,2017-09-12T00:00:00+00:00,date_only,borussia-dortmund,apoel-nikosia,Borussia Dortmund (GER),APOEL Nikosia (CYP),1,1,openfootball,2017-09-12T00:00:00+00:00,0.5195745702161426,0.2511856823266219,0.22923974745723555,2.1909152458351864,1.0939924410130102,1584.9752484518588,1378.1378230148525
ucl-2017-18-093,2017-18,knockout_phase,,2017-09-12T00:00:00+00:00,date_only,borussia-dortmund,tottenham-hotspur,Borussia Dortmund (GER),Tottenham Hotspur (ENG),1,2,openfootball,2017-09-12T00:00:00+00:00,0.41947799538811964,0.25117734724292107,0.3293446573689593,1.8435930399710365,1.4276829450723512,1579.1685519966807,1556.7585433756992
ucl-2017-18-094,2017-18,knockout_phase,,2017-09-12T00:00:00+00:00,date_only,apoel-nikosia,real-madrid,APOEL Nikosia (CYP),Real Madrid (ESP),0,6,openfootball,2017-09-12T00:00:00+00:00,0.11267338808934568,0.251169024571854,0.6361575873388002,0.5620741364684428,2.8200780645626193,1383.9445194700306,1992.8494951018386
ucl-2017-18-095,2017-18,knockout_phase,,2017-09-12T00:00:00+00:00,date_only,real-madrid,borussia-dortmund,Real Madrid (ESP),Borussia Dortmund (GER),3,2,openfootball,2017-09-12T00:00:00+00:00,0.6190789378732268,0.2511607142857143,0.12976034784105892,2.6196328170216723,1.029081625170541,2002.3798111168494,1557.3658852362973
ucl-2017-18-096,2017-18,knockout_phase,,2017-09-12T00:00:00+00:00,date_only,tottenham-hotspur,apoel-nikosia,Tottenham Hotspur (ENG),APOEL Nikosia (CYP),3,0,openfootball,2017-09-12T00:00:00+00:00,0.5182581028141574,0.25115241635687735,0.23058948082896527,2.2276225055675525,0.6451519955459581,1578.5612101360825,1374.4142034550198
ucl-2017-18-097,2017-18,knockout_phase,,2018-02-13T00:00:00+00:00,date_only,juventus,tottenham-hotspur,Juventus (ITA),Tottenham Hotspur (ENG),2,2,openfootball,2018-02-13T00:00:00+00:00,0.512604172726442,0.2511441307578009,0.23625169651575711,1.6336694982963458,0.8861232248923352,1785.6818238872877,1592.8078376963788
ucl-2017-18-098,2017-18,knockout_phase,,2018-02-13T00:00:00+00:00,date_only,fc-basel-1893,manchester-city,FC Basel 1893 (SUI),Manchester City (ENG),0,4,openfootball,2018-02-13T00:00:00+00:00,0.3090486402515654,0.2511358574610245,0.43981550228741007,1.2755261055436904,1.793760933746866,1488.1956599332696,1656.1097878262958
ucl-2017-18-099,2017-18,knockout_phase,,2018-02-13T00:00:00+00:00,date_only,fc-porto,liverpool-fc,FC Porto (POR),Liverpool FC (ENG),0,5,openfootball,2018-02-13T00:00:00+00:00,0.4499060301073646,0.25112759643916915,0.29896637345346627,1.7154134339226652,1.3043144141521903,1606.5536304144923,1530.7671871266489
ucl-2017-18-100,2017-18,knockout_phase,,2018-02-13T00:00:00+00:00,date_only,real-madrid,paris-saint-germain,Real Madrid (ESP),Paris Saint-Germain (FRA),3,1,openfootball,2018-02-13T00:00:00+00:00,0.5176360374059009,0.251119347664937,0.23124461492916215,2.2520086364242626,1.3536523501198494,2012.593439316206,1809.738631162647
ucl-2017-18-101,2017-18,knockout_phase,,2018-02-13T00:00:00+00:00,date_only,chelsea-fc,fc-barcelona,Chelsea FC (ENG),FC Barcelona (ESP),1,1,openfootball,2018-02-13T00:00:00+00:00,0.3000565307520238,0.2511111111111111,0.4488323581368652,1.4032936543478236,1.8447936479503126,1720.2201546102958,1904.0772932024313
ucl-2017-18-102,2017-18,knockout_phase,,2018-02-13T00:00:00+00:00,date_only,bayern-m-nchen,be-ikta,Bayern München (GER),Beşiktaş (TUR),5,0,openfootball,2018-02-13T00:00:00+00:00,0.5660546514309903,0.25110288675055514,0.1828424618184545,2.675517523502811,0.9178082034199733,1890.1315430474378,1583.5105148440643
ucl-2017-18-103,2017-18,knockout_phase,,2018-02-13T00:00:00+00:00,date_only,sevilla-fc,manchester-united,Sevilla FC (ESP),Manchester United (ENG),0,0,openfootball,2018-02-13T00:00:00+00:00,0.34068232256745323,0.25109467455621304,0.4082230028763338,1.186650775562852,1.6288222366925758,1516.2887781335432,1629.1649903152638
ucl-2017-18-104,2017-18,knockout_phase,,2018-02-13T00:00:00+00:00,date_only,shakhtar-donetsk,as-roma,Shakhtar Donetsk (UKR),AS Roma (ITA),2,1,openfootball,2018-02-13T00:00:00+00:00,0.396415615253019,0.25108647450110866,0.35249791024587235,1.7388116001312697,1.494950719894984,1485.5088477999002,1502.9349276423764
ucl-2017-18-105,2017-18,knockout_phase,,2018-02-13T00:00:00+00:00,date_only,liverpool-fc,fc-porto,Liverpool FC (ENG),FC Porto (POR),0,0,openfootball,2018-02-13T00:00:00+00:00,0.38922751488504415,0.25107828655834563,0.3596941985566102,1.5639592858152604,1.5042075713477918,1553.7859802597268,1583.5348372814144
ucl-2017-18-106,2017-18,knockout_phase,,2018-02-13T00:00:00+00:00,date_only,paris-saint-germain,real-madrid,Paris Saint-Germain (FRA),Real Madrid (ESP),1,2,openfootball,2018-02-13T00:00:00+00:00,0.2737900916464867,0.251070110701107,0.4751397976524062,1.4089191987721104,2.132368290617348,1795.4664596121818,2026.8656108666712
ucl-2017-18-107,2017-18,knockout_phase,,2018-02-13T00:00:00+00:00,date_only,tottenham-hotspur,juventus,Tottenham Hotspur (ENG),Juventus (ITA),1,2,openfootball,2018-02-13T00:00:00+00:00,0.3012219171088168,0.2510619469026549,0.4477161359885282,1.0113405702384082,1.492641829523559,1598.3348872205925,1780.154774363074
ucl-2017-18-108,2017-18,knockout_phase,,2018-02-13T00:00:00+00:00,date_only,manchester-city,fc-basel-1893,Manchester City (ENG),FC Basel 1893 (SUI),1,2,openfootball,2018-02-13T00:00:00+00:00,0.5175957406004398,0.25105379513633014,0.23135046426323014,2.0222362111763275,1.1315443643922716,1673.494450585579,1470.8109971739864
ucl-2017-18-109,2017-18,knockout_phase,,2018-02-13T00:00:00+00:00,date_only,manchester-united,sevilla-fc,Manchester United (ENG),Sevilla FC (ESP),1,2,openfootball,2018-02-13T00:00:00+00:00,0.4690340695510637,0.2510456553755523,0.2799202750733841,1.7118121541411377,1.0472399318595034,1627.8141767090863,1517.6395917397208
ucl-2017-18-110,2017-18,knockout_phase,,2018-02-13T00:00:00+00:00,date_only,as-roma,shakhtar-donetsk,AS Roma (ITA),Shakhtar Donetsk (UKR),1,0,openfootball,2018-02-13T00:00:00+00:00,0.39446350860029394,0.25103752759381903,0.354498963805887,1.5703942588528395,1.659039431627406,1483.8132817425194,1504.6304936997572
ucl-2017-18-111,2017-18,knockout_phase,,2018-02-13T00:00:00+00:00,date_only,be-ikta,bayern-m-nchen,Beşiktaş (TUR),Bayern München (GER),1,3,openfootball,2018-02-13T00:00:00+00:00,0.22216453733443225,0.2510294117647059,0.526806050900862,0.9417489697741285,2.5795573459198278,1571.1747586363151,1902.467299255187
ucl-2017-18-112,2017-18,knockout_phase,,2018-02-13T00:00:00+00:00,date_only,fc-barcelona,chelsea-fc,FC Barcelona (ESP),Chelsea FC (ENG),3,0,openfootball,2018-02-13T00:00:00+00:00,0.5050582378008779,0.25102130786186627,0.24392045433725587,1.9791925879139516,1.3110834296688387,1901.1017766547345,1723.1956711579926
ucl-2017-18-113,2017-18,knockout_phase,,2018-02-13T00:00:00+00:00,date_only,sevilla-fc,bayern-m-nchen,Sevilla FC (ESP),Bayern München (GER),1,2,openfootball,2018-02-13T00:00:00+00:00,0.20145538328628082,0.2510132158590308,0.5475314008546883,0.9153826361260821,2.46565467541286,1541.4218676292744,1916.3744689838584
ucl-2017-18-114,2017-18,knockout_phase,,2018-02-13T00:00:00+00:00,date_only,juventus,real-madrid,Juventus (ITA),Real Madrid (ESP),0,3,openfootball,2018-02-13T00:00:00+00:00,0.26614441598610655,0.2510051357300074,0.48285044828388607,1.1139034546494604,2.0502673072024176,1797.2248899854799,2042.8386167465528
ucl-2017-18-115,2017-18,knockout_phase,,2018-02-13T00:00:00+00:00,date_only,fc-barcelona,as-roma,FC Barcelona (ESP),AS Roma (ITA),4,1,openfootball,2018-02-13T00:00:00+00:00,0.6080782758793486,0.25099706744868033,0.14092465667197107,2.6083840886895757,0.7350659249246282,1915.8790209854621,1503.0139908466313
ucl-2017-18-116,2017-18,knockout_phase,,2018-02-13T00:00:00+00:00,date_only,liverpool-fc,manchester-city,Liverpool FC (ENG),Manchester City (ENG),3,0,openfootball,2018-02-13T00:00:00+00:00,0.3513775154370837,0.250989010989011,0.39763347357390544,1.6126167121571742,1.7059066302742607,1553.195313933158,1647.7695450588349
ucl-2017-18-117,2017-18,knockout_phase,,2018-02-13T00:00:00+00:00,date_only,as-roma,fc-barcelona,AS Roma (ITA),FC Barcelona (ESP),3,0,openfootball,2018-02-13T00:00:00+00:00,0.1753949460122866,0.25098096632503664,0.5736240876626767,0.7682852722922303,2.4712707720652056,1492.3570632307787,1926.5359486013147
ucl-2017-18-118,2017-18,knockout_phase,,2018-02-13T00:00:00+00:00,date_only,manchester-city,liverpool-fc,Manchester City (ENG),Liverpool FC (ENG),1,2,openfootball,2018-02-13T00:00:00+00:00,0.43696253804401647,0.2509729334308705,0.31206452852511296,1.7611588828890592,1.5759617825776417,1626.8444258960985,1574.1204330958944
ucl-2017-18-119,2017-18,knockout_phase,,2018-02-13T00:00:00+00:00,date_only,bayern-m-nchen,sevilla-fc,Bayern München (GER),Sevilla FC (ESP),0,0,openfootball,2018-02-13T00:00:00+00:00,0.6038530372396188,0.2509649122807018,0.14518205047967933,2.665796428748335,0.8383628570013324,1929.4529486324902,1528.3433879806425
ucl-2017-18-120,2017-18,knockout_phase,,2018-02-13T00:00:00+00:00,date_only,real-madrid,juventus,Real Madrid (ESP),Juventus (ITA),1,3,openfootball,2018-02-13T00:00:00+00:00,0.5530443083218828,0.2509569028487948,0.19599878882932245,2.252885806655537,0.9971878581720739,2058.5044961005974,1781.5590106314355
ucl-2017-18-121,2017-18,knockout_phase,,2018-02-13T00:00:00+00:00,date_only,liverpool-fc,as-roma,Liverpool FC (ENG),AS Roma (ITA),5,2,openfootball,2018-02-13T00:00:00+00:00,0.4502998340353381,0.25094890510948903,0.29875126085517284,2.283580622685405,1.199135501851676,1596.6183932862725,1520.3216460637866
ucl-2017-18-122,2017-18,knockout_phase,,2018-02-13T00:00:00+00:00,date_only,bayern-m-nchen,real-madrid,Bayern München (GER),Real Madrid (ESP),1,2,openfootball,2018-02-13T00:00:00+00:00,0.3417927705343147,0.2509409190371992,0.40726631042848616,1.728028755050664,1.8824392714085707,1920.2795288972914,2031.3635857107463
ucl-2017-18-123,2017-18,knockout_phase,,2018-02-13T00:00:00+00:00,date_only,real-madrid,bayern-m-nchen,Real Madrid (ESP),Bayern München (GER),2,2,openfootball,2018-02-13T00:00:00+00:00,0.48974743874066345,0.250932944606414,0.2593196166529225,2.0543718169220377,1.5933309488292335,2050.054114912863,1901.5889996951748
ucl-2017-18-124,2017-18,knockout_phase,,2018-02-13T00:00:00+00:00,date_only,as-roma,liverpool-fc,AS Roma (ITA),Liverpool FC (ENG),4,2,openfootball,2018-02-13T00:00:00+00:00,0.34229329765416394,0.250924981791697,0.40678172055413914,1.313851948801553,2.3115851076254246,1503.3526175273898,1613.5874218226693
ucl-2017-18-125,2017-18,knockout_phase,,2018-02-13T00:00:00+00:00,date_only,real-madrid,liverpool-fc,Real Madrid (ESP),Liverpool FC (ENG),3,1,openfootball,2018-02-13T00:00:00+00:00,0.6219854673726352,0.25091703056768555,0.1270975020596793,2.830956587588699,0.9740918727861838,2045.4455584711081,1592.2976533646697
ucl-2018-19-001,2018-19,knockout_phase,,2018-09-18T00:00:00+00:00,date_only,as-monaco,atl-tico-madrid,AS Monaco (FRA),Atlético Madrid (ESP),1,2,openfootball,2018-09-18T00:00:00+00:00,0.24269064860220585,0.2509090909090909,0.5064002604887032,0.9024129628570997,1.7911428004460277,1486.2299345931713,1776.6026718475784
ucl-2018-19-002,2018-19,knockout_phase,,2018-09-18T00:00:00+00:00,date_only,club-brugge-kv,borussia-dortmund,Club Brugge KV (BEL),Borussia Dortmund (GER),0,1,openfootball,2018-09-18T00:00:00+00:00,0.3154046649405872,0.2509011627906977,0.43369417226871515,1.3282208779041897,2.0029148231003773,1390.2376495050191,1547.1522570369407
ucl-2018-19-003,2018-19,knockout_phase,,2018-09-18T00:00:00+00:00,date_only,borussia-dortmund,as-monaco,Borussia Dortmund (GER),AS Monaco (FRA),3,0,openfootball,2018-09-18T00:00:00+00:00,0.4598138965028194,0.2508932461873638,0.28929285730981674,1.9085786568768732,1.2992575564262123,1564.786466890378,1471.5041268309012
ucl-2018-19-004,2018-19,knockout_phase,,2018-09-18T00:00:00+00:00,date_only,atl-tico-madrid,club-brugge-kv,Atlético Madrid (ESP),Club Brugge KV (BEL),3,1,openfootball,2018-09-18T00:00:00+00:00,0.6102524686233057,0.2508853410740203,0.13886219030267405,2.194743984911459,0.5595596507805104,1791.3284796098485,1372.6034396515818
ucl-2018-19-005,2018-19,knockout_phase,,2018-09-18T00:00:00+00:00,date_only,club-brugge-kv,as-monaco,Club Brugge KV (BEL),AS Monaco (FRA),1,1,openfootball,2018-09-18T00:00:00+00:00,0.3524158561334527,0.25087744742567075,0.3967066964408765,1.3320709322132207,1.4829748331767918,1362.0312452179944,1454.9145476147612
ucl-2018-19-006,2018-19,knockout_phase,,2018-09-18T00:00:00+00:00,date_only,borussia-dortmund,atl-tico-madrid,Borussia Dortmund (GER),Atlético Madrid (ESP),4,0,openfootball,2018-09-18T00:00:00+00:00,0.27979431128826415,0.25086956521739134,0.4693361234943445,1.3146078550976137,1.6965659681741614,1581.376046106518,1801.9006740434359
ucl-2018-19-007,2018-19,knockout_phase,,2018-09-18T00:00:00+00:00,date_only,as-monaco,club-brugge-kv,AS Monaco (FRA),Club Brugge KV (BEL),0,4,openfootball,2018-09-18T00:00:00+00:00,0.4586277495785417,0.2508616944243302,0.29051055599712805,1.5959263906537244,1.2142588874770202,1454.0287308086126,1362.917062024143
ucl-2018-19-008,2018-19,knockout_phase,,2018-09-18T00:00:00+00:00,date_only,atl-tico-madrid,borussia-dortmund,Atlético Madrid (ESP),Borussia Dortmund (GER),2,0,openfootball,2018-09-18T00:00:00+00:00,0.5026126317238385,0.25085383502170766,0.24653353325445382,1.7862430233458717,1.3094834574294973,1778.1098377993142,1605.1668823506398
ucl-2018-19-009,2018-19,knockout_phase,,2018-09-18T00:00:00+00:00,date_only,atl-tico-madrid,as-monaco,Atlético Madrid (ESP),AS Monaco (FRA),2,0,openfootball,2018-09-18T00:00:00+00:00,0.5892316382463223,0.25084598698481564,0.159922374768862,2.0663793351885626,0.7806743096269274,1792.9882558299264,1430.6663869369843
ucl-2018-19-010,2018-19,knockout_phase,,2018-09-18T00:00:00+00:00,date_only,borussia-dortmund,club-brugge-kv,Borussia Dortmund (GER),Club Brugge KV (BEL),0,0,openfootball,2018-09-18T00:00:00+00:00,0.5184067684456111,0.25083815028901735,0.23075508126537156,2.155679190477925,1.162501423737063,1590.2884643200275,1386.2794058957713
ucl-2018-19-011,2018-19,knockout_phase,,2018-09-18T00:00:00+00:00,date_only,as-monaco,borussia-dortmund,AS Monaco (FRA),Borussia Dortmund (GER),0,2,openfootball,2018-09-18T00:00:00+00:00,0.3106688876652118,0.25083032490974727,0.43850078742504106,1.2569895594170335,1.85744131949934,1419.2525722065334,1584.5354305764226
ucl-2018-19-012,2018-19,knockout_phase,,2018-09-18T00:00:00+00:00,date_only,club-brugge-kv,atl-tico-madrid,Club Brugge KV (BEL),Atlético Madrid (ESP),0,0,openfootball,2018-09-18T00:00:00+00:00,0.1847539345759581,0.25082251082251084,0.564423554601531,0.6763586408991658,1.960627372994953,1392.0324396393762,1804.4020705603773
ucl-2018-19-013,2018-19,knockout_phase,,2018-09-18T00:00:00+00:00,date_only,fc-barcelona,psv-eindhoven,FC Barcelona (ESP),PSV Eindhoven (NED),4,0,openfootball,2018-09-18T00:00:00+00:00,0.6189187082449383,0.2508147080028839,0.13026658375217773,2.6435837382476426,0.7042099324788089,1898.5713657683068,1454.8862644865203
ucl-2018-19-014,2018-19,knockout_phase,,2018-09-18T00:00:00+00:00,date_only,inter,tottenham-hotspur,Inter (ITA),Tottenham Hotspur (ENG),2,1,openfootball,2018-09-18T00:00:00+00:00,0.3698204142370865,0.250806916426513,0.3793726693364005,1.1582753582470953,1.5421069861295964,1518.104292403792,1581.2647715981866
ucl-2018-19-015,2018-19,knockout_phase,,2018-09-18T00:00:00+00:00,date_only,tottenham-hotspur,fc-barcelona,Tottenham Hotspur (ENG),FC Barcelona (ESP),2,4,openfootball,2018-09-18T00:00:00+00:00,0.21429084466496673,0.25079913606911447,0.5349100192659189,0.8732402553696293,2.274827150543006,1561.0737264962004,1908.7983232784516
ucl-2018-19-016,2018-19,knockout_phase,,2018-09-18T00:00:00+00:00,date_only,psv-eindhoven,inter,PSV Eindhoven (NED),Inter (ITA),1,2,openfootball,2018-09-18T00:00:00+00:00,0.3520173362800373,0.25079136690647486,0.39719129681348786,1.2503033078921644,1.8124240203529352,1444.6593069763755,1538.2953375057782
ucl-2018-19-017,2018-19,knockout_phase,,2018-09-18T00:00:00+00:00,date_only,psv-eindhoven,tottenham-hotspur,PSV Eindhoven (NED),Tottenham Hotspur (ENG),2,2,openfootball,2018-09-18T00:00:00+00:00,0.33557843271275223,0.25078360891445006,0.41363795837279765,1.2683972301656876,1.9250322158674498,1425.5627861870446,1547.4861099882194
ucl-2018-19-018,2018-19,knockout_phase,,2018-09-18T00:00:00+00:00,date_only,fc-barcelona,inter,FC Barcelona (ESP),Inter (ITA),2,0,openfootball,2018-09-18T00:00:00+00:00,0.5903347553222094,0.2507758620689655,0.15888938260882515,2.5477572401940805,0.7454346572829379,1922.3859397864326,1557.3918582951092
ucl-2018-19-019,2018-19,knockout_phase,,2018-09-18T00:00:00+00:00,date_only,tottenham-hotspur,psv-eindhoven,Tottenham Hotspur (ENG),PSV Eindhoven (NED),2,1,openfootball,2018-09-18T00:00:00+00:00,0.47391894749204877,0.2507681263460158,0.2753129261619355,2.0719419621162323,1.2149170185423084,1545.9249194750184,1427.1239767002455
ucl-2018-19-020,2018-19,knockout_phase,,2018-09-18T00:00:00+00:00,date_only,inter,fc-barcelona,Inter (ITA),FC Barcelona (ESP),1,1,openfootball,2018-09-18T00:00:00+00:00,0.19569271072467392,0.2507604017216643,0.5535468875536618,0.7639194115473102,2.3793699652676463,1546.0207657493768,1933.757032332165
ucl-2018-19-021,2018-19,knockout_phase,,2018-09-18T00:00:00+00:00,date_only,psv-eindhoven,fc-barcelona,PSV Eindhoven (NED),FC Barcelona (ESP),1,2,openfootball,2018-09-18T00:00:00+00:00,0.143622245283033,0.250752688172043,0.605625066544924,0.6803124468417087,2.5355884263650172,1411.0960971268478,1926.5999487955853
ucl-2018-19-022,2018-19,knockout_phase,,2018-09-18T00:00:00+00:00,date_only,tottenham-hotspur,inter,Tottenham Hotspur (ENG),Inter (ITA),1,0,openfootball,2018-09-18T00:00:00+00:00,0.41183544918908327,0.25074498567335246,0.33741956513756427,1.6273124581353833,1.2608167001583601,1561.9527990484162,1553.1778492859564
ucl-2018-19-023,2018-19,knockout_phase,,2018-09-18T00:00:00+00:00,date_only,fc-barcelona,tottenham-hotspur,FC Barcelona (ESP),Tottenham Hotspur (ENG),1,1,openfootball,2018-09-18T00:00:00+00:00,0.5871734554505362,0.25073729420186114,0.16208925034760274,2.457016802898508,0.8313766566910948,1937.3598923703476,1580.4644813673858
ucl-2018-19-024,2018-19,knockout_phase,,2018-09-18T00:00:00+00:00,date_only,inter,psv-eindhoven,Inter (ITA),PSV Eindhoven (NED),1,1,openfootball,2018-09-18T00:00:00+00:00,0.48233912899371306,0.25072961373390557,0.2669312572723814,1.888191677845751,1.1291966577233992,1534.6661669669868,1400.3361535520855
ucl-2018-19-025,2018-19,knockout_phase,,2018-09-18T00:00:00+00:00,date_only,liverpool-fc,paris-saint-germain,Liverpool FC (ENG),Paris Saint-Germain (FRA),3,2,openfootball,2018-09-18T00:00:00+00:00,0.2926875329550945,0.2507219442458899,0.4565905227990157,1.3689182991155238,2.0915320273742477,1582.1954126709288,1779.4934537323002
ucl-2018-19-026,2018-19,knockout_phase,,2018-09-18T00:00:00+00:00,date_only,crvena-zvezda,ssc-napoli,Crvena Zvezda (SRB),SSC Napoli (ITA),0,0,openfootball,2018-09-18T00:00:00+00:00,0.3881196398112448,0.2507142857142857,0.3611660744744695,1.700503057004135,1.7355975543966917,1500.0,1531.9677601664664
ucl-2018-19-027,2018-19,knockout_phase,,2018-09-18T00:00:00+00:00,date_only,paris-saint-germain,crvena-zvezda,Paris Saint-Germain (FRA),Crvena Zvezda (SRB),6,1,openfootball,2018-09-18T00:00:00+00:00,0.5439587781229837,0.25070663811563165,0.20533458376138472,2.471893088851223,0.9150372530569527,1756.2153939354218,1499.4609286932646
ucl-2018-19-028,2018-19,knockout_phase,,2018-09-18T00:00:00+00:00,date_only,ssc-napoli,liverpool-fc,SSC Napoli (ITA),Liverpool FC (ENG),1,0,openfootball,2018-09-18T00:00:00+00:00,0.36413574410273736,0.25069900142653356,0.38516525447072913,1.5898067107357878,1.9670117742685123,1532.5068314732018,1605.4734724678071
ucl-2018-19-029,2018-19,knockout_phase,,2018-09-18T00:00:00+00:00,date_only,paris-saint-germain,ssc-napoli,Paris Saint-Germain (FRA),SSC Napoli (ITA),2,2,openfootball,2018-09-18T00:00:00+00:00,0.5247029365622565,0.25069137562366356,0.22460568781407994,2.289065937276054,1.139747250179157,1769.4429100481898,1552.9274216805616
ucl-2018-19-030,2018-19,knockout_phase,,2018-09-18T00:00:00+00:00,date_only,liverpool-fc,crvena-zvezda,Liverpool FC (ENG),Crvena Zvezda (SRB),4,0,openfootball,2018-09-18T00:00:00+00:00,0.463009857661009,0.2506837606837607,0.28630638165523037,2.5936539058927126,1.1949899187640909,1585.0528822604474,1486.2334125804966
ucl-2018-19-031,2018-19,knockout_phase,,2018-09-18T00:00:00+00:00,date_only,crvena-zvezda,liverpool-fc,Crvena Zvezda (SRB),Liverpool FC (ENG),2,0,openfootball,2018-09-18T00:00:00+00:00,0.32994514591297325,0.2506761565836299,0.41937869750339685,1.1702072244669002,2.6078342204264797,1469.7674821006121,1601.518812740332
ucl-2018-19-032,2018-19,knockout_phase,,2018-09-18T00:00:00+00:00,date_only,ssc-napoli,paris-saint-germain,SSC Napoli (ITA),Paris Saint-Germain (FRA),1,1,openfootball,2018-09-18T00:00:00+00:00,0.2886975872841667,0.25066856330014226,0.460633849415691,1.2495736679852492,2.1252299545006896,1558.9293666555252,1763.4409650732262
ucl-2018-19-033,2018-19,knockout_phase,,2018-09-18T00:00:00+00:00,date_only,paris-saint-germain,liverpool-fc,Paris Saint-Germain (FRA),Liverpool FC (ENG),2,1,openfootball,2018-09-18T00:00:00+00:00,0.5065163702915588,0.2506609808102346,0.24282264889820657,2.234082170121807,1.3256017337820722,1760.0022398305957,1579.7301417085234
ucl-2018-19-034,2018-19,knockout_phase,,2018-09-18T00:00:00+00:00,date_only,ssc-napoli,crvena-zvezda,SSC Napoli (ITA),Crvena Zvezda (SRB),3,1,openfootball,2018-09-18T00:00:00+00:00,0.4473926824812444,0.2506534090909091,0.3019539084278464,1.9012321711936684,1.3694587074895102,1562.3680918981556,1491.5561531324206
ucl-2018-19-035,2018-19,knockout_phase,,2018-09-18T00:00:00+00:00,date_only,liverpool-fc,ssc-napoli,Liverpool FC (ENG),SSC Napoli (ITA),1,0,openfootball,2018-09-18T00:00:00+00:00,0.398381575250147,0.2506458481192335,0.3509725766306195,1.9149714602924015,1.5359526563274823,1565.0040161363904,1579.4593164170876
ucl-2018-19-036,2018-19,knockout_phase,,2018-09-18T00:00:00+00:00,date_only,crvena-zvezda,paris-saint-germain,Crvena Zvezda (SRB),Paris Saint-Germain (FRA),1,4,openfootball,2018-09-18T00:00:00+00:00,0.2377334440312235,0.25063829787234043,0.511628258096436,0.9606895602513907,2.442599866950402,1474.4649286134886,1774.7283654027287
ucl-2018-19-037,2018-19,knockout_phase,,2018-09-18T00:00:00+00:00,date_only,fc-schalke-04,fc-porto,FC Schalke 04 (GER),FC Porto (POR),1,1,openfootball,2018-09-18T00:00:00+00:00,0.38214014078200886,0.25063075832742737,0.3672291008905637,1.3347803988314886,1.6597546283032303,1541.8619822057692,1584.125503607983
ucl-2018-19-038,2018-19,knockout_phase,,2018-09-18T00:00:00+00:00,date_only,galatasaray,lokomotiv-moskva,Galatasaray (TUR),Lokomotiv Moskva (RUS),3,0,openfootball,2018-09-18T00:00:00+00:00,0.35155025416515934,0.25062322946175636,0.3978265163730843,1.1411897733017877,2.06304818135857,1405.427727962145,1500.0
ucl-2018-19-039,2018-19,knockout_phase,,2018-09-18T00:00:00+00:00,date_only,lokomotiv-moskva,fc-schalke-04,Lokomotiv Moskva (RUS),FC Schalke 04 (GER),0,1,openfootball,2018-09-18T00:00:00+00:00,0.3703076931351398,0.2506157112526539,0.3790765956122063,1.798694825225815,1.503197985973194,1479.0744747558415,1541.5637614079403
ucl-2018-19-040,2018-19,knockout_phase,,2018-09-18T00:00:00+00:00,date_only,fc-porto,galatasaray,FC Porto (POR),Galatasaray (TUR),1,0,openfootball,2018-09-18T00:00:00+00:00,0.4950273963094191,0.2506082036775106,0.2543644000130703,1.9302968212376856,1.061286352533661,1584.423724405812,1426.3532532063034
ucl-2018-19-041,2018-19,knockout_phase,,2018-09-18T00:00:00+00:00,date_only,lokomotiv-moskva,fc-porto,Lokomotiv Moskva (RUS),FC Porto (POR),1,3,openfootball,2018-09-18T00:00:00+00:00,0.3250179725478691,0.2506007067137809,0.42438132073835,1.1101756807474388,1.6292880268306207,1459.2498528053827,1599.610464479885
ucl-2018-19-042,2018-19,knockout_phase,,2018-09-18T00:00:00+00:00,date_only,galatasaray,fc-schalke-04,Galatasaray (TUR),FC Schalke 04 (GER),0,0,openfootball,2018-09-18T00:00:00+00:00,0.31936121964486885,0.25059322033898307,0.430045560016148,1.3913668322827903,1.7725617065875605,1411.1665131322304,1561.388383358399
ucl-2018-19-043,2018-19,knockout_phase,,2018-09-18T00:00:00+00:00,date_only,fc-porto,lokomotiv-moskva,FC Porto (POR),Lokomotiv Moskva (RUS),4,1,openfootball,2018-09-18T00:00:00+00:00,0.5045695430345285,0.25058574453069865,0.24484471243477277,1.8531952946741268,0.9858575573641469,1617.6231975160754,1441.2371197691923
ucl-2018-19-044,2018-19,knockout_phase,,2018-09-18T00:00:00+00:00,date_only,fc-schalke-04,galatasaray,FC Schalke 04 (GER),Galatasaray (TUR),2,0,openfootball,2018-09-18T00:00:00+00:00,0.4885618662859654,0.2505782792665726,0.260859854447462,1.8581620805094312,1.2528036689257884,1559.1746965509735,1413.380199939656
ucl-2018-19-045,2018-19,knockout_phase,,2018-09-18T00:00:00+00:00,date_only,lokomotiv-moskva,galatasaray,Lokomotiv Moskva (RUS),Galatasaray (TUR),2,0,openfootball,2018-09-18T00:00:00+00:00,0.42332610192453424,0.2505708245243129,0.32610307355115287,1.8542741292934415,1.2178438544599837,1426.4316163811875,1397.934240176426
ucl-2018-19-046,2018-19,knockout_phase,,2018-09-18T00:00:00+00:00,date_only,fc-porto,fc-schalke-04,FC Porto (POR),FC Schalke 04 (GER),3,1,openfootball,2018-09-18T00:00:00+00:00,0.44009150462043733,0.2505633802816901,0.30934511509787255,1.7634114657296593,1.175747017892463,1632.4287009040802,1574.6206563142034
ucl-2018-19-047,2018-19,knockout_phase,,2018-09-18T00:00:00+00:00,date_only,fc-schalke-04,lokomotiv-moskva,FC Schalke 04 (GER),Lokomotiv Moskva (RUS),1,0,openfootball,2018-09-18T00:00:00+00:00,0.47075022206121775,0.2505559465165377,0.2786938314222446,1.6845452588698966,1.4542461458452591,1557.2355841046547,1444.48715581372
ucl-2018-19-048,2018-19,knockout_phase,,2018-09-18T00:00:00+00:00,date_only,galatasaray,fc-porto,Galatasaray (TUR),FC Porto (POR),2,3,openfootball,2018-09-18T00:00:00+00:00,0.25340642985355033,0.25054852320675103,0.4960450469396986,0.9928801933150756,1.8864784540435917,1379.8787007438937,1649.813773113629
ucl-2018-19-049,2018-19,knockout_phase,,2018-09-18T00:00:00+00:00,date_only,afc-ajax,aek-athen,AFC Ajax (NED),AEK Athen (GRE),3,0,openfootball,2018-09-18T00:00:00+00:00,0.3723179884448365,0.25054111033028814,0.37714090122487537,1.1957345162280348,1.7060790536842387,1440.881419473642,1500.0
ucl-2018-19-050,2018-19,knockout_phase,,2018-09-18T00:00:00+00:00,date_only,sl-benfica,bayern-m-nchen,SL Benfica (POR),Bayern München (GER),0,2,openfootball,2018-09-18T00:00:00+00:00,0.15800004048129362,0.25053370786516854,0.5914662516535378,0.766281823852885,2.30356277621181,1428.7945682898035,1906.1975561369297
ucl-2018-19-051,2018-19,knockout_phase,,2018-09-18T00:00:00+00:00,date_only,bayern-m-nchen,afc-ajax,Bayern München (GER),AFC Ajax (NED),1,1,openfootball,2018-09-18T00:00:00+00:00,0.6234286280199087,0.2505263157894737,0.12604505619061754,2.709549537577778,0.7592694608468689,1917.528231913485,1460.9778777292427
ucl-2018-19-052,2018-19,knockout_phase,,2018-09-18T00:00:00+00:00,date_only,aek-athen,sl-benfica,AEK Athen (GRE),SL Benfica (POR),2,3,openfootball,2018-09-18T00:00:00+00:00,0.4427436551309093,0.2505189340813464,0.3067374107877443,1.4868478558407738,1.0324476412533068,1479.9035417443993,1417.4638925132483
ucl-2018-19-053,2018-19,knockout_phase,,2018-09-18T00:00:00+00:00,date_only,aek-athen,bayern-m-nchen,AEK Athen (GRE),Bayern München (GER),0,2,openfootball,2018-09-18T00:00:00+00:00,0.1687847910352166,0.2505115627189909,0.5807036462457925,0.7673963197111368,2.686628398776545,1457.183416857536,1907.580560476899
ucl-2018-19-054,2018-19,knockout_phase,,2018-09-18T00:00:00+00:00,date_only,afc-ajax,sl-benfica,AFC Ajax (NED),SL Benfica (POR),1,0,openfootball,2018-09-18T00:00:00+00:00,0.4246550778897174,0.2505042016806723,0.3248407204296104,1.4456179431380973,1.2170056454895222,1470.9255491658284,1440.1840174001115
ucl-2018-19-055,2018-19,knockout_phase,,2018-09-18T00:00:00+00:00,date_only,sl-benfica,afc-ajax,SL Benfica (POR),AFC Ajax (NED),1,1,openfootball,2018-09-18T00:00:00+00:00,0.367872753012643,0.2504968509447166,0.38163039604264043,1.271692941947971,1.3371822318074769,1422.1803045493136,1488.9292620166264
ucl-2018-19-056,2018-19,knockout_phase,,2018-09-18T00:00:00+00:00,date_only,bayern-m-nchen,aek-athen,Bayern München (GER),AEK Athen (GRE),2,0,openfootball,2018-09-18T00:00:00+00:00,0.6290487143430683,0.2504895104895105,0.12046177516742113,2.8927114356202277,0.6840530737260402,1919.3421833726875,1445.4217939617477
ucl-2018-19-057,2018-19,knockout_phase,,2018-09-18T00:00:00+00:00,date_only,aek-athen,afc-ajax,AEK Athen (GRE),AFC Ajax (NED),0,2,openfootball,2018-09-18T00:00:00+00:00,0.3758945567989752,0.25048218029350106,0.3736232629075237,1.4507828529910283,1.3791237176071773,1435.5935327452605,1488.6541091560264
ucl-2018-19-058,2018-19,knockout_phase,,2018-09-18T00:00:00+00:00,date_only,bayern-m-nchen,sl-benfica,Bayern München (GER),SL Benfica (POR),5,1,openfootball,2018-09-18T00:00:00+00:00,0.6390657433851729,0.2504748603351955,0.11045939627963162,2.5075402670938285,0.6830233418804925,1929.1704445891746,1422.4554574099136
ucl-2018-19-059,2018-19,knockout_phase,,2018-09-18T00:00:00+00:00,date_only,afc-ajax,bayern-m-nchen,AFC Ajax (NED),Bayern München (GER),3,3,openfootball,2018-09-18T00:00:00+00:00,0.1773194086915796,0.25046755059316117,0.5722130407152591,0.8125984721161118,2.447616137561348,1508.6995350338555,1938.5983176470638
ucl-2018-19-060,2018-19,knockout_phase,,2018-09-18T00:00:00+00:00,date_only,sl-benfica,aek-athen,SL Benfica (POR),AEK Athen (GRE),1,0,openfootball,2018-09-18T00:00:00+00:00,0.4054320063067243,0.2504602510460251,0.3441077426472506,1.2791898871511393,1.324260993504895,1413.0275843520244,1415.5481068674314
ucl-2018-19-061,2018-19,knockout_phase,,2018-09-18T00:00:00+00:00,date_only,shakhtar-donetsk,1899-hoffenheim,Shakhtar Donetsk (UKR),1899 Hoffenheim (GER),2,2,openfootball,2018-09-18T00:00:00+00:00,0.3984170962693001,0.2504529616724739,0.351129942058226,1.5364295824011331,1.5097134769362364,1485.4297845956453,1500.0
ucl-2018-19-062,2018-19,knockout_phase,,2018-09-18T00:00:00+00:00,date_only,manchester-city,olympique-lyonnais,Manchester City (ENG),Olympique Lyonnais (FRA),1,2,openfootball,2018-09-18T00:00:00+00:00,0.4938521013222931,0.2504456824512535,0.25570221622645334,1.8394362651502,1.242399705828558,1604.3464657057204,1448.7152552177881
ucl-2018-19-063,2018-19,knockout_phase,,2018-09-18T00:00:00+00:00,date_only,1899-hoffenheim,manchester-city,1899 Hoffenheim (GER),Manchester City (ENG),1,2,openfootball,2018-09-18T00:00:00+00:00,0.360944950702661,0.2504384133611691,0.3886166359361699,1.4878018959003483,1.7857584832797215,1500.9457430842215,1579.5834680038035
ucl-2018-19-064,2018-19,knockout_phase,,2018-09-18T00:00:00+00:00,date_only,olympique-lyonnais,shakhtar-donetsk,Olympique Lyonnais (FRA),Shakhtar Donetsk (UKR),2,2,openfootball,2018-09-18T00:00:00+00:00,0.40050695910274564,0.2504311543810849,0.3490618865161695,1.5170785095069008,1.3510871923944792,1473.478252919705,1484.4840415114238
ucl-2018-19-065,2018-19,knockout_phase,,2018-09-18T00:00:00+00:00,date_only,shakhtar-donetsk,manchester-city,Shakhtar Donetsk (UKR),Manchester City (ENG),0,3,openfootball,2018-09-18T00:00:00+00:00,0.3406152435303382,0.25042390548992355,0.4089608509797383,1.458094731578993,1.7199088301214212,1485.5129429631554,1599.0300342991334
ucl-2018-19-066,2018-19,knockout_phase,,2018-09-18T00:00:00+00:00,date_only,1899-hoffenheim,olympique-lyonnais,1899 Hoffenheim (GER),Olympique Lyonnais (FRA),3,3,openfootball,2018-09-18T00:00:00+00:00,0.4121752887172678,0.2504166666666667,0.3374080446160655,1.3358748544340986,1.2856334497860546,1481.4991767888916,1472.4493514679734
ucl-2018-19-067,2018-19,knockout_phase,,2018-09-18T00:00:00+00:00,date_only,manchester-city,shakhtar-donetsk,Manchester City (ENG),Shakhtar Donetsk (UKR),6,0,openfootball,2018-09-18T00:00:00+00:00,0.4913174249513137,0.2504094378903539,0.25827313715833244,1.9154640432863852,1.305138199333156,1617.6631221501455,1466.8798551121433
ucl-2018-19-068,2018-19,knockout_phase,,2018-09-18T00:00:00+00:00,date_only,olympique-lyonnais,1899-hoffenheim,Olympique Lyonnais (FRA),1899 Hoffenheim (GER),2,2,openfootball,2018-09-18T00:00:00+00:00,0.4034040631152678,0.2504022191400832,0.346193717744649,1.5380276434461981,1.3501932698584265,1473.9446963499975,1480.0038319068676
ucl-2018-19-069,2018-19,knockout_phase,,2018-09-18T00:00:00+00:00,date_only,olympique-lyonnais,manchester-city,Olympique Lyonnais (FRA),Manchester City (ENG),2,2,openfootball,2018-09-18T00:00:00+00:00,0.31374227338613164,0.25039501039501044,0.43586271621885797,1.346963660485986,1.78121976928563,1472.800489442585,1633.0022363942858
ucl-2018-19-070,2018-19,knockout_phase,,2018-09-18T00:00:00+00:00,date_only,1899-hoffenheim,shakhtar-donetsk,1899 Hoffenheim (GER),Shakhtar Donetsk (UKR),2,3,openfootball,2018-09-18T00:00:00+00:00,0.4240684040840503,0.25038781163434903,0.32554378428160075,1.824672748288564,1.4402618013691486,1481.14803881428,1451.540740868003
ucl-2018-19-071,2018-19,knockout_phase,,2018-09-18T00:00:00+00:00,date_only,shakhtar-donetsk,olympique-lyonnais,Shakhtar Donetsk (UKR),Olympique Lyonnais (FRA),1,1,openfootball,2018-09-18T00:00:00+00:00,0.40593392547183177,0.2503806228373703,0.34368545169079795,1.507445834692899,1.5567099989123474,1473.511233264052,1475.2428982992396
ucl-2018-19-072,2018-19,knockout_phase,,2018-09-18T00:00:00+00:00,date_only,manchester-city,1899-hoffenheim,Manchester City (ENG),1899 Hoffenheim (GER),2,1,openfootball,2018-09-18T00:00:00+00:00,0.5021270565140715,0.2503734439834025,0.247499499502526,2.13046562642303,1.312215734155694,1630.5598275376312,1459.177546418231
ucl-2018-19-073,2018-19,knockout_phase,,2018-09-18T00:00:00+00:00,date_only,real-madrid,as-roma,Real Madrid (ESP),AS Roma (ITA),3,0,openfootball,2018-09-18T00:00:00+00:00,0.6460908558230364,0.2503662750518314,0.10354286912513223,3.009789598702181,0.7864139350733427,2055.547799164849,1524.6423859853894
ucl-2018-19-074,2018-19,knockout_phase,,2018-09-18T00:00:00+00:00,date_only,viktoria-plze,cska-moskva,Viktoria Plzeň (CZE),CSKA Moskva (RUS),2,2,openfootball,2018-09-18T00:00:00+00:00,0.4398570546785062,0.2503591160220995,0.3097838292993943,1.8276533517342965,1.3818773186125628,1403.5472708346572,1346.3632487535015
ucl-2018-19-075,2018-19,knockout_phase,,2018-09-18T00:00:00+00:00,date_only,cska-moskva,real-madrid,CSKA Moskva (RUS),Real Madrid (ESP),1,0,openfootball,2018-09-18T00:00:00+00:00,0.08438537038871581,0.250351966873706,0.6652626627375783,0.5782440615251606,2.8521547507798717,1348.9647132610837,2064.696839430891
ucl-2018-19-076,2018-19,knockout_phase,,2018-09-18T00:00:00+00:00,date_only,as-roma,viktoria-plze,AS Roma (ITA),Viktoria Plzeň (CZE),5,0,openfootball,2018-09-18T00:00:00+00:00,0.47186660621341864,0.2503448275862069,0.27778856620037445,1.9654562828268936,1.623634973738485,1515.4933457193474,1400.945806327075
ucl-2018-19-077,2018-19,knockout_phase,,2018-09-18T00:00:00+00:00,date_only,as-roma,cska-moskva,AS Roma (ITA),CSKA Moskva (RUS),3,0,openfootball,2018-09-18T00:00:00+00:00,0.4914947178691962,0.25033769813921436,0.25816758399158946,2.010563820528796,1.3993136494593161,1531.6117849190866,1380.582259108061
ucl-2018-19-078,2018-19,knockout_phase,,2018-09-18T00:00:00+00:00,date_only,real-madrid,viktoria-plze,Real Madrid (ESP),Viktoria Plzeň (CZE),2,1,openfootball,2018-09-18T00:00:00+00:00,0.6747320054135043,0.2503305785123967,0.07493741607409896,3.1986714771753535,0.5582166644135633,2033.0792935839138,1384.8273671273357
ucl-2018-19-079,2018-19,knockout_phase,,2018-09-18T00:00:00+00:00,date_only,cska-moskva,as-roma,CSKA Moskva (RUS),AS Roma (ITA),1,2,openfootball,2018-09-18T00:00:00+00:00,0.30158846930561467,0.2503234686854783,0.44808806200890705,1.4257291567629227,1.9211309603039477,1365.248801785613,1546.9452422415345
ucl-2018-19-080,2018-19,knockout_phase,,2018-09-18T00:00:00+00:00,date_only,viktoria-plze,real-madrid,Viktoria Plzeň (CZE),Real Madrid (ESP),0,5,openfootball,2018-09-18T00:00:00+00:00,0.09720654760520371,0.25031636863823936,0.6524770837565569,0.557015918666681,2.9711419820477873,1376.823258914124,2041.0834017971256
ucl-2018-19-081,2018-19,knockout_phase,,2018-09-18T00:00:00+00:00,date_only,cska-moskva,viktoria-plze,CSKA Moskva (RUS),Viktoria Plzeň (CZE),1,2,openfootball,2018-09-18T00:00:00+00:00,0.3954703611623758,0.2503092783505155,0.35422036048710875,1.6380245286227963,1.6166148598603838,1348.1787936396788,1367.928669637151
ucl-2018-19-082,2018-19,knockout_phase,,2018-09-18T00:00:00+00:00,date_only,as-roma,real-madrid,AS Roma (ITA),Real Madrid (ESP),0,2,openfootball,2018-09-18T00:00:00+00:00,0.15473823518113689,0.2503021978021978,0.5949595670166653,0.8789654756573166,2.725614504720048,1564.0152503874688,2049.9779910740986
ucl-2018-19-083,2018-19,knockout_phase,,2018-09-18T00:00:00+00:00,date_only,real-madrid,cska-moskva,Real Madrid (ESP),CSKA Moskva (RUS),0,3,openfootball,2018-09-18T00:00:00+00:00,0.6909699467205821,0.25029512697323264,0.058734926306185264,3.0844576521466003,0.5401985841650725,2061.173564437388,1327.3537936261735
ucl-2018-19-084,2018-19,knockout_phase,,2018-09-18T00:00:00+00:00,date_only,viktoria-plze,as-roma,Viktoria Plzeň (CZE),AS Roma (ITA),2,1,openfootball,2018-09-18T00:00:00+00:00,0.31158595144107676,0.2502880658436214,0.4381259827153018,1.5249449938553976,2.0468773382490153,1388.7536696506563,1552.8196770241793
ucl-2018-19-085,2018-19,knockout_phase,,2018-09-18T00:00:00+00:00,date_only,valencia-cf,juventus,Valencia CF (ESP),Juventus (ITA),0,2,openfootball,2018-09-18T00:00:00+00:00,0.23050537702061352,0.25028101439342015,0.5192136085859662,0.932622350419924,1.6224021196640608,1493.8467415251955,1808.6999210212866
ucl-2018-19-086,2018-19,knockout_phase,,2018-09-18T00:00:00+00:00,date_only,bsc-young-boys,manchester-united,BSC Young Boys (SUI),Manchester United (ENG),0,3,openfootball,2018-09-18T00:00:00+00:00,0.3461999360699027,0.2502739726027397,0.40352609132735767,1.033306749317056,1.6219861794937236,1500.0,1604.0319008195327
ucl-2018-19-087,2018-19,knockout_phase,,2018-09-18T00:00:00+00:00,date_only,juventus,bsc-young-boys,Juventus (ITA),BSC Young Boys (SUI),3,0,openfootball,2018-09-18T00:00:00+00:00,0.5814575120932993,0.2502669404517454,0.16827554745495524,1.9209450599954234,0.6592439520036614,1822.9257563899796,1481.146523105149
ucl-2018-19-088,2018-19,knockout_phase,,2018-09-18T00:00:00+00:00,date_only,manchester-united,valencia-cf,Manchester United (ENG),Valencia CF (ESP),0,0,openfootball,2018-09-18T00:00:00+00:00,0.48742268507240766,0.2502599179206566,0.26231739700693574,1.7060537262982343,1.054490352294746,1622.8853777143836,1479.6209061565025
ucl-2018-19-089,2018-19,knockout_phase,,2018-09-18T00:00:00+00:00,date_only,bsc-young-boys,valencia-cf,BSC Young Boys (SUI),Valencia CF (ESP),1,1,openfootball,2018-09-18T00:00:00+00:00,0.3984402200182094,0.2502529049897471,0.35130687499204355,1.1910726254000865,1.5514752330132642,1469.4101623979159,1484.123011917812
ucl-2018-19-090,2018-19,knockout_phase,,2018-09-18T00:00:00+00:00,date_only,manchester-united,juventus,Manchester United (ENG),Juventus (ITA),0,1,openfootball,2018-09-18T00:00:00+00:00,0.28235886499082635,0.25024590163934424,0.4673952333698294,1.0868264525759628,1.4383035438215828,1618.3832719530742,1834.6621170972128
ucl-2018-19-091,2018-19,knockout_phase,,2018-09-18T00:00:00+00:00,date_only,valencia-cf,bsc-young-boys,Valencia CF (ESP),BSC Young Boys (SUI),3,1,openfootball,2018-09-18T00:00:00+00:00,0.4166451549221694,0.2502389078498294,0.3331159372280012,1.633831819434119,1.0658576213757818,1485.0656788183353,1468.4674954973925
ucl-2018-19-092,2018-19,knockout_phase,,2018-09-18T00:00:00+00:00,date_only,juventus,manchester-united,Juventus (ITA),Manchester United (ENG),1,2,openfootball,2018-09-18T00:00:00+00:00,0.5406113611944828,0.2502319236016371,0.2091567152038801,1.615859363802354,0.9590817397273478,1850.9613897296326,1602.0839993206544
ucl-2018-19-093,2018-19,knockout_phase,,2018-09-18T00:00:00+00:00,date_only,juventus,valencia-cf,Juventus (ITA),Valencia CF (ESP),1,0,openfootball,2018-09-18T00:00:00+00:00,0.5728373009792664,0.2502249488752556,0.176937750145478,1.7965385777120497,0.831496410557633,1824.3322968098205,1503.3950944644519
ucl-2018-19-094,2018-19,knockout_phase,,2018-09-18T00:00:00+00:00,date_only,manchester-united,bsc-young-boys,Manchester United (ENG),BSC Young Boys (SUI),1,0,openfootball,2018-09-18T00:00:00+00:00,0.5059440098563294,0.25021798365122616,0.24383800649244447,1.8775081624982386,0.7939934700014092,1628.7130922404665,1450.138079851276
ucl-2018-19-095,2018-19,knockout_phase,,2018-09-18T00:00:00+00:00,date_only,valencia-cf,manchester-united,Valencia CF (ESP),Manchester United (ENG),2,1,openfootball,2018-09-18T00:00:00+00:00,0.31841526365481965,0.25021102791014294,0.43137370843503736,1.0961429375605374,1.4837915323045112,1491.3130854811277,1643.4709721731888
ucl-2018-19-096,2018-19,knockout_phase,,2018-09-18T00:00:00+00:00,date_only,bsc-young-boys,juventus,BSC Young Boys (SUI),Juventus (ITA),2,1,openfootball,2018-09-18T00:00:00+00:00,0.18988535309084534,0.25020408163265306,0.5599105652765016,0.628662054628317,1.8102132134402036,1435.3801999185537,1836.4143057931446
ucl-2018-19-097,2018-19,knockout_phase,,2019-02-12T00:00:00+00:00,date_only,manchester-united,paris-saint-germain,Manchester United (ENG),Paris Saint-Germain (FRA),0,2,openfootball,2019-02-12T00:00:00+00:00,0.3093653120591688,0.25019714479945615,0.440437543141375,1.2535526841238442,1.8195729470405473,1621.2118032775845,1789.2504691214244
ucl-2018-19-098,2018-19,knockout_phase,,2019-02-12T00:00:00+00:00,date_only,as-roma,fc-porto,AS Roma (ITA),FC Porto (POR),2,1,openfootball,2019-02-12T00:00:00+00:00,0.32847345057953165,0.2501902173913043,0.42133633202916404,1.318884340800102,1.8231147495821407,1530.2888763986948,1664.961000771906
ucl-2018-19-099,2018-19,knockout_phase,,2019-02-12T00:00:00+00:00,date_only,tottenham-hotspur,borussia-dortmund,Tottenham Hotspur (ENG),Borussia Dortmund (GER),3,0,openfootball,2019-02-12T00:00:00+00:00,0.3994690871190462,0.2501832993890021,0.3503476134919517,1.5268776630608571,1.679561160690555,1588.9661654694444,1601.9787925812261
ucl-2018-19-100,2018-19,knockout_phase,,2019-02-12T00:00:00+00:00,date_only,afc-ajax,real-madrid,AFC Ajax (NED),Real Madrid (ESP),1,2,openfootball,2019-02-12T00:00:00+00:00,0.1450341924810988,0.2501763907734057,0.6047894167454956,0.7659710981989811,2.6235457020859765,1516.5974076743291,2028.5288640291
ucl-2018-19-101,2018-19,knockout_phase,,2019-02-12T00:00:00+00:00,date_only,olympique-lyonnais,fc-barcelona,Olympique Lyonnais (FRA),FC Barcelona (ESP),0,0,openfootball,2019-02-12T00:00:00+00:00,0.16805643797357206,0.2501694915254237,0.5817740705010042,0.7705476520352926,2.301580226995619,1476.4878677748602,1928.858208268289
ucl-2018-19-102,2018-19,knockout_phase,,2019-02-12T00:00:00+00:00,date_only,liverpool-fc,bayern-m-nchen,Liverpool FC (ENG),Bayern München (GER),0,0,openfootball,2019-02-12T00:00:00+00:00,0.21499008456786167,0.2501626016260163,0.5348473138061219,1.109390362196392,2.387618145025495,1584.0558361639999,1930.7004450065901
ucl-2018-19-103,2018-19,knockout_phase,,2019-02-12T00:00:00+00:00,date_only,fc-schalke-04,manchester-city,FC Schalke 04 (GER),Manchester City (ENG),2,3,openfootball,2019-02-12T00:00:00+00:00,0.36492298273809953,0.250155721056195,0.3849212962057055,1.4216414442383036,1.8033676956731868,1573.3944562918753,1645.4672763974004
ucl-2018-19-104,2018-19,knockout_phase,,2019-02-12T00:00:00+00:00,date_only,atl-tico-madrid,juventus,Atlético Madrid (ESP),Juventus (ITA),2,0,openfootball,2019-02-12T00:00:00+00:00,0.39995842374667745,0.250148849797023,0.34989272645629954,1.3637973178102825,1.2224224632120912,1796.8086781598658,1809.0138015494315
ucl-2018-19-105,2018-19,knockout_phase,,2019-02-12T00:00:00+00:00,date_only,borussia-dortmund,tottenham-hotspur,Borussia Dortmund (GER),Tottenham Hotspur (ENG),0,1,openfootball,2019-02-12T00:00:00+00:00,0.3924777820330352,0.2501419878296146,0.3573802301373502,1.7287775346770178,1.4734717994188797,1582.961222053768,1607.9837359969024
ucl-2018-19-106,2018-19,knockout_phase,,2019-02-12T00:00:00+00:00,date_only,real-madrid,afc-ajax,Real Madrid (ESP),AFC Ajax (NED),1,4,openfootball,2019-02-12T00:00:00+00:00,0.6470231838110698,0.25013513513513513,0.10284168105379511,2.842395483931274,0.7157344065057746,2039.3337595438122,1505.792512159617
ucl-2018-19-107,2018-19,knockout_phase,,2019-02-12T00:00:00+00:00,date_only,paris-saint-germain,manchester-united,Paris Saint-Germain (FRA),Manchester United (ENG),1,3,openfootball,2019-02-12T00:00:00+00:00,0.5182915419784287,0.2501282916948008,0.23158016632677053,2.0019594434634227,1.1148028155996321,1806.6290244997804,1603.8332478992286
ucl-2018-19-108,2018-19,knockout_phase,,2019-02-12T00:00:00+00:00,date_only,fc-porto,as-roma,FC Porto (POR),AS Roma (ITA),3,1,openfootball,2019-02-12T00:00:00+00:00,0.4589952138781488,0.2501214574898785,0.29088332863197275,1.9131893119438477,1.2654485504449218,1643.1037431429133,1552.1461340276874
ucl-2018-19-109,2018-19,knockout_phase,,2019-02-12T00:00:00+00:00,date_only,manchester-city,fc-schalke-04,Manchester City (ENG),FC Schalke 04 (GER),7,0,openfootball,2019-02-12T00:00:00+00:00,0.47021927674275005,0.25011463250168575,0.2796660907555642,1.9939774063056843,1.3008180749554525,1665.0673101280483,1553.7944225612273
ucl-2018-19-110,2018-19,knockout_phase,,2019-02-12T00:00:00+00:00,date_only,juventus,atl-tico-madrid,Juventus (ITA),Atlético Madrid (ESP),3,0,openfootball,2019-02-12T00:00:00+00:00,0.3920456784719089,0.2501078167115903,0.35784650481650077,1.293818959400984,1.2828198324792128,1790.0151154952391,1815.8073642140582
ucl-2018-19-111,2018-19,knockout_phase,,2019-02-12T00:00:00+00:00,date_only,fc-barcelona,olympique-lyonnais,FC Barcelona (ESP),Olympique Lyonnais (FRA),5,1,openfootball,2019-02-12T00:00:00+00:00,0.6168400549383818,0.2501010101010101,0.13305893496060806,2.4471486599575734,0.7184612522141214,1920.5838556177403,1484.762220425409
ucl-2018-19-112,2018-19,knockout_phase,,2019-02-12T00:00:00+00:00,date_only,bayern-m-nchen,liverpool-fc,Bayern München (GER),Liverpool FC (ENG),1,3,openfootball,2019-02-12T00:00:00+00:00,0.5783349866479832,0.2500942126514132,0.17157080070060365,2.51786671938567,1.0338433766282162,1924.303300421825,1590.452980748765
ucl-2018-19-113,2018-19,knockout_phase,,2019-02-12T00:00:00+00:00,date_only,liverpool-fc,fc-porto,Liverpool FC (ENG),FC Porto (POR),2,0,openfootball,2019-02-12T00:00:00+00:00,0.3830674118999818,0.2500874243443174,0.3668451637557008,1.5569700003408609,1.5446768732905296,1618.5882644677126,1659.7415054379899
ucl-2018-19-114,2018-19,knockout_phase,,2019-02-12T00:00:00+00:00,date_only,tottenham-hotspur,manchester-city,Tottenham Hotspur (ENG),Manchester City (ENG),1,0,openfootball,2019-02-12T00:00:00+00:00,0.37638301788530226,0.25008064516129036,0.3735363369534074,1.5193730187039112,1.7509561304914165,1628.685687034816,1681.2562464083046
ucl-2018-19-115,2018-19,knockout_phase,,2019-02-12T00:00:00+00:00,date_only,afc-ajax,juventus,AFC Ajax (NED),Juventus (ITA),1,1,openfootball,2019-02-12T00:00:00+00:00,0.2521423740498733,0.25007387508394896,0.49778375086617777,0.9327875084938596,1.6717699932049124,1536.6761422147624,1809.331132022131
ucl-2018-19-116,2018-19,knockout_phase,,2019-02-12T00:00:00+00:00,date_only,manchester-united,fc-barcelona,Manchester United (ENG),FC Barcelona (ESP),0,1,openfootball,2019-02-12T00:00:00+00:00,0.23736812362558435,0.25006711409395976,0.5125647622804559,0.9910201064085501,1.987153380522015,1629.5674754122617,1930.9082332181847
ucl-2018-19-117,2018-19,knockout_phase,,2019-02-12T00:00:00+00:00,date_only,juventus,afc-ajax,Juventus (ITA),AFC Ajax (NED),1,2,openfootball,2019-02-12T00:00:00+00:00,0.5472480573821289,0.25006036217303823,0.20269158044483293,1.8194166024750085,0.8639961297846991,1804.4183044858048,1541.5889697510886
ucl-2018-19-118,2018-19,knockout_phase,,2019-02-12T00:00:00+00:00,date_only,fc-barcelona,manchester-united,FC Barcelona (ESP),Manchester United (ENG),3,0,openfootball,2019-02-12T00:00:00+00:00,0.5769074547115135,0.25005361930294906,0.17303892598553752,2.169713500442004,0.8850412297215848,1945.4043004450873,1615.0714081853591
ucl-2018-19-119,2018-19,knockout_phase,,2019-02-12T00:00:00+00:00,date_only,fc-porto,liverpool-fc,FC Porto (POR),Liverpool FC (ENG),1,4,openfootball,2019-02-12T00:00:00+00:00,0.408169864694526,0.2500468854655057,0.34178324983996833,1.6046478431624371,1.4819446468183648,1640.0659504008754,1638.263819504827
ucl-2018-19-120,2018-19,knockout_phase,,2019-02-12T00:00:00+00:00,date_only,manchester-city,tottenham-hotspur,Manchester City (ENG),Tottenham Hotspur (ENG),4,3,openfootball,2019-02-12T00:00:00+00:00,0.4144894510247702,0.2500401606425703,0.3354703883326595,1.808348133286748,1.424877048926157,1661.3131800269425,1648.6287534161781
ucl-2018-19-121,2018-19,knockout_phase,,2019-02-12T00:00:00+00:00,date_only,tottenham-hotspur,afc-ajax,Tottenham Hotspur (ENG),AFC Ajax (NED),0,1,openfootball,2019-02-12T00:00:00+00:00,0.4426277230149702,0.2500334448160535,0.3073388321689763,1.740406380058201,1.23470937871206,1630.2091346700204,1568.4800992898345
ucl-2018-19-122,2018-19,knockout_phase,,2019-02-12T00:00:00+00:00,date_only,fc-barcelona,liverpool-fc,FC Barcelona (ESP),Liverpool FC (ENG),3,0,openfootball,2019-02-12T00:00:00+00:00,0.5629977614197506,0.25002673796791447,0.18697550061233506,2.325009366781346,1.0256476789887163,1957.3269298705677,1659.5915518019183
ucl-2018-19-123,2018-19,knockout_phase,,2019-02-12T00:00:00+00:00,date_only,liverpool-fc,fc-barcelona,Liverpool FC (ENG),FC Barcelona (ESP),4,0,openfootball,2019-02-12T00:00:00+00:00,0.22669110843751591,0.2500200400801603,0.5232888514823238,1.0544777574781805,2.189705929610676,1647.1119970180666,1969.8064846544194
ucl-2018-19-124,2018-19,knockout_phase,,2019-02-12T00:00:00+00:00,date_only,afc-ajax,tottenham-hotspur,AFC Ajax (NED),Tottenham Hotspur (ENG),2,3,openfootball,2019-02-12T00:00:00+00:00,0.3976309005889008,0.25001335113484646,0.3523557482762527,1.3730687668780446,1.527544986497564,1591.1858771067543,1607.5033568531005
ucl-2018-19-125,2018-19,knockout_phase,,2019-02-12T00:00:00+00:00,date_only,tottenham-hotspur,liverpool-fc,Tottenham Hotspur (ENG),Liverpool FC (ENG),0,2,openfootball,2019-02-12T00:00:00+00:00,0.3810692678109948,0.25000667111407604,0.36892406107492914,1.5038567215959397,1.7665988332495641,1628.4088598993535,1673.0439518789628
ucl-2019-20-001,2019-20,knockout_phase,,2019-09-18T00:00:00+00:00,date_only,club-brugge-kv,galatasaray,Club Brugge KV (BEL),Galatasaray (TUR),0,0,openfootball,2019-09-18T00:00:00+00:00,0.427328796230499,0.25,0.322671203769501,1.732411965795226,1.164237094030486,1399.6258320398877,1364.7314730856167
ucl-2019-20-002,2019-20,knockout_phase,,2019-09-18T00:00:00+00:00,date_only,paris-saint-germain,real-madrid,Paris Saint-Germain (FRA),Real Madrid (ESP),3,0,openfootball,2019-09-18T00:00:00+00:00,0.27627655090113995,0.2499933377748168,0.47373011132404325,1.4428705562484003,2.10795355500128,1780.8947969867472,2008.4501294886668
ucl-2019-20-003,2019-20,knockout_phase,,2019-09-18T00:00:00+00:00,date_only,real-madrid,club-brugge-kv,Real Madrid (ESP),Club Brugge KV (BEL),2,2,openfootball,2019-09-18T00:00:00+00:00,0.6610927878909592,0.24998668442077232,0.08892052768826854,2.9727766787109813,0.6177786570312149,1984.5010582802088,1397.5326801906676
ucl-2019-20-004,2019-20,knockout_phase,,2019-09-18T00:00:00+00:00,date_only,galatasaray,paris-saint-germain,Galatasaray (TUR),Paris Saint-Germain (FRA),0,1,openfootball,2019-09-18T00:00:00+00:00,0.17402029683153303,0.24998003992015969,0.5759996632483073,0.8334153364987125,2.3802481229578927,1366.8246249348367,1804.8438681952052
ucl-2019-20-005,2019-20,knockout_phase,,2019-09-18T00:00:00+00:00,date_only,club-brugge-kv,paris-saint-germain,Club Brugge KV (BEL),Paris Saint-Germain (FRA),0,5,openfootball,2019-09-18T00:00:00+00:00,0.1869481025827813,0.24997340425531916,0.5630784931618995,0.8051432037732097,2.359385436981432,1408.9761253947215,1816.8042808668697
ucl-2019-20-006,2019-20,knockout_phase,,2019-09-18T00:00:00+00:00,date_only,galatasaray,real-madrid,Galatasaray (TUR),Real Madrid (ESP),0,1,openfootball,2019-09-18T00:00:00+00:00,0.11009956881945446,0.24996677740863787,0.6399336537719077,0.656309420891142,2.7062465809341454,1354.8642122631722,1973.057613076155
ucl-2019-20-007,2019-20,knockout_phase,,2019-09-18T00:00:00+00:00,date_only,paris-saint-germain,club-brugge-kv,Paris Saint-Germain (FRA),Club Brugge KV (BEL),1,0,openfootball,2019-09-18T00:00:00+00:00,0.6159132083203608,0.2499601593625498,0.1341266323170895,2.6391890352400065,0.7114780401006778,1829.2816730552872,1396.498733206304
ucl-2019-20-008,2019-20,knockout_phase,,2019-09-18T00:00:00+00:00,date_only,real-madrid,galatasaray,Real Madrid (ESP),Galatasaray (TUR),6,0,openfootball,2019-09-18T00:00:00+00:00,0.6726649839608851,0.24995355009953552,0.07738146593957926,2.926195683352984,0.6115651924480479,1982.460931377106,1345.4608939622212
ucl-2019-20-009,2019-20,knockout_phase,,2019-09-18T00:00:00+00:00,date_only,galatasaray,club-brugge-kv,Galatasaray (TUR),Club Brugge KV (BEL),1,1,openfootball,2019-09-18T00:00:00+00:00,0.3786782889276784,0.24994694960212202,0.37137476147019954,1.2400743687111841,1.5682262193167673,1337.3665643226473,1386.1344647263695
ucl-2019-20-010,2019-20,knockout_phase,,2019-09-18T00:00:00+00:00,date_only,real-madrid,paris-saint-germain,Real Madrid (ESP),Paris Saint-Germain (FRA),2,2,openfootball,2019-09-18T00:00:00+00:00,0.49169160356588404,0.2499403578528827,0.25836803858123325,2.1624244329012154,1.4291556917742658,1990.5552610166799,1839.6459415352217
ucl-2019-20-011,2019-20,knockout_phase,,2019-09-18T00:00:00+00:00,date_only,paris-saint-germain,galatasaray,Paris Saint-Germain (FRA),Galatasaray (TUR),5,0,openfootball,2019-09-18T00:00:00+00:00,0.6396380583515677,0.2499337748344371,0.11042816681399516,2.642576599217848,0.6892114478984493,1844.3124128349148,1337.2204937734978
ucl-2019-20-012,2019-20,knockout_phase,,2019-09-18T00:00:00+00:00,date_only,club-brugge-kv,real-madrid,Club Brugge KV (BEL),Real Madrid (ESP),1,3,openfootball,2019-09-18T00:00:00+00:00,0.11567410692971754,0.2499272005294507,0.6343986925408318,0.6203264546321102,2.772620192226515,1386.280535275519,1985.8887897169868
ucl-2019-20-013,2019-20,knockout_phase,,2019-09-18T00:00:00+00:00,date_only,olympiakos-piraeus,tottenham-hotspur,Olympiakos Piraeus (GRE),Tottenham Hotspur (ENG),2,2,openfootball,2019-09-18T00:00:00+00:00,0.3221552733836059,0.24992063492063493,0.42792409169575923,1.259995213749546,1.7741576751542092,1462.3140584179337,1608.1659557646321
ucl-2019-20-014,2019-20,knockout_phase,,2019-09-18T00:00:00+00:00,date_only,bayern-m-nchen,crvena-zvezda,Bayern München (GER),Crvena Zvezda (SRB),3,0,openfootball,2019-09-18T00:00:00+00:00,0.6171318252094452,0.24991407799074689,0.1329540967998079,2.8712760952142204,0.7295913687265831,1896.1680167028774,1459.942824894793
ucl-2019-20-015,2019-20,knockout_phase,,2019-09-18T00:00:00+00:00,date_only,tottenham-hotspur,bayern-m-nchen,Tottenham Hotspur (ENG),Bayern München (GER),2,7,openfootball,2019-09-18T00:00:00+00:00,0.23787874784517454,0.24990752972258917,0.5122137224322362,1.0349276872514341,2.307727271686456,1606.0505793983891,1906.4844621346847
ucl-2019-20-016,2019-20,knockout_phase,,2019-09-18T00:00:00+00:00,date_only,crvena-zvezda,olympiakos-piraeus,Crvena Zvezda (SRB),Olympiakos Piraeus (GRE),3,1,openfootball,2019-09-18T00:00:00+00:00,0.3985745856540436,0.2499009900990099,0.3515244242469465,1.6728815118700218,1.553346964417026,1449.6263794629856,1464.4294347841767
ucl-2019-20-017,2019-20,knockout_phase,,2019-09-18T00:00:00+00:00,date_only,tottenham-hotspur,crvena-zvezda,Tottenham Hotspur (ENG),Crvena Zvezda (SRB),5,0,openfootball,2019-09-18T00:00:00+00:00,0.4766749834306751,0.24989445910290237,0.2734305574664225,2.087241450410937,1.2694500829144935,1591.5372788901304,1468.6853762348437
ucl-2019-20-018,2019-20,knockout_phase,,2019-09-18T00:00:00+00:00,date_only,olympiakos-piraeus,bayern-m-nchen,Olympiakos Piraeus (GRE),Bayern München (GER),2,3,openfootball,2019-09-18T00:00:00+00:00,0.15882979100176542,0.249887936717205,0.5912822722810296,0.8355841946486087,2.5335027935348444,1445.3704380123186,1920.9977626429434
ucl-2019-20-019,2019-20,knockout_phase,,2019-09-18T00:00:00+00:00,date_only,bayern-m-nchen,olympiakos-piraeus,Bayern München (GER),Olympiakos Piraeus (GRE),2,0,openfootball,2019-09-18T00:00:00+00:00,0.6370788233108698,0.2498814229249012,0.11303975376422892,2.7632155309534667,0.7927805164136973,1932.348713017358,1434.019487637904
ucl-2019-20-020,2019-20,knockout_phase,,2019-09-18T00:00:00+00:00,date_only,crvena-zvezda,tottenham-hotspur,Crvena Zvezda (SRB),Tottenham Hotspur (ENG),0,4,openfootball,2019-09-18T00:00:00+00:00,0.3170902669562913,0.2498749177090191,0.43303481533468957,1.2731161773706847,2.1287891093855036,1452.7502647541287,1607.4723903708455
ucl-2019-20-021,2019-20,knockout_phase,,2019-09-18T00:00:00+00:00,date_only,tottenham-hotspur,olympiakos-piraeus,Tottenham Hotspur (ENG),Olympiakos Piraeus (GRE),4,2,openfootball,2019-09-18T00:00:00+00:00,0.5173977274268858,0.24986842105263157,0.2327338515204826,2.095430203394226,1.1812996729010576,1625.1534994032775,1424.5002690288368
ucl-2019-20-022,2019-20,knockout_phase,,2019-09-18T00:00:00+00:00,date_only,crvena-zvezda,bayern-m-nchen,Crvena Zvezda (SRB),Bayern München (GER),0,6,openfootball,2019-09-18T00:00:00+00:00,0.14698137078821016,0.24986193293885603,0.6031566962729338,0.7071016490102107,2.8095639638106995,1435.0691557216967,1941.8679316264252
ucl-2019-20-023,2019-20,knockout_phase,,2019-09-18T00:00:00+00:00,date_only,bayern-m-nchen,tottenham-hotspur,Bayern München (GER),Tottenham Hotspur (ENG),3,1,openfootball,2019-09-18T00:00:00+00:00,0.5698646339969845,0.24985545335085416,0.1802799126521614,2.5671166809875583,1.0314539420316589,1952.7444251167308,1639.4602218851494
ucl-2019-20-024,2019-20,knockout_phase,,2019-09-18T00:00:00+00:00,date_only,olympiakos-piraeus,crvena-zvezda,Olympiakos Piraeus (GRE),Crvena Zvezda (SRB),1,0,openfootball,2019-09-18T00:00:00+00:00,0.3990714829474356,0.24984898227183192,0.35107953478073245,1.812037773966682,1.6204438549007287,1410.1935465469649,1424.192662231391
ucl-2019-20-025,2019-20,knockout_phase,,2019-09-18T00:00:00+00:00,date_only,shakhtar-donetsk,manchester-city,Shakhtar Donetsk (UKR),Manchester City (ENG),0,3,openfootball,2019-09-18T00:00:00+00:00,0.2873769916019709,0.24984251968503937,0.4627804887129897,1.3436629449840405,1.9486558509093195,1472.2662637884314,1679.7327987731003
ucl-2019-20-026,2019-20,knockout_phase,,2019-09-18T00:00:00+00:00,date_only,dinamo-zagreb,atalanta,Dinamo Zagreb (CRO),Atalanta (ITA),4,0,openfootball,2019-09-18T00:00:00+00:00,0.2326279151761431,0.2498360655737705,0.5175360192500865,0.1525962990414519,2.9155896274335054,1189.1155588497422,1500.0
ucl-2019-20-027,2019-20,knockout_phase,,2019-09-18T00:00:00+00:00,date_only,atalanta,shakhtar-donetsk,Atalanta (ITA),Shakhtar Donetsk (UKR),1,2,openfootball,2019-09-18T00:00:00+00:00,0.4179889036559203,0.24982961992136304,0.3321814764227167,1.7754395868232242,1.4276483305414203,1474.3018379185212,1455.7743337306517
ucl-2019-20-028,2019-20,knockout_phase,,2019-09-18T00:00:00+00:00,date_only,manchester-city,dinamo-zagreb,Manchester City (ENG),Dinamo Zagreb (CRO),2,0,openfootball,2019-09-18T00:00:00+00:00,0.631957875958525,0.24982318271119844,0.11821894133027652,2.6381971165121274,0.7960806046626386,1696.22472883088,1214.813720931221
ucl-2019-20-029,2019-20,knockout_phase,,2019-09-18T00:00:00+00:00,date_only,shakhtar-donetsk,dinamo-zagreb,Shakhtar Donetsk (UKR),Dinamo Zagreb (CRO),2,2,openfootball,2019-09-18T00:00:00+00:00,0.5518213446771368,0.24981675392670155,0.19836190139616167,2.149633231156977,1.0552407834954713,1477.4904822753158,1205.088499623786
ucl-2019-20-030,2019-20,knockout_phase,,2019-09-18T00:00:00+00:00,date_only,manchester-city,atalanta,Manchester City (ENG),Atalanta (ITA),5,1,openfootball,2019-09-18T00:00:00+00:00,0.5430245385274867,0.24981033355134075,0.20716512792117261,2.303359106192604,1.1505349372681393,1705.949950138315,1452.5856893738571
ucl-2019-20-031,2019-20,knockout_phase,,2019-09-18T00:00:00+00:00,date_only,dinamo-zagreb,shakhtar-donetsk,Dinamo Zagreb (CRO),Shakhtar Donetsk (UKR),3,3,openfootball,2019-09-18T00:00:00+00:00,0.2598174108350909,0.24980392156862746,0.49037866759628174,1.1611905856433475,1.979868044305835,1212.1576884894055,1470.4212934096963
ucl-2019-20-032,2019-20,knockout_phase,,2019-09-18T00:00:00+00:00,date_only,atalanta,manchester-city,Atalanta (ITA),Manchester City (ENG),1,1,openfootball,2019-09-18T00:00:00+00:00,0.24844325820631472,0.24979751796211627,0.501759223831569,1.197535907193973,2.240673976947524,1439.3028775859834,1719.2327619261887
ucl-2019-20-033,2019-20,knockout_phase,,2019-09-18T00:00:00+00:00,date_only,manchester-city,shakhtar-donetsk,Manchester City (ENG),Shakhtar Donetsk (UKR),1,1,openfootball,2019-09-18T00:00:00+00:00,0.5406834176308789,0.2497911227154047,0.20952545965371638,2.1818023549600953,1.2134613418383755,1714.1664426136836,1465.8100682744725
ucl-2019-20-034,2019-20,knockout_phase,,2019-09-18T00:00:00+00:00,date_only,atalanta,dinamo-zagreb,Atalanta (ITA),Dinamo Zagreb (CRO),2,0,openfootball,2019-09-18T00:00:00+00:00,0.5307544645692771,0.24978473581213306,0.21946079961858989,2.653416902728216,0.7232664778174271,1444.3691968984886,1216.7689136246292
ucl-2019-20-035,2019-20,knockout_phase,,2019-09-18T00:00:00+00:00,date_only,shakhtar-donetsk,atalanta,Shakhtar Donetsk (UKR),Atalanta (ITA),0,3,openfootball,2019-09-18T00:00:00+00:00,0.4155644380628632,0.24977835723598435,0.3346572047011524,1.6491496325057957,1.611163052616053,1472.4332274340159,1458.1433235994748
ucl-2019-20-036,2019-20,knockout_phase,,2019-09-18T00:00:00+00:00,date_only,dinamo-zagreb,manchester-city,Dinamo Zagreb (CRO),Manchester City (ENG),1,4,openfootball,2019-09-18T00:00:00+00:00,0.14783194212738124,0.24977198697068403,0.6023960709019347,0.8073860568128209,2.4638166447458216,1202.994786923643,1707.5432834541402
ucl-2019-20-037,2019-20,knockout_phase,,2019-09-18T00:00:00+00:00,date_only,atl-tico-madrid,juventus,Atlético Madrid (ESP),Juventus (ITA),2,2,openfootball,2019-09-18T00:00:00+00:00,0.4182771331539957,0.24976562500000002,0.33195724184600434,1.3858034772834227,1.2070541878702314,1796.4913476871664,1777.527174947059
ucl-2019-20-038,2019-20,knockout_phase,,2019-09-18T00:00:00+00:00,date_only,bayer-leverkusen,lokomotiv-moskva,Bayer Leverkusen (GER),Lokomotiv Moskva (RUS),1,2,openfootball,2019-09-18T00:00:00+00:00,0.4568322170954759,0.24975927130774236,0.2934085115967818,1.669506142778049,1.4194859948684697,1515.0083822328857,1428.3282836264993
ucl-2019-20-039,2019-20,knockout_phase,,2019-09-18T00:00:00+00:00,date_only,juventus,bayer-leverkusen,Juventus (ITA),Bayer Leverkusen (GER),3,0,openfootball,2019-09-18T00:00:00+00:00,0.5586823319901293,0.24975292587776332,0.1915647421321074,1.8868674478146499,0.8992333144755529,1779.2535727732188,1491.7399081229119
ucl-2019-20-040,2019-20,knockout_phase,,2019-09-18T00:00:00+00:00,date_only,lokomotiv-moskva,atl-tico-madrid,Lokomotiv Moskva (RUS),Atlético Madrid (ESP),0,2,openfootball,2019-09-18T00:00:00+00:00,0.21678009502865378,0.2497465886939571,0.533473316277389,0.7768836494200317,1.8859216518925461,1451.5967577364731,1794.7649498610065
ucl-2019-20-041,2019-20,knockout_phase,,2019-09-18T00:00:00+00:00,date_only,atl-tico-madrid,bayer-leverkusen,Atlético Madrid (ESP),Bayer Leverkusen (GER),1,0,openfootball,2019-09-18T00:00:00+00:00,0.576738651574877,0.24974025974025973,0.17352108868486332,2.038688123827402,0.87658796247654,1808.4310854360317,1479.0822599200724
ucl-2019-20-042,2019-20,knockout_phase,,2019-09-18T00:00:00+00:00,date_only,juventus,lokomotiv-moskva,Juventus (ITA),Lokomotiv Moskva (RUS),2,1,openfootball,2019-09-18T00:00:00+00:00,0.5867981737546432,0.24973393900064894,0.16346788724470782,1.952483832345509,0.6640129341235931,1791.9112209760583,1437.930622161448
ucl-2019-20-043,2019-20,knockout_phase,,2019-09-18T00:00:00+00:00,date_only,lokomotiv-moskva,juventus,Lokomotiv Moskva (RUS),Juventus (ITA),1,2,openfootball,2019-09-18T00:00:00+00:00,0.20083691735558412,0.24972762645914398,0.5494354561852719,0.7082328682617333,1.8001454127076866,1426.3972278916467,1803.4446152458595
ucl-2019-20-044,2019-20,knockout_phase,,2019-09-18T00:00:00+00:00,date_only,bayer-leverkusen,atl-tico-madrid,Bayer Leverkusen (GER),Atlético Madrid (ESP),2,1,openfootball,2019-09-18T00:00:00+00:00,0.2119775292630347,0.24972132209980558,0.5383011486371597,0.9011215956129087,1.8675555536983524,1467.1466111778727,1820.3667341782314
ucl-2019-20-045,2019-20,knockout_phase,,2019-09-18T00:00:00+00:00,date_only,lokomotiv-moskva,bayer-leverkusen,Lokomotiv Moskva (RUS),Bayer Leverkusen (GER),0,2,openfootball,2019-09-18T00:00:00+00:00,0.36031808213057,0.24971502590673575,0.38996689196269424,1.5146185574575326,1.4958436155724355,1413.3691986682404,1493.6730835653552
ucl-2019-20-046,2019-20,knockout_phase,,2019-09-18T00:00:00+00:00,date_only,juventus,atl-tico-madrid,Juventus (ITA),Atlético Madrid (ESP),1,0,openfootball,2019-09-18T00:00:00+00:00,0.4204291399584392,0.24970873786407768,0.3298621221774831,1.381717461755907,1.2349117448809888,1816.4726444692658,1793.8402617907489
ucl-2019-20-047,2019-20,knockout_phase,,2019-09-18T00:00:00+00:00,date_only,atl-tico-madrid,lokomotiv-moskva,Atlético Madrid (ESP),Lokomotiv Moskva (RUS),2,0,openfootball,2019-09-18T00:00:00+00:00,0.5976233428661032,0.24970245795601553,0.15267419917788133,2.079100163760212,0.6557967920687534,1775.651602146368,1393.9621748648829
ucl-2019-20-048,2019-20,knockout_phase,,2019-09-18T00:00:00+00:00,date_only,bayer-leverkusen,juventus,Bayer Leverkusen (GER),Juventus (ITA),0,2,openfootball,2019-09-18T00:00:00+00:00,0.2273398950975127,0.24969618616677441,0.5229639187357129,0.9198122795487135,1.7482857695813683,1513.0801073687128,1834.6613041136466
ucl-2019-20-049,2019-20,knockout_phase,,2019-09-18T00:00:00+00:00,date_only,ssc-napoli,liverpool-fc,SSC Napoli (ITA),Liverpool FC (ENG),2,0,openfootball,2019-09-18T00:00:00+00:00,0.3297277374852407,0.24968992248062016,0.42058234003413913,1.4032065942525556,1.906768057931289,1560.4074963894782,1693.2868560136842
ucl-2019-20-050,2019-20,knockout_phase,,2019-09-18T00:00:00+00:00,date_only,rb-salzburg,krc-genk,RB Salzburg (AUT),KRC Genk (BEL),6,2,openfootball,2019-09-18T00:00:00+00:00,0.43910979493359753,0.24968366688185928,0.3112065381845432,2.832644715329401,0.2965508944031456,1500.0,1444.8263416047184
ucl-2019-20-051,2019-20,knockout_phase,,2019-09-18T00:00:00+00:00,date_only,krc-genk,ssc-napoli,KRC Genk (BEL),SSC Napoli (ITA),0,0,openfootball,2019-09-18T00:00:00+00:00,0.3171062047924967,0.24967741935483873,0.4332163758526646,1.2766808009636552,1.9841791687528854,1427.3844067396994,1582.224588440456
ucl-2019-20-052,2019-20,knockout_phase,,2019-09-18T00:00:00+00:00,date_only,liverpool-fc,rb-salzburg,Liverpool FC (ENG),RB Salzburg (AUT),4,3,openfootball,2019-09-18T00:00:00+00:00,0.49351670593327956,0.24967117988394585,0.2568121141827746,2.366003583071602,1.2208441923662476,1671.4697639627063,1517.441934865019
ucl-2019-20-053,2019-20,knockout_phase,,2019-09-18T00:00:00+00:00,date_only,rb-salzburg,ssc-napoli,RB Salzburg (AUT),SSC Napoli (ITA),2,3,openfootball,2019-09-18T00:00:00+00:00,0.36185094809960555,0.24966494845360826,0.3884841034467863,1.6078596136813488,1.709712309054921,1502.176026700029,1579.9023850192527
ucl-2019-20-054,2019-20,knockout_phase,,2019-09-18T00:00:00+00:00,date_only,krc-genk,liverpool-fc,KRC Genk (BEL),Liverpool FC (ENG),1,4,openfootball,2019-09-18T00:00:00+00:00,0.2605234229898581,0.24965872504829362,0.4898178519618483,1.0010472102657673,2.457066993692148,1429.7066101609028,1686.7356721276963
ucl-2019-20-055,2019-20,knockout_phase,,2019-09-18T00:00:00+00:00,date_only,liverpool-fc,krc-genk,Liverpool FC (ENG),KRC Genk (BEL),2,1,openfootball,2019-09-18T00:00:00+00:00,0.5589102696187614,0.24965250965250968,0.19143722072872885,2.7235174343096253,0.8990042343704816,1702.1497835482564,1414.2924987403426
ucl-2019-20-056,2019-20,knockout_phase,,2019-09-18T00:00:00+00:00,date_only,ssc-napoli,rb-salzburg,SSC Napoli (ITA),RB Salzburg (AUT),1,1,openfootball,2019-09-18T00:00:00+00:00,0.4734612166204747,0.24964630225080386,0.27689248112872145,1.942217526754447,1.4972259785964424,1599.3697219123092,1482.7086898069726
ucl-2019-20-057,2019-20,knockout_phase,,2019-09-18T00:00:00+00:00,date_only,liverpool-fc,ssc-napoli,Liverpool FC (ENG),SSC Napoli (ITA),1,1,openfootball,2019-09-18T00:00:00+00:00,0.47493817387216525,0.2496401028277635,0.27542172330007125,2.016765610103949,1.3393442686735977,1714.8003225704558,1595.438347202474
ucl-2019-20-058,2019-20,knockout_phase,,2019-09-18T00:00:00+00:00,date_only,krc-genk,rb-salzburg,KRC Genk (BEL),RB Salzburg (AUT),1,4,openfootball,2019-09-18T00:00:00+00:00,0.3576103172643571,0.24963391136801544,0.3927557713676274,1.1920253888582555,2.913808260341967,1401.6419597181432,1486.6400645168078
ucl-2019-20-059,2019-20,knockout_phase,,2019-09-18T00:00:00+00:00,date_only,ssc-napoli,krc-genk,SSC Napoli (ITA),KRC Genk (BEL),4,0,openfootball,2019-09-18T00:00:00+00:00,0.5257273811123665,0.24962772785622594,0.22464489103140753,2.180903172844756,1.0752774617241951,1599.4286762139159,1382.3448688002086
ucl-2019-20-060,2019-20,knockout_phase,,2019-09-18T00:00:00+00:00,date_only,rb-salzburg,liverpool-fc,RB Salzburg (AUT),Liverpool FC (ENG),0,2,openfootball,2019-09-18T00:00:00+00:00,0.28890037768597754,0.2496215522771007,0.46147807003692176,1.4016535872773925,2.3270580825590383,1505.9371554347424,1710.809993559014
ucl-2019-20-061,2019-20,knockout_phase,,2019-09-18T00:00:00+00:00,date_only,inter,slavia-praha,Inter (ITA),Slavia Praha (CZE),1,1,openfootball,2019-09-18T00:00:00+00:00,0.42493780538509324,0.24961538461538463,0.3254468099995222,1.2881554841342764,1.122618469835436,1530.3580095325601,1500.0
ucl-2019-20-062,2019-20,knockout_phase,,2019-09-18T00:00:00+00:00,date_only,borussia-dortmund,fc-barcelona,Borussia Dortmund (GER),FC Barcelona (ESP),0,0,openfootball,2019-09-18T00:00:00+00:00,0.19877580789010843,0.24960922485586162,0.5516149672540299,1.0686539510186095,2.114410172518446,1562.2592710158544,1943.8745297935232
ucl-2019-20-063,2019-20,knockout_phase,,2019-09-18T00:00:00+00:00,date_only,slavia-praha,borussia-dortmund,Slavia Praha (CZE),Borussia Dortmund (GER),0,2,openfootball,2019-09-18T00:00:00+00:00,0.3679731316054613,0.24960307298335466,0.382423795411184,1.3972281380871485,1.775042886355678,1501.9898199077113,1569.3160542031328
ucl-2019-20-064,2019-20,knockout_phase,,2019-09-18T00:00:00+00:00,date_only,fc-barcelona,inter,FC Barcelona (ESP),Inter (ITA),2,1,openfootball,2019-09-18T00:00:00+00:00,0.6076265519688273,0.24959692898272554,0.14277651904844715,2.4889460593892587,0.6705574382028788,1936.8177466062448,1528.3681896248488
ucl-2019-20-065,2019-20,knockout_phase,,2019-09-18T00:00:00+00:00,date_only,inter,borussia-dortmund,Inter (ITA),Borussia Dortmund (GER),2,0,openfootball,2019-09-18T00:00:00+00:00,0.3656144401998461,0.24959079283887464,0.38479476696127923,1.3390128037884264,1.6804859595009047,1517.6651902832564,1589.0270409270183
ucl-2019-20-066,2019-20,knockout_phase,,2019-09-18T00:00:00+00:00,date_only,slavia-praha,fc-barcelona,Slavia Praha (CZE),FC Barcelona (ESP),1,2,openfootball,2019-09-18T00:00:00+00:00,0.16299693107101632,0.24958466453674122,0.5874184043922425,0.6355242124816033,2.4714515977566527,1482.2788331838258,1947.5207459478372
ucl-2019-20-067,2019-20,knockout_phase,,2019-09-18T00:00:00+00:00,date_only,fc-barcelona,slavia-praha,FC Barcelona (ESP),Slavia Praha (CZE),0,0,openfootball,2019-09-18T00:00:00+00:00,0.6342821293940005,0.2495785440613027,0.11613932654469677,2.6847822817014073,0.5797531220072953,1959.0323164814126,1470.7672626502504
ucl-2019-20-068,2019-20,knockout_phase,,2019-09-18T00:00:00+00:00,date_only,borussia-dortmund,inter,Borussia Dortmund (GER),Inter (ITA),3,2,openfootball,2019-09-18T00:00:00+00:00,0.42509841236872686,0.249572431397575,0.3253291562336981,1.7380881239036796,1.2758998712474265,1568.6434343917897,1538.048796818485
ucl-2019-20-069,2019-20,knockout_phase,,2019-09-18T00:00:00+00:00,date_only,fc-barcelona,borussia-dortmund,FC Barcelona (ESP),Borussia Dortmund (GER),3,1,openfootball,2019-09-18T00:00:00+00:00,0.590119793129891,0.24956632653061223,0.16031388033949662,2.238140205498646,1.005487835601083,1948.6694604244265,1586.6480492690891
ucl-2019-20-070,2019-20,knockout_phase,,2019-09-18T00:00:00+00:00,date_only,slavia-praha,inter,Slavia Praha (CZE),Inter (ITA),1,3,openfootball,2019-09-18T00:00:00+00:00,0.38464878008098935,0.24956022944550665,0.36579099047350405,1.1784807048808,1.25321543609536,1481.1301187072365,1520.0441819411856
ucl-2019-20-071,2019-20,knockout_phase,,2019-09-18T00:00:00+00:00,date_only,borussia-dortmund,slavia-praha,Borussia Dortmund (GER),Slavia Praha (CZE),2,1,openfootball,2019-09-18T00:00:00+00:00,0.4723334850798111,0.24955414012738852,0.2781123747928004,1.9337191963297715,1.233531685189704,1575.244167524897,1460.7529629150868
ucl-2019-20-072,2019-20,knockout_phase,,2019-09-18T00:00:00+00:00,date_only,inter,fc-barcelona,Inter (ITA),FC Barcelona (ESP),1,2,openfootball,2019-09-18T00:00:00+00:00,0.18191351608828066,0.24954805856142587,0.5685384253502935,0.7437413237375589,2.2797680029568554,1540.4213377333353,1960.0733421686186
ucl-2019-20-073,2019-20,knockout_phase,,2019-09-18T00:00:00+00:00,date_only,olympique-lyonnais,zenit-st-petersburg,Olympique Lyonnais (FRA),Zenit St. Petersburg (RUS),1,1,openfootball,2019-09-18T00:00:00+00:00,0.38714790858081205,0.24954198473282443,0.36331010668636354,1.3879883479380344,1.3043593216495726,1474.4378428249645,1509.1018252993233
ucl-2019-20-074,2019-20,knockout_phase,,2019-09-18T00:00:00+00:00,date_only,sl-benfica,rb-leipzig,SL Benfica (POR),RB Leipzig (GER),1,2,openfootball,2019-09-18T00:00:00+00:00,0.3742385834157484,0.24953591862682772,0.37622549795742377,1.1977546200972191,1.4440463039222249,1431.801099078835,1488.4955549621723
ucl-2019-20-075,2019-20,knockout_phase,,2019-09-18T00:00:00+00:00,date_only,zenit-st-petersburg,sl-benfica,Zenit St. Petersburg (RUS),SL Benfica (POR),3,1,openfootball,2019-09-18T00:00:00+00:00,0.46312367444363256,0.24952986022871665,0.28734646532765085,1.513948119972953,1.0806748373549708,1509.5785813372122,1411.8408373696686
ucl-2019-20-076,2019-20,knockout_phase,,2019-09-18T00:00:00+00:00,date_only,rb-leipzig,olympique-lyonnais,RB Leipzig (GER),Olympique Lyonnais (FRA),0,2,openfootball,2019-09-18T00:00:00+00:00,0.4273703522820739,0.24952380952380954,0.32310583819411665,1.5931900526813303,1.3381146245216025,1508.4558166713387,1473.9610867870756
ucl-2019-20-077,2019-20,knockout_phase,,2019-09-18T00:00:00+00:00,date_only,rb-leipzig,zenit-st-petersburg,RB Leipzig (GER),Zenit St. Petersburg (RUS),2,1,openfootball,2019-09-18T00:00:00+00:00,0.38421440469727336,0.24951776649746193,0.3662678288052647,1.4130098642173117,1.352548630365281,1486.3705263895795,1526.0630371548925
ucl-2019-20-078,2019-20,knockout_phase,,2019-09-18T00:00:00+00:00,date_only,sl-benfica,olympique-lyonnais,SL Benfica (POR),Olympique Lyonnais (FRA),2,1,openfootball,2019-09-18T00:00:00+00:00,0.3485006421554181,0.24951173113506658,0.40198762670951543,1.1805361148470723,1.4449044414556753,1395.3563815519883,1496.0463770688348
ucl-2019-20-079,2019-20,knockout_phase,,2019-09-18T00:00:00+00:00,date_only,zenit-st-petersburg,rb-leipzig,Zenit St. Petersburg (RUS),RB Leipzig (GER),0,2,openfootball,2019-09-18T00:00:00+00:00,0.4076546282870851,0.24950570342205325,0.34283966829086165,1.4328419781674944,1.3538930841326713,1506.4219686727326,1506.0115948717394
ucl-2019-20-080,2019-20,knockout_phase,,2019-09-18T00:00:00+00:00,date_only,olympique-lyonnais,sl-benfica,Olympique Lyonnais (FRA),SL Benfica (POR),3,1,openfootball,2019-09-18T00:00:00+00:00,0.44113813584774697,0.24949968334388853,0.30936218080836453,1.5383573141702067,1.1240098008377477,1474.976637377753,1416.4261212430702
ucl-2019-20-081,2019-20,knockout_phase,,2019-09-18T00:00:00+00:00,date_only,zenit-st-petersburg,olympique-lyonnais,Zenit St. Petersburg (RUS),Olympique Lyonnais (FRA),2,0,openfootball,2019-09-18T00:00:00+00:00,0.4032188803861242,0.24949367088607594,0.3472874487277998,1.3778760148854245,1.3381436325361047,1485.125669472808,1492.3411182769653
ucl-2019-20-082,2019-20,knockout_phase,,2019-09-18T00:00:00+00:00,date_only,rb-leipzig,sl-benfica,RB Leipzig (GER),SL Benfica (POR),2,2,openfootball,2019-09-18T00:00:00+00:00,0.4798574466551772,0.24948766603415562,0.27065488731066717,1.6852052114398384,1.039502497514796,1527.307894071664,1399.0616403438578
ucl-2019-20-083,2019-20,knockout_phase,,2019-09-18T00:00:00+00:00,date_only,sl-benfica,zenit-st-petersburg,SL Benfica (POR),Zenit St. Petersburg (RUS),3,0,openfootball,2019-09-18T00:00:00+00:00,0.3484729771528319,0.2494816687737042,0.40204535407346387,1.199493747370794,1.4229434636418266,1403.245691530748,1504.0070408396416
ucl-2019-20-084,2019-20,knockout_phase,,2019-09-18T00:00:00+00:00,date_only,olympique-lyonnais,rb-leipzig,Olympique Lyonnais (FRA),RB Leipzig (GER),2,2,openfootball,2019-09-18T00:00:00+00:00,0.37839077995192566,0.2494756790903348,0.3721335409577396,1.4422496169908285,1.46492757913461,1473.4597469101318,1523.1238428847737
ucl-2019-20-085,2019-20,knockout_phase,,2019-09-18T00:00:00+00:00,date_only,chelsea-fc,valencia-cf,Chelsea FC (ENG),Valencia CF (ESP),0,1,openfootball,2019-09-18T00:00:00+00:00,0.5147481233709523,0.24946969696969695,0.23578217965935067,2.0724952671655674,1.05528773688483,1708.418426827265,1513.572254376732
ucl-2019-20-086,2019-20,knockout_phase,,2019-09-18T00:00:00+00:00,date_only,afc-ajax,lille-osc,AFC Ajax (NED),Lille OSC (FRA),3,0,openfootball,2019-09-18T00:00:00+00:00,0.49537605353714587,0.24946372239747633,0.25516022406537786,1.6677468001986395,1.2076358931744218,1570.2803740605013,1412.9842138221338
ucl-2019-20-087,2019-20,knockout_phase,,2019-09-18T00:00:00+00:00,date_only,valencia-cf,afc-ajax,Valencia CF (ESP),AFC Ajax (NED),0,3,openfootball,2019-09-18T00:00:00+00:00,0.3803577959870899,0.2494577553593947,0.37018444865351535,1.503271263149915,1.312132989480068,1539.151573250964,1585.476057471066
ucl-2019-20-088,2019-20,knockout_phase,,2019-09-18T00:00:00+00:00,date_only,lille-osc,chelsea-fc,Lille OSC (FRA),Chelsea FC (ENG),1,2,openfootball,2019-09-18T00:00:00+00:00,0.24590472154547802,0.24945179584120983,0.5046434826133122,0.8969506056719686,2.1755409647377872,1397.7885304115691,1682.839107953033
ucl-2019-20-089,2019-20,knockout_phase,,2019-09-18T00:00:00+00:00,date_only,afc-ajax,chelsea-fc,AFC Ajax (NED),Chelsea FC (ENG),0,1,openfootball,2019-09-18T00:00:00+00:00,0.3536143890776215,0.24944584382871537,0.39693976709366313,1.2643986246506653,1.8507968897531522,1605.6795244177376,1697.6643327316763
ucl-2019-20-090,2019-20,knockout_phase,,2019-09-18T00:00:00+00:00,date_only,lille-osc,valencia-cf,Lille OSC (FRA),Valencia CF (ESP),1,1,openfootball,2019-09-18T00:00:00+00:00,0.32804442591507665,0.24943989930774071,0.4225156747771827,1.054298380392909,1.5668470099713874,1382.9633056329258,1518.9481063042924
ucl-2019-20-091,2019-20,knockout_phase,,2019-09-18T00:00:00+00:00,date_only,chelsea-fc,afc-ajax,Chelsea FC (ENG),AFC Ajax (NED),4,4,openfootball,2019-09-18T00:00:00+00:00,0.4809754657031331,0.24943396226415093,0.26959057203271597,2.001739037283074,1.1090417598642623,1716.7978251713555,1586.5460319780584
ucl-2019-20-092,2019-20,knockout_phase,,2019-09-18T00:00:00+00:00,date_only,valencia-cf,lille-osc,Valencia CF (ESP),Lille OSC (FRA),4,1,openfootball,2019-09-18T00:00:00+00:00,0.48203335400105307,0.24942803268384667,0.2685386133151002,1.6847170801428568,0.9573172449766236,1517.0586813270504,1384.8527306101678
ucl-2019-20-093,2019-20,knockout_phase,,2019-09-18T00:00:00+00:00,date_only,valencia-cf,chelsea-fc,Valencia CF (ESP),Chelsea FC (ENG),2,2,openfootball,2019-09-18T00:00:00+00:00,0.3030318153838502,0.2494221105527638,0.4475460740633859,1.183665362080236,1.8838991710099686,1532.7887865133314,1712.5701272979472
ucl-2019-20-094,2019-20,knockout_phase,,2019-09-18T00:00:00+00:00,date_only,lille-osc,afc-ajax,Lille OSC (FRA),AFC Ajax (NED),0,2,openfootball,2019-09-18T00:00:00+00:00,0.27971913750601496,0.24941619585687386,0.4708646666371111,1.203147889167493,1.7191959743802914,1369.1226254238868,1590.7737298514667
ucl-2019-20-095,2019-20,knockout_phase,,2019-09-18T00:00:00+00:00,date_only,chelsea-fc,lille-osc,Chelsea FC (ENG),Lille OSC (FRA),2,1,openfootball,2019-09-18T00:00:00+00:00,0.5881493146298313,0.24941028858218317,0.16244039678798547,2.430265601418553,0.801138168215807,1709.6798421243566,1352.9455360065087
ucl-2019-20-096,2019-20,knockout_phase,,2019-09-18T00:00:00+00:00,date_only,afc-ajax,valencia-cf,AFC Ajax (NED),Valencia CF (ESP),0,1,openfootball,2019-09-18T00:00:00+00:00,0.448397842162762,0.24940438871473353,0.3021977691225045,1.5405042340960469,1.383041057167607,1606.9508192688447,1535.679071686922
ucl-2019-20-097,2019-20,knockout_phase,,2020-02-18T00:00:00+00:00,date_only,borussia-dortmund,paris-saint-germain,Borussia Dortmund (GER),Paris Saint-Germain (FRA),2,1,openfootball,2020-02-18T00:00:00+00:00,0.2577823815939429,0.2493984962406015,0.49281912216545565,1.2882209224644412,1.9997298313715128,1591.3597453191567,1853.7282150041633
ucl-2019-20-098,2019-20,knockout_phase,,2020-02-18T00:00:00+00:00,date_only,atl-tico-madrid,liverpool-fc,Atlético Madrid (ESP),Liverpool FC (ENG),1,0,openfootball,2020-02-18T00:00:00+00:00,0.44168044262275485,0.24939261114589856,0.30892694623134653,1.6223253383130856,1.3377623708589652,1786.7526192726036,1727.358439711995
ucl-2019-20-099,2019-20,knockout_phase,,2020-02-18T00:00:00+00:00,date_only,atalanta,valencia-cf,Atalanta (ITA),Valencia CF (ESP),4,1,openfootball,2020-02-18T00:00:00+00:00,0.3613319839113654,0.24938673341677098,0.3892812826718636,1.238509188914941,1.578876859394363,1479.761468266709,1558.6030731477272
ucl-2019-20-100,2019-20,knockout_phase,,2020-02-18T00:00:00+00:00,date_only,tottenham-hotspur,rb-leipzig,Tottenham Hotspur (ENG),RB Leipzig (GER),0,1,openfootball,2020-02-18T00:00:00+00:00,0.4666800463901006,0.2493808630393996,0.28393909057049976,2.006669107206157,1.4195536031239633,1627.2519163120458,1523.2489876646573
ucl-2019-20-101,2019-20,knockout_phase,,2020-02-18T00:00:00+00:00,date_only,chelsea-fc,bayern-m-nchen,Chelsea FC (ENG),Bayern München (GER),0,3,openfootball,2020-02-18T00:00:00+00:00,0.26770599830685143,0.24937499999999999,0.4829190016931485,1.3382277586968132,2.1059209376966375,1721.1656637675196,1964.9527306898344
ucl-2019-20-102,2019-20,knockout_phase,,2020-02-18T00:00:00+00:00,date_only,ssc-napoli,fc-barcelona,SSC Napoli (ITA),FC Barcelona (ESP),1,1,openfootball,2020-02-18T00:00:00+00:00,0.20937077512686206,0.249369144284822,0.5412600805883159,0.946814411283358,2.157807730232573,1613.4070264122968,1972.3408439833784
ucl-2019-20-103,2019-20,knockout_phase,,2020-02-18T00:00:00+00:00,date_only,real-madrid,manchester-city,Real Madrid (ESP),Manchester City (ENG),1,2,openfootball,2020-02-18T00:00:00+00:00,0.5542738563868047,0.24936329588014983,0.19636284773304552,2.3565670657869147,1.2641554382795597,1995.5142980047644,1718.4520008786492
ucl-2019-20-104,2019-20,knockout_phase,,2020-02-18T00:00:00+00:00,date_only,olympique-lyonnais,juventus,Olympique Lyonnais (FRA),Juventus (ITA),1,0,openfootball,2020-02-18T00:00:00+00:00,0.20168788958245276,0.24935745477230192,0.5489546556452454,0.834427542680532,1.723003420401029,1473.3346021302482,1848.7488236408826
ucl-2019-20-105,2019-20,knockout_phase,,2020-02-18T00:00:00+00:00,date_only,valencia-cf,atalanta,Valencia CF (ESP),Atalanta (ITA),3,4,openfootball,2020-02-18T00:00:00+00:00,0.42932411280504496,0.24935162094763091,0.3213242662473241,1.6514363607754987,1.299850911379601,1538.0440871725173,1500.320454241919
ucl-2019-20-106,2019-20,knockout_phase,,2020-02-18T00:00:00+00:00,date_only,rb-leipzig,tottenham-hotspur,RB Leipzig (GER),Tottenham Hotspur (ENG),3,0,openfootball,2020-02-18T00:00:00+00:00,0.3743340773309497,0.24934579439252336,0.37632012827652694,1.5408406977041418,1.7611997822622185,1546.9038067810493,1603.5970971956538
ucl-2019-20-107,2019-20,knockout_phase,,2020-02-18T00:00:00+00:00,date_only,paris-saint-germain,borussia-dortmund,Paris Saint-Germain (FRA),Borussia Dortmund (GER),2,0,openfootball,2020-02-18T00:00:00+00:00,0.5238981559598884,0.24933997509339978,0.2267618689467118,2.1104221403395584,1.2537054531959793,1829.027480192733,1616.060480130587
ucl-2019-20-108,2019-20,knockout_phase,,2020-02-18T00:00:00+00:00,date_only,liverpool-fc,atl-tico-madrid,Liverpool FC (ENG),Atlético Madrid (ESP),2,3,openfootball,2020-02-18T00:00:00+00:00,0.35244023461468194,0.24933416303671438,0.3982256023486037,1.3934484854310583,1.5071671375810791,1710.0135096398233,1804.0975493447754
ucl-2019-20-109,2019-20,knockout_phase,,2020-02-18T00:00:00+00:00,date_only,manchester-city,real-madrid,Manchester City (ENG),Real Madrid (ESP),2,1,openfootball,2020-02-18T00:00:00+00:00,0.27915174058309616,0.24932835820895521,0.4715199012079486,1.3894346324586437,2.14287926032522,1745.6102210517245,1968.3560778316892
ucl-2019-20-110,2019-20,knockout_phase,,2020-02-18T00:00:00+00:00,date_only,juventus,olympique-lyonnais,Juventus (ITA),Olympique Lyonnais (FRA),2,1,openfootball,2020-02-18T00:00:00+00:00,0.5737746151605526,0.24932256059664387,0.17690282424280354,1.8343648638186734,0.8124366803736325,1821.8034883196267,1500.279937451504
ucl-2019-20-111,2019-20,knockout_phase,,2020-02-18T00:00:00+00:00,date_only,bayern-m-nchen,chelsea-fc,Bayern München (GER),Chelsea FC (ENG),4,1,openfootball,2020-02-18T00:00:00+00:00,0.5534534144168471,0.2493167701863354,0.19722981539681744,2.3058371947861542,1.2202743435499588,1980.6484706221086,1705.4699238352455
ucl-2019-20-112,2019-20,knockout_phase,,2020-02-18T00:00:00+00:00,date_only,fc-barcelona,ssc-napoli,FC Barcelona (ESP),SSC Napoli (ITA),3,1,openfootball,2020-02-18T00:00:00+00:00,0.5837776180621671,0.24931098696461823,0.16691139497321475,2.3131580268449476,0.8936487610057937,1965.7030578741492,1620.044812521526
ucl-2019-20-113,2019-20,knockout_phase,,2020-02-18T00:00:00+00:00,date_only,atalanta,paris-saint-germain,Atalanta (ITA),Paris Saint-Germain (FRA),1,2,openfootball,2020-02-18T00:00:00+00:00,0.22794263734996775,0.24930521091811414,0.5227521517319181,1.0028297472671697,2.438736202186264,1522.4804511730733,1843.0847544524695
ucl-2019-20-114,2019-20,knockout_phase,,2020-02-18T00:00:00+00:00,date_only,rb-leipzig,atl-tico-madrid,RB Leipzig (GER),Atlético Madrid (ESP),2,1,openfootball,2020-02-18T00:00:00+00:00,0.26106878097308484,0.24929944203347798,0.48963177699343713,0.9659918810320294,1.7422541142219956,1566.9435277999607,1823.181841990097
ucl-2019-20-115,2019-20,knockout_phase,,2020-02-18T00:00:00+00:00,date_only,fc-barcelona,bayern-m-nchen,FC Barcelona (ESP),Bayern München (GER),2,8,openfootball,2020-02-18T00:00:00+00:00,0.3981054944506537,0.24929368029739774,0.3526008252519486,1.6801388398892576,1.7163559331647362,1977.3657334123702,1993.523998641708
ucl-2019-20-116,2019-20,knockout_phase,,2020-02-18T00:00:00+00:00,date_only,manchester-city,olympique-lyonnais,Manchester City (ENG),Olympique Lyonnais (FRA),1,3,openfootball,2020-02-18T00:00:00+00:00,0.5562168546409789,0.24928792569659441,0.19449521966242667,2.140081128209588,1.1250065260037583,1769.4575842642216,1488.217373269859
ucl-2019-20-117,2019-20,knockout_phase,,2020-02-18T00:00:00+00:00,date_only,rb-leipzig,paris-saint-germain,RB Leipzig (GER),Paris Saint-Germain (FRA),0,3,openfootball,2020-02-18T00:00:00+00:00,0.2560766886538358,0.24928217821782178,0.4946411331283424,1.0690597317508264,2.268024941872066,1591.5147877203678,1857.1885641648305
ucl-2019-20-118,2019-20,knockout_phase,,2020-02-18T00:00:00+00:00,date_only,olympique-lyonnais,bayern-m-nchen,Olympique Lyonnais (FRA),Bayern München (GER),0,3,openfootball,2020-02-18T00:00:00+00:00,0.15000659300369262,0.2492764378478664,0.6007169691484409,0.8128770804603698,2.5500461617186607,1515.45180596943,2014.434092025682
ucl-2019-20-119,2019-20,knockout_phase,,2020-02-18T00:00:00+00:00,date_only,paris-saint-germain,bayern-m-nchen,Paris Saint-Germain (FRA),Bayern München (GER),0,1,openfootball,2020-02-18T00:00:00+00:00,0.31833049906321126,0.24927070457354758,0.43239879636324113,1.5265887347347036,2.0110926485758736,1872.4172752753404,2025.419884502787
ucl-2020-21-001,2020-21,knockout_phase,,2020-10-21T00:00:00+00:00,date_only,rb-salzburg,lokomotiv-moskva,RB Salzburg (AUT),Lokomotiv Moskva (RUS),2,2,openfootball,2020-10-21T00:00:00+00:00,0.4681437104351634,0.24926497838171713,0.2825913111831195,2.375439626285928,1.0956482989712575,1489.3887092817613,1382.8611577386473
ucl-2020-21-002,2020-21,knockout_phase,,2020-10-21T00:00:00+00:00,date_only,bayern-m-nchen,atl-tico-madrid,Bayern München (GER),Atlético Madrid (ESP),4,0,openfootball,2020-10-21T00:00:00+00:00,0.5392540613046111,0.24925925925925924,0.21148667943612964,2.2030836252335004,1.0841078124568782,2043.1385185567865,1798.6105820696898
ucl-2020-21-003,2020-21,knockout_phase,,2020-10-21T00:00:00+00:00,date_only,lokomotiv-moskva,bayern-m-nchen,Lokomotiv Moskva (RUS),Bayern München (GER),1,2,openfootball,2020-10-21T00:00:00+00:00,0.09583189098995641,0.24925354719309067,0.654914561816953,0.5274694948155254,2.9167594468826223,1386.5722057236883,2056.5831709194167
ucl-2020-21-004,2020-21,knockout_phase,,2020-10-21T00:00:00+00:00,date_only,atl-tico-madrid,rb-salzburg,Atlético Madrid (ESP),RB Salzburg (AUT),3,2,openfootball,2020-10-21T00:00:00+00:00,0.5643510776544093,0.24924784217016027,0.18640108017543047,2.002484949413679,0.9269234328741199,1785.1659297070594,1485.6776612967203
ucl-2020-21-005,2020-21,knockout_phase,,2020-10-21T00:00:00+00:00,date_only,lokomotiv-moskva,atl-tico-madrid,Lokomotiv Moskva (RUS),Atlético Madrid (ESP),1,1,openfootball,2020-10-21T00:00:00+00:00,0.181901055444661,0.24924214417744917,0.5688568003778898,0.7356396825316008,1.935074460871271,1377.7538591402283,1797.6069297574797
ucl-2020-21-006,2020-21,knockout_phase,,2020-10-21T00:00:00+00:00,date_only,rb-salzburg,bayern-m-nchen,RB Salzburg (AUT),Bayern München (GER),2,6,openfootball,2020-10-21T00:00:00+00:00,0.11807679928975194,0.24923645320197046,0.6326867475082777,0.7238744191962155,2.9080509071209035,1473.2366612463,2065.4015175028767
ucl-2020-21-007,2020-21,knockout_phase,,2020-10-21T00:00:00+00:00,date_only,atl-tico-madrid,lokomotiv-moskva,Atlético Madrid (ESP),Lokomotiv Moskva (RUS),0,0,openfootball,2020-10-21T00:00:00+00:00,0.6064443831303669,0.24923076923076926,0.14432484763886386,2.097428472218849,0.6967089076181793,1789.867814858815,1385.492974038893
ucl-2020-21-008,2020-21,knockout_phase,,2020-10-21T00:00:00+00:00,date_only,bayern-m-nchen,rb-salzburg,Bayern München (GER),RB Salzburg (AUT),3,1,openfootball,2020-10-21T00:00:00+00:00,0.6676236978774687,0.2492250922509225,0.08315120987160883,3.2035634254181238,0.705323172708979,2075.109318538506,1463.5288602106705
ucl-2020-21-009,2020-21,knockout_phase,,2020-10-21T00:00:00+00:00,date_only,lokomotiv-moskva,rb-salzburg,Lokomotiv Moskva (RUS),RB Salzburg (AUT),1,3,openfootball,2020-10-21T00:00:00+00:00,0.3721743606921588,0.24921942224953902,0.3786062170583022,1.5695975456482794,2.0018604250198377,1394.735364748723,1455.2183099707877
ucl-2020-21-010,2020-21,knockout_phase,,2020-10-21T00:00:00+00:00,date_only,atl-tico-madrid,bayern-m-nchen,Atlético Madrid (ESP),Bayern München (GER),1,1,openfootball,2020-10-21T00:00:00+00:00,0.2369010002856199,0.2492137592137592,0.5138852405006209,1.1039350324058996,2.119445380668687,1780.625424148985,2083.419868778389
ucl-2020-21-011,2020-21,knockout_phase,,2020-10-21T00:00:00+00:00,date_only,bayern-m-nchen,lokomotiv-moskva,Bayern München (GER),Lokomotiv Moskva (RUS),2,0,openfootball,2020-10-21T00:00:00+00:00,0.6865369051363002,0.24920810313075506,0.06425499173294484,3.161846818415036,0.4993225452679712,2077.880183974089,1374.864001876046
ucl-2020-21-012,2020-21,knockout_phase,,2020-10-21T00:00:00+00:00,date_only,rb-salzburg,atl-tico-madrid,RB Salzburg (AUT),Atlético Madrid (ESP),0,2,openfootball,2020-10-21T00:00:00+00:00,0.23272854029079212,0.24920245398773005,0.5180690057214778,1.021690010138368,1.8970387964870068,1475.0896728434648,1786.1651089532852
ucl-2020-21-013,2020-21,knockout_phase,,2020-10-21T00:00:00+00:00,date_only,real-madrid,shakhtar-donetsk,Real Madrid (ESP),Shakhtar Donetsk (UKR),2,3,openfootball,2020-10-21T00:00:00+00:00,0.6362611896986042,0.24919681177191907,0.11454199852947665,2.7402721193706796,0.860744329819912,1944.508714619192,1450.8150827667816
ucl-2020-21-014,2020-21,knockout_phase,,2020-10-21T00:00:00+00:00,date_only,inter,bor-m-nchengladbach,Inter (ITA),Bor. Mönchengladbach (GER),2,2,openfootball,2020-10-21T00:00:00+00:00,0.4521475991467196,0.24919117647058822,0.2986612243826922,1.74725300562783,1.135697595497736,1528.1538359185756,1450.4502291651795
ucl-2020-21-015,2020-21,knockout_phase,,2020-10-21T00:00:00+00:00,date_only,shakhtar-donetsk,inter,Shakhtar Donetsk (UKR),Inter (ITA),0,0,openfootball,2020-10-21T00:00:00+00:00,0.3819558680627732,0.24918554807103493,0.3688585838661918,1.4782079739109872,1.6344862524501573,1481.2494665901643,1525.084108423295
ucl-2020-21-016,2020-21,knockout_phase,,2020-10-21T00:00:00+00:00,date_only,bor-m-nchengladbach,real-madrid,Bor. Mönchengladbach (GER),Real Madrid (ESP),2,2,openfootball,2020-10-21T00:00:00+00:00,0.16496264375066166,0.24917992656058752,0.5858574296887508,0.8378996034747795,2.7222904867117017,1453.5199566604601,1914.0743307958094
ucl-2020-21-017,2020-21,knockout_phase,,2020-10-21T00:00:00+00:00,date_only,shakhtar-donetsk,bor-m-nchengladbach,Shakhtar Donetsk (UKR),Bor. Mönchengladbach (GER),0,6,openfootball,2020-10-21T00:00:00+00:00,0.4186562927925903,0.2491743119266055,0.33216939528080425,1.6644461523439373,1.5730145066962784,1480.9875209062327,1461.937852379222
ucl-2020-21-018,2020-21,knockout_phase,,2020-10-21T00:00:00+00:00,date_only,real-madrid,inter,Real Madrid (ESP),Inter (ITA),3,2,openfootball,2020-10-21T00:00:00+00:00,0.597523373731371,0.2491687041564792,0.15330792211214989,2.686925317474851,0.8792722460201194,1905.6564350770475,1525.3460541072266
ucl-2020-21-019,2020-21,knockout_phase,,2020-10-21T00:00:00+00:00,date_only,bor-m-nchengladbach,shakhtar-donetsk,Bor. Mönchengladbach (GER),Shakhtar Donetsk (UKR),4,0,openfootball,2020-10-21T00:00:00+00:00,0.421761972039142,0.24916310323762983,0.3290749247232282,1.8486748394778836,1.4698379061954707,1483.6675903294577,1459.257782955997
ucl-2020-21-020,2020-21,knockout_phase,,2020-10-21T00:00:00+00:00,date_only,inter,real-madrid,Inter (ITA),Real Madrid (ESP),0,2,openfootball,2020-10-21T00:00:00+00:00,0.1894821760950554,0.24915750915750914,0.5613603147474354,0.9307023770663027,2.529899636808496,1514.230363139611,1916.772126044663
ucl-2020-21-021,2020-21,knockout_phase,,2020-10-21T00:00:00+00:00,date_only,shakhtar-donetsk,real-madrid,Shakhtar Donetsk (UKR),Real Madrid (ESP),2,0,openfootball,2020-10-21T00:00:00+00:00,0.15410873305274522,0.24915192190359975,0.596739345043655,0.9059185515295992,2.5543976888968025,1441.1115239023154,1929.3345632716155
ucl-2020-21-022,2020-21,knockout_phase,,2020-10-21T00:00:00+00:00,date_only,bor-m-nchengladbach,inter,Bor. Mönchengladbach (GER),Inter (ITA),2,3,openfootball,2020-10-21T00:00:00+00:00,0.4076958508724252,0.24914634146341463,0.34315780766416015,1.5951216028920672,1.4499027176863462,1501.8138493831393,1501.6679259126586
ucl-2020-21-023,2020-21,knockout_phase,,2020-10-21T00:00:00+00:00,date_only,inter,shakhtar-donetsk,Inter (ITA),Shakhtar Donetsk (UKR),0,0,openfootball,2020-10-21T00:00:00+00:00,0.43818566270677306,0.24914076782449726,0.3126735694687297,1.7951145064812897,1.3337179186244923,1522.958686776824,1469.9641361421336
ucl-2020-21-024,2020-21,knockout_phase,,2020-10-21T00:00:00+00:00,date_only,real-madrid,bor-m-nchengladbach,Real Madrid (ESP),Bor. Mönchengladbach (GER),2,0,openfootball,2020-10-21T00:00:00+00:00,0.6121148389481019,0.24913520097442143,0.13874996007747667,2.8271085759035435,0.9105036154676416,1900.4819510317973,1480.523088518974
ucl-2020-21-025,2020-21,knockout_phase,,2020-10-21T00:00:00+00:00,date_only,manchester-city,fc-porto,Manchester City (ENG),FC Porto (POR),3,1,openfootball,2020-10-21T00:00:00+00:00,0.47750499967974824,0.24912964090079123,0.2733653594194605,1.8631918810015615,1.378108365702348,1742.2231515646506,1618.7382181037842
ucl-2020-21-026,2020-21,knockout_phase,,2020-10-21T00:00:00+00:00,date_only,olympiakos-piraeus,olympique-marseille,Olympiakos Piraeus (GRE),Olympique Marseille (FRA),1,0,openfootball,2020-10-21T00:00:00+00:00,0.4383614255977084,0.24912408759124088,0.31251448681105076,1.5144047778157042,1.5144761777474367,1429.2337075836308,1375.9479742047859
ucl-2020-21-027,2020-21,knockout_phase,,2020-10-21T00:00:00+00:00,date_only,fc-porto,olympiakos-piraeus,FC Porto (POR),Olympiakos Piraeus (GRE),2,0,openfootball,2020-10-21T00:00:00+00:00,0.4949759249966127,0.24911854103343467,0.25590553396995264,1.916753535084244,1.164449023784457,1602.82101090899,1446.7167688078976
ucl-2020-21-028,2020-21,knockout_phase,,2020-10-21T00:00:00+00:00,date_only,olympique-marseille,manchester-city,Olympique Marseille (FRA),Manchester City (ENG),0,3,openfootball,2020-10-21T00:00:00+00:00,0.19076521955340547,0.24911300121506685,0.5601217792315276,1.0290423916754567,2.1611871392912136,1358.464912980519,1758.1403587594448
ucl-2020-21-029,2020-21,knockout_phase,,2020-10-21T00:00:00+00:00,date_only,fc-porto,olympique-marseille,FC Porto (POR),Olympique Marseille (FRA),3,0,openfootball,2020-10-21T00:00:00+00:00,0.5522452032068894,0.2491074681238616,0.198647328669249,1.9443839413717359,0.952687968853831,1618.039603088457,1345.8520441740816
ucl-2020-21-030,2020-21,knockout_phase,,2020-10-21T00:00:00+00:00,date_only,manchester-city,olympiakos-piraeus,Manchester City (ENG),Olympiakos Piraeus (GRE),3,0,openfootball,2020-10-21T00:00:00+00:00,0.5813277449520805,0.24910194174757283,0.1695703133003466,2.3147125424478765,1.069829966041699,1770.7532275658823,1431.4981766284307
ucl-2020-21-031,2020-21,knockout_phase,,2020-10-21T00:00:00+00:00,date_only,olympiakos-piraeus,manchester-city,Olympiakos Piraeus (GRE),Manchester City (ENG),0,1,openfootball,2020-10-21T00:00:00+00:00,0.20763420841757768,0.2490964220739842,0.5432693695084381,1.0932699231216172,2.1709903607153045,1419.7333252614653,1782.5180789328476
ucl-2020-21-032,2020-21,knockout_phase,,2020-10-21T00:00:00+00:00,date_only,olympique-marseille,fc-porto,Olympique Marseille (FRA),FC Porto (POR),0,2,openfootball,2020-10-21T00:00:00+00:00,0.23935404390974038,0.24909090909090909,0.5115550469993506,0.9787731538654657,1.8296481435742942,1332.9240016648343,1630.9676455977042
ucl-2020-21-033,2020-21,knockout_phase,,2020-10-21T00:00:00+00:00,date_only,fc-porto,manchester-city,FC Porto (POR),Manchester City (ENG),0,0,openfootball,2020-10-21T00:00:00+00:00,0.31996941723616223,0.2490854027861902,0.43094517997764764,1.4369420789357008,1.7396436157630042,1645.523625535912,1795.8053757110304
ucl-2020-21-034,2020-21,knockout_phase,,2020-10-21T00:00:00+00:00,date_only,olympique-marseille,olympiakos-piraeus,Olympique Marseille (FRA),Olympiakos Piraeus (GRE),2,1,openfootball,2020-10-21T00:00:00+00:00,0.3560718871564033,0.24907990314769973,0.3948482096958969,1.5024840139772961,1.396953965288751,1318.3680217266265,1406.4460284832826
ucl-2020-21-035,2020-21,knockout_phase,,2020-10-21T00:00:00+00:00,date_only,manchester-city,olympique-marseille,Manchester City (ENG),Olympique Marseille (FRA),3,0,openfootball,2020-10-21T00:00:00+00:00,0.6239428097648023,0.24907441016333937,0.12698278007185831,2.4016145482582103,0.8620870021701308,1793.5858604562006,1339.1435481774163
ucl-2020-21-036,2020-21,knockout_phase,,2020-10-21T00:00:00+00:00,date_only,olympiakos-piraeus,fc-porto,Olympiakos Piraeus (GRE),FC Porto (POR),0,2,openfootball,2020-10-21T00:00:00+00:00,0.25805212724276716,0.2490689238210399,0.49287894893619294,1.0912613067819188,1.8557495752641202,1385.6705020324928,1647.7431407907418
ucl-2020-21-037,2020-21,knockout_phase,,2020-10-21T00:00:00+00:00,date_only,afc-ajax,liverpool-fc,AFC Ajax (NED),Liverpool FC (ENG),0,1,openfootball,2020-10-21T00:00:00+00:00,0.34508531815966514,0.24906344410876136,0.4058512377315735,1.3723780819787614,1.8273658270999178,1584.0268178080396,1690.9292169945018
ucl-2020-21-038,2020-21,knockout_phase,,2020-10-21T00:00:00+00:00,date_only,fc-midtjylland,atalanta,FC Midtjylland (DEN),Atalanta (ITA),0,4,openfootball,2020-10-21T00:00:00+00:00,0.40277541737632805,0.24905797101449276,0.34816661160917917,2.1130194654494066,1.8944733165293637,1500.0,1508.3766414607123
ucl-2020-21-039,2020-21,knockout_phase,,2020-10-21T00:00:00+00:00,date_only,atalanta,afc-ajax,Atalanta (ITA),AFC Ajax (NED),2,2,openfootball,2020-10-21T00:00:00+00:00,0.38675022139166143,0.24905250452625227,0.3641972740820863,1.6184907879396007,1.5144149168181307,1529.4688175760552,1565.2421361994777
ucl-2020-21-040,2020-21,knockout_phase,,2020-10-21T00:00:00+00:00,date_only,liverpool-fc,fc-midtjylland,Liverpool FC (ENG),FC Midtjylland (DEN),2,0,openfootball,2020-10-21T00:00:00+00:00,0.5328300741005463,0.24904704463208685,0.21812288126736687,2.455195538455815,1.012795950187729,1709.7138986030636,1478.907823884657
ucl-2020-21-041,2020-21,knockout_phase,,2020-10-21T00:00:00+00:00,date_only,atalanta,liverpool-fc,Atalanta (ITA),Liverpool FC (ENG),0,5,openfootball,2020-10-21T00:00:00+00:00,0.2949632826611247,0.24904159132007234,0.455995126018803,1.316488902607289,2.1673371798009615,1529.0177586298637,1723.4197547464
ucl-2020-21-042,2020-21,knockout_phase,,2020-10-21T00:00:00+00:00,date_only,fc-midtjylland,afc-ajax,FC Midtjylland (DEN),AFC Ajax (NED),1,2,openfootball,2020-10-21T00:00:00+00:00,0.34883751360596843,0.24903614457831327,0.4021263418157183,1.384083397452898,1.5669941516028991,1465.2019677413207,1565.6931951456693
ucl-2020-21-043,2020-21,knockout_phase,,2020-10-21T00:00:00+00:00,date_only,afc-ajax,fc-midtjylland,AFC Ajax (NED),FC Midtjylland (DEN),3,1,openfootball,2020-10-21T00:00:00+00:00,0.48559762623201397,0.2490307043949428,0.26537166937304324,1.756133061896632,1.241093550482694,1584.6274185814743,1446.2677443055156
ucl-2020-21-044,2020-21,knockout_phase,,2020-10-21T00:00:00+00:00,date_only,liverpool-fc,atalanta,Liverpool FC (ENG),Atalanta (ITA),0,2,openfootball,2020-10-21T00:00:00+00:00,0.5314667817168994,0.24902527075812275,0.21950794752497782,2.455421814106403,1.157117094169423,1740.1991178792464,1512.2383954970173
ucl-2020-21-045,2020-21,knockout_phase,,2020-10-21T00:00:00+00:00,date_only,atalanta,fc-midtjylland,Atalanta (ITA),FC Midtjylland (DEN),1,1,openfootball,2020-10-21T00:00:00+00:00,0.4690000919686322,0.2490198436560433,0.28198006437532447,2.32748481610533,1.5163650882922066,1538.4775721808558,1430.672263442695
ucl-2020-21-046,2020-21,knockout_phase,,2020-10-21T00:00:00+00:00,date_only,liverpool-fc,afc-ajax,Liverpool FC (ENG),AFC Ajax (NED),1,0,openfootball,2020-10-21T00:00:00+00:00,0.4722602237604099,0.24901442307692306,0.278725353162667,1.9592253125703722,1.24639752772148,1713.959941195408,1600.2228994442949
ucl-2020-21-047,2020-21,knockout_phase,,2020-10-21T00:00:00+00:00,date_only,afc-ajax,atalanta,AFC Ajax (NED),Atalanta (ITA),0,1,openfootball,2020-10-21T00:00:00+00:00,0.43618571510325677,0.24900900900900902,0.3148052758877342,1.7021139609134268,1.4588989952036848,1584.0935968562496,1534.7371716289897
ucl-2020-21-048,2020-21,knockout_phase,,2020-10-21T00:00:00+00:00,date_only,fc-midtjylland,liverpool-fc,FC Midtjylland (DEN),Liverpool FC (ENG),1,1,openfootball,2020-10-21T00:00:00+00:00,0.2405897901387488,0.24900360144057626,0.5104066084206749,0.9536028501759234,2.3171177198592616,1434.4126639945612,1730.0892437834532
ucl-2020-21-049,2020-21,knockout_phase,,2020-10-21T00:00:00+00:00,date_only,chelsea-fc,sevilla-fc,Chelsea FC (ENG),Sevilla FC (ESP),0,0,openfootball,2020-10-21T00:00:00+00:00,0.4945136790153427,0.24899820035992803,0.25648812062472925,2.076817530313056,1.1264999987380613,1692.594395815646,1537.5168077158414
ucl-2020-21-050,2020-21,knockout_phase,,2020-10-21T00:00:00+00:00,date_only,stade-rennais,fk-krasnodar,Stade Rennais (FRA),FK Krasnodar (RUS),1,1,openfootball,2020-10-21T00:00:00+00:00,0.40769423115379727,0.24899280575539567,0.3433129630908071,1.5699999999999998,1.2,1500.0,1500.0
ucl-2020-21-051,2020-21,knockout_phase,,2020-10-21T00:00:00+00:00,date_only,fk-krasnodar,chelsea-fc,FK Krasnodar (RUS),Chelsea FC (ENG),0,4,openfootball,2020-10-21T00:00:00+00:00,0.299393187543249,0.24898741761533852,0.4516193948414125,1.1337755531586242,2.0935949420884854,1501.2876253612599,1687.8338846478339
ucl-2020-21-052,2020-21,knockout_phase,,2020-10-21T00:00:00+00:00,date_only,sevilla-fc,stade-rennais,Sevilla FC (ESP),Stade Rennais (FRA),1,0,openfootball,2020-10-21T00:00:00+00:00,0.43288734134486884,0.24898203592814372,0.31813062272698744,1.4255348894348638,1.2401874730674936,1542.2773188836536,1498.7123746387401
ucl-2020-21-053,2020-21,knockout_phase,,2020-10-21T00:00:00+00:00,date_only,chelsea-fc,stade-rennais,Chelsea FC (ENG),Stade Rennais (FRA),3,0,openfootball,2020-10-21T00:00:00+00:00,0.5294668994843998,0.24897666068222624,0.2215564398333739,2.2915595031079823,0.9851404572151066,1704.7893605018705,1481.0075090110977
ucl-2020-21-054,2020-21,knockout_phase,,2020-10-21T00:00:00+00:00,date_only,sevilla-fc,fk-krasnodar,Sevilla FC (ESP),FK Krasnodar (RUS),3,2,openfootball,2020-10-21T00:00:00+00:00,0.451124702161082,0.24897129186602868,0.29990400597288924,1.5401845529795848,1.1281380719020466,1559.982184511296,1484.3321495072232
ucl-2020-21-055,2020-21,knockout_phase,,2020-10-21T00:00:00+00:00,date_only,stade-rennais,chelsea-fc,Stade Rennais (FRA),Chelsea FC (ENG),1,2,openfootball,2020-10-21T00:00:00+00:00,0.26373136417913684,0.2489659294680215,0.4873027063528416,1.0118947477750422,2.18213637569301,1467.165718204118,1718.6311513088501
ucl-2020-21-056,2020-21,knockout_phase,,2020-10-21T00:00:00+00:00,date_only,fk-krasnodar,sevilla-fc,FK Krasnodar (RUS),Sevilla FC (ESP),1,2,openfootball,2020-10-21T00:00:00+00:00,0.34355998193501874,0.2489605734767025,0.4074794445882787,1.2619989940362126,1.5397341381043632,1467.356563430987,1576.9577705875322
ucl-2020-21-057,2020-21,knockout_phase,,2020-10-21T00:00:00+00:00,date_only,fk-krasnodar,stade-rennais,FK Krasnodar (RUS),Stade Rennais (FRA),1,0,openfootball,2020-10-21T00:00:00+00:00,0.40596534046892097,0.24895522388059702,0.34507943565048205,1.4924981730303832,1.5020014615756934,1448.6349526840522,1451.6371450475922
ucl-2020-21-058,2020-21,knockout_phase,,2020-10-21T00:00:00+00:00,date_only,sevilla-fc,chelsea-fc,Sevilla FC (ESP),Chelsea FC (ENG),0,4,openfootball,2020-10-21T00:00:00+00:00,0.3268182295320821,0.24894988066825774,0.4242318897996601,1.2045997140575757,1.8923202287539393,1595.679381334467,1734.159724465376
ucl-2020-21-059,2020-21,knockout_phase,,2020-10-21T00:00:00+00:00,date_only,chelsea-fc,fk-krasnodar,Chelsea FC (ENG),FK Krasnodar (RUS),1,1,openfootball,2020-10-21T00:00:00+00:00,0.5580681865911996,0.24894454382826475,0.19298726958053566,2.412123034441563,0.9197262299809964,1752.2114512600244,1467.4172345876834
ucl-2020-21-060,2020-21,knockout_phase,,2020-10-21T00:00:00+00:00,date_only,stade-rennais,sevilla-fc,Stade Rennais (FRA),Sevilla FC (ESP),1,3,openfootball,2020-10-21T00:00:00+00:00,0.32319752877066066,0.24893921334922525,0.42786325788011415,1.205238360111295,1.4494563707344934,1432.854863143961,1577.6276545398186
ucl-2020-21-061,2020-21,knockout_phase,,2020-10-21T00:00:00+00:00,date_only,zenit-st-petersburg,club-brugge-kv,Zenit St. Petersburg (RUS),Club Brugge KV (BEL),1,2,openfootball,2020-10-21T00:00:00+00:00,0.4682140877544924,0.24893388921977366,0.2828520230257339,1.5585671385945732,1.062479622457675,1482.935593301229,1376.6550269877414
ucl-2020-21-062,2020-21,knockout_phase,,2020-10-21T00:00:00+00:00,date_only,lazio-roma,borussia-dortmund,Lazio Roma (ITA),Borussia Dortmund (GER),3,1,openfootball,2020-10-21T00:00:00+00:00,0.34800490992514266,0.2489285714285714,0.40306651864628595,1.3973161690206681,1.7781470647834656,1500.0,1602.0032058708505
ucl-2020-21-063,2020-21,knockout_phase,,2020-10-21T00:00:00+00:00,date_only,borussia-dortmund,zenit-st-petersburg,Borussia Dortmund (GER),Zenit St. Petersburg (RUS),2,0,openfootball,2020-10-21T00:00:00+00:00,0.47665120848594567,0.24892325996430698,0.27442553154974736,1.7877663661574075,1.2286187654811538,1580.9019736964276,1459.2283520066537
ucl-2020-21-064,2020-21,knockout_phase,,2020-10-21T00:00:00+00:00,date_only,club-brugge-kv,lazio-roma,Club Brugge KV (BEL),Lazio Roma (ITA),1,1,openfootball,2020-10-21T00:00:00+00:00,0.3371016200849162,0.24891795481569562,0.41398042509938815,0.7693841967565781,1.8304926425947374,1400.3622682823166,1521.1012321744229
ucl-2020-21-065,2020-21,knockout_phase,,2020-10-21T00:00:00+00:00,date_only,zenit-st-petersburg,lazio-roma,Zenit St. Petersburg (RUS),Lazio Roma (ITA),1,1,openfootball,2020-10-21T00:00:00+00:00,0.3630551197983184,0.2489126559714795,0.3880322242302021,1.208598254269515,1.4421648748452573,1443.2728655453777,1519.5636560741334
ucl-2020-21-066,2020-21,knockout_phase,,2020-10-21T00:00:00+00:00,date_only,club-brugge-kv,borussia-dortmund,Club Brugge KV (BEL),Borussia Dortmund (GER),0,3,openfootball,2020-10-21T00:00:00+00:00,0.2947050220824127,0.24890736342042757,0.45638761449715975,1.1883045509566497,1.8222794361577574,1401.899844382606,1596.8574601577036
ucl-2020-21-067,2020-21,knockout_phase,,2020-10-21T00:00:00+00:00,date_only,borussia-dortmund,club-brugge-kv,Borussia Dortmund (GER),Club Brugge KV (BEL),3,0,openfootball,2020-10-21T00:00:00+00:00,0.5318110131191567,0.24890207715133528,0.219286909729508,2.030838700925638,1.0519742005498123,1613.6238083094086,1385.133496230901
ucl-2020-21-068,2020-21,knockout_phase,,2020-10-21T00:00:00+00:00,date_only,lazio-roma,zenit-st-petersburg,Lazio Roma (ITA),Zenit St. Petersburg (RUS),3,1,openfootball,2020-10-21T00:00:00+00:00,0.4509676842995052,0.24889679715302493,0.3001355185474699,1.5577430886262333,1.0956388624323465,1519.0641139854956,1443.7724076340155
ucl-2020-21-069,2020-21,knockout_phase,,2020-10-21T00:00:00+00:00,date_only,borussia-dortmund,lazio-roma,Borussia Dortmund (GER),Lazio Roma (ITA),1,1,openfootball,2020-10-21T00:00:00+00:00,0.45995324900518064,0.24889152341434495,0.2911552275804744,1.8974035809413352,1.3027524599222564,1627.3733262416156,1536.047470670455
ucl-2020-21-070,2020-21,knockout_phase,,2020-10-21T00:00:00+00:00,date_only,club-brugge-kv,zenit-st-petersburg,Club Brugge KV (BEL),Zenit St. Petersburg (RUS),3,0,openfootball,2020-10-21T00:00:00+00:00,0.3753191723547831,0.2488862559241706,0.3757945717210463,1.235593812007051,1.3898778915708299,1371.383978298694,1426.7890509490562
ucl-2020-21-071,2020-21,knockout_phase,,2020-10-21T00:00:00+00:00,date_only,zenit-st-petersburg,borussia-dortmund,Zenit St. Petersburg (RUS),Borussia Dortmund (GER),1,2,openfootball,2020-10-21T00:00:00+00:00,0.28235563683538917,0.2488809946714032,0.4687633684932076,1.186919031921362,1.7563821298348112,1406.7795429617308,1623.9973658131214
ucl-2020-21-072,2020-21,knockout_phase,,2020-10-21T00:00:00+00:00,date_only,lazio-roma,club-brugge-kv,Lazio Roma (ITA),Club Brugge KV (BEL),2,2,openfootball,2020-10-21T00:00:00+00:00,0.49086121160263635,0.24887573964497045,0.2602630487523932,1.9576440016298227,0.7227419415532848,1539.423431098949,1391.3934862860192
ucl-2020-21-073,2020-21,knockout_phase,,2020-10-21T00:00:00+00:00,date_only,dinamo-kiev,juventus,Dinamo Kiev (UKR),Juventus (ITA),0,2,openfootball,2020-10-21T00:00:00+00:00,0.20550054424807238,0.24887049083382612,0.5456289649181014,0.762748788911073,1.6735560709119581,1466.3890889904776,1833.8660525012717
ucl-2020-21-074,2020-21,knockout_phase,,2020-10-21T00:00:00+00:00,date_only,fc-barcelona,ferencv-rosi-tc,FC Barcelona (ESP),Ferencvárosi TC (HUN),5,1,openfootball,2020-10-21T00:00:00+00:00,0.6247792357629908,0.24886524822695036,0.1263555160100589,2.6534409245134594,0.6752880767157631,1956.4556400283961,1500.0
ucl-2020-21-075,2020-21,knockout_phase,,2020-10-21T00:00:00+00:00,date_only,ferencv-rosi-tc,dinamo-kiev,Ferencvárosi TC (HUN),Dinamo Kiev (UKR),2,2,openfootball,2020-10-21T00:00:00+00:00,0.42906105032196135,0.2488600118133491,0.3220789378646896,1.332465529310832,1.2482093947331525,1489.9684743950586,1453.1916574038783
ucl-2020-21-076,2020-21,knockout_phase,,2020-10-21T00:00:00+00:00,date_only,juventus,fc-barcelona,Juventus (ITA),FC Barcelona (ESP),0,2,openfootball,2020-10-21T00:00:00+00:00,0.337893896533319,0.24885478158205432,0.41325132188462665,1.2339634114461937,1.6863573607306854,1847.063484087871,1966.4871656333376
ucl-2020-21-077,2020-21,knockout_phase,,2020-10-21T00:00:00+00:00,date_only,fc-barcelona,dinamo-kiev,FC Barcelona (ESP),Dinamo Kiev (UKR),2,1,openfootball,2020-10-21T00:00:00+00:00,0.6470464037728036,0.2488495575221239,0.10410403870507248,2.5695706525392152,0.6469008550178083,1984.9800171263114,1455.3312996530237
ucl-2020-21-078,2020-21,knockout_phase,,2020-10-21T00:00:00+00:00,date_only,ferencv-rosi-tc,juventus,Ferencvárosi TC (HUN),Juventus (ITA),1,4,openfootball,2020-10-21T00:00:00+00:00,0.21821285492514586,0.24884433962264152,0.5329428054522126,0.75068264596731,1.7637465661529812,1487.828832145913,1828.5706325948972
ucl-2020-21-079,2020-21,knockout_phase,,2020-10-21T00:00:00+00:00,date_only,dinamo-kiev,fc-barcelona,Dinamo Kiev (UKR),FC Barcelona (ESP),0,4,openfootball,2020-10-21T00:00:00+00:00,0.1325616866882446,0.24883912787271656,0.6185991854390389,0.6633908142745181,2.373351864709418,1446.1901469543784,1994.1211698249567
ucl-2020-21-080,2020-21,knockout_phase,,2020-10-21T00:00:00+00:00,date_only,juventus,ferencv-rosi-tc,Juventus (ITA),Ferencvárosi TC (HUN),2,1,openfootball,2020-10-21T00:00:00+00:00,0.593100252464291,0.2488339222614841,0.15806582527422489,2.02203193059468,0.671231598381399,1842.276033584356,1474.1234311564544
ucl-2020-21-081,2020-21,knockout_phase,,2020-10-21T00:00:00+00:00,date_only,juventus,dinamo-kiev,Juventus (ITA),Dinamo Kiev (UKR),3,0,openfootball,2020-10-21T00:00:00+00:00,0.6115515091584012,0.24882872277810478,0.13961976806349408,1.9586197444951492,0.6649532610076542,1853.5753450405546,1435.9108969293943
ucl-2020-21-082,2020-21,knockout_phase,,2020-10-21T00:00:00+00:00,date_only,ferencv-rosi-tc,fc-barcelona,Ferencvárosi TC (HUN),FC Barcelona (ESP),0,3,openfootball,2020-10-21T00:00:00+00:00,0.13474633975945888,0.24882352941176467,0.6164301308287764,0.6403845297494762,2.5968999233702306,1462.8241197002558,2004.4004198499408
ucl-2020-21-083,2020-21,knockout_phase,,2020-10-21T00:00:00+00:00,date_only,dinamo-kiev,ferencv-rosi-tc,Dinamo Kiev (UKR),Ferencvárosi TC (HUN),1,0,openfootball,2020-10-21T00:00:00+00:00,0.3919490369279991,0.24881834215167548,0.3592326209203255,1.4974097801913753,1.3847388425135665,1425.3495317512925,1452.457795521642
ucl-2020-21-084,2020-21,knockout_phase,,2020-10-21T00:00:00+00:00,date_only,fc-barcelona,juventus,FC Barcelona (ESP),Juventus (ITA),0,3,openfootball,2020-10-21T00:00:00+00:00,0.49228245978603374,0.248813160987074,0.2589043792268922,1.863804598067388,1.1146337409009281,2014.7667440285545,1864.1367102186564
ucl-2020-21-085,2020-21,knockout_phase,,2020-10-21T00:00:00+00:00,date_only,rb-leipzig,i-stanbul-ba-ak-ehir,RB Leipzig (GER),İstanbul Başakşehir (TUR),2,0,openfootball,2020-10-21T00:00:00+00:00,0.45158086388451235,0.24880798590722253,0.2996111502082651,1.808571730508215,1.3866426155934282,1576.286076609858,1500.0
ucl-2020-21-086,2020-21,knockout_phase,,2020-10-21T00:00:00+00:00,date_only,paris-saint-germain,manchester-united,Paris Saint-Germain (FRA),Manchester United (ENG),1,2,openfootball,2020-10-21T00:00:00+00:00,0.542901355476191,0.24880281690140846,0.20829582762240054,2.085722446360162,1.0274220429118706,1854.698641221341,1603.1487787598787
ucl-2020-21-087,2020-21,knockout_phase,,2020-10-21T00:00:00+00:00,date_only,i-stanbul-ba-ak-ehir,paris-saint-germain,İstanbul Başakşehir (TUR),Paris Saint-Germain (FRA),0,2,openfootball,2020-10-21T00:00:00+00:00,0.21618767063122402,0.24879765395894426,0.5350146754098317,0.8714884253020888,2.437770298719368,1483.039394273525,1828.006530664265
ucl-2020-21-088,2020-21,knockout_phase,,2020-10-21T00:00:00+00:00,date_only,manchester-united,rb-leipzig,Manchester United (ENG),RB Leipzig (GER),5,0,openfootball,2020-10-21T00:00:00+00:00,0.4289946150259436,0.24879249706916765,0.3222128879048888,1.5747375967262758,1.1574220438311007,1629.8408893169546,1593.246682336333
ucl-2020-21-089,2020-21,knockout_phase,,2020-10-21T00:00:00+00:00,date_only,i-stanbul-ba-ak-ehir,manchester-united,İstanbul Başakşehir (TUR),Manchester United (ENG),2,1,openfootball,2020-10-21T00:00:00+00:00,0.3041316502827305,0.2487873462214411,0.4470810034958284,0.9329640278672645,1.657321085398496,1469.4159343690972,1647.7052547745336
ucl-2020-21-090,2020-21,knockout_phase,,2020-10-21T00:00:00+00:00,date_only,rb-leipzig,paris-saint-germain,RB Leipzig (GER),Paris Saint-Germain (FRA),2,1,openfootball,2020-10-21T00:00:00+00:00,0.2559445209576794,0.24878220140515223,0.49527327763716844,1.0349690438548755,2.2617089754424153,1575.382316878754,1841.6299905686928
ucl-2020-21-091,2020-21,knockout_phase,,2020-10-21T00:00:00+00:00,date_only,manchester-united,i-stanbul-ba-ak-ehir,Manchester United (ENG),İstanbul Başakşehir (TUR),4,1,openfootball,2020-10-21T00:00:00+00:00,0.48264848644109076,0.2487770626097133,0.2685744509491959,1.7489946404159458,0.9116191024820584,1624.8462677102716,1492.2749214333592
ucl-2020-21-092,2020-21,knockout_phase,,2020-10-21T00:00:00+00:00,date_only,paris-saint-germain,rb-leipzig,Paris Saint-Germain (FRA),RB Leipzig (GER),1,0,openfootball,2020-10-21T00:00:00+00:00,0.5261253855507233,0.2487719298245614,0.22510268462471525,2.362417772955392,1.0101894929758923,1816.843415435103,1600.1688920123438
ucl-2020-21-093,2020-21,knockout_phase,,2020-10-21T00:00:00+00:00,date_only,i-stanbul-ba-ak-ehir,rb-leipzig,İstanbul Başakşehir (TUR),RB Leipzig (GER),3,4,openfootball,2020-10-21T00:00:00+00:00,0.34363013012491933,0.24876680303915838,0.40760306683592235,1.4036392134269442,1.6980886292584445,1476.5564021431971,1586.189346030864
ucl-2020-21-094,2020-21,knockout_phase,,2020-10-21T00:00:00+00:00,date_only,manchester-united,paris-saint-germain,Manchester United (ENG),Paris Saint-Germain (FRA),1,3,openfootball,2020-10-21T00:00:00+00:00,0.2973966182097119,0.24876168224299064,0.4538416995472974,1.2057263304801809,1.8443960348524964,1640.5647870004336,1830.8229614165828
ucl-2020-21-095,2020-21,knockout_phase,,2020-10-21T00:00:00+00:00,date_only,rb-leipzig,manchester-united,RB Leipzig (GER),Manchester United (ENG),3,2,openfootball,2020-10-21T00:00:00+00:00,0.39685466768247885,0.24875656742556918,0.354388764891952,1.320563048440765,1.566576588274415,1604.909887296644,1623.6936886271853
ucl-2020-21-096,2020-21,knockout_phase,,2020-10-21T00:00:00+00:00,date_only,paris-saint-germain,i-stanbul-ba-ak-ehir,Paris Saint-Germain (FRA),İstanbul Başakşehir (TUR),5,1,openfootball,2020-10-21T00:00:00+00:00,0.6014655660749288,0.2487514585764294,0.14978297534864168,2.6566465383093645,0.7871533575878026,1847.694059789831,1457.8358608774172
ucl-2020-21-097,2020-21,knockout_phase,,2021-02-16T00:00:00+00:00,date_only,rb-leipzig,liverpool-fc,RB Leipzig (GER),Liverpool FC (ENG),0,2,openfootball,2021-02-16T00:00:00+00:00,0.3488897242846857,0.2487463556851312,0.402363920030183,1.3449632475976139,1.9788529313336738,1624.0605692408335,1724.6929074178147
ucl-2020-21-098,2020-21,knockout_phase,,2021-02-16T00:00:00+00:00,date_only,fc-barcelona,paris-saint-germain,FC Barcelona (ESP),Paris Saint-Germain (FRA),1,4,openfootball,2021-02-16T00:00:00+00:00,0.48206043260174,0.24874125874125874,0.2691983086570013,1.9106133931161362,1.4312930692908747,1990.0991824173716,1858.6604079753054
ucl-2020-21-099,2020-21,knockout_phase,,2021-02-16T00:00:00+00:00,date_only,fc-porto,juventus,FC Porto (POR),Juventus (ITA),2,1,openfootball,2021-02-16T00:00:00+00:00,0.2777223381080986,0.2487361677344205,0.47354149415748087,1.1423949262286688,1.532084059017065,1663.0466043568733,1888.8042718298393
ucl-2020-21-100,2020-21,knockout_phase,,2021-02-16T00:00:00+00:00,date_only,sevilla-fc,borussia-dortmund,Sevilla FC (ESP),Borussia Dortmund (GER),2,3,openfootball,2021-02-16T00:00:00+00:00,0.3816588422179539,0.24873108265424912,0.369610075127797,1.4160542739813873,1.648870866529176,1595.5343399576295,1640.269211179965
ucl-2020-21-101,2020-21,knockout_phase,,2021-02-16T00:00:00+00:00,date_only,lazio-roma,bayern-m-nchen,Lazio Roma (ITA),Bayern München (GER),1,4,openfootball,2021-02-16T00:00:00+00:00,0.13166561810110083,0.2487260034904014,0.6196083784084977,0.6959300438089205,2.8453429214746024,1534.8114678419442,2085.434545706022
ucl-2020-21-102,2020-21,knockout_phase,,2021-02-16T00:00:00+00:00,date_only,atl-tico-madrid,chelsea-fc,Atlético Madrid (ESP),Chelsea FC (ENG),0,1,openfootball,2021-02-16T00:00:00+00:00,0.4398867949672919,0.24872093023255815,0.31139227480014997,1.5224547724990276,1.4424197436446136,1800.4582996446716,1744.9098329198112
ucl-2020-21-103,2020-21,knockout_phase,,2021-02-16T00:00:00+00:00,date_only,bor-m-nchengladbach,manchester-city,Bor. Mönchengladbach (GER),Manchester City (ENG),0,2,openfootball,2021-02-16T00:00:00+00:00,0.22169469902347816,0.2487158628704242,0.5295894381060976,1.158784788363354,2.182833555447931,1469.9903860963864,1803.6466598623417
ucl-2020-21-104,2020-21,knockout_phase,,2021-02-16T00:00:00+00:00,date_only,atalanta,real-madrid,Atalanta (ITA),Real Madrid (ESP),0,1,openfootball,2021-02-16T00:00:00+00:00,0.21196345582736345,0.2487108013937282,0.5393257427789082,1.009125105799096,2.587899915360723,1557.1647804133002,1911.0146534543849
ucl-2020-21-105,2020-21,knockout_phase,,2021-02-16T00:00:00+00:00,date_only,juventus,fc-porto,Juventus (ITA),FC Porto (POR),3,2,openfootball,2021-02-16T00:00:00+00:00,0.5066293799639084,0.24870574579222288,0.2446648742438687,1.6448941276492022,1.1021626199585601,1864.8878887088517,1686.962987477861
ucl-2020-21-106,2020-21,knockout_phase,,2021-02-16T00:00:00+00:00,date_only,borussia-dortmund,sevilla-fc,Borussia Dortmund (GER),Sevilla FC (ESP),2,2,openfootball,2021-02-16T00:00:00+00:00,0.45665827118940633,0.24870069605568446,0.2946410327549092,1.8358738313390632,1.2889831779194034,1660.510186521768,1575.2933646158265
ucl-2020-21-107,2020-21,knockout_phase,,2021-02-16T00:00:00+00:00,date_only,liverpool-fc,rb-leipzig,Liverpool FC (ENG),RB Leipzig (GER),2,0,openfootball,2021-02-16T00:00:00+00:00,0.48588600104498575,0.24869565217391304,0.26541834678110127,2.149696856241682,1.1790996578637973,1743.6234235029046,1605.1300531557436
ucl-2020-21-108,2020-21,knockout_phase,,2021-02-16T00:00:00+00:00,date_only,paris-saint-germain,fc-barcelona,Paris Saint-Germain (FRA),FC Barcelona (ESP),1,1,openfootball,2021-02-16T00:00:00+00:00,0.35927463225531886,0.24869061413673232,0.39203475360794876,1.5963509708843149,1.7290796511000348,1882.9176504542002,1965.8419399384768
ucl-2020-21-109,2020-21,knockout_phase,,2021-02-16T00:00:00+00:00,date_only,manchester-city,bor-m-nchengladbach,Manchester City (ENG),Bor. Mönchengladbach (GER),2,0,openfootball,2021-02-16T00:00:00+00:00,0.5905436511886296,0.24868558193398957,0.16077076687738082,2.3822821187125647,1.05036847978723,1817.4887650806893,1456.1482808780388
ucl-2020-21-110,2020-21,knockout_phase,,2021-02-16T00:00:00+00:00,date_only,real-madrid,atalanta,Real Madrid (ESP),Atalanta (ITA),3,1,openfootball,2021-02-16T00:00:00+00:00,0.5980815537795969,0.24868055555555557,0.15323789066484747,2.768004812719842,0.911517409666646,1924.467407715354,1543.712026152331
ucl-2020-21-111,2020-21,knockout_phase,,2021-02-16T00:00:00+00:00,date_only,bayern-m-nchen,lazio-roma,Bayern München (GER),Lazio Roma (ITA),2,1,openfootball,2021-02-16T00:00:00+00:00,0.6582821519762917,0.24867553499132444,0.09304231303238386,3.100194643816656,0.6534511225535129,2095.6756904998742,1524.5703230480922
ucl-2020-21-112,2020-21,knockout_phase,,2021-02-16T00:00:00+00:00,date_only,chelsea-fc,atl-tico-madrid,Chelsea FC (ENG),Atlético Madrid (ESP),2,0,openfootball,2021-02-16T00:00:00+00:00,0.4017965065237949,0.2486705202312139,0.3495329732449913,1.5842990680411608,1.3447769617832876,1767.479723323154,1777.8884092413286
ucl-2020-21-113,2020-21,knockout_phase,,2021-02-16T00:00:00+00:00,date_only,manchester-city,borussia-dortmund,Manchester City (ENG),Borussia Dortmund (GER),2,1,openfootball,2021-02-16T00:00:00+00:00,0.5033963122267702,0.24866551126516467,0.2479381765080651,1.9420319003801674,1.3608929982143843,1828.8933073944643,1657.269841753078
ucl-2020-21-114,2020-21,knockout_phase,,2021-02-16T00:00:00+00:00,date_only,real-madrid,liverpool-fc,Real Madrid (ESP),Liverpool FC (ENG),3,1,openfootball,2021-02-16T00:00:00+00:00,0.5058504811268986,0.24866050808314089,0.24548901078996052,2.2919637200295266,1.2636790239763787,1935.570534453059,1759.214070417627
ucl-2020-21-115,2020-21,knockout_phase,,2021-02-16T00:00:00+00:00,date_only,fc-porto,chelsea-fc,FC Porto (POR),Chelsea FC (ENG),0,2,openfootball,2021-02-16T00:00:00+00:00,0.34100260738459,0.24865551067512984,0.4103418819402802,1.3794164498569175,1.686083861391062,1672.2022775922617,1786.434452657578
ucl-2020-21-116,2020-21,knockout_phase,,2021-02-16T00:00:00+00:00,date_only,bayern-m-nchen,paris-saint-germain,Bayern München (GER),Paris Saint-Germain (FRA),2,3,openfootball,2021-02-16T00:00:00+00:00,0.5282369802745988,0.24865051903114188,0.22311250069425934,2.211214862211814,1.3734198628078687,2104.3708937209963,1883.5728528812529
ucl-2020-21-117,2020-21,knockout_phase,,2021-02-16T00:00:00+00:00,date_only,chelsea-fc,fc-porto,Chelsea FC (ENG),FC Porto (POR),0,1,openfootball,2021-02-16T00:00:00+00:00,0.49283155829519404,0.24864553314121038,0.25852290856359555,1.8616001187871891,1.2346919329422765,1805.0476671664642,1653.5890630833755
ucl-2020-21-118,2020-21,knockout_phase,,2021-02-16T00:00:00+00:00,date_only,paris-saint-germain,bayern-m-nchen,Paris Saint-Germain (FRA),Bayern München (GER),0,1,openfootball,2021-02-16T00:00:00+00:00,0.30969211717863765,0.2486405529953917,0.4416673298259706,1.5152200676671774,2.020558639743809,1909.6753424728597,2078.2684041293896
ucl-2020-21-119,2020-21,knockout_phase,,2021-02-16T00:00:00+00:00,date_only,borussia-dortmund,manchester-city,Borussia Dortmund (GER),Manchester City (ENG),1,2,openfootball,2021-02-16T00:00:00+00:00,0.2912102518798348,0.2486355785837651,0.4601541695364001,1.4216745782780862,1.8171969227433846,1642.3790044674522,1843.78414468009
ucl-2020-21-120,2020-21,knockout_phase,,2021-02-16T00:00:00+00:00,date_only,liverpool-fc,real-madrid,Liverpool FC (ENG),Real Madrid (ESP),0,0,openfootball,2021-02-16T00:00:00+00:00,0.2886877135063924,0.2486306098964327,0.4626816765971749,1.3249248721915814,2.1743317071850066,1744.4212998243659,1950.3633050463202
ucl-2020-21-121,2020-21,knockout_phase,,2021-02-16T00:00:00+00:00,date_only,real-madrid,chelsea-fc,Real Madrid (ESP),Chelsea FC (ENG),1,1,openfootball,2021-02-16T00:00:00+00:00,0.5007674170800441,0.24862564692351927,0.2506069359964366,2.146468811103252,1.3274880527216764,1946.8834257845047,1780.3614941718322
ucl-2020-21-122,2020-21,knockout_phase,,2021-02-16T00:00:00+00:00,date_only,paris-saint-germain,manchester-city,Paris Saint-Germain (FRA),Manchester City (ENG),1,2,openfootball,2021-02-16T00:00:00+00:00,0.4263955896640168,0.24862068965517242,0.32498372068081083,1.855893642580435,1.5019827603542568,1892.3148467258063,1860.4052663269588
ucl-2020-21-123,2020-21,knockout_phase,,2021-02-16T00:00:00+00:00,date_only,manchester-city,paris-saint-germain,Manchester City (ENG),Paris Saint-Germain (FRA),2,0,openfootball,2021-02-16T00:00:00+00:00,0.41496463788572213,0.24861573808156234,0.3364196240327155,1.6588580441509757,1.6930514957137024,1882.433503706623,1870.286609346142
ucl-2020-21-124,2020-21,knockout_phase,,2021-02-16T00:00:00+00:00,date_only,chelsea-fc,real-madrid,Chelsea FC (ENG),Real Madrid (ESP),2,0,openfootball,2021-02-16T00:00:00+00:00,0.31659747373174596,0.24861079219288174,0.43479173407537225,1.4234328402213272,1.9826505532197638,1785.3647037935043,1941.8802161628325
ucl-2020-21-125,2020-21,knockout_phase,,2021-02-16T00:00:00+00:00,date_only,manchester-city,chelsea-fc,Manchester City (ENG),Chelsea FC (ENG),0,1,openfootball,2021-02-16T00:00:00+00:00,0.4611353724999053,0.24860585197934598,0.29025877552074875,1.7585872884470861,1.498886266803307,1900.8626034295628,1807.7285890003768
ucl-2021-22-001,2021-22,knockout_phase,,2021-09-15T00:00:00+00:00,date_only,manchester-city,rb-leipzig,Manchester City (ENG),RB Leipzig (GER),6,3,openfootball,2021-09-15T00:00:00+00:00,0.5597151559026594,0.24860091743119267,0.19168392666614784,2.2546582298127285,1.079992714395431,1877.4450714899797,1589.5394062410212
ucl-2021-22-002,2021-22,knockout_phase,,2021-09-15T00:00:00+00:00,date_only,club-brugge-kv,paris-saint-germain,Club Brugge KV (BEL),Paris Saint-Germain (FRA),1,1,openfootball,2021-09-15T00:00:00+00:00,0.16699169326721183,0.24859598853868192,0.5844123181941062,0.7581413012845362,2.375973445458858,1396.005449543024,1851.8575096232023
ucl-2021-22-003,2021-22,knockout_phase,,2021-09-15T00:00:00+00:00,date_only,paris-saint-germain,manchester-city,Paris Saint-Germain (FRA),Manchester City (ENG),2,0,openfootball,2021-09-15T00:00:00+00:00,0.3806497734746162,0.2485910652920962,0.3707591612332876,1.762751454326235,1.5785362667066098,1843.5090971246643,1890.0844469052495
ucl-2021-22-004,2021-22,knockout_phase,,2021-09-15T00:00:00+00:00,date_only,rb-leipzig,club-brugge-kv,RB Leipzig (GER),Club Brugge KV (BEL),1,2,openfootball,2021-09-15T00:00:00+00:00,0.5039282978817403,0.24858614768174014,0.2474855544365195,1.9037884739868245,1.2049692208105405,1576.9000308257514,1404.353862041562
ucl-2021-22-005,2021-22,knockout_phase,,2021-09-15T00:00:00+00:00,date_only,club-brugge-kv,manchester-city,Club Brugge KV (BEL),Manchester City (ENG),1,5,openfootball,2021-09-15T00:00:00+00:00,0.1731842359152657,0.2485812356979405,0.5782345283867939,0.9052094210150147,2.2091205987812086,1429.4827169104665,1870.282259150076
ucl-2021-22-006,2021-22,knockout_phase,,2021-09-15T00:00:00+00:00,date_only,paris-saint-germain,rb-leipzig,Paris Saint-Germain (FRA),RB Leipzig (GER),3,2,openfootball,2021-09-15T00:00:00+00:00,0.5700875808533737,0.2485763293310463,0.1813360898155799,2.457877627001043,0.9662196375296004,1863.3112848798378,1551.771175956847
ucl-2021-22-007,2021-22,knockout_phase,,2021-09-15T00:00:00+00:00,date_only,rb-leipzig,paris-saint-germain,RB Leipzig (GER),Paris Saint-Germain (FRA),2,2,openfootball,2021-09-15T00:00:00+00:00,0.22059908325446226,0.24857142857142855,0.5308294881741092,1.028042480299622,2.318010460204747,1539.5462057776028,1875.536255059082
ucl-2021-22-008,2021-22,knockout_phase,,2021-09-15T00:00:00+00:00,date_only,manchester-city,club-brugge-kv,Manchester City (ENG),Club Brugge KV (BEL),4,1,openfootball,2021-09-15T00:00:00+00:00,0.6276803322790223,0.2485665334094803,0.1237531343114974,2.4738312754506238,0.8402683129728343,1882.1812533006455,1417.583722759897
ucl-2021-22-009,2021-22,knockout_phase,,2021-09-15T00:00:00+00:00,date_only,manchester-city,paris-saint-germain,Manchester City (ENG),Paris Saint-Germain (FRA),2,1,openfootball,2021-09-15T00:00:00+00:00,0.4211521444668851,0.24856164383561644,0.3302862116974985,1.7065434528847394,1.6713057782327492,1892.102709341295,1869.3316469606889
ucl-2021-22-010,2021-22,knockout_phase,,2021-09-15T00:00:00+00:00,date_only,club-brugge-kv,rb-leipzig,Club Brugge KV (BEL),RB Leipzig (GER),0,5,openfootball,2021-09-15T00:00:00+00:00,0.3272154536220686,0.2485567598402738,0.42422778653765764,1.3799262107027097,1.8242018885806894,1407.6622667192476,1545.7508138759958
ucl-2021-22-011,2021-22,knockout_phase,,2021-09-15T00:00:00+00:00,date_only,rb-leipzig,manchester-city,RB Leipzig (GER),Manchester City (ENG),2,1,openfootball,2021-09-15T00:00:00+00:00,0.21553345103661067,0.24855188141391105,0.5359146675494784,1.169980657862502,2.2148541833874176,1563.8105672176841,1910.2853906859073
ucl-2021-22-012,2021-22,knockout_phase,,2021-09-15T00:00:00+00:00,date_only,paris-saint-germain,club-brugge-kv,Paris Saint-Germain (FRA),Club Brugge KV (BEL),4,1,openfootball,2021-09-15T00:00:00+00:00,0.6267078466467184,0.24854700854700856,0.12474514480627313,2.6120600600610233,0.7253602164139912,1851.1489656160766,1389.6025133775593
ucl-2021-22-013,2021-22,knockout_phase,,2021-09-15T00:00:00+00:00,date_only,atl-tico-madrid,fc-porto,Atlético Madrid (ESP),FC Porto (POR),0,0,openfootball,2021-09-15T00:00:00+00:00,0.454199098193118,0.24854214123006832,0.29725876057681366,1.551453780453441,1.224373399478307,1758.9336799069047,1678.2752360780075
ucl-2021-22-014,2021-22,knockout_phase,,2021-09-15T00:00:00+00:00,date_only,liverpool-fc,ac-milan,Liverpool FC (ENG),AC Milan (ITA),3,2,openfootball,2021-09-15T00:00:00+00:00,0.5452307189109953,0.24853727945361412,0.2062320016353906,2.0965798376498297,1.0003150772485572,1747.9011790861814,1491.7948475905962
ucl-2021-22-015,2021-22,knockout_phase,,2021-09-15T00:00:00+00:00,date_only,fc-porto,liverpool-fc,FC Porto (POR),Liverpool FC (ENG),1,5,openfootball,2021-09-15T00:00:00+00:00,0.36123580945411116,0.24853242320819113,0.3902317673376977,1.4406741392682685,1.5692671401982883,1681.4140428303335,1761.1212047406693
ucl-2021-22-016,2021-22,knockout_phase,,2021-09-15T00:00:00+00:00,date_only,ac-milan,atl-tico-madrid,AC Milan (ITA),Atlético Madrid (ESP),1,2,openfootball,2021-09-15T00:00:00+00:00,0.2502753533729155,0.24852757248436608,0.5011970741427183,0.9544038513989381,1.6614488814976718,1478.5748219361083,1755.7948731545787
ucl-2021-22-017,2021-22,knockout_phase,,2021-09-15T00:00:00+00:00,date_only,atl-tico-madrid,liverpool-fc,Atlético Madrid (ESP),Liverpool FC (ENG),2,3,openfootball,2021-09-15T00:00:00+00:00,0.4022516803961236,0.24852272727272726,0.34922559233114914,1.4727648832692521,1.4125249354898617,1770.7764387391826,1780.5412855829975
ucl-2021-22-018,2021-22,knockout_phase,,2021-09-15T00:00:00+00:00,date_only,fc-porto,ac-milan,FC Porto (POR),AC Milan (ITA),1,0,openfootball,2021-09-15T00:00:00+00:00,0.5171957361054349,0.24851788756388415,0.23428637633068095,1.8049417645010055,1.1128309021246856,1661.9939619880054,1463.5932563515044
ucl-2021-22-019,2021-22,knockout_phase,,2021-09-15T00:00:00+00:00,date_only,ac-milan,fc-porto,AC Milan (ITA),FC Porto (POR),1,1,openfootball,2021-09-15T00:00:00+00:00,0.2770792447574954,0.24851305334846763,0.47440770189403697,1.1519169034492536,1.6610049387790586,1449.2514435469993,1676.3357747925104
ucl-2021-22-020,2021-22,knockout_phase,,2021-09-15T00:00:00+00:00,date_only,liverpool-fc,atl-tico-madrid,Liverpool FC (ENG),Atlético Madrid (ESP),2,0,openfootball,2021-09-15T00:00:00+00:00,0.4379219085226243,0.2485082246171299,0.31356986686024574,1.5928678716016411,1.3357797767927613,1801.601807344297,1749.7159169778831
ucl-2021-22-021,2021-22,knockout_phase,,2021-09-15T00:00:00+00:00,date_only,liverpool-fc,fc-porto,Liverpool FC (ENG),FC Porto (POR),2,0,openfootball,2021-09-15T00:00:00+00:00,0.49041046847553477,0.24850340136054422,0.26108613016392096,1.811502069948494,1.2714137286565894,1819.1147665110493,1672.3892056497796
ucl-2021-22-022,2021-22,knockout_phase,,2021-09-15T00:00:00+00:00,date_only,atl-tico-madrid,ac-milan,Atlético Madrid (ESP),AC Milan (ITA),0,1,openfootball,2021-09-15T00:00:00+00:00,0.5557923357824487,0.24849858356940507,0.19570908064814624,1.8215306696070668,0.8936427209515145,1732.2029578111308,1453.1980126897301
ucl-2021-22-023,2021-22,knockout_phase,,2021-09-15T00:00:00+00:00,date_only,fc-porto,atl-tico-madrid,FC Porto (POR),Atlético Madrid (ESP),1,3,openfootball,2021-09-15T00:00:00+00:00,0.37984772169065656,0.2484937712344281,0.3716585070749154,1.340848231640364,1.386054333942367,1656.975692416012,1705.0012927084447
ucl-2021-22-024,2021-22,knockout_phase,,2021-09-15T00:00:00+00:00,date_only,ac-milan,liverpool-fc,AC Milan (ITA),Liverpool FC (ENG),1,2,openfootball,2021-09-15T00:00:00+00:00,0.21189349243091776,0.24848896434634976,0.5396175432227325,0.9760556224040072,2.0500392230070266,1480.3996777924162,1834.528279744817
ucl-2021-22-025,2021-22,knockout_phase,,2021-09-15T00:00:00+00:00,date_only,be-ikta,borussia-dortmund,Beşiktaş (TUR),Borussia Dortmund (GER),1,2,openfootball,2021-09-15T00:00:00+00:00,0.36783864643956043,0.2484841628959276,0.383677190664512,1.439268841094056,1.8091010561570136,1557.2675889076438,1625.7578828205835
ucl-2021-22-026,2021-22,knockout_phase,,2021-09-15T00:00:00+00:00,date_only,sporting-cp,afc-ajax,Sporting CP (POR),AFC Ajax (NED),1,5,openfootball,2021-09-15T00:00:00+00:00,0.34244077996810496,0.24847936687394007,0.40907985315795503,1.4055381082729146,1.544296786108941,1449.7662634539822,1561.6659880719392
ucl-2021-22-027,2021-22,knockout_phase,,2021-09-15T00:00:00+00:00,date_only,afc-ajax,be-ikta,AFC Ajax (NED),Beşiktaş (TUR),2,0,openfootball,2021-09-15T00:00:00+00:00,0.43271178333666765,0.2484745762711864,0.31881364039214594,1.749374039013333,1.3621257687893336,1580.3332066081423,1537.5843597921428
ucl-2021-22-028,2021-22,knockout_phase,,2021-09-15T00:00:00+00:00,date_only,borussia-dortmund,sporting-cp,Borussia Dortmund (GER),Sporting CP (POR),1,0,openfootball,2021-09-15T00:00:00+00:00,0.5251857410378725,0.24846979107848674,0.22634446788364068,2.0460931366566686,1.2106406421898166,1645.4411119360846,1431.099044917779
ucl-2021-22-029,2021-22,knockout_phase,,2021-09-15T00:00:00+00:00,date_only,be-ikta,sporting-cp,Beşiktaş (TUR),Sporting CP (POR),1,4,openfootball,2021-09-15T00:00:00+00:00,0.4665772404411055,0.24846501128668172,0.28495774827221276,1.7889887102251412,1.5148090318198868,1519.8623226510333,1417.0758703808638
ucl-2021-22-030,2021-22,knockout_phase,,2021-09-15T00:00:00+00:00,date_only,afc-ajax,borussia-dortmund,AFC Ajax (NED),Borussia Dortmund (GER),4,0,openfootball,2021-09-15T00:00:00+00:00,0.3720069991755841,0.24846023688663285,0.379532763937783,1.4657723626157062,1.6210920335715573,1598.0552437492518,1659.464286473
ucl-2021-22-031,2021-22,knockout_phase,,2021-09-15T00:00:00+00:00,date_only,borussia-dortmund,afc-ajax,Borussia Dortmund (GER),AFC Ajax (NED),1,3,openfootball,2021-09-15T00:00:00+00:00,0.42024917942031614,0.24845546786922212,0.33129535271046173,1.6939809875546592,1.42201821747507,1639.3137711777558,1618.2057590444958
ucl-2021-22-032,2021-22,knockout_phase,,2021-09-15T00:00:00+00:00,date_only,sporting-cp,be-ikta,Sporting CP (POR),Beşiktaş (TUR),4,0,openfootball,2021-09-15T00:00:00+00:00,0.3754683489999338,0.2484507042253521,0.3760809467747141,1.7842582553032957,1.5896460273363109,1440.7082602242417,1496.2299328076554
ucl-2021-22-033,2021-22,knockout_phase,,2021-09-15T00:00:00+00:00,date_only,be-ikta,afc-ajax,Beşiktaş (TUR),AFC Ajax (NED),1,2,openfootball,2021-09-15T00:00:00+00:00,0.3125220367428049,0.24844594594594593,0.4390320173112492,1.283527371061222,1.8377495317224508,1476.2176808521597,1639.984835578693
ucl-2021-22-034,2021-22,knockout_phase,,2021-09-15T00:00:00+00:00,date_only,sporting-cp,borussia-dortmund,Sporting CP (POR),Borussia Dortmund (GER),3,1,openfootball,2021-09-15T00:00:00+00:00,0.3164979202704485,0.2484411930219471,0.43506088670760446,1.4083691336611013,1.7902570740235,1460.7205121797374,1617.5346946435589
ucl-2021-22-035,2021-22,knockout_phase,,2021-09-15T00:00:00+00:00,date_only,afc-ajax,sporting-cp,AFC Ajax (NED),Sporting CP (POR),4,2,openfootball,2021-09-15T00:00:00+00:00,0.5049702291428768,0.24843644544431948,0.2465933254128037,1.8574076502069312,1.278494932466034,1657.454635967324,1483.0917715084804
ucl-2021-22-036,2021-22,knockout_phase,,2021-09-15T00:00:00+00:00,date_only,borussia-dortmund,be-ikta,Borussia Dortmund (GER),Beşiktaş (TUR),5,0,openfootball,2021-09-15T00:00:00+00:00,0.48494068447183153,0.24843170320404723,0.2666276123241212,2.010378658168953,1.2876970734648376,1595.1634353148158,1458.7478804635286
ucl-2021-22-037,2021-22,knockout_phase,,2021-09-15T00:00:00+00:00,date_only,fc-sheriff,shakhtar-donetsk,FC Sheriff (MDA),Shakhtar Donetsk (UKR),2,0,openfootball,2021-09-15T00:00:00+00:00,0.42397600299275506,0.24842696629213484,0.32759703071511015,1.8762713516609213,1.3316495853379298,1500.0,1472.4743780068945
ucl-2021-22-038,2021-22,knockout_phase,,2021-09-15T00:00:00+00:00,date_only,inter,real-madrid,Inter (ITA),Real Madrid (ESP),0,1,openfootball,2021-09-15T00:00:00+00:00,0.19121126134317262,0.24842223469960698,0.5603665039572203,0.9071617381559075,2.449143848911894,1520.448444912063,1919.51633095596
ucl-2021-22-039,2021-22,knockout_phase,,2021-09-15T00:00:00+00:00,date_only,shakhtar-donetsk,inter,Shakhtar Donetsk (UKR),Inter (ITA),0,0,openfootball,2021-09-15T00:00:00+00:00,0.37671334622422037,0.24841750841750843,0.3748691453582712,1.3936571579219046,1.6151651827533855,1454.4019574524475,1507.831549764344
ucl-2021-22-040,2021-22,knockout_phase,,2021-09-15T00:00:00+00:00,date_only,real-madrid,fc-sheriff,Real Madrid (ESP),FC Sheriff (MDA),1,2,openfootball,2021-09-15T00:00:00+00:00,0.6106048257656079,0.2484127874369041,0.140982386797488,2.812508298409671,0.808705225679043,1932.1332261036791,1518.072420554447
ucl-2021-22-041,2021-22,knockout_phase,,2021-09-15T00:00:00+00:00,date_only,shakhtar-donetsk,real-madrid,Shakhtar Donetsk (UKR),Real Madrid (ESP),0,5,openfootball,2021-09-15T00:00:00+00:00,0.1700883556373495,0.2484080717488789,0.5815035726137715,0.9074646912034544,2.4322504692594586,1454.3650734351286,1902.7407773243167
ucl-2021-22-042,2021-22,knockout_phase,,2021-09-15T00:00:00+00:00,date_only,inter,fc-sheriff,Inter (ITA),FC Sheriff (MDA),3,1,openfootball,2021-09-15T00:00:00+00:00,0.3848413133262057,0.2484033613445378,0.36675532532925653,1.2203363037065444,1.3263976237014312,1507.8684337816628,1547.4648693338095
ucl-2021-22-043,2021-22,knockout_phase,,2021-09-15T00:00:00+00:00,date_only,real-madrid,shakhtar-donetsk,Real Madrid (ESP),Shakhtar Donetsk (UKR),2,1,openfootball,2021-09-15T00:00:00+00:00,0.6301681245634799,0.24839865621500562,0.12143321922151451,2.678101077510274,0.8337389182115608,1914.5124729847882,1442.593377774657
ucl-2021-22-044,2021-22,knockout_phase,,2021-09-15T00:00:00+00:00,date_only,fc-sheriff,inter,FC Sheriff (MDA),Inter (ITA),1,3,openfootball,2021-09-15T00:00:00+00:00,0.4082057643003092,0.24839395635142697,0.3434002793482638,1.4015165625600203,1.2497867499519837,1527.8265890937485,1527.5067140217238
ucl-2021-22-045,2021-22,knockout_phase,,2021-09-15T00:00:00+00:00,date_only,inter,shakhtar-donetsk,Inter (ITA),Shakhtar Donetsk (UKR),2,0,openfootball,2021-09-15T00:00:00+00:00,0.4739117876590406,0.24838926174496645,0.277698950595993,1.8337168997951347,1.1886009482489983,1548.8028237207648,1432.7680758814963
ucl-2021-22-046,2021-22,knockout_phase,,2021-09-15T00:00:00+00:00,date_only,fc-sheriff,real-madrid,FC Sheriff (MDA),Real Madrid (ESP),0,3,openfootball,2021-09-15T00:00:00+00:00,0.18299243833121218,0.24838457238680828,0.5686229892819795,0.8605369311833203,2.633376906666247,1506.5304793947075,1924.337774877949
ucl-2021-22-047,2021-22,knockout_phase,,2021-09-15T00:00:00+00:00,date_only,real-madrid,inter,Real Madrid (ESP),Inter (ITA),2,0,openfootball,2021-09-15T00:00:00+00:00,0.5948567392284563,0.2483798882681564,0.15676337250338732,2.5679467254697004,0.8705899880452925,1936.6251638589335,1564.8785669795038
ucl-2021-22-048,2021-22,knockout_phase,,2021-09-15T00:00:00+00:00,date_only,shakhtar-donetsk,fc-sheriff,Shakhtar Donetsk (UKR),FC Sheriff (MDA),1,1,openfootball,2021-09-15T00:00:00+00:00,0.3625759129049893,0.2483752093802345,0.38904887771477614,1.369660082793243,1.7802719337654058,1416.6923326227572,1494.243090413723
ucl-2021-22-049,2021-22,knockout_phase,,2021-09-15T00:00:00+00:00,date_only,fc-barcelona,bayern-m-nchen,FC Barcelona (ESP),Bayern München (GER),0,3,openfootball,2021-09-15T00:00:00+00:00,0.3317183561786182,0.2483705357142857,0.4199111081070961,1.5729420336455893,1.8814819895218848,1965.186737511424,2095.628899876443
ucl-2021-22-050,2021-22,knockout_phase,,2021-09-15T00:00:00+00:00,date_only,dinamo-kiev,sl-benfica,Dinamo Kiev (UKR),SL Benfica (POR),0,0,openfootball,2021-09-15T00:00:00+00:00,0.4198765947315014,0.2483658672615728,0.33175753800692576,1.4480928314127595,1.1753035126475702,1444.695203431139,1424.3171390691607
ucl-2021-22-051,2021-22,knockout_phase,,2021-09-15T00:00:00+00:00,date_only,sl-benfica,fc-barcelona,SL Benfica (POR),FC Barcelona (ESP),3,0,openfootball,2021-09-15T00:00:00+00:00,0.14213739340834286,0.2483612040133779,0.6095014025782792,0.7324524009516923,2.207712497843297,1426.0795202036522,1946.9505925499936
ucl-2021-22-052,2021-22,knockout_phase,,2021-09-15T00:00:00+00:00,date_only,bayern-m-nchen,dinamo-kiev,Bayern München (GER),Dinamo Kiev (UKR),5,0,openfootball,2021-09-15T00:00:00+00:00,0.681167597838725,0.2483565459610028,0.07047585620027222,2.9911669230396742,0.5456196530576223,2113.8650448378735,1442.9328222966474
ucl-2021-22-053,2021-22,knockout_phase,,2021-09-15T00:00:00+00:00,date_only,fc-barcelona,dinamo-kiev,FC Barcelona (ESP),Dinamo Kiev (UKR),1,0,openfootball,2021-09-15T00:00:00+00:00,0.6335230032956451,0.24835189309576838,0.11812510360858643,2.507341330344708,0.7004210533712926,1917.603312366595,1435.1466571294163
ucl-2021-22-054,2021-22,knockout_phase,,2021-09-15T00:00:00+00:00,date_only,sl-benfica,bayern-m-nchen,SL Benfica (POR),Bayern München (GER),0,4,openfootball,2021-09-15T00:00:00+00:00,0.09694237157365303,0.24834724540901504,0.654710383017332,0.5979621632556734,2.5767462914949086,1455.426800387051,2121.6512100051045
ucl-2021-22-055,2021-22,knockout_phase,,2021-09-15T00:00:00+00:00,date_only,bayern-m-nchen,sl-benfica,Bayern München (GER),SL Benfica (POR),5,2,openfootball,2021-09-15T00:00:00+00:00,0.6837288643737428,0.24834260289210236,0.06792853273415485,2.84293353878113,0.5659154640570636,2130.495849776231,1446.5821606159245
ucl-2021-22-056,2021-22,knockout_phase,,2021-09-15T00:00:00+00:00,date_only,dinamo-kiev,fc-barcelona,Dinamo Kiev (UKR),FC Barcelona (ESP),0,1,openfootball,2021-09-15T00:00:00+00:00,0.14912343892632623,0.2483379655364091,0.6025385955372647,0.7090457607701807,2.305574985586754,1425.4546151231575,1927.2953543728538
ucl-2021-22-057,2021-22,knockout_phase,,2021-09-15T00:00:00+00:00,date_only,dinamo-kiev,bayern-m-nchen,Dinamo Kiev (UKR),Bayern München (GER),1,2,openfootball,2021-09-15T00:00:00+00:00,0.08277081181024519,0.24833333333333332,0.6688958548564216,0.48293895715110413,2.8429821676124503,1414.5229182553762,2138.179843143439
ucl-2021-22-058,2021-22,knockout_phase,,2021-09-15T00:00:00+00:00,date_only,fc-barcelona,sl-benfica,FC Barcelona (ESP),SL Benfica (POR),0,0,openfootball,2021-09-15T00:00:00+00:00,0.638697758608108,0.24832870627429207,0.1129735351176,2.395657965124352,0.7232938526196196,1938.227051240635,1438.8981672487164
ucl-2021-22-059,2021-22,knockout_phase,,2021-09-15T00:00:00+00:00,date_only,bayern-m-nchen,fc-barcelona,Bayern München (GER),FC Barcelona (ESP),3,0,openfootball,2021-09-15T00:00:00+00:00,0.5274582515518451,0.24832408435072142,0.22421766409743346,2.1276148238434396,1.3694539924536329,2146.4573422825156,1927.7125667708249
ucl-2021-22-060,2021-22,knockout_phase,,2021-09-15T00:00:00+00:00,date_only,sl-benfica,dinamo-kiev,SL Benfica (POR),Dinamo Kiev (UKR),2,0,openfootball,2021-09-15T00:00:00+00:00,0.43304112146098767,0.24831946755407655,0.3186394109849358,1.365972693835189,1.2512218449318488,1449.4126517185266,1406.2454191162997
ucl-2021-22-061,2021-22,knockout_phase,,2021-09-15T00:00:00+00:00,date_only,bsc-young-boys,manchester-united,BSC Young Boys (SUI),Manchester United (ENG),2,1,openfootball,2021-09-15T00:00:00+00:00,0.32520091538994234,0.24831485587583152,0.42648422873422626,1.0518647478993925,1.694508201680486,1462.7807041622668,1604.5430066829958
ucl-2021-22-062,2021-22,knockout_phase,,2021-09-15T00:00:00+00:00,date_only,villarreal-cf,atalanta,Villarreal CF (ESP),Atalanta (ITA),2,2,openfootball,2021-09-15T00:00:00+00:00,0.32345469463294885,0.24831024930747922,0.4282350560595719,1.3906408319331258,1.9226177692361077,1387.8126803430728,1532.608899414626
ucl-2021-22-063,2021-22,knockout_phase,,2021-09-15T00:00:00+00:00,date_only,atalanta,bsc-young-boys,Atalanta (ITA),BSC Young Boys (SUI),1,0,openfootball,2021-09-15T00:00:00+00:00,0.4345051098876666,0.24830564784053155,0.31718924227180184,1.8780891014641172,1.489528718828706,1530.5132921860934,1484.8063704291526
ucl-2021-22-064,2021-22,knockout_phase,,2021-09-15T00:00:00+00:00,date_only,manchester-united,villarreal-cf,Manchester United (ENG),Villarreal CF (ESP),2,1,openfootball,2021-09-15T00:00:00+00:00,0.5144158892883638,0.2483010514665191,0.2372830592451171,1.9095398021016035,0.9199810615445236,1582.51734041611,1389.9082875716053
ucl-2021-22-065,2021-22,knockout_phase,,2021-09-15T00:00:00+00:00,date_only,manchester-united,atalanta,Manchester United (ENG),Atalanta (ITA),3,2,openfootball,2021-09-15T00:00:00+00:00,0.43628570403671074,0.24829646017699114,0.3154178357862981,1.7473397574845575,1.2074615273456872,1596.974683815245,1548.166974833776
ucl-2021-22-066,2021-22,knockout_phase,,2021-09-15T00:00:00+00:00,date_only,bsc-young-boys,villarreal-cf,BSC Young Boys (SUI),Villarreal CF (ESP),1,4,openfootball,2021-09-15T00:00:00+00:00,0.46053002595432735,0.24829187396351576,0.29117810008215683,1.6964181196741661,1.126365504260667,1467.15268778147,1375.4509441724704
ucl-2021-22-067,2021-22,knockout_phase,,2021-09-15T00:00:00+00:00,date_only,atalanta,manchester-united,Atalanta (ITA),Manchester United (ENG),2,2,openfootball,2021-09-15T00:00:00+00:00,0.35885283646974486,0.24828729281767956,0.39285987071257555,1.3097627645307162,1.6793586195442585,1530.5843321987843,1614.5573264502368
ucl-2021-22-068,2021-22,knockout_phase,,2021-09-15T00:00:00+00:00,date_only,villarreal-cf,bsc-young-boys,Villarreal CF (ESP),BSC Young Boys (SUI),2,0,openfootball,2021-09-15T00:00:00+00:00,0.3817734244943751,0.2482827167310878,0.36994385877453706,1.5825602778549062,1.4743962221605196,1398.8379826899138,1443.7656492640265
ucl-2021-22-069,2021-22,knockout_phase,,2021-09-15T00:00:00+00:00,date_only,villarreal-cf,manchester-united,Villarreal CF (ESP),Manchester United (ENG),0,2,openfootball,2021-09-15T00:00:00+00:00,0.2947737243276661,0.24827814569536424,0.4569481299769697,1.0896231125182514,1.7625368041030458,1418.601391375517,1613.87718576538
ucl-2021-22-070,2021-22,knockout_phase,,2021-09-15T00:00:00+00:00,date_only,bsc-young-boys,atalanta,BSC Young Boys (SUI),Atalanta (ITA),3,3,openfootball,2021-09-15T00:00:00+00:00,0.34523836067582003,0.24827357970215114,0.40648805962202883,1.449969645121996,1.845701703257242,1424.0022405784232,1531.264472883641
ucl-2021-22-071,2021-22,knockout_phase,,2021-09-15T00:00:00+00:00,date_only,manchester-united,bsc-young-boys,Manchester United (ENG),BSC Young Boys (SUI),1,1,openfootball,2021-09-15T00:00:00+00:00,0.52088366428011,0.24826901874310914,0.23084731697678085,1.9626006240077771,0.9487766436509213,1630.633697652394,1425.2272345573474
ucl-2021-22-072,2021-22,knockout_phase,,2021-09-15T00:00:00+00:00,date_only,atalanta,villarreal-cf,Atalanta (ITA),Villarreal CF (ESP),2,3,openfootball,2021-09-15T00:00:00+00:00,0.48061155021837215,0.24826446280991735,0.27112398697171053,2.0147076207256327,1.4599914791770696,1530.0394789047168,1401.8448794885032
ucl-2021-22-073,2021-22,knockout_phase,,2021-09-15T00:00:00+00:00,date_only,sevilla-fc,rb-salzburg,Sevilla FC (ESP),RB Salzburg (AUT),1,1,openfootball,2021-09-15T00:00:00+00:00,0.4749244175667154,0.2482599118942731,0.2768156705390115,1.9226598105724864,1.5351448788147382,1578.5337093845164,1460.7964821520784
ucl-2021-22-074,2021-22,knockout_phase,,2021-09-15T00:00:00+00:00,date_only,lille-osc,vfl-wolfsburg,Lille OSC (FRA),VfL Wolfsburg (GER),0,0,openfootball,2021-09-15T00:00:00+00:00,0.26560691404527137,0.24825536598789213,0.4861377199668365,0.805830607093278,1.879906942896806,1341.4597143633457,1589.8915572799835
ucl-2021-22-075,2021-22,knockout_phase,,2021-09-15T00:00:00+00:00,date_only,rb-salzburg,lille-osc,RB Salzburg (AUT),Lille OSC (FRA),2,1,openfootball,2021-09-15T00:00:00+00:00,0.4755589536033113,0.24825082508250823,0.27619022131418053,2.0940736055090463,1.326991115592763,1464.7586570926326,1345.870330481777
ucl-2021-22-076,2021-22,knockout_phase,,2021-09-15T00:00:00+00:00,date_only,vfl-wolfsburg,sevilla-fc,VfL Wolfsburg (GER),Sevilla FC (ESP),1,1,openfootball,2021-09-15T00:00:00+00:00,0.41444968378260943,0.24824628916987357,0.337304027047517,1.5154548086282946,1.2881816076428187,1585.4809411615522,1574.5715344439623
ucl-2021-22-077,2021-22,knockout_phase,,2021-09-15T00:00:00+00:00,date_only,rb-salzburg,vfl-wolfsburg,RB Salzburg (AUT),VfL Wolfsburg (GER),3,1,openfootball,2021-09-15T00:00:00+00:00,0.34764354532702946,0.24824175824175826,0.40411469643121234,1.6109507889397432,1.9149316765405133,1480.77128244685,1583.9380280268504
ucl-2021-22-078,2021-22,knockout_phase,,2021-09-15T00:00:00+00:00,date_only,lille-osc,sevilla-fc,Lille OSC (FRA),Sevilla FC (ESP),0,0,openfootball,2021-09-15T00:00:00+00:00,0.2667820120968973,0.24823723228995057,0.4849807556131522,1.0629341961055612,1.6826896801525881,1329.8577051275597,1576.114447578664
ucl-2021-22-079,2021-22,knockout_phase,,2021-09-15T00:00:00+00:00,date_only,vfl-wolfsburg,rb-salzburg,VfL Wolfsburg (GER),RB Salzburg (AUT),2,1,openfootball,2021-09-15T00:00:00+00:00,0.4432238278905279,0.24823271130625685,0.3085434608032153,1.9564708686608134,1.6379661622142065,1562.8086050047666,1501.9007054689337
ucl-2021-22-080,2021-22,knockout_phase,,2021-09-15T00:00:00+00:00,date_only,sevilla-fc,lille-osc,Sevilla FC (ESP),Lille OSC (FRA),1,2,openfootball,2021-09-15T00:00:00+00:00,0.5366516532007077,0.24822819528250137,0.21512015151679087,1.7822263748777591,0.9487903286692211,1571.750472708339,1334.2216799978848
ucl-2021-22-081,2021-22,knockout_phase,,2021-09-15T00:00:00+00:00,date_only,lille-osc,rb-salzburg,Lille OSC (FRA),RB Salzburg (AUT),1,0,openfootball,2021-09-15T00:00:00+00:00,0.3355526762289932,0.2482236842105263,0.4162236395604804,1.3851360503156487,1.898417475536955,1360.6523100315633,1484.5943128106799
ucl-2021-22-082,2021-22,knockout_phase,,2021-09-15T00:00:00+00:00,date_only,sevilla-fc,vfl-wolfsburg,Sevilla FC (ESP),VfL Wolfsburg (GER),2,0,openfootball,2021-09-15T00:00:00+00:00,0.38775335678655204,0.24821917808219177,0.3640274651312562,1.3710040375097003,1.38319676999224,1545.3198426746605,1580.1149976630204
ucl-2021-22-083,2021-22,knockout_phase,,2021-09-15T00:00:00+00:00,date_only,rb-salzburg,sevilla-fc,RB Salzburg (AUT),Sevilla FC (ESP),1,0,openfootball,2021-09-15T00:00:00+00:00,0.3484167591422584,0.24821467688937568,0.4033685639683659,1.553631492437265,1.6605022134575955,1462.98089354405,1564.8453248415547
ucl-2021-22-084,2021-22,knockout_phase,,2021-09-15T00:00:00+00:00,date_only,vfl-wolfsburg,lille-osc,VfL Wolfsburg (GER),Lille OSC (FRA),1,3,openfootball,2021-09-15T00:00:00+00:00,0.507169311258135,0.24821018062397376,0.24462050811789118,1.715971576217576,0.828485896920676,1560.5895154961263,1382.265729298193
ucl-2021-22-085,2021-22,knockout_phase,,2021-09-15T00:00:00+00:00,date_only,chelsea-fc,zenit-st-petersburg,Chelsea FC (ENG),Zenit St. Petersburg (RUS),1,0,openfootball,2021-09-15T00:00:00+00:00,0.6200427151322323,0.24820568927789935,0.13175159558986835,2.2533277183789586,0.7788216962645752,1831.14612093996,1390.5076975948873
ucl-2021-22-086,2021-22,knockout_phase,,2021-09-15T00:00:00+00:00,date_only,malm-ff,juventus,Malmö FF (SWE),Juventus (ITA),0,3,openfootball,2021-09-15T00:00:00+00:00,0.15174252560333573,0.24820120284308367,0.6000562715535805,0.5544819054601133,2.074863455223746,1384.700354534342,1879.648598594451
ucl-2021-22-087,2021-22,knockout_phase,,2021-09-15T00:00:00+00:00,date_only,zenit-st-petersburg,malm-ff,Zenit St. Petersburg (RUS),Malmö FF (SWE),4,0,openfootball,2021-09-15T00:00:00+00:00,0.41197486822317364,0.2481967213114754,0.33982841046535095,1.625505742110323,1.2052728256665803,1380.2735199857345,1373.666629453347
ucl-2021-22-088,2021-22,knockout_phase,,2021-09-15T00:00:00+00:00,date_only,juventus,chelsea-fc,Juventus (ITA),Chelsea FC (ENG),1,0,openfootball,2021-09-15T00:00:00+00:00,0.4366289852370131,0.24819224467504097,0.3151787700879459,1.4842557526459284,1.3634734466637453,1890.682323675446,1841.3802985491127
ucl-2021-22-089,2021-22,knockout_phase,,2021-09-15T00:00:00+00:00,date_only,zenit-st-petersburg,juventus,Zenit St. Petersburg (RUS),Juventus (ITA),0,1,openfootball,2021-09-15T00:00:00+00:00,0.14634058763009172,0.2481877729257642,0.6054716394441441,0.6809883059252396,1.854107905984446,1398.830590830578,1908.2533193724646
ucl-2021-22-090,2021-22,knockout_phase,,2021-09-15T00:00:00+00:00,date_only,chelsea-fc,malm-ff,Chelsea FC (ENG),Malmö FF (SWE),4,0,openfootball,2021-09-15T00:00:00+00:00,0.6293206019776679,0.24818330605564648,0.12249609196668562,2.6192787723769055,0.6114465473158671,1823.809302852094,1355.1095586085034
ucl-2021-22-091,2021-22,knockout_phase,,2021-09-15T00:00:00+00:00,date_only,malm-ff,chelsea-fc,Malmö FF (SWE),Chelsea FC (ENG),0,1,openfootball,2021-09-15T00:00:00+00:00,0.1542303926190404,0.24817884405670662,0.597590763324253,0.6172330159463101,2.474554012774867,1345.2460488087231,1833.6728126518744
ucl-2021-22-092,2021-22,knockout_phase,,2021-09-15T00:00:00+00:00,date_only,juventus,zenit-st-petersburg,Juventus (ITA),Zenit St. Petersburg (RUS),4,2,openfootball,2021-09-15T00:00:00+00:00,0.648022516879134,0.24817438692098093,0.10380309619988504,2.069690762533961,0.6173902471156885,1919.0706983361836,1388.0132118668591
ucl-2021-22-093,2021-22,knockout_phase,,2021-09-15T00:00:00+00:00,date_only,chelsea-fc,juventus,Chelsea FC (ENG),Juventus (ITA),4,0,openfootball,2021-09-15T00:00:00+00:00,0.3592560548794027,0.2481699346405229,0.39257401048007445,1.4387513735469564,1.3732341952800817,1844.8056052377701,1928.1863099225986
ucl-2021-22-094,2021-22,knockout_phase,,2021-09-15T00:00:00+00:00,date_only,malm-ff,zenit-st-petersburg,Malmö FF (SWE),Zenit St. Petersburg (RUS),1,1,openfootball,2021-09-15T00:00:00+00:00,0.38191712396357086,0.2481654872074034,0.36991738882902575,1.2591503015206138,1.6180915234893913,1334.1132562228274,1378.897600280444
ucl-2021-22-095,2021-22,knockout_phase,,2021-09-15T00:00:00+00:00,date_only,zenit-st-petersburg,chelsea-fc,Zenit St. Petersburg (RUS),Chelsea FC (ENG),3,3,openfootball,2021-09-15T00:00:00+00:00,0.15503719973189986,0.24816104461371055,0.5968017556543895,0.7669601648312755,2.0854169427618454,1379.137594983135,1865.4719643497835
ucl-2021-22-096,2021-22,knockout_phase,,2021-09-15T00:00:00+00:00,date_only,juventus,malm-ff,Juventus (ITA),Malmö FF (SWE),1,0,openfootball,2021-09-15T00:00:00+00:00,0.6593827344617738,0.24815660685154978,0.09246065868667648,2.3850759447790777,0.4509022071397009,1907.5199508105852,1333.8732615201366
ucl-2021-22-097,2021-22,knockout_phase,,2022-02-15T00:00:00+00:00,date_only,sporting-cp,manchester-city,Sporting CP (POR),Manchester City (ENG),0,5,openfootball,2022-02-15T00:00:00+00:00,0.1839979204645108,0.2481521739130435,0.5678499056224457,1.0819846193561933,2.2437456378483787,1468.2593095830819,1883.87776635565
ucl-2021-22-098,2021-22,knockout_phase,,2022-02-15T00:00:00+00:00,date_only,paris-saint-germain,real-madrid,Paris Saint-Germain (FRA),Real Madrid (ESP),1,0,openfootball,2022-02-15T00:00:00+00:00,0.3572898506136812,0.24814774579033133,0.39456240359598743,1.58724022959996,1.876440374459567,1861.1097115792677,1947.8632965244321
ucl-2021-22-099,2021-22,knockout_phase,,2022-02-15T00:00:00+00:00,date_only,rb-salzburg,bayern-m-nchen,RB Salzburg (AUT),Bayern München (GER),1,1,openfootball,2022-02-15T00:00:00+00:00,0.0943369452305143,0.24814332247557003,0.6575197322939157,0.6512966768715259,2.969123242444385,1484.0799296405723,2160.3925305334274
ucl-2021-22-100,2021-22,knockout_phase,,2022-02-15T00:00:00+00:00,date_only,inter,liverpool-fc,Inter (ITA),Liverpool FC (ENG),0,2,openfootball,2022-02-15T00:00:00+00:00,0.24155447204439393,0.24813890396093324,0.5103066239946729,1.033813105411763,1.9689495156705896,1553.6404343140052,1847.9737987289807
ucl-2021-22-101,2021-22,knockout_phase,,2022-02-15T00:00:00+00:00,date_only,chelsea-fc,lille-osc,Chelsea FC (ENG),Lille OSC (FRA),2,0,openfootball,2022-02-15T00:00:00+00:00,0.6229570352614265,0.2481344902386117,0.12890847449996184,2.3810590927221353,0.681718763558141,1856.6366732313338,1407.516705360998
ucl-2021-22-102,2021-22,knockout_phase,,2022-02-15T00:00:00+00:00,date_only,villarreal-cf,juventus,Villarreal CF (ESP),Juventus (ITA),1,1,openfootball,2022-02-15T00:00:00+00:00,0.15358242598754937,0.24813008130081302,0.5982874927116376,0.6538519601896532,1.9421492010790466,1426.0346307534364,1916.1815092950833
ucl-2021-22-103,2021-22,knockout_phase,,2022-02-15T00:00:00+00:00,date_only,sl-benfica,afc-ajax,SL Benfica (POR),AFC Ajax (NED),2,2,openfootball,2022-02-15T00:00:00+00:00,0.28931517856612704,0.24812567713976164,0.46255914429411127,1.150644169572709,1.6529040191805426,1467.1246175090055,1672.2870978927226
ucl-2021-22-104,2021-22,knockout_phase,,2022-02-15T00:00:00+00:00,date_only,atl-tico-madrid,manchester-united,Atlético Madrid (ESP),Manchester United (ENG),1,1,openfootball,2022-02-15T00:00:00+00:00,0.46543189072702884,0.248121277747699,0.28644683152527217,1.54843767478559,1.181387791206011,1725.1650770007595,1624.8329707063274
ucl-2021-22-105,2021-22,knockout_phase,,2022-02-15T00:00:00+00:00,date_only,bayern-m-nchen,rb-salzburg,Bayern München (GER),RB Salzburg (AUT),7,1,openfootball,2022-02-15T00:00:00+00:00,0.6778860686228719,0.24811688311688312,0.07399704826024484,3.1612239522064414,0.6576683202492357,2149.1288747921594,1495.3435853818403
ucl-2021-22-106,2021-22,knockout_phase,,2022-02-15T00:00:00+00:00,date_only,liverpool-fc,inter,Liverpool FC (ENG),Inter (ITA),0,1,openfootball,2022-02-15T00:00:00+00:00,0.5755697673254018,0.24811249323958898,0.1763177394350093,2.167430509725248,0.917611147775357,1862.5987556899752,1539.0154773530107
ucl-2021-22-107,2021-22,knockout_phase,,2022-02-15T00:00:00+00:00,date_only,manchester-city,sporting-cp,Manchester City (ENG),Sporting CP (POR),0,0,openfootball,2022-02-15T00:00:00+00:00,0.6199961159887084,0.24810810810810813,0.13189577590318347,2.503280423761493,0.9933756609908055,1896.2007266524913,1455.9363492862406
ucl-2021-22-108,2021-22,knockout_phase,,2022-02-15T00:00:00+00:00,date_only,real-madrid,paris-saint-germain,Real Madrid (ESP),Paris Saint-Germain (FRA),3,1,openfootball,2022-02-15T00:00:00+00:00,0.43436720089903874,0.2481037277147488,0.3175290713862124,1.959562220327244,1.5043870900976517,1927.1178454647861,1881.8551626389137
ucl-2021-22-109,2021-22,knockout_phase,,2022-02-15T00:00:00+00:00,date_only,afc-ajax,sl-benfica,AFC Ajax (NED),SL Benfica (POR),0,1,openfootball,2022-02-15T00:00:00+00:00,0.517399086142259,0.24809935205183586,0.23450156180590515,1.8090034586050217,1.0821305664493157,1668.8222185781628,1470.5894968235652
ucl-2021-22-110,2021-22,knockout_phase,,2022-02-15T00:00:00+00:00,date_only,manchester-united,atl-tico-madrid,Manchester United (ENG),Atlético Madrid (ESP),0,1,openfootball,2022-02-15T00:00:00+00:00,0.3535554314199248,0.24809498111171072,0.39834958746836446,1.2872540392450387,1.4022511903726764,1628.4126718903626,1721.5853758167243
ucl-2021-22-111,2021-22,knockout_phase,,2022-02-15T00:00:00+00:00,date_only,lille-osc,chelsea-fc,Lille OSC (FRA),Chelsea FC (ENG),1,2,openfootball,2022-02-15T00:00:00+00:00,0.16168296310449423,0.2480906148867314,0.5902264220087744,0.6918312750963985,2.2017942391821403,1397.3976765762272,1866.7557020161046
ucl-2021-22-112,2021-22,knockout_phase,,2022-02-15T00:00:00+00:00,date_only,juventus,villarreal-cf,Juventus (ITA),Villarreal CF (ESP),0,3,openfootball,2022-02-15T00:00:00+00:00,0.6305699072982421,0.2480862533692722,0.1213438393324856,2.117405814799563,0.6284904424999722,1907.2874079606015,1434.9287320879182
ucl-2021-22-113,2021-22,knockout_phase,,2022-02-15T00:00:00+00:00,date_only,manchester-city,atl-tico-madrid,Manchester City (ENG),Atlético Madrid (ESP),1,0,openfootball,2022-02-15T00:00:00+00:00,0.49016516584857206,0.24808189655172413,0.26175293759970375,1.7928090406472057,1.243374389103857,1886.438719850781,1740.6894926957555
ucl-2021-22-114,2021-22,knockout_phase,,2022-02-15T00:00:00+00:00,date_only,sl-benfica,liverpool-fc,SL Benfica (POR),Liverpool FC (ENG),1,3,openfootball,2022-02-15T00:00:00+00:00,0.21958789388590802,0.24807754442649435,0.5323345616875976,0.9380281101484376,1.92557751188125,1496.2474473102923,1834.6137151321673
ucl-2021-22-115,2021-22,knockout_phase,,2022-02-15T00:00:00+00:00,date_only,chelsea-fc,real-madrid,Chelsea FC (ENG),Real Madrid (ESP),1,3,openfootball,2022-02-15T00:00:00+00:00,0.3691520131278108,0.2480731969860065,0.38277478988618263,1.4971954326618824,1.8568975000243404,1878.184832838019,1944.7810828745296
ucl-2021-22-116,2021-22,knockout_phase,,2022-02-15T00:00:00+00:00,date_only,villarreal-cf,bayern-m-nchen,Villarreal CF (ESP),Bayern München (GER),1,0,openfootball,2022-02-15T00:00:00+00:00,0.09039061930442709,0.24806885422270036,0.6615405264728725,0.5507925399593462,2.987217819884375,1465.1132534472333,2157.0510943849067
ucl-2021-22-117,2021-22,knockout_phase,,2022-02-15T00:00:00+00:00,date_only,real-madrid,chelsea-fc,Real Madrid (ESP),Chelsea FC (ENG),2,3,openfootball,2022-02-15T00:00:00+00:00,0.468629585694366,0.24806451612903224,0.28330589817660173,2.0321856396146702,1.3578705359273113,1964.5086273393622,1858.4572883731864
ucl-2021-22-118,2021-22,knockout_phase,,2022-02-15T00:00:00+00:00,date_only,bayern-m-nchen,villarreal-cf,Bayern München (GER),Villarreal CF (ESP),1,1,openfootball,2022-02-15T00:00:00+00:00,0.6726267034004352,0.24806018269747449,0.07931311390209042,3.1332942987662906,0.5879047069723692,2125.6280962415376,1496.5362515906022
ucl-2021-22-119,2021-22,knockout_phase,,2022-02-15T00:00:00+00:00,date_only,atl-tico-madrid,manchester-city,Atlético Madrid (ESP),Manchester City (ENG),0,0,openfootball,2022-02-15T00:00:00+00:00,0.3053775235739316,0.24805585392051557,0.4465666225055529,1.299025926868591,1.6631963708045925,1725.257737260733,1901.8704752858034
ucl-2021-22-120,2021-22,knockout_phase,,2022-02-15T00:00:00+00:00,date_only,liverpool-fc,sl-benfica,Liverpool FC (ENG),SL Benfica (POR),3,3,openfootball,2022-02-15T00:00:00+00:00,0.5928196621002183,0.24805152979066022,0.15912880810912142,2.144577303955143,0.85458058107831,1848.3587817761336,1482.502380666326
ucl-2021-22-121,2021-22,knockout_phase,,2022-02-15T00:00:00+00:00,date_only,manchester-city,real-madrid,Manchester City (ENG),Real Madrid (ESP),4,3,openfootball,2022-02-15T00:00:00+00:00,0.3837559628916024,0.2480472103004292,0.3681968268079684,1.5719294468152842,1.8685449381229937,1899.046693307171,1940.8021535890068
ucl-2021-22-122,2021-22,knockout_phase,,2022-02-15T00:00:00+00:00,date_only,liverpool-fc,villarreal-cf,Liverpool FC (ENG),Villarreal CF (ESP),2,0,openfootball,2022-02-15T00:00:00+00:00,0.5788499676030807,0.24804289544235925,0.17310713695456004,2.369752911622768,0.9107239864912593,1839.6849646963117,1508.4025233805692
ucl-2021-22-123,2021-22,knockout_phase,,2022-02-15T00:00:00+00:00,date_only,villarreal-cf,liverpool-fc,Villarreal CF (ESP),Liverpool FC (ENG),2,3,openfootball,2022-02-15T00:00:00+00:00,0.2115811040307941,0.24803858520900318,0.5403803107602027,0.9266868291559346,2.211060793085509,1496.5173799935396,1851.5701080833412
ucl-2021-22-124,2021-22,knockout_phase,,2022-02-15T00:00:00+00:00,date_only,real-madrid,manchester-city,Real Madrid (ESP),Manchester City (ENG),3,1,openfootball,2022-02-15T00:00:00+00:00,0.4096007749135058,0.24803427959292984,0.3423649454935644,1.972858714420107,1.5071867126744407,1921.1133363106794,1918.7355105854983
ucl-2021-22-125,2021-22,knockout_phase,,2022-02-15T00:00:00+00:00,date_only,liverpool-fc,real-madrid,Liverpool FC (ENG),Real Madrid (ESP),0,1,openfootball,2022-02-15T00:00:00+00:00,0.36437165295954577,0.24802997858672374,0.3875983684537305,1.4787405517676744,2.0077444006911236,1864.994123948753,1939.7686197222806
ucl-2022-23-001,2022-23,knockout_phase,,2022-09-07T00:00:00+00:00,date_only,afc-ajax,rangers-fc,AFC Ajax (NED),Rangers FC (SCO),4,0,openfootball,2022-09-07T00:00:00+00:00,0.4888216480366091,0.24802568218298554,0.2631526697804053,1.8464464138857202,1.2259857260342808,1643.1642680914358,1500.0
ucl-2022-23-002,2022-23,knockout_phase,,2022-09-07T00:00:00+00:00,date_only,ssc-napoli,liverpool-fc,SSC Napoli (ITA),Liverpool FC (ENG),4,1,openfootball,2022-09-07T00:00:00+00:00,0.27181779131490513,0.24802139037433157,0.48016081831076324,1.2271981370324618,1.948527204659745,1608.382136983305,1845.4586582586367
ucl-2022-23-003,2022-23,knockout_phase,,2022-09-07T00:00:00+00:00,date_only,liverpool-fc,afc-ajax,Liverpool FC (ENG),AFC Ajax (NED),2,1,openfootball,2022-09-07T00:00:00+00:00,0.4991416041796912,0.2480171031533939,0.2528412926669149,1.9497489670267307,1.27173801646126,1821.2917977187194,1658.6508885263117
ucl-2022-23-004,2022-23,knockout_phase,,2022-09-07T00:00:00+00:00,date_only,rangers-fc,ssc-napoli,Rangers FC (SCO),SSC Napoli (ITA),0,3,openfootball,2022-09-07T00:00:00+00:00,0.3217178748425398,0.24801282051282053,0.43026930464463975,1.337546075944009,1.8259631392447928,1484.513379565124,1632.5489975232222
ucl-2022-23-005,2022-23,knockout_phase,,2022-09-07T00:00:00+00:00,date_only,afc-ajax,ssc-napoli,AFC Ajax (NED),SSC Napoli (ITA),1,6,openfootball,2022-09-07T00:00:00+00:00,0.40425886270002337,0.24800854244527493,0.3477325948547017,1.6241363597597833,1.4849262063098203,1643.5768947565673,1650.37796892718
ucl-2022-23-006,2022-23,knockout_phase,,2022-09-07T00:00:00+00:00,date_only,liverpool-fc,rangers-fc,Liverpool FC (ENG),Rangers FC (SCO),2,0,openfootball,2022-09-07T00:00:00+00:00,0.5943514027734081,0.24800426894343652,0.15764432828315536,2.517620058245385,0.8580233563887668,1836.3657914884639,1466.6844081611662
ucl-2022-23-007,2022-23,knockout_phase,,2022-09-07T00:00:00+00:00,date_only,ssc-napoli,afc-ajax,SSC Napoli (ITA),AFC Ajax (NED),4,2,openfootball,2022-09-07T00:00:00+00:00,0.4366033639698626,0.24800000000000003,0.3153966360301374,1.728192796378047,1.4672919167437162,1671.5084942840865,1622.4463693996609
ucl-2022-23-008,2022-23,knockout_phase,,2022-09-07T00:00:00+00:00,date_only,rangers-fc,liverpool-fc,Rangers FC (SCO),Liverpool FC (ENG),1,7,openfootball,2022-09-07T00:00:00+00:00,0.1943914488977415,0.24799573560767593,0.5576128154945825,0.8656195178262026,2.348431921970922,1455.4185496509713,1847.6316499986588
ucl-2022-23-009,2022-23,knockout_phase,,2022-09-07T00:00:00+00:00,date_only,afc-ajax,liverpool-fc,AFC Ajax (NED),Liverpool FC (ENG),0,3,openfootball,2022-09-07T00:00:00+00:00,0.26191909137786645,0.2479914757591902,0.4900894328629433,1.2692907921525598,1.965606736356692,1604.8705039584554,1860.367222666722
ucl-2022-23-010,2022-23,knockout_phase,,2022-09-07T00:00:00+00:00,date_only,ssc-napoli,rangers-fc,SSC Napoli (ITA),Rangers FC (SCO),3,0,openfootball,2022-09-07T00:00:00+00:00,0.5410574892204202,0.24798722044728433,0.2109552903322954,2.3453344856186535,1.0957324115050775,1689.084359725292,1442.682976982908
ucl-2022-23-011,2022-23,knockout_phase,,2022-09-07T00:00:00+00:00,date_only,rangers-fc,afc-ajax,Rangers FC (SCO),AFC Ajax (NED),1,3,openfootball,2022-09-07T00:00:00+00:00,0.31478204775247187,0.24798296966471528,0.4372349825828128,1.3501789554467916,1.8794931992789303,1429.2850209606706,1589.433910788157
ucl-2022-23-012,2022-23,knockout_phase,,2022-09-07T00:00:00+00:00,date_only,liverpool-fc,ssc-napoli,Liverpool FC (ENG),SSC Napoli (ITA),2,0,openfootball,2022-09-07T00:00:00+00:00,0.5047379590550963,0.2479787234042553,0.2472833175406484,2.0644345834079094,1.3018436376214988,1875.8038158370205,1702.4823157475294
ucl-2022-23-013,2022-23,knockout_phase,,2022-09-07T00:00:00+00:00,date_only,atl-tico-madrid,fc-porto,Atlético Madrid (ESP),FC Porto (POR),2,1,openfootball,2022-09-07T00:00:00+00:00,0.4604834376895806,0.24797448165869218,0.2915420806517272,1.5493514224367098,1.1786745506733867,1728.0815192393654,1636.811908123697
ucl-2022-23-014,2022-23,knockout_phase,,2022-09-07T00:00:00+00:00,date_only,club-brugge-kv,bayer-leverkusen,Club Brugge KV (BEL),Bayer Leverkusen (GER),1,0,openfootball,2022-09-07T00:00:00+00:00,0.3383341724716744,0.24797024442082893,0.41369558310749666,1.317838280274707,1.6876753217261804,1379.6417674143681,1498.9925878414767
ucl-2022-23-015,2022-23,knockout_phase,,2022-09-07T00:00:00+00:00,date_only,bayer-leverkusen,atl-tico-madrid,Bayer Leverkusen (GER),Atlético Madrid (ESP),2,0,openfootball,2022-09-07T00:00:00+00:00,0.2557109723928028,0.2479660116834838,0.49632301592371336,0.9862077784973488,1.681848592016936,1477.4853596287603,1744.7026920986084
ucl-2022-23-016,2022-23,knockout_phase,,2022-09-07T00:00:00+00:00,date_only,fc-porto,club-brugge-kv,FC Porto (POR),Club Brugge KV (BEL),0,4,openfootball,2022-09-07T00:00:00+00:00,0.5278585341855458,0.24796178343949044,0.2241796823749637,1.9479893284856868,0.9903358099387234,1620.1907352644541,1401.1489956270846
ucl-2022-23-017,2022-23,knockout_phase,,2022-09-07T00:00:00+00:00,date_only,club-brugge-kv,atl-tico-madrid,Club Brugge KV (BEL),Atlético Madrid (ESP),2,0,openfootball,2022-09-07T00:00:00+00:00,0.2424670279134942,0.24795755968169758,0.5095754124048082,0.8679800198952754,1.7642176101000397,1427.2225726632962,1719.89045122799
ucl-2022-23-018,2022-23,knockout_phase,,2022-09-07T00:00:00+00:00,date_only,fc-porto,bayer-leverkusen,FC Porto (POR),Bayer Leverkusen (GER),2,0,openfootball,2022-09-07T00:00:00+00:00,0.4608031308327813,0.24795334040296924,0.29124352876424947,1.7123893139804025,1.2245012472283765,1594.1171582282425,1502.2976004993784
ucl-2022-23-019,2022-23,knockout_phase,,2022-09-07T00:00:00+00:00,date_only,atl-tico-madrid,club-brugge-kv,Atlético Madrid (ESP),Club Brugge KV (BEL),0,0,openfootball,2022-09-07T00:00:00+00:00,0.5389830482618222,0.24794912559618443,0.21306782614199343,1.8656529526542012,0.8466776378766392,1694.5482835381638,1452.5647403531225
ucl-2022-23-020,2022-23,knockout_phase,,2022-09-07T00:00:00+00:00,date_only,bayer-leverkusen,fc-porto,Bayer Leverkusen (GER),FC Porto (POR),0,3,openfootball,2022-09-07T00:00:00+00:00,0.33504117046378157,0.24794491525423726,0.41701391428198115,1.2814273552948978,1.606795615764082,1485.688792540749,1610.7259661868718
ucl-2022-23-021,2022-23,knockout_phase,,2022-09-07T00:00:00+00:00,date_only,club-brugge-kv,fc-porto,Club Brugge KV (BEL),FC Porto (POR),0,4,openfootball,2022-09-07T00:00:00+00:00,0.3091777763201164,0.2479407093700371,0.4428815143098465,1.1421235480191183,1.7167839202053947,1459.083044795519,1629.0865113105078
ucl-2022-23-022,2022-23,knockout_phase,,2022-09-07T00:00:00+00:00,date_only,atl-tico-madrid,bayer-leverkusen,Atlético Madrid (ESP),Bayer Leverkusen (GER),2,2,openfootball,2022-09-07T00:00:00+00:00,0.5286917093310048,0.2479365079365079,0.22337178273248728,1.7790954146967506,0.9379718951929539,1688.0299790957672,1467.328247417113
ucl-2022-23-023,2022-23,knockout_phase,,2022-09-07T00:00:00+00:00,date_only,fc-porto,atl-tico-madrid,FC Porto (POR),Atlético Madrid (ESP),2,1,openfootball,2022-09-07T00:00:00+00:00,0.38748103998194683,0.24793231094658907,0.3645866490714641,1.3559441031529391,1.3570074293420558,1646.4124365507132,1681.9235805637968
ucl-2022-23-024,2022-23,knockout_phase,,2022-09-07T00:00:00+00:00,date_only,bayer-leverkusen,club-brugge-kv,Bayer Leverkusen (GER),Club Brugge KV (BEL),0,0,openfootball,2022-09-07T00:00:00+00:00,0.4266547450248191,0.24792811839323467,0.3254171365819462,1.6583027005662365,1.3003102204993915,1473.4346459490835,1441.7571195553137
ucl-2022-23-025,2022-23,knockout_phase,,2022-09-07T00:00:00+00:00,date_only,inter,bayern-m-nchen,Inter (ITA),Bayern München (GER),0,2,openfootball,2022-09-07T00:00:00+00:00,0.13312320353126045,0.24792393026941362,0.618952866199326,0.6962127116406684,2.6511317415154907,1567.0005179108186,2113.7618244515706
ucl-2022-23-026,2022-23,knockout_phase,,2022-09-07T00:00:00+00:00,date_only,fc-barcelona,viktoria-plze,FC Barcelona (ESP),Viktoria Plzeň (CZE),5,1,openfootball,2022-09-07T00:00:00+00:00,0.6399916375503468,0.24791974656810983,0.11208861588154338,2.654128705587759,0.6803893432221004,1913.777378519913,1411.2844702761408
ucl-2022-23-027,2022-23,knockout_phase,,2022-09-07T00:00:00+00:00,date_only,viktoria-plze,inter,Viktoria Plzeň (CZE),Inter (ITA),0,2,openfootball,2022-09-07T00:00:00+00:00,0.3178310827897161,0.24791556728232192,0.43425334992796205,1.1205674792507438,1.7884349054882938,1401.842530709517,1556.7171111641799
ucl-2022-23-028,2022-23,knockout_phase,,2022-09-07T00:00:00+00:00,date_only,bayern-m-nchen,fc-barcelona,Bayern München (GER),FC Barcelona (ESP),2,0,openfootball,2022-09-07T00:00:00+00:00,0.5188344160791417,0.24791139240506327,0.23325419151579493,2.1270173748504444,1.368225762566902,2124.0452311982094,1923.219318086537
ucl-2022-23-029,2022-23,knockout_phase,,2022-09-07T00:00:00+00:00,date_only,bayern-m-nchen,viktoria-plze,Bayern München (GER),Viktoria Plzeň (CZE),5,0,openfootball,2022-09-07T00:00:00+00:00,0.6965318491849344,0.24790722192936215,0.055560928885703485,3.320882668648999,0.448949037494594,2138.3336267069426,1384.170976052282
ucl-2022-23-030,2022-23,knockout_phase,,2022-09-07T00:00:00+00:00,date_only,inter,fc-barcelona,Inter (ITA),FC Barcelona (ESP),1,0,openfootball,2022-09-07T00:00:00+00:00,0.2215016471425876,0.24790305584826133,0.5305952970091511,0.9212147860363425,2.083028171170926,1574.3886658214149,1908.9309225778038
ucl-2022-23-031,2022-23,knockout_phase,,2022-09-07T00:00:00+00:00,date_only,viktoria-plze,bayern-m-nchen,Viktoria Plzeň (CZE),Bayern München (GER),2,4,openfootball,2022-09-07T00:00:00+00:00,0.07303617272779585,0.24789889415481836,0.6790649331173858,0.41833899866850566,3.117791386099209,1376.9903944582666,2145.5142083009578
ucl-2022-23-032,2022-23,knockout_phase,,2022-09-07T00:00:00+00:00,date_only,fc-barcelona,inter,FC Barcelona (ESP),Inter (ITA),3,3,openfootball,2022-09-07T00:00:00+00:00,0.5576721231730186,0.24789473684210528,0.19443313998487616,2.190675074757579,0.8908283612465684,1882.7490495804725,1600.5705388187462
ucl-2022-23-033,2022-23,knockout_phase,,2022-09-07T00:00:00+00:00,date_only,inter,viktoria-plze,Inter (ITA),Viktoria Plzeň (CZE),4,0,openfootball,2022-09-07T00:00:00+00:00,0.5374661854944747,0.24789058390320884,0.21464323060231646,2.1189369573470422,0.9408504341223664,1607.835318482509,1369.1109696660583
ucl-2022-23-034,2022-23,knockout_phase,,2022-09-07T00:00:00+00:00,date_only,fc-barcelona,bayern-m-nchen,FC Barcelona (ESP),Bayern München (GER),0,3,openfootball,2022-09-07T00:00:00+00:00,0.25012913803618253,0.24788643533123028,0.5019844266325874,1.3740055718385498,2.049470439648502,1875.4842699167098,2153.393633093166
ucl-2022-23-035,2022-23,knockout_phase,,2022-09-07T00:00:00+00:00,date_only,bayern-m-nchen,inter,Bayern München (GER),Inter (ITA),2,0,openfootball,2022-09-07T00:00:00+00:00,0.6526476066947183,0.24788229111928534,0.09947010218599639,2.8512638250768845,0.6772643890402892,2168.356527321238,1621.3788593846657
ucl-2022-23-036,2022-23,knockout_phase,,2022-09-07T00:00:00+00:00,date_only,viktoria-plze,fc-barcelona,Viktoria Plzeň (CZE),FC Barcelona (ESP),2,4,openfootball,2022-09-07T00:00:00+00:00,0.14805440045942114,0.24787815126050422,0.6040674482800747,0.7349193299436722,2.500921678902205,1355.5674287639015,1860.5213756886378
ucl-2022-23-037,2022-23,knockout_phase,,2022-09-07T00:00:00+00:00,date_only,eintracht-frankfurt,sporting-cp,Eintracht Frankfurt (GER),Sporting CP (POR),0,3,openfootball,2022-09-07T00:00:00+00:00,0.4281985812943642,0.24787401574803147,0.3239274029576043,1.91781547249081,1.4771322373919673,1500.0,1465.698356087951
ucl-2022-23-038,2022-23,knockout_phase,,2022-09-07T00:00:00+00:00,date_only,tottenham-hotspur,olympique-marseille,Tottenham Hotspur (ENG),Olympique Marseille (FRA),2,0,openfootball,2022-09-07T00:00:00+00:00,0.5449504054579558,0.24786988457502623,0.2071797099670179,2.068904294767714,1.0057888448875834,1583.5573761767423,1329.0827487712752
ucl-2022-23-039,2022-23,knockout_phase,,2022-09-07T00:00:00+00:00,date_only,sporting-cp,tottenham-hotspur,Sporting CP (POR),Tottenham Hotspur (ENG),2,0,openfootball,2022-09-07T00:00:00+00:00,0.3444009338673343,0.24786575773466174,0.40773330839800404,1.5053419906802787,1.8187105344399042,1487.7837796546862,1596.8019622669235
ucl-2022-23-040,2022-23,knockout_phase,,2022-09-07T00:00:00+00:00,date_only,olympique-marseille,eintracht-frankfurt,Olympique Marseille (FRA),Eintracht Frankfurt (GER),0,1,openfootball,2022-09-07T00:00:00+00:00,0.3137307825514003,0.24786163522012578,0.4384075822284739,0.7766029885398577,1.733050942501447,1315.838162681094,1477.9145764332648
ucl-2022-23-041,2022-23,knockout_phase,,2022-09-07T00:00:00+00:00,date_only,olympique-marseille,sporting-cp,Olympique Marseille (FRA),Sporting CP (POR),4,1,openfootball,2022-09-07T00:00:00+00:00,0.2863330390249903,0.24785751702462022,0.4658094439503895,1.1367087519154722,1.7558637676983917,1298.3316986746354,1509.0504271452996
ucl-2022-23-042,2022-23,knockout_phase,,2022-09-07T00:00:00+00:00,date_only,eintracht-frankfurt,tottenham-hotspur,Eintracht Frankfurt (GER),Tottenham Hotspur (ENG),0,0,openfootball,2022-09-07T00:00:00+00:00,0.36132335612203176,0.24785340314136128,0.390823240736607,1.4378534893348958,1.771358234173109,1495.4210404397234,1575.53531477631
ucl-2022-23-043,2022-23,knockout_phase,,2022-09-07T00:00:00+00:00,date_only,tottenham-hotspur,eintracht-frankfurt,Tottenham Hotspur (ENG),Eintracht Frankfurt (GER),3,2,openfootball,2022-09-07T00:00:00+00:00,0.4536483698656758,0.24784929356357926,0.298502336570745,1.819924907256751,1.2644503180970381,1574.9453170840186,1496.0110381320148
ucl-2022-23-044,2022-23,knockout_phase,,2022-09-07T00:00:00+00:00,date_only,sporting-cp,olympique-marseille,Sporting CP (POR),Olympique Marseille (FRA),0,2,openfootball,2022-09-07T00:00:00+00:00,0.4997269731978611,0.24784518828451882,0.2524278385176201,1.8488756528206327,1.1872698481138642,1485.4608990467916,1321.9212267731434
ucl-2022-23-045,2022-23,knockout_phase,,2022-09-07T00:00:00+00:00,date_only,eintracht-frankfurt,olympique-marseille,Eintracht Frankfurt (GER),Olympique Marseille (FRA),2,1,openfootball,2022-09-07T00:00:00+00:00,0.483074558385364,0.24784108729743856,0.2690843543171974,1.6968722911093042,0.8451688337792231,1479.1139587979135,1346.8672094667481
ucl-2022-23-046,2022-23,knockout_phase,,2022-09-07T00:00:00+00:00,date_only,tottenham-hotspur,sporting-cp,Tottenham Hotspur (ENG),Sporting CP (POR),1,1,openfootball,2022-09-07T00:00:00+00:00,0.48258052245021615,0.2478369905956113,0.2695824869541726,1.954077247880198,1.3617237089422185,1591.84239641812,1460.514916353187
ucl-2022-23-047,2022-23,knockout_phase,,2022-09-07T00:00:00+00:00,date_only,sporting-cp,eintracht-frankfurt,Sporting CP (POR),Eintracht Frankfurt (GER),1,2,openfootball,2022-09-07T00:00:00+00:00,0.39073206668218924,0.24783289817232376,0.36143503514548697,1.5671728241776872,1.6311506295467393,1464.7748770631079,1494.83415471655
ucl-2022-23-048,2022-23,knockout_phase,,2022-09-07T00:00:00+00:00,date_only,olympique-marseille,tottenham-hotspur,Olympique Marseille (FRA),Tottenham Hotspur (ENG),1,2,openfootball,2022-09-07T00:00:00+00:00,0.2614751377793191,0.2478288100208768,0.4906960521998041,1.085408292478534,1.8276733660171727,1331.1470135481115,1587.582435708199
ucl-2022-23-049,2022-23,knockout_phase,,2022-09-07T00:00:00+00:00,date_only,dinamo-zagreb,chelsea-fc,Dinamo Zagreb (CRO),Chelsea FC (ENG),1,0,openfootball,2022-09-07T00:00:00+00:00,0.09088341204827076,0.24782472613458528,0.6612918618171439,0.4587283595946028,2.6066035192208696,1192.086069499134,1882.1637621235418
ucl-2022-23-050,2022-23,knockout_phase,,2022-09-07T00:00:00+00:00,date_only,rb-salzburg,ac-milan,RB Salzburg (AUT),AC Milan (ITA),1,1,openfootball,2022-09-07T00:00:00+00:00,0.4202328279824668,0.24782064650677788,0.3319465255107554,1.656286775048136,1.601739810730722,1487.4213657890928,1466.9541588082525
ucl-2022-23-051,2022-23,knockout_phase,,2022-09-07T00:00:00+00:00,date_only,ac-milan,dinamo-zagreb,AC Milan (ITA),Dinamo Zagreb (CRO),3,1,openfootball,2022-09-07T00:00:00+00:00,0.5406220329186425,0.2478165711307973,0.2115613959505601,2.183729705302646,0.8052662357578833,1468.7198848576868,1223.4942384945116
ucl-2022-23-052,2022-23,knockout_phase,,2022-09-07T00:00:00+00:00,date_only,chelsea-fc,rb-salzburg,Chelsea FC (ENG),RB Salzburg (AUT),1,1,openfootball,2022-09-07T00:00:00+00:00,0.5927112516471084,0.2478125,0.15947624835289162,2.4242499611570882,0.9325259570002553,1850.7555931281643,1485.6556397396585
ucl-2022-23-053,2022-23,knockout_phase,,2022-09-07T00:00:00+00:00,date_only,rb-salzburg,dinamo-zagreb,RB Salzburg (AUT),Dinamo Zagreb (CRO),1,0,openfootball,2022-09-07T00:00:00+00:00,0.558665728357419,0.24780843310775635,0.1935258385348246,2.560574444180095,1.0142071113225908,1494.3203398055427,1210.0754512338733
ucl-2022-23-054,2022-23,knockout_phase,,2022-09-07T00:00:00+00:00,date_only,chelsea-fc,ac-milan,Chelsea FC (ENG),AC Milan (ITA),3,0,openfootball,2022-09-07T00:00:00+00:00,0.5906867462335351,0.24780437044745057,0.16150888331901422,2.1986487087101265,0.8665892297532104,1842.09089306228,1482.138672118325
ucl-2022-23-055,2022-23,knockout_phase,,2022-09-07T00:00:00+00:00,date_only,ac-milan,chelsea-fc,AC Milan (ITA),Chelsea FC (ENG),0,2,openfootball,2022-09-07T00:00:00+00:00,0.19871997042558195,0.24780031201248048,0.5534797175619375,0.8897220887298766,2.053577167725776,1470.7222293766156,1853.5073358039895
ucl-2022-23-056,2022-23,knockout_phase,,2022-09-07T00:00:00+00:00,date_only,dinamo-zagreb,rb-salzburg,Dinamo Zagreb (CRO),RB Salzburg (AUT),1,1,openfootball,2022-09-07T00:00:00+00:00,0.23388710371271013,0.2477962577962578,0.518316638491032,1.0226815415653143,2.367140481033463,1197.3782490303252,1507.017542009091
ucl-2022-23-057,2022-23,knockout_phase,,2022-09-07T00:00:00+00:00,date_only,rb-salzburg,chelsea-fc,RB Salzburg (AUT),Chelsea FC (ENG),1,2,openfootball,2022-09-07T00:00:00+00:00,0.20691572532278762,0.24779220779220779,0.5452920668850045,0.9648868157277622,2.2083010737335798,1501.3289513135244,1866.4121408612623
ucl-2022-23-058,2022-23,knockout_phase,,2022-09-07T00:00:00+00:00,date_only,dinamo-zagreb,ac-milan,Dinamo Zagreb (CRO),AC Milan (ITA),0,4,openfootball,2022-09-07T00:00:00+00:00,0.262388155658003,0.24778816199376946,0.4898236823482276,0.9077078461721241,1.984119437348015,1203.0668397258917,1457.8174243193428
ucl-2022-23-059,2022-23,knockout_phase,,2022-09-07T00:00:00+00:00,date_only,ac-milan,rb-salzburg,AC Milan (ITA),RB Salzburg (AUT),4,0,openfootball,2022-09-07T00:00:00+00:00,0.3996849474851163,0.2477841203943954,0.35253093212048836,1.672159658732899,1.477627111723358,1473.2687137855382,1488.0964781447688
ucl-2022-23-060,2022-23,knockout_phase,,2022-09-07T00:00:00+00:00,date_only,chelsea-fc,dinamo-zagreb,Chelsea FC (ENG),Dinamo Zagreb (CRO),2,1,openfootball,2022-09-07T00:00:00+00:00,0.6857925362471485,0.2477800829875519,0.06642738076529965,2.8078019975863793,0.42753617970867436,1879.644614030018,1187.6155502596962
ucl-2022-23-061,2022-23,knockout_phase,,2022-09-07T00:00:00+00:00,date_only,celtic-fc,real-madrid,Celtic FC (SCO),Real Madrid (ESP),0,3,openfootball,2022-09-07T00:00:00+00:00,0.11015090711555263,0.2477760497667185,0.6420730431177288,0.6492344201745038,2.7740318186991066,1340.1918412347047,1959.304085412397
ucl-2022-23-062,2022-23,knockout_phase,,2022-09-07T00:00:00+00:00,date_only,rb-leipzig,shakhtar-donetsk,RB Leipzig (GER),Shakhtar Donetsk (UKR),1,4,openfootball,2022-09-07T00:00:00+00:00,0.5047080012807571,0.24777202072538862,0.24751997799385428,2.0141636663574904,1.3013357335806743,1590.2181915479414,1417.221791918953
ucl-2022-23-063,2022-23,knockout_phase,,2022-09-07T00:00:00+00:00,date_only,shakhtar-donetsk,celtic-fc,Shakhtar Donetsk (UKR),Celtic FC (SCO),1,1,openfootball,2022-09-07T00:00:00+00:00,0.47183497124784446,0.24776799585706888,0.28039703289508666,1.8193290357483565,1.4043665586353573,1442.365552384691,1330.8302839547482
ucl-2022-23-064,2022-23,knockout_phase,,2022-09-07T00:00:00+00:00,date_only,real-madrid,rb-leipzig,Real Madrid (ESP),RB Leipzig (GER),2,0,openfootball,2022-09-07T00:00:00+00:00,0.6073429463196401,0.24776397515527948,0.14489307852508035,2.7234067550167405,0.9296969562350551,1968.6656426923535,1565.0744310822033
ucl-2022-23-065,2022-23,knockout_phase,,2022-09-07T00:00:00+00:00,date_only,rb-leipzig,celtic-fc,RB Leipzig (GER),Celtic FC (SCO),3,1,openfootball,2022-09-07T00:00:00+00:00,0.5283063293999533,0.24775995861355407,0.2239337119864927,2.2697203214302424,1.220223742855806,1554.3234284380944,1334.6590427218034
ucl-2022-23-066,2022-23,knockout_phase,,2022-09-07T00:00:00+00:00,date_only,real-madrid,shakhtar-donetsk,Real Madrid (ESP),Shakhtar Donetsk (UKR),2,1,openfootball,2022-09-07T00:00:00+00:00,0.6511006191181989,0.2477559462254395,0.1011434346563616,2.72148697860991,0.7851420754035294,1979.4166453364624,1438.5367936176358
ucl-2022-23-067,2022-23,knockout_phase,,2022-09-07T00:00:00+00:00,date_only,celtic-fc,rb-leipzig,Celtic FC (SCO),RB Leipzig (GER),0,2,openfootball,2022-09-07T00:00:00+00:00,0.2662911627827262,0.24775193798449613,0.4859568992327777,1.2685974754942921,2.1649929873465017,1320.7464950700726,1568.2359760898253
ucl-2022-23-068,2022-23,knockout_phase,,2022-09-07T00:00:00+00:00,date_only,shakhtar-donetsk,real-madrid,Shakhtar Donetsk (UKR),Real Madrid (ESP),1,1,openfootball,2022-09-07T00:00:00+00:00,0.12905438290337393,0.24774793388429756,0.6231976832123285,0.7985439700148796,2.5218414409035192,1429.5359373068725,1988.4175016472257
ucl-2022-23-069,2022-23,knockout_phase,,2022-09-07T00:00:00+00:00,date_only,celtic-fc,shakhtar-donetsk,Celtic FC (SCO),Shakhtar Donetsk (UKR),1,1,openfootball,2022-09-07T00:00:00+00:00,0.32977262440042193,0.24774393391843058,0.4224834416811475,1.4581008387383516,1.6895193290093187,1305.1398097990736,1439.4188033130515
ucl-2022-23-070,2022-23,knockout_phase,,2022-09-07T00:00:00+00:00,date_only,rb-leipzig,real-madrid,RB Leipzig (GER),Real Madrid (ESP),3,2,openfootball,2022-09-07T00:00:00+00:00,0.19334269262210166,0.24773993808049538,0.5589173692974029,0.9886948118523095,2.4966609169852183,1583.8426613608242,1978.5346356410466
ucl-2022-23-071,2022-23,knockout_phase,,2022-09-07T00:00:00+00:00,date_only,real-madrid,celtic-fc,Real Madrid (ESP),Celtic FC (SCO),5,1,openfootball,2022-09-07T00:00:00+00:00,0.6762121622356206,0.2477359463641052,0.07605189140027419,2.99625153602965,0.600816952994462,1951.2231421075405,1306.9940261446882
ucl-2022-23-072,2022-23,knockout_phase,,2022-09-07T00:00:00+00:00,date_only,shakhtar-donetsk,rb-leipzig,Shakhtar Donetsk (UKR),RB Leipzig (GER),0,4,openfootball,2022-09-07T00:00:00+00:00,0.3072246767359925,0.24773195876288662,0.4450433645011209,1.418738253142683,1.8421414729575514,1437.564586967437,1611.1541548943303
ucl-2022-23-073,2022-23,knockout_phase,,2022-09-07T00:00:00+00:00,date_only,borussia-dortmund,fc-k-benhavn,Borussia Dortmund (GER),FC København (DEN),3,0,openfootball,2022-09-07T00:00:00+00:00,0.4797746351073002,0.24772797527047913,0.27249738962222075,1.8951197457874973,1.2458835848133012,1610.7971738718616,1484.777190267071
ucl-2022-23-074,2022-23,knockout_phase,,2022-09-07T00:00:00+00:00,date_only,sevilla-fc,manchester-city,Sevilla FC (ESP),Manchester City (ENG),0,4,openfootball,2022-09-07T00:00:00+00:00,0.21106113224174797,0.2477239958805355,0.5412148718777164,1.0659121941664225,2.066127387524005,1543.7462887450324,1900.0802271738971
ucl-2022-23-075,2022-23,knockout_phase,,2022-09-07T00:00:00+00:00,date_only,manchester-city,borussia-dortmund,Manchester City (ENG),Borussia Dortmund (GER),2,1,openfootball,2022-09-07T00:00:00+00:00,0.5598884076978332,0.2477200205867216,0.19239157171544516,2.0944710049655835,1.258518434122771,1913.4771523811778,1626.65162896216
ucl-2022-23-076,2022-23,knockout_phase,,2022-09-07T00:00:00+00:00,date_only,fc-k-benhavn,sevilla-fc,FC København (DEN),Sevilla FC (ESP),0,0,openfootball,2022-09-07T00:00:00+00:00,0.3723650324334057,0.24771604938271605,0.37991891818387824,1.3188111430325176,1.3486433932662938,1468.9227351767727,1530.3493635377517
ucl-2022-23-077,2022-23,knockout_phase,,2022-09-07T00:00:00+00:00,date_only,sevilla-fc,borussia-dortmund,Sevilla FC (ESP),Borussia Dortmund (GER),1,4,openfootball,2022-09-07T00:00:00+00:00,0.35922697308929485,0.2477120822622108,0.39306094464849445,1.388746610616133,1.6700420815858337,1530.1982858227423,1614.0015656818077
ucl-2022-23-078,2022-23,knockout_phase,,2022-09-07T00:00:00+00:00,date_only,manchester-city,fc-k-benhavn,Manchester City (ENG),FC København (DEN),5,0,openfootball,2022-09-07T00:00:00+00:00,0.625938221500496,0.24770811921891056,0.1263536592805934,2.450030378014338,0.8478401043681907,1926.12721566153,1469.0738128917822
ucl-2022-23-079,2022-23,knockout_phase,,2022-09-07T00:00:00+00:00,date_only,fc-k-benhavn,manchester-city,FC København (DEN),Manchester City (ENG),0,0,openfootball,2022-09-07T00:00:00+00:00,0.15872682943129326,0.24770416024653313,0.5935690103221737,0.8557749830992067,2.3180466801873014,1459.0655041361802,1936.135524417132
ucl-2022-23-080,2022-23,knockout_phase,,2022-09-07T00:00:00+00:00,date_only,borussia-dortmund,sevilla-fc,Borussia Dortmund (GER),Sevilla FC (ESP),1,1,openfootball,2022-09-07T00:00:00+00:00,0.477850431321271,0.24770020533880904,0.2744493633399199,1.8732043915282555,1.2517000526688684,1633.3248862506236,1510.8749652539263
ucl-2022-23-081,2022-23,knockout_phase,,2022-09-07T00:00:00+00:00,date_only,sevilla-fc,fc-k-benhavn,Sevilla FC (ESP),FC København (DEN),3,0,openfootball,2022-09-07T00:00:00+00:00,0.4357021162038525,0.2476962544894818,0.31660162930666563,1.452420647325492,1.1754427924844342,1514.9429866135533,1467.7623477539978
ucl-2022-23-082,2022-23,knockout_phase,,2022-09-07T00:00:00+00:00,date_only,borussia-dortmund,manchester-city,Borussia Dortmund (GER),Manchester City (ENG),0,0,openfootball,2022-09-07T00:00:00+00:00,0.23972931880072837,0.2476923076923077,0.5125783735069639,1.3125407944353764,1.9372494157337503,1629.2568648909967,1927.4386807993144
ucl-2022-23-083,2022-23,knockout_phase,,2022-09-07T00:00:00+00:00,date_only,fc-k-benhavn,borussia-dortmund,FC København (DEN),Borussia Dortmund (GER),1,1,openfootball,2022-09-07T00:00:00+00:00,0.30102585281178895,0.24768836494105587,0.4512857822471552,1.2091827471279575,1.8239809051013722,1450.1443574919415,1634.7138459851215
ucl-2022-23-084,2022-23,knockout_phase,,2022-09-07T00:00:00+00:00,date_only,manchester-city,sevilla-fc,Manchester City (ENG),Sevilla FC (ESP),3,1,openfootball,2022-09-07T00:00:00+00:00,0.6021556111501333,0.2476844262295082,0.15015996262035855,2.2845172690246502,0.9403861847802799,1921.9816997051896,1532.5609768756096
ucl-2022-23-085,2022-23,knockout_phase,,2022-09-07T00:00:00+00:00,date_only,paris-saint-germain,juventus,Paris Saint-Germain (FRA),Juventus (ITA),2,1,openfootball,2022-09-07T00:00:00+00:00,0.4008619690783776,0.2476804915514593,0.35145753937016305,1.6542144104967815,1.3313586303327336,1864.1919252291702,1877.1028866012864
ucl-2022-23-086,2022-23,knockout_phase,,2022-09-07T00:00:00+00:00,date_only,sl-benfica,maccabi-haifa,SL Benfica (POR),Maccabi Haifa (ISR),2,0,openfootball,2022-09-07T00:00:00+00:00,0.40325490744290576,0.24767656090071646,0.3490685316563778,1.261295480103772,1.465341994295361,1491.1761977461479,1500.0
ucl-2022-23-087,2022-23,knockout_phase,,2022-09-07T00:00:00+00:00,date_only,juventus,sl-benfica,Juventus (ITA),SL Benfica (POR),1,2,openfootball,2022-09-07T00:00:00+00:00,0.5860010970047286,0.24767263427109976,0.16632626872417167,1.9099987541375278,0.8091774672782132,1858.0909751954507,1510.0924702304173
ucl-2022-23-088,2022-23,knockout_phase,,2022-09-07T00:00:00+00:00,date_only,maccabi-haifa,paris-saint-germain,Maccabi Haifa (ISR),Paris Saint-Germain (FRA),1,3,openfootball,2022-09-07T00:00:00+00:00,0.19004498619840002,0.24766871165644172,0.5622863021451583,0.8673741358713941,2.4124099696534,1481.0837275157305,1883.203836635006
ucl-2022-23-089,2022-23,knockout_phase,,2022-09-07T00:00:00+00:00,date_only,juventus,maccabi-haifa,Juventus (ITA),Maccabi Haifa (ISR),3,1,openfootball,2022-09-07T00:00:00+00:00,0.5912781542418295,0.24766479305058764,0.16105705270758292,1.982198593791897,0.7082003086399521,1829.6974786298397,1468.5285538346657
ucl-2022-23-090,2022-23,knockout_phase,,2022-09-07T00:00:00+00:00,date_only,sl-benfica,paris-saint-germain,SL Benfica (POR),Paris Saint-Germain (FRA),1,1,openfootball,2022-09-07T00:00:00+00:00,0.2106334700993257,0.2476608784473953,0.541705651453279,0.9494400937911015,2.076332318030703,1538.4859667960284,1895.7590103160708
ucl-2022-23-091,2022-23,knockout_phase,,2022-09-07T00:00:00+00:00,date_only,maccabi-haifa,juventus,Maccabi Haifa (ISR),Juventus (ITA),2,0,openfootball,2022-09-07T00:00:00+00:00,0.1982213087786067,0.24765696784073504,0.5541217233806583,0.7500332660551631,1.8459733871558694,1457.1329758653505,1841.0930565991548
ucl-2022-23-092,2022-23,knockout_phase,,2022-09-07T00:00:00+00:00,date_only,paris-saint-germain,sl-benfica,Paris Saint-Germain (FRA),SL Benfica (POR),1,1,openfootball,2022-09-07T00:00:00+00:00,0.5844041285509909,0.24765306122448982,0.16794281022451923,2.2352632254596654,0.8963608482036962,1889.1375666889917,1545.1074104231075
ucl-2022-23-093,2022-23,knockout_phase,,2022-09-07T00:00:00+00:00,date_only,sl-benfica,juventus,SL Benfica (POR),Juventus (ITA),4,3,openfootball,2022-09-07T00:00:00+00:00,0.2593542221728395,0.24764915859255482,0.4929966192346057,0.959702838886951,1.6623286379813482,1553.4366367896369,1813.9750483071139
ucl-2022-23-094,2022-23,knockout_phase,,2022-09-07T00:00:00+00:00,date_only,paris-saint-germain,maccabi-haifa,Paris Saint-Germain (FRA),Maccabi Haifa (ISR),7,2,openfootball,2022-09-07T00:00:00+00:00,0.6048495915775992,0.24764525993883793,0.14750514848356291,2.576678055703902,0.8230070699999852,1880.8083403224623,1484.2509841573915
ucl-2022-23-095,2022-23,knockout_phase,,2022-09-07T00:00:00+00:00,date_only,juventus,paris-saint-germain,Juventus (ITA),Paris Saint-Germain (FRA),1,2,openfootball,2022-09-07T00:00:00+00:00,0.3483931869186963,0.2476413652572593,0.40396544782404437,1.3613337899168934,1.661204324850405,1789.3022003658784,1891.6614514605815
ucl-2022-23-096,2022-23,knockout_phase,,2022-09-07T00:00:00+00:00,date_only,maccabi-haifa,sl-benfica,Maccabi Haifa (ISR),SL Benfica (POR),1,6,openfootball,2022-09-07T00:00:00+00:00,0.34702023365714185,0.24763747454175156,0.4053422918011066,1.4613117521450953,1.3793315506648762,1473.3978730192723,1578.1094847308723
ucl-2022-23-097,2022-23,knockout_phase,,2023-02-14T00:00:00+00:00,date_only,ac-milan,tottenham-hotspur,AC Milan (ITA),Tottenham Hotspur (ENG),1,0,openfootball,2023-02-14T00:00:00+00:00,0.3435420334381328,0.24763358778625952,0.4088243787756077,1.407519848825085,1.5927689310665143,1492.3256334782457,1602.9980174197892
ucl-2022-23-098,2022-23,knockout_phase,,2023-02-14T00:00:00+00:00,date_only,paris-saint-germain,bayern-m-nchen,Paris Saint-Germain (FRA),Bayern München (GER),0,1,openfootball,2023-02-14T00:00:00+00:00,0.2560756668484861,0.2476297049847406,0.49629462816677333,1.3846707125819728,2.1213069081952916,1910.5500062424744,2177.2929772310636
ucl-2022-23-099,2022-23,knockout_phase,,2023-02-14T00:00:00+00:00,date_only,club-brugge-kv,sl-benfica,Club Brugge KV (BEL),SL Benfica (POR),0,2,openfootball,2023-02-14T00:00:00+00:00,0.3189369274145567,0.24762582613116418,0.43343724645427917,1.2682277590956659,1.533141930654502,1443.7818717241712,1596.943043567993
ucl-2022-23-100,2022-23,knockout_phase,,2023-02-14T00:00:00+00:00,date_only,borussia-dortmund,chelsea-fc,Borussia Dortmund (GER),Chelsea FC (ENG),1,0,openfootball,2023-02-14T00:00:00+00:00,0.26202007271794125,0.24762195121951217,0.49035797606254666,1.2731629989759292,1.8315679614749942,1631.708647396414,1887.2573109203809
ucl-2022-23-101,2022-23,knockout_phase,,2023-02-14T00:00:00+00:00,date_only,liverpool-fc,real-madrid,Liverpool FC (ENG),Real Madrid (ESP),2,5,openfootball,2023-02-14T00:00:00+00:00,0.36821854316871605,0.24761808024377854,0.38416337658750543,1.4991368317338365,1.9819846522599895,1890.6547230067315,1959.2199366908335
ucl-2022-23-102,2022-23,knockout_phase,,2023-02-14T00:00:00+00:00,date_only,eintracht-frankfurt,ssc-napoli,Eintracht Frankfurt (GER),SSC Napoli (ITA),0,2,openfootball,2023-02-14T00:00:00+00:00,0.3080560202508994,0.24761421319796956,0.4443297665511311,1.2913053871227032,1.892585319931467,1515.4200953472841,1687.6314085778183
ucl-2022-23-103,2022-23,knockout_phase,,2023-02-14T00:00:00+00:00,date_only,rb-leipzig,manchester-city,RB Leipzig (GER),Manchester City (ENG),1,1,openfootball,2023-02-14T00:00:00+00:00,0.23651940463373844,0.2476103500761035,0.515870245290158,1.19260221755925,2.161362670397044,1628.3977811390278,1932.9417867345942
ucl-2022-23-104,2022-23,knockout_phase,,2023-02-14T00:00:00+00:00,date_only,inter,fc-porto,Inter (ITA),FC Porto (POR),1,0,openfootball,2023-02-14T00:00:00+00:00,0.3770713285859889,0.24760649087221095,0.3753221805418001,1.325406550618614,1.4792231466018833,1612.4424094748401,1665.9545487325036
ucl-2022-23-105,2022-23,knockout_phase,,2023-02-14T00:00:00+00:00,date_only,sl-benfica,club-brugge-kv,SL Benfica (POR),Club Brugge KV (BEL),5,1,openfootball,2023-02-14T00:00:00+00:00,0.5128432855972579,0.24760263558033452,0.23955407882240762,1.7178289320035556,1.1285165154141046,1614.6530371871986,1426.0718781049657
ucl-2022-23-106,2022-23,knockout_phase,,2023-02-14T00:00:00+00:00,date_only,chelsea-fc,borussia-dortmund,Chelsea FC (ENG),Borussia Dortmund (GER),2,0,openfootball,2023-02-14T00:00:00+00:00,0.5218524269545591,0.24759878419452885,0.23054878885091196,1.9352558660683954,1.2245520639020406,1862.6905528534887,1656.2754054633062
ucl-2022-23-107,2022-23,knockout_phase,,2023-02-14T00:00:00+00:00,date_only,bayern-m-nchen,paris-saint-germain,Bayern München (GER),Paris Saint-Germain (FRA),2,0,openfootball,2023-02-14T00:00:00+00:00,0.5645586242194723,0.24759493670886074,0.18784643907166687,2.3029566713660885,1.2760484560105774,2192.488598004698,1895.35438546884
ucl-2022-23-108,2022-23,knockout_phase,,2023-02-14T00:00:00+00:00,date_only,tottenham-hotspur,ac-milan,Tottenham Hotspur (ENG),AC Milan (ITA),0,0,openfootball,2023-02-14T00:00:00+00:00,0.44766363943671267,0.2475910931174089,0.30474526744587843,1.6581990565881854,1.3249963102850073,1581.6923705130398,1513.631280384995
ucl-2022-23-109,2022-23,knockout_phase,,2023-02-14T00:00:00+00:00,date_only,manchester-city,rb-leipzig,Manchester City (ENG),RB Leipzig (GER),7,0,openfootball,2023-02-14T00:00:00+00:00,0.5629014825136778,0.24758725341426405,0.18951126407205815,2.309680456093146,1.1263378269063051,1927.3547699214657,1633.9847979521562
ucl-2022-23-110,2022-23,knockout_phase,,2023-02-14T00:00:00+00:00,date_only,fc-porto,inter,FC Porto (POR),Inter (ITA),0,0,openfootball,2023-02-14T00:00:00+00:00,0.41636899193016497,0.2475834175935288,0.3360475904763063,1.55195334161778,1.2369770092454586,1645.9895316933873,1632.4074265139564
ucl-2022-23-111,2022-23,knockout_phase,,2023-02-14T00:00:00+00:00,date_only,real-madrid,liverpool-fc,Real Madrid (ESP),Liverpool FC (ENG),1,0,openfootball,2023-02-14T00:00:00+00:00,0.46996688376362517,0.2475795856493178,0.282453530587057,2.1759589344318537,1.3697959592506337,1978.9010400224577,1870.9736196751073
ucl-2022-23-112,2022-23,knockout_phase,,2023-02-14T00:00:00+00:00,date_only,ssc-napoli,eintracht-frankfurt,SSC Napoli (ITA),Eintracht Frankfurt (GER),3,0,openfootball,2023-02-14T00:00:00+00:00,0.5220408721804001,0.24757575757575756,0.2303833702438423,2.078014588529723,1.1300169006047929,1704.9059336518137,1498.1455702732887
ucl-2022-23-113,2022-23,knockout_phase,,2023-02-14T00:00:00+00:00,date_only,sl-benfica,inter,SL Benfica (POR),Inter (ITA),0,2,openfootball,2023-02-14T00:00:00+00:00,0.4056474105539095,0.24757193336698635,0.34678065607910413,1.374042348219589,1.366120960134006,1629.1872530517016,1634.0138545430336
ucl-2022-23-114,2022-23,knockout_phase,,2023-02-14T00:00:00+00:00,date_only,manchester-city,bayern-m-nchen,Manchester City (ENG),Bayern München (GER),3,0,openfootball,2023-02-14T00:00:00+00:00,0.25698192876479353,0.24756811301715442,0.49544995821805204,1.3513926670520915,2.11032155100563,1939.8869655526332,2204.9543543017417
ucl-2022-23-115,2022-23,knockout_phase,,2023-02-14T00:00:00+00:00,date_only,real-madrid,chelsea-fc,Real Madrid (ESP),Chelsea FC (ENG),2,0,openfootball,2023-02-14T00:00:00+00:00,0.4756641633809002,0.24756429652042358,0.27677154009867627,2.0367537289047437,1.3540429043220925,1995.1507729589264,1876.8644800914158
ucl-2022-23-116,2022-23,knockout_phase,,2023-02-14T00:00:00+00:00,date_only,ac-milan,ssc-napoli,AC Milan (ITA),SSC Napoli (ITA),1,0,openfootball,2023-02-14T00:00:00+00:00,0.2909697375799171,0.24756048387096777,0.46146977854911514,1.2511807201764409,1.723944312747736,1516.4896478248118,1719.0727836130825
ucl-2022-23-117,2022-23,knockout_phase,,2023-02-14T00:00:00+00:00,date_only,chelsea-fc,real-madrid,Chelsea FC (ENG),Real Madrid (ESP),0,2,openfootball,2023-02-14T00:00:00+00:00,0.320592735958921,0.2475566750629723,0.43185058897810674,1.4153253684222475,1.9199628812278673,1860.8423325570602,2011.172920493282
ucl-2022-23-118,2022-23,knockout_phase,,2023-02-14T00:00:00+00:00,date_only,ssc-napoli,ac-milan,SSC Napoli (ITA),AC Milan (ITA),1,1,openfootball,2023-02-14T00:00:00+00:00,0.4958277806274728,0.24755287009063442,0.2566193492818928,1.8041504378782092,1.189636171436563,1695.6627827936986,1539.8996486441956
ucl-2022-23-119,2022-23,knockout_phase,,2023-02-14T00:00:00+00:00,date_only,inter,sl-benfica,Inter (ITA),SL Benfica (POR),3,3,openfootball,2023-02-14T00:00:00+00:00,0.4357877224426105,0.24754906894816303,0.31666320860922653,1.53233359940781,1.2066410569816886,1655.1911896325298,1608.0099179622055
ucl-2022-23-120,2022-23,knockout_phase,,2023-02-14T00:00:00+00:00,date_only,bayern-m-nchen,manchester-city,Bayern München (GER),Manchester City (ENG),1,1,openfootball,2023-02-14T00:00:00+00:00,0.5264186346264321,0.24754527162977866,0.22603609374378916,2.217302696226844,1.3213347977510352,2180.1849937126763,1964.6563261416984
ucl-2022-23-121,2022-23,knockout_phase,,2023-02-14T00:00:00+00:00,date_only,real-madrid,manchester-city,Real Madrid (ESP),Manchester City (ENG),1,1,openfootball,2023-02-14T00:00:00+00:00,0.4421371770982238,0.24754147812971342,0.3103213447720628,1.9932710172804127,1.4750883654585383,2028.9477634328982,1970.6639769593512
ucl-2022-23-122,2022-23,knockout_phase,,2023-02-14T00:00:00+00:00,date_only,ac-milan,inter,AC Milan (ITA),Inter (ITA),0,2,openfootball,2023-02-14T00:00:00+00:00,0.34507263052260123,0.24753768844221108,0.40738968103518763,1.2624540711309211,1.3395251151882863,1544.6838172711073,1652.8086993558622
ucl-2022-23-123,2022-23,knockout_phase,,2023-02-14T00:00:00+00:00,date_only,inter,ac-milan,Inter (ITA),AC Milan (ITA),1,0,openfootball,2023-02-14T00:00:00+00:00,0.4904599445174984,0.24753390256152685,0.26200615292097473,1.525451075811119,1.1074573211692869,1671.5623583456106,1525.930158281359
ucl-2022-23-124,2022-23,knockout_phase,,2023-02-14T00:00:00+00:00,date_only,manchester-city,real-madrid,Manchester City (ENG),Real Madrid (ESP),4,0,openfootball,2023-02-14T00:00:00+00:00,0.377404113594408,0.2475301204819277,0.3750657659236643,1.5857054619411506,1.8535225869688186,1973.3002936058745,2026.311446786375
ucl-2022-23-125,2022-23,knockout_phase,,2023-02-14T00:00:00+00:00,date_only,manchester-city,inter,Manchester City (ENG),Inter (ITA),1,0,openfootball,2023-02-14T00:00:00+00:00,0.5686013815155592,0.24752634219769193,0.1838722762867489,2.1752168701156496,0.9833265039074803,1993.2535266524596,1686.9932825136802
ucl-2023-24-001,2023-24,knockout_phase,,2023-09-19T00:00:00+00:00,date_only,ac-milan,newcastle-united-fc,AC Milan (ITA),Newcastle United FC (ENG),0,0,openfootball,2023-09-19T00:00:00+00:00,0.41461007328632327,0.24752256770310935,0.3378673590105674,1.3787493617610744,1.2202732378638679,1510.4992341132893,1500.0
ucl-2023-24-002,2023-24,knockout_phase,,2023-09-19T00:00:00+00:00,date_only,bsc-young-boys,rb-leipzig,BSC Young Boys (SUI),RB Leipzig (GER),1,3,openfootball,2023-09-19T00:00:00+00:00,0.2977950331870872,0.2475187969924812,0.4546861698204316,1.5813127993186877,1.9269497605450499,1431.027961503414,1621.4526023209887
ucl-2023-24-003,2023-24,knockout_phase,,2023-09-19T00:00:00+00:00,date_only,ss-lazio,club-atl-tico-de-madrid,SS Lazio (ITA),Club Atlético de Madrid (ESP),1,1,openfootball,2023-09-19T00:00:00+00:00,0.408496461319527,0.24751503006012027,0.3439885086203527,1.5699999999999998,1.2,1500.0,1500.0
ucl-2023-24-004,2023-24,knockout_phase,,2023-09-19T00:00:00+00:00,date_only,feyenoord-rotterdam,celtic-fc,Feyenoord Rotterdam (NED),Celtic FC (SCO),2,0,openfootball,2023-09-19T00:00:00+00:00,0.5191994157372468,0.24751126690035052,0.23328931736240263,2.6625023070321707,0.6784981543742634,1500.0,1298.9972315613952
ucl-2023-24-005,2023-24,knockout_phase,,2023-09-19T00:00:00+00:00,date_only,paris-saint-germain-fc,borussia-dortmund,Paris Saint-Germain FC (FRA),Borussia Dortmund (GER),2,0,openfootball,2023-09-19T00:00:00+00:00,0.325354435711105,0.2475075075075075,0.4271380567813875,1.345668122984227,1.7936590499997151,1500.0,1642.1014782253792
ucl-2023-24-006,2023-24,knockout_phase,,2023-09-19T00:00:00+00:00,date_only,manchester-city-fc,fk-crvena-zvezda,Manchester City FC (ENG),FK Crvena Zvezda (SRB),3,1,openfootball,2023-09-19T00:00:00+00:00,0.4085025838316204,0.24750375187593793,0.3439936642924416,1.5699999999999998,1.2,1500.0,1500.0
ucl-2023-24-007,2023-24,knockout_phase,,2023-09-19T00:00:00+00:00,date_only,fc-barcelona,royal-antwerp-fc,FC Barcelona (ESP),Royal Antwerp FC (BEL),5,0,openfootball,2023-09-19T00:00:00+00:00,0.5954189652007343,0.2475,0.15708103479926563,2.4888229628418257,0.8286704432858616,1871.4011147322246,1500.0
ucl-2023-24-008,2023-24,knockout_phase,,2023-09-19T00:00:00+00:00,date_only,fk-shakhtar-donetsk,fc-porto,FK Shakhtar Donetsk (UKR),FC Porto (POR),1,3,openfootball,2023-09-19T00:00:00+00:00,0.3240431307913456,0.247496251874063,0.42846061733459134,1.2089830725278037,1.6195112163963619,1500.0,1644.38310366431
ucl-2023-24-009,2023-24,knockout_phase,,2023-09-19T00:00:00+00:00,date_only,real-madrid-cf,1-fc-union-berlin,Real Madrid CF (ESP),1. FC Union Berlin (GER),1,0,openfootball,2023-09-19T00:00:00+00:00,0.4085086879945267,0.2474925074925075,0.3439988045129658,1.5699999999999998,1.2,1500.0,1500.0
ucl-2023-24-010,2023-24,knockout_phase,,2023-09-19T00:00:00+00:00,date_only,galatasaray-sk,fc-k-benhavn,Galatasaray SK (TUR),FC København (DEN),2,2,openfootball,2023-09-19T00:00:00+00:00,0.4356330126597121,0.2474887668497254,0.31687822049056247,1.6590420365994594,0.6354330373870992,1500.0,1453.1495560806488
ucl-2023-24-011,2023-24,knockout_phase,,2023-09-19T00:00:00+00:00,date_only,sevilla-fc,racing-club-de-lens,Sevilla FC (ESP),Racing Club de Lens (FRA),1,1,openfootball,2023-09-19T00:00:00+00:00,0.421077507989805,0.24748502994011978,0.33143746207007524,1.4107280142657768,1.3946903158601058,1521.600889846205,1500.0
ucl-2023-24-012,2023-24,knockout_phase,,2023-09-19T00:00:00+00:00,date_only,sporting-clube-de-braga,ssc-napoli,Sporting Clube de Braga (POR),SSC Napoli (ITA),1,2,openfootball,2023-09-19T00:00:00+00:00,0.29755462069468336,0.24748129675810476,0.4549640825472119,1.2301652574251132,1.9349447171368324,1500.0,1690.878614166787
ucl-2023-24-013,2023-24,knockout_phase,,2023-09-19T00:00:00+00:00,date_only,real-sociedad-de-f-tbol,fc-internazionale-milano,Real Sociedad de Fútbol (ESP),FC Internazionale Milano (ITA),1,1,openfootball,2023-09-19T00:00:00+00:00,0.4085167984775109,0.24747756729810572,0.34400563422438335,1.5699999999999998,1.2,1500.0,1500.0
ucl-2023-24-014,2023-24,knockout_phase,,2023-09-19T00:00:00+00:00,date_only,sport-lisboa-e-benfica,fc-red-bull-salzburg,Sport Lisboa e Benfica (POR),FC Red Bull Salzburg (AUT),0,2,openfootball,2023-09-19T00:00:00+00:00,0.408518821046885,0.24747384155455904,0.34400733739855605,1.5699999999999998,1.2,1500.0,1500.0
ucl-2023-24-015,2023-24,knockout_phase,,2023-09-19T00:00:00+00:00,date_only,fc-bayern-m-nchen,manchester-united-fc,FC Bayern München (GER),Manchester United FC (ENG),4,3,openfootball,2023-09-19T00:00:00+00:00,0.4085208416017476,0.24747011952191234,0.34400903887634005,1.5699999999999998,1.2,1500.0,1500.0
ucl-2023-24-016,2023-24,knockout_phase,,2023-09-19T00:00:00+00:00,date_only,arsenal-fc,psv,Arsenal FC (ENG),PSV (NED),4,0,openfootball,2023-09-19T00:00:00+00:00,0.4803523433677698,0.24746640119462418,0.2721812554376061,1.9548137756411377,1.3946489794870902,1626.7765307693649,1500.0
ucl-2023-24-017,2023-24,knockout_phase,,2023-09-19T00:00:00+00:00,date_only,1-fc-union-berlin,sporting-clube-de-braga,1. FC Union Berlin (GER),Sporting Clube de Braga (POR),2,3,openfootball,2023-09-19T00:00:00+00:00,0.4074402875430864,0.2474626865671642,0.3450970258897494,1.1184516736938173,1.0012386610449462,1481.2901976696312,1483.1481892370505
ucl-2023-24-018,2023-24,knockout_phase,,2023-09-19T00:00:00+00:00,date_only,fc-red-bull-salzburg,real-sociedad-de-f-tbol,FC Red Bull Salzburg (AUT),Real Sociedad de Fútbol (ESP),0,2,openfootball,2023-09-19T00:00:00+00:00,0.4216597184108602,0.24745897563401292,0.33088130595512694,1.6388170441316912,0.48494636469464725,1521.2902296729667,1498.7097767149376
ucl-2023-24-019,2023-24,knockout_phase,,2023-09-19T00:00:00+00:00,date_only,ssc-napoli,real-madrid-cf,SSC Napoli (ITA),Real Madrid CF (ESP),2,3,openfootball,2023-09-19T00:00:00+00:00,0.5131679612277793,0.24745526838966203,0.2393767703825587,2.055294963277251,1.1332455108596808,1707.7304249297365,1518.7098023303688
ucl-2023-24-020,2023-24,knockout_phase,,2023-09-19T00:00:00+00:00,date_only,fc-internazionale-milano,sport-lisboa-e-benfica,FC Internazionale Milano (ITA),Sport Lisboa e Benfica (POR),1,0,openfootball,2023-09-19T00:00:00+00:00,0.4216638707932773,0.24745156482861402,0.33088456437810876,1.6388170441316912,0.48494636469464725,1501.2902232850624,1478.7097703270333
ucl-2023-24-021,2023-24,knockout_phase,,2023-09-19T00:00:00+00:00,date_only,fc-k-benhavn,fc-bayern-m-nchen,FC København (DEN),FC Bayern München (GER),1,2,openfootball,2023-09-19T00:00:00+00:00,0.3714640458774517,0.24744786494538232,0.381088089177166,0.9173457399821165,1.6921234080143066,1455.5246519240318,1518.7097639454919
ucl-2023-24-022,2023-24,knockout_phase,,2023-09-19T00:00:00+00:00,date_only,manchester-united-fc,galatasaray-sk,Manchester United FC (ENG),Galatasaray SK (TUR),2,3,openfootball,2023-09-19T00:00:00+00:00,0.3989829711077645,0.24744416873449132,0.35357286015774425,2.606387776581576,3.0108897787347395,1481.2902360545081,1497.624904156617
ucl-2023-24-023,2023-24,knockout_phase,,2023-09-19T00:00:00+00:00,date_only,racing-club-de-lens,arsenal-fc,Racing Club de Lens (FRA),Arsenal FC (ENG),2,1,openfootball,2023-09-19T00:00:00+00:00,0.32612308348911295,0.24744047619047618,0.42643644032041084,1.4426497432563608,1.8538802053949113,1501.7928009183945,1642.6131090107615
ucl-2023-24-024,2023-24,knockout_phase,,2023-09-19T00:00:00+00:00,date_only,psv,sevilla-fc,PSV (NED),Sevilla FC (ESP),2,2,openfootball,2023-09-19T00:00:00+00:00,0.38765791279635425,0.247436787307883,0.36490529989576276,1.459861328083632,1.349850067967877,1484.1634217586034,1519.8080889278106
ucl-2023-24-025,2023-24,knockout_phase,,2023-09-19T00:00:00+00:00,date_only,club-atl-tico-de-madrid,feyenoord-rotterdam,Club Atlético de Madrid (ESP),Feyenoord Rotterdam (NED),3,2,openfootball,2023-09-19T00:00:00+00:00,0.400946557123934,0.24743310208126856,0.3516203407947974,0.609173634184567,1.5086610926523465,1501.2901590539834,1514.281798032503
ucl-2023-24-026,2023-24,knockout_phase,,2023-09-19T00:00:00+00:00,date_only,royal-antwerp-fc,fk-shakhtar-donetsk,Royal Antwerp FC (BEL),FK Shakhtar Donetsk (UKR),2,3,openfootball,2023-09-19T00:00:00+00:00,0.4124369966862444,0.24742942050520056,0.34013358280855505,1.6255653407309705,2.9955477274152233,1488.7667586080295,1482.0883497308648
ucl-2023-24-027,2023-24,knockout_phase,,2023-09-19T00:00:00+00:00,date_only,celtic-fc,ss-lazio,Celtic FC (SCO),SS Lazio (ITA),1,2,openfootball,2023-09-19T00:00:00+00:00,0.28468337333031574,0.24742574257425742,0.46789088409542684,0.7357889742112198,2.466192350042789,1284.7154335288922,1498.7098409460166
ucl-2023-24-028,2023-24,knockout_phase,,2023-09-19T00:00:00+00:00,date_only,borussia-dortmund,ac-milan,Borussia Dortmund (GER),AC Milan (ITA),0,0,openfootball,2023-09-19T00:00:00+00:00,0.47181335429908067,0.2474220682830282,0.2807645774178912,1.7377643777619407,1.2352849006681454,1620.0658058039735,1508.964379827774
ucl-2023-24-029,2023-24,knockout_phase,,2023-09-19T00:00:00+00:00,date_only,newcastle-united-fc,paris-saint-germain-fc,Newcastle United FC (ENG),Paris Saint-Germain FC (FRA),4,1,openfootball,2023-09-19T00:00:00+00:00,0.39655512230652096,0.24741839762611276,0.3560264800673663,0.15,1.0136672120905936,1501.5348542855152,1522.0356724214057
ucl-2023-24-030,2023-24,knockout_phase,,2023-09-19T00:00:00+00:00,date_only,fk-crvena-zvezda,bsc-young-boys,FK Crvena Zvezda (SRB),BSC Young Boys (SUI),2,2,openfootball,2023-09-19T00:00:00+00:00,0.4472375567781101,0.2474147305981216,0.3053477126237683,2.175936995128919,1.0266789753254362,1481.2901783907835,1414.1657842360808
ucl-2023-24-031,2023-24,knockout_phase,,2023-09-19T00:00:00+00:00,date_only,rb-leipzig,manchester-city-fc,RB Leipzig (GER),Manchester City FC (ENG),1,3,openfootball,2023-09-19T00:00:00+00:00,0.4764817858817254,0.2474110671936759,0.2761071469245987,1.9696707983159212,1.7702633613472631,1638.314779588322,1518.7098216092165
ucl-2023-24-032,2023-24,knockout_phase,,2023-09-19T00:00:00+00:00,date_only,fc-porto,fc-barcelona,FC Porto (POR),FC Barcelona (ESP),0,1,openfootball,2023-09-19T00:00:00+00:00,0.2811892313692611,0.2474074074074074,0.4714033612233315,1.2033739561031775,1.8604853011368752,1662.2947539334452,1882.6343561241952
ucl-2023-24-033,2023-24,knockout_phase,,2023-09-19T00:00:00+00:00,date_only,fc-internazionale-milano,fc-red-bull-salzburg,FC Internazionale Milano (ITA),FC Red Bull Salzburg (AUT),2,1,openfootball,2023-09-19T00:00:00+00:00,0.4201947874475646,0.24740375123395852,0.33240146131847687,1.1366666464440893,0.7366666828447286,1519.4746371567592,1499.474661423852
ucl-2023-24-034,2023-24,knockout_phase,,2023-09-19T00:00:00+00:00,date_only,galatasaray-sk,fc-bayern-m-nchen,Galatasaray SK (TUR),FC Bayern München (GER),1,3,openfootball,2023-09-19T00:00:00+00:00,0.39686763928698293,0.24740009866798224,0.3557322620450348,2.3533465194134333,2.5133227844692536,1518.5331063756175,1538.5172830794977
ucl-2023-24-035,2023-24,knockout_phase,,2023-09-19T00:00:00+00:00,date_only,1-fc-union-berlin,ssc-napoli,1. FC Union Berlin (GER),SSC Napoli (ITA),0,1,openfootball,2023-09-19T00:00:00+00:00,0.2801639019106564,0.247396449704142,0.4724396483852017,1.2205382284840627,1.9695694172127498,1460.0433324365645,1682.254601112832
ucl-2023-24-036,2023-24,knockout_phase,,2023-09-19T00:00:00+00:00,date_only,sporting-clube-de-braga,real-madrid-cf,Sporting Clube de Braga (POR),Real Madrid CF (ESP),1,2,openfootball,2023-09-19T00:00:00+00:00,0.3852446687617269,0.24739280433711186,0.3673625269011612,1.5868411902690367,2.0265270477847706,1504.3950544701172,1544.1856261472733
ucl-2023-24-037,2023-24,knockout_phase,,2023-09-19T00:00:00+00:00,date_only,sport-lisboa-e-benfica,real-sociedad-de-f-tbol,Sport Lisboa e Benfica (POR),Real Sociedad de Fútbol (ESP),0,1,openfootball,2023-09-19T00:00:00+00:00,0.3733655992023443,0.24738916256157636,0.3792452382360793,0.3200000095760703,1.5399999923391439,1460.5253564553366,1520.5253449640522
ucl-2023-24-038,2023-24,knockout_phase,,2023-09-19T00:00:00+00:00,date_only,manchester-united-fc,fc-k-benhavn,Manchester United FC (ENG),FC København (DEN),1,0,openfootball,2023-09-19T00:00:00+00:00,0.42290817513781437,0.24738552437223044,0.32970630048995514,1.7769177205682043,0.9835567326363456,1460.3820338355076,1435.717132790026
ucl-2023-24-039,2023-24,knockout_phase,,2023-09-19T00:00:00+00:00,date_only,sevilla-fc,arsenal-fc,Sevilla FC (ESP),Arsenal FC (ENG),1,2,openfootball,2023-09-19T00:00:00+00:00,0.3496922553848713,0.2473818897637795,0.4029258548513492,1.4113802494264056,1.6606458004588756,1520.2631411858224,1620.6068418741356
ucl-2023-24-040,2023-24,knockout_phase,,2023-09-19T00:00:00+00:00,date_only,racing-club-de-lens,psv,Racing Club de Lens (FRA),PSV (NED),1,1,openfootball,2023-09-19T00:00:00+00:00,0.4318150123143144,0.2473782587309395,0.32080672895474616,2.403408915462024,0.9732728676303808,1523.7990680550204,1483.7083695005915
ucl-2023-24-041,2023-24,knockout_phase,,2023-09-19T00:00:00+00:00,date_only,feyenoord-rotterdam,ss-lazio,Feyenoord Rotterdam (NED),SS Lazio (ITA),3,1,openfootball,2023-09-19T00:00:00+00:00,0.39700230449298757,0.24737463126843656,0.3556230642385758,1.6035188596903094,1.5131849122477525,1495.2683223590857,1515.0456907307143
ucl-2023-24-042,2023-24,knockout_phase,,2023-09-19T00:00:00+00:00,date_only,fc-barcelona,fk-shakhtar-donetsk,FC Barcelona (ESP),FK Shakhtar Donetsk (UKR),2,1,openfootball,2023-09-19T00:00:00+00:00,0.604601782739368,0.24737100737100734,0.14802720988962456,2.531380259380333,0.8102400547908153,1898.8300735271137,1503.5344180084187
ucl-2023-24-043,2023-24,knockout_phase,,2023-09-19T00:00:00+00:00,date_only,celtic-fc,club-atl-tico-de-madrid,Celtic FC (SCO),Club Atlético de Madrid (ESP),2,2,openfootball,2023-09-19T00:00:00+00:00,0.2640469890367763,0.24736738703339883,0.4885856239298249,0.7433966241806614,2.501282700655471,1268.3795837441944,1520.3036347274008
ucl-2023-24-044,2023-24,knockout_phase,,2023-09-19T00:00:00+00:00,date_only,paris-saint-germain-fc,ac-milan,Paris Saint-Germain FC (FRA),AC Milan (ITA),3,0,openfootball,2023-09-19T00:00:00+00:00,0.40277009028753374,0.24736377025036818,0.3498661394620981,1.2992174082506591,1.2357927400661395,1502.8462452661888,1512.785355365398
ucl-2023-24-045,2023-24,knockout_phase,,2023-09-19T00:00:00+00:00,date_only,newcastle-united-fc,borussia-dortmund,Newcastle United FC (ENG),Borussia Dortmund (GER),0,1,openfootball,2023-09-19T00:00:00+00:00,0.3525256290443314,0.247360157016683,0.4001142139389856,1.3909150065628446,1.7028556236157038,1520.724281440732,1616.2448302663497
ucl-2023-24-046,2023-24,knockout_phase,,2023-09-19T00:00:00+00:00,date_only,bsc-young-boys,manchester-city-fc,BSC Young Boys (SUI),Manchester City FC (ENG),1,3,openfootball,2023-09-19T00:00:00+00:00,0.33491024176102563,0.24735654732712115,0.4177332109118532,1.0152385556090073,2.271309155512794,1417.0035811191676,1542.717314388359
ucl-2023-24-047,2023-24,knockout_phase,,2023-09-19T00:00:00+00:00,date_only,rb-leipzig,fk-crvena-zvezda,RB Leipzig (GER),FK Crvena Zvezda (SRB),3,1,openfootball,2023-09-19T00:00:00+00:00,0.48533481736918627,0.24735294117647055,0.2673122414543432,2.018926706798855,1.7427633964656781,1614.3072868091795,1478.4523815076966
ucl-2023-24-048,2023-24,knockout_phase,,2023-09-19T00:00:00+00:00,date_only,royal-antwerp-fc,fc-porto,Royal Antwerp FC (BEL),FC Porto (POR),1,4,openfootball,2023-09-19T00:00:00+00:00,0.30443673540059296,0.24734933855952965,0.4482139260398773,1.1710180448332905,1.6969633419111452,1467.3206903304756,1646.0990365305267
ucl-2023-24-049,2023-24,knockout_phase,,2023-09-19T00:00:00+00:00,date_only,borussia-dortmund,newcastle-united-fc,Borussia Dortmund (GER),Newcastle United FC (ENG),2,0,openfootball,2023-09-19T00:00:00+00:00,0.48413275353056995,0.24734573947110677,0.26852150699832333,1.857610130787486,1.2341543196124356,1635.2930585684567,1501.676053138625
ucl-2023-24-050,2023-24,knockout_phase,,2023-09-19T00:00:00+00:00,date_only,fk-shakhtar-donetsk,fc-barcelona,FK Shakhtar Donetsk (UKR),FC Barcelona (ESP),1,0,openfootball,2023-09-19T00:00:00+00:00,0.18358202830754175,0.24734214390602055,0.5690758277864376,0.8450534179907024,2.3586669430267926,1492.6659094654135,1909.6985820701188
ucl-2023-24-051,2023-24,knockout_phase,,2023-09-19T00:00:00+00:00,date_only,club-atl-tico-de-madrid,celtic-fc,Club Atlético de Madrid (ESP),Celtic FC (SCO),6,0,openfootball,2023-09-19T00:00:00+00:00,0.5398783228082544,0.2473385518590998,0.21278312533264573,2.638241561673781,0.7327751717136071,1515.8128620295397,1272.8703564420555
ucl-2023-24-052,2023-24,knockout_phase,,2023-09-19T00:00:00+00:00,date_only,ss-lazio,feyenoord-rotterdam,SS Lazio (ITA),Feyenoord Rotterdam (NED),1,0,openfootball,2023-09-19T00:00:00+00:00,0.39773245241832555,0.2473349633251834,0.3549325842564911,1.4378604483181707,2.01237830801213,1495.8732755358026,1514.4407375539975
ucl-2023-24-053,2023-24,knockout_phase,,2023-09-19T00:00:00+00:00,date_only,ac-milan,paris-saint-germain-fc,AC Milan (ITA),Paris Saint-Germain FC (FRA),2,1,openfootball,2023-09-19T00:00:00+00:00,0.392233943315789,0.24733137829912022,0.3604346783850908,1.2767127234435218,1.2786298212451823,1493.8434343819067,1521.7881662496802
ucl-2023-24-054,2023-24,knockout_phase,,2023-09-19T00:00:00+00:00,date_only,manchester-city-fc,bsc-young-boys,Manchester City FC (ENG),BSC Young Boys (SUI),3,0,openfootball,2023-09-19T00:00:00+00:00,0.49947309177244004,0.24732779677576944,0.2531991114517905,2.533111789863743,0.8917327903312277,1561.0608550053425,1398.660040502184
ucl-2023-24-055,2023-24,knockout_phase,,2023-09-19T00:00:00+00:00,date_only,fk-crvena-zvezda,rb-leipzig,FK Crvena Zvezda (SRB),RB Leipzig (GER),1,2,openfootball,2023-09-19T00:00:00+00:00,0.31106650717248513,0.24732421875,0.4416092740775149,1.7761762102338046,1.9523317590856835,1462.8128330259935,1629.9468352908825
ucl-2023-24-056,2023-24,knockout_phase,,2023-09-19T00:00:00+00:00,date_only,fc-porto,royal-antwerp-fc,FC Porto (POR),Royal Antwerp FC (BEL),2,0,openfootball,2023-09-19T00:00:00+00:00,0.5253373614944534,0.24732064421669106,0.22734199428885551,1.9279574980874288,1.053634001530057,1663.223492717741,1450.1962341432613
ucl-2023-24-057,2023-24,knockout_phase,,2023-09-19T00:00:00+00:00,date_only,ssc-napoli,1-fc-union-berlin,SSC Napoli (ITA),1. FC Union Berlin (GER),1,1,openfootball,2023-09-19T00:00:00+00:00,0.5453723520883894,0.2473170731707317,0.2073105747408789,2.125203647290267,1.0716991511333038,1698.409086183341,1443.8888473660554
ucl-2023-24-058,2023-24,knockout_phase,,2023-09-19T00:00:00+00:00,date_only,real-sociedad-de-f-tbol,sport-lisboa-e-benfica,Real Sociedad de Fútbol (ESP),Sport Lisboa e Benfica (POR),3,1,openfootball,2023-09-19T00:00:00+00:00,0.46561716490772714,0.24731350560702095,0.28706932948525193,1.5364706691228052,0.10015679803508903,1540.4077521833776,1440.6429492360112
ucl-2023-24-059,2023-24,knockout_phase,,2023-09-19T00:00:00+00:00,date_only,real-madrid-cf,sporting-clube-de-braga,Real Madrid CF (ESP),Sporting Clube de Braga (POR),3,0,openfootball,2023-09-19T00:00:00+00:00,0.45485805172521937,0.2473099415204678,0.2978320067543128,2.1870882144596493,1.279662761765614,1564.5432689844847,1484.0374116329058
ucl-2023-24-060,2023-24,knockout_phase,,2023-09-19T00:00:00+00:00,date_only,fc-red-bull-salzburg,fc-internazionale-milano,FC Red Bull Salzburg (AUT),FC Internazionale Milano (ITA),0,1,openfootball,2023-09-19T00:00:00+00:00,0.3754716620816683,0.24730638090599122,0.37722195701234046,0.9062597977602137,1.370992161791829,1481.2305279464338,1537.7187706341774
ucl-2023-24-061,2023-24,knockout_phase,,2023-09-19T00:00:00+00:00,date_only,fc-bayern-m-nchen,galatasaray-sk,FC Bayern München (GER),Galatasaray SK (TUR),2,1,openfootball,2023-09-19T00:00:00+00:00,0.44418275041737265,0.24730282375851997,0.3085144258241074,2.838024659827965,1.7922469388042945,1559.3399906243367,1497.7103988307786
ucl-2023-24-062,2023-24,knockout_phase,,2023-09-19T00:00:00+00:00,date_only,fc-k-benhavn,manchester-united-fc,FC København (DEN),Manchester United FC (ENG),4,3,openfootball,2023-09-19T00:00:00+00:00,0.3728593296997017,0.24729927007299268,0.3798414002273056,0.9858859782836937,1.6239578840397115,1417.581170282983,1478.5179963425505
ucl-2023-24-063,2023-24,knockout_phase,,2023-09-19T00:00:00+00:00,date_only,arsenal-fc,sevilla-fc,Arsenal FC (ENG),Sevilla FC (ESP),2,0,openfootball,2023-09-19T00:00:00+00:00,0.48664140520306765,0.24729571984435794,0.2660628749525744,1.837219446917909,1.2752040343024074,1639.542169884806,1501.327813175152
ucl-2023-24-064,2023-24,knockout_phase,,2023-09-19T00:00:00+00:00,date_only,psv,racing-club-de-lens,PSV (NED),Racing Club de Lens (FRA),1,0,openfootball,2023-09-19T00:00:00+00:00,0.38772905714419503,0.24729217306757414,0.36497876978823085,1.0902913606499616,1.857100244813364,1485.928535167783,1521.578902387829
ucl-2023-24-065,2023-24,knockout_phase,,2023-09-19T00:00:00+00:00,date_only,ss-lazio,celtic-fc,SS Lazio (ITA),Celtic FC (SCO),2,0,openfootball,2023-09-19T00:00:00+00:00,0.5459017990857014,0.24728862973760934,0.20680957117668933,2.6580041814841655,0.6795966548126677,1515.017278172566,1259.4122603915675
ucl-2023-24-066,2023-24,knockout_phase,,2023-09-19T00:00:00+00:00,date_only,fk-shakhtar-donetsk,royal-antwerp-fc,FK Shakhtar Donetsk (UKR),Royal Antwerp FC (BEL),1,0,openfootball,2023-09-19T00:00:00+00:00,0.45695939542295033,0.24728508984944148,0.29575551472760825,2.6901830366396817,1.1938535706882545,1520.3757854549915,1436.1561414873734
ucl-2023-24-067,2023-24,knockout_phase,,2023-09-19T00:00:00+00:00,date_only,feyenoord-rotterdam,club-atl-tico-de-madrid,Feyenoord Rotterdam (NED),Club Atlético de Madrid (ESP),1,3,openfootball,2023-09-19T00:00:00+00:00,0.38871922225964783,0.24728155339805824,0.3639992243422939,1.5916881473643385,2.147649482108529,1495.296734917234,1529.2709580800276
ucl-2023-24-068,2023-24,knockout_phase,,2023-09-19T00:00:00+00:00,date_only,ac-milan,borussia-dortmund,AC Milan (ITA),Borussia Dortmund (GER),1,3,openfootball,2023-09-19T00:00:00+00:00,0.32795453820750486,0.24727802037845703,0.42476744141403816,1.274154363445947,1.6021937506225528,1513.2074490832927,1650.9808336378117
ucl-2023-24-069,2023-24,knockout_phase,,2023-09-19T00:00:00+00:00,date_only,paris-saint-germain-fc,newcastle-united-fc,Paris Saint-Germain FC (FRA),Newcastle United FC (ENG),1,1,openfootball,2023-09-19T00:00:00+00:00,0.4181982260067792,0.247274490785645,0.3345272832075758,1.50869656123252,1.2390427510139839,1502.4241515482943,1485.98827806927
ucl-2023-24-070,2023-24,knockout_phase,,2023-09-19T00:00:00+00:00,date_only,bsc-young-boys,fk-crvena-zvezda,BSC Young Boys (SUI),FK Crvena Zvezda (SRB),2,0,openfootball,2023-09-19T00:00:00+00:00,0.3723433521226043,0.24727096461463888,0.38038568326275685,1.318468193120419,2.041225445503665,1383.5855201085972,1445.4236883640942
ucl-2023-24-071,2023-24,knockout_phase,,2023-09-19T00:00:00+00:00,date_only,manchester-city-fc,rb-leipzig,Manchester City FC (ENG),RB Leipzig (GER),3,2,openfootball,2023-09-19T00:00:00+00:00,0.36684118648857283,0.24726744186046512,0.3858913716509621,1.9737096411326593,1.7431192436156118,1576.1353753989295,1647.3359799527818
ucl-2023-24-072,2023-24,knockout_phase,,2023-09-19T00:00:00+00:00,date_only,fc-barcelona,fc-porto,FC Barcelona (ESP),FC Porto (POR),2,1,openfootball,2023-09-19T00:00:00+00:00,0.5212389329318251,0.24726392251815982,0.231497144550015,1.9792835125387787,1.132384510723694,1881.9887060805409,1677.263585373629
ucl-2023-24-073,2023-24,knockout_phase,,2023-09-19T00:00:00+00:00,date_only,galatasaray-sk,manchester-united-fc,Galatasaray SK (TUR),Manchester United FC (ENG),3,3,openfootball,2023-09-19T00:00:00+00:00,0.421460880237799,0.24726040658276863,0.3312787131794324,2.388371175325538,2.2353030597395698,1480.423765322644,1458.3783549319985
ucl-2023-24-074,2023-24,knockout_phase,,2023-09-19T00:00:00+00:00,date_only,sevilla-fc,psv,Sevilla FC (ESP),PSV (NED),2,3,openfootball,2023-09-19T00:00:00+00:00,0.39708975120957923,0.24725689404934686,0.35565335474107385,1.3920164170944536,1.4170022509398217,1485.739383780162,1505.4735294206637
ucl-2023-24-075,2023-24,knockout_phase,,2023-09-19T00:00:00+00:00,date_only,sporting-clube-de-braga,1-fc-union-berlin,Sporting Clube de Braga (POR),1. FC Union Berlin (GER),1,1,openfootball,2023-09-19T00:00:00+00:00,0.4182633724282087,0.2472533849129594,0.33448324265883184,1.5087732080160987,1.4889814335871212,1467.177932532324,1450.6500829130057
ucl-2023-24-076,2023-24,knockout_phase,,2023-09-19T00:00:00+00:00,date_only,real-madrid-cf,ssc-napoli,Real Madrid CF (ESP),SSC Napoli (ITA),4,2,openfootball,2023-09-19T00:00:00+00:00,0.3439666414472918,0.2472498791686805,0.4087834793840277,1.3614624145405632,1.7901634017008827,1581.4027480850666,1691.6478506363908
ucl-2023-24-077,2023-24,knockout_phase,,2023-09-19T00:00:00+00:00,date_only,sport-lisboa-e-benfica,fc-internazionale-milano,Sport Lisboa e Benfica (POR),FC Internazionale Milano (ITA),3,3,openfootball,2023-09-19T00:00:00+00:00,0.3304594308024159,0.24724637681159423,0.42229419238598986,0.3837751176740807,1.5889799058607355,1424.2139059444607,1557.683764735564
ucl-2023-24-078,2023-24,knockout_phase,,2023-09-19T00:00:00+00:00,date_only,real-sociedad-de-f-tbol,fc-red-bull-salzburg,Real Sociedad de Fútbol (ESP),FC Red Bull Salzburg (AUT),0,0,openfootball,2023-09-19T00:00:00+00:00,0.4633298535313789,0.24724287783679383,0.2894272686318272,1.6996427180249007,0.5612858255800794,1556.836795474928,1461.2655338450472
ucl-2023-24-079,2023-24,knockout_phase,,2023-09-19T00:00:00+00:00,date_only,fc-bayern-m-nchen,fc-k-benhavn,FC Bayern München (GER),FC København (DEN),0,0,openfootball,2023-09-19T00:00:00+00:00,0.4870494309601728,0.24723938223938224,0.265711186800445,2.004985612929883,0.8689345865791708,1576.6266241324713,1437.720811693535
ucl-2023-24-080,2023-24,knockout_phase,,2023-09-19T00:00:00+00:00,date_only,arsenal-fc,racing-club-de-lens,Arsenal FC (ENG),Racing Club de Lens (FRA),6,0,openfootball,2023-09-19T00:00:00+00:00,0.49462515023464154,0.24723589001447177,0.2581389597508867,1.9618662902397541,1.2907926820939108,1655.1305992797961,1502.0339081349482
ucl-2023-24-081,2023-24,knockout_phase,,2023-09-19T00:00:00+00:00,date_only,psv,arsenal-fc,PSV (NED),Arsenal FC (ENG),1,1,openfootball,2023-09-19T00:00:00+00:00,0.32432084477775414,0.24723240115718415,0.4284467540650617,1.3964695423711917,1.940893331620288,1526.3022573500339,1670.400875470121
ucl-2023-24-082,2023-24,knockout_phase,,2023-09-19T00:00:00+00:00,date_only,racing-club-de-lens,sevilla-fc,Racing Club de Lens (FRA),Sevilla FC (ESP),2,1,openfootball,2023-09-19T00:00:00+00:00,0.4213669613767811,0.2472289156626506,0.3314041229605683,1.5456182208189335,1.3187646826041122,1486.7636319446233,1464.9106558507917
ucl-2023-24-083,2023-24,knockout_phase,,2023-09-19T00:00:00+00:00,date_only,1-fc-union-berlin,real-madrid-cf,1. FC Union Berlin (GER),Real Madrid CF (ESP),2,3,openfootball,2023-09-19T00:00:00+00:00,0.3207092407952972,0.24722543352601156,0.43206532567869127,0.89468883388716,2.1002489328902723,1452.3256855083932,1602.6990848438013
ucl-2023-24-084,2023-24,knockout_phase,,2023-09-19T00:00:00+00:00,date_only,ssc-napoli,sporting-clube-de-braga,SSC Napoli (ITA),Sporting Clube de Braga (POR),2,0,openfootball,2023-09-19T00:00:00+00:00,0.5213301415442508,0.24722195474241693,0.23144790371333226,2.097159266187159,1.1698854902760794,1670.351513877656,1465.5023299369363
ucl-2023-24-085,2023-24,knockout_phase,,2023-09-19T00:00:00+00:00,date_only,fc-internazionale-milano,real-sociedad-de-f-tbol,FC Internazionale Milano (ITA),Real Sociedad de Fútbol (ESP),0,0,openfootball,2023-09-19T00:00:00+00:00,0.41010961247786093,0.24721847930702595,0.34267190821511306,1.122073604772463,1.1983411161820297,1555.8470695038925,1553.358743776937
ucl-2023-24-086,2023-24,knockout_phase,,2023-09-19T00:00:00+00:00,date_only,fc-red-bull-salzburg,sport-lisboa-e-benfica,FC Red Bull Salzburg (AUT),Sport Lisboa e Benfica (POR),1,3,openfootball,2023-09-19T00:00:00+00:00,0.43110428824539576,0.24721500721500722,0.321680704539597,1.4522441536390884,0.8742046770887293,1464.7435855430383,1426.0506011761322
ucl-2023-24-087,2023-24,knockout_phase,,2023-09-19T00:00:00+00:00,date_only,manchester-united-fc,fc-bayern-m-nchen,Manchester United FC (ENG),FC Bayern München (GER),0,1,openfootball,2023-09-19T00:00:00+00:00,0.3429495530726274,0.24721153846153843,0.4098389084658342,1.8266517825199076,2.574678573984074,1460.1819982731658,1572.1998592492766
ucl-2023-24-088,2023-24,knockout_phase,,2023-09-19T00:00:00+00:00,date_only,fc-k-benhavn,galatasaray-sk,FC København (DEN),Galatasaray SK (TUR),1,0,openfootball,2023-09-19T00:00:00+00:00,0.38728926297440874,0.24720807304180684,0.36550266398378445,1.196749069305568,1.6314578874126884,1442.1475765767298,1478.6201219814766
ucl-2023-24-089,2023-24,knockout_phase,,2023-09-19T00:00:00+00:00,date_only,rb-leipzig,bsc-young-boys,RB Leipzig (GER),BSC Young Boys (SUI),2,1,openfootball,2023-09-19T00:00:00+00:00,0.5304356141580254,0.24720461095100865,0.22235977489096587,2.1726738412651114,1.4511942603212442,1626.954976249534,1403.7463667314003
ucl-2023-24-090,2023-24,knockout_phase,,2023-09-19T00:00:00+00:00,date_only,fk-crvena-zvezda,manchester-city-fc,FK Crvena Zvezda (SRB),Manchester City FC (ENG),2,3,openfootball,2023-09-19T00:00:00+00:00,0.3087701029828672,0.2472011521843495,0.4440287448327833,0.9772887188659282,2.8141690249072577,1425.2628417412911,1596.5163791021773
ucl-2023-24-091,2023-24,knockout_phase,,2023-09-19T00:00:00+00:00,date_only,club-atl-tico-de-madrid,ss-lazio,Club Atlético de Madrid (ESP),SS Lazio (ITA),2,0,openfootball,2023-09-19T00:00:00+00:00,0.4211971432669691,0.24719769673704417,0.3316051599959867,2.1379416036866576,1.2856467170506742,1549.7653580383746,1528.2354336143858
ucl-2023-24-092,2023-24,knockout_phase,,2023-09-19T00:00:00+00:00,date_only,celtic-fc,feyenoord-rotterdam,Celtic FC (SCO),Feyenoord Rotterdam (NED),2,1,openfootball,2023-09-19T00:00:00+00:00,0.27673157000155585,0.24719424460431655,0.4760741853941277,0.8104455226114314,2.485738820006093,1246.1941049497477,1474.802334958887
ucl-2023-24-093,2023-24,knockout_phase,,2023-09-19T00:00:00+00:00,date_only,newcastle-united-fc,ac-milan,Newcastle United FC (ENG),AC Milan (ITA),1,2,openfootball,2023-09-19T00:00:00+00:00,0.40430022127413046,0.2471907957813998,0.34850898294446975,1.3359872137037478,1.1716546734814461,1487.661696925254,1495.1437071474234
ucl-2023-24-094,2023-24,knockout_phase,,2023-09-19T00:00:00+00:00,date_only,borussia-dortmund,paris-saint-germain-fc,Borussia Dortmund (GER),Paris Saint-Germain FC (FRA),1,1,openfootball,2023-09-19T00:00:00+00:00,0.5026517473940064,0.24718735026353617,0.25016090234245736,1.9204390438250902,1.208192454260316,1669.044575573681,1500.7507326923103
ucl-2023-24-095,2023-24,knockout_phase,,2023-09-19T00:00:00+00:00,date_only,royal-antwerp-fc,fc-barcelona,Royal Antwerp FC (BEL),FC Barcelona (ESP),3,2,openfootball,2023-09-19T00:00:00+00:00,0.15893702412616975,0.247183908045977,0.5938790678278533,0.7617177906569795,2.4116257674744164,1419.38021910128,1896.1938703129047
ucl-2023-24-096,2023-24,knockout_phase,,2023-09-19T00:00:00+00:00,date_only,fc-porto,fk-shakhtar-donetsk,FC Porto (POR),FK Shakhtar Donetsk (UKR),5,3,openfootball,2023-09-19T00:00:00+00:00,0.4800622525650982,0.24718046912398273,0.27275727831091906,1.7665889277501505,1.1243955244665462,1663.0584211412652,1537.1517078410848
ucl-2023-24-097,2023-24,knockout_phase,Round of 16,2024-02-13T00:00:00+00:00,date_only,fc-k-benhavn,manchester-city-fc,FC København (DEN),Manchester City FC (ENG),1,3,openfootball,2024-02-13T00:00:00+00:00,0.31973736000243175,0.247177033492823,0.4330856065047453,0.8932505319431152,1.8680662411121745,1461.7118445969172,1613.811206265179
ucl-2023-24-098,2023-24,knockout_phase,Round of 16,2024-02-13T00:00:00+00:00,date_only,rb-leipzig,real-madrid-cf,RB Leipzig (GER),Real Madrid CF (ESP),0,1,openfootball,2024-02-13T00:00:00+00:00,0.4205098031153157,0.24717360114777615,0.3323165957369082,1.8569345802650492,1.9064523357879604,1640.7934594641927,1620.4719631461335
ucl-2023-24-099,2023-24,knockout_phase,Round of 16,2024-02-13T00:00:00+00:00,date_only,paris-saint-germain-fc,real-sociedad-de-f-tbol,Paris Saint-Germain FC (FRA),Real Sociedad de Fútbol (ESP),2,0,openfootball,2024-02-13T00:00:00+00:00,0.37999842372746323,0.24717017208413,0.3728314041884068,0.9959108764426243,1.282604632179234,1505.8005495933412,1554.707497862192
ucl-2023-24-100,2023-24,knockout_phase,Round of 16,2024-02-13T00:00:00+00:00,date_only,ss-lazio,fc-bayern-m-nchen,SS Lazio (ITA),FC Bayern München (GER),1,0,openfootball,2024-02-13T00:00:00+00:00,0.3612301124307026,0.24716674629718108,0.3916031412721164,1.1359710009486608,1.6372231992410713,1510.0272732798055,1590.8620721414125
ucl-2023-24-101,2023-24,knockout_phase,Round of 16,2024-02-13T00:00:00+00:00,date_only,fc-internazionale-milano,club-atl-tico-de-madrid,FC Internazionale Milano (ITA),Club Atlético de Madrid (ESP),1,0,openfootball,2024-02-13T00:00:00+00:00,0.4008070853808253,0.24716332378223493,0.35202959083693974,1.2754373308714024,1.8423168019695448,1554.4983154186375,1567.973518372955
ucl-2023-24-102,2023-24,knockout_phase,Round of 16,2024-02-13T00:00:00+00:00,date_only,psv,borussia-dortmund,PSV (NED),Borussia Dortmund (GER),1,1,openfootball,2024-02-13T00:00:00+00:00,0.329257909225876,0.24715990453460618,0.42358218623951777,1.3117535854811795,1.757073322091247,1528.38477553578,1663.99475867265
ucl-2023-24-103,2023-24,knockout_phase,Round of 16,2024-02-13T00:00:00+00:00,date_only,fc-porto,arsenal-fc,FC Porto (POR),Arsenal FC (ENG),1,0,openfootball,2024-02-13T00:00:00+00:00,0.4148669165689214,0.24715648854961833,0.33797659488146026,1.6425269337801587,1.438142836537517,1678.9123216561816,1668.318357284375
ucl-2023-24-104,2023-24,knockout_phase,Round of 16,2024-02-13T00:00:00+00:00,date_only,ssc-napoli,fc-barcelona,SSC Napoli (ITA),FC Barcelona (ESP),1,1,openfootball,2024-02-13T00:00:00+00:00,0.30216002037228473,0.2471530758226037,0.45068690380511156,1.2697468352662744,1.9351475867320354,1684.5538691210377,1867.495029438871
ucl-2023-24-105,2023-24,knockout_phase,Round of 16,2024-02-13T00:00:00+00:00,date_only,real-sociedad-de-f-tbol,paris-saint-germain-fc,Real Sociedad de Fútbol (ESP),Paris Saint-Germain FC (FRA),1,2,openfootball,2024-02-13T00:00:00+00:00,0.414055459318038,0.24714966634890373,0.3387948743330583,1.199089928970582,1.0652994853949627,1534.850838252973,1525.6572092025601
ucl-2023-24-106,2023-24,knockout_phase,Round of 16,2024-02-13T00:00:00+00:00,date_only,fc-bayern-m-nchen,ss-lazio,FC Bayern München (GER),SS Lazio (ITA),3,0,openfootball,2024-02-13T00:00:00+00:00,0.43167719475872907,0.24714626012386853,0.3211765451174024,1.5101594218994823,1.0450153196232712,1570.2546115645841,1530.6347338566338
ucl-2023-24-107,2023-24,knockout_phase,Round of 16,2024-02-13T00:00:00+00:00,date_only,manchester-city-fc,fc-k-benhavn,Manchester City FC (ENG),FC København (DEN),3,1,openfootball,2024-02-13T00:00:00+00:00,0.5126377764483091,0.2471428571428571,0.2402193664088338,2.1200545265068076,0.7812063787945538,1631.5442413351327,1443.9788095269635
ucl-2023-24-108,2023-24,knockout_phase,Round of 16,2024-02-13T00:00:00+00:00,date_only,real-madrid-cf,rb-leipzig,Real Madrid CF (ESP),RB Leipzig (GER),1,1,openfootball,2024-02-13T00:00:00+00:00,0.4222014162579569,0.2471394574012375,0.3306591263408056,2.023953911262949,1.6383753325281023,1642.2358272937017,1619.0295953166244
ucl-2023-24-109,2023-24,knockout_phase,Round of 16,2024-02-13T00:00:00+00:00,date_only,arsenal-fc,fc-porto,Arsenal FC (ENG),FC Porto (POR),4,2,openfootball,2024-02-13T00:00:00+00:00,0.3808322873566347,0.24713606089438628,0.37203165174897906,1.5060770494220854,1.538435657759629,1649.8561637181242,1697.3745152224324
ucl-2023-24-110,2023-24,knockout_phase,Round of 16,2024-02-13T00:00:00+00:00,date_only,fc-barcelona,ssc-napoli,FC Barcelona (ESP),SSC Napoli (ITA),3,1,openfootball,2024-02-13T00:00:00+00:00,0.5072121107241299,0.247132667617689,0.2456552216581811,2.071847896904057,1.180912986824581,1864.5244917702144,1687.5244067896942
ucl-2023-24-111,2023-24,knockout_phase,Round of 16,2024-02-13T00:00:00+00:00,date_only,club-atl-tico-de-madrid,fc-internazionale-milano,Club Atlético de Madrid (ESP),FC Internazionale Milano (ITA),3,2,openfootball,2024-02-13T00:00:00+00:00,0.39431804110526386,0.2471292775665399,0.35855268132819623,1.670950490375299,1.1592396076997609,1548.9490682638327,1573.5227655277597
ucl-2023-24-112,2023-24,knockout_phase,Round of 16,2024-02-13T00:00:00+00:00,date_only,borussia-dortmund,psv,Borussia Dortmund (GER),PSV (NED),2,0,openfootball,2024-02-13T00:00:00+00:00,0.483312359889408,0.24712589073634206,0.2695617493742499,1.8840697841902392,1.2111740791898646,1662.1082731323772,1530.2712610760527
ucl-2023-24-113,2023-24,knockout_phase,Quarterfinals,2024-02-13T00:00:00+00:00,date_only,arsenal-fc,fc-bayern-m-nchen,Arsenal FC (ENG),FC Bayern München (GER),2,2,openfootball,2024-02-13T00:00:00+00:00,0.4556066366665874,0.2471225071225071,0.29727085621090543,1.9067796270285111,1.3987012983771911,1669.680151005971,1588.0445985717577
ucl-2023-24-114,2023-24,knockout_phase,Quarterfinals,2024-02-13T00:00:00+00:00,date_only,real-madrid-cf,manchester-city-fc,Real Madrid CF (ESP),Manchester City FC (ENG),3,3,openfootball,2024-02-13T00:00:00+00:00,0.4053862199903505,0.24711912672045563,0.3474946532891938,1.8027575903008461,2.003793927759323,1640.4049814953587,1646.0958731343433
ucl-2023-24-115,2023-24,knockout_phase,Quarterfinals,2024-02-13T00:00:00+00:00,date_only,club-atl-tico-de-madrid,borussia-dortmund,Club Atlético de Madrid (ESP),Borussia Dortmund (GER),2,1,openfootball,2024-02-13T00:00:00+00:00,0.3444048862193047,0.2471157495256167,0.4084793642550787,1.4048138724460069,1.6969195442450293,1568.2337610682914,1677.833260922074
ucl-2023-24-116,2023-24,knockout_phase,Quarterfinals,2024-02-13T00:00:00+00:00,date_only,paris-saint-germain-fc,fc-barcelona,Paris Saint-Germain FC (FRA),FC Barcelona (ESP),2,3,openfootball,2024-02-13T00:00:00+00:00,0.22291510269853826,0.24711237553342819,0.5299725217680336,0.9477018343681022,2.221420622057757,1547.1624209022598,1879.2933539888954
ucl-2023-24-117,2023-24,knockout_phase,Quarterfinals,2024-02-13T00:00:00+00:00,date_only,borussia-dortmund,club-atl-tico-de-madrid,Borussia Dortmund (GER),Club Atlético de Madrid (ESP),4,2,openfootball,2024-02-13T00:00:00+00:00,0.44736938912711754,0.24710900473933647,0.30552160613354595,1.7884763798895724,1.3426963735658197,1656.5517713613585,1589.515250629007
ucl-2023-24-118,2023-24,knockout_phase,Quarterfinals,2024-02-13T00:00:00+00:00,date_only,fc-barcelona,paris-saint-germain-fc,FC Barcelona (ESP),Paris Saint-Germain FC (FRA),1,4,openfootball,2024-02-13T00:00:00+00:00,0.5911943527778541,0.2471056371387968,0.1617000100833491,2.4345797459561545,0.8777479679409589,1893.1522056075055,1533.3035692836497
ucl-2023-24-119,2023-24,knockout_phase,Quarterfinals,2024-02-13T00:00:00+00:00,date_only,fc-bayern-m-nchen,arsenal-fc,FC Bayern München (GER),Arsenal FC (ENG),1,0,openfootball,2024-02-13T00:00:00+00:00,0.3645111325428207,0.24710227272727275,0.38838659472990666,1.5269452020169814,1.7774741414167181,1591.2113141808713,1666.5134353968574
ucl-2023-24-120,2023-24,knockout_phase,Quarterfinals,2024-02-13T00:00:00+00:00,date_only,manchester-city-fc,real-madrid-cf,Manchester City FC (ENG),Real Madrid CF (ESP),3,4,openfootball,2024-02-13T00:00:00+00:00,0.41339198205900957,0.24709891150023663,0.33950910644075377,2.2377832397003035,1.8279956304619795,1647.2537044683663,1639.2471501613356
ucl-2023-24-121,2023-24,knockout_phase,Semifinals,2024-02-13T00:00:00+00:00,date_only,fc-bayern-m-nchen,real-madrid-cf,FC Bayern München (GER),Real Madrid CF (ESP),2,2,openfootball,2024-02-13T00:00:00+00:00,0.3799601951508445,0.24709555345316936,0.37294425139598614,1.679136679792427,1.7326906561660584,1611.688823424613,1660.7248076737008
ucl-2023-24-122,2023-24,knockout_phase,Semifinals,2024-02-13T00:00:00+00:00,date_only,borussia-dortmund,paris-saint-germain-fc,Borussia Dortmund (GER),Paris Saint-Germain FC (FRA),1,0,openfootball,2024-02-13T00:00:00+00:00,0.47241622727539095,0.24709219858156029,0.28049157414304876,1.8592021654183335,1.2794347278423241,1673.7148157014872,1561.8934561375397
ucl-2023-24-123,2023-24,knockout_phase,Semifinals,2024-02-13T00:00:00+00:00,date_only,paris-saint-germain-fc,borussia-dortmund,Paris Saint-Germain FC (FRA),Borussia Dortmund (GER),0,1,openfootball,2024-02-13T00:00:00+00:00,0.32435629480527406,0.24708884688090735,0.42855485831381857,1.3303144714098178,1.7308788576547547,1545.7319492001866,1689.8763226388403
ucl-2023-24-124,2023-24,knockout_phase,Semifinals,2024-02-13T00:00:00+00:00,date_only,real-madrid-cf,fc-bayern-m-nchen,Real Madrid CF (ESP),FC Bayern München (GER),2,1,openfootball,2024-02-13T00:00:00+00:00,0.4372801146439353,0.24708549834671706,0.3156343870093477,1.888369912272129,1.6034858883641152,1660.865126548798,1611.5485045495159
ucl-2023-24-125,2023-24,knockout_phase,Final,2024-02-13T00:00:00+00:00,date_only,borussia-dortmund,real-madrid-cf,Borussia Dortmund (GER),Real Madrid CF (ESP),0,2,openfootball,2024-02-13T00:00:00+00:00,0.4257955929280981,0.24708215297450425,0.3271222540973977,1.7854924238361103,1.3735889669140176,1707.7923513686694,1678.4322119961062
ucl-2024-25-001,2024-25,league_phase,Matchday 1,2024-09-17T00:00:00+00:00,date_only,bsc-young-boys,aston-villa-fc,BSC Young Boys (SUI),Aston Villa FC (ENG),0,3,openfootball,2024-09-17T00:00:00+00:00,0.34413413462088543,0.24707881075979235,0.4087870546193222,1.0282565695972847,2.1289502998777277,1389.9078835167415,1500.0
ucl-2024-25-002,2024-25,league_phase,Matchday 1,2024-09-17T00:00:00+00:00,date_only,juventus-fc,psv,Juventus FC (ITA),PSV (NED),3,1,openfootball,2024-09-17T00:00:00+00:00,0.4002264073955134,0.24707547169811322,0.3526981209063734,1.7328781055947036,1.1346975155242374,1500.0,1514.546273286356
ucl-2024-25-003,2024-25,league_phase,Matchday 1,2024-09-17T00:00:00+00:00,date_only,sporting-clube-de-portugal,lille-osc,Sporting Clube de Portugal (POR),Lille OSC (FRA),2,0,openfootball,2024-09-17T00:00:00+00:00,0.4736432988084289,0.24707213578500706,0.279284565406564,1.7919492887944828,0.7701328766567214,1500.0,1385.9685457543128
ucl-2024-25-004,2024-25,league_phase,Matchday 1,2024-09-17T00:00:00+00:00,date_only,fc-bayern-m-nchen,gnk-dinamo-zagreb,FC Bayern München (GER),GNK Dinamo Zagreb (CRO),9,2,openfootball,2024-09-17T00:00:00+00:00,0.4625512144202472,0.24706880301602263,0.29037998256373015,1.9483178492518398,1.0206790539318615,1593.9814191022076,1500.0
ucl-2024-25-005,2024-25,league_phase,Matchday 1,2024-09-17T00:00:00+00:00,date_only,real-madrid-cf,vfb-stuttgart,Real Madrid CF (ESP),VfB Stuttgart (GER),3,1,openfootball,2024-09-17T00:00:00+00:00,0.5192063745343806,0.24706547338671692,0.23372815207890252,2.671620116925985,1.1740885218438275,1700.4056787727202,1500.0
ucl-2024-25-006,2024-25,league_phase,Matchday 1,2024-09-17T00:00:00+00:00,date_only,ac-milan,liverpool-fc,AC Milan (ITA),Liverpool FC (ENG),1,3,openfootball,2024-09-17T00:00:00+00:00,0.2198367124548057,0.24706214689265535,0.533101140652539,1.0032356271778287,1.9694445561089766,1516.2595319140166,1854.7238867386386
ucl-2024-25-007,2024-25,league_phase,Matchday 1,2024-09-17T00:00:00+00:00,date_only,bologna-fc-1909,fk-shakhtar-donetsk,Bologna FC 1909 (ITA),FK Shakhtar Donetsk (UKR),0,0,openfootball,2024-09-17T00:00:00+00:00,0.39627710274346034,0.24705882352941175,0.3566640737271279,2.102251827228193,1.6808652048841124,1500.0,1521.2978073261684
ucl-2024-25-008,2024-25,league_phase,Matchday 1,2024-09-17T00:00:00+00:00,date_only,ac-sparta-praha,fc-red-bull-salzburg,AC Sparta Praha (CZE),FC Red Bull Salzburg (AUT),3,0,openfootball,2024-09-17T00:00:00+00:00,0.44194429229690896,0.2470555032925682,0.31100020441052284,1.501204071775898,0.6283700759126148,1500.0,1442.5551138689223
ucl-2024-25-009,2024-25,league_phase,Matchday 1,2024-09-17T00:00:00+00:00,date_only,manchester-city-fc,fc-internazionale-milano,Manchester City FC (ENG),FC Internazionale Milano (ITA),0,0,openfootball,2024-09-17T00:00:00+00:00,0.4499536746302346,0.24705218617771507,0.3029941391920503,2.2907260896383614,1.4523080171782,1625.7760469560012,1554.238072723301
ucl-2024-25-010,2024-25,league_phase,Matchday 1,2024-09-17T00:00:00+00:00,date_only,paris-saint-germain-fc,girona-fc,Paris Saint-Germain FC (FRA),Girona FC (ESP),1,0,openfootball,2024-09-17T00:00:00+00:00,0.4249213590326005,0.24704887218045113,0.3280297687869484,1.726513267058631,1.2314560530197616,1527.8159204703575,1500.0
ucl-2024-25-011,2024-25,league_phase,Matchday 1,2024-09-17T00:00:00+00:00,date_only,club-brugge-kv,borussia-dortmund,Club Brugge KV (BEL),Borussia Dortmund (GER),0,3,openfootball,2024-09-17T00:00:00+00:00,0.252307288271494,0.24704556129638328,0.5006471504321227,1.0719878702625616,1.898131926012173,1411.5376622404626,1685.8188845920554
ucl-2024-25-012,2024-25,league_phase,Matchday 1,2024-09-17T00:00:00+00:00,date_only,celtic-fc,k-slovan-bratislava,Celtic FC (SCO),ŠK Slovan Bratislava (SVK),5,1,openfootball,2024-09-17T00:00:00+00:00,0.2761254586304681,0.24704225352112674,0.47683228784840515,0.7442736047322098,2.547949537266864,1270.1809572575992,1500.0
ucl-2024-25-013,2024-25,league_phase,Matchday 1,2024-09-17T00:00:00+00:00,date_only,feyenoord-rotterdam,bayer-04-leverkusen,Feyenoord Rotterdam (NED),Bayer 04 Leverkusen (GER),0,4,openfootball,2024-09-17T00:00:00+00:00,0.37990139386919614,0.24703894885030503,0.3730596572804988,1.5790129022091963,1.6994563448993096,1450.8154826510356,1500.0
ucl-2024-25-014,2024-25,league_phase,Matchday 1,2024-09-17T00:00:00+00:00,date_only,fk-crvena-zvezda,sport-lisboa-e-benfica,FK Crvena Zvezda (SRB),Sport Lisboa e Benfica (POR),1,2,openfootball,2024-09-17T00:00:00+00:00,0.3851449970719948,0.2470356472795497,0.36781935564845547,1.5864407847733677,1.860180705514639,1407.9680145782895,1448.2390728502482
ucl-2024-25-015,2024-25,league_phase,Matchday 1,2024-09-17T00:00:00+00:00,date_only,as-monaco-fc,fc-barcelona,AS Monaco FC (MCO),FC Barcelona (ESP),2,1,openfootball,2024-09-17T00:00:00+00:00,0.20736923639857738,0.2470323488045007,0.5455984147969218,0.9177605677053203,2.2977290458357436,1500.0,1864.5623187536155
ucl-2024-25-016,2024-25,league_phase,Matchday 1,2024-09-17T00:00:00+00:00,date_only,stade-brestois-29,sk-sturm-graz,Stade Brestois 29 (FRA),SK Sturm Graz (AUT),2,1,openfootball,2024-09-17T00:00:00+00:00,0.4087602801934903,0.247029053420806,0.34421066638570375,1.5699999999999998,1.2,1500.0,1500.0
ucl-2024-25-017,2024-25,league_phase,Matchday 1,2024-09-17T00:00:00+00:00,date_only,atalanta-bc,arsenal-fc,Atalanta BC (ITA),Arsenal FC (ENG),0,0,openfootball,2024-09-17T00:00:00+00:00,0.323292506839827,0.24702576112412178,0.42968173203605126,1.3948551190103347,1.907702111688284,1500.0,1646.0359261531157
ucl-2024-25-018,2024-25,league_phase,Matchday 1,2024-09-17T00:00:00+00:00,date_only,club-atl-tico-de-madrid,rb-leipzig,Club Atlético de Madrid (ESP),RB Leipzig (GER),2,1,openfootball,2024-09-17T00:00:00+00:00,0.3803075028387142,0.24702247191011234,0.37267002525117343,1.9724336138354017,1.7109102517888213,1572.3522062888783,1620.8604411149674
ucl-2024-25-019,2024-25,league_phase,Matchday 2,2024-09-17T00:00:00+00:00,date_only,vfb-stuttgart,ac-sparta-praha,VfB Stuttgart (GER),AC Sparta Praha (CZE),1,1,openfootball,2024-09-17T00:00:00+00:00,0.39020767031605375,0.2470191857744502,0.3627731439094961,0.5936070385056977,3.0211143691954416,1485.7095644491096,1517.3811182422724
ucl-2024-25-020,2024-25,league_phase,Matchday 2,2024-09-17T00:00:00+00:00,date_only,fc-red-bull-salzburg,stade-brestois-29,FC Red Bull Salzburg (AUT),Stade Brestois 29 (FRA),0,4,openfootball,2024-09-17T00:00:00+00:00,0.3538504570077573,0.24701590271281573,0.39913364027942705,0.6670541565856714,1.687356674731463,1425.17399562665,1518.7090077238443
ucl-2024-25-021,2024-25,league_phase,Matchday 2,2024-09-17T00:00:00+00:00,date_only,k-slovan-bratislava,manchester-city-fc,ŠK Slovan Bratislava (SVK),Manchester City FC (ENG),0,4,openfootball,2024-09-17T00:00:00+00:00,0.3228283243250714,0.2470126227208976,0.43015905295403095,1.4142908393070033,3.0145673285543975,1475.9858634156412,1622.8368562472376
ucl-2024-25-022,2024-25,league_phase,Matchday 2,2024-09-17T00:00:00+00:00,date_only,borussia-dortmund,celtic-fc,Borussia Dortmund (GER),Celtic FC (SCO),7,1,openfootball,2024-09-17T00:00:00+00:00,0.609070819116835,0.24700934579439252,0.14391983508877246,2.3081958964155547,0.9069775294428988,1700.8520873488428,1294.195093841958
ucl-2024-25-023,2024-25,league_phase,Matchday 2,2024-09-17T00:00:00+00:00,date_only,fc-barcelona,bsc-young-boys,FC Barcelona (ESP),BSC Young Boys (SUI),5,0,openfootball,2024-09-17T00:00:00+00:00,0.6296296271366888,0.24700607192900514,0.12336430093430605,2.562884715111503,0.7767733089918789,1837.7977351856487,1371.2009419167102
ucl-2024-25-024,2024-25,league_phase,Matchday 2,2024-09-17T00:00:00+00:00,date_only,fc-internazionale-milano,fk-crvena-zvezda,FC Internazionale Milano (ITA),FK Crvena Zvezda (SRB),4,0,openfootball,2024-09-17T00:00:00+00:00,0.5034333858785218,0.24700280112044815,0.2495638130010301,2.0112964680685383,0.8869628255451694,1557.1772634320646,1387.6215017498187
ucl-2024-25-025,2024-25,league_phase,Matchday 2,2024-09-17T00:00:00+00:00,date_only,bayer-04-leverkusen,ac-milan,Bayer 04 Leverkusen (GER),AC Milan (ITA),1,0,openfootball,2024-09-17T00:00:00+00:00,0.41903419903715833,0.24699953336444236,0.3339662675983993,1.4615997554679123,1.1613355802410548,1520.136834731774,1502.5248204779714
ucl-2024-25-026,2024-25,league_phase,Matchday 2,2024-09-17T00:00:00+00:00,date_only,arsenal-fc,paris-saint-germain-fc,Arsenal FC (ENG),Paris Saint-Germain FC (FRA),2,0,openfootball,2024-09-17T00:00:00+00:00,0.46484969221927536,0.24699626865671642,0.2881540391240082,1.8683583774864556,1.3374244091219465,1643.9081416491913,1545.8780886654445
ucl-2024-25-027,2024-25,league_phase,Matchday 2,2024-09-17T00:00:00+00:00,date_only,psv,sporting-clube-de-portugal,PSV (NED),Sporting Clube de Portugal (POR),1,1,openfootball,2024-09-17T00:00:00+00:00,0.39671171579096454,0.246993006993007,0.3562952772160285,1.1028200114034798,1.8137439908772162,1495.4968390161387,1516.1128253319628
ucl-2024-25-028,2024-25,league_phase,Matchday 2,2024-09-17T00:00:00+00:00,date_only,girona-fc,feyenoord-rotterdam,Girona FC (ESP),Feyenoord Rotterdam (NED),2,3,openfootball,2024-09-17T00:00:00+00:00,0.43844813295698626,0.24698974836905874,0.314562118673955,1.912715986571376,1.2158272107428991,1481.937831804913,1430.6786479192617
ucl-2024-25-029,2024-25,league_phase,Matchday 2,2024-09-17T00:00:00+00:00,date_only,fk-shakhtar-donetsk,atalanta-bc,FK Shakhtar Donetsk (UKR),Atalanta BC (ITA),0,3,openfootball,2024-09-17T00:00:00+00:00,0.4204058816068772,0.24698649278062412,0.3326076256124987,1.386635236168809,1.486691811064953,1522.090067906495,1502.1277845039244
ucl-2024-25-030,2024-25,league_phase,Matchday 2,2024-09-17T00:00:00+00:00,date_only,aston-villa-fc,fc-bayern-m-nchen,Aston Villa FC (ENG),FC Bayern München (GER),1,0,openfootball,2024-09-17T00:00:00+00:00,0.3548647678829248,0.24698324022346368,0.39815199189361145,1.3291884083267478,2.2040778447671734,1518.7069416000313,1610.5379944650772
ucl-2024-25-031,2024-25,league_phase,Matchday 2,2024-09-17T00:00:00+00:00,date_only,sk-sturm-graz,club-brugge-kv,SK Sturm Graz (AUT),Club Brugge KV (BEL),0,1,openfootball,2024-09-17T00:00:00+00:00,0.45746275778091466,0.24697999069334572,0.2955572515257396,2.0906554439937337,0.843475644805013,1481.2909922761557,1396.5044594836752
ucl-2024-25-032,2024-25,league_phase,Matchday 2,2024-09-17T00:00:00+00:00,date_only,liverpool-fc,bologna-fc-1909,Liverpool FC (ENG),Bologna FC 1909 (ITA),2,0,openfootball,2024-09-17T00:00:00+00:00,0.594995597197556,0.2469767441860465,0.15802765861639748,2.5099008297844265,0.8771204320628697,1868.4585981746839,1499.2077394196733
ucl-2024-25-033,2024-25,league_phase,Matchday 2,2024-09-17T00:00:00+00:00,date_only,rb-leipzig,juventus-fc,RB Leipzig (GER),Juventus FC (ITA),2,3,openfootball,2024-09-17T00:00:00+00:00,0.4558813316618621,0.24697350069735008,0.29714516764078774,1.8966364636637505,1.757857495735666,1601.0131906667182,1519.0494342702173
ucl-2024-25-034,2024-25,league_phase,Matchday 2,2024-09-17T00:00:00+00:00,date_only,sport-lisboa-e-benfica,club-atl-tico-de-madrid,Sport Lisboa e Benfica (POR),Club Atlético de Madrid (ESP),4,0,openfootball,2024-09-17T00:00:00+00:00,0.3363029665616095,0.2469702602230483,0.4167267732153421,1.350321774117993,2.1935203584833833,1468.585585678719,1592.1994567371275
ucl-2024-25-035,2024-25,league_phase,Matchday 2,2024-09-17T00:00:00+00:00,date_only,gnk-dinamo-zagreb,as-monaco-fc,GNK Dinamo Zagreb (CRO),AS Monaco FC (MCO),2,2,openfootball,2024-09-17T00:00:00+00:00,0.3833864701879147,0.246967022758941,0.3696465070531443,1.5838990342243031,4.0,1483.4434246371304,1526.7645835679668
ucl-2024-25-036,2024-25,league_phase,Matchday 2,2024-09-17T00:00:00+00:00,date_only,lille-osc,real-madrid-cf,Lille OSC (FRA),Real Madrid CF (ESP),1,0,openfootball,2024-09-17T00:00:00+00:00,0.21677657420329463,0.24696378830083565,0.5362596374958697,0.8082427611798438,2.1079423764219785,1369.85572042235,1714.6961143236106
ucl-2024-25-037,2024-25,league_phase,Matchday 3,2024-09-17T00:00:00+00:00,date_only,as-monaco-fc,fk-crvena-zvezda,AS Monaco FC (MCO),FK Crvena Zvezda (SRB),5,1,openfootball,2024-09-17T00:00:00+00:00,0.4954651851438256,0.2469605568445476,0.25757425801162676,2.748617074686078,0.9971063402511376,1527.0393828306621,1372.6988932073684
ucl-2024-25-038,2024-25,league_phase,Matchday 3,2024-09-17T00:00:00+00:00,date_only,ac-milan,club-brugge-kv,AC Milan (ITA),Club Brugge KV (BEL),3,1,openfootball,2024-09-17T00:00:00+00:00,0.446009830973362,0.24695732838589984,0.3070328406407381,1.6519972108135237,1.0548370139578764,1484.2261791067465,1419.7425696087787
ucl-2024-25-039,2024-25,league_phase,Matchday 3,2024-09-17T00:00:00+00:00,date_only,aston-villa-fc,bologna-fc-1909,Aston Villa FC (ENG),Bologna FC 1909 (ITA),2,0,openfootball,2024-09-17T00:00:00+00:00,0.4386785952165953,0.24695410292072323,0.3143673018626815,1.6630213232407907,0.1,1539.5726860802451,1487.9470981912964
ucl-2024-25-040,2024-25,league_phase,Matchday 3,2024-09-17T00:00:00+00:00,date_only,girona-fc,k-slovan-bratislava,Girona FC (ESP),ŠK Slovan Bratislava (SVK),2,0,openfootball,2024-09-17T00:00:00+00:00,0.409577911186166,0.24695088044485636,0.34347120836897765,2.87110636127586,1.249114910979312,1459.4601115192525,1458.1324779882204
ucl-2024-25-041,2024-25,league_phase,Matchday 3,2024-09-17T00:00:00+00:00,date_only,sk-sturm-graz,sporting-clube-de-portugal,SK Sturm Graz (AUT),Sporting Clube de Portugal (POR),0,2,openfootball,2024-09-17T00:00:00+00:00,0.37425040720293695,0.24694766095414544,0.3788019318429176,0.5709431067063256,1.5392455146349395,1458.0528821510522,1516.9211541034615
ucl-2024-25-042,2024-25,league_phase,Matchday 3,2024-09-17T00:00:00+00:00,date_only,paris-saint-germain-fc,psv,Paris Saint-Germain FC (FRA),PSV (NED),1,1,openfootball,2024-09-17T00:00:00+00:00,0.4289711936557204,0.24694444444444447,0.3240843618998352,1.6906029095689252,1.1435176723448601,1529.41200172735,1494.68851024464
ucl-2024-25-043,2024-25,league_phase,Matchday 3,2024-09-17T00:00:00+00:00,date_only,real-madrid-cf,borussia-dortmund,Real Madrid CF (ESP),Borussia Dortmund (GER),5,2,openfootball,2024-09-17T00:00:00+00:00,0.39519779751263173,0.24694123091161496,0.35786097157575325,1.4908750569302556,1.6740316617728688,1688.306453057759,1711.5490676682816
ucl-2024-25-044,2024-25,league_phase,Matchday 3,2024-09-17T00:00:00+00:00,date_only,arsenal-fc,fk-shakhtar-donetsk,Arsenal FC (ENG),FK Shakhtar Donetsk (UKR),1,0,openfootball,2024-09-17T00:00:00+00:00,0.49849008220198254,0.24693802035152634,0.2545718974464911,2.047484418559389,1.2315418769171946,1660.3742285872859,1500.3341027866074
ucl-2024-25-045,2024-25,league_phase,Matchday 3,2024-09-17T00:00:00+00:00,date_only,juventus-fc,vfb-stuttgart,Juventus FC (ITA),VfB Stuttgart (GER),0,1,openfootball,2024-09-17T00:00:00+00:00,0.44179739074070745,0.2469348127600555,0.3112677964992371,2.6675527363580502,1.2119578109135598,1542.2241575506387,1485.1608739209785
ucl-2024-25-046,2024-25,league_phase,Matchday 3,2024-09-17T00:00:00+00:00,date_only,stade-brestois-29,bayer-04-leverkusen,Stade Brestois 29 (FRA),Bayer 04 Leverkusen (GER),1,1,openfootball,2024-09-17T00:00:00+00:00,0.40844397646383623,0.24693160813308687,0.34462441540307687,1.6194732232961768,1.5004214213630587,1537.8033440584109,1538.4354761029988
ucl-2024-25-047,2024-25,league_phase,Matchday 3,2024-09-17T00:00:00+00:00,date_only,atalanta-bc,celtic-fc,Atalanta BC (ITA),Celtic FC (SCO),0,0,openfootball,2024-09-17T00:00:00+00:00,0.5389502081508885,0.2469284064665127,0.21412138538259887,2.7488927919891726,0.7206952902181857,1523.883749623812,1283.4981135225191
ucl-2024-25-048,2024-25,league_phase,Matchday 3,2024-09-17T00:00:00+00:00,date_only,bsc-young-boys,fc-internazionale-milano,BSC Young Boys (SUI),FC Internazionale Milano (ITA),0,1,openfootball,2024-09-17T00:00:00+00:00,0.28665750239261273,0.2469252077562327,0.46641728985115455,0.8110219803885358,2.1405157490225046,1361.3262484407578,1572.0998719745148
ucl-2024-25-049,2024-25,league_phase,Matchday 3,2024-09-17T00:00:00+00:00,date_only,fc-barcelona,fc-bayern-m-nchen,FC Barcelona (ESP),FC Bayern München (GER),4,1,openfootball,2024-09-17T00:00:00+00:00,0.5472889809766849,0.2469220119981541,0.20578900702516095,2.314166815563948,1.0293887697710637,1847.672428661601,1589.6722499848634
ucl-2024-25-050,2024-25,league_phase,Matchday 3,2024-09-17T00:00:00+00:00,date_only,manchester-city-fc,ac-sparta-praha,Manchester City FC (ENG),AC Sparta Praha (CZE),5,0,openfootball,2024-09-17T00:00:00+00:00,0.4785160680913079,0.24691881918819186,0.27456511272050016,2.722300360753546,1.346731139968592,1640.6902416746584,1517.9298087704035
ucl-2024-25-051,2024-25,league_phase,Matchday 3,2024-09-17T00:00:00+00:00,date_only,rb-leipzig,liverpool-fc,RB Leipzig (GER),Liverpool FC (ENG),0,1,openfootball,2024-09-17T00:00:00+00:00,0.2380907821541439,0.24691562932226832,0.5149935885235878,1.2320690536223937,2.1929893852012587,1577.8384673862968,1879.7192394030608
ucl-2024-25-052,2024-25,league_phase,Matchday 3,2024-09-17T00:00:00+00:00,date_only,club-atl-tico-de-madrid,lille-osc,Club Atlético de Madrid (ESP),Lille OSC (FRA),1,3,openfootball,2024-09-17T00:00:00+00:00,0.5059852383189637,0.24691244239631335,0.24710231928472295,1.9902879990965427,0.9337696007227658,1570.590980604053,1396.2453816882016
ucl-2024-25-053,2024-25,league_phase,Matchday 3,2024-09-17T00:00:00+00:00,date_only,sport-lisboa-e-benfica,feyenoord-rotterdam,Sport Lisboa e Benfica (POR),Feyenoord Rotterdam (NED),1,3,openfootball,2024-09-17T00:00:00+00:00,0.43032571139822434,0.24690925840626438,0.3227650301955112,1.963364744672393,1.4753082042620858,1490.1940618117937,1453.1563682049223
ucl-2024-25-054,2024-25,league_phase,Matchday 3,2024-09-17T00:00:00+00:00,date_only,fc-red-bull-salzburg,gnk-dinamo-zagreb,FC Red Bull Salzburg (AUT),GNK Dinamo Zagreb (CRO),0,2,openfootball,2024-09-17T00:00:00+00:00,0.36355597387563904,0.2469060773480663,0.3895379487762947,1.5557591949313734,1.9513926440549012,1406.0796592920833,1483.1686253744351
ucl-2024-25-055,2024-25,league_phase,Matchday 4,2024-09-17T00:00:00+00:00,date_only,k-slovan-bratislava,gnk-dinamo-zagreb,ŠK Slovan Bratislava (SVK),GNK Dinamo Zagreb (CRO),1,4,openfootball,2024-09-17T00:00:00+00:00,0.3717275957234416,0.2469028992176714,0.38136950505888706,2.067338021806785,2.8754629158879057,1439.454612044564,1502.648985876422
ucl-2024-25-056,2024-25,league_phase,Matchday 4,2024-09-17T00:00:00+00:00,date_only,psv,girona-fc,PSV (NED),Girona FC (ESP),4,0,openfootball,2024-09-17T00:00:00+00:00,0.41969154032444933,0.24689972401103955,0.3334087356645111,1.2783973673711833,1.5589963918173388,1496.7862468797575,1478.1379774629088
ucl-2024-25-057,2024-25,league_phase,Matchday 4,2024-09-17T00:00:00+00:00,date_only,sporting-clube-de-portugal,manchester-city-fc,Sporting Clube de Portugal (POR),Manchester City FC (ENG),4,1,openfootball,2024-09-17T00:00:00+00:00,0.33856662071361154,0.24689655172413794,0.4145368275622505,1.332682417536183,2.5798540659710536,1536.830123610662,1656.6112225672423
ucl-2024-25-058,2024-25,league_phase,Matchday 4,2024-09-17T00:00:00+00:00,date_only,bologna-fc-1909,as-monaco-fc,Bologna FC 1909 (ITA),AS Monaco FC (MCO),0,1,openfootball,2024-09-17T00:00:00+00:00,0.36664269095697294,0.24689338235294117,0.38646392669008595,0.7267931331419636,2.214565493486429,1470.4333240583746,1542.2815642880182
ucl-2024-25-059,2024-25,league_phase,Matchday 4,2024-09-17T00:00:00+00:00,date_only,borussia-dortmund,sk-sturm-graz,Borussia Dortmund (GER),SK Sturm Graz (AUT),1,0,openfootball,2024-09-17T00:00:00+00:00,0.5455085918249089,0.24689021589343133,0.2076011922816599,2.046078957238354,1.1073511199236026,1692.2958041870193,1438.1439126438518
ucl-2024-25-060,2024-25,league_phase,Matchday 4,2024-09-17T00:00:00+00:00,date_only,liverpool-fc,bayer-04-leverkusen,Liverpool FC (ENG),Bayer 04 Leverkusen (GER),4,0,openfootball,2024-09-17T00:00:00+00:00,0.5892206976161013,0.2468870523415978,0.1638922500423009,2.441365122600241,0.9065442655561708,1894.1811832756719,1539.711867324214
ucl-2024-25-061,2024-25,league_phase,Matchday 4,2024-09-17T00:00:00+00:00,date_only,real-madrid-cf,ac-milan,Real Madrid CF (ESP),AC Milan (ITA),1,3,openfootball,2024-09-17T00:00:00+00:00,0.5221971479065679,0.24688389169343736,0.23091896039999477,1.8279927817570774,1.0944753398117295,1707.5597165390213,1501.446639300094
ucl-2024-25-062,2024-25,league_phase,Matchday 4,2024-09-17T00:00:00+00:00,date_only,celtic-fc,rb-leipzig,Celtic FC (SCO),RB Leipzig (GER),3,1,openfootball,2024-09-17T00:00:00+00:00,0.25283435121490727,0.24688073394495413,0.5002849148401386,1.2810706942757215,2.204476777912756,1289.994689977885,1563.3765235136857
ucl-2024-25-063,2024-25,league_phase,Matchday 4,2024-09-17T00:00:00+00:00,date_only,lille-osc,juventus-fc,Lille OSC (FRA),Juventus FC (ITA),1,1,openfootball,2024-09-17T00:00:00+00:00,0.3511874111343295,0.24687757909215957,0.4019350097735109,0.9756745620025642,1.6279603503979487,1421.4230400688864,1519.6135656658093
ucl-2024-25-064,2024-25,league_phase,Matchday 4,2024-09-17T00:00:00+00:00,date_only,club-brugge-kv,aston-villa-fc,Club Brugge KV (BEL),Aston Villa FC (ENG),1,0,openfootball,2024-09-17T00:00:00+00:00,0.3184492409684379,0.24687442713107244,0.43467633190048965,0.8093781925170386,2.012133809622733,1402.5221094154313,1557.086460213167
ucl-2024-25-065,2024-25,league_phase,Matchday 4,2024-09-17T00:00:00+00:00,date_only,fk-shakhtar-donetsk,bsc-young-boys,FK Shakhtar Donetsk (UKR),BSC Young Boys (SUI),2,1,openfootball,2024-09-17T00:00:00+00:00,0.4880316933724568,0.24687127805771875,0.26509702856982453,2.1035758519098238,1.0398059851388077,1485.2124664817172,1344.9214441899287
ucl-2024-25-066,2024-25,league_phase,Matchday 4,2024-09-17T00:00:00+00:00,date_only,ac-sparta-praha,stade-brestois-29,AC Sparta Praha (CZE),Stade Brestois 29 (FRA),1,2,openfootball,2024-09-17T00:00:00+00:00,0.3886130346512553,0.24686813186813186,0.36451883348061287,1.0912348958671867,2.1896787499729173,1502.0088278778196,1536.5269528371957
ucl-2024-25-067,2024-25,league_phase,Matchday 4,2024-09-17T00:00:00+00:00,date_only,vfb-stuttgart,atalanta-bc,VfB Stuttgart (GER),Atalanta BC (ITA),0,2,openfootball,2024-09-17T00:00:00+00:00,0.4032263501505099,0.2468649885583524,0.34990866129113773,0.6119869105311346,1.173077138241759,1507.7714658058078,1517.3871731684462
ucl-2024-25-068,2024-25,league_phase,Matchday 4,2024-09-17T00:00:00+00:00,date_only,fc-internazionale-milano,arsenal-fc,FC Internazionale Milano (ITA),Arsenal FC (ENG),1,0,openfootball,2024-09-17T00:00:00+00:00,0.3577614684015465,0.2468618481244282,0.39537668347402527,1.3947295649998623,1.6691052368889994,1588.504676225344,1675.495864892176
ucl-2024-25-069,2024-25,league_phase,Matchday 4,2024-09-17T00:00:00+00:00,date_only,paris-saint-germain-fc,club-atl-tico-de-madrid,Paris Saint-Germain FC (FRA),Club Atlético de Madrid (ESP),1,2,openfootball,2024-09-17T00:00:00+00:00,0.3982588225671627,0.24685871056241426,0.354882466870423,1.640631738105006,1.619208895230281,1527.3142650922323,1545.4133222233681
ucl-2024-25-070,2024-25,league_phase,Matchday 4,2024-09-17T00:00:00+00:00,date_only,feyenoord-rotterdam,fc-red-bull-salzburg,Feyenoord Rotterdam (NED),FC Red Bull Salzburg (AUT),1,3,openfootball,2024-09-17T00:00:00+00:00,0.45973627764714453,0.24685557586837292,0.29340814648448255,1.9717013469768445,1.1075278113074134,1475.3075818289765,1386.5992987900963
ucl-2024-25-071,2024-25,league_phase,Matchday 4,2024-09-17T00:00:00+00:00,date_only,fk-crvena-zvezda,fc-barcelona,FK Crvena Zvezda (SRB),FC Barcelona (ESP),2,5,openfootball,2024-09-17T00:00:00+00:00,0.14884071613649286,0.24685244403837367,0.6043068398251334,0.7933690449966775,2.471304764002658,1357.4567117500123,1860.8424291825706
ucl-2024-25-072,2024-25,league_phase,Matchday 4,2024-09-17T00:00:00+00:00,date_only,fc-bayern-m-nchen,sport-lisboa-e-benfica,FC Bayern München (GER),Sport Lisboa e Benfica (POR),1,0,openfootball,2024-09-17T00:00:00+00:00,0.4707165312036382,0.24684931506849317,0.2824341537278686,2.1270495010634622,1.3443603991492306,1576.5022494638938,1468.0428481877395
ucl-2024-25-073,2024-25,league_phase,Matchday 5,2024-09-17T00:00:00+00:00,date_only,k-slovan-bratislava,ac-milan,ŠK Slovan Bratislava (SVK),AC Milan (ITA),2,3,openfootball,2024-09-17T00:00:00+00:00,0.3456820233916727,0.24684618895481514,0.40747178765351216,1.2372092577083444,1.4855429386609107,1419.647450231273,1527.2722030502255
ucl-2024-25-074,2024-25,league_phase,Matchday 5,2024-09-17T00:00:00+00:00,date_only,ac-sparta-praha,club-atl-tico-de-madrid,AC Sparta Praha (CZE),Club Atlético de Madrid (ESP),0,6,openfootball,2024-09-17T00:00:00+00:00,0.359083756800766,0.24684306569343065,0.3940731775058034,1.6049273009864753,2.1120581592108194,1481.5269438544067,1566.280849337303
ucl-2024-25-075,2024-25,league_phase,Matchday 5,2024-09-17T00:00:00+00:00,date_only,sporting-clube-de-portugal,arsenal-fc,Sporting Clube de Portugal (POR),Arsenal FC (ENG),1,5,openfootball,2024-09-17T00:00:00+00:00,0.35225742447429637,0.24683994528043776,0.4009026302452659,1.4184595180853026,1.730929355228728,1558.3495277476347,1654.7435605907265
ucl-2024-25-076,2024-25,league_phase,Matchday 5,2024-09-17T00:00:00+00:00,date_only,bsc-young-boys,atalanta-bc,BSC Young Boys (SUI),Atalanta BC (ITA),1,6,openfootball,2024-09-17T00:00:00+00:00,0.2876351703320099,0.24683682771194165,0.4655280019560484,0.6765414062195204,2.1778437981013066,1329.3801374859813,1538.4535269456337
ucl-2024-25-077,2024-25,league_phase,Matchday 5,2024-09-17T00:00:00+00:00,date_only,fc-bayern-m-nchen,paris-saint-germain-fc,FC Bayern München (GER),Paris Saint-Germain FC (FRA),1,0,openfootball,2024-09-17T00:00:00+00:00,0.458394878785686,0.24683371298405465,0.2947714082302593,1.816908219946734,1.2549734240426127,1592.7366019143783,1506.4467379782975
ucl-2024-25-078,2024-25,league_phase,Matchday 5,2024-09-17T00:00:00+00:00,date_only,fc-barcelona,stade-brestois-29,FC Barcelona (ESP),Stade Brestois 29 (FRA),3,0,openfootball,2024-09-17T00:00:00+00:00,0.5727806154062699,0.24683060109289617,0.18038878350083387,2.4484466954617266,0.9298897024541484,1871.7331067087978,1557.0088368606087
ucl-2024-25-079,2024-25,league_phase,Matchday 5,2024-09-17T00:00:00+00:00,date_only,fc-internazionale-milano,rb-leipzig,FC Internazionale Milano (ITA),RB Leipzig (GER),1,0,openfootball,2024-09-17T00:00:00+00:00,0.44968684831031275,0.2468274920345926,0.3034856596550947,1.9209600407756446,1.4366513222181938,1609.2569805267935,1538.4275122411811
ucl-2024-25-080,2024-25,league_phase,Matchday 5,2024-09-17T00:00:00+00:00,date_only,manchester-city-fc,feyenoord-rotterdam,Manchester City FC (ENG),Feyenoord Rotterdam (NED),3,3,openfootball,2024-09-17T00:00:00+00:00,0.5105709270460279,0.2468243858052775,0.24260468714869465,2.7725923326871222,1.3779261338503024,1635.0918184302695,1451.9810192057232
ucl-2024-25-081,2024-25,league_phase,Matchday 5,2024-09-17T00:00:00+00:00,date_only,bayer-04-leverkusen,fc-red-bull-salzburg,Bayer 04 Leverkusen (GER),FC Red Bull Salzburg (AUT),5,0,openfootball,2024-09-17T00:00:00+00:00,0.47613730971230844,0.2468212824010914,0.2770414078866002,1.9328628600043314,0.7782811405679635,1528.21843627569,1409.9258614133496
ucl-2024-25-082,2024-25,league_phase,Matchday 5,2024-09-17T00:00:00+00:00,date_only,sk-sturm-graz,girona-fc,SK Sturm Graz (AUT),Girona FC (ESP),1,0,openfootball,2024-09-17T00:00:00+00:00,0.38837813489378276,0.24681818181818183,0.3648036832880354,1.215865355898841,1.2733077152809271,1424.9020606347167,1459.8636335561075
ucl-2024-25-083,2024-25,league_phase,Matchday 5,2024-09-17T00:00:00+00:00,date_only,fk-crvena-zvezda,vfb-stuttgart,FK Crvena Zvezda (SRB),VfB Stuttgart (GER),5,1,openfootball,2024-09-17T00:00:00+00:00,0.326787885170728,0.2468150840527033,0.42639703077656876,1.2175031494483517,2.5219974804413186,1346.5660342237852,1486.7051120286203
ucl-2024-25-084,2024-25,league_phase,Matchday 5,2024-09-17T00:00:00+00:00,date_only,as-monaco-fc,sport-lisboa-e-benfica,AS Monaco FC (MCO),Sport Lisboa e Benfica (POR),2,3,openfootball,2024-09-17T00:00:00+00:00,0.4716314520965179,0.24681198910081742,0.2815565588026647,2.0688733936729413,1.2123298564902185,1561.885139573356,1451.8084957372548
ucl-2024-25-085,2024-25,league_phase,Matchday 5,2024-09-17T00:00:00+00:00,date_only,aston-villa-fc,juventus-fc,Aston Villa FC (ENG),Juventus FC (ITA),0,0,openfootball,2024-09-17T00:00:00+00:00,0.4182984864568457,0.2468088969586927,0.3348926165844616,1.5084694205845834,0.9892244635323333,1534.7619183945258,1518.5986136930258
ucl-2024-25-086,2024-25,league_phase,Matchday 5,2024-09-17T00:00:00+00:00,date_only,bologna-fc-1909,lille-osc,Bologna FC 1909 (ITA),Lille OSC (FRA),1,2,openfootball,2024-09-17T00:00:00+00:00,0.4253917218253071,0.24680580762250456,0.3278024705521883,1.467189209040845,0.9222486327673239,1450.829748773037,1422.43799204167
ucl-2024-25-087,2024-25,league_phase,Matchday 5,2024-09-17T00:00:00+00:00,date_only,liverpool-fc,real-madrid-cf,Liverpool FC (ENG),Real Madrid CF (ESP),2,0,openfootball,2024-09-17T00:00:00+00:00,0.5310771494439991,0.24680272108843537,0.22212012946756554,2.2957474860620306,1.1767933154982018,1905.6746143241958,1681.7341527888898
ucl-2024-25-088,2024-25,league_phase,Matchday 5,2024-09-17T00:00:00+00:00,date_only,celtic-fc,club-brugge-kv,Celtic FC (SCO),Club Brugge KV (BEL),1,1,openfootball,2024-09-17T00:00:00+00:00,0.3443722298383964,0.24679963735267452,0.40882813280892916,1.4331761131088356,1.7042210142748362,1314.9437012503895,1424.8466512340724
ucl-2024-25-089,2024-25,league_phase,Matchday 5,2024-09-17T00:00:00+00:00,date_only,gnk-dinamo-zagreb,borussia-dortmund,GNK Dinamo Zagreb (CRO),Borussia Dortmund (GER),0,3,openfootball,2024-09-17T00:00:00+00:00,0.30222374312652567,0.24679655641141823,0.4509797004620561,1.3007654095779655,1.8764403039165747,1522.4561476897131,1705.5376561961543
ucl-2024-25-090,2024-25,league_phase,Matchday 5,2024-09-17T00:00:00+00:00,date_only,psv,fk-shakhtar-donetsk,PSV (NED),FK Shakhtar Donetsk (UKR),3,2,openfootball,2024-09-17T00:00:00+00:00,0.4172276658495052,0.24679347826086956,0.33597885588962517,1.631922348000745,1.3540984852357674,1515.0605907865588,1500.7537731856646
ucl-2024-25-091,2024-25,league_phase,Matchday 6,2024-09-17T00:00:00+00:00,date_only,girona-fc,liverpool-fc,Girona FC (ESP),Liverpool FC (ENG),0,1,openfootball,2024-09-17T00:00:00+00:00,0.15810209148584115,0.24679040289723858,0.5951075056169204,0.782428102281358,2.418205666323062,1440.3351225882225,1919.495473924667
ucl-2024-25-092,2024-25,league_phase,Matchday 6,2024-09-17T00:00:00+00:00,date_only,gnk-dinamo-zagreb,celtic-fc,GNK Dinamo Zagreb (CRO),Celtic FC (SCO),0,0,openfootball,2024-09-17T00:00:00+00:00,0.5137142156869718,0.24678733031674208,0.2394984539962861,2.590165372938853,1.0405343683155843,1505.4312668364237,1316.2328193098
ucl-2024-25-093,2024-25,league_phase,Matchday 6,2024-09-17T00:00:00+00:00,date_only,stade-brestois-29,psv,Stade Brestois 29 (FRA),PSV (NED),1,0,openfootball,2024-09-17T00:00:00+00:00,0.41555360189219115,0.2467842605156038,0.3376621375922051,1.740628660203908,1.3812748496146514,1544.8566734987173,1533.4356145873612
ucl-2024-25-094,2024-25,league_phase,Matchday 6,2024-09-17T00:00:00+00:00,date_only,rb-leipzig,aston-villa-fc,RB Leipzig (GER),Aston Villa FC (ENG),2,3,openfootball,2024-09-17T00:00:00+00:00,0.4020258196258531,0.24678119349005423,0.3511929868840927,1.6280719220381492,1.7578281766551949,1521.3515360142856,1533.093800997078
ucl-2024-25-095,2024-25,league_phase,Matchday 6,2024-09-17T00:00:00+00:00,date_only,atalanta-bc,real-madrid-cf,Atalanta BC (ITA),Real Madrid CF (ESP),2,3,openfootball,2024-09-17T00:00:00+00:00,0.3425634142174663,0.24677812923633077,0.4106584565462029,1.6345142997778583,1.8579537775690176,1554.895670313153,1667.9132931884185
ucl-2024-25-096,2024-25,league_phase,Matchday 6,2024-09-17T00:00:00+00:00,date_only,bayer-04-leverkusen,fc-internazionale-milano,Bayer 04 Leverkusen (GER),FC Internazionale Milano (ITA),1,0,openfootball,2024-09-17T00:00:00+00:00,0.36067689827377925,0.24677506775067748,0.3925480339755433,1.1071418567934612,1.332508736787453,1544.236518239176,1626.3329567536891
ucl-2024-25-097,2024-25,league_phase,Matchday 6,2024-09-17T00:00:00+00:00,date_only,club-brugge-kv,sporting-clube-de-portugal,Club Brugge KV (BEL),Sporting Clube de Portugal (POR),2,1,openfootball,2024-09-17T00:00:00+00:00,0.34096338241446417,0.24677200902934537,0.41226460855619046,0.9610292510930064,1.9313432657922616,1423.5575331746618,1539.3224318630541
ucl-2024-25-098,2024-25,league_phase,Matchday 6,2024-09-17T00:00:00+00:00,date_only,fk-shakhtar-donetsk,fc-bayern-m-nchen,FK Shakhtar Donetsk (UKR),FC Bayern München (GER),1,5,openfootball,2024-09-17T00:00:00+00:00,0.33437450867236446,0.24676895306859206,0.4188565382590435,1.2283812283537077,1.9775807316027478,1482.3787493848622,1609.4641325032699
ucl-2024-25-099,2024-25,league_phase,Matchday 6,2024-09-17T00:00:00+00:00,date_only,fc-red-bull-salzburg,paris-saint-germain-fc,FC Red Bull Salzburg (AUT),Paris Saint-Germain FC (FRA),0,3,openfootball,2024-09-17T00:00:00+00:00,0.35263348781928183,0.246765899864682,0.40060061231603616,1.040157143383715,1.6710171424358853,1393.9077794498637,1489.719207389406
ucl-2024-25-100,2024-25,league_phase,Matchday 6,2024-09-17T00:00:00+00:00,date_only,club-atl-tico-de-madrid,k-slovan-bratislava,Club Atlético de Madrid (ESP),ŠK Slovan Bratislava (SVK),3,1,openfootball,2024-09-17T00:00:00+00:00,0.5114276127282265,0.2467628494138864,0.24180953785788717,2.9239148461722437,1.2268681230622052,1585.5810609232021,1400.8832455165098
ucl-2024-25-101,2024-25,league_phase,Matchday 6,2024-09-17T00:00:00+00:00,date_only,lille-osc,sk-sturm-graz,Lille OSC (FRA),SK Sturm Graz (AUT),3,2,openfootball,2024-09-17T00:00:00+00:00,0.4088826170375472,0.2467598017124831,0.3443575812499697,1.0921882267759977,1.3333605296903128,1444.3897770671324,1444.4305716026017
ucl-2024-25-102,2024-25,league_phase,Matchday 6,2024-09-17T00:00:00+00:00,date_only,vfb-stuttgart,bsc-young-boys,VfB Stuttgart (GER),BSC Young Boys (SUI),5,1,openfootball,2024-09-17T00:00:00+00:00,0.4942384749973653,0.24675675675675676,0.2590047682458779,2.31790768392694,1.0059595671441628,1464.7129291165036,1312.937994118462
ucl-2024-25-103,2024-25,league_phase,Matchday 6,2024-09-17T00:00:00+00:00,date_only,borussia-dortmund,fc-barcelona,Borussia Dortmund (GER),FC Barcelona (ESP),2,3,openfootball,2024-09-17T00:00:00+00:00,0.3146243351567866,0.24675371454299866,0.4386219503002147,1.3667119301325688,1.8411550460578794,1722.5625370494438,1883.885270070689
ucl-2024-25-104,2024-25,league_phase,Matchday 6,2024-09-17T00:00:00+00:00,date_only,ac-milan,fk-crvena-zvezda,AC Milan (ITA),FK Crvena Zvezda (SRB),2,1,openfootball,2024-09-17T00:00:00+00:00,0.5077167928524318,0.24675067506750675,0.24553253208006143,1.813353037645451,1.1847115092775784,1546.0364077649888,1368.558217135902
ucl-2024-25-105,2024-25,league_phase,Matchday 6,2024-09-17T00:00:00+00:00,date_only,sport-lisboa-e-benfica,bologna-fc-1909,Sport Lisboa e Benfica (POR),Bologna FC 1909 (ITA),0,0,openfootball,2024-09-17T00:00:00+00:00,0.4359941054962424,0.2467476383265857,0.31725825617717196,1.6589433582129645,1.1563453134296284,1475.609993603132,1428.8779637475745
ucl-2024-25-106,2024-25,league_phase,Matchday 6,2024-09-17T00:00:00+00:00,date_only,arsenal-fc,as-monaco-fc,Arsenal FC (ENG),AS Monaco FC (MCO),3,0,openfootball,2024-09-17T00:00:00+00:00,0.4856365788358302,0.2467446043165468,0.267618816847623,1.9977783946594645,1.306600813684193,1673.770656475307,1538.0836417074788
ucl-2024-25-107,2024-25,league_phase,Matchday 6,2024-09-17T00:00:00+00:00,date_only,juventus-fc,manchester-city-fc,Juventus FC (ITA),Manchester City FC (ENG),2,0,openfootball,2024-09-17T00:00:00+00:00,0.34465418576351176,0.24674157303370786,0.4086042412027803,1.5287785312151256,2.4729771750278995,1520.2667310904735,1629.732493632323
ucl-2024-25-108,2024-25,league_phase,Matchday 6,2024-09-17T00:00:00+00:00,date_only,feyenoord-rotterdam,ac-sparta-praha,Feyenoord Rotterdam (NED),AC Sparta Praha (CZE),4,2,openfootball,2024-09-17T00:00:00+00:00,0.4060617368394519,0.24673854447439353,0.3471997186861546,2.178428009779302,1.7532575921765585,1457.3403440036698,1462.2267322685075
ucl-2024-25-109,2024-25,league_phase,Matchday 7,2025-01-21T00:00:00+00:00,date_only,as-monaco-fc,aston-villa-fc,AS Monaco FC (MCO),Aston Villa FC (ENG),1,0,openfootball,2025-01-21T00:00:00+00:00,0.3903576647710676,0.2467355186349349,0.3629068165939975,1.343611282746108,1.6044443071364467,1522.443996947243,1554.1104576519133
ucl-2024-25-110,2024-25,league_phase,Matchday 7,2025-01-21T00:00:00+00:00,date_only,atalanta-bc,sk-sturm-graz,Atalanta BC (ITA),SK Sturm Graz (AUT),5,0,openfootball,2025-01-21T00:00:00+00:00,0.47193456894516833,0.24673249551166965,0.281332935543162,2.045447082367812,0.5929756674390836,1536.2575711597278,1425.7210723183532
ucl-2024-25-111,2024-25,league_phase,Matchday 7,2025-01-21T00:00:00+00:00,date_only,bologna-fc-1909,borussia-dortmund,Bologna FC 1909 (ITA),Borussia Dortmund (GER),2,1,openfootball,2025-01-21T00:00:00+00:00,0.25267100516829905,0.24672947510094212,0.5005995197307588,1.12912996174459,1.8774417933161922,1431.252680733956,1705.0424893523123
ucl-2024-25-112,2024-25,league_phase,Matchday 7,2025-01-21T00:00:00+00:00,date_only,k-slovan-bratislava,vfb-stuttgart,ŠK Slovan Bratislava (SVK),VfB Stuttgart (GER),1,3,openfootball,2025-01-21T00:00:00+00:00,0.3538705913734619,0.24672645739910315,0.3994029512274349,1.4585561266937024,2.5624884319783714,1386.2756070139164,1480.0082549814738
ucl-2024-25-113,2024-25,league_phase,Matchday 7,2025-01-21T00:00:00+00:00,date_only,liverpool-fc,lille-osc,Liverpool FC (ENG),Lille OSC (FRA),2,1,openfootball,2025-01-21T00:00:00+00:00,0.6302071695424261,0.2467234424025101,0.12306938805506386,2.4363189123293765,0.7341008334392511,1930.7553656420455,1463.099276351381
ucl-2024-25-114,2024-25,league_phase,Matchday 7,2025-01-21T00:00:00+00:00,date_only,club-atl-tico-de-madrid,bayer-04-leverkusen,Club Atlético de Madrid (ESP),Bayer 04 Leverkusen (GER),2,1,openfootball,2025-01-21T00:00:00+00:00,0.42943996757971353,0.2467204301075269,0.3238396023127596,2.103974419939275,1.6128204640485801,1600.1886994257954,1564.873940953211
ucl-2024-25-115,2024-25,league_phase,Matchday 7,2025-01-21T00:00:00+00:00,date_only,sport-lisboa-e-benfica,fc-barcelona,Sport Lisboa e Benfica (POR),FC Barcelona (ESP),4,5,openfootball,2025-01-21T00:00:00+00:00,0.17894260779328663,0.24671742051052395,0.5743399716961894,0.8933286186754782,2.3539398447856446,1473.2352766167505,1901.4053177678206
ucl-2024-25-116,2024-25,league_phase,Matchday 7,2025-01-21T00:00:00+00:00,date_only,club-brugge-kv,juventus-fc,Club Brugge KV (BEL),Juventus FC (ITA),0,0,openfootball,2025-01-21T00:00:00+00:00,0.3522175987477354,0.2467144136078782,0.4010679876443863,0.9395315212485311,1.8443747830011752,1444.9835576974963,1541.545732199259
ucl-2024-25-117,2024-25,league_phase,Matchday 7,2025-01-21T00:00:00+00:00,date_only,fk-crvena-zvezda,psv,FK Crvena Zvezda (SRB),PSV (NED),2,3,openfootball,2025-01-21T00:00:00+00:00,0.31471712302366583,0.24671140939597316,0.43857146758036103,1.4472121769367852,2.1459225661428794,1353.8019023513493,1514.993443873361
ucl-2024-25-118,2024-25,league_phase,Matchday 7,2025-01-21T00:00:00+00:00,date_only,rb-leipzig,sporting-clube-de-portugal,RB Leipzig (GER),Sporting Clube de Portugal (POR),2,1,openfootball,2025-01-21T00:00:00+00:00,0.39865357830018516,0.24670840787119858,0.3546380138286163,1.7432964278321177,1.8392938922170647,1500.3348793594503,1517.8964073402196
ucl-2024-25-119,2024-25,league_phase,Matchday 7,2025-01-21T00:00:00+00:00,date_only,fk-shakhtar-donetsk,stade-brestois-29,FK Shakhtar Donetsk (UKR),Stade Brestois 29 (FRA),2,0,openfootball,2025-01-21T00:00:00+00:00,0.3506585316844163,0.24670540902995083,0.40263605928563284,1.2039746214698988,2.010598080601859,1464.0683899765959,1563.2988442127175
ucl-2024-25-120,2024-25,league_phase,Matchday 7,2025-01-21T00:00:00+00:00,date_only,ac-sparta-praha,fc-internazionale-milano,AC Sparta Praha (CZE),FC Internazionale Milano (ITA),0,1,openfootball,2025-01-21T00:00:00+00:00,0.3140911842034984,0.2467024128686327,0.4392064029278689,0.784757032159933,1.9081943742720537,1443.4039726315734,1605.695534039654
ucl-2024-25-121,2024-25,league_phase,Matchday 7,2025-01-21T00:00:00+00:00,date_only,paris-saint-germain-fc,manchester-city-fc,Paris Saint-Germain FC (FRA),Manchester City FC (ENG),4,2,openfootball,2025-01-21T00:00:00+00:00,0.35039004625882675,0.24669941938365342,0.4029105343575199,1.5075102122740622,1.948815359592515,1508.7598648994708,1608.4534925235375
ucl-2024-25-122,2024-25,league_phase,Matchday 7,2025-01-21T00:00:00+00:00,date_only,real-madrid-cf,fc-red-bull-salzburg,Real Madrid CF (ESP),FC Red Bull Salzburg (AUT),5,1,openfootball,2025-01-21T00:00:00+00:00,0.5715759438267944,0.24669642857142857,0.1817276276017769,2.605543343614607,0.921242744463153,1686.5513923418437,1374.8671219397988
ucl-2024-25-123,2024-25,league_phase,Matchday 7,2025-01-21T00:00:00+00:00,date_only,ac-milan,girona-fc,AC Milan (ITA),Girona FC (ESP),1,0,openfootball,2025-01-21T00:00:00+00:00,0.4835253003641125,0.24669344042838018,0.26978125920750734,1.5523452215602047,1.1218657582357072,1560.7927225495414,1429.075230870844
ucl-2024-25-124,2024-25,league_phase,Matchday 7,2025-01-21T00:00:00+00:00,date_only,arsenal-fc,gnk-dinamo-zagreb,Arsenal FC (ENG),GNK Dinamo Zagreb (CRO),3,0,openfootball,2025-01-21T00:00:00+00:00,0.5139155050436041,0.24669045495093667,0.23939404000545925,2.1493146961226826,1.20226252881614,1689.4103012355429,1499.94695160261
ucl-2024-25-125,2024-25,league_phase,Matchday 7,2025-01-21T00:00:00+00:00,date_only,celtic-fc,bsc-young-boys,Celtic FC (SCO),BSC Young Boys (SUI),1,0,openfootball,2025-01-21T00:00:00+00:00,0.42295822785870896,0.24668747213553277,0.3303543000057583,1.6106502905358862,1.778068002865409,1321.7171345436138,1297.6426682534918
ucl-2024-25-126,2024-25,league_phase,Matchday 7,2025-01-21T00:00:00+00:00,date_only,feyenoord-rotterdam,fc-bayern-m-nchen,Feyenoord Rotterdam (NED),FC Bayern München (GER),3,0,openfootball,2025-01-21T00:00:00+00:00,0.3202272588427825,0.24668449197860962,0.4330882491786079,1.4603238431075565,2.2010742588472882,1476.1631036406038,1627.7744919115362
ucl-2024-25-127,2024-25,league_phase,Matchday 8,2025-01-21T00:00:00+00:00,date_only,sporting-clube-de-portugal,bologna-fc-1909,Sporting Clube de Portugal (POR),Bologna FC 1909 (ITA),1,1,openfootball,2025-01-21T00:00:00+00:00,0.4336387389944148,0.24668151447661468,0.3196797465289705,1.5840426515751336,0.9716230215970361,1498.776718629651,1456.211251025205
ucl-2024-25-128,2024-25,league_phase,Matchday 8,2025-01-21T00:00:00+00:00,date_only,bsc-young-boys,fk-crvena-zvezda,BSC Young Boys (SUI),FK Crvena Zvezda (SRB),0,1,openfootball,2025-01-21T00:00:00+00:00,0.3756106484430623,0.24667853962600178,0.3777108119309359,1.598995587447074,2.116803530042341,1279.4947468105509,1336.2789892424832
ucl-2024-25-129,2024-25,league_phase,Matchday 8,2025-01-21T00:00:00+00:00,date_only,aston-villa-fc,celtic-fc,Aston Villa FC (ENG),Celtic FC (SCO),4,2,openfootball,2025-01-21T00:00:00+00:00,0.5166382139713541,0.24667556742323096,0.23668621860541492,2.397713297575365,0.7547524388627846,1534.6594746154547,1339.8650559865548
ucl-2024-25-130,2024-25,league_phase,Matchday 8,2025-01-21T00:00:00+00:00,date_only,girona-fc,arsenal-fc,Girona FC (ESP),Arsenal FC (ENG),1,2,openfootball,2025-01-21T00:00:00+00:00,0.24396161485637816,0.2466725978647687,0.5093657872788532,1.0861918664659966,1.9992687290494249,1413.3501116939763,1703.91987193478
ucl-2024-25-131,2024-25,league_phase,Matchday 8,2025-01-21T00:00:00+00:00,date_only,stade-brestois-29,real-madrid-cf,Stade Brestois 29 (FRA),Real Madrid CF (ESP),0,3,openfootball,2025-01-21T00:00:00+00:00,0.3174270787818557,0.24666963094708758,0.4359032902710566,1.4340318341472358,2.178404162311841,1542.2592936606932,1698.7544260173433
ucl-2024-25-132,2024-25,league_phase,Matchday 8,2025-01-21T00:00:00+00:00,date_only,sk-sturm-graz,rb-leipzig,SK Sturm Graz (AUT),RB Leipzig (GER),1,0,openfootball,2025-01-21T00:00:00+00:00,0.3444222097174826,0.24666666666666667,0.4089111236158507,1.695065447430312,1.7732809753890837,1409.5331049863933,1519.454568070019
ucl-2024-25-133,2024-25,league_phase,Matchday 8,2025-01-21T00:00:00+00:00,date_only,vfb-stuttgart,paris-saint-germain-fc,VfB Stuttgart (GER),Paris Saint-Germain FC (FRA),1,4,openfootball,2025-01-21T00:00:00+00:00,0.3909554533645887,0.2466637050199911,0.36238084161542017,1.4405599570896377,1.6358597266359824,1499.0976077843943,1529.8102746614447
ucl-2024-25-134,2024-25,league_phase,Matchday 8,2025-01-21T00:00:00+00:00,date_only,fc-bayern-m-nchen,k-slovan-bratislava,FC Bayern München (GER),ŠK Slovan Bratislava (SVK),3,1,openfootball,2025-01-21T00:00:00+00:00,0.5381561474498644,0.24666074600355242,0.21518310654658324,2.703224566193571,0.9949588085836045,1605.5172721048198,1367.186254210996
ucl-2024-25-135,2024-25,league_phase,Matchday 8,2025-01-21T00:00:00+00:00,date_only,borussia-dortmund,fk-shakhtar-donetsk,Borussia Dortmund (GER),FK Shakhtar Donetsk (UKR),3,1,openfootball,2025-01-21T00:00:00+00:00,0.5167424960601561,0.2466577896138482,0.2365997143259957,2.020575220205607,1.1716033158990062,1680.0839190610632,1485.1079405286202
ucl-2024-25-136,2024-25,league_phase,Matchday 8,2025-01-21T00:00:00+00:00,date_only,fc-barcelona,atalanta-bc,FC Barcelona (ESP),Atalanta BC (ITA),2,2,openfootball,2025-01-21T00:00:00+00:00,0.5920255196305568,0.24665483584738243,0.16131964452206068,2.4842568083552035,0.9564818772594994,1913.4973704897625,1552.4455384916878
ucl-2024-25-137,2024-25,league_phase,Matchday 8,2025-01-21T00:00:00+00:00,date_only,fc-internazionale-milano,as-monaco-fc,FC Internazionale Milano (ITA),AS Monaco FC (MCO),3,0,openfootball,2025-01-21T00:00:00+00:00,0.45570167437075493,0.2466518847006652,0.29764644092857984,1.5059303595830387,0.9458011668790235,1623.1932296651664,1541.8949799837017
ucl-2024-25-138,2024-25,league_phase,Matchday 8,2025-01-21T00:00:00+00:00,date_only,manchester-city-fc,club-brugge-kv,Manchester City FC (ENG),Club Brugge KV (BEL),3,1,openfootball,2025-01-21T00:00:00+00:00,0.48879377753832826,0.24664893617021277,0.26455728629145897,2.2539977966631763,1.018608214282362,1587.4030827615636,1445.9605654754293
ucl-2024-25-139,2024-25,league_phase,Matchday 8,2025-01-21T00:00:00+00:00,date_only,bayer-04-leverkusen,ac-sparta-praha,Bayer 04 Leverkusen (GER),AC Sparta Praha (CZE),2,0,openfootball,2025-01-21T00:00:00+00:00,0.4777721051684059,0.24664599025254763,0.27558190457904647,2.506614011758027,0.9192802191650071,1546.9859482585503,1425.906277006061
ucl-2024-25-140,2024-25,league_phase,Matchday 8,2025-01-21T00:00:00+00:00,date_only,juventus-fc,sport-lisboa-e-benfica,Juventus FC (ITA),Sport Lisboa e Benfica (POR),0,2,openfootball,2025-01-21T00:00:00+00:00,0.4546526679177064,0.2466430469441984,0.2987042851380952,1.7861879171054311,1.2470496663156552,1540.568724421326,1461.1432238948087
ucl-2024-25-141,2024-25,league_phase,Matchday 8,2025-01-21T00:00:00+00:00,date_only,gnk-dinamo-zagreb,ac-milan,GNK Dinamo Zagreb (CRO),AC Milan (ITA),2,1,openfootball,2025-01-21T00:00:00+00:00,0.35546681223952653,0.24664010624169988,0.3978930815187736,1.309724615980803,1.4825953072153577,1485.4373809033727,1576.5178417264092
ucl-2024-25-142,2024-25,league_phase,Matchday 8,2025-01-21T00:00:00+00:00,date_only,lille-osc,feyenoord-rotterdam,Lille OSC (FRA),Feyenoord Rotterdam (NED),6,1,openfootball,2025-01-21T00:00:00+00:00,0.38246167322023805,0.24663716814159292,0.3709011586381691,1.3432209889955646,1.6822927740209397,1453.242031981128,1498.4203234473202
ucl-2024-25-143,2024-25,league_phase,Matchday 8,2025-01-21T00:00:00+00:00,date_only,psv,liverpool-fc,PSV (NED),Liverpool FC (ENG),3,2,openfootball,2025-01-21T00:00:00+00:00,0.18766232394756835,0.2466342326404246,0.5657034434120071,0.9089520472061235,2.2828168568587572,1532.516356982227,1940.6126100122983
ucl-2024-25-144,2024-25,league_phase,Matchday 8,2025-01-21T00:00:00+00:00,date_only,fc-red-bull-salzburg,club-atl-tico-de-madrid,FC Red Bull Salzburg (AUT),Club Atlético de Madrid (ESP),1,4,openfootball,2025-01-21T00:00:00+00:00,0.26243778231853226,0.246631299734748,0.49093091794671984,1.0071561634532025,2.536941735904105,1362.6640882642992,1618.0766921204563
ucl-2024-25-145,2024-25,knockout_phase_play_off,Matchday 1,2025-01-21T00:00:00+00:00,date_only,stade-brestois-29,paris-saint-germain-fc,Stade Brestois 29 (FRA),Paris Saint-Germain FC (FRA),0,3,openfootball,2025-01-21T00:00:00+00:00,0.39388782552537877,0.24662836942112237,0.3594838050534988,1.3128249234474216,1.5885972040992054,1524.6288178904772,1550.3817668964282
ucl-2024-25-146,2024-25,knockout_phase_play_off,Matchday 1,2025-01-21T00:00:00+00:00,date_only,manchester-city-fc,real-madrid-cf,Manchester City FC (ENG),Real Madrid CF (ESP),2,3,openfootball,2025-01-21T00:00:00+00:00,0.342370806225353,0.24662544169611308,0.4110037520785339,1.9998035169831967,2.1525674428236994,1602.9183529366262,1716.3849017875593
ucl-2024-25-147,2024-25,knockout_phase_play_off,Matchday 1,2025-01-21T00:00:00+00:00,date_only,juventus-fc,psv,Juventus FC (ITA),PSV (NED),2,1,openfootball,2025-01-21T00:00:00+00:00,0.383970038738508,0.24662251655629142,0.3694074447052006,1.5011438144951814,1.3617516150705216,1517.4497567657336,1560.077179371516
ucl-2024-25-148,2024-25,knockout_phase_play_off,Matchday 1,2025-01-21T00:00:00+00:00,date_only,sporting-clube-de-portugal,borussia-dortmund,Sporting Clube de Portugal (POR),Borussia Dortmund (GER),0,3,openfootball,2025-01-21T00:00:00+00:00,0.29390595298890093,0.24661959399823474,0.4594744530128643,1.2746858606091762,1.8451037705290525,1496.4975387803422,1694.48106342638
ucl-2024-25-149,2024-25,knockout_phase_play_off,Matchday 1,2025-01-21T00:00:00+00:00,date_only,club-brugge-kv,atalanta-bc,Club Brugge KV (BEL),Atalanta BC (ITA),2,1,openfootball,2025-01-21T00:00:00+00:00,0.33239243790864625,0.24661667401852666,0.42099088807282703,0.8815250697924613,1.9944836478697348,1430.4452953003668,1561.0596559938576
ucl-2024-25-150,2024-25,knockout_phase_play_off,Matchday 1,2025-01-21T00:00:00+00:00,date_only,as-monaco-fc,sport-lisboa-e-benfica,AS Monaco FC (MCO),Sport Lisboa e Benfica (POR),0,1,openfootball,2025-01-21T00:00:00+00:00,0.43265846215287707,0.24661375661375662,0.3207277812333663,1.7903585472820902,1.6091677076288737,1525.0560846525452,1484.262191550401
ucl-2024-25-151,2024-25,knockout_phase_play_off,Matchday 1,2025-01-21T00:00:00+00:00,date_only,celtic-fc,fc-bayern-m-nchen,Celtic FC (SCO),FC Bayern München (GER),1,2,openfootball,2025-01-21T00:00:00+00:00,0.2424252799178214,0.24661084178052003,0.5109638783016585,0.9207931159604781,2.407850355716466,1325.4640958938735,1619.0578112867543
ucl-2024-25-152,2024-25,knockout_phase_play_off,Matchday 1,2025-01-21T00:00:00+00:00,date_only,feyenoord-rotterdam,ac-milan,Feyenoord Rotterdam (NED),AC Milan (ITA),1,0,openfootball,2025-01-21T00:00:00+00:00,0.3637417526969182,0.2466079295154185,0.38965031778766335,1.4447074033873366,1.509678521734575,1478.6515337389617,1555.6693163408243
ucl-2024-25-153,2024-25,knockout_phase_play_off,Matchday 2,2025-01-21T00:00:00+00:00,date_only,ac-milan,feyenoord-rotterdam,AC Milan (ITA),Feyenoord Rotterdam (NED),1,1,openfootball,2025-01-21T00:00:00+00:00,0.42989039623047726,0.24660501981505945,0.3235045839544633,1.5689034522507797,1.3543907517128897,1535.1511450390094,1499.1697050407765
ucl-2024-25-154,2024-25,knockout_phase_play_off,Matchday 2,2025-01-21T00:00:00+00:00,date_only,sport-lisboa-e-benfica,as-monaco-fc,Sport Lisboa e Benfica (POR),AS Monaco FC (MCO),3,3,openfootball,2025-01-21T00:00:00+00:00,0.4111430144496765,0.24660211267605633,0.34225487287426715,1.70640277844553,1.4975444439102426,1506.5008051687912,1502.817471034155
ucl-2024-25-155,2024-25,knockout_phase_play_off,Matchday 2,2025-01-21T00:00:00+00:00,date_only,fc-bayern-m-nchen,celtic-fc,FC Bayern München (GER),Celtic FC (SCO),1,1,openfootball,2025-01-21T00:00:00+00:00,0.5764190088950959,0.24659920809502858,0.17698178300987552,2.5949258291557826,0.8288828660871388,1633.6870393190775,1310.8348678615503
ucl-2024-25-156,2024-25,knockout_phase_play_off,Matchday 2,2025-01-21T00:00:00+00:00,date_only,atalanta-bc,club-brugge-kv,Atalanta BC (ITA),Club Brugge KV (BEL),1,3,openfootball,2025-01-21T00:00:00+00:00,0.45897700467959124,0.24659630606860158,0.29442668925180715,2.067558685572436,0.8526673372563366,1539.287686990574,1452.2172643036504
ucl-2024-25-157,2024-25,knockout_phase_play_off,Matchday 2,2025-01-21T00:00:00+00:00,date_only,borussia-dortmund,sporting-clube-de-portugal,Borussia Dortmund (GER),Sporting Clube de Portugal (POR),0,0,openfootball,2025-01-21T00:00:00+00:00,0.5348400866855152,0.2465934065934066,0.21856650672107822,2.046671621612835,1.144146573677474,1711.1696934259007,1479.8089087808214
ucl-2024-25-158,2024-25,knockout_phase_play_off,Matchday 2,2025-01-21T00:00:00+00:00,date_only,paris-saint-germain-fc,stade-brestois-29,Paris Saint-Germain FC (FRA),Stade Brestois 29 (FRA),7,0,openfootball,2025-01-21T00:00:00+00:00,0.44773004211909884,0.24659050966608084,0.3056794482148203,1.8426075915206885,1.0885805934501158,1571.0698473058658,1503.9407374810396
ucl-2024-25-159,2024-25,knockout_phase_play_off,Matchday 2,2025-01-21T00:00:00+00:00,date_only,real-madrid-cf,manchester-city-fc,Real Madrid CF (ESP),Manchester City FC (ENG),3,1,openfootball,2025-01-21T00:00:00+00:00,0.4937894436129237,0.24658761528326745,0.25962294110380885,2.367552245359534,1.8751289354196903,1735.0122428704958,1584.2910118536897
ucl-2024-25-160,2024-25,knockout_phase_play_off,Matchday 2,2025-01-21T00:00:00+00:00,date_only,psv,juventus-fc,PSV (NED),Juventus FC (ITA),3,1,openfootball,2025-01-21T00:00:00+00:00,0.41087616462980875,0.24658472344161547,0.34253911192857583,1.4303672463315698,1.4593985106270517,1540.368431252182,1537.1585048850675
ucl-2024-25-161,2024-25,knockout_phase,Round of 16,2025-01-21T00:00:00+00:00,date_only,club-brugge-kv,aston-villa-fc,Club Brugge KV (BEL),Aston Villa FC (ENG),1,3,openfootball,2025-01-21T00:00:00+00:00,0.3657921894157565,0.2465818341377797,0.38762597644646385,0.9872779584914871,1.7990347760639531,1475.5082706122062,1549.060434708136
ucl-2024-25-162,2024-25,knockout_phase,Round of 16,2025-01-21T00:00:00+00:00,date_only,real-madrid-cf,club-atl-tico-de-madrid,Real Madrid CF (ESP),Club Atlético de Madrid (ESP),2,1,openfootball,2025-01-21T00:00:00+00:00,0.4754849536301843,0.24657894736842106,0.2779360990013947,2.2417419800794565,1.775777147643752,1750.3289128203135,1633.5068294078926
ucl-2024-25-163,2024-25,knockout_phase,Round of 16,2025-01-21T00:00:00+00:00,date_only,psv,arsenal-fc,PSV (NED),Arsenal FC (ENG),1,7,openfootball,2025-01-21T00:00:00+00:00,0.31567972872935113,0.24657606313020605,0.4377442081404428,1.3322296799979512,1.8802162560016393,1559.0016901981573,1718.6117884863306
ucl-2024-25-164,2024-25,knockout_phase,Round of 16,2025-01-21T00:00:00+00:00,date_only,borussia-dortmund,lille-osc,Borussia Dortmund (GER),Lille OSC (FRA),1,1,openfootball,2025-01-21T00:00:00+00:00,0.5350835381188133,0.2465731814198072,0.2183432804613795,1.9865278334476044,1.0921110665752496,1704.844221826612,1473.0108216894866
ucl-2024-25-165,2024-25,knockout_phase,Round of 16,2025-01-21T00:00:00+00:00,date_only,feyenoord-rotterdam,fc-internazionale-milano,Feyenoord Rotterdam (NED),FC Internazionale Milano (ITA),0,2,openfootball,2025-01-21T00:00:00+00:00,0.32770650458440775,0.24657030223390275,0.4257231931816895,1.1918877469083116,1.7799898024733507,1501.2974212862969,1640.0321249963229
ucl-2024-25-166,2024-25,knockout_phase,Round of 16,2025-01-21T00:00:00+00:00,date_only,paris-saint-germain-fc,liverpool-fc,Paris Saint-Germain FC (FRA),Liverpool FC (ENG),0,1,openfootball,2025-01-21T00:00:00+00:00,0.2266791890801169,0.24656742556917688,0.5267533853507063,1.1265419292762529,2.0977367536087006,1588.2288354277803,1913.0517876230094
ucl-2024-25-167,2024-25,knockout_phase,Round of 16,2025-01-21T00:00:00+00:00,date_only,fc-bayern-m-nchen,bayer-04-leverkusen,FC Bayern München (GER),Bayer 04 Leverkusen (GER),3,0,openfootball,2025-01-21T00:00:00+00:00,0.4452597902491493,0.24656455142231945,0.3081756583285312,1.8722967921288416,1.3581625662969266,1625.698294801373,1562.942144246763
ucl-2024-25-168,2024-25,knockout_phase,Round of 16,2025-01-21T00:00:00+00:00,date_only,sport-lisboa-e-benfica,fc-barcelona,Sport Lisboa e Benfica (POR),FC Barcelona (ESP),0,1,openfootball,2025-01-21T00:00:00+00:00,0.19137557116175724,0.24656167979002624,0.5620627490482164,0.9776559648089527,2.3520331228896803,1505.123042337283,1904.8832529875926
ucl-2024-25-169,2024-25,knockout_phase,Round of 16,2025-01-21T00:00:00+00:00,date_only,fc-barcelona,sport-lisboa-e-benfica,FC Barcelona (ESP),Sport Lisboa e Benfica (POR),3,1,openfootball,2025-01-21T00:00:00+00:00,0.6159706589338187,0.24655881066899868,0.1374705303971826,2.545539174374281,0.892036192968108,1917.4695094298634,1492.5367858950124
ucl-2024-25-170,2024-25,knockout_phase,Round of 16,2025-01-21T00:00:00+00:00,date_only,liverpool-fc,paris-saint-germain-fc,Liverpool FC (ENG),Paris Saint-Germain FC (FRA),1,4,openfootball,2025-01-21T00:00:00+00:00,0.5888175995923803,0.24655594405594405,0.16462645635167564,2.2780943235232507,1.017213861569749,1927.0503036975977,1574.230319353192
ucl-2024-25-171,2024-25,knockout_phase,Round of 16,2025-01-21T00:00:00+00:00,date_only,fc-internazionale-milano,feyenoord-rotterdam,FC Internazionale Milano (ITA),Feyenoord Rotterdam (NED),2,1,openfootball,2025-01-21T00:00:00+00:00,0.5064697779120765,0.24655307994757536,0.2469771421403482,1.9715607164129554,1.0011043680461063,1658.0717912243772,1483.2577550582425
ucl-2024-25-172,2024-25,knockout_phase,Round of 16,2025-01-21T00:00:00+00:00,date_only,bayer-04-leverkusen,fc-bayern-m-nchen,Bayer 04 Leverkusen (GER),FC Bayern München (GER),0,2,openfootball,2025-01-21T00:00:00+00:00,0.3518778729416259,0.24655021834061133,0.40157190871776277,1.3514393456018454,1.8460985235185234,1545.6838268851754,1642.9566121629607
ucl-2024-25-173,2024-25,knockout_phase,Round of 16,2025-01-21T00:00:00+00:00,date_only,lille-osc,borussia-dortmund,Lille OSC (FRA),Borussia Dortmund (GER),1,2,openfootball,2025-01-21T00:00:00+00:00,0.2821587804107944,0.2465473592317765,0.4712938603574291,1.180784561105889,1.8105828774310784,1479.3456268426353,1698.5094166734634
ucl-2024-25-174,2024-25,knockout_phase,Round of 16,2025-01-21T00:00:00+00:00,date_only,aston-villa-fc,club-brugge-kv,Aston Villa FC (ENG),Club Brugge KV (BEL),3,0,openfootball,2025-01-21T00:00:00+00:00,0.4732316523280278,0.24654450261780106,0.2802238450541712,2.0070024587881132,0.8559152743488198,1568.6237589675218,1455.9449463528204
ucl-2024-25-175,2024-25,knockout_phase,Round of 16,2025-01-21T00:00:00+00:00,date_only,club-atl-tico-de-madrid,real-madrid-cf,Club Atlético de Madrid (ESP),Real Madrid CF (ESP),2,4,openfootball,2025-01-21T00:00:00+00:00,0.3218375701899088,0.24654164849542085,0.4316207813146704,1.8098533806827017,2.1225359001050013,1617.4578065004685,1766.3779357277376
ucl-2024-25-176,2024-25,knockout_phase,Round of 16,2025-01-21T00:00:00+00:00,date_only,arsenal-fc,psv,Arsenal FC (ENG),PSV (NED),2,2,openfootball,2025-01-21T00:00:00+00:00,0.5166980700504851,0.2465387968613775,0.23676313308813746,2.1776217698024105,1.207390956251095,1736.1704988981087,1541.4429797863793
ucl-2024-25-177,2024-25,knockout_phase,Quarterfinals,2025-01-21T00:00:00+00:00,date_only,arsenal-fc,real-madrid-cf,Arsenal FC (ENG),Real Madrid CF (ESP),3,0,openfootball,2025-01-21T00:00:00+00:00,0.37754996227274473,0.2465359477124183,0.375914090014837,1.8495181555984463,1.6486435400373718,1730.5718001588618,1784.1822715052424
ucl-2024-25-178,2024-25,knockout_phase,Quarterfinals,2025-01-21T00:00:00+00:00,date_only,fc-bayern-m-nchen,fc-internazionale-milano,FC Bayern München (GER),FC Internazionale Milano (ITA),1,2,openfootball,2025-01-21T00:00:00+00:00,0.40264047842239714,0.2465331010452962,0.3508264205323066,1.5156625655439844,1.2691842332790981,1661.962731447438,1672.8819385089425
ucl-2024-25-179,2024-25,knockout_phase,Quarterfinals,2025-01-21T00:00:00+00:00,date_only,paris-saint-germain-fc,aston-villa-fc,Paris Saint-Germain FC (FRA),Aston Villa FC (ENG),3,1,openfootball,2025-01-21T00:00:00+00:00,0.4194920620428518,0.2465302568567697,0.33397768110037857,1.7231940769476148,1.3115623855007317,1602.7141422180061,1584.7636028220447
ucl-2024-25-180,2024-25,knockout_phase,Quarterfinals,2025-01-21T00:00:00+00:00,date_only,fc-barcelona,borussia-dortmund,FC Barcelona (ESP),Borussia Dortmund (GER),4,0,openfootball,2025-01-21T00:00:00+00:00,0.5259632342512897,0.2465274151436031,0.22750935060510724,2.0359252431538333,1.2563223054769335,1927.8995068591307,1714.7267150745308
ucl-2024-25-181,2024-25,knockout_phase,Quarterfinals,2025-01-21T00:00:00+00:00,date_only,aston-villa-fc,paris-saint-germain-fc,Aston Villa FC (ENG),Paris Saint-Germain FC (FRA),3,2,openfootball,2025-01-21T00:00:00+00:00,0.3770143998545898,0.24652457590256632,0.37646102424284394,1.3801139187570035,1.7030199761055085,1566.4738904408941,1621.0038545991567
ucl-2024-25-182,2024-25,knockout_phase,Quarterfinals,2025-01-21T00:00:00+00:00,date_only,borussia-dortmund,fc-barcelona,Borussia Dortmund (GER),FC Barcelona (ESP),3,1,openfootball,2025-01-21T00:00:00+00:00,0.27010415801805804,0.2465217391304348,0.4833741028515071,1.3065680355258458,1.9166370444475405,1700.6957927474546,1941.930429186207
ucl-2024-25-183,2024-25,knockout_phase,Quarterfinals,2025-01-21T00:00:00+00:00,date_only,real-madrid-cf,arsenal-fc,Real Madrid CF (ESP),Arsenal FC (ENG),1,2,openfootball,2025-01-21T00:00:00+00:00,0.4170126539077411,0.24651890482398955,0.33646844126826936,1.7103439569516334,1.7908827291755354,1764.2149889504005,1750.5390827137037
ucl-2024-25-184,2024-25,knockout_phase,Quarterfinals,2025-01-21T00:00:00+00:00,date_only,fc-internazionale-milano,fc-bayern-m-nchen,FC Internazionale Milano (ITA),FC Bayern München (GER),2,2,openfootball,2025-01-21T00:00:00+00:00,0.4397157879717871,0.24651607298001738,0.31376813904819556,1.459614353268802,1.3510357901122312,1693.9182196667443,1640.9264502896363
ucl-2024-25-185,2024-25,knockout_phase,Semifinals,2025-01-21T00:00:00+00:00,date_only,arsenal-fc,paris-saint-germain-fc,Arsenal FC (ENG),Paris Saint-Germain FC (FRA),0,1,openfootball,2025-01-21T00:00:00+00:00,0.5045839952345489,0.24651324359531046,0.24890276117014062,1.9813625373792512,1.3442433034299321,1772.1499669664931,1601.0149221113916
ucl-2024-25-186,2024-25,knockout_phase,Semifinals,2025-01-21T00:00:00+00:00,date_only,fc-barcelona,fc-internazionale-milano,FC Barcelona (ESP),FC Internazionale Milano (ITA),3,3,openfootball,2025-01-21T00:00:00+00:00,0.5324200575429024,0.24651041666666668,0.22106952579043085,2.264804803001055,1.0241561575991565,1917.665030289538,1691.3992666882725
ucl-2024-25-187,2024-25,knockout_phase,Semifinals,2025-01-21T00:00:00+00:00,date_only,fc-internazionale-milano,fc-barcelona,FC Internazionale Milano (ITA),FC Barcelona (ESP),4,3,openfootball,2025-01-21T00:00:00+00:00,0.28513185395444346,0.24650759219088936,0.4683605538546672,1.139354412254892,2.1116769640232467,1697.626277323322,1911.4380196544885
ucl-2024-25-188,2024-25,knockout_phase,Semifinals,2025-01-21T00:00:00+00:00,date_only,paris-saint-germain-fc,arsenal-fc,Paris Saint-Germain FC (FRA),Arsenal FC (ENG),2,1,openfootball,2025-01-21T00:00:00+00:00,0.3380863668982599,0.2465047701647875,0.41540886293695256,1.4682230955929638,1.7642786663827719,1626.1285467926798,1747.036342285205
ucl-2024-25-189,2024-25,knockout_phase,Final,2025-01-21T00:00:00+00:00,date_only,paris-saint-germain-fc,fc-internazionale-milano,Paris Saint-Germain FC (FRA),FC Internazionale Milano (ITA),5,0,openfootball,2025-01-21T00:00:00+00:00,0.3657935125730171,0.24650195058517557,0.3877045368418074,1.5386534544934394,1.4090772364052486,1647.6749967134538,1721.2908513213265
ucl-2025-26-001,2025-26,league_phase,Matchday 1,2025-09-16T00:00:00+00:00,date_only,athletic-club,arsenal-fc,Athletic Club (ESP),Arsenal FC (ENG),0,2,openfootball,2025-09-16T00:00:00+00:00,0.2671353402824669,0.2464991334488735,0.48636552626865964,1.1451478893151528,1.985009893676083,1478.7442826195372,1725.489892364431
ucl-2025-26-002,2025-26,league_phase,Matchday 1,2025-09-16T00:00:00+00:00,date_only,psv,royale-union-saint-gilloise,PSV (NED),Royale Union Saint-Gilloise (BEL),1,3,openfootball,2025-09-16T00:00:00+00:00,0.4363173126721397,0.24649631875270678,0.3171863685751536,1.759201398771355,1.818638880982916,1547.0416785256261,1500.0
ucl-2025-26-003,2025-26,league_phase,Matchday 1,2025-09-16T00:00:00+00:00,date_only,juventus-fc,borussia-dortmund,Juventus FC (ITA),Borussia Dortmund (GER),4,4,openfootball,2025-09-16T00:00:00+00:00,0.2892336918615527,0.2464935064935065,0.4642728016449408,1.2325854298611918,1.8068547330341236,1518.5252459390922,1724.9611916441236
ucl-2025-26-004,2025-26,league_phase,Matchday 1,2025-09-16T00:00:00+00:00,date_only,sport-lisboa-e-benfica,qaraba-a-dam-fk,Sport Lisboa e Benfica (POR),Qarabağ Ağdam FK (AZE),2,3,openfootball,2025-09-16T00:00:00+00:00,0.39857420001178984,0.24649069666810905,0.3549351033201011,1.6606445459436765,1.67859547435617,1482.106788465745,1500.0
ucl-2025-26-005,2025-26,league_phase,Matchday 1,2025-09-16T00:00:00+00:00,date_only,tottenham-hotspur-fc,villarreal-cf,Tottenham Hotspur FC (ENG),Villarreal CF (ESP),1,0,openfootball,2025-09-16T00:00:00+00:00,0.4189089274331775,0.2464878892733564,0.3346031832934661,1.8007555298932267,1.2109511316409742,1500.0,1483.0933641281279
ucl-2025-26-006,2025-26,league_phase,Matchday 1,2025-09-16T00:00:00+00:00,date_only,real-madrid-cf,olympique-de-marseille,Real Madrid CF (ESP),Olympique de Marseille (FRA),2,1,openfootball,2025-09-16T00:00:00+00:00,0.5403288842035797,0.24648508430609598,0.21318603149032436,2.69254045761838,1.319745411683074,1742.604104697611,1500.0
ucl-2025-26-007,2025-26,league_phase,Matchday 1,2025-09-16T00:00:00+00:00,date_only,sk-slavia-praha,fk-bod-glimt,SK Slavia Praha (CZE),FK Bodø/Glimt (NOR),2,2,openfootball,2025-09-16T00:00:00+00:00,0.40905710245069443,0.24648228176318063,0.3444606157861249,1.5699999999999998,1.2,1500.0,1500.0
ucl-2025-26-008,2025-26,league_phase,Matchday 1,2025-09-16T00:00:00+00:00,date_only,pae-olympiakos-sfp,paphos-fc,PAE Olympiakos SFP (GRE),Paphos FC (CYP),0,0,openfootball,2025-09-16T00:00:00+00:00,0.4090586225339603,0.2464794816414687,0.344461895824571,1.5699999999999998,1.2,1500.0,1500.0
ucl-2025-26-009,2025-26,league_phase,Matchday 1,2025-09-16T00:00:00+00:00,date_only,afc-ajax,fc-internazionale-milano,AFC Ajax (NED),FC Internazionale Milano (ITA),0,2,openfootball,2025-09-16T00:00:00+00:00,0.35390867072006554,0.24647668393782382,0.3996146453421106,1.5123650863404503,1.5566961662217573,1606.98485209155,1700.8526308359508
ucl-2025-26-010,2025-26,league_phase,Matchday 1,2025-09-16T00:00:00+00:00,date_only,liverpool-fc,club-atl-tico-de-madrid,Liverpool FC (ENG),Club Atlético de Madrid (ESP),3,2,openfootball,2025-09-16T00:00:00+00:00,0.566183361032188,0.24647388864911524,0.1873427503186967,2.349292194893497,1.1571603034911433,1898.5664808327836,1599.6534707229637
ucl-2025-26-011,2025-26,league_phase,Matchday 1,2025-09-16T00:00:00+00:00,date_only,paris-saint-germain-fc,atalanta-bc,Paris Saint-Germain FC (FRA),Atalanta BC (ITA),4,0,openfootball,2025-09-16T00:00:00+00:00,0.49460736657682464,0.24647109577221743,0.258921537650958,2.0672766009434964,1.2575633346298183,1668.1132171988295,1515.9966806820182
ucl-2025-26-012,2025-26,league_phase,Matchday 1,2025-09-16T00:00:00+00:00,date_only,fc-bayern-m-nchen,chelsea-fc,FC Bayern München (GER),Chelsea FC (ENG),3,1,openfootball,2025-09-16T00:00:00+00:00,0.2930474644157612,0.24646830530401034,0.4604842302802285,1.1831564580968648,1.8871797515552948,1643.445403268108,1843.067489617444
ucl-2025-26-013,2025-26,league_phase,Matchday 1,2025-09-16T00:00:00+00:00,date_only,fc-k-benhavn,bayer-04-leverkusen,FC København (DEN),Bayer 04 Leverkusen (GER),2,2,openfootball,2025-09-16T00:00:00+00:00,0.35193047501282115,0.2464655172413793,0.4016040077457996,0.98340233621699,1.620389242137519,1429.427177727753,1526.677707600698
ucl-2025-26-014,2025-26,league_phase,Matchday 1,2025-09-16T00:00:00+00:00,date_only,club-brugge-kv,as-monaco-fc,Club Brugge KV (BEL),AS Monaco FC (MCO),4,1,openfootball,2025-09-16T00:00:00+00:00,0.3712410512033802,0.24646273158121498,0.3822962172154048,1.1330082238605286,1.826260087578244,1439.8051024982974,1504.195233865663
ucl-2025-26-015,2025-26,league_phase,Matchday 1,2025-09-16T00:00:00+00:00,date_only,newcastle-united-fc,fc-barcelona,Newcastle United FC (ENG),FC Barcelona (ESP),1,2,openfootball,2025-09-16T00:00:00+00:00,0.1819816007472917,0.2464599483204134,0.571558450932295,0.9243824274905529,2.395683247196747,1466.5458721586608,1887.773445656484
ucl-2025-26-016,2025-26,league_phase,Matchday 1,2025-09-16T00:00:00+00:00,date_only,manchester-city-fc,ssc-napoli,Manchester City FC (ENG),SSC Napoli (ITA),2,0,openfootball,2025-09-16T00:00:00+00:00,0.3481091456784022,0.24645716745587604,0.40543368686572184,1.658515664444049,1.8441874684447606,1568.974341903872,1672.7555445710132
ucl-2025-26-017,2025-26,league_phase,Matchday 1,2025-09-16T00:00:00+00:00,date_only,eintracht-frankfurt,galatasaray-sk,Eintracht Frankfurt (GER),Galatasaray SK (TUR),5,1,openfootball,2025-09-16T00:00:00+00:00,0.4235809272224217,0.24645438898450947,0.32996468379306887,1.5693404838637042,1.6262418986233222,1483.97872031202,1459.0558539612891
ucl-2025-26-018,2025-26,league_phase,Matchday 1,2025-09-16T00:00:00+00:00,date_only,sporting-clube-de-portugal,fk-kairat,Sporting Clube de Portugal (POR),FK Kairat (KAZ),4,1,openfootball,2025-09-16T00:00:00+00:00,0.40095711104288084,0.24645161290322581,0.35259127605389334,1.4084453169834252,1.50924374641326,1486.13438038011,1500.0
ucl-2025-26-019,2025-26,league_phase,Matchday 2,2025-09-16T00:00:00+00:00,date_only,atalanta-bc,club-brugge-kv,Atalanta BC (ITA),Club Brugge KV (BEL),2,1,openfootball,2025-09-16T00:00:00+00:00,0.43269001301803367,0.2464488392089424,0.320861147773024,1.9926131702876861,1.037393334737593,1500.7103972605355,1460.0262058185378
ucl-2025-26-020,2025-26,league_phase,Matchday 2,2025-09-16T00:00:00+00:00,date_only,fk-kairat,real-madrid-cf,FK Kairat (KAZ),Real Madrid CF (ESP),0,5,openfootball,2025-09-16T00:00:00+00:00,0.25208194503304127,0.24644606789858187,0.5014719870683769,1.3390309196159937,2.5971890574106533,1480.9673166997798,1756.061247643346
ucl-2025-26-021,2025-26,league_phase,Matchday 2,2025-09-16T00:00:00+00:00,date_only,galatasaray-sk,liverpool-fc,Galatasaray SK (TUR),Liverpool FC (ENG),1,0,openfootball,2025-09-16T00:00:00+00:00,0.16175774570483736,0.24644329896907213,0.5917989553260905,0.885585462629319,2.4369698321437356,1440.9281788298763,1910.9896686185136
ucl-2025-26-022,2025-26,league_phase,Matchday 2,2025-09-16T00:00:00+00:00,date_only,club-atl-tico-de-madrid,eintracht-frankfurt,Club Atlético de Madrid (ESP),Eintracht Frankfurt (GER),5,1,openfootball,2025-09-16T00:00:00+00:00,0.45797988501262693,0.2464405324173465,0.29557958257002653,2.2909365729115008,1.509917408337466,1587.2302829372336,1502.1063954434328
ucl-2025-26-023,2025-26,league_phase,Matchday 2,2025-09-16T00:00:00+00:00,date_only,olympique-de-marseille,afc-ajax,Olympique de Marseille (FRA),AFC Ajax (NED),4,0,openfootball,2025-09-16T00:00:00+00:00,0.3495379466538794,0.24643776824034336,0.4040242851057773,1.4886615712252285,1.6769457430198171,1486.5428570542651,1587.898971583991
ucl-2025-26-024,2025-26,league_phase,Matchday 2,2025-09-16T00:00:00+00:00,date_only,fk-bod-glimt,tottenham-hotspur-fc,FK Bodø/Glimt (NOR),Tottenham Hotspur FC (ENG),2,2,openfootball,2025-09-16T00:00:00+00:00,0.39911482497193024,0.24643500643500643,0.3544501685930633,1.1058150371800715,1.511347970255943,1501.2919297332915,1518.3138851172057
ucl-2025-26-025,2025-26,league_phase,Matchday 2,2025-09-16T00:00:00+00:00,date_only,paphos-fc,fc-bayern-m-nchen,Paphos FC (CYP),FC Bayern München (GER),1,5,openfootball,2025-09-16T00:00:00+00:00,0.31236733428673946,0.24643224699828473,0.44120041871497584,1.124938639481135,2.0746205169865206,1501.2919345341877,1666.7941385853974
ucl-2025-26-026,2025-26,league_phase,Matchday 2,2025-09-16T00:00:00+00:00,date_only,chelsea-fc,sport-lisboa-e-benfica,Chelsea FC (ENG),Sport Lisboa e Benfica (POR),1,0,openfootball,2025-09-16T00:00:00+00:00,0.5911829667476516,0.24642948992713243,0.16238754332521596,2.289426944979283,0.8903205129820908,1819.7187543001546,1461.2340065319113
ucl-2025-26-027,2025-26,league_phase,Matchday 2,2025-09-16T00:00:00+00:00,date_only,fc-internazionale-milano,sk-slavia-praha,FC Internazionale Milano (ITA),SK Slavia Praha (CZE),3,0,openfootball,2025-09-16T00:00:00+00:00,0.5300129390870815,0.246426735218509,0.22356032569440948,1.9443587008973342,0.8925130392821325,1719.9385113435098,1498.7080702667085
ucl-2025-26-028,2025-26,league_phase,Matchday 2,2025-09-16T00:00:00+00:00,date_only,qaraba-a-dam-fk,fc-k-benhavn,Qarabağ Ağdam FK (AZE),FC København (DEN),2,0,openfootball,2025-09-16T00:00:00+00:00,0.4609757285772971,0.246423982869379,0.2926002885533239,1.8382339208166605,0.8682700062038144,1520.8727819338337,1430.4206483824125
ucl-2025-26-029,2025-26,league_phase,Matchday 2,2025-09-16T00:00:00+00:00,date_only,royale-union-saint-gilloise,newcastle-united-fc,Royale Union Saint-Gilloise (BEL),Newcastle United FC (ENG),0,4,openfootball,2025-09-16T00:00:00+00:00,0.44835066366746185,0.24642123287671233,0.3052281034558258,1.6767043414329823,0.9546365268536141,1522.3826188819398,1454.337409162361
ucl-2025-26-030,2025-26,league_phase,Matchday 2,2025-09-16T00:00:00+00:00,date_only,borussia-dortmund,athletic-club,Borussia Dortmund (GER),Athletic Club (ESP),4,1,openfootball,2025-09-16T00:00:00+00:00,0.5478098354282686,0.24641848523748394,0.20577167933424742,2.0384012692576623,1.1090289845938703,1721.4604094484557,1463.128886339261
ucl-2025-26-031,2025-26,league_phase,Matchday 2,2025-09-16T00:00:00+00:00,date_only,fc-barcelona,paris-saint-germain-fc,FC Barcelona (ESP),Paris Saint-Germain FC (FRA),1,2,openfootball,2025-09-16T00:00:00+00:00,0.5277300253140452,0.24641573994867408,0.22585423473728075,2.260022912281395,1.1850914967644792,1899.9819086527839,1683.3995006203122
ucl-2025-26-032,2025-26,league_phase,Matchday 2,2025-09-16T00:00:00+00:00,date_only,as-monaco-fc,manchester-city-fc,AS Monaco FC (MCO),Manchester City FC (ENG),2,2,openfootball,2025-09-16T00:00:00+00:00,0.3467453420566257,0.24641299700726804,0.4068416609361062,1.6877944148481703,2.383264468121464,1483.9741305454227,1590.1208327276186
ucl-2025-26-033,2025-26,league_phase,Matchday 2,2025-09-16T00:00:00+00:00,date_only,bayer-04-leverkusen,psv,Bayer 04 Leverkusen (GER),PSV (NED),1,1,openfootball,2025-09-16T00:00:00+00:00,0.40969524889362285,0.2464102564102564,0.34389449469612077,1.9021043144186267,1.4680665484650985,1525.6842369460385,1524.6590596436863
ucl-2025-26-034,2025-26,league_phase,Matchday 2,2025-09-16T00:00:00+00:00,date_only,arsenal-fc,pae-olympiakos-sfp,Arsenal FC (ENG),PAE Olympiakos SFP (GRE),2,0,openfootball,2025-09-16T00:00:00+00:00,0.5402856493117755,0.24640751815463477,0.21330683253358973,2.186862550847277,1.0681315809438,1741.1052886447071,1498.7080654658123
ucl-2025-26-035,2025-26,league_phase,Matchday 2,2025-09-16T00:00:00+00:00,date_only,villarreal-cf,juventus-fc,Villarreal CF (ESP),Juventus FC (ITA),2,2,openfootball,2025-09-16T00:00:00+00:00,0.37547496691043275,0.24640478223740392,0.37812025085216333,1.305627875730135,1.6048310327492252,1464.7794790109222,1522.02602813476
ucl-2025-26-036,2025-26,league_phase,Matchday 2,2025-09-16T00:00:00+00:00,date_only,ssc-napoli,sporting-clube-de-portugal,SSC Napoli (ITA),Sporting Clube de Portugal (POR),2,1,openfootball,2025-09-16T00:00:00+00:00,0.4916303402777783,0.2464020486555698,0.2619676110666519,1.9364794361668913,1.2634831177331536,1651.6090537472667,1505.1670636803303
ucl-2025-26-037,2025-26,league_phase,Matchday 3,2025-09-16T00:00:00+00:00,date_only,fc-barcelona,pae-olympiakos-sfp,FC Barcelona (ESP),PAE Olympiakos SFP (GRE),6,1,openfootball,2025-09-16T00:00:00+00:00,0.6029116506011621,0.24639931740614335,0.15068903199269446,2.5740509455012637,0.8915537641469342,1873.9443928412486,1485.247641801376
ucl-2025-26-038,2025-26,league_phase,Matchday 3,2025-09-16T00:00:00+00:00,date_only,fk-kairat,paphos-fc,FK Kairat (KAZ),Paphos FC (CYP),0,0,openfootball,2025-09-16T00:00:00+00:00,0.398612086878689,0.2463965884861407,0.35499132463517025,1.605072101098112,2.5119423191215104,1465.9551175404865,1483.8685962227523
ucl-2025-26-039,2025-26,league_phase,Matchday 3,2025-09-16T00:00:00+00:00,date_only,royale-union-saint-gilloise,fc-internazionale-milano,Royale Union Saint-Gilloise (BEL),FC Internazionale Milano (ITA),0,4,openfootball,2025-09-16T00:00:00+00:00,0.2739229435717749,0.2463938618925831,0.47968319453564195,0.9247589238350423,1.896933601672707,1499.5201676777071,1733.8094590756564
ucl-2025-26-040,2025-26,league_phase,Matchday 3,2025-09-16T00:00:00+00:00,date_only,fc-k-benhavn,borussia-dortmund,FC København (DEN),Borussia Dortmund (GER),2,4,openfootball,2025-09-16T00:00:00+00:00,0.22871436035590526,0.24639113762249681,0.5248945020215979,1.079307092380264,1.9405543260957887,1413.788157182892,1734.6196463265753
ucl-2025-26-041,2025-26,league_phase,Matchday 3,2025-09-16T00:00:00+00:00,date_only,bayer-04-leverkusen,paris-saint-germain-fc,Bayer 04 Leverkusen (GER),Paris Saint-Germain FC (FRA),2,7,openfootball,2025-09-16T00:00:00+00:00,0.30126380766840083,0.24638841567291309,0.45234777665868614,1.1285667021996195,2.007100126612398,1524.3682218620884,1709.4370164318475
ucl-2025-26-042,2025-26,league_phase,Matchday 3,2025-09-16T00:00:00+00:00,date_only,villarreal-cf,manchester-city-fc,Villarreal CF (ESP),Manchester City FC (ENG),0,2,openfootball,2025-09-16T00:00:00+00:00,0.3362889503865674,0.24638569604086846,0.4173253535725642,1.4927850414735828,2.17796244301161,1464.8323846897567,1588.918906350029
ucl-2025-26-043,2025-26,league_phase,Matchday 3,2025-09-16T00:00:00+00:00,date_only,arsenal-fc,club-atl-tico-de-madrid,Arsenal FC (ENG),Club Atlético de Madrid (ESP),4,0,openfootball,2025-09-16T00:00:00+00:00,0.49385026651165015,0.24638297872340426,0.25976675476494565,2.0788195295173013,1.4100277097194922,1754.5657123091435,1603.9822768883816
ucl-2025-26-044,2025-26,league_phase,Matchday 3,2025-09-16T00:00:00+00:00,date_only,newcastle-united-fc,sport-lisboa-e-benfica,Newcastle United FC (ENG),Sport Lisboa e Benfica (POR),3,0,openfootball,2025-09-16T00:00:00+00:00,0.42505201487832234,0.246380263717567,0.3285677214041107,1.7499678116147184,1.3745971792796536,1477.1998603665936,1449.80991500036
ucl-2025-26-045,2025-26,league_phase,Matchday 3,2025-09-16T00:00:00+00:00,date_only,psv,ssc-napoli,PSV (NED),SSC Napoli (ITA),6,2,openfootball,2025-09-16T00:00:00+00:00,0.32645624178701704,0.24637755102040815,0.4271662071925748,1.3834184439228743,1.8678366734331289,1525.9750747276364,1667.0157991630442
ucl-2025-26-046,2025-26,league_phase,Matchday 3,2025-09-16T00:00:00+00:00,date_only,galatasaray-sk,fk-bod-glimt,Galatasaray SK (TUR),FK Bodø/Glimt (NOR),3,1,openfootball,2025-09-16T00:00:00+00:00,0.3910130788560046,0.24637484062898427,0.3626120805150111,1.6942753053471562,2.2205797557222753,1469.5290030223014,1500.398636605714
ucl-2025-26-047,2025-26,league_phase,Matchday 3,2025-09-16T00:00:00+00:00,date_only,athletic-club,qaraba-a-dam-fk,Athletic Club (ESP),Qarabağ Ağdam FK (AZE),3,1,openfootball,2025-09-16T00:00:00+00:00,0.3576743621544031,0.2463721325403568,0.39595350530524004,0.8470536469398228,1.7583570824481418,1449.9696494611414,1537.5052731333542
ucl-2025-26-048,2025-26,league_phase,Matchday 3,2025-09-16T00:00:00+00:00,date_only,eintracht-frankfurt,liverpool-fc,Eintracht Frankfurt (GER),Liverpool FC (ENG),1,5,openfootball,2025-09-16T00:00:00+00:00,0.19264334200080366,0.24636942675159237,0.560987231247604,0.9289229104583894,2.307700381310708,1485.3544014922848,1882.3888444260886
ucl-2025-26-049,2025-26,league_phase,Matchday 3,2025-09-16T00:00:00+00:00,date_only,atalanta-bc,sk-slavia-praha,Atalanta BC (ITA),SK Slavia Praha (CZE),0,0,openfootball,2025-09-16T00:00:00+00:00,0.4286726743801591,0.2463667232597623,0.3249606023600786,2.2194591526127994,1.2632898207669037,1518.4738199556352,1484.837122534562
ucl-2025-26-050,2025-26,league_phase,Matchday 3,2025-09-16T00:00:00+00:00,date_only,sporting-clube-de-portugal,olympique-de-marseille,Sporting Clube de Portugal (POR),Olympique de Marseille (FRA),2,1,openfootball,2025-09-16T00:00:00+00:00,0.39865349660575355,0.24636402206194313,0.35498248133230326,1.5336778739391366,1.6547719865629764,1489.7603182645528,1507.632583823303
ucl-2025-26-051,2025-26,league_phase,Matchday 3,2025-09-16T00:00:00+00:00,date_only,as-monaco-fc,tottenham-hotspur-fc,AS Monaco FC (MCO),Tottenham Hotspur FC (ENG),0,0,openfootball,2025-09-16T00:00:00+00:00,0.38916098352759554,0.24636132315521625,0.36447769331718827,1.5916407322318578,1.8798302713573711,1485.1760569230123,1519.207178244783
ucl-2025-26-052,2025-26,league_phase,Matchday 3,2025-09-16T00:00:00+00:00,date_only,fc-bayern-m-nchen,club-brugge-kv,FC Bayern München (GER),Club Brugge KV (BEL),4,0,openfootball,2025-09-16T00:00:00+00:00,0.5401091377773832,0.24635862653666807,0.21353223568594867,2.246628911477829,0.9011968708177369,1684.2174768968327,1442.262783123438
ucl-2025-26-053,2025-26,league_phase,Matchday 3,2025-09-16T00:00:00+00:00,date_only,chelsea-fc,afc-ajax,Chelsea FC (ENG),AFC Ajax (NED),5,1,openfootball,2025-09-16T00:00:00+00:00,0.5506492377214162,0.2463559322033898,0.202994830075194,2.074845902081862,1.0706911795690783,1831.142845831706,1566.809244814953
ucl-2025-26-054,2025-26,league_phase,Matchday 3,2025-09-16T00:00:00+00:00,date_only,real-madrid-cf,juventus-fc,Real Madrid CF (ESP),Juventus FC (ITA),1,0,openfootball,2025-09-16T00:00:00+00:00,0.5435136316138877,0.24635324015247778,0.21013312823363467,2.473925067036896,1.2729575073460933,1771.0734468026392,1521.9731224559255
ucl-2025-26-055,2025-26,league_phase,Matchday 4,2025-09-16T00:00:00+00:00,date_only,sk-slavia-praha,arsenal-fc,SK Slavia Praha (CZE),Arsenal FC (ENG),0,3,openfootball,2025-09-16T00:00:00+00:00,0.24800004603395195,0.24635055038103304,0.505649403585015,1.0764971272249875,2.0989048623225743,1486.9113639749637,1769.8840420742094
ucl-2025-26-056,2025-26,league_phase,Matchday 4,2025-09-16T00:00:00+00:00,date_only,ssc-napoli,eintracht-frankfurt,SSC Napoli (ITA),Eintracht Frankfurt (GER),0,0,openfootball,2025-09-16T00:00:00+00:00,0.5052910642489161,0.24634786288616167,0.2483610728649221,2.074377744625571,1.26352483132657,1645.0015998549331,1472.7212792772207
ucl-2025-26-057,2025-26,league_phase,Matchday 4,2025-09-16T00:00:00+00:00,date_only,juventus-fc,sporting-clube-de-portugal,Juventus FC (ITA),Sporting Clube de Portugal (POR),1,1,openfootball,2025-09-16T00:00:00+00:00,0.4089876512247651,0.24634517766497463,0.34466717111026024,1.5428717852139622,1.4617025718288303,1508.6407325235305,1508.8868979590839
ucl-2025-26-058,2025-26,league_phase,Matchday 4,2025-09-16T00:00:00+00:00,date_only,club-atl-tico-de-madrid,royale-union-saint-gilloise,Club Atlético de Madrid (ESP),Royale Union Saint-Gilloise (BEL),3,1,openfootball,2025-09-16T00:00:00+00:00,0.46913696178069364,0.24634249471458775,0.28452054350471856,2.6306007350988656,1.5838271042285996,1588.6639471233157,1483.6353726969844
ucl-2025-26-059,2025-26,league_phase,Matchday 4,2025-09-16T00:00:00+00:00,date_only,tottenham-hotspur-fc,fc-k-benhavn,Tottenham Hotspur FC (ENG),FC København (DEN),4,0,openfootball,2025-09-16T00:00:00+00:00,0.4773701273804962,0.2463398140321217,0.2762900585873821,1.8449909033606544,0.7950072773114765,1519.7008440489913,1399.711760016206
ucl-2025-26-060,2025-26,league_phase,Matchday 4,2025-09-16T00:00:00+00:00,date_only,fk-bod-glimt,as-monaco-fc,FK Bodø/Glimt (NOR),AS Monaco FC (MCO),0,1,openfootball,2025-09-16T00:00:00+00:00,0.40696309713556716,0.24633713561470216,0.3466997672497307,1.8669035545447747,1.62747715636418,1480.966656572534,1484.6823911188042
ucl-2025-26-061,2025-26,league_phase,Matchday 4,2025-09-16T00:00:00+00:00,date_only,pae-olympiakos-sfp,psv,PAE Olympiakos SFP (GRE),PSV (NED),1,1,openfootball,2025-09-16T00:00:00+00:00,0.36582697915270695,0.24633445945945945,0.3878385613878336,1.7508933757558571,1.8952852993953144,1474.2920941735454,1547.9892740357475
ucl-2025-26-062,2025-26,league_phase,Matchday 4,2025-09-16T00:00:00+00:00,date_only,paris-saint-germain-fc,fc-bayern-m-nchen,Paris Saint-Germain FC (FRA),FC Bayern München (GER),1,2,openfootball,2025-09-16T00:00:00+00:00,0.4258548952751274,0.24633178556352892,0.32781331916134365,1.8816460831969852,1.5874044449178217,1726.4153370520419,1697.685938855004
ucl-2025-26-063,2025-26,league_phase,Matchday 4,2025-09-16T00:00:00+00:00,date_only,liverpool-fc,real-madrid-cf,Liverpool FC (ENG),Real Madrid CF (ESP),1,0,openfootball,2025-09-16T00:00:00+00:00,0.4722311780202784,0.24632911392405063,0.2814397080556709,2.115688880184923,1.382396264273114,1895.0219666411526,1784.4058367350342
ucl-2025-26-064,2025-26,league_phase,Matchday 4,2025-09-16T00:00:00+00:00,date_only,paphos-fc,villarreal-cf,Paphos FC (CYP),Villarreal CF (ESP),1,0,openfootball,2025-09-16T00:00:00+00:00,0.43137965032474795,0.24632644453816954,0.3222939051370825,1.6519065822617884,1.1828080675239026,1484.7410114676227,1446.4531127534767
ucl-2025-26-065,2025-26,league_phase,Matchday 4,2025-09-16T00:00:00+00:00,date_only,qaraba-a-dam-fk,chelsea-fc,Qarabağ Ağdam FK (AZE),Chelsea FC (ENG),2,2,openfootball,2025-09-16T00:00:00+00:00,0.22545312519005714,0.24632377740303538,0.5282230974069075,0.9059484732380613,2.1300647508213157,1516.7396902703374,1844.1897576787815
ucl-2025-26-066,2025-26,league_phase,Matchday 4,2025-09-16T00:00:00+00:00,date_only,fc-internazionale-milano,fk-kairat,FC Internazionale Milano (ITA),FK Kairat (KAZ),2,1,openfootball,2025-09-16T00:00:00+00:00,0.5599353617127714,0.24632111251580274,0.19374352577142598,2.2537280172719,0.672327931010066,1749.6942540563791,1465.0827022956162
ucl-2025-26-067,2025-26,league_phase,Matchday 4,2025-09-16T00:00:00+00:00,date_only,manchester-city-fc,borussia-dortmund,Manchester City FC (ENG),Borussia Dortmund (GER),4,1,openfootball,2025-09-16T00:00:00+00:00,0.32627532480906096,0.246318449873631,0.427406225317308,1.5021684456608728,1.847689901005548,1607.298178286309,1748.6960434932614
ucl-2025-26-068,2025-26,league_phase,Matchday 4,2025-09-16T00:00:00+00:00,date_only,club-brugge-kv,fc-barcelona,Club Brugge KV (BEL),FC Barcelona (ESP),3,3,openfootball,2025-09-16T00:00:00+00:00,0.16739524113385587,0.2463157894736842,0.5862889693924598,0.8560736000751058,2.389928998727794,1428.7943211652669,1884.8999404690792
ucl-2025-26-069,2025-26,league_phase,Matchday 4,2025-09-16T00:00:00+00:00,date_only,sport-lisboa-e-benfica,bayer-04-leverkusen,Sport Lisboa e Benfica (POR),Bayer 04 Leverkusen (GER),0,1,openfootball,2025-09-16T00:00:00+00:00,0.36468838646022544,0.24631313131313132,0.38899848222664335,1.5863698477291743,1.7269041218166608,1431.7396008698443,1507.389901241894
ucl-2025-26-070,2025-26,league_phase,Matchday 4,2025-09-16T00:00:00+00:00,date_only,olympique-de-marseille,atalanta-bc,Olympique de Marseille (FRA),Atalanta BC (ITA),0,1,openfootball,2025-09-16T00:00:00+00:00,0.39279602935341096,0.246310475389146,0.3608934952574431,1.4717553546779487,1.7685957162576411,1488.506004128772,1516.3995785152335
ucl-2025-26-071,2025-26,league_phase,Matchday 4,2025-09-16T00:00:00+00:00,date_only,afc-ajax,galatasaray-sk,AFC Ajax (NED),Galatasaray SK (TUR),0,3,openfootball,2025-09-16T00:00:00+00:00,0.4465752224027054,0.24630782169890664,0.30711695589838794,1.809136260062132,1.5243666676259702,1553.7623329678775,1488.9609830554814
ucl-2025-26-072,2025-26,league_phase,Matchday 4,2025-09-16T00:00:00+00:00,date_only,newcastle-united-fc,athletic-club,Newcastle United FC (ENG),Athletic Club (ESP),2,0,openfootball,2025-09-16T00:00:00+00:00,0.4234398950927556,0.24630517023959647,0.330254934667648,1.6404457851441259,0.9836433718846993,1495.2701744971093,1470.7352323241582
ucl-2025-26-073,2025-26,league_phase,Matchday 5,2025-09-16T00:00:00+00:00,date_only,afc-ajax,sport-lisboa-e-benfica,AFC Ajax (NED),Sport Lisboa e Benfica (POR),0,2,openfootball,2025-09-16T00:00:00+00:00,0.4767142884693274,0.24630252100840333,0.2769831905222693,1.8098652282862728,1.4435623628255272,1530.973167637791,1412.2258027851726
ucl-2025-26-074,2025-26,league_phase,Matchday 5,2025-09-16T00:00:00+00:00,date_only,galatasaray-sk,royale-union-saint-gilloise,Galatasaray SK (TUR),Royale Union Saint-Gilloise (BEL),0,1,openfootball,2025-09-16T00:00:00+00:00,0.43492637327533923,0.24629987400251993,0.3187737527221408,2.2998758489596964,1.6132421779751,1511.7501483855679,1467.3277010625038
ucl-2025-26-075,2025-26,league_phase,Matchday 5,2025-09-16T00:00:00+00:00,date_only,borussia-dortmund,villarreal-cf,Borussia Dortmund (GER),Villarreal CF (ESP),4,0,openfootball,2025-09-16T00:00:00+00:00,0.5659310980887883,0.24629722921914354,0.18777167269206818,2.1149408406539756,1.1026774644631212,1726.6734254830965,1428.63482765723
ucl-2025-26-076,2025-26,league_phase,Matchday 5,2025-09-16T00:00:00+00:00,date_only,manchester-city-fc,bayer-04-leverkusen,Manchester City FC (ENG),Bayer 04 Leverkusen (GER),0,2,openfootball,2025-09-16T00:00:00+00:00,0.4677198951119842,0.2462945866554763,0.2859855182325395,2.389558107124046,1.5106693037744472,1629.3207962964739,1526.9036993265656
ucl-2025-26-077,2025-26,league_phase,Matchday 5,2025-09-16T00:00:00+00:00,date_only,fk-bod-glimt,juventus-fc,FK Bodø/Glimt (NOR),Juventus FC (ITA),2,3,openfootball,2025-09-16T00:00:00+00:00,0.38121536812779827,0.2462919463087248,0.372492685563477,1.413672555877981,1.531728621964282,1459.7613899748173,1507.3543229212403
ucl-2025-26-078,2025-26,league_phase,Matchday 5,2025-09-16T00:00:00+00:00,date_only,olympique-de-marseille,newcastle-united-fc,Olympique de Marseille (FRA),Newcastle United FC (ENG),2,1,openfootball,2025-09-16T00:00:00+00:00,0.38242620354938983,0.24628930817610065,0.37128448827450955,1.1534798032271092,1.5303590145611696,1467.8679534468527,1513.4064752886072
ucl-2025-26-079,2025-26,league_phase,Matchday 5,2025-09-16T00:00:00+00:00,date_only,sk-slavia-praha,athletic-club,SK Slavia Praha (CZE),Athletic Club (ESP),0,0,openfootball,2025-09-16T00:00:00+00:00,0.4205079687358667,0.2462866722548198,0.3332053590093135,1.3505068972801513,1.2013087678901644,1472.064351125985,1452.5989315326603
ucl-2025-26-080,2025-26,league_phase,Matchday 5,2025-09-16T00:00:00+00:00,date_only,ssc-napoli,qaraba-a-dam-fk,SSC Napoli (ITA),Qarabağ Ağdam FK (AZE),2,0,openfootball,2025-09-16T00:00:00+00:00,0.4758058584521341,0.24628403854210307,0.2779101030057629,1.938144827221267,1.3337194323406336,1639.8630000272533,1522.7950897146743
ucl-2025-26-081,2025-26,league_phase,Matchday 5,2025-09-16T00:00:00+00:00,date_only,chelsea-fc,fc-barcelona,Chelsea FC (ENG),FC Barcelona (ESP),3,0,openfootball,2025-09-16T00:00:00+00:00,0.3866391264432172,0.24628140703517587,0.36707946652160695,1.5676850403567486,1.7410389595845197,1838.1343582344446,1876.522065903907
ucl-2025-26-082,2025-26,league_phase,Matchday 5,2025-09-16T00:00:00+00:00,date_only,paphos-fc,as-monaco-fc,Paphos FC (CYP),AS Monaco FC (MCO),2,2,openfootball,2025-09-16T00:00:00+00:00,0.4072212425983,0.2462787777312683,0.3464999796704317,1.5061152545950125,1.3911077963239897,1502.5592965638693,1505.8876577165208
ucl-2025-26-083,2025-26,league_phase,Matchday 5,2025-09-16T00:00:00+00:00,date_only,fc-k-benhavn,fk-kairat,FC København (DEN),FK Kairat (KAZ),3,2,openfootball,2025-09-16T00:00:00+00:00,0.3688117431386382,0.24627615062761507,0.3849121062337467,1.1510076460990013,1.663429177238446,1383.7333613920682,1452.406539014443
ucl-2025-26-084,2025-26,league_phase,Matchday 5,2025-09-16T00:00:00+00:00,date_only,liverpool-fc,psv,Liverpool FC (ENG),PSV (NED),1,4,openfootball,2025-09-16T00:00:00+00:00,0.5933554278655562,0.24627352572145547,0.1603710464129884,2.450570514822163,0.996094046857866,1911.2061372418605,1547.5490423910448
ucl-2025-26-085,2025-26,league_phase,Matchday 5,2025-09-16T00:00:00+00:00,date_only,paris-saint-germain-fc,tottenham-hotspur-fc,Paris Saint-Germain FC (FRA),Tottenham Hotspur FC (ENG),5,3,openfootball,2025-09-16T00:00:00+00:00,0.5035151893123996,0.24627090301003346,0.250213907677567,2.314700106434585,1.0496453202577372,1704.4545055297663,1535.679242673129
ucl-2025-26-086,2025-26,league_phase,Matchday 5,2025-09-16T00:00:00+00:00,date_only,eintracht-frankfurt,atalanta-bc,Eintracht Frankfurt (GER),Atalanta BC (ITA),0,3,openfootball,2025-09-16T00:00:00+00:00,0.3744058134212465,0.24626828249059757,0.379325904088156,1.22453136210261,1.9240672180102194,1477.8598791049005,1537.037629197153
ucl-2025-26-087,2025-26,league_phase,Matchday 5,2025-09-16T00:00:00+00:00,date_only,sporting-clube-de-portugal,club-brugge-kv,Sporting Clube de Portugal (POR),Club Brugge KV (BEL),3,0,openfootball,2025-09-16T00:00:00+00:00,0.4512520750717189,0.246265664160401,0.30248226076788015,1.9749519069179362,1.0542737685832984,1510.173307561374,1437.172195730439
ucl-2025-26-088,2025-26,league_phase,Matchday 5,2025-09-16T00:00:00+00:00,date_only,arsenal-fc,fc-bayern-m-nchen,Arsenal FC (ENG),FC Bayern München (GER),3,1,openfootball,2025-09-16T00:00:00+00:00,0.44676264220210377,0.24626304801670146,0.30697430978119483,1.8817840735995777,1.4377425524410925,1784.7310549231881,1719.6467703772796
ucl-2025-26-089,2025-26,league_phase,Matchday 5,2025-09-16T00:00:00+00:00,date_only,pae-olympiakos-sfp,real-madrid-cf,PAE Olympiakos SFP (GRE),Real Madrid CF (ESP),3,4,openfootball,2025-09-16T00:00:00+00:00,0.24259169053503543,0.24626043405676123,0.5111478754082034,1.1325684068794586,2.5099452744964332,1474.732325818248,1768.2216661343264
ucl-2025-26-090,2025-26,league_phase,Matchday 5,2025-09-16T00:00:00+00:00,date_only,club-atl-tico-de-madrid,fc-internazionale-milano,Club Atlético de Madrid (ESP),FC Internazionale Milano (ITA),2,1,openfootball,2025-09-16T00:00:00+00:00,0.3170817439635713,0.24625782227784732,0.4366604337585813,1.596677471771772,1.8500305716021903,1604.9716187577963,1762.3704173375522
ucl-2025-26-091,2025-26,league_phase,Matchday 6,2025-09-16T00:00:00+00:00,date_only,fk-kairat,pae-olympiakos-sfp,FK Kairat (KAZ),PAE Olympiakos SFP (GRE),0,1,openfootball,2025-09-16T00:00:00+00:00,0.39275115184720144,0.24625521267723102,0.3609936354755675,1.7966509018640244,1.9186792785087803,1432.084531752541,1460.1034495157114
ucl-2025-26-092,2025-26,league_phase,Matchday 6,2025-09-16T00:00:00+00:00,date_only,fc-bayern-m-nchen,sporting-clube-de-portugal,FC Bayern München (GER),Sporting Clube de Portugal (POR),3,1,openfootball,2025-09-16T00:00:00+00:00,0.5068951892166583,0.24625260525218842,0.24685220553115325,2.1573415359514208,1.2092572060214721,1702.4425370256977,1527.1979112752972
ucl-2025-26-093,2025-26,league_phase,Matchday 6,2025-09-16T00:00:00+00:00,date_only,fc-barcelona,eintracht-frankfurt,FC Barcelona (ESP),Eintracht Frankfurt (GER),2,1,openfootball,2025-09-16T00:00:00+00:00,0.606859431410201,0.24624999999999997,0.146890568589799,2.608712481820084,0.9152800145439328,1856.9132591023392,1457.9582809182386
ucl-2025-26-094,2025-26,league_phase,Matchday 6,2025-09-16T00:00:00+00:00,date_only,psv,club-atl-tico-de-madrid,PSV (NED),Club Atlético de Madrid (ESP),2,3,openfootball,2025-09-16T00:00:00+00:00,0.37914079294153685,0.24624739691795086,0.3746118101405123,1.8173712812219995,2.1141029750224,1576.2087300200963,1627.3631925536965
ucl-2025-26-095,2025-26,league_phase,Matchday 6,2025-09-16T00:00:00+00:00,date_only,royale-union-saint-gilloise,olympique-de-marseille,Royale Union Saint-Gilloise (BEL),Olympique de Marseille (FRA),2,3,openfootball,2025-09-16T00:00:00+00:00,0.41035808677587604,0.24624479600333055,0.34339711722079347,1.221671361943511,1.9986629104451914,1489.6507534735679,1487.645119141355
ucl-2025-26-096,2025-26,league_phase,Matchday 6,2025-09-16T00:00:00+00:00,date_only,tottenham-hotspur-fc,sk-slavia-praha,Tottenham Hotspur FC (ENG),SK Slavia Praha (CZE),3,0,openfootball,2025-09-16T00:00:00+00:00,0.4384064965780005,0.2462421972534332,0.31535130616856627,1.9620224744786432,0.8663820204170856,1520.7452683058257,1470.318298931454
ucl-2025-26-097,2025-26,league_phase,Matchday 6,2025-09-16T00:00:00+00:00,date_only,as-monaco-fc,galatasaray-sk,AS Monaco FC (MCO),Galatasaray SK (TUR),1,0,openfootball,2025-09-16T00:00:00+00:00,0.41949370033605354,0.2462396006655574,0.33426669899838907,1.7501137712184276,1.6420628291791042,1507.1020829750782,1489.4270959745038
ucl-2025-26-098,2025-26,league_phase,Matchday 6,2025-09-16T00:00:00+00:00,date_only,atalanta-bc,chelsea-fc,Atalanta BC (ITA),Chelsea FC (ENG),2,1,openfootball,2025-09-16T00:00:00+00:00,0.23885406235164153,0.24623700623700623,0.5149089314113522,1.0072610864392608,2.0195014756761775,1556.9392273838148,1857.7431650360124
ucl-2025-26-099,2025-26,league_phase,Matchday 6,2025-09-16T00:00:00+00:00,date_only,fc-internazionale-milano,liverpool-fc,FC Internazionale Milano (ITA),Liverpool FC (ENG),0,1,openfootball,2025-09-16T00:00:00+00:00,0.3256354375018625,0.24623441396508727,0.4281301485330502,1.2906673458178952,1.8932906847491926,1739.978843541652,1882.546449612809
ucl-2025-26-100,2025-26,league_phase,Matchday 6,2025-09-16T00:00:00+00:00,date_only,villarreal-cf,fc-k-benhavn,Villarreal CF (ESP),FC København (DEN),2,3,openfootball,2025-09-16T00:00:00+00:00,0.41627872118485737,0.24623182384711256,0.33748945496803,1.5930818358889582,1.2696826794369815,1416.1980161651645,1404.0553686539704
ucl-2025-26-101,2025-26,league_phase,Matchday 6,2025-09-16T00:00:00+00:00,date_only,qaraba-a-dam-fk,afc-ajax,Qarabağ Ağdam FK (AZE),AFC Ajax (NED),2,4,openfootball,2025-09-16T00:00:00+00:00,0.40906262660389475,0.2462292358803987,0.34470813751570656,1.7031453826206264,1.5418170272368321,1506.7530048236017,1506.9785456788497
ucl-2025-26-102,2025-26,league_phase,Matchday 6,2025-09-16T00:00:00+00:00,date_only,borussia-dortmund,fk-bod-glimt,Borussia Dortmund (GER),FK Bodø/Glimt (NOR),2,2,openfootball,2025-09-16T00:00:00+00:00,0.5666375518295899,0.2462266500622665,0.1871357981081436,2.169602750543026,1.13108703033481,1739.110236975162,1439.5869363235308
ucl-2025-26-103,2025-26,league_phase,Matchday 6,2025-09-16T00:00:00+00:00,date_only,athletic-club,paris-saint-germain-fc,Athletic Club (ESP),Paris Saint-Germain FC (FRA),0,0,openfootball,2025-09-16T00:00:00+00:00,0.2574536248481315,0.2462240663900415,0.49632230876182704,0.9657970865251015,2.265584553002141,1454.3449837271914,1719.3884798970696
ucl-2025-26-104,2025-26,league_phase,Matchday 6,2025-09-16T00:00:00+00:00,date_only,bayer-04-leverkusen,newcastle-united-fc,Bayer 04 Leverkusen (GER),Newcastle United FC (ENG),2,2,openfootball,2025-09-16T00:00:00+00:00,0.4421277897360769,0.2462214848610535,0.31165072540286953,1.4751165387506826,1.4620606151533002,1550.5383868641545,1493.6293095941048
ucl-2025-26-105,2025-26,league_phase,Matchday 6,2025-09-16T00:00:00+00:00,date_only,club-brugge-kv,arsenal-fc,Club Brugge KV (BEL),Arsenal FC (ENG),0,3,openfootball,2025-09-16T00:00:00+00:00,0.1995948058242364,0.24621890547263678,0.5541862887031268,0.9154799500878185,2.17876755508126,1420.1475920165158,1801.9352882747698
ucl-2025-26-106,2025-26,league_phase,Matchday 6,2025-09-16T00:00:00+00:00,date_only,sport-lisboa-e-benfica,ssc-napoli,Sport Lisboa e Benfica (POR),SSC Napoli (ITA),2,0,openfootball,2025-09-16T00:00:00+00:00,0.2819953976014419,0.2462163282221301,0.471788274176428,1.300565813491187,1.851001894661596,1436.2204247441139,1655.9050849183259
ucl-2025-26-107,2025-26,league_phase,Matchday 6,2025-09-16T00:00:00+00:00,date_only,juventus-fc,paphos-fc,Juventus FC (ITA),Paphos FC (CYP),2,0,openfootball,2025-09-16T00:00:00+00:00,0.42444717132350485,0.24621375310687654,0.3293390755696186,1.5918199210560124,1.23254406315519,1527.5287765725268,1501.344871305312
ucl-2025-26-108,2025-26,league_phase,Matchday 6,2025-09-16T00:00:00+00:00,date_only,real-madrid-cf,manchester-city-fc,Real Madrid CF (ESP),Manchester City FC (ENG),1,2,openfootball,2025-09-16T00:00:00+00:00,0.507918018815164,0.2462111801242236,0.24587080106061243,2.32026860701235,1.7415395003550322,1782.850542436863,1605.686108758885
ucl-2025-26-109,2025-26,league_phase,Matchday 7,2026-01-20T00:00:00+00:00,date_only,fk-kairat,club-brugge-kv,FK Kairat (KAZ),Club Brugge KV (BEL),1,4,openfootball,2026-01-20T00:00:00+00:00,0.41166526994176006,0.24620860927152316,0.3421261207867167,1.9138308804376734,1.1262256182305066,1411.4493814251082,1407.2394216740936
ucl-2025-26-110,2025-26,league_phase,Matchday 7,2026-01-20T00:00:00+00:00,date_only,fk-bod-glimt,manchester-city-fc,FK Bodø/Glimt (NOR),Manchester City FC (ENG),3,1,openfootball,2026-01-20T00:00:00+00:00,0.3020824000231517,0.24620604054613157,0.4517115594307167,1.5606249319033196,2.497500054477344,1447.1769713979597,1630.927053113976
ucl-2025-26-111,2025-26,league_phase,Matchday 7,2026-01-20T00:00:00+00:00,date_only,tottenham-hotspur-fc,borussia-dortmund,Tottenham Hotspur FC (ENG),Borussia Dortmund (GER),2,0,openfootball,2026-01-20T00:00:00+00:00,0.29673336460873234,0.24620347394540942,0.45706316144585823,1.3301820900428742,1.886399782511155,1538.284164497637,1731.5202019007331
ucl-2025-26-112,2025-26,league_phase,Matchday 7,2026-01-20T00:00:00+00:00,date_only,sporting-clube-de-portugal,paris-saint-germain-fc,Sporting Clube de Portugal (POR),Paris Saint-Germain FC (FRA),2,1,openfootball,2026-01-20T00:00:00+00:00,0.29170266892169266,0.2462009094667218,0.4620964216115855,1.2063916813928235,2.1348082235131924,1512.3987709490073,1714.6111062187956
ucl-2025-26-113,2025-26,league_phase,Matchday 7,2026-01-20T00:00:00+00:00,date_only,pae-olympiakos-sfp,bayer-04-leverkusen,PAE Olympiakos SFP (GRE),Bayer 04 Leverkusen (GER),2,0,openfootball,2026-01-20T00:00:00+00:00,0.36972276684382366,0.24619834710743801,0.38407888604873835,1.427644492191075,1.7720662244289582,1480.7385998431441,1547.9288455774904
ucl-2025-26-114,2025-26,league_phase,Matchday 7,2026-01-20T00:00:00+00:00,date_only,villarreal-cf,afc-ajax,Villarreal CF (ESP),AFC Ajax (NED),1,2,openfootball,2026-01-20T00:00:00+00:00,0.33081996229872,0.24619578686493182,0.4229842508363481,1.4651522352806134,1.7086608204711615,1394.622230840828,1528.2656354606136
ucl-2025-26-115,2025-26,league_phase,Matchday 7,2026-01-20T00:00:00+00:00,date_only,fc-k-benhavn,ssc-napoli,FC København (DEN),SSC Napoli (ITA),1,1,openfootball,2026-01-20T00:00:00+00:00,0.2893254832310045,0.24619322873658134,0.46448128803241423,1.1928328980099074,1.8621418448573803,1425.6311539783069,1632.1092273868262
ucl-2025-26-116,2025-26,league_phase,Matchday 7,2026-01-20T00:00:00+00:00,date_only,real-madrid-cf,as-monaco-fc,Real Madrid CF (ESP),AS Monaco FC (MCO),6,1,openfootball,2026-01-20T00:00:00+00:00,0.5355387338868367,0.24619067271976888,0.21827059339339436,2.395142699005764,1.2737633918157973,1757.609598081772,1525.397542948325
ucl-2025-26-117,2025-26,league_phase,Matchday 7,2026-01-20T00:00:00+00:00,date_only,fc-internazionale-milano,arsenal-fc,FC Internazionale Milano (ITA),Arsenal FC (ENG),1,3,openfootball,2026-01-20T00:00:00+00:00,0.35466214319597494,0.24618811881188118,0.39914973799214387,1.360411408633364,1.7534652656166732,1722.0287377622758,1814.843458617192
ucl-2025-26-118,2025-26,league_phase,Matchday 7,2026-01-20T00:00:00+00:00,date_only,qaraba-a-dam-fk,eintracht-frankfurt,Qarabağ Ağdam FK (AZE),Eintracht Frankfurt (GER),3,2,openfootball,2026-01-20T00:00:00+00:00,0.4314720223573904,0.24618556701030925,0.32234241063230035,2.101923547389326,1.3744611620885392,1485.465915041838,1447.1576581746467
ucl-2025-26-119,2025-26,league_phase,Matchday 7,2026-01-20T00:00:00+00:00,date_only,galatasaray-sk,club-atl-tico-de-madrid,Galatasaray SK (TUR),Club Atlético de Madrid (ESP),1,1,openfootball,2026-01-20T00:00:00+00:00,0.3063032363378341,0.2461830173124485,0.4475137463497174,1.6046438338613709,2.3017586171214295,1471.131636001257,1647.453772209717
ucl-2025-26-120,2025-26,league_phase,Matchday 7,2026-01-20T00:00:00+00:00,date_only,olympique-de-marseille,liverpool-fc,Olympique de Marseille (FRA),Liverpool FC (ENG),0,3,openfootball,2026-01-20T00:00:00+00:00,0.19517732848824187,0.2461804697156984,0.5586422017960597,0.9657828300362478,2.2717608327451955,1508.9843385324566,1900.4965553921852
ucl-2025-26-121,2025-26,league_phase,Matchday 7,2026-01-20T00:00:00+00:00,date_only,sk-slavia-praha,fc-barcelona,SK Slavia Praha (CZE),FC Barcelona (ESP),2,4,openfootball,2026-01-20T00:00:00+00:00,0.18477905189276025,0.24617792421746293,0.5690430238897768,0.9300654232555822,2.4259736354215082,1452.7794027396426,1867.7138818459312
ucl-2025-26-122,2025-26,league_phase,Matchday 7,2026-01-20T00:00:00+00:00,date_only,atalanta-bc,athletic-club,Atalanta BC (ITA),Athletic Club (ESP),2,3,openfootball,2026-01-20T00:00:00+00:00,0.4793035583786044,0.24617538081515025,0.2745210608062454,1.8299244966091437,0.8463461169983995,1582.460324765009,1459.1223574054654
ucl-2025-26-123,2025-26,league_phase,Matchday 7,2026-01-20T00:00:00+00:00,date_only,juventus-fc,sport-lisboa-e-benfica,Juventus FC (ITA),Sport Lisboa e Benfica (POR),2,0,openfootball,2026-01-20T00:00:00+00:00,0.4584157072192809,0.2461728395061728,0.29541145327454627,1.7413419436515296,1.3179264450787762,1545.6266146574492,1460.0162822756135
ucl-2025-26-124,2025-26,league_phase,Matchday 7,2026-01-20T00:00:00+00:00,date_only,newcastle-united-fc,psv,Newcastle United FC (ENG),PSV (NED),3,0,openfootball,2026-01-20T00:00:00+00:00,0.37404134235375824,0.24617030028794734,0.37978835735829436,1.833258478500753,1.618866901409924,1496.238850880769,1556.1181503640757
ucl-2025-26-125,2025-26,league_phase,Matchday 7,2026-01-20T00:00:00+00:00,date_only,fc-bayern-m-nchen,royale-union-saint-gilloise,FC Bayern München (GER),Royale Union Saint-Gilloise (BEL),2,0,openfootball,2026-01-20T00:00:00+00:00,0.5435667710637276,0.24616776315789474,0.21026546577837765,2.5642838913210926,1.0182570974694418,1717.2416773519876,1468.3115340824663
ucl-2025-26-126,2025-26,league_phase,Matchday 7,2026-01-20T00:00:00+00:00,date_only,chelsea-fc,paphos-fc,Chelsea FC (ENG),Paphos FC (CYP),1,0,openfootball,2026-01-20T00:00:00+00:00,0.5875710527894499,0.24616522811344022,0.1662637190971099,2.3089606768435056,0.7858684955622328,1832.2220676548181,1483.2470332203895
ucl-2025-26-127,2025-26,league_phase,Matchday 8,2026-01-20T00:00:00+00:00,date_only,liverpool-fc,qaraba-a-dam-fk,Liverpool FC (ENG),Qarabağ Ağdam FK (AZE),6,0,openfootball,2026-01-20T00:00:00+00:00,0.6109489480450366,0.24616269515201314,0.14288835680295026,2.5353041564585594,0.8951250958857839,1913.2272579260289,1503.2833228073362
ucl-2025-26-128,2025-26,league_phase,Matchday 8,2026-01-20T00:00:00+00:00,date_only,fc-barcelona,fc-k-benhavn,FC Barcelona (ESP),FC København (DEN),4,1,openfootball,2026-01-20T00:00:00+00:00,0.6251855664444758,0.24616016427104725,0.128654269284477,2.5946463758441456,0.8587444377862223,1880.0286024059908,1429.134270074335
ucl-2025-26-129,2025-26,league_phase,Matchday 8,2026-01-20T00:00:00+00:00,date_only,manchester-city-fc,galatasaray-sk,Manchester City FC (ENG),Galatasaray SK (TUR),2,0,openfootball,2026-01-20T00:00:00+00:00,0.48509244467887985,0.2461576354679803,0.26874991985313984,2.3816488531036084,1.5106809175171134,1607.9344699258247,1473.9558462014948
ucl-2025-26-130,2025-26,league_phase,Matchday 8,2026-01-20T00:00:00+00:00,date_only,bayer-04-leverkusen,villarreal-cf,Bayer 04 Leverkusen (GER),Villarreal CF (ESP),3,0,openfootball,2026-01-20T00:00:00+00:00,0.4943149257406601,0.24615510874025442,0.2595299655190854,1.9126468388181763,1.161120624183554,1527.6417231933922,1376.4655166115806
ucl-2025-26-131,2025-26,league_phase,Matchday 8,2026-01-20T00:00:00+00:00,date_only,arsenal-fc,fk-kairat,Arsenal FC (ENG),FK Kairat (KAZ),3,2,openfootball,2026-01-20T00:00:00+00:00,0.6228412427057443,0.24615258408531582,0.1310061732089399,2.524796311162951,0.843604811534756,1833.9537067212686,1390.0585984420072
ucl-2025-26-132,2025-26,league_phase,Matchday 8,2026-01-20T00:00:00+00:00,date_only,royale-union-saint-gilloise,atalanta-bc,Royale Union Saint-Gilloise (BEL),Atalanta BC (ITA),1,0,openfootball,2026-01-20T00:00:00+00:00,0.3484817812526473,0.246150061500615,0.4053681572467377,1.1588440711455097,2.110591409750259,1454.9775601881734,1558.3646748135618
ucl-2025-26-133,2025-26,league_phase,Matchday 8,2026-01-20T00:00:00+00:00,date_only,club-brugge-kv,olympique-de-marseille,Club Brugge KV (BEL),Olympique de Marseille (FRA),3,0,openfootball,2026-01-20T00:00:00+00:00,0.36949265850295354,0.24614754098360656,0.3843598005134399,1.157397140548818,1.9044572875609456,1428.6302046571946,1496.253635998613
ucl-2025-26-134,2025-26,league_phase,Matchday 8,2026-01-20T00:00:00+00:00,date_only,eintracht-frankfurt,tottenham-hotspur-fc,Eintracht Frankfurt (GER),Tottenham Hotspur FC (ENG),0,2,openfootball,2026-01-20T00:00:00+00:00,0.33170858206424697,0.24614502253174927,0.4221463954040037,1.100783665888065,2.224463976380457,1429.3402504091484,1561.4907604343796
ucl-2025-26-135,2025-26,league_phase,Matchday 8,2026-01-20T00:00:00+00:00,date_only,as-monaco-fc,juventus-fc,AS Monaco FC (MCO),Juventus FC (ITA),0,0,openfootball,2026-01-20T00:00:00+00:00,0.3795061786143439,0.2461425061425061,0.37435131524315,1.4013430585810722,1.7102196707822013,1511.742905758194,1562.3665295785545
ucl-2025-26-136,2025-26,league_phase,Matchday 8,2026-01-20T00:00:00+00:00,date_only,club-atl-tico-de-madrid,fk-bod-glimt,Club Atlético de Madrid (ESP),FK Bodø/Glimt (NOR),1,2,openfootball,2026-01-20T00:00:00+00:00,0.5065636482034312,0.24613999181334423,0.2472963599832245,2.530089221872415,1.5601639166197152,1644.6295620094793,1470.169554586111
ucl-2025-26-137,2025-26,league_phase,Matchday 8,2026-01-20T00:00:00+00:00,date_only,athletic-club,sporting-clube-de-portugal,Athletic Club (ESP),Sporting Clube de Portugal (POR),2,3,openfootball,2026-01-20T00:00:00+00:00,0.37835143706211993,0.24613747954173487,0.37551108339614525,1.2761761344617564,1.5017257590972615,1483.2180073569127,1535.806646002805
ucl-2025-26-138,2025-26,league_phase,Matchday 8,2026-01-20T00:00:00+00:00,date_only,afc-ajax,pae-olympiakos-sfp,AFC Ajax (NED),PAE Olympiakos SFP (GRE),1,2,openfootball,2026-01-20T00:00:00+00:00,0.4355815243214872,0.24613496932515339,0.31828350635335945,1.7499357860434102,1.509209265902114,1546.422349689861,1501.0257222272423
ucl-2025-26-139,2025-26,league_phase,Matchday 8,2026-01-20T00:00:00+00:00,date_only,paris-saint-germain-fc,newcastle-united-fc,Paris Saint-Germain FC (FRA),Newcastle United FC (ENG),1,1,openfootball,2026-01-20T00:00:00+00:00,0.5067708971299896,0.24613246116107929,0.24709664170893106,2.163667050326918,1.1691479923915271,1691.2032311649978,1516.3537911808596
ucl-2025-26-140,2025-26,league_phase,Matchday 8,2026-01-20T00:00:00+00:00,date_only,paphos-fc,sk-slavia-praha,Paphos FC (CYP),SK Slavia Praha (CZE),4,1,openfootball,2026-01-20T00:00:00+00:00,0.4274035927731276,0.2461299550469963,0.3264664521798761,1.503149938571735,0.9791943348568978,1471.6731798942362,1440.464682179583
ucl-2025-26-141,2025-26,league_phase,Matchday 8,2026-01-20T00:00:00+00:00,date_only,psv,fc-bayern-m-nchen,PSV (NED),FC Bayern München (GER),1,2,openfootball,2026-01-20T00:00:00+00:00,0.296012141468268,0.24612745098039215,0.4578604075513399,1.3745229656814204,2.1797149607881967,1536.003210063985,1730.5756512462806
ucl-2025-26-142,2025-26,league_phase,Matchday 8,2026-01-20T00:00:00+00:00,date_only,ssc-napoli,chelsea-fc,SSC Napoli (ITA),Chelsea FC (ENG),2,3,openfootball,2026-01-20T00:00:00+00:00,0.28451341316847906,0.24612494895875867,0.4693616378727622,1.2289104527091692,1.8375775201856057,1628.606111290798,1843.7959209809715
ucl-2025-26-143,2025-26,league_phase,Matchday 8,2026-01-20T00:00:00+00:00,date_only,sport-lisboa-e-benfica,real-madrid-cf,Sport Lisboa e Benfica (POR),Real Madrid CF (ESP),4,2,openfootball,2026-01-20T00:00:00+00:00,0.22524781050369386,0.24612244897959182,0.5286297405167143,1.2365072852100805,2.303404341323461,1443.2763673545082,1771.264235271903
ucl-2025-26-144,2025-26,league_phase,Matchday 8,2026-01-20T00:00:00+00:00,date_only,borussia-dortmund,fc-internazionale-milano,Borussia Dortmund (GER),FC Internazionale Milano (ITA),0,2,openfootball,2026-01-20T00:00:00+00:00,0.41240564922908274,0.24611995104039167,0.3414743997305256,1.7550691786624695,1.3976771411464575,1708.3136059639905,1702.9184896581992
ucl-2025-26-145,2025-26,knockout_phase_play_off,Matchday 1,2026-01-20T00:00:00+00:00,date_only,galatasaray-sk,juventus-fc,Galatasaray SK (TUR),Juventus FC (ITA),5,2,openfootball,2026-01-20T00:00:00+00:00,0.3480285130904203,0.2461174551386623,0.40585403177091744,1.283177558210026,1.6319579534319792,1458.2826966980097,1562.4696268459784
ucl-2025-26-146,2025-26,knockout_phase_play_off,Matchday 1,2026-01-20T00:00:00+00:00,date_only,sport-lisboa-e-benfica,real-madrid-cf,Sport Lisboa e Benfica (POR),Real Madrid CF (ESP),0,1,openfootball,2026-01-20T00:00:00+00:00,0.2517949753907002,0.24611496127191196,0.5020900633373878,1.3655326771348455,2.265868940259337,1469.3440059547686,1745.1965966716427
ucl-2025-26-147,2025-26,knockout_phase_play_off,Matchday 1,2026-01-20T00:00:00+00:00,date_only,as-monaco-fc,paris-saint-germain-fc,AS Monaco FC (MCO),Paris Saint-Germain FC (FRA),2,3,openfootball,2026-01-20T00:00:00+00:00,0.3074419807722397,0.2461124694376528,0.4464455497901074,1.1746917186951613,2.1526102614075073,1511.63980849077,1686.0097460565767
ucl-2025-26-148,2025-26,knockout_phase_play_off,Matchday 1,2026-01-20T00:00:00+00:00,date_only,borussia-dortmund,atalanta-bc,Borussia Dortmund (GER),Atalanta BC (ITA),2,0,openfootball,2026-01-20T00:00:00+00:00,0.49354181583270856,0.2461099796334012,0.26034820453389024,1.9296548682495978,1.2974815848523766,1686.8949809740193,1537.22694729368
ucl-2025-26-149,2025-26,knockout_phase_play_off,Matchday 1,2026-01-20T00:00:00+00:00,date_only,qaraba-a-dam-fk,newcastle-united-fc,Qarabağ Ağdam FK (AZE),Newcastle United FC (ENG),1,6,openfootball,2026-01-20T00:00:00+00:00,0.39230846510043554,0.24610749185667752,0.361584043042887,1.3231871092251417,2.0192684944380686,1492.644534632178,1521.5472762892807
ucl-2025-26-150,2025-26,knockout_phase_play_off,Matchday 1,2026-01-20T00:00:00+00:00,date_only,club-brugge-kv,club-atl-tico-de-madrid,Club Brugge KV (BEL),Club Atlético de Madrid (ESP),3,3,openfootball,2026-01-20T00:00:00+00:00,0.3096397784844658,0.2461050061050061,0.4442552154105282,1.2453446365087242,2.113677779165114,1448.9275474974042,1619.444216245075
ucl-2025-26-151,2025-26,knockout_phase_play_off,Matchday 1,2026-01-20T00:00:00+00:00,date_only,pae-olympiakos-sfp,bayer-04-leverkusen,PAE Olympiakos SFP (GRE),Bayer 04 Leverkusen (GER),0,2,openfootball,2026-01-20T00:00:00+00:00,0.39779254489271015,0.24610252237591537,0.3561049327313745,1.4883034334467546,1.6284341763195191,1523.371682586605,1542.9460239889606
ucl-2025-26-152,2025-26,knockout_phase_play_off,Matchday 1,2026-01-20T00:00:00+00:00,date_only,fk-bod-glimt,fc-internazionale-milano,FK Bodø/Glimt (NOR),FC Internazionale Milano (ITA),3,1,openfootball,2026-01-20T00:00:00+00:00,0.2769290055733849,0.2461000406669378,0.4769709537596773,1.0830276419314409,1.8706035274804882,1495.354900350515,1724.3371146481704
ucl-2025-26-153,2025-26,knockout_phase_play_off,Matchday 2,2026-01-20T00:00:00+00:00,date_only,club-atl-tico-de-madrid,club-brugge-kv,Club Atlético de Madrid (ESP),Club Brugge KV (BEL),4,1,openfootball,2026-01-20T00:00:00+00:00,0.5017239027990991,0.24609756097560975,0.25217853622529124,2.2803373154527966,1.196730147637763,1616.7519075065538,1451.6198562359255
ucl-2025-26-154,2025-26,knockout_phase_play_off,Matchday 2,2026-01-20T00:00:00+00:00,date_only,newcastle-united-fc,qaraba-a-dam-fk,Newcastle United FC (ENG),Qarabağ Ağdam FK (AZE),3,2,openfootball,2026-01-20T00:00:00+00:00,0.4497285733541127,0.24609508329947177,0.3041763433464156,2.511776432116171,1.1615788543070633,1542.1617647304317,1472.030046191027
ucl-2025-26-155,2025-26,knockout_phase_play_off,Matchday 2,2026-01-20T00:00:00+00:00,date_only,bayer-04-leverkusen,pae-olympiakos-sfp,Bayer 04 Leverkusen (GER),PAE Olympiakos SFP (GRE),0,0,openfootball,2026-01-20T00:00:00+00:00,0.4446759417374786,0.24609260763606824,0.3092314506264532,1.8138920144311501,1.2448863884550798,1563.7797762321873,1502.5379303433783
ucl-2025-26-156,2025-26,knockout_phase_play_off,Matchday 2,2026-01-20T00:00:00+00:00,date_only,fc-internazionale-milano,fk-bod-glimt,FC Internazionale Milano (ITA),FK Bodø/Glimt (NOR),1,2,openfootball,2026-01-20T00:00:00+00:00,0.5099714883581552,0.24609013398294763,0.24393837765889714,1.9537439429101293,1.123248748110921,1700.3362756844447,1519.3557393142407
ucl-2025-26-157,2025-26,knockout_phase_play_off,Matchday 2,2026-01-20T00:00:00+00:00,date_only,atalanta-bc,borussia-dortmund,Atalanta BC (ITA),Borussia Dortmund (GER),4,1,openfootball,2026-01-20T00:00:00+00:00,0.3040610770029041,0.24608766233766233,0.44985126065943365,1.3480948040213896,1.8094160486747803,1521.8908195196564,1702.231108748043
ucl-2025-26-158,2025-26,knockout_phase_play_off,Matchday 2,2026-01-20T00:00:00+00:00,date_only,real-madrid-cf,sport-lisboa-e-benfica,Real Madrid CF (ESP),Sport Lisboa e Benfica (POR),2,1,openfootball,2026-01-20T00:00:00+00:00,0.5695078406666921,0.24608519269776877,0.18440696663553913,2.4224863702848864,1.2246775704387576,1760.190694912709,1454.3499077137024
ucl-2025-26-159,2025-26,knockout_phase_play_off,Matchday 2,2026-01-20T00:00:00+00:00,date_only,paris-saint-germain-fc,as-monaco-fc,Paris Saint-Germain FC (FRA),AS Monaco FC (MCO),2,2,openfootball,2026-01-20T00:00:00+00:00,0.5241012204745031,0.24608272506082723,0.22981605446466954,2.364183600934068,1.0888636455685354,1703.2296746762192,1494.4198798711275
ucl-2025-26-160,2025-26,knockout_phase_play_off,Matchday 2,2026-01-20T00:00:00+00:00,date_only,juventus-fc,galatasaray-sk,Juventus FC (ITA),Galatasaray SK (TUR),3,2,openfootball,2026-01-20T00:00:00+00:00,0.4450434302422843,0.2460802594244021,0.30887631033331364,1.7597968852849375,1.4293389623602852,1541.3131164723684,1479.4392070716196
ucl-2025-26-161,2025-26,knockout_phase,Round of 16,2026-01-20T00:00:00+00:00,date_only,galatasaray-sk,liverpool-fc,Galatasaray SK (TUR),Liverpool FC (ENG),1,0,openfootball,2026-01-20T00:00:00+00:00,0.16518054029300186,0.2460777957860616,0.5887416639209365,0.9161994670928911,2.374468997754259,1462.1625494697992,1923.866046101187
ucl-2025-26-162,2025-26,knockout_phase,Round of 16,2026-01-20T00:00:00+00:00,date_only,atalanta-bc,fc-bayern-m-nchen,Atalanta BC (ITA),FC Bayern München (GER),1,6,openfootball,2026-01-20T00:00:00+00:00,0.2915725858307411,0.2460753341433779,0.4623520800258811,1.3401121699456953,1.9498361899693697,1544.806623192787,1747.338685924619
ucl-2025-26-163,2025-26,knockout_phase,Round of 16,2026-01-20T00:00:00+00:00,date_only,newcastle-united-fc,fc-barcelona,Newcastle United FC (ENG),FC Barcelona (ESP),1,1,openfootball,2026-01-20T00:00:00+00:00,0.2238537229984716,0.24607287449392712,0.5300734025076013,1.115378290405637,2.2988780905670567,1559.2507201302778,1890.0979764627907
ucl-2025-26-164,2025-26,knockout_phase,Round of 16,2026-01-20T00:00:00+00:00,date_only,club-atl-tico-de-madrid,tottenham-hotspur-fc,Club Atlético de Madrid (ESP),Tottenham Hotspur FC (ENG),5,2,openfootball,2026-01-20T00:00:00+00:00,0.43945312956661464,0.24607041683528935,0.31447645359809595,2.2160307422869465,1.754754353538864,1631.7610001750777,1579.6820041675844
ucl-2025-26-165,2025-26,knockout_phase,Round of 16,2026-01-20T00:00:00+00:00,date_only,bayer-04-leverkusen,arsenal-fc,Bayer 04 Leverkusen (GER),Arsenal FC (ENG),1,1,openfootball,2026-01-20T00:00:00+00:00,0.2480548362389101,0.24606796116504853,0.5058772025960415,1.134128234232195,2.038697412614244,1561.0708864099668,1844.1170053313326
ucl-2025-26-166,2025-26,knockout_phase,Round of 16,2026-01-20T00:00:00+00:00,date_only,paris-saint-germain-fc,chelsea-fc,Paris Saint-Germain FC (FRA),Chelsea FC (ENG),5,2,openfootball,2026-01-20T00:00:00+00:00,0.3140913451220723,0.24606550748079256,0.4398431473971351,1.3410142023676372,1.8287830437002957,1697.3439713560226,1860.0989564868858
ucl-2025-26-167,2025-26,knockout_phase,Round of 16,2026-01-20T00:00:00+00:00,date_only,real-madrid-cf,manchester-city-fc,Real Madrid CF (ESP),Manchester City FC (ENG),3,0,openfootball,2026-01-20T00:00:00+00:00,0.4931531876579582,0.24606305578011317,0.2607837565619287,2.290221394489493,1.7315151921007133,1772.488677432086,1623.6076194293098
ucl-2025-26-168,2025-26,knockout_phase,Round of 16,2026-01-20T00:00:00+00:00,date_only,fk-bod-glimt,sporting-clube-de-portugal,FK Bodø/Glimt (NOR),Sporting Clube de Portugal (POR),3,0,openfootball,2026-01-20T00:00:00+00:00,0.40273594916463057,0.2460606060606061,0.35120344477476334,1.717820314186275,1.6860294629366945,1544.6764015282258,1555.8634530761246
ucl-2025-26-169,2025-26,knockout_phase,Round of 16,2026-01-20T00:00:00+00:00,date_only,sporting-clube-de-portugal,fk-bod-glimt,Sporting Clube de Portugal (POR),FK Bodø/Glimt (NOR),5,0,openfootball,2026-01-20T00:00:00+00:00,0.39359888541233384,0.24605815831987077,0.3603429562677954,1.6643736264362445,1.7178344321843377,1536.894103163922,1563.6457514404285
ucl-2025-26-170,2025-26,knockout_phase,Round of 16,2026-01-20T00:00:00+00:00,date_only,chelsea-fc,paris-saint-germain-fc,Chelsea FC (ENG),Paris Saint-Germain FC (FRA),0,3,openfootball,2026-01-20T00:00:00+00:00,0.47631020790684997,0.24605571255551067,0.2776340795376393,1.9422420252343664,1.328413276364231,1837.5839204413844,1719.859007401524
ucl-2025-26-171,2025-26,knockout_phase,Round of 16,2026-01-20T00:00:00+00:00,date_only,manchester-city-fc,real-madrid-cf,Manchester City FC (ENG),Real Madrid CF (ESP),1,2,openfootball,2026-01-20T00:00:00+00:00,0.30450256409548315,0.24605326876513317,0.44944416713938373,1.7464641690192955,2.194351052844265,1608.2550080512303,1787.8412888101655
ucl-2025-26-172,2025-26,knockout_phase,Round of 16,2026-01-20T00:00:00+00:00,date_only,arsenal-fc,bayer-04-leverkusen,Arsenal FC (ENG),Bayer 04 Leverkusen (GER),2,0,openfootball,2026-01-20T00:00:00+00:00,0.55474325156137,0.24605082694634933,0.19920592149228067,2.1806110202225675,1.063275889704299,1838.96055800419,1566.2273337371093
ucl-2025-26-173,2025-26,knockout_phase,Round of 16,2026-01-20T00:00:00+00:00,date_only,fc-barcelona,newcastle-united-fc,FC Barcelona (ESP),Newcastle United FC (ENG),7,2,openfootball,2026-01-20T00:00:00+00:00,0.5750328378271791,0.24604838709677418,0.17891877507604673,2.450974914769647,1.0554581634223776,1883.9735828726082,1565.3751137204604
ucl-2025-26-174,2025-26,knockout_phase,Round of 16,2026-01-20T00:00:00+00:00,date_only,liverpool-fc,galatasaray-sk,Liverpool FC (ENG),Galatasaray SK (TUR),4,0,openfootball,2026-01-20T00:00:00+00:00,0.6091582125384497,0.2460459492140266,0.14479583824752376,2.4853382595827953,0.9077293923337636,1895.3948236286283,1490.633771942358
ucl-2025-26-175,2025-26,knockout_phase,Round of 16,2026-01-20T00:00:00+00:00,date_only,fc-bayern-m-nchen,atalanta-bc,FC Bayern München (GER),Atalanta BC (ITA),4,1,openfootball,2026-01-20T00:00:00+00:00,0.5373303766078766,0.24604351329572927,0.2166261100963941,2.2807031167557366,1.2178660780239823,1763.9230960407162,1528.2222130766897
ucl-2025-26-176,2025-26,knockout_phase,Round of 16,2026-01-20T00:00:00+00:00,date_only,tottenham-hotspur-fc,club-atl-tico-de-madrid,Tottenham Hotspur FC (ENG),Club Atlético de Madrid (ESP),3,2,openfootball,2026-01-20T00:00:00+00:00,0.3580992163055189,0.2460410793395087,0.3958597043549724,1.8474333925260393,2.2580532859791687,1562.1815376869547,1649.2614666557074
ucl-2025-26-177,2025-26,knockout_phase,Quarterfinals,2026-01-20T00:00:00+00:00,date_only,real-madrid-cf,fc-bayern-m-nchen,Real Madrid CF (ESP),FC Bayern München (GER),1,2,openfootball,2026-01-20T00:00:00+00:00,0.4252698943532703,0.2460386473429952,0.32869145830373453,1.9295278716990008,1.8217110359741329,1804.9424567492874,1777.5090107104866
ucl-2025-26-178,2025-26,knockout_phase,Quarterfinals,2026-01-20T00:00:00+00:00,date_only,sporting-clube-de-portugal,arsenal-fc,Sporting Clube de Portugal (POR),Arsenal FC (ENG),0,1,openfootball,2026-01-20T00:00:00+00:00,0.2415690258554159,0.24603621730382294,0.5123947568407611,1.1579630364720486,2.0696295708223613,1556.2289845810312,1851.8498114028082
ucl-2025-26-179,2025-26,knockout_phase,Quarterfinals,2026-01-20T00:00:00+00:00,date_only,paris-saint-germain-fc,liverpool-fc,Paris Saint-Germain FC (FRA),Liverpool FC (ENG),2,0,openfootball,2026-01-20T00:00:00+00:00,0.31437942991927814,0.24603378921962993,0.43958678086109193,1.4468920069762943,1.9263651822977526,1743.8325299689081,1906.1075761428096
ucl-2025-26-180,2025-26,knockout_phase,Quarterfinals,2026-01-20T00:00:00+00:00,date_only,fc-barcelona,club-atl-tico-de-madrid,FC Barcelona (ESP),Club Atlético de Madrid (ESP),0,2,openfootball,2026-01-20T00:00:00+00:00,0.5523720570820129,0.2460313630880579,0.20159657982992915,2.4733889865444185,1.2346801151122915,1896.0513016175855,1628.5062568947183
ucl-2025-26-181,2025-26,knockout_phase,Quarterfinals,2026-01-20T00:00:00+00:00,date_only,liverpool-fc,paris-saint-germain-fc,Liverpool FC (ENG),Paris Saint-Germain FC (FRA),0,2,openfootball,2026-01-20T00:00:00+00:00,0.47607594023842803,0.24602893890675243,0.2778951208548195,2.0087670695662605,1.3919714189738572,1883.6034291239735,1766.3366769877443
ucl-2025-26-182,2025-26,knockout_phase,Quarterfinals,2026-01-20T00:00:00+00:00,date_only,club-atl-tico-de-madrid,fc-barcelona,Club Atlético de Madrid (ESP),FC Barcelona (ESP),1,2,openfootball,2026-01-20T00:00:00+00:00,0.2854789157585975,0.2460265166733628,0.4684945675680397,1.3614264840156909,2.2498695654756196,1655.5217664397599,1869.035792072544
ucl-2025-26-183,2025-26,knockout_phase,Quarterfinals,2026-01-20T00:00:00+00:00,date_only,fc-bayern-m-nchen,real-madrid-cf,FC Bayern München (GER),Real Madrid CF (ESP),4,3,openfootball,2026-01-20T00:00:00+00:00,0.4188893219236359,0.24602409638554218,0.33508658169082184,1.9778472536584948,1.7552806386316457,1799.4405794314773,1783.0108880282967
ucl-2025-26-184,2025-26,knockout_phase,Quarterfinals,2026-01-20T00:00:00+00:00,date_only,arsenal-fc,sporting-clube-de-portugal,Arsenal FC (ENG),Sporting Clube de Portugal (POR),0,0,openfootball,2026-01-20T00:00:00+00:00,0.5776792377083858,0.2460216780409474,0.17629908425066682,2.2464257287545335,1.0430901862271424,1866.4332967831012,1541.6454992007382
ucl-2025-26-185,2025-26,knockout_phase,Semifinals,2026-01-20T00:00:00+00:00,date_only,paris-saint-germain-fc,fc-bayern-m-nchen,Paris Saint-Germain FC (FRA),FC Bayern München (GER),5,4,openfootball,2026-01-20T00:00:00+00:00,0.3932002426936579,0.2460192616372392,0.3607804956691029,1.8625452393892616,1.7220131912046401,1790.3002933754165,1817.764524626821
ucl-2025-26-186,2025-26,knockout_phase,Semifinals,2026-01-20T00:00:00+00:00,date_only,club-atl-tico-de-madrid,arsenal-fc,Club Atlético de Madrid (ESP),Arsenal FC (ENG),1,1,openfootball,2026-01-20T00:00:00+00:00,0.28232443248221484,0.2460168471720818,0.4716587203457034,1.437313654801668,2.0190304320908687,1639.1820794759487,1858.405693713947
ucl-2025-26-187,2025-26,knockout_phase,Semifinals,2026-01-20T00:00:00+00:00,date_only,arsenal-fc,club-atl-tico-de-madrid,Arsenal FC (ENG),Club Atlético de Madrid (ESP),1,0,openfootball,2026-01-20T00:00:00+00:00,0.5255644664229517,0.24601443464314351,0.22842109893390475,2.1547085356028823,1.3505665048510278,1854.619007956677,1642.9687652332186
ucl-2025-26-188,2025-26,knockout_phase,Semifinals,2026-01-20T00:00:00+00:00,date_only,fc-bayern-m-nchen,paris-saint-germain-fc,FC Bayern München (GER),Paris Saint-Germain FC (FRA),1,1,openfootball,2026-01-20T00:00:00+00:00,0.40273145527002574,0.2460120240480962,0.35125652068187807,1.8696703288553018,1.8508661465543126,1798.412919567312,1809.6518984349254
ucl-2025-26-189,2025-26,knockout_phase,Final,2026-01-20T00:00:00+00:00,date_only,paris-saint-germain-fc,arsenal-fc,Paris Saint-Germain FC (FRA),Arsenal FC (ENG),4,3,openfootball,2026-01-20T00:00:00+00:00,0.37523113659802654,0.24600961538461538,0.37875924801735805,1.6060221921379947,1.7027852997247188,1810.6813971266884,1868.676140606896
