race_id,race_date,track_slug,race_number,snapshot_version,fold,going_bucket,distance_metres,completed_races,same_regime_races,state_reliability,state_early,state_middle,state_late,actual_label,v0_prob_even,meta_v0_prob_even,live_prob_even,safe_live_prob_even,v0_prob_fast,meta_v0_prob_fast,live_prob_fast,safe_live_prob_fast,v0_prob_slow,meta_v0_prob_slow,live_prob_slow,safe_live_prob_slow,v0_prob_very_fast_or_collapse,meta_v0_prob_very_fast_or_collapse,live_prob_very_fast_or_collapse,safe_live_prob_very_fast_or_collapse,actual_early_score,v0_early_score,meta_v0_early_score,live_early_score,actual_middle_score,v0_middle_score,meta_v0_middle_score,live_middle_score,actual_late_score,v0_late_score,meta_v0_late_score,live_late_score
2025-03-01|flemington|1,2025-03-01,flemington,1,V0,1,good,1000,0,0,0.0,0.0,0.0,0.0,even,0.2831287705429581,0.33499724261357067,0.33499724261357067,0.30387615937120316,0.1333628042438111,0.04028329978714978,0.04028329978714978,0.09613100246114657,0.4267073315700317,0.46335844424503786,0.46335844424503786,0.4413677766400341,0.1568010936431988,0.16136101335424174,0.16136101335424174,0.15862506152761596,0.1879728346082335,-0.4916176381519688,-0.4420510289589862,-0.4420510289589862,-0.4264022042668156,-0.2463464208290638,-0.6094745542252852,-0.6094745542252852,-0.3013682116810338,0.0725851331012115,0.09220204114053558,0.09220204114053558
2025-03-01|flemington|2,2025-03-01,flemington,2,V1,1,good,2000,1,1,0.08628887022757795,0.01621996353181983,-0.036793764468732434,-0.026004722508461964,slow,0.1766960722537282,0.27543978097910915,0.28548041299662597,0.2202098085508873,0.0792375551354757,0.06053271970820268,0.06784546454088396,0.074680718897639,0.5993113691601404,0.45361845931169315,0.43821446267160613,0.5348726065647267,0.1447550034506556,0.210409040000995,0.208459659790884,0.17023686598674698,-1.7986420252709,-0.9279300793835124,-0.3295076950593698,-0.3222004418584154,2.6366456961357363,-0.2756564620601618,-0.4930492514223118,-0.42782691107885185,0.9773233453640504,-0.3034484674780613,-0.316021142251215,-0.26490989058114534
2025-03-01|flemington|3,2025-03-01,flemington,3,V2,1,good,1000,2,2,0.3386562279581155,-0.06041755217236532,0.04690150367559426,-0.02219845139222268,even,0.2831287705429581,0.3119217782900447,0.49087772473650554,0.3662283522203771,0.1333628042438111,0.04431732046044397,0.05014232895039242,0.10007461412644363,0.4267073315700317,0.4825609168489542,0.3328258376753678,0.38915473401216616,0.1568010936431988,0.1611999844005571,0.12615410863773438,0.14454229964101303,-0.2543161879993687,-0.4916176381519688,-0.5050271630412232,-0.45985617479454455,-0.1783136490570359,-0.2463464208290638,-0.5103835489838947,0.05349264042676122,0.5453329544704437,0.0725851331012115,0.07292830415705012,0.3865256517616978
2025-03-01|flemington|4,2025-03-01,flemington,4,V3,1,good,1200,3,3,0.4180316627545096,-0.14091557365835383,0.06971815011636104,0.1324775516766134,even,0.2938808373590982,0.38487608230814163,0.4784792692694987,0.3677202101232584,0.1871980676328502,0.038419035622734875,0.05329374434912994,0.1336363383193621,0.3641016793190706,0.4487230238605896,0.373231181318025,0.3677534801186524,0.1548194156889809,0.12798185820853386,0.09499580506334634,0.13088997143872705,-0.4602407535252079,-0.2454864662822626,-0.3876116825548471,-0.41342659145456784,-0.7318942283682193,-0.1527375898595598,-0.5873938615491607,0.14136668816121184,1.2452137098029556,-0.2187451308938946,-0.17992731011108815,0.43726487483654913
2025-03-01|flemington|5,2025-03-01,flemington,5,V4,1,good,1100,4,4,0.5240906582347234,-0.1800537238717176,-0.1298030124331848,0.3433936330218241,slow,0.2831287705429581,0.28962791770521645,0.4334539255376852,0.34325883254084893,0.1333628042438111,0.0486196924693863,0.07355056561339306,0.10943790879164389,0.4267073315700317,0.5011612294213645,0.37958168598024905,0.40785707333411864,0.1568010936431988,0.16059116040403268,0.1134138228686728,0.1394461853333884,-1.1193676433866944,-0.4916176381519688,-0.5680032971234602,-0.49526524894287494,0.5883855561391642,-0.2463464208290638,-0.41129254374250424,0.4384590395748357,0.8797705558390412,0.0725851331012115,0.05365456717356462,0.8743638957192195
2025-03-01|flemington|6,2025-03-01,flemington,6,V5,1,good,1400,5,5,0.503415869483427,-0.3436606908762085,0.07787719419967379,0.3993549832639358,very_fast_or_collapse,0.3873081841432225,0.33011281605454196,0.4037414111287013,0.393881474937414,0.1202046035805626,0.05135555562543972,0.06604352798642091,0.09854017334290592,0.4063527584947022,0.523616189172843,0.4623253595794371,0.4287417989285962,0.0861344537815126,0.09491543914717537,0.06788970130544054,0.07883655279108379,0.7960559544985406,-0.6645800217922166,-0.709227387665793,-0.7879780910394807,0.7543646652040837,-0.1014764834332306,-0.35339979644683983,0.7390606452643769,-0.4919218320994717,-0.117757331210702,-0.08615985991124694,0.8422790921560668
2025-03-01|flemington|7,2025-03-01,flemington,7,V6,1,good,1600,6,6,0.5063671089142965,-0.11765637305760078,0.25887658262588054,0.1799275665415579,very_fast_or_collapse,0.3188405797101449,0.298136270003307,0.3173317208636205,0.31823703617153515,0.1129898013955985,0.06781231682085508,0.12627546070909232,0.11830406512099603,0.4235488076067786,0.424022595304176,0.41175287985014625,0.41883043650412566,0.1446208112874779,0.21002881787166192,0.14463993857714114,0.1446284622033432,1.6022199268433102,-0.4279709161387624,-0.22836831519948908,-0.24031306845718825,1.0413190672621124,-0.3901908857157052,-0.3630743162780832,0.568205037672383,-0.689820094919242,-0.2135825695844904,-0.39487372766526846,0.6100261621637383
2025-03-01|flemington|8,2025-03-01,flemington,8,V7,1,good,1600,7,7,0.575699032141664,0.2554398094870734,0.40677795338471595,-0.017165859568395954,even,0.2664512338425382,0.3145521663208196,0.4018192983839235,0.32059845965909234,0.154524089306698,0.06415691649772244,0.1815678467701172,0.1653415922920657,0.462229310055397,0.48427512088715513,0.32291716254812497,0.4065044510524882,0.1167953667953667,0.13701579629430274,0.0936956922978343,0.10755549699635374,0.3944675199826946,-0.728217716678153,-0.46763656517802793,-0.104768591328881,0.6389912458199349,-0.1470286727014672,-0.22353999137882094,0.6750284137409326,0.1686226898691551,-0.3677734431956144,-0.4166055997181839,0.6844015734261802
2025-03-01|flemington|9,2025-03-01,flemington,9,V8,1,good,1200,8,8,0.6005023578851878,0.06282055538570148,0.23633189180010553,0.15381144264944566,even,0.2938808373590982,0.3235728428235157,0.43545688915646363,0.3505112580780444,0.1871980676328502,0.049012581223882856,0.12202791776765042,0.1611300076867703,0.3641016793190706,0.4991211669004664,0.340907424120846,0.35482397723978076,0.1548194156889809,0.12829340905213524,0.10160776895503995,0.1335347569954045,0.3967592702803528,-0.2454864662822626,-0.5450520177604398,-0.20498407653739184,-0.8467011661514775,-0.1527375898595598,-0.3396663484456846,0.6930525446967238,-0.8301424732019612,-0.2187451308938946,-0.2281116525698017,0.8140051122268106
2025-03-01|flemington|10,2025-03-01,flemington,10,V9,1,good,1600,9,9,0.6184608775811481,0.26196995309821514,0.27408742140899045,-0.06520796450676083,even,0.2552513866523528,0.15601304755058648,0.15066301573542062,0.21341603828557995,0.0911612095186974,0.09073994666246273,0.312029963850019,0.17950871125122606,0.5634051580911484,0.5236268960161699,0.3061966760292079,0.46052176526637223,0.0901822457378012,0.22962010977078098,0.23111034438535238,0.14655348519682168,0.2678483160376347,-0.697425685485157,-0.7500341225500797,-0.22269345367892118,0.7573229580088137,-0.5149183868520831,-0.11126843249678008,0.8001466652858434,-0.1992813607544488,0.0740981288228761,-0.06536672875062141,0.8906991632294596
2025-03-01|randwick|3,2025-03-01,randwick,3,V0,1,good,1200,0,0,0.0,0.0,0.0,0.0,slow,0.4387351778656126,0.479241544701497,0.479241544701497,0.4549377245999664,0.0697780480389176,0.03335283629582928,0.03335283629582928,0.05520796334168227,0.282695565304261,0.3461239553395104,0.3461239553395104,0.3080669213183608,0.2087912087912088,0.1412816636631634,0.1412816636631634,0.18178739073999062,-1.1537341938415413,0.0570591040879983,0.01837369342508577,0.01837369342508577,0.3113034274507369,-0.2702266815690505,-0.9264889880996432,-0.9264889880996432,1.2346610512452951,-0.2617749119337798,-0.3493349571151368,-0.3493349571151368
2025-03-01|randwick|4,2025-03-01,randwick,4,V1,1,good,1200,1,1,0.3333333333333333,-0.3845780646138471,0.10376780915024564,0.4115536837484317,slow,0.4387351778656126,0.46623715813290134,0.5057303014383276,0.46553322729469865,0.0697780480389176,0.0352701405526969,0.0314588230785758,0.05445035805478088,0.282695565304261,0.35612247269449115,0.39151271471932986,0.32622242507028854,0.2087912087912088,0.14237022861991055,0.07129816076376665,0.15379398958023194,-1.5560620152837206,0.0570591040879983,-0.013114373616032848,-0.4289212559789315,-1.9197044692795335,-0.2702266815690505,-0.876943485478948,-0.18344040466792524,1.2460930980160827,-0.2617749119337798,-0.35897182560687946,0.5539895796309374
2025-03-01|randwick|5,2025-03-01,randwick,5,V2,1,good,1200,2,2,0.47852435688904016,-0.6569919928429148,-0.43274186644830603,0.5937961524940365,even,0.4387351778656126,0.4532410458727642,0.4614132576782482,0.4478064097906669,0.0697780480389176,0.037269325704048784,0.03021062842594732,0.05395108019372948,0.282695565304261,0.3661314443706351,0.45509440071401824,0.35165509946816387,0.2087912087912088,0.14335818405255193,0.0532817131817863,0.1465874105474398,-0.0236663424377705,0.0570591040879983,-0.044602440657151354,-0.6714556115284961,-0.1167387852940298,-0.2702266815690505,-0.8273979828582527,-0.3125152417380047,-0.068592280624737,-0.2617749119337798,-0.3686086940986222,0.6318169645314141
2025-03-01|randwick|6,2025-03-01,randwick,6,V3,1,good,1400,3,3,0.47574474092919294,-0.3997488941602914,-0.282301526792379,0.3443964924233753,slow,0.2171639670360898,0.30630549177991434,0.3611338803115351,0.27475193234626794,0.1382495026996305,0.04484803541472123,0.052941741287996676,0.10412639813497696,0.3706369504323468,0.3412852384247951,0.4694792894496213,0.41017388603925664,0.2739495798319328,0.3075612343805694,0.11644508895084694,0.21094778347949844,-1.423058538780105,0.1738270385715923,0.10535239262670909,-0.42014128955394114,-2.2387352867733887,-0.5208506393787743,-0.7573817583408584,-0.43911899431785406,1.578308377175235,-0.3095108762071263,-0.45941024198062846,0.5637341373590657
2025-03-01|randwick|7,2025-03-01,randwick,7,V4,1,good,1400,4,4,0.5571264340530662,-0.5971838215878059,-0.6949327667492908,0.5925047074632369,even,0.2171639670360898,0.2960708399375815,0.38209122715790156,0.2831348710848145,0.1382495026996305,0.04712010728957915,0.050977489370413576,0.10334069736794371,0.3706369504323468,0.3488780571660411,0.43624136209479275,0.3968787150973252,0.2739495798319328,0.30793099560679826,0.13068992137689212,0.21664571644991654,0.0974697629301444,0.1738270385715923,0.07386432558559064,-0.4211191997934959,-0.2583156100123133,-0.5208506393787743,-0.7078362557201632,-0.3493714338597016,-0.1079185215162529,-0.3095108762071263,-0.46904711047237113,0.4711763347897883
2025-03-01|randwick|9,2025-03-01,randwick,9,V5,1,good,1300,5,5,0.5552169990671514,-0.40615339637785447,-0.4966321762606857,0.3926879962015809,even,0.4387351778656126,0.41447937699704634,0.42618918374215903,0.43371678021623117,0.0697780480389176,0.043771478214800624,0.050655182208354424,0.06212890170669233,0.282695565304261,0.39605601930976375,0.4806972208147799,0.36189622750846856,0.2087912087912088,0.14569312547838933,0.04245841323470672,0.14225809056860797,0.1727642997957586,0.0570591040879983,-0.13906664178050698,-0.6400358498417109,0.5595207436567247,-0.2702266815690505,-0.678761474996167,-0.4840345370786699,0.7980615856402471,-0.2617749119337798,-0.39751929957385024,0.7261230927589619
2025-03-01|randwick|10,2025-03-01,randwick,10,V6,1,good,2000,6,6,0.35256342933683493,-0.16222381832260455,-0.18132019204041308,0.2578171991997143,slow,0.3398402839396628,0.33555413288633196,0.34094380620953274,0.3402816928476108,0.1184560780834072,0.08031685841701755,0.10432173384870119,0.1128023403895248,0.398846495119787,0.3071491915759883,0.3664834481467692,0.38590127633057986,0.1428571428571428,0.27697981712066216,0.18825101179499681,0.1610146904322844,-1.0730033031280672,-0.3925874611977842,0.2898206929269654,0.03892645155299279,-1.2681831467242142,-0.5201137937068411,-0.388894863135705,-0.0816225083818348,0.5064209308857074,-0.5547564753231244,-0.9246783573980554,-0.29811854419951034
2025-03-08|flemington|1,2025-03-08,flemington,1,V0,1,good,1100,0,0,0.0,0.0,0.0,0.0,fast,0.2831287705429581,0.33499724261357067,0.33499724261357067,0.30387615937120316,0.1333628042438111,0.04028329978714978,0.04028329978714978,0.09613100246114657,0.4267073315700317,0.46335844424503786,0.46335844424503786,0.4413677766400341,0.1568010936431988,0.16136101335424174,0.16136101335424174,0.15862506152761596,0.8331944675887303,-0.4916176381519688,-0.4420510289589862,-0.4420510289589862,-0.7184792872685486,-0.2463464208290638,-0.6094745542252852,-0.6094745542252852,0.0455736999646321,0.0725851331012115,0.09220204114053558,0.09220204114053558
2025-03-08|flemington|2,2025-03-08,flemington,2,V1,1,good,1000,1,1,0.29737823977181627,0.24777390415915224,-0.2136601057604301,0.013552626675371179,even,0.3132045088566828,0.3537953012169327,0.5184822218786227,0.39531559406545874,0.1365942028985507,0.04094464035414142,0.061314911487092144,0.10648248633396727,0.4102541982976765,0.462057609795157,0.29623729470690996,0.3646474368613699,0.1399470899470899,0.143202448633769,0.12396557192737526,0.13355448273920406,-0.3502163558820826,-0.3483580470981851,-0.4323569361562016,-0.15983992968754498,-2.420231548710143,-0.235828756640442,-0.6391004868791155,-0.43381060125302473,0.7554296506137896,-0.0634603467179946,-0.01969753146207056,0.3079436826585533
2025-03-08|flemington|3,2025-03-08,flemington,3,V2,1,good,1100,2,2,0.45678034951782,0.1085056193326367,-0.7194417679369356,0.1840221067065864,slow,0.2831287705429581,0.3119217782900447,0.5176030966238996,0.3769185009753347,0.1333628042438111,0.04431732046044397,0.06787226771710135,0.1071665896331272,0.4267073315700317,0.4825609168489542,0.2812299761028756,0.3685163893831692,0.1568010936431988,0.1611999844005571,0.13329465955612335,0.14739852000836862,-1.3489815189531718,-0.4916176381519688,-0.5050271630412232,-0.19968757858346137,-1.114376037396109,-0.2463464208290638,-0.5103835489838947,-0.32219753583793953,1.3672109989390406,0.0725851331012115,0.07292830415705012,0.4166156703743894
2025-03-08|flemington|4,2025-03-08,flemington,4,V3,1,good,1400,3,3,0.42172042948828137,-0.17805512379437552,-0.5834359229255575,0.3390165232548969,fast,0.3612195450262485,0.3863377109263849,0.5377243196114492,0.43182145486032875,0.0916341364921254,0.05477613689628303,0.05921749163780014,0.0786674785503953,0.4129136780570352,0.40762858022899917,0.2842980618820543,0.36146743158704286,0.1342326404245908,0.1512575719483328,0.11876012686869646,0.12804363500223306,0.8502322750587672,-0.4092734240264955,-0.16537199714911435,-0.08716446598371486,0.3850996779547245,-0.2681743402429883,-0.5746867476138491,-0.11404581697548868,0.7436186557626258,-0.3876273949499671,-0.4628765739968018,-0.07649570795862375
2025-03-08|flemington|5,2025-03-08,flemington,5,V4,1,good,1400,4,4,0.5258720530414978,0.07962141156094509,-0.3082629310980906,0.4084549061475014,even,0.3335748792270531,0.33155585706099255,0.5472065390050107,0.4190275431382361,0.0958534621578099,0.06458116496474091,0.0995403543028158,0.09732821901581226,0.4509949390384173,0.4338768583812639,0.2524620515171762,0.37158178402992087,0.1195767195767195,0.16998611959300267,0.10079105517499728,0.11206245381603061,0.1202290564866582,-0.621063557943899,-0.26865538789312965,0.04729012252693954,-1.786182918042983,-0.3004350707604032,-0.4185281568451866,0.27949582428687547,-0.5095713497656327,-0.2755892616244935,-0.3917366043832834,0.5437622466572374
2025-03-08|flemington|6,2025-03-08,flemington,6,V5,1,good,2000,5,5,0.3441562519074352,0.048346790324845644,-0.34650380472792003,0.11214018146195269,slow,0.1766960722537282,0.2354923670567105,0.23322298315229475,0.19930683661315482,0.0792375551354757,0.07224841722626635,0.11715022873989091,0.09440262457724179,0.5993113691601404,0.4851790996829836,0.4218511289835992,0.5283272730895239,0.1447550034506556,0.20708011603403945,0.22777565912421513,0.17796326572007942,-0.8578916176713467,-0.9279300793835124,-0.4554599632238439,-0.3114646497637972,-1.201977122656996,-0.2756564620601618,-0.2948672409395309,-0.0014974133746622487,1.7498581024156974,-0.3034484674780613,-0.3545686162181858,-0.039449228237921324
2025-03-08|flemington|7,2025-03-08,flemington,7,V6,1,good,1600,6,6,0.5261610343734454,-0.04752567123236094,-0.5534885544690259,0.3446601258873063,even,0.2664512338425382,0.32638005679176557,0.5041834424374989,0.3615441172805225,0.154524089306698,0.0612424309221153,0.09288579196659233,0.12986877037065572,0.462229310055397,0.4751249016877685,0.27016790876902935,0.38540474954084997,0.1167953667953667,0.13725261059835067,0.13276285682687933,0.12318236280797175,-0.2574143478195755,-0.728217716678153,-0.43614849813690937,-0.07793703547898928,-0.2250038672539728,-0.1470286727014672,-0.2730854939995162,0.387921152827444,1.713734063742762,-0.3677734431956144,-0.40696873122644117,0.03248931583466723
2025-03-08|flemington|8,2025-03-08,flemington,8,V7,1,good,1600,7,7,0.588053910387766,-0.08753199884290165,-0.44826994495115224,0.6032638888919115,very_fast_or_collapse,0.3188405797101449,0.2872668645009482,0.4735733785612196,0.38073369925057476,0.1129898013955985,0.07102337365544688,0.11225503163860863,0.11269589349280255,0.4235488076067786,0.4320907994298435,0.25012650792575997,0.35417988773437115,0.1446208112874779,0.20961896241376135,0.16404508187441189,0.1523905195222515,1.7440636667142264,-0.4279709161387624,-0.2598563822406076,0.13764113806115857,0.0562509668134907,-0.3901908857157052,-0.313528813657388,0.6319278547847846,-1.1858225810462837,-0.2135825695844904,-0.4045105961570111,0.4995813799688737
2025-03-08|flemington|9,2025-03-08,flemington,9,V8,1,good,1200,8,8,0.5762790676421977,0.13232655337616694,-0.43328192714178176,0.24571150074536383,fast,0.2576581027667984,0.3061489555398809,0.3600531278840489,0.2986161128136986,0.1445775691699604,0.04110711068063792,0.10199214008834202,0.12754339753731303,0.38672536702428,0.5417510116371558,0.4614997556192338,0.41663512246226153,0.211038961038961,0.11099292214232535,0.07645497640837519,0.15720536718672667,0.7061075138270644,-0.0617837050765852,-0.6912263386171397,-0.3925063117908989,0.034887453076377,-0.0866991621372387,-0.4486138754097764,-0.02423775947263765,0.6993186401935215,-0.2202462203930925,-0.09172478015574922,0.8752632366139573
2025-03-08|flemington|10,2025-03-08,flemington,10,V9,1,good,1600,9,9,0.6255071695321257,0.2851391865033203,-0.2721613581931285,0.26438225748811633,even,0.2775444664031621,0.2809700602122715,0.4559486426998697,0.34890613692184513,0.1246912055335968,0.06873365500390093,0.182234338516145,0.1477084587266161,0.4662708215697346,0.5163514048732494,0.24075779513246645,0.3760656109948273,0.1314935064935065,0.13394487991057819,0.12105922365151874,0.1273197933567114,-0.4333684589873784,-0.7153121945781556,-0.5853613433631187,0.1420262943611677,1.0687683694563437,-0.1456824370129854,-0.13083125173489796,0.6697386928615993,0.4725203421137657,-0.2781110801801538,-0.33692368620351043,0.5168693707684242
2025-03-08|randwick|2,2025-03-08,randwick,2,V0,1,good,1300,0,0,0.0,0.0,0.0,0.0,very_fast_or_collapse,0.4387351778656126,0.479241544701497,0.479241544701497,0.4549377245999664,0.0697780480389176,0.03335283629582928,0.03335283629582928,0.05520796334168227,0.282695565304261,0.3461239553395104,0.3461239553395104,0.3080669213183608,0.2087912087912088,0.1412816636631634,0.1412816636631634,0.18178739073999062,2.295360026435855,0.0570591040879983,0.01837369342508577,0.01837369342508577,0.1428333373009255,-0.2702266815690505,-0.9264889880996432,-0.9264889880996432,1.0117361392148927,-0.2617749119337798,-0.3493349571151368,-0.3493349571151368
2025-03-08|randwick|4,2025-03-08,randwick,4,V1,1,good,1200,1,1,0.16165711751971243,0.37106128554359125,0.02309002559378844,0.16355434795600204,slow,0.4387351778656126,0.46623715813290134,0.5876462449511738,0.4982996046998371,0.0697780480389176,0.0352701405526969,0.049175387824054353,0.0615369839529723,0.282695565304261,0.35612247269449115,0.20684111965470897,0.25235378704444017,0.2087912087912088,0.14237022861991055,0.15633724757006282,0.1878096243027504,-0.6551406147375125,0.0570591040879983,-0.013114373616032848,0.43644067745436194,1.7213566257475512,-0.2702266815690505,-0.876943485478948,-0.4995113279855461,0.3797553015540482,-0.2617749119337798,-0.35897182560687946,0.03137942848397492
2025-03-08|randwick|8,2025-03-08,randwick,8,V2,1,good,2000,2,2,0.09449184738077857,0.030346325328100703,0.11329929912372114,0.055643596864801116,fast,0.3398402839396628,0.3816480672282265,0.3651690449331799,0.34997178833706966,0.1184560780834072,0.0654363713405418,0.07405632274367656,0.10069617594751494,0.398846495119787,0.2792470907907916,0.24231582426822235,0.3362342267791611,0.1428571428571428,0.27366847064044014,0.3184588080549211,0.21309780893625413,0.640362680022735,-0.3925874611977842,0.41577296109143963,0.5386696393671837,0.6236391001233799,-0.5201137937068411,-0.5870768736184859,-0.22668564991982956,1.0744794656778325,-0.5547564753231244,-0.8861308834310845,-0.7512829615643475
2025-03-08|randwick|10,2025-03-08,randwick,10,V3,1,good,1600,3,3,0.22163869718805534,0.10669667773144498,0.20173162680842427,0.18454777445196943,slow,0.2911725955204217,0.3442847908532257,0.38485269402693933,0.32864463492302876,0.1025472112428634,0.0492016687616078,0.06926933971671839,0.0892360626324054,0.4172470042035259,0.42145750968640683,0.30741230531149644,0.3733131246467141,0.189033189033189,0.18505603069875964,0.23846566094484598,0.2088061777978518,-0.5880175851847246,-0.2134688293805369,-0.2041303576959965,0.10329132382597378,1.5200839542615945,-0.3213017323097797,-0.6255828076442942,0.14559660536482305,0.6414053710518837,-0.2585940634339923,-0.30368947751576164,0.08749624549574629
2025-03-15|caulfield|1,2025-03-15,caulfield,1,V0,1,good,1200,0,0,0.0,0.0,0.0,0.0,even,0.2938808373590982,0.4232687327155827,0.4232687327155827,0.345635995501692,0.1871980676328502,0.03289847290880759,0.03289847290880759,0.12547822974323317,0.3641016793190706,0.4171840756016431,0.4171840756016431,0.38533463783209965,0.1548194156889809,0.12664871877396655,0.12664871877396655,0.14355113692297516,0.0817564556941314,-0.2454864662822626,-0.2931474814314916,-0.2931474814314916,0.4761111243364122,-0.1527375898595598,-0.7360303694112464,-0.7360303694112464,-2.334775705880504,-0.2187451308938946,-0.15101670463586012,-0.15101670463586012
2025-03-15|caulfield|2,2025-03-15,caulfield,2,V1,1,good,1200,1,1,0.3333333333333333,0.027252151898043798,0.15870370811213738,-0.7782585686268346,slow,0.2938808373590982,0.41037449642015644,0.5086293651131043,0.3797802484607007,0.1871980676328502,0.034670644028485395,0.05510219641870275,0.13435971914719125,0.3641016793190706,0.4277669193246041,0.3399456548730178,0.35443926954064947,0.1548194156889809,0.12718794022675392,0.0963227835951751,0.13142076285145857,-1.2876641771825956,-0.2454864662822626,-0.3246355484726101,-0.37981482555628476,0.2975694527102567,-0.1527375898595598,-0.6864848667905512,-0.6403706789962718,1.2452137098029386,-0.2187451308938946,-0.1606535731276028,-0.41488433842087385
2025-03-15|caulfield|3,2025-03-15,caulfield,3,V2,1,good,1600,2,2,0.3202502221199481,-0.21277807198583673,0.12131960256779925,-0.12301292635240713,even,0.2552513866523528,0.210839358934533,0.2830985930530669,0.2663902692126384,0.0911612095186974,0.06839672733827748,0.08231257309886368,0.08762175495076391,0.5634051580911484,0.4781956513428773,0.42415215663396005,0.5077039575082731,0.0901822457378012,0.24256826238431223,0.21043667721410933,0.13828401832832446,0.1688842104979327,-0.697425685485157,-0.52961765326225,-0.6344801012305327,-1.0554642257528914,-0.5149183868520831,-0.45808695084164663,0.10420470160529188,0.1958334541533311,0.0740981288228761,0.002091350691577433,0.12915011454226416
2025-03-15|caulfield|4,2025-03-15,caulfield,4,V3,1,good,1200,3,3,0.5057290521132779,-0.2302808200534719,0.009596012857835123,-0.1206721915395622,very_fast_or_collapse,0.2938808373590982,0.38487608230814163,0.48554030133959447,0.37054462295129675,0.1871980676328502,0.038419035622734875,0.05915161017347057,0.13597948464909837,0.3641016793190706,0.4487230238605896,0.37797294874474,0.3696501870893384,0.1548194156889809,0.12798185820853386,0.07733513974219472,0.12382570531026642,1.2876641771825956,-0.2454864662822626,-0.3876116825548471,-0.48800437315102985,0.4761111243364122,-0.1527375898595598,-0.5873938615491607,0.0051704067226227,-0.2334775705880504,-0.2187451308938946,-0.17992731011108815,0.2641739696349804
2025-03-15|caulfield|5,2025-03-15,caulfield,5,V4,1,good,1600,4,4,0.500758750426621,0.09120981732518728,-0.0968817764234114,-0.052123693335061595,fast,0.2552513866523528,0.19400723526739905,0.31186749661862573,0.277897830638862,0.0911612095186974,0.07436105649865482,0.14764172228560718,0.11375341462546132,0.5634051580911484,0.4921556318907114,0.3960166599186395,0.4964497588221448,0.0901822457378012,0.23947607634323473,0.1444741211771275,0.11189899591353172,0.5025845328238494,-0.697425685485157,-0.5925937873444871,-0.48960129325281976,-1.0902070890296665,-0.5149183868520831,-0.35899594560025616,0.022538179588895507,-0.40742603820097,0.0740981288228761,-0.0171823862919079,0.6373221989204076
2025-03-15|caulfield|6,2025-03-15,caulfield,6,V5,1,good,1200,5,5,0.5812734436421195,0.14309734541226724,-0.028255563086522374,-0.15594638369027278,slow,0.2938808373590982,0.35987475605744906,0.4968783913442938,0.3750798589531764,0.1871980676328502,0.04244444990078789,0.10854062405120397,0.15573509020019172,0.3641016793190706,0.469287958918879,0.3013666877194063,0.3390076826792049,0.1548194156889809,0.12839283512288396,0.09321429688509589,0.13017736816742687,-1.6862268986914954,-0.2454864662822626,-0.45058781663708425,-0.15388741527402255,0.257893525682223,-0.1527375898595598,-0.4883028563077703,0.03314545976076305,1.8807915408481903,-0.2187451308938946,-0.19920104709457365,0.4635736506241725
2025-03-15|caulfield|7,2025-03-15,caulfield,7,V6,1,good,1400,6,6,0.5895403380456923,-0.1269332803183329,-0.08782151455944208,0.16890167003004938,even,0.3873081841432225,0.31802208142308747,0.5745908741999756,0.4622212601659237,0.1202046035805626,0.0537779592195869,0.08235266463616692,0.10506382800280432,0.4063527584947022,0.5334862795202276,0.2673364646463277,0.3507462409553524,0.0861344537815126,0.09471367983709802,0.07571999651752968,0.08196867087591944,-0.2210195709019422,-0.6645800217922166,-0.7407154547069115,-0.4312772040231953,0.620221388024455,-0.1014764834332306,-0.3038542938261446,0.6649072630171063,-0.491489390626358,-0.117757331210702,-0.09579672840298967,0.4874518826171032
2025-03-15|caulfield|8,2025-03-15,caulfield,8,V7,1,good,1800,7,7,0.519029126197588,-0.05478223596655342,-0.07440266671714939,0.008350193826826837,slow,0.2941492216854536,0.2861608395084329,0.3325835210239285,0.3095229414208436,0.1129898013955985,0.06827976494752053,0.12913563760106597,0.1194481358777855,0.44824016563147,0.46237184465586456,0.3935386153178071,0.42635954550600486,0.1446208112874779,0.18318755088818206,0.1447422260571985,0.14466937719536616,-1.282317495295902,-0.5232740720764617,-0.3719904403057156,-0.29986554395280063,0.1933253769200411,-0.3087593217022703,-0.28791749145359785,0.30272233354340117,-0.4321172832786337,-0.2233821125903348,-0.35008641027551396,0.2885208692289763
2025-03-15|caulfield|9,2025-03-15,caulfield,9,V8,1,good,2400,8,8,0.3401660477438009,-0.17872786913450844,-0.007900555778397341,-0.048925914762368884,slow,0.264796633941094,0.25935345948460303,0.18396279385469486,0.23246309790653436,0.1070126227208976,0.10301269342126779,0.14241542877367214,0.1211737451420074,0.4936285313564416,0.3561497593501016,0.3561949786576709,0.43865511027693327,0.1345622119815668,0.2814840877440275,0.3174267987139621,0.20770804667452492,-3.5667263235222264,-1.020635003619114,0.023280512719739188,-0.05242560101756433,0.6475111290975243,-0.432011143721937,-0.027012087454370698,0.49270729399106616,-0.5828124038195733,-0.3819082557476358,-0.7890782703864033,-0.615618876867579
2025-03-15|caulfield|10,2025-03-15,caulfield,10,V9,1,good,1100,9,9,0.5490476648551204,-0.3124742433144803,0.10338659887779697,0.05269896397721252,even,0.2831287705429581,0.2377998706482508,0.21997776458310497,0.2578683681590168,0.1333628042438111,0.06057499321275672,0.10666034812510772,0.12268182179632975,0.4267073315700317,0.5444088180917066,0.4546028404630259,0.43786553512722937,0.1568010936431988,0.15721631804728603,0.21875904682876152,0.1815842749174239,-0.0064544570284828,-0.4916176381519688,-0.725443632329053,-0.6521575019277435,0.3030320803445535,-0.2463464208290638,-0.16356503063902814,0.9365731580822075,0.3865059408236736,0.0725851331012115,0.005470224714851181,0.5969235958608311
2025-03-15|rosehill|1,2025-03-15,rosehill,1,V0,1,good,1500,0,0,0.0,0.0,0.0,0.0,even,0.2171639670360898,0.33790144732907385,0.33790144732907385,0.26545895915328344,0.1382495026996305,0.038522344190752116,0.038522344190752116,0.09835863929607913,0.3706369504323468,0.31827818807440383,0.31827818807440383,0.3496934454891696,0.2739495798319328,0.30529802040577014,0.30529802040577014,0.28648895606146774,-0.4619693601468729,0.1738270385715923,0.19981659375006472,0.19981659375006472,0.2130226211584371,-0.5208506393787743,-0.9060182662029441,-0.9060182662029441,0.4746679830792051,-0.3095108762071263,-0.43049963650540035,-0.43049963650540035
2025-03-15|rosehill|2,2025-03-15,rosehill,2,V1,1,good,1500,1,1,0.2571428571428571,-0.11879212118062443,0.05477724544074096,0.12205748136322415,even,0.2171639670360898,0.32722978835902866,0.3972971561391459,0.28921724267731225,0.1382495026996305,0.04055061840233792,0.047599809607048564,0.10198962546259771,0.3706369504323468,0.3259754961944742,0.3250832520073171,0.3524154710623349,0.2739495798319328,0.30624409704415934,0.23001978224648847,0.25637766079775504,0.24195935743858,0.1738270385715923,0.1683285267089462,0.02591549098369561,0.395960042973305,-0.5208506393787743,-0.8564727635822489,-0.4373852918832222,-1.0410695538995651,-0.3095108762071263,-0.440136504997143,0.04792021079411428
2025-03-15|rosehill|3,2025-03-15,rosehill,3,V2,1,good,1500,2,2,0.3990861288354703,-0.025740364566055652,0.12623798610386713,-0.15212698378151787,slow,0.2171639670360898,0.3166947236874508,0.41071161632892195,0.2945830267532227,0.1382495026996305,0.04265868590352444,0.07033912354139385,0.11108535103633582,0.3706369504323468,0.33364778808979406,0.31804369687204814,0.3495996490082273,0.2739495798319328,0.30699880231923066,0.20090556325763612,0.24473197320221413,-0.7016046682610696,0.1738270385715923,0.1368404596678277,0.019298727570208063,0.3255994961214343,-0.5208506393787743,-0.8069272609615536,-0.4251093117240266,0.8974247110800907,-0.3095108762071263,-0.44977337348888574,0.11305268345463608
2025-03-15|rosehill|5,2025-03-15,rosehill,5,V3,1,good,2000,3,3,0.26480656864035496,-0.09146819657873818,0.084846741015599,0.04834985849827432,even,0.3398402839396628,0.36996716380955447,0.4048450894222135,0.3658422061326831,0.1184560780834072,0.06895111859131638,0.08537841573263417,0.10522501314309798,0.398846495119787,0.28628860926445726,0.26936383931743385,0.3470534327988457,0.1428571428571428,0.2747931083346719,0.24041265552771834,0.18187934792537302,0.1599239003124075,-0.3925874611977842,0.384284894050321,0.304133738486913,0.9801588564678576,-0.5201137937068411,-0.5375313709977907,-0.08810753306794228,0.859578291117481,-0.5547564753231244,-0.8957677519228272,-0.5532351444671898
2025-03-15|rosehill|7,2025-03-15,rosehill,7,V4,1,good,1200,4,4,0.31544155036364346,-0.07087529282328978,0.15079020256570377,0.10861410850137264,very_fast_or_collapse,0.4387351778656126,0.4273445339218387,0.4700577597168314,0.4512642106061001,0.0697780480389176,0.041518766795308186,0.05490610944575101,0.06382927260165096,0.282695565304261,0.38611488686842127,0.3604499863734588,0.31379733373194013,0.2087912087912088,0.14502181241443182,0.11458614446395889,0.17110918306030884,4.0,0.0570591040879983,-0.10757857473938837,-0.18177481563931555,0.9840930753019111,-0.2702266815690505,-0.7283069776168623,-0.16436551648267006,1.456422524887511,-0.2617749119337798,-0.38788243108210757,0.13943724690687226
2025-03-15|rosehill|10,2025-03-15,rosehill,10,V5,1,good,1200,5,5,0.3301093550705755,0.5604827488340236,0.23382534585666345,0.28072964478277074,very_fast_or_collapse,0.4387351778656126,0.41447937699704634,0.5495167675887369,0.48304781375486233,0.0697780480389176,0.043771478214800624,0.09271605697534202,0.07895325161348737,0.282695565304261,0.39605601930976375,0.24188527077990754,0.2663714474945196,0.2087912087912088,0.14569312547838933,0.11588190465601365,0.17162748713713075,3.3822290257811924,0.0570591040879983,-0.13906664178050698,0.29343306465020763,0.4754606993031738,-0.2702266815690505,-0.678761474996167,-0.15699177325201702,0.4417019132855581,-0.2617749119337798,-0.39751929957385024,0.5779603295442987
2025-03-22|rosehill|2,2025-03-22,rosehill,2,V0,1,good,1500,0,0,0.0,0.0,0.0,0.0,slow,0.2171639670360898,0.33790144732907385,0.33790144732907385,0.26545895915328344,0.1382495026996305,0.038522344190752116,0.038522344190752116,0.09835863929607913,0.3706369504323468,0.31827818807440383,0.31827818807440383,0.3496934454891696,0.2739495798319328,0.30529802040577014,0.30529802040577014,0.28648895606146774,-0.5685789873273808,0.1738270385715923,0.19981659375006472,0.19981659375006472,0.0691785394334953,-0.5208506393787743,-0.9060182662029441,-0.9060182662029441,0.3190158997524456,-0.3095108762071263,-0.43049963650540035,-0.43049963650540035
2025-03-22|rosehill|3,2025-03-22,rosehill,3,V1,1,good,2000,1,1,0.17850921231621975,-0.10149658716736464,0.012349006583459794,0.056947276981159194,slow,0.3398402839396628,0.39341224813498105,0.4298261672197866,0.37583463725171234,0.1184560780834072,0.06205574913559055,0.06819990267451975,0.09835360791985222,0.398846495119787,0.27218122733911404,0.2786223286585442,0.35075682853528983,0.1428571428571428,0.2723507753903144,0.22335160144714927,0.1750549262931454,-0.7425547876293324,-0.3925874611977842,0.447261028132558,0.3159734881833101,0.3822114303700665,-0.5201137937068411,-0.6366223762391812,-0.3839946223670686,0.4989321396802588,-0.5547564753231244,-0.8764940149393419,-0.590090137980891
2025-03-22|rosehill|5,2025-03-22,rosehill,5,V2,1,good,2000,2,2,0.36274866238140274,-0.25255293081516866,0.10840453600143707,0.1636052344856681,even,0.3398402839396628,0.3816480672282265,0.459296255164395,0.3876226724295557,0.1184560780834072,0.0654363713405418,0.07721690841936146,0.1019604102177889,0.398846495119787,0.2792470907907916,0.2882127562281349,0.3545929995631261,0.1428571428571428,0.27366847064044014,0.17527408018810864,0.15582391778952914,-0.0230607076903519,-0.3925874611977842,0.41577296109143963,0.1652181306372978,0.6247410864371836,-0.5201137937068411,-0.5870768736184859,0.03627896550558102,0.6940478077958773,-0.5547564753231244,-0.8861308834310845,-0.21534866901628325
2025-03-22|rosehill|6,2025-03-22,rosehill,6,V3,1,good,1200,3,3,0.25404876835547885,-0.12712593253460078,0.06883924798120687,0.1134981179077019,even,0.4387351778656126,0.4402709408746139,0.45476000754338186,0.44514510973672033,0.0697780480389176,0.03935177432451365,0.04620831044608694,0.06035015300178533,0.282695565304261,0.37613445354788216,0.3859827290041521,0.32401043078421743,0.2087912087912088,0.14424283125299034,0.11304895300637915,0.17049430647727692,-0.4425535269355261,0.0570591040879983,-0.07609050769826986,-0.22519573317739497,-1.982463240253643,-0.2702266815690505,-0.7778524802375575,-0.3547724827379982,0.0147033029797583,-0.2617749119337798,-0.37824556259036485,0.051639441392751145
2025-03-22|rosehill|8,2025-03-22,rosehill,8,V4,1,good,2400,4,4,0.23851278684392904,-0.10724675112245752,0.01697171469002885,0.11062911886158003,even,0.3080267558528428,0.33623422204351977,0.278672382435214,0.29628500648579126,0.1122073578595317,0.059325896924302665,0.07853670818945974,0.09873909799150292,0.4347109412326804,0.4199790032766281,0.4588690559419255,0.44437418711637844,0.145054945054945,0.18446087775554942,0.18392185343340078,0.16060170840632731,-0.0033894008013892,-0.4485456772453868,-0.2039904693237712,-0.3188980135217635,-0.1498868354392448,-0.3209882920298171,-0.4737566164246602,-0.09338575301883177,0.0326366496520943,-0.2926311852652332,-0.40091635343387266,-0.03613420206000893
2025-03-22|rosehill|9,2025-03-22,rosehill,9,V5,1,good,1200,5,5,0.35080594314565733,-0.1447892938914455,-0.33036631453670223,0.06155682965327499,very_fast_or_collapse,0.4387351778656126,0.41447937699704634,0.42074151473793875,0.4315377126145431,0.0697780480389176,0.043771478214800624,0.055448448932184514,0.06404620839622437,0.282695565304261,0.39605601930976375,0.42270551543870966,0.3386995453580405,0.2087912087912088,0.14569312547838933,0.10110452089116705,0.1657165336311921,4.0,0.0570591040879983,-0.13906664178050698,-0.3391010581971088,2.067718872251475,-0.2702266815690505,-0.678761474996167,-0.5556384371429551,0.5322967914191652,-0.2617749119337798,-0.39751929957385024,-0.06103552370794946
2025-03-22|rosehill|10,2025-03-22,rosehill,10,V6,1,good,1500,6,6,0.43312476361817975,0.48280266677401196,0.18381710919122385,0.15130545891535777,even,0.2171639670360898,0.2760976532604211,0.43248503940249594,0.30329239598265223,0.1382495026996305,0.051917926583227525,0.12423119183775141,0.13264217835487885,0.3706369504323468,0.363891014615027,0.26830639495013164,0.32970472823946073,0.2739495798319328,0.30809340554132436,0.174977373809621,0.23436069742300808,-0.4905387341647951,0.1738270385715923,0.010888191503353628,0.2919573409986442,1.7986420252709163,-0.5208506393787743,-0.6087452504787727,-0.20265979047907842,0.9616050692537964,-0.3095108762071263,-0.4883208474558565,0.5681068851698893
2025-03-22|the-valley|2,2025-03-22,the-valley,2,V0,1,soft,1200,0,0,0.0,0.0,0.0,0.0,even,0.2389825495415557,0.38619179675992416,0.38619179675992416,0.2978662484289031,0.2767179335502316,0.030679901914722918,0.030679901914722918,0.1783027208960281,0.3414423740510697,0.434827626366648,0.434827626366648,0.37879647497730107,0.1428571428571428,0.148300674958705,0.148300674958705,0.1450345556977677,0.3261601965863422,-0.1285914740362738,-0.3637341875894586,-0.3637341875894586,-1.3571042890271772,-0.2059062357550077,-0.7645140194455242,-0.7645140194455242,-1.1677150814904886,-0.1407951151589306,-0.06101816581079191,-0.06101816581079191
2025-03-22|the-valley|3,2025-03-22,the-valley,3,V1,1,soft,1200,1,1,0.3333333333333333,0.10872006552878073,-0.4523680963423924,-0.3892383604968295,even,0.2389825495415557,0.37384768682008357,0.5180299519735192,0.3506015105143411,0.2767179335502316,0.03228253384233111,0.046592157469647136,0.1846676231179978,0.3414423740510697,0.4451681458004667,0.32775806185034173,0.3359686491707785,0.1428571428571428,0.14870163353711854,0.10761982870649212,0.12876221719688252,0.257090978485706,-0.1285914740362738,-0.39522225463057714,-0.3440726672980001,-0.2767758691875467,-0.2059062357550077,-0.714968516824829,-0.9604857393627838,-0.6891433267812715,-0.1407951151589306,-0.07065503430253464,-0.20982999061280688
2025-03-22|the-valley|7,2025-03-22,the-valley,7,V2,1,soft,1600,2,2,0.21540932008966998,0.062151154490760155,-0.16553261382301795,-0.19536579172283391,slow,0.2404765109705209,0.2985123555905113,0.3501070438543001,0.28432872412403254,0.0916341364921254,0.06281649151126206,0.08311693646596172,0.08822725648165994,0.5336567121127628,0.4155939730717171,0.36010601007679843,0.46423643129837705,0.1342326404245908,0.22307717982650951,0.2066700096029396,0.16320758809593033,-4.0,-0.4807379021811658,-0.1678220189825118,-0.12877761907074592,-0.6286636066160439,-0.4077715194370196,-0.5995921877563746,-0.5854130955129121,-2.466034901328672,-0.3960114363814577,-0.44473661708763174,-0.4730317889471851
2025-03-22|the-valley|8,2025-03-22,the-valley,8,V3,1,soft,1600,3,3,0.4217391551435909,-1.1182606440422453,-0.28366976851832937,-0.8332753930228629,slow,0.2404765109705209,0.28775473296162757,0.17970607128585867,0.216168335096656,0.0916341364921254,0.06581969038724071,0.043696442043084864,0.07245905871250918,0.5336567121127628,0.42368657537054405,0.6491713249807881,0.5798625572599729,0.1342326404245908,0.22273900128058763,0.1274261616902683,0.1315100489308618,-4.0,-0.4807379021811658,-0.19931008602363037,-1.1316308413750593,-0.2608078120326622,-0.4077715194370196,-0.5500466851356793,-0.4111874062044122,-2.745729874968277,-0.3960114363814577,-0.4543734855793744,-1.2673543772625055
2025-03-22|the-valley|9,2025-03-22,the-valley,9,V4,1,soft,1200,4,4,0.4577630388817694,-0.9634869324623946,-0.2648545009689228,-0.8523910016157633,very_fast_or_collapse,0.2389825495415557,0.337666263249179,0.22088794777023196,0.2317447088330262,0.2767179335502316,0.03744782284951153,0.03082911759365454,0.17836240716760077,0.3414423740510697,0.47562311227057713,0.6483985312702069,0.46422483693872457,0.1428571428571428,0.1492628016307323,0.09988440336590661,0.12566804706064832,0.8672024050413398,-0.1285914740362738,-0.4896864557539327,-1.2533677027213859,0.6492199192464191,-0.2059062357550077,-0.5663320089627433,-0.39396242021836037,-1.2761913458912455,-0.1407951151589306,-0.0995656397777627,-0.8104408720300771
2025-03-22|the-valley|10,2025-03-22,the-valley,10,V5,1,soft,1200,5,5,0.5465151380246719,-0.4764171324181044,-0.03780976062003066,-0.8848088125894465,fast,0.2389825495415557,0.325935381053589,0.35991908746945406,0.287357164712715,0.2767179335502316,0.03929093859300673,0.056836570758384726,0.18876538843349283,0.3414423740510697,0.4855367242436799,0.5175082844109515,0.41186873819502245,0.1428571428571428,0.1492369561097243,0.06573605736120981,0.1120087086587696,0.7060408961398513,-0.1285914740362738,-0.5211745227950512,-0.9058538286917541,-0.0493383071160455,-0.2059062357550077,-0.516786506342048,-0.37985787317545516,-2.424763557193365,-0.1407951151589306,-0.10920250826950542,-0.4612687344646279
2025-03-22|the-valley|11,2025-03-22,the-valley,11,V6,1,soft,1200,6,6,0.6010567125856912,-0.20924117934814587,-0.03762460281192868,-1.1338383897502609,even,0.2389825495415557,0.3143904294700269,0.3434288439802364,0.280761067317028,0.2767179335502316,0.04119573052741761,0.10027053708546103,0.20613897496432337,0.3414423740510697,0.49530782919496513,0.46978207823627144,0.3927782557251504,0.1428571428571428,0.14910601080759048,0.08651854069803107,0.12032170199349809,0.4758101691377266,-0.1285914740362738,-0.5526625898361697,-0.6646157658511163,-0.8453697743662938,-0.2059062357550077,-0.4672410037213528,-0.49256700951532284,-1.378286653562543,-0.1407951151589306,-0.11883937676124809,-0.47138697170267774
2025-03-29|flemington|1,2025-03-29,flemington,1,V0,1,good,1100,0,0,0.0,0.0,0.0,0.0,even,0.2831287705429581,0.33499724261357067,0.33499724261357067,0.30387615937120316,0.1333628042438111,0.04028329978714978,0.04028329978714978,0.09613100246114657,0.4267073315700317,0.46335844424503786,0.46335844424503786,0.4413677766400341,0.1568010936431988,0.16136101335424174,0.16136101335424174,0.15862506152761596,-0.1232242733659142,-0.4916176381519688,-0.4420510289589862,-0.4420510289589862,-0.37096991771213,-0.2463464208290638,-0.6094745542252852,-0.6094745542252852,-0.287600120792052,0.0725851331012115,0.09220204114053558,0.09220204114053558
2025-03-29|flemington|2,2025-03-29,flemington,2,V1,1,good,1400,1,1,0.23269653761889864,-0.028673861762852904,-0.0863234154123804,-0.06692355232708752,slow,0.3873081841432225,0.38035424410718033,0.4429737916614723,0.4095744271505224,0.1202046035805626,0.04238628304645527,0.050439750419910175,0.09229866231630163,0.4063527584947022,0.4822561252641383,0.4324313606740238,0.41678419936643085,0.0861344537815126,0.09500334758222613,0.07415509724459372,0.08134271116674505,-2.460406544002673,-0.6645800217922166,-0.5832751195013188,-0.6484437933570024,-4.0,-0.1014764834332306,-0.5515818069296208,-0.39424733038809023,0.7046019540960843,-0.117757331210702,-0.04761238594427616,0.1500345292759026
2025-03-29|flemington|3,2025-03-29,flemington,3,V2,1,good,1200,2,2,0.4158148750781698,-0.5403954653081072,-0.9137870962689332,0.08807300351049911,fast,0.2911113153782517,0.3459755180412393,0.3685487520066606,0.32208629002961525,0.1202775990440297,0.03870894396182049,0.03498200667128014,0.08615936209492986,0.3913897023098236,0.4630738924021057,0.49727731671848596,0.43374474807328856,0.1972213832678949,0.15224164559483436,0.09919192460357323,0.15800959980216622,0.6148845993368002,-0.1976151451239783,-0.4149838763632666,-0.8185276778932904,-1.6221591748361983,-0.2326545586175621,-0.6559939319943996,-0.706737129279388,-3.130133213356006,-0.046679291358151,-0.006302207554517235,-0.04514814385213735
2025-03-29|flemington|4,2025-03-29,flemington,4,V3,1,good,1600,3,3,0.4143696001882826,-0.3496848860218963,-0.9778021017256295,-0.37262624284182383,slow,0.2552513866523528,0.20230744605202403,0.1694854741539023,0.2209450216529726,0.0911612095186974,0.07133743623886349,0.07880861805594752,0.08622017293359745,0.5634051580911484,0.4852673830517747,0.6557387723222631,0.6003386037835943,0.0901822457378012,0.24108773465733785,0.09596713546788717,0.0924962016298356,-0.5177403923986591,-0.697425685485157,-0.5611057203033685,-1.1024790075548079,-0.5149138535206372,-0.5149183868520831,-0.4085414482209514,-1.1203356737180095,0.605262451309694,0.0740981288228761,-0.007545517800165234,-0.11452441859453745
2025-03-29|flemington|5,2025-03-29,flemington,5,V4,1,good,1600,4,4,0.5217611018481519,-0.3623219834551543,-0.7900850809447639,-0.10943846986451754,slow,0.2552513866523528,0.19400723526739905,0.31879347428068366,0.28066822170368516,0.0911612095186974,0.07436105649865482,0.0894552050752855,0.09047880774133264,0.5634051580911484,0.4921556318907114,0.4746623753495704,0.5279080449945173,0.0901822457378012,0.23947607634323473,0.11708894529446053,0.10094492556046494,-0.6937721258141977,-0.697425685485157,-0.5925937873444871,-0.8475073230789891,-1.5642247874518975,-0.5149183868520831,-0.35899594560025616,-0.43927946227122716,0.7366021387665279,0.0740981288228761,-0.0171823862919079,0.03958011788909127
2025-03-29|flemington|6,2025-03-29,flemington,6,V5,1,good,1000,5,5,0.48536969471853464,-0.22999806063196207,-0.744726180781053,-0.26130283950168975,even,0.2831287705429581,0.2787994898985004,0.388711412091643,0.32536182716243206,0.1333628042438111,0.05087281333160462,0.06889670782065782,0.10757636567454978,0.4267073315700317,0.5102045384390321,0.4349731234137344,0.43001364830751276,0.1568010936431988,0.1601231583308628,0.10741875667396455,0.1370481588555051,0.4847902333738033,-0.4916176381519688,-0.5994913641645787,-0.7232014805921569,1.5386820450559895,-0.2463464208290638,-0.361747041121809,-0.498837800927582,0.3372453797383006,0.0725851331012115,0.04401769868182201,-0.1693941801899425
2025-03-29|flemington|7,2025-03-29,flemington,7,V6,1,good,1100,6,6,0.57517159338477,-0.10018158711657327,-0.3299681426742674,-0.15221073733407264,slow,0.2831287705429581,0.26819519657929464,0.46777644016616465,0.3569878383922407,0.1333628042438111,0.05319450485009879,0.08267488767642475,0.11308763761685656,0.4267073315700317,0.5190612838088283,0.3800880217304951,0.40805960763421706,0.1568010936431988,0.15954901476177827,0.06946065042691549,0.12186491635668548,-0.7198891759798228,-0.4916176381519688,-0.6309794312056973,-0.6228874836472074,-0.8262511803588308,-0.2463464208290638,-0.3122015385011138,-0.07310245002808735,0.9792099350776968,0.0725851331012115,0.03438083019007929,0.46822737483689764
2025-03-29|flemington|8,2025-03-29,flemington,8,V7,1,good,2000,7,7,0.4103657723088271,-0.2317272153985658,-0.4394237172317495,0.11751807855103857,very_fast_or_collapse,0.2968515742128935,0.3195835766874612,0.323612576217573,0.3075559750147653,0.1109445277361319,0.06377621619570674,0.08297782628737682,0.09975784715662986,0.4345684300706789,0.45534159282009834,0.4558346060319141,0.44307490045517295,0.1576354679802955,0.1612986142967338,0.1375749914631361,0.14961127737343174,1.6776923548477674,-0.4819416480789996,-0.3292321250004609,-0.4534288234435226,-0.2828945227434489,-0.2380673052237912,-0.3256757629884218,-0.03516067530554545,-1.9432531106669195,-0.3389046599004555,-0.43507470128580145,-0.22232824173665527
2025-03-29|flemington|10,2025-03-29,flemington,10,V8,1,good,1100,8,8,0.5517711274056893,-0.10408207336898828,-0.3438883520616112,-0.02164567348403941,slow,0.2831287705429581,0.24768901798421017,0.19055559287188814,0.2460994994745301,0.1333628042438111,0.05804522734118507,0.11446387730412967,0.12580323346793854,0.4267073315700317,0.5361730608265504,0.6206825319396265,0.5042974117178696,0.1568010936431988,0.15809269384805438,0.0742979978843557,0.12379985533966156,-1.057134555718125,-0.4916176381519688,-0.6939555652879343,-0.8661080568097228,-0.1180358829083941,-0.2463464208290638,-0.21311053325972332,-0.08515668381505645,0.1506476823196449,0.0725851331012115,0.015107093206593848,0.8132742938131708
2025-04-05|caulfield|1,2025-04-05,caulfield,1,V0,1,good,1100,0,0,0.0,0.0,0.0,0.0,very_fast_or_collapse,0.2831287705429581,0.33499724261357067,0.33499724261357067,0.30387615937120316,0.1333628042438111,0.04028329978714978,0.04028329978714978,0.09613100246114657,0.4267073315700317,0.46335844424503786,0.46335844424503786,0.4413677766400341,0.1568010936431988,0.16136101335424174,0.16136101335424174,0.15862506152761596,0.8071774662588908,-0.4916176381519688,-0.4420510289589862,-0.4420510289589862,1.1719276945905888,-0.2463464208290638,-0.6094745542252852,-0.6094745542252852,-0.8791115516773498,0.0725851331012115,0.09220204114053558,0.09220204114053558
2025-04-05|caulfield|2,2025-04-05,caulfield,2,V1,1,good,1200,1,1,0.29737823977181627,0.24003701409954356,0.34850579495719197,-0.2614286458008804,even,0.2938808373590982,0.41037449642015644,0.5556284424913329,0.39857987941199213,0.1871980676328502,0.034670644028485395,0.05770805325767486,0.1354020618827801,0.3641016793190706,0.4277669193246041,0.2684299521317585,0.32583298844414577,0.1548194156889809,0.12718794022675392,0.11823355211923363,0.14018507026108198,-0.0639327734101035,-0.2454864662822626,-0.3246355484726101,-0.05979720262315136,2.3541284944431897,-0.1527375898595598,-0.6864848667905512,-0.15077244569199522,-0.347994236463029,-0.2187451308938946,-0.1606535731276028,0.14736850764921028
2025-04-05|caulfield|3,2025-04-05,caulfield,3,V2,1,good,1600,2,2,0.3046922287210175,0.09045496581695253,0.5680900036705006,-0.17305855487079547,very_fast_or_collapse,0.2552513866523528,0.210839358934533,0.2815615271174569,0.2657754428383945,0.0911612095186974,0.06839672733827748,0.11200368986701521,0.09949820165802453,0.5634051580911484,0.4781956513428773,0.34935051291377645,0.47778330002019964,0.0901822457378012,0.24256826238431223,0.25708427010175144,0.1569430554833813,0.8683925864443997,-0.697425685485157,-0.52961765326225,-0.34145359648764695,2.601130206100352,-0.5149183868520831,-0.45808695084164663,0.40974824295582224,-0.3176949229418697,0.0740981288228761,0.002091350691577433,0.4179402881109607
2025-04-05|caulfield|4,2025-04-05,caulfield,4,V3,1,good,1400,3,3,0.46498180908836106,0.2475887058575557,1.008147096196862,-0.21612558219648548,slow,0.3873081841432225,0.3548870789153391,0.5421526261580769,0.44924596094916425,0.1202046035805626,0.04672735995177744,0.10501836839619239,0.11413010950681451,0.4063527584947022,0.5032806932907022,0.26575228786345095,0.3501125702422017,0.0861344537815126,0.09510486784218118,0.08707671758227972,0.08651135930181944,-2.470423986516675,-0.6645800217922166,-0.646251253583556,-0.22256810212656158,-0.224830253158865,-0.1014764834332306,-0.4524908016882303,0.9375406074346316,1.7438053781590106,-0.117757331210702,-0.06688612292776155,0.7801113133154522
2025-04-05|caulfield|5,2025-04-05,caulfield,5,V4,1,good,2400,4,4,0.22185941011381358,-0.08853482751015408,0.32322111608456383,0.06531229364206716,slow,0.264796633941094,0.30074755317379276,0.26485991474720916,0.26482194626354005,0.1070126227208976,0.08556828353886502,0.1032554630464161,0.105509758851105,0.4936285313564416,0.3301273594398914,0.25636904528200183,0.39872473692666566,0.1345622119815668,0.28355680384745074,0.37551557692437293,0.23094355795868926,-3.671456231823422,-1.020635003619114,0.14923278088421327,0.2622247615809142,1.2895923954772752,-0.432011143721937,-0.2251940979371516,0.6038417853985191,-0.082658181308406,-0.3819082557476358,-0.7505307964194325,-0.5321851102752657
2025-04-05|caulfield|6,2025-04-05,caulfield,6,V5,1,good,2000,5,5,0.4187929871347863,-0.6553672420957514,0.5851699530361772,0.06703148019032708,even,0.1766960722537282,0.2354923670567105,0.1878830839280666,0.18117087692346356,0.0792375551354757,0.07224841722626635,0.07599143282469145,0.077939106211162,0.5993113691601404,0.4851790996829836,0.49983243541798145,0.5595197956632768,0.1447550034506556,0.20708011603403945,0.23629304782926058,0.18137022120209761,-0.4472938720739581,-0.9279300793835124,-0.4554599632238439,-0.7103345340810205,1.788866796872704,-0.2756564620601618,-0.2948672409395309,1.2251908511098377,1.6224237187409896,-0.3034484674780613,-0.3545686162181858,0.12697809850172403
2025-04-05|caulfield|7,2025-04-05,caulfield,7,V6,1,good,1200,6,6,0.5008291941788308,-0.3148329703310782,0.7069166947763988,0.18046876930855368,fast,0.2938808373590982,0.3475996762945378,0.45305359313793736,0.35754993967063387,0.1871980676328502,0.04456263717216293,0.06581182760417996,0.1386435716213821,0.3641016793190706,0.47938306696705113,0.36046942552191297,0.36264877780020754,0.1548194156889809,0.12845461956624807,0.1206651537359698,0.14115771090777646,0.5290436999686098,-0.2454864662822626,-0.48207588367820275,-0.37913952629808234,0.3582109006811742,-0.1527375898595598,-0.438757353687075,1.2208367586786073,0.0376209985365424,-0.2187451308938946,-0.20883791558631637,0.555951699087764
2025-04-05|caulfield|8,2025-04-05,caulfield,8,V7,1,good,2000,7,7,0.5127060631949318,-0.4404046151063923,0.7293516770272976,0.3718070068696187,very_fast_or_collapse,0.3023513753327418,0.29946934345106346,0.22804070641032156,0.2726271077637737,0.1123558118899733,0.07078802916836784,0.11651038215144216,0.11401763999456085,0.442435669920142,0.44486539932445857,0.4975737595531103,0.4644909057733293,0.1428571428571428,0.18487722805611012,0.15787515188512602,0.14886434646833607,1.0969349719908716,-0.5832914004215531,-0.300707827419849,-0.40302073768802166,1.1876902503827014,-0.302324048855728,-0.2658241521833744,1.4432051813635338,0.5924580995402496,-0.269873901400122,-0.4312611233224565,0.7427277279529229
2025-04-05|caulfield|9,2025-04-05,caulfield,9,V8,1,good,1400,8,8,0.558162616334107,-0.1380583122121631,0.5909948341907271,0.258057292929822,slow,0.3612195450262485,0.3248930865978664,0.3679739912084137,0.36392132349911455,0.0916341364921254,0.06989960837845861,0.14373867338565102,0.11247595124953566,0.4129136780570352,0.45353884222926416,0.3606976098648425,0.3920272507801581,0.1342326404245908,0.15166846279441096,0.12758972554109277,0.13157547447119158,-0.9264089949437516,-0.4092734240264955,-0.3228123323547071,-0.10013017028440624,1.3272237525184505,-0.2681743402429883,-0.326959234510373,1.187509228828914,1.776707366426155,-0.3876273949499671,-0.5110609164555153,0.5581958268617209
2025-04-05|caulfield|10,2025-04-05,caulfield,10,V9,1,good,1400,9,9,0.608637666178842,-0.28342320764916445,0.6969601016805829,0.5385918069164678,slow,0.3873081841432225,0.28308765855138446,0.39456401866886254,0.3902105179534785,0.1202046035805626,0.06148001472440808,0.1201484930651963,0.12018215937441608,0.4063527584947022,0.5617367159701844,0.3747544580953553,0.3937134383349634,0.0861344537815126,0.09369561075402298,0.11053303017058586,0.09589388433714191,-1.2352119932583316,-0.6645800217922166,-0.8351796558302672,-0.4521130326329431,1.573811772112045,-0.1014764834332306,-0.15521778596405886,1.915986080687408,-0.2961178944043552,-0.117757331210702,-0.12470733387821772,1.1129116497889766
2025-04-05|randwick|2,2025-04-05,randwick,2,V0,1,soft,2000,0,0,0.0,0.0,0.0,0.0,slow,0.3003344481605351,0.3799701756519574,0.3799701756519574,0.332188739157104,0.1122073578595317,0.04454195969773687,0.04454195969773687,0.08514119859481377,0.4347109412326804,0.4035382503757746,0.4035382503757746,0.4222418648899181,0.1527472527472527,0.1719496142745311,0.1719496142745311,0.16042819735816405,-2.063740383473167,-0.2866705153702255,-0.1562566864895687,-0.1562566864895687,-1.4850132687635886,-0.3110882821298076,-0.745829043382828,-0.745829043382828,0.7860606595403967,-0.2910897069408998,-0.2889938830034202,-0.2889938830034202
2025-04-05|randwick|5,2025-04-05,randwick,5,V1,1,soft,1400,1,1,0.11373476225347545,-0.23471902186721694,-0.1688976310660832,0.08940242222963714,very_fast_or_collapse,0.4139329680495268,0.34177530027902703,0.3470885995644057,0.3871952206554783,0.1118266562299864,0.05048449769940489,0.04872814652004744,0.08658725234601082,0.2722296205182422,0.21963593205873452,0.2860403666466897,0.2777539189696212,0.2020107552022445,0.38810426996283354,0.31814288726885714,0.24846360802888956,1.6960495796547237,-0.0404545666943978,0.6166243497481865,0.32456932572778435,1.5689241579129525,-0.7325348677273784,-0.709490923280719,-0.6933387158585003,-0.2482500711962465,-0.1456456421002815,-0.6856548682857034,-0.5477307743062758
2025-04-05|randwick|6,2025-04-05,randwick,6,V2,1,good,1400,2,0,0.0,0.0,0.0,0.0,even,0.2171639670360898,0.3166947236874508,0.3166947236874508,0.25697626969663423,0.1382495026996305,0.04265868590352444,0.04265868590352444,0.10001317598118806,0.3706369504323468,0.33364778808979406,0.33364778808979406,0.3558412854953257,0.2739495798319328,0.30699880231923066,0.30699880231923066,0.28716926882685195,-0.1247612965505821,0.1738270385715923,0.1368404596678277,0.1368404596678277,-0.6671593381779328,-0.5208506393787743,-0.8069272609615536,-0.8069272609615536,-1.2882773506002945,-0.3095108762071263,-0.44977337348888574,-0.44977337348888574
2025-04-05|randwick|7,2025-04-05,randwick,7,V3,1,good,1200,3,1,0.2637669986665615,-0.03290791274089587,-0.17597461626356287,-0.33980505021794927,even,0.4387351778656126,0.4402709408746139,0.5126270964863835,0.468291945313921,0.0697780480389176,0.03935177432451365,0.049083198124013634,0.061500108072956014,0.282695565304261,0.37613445354788216,0.3321044811372657,0.30245913163746285,0.2087912087912088,0.14424283125299034,0.10618522425233717,0.16774881497566013,-0.4522323653022042,0.0570591040879983,-0.07609050769826986,-0.1817445785078526,0.6380317995048892,-0.2702266815690505,-0.7778524802375575,-0.840025586753709,1.409634240800944,-0.2617749119337798,-0.37824556259036485,-0.45196090985842996
2025-04-05|randwick|9,2025-04-05,randwick,9,V4,1,good,2400,4,2,0.1090582098936943,-0.03009660990845512,-0.007034069128816575,-0.0046392651450909055,slow,0.3080267558528428,0.33623422204351977,0.3425526665934786,0.3218371201490971,0.1122073578595317,0.059325896924302665,0.06511849865696599,0.09337181417850543,0.4347109412326804,0.4199790032766281,0.4075958421127584,0.42386490158471163,0.145054945054945,0.18446087775554942,0.18473299263679707,0.16092616408768584,-0.8601064335961237,-0.4485456772453868,-0.2039904693237712,-0.22030902733192798,-0.8431134493457495,-0.3209882920298171,-0.4737566164246602,-0.3159752064835772,-1.505463375151764,-0.2926311852652332,-0.40091635343387266,-0.35155085859978114
2025-04-05|randwick|10,2025-04-05,randwick,10,V5,1,good,1200,5,3,0.38472310129647774,-0.14889995103297393,0.016138524276343776,0.07438587720827004,slow,0.4387351778656126,0.41447937699704634,0.3942394044220663,0.4209368684881941,0.0697780480389176,0.043771478214800624,0.06672992809113697,0.06855880005980534,0.282695565304261,0.39605601930976375,0.4200620384600288,0.3376421545665681,0.2087912087912088,0.14569312547838933,0.11896862902676794,0.17286217688543246,-0.9293536885186746,0.0570591040879983,-0.13906664178050698,-0.2876446707722633,0.9306888565750808,-0.2702266815690505,-0.678761474996167,-0.15296982811357396,0.7809037937898404,-0.2617749119337798,-0.39751929957385024,0.2712968179016663
2025-04-12|randwick|2,2025-04-12,randwick,2,V0,1,good,1400,0,0,0.0,0.0,0.0,0.0,even,0.2171639670360898,0.33790144732907385,0.33790144732907385,0.26545895915328344,0.1382495026996305,0.038522344190752116,0.038522344190752116,0.09835863929607913,0.3706369504323468,0.31827818807440383,0.31827818807440383,0.3496934454891696,0.2739495798319328,0.30529802040577014,0.30529802040577014,0.28648895606146774,-0.3832333860662493,0.1738270385715923,0.19981659375006472,0.19981659375006472,-0.7058624227080641,-0.5208506393787743,-0.9060182662029441,-0.9060182662029441,0.2767141577339896,-0.3095108762071263,-0.43049963650540035,-0.43049963650540035
2025-04-12|randwick|3,2025-04-12,randwick,3,V1,1,good,1400,1,1,0.3333333333333333,-0.1277444620220831,-0.23528747423602137,0.09223805257799653,slow,0.2171639670360898,0.32722978835902866,0.4401547541206376,0.30636028186990893,0.1382495026996305,0.04055061840233792,0.048887894929884296,0.102504859591732,0.3706369504323468,0.3259754961944742,0.31286183701726167,0.34752690506631273,0.2739495798319328,0.30624409704415934,0.19809551393221633,0.24360795347204622,-0.5160876265692147,0.1738270385715923,0.1683285267089462,0.003927127832025978,0.1411724845416128,-0.5208506393787743,-0.8564727635822489,-0.6344772857061841,0.2075356183004902,-0.3095108762071263,-0.440136504997143,0.00113621901098402
2025-04-12|randwick|4,2025-04-12,randwick,4,V2,1,good,1200,2,2,0.39668694918765085,-0.18073964131336087,-0.09692291130373581,0.09481620654347245,slow,0.4387351778656126,0.4532410458727642,0.5562906941645587,0.48575738438519106,0.0697780480389176,0.037269325704048784,0.04310516224060142,0.059108893719591125,0.282695565304261,0.3661314443706351,0.32010096713142927,0.2976577260351283,0.2087912087912088,0.14335818405255193,0.08050317646341068,0.15747599586008953,-0.7586618193114402,0.0570591040879983,-0.044602440657151354,-0.2298459882604931,-0.3111023270454084,-0.2702266815690505,-0.8273979828582527,-0.39836118716695273,0.5299570253030405,-0.2617749119337798,-0.3686086940986222,0.21240164546096935
2025-04-12|randwick|5,2025-04-12,randwick,5,V3,1,good,1200,3,3,0.5120051838401923,-0.3072219861395725,-0.14139076411846213,0.193367421251811,slow,0.4387351778656126,0.4402709408746139,0.5624154260677191,0.48820727714645523,0.0697780480389176,0.03935177432451365,0.04763519781637445,0.060920907949900335,0.282695565304261,0.37613445354788216,0.319418829447769,0.2973848709616642,0.2087912087912088,0.14424283125299034,0.0705305466681376,0.1534869439419803,-1.3703048541113505,0.0570591040879983,-0.07609050769826986,-0.28008055900578677,-1.3829674874539517,-0.2702266815690505,-0.7778524802375575,-0.1658641947986253,2.0847896202003997,-0.2617749119337798,-0.37824556259036485,0.39713745213381374
2025-04-12|randwick|6,2025-04-12,randwick,6,V4,1,good,2400,4,4,0.19685739229156562,-0.15315895796319212,-0.1130106058471726,0.16057134997905373,slow,0.3080267558528428,0.33623422204351977,0.31004090813003543,0.30883241676371986,0.1122073578595317,0.059325896924302665,0.0655933350552793,0.09356174873783074,0.4347109412326804,0.4199790032766281,0.4348479161770783,0.4347657312104396,0.145054945054945,0.18446087775554942,0.18951784063760696,0.1628401032880098,-1.421447468318446,-0.4485456772453868,-0.2039904693237712,-0.29793146408138405,-0.8124547784604437,-0.3209882920298171,-0.4737566164246602,-0.14947518961835463,0.2676550632843621,-0.2926311852652332,-0.40091635343387266,-0.22028372815122876
2025-04-12|randwick|8,2025-04-12,randwick,8,V5,1,good,2000,5,5,0.3537949941932862,-0.3644128142911855,-0.23613441734767252,0.21264779501849657,even,0.3398402839396628,0.3469075234852416,0.3136669589246482,0.32937095393365695,0.1184560780834072,0.07638988289607096,0.08813781708968228,0.10632877368591723,0.398846495119787,0.30025151289447044,0.37353308754146647,0.38872113208845877,0.1428571428571428,0.27645108072421704,0.22466213644420313,0.17557914029196692,0.3173042949064662,-0.3925874611977842,0.321308759968084,0.012338643528238102,-0.3202665896428877,-0.5201137937068411,-0.4384403657564002,-0.006706729440402348,-0.979050732663224,-0.5547564753231244,-0.9150414889063127,-0.48396804222181095
2025-04-12|randwick|10,2025-04-12,randwick,10,V6,1,good,1200,6,6,0.4503895457945506,-0.33558140981863926,-0.28671807096856405,0.31397274549895665,slow,0.4387351778656126,0.40169278766471833,0.315951723633062,0.3896217961725924,0.0697780480389176,0.046110976135739744,0.05989520320073095,0.06582491010364294,0.282695565304261,0.40594110012683987,0.5451283236166464,0.3876686686292152,0.2087912087912088,0.14625513607270205,0.07902474954956072,0.15688462509454956,-0.5734854876747716,0.0570591040879983,-0.17055470882162546,-0.5452746144412753,-0.3372453797382947,-0.2702266815690505,-0.6292159723754718,-0.23328774146784503,0.581054810111879,-0.2617749119337798,-0.40715616806559296,0.464587743796763
2025-04-19|randwick|1,2025-04-19,randwick,1,V0,1,soft,1400,0,0,0.0,0.0,0.0,0.0,fast,0.4139329680495268,0.3521340861402389,0.3521340861402389,0.3892134152858116,0.1118266562299864,0.047852368380485066,0.047852368380485066,0.08623694109018587,0.2722296205182422,0.2139712804265451,0.2139712804265451,0.24892628448156334,0.2020107552022445,0.386042265052731,0.386042265052731,0.2756233591424391,0.5627213257551756,-0.0404545666943978,0.6481124167893051,0.6481124167893051,0.2971366751811002,-0.7325348677273784,-0.7590364259014143,-0.7590364259014143,-0.1169954868009466,-0.1456456421002815,-0.6760179997939607,-0.6760179997939607
2025-04-19|randwick|2,2025-04-19,randwick,2,V1,1,soft,1400,1,1,0.3181818181818182,0.17904769455846498,0.09454348755762279,-0.0372258367093921,fast,0.4139329680495268,0.34177530027902703,0.4692752167520236,0.4360698675305255,0.1118266562299864,0.05048449769940489,0.07451448081439598,0.09690178606375023,0.2722296205182422,0.21963593205873452,0.14190634503365432,0.22010031032440702,0.2020107552022445,0.38810426996283354,0.31430395739992617,0.24692803608131716,0.6245141322666726,-0.0404545666943978,0.6166243497481865,0.822069077937057,0.5999692610685557,-0.7325348677273784,-0.709490923280719,-0.24585005886073152,-0.0714536194556129,-0.1456456421002815,-0.6856548682857034,-0.23721938233965179
2025-04-19|randwick|3,2025-04-19,randwick,3,V2,1,soft,2000,2,2,0.24661152151846366,0.1473366899683124,0.11524328170736536,-0.022541331101810492,slow,0.3003344481605351,0.35563228435076205,0.43614947455343395,0.35466045871769464,0.1122073578595317,0.04925666231185504,0.07220842197345212,0.09620778350509987,0.4347109412326804,0.42244188677653166,0.32325634429490774,0.3901291024575714,0.1527472527472527,0.17266916656085138,0.16838575917820603,0.15900265531963403,-1.834614865776338,-0.2866705153702255,-0.21923282057180574,-0.05093761354046944,-1.082586008907806,-0.3110882821298076,-0.6467380381414375,-0.23335856001016464,0.4716363957242387,-0.2910897069408998,-0.3082676199869056,0.0303339277843995
2025-04-19|randwick|4,2025-04-19,randwick,4,V3,1,soft,1400,3,3,0.48110094715082014,0.05530040832547824,0.07689051125237019,0.009765404611910866,even,0.4139329680495268,0.32137338728045894,0.40641686507935654,0.4109265268614587,0.1118266562299864,0.056088169440077634,0.08841251338305475,0.10246099909121374,0.2722296205182422,0.23099534352969592,0.10923695848564953,0.2070325557052051,0.2020107552022445,0.3915430997497674,0.39593366305193933,0.2795799183421225,0.4784584077849488,-0.0404545666943978,0.5536482156659492,0.9055516615087988,0.7032076426211001,-0.7325348677273784,-0.6103999180393286,0.28576980478246916,0.8507691942874165,-0.1456456421002815,-0.7049286052691889,-0.21077909102463144
2025-04-19|randwick|5,2025-04-19,randwick,5,V4,1,soft,1200,4,4,0.4773063798187917,0.12293681248151775,0.17804017687492904,0.16520504588639928,slow,0.2556221889055472,0.2676223569428681,0.41456330846272793,0.3191986367284195,0.0888305847076461,0.07712893857513475,0.13563931119064432,0.10755407530084539,0.497911758406511,0.349414065070936,0.20663749121717906,0.3814020515307782,0.1576354679802955,0.30583463941106115,0.2431598891294487,0.19184523643995677,-1.2060430798588149,-0.6020308462384194,0.06070963327909695,0.37656167709925553,0.8956352707804107,-0.527414560044455,-0.4092741012436727,0.5108958968096214,0.8104991842270187,-0.3309324487931435,-0.6065500269020204,0.18283526799556898
2025-04-19|randwick|6,2025-04-19,randwick,6,V5,1,soft,2000,5,5,0.45206405823066137,-0.33504256094884083,-0.03420351167116494,0.21074890911802985,even,0.3003344481605351,0.3202483784209569,0.39236095163746987,0.337145049551309,0.1122073578595317,0.05696613108185537,0.0686409438371103,0.09478079225056314,0.4347109412326804,0.4499856137788102,0.39907469741217444,0.42045644370447804,0.1527472527472527,0.17279987671837768,0.13992340711324536,0.14761771449364977,-0.0989253113899001,-0.2866705153702255,-0.31369702169516134,-0.3862117600523414,0.1133597915086726,-0.3110882821298076,-0.4981015302793518,0.39096177686915834,-0.5223499866623332,-0.2910897069408998,-0.3371782254621337,0.19553862513458398
2025-04-19|randwick|8,2025-04-19,randwick,8,V6,1,soft,1400,6,6,0.5340738279948901,-0.058412525255150276,0.24149287816231543,0.1767659167481793,very_fast_or_collapse,0.4139329680495268,0.29168461343047675,0.31683007400664265,0.3750918104323731,0.1118266562299864,0.06537938949840917,0.13407552723672816,0.1207262046326831,0.2722296205182422,0.24800059983650694,0.19423833654622255,0.2410331069294343,0.2020107552022445,0.3949353972346071,0.35485606221040666,0.26314887800550935,0.8548327747186153,-0.0404545666943978,0.45918401454259367,0.6510866553911443,0.8477413767946574,-0.7325348677273784,-0.4617634101772429,0.6184728067728137,0.7369145259240782,-0.1456456421002815,-0.7338392107444169,0.22854580922153972
2025-04-19|randwick|9,2025-04-19,randwick,9,V7,1,soft,1200,7,7,0.5425598742632757,0.027553666130011912,0.3389188155908202,0.2772011182167922,even,0.2556221889055472,0.23897373478932993,0.313815422076762,0.27889948217403315,0.0888305847076461,0.08845270510209345,0.182561643023465,0.12632300803397367,0.497911758406511,0.3690745155407797,0.25322629288470655,0.40003757219778924,0.1576354679802955,0.30349904456779686,0.25039664201506656,0.19473993759420394,-0.4824172319435272,-0.6020308462384194,-0.033754567844258565,0.2741402592437094,0.0110572255651801,-0.527414560044455,-0.26063759338158704,0.9551594710835668,0.7938450914004355,-0.3309324487931435,-0.6354606323772486,0.39427431936546803
2025-04-19|randwick|10,2025-04-19,randwick,10,V8,1,soft,1400,8,8,0.6117441439453697,0.03754741868848373,0.2793961470638876,0.33267994737940854,very_fast_or_collapse,0.4139329680495268,0.27259067019495425,0.3333587061909282,0.38170326330608734,0.1118266562299864,0.07219087698398324,0.1572476118422093,0.12999503847487556,0.2722296205182422,0.25922733522352165,0.12942727661909653,0.2151086829585839,0.2020107552022445,0.3959911175975408,0.3799664053477659,0.27319301526045303,0.7818049124777573,-0.0404545666943978,0.39620788046035665,0.9209755374078348,1.5841751652027751,-0.7325348677273784,-0.3626724049358525,1.0277792556127339,-0.5610286934179602,-0.1456456421002815,-0.7531129477279023,0.3363018983361287
2025-04-26|randwick|3,2025-04-26,randwick,3,V0,1,soft,1000,0,0,0.0,0.0,0.0,0.0,slow,0.3043478260869565,0.3721800016187545,0.3721800016187545,0.3314806962996757,0.108695652173913,0.04827551029516285,0.04827551029516285,0.08452759542241294,0.4440993788819876,0.3999719645098794,0.3999719645098794,0.4264484131331443,0.1428571428571428,0.17957252357620343,0.17957252357620343,0.15754329514476706,-1.0211040664298503,-0.4483988885128754,-0.14552438864124462,-0.14552438864124462,-3.3724537973829567,-0.3170567021240242,-0.6731359935806844,-0.6731359935806844,-0.8689385459923706,-0.2530751349556213,-0.29782274694617067,-0.29782274694617067
2025-04-26|randwick|4,2025-04-26,randwick,4,V1,1,soft,1000,1,1,0.3333333333333333,-0.34036802214328343,-1.124151265794319,-0.28964618199745684,slow,0.3043478260869565,0.36005956196527383,0.4017509047733398,0.3433090575615098,0.108695652173913,0.0507656771431288,0.04500308991841784,0.08321862727171493,0.4440993788819876,0.40922877638036,0.47295033968614586,0.4556397632036509,0.1428571428571428,0.17994598451123744,0.08029566562209643,0.11783255196312425,-1.1709909018690907,-0.4483988885128754,-0.17701245568236315,-0.6927648529687659,-1.0522055847834708,-0.3170567021240242,-0.6235904909599893,-1.4741851235532675,-0.4678899863035818,-0.2530751349556213,-0.3074596154379134,-0.6702902175570571
2025-04-26|randwick|6,2025-04-26,randwick,6,V2,1,soft,1200,2,2,0.3545064244814321,-0.39094055258637606,-0.7473702743788837,-0.23057652686317134,slow,0.2556221889055472,0.28765682601314574,0.3531265327506379,0.2946239264435835,0.0888305847076461,0.07016582855357431,0.0683185113009542,0.08062575534496934,0.497911758406511,0.33578560839678534,0.42687770669129094,0.469498137720423,0.1576354679802955,0.30639173703649464,0.15167724925711712,0.15525218049102416,-2.736891244283676,-0.6020308462384194,0.12368576736133402,-0.399795087921567,-2.947668127584981,-0.527414560044455,-0.5083651064850632,-0.9441031439292571,-0.3043924501017709,-0.3309324487931435,-0.5872762899185351,-0.7211825230578579
2025-04-26|randwick|7,2025-04-26,randwick,7,V3,1,soft,1200,3,3,0.4894656731538251,-0.9569065479405424,-1.246180067737743,-0.2300277734748935,slow,0.2556221889055472,0.27755069330014126,0.26135122840431246,0.2579138047050533,0.0888305847076461,0.07358940393010001,0.052299573874924336,0.0742181803745574,0.497911758406511,0.34264548180363463,0.5716163327033659,0.5273935881252529,0.1576354679802955,0.30621442096612417,0.11473286501739735,0.14047442679513625,-0.5990177062960557,-0.6020308462384194,0.09219770032021546,-0.8640023301132091,-4.0,-0.527414560044455,-0.45881960386436793,-1.0363541548530972,-0.9203290084574676,-0.3309324487931435,-0.5969131584102777,-0.953305340174066
2025-04-26|randwick|9,2025-04-26,randwick,9,V4,1,soft,1400,4,4,0.43773647754473555,-0.6276224956322973,-1.3591224070327441,-0.2814953542541874,slow,0.4139329680495268,0.3113472440037339,0.30464555215697703,0.37021800169250685,0.1118266562299864,0.05906475086953499,0.06357324302614734,0.09252529094845077,0.2722296205182422,0.2366756831954895,0.45197723385301425,0.34412866585215096,0.2020107552022445,0.39291232193124165,0.17980397096386144,0.19312804150689128,-0.6744907594765952,-0.0404545666943978,0.5221601486248308,-0.26455806886122013,0.259103157603819,-0.7325348677273784,-0.5608544154186335,-1.4922369787958605,-1.5599953878397177,-0.1456456421002815,-0.7145654737609316,-1.1078304619718065
2025-04-26|the-valley|1,2025-04-26,the-valley,1,V0,1,soft,1000,0,0,0.0,0.0,0.0,0.0,even,0.3221633085896076,0.3684562198693087,0.3684562198693087,0.3406804731014881,0.1053022269353128,0.06385699200074374,0.06385699200074374,0.08872413296148518,0.3878654749280412,0.16040770739477844,0.16040770739477844,0.2968823679147361,0.1846689895470383,0.40727908073516894,0.40727908073516894,0.27371302602229053,0.2669859256261538,-0.2871234187343125,1.1046792431214882,1.1046792431214882,-1.59319369048781,-0.7381716070290985,-0.7364048846891881,-0.7364048846891881,-0.8256697228075596,-0.868002860868811,-1.4180995431297945,-1.4180995431297945
2025-04-26|the-valley|2,2025-04-26,the-valley,2,V1,1,soft,1200,1,1,0.2637669986665615,0.0704220762886244,-0.4202319180344724,-0.21778442467480177,very_fast_or_collapse,0.2389825495415557,0.37384768682008357,0.47978920125706614,0.3353052102277599,0.2767179335502316,0.03228253384233111,0.041955272682122235,0.18281286920298784,0.3414423740510697,0.4451681458004667,0.3623098251204066,0.34978935447880444,0.1428571428571428,0.14870163353711854,0.11594570094040516,0.13209256609044773,1.434979090786457,-0.1285914740362738,-0.39522225463057714,-0.37733336108710075,0.1891207453368288,-0.2059062357550077,-0.714968516824829,-0.9049425888875879,0.301635619144812,-0.1407951151589306,-0.07065503430253464,-0.1300014828476696
2025-04-26|the-valley|3,2025-04-26,the-valley,3,V2,1,soft,1200,2,2,0.44421244316632363,0.44317650414485493,-0.21242236879057752,-0.05350162391217686,even,0.2389825495415557,0.3616358566306788,0.6430249462804114,0.400599508237098,0.2767179335502316,0.03394426402806569,0.0604704697691412,0.19021894803779543,0.3414423740510697,0.45542426510857476,0.20650555869535678,0.28746764790878454,0.1428571428571428,0.14899561423268085,0.08999902525509056,0.12171389581632189,0.3754665227753069,-0.1285914740362738,-0.42671032167169565,0.0022625217337287062,-0.3836278410155294,-0.2059062357550077,-0.6654230142041337,-0.45740543229252295,0.6661119922781295,-0.1407951151589306,-0.08029190279427731,0.47333090883129153
2025-04-26|the-valley|4,2025-04-26,the-valley,4,V3,1,soft,1000,3,3,0.5015830837602253,0.3274933907108227,-0.3172988459574262,0.020377270079824282,even,0.3221633085896076,0.33715653073483304,0.5544025812121586,0.415059017638628,0.1053022269353128,0.07504471731902591,0.12299475599839575,0.11237923856054599,0.3878654749280412,0.17362682024216938,0.07135781467399119,0.26126241082642115,0.1846689895470383,0.41417193170397165,0.25124484811545444,0.21129933297440476,0.056207563289715,-0.2871234187343125,1.0102150419981326,1.4466424616508426,-1.3954981230550147,-0.7381716070290985,-0.5877683768271024,-0.26406942834667546,-0.3256162287128413,-0.868002860868811,-1.4470101486050226,-0.8944230272905552
2025-04-26|the-valley|6,2025-04-26,the-valley,6,V4,1,soft,1200,4,4,0.5269289844525323,0.2897425803148013,-0.36622872931707157,0.03729130807375716,even,0.2389825495415557,0.337666263249179,0.5160793929484505,0.34982128690431363,0.2767179335502316,0.03744782284951153,0.08645912396825378,0.20061440971744046,0.3414423740510697,0.47562311227057713,0.2718874479472442,0.31362040360953947,0.1428571428571428,0.1492628016307323,0.12557403513605156,0.1359438997687063,0.3265659427132519,-0.1285914740362738,-0.4896864557539327,-0.08106850947629735,0.6403772073114082,-0.2059062357550077,-0.5663320089627433,-0.24771862121365543,-0.6945998007529134,-0.1407951151589306,-0.0995656397777627,0.5513425734418239
2025-05-03|caulfield|1,2025-05-03,caulfield,1,V0,1,good,1400,0,0,0.0,0.0,0.0,0.0,very_fast_or_collapse,0.3873081841432225,0.39330785932046614,0.39330785932046614,0.3897080542141199,0.1202046035805626,0.040322522902767347,0.040322522902767347,0.0882517713094445,0.4063527584947022,0.47152726736278106,0.47152726736278106,0.43242256204193374,0.0861344537815126,0.09484235041398559,0.09484235041398559,0.0896176124345018,1.124151265794313,-0.6645800217922166,-0.5517870524602003,-0.5517870524602003,-1.8999014522661304,-0.1014764834332306,-0.601127309550316,-0.601127309550316,-2.2977651872836007,-0.117757331210702,-0.037975517452533435,-0.037975517452533435
2025-05-03|caulfield|2,2025-05-03,caulfield,2,V1,1,good,1100,1,1,0.23269653761889864,0.26158610731023885,-0.44210048975944577,-0.534682003342134,slow,0.2831287705429581,0.3233673149399753,0.4387133523878258,0.3453626032809052,0.1333628042438111,0.04226704842738818,0.066896984562774,0.10677647637139626,0.4267073315700317,0.47302845751218187,0.33763661361995223,0.3910790443899999,0.1568010936431988,0.16133717912045464,0.15675304942944787,0.15678187595769844,-0.9918981757008722,-0.4916176381519688,-0.4735390960001047,-0.2652376564380918,-0.149886835439248,-0.2463464208290638,-0.55992905160459,-0.9786349082579778,-0.1385114952496692,0.0725851331012115,0.08256517264879285,-0.3485606416055956
2025-05-03|caulfield|3,2025-05-03,caulfield,3,V2,1,good,1100,2,2,0.4296497152799156,-0.12045342943919395,-0.31723145054028024,-0.37146867947927786,even,0.2831287705429581,0.3119217782900447,0.48860307890310967,0.36531849388701876,0.1333628042438111,0.04431732046044397,0.058938215779750724,0.10359296885818695,0.4267073315700317,0.4825609168489542,0.3187325641551402,0.3835174246040751,0.1568010936431988,0.1611999844005571,0.13372614116199935,0.14757111265071904,-0.1322530900934515,-0.4916176381519688,-0.5050271630412232,-0.4072370091578476,-0.3081007172917797,-0.2463464208290638,-0.5103835489838947,-0.23279831454893746,-0.403490007901188,0.0725851331012115,0.07292830415705012,-0.1230921039051812
2025-05-03|caulfield|4,2025-05-03,caulfield,4,V3,1,good,1400,3,3,0.47517911835662635,0.05289294434309199,-0.41679280473294766,-0.5033026250613217,slow,0.3873081841432225,0.3548870789153391,0.5702490749139939,0.4604845404515311,0.1202046035805626,0.04672735995177744,0.07444804517206897,0.10190198021716515,0.4063527584947022,0.5032806932907022,0.27969676893558915,0.35569036267105697,0.0861344537815126,0.09510486784218118,0.07560611097834809,0.08192311666024679,-1.753675974639146,-0.6645800217922166,-0.646251253583556,-0.3903148186533584,0.0360414909643946,-0.1014764834332306,-0.4524908016882303,-0.3435993446184451,1.317505283510946,-0.117757331210702,-0.06688612292776155,-0.33400742384876975
2025-05-03|caulfield|5,2025-05-03,caulfield,5,V4,1,good,1000,4,4,0.5134081926093507,-0.3024954107197966,-0.20833216535406687,-0.09199749594559235,slow,0.2831287705429581,0.28962791770521645,0.4850889745361321,0.3639128521402277,0.1333628042438111,0.0486196924693863,0.061207909352656284,0.10450084628734918,0.4267073315700317,0.5011612294213645,0.303455169767271,0.3774064668489274,0.1568010936431988,0.16059116040403268,0.15024794634394043,0.15417983472349545,-1.497184211380755,-0.4916176381519688,-0.5680032971234602,-0.40297669888730303,-2.0309785348945306,-0.2463464208290638,-0.41129254374250424,0.4119641133376495,1.3498632062204845,0.0725851331012115,0.05365456717356462,0.06948685285188559
2025-05-03|caulfield|6,2025-05-03,caulfield,6,V5,1,good,2000,5,5,0.32453468398488217,-0.2600254064839954,-0.26349496252251403,0.056577922385950837,even,0.1766960722537282,0.2354923670567105,0.228922058946663,0.19758646693090212,0.0792375551354757,0.07224841722626635,0.08628883517367049,0.08205806715075362,0.5993113691601404,0.4851790996829836,0.43704394548694786,0.5344043996908634,0.1447550034506556,0.20708011603403945,0.24774516039271863,0.1859510662274808,-0.084164773154705,-0.9279300793835124,-0.4554599632238439,-0.4564436662163866,0.1942362630138195,-0.2756564620601618,-0.2948672409395309,0.22341792509628527,0.7021185810542071,-0.3034484674780613,-0.3545686162181858,-0.3926530898891219
2025-05-03|caulfield|7,2025-05-03,caulfield,7,V6,1,good,2000,6,6,0.47404813884634617,-0.19124970745329495,-0.12029348008075273,0.22143767008604945,fast,0.1766960722537282,0.22607861887718467,0.28336396232747674,0.21936322828322763,0.0792375551354757,0.07539334088771917,0.1142097534846528,0.09322643447514654,0.5993113691601404,0.4926063878315301,0.4065167725251631,0.5221935305061495,0.1447550034506556,0.2059216524035662,0.1959095116627074,0.16521680673547634,0.5933225649326584,-0.9279300793835124,-0.4869480302649625,-0.35648246899166885,-1.3874018786702138,-0.2756564620601618,-0.2453217383188356,0.6348861172215972,-0.085274333907834,-0.3034484674780613,-0.3642054847099285,0.1453843525528163
2025-05-03|caulfield|8,2025-05-03,caulfield,8,V7,1,good,1600,7,7,0.5291951082473934,-0.18307236399207316,-0.3976435162024317,0.11416109266518387,very_fast_or_collapse,0.2552513866523528,0.17050875641155266,0.18202111347591007,0.22595927738177574,0.0911612095186974,0.08393445916110755,0.15297039191442569,0.11588488247698872,0.5634051580911484,0.5116548736253342,0.4535914002041138,0.5194796549363345,0.0901822457378012,0.23390191080200565,0.21141709440555032,0.13867618520490085,1.4504293161102324,-0.697425685485157,-0.6870579884678426,-0.5527887859794222,1.8379873195736771,-0.5149183868520831,-0.21035943773817048,0.3811545782658825,-1.731192949323248,0.0740981288228761,-0.04609299176713607,0.35501792139518773
2025-05-03|caulfield|9,2025-05-03,caulfield,9,V8,1,good,1400,8,8,0.5835625560832847,-0.004083280698004431,-0.06150079336905065,-0.1709646704706351,even,0.3873081841432225,0.2944981111014508,0.34929888385346075,0.3721044640273178,0.1202046035805626,0.05884011937985032,0.13314585797886055,0.12538110533988178,0.4063527584947022,0.5525595503713475,0.4559684815245406,0.4261990477066376,0.0861344537815126,0.0941022191473514,0.06158677664313802,0.07631538292616277,0.4734660625345394,-0.6645800217922166,-0.8036915887891486,-0.578633365992121,-0.0978269040462224,-0.1014764834332306,-0.2047632885847541,0.3999607605234099,-0.8498583569405166,-0.117757331210702,-0.11507046538647506,0.526858957759781
2025-05-10|caulfield|1,2025-05-10,caulfield,1,V0,1,good,1100,0,0,0.0,0.0,0.0,0.0,even,0.2831287705429581,0.33499724261357067,0.33499724261357067,0.30387615937120316,0.1333628042438111,0.04028329978714978,0.04028329978714978,0.09613100246114657,0.4267073315700317,0.46335844424503786,0.46335844424503786,0.4413677766400341,0.1568010936431988,0.16136101335424174,0.16136101335424174,0.15862506152761596,0.3815301265726155,-0.4916176381519688,-0.4420510289589862,-0.4420510289589862,0.2146106961970932,-0.2463464208290638,-0.6094745542252852,-0.6094745542252852,0.1623774050591749,0.0725851331012115,0.09220204114053558,0.09220204114053558
2025-05-10|caulfield|2,2025-05-10,caulfield,2,V1,1,good,2400,1,1,0.054176238376217954,0.020669867084906625,0.011626800235259813,0.008796997003397559,slow,0.264796633941094,0.33356744729734095,0.33094887548819296,0.2912575305599336,0.1070126227208976,0.07389726998218299,0.0801764340194823,0.09627814724033147,0.4936285313564416,0.3095402871217136,0.29895122161260085,0.4157576074589053,0.1345622119815668,0.2829949955987624,0.289923468879724,0.19670671474082968,-3.385501585466021,-1.020635003619114,0.24369698200756879,0.26848310498428835,-0.5901794145420141,-0.432011143721937,-0.3738306057992373,-0.28009543848894514,-1.3702812271471991,-0.3819082557476358,-0.7216201909442045,-0.6579702011240982
2025-05-10|caulfield|3,2025-05-10,caulfield,3,V2,1,good,2000,2,2,0.25920194208705577,-0.6174800660928987,-0.0974187841628725,-0.2493759308027364,slow,0.1766960722537282,0.265120746393508,0.20474431815187988,0.18791537061298885,0.0792375551354757,0.06333287908186645,0.050499338252735795,0.06774226838237973,0.5993113691601404,0.4617671851941171,0.5867416040982716,0.5942834631353928,0.1447550034506556,0.2097791893305085,0.1580147394971128,0.15005889786923848,-0.936659505668947,-0.9279300793835124,-0.36099576210048834,-0.8719498184874783,-0.2572799804189092,-0.2756564620601618,-0.4435037488016166,-0.1336060659263077,1.8266679571051208,-0.3034484674780613,-0.3256580107429577,-0.5261920372341047
2025-05-10|caulfield|4,2025-05-10,caulfield,4,V3,1,good,1400,3,3,0.3217588515634131,-0.2432283825188456,-0.03287464971828675,0.17787790267311618,even,0.3873081841432225,0.3548870789153391,0.41825016218674366,0.39968497536063097,0.1202046035805626,0.04672735995177744,0.05091856466233264,0.09249018801327061,0.4063527584947022,0.5032806932907022,0.450132769095841,0.4238647627351577,0.0861344537815126,0.09510486784218118,0.08069850405508269,0.08396007389094064,-0.4301100495213201,-0.6645800217922166,-0.646251253583556,-0.7328674974127325,-0.0634814832448551,-0.1014764834332306,-0.4524908016882303,0.19417189466082801,0.3425984810039876,-0.117757331210702,-0.06688612292776155,0.26846963160055687
2025-05-10|caulfield|5,2025-05-10,caulfield,5,V4,1,good,1400,4,4,0.47264441202716,-0.27137539294507373,-0.0380891326305914,0.20585859906558218,even,0.3873081841432225,0.3424057933106412,0.40843280026465817,0.39575803059179676,0.1202046035805626,0.04900542456274259,0.0657818671082056,0.0984355089916198,0.4063527584947022,0.5135426120223011,0.45949243643643733,0.42760862967139623,0.0861344537815126,0.0950461701043152,0.06629289619069893,0.07819783074518713,-0.2052797963624504,-0.6645800217922166,-0.6777393206246745,-0.758362211523506,-0.2936018600074647,-0.1014764834332306,-0.40294529906753507,0.3973998179496483,0.34259848100398,-0.117757331210702,-0.07652299141950422,0.6048155293179048
2025-05-10|caulfield|6,2025-05-10,caulfield,6,V5,1,good,1600,5,5,0.5047519016877775,-0.2920377876465859,-0.09552955855559432,0.22996771134922286,very_fast_or_collapse,0.2552513866523528,0.18594023006336038,0.22583899515167338,0.24348643005208104,0.0911612095186974,0.07746811411290554,0.1164439331348717,0.10127429896516713,0.5634051580911484,0.49885369696197646,0.4851098250182462,0.5320870248619876,0.0901822457378012,0.23773795886175764,0.17260724669520874,0.12315224612076422,0.7953900465525869,-0.697425685485157,-0.6240818543856056,-0.6982925404030973,2.285774240448464,-0.5149183868520831,-0.3094504429795609,0.49075196418788447,-1.6719770939138094,0.0740981288228761,-0.026819254783650624,0.6836140735922321
2025-05-10|caulfield|7,2025-05-10,caulfield,7,V6,1,good,1600,6,6,0.5747031808445842,-0.040338096715562106,0.4175436176311596,-0.19058914715677425,even,0.2552513866523528,0.17810731006814565,0.22833661359709387,0.24448547743024923,0.0911612095186974,0.08065909764625857,0.1853847900896406,0.12885064174707467,0.5634051580911484,0.5053553576129277,0.4436643218444724,0.5155088235924781,0.0901822457378012,0.23587823467266805,0.14261427446879313,0.11115505723019797,0.1018099259587289,-0.697425685485157,-0.6555699214267241,-0.5714455466581934,1.1241512657943298,-0.5149183868520831,-0.25990494035886574,0.6235953131805474,-0.1234983080731749,0.0740981288228761,-0.03645612327539335,0.9029665681561017
2025-05-10|caulfield|8,2025-05-10,caulfield,8,V7,1,good,1400,7,7,0.604530927444091,-0.03835864747478787,0.37263077542513295,-0.07814031664872496,even,0.3873081841432225,0.3061465391186448,0.4327217564351069,0.40547361305997626,0.1202046035805626,0.056272782612571716,0.13045483182187614,0.12430469487708802,0.4063527584947022,0.5431385539275743,0.3646508886364297,0.3896720105513932,0.0861344537815126,0.09444212434120906,0.07217252310658742,0.08054968151154253,0.1173027407785292,-0.6645800217922166,-0.7722035217480301,-0.4876060961412563,0.9998333611064876,-0.1014764834332306,-0.25430879120544936,0.8331489326491056,-0.06423721518825,-0.117757331210702,-0.10543359689473239,0.7215536810122735
2025-05-10|caulfield|9,2025-05-10,caulfield,9,V8,1,good,1200,8,8,0.5711045143650384,0.0026855961517956053,0.40087866149747253,-0.05652197328099154,even,0.2938808373590982,0.3235728428235157,0.4053717502929058,0.33847720253262126,0.1871980676328502,0.049012581223882856,0.11813677162246555,0.15957354922869635,0.3641016793190706,0.4991211669004664,0.35600963030331195,0.36086485971276716,0.1548194156889809,0.12829340905213524,0.12048184778131679,0.14108438852591526,-0.2834816235481314,-0.2454864662822626,-0.5450520177604398,-0.2557370276176695,1.207809034411572,-0.1527375898595598,-0.3396663484456846,0.7643695725718205,0.7219901087355075,-0.2187451308938946,-0.2281116525698017,0.539780960065075
2025-05-17|flemington|1,2025-05-17,flemington,1,V0,1,soft,1100,0,0,0.0,0.0,0.0,0.0,even,0.3221633085896076,0.3684562198693087,0.3684562198693087,0.3406804731014881,0.1053022269353128,0.06385699200074374,0.06385699200074374,0.08872413296148518,0.3878654749280412,0.16040770739477844,0.16040770739477844,0.2968823679147361,0.1846689895470383,0.40727908073516894,0.40727908073516894,0.27371302602229053,0.3283624722056364,-0.2871234187343125,1.1046792431214882,1.1046792431214882,0.3590234548112383,-0.7381716070290985,-0.7364048846891881,-0.7364048846891881,-0.1412996817325487,-0.868002860868811,-1.4180995431297945,-1.4180995431297945
2025-05-17|flemington|2,2025-05-17,flemington,2,V1,1,soft,1400,1,1,0.23269653761889864,0.07640881036623343,0.08354351485855027,-0.03287994670581642,even,0.465378421900161,0.43389769922436994,0.5179654096592747,0.4864132170038065,0.0789049919484702,0.05778981859014496,0.07409354952354122,0.07698041497849861,0.3578329882677709,0.336554445876744,0.26242990120082293,0.3196717534409917,0.0978835978835978,0.17175803630874104,0.14551113961636117,0.11693461457670315,-0.0133562526629098,-0.4108814230947298,0.11014341442618208,0.18495753524019992,-0.2075356183004908,-0.3897435248948804,-0.6880960026274994,-0.34137205621395705,-0.4382284595469364,-0.451314449583344,-0.6622629869758042,-0.3483074694485826
2025-05-17|flemington|3,2025-05-17,flemington,3,V2,1,soft,1200,2,2,0.4158148750781698,0.06501850383444317,0.030710180573477148,-0.1208997627470059,fast,0.2389825495415557,0.3616358566306788,0.5030555663543289,0.34461175626666496,0.2767179335502316,0.03394426402806569,0.056380889549820255,0.18858311595006705,0.3414423740510697,0.45542426510857476,0.32394666335827227,0.33444408977395074,0.1428571428571428,0.14899561423268085,0.11661688073757863,0.13236103800931714,0.6715247113165291,-0.1285914740362738,-0.42671032167169565,-0.305218954562814,0.4103108783554623,-0.2059062357550077,-0.6654230142041337,-0.17791046140934336,0.1277627242754164,-0.1407951151589306,-0.08029190279427731,0.3656992618096582
2025-05-17|flemington|4,2025-05-17,flemington,4,V3,1,soft,1400,3,3,0.4968507390017246,0.1531996288799372,0.06857355475689862,-0.08409784003445649,very_fast_or_collapse,0.465378421900161,0.4082245437456591,0.6005806909434901,0.5194593295174926,0.0789049919484702,0.06424022982777926,0.10724105608770619,0.0902394176041646,0.3578329882677709,0.35415852009417403,0.18867781407833392,0.29017091859199606,0.0978835978835978,0.17337670633238766,0.10350043889046974,0.10013033428634657,1.2554877503128976,-0.4108814230947298,0.04716728034394513,0.3043879597271489,0.6819027458444684,-0.3897435248948804,-0.589004997386109,0.013308024466089169,0.156237972534125,-0.451314449583344,-0.6815367239592897,-0.06587194256304633
2025-05-17|flemington|5,2025-05-17,flemington,5,V4,1,soft,2000,4,4,0.3276731856142824,0.21816652115010648,0.11248539780446462,-0.015208771200023027,slow,0.2721417069243156,0.3317071823281448,0.404260152884144,0.324989085308247,0.109098228663446,0.07241925638216347,0.12344054630349605,0.11483515571946602,0.4811939268461008,0.37738445294877554,0.2697315791654123,0.39660898777382536,0.1375661375661375,0.21848910834091623,0.20256772164694767,0.16356677119846158,-2.2067484873422467,-0.759366194284839,-0.016863402032777364,0.2127069743064432,-1.1392116655274571,-0.3415974954411983,-0.3582932940344159,0.11526899968432291,-1.6609001705688549,-0.4377746096021928,-0.6471876074838976,-0.19766635051613818
2025-05-17|flemington|6,2025-05-17,flemington,6,V5,1,soft,1200,5,5,0.5443521865177341,0.17495451033222792,0.1037413169545018,-0.11308456440598173,fast,0.2389825495415557,0.325935381053589,0.37414510583226324,0.2930475720578387,0.2767179335502316,0.03929093859300673,0.11011125211906565,0.21007526097776522,0.3414423740510697,0.4855367242436799,0.2988029957596034,0.32438662273448315,0.1428571428571428,0.1492369561097243,0.2169406462890677,0.17249054422991278,0.6978769084309636,-0.1285914740362738,-0.5211745227950512,-0.09502245628888917,0.9854741628436002,-0.2059062357550077,-0.516786506342048,0.3061016706684824,-0.1287269712510735,-0.1407951151589306,-0.10920250826950542,0.6095969805949791
2025-05-17|flemington|8,2025-05-17,flemington,8,V6,1,soft,1600,6,6,0.48631185513260267,0.06304290433647586,0.10128633242272217,-0.18017301030273936,slow,0.2404765109705209,0.25669474777278234,0.343665407065047,0.2817520694083313,0.0916341364921254,0.07540780977038086,0.14828923226678895,0.11429617480199082,0.5336567121127628,0.4470798600838247,0.33125635467957026,0.45269656913948575,0.1342326404245908,0.220817582373012,0.17678900598859376,0.151255186650192,-0.7529232070239934,-0.4807379021811658,-0.29377428714698595,-0.12240598608207348,0.396588987331729,-0.4077715194370196,-0.40141017727359374,0.19287443635037427,-0.3360055070186695,-0.3960114363814577,-0.4832840910546025,-0.052929498417387734
2025-05-24|randwick|1,2025-05-24,randwick,1,V0,1,heavy,1200,0,0,0.0,0.0,0.0,0.0,slow,0.3043478260869565,0.3721800016187545,0.3721800016187545,0.3314806962996757,0.108695652173913,0.04827551029516285,0.04827551029516285,0.08452759542241294,0.4440993788819876,0.3999719645098794,0.3999719645098794,0.4264484131331443,0.1428571428571428,0.17957252357620343,0.17957252357620343,0.15754329514476706,-2.0547650302668776,-0.4483988885128754,-0.14552438864124462,-0.14552438864124462,-3.0958159114675343,-0.3170567021240242,-0.6731359935806844,-0.6731359935806844,-1.50958760796306,-0.2530751349556213,-0.29782274694617067,-0.29782274694617067
2025-05-24|randwick|2,2025-05-24,randwick,2,V1,1,heavy,1400,1,1,0.2637669986665615,-0.5419792049985007,-0.816574071391977,-0.3981793925766502,slow,0.2841514726507714,0.3523101658617012,0.335401465660297,0.30465146985458164,0.1070126227208976,0.057624297645855506,0.04643450741217513,0.08278137659740861,0.4355640152274093,0.30808688456376015,0.48658190196397694,0.45597116992203635,0.1732718894009216,0.2819786519286832,0.13158212496355107,0.1565959836259734,-1.0719915528741455,-0.2312607995714418,0.2840313566090589,-0.4767736988065161,-2.321538088032864,-0.5252408384941846,-0.7121261612066643,-1.4600540358758893,-0.7951258294822339,-0.4851382706336953,-0.6963610953913225,-1.1414206712714923
2025-05-24|randwick|3,2025-05-24,randwick,3,V2,1,heavy,1200,2,2,0.4263855168436827,-0.6925164052555092,-1.1753574094173487,-0.510187705475393,slow,0.3043478260869565,0.34807689503186356,0.31565284953606626,0.3088698354666004,0.108695652173913,0.05334491479332842,0.035849499204805776,0.07955719098627011,0.4440993788819876,0.4183909780877883,0.60663119001832,0.5091121033365206,0.1428571428571428,0.1801872120870198,0.0418664612408079,0.10246087021060883,-1.4108129804144334,-0.4483988885128754,-0.20850052272348168,-1.2128767027999785,-3.428971214935568,-0.3170567021240242,-0.5740449883392941,-1.6476572594536227,-2.484187014992222,-0.2530751349556213,-0.3170964839296561,-0.776600767952812
2025-05-24|randwick|7,2025-05-24,randwick,7,V3,1,heavy,2000,3,3,0.17038881399971997,-0.24613465563656,-0.494668369098793,-0.2658978268932857,slow,0.3064949006977993,0.34375954446313584,0.2700206048121325,0.2919051823435326,0.1129898013955985,0.06208735929439487,0.06326602842388297,0.0931002922069123,0.4358944866191243,0.37350870829598626,0.5022213048081872,0.46242521389474944,0.1446208112874779,0.22064438794648297,0.16449206195579735,0.1525693115548057,-1.644559029824976,-0.446663539937767,-0.011230523369712642,-0.4157267145953106,-4.0,-0.4013392110032068,-0.5187595269256846,-0.9915533245023489,-3.0097434021030445,-0.3550338980987043,-0.5302633642960503,-0.8104784823631094
2025-05-24|randwick|9,2025-05-24,randwick,9,V4,1,heavy,1400,4,4,0.3519732122807297,-0.5283555391964907,-1.1310421288074524,-0.6935533988445521,slow,0.2841514726507714,0.31908615941963075,0.2221189395163906,0.25933845939701905,0.1070126227208976,0.06702771611898359,0.06734024591729866,0.09114367199945803,0.4355640152274093,0.33006684220796817,0.5790013637331087,0.49293895462968906,0.1732718894009216,0.2838192822534174,0.13153945083320207,0.1565789139738338,-0.9723899013572336,-0.2312607995714418,0.1895671554857034,-0.6615909332718961,-2.638777721645489,-0.5252408384941846,-0.5634896533445786,-1.7509048480319742,-1.38911730920044,-0.4851382706336953,-0.7252717008665505,-1.4283563643904256
2025-05-24|randwick|10,2025-05-24,randwick,10,V5,1,heavy,1400,5,5,0.4881438097190969,-0.5974465453979704,-1.4215468598062817,-0.8130887363327517,slow,0.2841514726507714,0.3082954467079933,0.28692381437257003,0.2852604093394908,0.1070126227208976,0.07039398646409807,0.07092331383087348,0.09257689916488795,0.4355640152274093,0.3372689345227593,0.5577793614243405,0.4844501537061818,0.1732718894009216,0.28404163230514945,0.08437351037221599,0.13771253778943937,-1.2196767602957737,-0.2312607995714418,0.1580790884445848,-0.7883550355156974,-2.23501818795669,-0.5252408384941846,-0.5139441507238833,-1.973687586061382,-1.786953463058218,-0.4851382706336953,-0.7349085693582932,-1.5213214220747011
2025-05-24|sportsbet-sandown-hillside|1,2025-05-24,sportsbet-sandown-hillside,1,V0,1,soft,1000,0,0,0.0,0.0,0.0,0.0,even,0.3221633085896076,0.3684562198693087,0.3684562198693087,0.3406804731014881,0.1053022269353128,0.06385699200074374,0.06385699200074374,0.08872413296148518,0.3878654749280412,0.16040770739477844,0.16040770739477844,0.2968823679147361,0.1846689895470383,0.40727908073516894,0.40727908073516894,0.27371302602229053,0.1860664164073331,-0.2871234187343125,1.1046792431214882,1.1046792431214882,2.3645940418432407,-0.7381716070290985,-0.7364048846891881,-0.7364048846891881,2.405683708799872,-0.868002860868811,-1.4180995431297945,-1.4180995431297945
2025-05-24|sportsbet-sandown-hillside|2,2025-05-24,sportsbet-sandown-hillside,2,V1,1,soft,1000,1,1,0.3333333333333333,0.062022138802444365,0.7881980139477469,0.8018945695999573,slow,0.3221633085896076,0.35794101036562853,0.48823123749790215,0.3885904801529254,0.1053022269353128,0.06743044402511143,0.08666210277713123,0.09784617727204017,0.3878654749280412,0.16480337366146758,0.109253430086813,0.2764206569915499,0.1846689895470383,0.4098251719477925,0.31585322963815354,0.2371426855834844,-1.8141475599715315,-0.2871234187343125,1.0731911760803698,1.2783029225760685,1.4110036577556349,-0.7381716070290985,-0.6868593820684928,0.9336991115261403,3.17010656954002,-0.868002860868811,-1.4277364116215372,0.21123065616950554
2025-05-24|sportsbet-sandown-hillside|3,2025-05-24,sportsbet-sandown-hillside,3,V2,1,soft,1400,2,2,0.3202502221199481,-0.2894446998003489,0.5908625467710319,0.9038106862136893,fast,0.465378421900161,0.42103175590380515,0.4846408088277151,0.47308337667118266,0.0789049919484702,0.06095380651107011,0.06116614391995715,0.07180945273706497,0.3578329882677709,0.3453807566399365,0.30443870423830954,0.33647527465598637,0.0978835978835978,0.17263368094518833,0.14975434301401824,0.11863189593576598,0.5575638622182592,-0.4108814230947298,0.07865534738506363,0.03741524890722131,-1.0199253206213357,-0.3897435248948804,-0.6385505000068042,1.0109883016953343,1.1558073654390983,-0.451314449583344,-0.6718998554675469,0.7660168585761885
2025-05-24|sportsbet-sandown-hillside|4,2025-05-24,sportsbet-sandown-hillside,4,V3,1,soft,1600,3,3,0.3903314170422463,-0.033586964731676085,0.09439545657207543,0.7376145962892503,slow,0.2404765109705209,0.28775473296162757,0.3365800550851676,0.27891792861637954,0.0916341364921254,0.06581969038724071,0.09895251930750934,0.09456148961827898,0.5336567121127628,0.42368657537054405,0.38517511700284257,0.47426407406879467,0.1342326404245908,0.22273900128058763,0.17929230860448048,0.15225650769654667,-0.6525398767717338,-0.4807379021811658,-0.19931008602363037,-0.12861412803568278,-1.0872127895314825,-0.4077715194370196,-0.5500466851356793,0.47059811185127953,2.901035524630484,-0.3960114363814577,-0.4543734855793744,0.870982750684133
2025-05-24|sportsbet-sandown-hillside|5,2025-05-24,sportsbet-sandown-hillside,5,V4,1,soft,1600,4,4,0.5085438590580208,-0.18296195395772138,-0.20360087478024108,1.2095124378808573,slow,0.2404765109705209,0.27719370345413424,0.4296021726590323,0.31612677564592545,0.0916341364921254,0.06891896000573852,0.08761240372690651,0.09002544338603785,0.5336567121127628,0.4316392083921423,0.3217871666971402,0.4489088939465138,0.1342326404245908,0.22224812814798495,0.16099825691692096,0.14493888702152286,-0.7768616942728931,-0.4807379021811658,-0.23079815306474888,-0.0734457589752428,-0.8001397495990165,-0.4077715194370196,-0.5005011825149841,0.8274228669303793,2.1598209480873978,-0.3960114363814577,-0.4640103540711171,1.171328141163877
2025-05-24|sportsbet-sandown-hillside|6,2025-05-24,sportsbet-sandown-hillside,6,V5,1,good,1800,5,0,0.0,0.0,0.0,0.0,slow,0.2317230273752012,0.25755547099891474,0.25755547099891474,0.24205600482468662,0.0958534621578099,0.051408055902263966,0.051408055902263966,0.07807529965559153,0.5528467908902691,0.5848313537674705,0.5848313537674705,0.5656406160411497,0.1195767195767195,0.10620511933135074,0.10620511933135074,0.114228079478572,-4.0,-0.7279373442224768,-0.8665760840946451,-0.8665760840946451,-0.5855469230620954,-0.0794337938479041,-0.3688362391629909,-0.3688362391629909,0.206843832906153,-0.1745426015721343,0.0006381647140628402,0.0006381647140628402
2025-05-24|sportsbet-sandown-hillside|7,2025-05-24,sportsbet-sandown-hillside,7,V6,1,good,1600,6,1,0.2637669986665615,-1.055067994666246,-0.15444795447452891,0.054558576998343725,slow,0.2552513866523528,0.17810731006814565,0.08548301307874805,0.1873440372229109,0.0911612095186974,0.08065909764625857,0.028958774950977477,0.06628023569160943,0.5634051580911484,0.5053553576129277,0.8332599285758572,0.6713470662850319,0.0901822457378012,0.23587823467266805,0.05229828339441737,0.07502866080044768,-4.0,-0.697425685485157,-0.6555699214267241,-1.9407798656545756,-1.2822736416423155,-0.5149183868520831,-0.25990494035886574,-0.19710520913421242,0.0719456810108352,0.0740981288228761,-0.03645612327539335,0.26608453087460393
2025-05-24|sportsbet-sandown-hillside|8,2025-05-24,sportsbet-sandown-hillside,8,V7,1,good,1400,7,2,0.36414543322206677,-1.456581732888267,-0.37194196570122606,0.04459078347587157,very_fast_or_collapse,0.3873081841432225,0.3061465391186448,0.0861685772409864,0.26685234138232805,0.1202046035805626,0.056272782612571716,0.011445204628655977,0.07670084399979994,0.4063527584947022,0.5431385539275743,0.8925832776754268,0.600844966166992,0.0861344537815126,0.09444212434120906,0.009802940454930987,0.055601848450879954,1.0312469207510977,-0.6645800217922166,-0.7722035217480301,-2.527401369722123,0.769031287933752,-0.1014764834332306,-0.25430879120544936,-0.32930521027249215,-1.50229042826091,-0.117757331210702,-0.10543359689473239,0.20396206162211844
2025-05-24|sportsbet-sandown-hillside|9,2025-05-24,sportsbet-sandown-hillside,9,V8,1,good,1400,8,3,0.4945277867084621,-0.7065333885097025,-0.0526065850238148,-0.3500748623509762,even,0.3873081841432225,0.2944981111014508,0.13816121835589185,0.28764939782829024,0.1202046035805626,0.05884011937985032,0.03329102224728952,0.08543917104725336,0.4063527584947022,0.5525595503713475,0.8220967945504386,0.5726503729169968,0.0861344537815126,0.0941022191473514,0.0064509648463800555,0.054261058207459585,0.3465879588703348,-0.6645800217922166,-0.8036915887891486,-2.24070560647271,0.227202237743815,-0.1014764834332306,-0.2047632885847541,-0.7236867348359005,-0.2833477163098113,-0.117757331210702,-0.11507046538647506,0.7303033403897569
2025-05-31|caulfield|1,2025-05-31,caulfield,1,V0,1,good,1200,0,0,0.0,0.0,0.0,0.0,slow,0.2938808373590982,0.4232687327155827,0.4232687327155827,0.345635995501692,0.1871980676328502,0.03289847290880759,0.03289847290880759,0.12547822974323317,0.3641016793190706,0.4171840756016431,0.4171840756016431,0.38533463783209965,0.1548194156889809,0.12664871877396655,0.12664871877396655,0.14355113692297516,-0.8009577768784406,-0.2454864662822626,-0.2931474814314916,-0.2931474814314916,-2.266288951841378,-0.1527375898595598,-0.7360303694112464,-0.7360303694112464,-1.864768570317641,-0.2187451308938946,-0.15101670463586012,-0.15101670463586012
2025-05-31|caulfield|2,2025-05-31,caulfield,2,V1,1,good,1200,1,1,0.3333333333333333,-0.26698592562614687,-0.7554296506137926,-0.6215895234392137,slow,0.2938808373590982,0.41037449642015644,0.44653179073665145,0.3549412187101195,0.1871980676328502,0.034670644028485395,0.03598884300485808,0.12671437778165337,0.3641016793190706,0.4277669193246041,0.45383876904148157,0.39999651520803503,0.1548194156889809,0.12718794022675392,0.06364059721700889,0.11834788830019208,-2.0094203876073298,-0.2454864662822626,-0.3246355484726101,-0.7687186060299958,-3.147623544224141,-0.1527375898595598,-0.6864848667905512,-1.4054571055044431,1.3659854876794837,-0.2187451308938946,-0.1606535731276028,-0.687434698014531
2025-05-31|caulfield|3,2025-05-31,caulfield,3,V2,1,good,1200,2,2,0.47852435688904016,-0.6983697136287297,-1.3142717248840008,-0.049957405794447074,even,0.2938808373590982,0.39757129856965967,0.4806838543454615,0.3686020441536435,0.1871980676328502,0.03651056598557384,0.023955748148426437,0.12190113983908071,0.3641016793190706,0.43828555372342953,0.4513330100203562,0.3989942115995848,0.1548194156889809,0.12763258172133704,0.04402738748575587,0.11050260440769087,0.4356086154953006,-0.2454864662822626,-0.3561236155137286,-1.0023632197076793,-0.6834839696029481,-0.1527375898595598,-0.636939364169856,-1.165085716525712,-0.8785383841922066,-0.2187451308938946,-0.17029044161934553,-0.46073900001483753
2025-05-31|caulfield|4,2025-05-31,caulfield,4,V3,1,good,1400,3,3,0.47574474092919294,-0.33838310685559075,-0.9191545399747356,-0.19506815363487232,slow,0.3873081841432225,0.3548870789153391,0.3898013314629303,0.3883054430711056,0.1202046035805626,0.04672735995177744,0.04517535418708014,0.0901929038231696,0.4063527584947022,0.5032806932907022,0.5379459825288527,0.4589900481083624,0.0861344537815126,0.09510486784218118,0.0270773318211369,0.06251160499736232,-1.6637438733755856,-0.6645800217922166,-0.646251253583556,-1.1692540412241856,-1.900837594888568,-0.1014764834332306,-0.4524908016882303,-1.013126043876437,0.3883431645471352,-0.117757331210702,-0.06688612292776155,0.07668678909040937
2025-05-31|caulfield|5,2025-05-31,caulfield,5,V4,1,good,1600,4,4,0.47406692847021537,-0.5166583764555563,-0.9100349951504212,-0.04394831382443316,fast,0.2552513866523528,0.19400723526739905,0.2251313438249911,0.24320336952140814,0.0911612095186974,0.07436105649865482,0.07414951151192581,0.08435653031598876,0.5634051580911484,0.4921556318907114,0.582177643209901,0.5709141521386494,0.0901822457378012,0.23947607634323473,0.11854150145318217,0.1015259480239536,1.0887219146123888,-0.697425685485157,-0.5925937873444871,-1.0965071235321917,-2.0854659144111065,-0.5149183868520831,-0.35899594560025616,-0.5961117417038448,-0.7469231863963379,0.0740981288228761,-0.0171823862919079,0.003225801295441477
2025-05-31|caulfield|6,2025-05-31,caulfield,6,V5,1,good,1600,5,5,0.5561272733342195,-0.12258853784304284,-1.1043649549218553,-0.19675054114338392,even,0.2552513866523528,0.18594023006336038,0.23638886534101666,0.24770637812781837,0.0911612095186974,0.07746811411290554,0.13057133374660845,0.10692525920986182,0.5634051580911484,0.49885369696197646,0.5472587666683704,0.5569466015220372,0.0901822457378012,0.23773795886175764,0.08578103424400463,0.08842176114028258,0.4448408840151243,-0.697425685485157,-0.6240818543856056,-0.9127330492155883,0.7030078320279958,-0.5149183868520831,-0.3094504429795609,-1.0362063426690784,0.2323632255585161,0.0740981288228761,-0.026819254783650624,0.2015466856673625
2025-05-31|caulfield|7,2025-05-31,caulfield,7,V6,1,good,2000,6,6,0.44258760986519424,-0.002365047321526383,-0.4941461491946042,-0.07270799147468411,even,0.1766960722537282,0.22607861887718467,0.3090681884664228,0.22964491873880605,0.0792375551354757,0.07539334088771917,0.11399257077543858,0.09313956139146085,0.5993113691601404,0.4926063878315301,0.45890362790318145,0.5431482726573569,0.1447550034506556,0.2059216524035662,0.11803561285495714,0.13406724721237623,0.1093986204994939,-0.9279300793835124,-0.4869480302649625,-0.599939279332849,-0.9252941826754688,-0.2756564620601618,-0.2453217383188356,-0.3507519190133863,-0.4070620339402014,-0.3034484674780613,-0.3642054847099285,-0.051914851861704685
2025-05-31|caulfield|8,2025-05-31,caulfield,8,V7,1,good,1100,7,7,0.5334126408046538,-0.18998715712295344,-0.7632918937653835,-0.12215531017065191,even,0.2831287705429581,0.2578227654279365,0.2804970846688382,0.28207609619331014,0.1333628042438111,0.055585182087782806,0.08590504267510067,0.11437969961632694,0.4267073315700317,0.5277207879558162,0.5576381183857128,0.4790796462963041,0.1568010936431988,0.15887126452846445,0.0759597542703483,0.12446455789405861,0.0449660506317644,-0.4916176381519688,-0.6624674982468158,-0.9252113602548075,-0.322582537140978,-0.2463464208290638,-0.2626560358804186,-0.5415545724155468,0.5230744665328537,0.0725851331012115,0.024743961698336564,0.3093437781567097
2025-05-31|caulfield|9,2025-05-31,caulfield,9,V8,1,good,1200,8,8,0.6080461005253425,-0.1500242636509459,-0.6862196915446258,-0.014483404721991389,slow,0.2938808373590982,0.3235728428235157,0.4462546965242217,0.35483038102514763,0.1871980676328502,0.049012581223882856,0.08165730564411189,0.1449817628373549,0.3641016793190706,0.4991211669004664,0.4172065213723293,0.38534361614037405,0.1548194156889809,0.12829340905213524,0.05488147645933712,0.11484423999712337,-0.7588021044111521,-0.2454864662822626,-0.5450520177604398,-0.629795920459328,0.2877827240433439,-0.1527375898595598,-0.3396663484456846,-0.40258343982509326,-0.447771176459254,-0.2187451308938946,-0.2281116525698017,0.26061529008258594
2025-05-31|rosehill|1,2025-05-31,rosehill,1,V0,1,heavy,1300,0,0,0.0,0.0,0.0,0.0,even,0.3043478260869565,0.3721800016187545,0.3721800016187545,0.3314806962996757,0.108695652173913,0.04827551029516285,0.04827551029516285,0.08452759542241294,0.4440993788819876,0.3999719645098794,0.3999719645098794,0.4264484131331443,0.1428571428571428,0.17957252357620343,0.17957252357620343,0.15754329514476706,-0.2030020732405269,-0.4483988885128754,-0.14552438864124462,-0.14552438864124462,-0.1348981518953149,-0.3170567021240242,-0.6731359935806844,-0.6731359935806844,1.2987314393301326,-0.2530751349556213,-0.29782274694617067,-0.29782274694617067
2025-05-31|rosehill|7,2025-05-31,rosehill,7,V1,1,heavy,1200,1,1,0.1468136556542277,-0.029803476477829025,-0.019804890820750463,0.19067151032113358,slow,0.3043478260869565,0.36005956196527383,0.3950400932943137,0.34062473296989937,0.108695652173913,0.0507656771431288,0.05516250872174967,0.08728239479304767,0.4440993788819876,0.40922877638036,0.3913238528501125,0.42298916846923756,0.1428571428571428,0.17994598451123744,0.1584735451338242,0.14910370376781534,-1.2745672692315864,-0.4483988885128754,-0.17701245568236315,-0.2064678211953664,0.4484452076520042,-0.3170567021240242,-0.6235904909599893,-0.3414770662188422,1.0267593588960198,-0.2530751349556213,-0.3074596154379134,0.056027135526729735
2025-05-31|rosehill|8,2025-05-31,rosehill,8,V2,1,heavy,2000,2,2,0.15588602266883267,-0.15086004390039048,0.04386997077701884,0.17219636482916142,slow,0.3064949006977993,0.3554665506847984,0.3469464706643525,0.3226755286844206,0.1129898013955985,0.05906431460796968,0.061594398875266944,0.09243164038746587,0.4358944866191243,0.3651988556443509,0.3880505688651206,0.4167569195175228,0.1446208112874779,0.22027027906288119,0.20340856159525977,0.16813591141059064,-0.8489177608240268,-0.446663539937767,0.020257543671405975,-0.09910626274917705,0.4180627410089161,-0.4013392110032068,-0.5683050295463798,-0.18296890148071707,0.5734725581725001,-0.3550338980987043,-0.5206264958043075,-0.19787745500451048
2025-05-31|rosehill|10,2025-05-31,rosehill,10,V3,1,heavy,1200,3,3,0.35864673048047363,-0.35815052918322243,0.12117151444602947,0.3537310303241236,slow,0.3043478260869565,0.33624577351126855,0.339526371645877,0.3184192443105247,0.108695652173913,0.05601400922098067,0.06030917781185165,0.08934106242908846,0.4440993788819876,0.4274440219372153,0.47863278984280994,0.45791274326631654,0.1428571428571428,0.1802961953305354,0.12153166069946134,0.13432694999407022,-1.131691909766113,-0.4483988885128754,-0.23998858976460022,-0.525477056716598,0.247920927807613,-0.3170567021240242,-0.5244994857185987,0.296755381034985,0.8713467415050983,-0.2530751349556213,-0.3267333524213988,0.48211234712064116
2025-06-07|flemington|2,2025-06-07,flemington,2,V0,1,soft,1100,0,0,0.0,0.0,0.0,0.0,slow,0.3221633085896076,0.3684562198693087,0.3684562198693087,0.3406804731014881,0.1053022269353128,0.06385699200074374,0.06385699200074374,0.08872413296148518,0.3878654749280412,0.16040770739477844,0.16040770739477844,0.2968823679147361,0.1846689895470383,0.40727908073516894,0.40727908073516894,0.27371302602229053,-2.1637922555903675,-0.2871234187343125,1.1046792431214882,1.1046792431214882,-0.8311545065645719,-0.7381716070290985,-0.7364048846891881,-0.7364048846891881,2.825696028953001,-0.868002860868811,-1.4180995431297945,-1.4180995431297945
2025-06-07|flemington|3,2025-06-07,flemington,3,V1,1,soft,1400,1,1,0.23269653761889864,-0.5035069660024655,-0.19340677590392005,0.6575296823008345,slow,0.465378421900161,0.43389769922436994,0.4137575795604967,0.4447300849642953,0.0789049919484702,0.05778981859014496,0.04005680546568188,0.06336571735535487,0.3578329882677709,0.336554445876744,0.4601499356664041,0.39875976722722417,0.0978835978835978,0.17175803630874104,0.08603567930741739,0.09314443045312562,-3.0251912281475293,-0.4108814230947298,0.11014341442618208,-0.4477368384405183,1.2562390395251597,-0.3897435248948804,-0.6880960026274994,-0.23458176192899133,2.135112128274196,-0.451314449583344,-0.6622629869758042,0.20477071573369604
2025-06-07|flemington|4,2025-06-07,flemington,4,V2,1,soft,1100,2,2,0.4189088576333272,-1.0582316009911636,0.019672518986907167,1.0620110878223348,even,0.3221633085896076,0.3475047267454294,0.39858159713819197,0.35273062400904137,0.1053022269353128,0.07115857967088492,0.04516739288829578,0.08124829331650599,0.3878654749280412,0.16921180298676194,0.40887108984173526,0.3962677208935188,0.1846689895470383,0.41212489059692364,0.1473799201317771,0.1697533617809338,-0.2737400440016834,-0.2871234187343125,1.0417031090392515,-0.030841586979751756,0.2589773723773809,-0.7381716070290985,-0.6373138794477976,0.46224862479750983,2.3525325760980915,-0.868002860868811,-1.4373732801132801,0.1895721768076734
2025-06-07|flemington|5,2025-06-07,flemington,5,V3,1,soft,1600,3,3,0.400534306626161,-0.7749942302478343,0.1835543858984791,0.9462689856143007,slow,0.2404765109705209,0.28775473296162757,0.21904799526688137,0.23190510468906508,0.0916341364921254,0.06581969038724071,0.041627062200726546,0.07163130677556587,0.5336567121127628,0.42368657537054405,0.6788666337177167,0.5917406807547443,0.1342326404245908,0.22273900128058763,0.06045830881467545,0.10472290778062465,-0.5992835062510767,-0.4807379021811658,-0.19931008602363037,-1.0793825391227447,-0.8777431599532785,-0.4077715194370196,-0.5500466851356793,0.46812833686910105,-1.445650185316022,-0.3960114363814577,-0.4543734855793744,1.1526195847435976
2025-06-07|flemington|6,2025-06-07,flemington,6,V4,1,soft,1600,4,4,0.5141120348579786,-0.6702756571157388,-0.08897320033879462,0.28942703677254783,slow,0.2404765109705209,0.27719370345413424,0.15479227010287944,0.2062028146234643,0.0916341364921254,0.06891896000573852,0.0648912065300095,0.08093696450727904,0.5336567121127628,0.4316392083921423,0.7287917861909501,0.6117107417440377,0.1342326404245908,0.22224812814798495,0.05152473717616096,0.10114947912521886,-0.7720015356470239,-0.4807379021811658,-0.23079815306474888,-1.1909445780417198,0.2062696425890202,-0.4077715194370196,-0.5005011825149841,-0.1958733310305606,1.710315854387072,-0.3960114363814577,-0.4640103540711171,0.843666769175494
2025-06-07|flemington|7,2025-06-07,flemington,7,V5,1,soft,2000,5,5,0.4153622886907827,-0.46172405352112816,-0.014952735476881952,0.4060305503240343,slow,0.2721417069243156,0.32022538951325247,0.31123782583718196,0.28778015448946215,0.109098228663446,0.07599358683181952,0.07534931737395618,0.09559866414765007,0.4811939268461008,0.38530104827530737,0.5190817684883319,0.49634906350299324,0.1375661375661375,0.21847997537962066,0.09433108830052986,0.12027211785989445,-2.3950925315849334,-0.759366194284839,-0.04835146907389587,-0.6450732481938781,-0.1711905480905065,-0.3415974954411983,-0.3087477914137207,0.21861825726055595,1.1160388339793148,-0.4377746096021928,-0.6568244759756403,0.2866154993494945
2025-06-07|flemington|8,2025-06-07,flemington,8,V6,1,soft,2000,6,6,0.5223143457591921,-0.8871626163977697,-0.0510923996928495,0.5436607750199905,slow,0.2721417069243156,0.308912459897908,0.22933213153500537,0.25501787676859156,0.109098228663446,0.07968537145103101,0.06212945430246955,0.09031071891905543,0.4811939268461008,0.393092857172699,0.6355078606460172,0.5429195003660674,0.1375661375661375,0.21830931147836213,0.07303055351650797,0.11175190394628569,-2.186127604618461,-0.759366194284839,-0.07983953611501438,-0.998327357580048,-0.8080193869871904,-0.3415974954411983,-0.2592022887930255,0.5039043018324928,-0.4067805095812452,-0.4377746096021928,-0.6664613444673829,0.5156537610984517
2025-06-07|flemington|9,2025-06-07,flemington,9,V7,1,soft,1200,7,7,0.5159696215683304,-0.7685243237065342,-0.04977386134690414,0.6588109455332292,very_fast_or_collapse,0.2389825495415557,0.3030428789542891,0.13467511194721615,0.19725957450381987,0.2767179335502316,0.0431627363804063,0.03527665358588421,0.18014142156449264,0.3414423740510697,0.5049231205999806,0.7817123501600787,0.5175503644946733,0.1428571428571428,0.14887126406532403,0.04833588430682093,0.10504863943701405,2.8103781644859063,-0.1285914740362738,-0.5841506568772883,-1.4648690972986456,0.2229721518930936,-0.2059062357550077,-0.41769550110065756,0.3247267599239103,-0.3679040506236035,-0.1407951151589306,-0.12847624525299076,1.3719820573780348
2025-06-07|randwick|5,2025-06-07,randwick,5,V0,1,soft,2000,0,0,0.0,0.0,0.0,0.0,slow,0.3003344481605351,0.3799701756519574,0.3799701756519574,0.332188739157104,0.1122073578595317,0.04454195969773687,0.04454195969773687,0.08514119859481377,0.4347109412326804,0.4035382503757746,0.4035382503757746,0.4222418648899181,0.1527472527472527,0.1719496142745311,0.1719496142745311,0.16042819735816405,-1.7598388343704008,-0.2866705153702255,-0.1562566864895687,-0.1562566864895687,-0.8743398733955855,-0.3110882821298076,-0.745829043382828,-0.745829043382828,-0.8609353596571149,-0.2910897069408998,-0.2889938830034202,-0.2889938830034202
2025-06-07|randwick|6,2025-06-07,randwick,6,V1,1,soft,1400,1,1,0.15536240349696362,-0.2734127910750803,-0.13583954420396904,-0.13375698673185218,slow,0.4139329680495268,0.34177530027902703,0.35175671549628673,0.3890624670282308,0.1118266562299864,0.05048449769940489,0.0516896384565227,0.08777184912060092,0.2722296205182422,0.21963593205873452,0.29521625710678007,0.2814242751536573,0.2020107552022445,0.38810426996283354,0.30133738894041057,0.24174140869751093,-0.6999432409662752,-0.0404545666943978,0.6166243497481865,0.2501020772265555,-0.7241465209104634,-0.7325348677273784,-0.709490923280719,-0.7623207530215383,0.025356795469047,-0.1456456421002815,-0.6856548682857034,-0.7001562593516414
2025-06-07|randwick|9,2025-06-07,randwick,9,V2,1,soft,1300,2,2,0.2785096751508648,-0.26432629922600337,-0.21151411661017308,-0.05095839224911928,fast,0.2556221889055472,0.28765682601314574,0.31235954607835054,0.27831713177466855,0.0888305847076461,0.07016582855357431,0.07684505647020513,0.08403637341266972,0.497911758406511,0.33578560839678534,0.4269368114653029,0.4695217796300277,0.1576354679802955,0.30639173703649464,0.1838585859861414,0.1681247151826339,0.6573717046675432,-0.6020308462384194,0.12368576736133402,-0.30017517221452755,-0.999245569594956,-0.527414560044455,-0.5083651064850632,-0.5221895496400049,-0.3016015591155521,-0.3309324487931435,-0.5872762899185351,-0.34003685706466363
2025-06-07|randwick|10,2025-06-07,randwick,10,V3,1,soft,1000,3,3,0.32302883841380603,-0.0003295428162148224,-0.29103824351693225,-0.08171995734127352,slow,0.3043478260869565,0.33624577351126855,0.3724652609321421,0.3315948000250307,0.108695652173913,0.05601400922098067,0.07709724510003495,0.09605628934436178,0.4440993788819876,0.4274440219372153,0.44733379911316673,0.44539314697445925,0.1428571428571428,0.1802961953305354,0.1031036948546562,0.12695576365614816,-0.8474985747757577,-0.4483988885128754,-0.23998858976460022,-0.4834024735630874,-0.2571626901029142,-0.3170567021240242,-0.5244994857185987,-0.6978530499772961,0.360877982987594,-0.2530751349556213,-0.3267333524213988,0.028459507551046245
2025-06-14|rosehill|1,2025-06-14,rosehill,1,V0,1,soft,1400,0,0,0.0,0.0,0.0,0.0,even,0.4139329680495268,0.3521340861402389,0.3521340861402389,0.3892134152858116,0.1118266562299864,0.047852368380485066,0.047852368380485066,0.08623694109018587,0.2722296205182422,0.2139712804265451,0.2139712804265451,0.24892628448156334,0.2020107552022445,0.386042265052731,0.386042265052731,0.2756233591424391,-0.0026422986137731,-0.0404545666943978,0.6481124167893051,0.6481124167893051,-1.1944969278256266,-0.7325348677273784,-0.7590364259014143,-0.7590364259014143,-0.6005475398962249,-0.1456456421002815,-0.6760179997939607,-0.6760179997939607
2025-06-14|rosehill|3,2025-06-14,rosehill,3,V1,1,soft,1200,1,1,0.21526235851584952,-0.0005687874315039572,-0.25713022592368084,-0.1292752798389526,slow,0.2556221889055472,0.29793290674300493,0.3595506218684165,0.2971935620906949,0.0888305847076461,0.06685708737397969,0.0821554421741223,0.08616052769423657,0.497911758406511,0.32884449014122463,0.30476429986805326,0.4206527749911279,0.1576354679802955,0.3063655157417907,0.25352963608940793,0.19599313522394046,-1.0875726650213295,-0.6020308462384194,0.15517383440245253,0.1064301987440302,-0.9300872578045736,-0.527414560044455,-0.5579106091057584,-0.6097116297279958,0.8210693965105667,-0.3309324487931435,-0.5776394214267924,-0.5469981760652328
2025-06-14|rosehill|4,2025-06-14,rosehill,4,V2,1,soft,1400,2,2,0.40406450820299467,-0.23270378522667776,-0.4262014978814054,0.060859846425721925,even,0.4139329680495268,0.33151885281261584,0.47942155206344206,0.44012840165509287,0.1118266562299864,0.053228912311665565,0.061392674723107214,0.09165306362723473,0.2722296205182422,0.22531299855570522,0.1990175165124643,0.24294477891593103,0.2020107552022445,0.3899392363200134,0.26016825670098653,0.2252737558017413,0.4264669962634743,-0.0404545666943978,0.5851362827070679,0.4389122451342959,1.245532015965971,-0.7325348677273784,-0.6599454206600238,-0.41328000468849424,-0.2276165194039214,-0.1456456421002815,-0.6952917367774462,-0.43454399891433765
2025-06-14|rosehill|7,2025-06-14,rosehill,7,V3,1,soft,1300,3,3,0.4116488198006932,-0.0839750538063036,-0.029434535283214158,0.023869691284182225,fast,0.2556221889055472,0.27755069330014126,0.38731502104397025,0.30829932176091646,0.0888305847076461,0.07358940393010001,0.10551004148452492,0.09550236741839763,0.497911758406511,0.34264548180363463,0.31684668372591046,0.4254857285342708,0.1576354679802955,0.30621442096612417,0.19032825374559445,0.1707125822864151,0.7163326180049241,-0.6020308462384194,0.09219770032021546,0.003912215248522977,-1.211505695365593,-0.527414560044455,-0.45881960386436793,-0.0079155084281117,0.7260031802480881,-0.3309324487931435,-0.5969131584102777,-0.00846543198447769
2025-06-14|rosehill|8,2025-06-14,rosehill,8,V4,1,soft,2400,4,4,0.16479358699112276,0.03744566506443076,-0.07855303878516431,0.045851990386872044,slow,0.3043478260869565,0.3245793161420098,0.2997131914724468,0.3024939722411526,0.108695652173913,0.05877364970715371,0.07691563627461376,0.0959836458141933,0.4440993788819876,0.4363736848786659,0.4242558622136741,0.4361619722146622,0.1428571428571428,0.18027334927217054,0.19911531003926528,0.16536040972999178,-1.734404810082673,-0.4483988885128754,-0.27147665680571875,-0.2261390158402877,0.4721435316336119,-0.3170567021240242,-0.4749539830979036,-0.29246182504083534,-0.1254866529258822,-0.2530751349556213,-0.3363702209131415,-0.20490482096116425
2025-06-14|rosehill|9,2025-06-14,rosehill,9,V5,1,soft,2000,5,5,0.3661688129162943,-0.23597331806360253,-0.020161427800328074,0.03619227196203647,slow,0.3003344481605351,0.3202483784209569,0.3171071482866602,0.30704352821098513,0.1122073578595317,0.05696613108185537,0.07338124269379212,0.09667691179323587,0.4347109412326804,0.4499856137788102,0.4481881452219031,0.4401018228283695,0.1527472527472527,0.17279987671837768,0.1613234637976445,0.15617773716740943,-1.1710938461241969,-0.2866705153702255,-0.31369702169516134,-0.4463793011965935,-1.9785062277979744,-0.3110882821298076,-0.4981015302793518,0.08174026138138346,-0.4705749484720485,-0.2910897069408998,-0.3371782254621337,0.019502340036258795
2025-06-14|rosehill|10,2025-06-14,rosehill,10,V6,1,soft,1300,6,6,0.4947044562346818,-0.06641656366635808,-0.3680090564308497,0.09865986278679666,even,0.2556221889055472,0.2483275231751676,0.24521112622244676,0.251457763832307,0.0888305847076461,0.08455977335448386,0.15553312352983803,0.11551160023652288,0.497911758406511,0.36263811256787487,0.30401663413498875,0.4203537086979021,0.1576354679802955,0.30447459090247364,0.2952391161127264,0.21267692723326787,0.2895456610160073,-0.6020308462384194,-0.002266500803140059,0.07255589035561527,-1.3618698774145148,-0.527414560044455,-0.3101830960022823,0.10306499305453642,1.458445413092602,-0.3309324487931435,-0.6258237638855059,-0.09995467651843107
2025-06-14|sportsbet-sandown-hillside|1,2025-06-14,sportsbet-sandown-hillside,1,V0,1,soft,1000,0,0,0.0,0.0,0.0,0.0,even,0.3221633085896076,0.3684562198693087,0.3684562198693087,0.3406804731014881,0.1053022269353128,0.06385699200074374,0.06385699200074374,0.08872413296148518,0.3878654749280412,0.16040770739477844,0.16040770739477844,0.2968823679147361,0.1846689895470383,0.40727908073516894,0.40727908073516894,0.27371302602229053,0.3721328328146746,-0.2871234187343125,1.1046792431214882,1.1046792431214882,1.1080919619972551,-0.7381716070290985,-0.7364048846891881,-0.7364048846891881,1.6909768336173785,-0.868002860868811,-1.4180995431297945,-1.4180995431297945
2025-06-14|sportsbet-sandown-hillside|3,2025-06-14,sportsbet-sandown-hillside,3,V1,1,soft,1400,1,1,0.1765623375436527,0.06570464283850025,0.19564730702356772,0.29856282247564864,very_fast_or_collapse,0.465378421900161,0.43389769922436994,0.5014237135315927,0.4797965385527337,0.0789049919484702,0.05778981859014496,0.067901542155493,0.07450361203127931,0.3578329882677709,0.336554445876744,0.2736992009034311,0.32417947332203495,0.0978835978835978,0.17175803630874104,0.15697554340948314,0.12152037609395193,4.0,-0.4108814230947298,0.11014341442618208,0.21809040728580992,-0.4422890226076021,-0.3897435248948804,-0.6880960026274994,-0.09569447425395658,2.4739533331166914,-0.451314449583344,-0.6622629869758042,-0.043768175413615044
2025-06-14|sportsbet-sandown-hillside|4,2025-06-14,sportsbet-sandown-hillside,4,V2,1,soft,1400,2,2,0.4044426735120084,1.230807833276392,-0.013510701507207653,0.9170568868074517,very_fast_or_collapse,0.465378421900161,0.42103175590380515,0.7066544172568617,0.5618888200428414,0.0789049919484702,0.06095380651107011,0.12525055536320684,0.09744321731436485,0.3578329882677709,0.3453807566399365,0.06489701525594703,0.24065859906304132,0.0978835978835978,0.17263368094518833,0.10319801212398441,0.10000936357975244,4.0,-0.4108814230947298,0.07865534738506363,1.2696920456892442,0.0221144511303757,-0.3897435248948804,-0.6385505000068042,0.10045480540911889,2.2400970478967084,-0.451314449583344,-0.6718998554675469,1.1527315659337858
2025-06-14|sportsbet-sandown-hillside|5,2025-06-14,sportsbet-sandown-hillside,5,V3,1,soft,1600,3,3,0.43333299721981605,1.5129704464197105,-0.003204245735379533,0.9770096872332283,slow,0.2404765109705209,0.28775473296162757,0.5826313109619532,0.37733843096709385,0.0916341364921254,0.06581969038724071,0.18638254934321102,0.12953350163255967,0.5336567121127628,0.42368657537054405,0.06776380596099343,0.34729954965205506,0.1342326404245908,0.22273900128058763,0.1632223337338423,0.1458285177482914,-1.0989530879859062,-0.4807379021811658,-0.19931008602363037,1.2663604854055577,0.2276745691850268,-0.4077715194370196,-0.5500466851356793,0.21441542087603177,0.8694124009767075,-0.3960114363814577,-0.4543734855793744,1.5621265361991301
2025-06-14|sportsbet-sandown-hillside|6,2025-06-14,sportsbet-sandown-hillside,6,V4,1,good,1600,4,0,0.0,0.0,0.0,0.0,slow,0.2552513866523528,0.19400723526739905,0.19400723526739905,0.2307537260983713,0.0911612095186974,0.07436105649865482,0.07436105649865482,0.08444114831068036,0.5634051580911484,0.4921556318907114,0.4921556318907114,0.5349053476109735,0.0901822457378012,0.23947607634323473,0.23947607634323473,0.1498997779799746,-3.5861845087670665,-0.697425685485157,-0.5925937873444871,-0.5925937873444871,-0.0963558227823677,-0.5149183868520831,-0.35899594560025616,-0.35899594560025616,-3.51244244557623,0.0740981288228761,-0.0171823862919079,-0.0171823862919079
2025-06-14|sportsbet-sandown-hillside|7,2025-06-14,sportsbet-sandown-hillside,7,V5,1,good,1800,5,1,0.2637669986665615,-0.9459171245420064,-0.02541548617935222,-0.9264664018586796,slow,0.2317230273752012,0.25755547099891474,0.11039036246801955,0.18318996141232854,0.0958534621578099,0.051408055902263966,0.02282627654710266,0.06664258791352701,0.5528467908902691,0.5848313537674705,0.841390285291176,0.6682641886506319,0.1195767195767195,0.10620511933135074,0.02539307569370171,0.08190326202351238,-4.0,-0.7279373442224768,-0.8665760840946451,-2.1258842531664786,-0.0963558227823677,-0.0794337938479041,-0.3688362391629909,-0.7970623221455991,-2.748868000885745,-0.1745426015721343,0.0006381647140628402,-0.6280930646950255
2025-06-14|sportsbet-sandown-hillside|8,2025-06-14,sportsbet-sandown-hillside,8,V6,1,good,1000,6,2,0.22205501319102816,-0.8387595932719769,-0.02139629349897103,-0.7016646110821899,fast,0.2831287705429581,0.26819519657929464,0.13172692698257238,0.2225680331188038,0.1333628042438111,0.05319450485009879,0.02818474793854595,0.09129158172170504,0.4267073315700317,0.5190612838088283,0.7838387435338372,0.5695598963555539,0.1568010936431988,0.15954901476177827,0.05624958154504456,0.11658048880393711,0.5571880186980543,-0.4916176381519688,-0.6309794312056973,-1.6986402372349068,1.0679437025046077,-0.2463464208290638,-0.3122015385011138,-0.583365970433914,0.3142513765743247,0.0725851331012115,0.03438083019007929,-0.4883301808103682
2025-06-14|sportsbet-sandown-hillside|9,2025-06-14,sportsbet-sandown-hillside,9,V7,1,good,1400,7,3,0.4189705100395757,-0.936054989593786,0.13329113087319516,-0.8057084843983788,fast,0.3873081841432225,0.3061465391186448,0.17973862884548816,0.3042803620241288,0.1202046035805626,0.056272782612571716,0.027144495052358917,0.08298056016928113,0.4063527584947022,0.5431385539275743,0.7822138728253973,0.5566972042269803,0.0861344537815126,0.09444212434120906,0.010903003276755632,0.05604187357960981,0.6033181757713847,-0.6645800217922166,-0.7722035217480301,-2.177350464347619,0.6155648896939208,-0.1014764834332306,-0.25430879120544936,-0.5849155895227607,-2.051286330366968,-0.117757331210702,-0.10543359689473239,-0.30906209955904823
2025-06-21|flemington|2,2025-06-21,flemington,2,V0,1,good,2000,0,0,0.0,0.0,0.0,0.0,slow,0.1766960722537282,0.2859685304841435,0.2859685304841435,0.22040505554589432,0.0792375551354757,0.05781756155195835,0.05781756155195835,0.07066955770206876,0.5993113691601404,0.44531466750515375,0.44531466750515375,0.5377126884981458,0.1447550034506556,0.2108992404587444,0.2108992404587444,0.17121269825389113,-0.8551418678897457,-0.9279300793835124,-0.29801962801825127,-0.29801962801825127,-0.2379453512597953,-0.2756564620601618,-0.542594754043007,-0.542594754043007,0.6637127032369547,-0.3034484674780613,-0.3063842737594723,-0.3063842737594723
2025-06-21|flemington|3,2025-06-21,flemington,3,V1,1,good,1100,1,1,0.10036756468345168,-0.08582850673895173,-0.023881995433694136,0.06661522767336363,even,0.2831287705429581,0.3233673149399753,0.32101104007209436,0.2982816783546126,0.1333628042438111,0.04226704842738818,0.043027741015345636,0.09722877895242492,0.4267073315700317,0.47302845751218187,0.4929029192717981,0.4531855666507383,0.1568010936431988,0.16133717912045464,0.14305829964076194,0.15130397604222406,-0.2273671248447104,-0.4916176381519688,-0.4735390960001047,-0.579285042674223,0.6128437545782084,-0.2463464208290638,-0.55992905160459,-0.42224805196009846,0.8202047988290013,0.0725851331012115,0.08256517264879285,0.2501342636299454
2025-06-21|flemington|7,2025-06-21,flemington,7,V2,1,good,1420,2,2,0.2085485226510051,-0.09340969386606272,0.0654763585200724,0.15958742991509045,fast,0.3873081841432225,0.36754180721199897,0.3819193724671435,0.38515265947279087,0.1202046035805626,0.044521092063214134,0.04933006897902263,0.09185478973994661,0.4063527584947022,0.4928463344922951,0.49488358985908465,0.4417650910404552,0.0861344537815126,0.09509076623249184,0.07386696869474912,0.08122745974680722,0.5326927454557243,-0.6645800217922166,-0.6147631865424373,-0.748836614986111,0.134898151895319,-0.1014764834332306,-0.5020363043089255,-0.13185333626561224,0.0805362100867628,-0.117757331210702,-0.05724925443601888,0.40295140591492257
2025-06-21|flemington|9,2025-06-21,flemington,9,V3,1,good,1100,3,3,0.32713213272844543,0.034917020690004984,0.09999987077855525,0.14238757159855517,even,0.2831287705429581,0.3006718521275658,0.3450486776752071,0.30789673339585766,0.1333628042438111,0.046434691392666975,0.06984986309702353,0.10795762778509607,0.4267073315700317,0.49194269761721837,0.4673887539816156,0.4429799005346653,0.1568010936431988,0.16095075886254895,0.11771270524615368,0.14116573828438075,-0.1583959258855421,-0.4916176381519688,-0.5365152300823417,-0.5999358213499203,0.988424246606268,-0.2463464208290638,-0.46083804636319947,-0.02474812529604814,0.7069384218478515,0.0725851331012115,0.06329143566530734,0.7785477942999997
2025-06-21|randwick|2,2025-06-21,randwick,2,V0,1,soft,1200,0,0,0.0,0.0,0.0,0.0,even,0.2556221889055472,0.3083705218886203,0.3083705218886203,0.27672152209877643,0.0888305847076461,0.0636619357227924,0.0636619357227924,0.07876312511370462,0.497911758406511,0.32183231778884125,0.32183231778884125,0.42747998215944305,0.1576354679802955,0.3061352245997461,0.3061352245997461,0.21703537062807576,-0.4794572868568429,-0.6020308462384194,0.18666190144357103,0.18666190144357103,-0.9352938531408804,-0.527414560044455,-0.6074561117264536,-0.6074561117264536,-0.2779017721448658,-0.3309324487931435,-0.5680025529350496,-0.5680025529350496
2025-06-21|randwick|3,2025-06-21,randwick,3,V1,1,soft,1300,1,1,0.29737823977181627,-0.14258016401125873,-0.27813603971643464,-0.08264193982990854,fast,0.2556221889055472,0.29793290674300493,0.3772411083489942,0.304269756682926,0.0888305847076461,0.06685708737397969,0.07964231047415742,0.08515527501425063,0.497911758406511,0.32884449014122463,0.3359811710590923,0.4331395234675435,0.1576354679802955,0.3063655157417907,0.207135410117756,0.1774354448352797,0.8726658795289998,-0.6020308462384194,0.15517383440245253,-0.05539907759003815,-0.694081777386714,-0.527414560044455,-0.5579106091057584,-0.5269691972454821,1.0641965316186246,-0.3309324487931435,-0.5776394214267924,-0.3900032362717877
2025-06-21|randwick|7,2025-06-21,randwick,7,V2,1,soft,1000,2,2,0.2598699799703166,0.052262791266551534,-0.21150396340578798,0.10332975467237333,even,0.3043478260869565,0.34807689503186356,0.43745976978711926,0.3575926035670216,0.108695652173913,0.05334491479332842,0.067125672615333,0.092067660350481,0.4440993788819876,0.4183909780877883,0.3624434727689874,0.41143701643678754,0.1428571428571428,0.1801872120870198,0.13297108482856015,0.13890271964570974,0.4900381724625915,-0.4483988885128754,-0.20850052272348168,-0.21849808341152516,0.4868437638878645,-0.3170567021240242,-0.5740449883392941,-0.4499376521170593,1.2227901463153952,-0.2530751349556213,-0.3170964839296561,0.03524026379719232
2025-06-21|randwick|8,2025-06-21,randwick,8,V3,1,soft,1400,3,3,0.378257135880539,0.14656977152465847,-0.0959026357078825,0.30630804664426287,fast,0.4139329680495268,0.32137338728045894,0.48166041773550894,0.44102394792391963,0.1118266562299864,0.056088169440077634,0.08283914182216365,0.10023165046685731,0.2722296205182422,0.23099534352969592,0.1691246931821513,0.2309876495838058,0.2020107552022445,0.3915430997497674,0.26637574726017615,0.22775675202541718,0.6615197833328126,-0.0404545666943978,0.5536482156659492,0.6687610497289385,1.210832809180874,-0.7325348677273784,-0.6103999180393286,-0.1519367384635522,-0.4548891168563074,-0.1456456421002815,-0.7049286052691889,0.11637340952492083
2025-06-21|randwick|9,2025-06-21,randwick,9,V4,1,soft,1400,4,4,0.5020325338229238,0.2627608184050928,0.23732013396043716,0.09165586308923182,very_fast_or_collapse,0.4139329680495268,0.3113472440037339,0.46855640880768107,0.4357823443527885,0.1118266562299864,0.05906475086953499,0.12823443527196532,0.11838976784677797,0.2722296205182422,0.2366756831954895,0.16073439660442404,0.2276315309527149,0.2020107552022445,0.39291232193124165,0.2424747593159295,0.2181963568477185,0.8106860089862874,-0.0404545666943978,0.5221601486248308,0.7298478658499843,1.0239257312536212,-0.7325348677273784,-0.5608544154186335,0.09194999286319744,-0.439203285240572,-0.1456456421002815,-0.7145654737609316,0.4058619571576101
2025-06-21|randwick|10,2025-06-21,randwick,10,V5,1,soft,1200,5,5,0.5440089434272238,0.3047458764389646,0.28200993638586813,0.05732171245478943,slow,0.2556221889055472,0.2578790798050309,0.38432451540817725,0.30710311950659924,0.0888305847076461,0.08078543546047935,0.2000728749469208,0.13332750080335598,0.497911758406511,0.3560814928439434,0.22833059503906325,0.3900792930595319,0.1576354679802955,0.3052539918905463,0.18727201460583864,0.16949008663051277,-0.999546547176146,-0.6020308462384194,0.029221566237978447,0.3091626399418654,-1.6007914024911356,-0.527414560044455,-0.35972859862297746,0.3360635556317708,0.573172405048778,-0.3309324487931435,-0.6161868953937631,0.5581196511067351
2025-06-28|caulfield|1,2025-06-28,caulfield,1,V0,1,soft,1000,0,0,0.0,0.0,0.0,0.0,even,0.3221633085896076,0.3684562198693087,0.3684562198693087,0.3406804731014881,0.1053022269353128,0.06385699200074374,0.06385699200074374,0.08872413296148518,0.3878654749280412,0.16040770739477844,0.16040770739477844,0.2968823679147361,0.1846689895470383,0.40727908073516894,0.40727908073516894,0.27371302602229053,0.0,-0.2871234187343125,1.1046792431214882,1.1046792431214882,-0.0843113449345777,-0.7381716070290985,-0.7364048846891881,-0.7364048846891881,-0.60613020952965,-0.868002860868811,-1.4180995431297945,-1.4180995431297945
2025-06-28|caulfield|2,2025-06-28,caulfield,2,V1,1,soft,1000,1,1,0.3333333333333333,0.0,-0.028103781644859233,-0.20204340317655,even,0.3221633085896076,0.35794101036562853,0.47674451959150205,0.3839957929903654,0.1053022269353128,0.06743044402511143,0.09392353966589469,0.10075075202754555,0.3878654749280412,0.16480337366146758,0.13467605354413256,0.2865897063744777,0.1846689895470383,0.4098251719477925,0.29465588719847063,0.22866374860761124,0.4316740860650309,-0.2871234187343125,1.0731911760803698,1.0404595859508334,-0.533971851252308,-0.7381716070290985,-0.6868593820684928,-0.4470534135185701,1.1530146091052638,-0.868002860868811,-1.4277364116215372,-1.1849890514108152
2025-06-28|caulfield|3,2025-06-28,caulfield,3,V2,1,soft,1200,2,2,0.39668694918765085,0.0933047761467376,-0.13063768535685477,0.13978878011107737,fast,0.2389825495415557,0.3616358566306788,0.5477541532326036,0.36249119101797483,0.2767179335502316,0.03394426402806569,0.048511085561985426,0.18543519435493314,0.3414423740510697,0.45542426510857476,0.30263248623182587,0.32591841892337214,0.1428571428571428,0.14899561423268085,0.10110227497358516,0.12615519570371975,0.6280919157690859,-0.1285914740362738,-0.42671032167169565,-0.2949403484772498,-0.3463699841684453,-0.2059062357550077,-0.6654230142041337,-0.22823900342404144,1.388029860928582,-0.1407951151589306,-0.08029190279427731,0.4927741916649821
2025-06-28|caulfield|5,2025-06-28,caulfield,5,V3,1,soft,2000,3,3,0.18765752890623053,0.07927385034934072,-0.06332431815015625,0.15874461411659274,slow,0.2721417069243156,0.34334573839357363,0.36898485028999417,0.31087896427058703,0.109098228663446,0.06896184185338215,0.0882208529426268,0.10074727837511832,0.4811939268461008,0.36935628388523467,0.3250653357794473,0.41874249041943934,0.1375661375661375,0.21833613586780953,0.2177289609879318,0.16963126693485522,-1.7645585990213932,-0.759366194284839,0.014624665008341253,0.10309845099429066,-1.6378096534136204,-0.3415974954411983,-0.40783879665511114,-0.13019108579632777,-0.152769274582302,-0.4377746096021928,-0.6375507389921549,-0.316097431597345
2025-06-28|caulfield|6,2025-06-28,caulfield,6,V4,1,soft,1100,4,4,0.4622229149625214,0.05112776799646208,-0.23343284173824727,0.29703188275551373,even,0.3221633085896076,0.32690539058596324,0.3569598711261674,0.33608193360423155,0.1053022269353128,0.07909201254529548,0.1297548275695894,0.11508326718902344,0.3878654749280412,0.1780420622339578,0.11771202592815745,0.2798040953280877,0.1846689895470383,0.41596053463478344,0.3955732753760857,0.26903070387865724,0.3926140241729451,-0.2871234187343125,0.9787269749570142,1.1743748510158658,-0.0749434177196246,-0.7381716070290985,-0.5382228742064072,0.07966576132179437,0.4946265569495068,-0.868002860868811,-1.4566470170967651,-0.6489061708302933
2025-06-28|caulfield|7,2025-06-28,caulfield,7,V5,1,soft,1200,5,5,0.5337449675673867,0.10733308024624796,-0.19505449884611772,0.3309224604530876,fast,0.2389825495415557,0.325935381053589,0.495652017819924,0.341650336852903,0.2767179335502316,0.03929093859300673,0.0742973836643975,0.19574971359589796,0.3414423740510697,0.4855367242436799,0.3326357054126403,0.3379197065956979,0.1428571428571428,0.1492369561097243,0.09741489310303812,0.12468024295550093,0.634608268331389,-0.1285914740362738,-0.5211745227950512,-0.29264800516985456,1.555562563251763,-0.2059062357550077,-0.516786506342048,0.10264431273180435,0.4662329356078354,-0.1407951151589306,-0.10920250826950542,0.9009949882153919
2025-06-28|caulfield|8,2025-06-28,caulfield,8,V6,1,soft,2000,6,6,0.4146717799893347,-0.2566370996998553,-0.2450887276878036,0.09841012083030969,slow,0.2721417069243156,0.308912459897908,0.3544112113830571,0.3050495087078122,0.109098228663446,0.07968537145103101,0.09521978045953154,0.10354684938188022,0.4811939268461008,0.393092857172699,0.42223025047518736,0.4576084562977354,0.1375661375661375,0.21830931147836213,0.12813875768222394,0.1337951856125721,-1.8724283388331004,-0.759366194284839,-0.07983953611501438,-0.30295128519593073,0.5836874828654931,-0.3415974954411983,-0.2592022887930255,0.10304611733088864,0.0028824391430638,-0.4377746096021928,-0.6664613444673829,-0.2504297448418773
2025-06-28|rosehill|1,2025-06-28,rosehill,1,V0,1,good,1300,0,0,0.0,0.0,0.0,0.0,even,0.4387351778656126,0.479241544701497,0.479241544701497,0.4549377245999664,0.0697780480389176,0.03335283629582928,0.03335283629582928,0.05520796334168227,0.282695565304261,0.3461239553395104,0.3461239553395104,0.3080669213183608,0.2087912087912088,0.1412816636631634,0.1412816636631634,0.18178739073999062,0.1987527629805637,0.0570591040879983,0.01837369342508577,0.01837369342508577,0.459513624982064,-0.2702266815690505,-0.9264889880996432,-0.9264889880996432,-0.1348981518953174,-0.2617749119337798,-0.3493349571151368,-0.3493349571151368
2025-06-28|rosehill|3,2025-06-28,rosehill,3,V1,1,good,1400,1,1,0.2611859138159418,0.05191142202252183,0.12001848605181636,-0.0352334970748602,slow,0.2171639670360898,0.32722978835902866,0.4180540168225348,0.29751998695066784,0.1382495026996305,0.04055061840233792,0.05522235141196114,0.10503864218456274,0.3706369504323468,0.3259754961944742,0.2674055487876242,0.32934438977445774,0.2739495798319328,0.30624409704415934,0.25931808297787995,0.26809698109031166,-0.7093236155997947,0.1738270385715923,0.1683285267089462,0.21669667046951685,0.2202418806454208,-0.5208506393787743,-0.8564727635822489,-0.44978634101229154,1.1926970746842251,-0.3095108762071263,-0.440136504997143,-0.06971924580651884
2025-06-28|rosehill|4,2025-06-28,rosehill,4,V2,1,good,1400,2,2,0.4429854159012414,-0.16486131780195676,0.13691890869583676,0.30998703757069457,even,0.2171639670360898,0.3166947236874508,0.4734702606694411,0.3196864844894303,0.1382495026996305,0.04265868590352444,0.05587984981916778,0.1053016415474454,0.3706369504323468,0.33364778808979406,0.25412718003471213,0.32403304227329294,0.2739495798319328,0.30699880231923066,0.2165227094766788,0.2509788316898312,-0.1076651916535371,0.1738270385715923,0.1368404596678277,0.15002747399042288,0.5597814466404395,-0.5208506393787743,-0.8069272609615536,0.1528277181536285,-0.3043433914711503,-0.3095108762071263,-0.44977337348888574,0.39860751381027815
2025-06-28|rosehill|7,2025-06-28,rosehill,7,V3,1,good,2400,3,3,0.1330143356499747,-0.034393828616615156,0.055433082026436285,0.03572122310200315,slow,0.3080267558528428,0.34806585310616406,0.3143569461769443,0.31055883198248335,0.1122073578595317,0.056499138144351195,0.06732876378001856,0.09425592022772646,0.4347109412326804,0.41108514650756184,0.4218921935761822,0.42958344217008115,0.145054945054945,0.18434986224192282,0.19642209646685488,0.16560180561970897,-0.9005169182373706,-0.4485456772453868,-0.1725024022826527,-0.18995369044163776,0.1362607594902229,-0.3209882920298171,-0.5233021190453555,-0.2521660584276992,-0.7279746082456623,-0.2926311852652332,-0.39127948494213,-0.2204800652627037
2025-06-28|rosehill|9,2025-06-28,rosehill,9,V4,1,good,2000,4,4,0.2972117931066451,-0.17358702076253435,0.08159466575353559,-0.07035237044356062,even,0.3398402839396628,0.35838269773158427,0.33224823522875857,0.3368034644553011,0.1184560780834072,0.0726017626963306,0.09634371800475626,0.10961113405194682,0.398846495119787,0.2932940289644581,0.30437615826466113,0.36105836037773664,0.1428571428571428,0.27572151060762695,0.26703188850182397,0.19252704111501528,-0.1554758360827393,-0.3925874611977842,0.3527968270092024,0.23337888892108455,-0.4206964048265991,-0.5201137937068411,-0.48798586837709546,-0.002086267431621436,0.0857200914575306,-0.5547564753231244,-0.9054046204145699,-0.6611733527594951
2025-06-28|rosehill|10,2025-06-28,rosehill,10,V5,1,good,1200,5,5,0.35342523411359106,-0.09379033931233409,0.06814777618150897,0.0414985348402553,slow,0.4387351778656126,0.41447937699704634,0.4096672569379682,0.42710800949455485,0.0697780480389176,0.043771478214800624,0.0670219454880848,0.06867560701858447,0.282695565304261,0.39605601930976375,0.37867408717272516,0.32108697405164666,0.2087912087912088,0.14569312547838933,0.14463671040122186,0.18312940943521402,-1.640329598490428,0.0570591040879983,-0.13906664178050698,-0.15159676574500214,0.1699504275846508,-0.2702266815690505,-0.678761474996167,-0.08049156779285319,0.9512049172105852,-0.2617749119337798,-0.39751929957385024,0.007633944105846752
2025-07-05|flemington|1,2025-07-05,flemington,1,V0,1,soft,1200,0,0,0.0,0.0,0.0,0.0,very_fast_or_collapse,0.2389825495415557,0.38619179675992416,0.38619179675992416,0.2978662484289031,0.2767179335502316,0.030679901914722918,0.030679901914722918,0.1783027208960281,0.3414423740510697,0.434827626366648,0.434827626366648,0.37879647497730107,0.1428571428571428,0.148300674958705,0.148300674958705,0.1450345556977677,2.2932685822204366,-0.1285914740362738,-0.3637341875894586,-0.3637341875894586,-1.29709761437806,-0.2059062357550077,-0.7645140194455242,-0.7645140194455242,0.5733171455551012,-0.1407951151589306,-0.06101816581079191,-0.06101816581079191
2025-07-05|flemington|2,2025-07-05,flemington,2,V1,1,soft,1600,1,1,0.20427055865291668,0.46844725443135077,-0.2649588543163718,0.11711181360783607,slow,0.2404765109705209,0.3094572970458,0.4453330042970006,0.32241910830111276,0.0916341364921254,0.05990872785213535,0.09225902675392376,0.09188409259684474,0.5336567121127628,0.40737310998378296,0.21592253656022223,0.4065630418917466,0.1342326404245908,0.2232608651182818,0.24648543238885348,0.1791337572102959,-0.8354856931750837,-0.4807379021811658,-0.1363339519413933,0.40553392021451135,-0.5391810190171432,-0.4077715194370196,-0.6491376903770698,-0.4977477665036428,0.746377274631345,-0.3960114363814577,-0.435099748595889,-0.15924698924749925
2025-07-05|flemington|3,2025-07-05,flemington,3,V2,1,soft,1200,2,2,0.4027510476067938,0.44391910298599085,-0.4062044705210378,0.2574374727639538,slow,0.2389825495415557,0.3616358566306788,0.6175129379456209,0.3903947049031818,0.2767179335502316,0.03394426402806569,0.052524021179702736,0.18704036860202006,0.3414423740510697,0.45542426510857476,0.14865461626430831,0.26432727093636516,0.1428571428571428,0.14899561423268085,0.18130842461036806,0.1582376555584329,-3.237555645487683,-0.1285914740362738,-0.42671032167169565,0.3825077619558091,-0.6226068549014646,-0.2059062357550077,-0.6654230142041337,-0.027281264469595723,3.248797158145624,-0.1407951151589306,-0.08029190279427731,0.35625446431458435
2025-07-05|flemington|4,2025-07-05,flemington,4,V3,1,soft,1600,3,3,0.46046362411710445,-0.41507244537783783,-0.3330660263738735,0.6735508429319217,slow,0.2404765109705209,0.28775473296162757,0.4617338464231468,0.3289794451515713,0.0916341364921254,0.06581969038724071,0.05522511472039222,0.07707052778343212,0.5336567121127628,0.42368657537054405,0.20998189686952196,0.4041867860154664,0.1342326404245908,0.22273900128058763,0.27305914198693915,0.18976324104953013,-0.7083888132868824,-0.4807379021811658,-0.19931008602363037,0.1333183174944324,0.8221481568601059,-0.4077715194370196,-0.5500466851356793,0.8853315463499122,0.2307468387683111,-0.3960114363814577,-0.4543734855793744,-0.0193108236766676
2025-07-05|flemington|6,2025-07-05,flemington,6,V4,1,soft,1200,4,4,0.48881312723530995,-0.43355562591335867,-0.22351408833208328,0.7330258792873449,slow,0.2389825495415557,0.337666263249179,0.41824255373563884,0.310686551219189,0.2767179335502316,0.03744782284951153,0.041040728041098304,0.18244705134657827,0.3414423740510697,0.47562311227057713,0.41157345807180246,0.3694948076593628,0.1428571428571428,0.1492628016307323,0.1291432601514604,0.13737158977486985,-2.428166734115762,-0.1285914740362738,-0.4896864557539327,-0.3868615388376252,0.0129709761437872,-0.2059062357550077,-0.5663320089627433,0.7802011649745803,2.844102702459672,-0.1407951151589306,-0.0995656397777627,0.9035657984330167
2025-07-05|flemington|8,2025-07-05,flemington,8,V5,1,soft,1600,5,5,0.4794948336553862,-0.5733474067265691,-0.030266042151582635,0.668705901514087,slow,0.2404765109705209,0.26683779047560957,0.3569036035921048,0.28704734801915444,0.0916341364921254,0.07211484678113954,0.06696417933807859,0.08176615363050668,0.5336567121127628,0.4394405817378009,0.2917723683592736,0.4369029746113671,0.1342326404245908,0.22160678100545,0.284359848710543,0.19428352373897168,-0.7907880137036982,-0.4807379021811658,-0.26228622010586744,-0.062381619577269676,0.2891409663049963,-0.4077715194370196,-0.45095567989428886,1.279408658793856,1.914311273935556,-0.3960114363814577,-0.47364722256285985,0.079224328084661
2025-07-05|flemington|9,2025-07-05,flemington,9,V6,1,soft,1400,6,6,0.5352197877514716,-0.6292921090334654,-0.01761568267812095,0.9571009208075818,slow,0.465378421900161,0.3703258105325551,0.4373022897723947,0.4541479690490545,0.0789049919484702,0.0748441637777122,0.0765207809917419,0.07795130756577887,0.3578329882677709,0.3800392564626564,0.31454591779829,0.34051816007997854,0.0978835978835978,0.1747907692270762,0.1716310114375734,0.12738256330518805,-3.347472658143072,-0.4108814230947298,-0.0472969207794105,0.09175290756133375,1.380722260575609,-0.3897435248948804,-0.4403684895240233,1.450552023293636,2.9240707356854645,-0.451314449583344,-0.7104473294345178,0.3791146977591281
2025-07-05|rosehill|2,2025-07-05,rosehill,2,V0,1,soft,1200,0,0,0.0,0.0,0.0,0.0,slow,0.2556221889055472,0.3083705218886203,0.3083705218886203,0.27672152209877643,0.0888305847076461,0.0636619357227924,0.0636619357227924,0.07876312511370462,0.497911758406511,0.32183231778884125,0.32183231778884125,0.42747998215944305,0.1576354679802955,0.3061352245997461,0.3061352245997461,0.21703537062807576,-1.0664793772084793,-0.6020308462384194,0.18666190144357103,0.18666190144357103,-2.9934757117907926,-0.527414560044455,-0.6074561117264536,-0.6074561117264536,-0.2089264005526929,-0.3309324487931435,-0.5680025529350496,-0.5680025529350496
2025-07-05|rosehill|3,2025-07-05,rosehill,3,V1,1,soft,1200,1,1,0.3333333333333333,-0.35549312573615977,-0.9978252372635975,-0.06964213351756429,slow,0.2556221889055472,0.29793290674300493,0.3684886395421314,0.3007687691601809,0.0888305847076461,0.06685708737397969,0.06310334164594804,0.07853968748296687,0.497911758406511,0.32884449014122463,0.4181041550725556,0.4659887170729288,0.1576354679802955,0.3063655157417907,0.15030386373936494,0.1547028262839233,-0.8459857797342905,-0.6020308462384194,0.15517383440245253,-0.34600546418250666,0.2284019712274496,-0.527414560044455,-0.5579106091057584,-1.1573025313605623,-1.840159451021776,-0.3309324487931435,-0.5776394214267924,-0.6596875259803203
2025-07-05|rosehill|4,2025-07-05,rosehill,4,V2,1,soft,1300,2,2,0.4371782109998217,-0.4137179472834585,-0.5412015174193898,-0.47991275635312924,fast,0.2556221889055472,0.28765682601314574,0.35083950219766813,0.29370911422239554,0.0888305847076461,0.07016582855357431,0.07916670430420089,0.08496503254626801,0.497911758406511,0.33578560839678534,0.44890231185916346,0.478307979787572,0.1576354679802955,0.30639173703649464,0.12109148163896749,0.14301787344376432,0.6089421111702454,-0.6020308462384194,0.12368576736133402,-0.49498447585812466,-0.3387129401375041,-0.527414560044455,-0.5083651064850632,-0.9170667871351957,-0.1931615560213199,-0.3309324487931435,-0.5872762899185351,-0.6089210096995743
2025-07-05|rosehill|7,2025-07-05,rosehill,7,V3,1,soft,2000,3,3,0.19973621077494597,-0.05381406699311802,-0.169090021518673,-0.14062273273425485,slow,0.3003344481605351,0.3436743523982334,0.3442959233954382,0.3179190382544963,0.1122073578595317,0.05174077370891448,0.06194222058681667,0.09210130295044569,0.4347109412326804,0.4317458938211397,0.4561832851618842,0.44329987880436195,0.1527472527472527,0.17283898007171247,0.137578570855861,0.14667977999069604,-0.7826978331894182,-0.2866705153702255,-0.2507208876129242,-0.407864339977597,-3.084468978730065,-0.3110882821298076,-0.5971925355207423,-0.6631464325498833,-2.275390513896956,-0.2910897069408998,-0.31790448847864833,-0.29804137227682914
2025-07-05|rosehill|8,2025-07-05,rosehill,8,V4,1,soft,1200,4,4,0.44902489892259206,-0.20260664636116207,-0.557442949948568,-0.44892838330524976,slow,0.2556221889055472,0.2676223569428681,0.2277502763512592,0.244473423883832,0.0888305847076461,0.07712893857513475,0.13308595043559668,0.10653273099882633,0.497911758406511,0.349414065070936,0.44026788825189794,0.4748542103446658,0.1576354679802955,0.30583463941106115,0.1988958849612462,0.1741396347726758,-0.6646910440332967,-0.6020308462384194,0.06070963327909695,-0.3270638717404764,0.8335262061090446,-0.527414560044455,-0.4092741012436727,-0.8038425120409148,-1.4105043171928675,-0.3309324487931435,-0.6065500269020204,-0.5816808382226363
2025-07-05|rosehill|9,2025-07-05,rosehill,9,V5,1,soft,1400,5,5,0.49326688900276205,-0.2415437437504284,-0.2733984191964708,-0.5884609689309064,very_fast_or_collapse,0.4139329680495268,0.30144843375275865,0.3932552705619204,0.4056618890544842,0.1118266562299864,0.062161055088721495,0.10315303340444368,0.10835720709976931,0.2722296205182422,0.24234660715663853,0.29277164962698426,0.28044643216173903,0.2020107552022445,0.3940439040018813,0.21082004640665167,0.20553447168400737,2.023472278429854,-0.0404545666943978,0.4906720815837123,0.09507404621007093,-0.965748132886952,-0.7325348677273784,-0.5113089127979382,-0.6968892507716735,-1.5176042088223438,-0.1456456421002815,-0.7242023422526742,-0.70079741460776
2025-07-05|rosehill|10,2025-07-05,rosehill,10,V6,1,soft,1400,6,6,0.5603645255714507,0.23554052229290462,-0.3940823830685874,-0.7343752313297102,very_fast_or_collapse,0.4139329680495268,0.29168461343047675,0.3939185139018581,0.4059271863904593,0.1118266562299864,0.06537938949840917,0.19227856709265098,0.14400742057505223,0.2722296205182422,0.24800059983650694,0.2326346754602153,0.25639164249503144,0.2020107552022445,0.3949353972346071,0.18116824354527566,0.19367375053945696,4.0,-0.0404545666943978,0.45918401454259367,0.4078088420906108,-2.1154482910857,-0.7325348677273784,-0.4617634101772429,-1.0468757634945947,-4.0,-0.1456456421002815,-0.7338392107444169,-0.5984789051069778
2025-07-12|caulfield|1,2025-07-12,caulfield,1,V0,1,soft,1100,0,0,0.0,0.0,0.0,0.0,even,0.3221633085896076,0.3684562198693087,0.3684562198693087,0.3406804731014881,0.1053022269353128,0.06385699200074374,0.06385699200074374,0.08872413296148518,0.3878654749280412,0.16040770739477844,0.16040770739477844,0.2968823679147361,0.1846689895470383,0.40727908073516894,0.40727908073516894,0.27371302602229053,0.4073892483795176,-0.2871234187343125,1.1046792431214882,1.1046792431214882,-3.299088135825877,-0.7381716070290985,-0.7364048846891881,-0.7364048846891881,1.6749501461819598,-0.868002860868811,-1.4180995431297945,-1.4180995431297945
2025-07-12|caulfield|2,2025-07-12,caulfield,2,V1,1,soft,1100,1,1,0.3333333333333333,0.13579641612650586,-1.0996960452752922,0.5583167153939865,fast,0.3221633085896076,0.35794101036562853,0.555476373083536,0.415488534387179,0.1053022269353128,0.06743044402511143,0.0742306750130206,0.09287360616639592,0.3878654749280412,0.16480337366146758,0.11280201611671441,0.27784009140351046,0.1846689895470383,0.4098251719477925,0.25749093578672905,0.21379776804291462,0.5361844874100095,-0.2871234187343125,1.0731911760803698,1.227417428447642,-0.4443355792692266,-0.7381716070290985,-0.6868593820684928,-0.9098586720424191,0.4415553404515065,-0.868002860868811,-1.4277364116215372,-0.904228283074996
2025-07-12|caulfield|3,2025-07-12,caulfield,3,V2,1,soft,1400,2,2,0.3575633977190663,0.1707604990266697,-0.6234452964842211,0.3586000993622795,very_fast_or_collapse,0.465378421900161,0.42103175590380515,0.5954020825978189,0.5173878861792242,0.0789049919484702,0.06095380651107011,0.07397864964358394,0.07693445502651569,0.3578329882677709,0.3453807566399365,0.22401932207979425,0.30430752179258025,0.0978835978835978,0.17263368094518833,0.10659994567880281,0.1013701370016798,2.7187318149577253,-0.4108814230947298,0.07865534738506363,0.25191236632620057,2.445500016202835,-0.3897435248948804,-0.6385505000068042,-0.5599152359186761,-0.9900622716224592,-0.451314449583344,-0.6718998554675469,-0.041461002488789554
2025-07-12|caulfield|4,2025-07-12,caulfield,4,V3,1,soft,2000,3,3,0.26197248010259333,0.42935331482913913,0.1119066932074947,-0.007817643509326344,slow,0.2721417069243156,0.34334573839357363,0.44213607946049305,0.3401394559387866,0.109098228663446,0.06896184185338215,0.12177953995575115,0.11417075318036807,0.4811939268461008,0.36935628388523467,0.2446523127773918,0.3865772812186172,0.1375661375661375,0.21833613586780953,0.19143206780636401,0.15911250966222812,-1.9172367710448617,-0.759366194284839,0.014624665008341253,0.35458530330621546,0.4090111965466049,-0.3415974954411983,-0.40783879665511114,-0.12071108770611615,0.0530498350150121,-0.4377746096021928,-0.6375507389921549,-0.08663086868755177
2025-07-12|caulfield|5,2025-07-12,caulfield,5,V4,1,soft,2000,4,4,0.4433590068540382,-0.26312050694137085,0.1843356423606676,0.00983986492087263,slow,0.2721417069243156,0.3317071823281448,0.381857072062092,0.31602785297942615,0.109098228663446,0.07241925638216347,0.09988660529035276,0.10541357931420871,0.4811939268461008,0.37738445294877554,0.31121943756059123,0.4132041311318969,0.1375661375661375,0.21848910834091623,0.207036885086964,0.1653544365744681,-1.7156653670237358,-0.759366194284839,-0.016863402032777364,-0.043869626427038344,-1.1094024011871046,-0.3415974954411983,-0.3582932940344159,0.578487000706097,-1.9761063543092452,-0.4377746096021928,-0.6471876074838976,-0.17324214791014653
2025-07-12|caulfield|6,2025-07-12,caulfield,6,V5,1,soft,1400,5,5,0.49885522680447797,0.2603190825872563,0.08185931054457525,-0.17296121506263024,very_fast_or_collapse,0.465378421900161,0.3828548332345828,0.37823401904007625,0.4305206607561271,0.0789049919484702,0.07118460796331641,0.17961120117437449,0.11918747563883192,0.3578329882677709,0.3715038451519507,0.21128034741853005,0.29921193192807455,0.0978835978835978,0.17445671365014995,0.2308744323670191,0.15107993167696632,0.9672316169620406,-0.4108814230947298,-0.015808853738291995,0.41074133738235713,1.4959376062134433,-0.3897435248948804,-0.4899139921447185,0.18259945557014073,-0.1404466619989794,-0.451314449583344,-0.7008104609427751,-0.09144858651110242
2025-07-12|caulfield|7,2025-07-12,caulfield,7,V6,1,soft,1400,6,6,0.5710831405315576,0.3935294900346959,0.37933652036864846,-0.15376755407396542,very_fast_or_collapse,0.465378421900161,0.3703258105325551,0.5479561948450009,0.498409531078097,0.0789049919484702,0.0748441637777122,0.17861182299697112,0.11878772436787058,0.3578329882677709,0.3800392564626564,0.1544386748636816,0.27647526290613517,0.0978835978835978,0.1747907692270762,0.11899330729434639,0.10632748164789724,1.264917421364464,-0.4108814230947298,-0.0472969207794105,0.5348734277407177,-1.7220238943061643,-0.3897435248948804,-0.4403684895240233,0.4469049581070047,0.6848942159209683,-0.451314449583344,-0.7104473294345178,0.13009967003154016
2025-07-12|caulfield|8,2025-07-12,caulfield,8,V7,1,soft,1100,7,7,0.548254507797248,0.4341503683966197,-0.21926480734186518,0.11862764474516006,slow,0.3003344481605351,0.3119355613244619,0.42052589305936966,0.3484110261200689,0.1198996655518394,0.07049532076492235,0.1922617793217354,0.1488445110597978,0.4347109412326804,0.42125113509343703,0.20130551095699623,0.34134876912240675,0.145054945054945,0.19631798281717866,0.18590681666189887,0.16139569369772655,-0.5833433595473227,-0.4066520447001965,-0.1894461427574545,0.43942666950567405,-2.722221038905103,-0.3465394484034323,-0.3466915605556077,0.18266573045031587,2.34450732643564,-0.3971876297650205,-0.5554381683299338,0.14041057980599492
2025-07-12|randwick|1,2025-07-12,randwick,1,V0,1,soft,1400,0,0,0.0,0.0,0.0,0.0,slow,0.4139329680495268,0.3521340861402389,0.3521340861402389,0.3892134152858116,0.1118266562299864,0.047852368380485066,0.047852368380485066,0.08623694109018587,0.2722296205182422,0.2139712804265451,0.2139712804265451,0.24892628448156334,0.2020107552022445,0.386042265052731,0.386042265052731,0.2756233591424391,-1.107584826087881,-0.0404545666943978,0.6481124167893051,0.6481124167893051,-0.4827933857306175,-0.7325348677273784,-0.7590364259014143,-0.7590364259014143,1.0431078024463671,-0.1456456421002815,-0.6760179997939607,-0.6760179997939607
2025-07-12|randwick|7,2025-07-12,randwick,7,V1,1,soft,1000,1,1,0.09450629774479084,-0.10467374135187366,-0.04562701546107339,0.09858025655791083,very_fast_or_collapse,0.3043478260869565,0.36005956196527383,0.3542401281753306,0.32430474692230615,0.108695652173913,0.0507656771431288,0.05040646863894371,0.08537997875992528,0.4440993788819876,0.40922877638036,0.4373126549854882,0.4413846893233878,0.1428571428571428,0.17994598451123744,0.15804074820023736,0.1489305849943806,1.034037187770513,-0.4483988885128754,-0.17701245568236315,-0.30214892387642367,1.757704566321788,-0.3170567021240242,-0.6235904909599893,-0.4947273722100182,0.3968166205230923,-0.2530751349556213,-0.3074596154379134,-0.1264569104660519
2025-07-12|randwick|9,2025-07-12,randwick,9,V2,1,soft,1400,2,2,0.26267173790581577,0.047656366687207914,0.22740357474578624,0.1718171612465754,fast,0.4139329680495268,0.33151885281261584,0.41863287228963497,0.41581292974557005,0.1118266562299864,0.053228912311665565,0.07485358076331677,0.09703742604331855,0.2722296205182422,0.22531299855570522,0.2243990553332542,0.25309739444424695,0.2020107552022445,0.3899392363200134,0.2821144916137941,0.23405224976686434,0.5182928993872797,-0.0404545666943978,0.5851362827070679,0.511752511049502,0.1703976655519841,-0.7325348677273784,-0.6599454206600238,-0.19412322090750203,0.1490154003494842,-0.1456456421002815,-0.6952917367774462,0.049852767422865166
2025-07-12|randwick|10,2025-07-12,randwick,10,V3,1,soft,1400,3,3,0.4436913768835324,0.17419868930810858,0.19070773486076112,0.14972932507265696,even,0.4139329680495268,0.32137338728045894,0.4612678713508538,0.43286692937005755,0.1118266562299864,0.056088169440077634,0.1086085826581727,0.11053942680126093,0.2722296205182422,0.23099534352969592,0.18647367472831214,0.23792724220227013,0.2020107552022445,0.3915430997497674,0.24364987126266127,0.2186664016264112,-0.3691949420292903,-0.0404545666943978,0.5536482156659492,0.5913671618227241,-0.9655867714612298,-0.7325348677273784,-0.6103999180393286,-0.07502488099546628,0.5176324433192451,-0.1456456421002815,-0.7049286052691889,0.34044186265371335
2025-07-19|flemington|1,2025-07-19,flemington,1,V0,1,soft,1400,0,0,0.0,0.0,0.0,0.0,slow,0.465378421900161,0.44680498929547496,0.44680498929547496,0.4579490488582866,0.0789049919484702,0.054746959304351465,0.054746959304351465,0.0692417788908227,0.3578329882677709,0.3276956679512549,0.3276956679512549,0.34577806014116447,0.0978835978835978,0.17075238344891885,0.17075238344891885,0.12703111210972623,-1.7298164375692204,-0.4108814230947298,0.1416314814673006,0.1416314814673006,1.3248925632575856,-0.3897435248948804,-0.7376415052481946,-0.7376415052481946,1.681730293628307,-0.451314449583344,-0.6526261184840616,-0.6526261184840616
2025-07-19|flemington|2,2025-07-19,flemington,2,V1,1,soft,1800,1,1,0.20427055865291668,-0.35335057006926285,0.2706365440517218,0.3435279865829879,slow,0.2941492216854536,0.3530823715138044,0.3406551048754468,0.3127515749614509,0.1129898013955985,0.05285277056678022,0.04641258568790217,0.08635891511251997,0.44824016563147,0.3990539262468022,0.4866966571718776,0.463622762247633,0.1446208112874779,0.19501093167261319,0.12623565226477326,0.13726674767839603,-1.6831457531955405,-0.5174798213628953,-0.13631780749036992,-0.5226128341520867,-1.1522550474391828,-0.3354641634220612,-0.5854613280193499,0.07541809534316274,1.0993668284382274,-0.2379821577492309,-0.32981172166830774,0.39577824788991184
2025-07-19|flemington|4,2025-07-19,flemington,4,V2,1,soft,1000,2,2,0.22431728291016084,-0.38404237775144145,0.08566546189387404,0.32751146024386435,slow,0.3221633085896076,0.3475047267454294,0.33793390153399006,0.3284715457673606,0.1053022269353128,0.07115857967088492,0.07635074271178073,0.09372163324589997,0.3878654749280412,0.16921180298676194,0.259189955188266,0.3363952670321311,0.1846689895470383,0.41212489059692364,0.3265254005659632,0.24141155395460825,-4.0,-0.2871234187343125,1.0417031090392515,0.6127862794740437,-0.2810378164485834,-0.7381716070290985,-0.6373138794477976,-0.12555552064741482,3.3496669474006637,-0.868002860868811,-1.4373732801132801,-0.8046831732065328
2025-07-19|flemington|5,2025-07-19,flemington,5,V3,1,soft,1600,3,3,0.3912356950188865,-0.9238703262779124,-0.03840988273616887,0.7561076632738498,slow,0.2404765109705209,0.28775473296162757,0.26857219705490804,0.2517147854042757,0.0916341364921254,0.06581969038724071,0.0371722949687999,0.0698493998827952,0.5336567121127628,0.42368657537054405,0.589185385315918,0.5558681813940249,0.1342326404245908,0.22273900128058763,0.10507012266037415,0.12256763331890413,-1.2858996493618564,-0.4807379021811658,-0.19931008602363037,-0.9861753531613269,0.6917853943349721,-0.4077715194370196,-0.5500466851356793,0.4779504093207001,0.5857419753349347,-0.3960114363814577,-0.4543734855793744,0.509554866966106
2025-07-19|flemington|6,2025-07-19,flemington,6,V4,1,soft,1200,4,4,0.4557924879934697,-1.0934054722953621,0.10939644610723268,0.8510650198966341,even,0.2389825495415557,0.337666263249179,0.1576480649501181,0.20644875570498067,0.2767179335502316,0.03744782284951153,0.016554172838472884,0.1726524292655281,0.3414423740510697,0.47562311227057713,0.7969176331320479,0.523632477683461,0.1428571428571428,0.1492628016307323,0.028880129079361144,0.09726633734603013,0.0316167543504515,-0.1285914740362738,-0.4896864557539327,-1.6401454891155949,0.2357443431180435,-0.2059062357550077,-0.5663320089627433,0.47236083151130637,1.4409575316091046,-0.1407951151589306,-0.0995656397777627,1.4601755900963493
2025-07-19|flemington|8,2025-07-19,flemington,8,V5,1,good,2000,5,0,0.0,0.0,0.0,0.0,slow,0.1766960722537282,0.2354923670567105,0.2354923670567105,0.2002145901749211,0.0792375551354757,0.07224841722626635,0.07224841722626635,0.07644189997179196,0.5993113691601404,0.4851790996829836,0.4851790996829836,0.5536584613692777,0.1447550034506556,0.20708011603403945,0.20708011603403945,0.16968504848400914,-1.1138142426605793,-0.9279300793835124,-0.4554599632238439,-0.4554599632238439,-1.1531616210406246,-0.2756564620601618,-0.2948672409395309,-0.2948672409395309,1.4212483860399756,-0.3034484674780613,-0.3545686162181858,-0.3545686162181858
2025-07-19|flemington|9,2025-07-19,flemington,9,V6,1,good,1000,6,1,0.08628887022757795,-0.09610977264256673,-0.09950501346939787,0.12263791754415808,slow,0.2831287705429581,0.26819519657929464,0.26123605625173235,0.2743716848264678,0.1333628042438111,0.05319450485009879,0.051643153440829453,0.10067494392261844,0.4267073315700317,0.5190612838088283,0.547520639245814,0.4750326546403446,0.1568010936431988,0.15954901476177827,0.1396001510616242,0.14992071661056897,-1.1723291771855109,-0.4916176381519688,-0.6309794312056973,-0.7450481422250403,0.9646786443677002,-0.2463464208290638,-0.3122015385011138,-0.2249916530023394,0.7995618936841795,0.0725851331012115,0.03438083019007929,0.20355382907783487
2025-07-19|rosehill|1,2025-07-19,rosehill,1,V0,1,soft,1200,0,0,0.0,0.0,0.0,0.0,very_fast_or_collapse,0.2556221889055472,0.3083705218886203,0.3083705218886203,0.27672152209877643,0.0888305847076461,0.0636619357227924,0.0636619357227924,0.07876312511370462,0.497911758406511,0.32183231778884125,0.32183231778884125,0.42747998215944305,0.1576354679802955,0.3061352245997461,0.3061352245997461,0.21703537062807576,1.486945537937041,-0.6020308462384194,0.18666190144357103,0.18666190144357103,-0.3603381905749644,-0.527414560044455,-0.6074561117264536,-0.6074561117264536,-0.5007136642402671,-0.3309324487931435,-0.5680025529350496,-0.5680025529350496
2025-07-19|rosehill|2,2025-07-19,rosehill,2,V1,1,soft,1300,1,1,0.29737823977181627,0.44218524670827375,-0.10715673683574418,-0.14890134810146685,slow,0.2556221889055472,0.29793290674300493,0.4363270687309303,0.32790414083570046,0.0888305847076461,0.06685708737397969,0.11217183048889802,0.09816708302014687,0.497911758406511,0.32884449014122463,0.16027908158395265,0.36285868767748763,0.1576354679802955,0.3063655157417907,0.2912220191962191,0.21107008846666495,-0.5985178992058794,-0.6020308462384194,0.15517383440245253,0.6485243232910183,-0.5105958085757315,-0.527414560044455,-0.5579106091057584,-0.3323345820416038,1.9614747125824907,-0.3309324487931435,-0.5776394214267924,-0.35917335895540065
2025-07-19|rosehill|5,2025-07-19,rosehill,5,V2,1,soft,1200,2,2,0.3697449555538646,0.16167555835597486,-0.1611969136472863,0.27308907526391135,even,0.2556221889055472,0.28765682601314574,0.44792424128158587,0.3325430098559627,0.0888305847076461,0.07016582855357431,0.09073065022958689,0.08959061091642241,0.497911758406511,0.33578560839678534,0.1569772732203376,0.36153796433204166,0.1576354679802955,0.30639173703649464,0.3043678352684896,0.21632841489557314,-0.1226346835411852,-0.6020308462384194,0.12368576736133402,0.5728496035585955,1.6610711711870163,-0.527414560044455,-0.5083651064850632,0.2368927550449511,0.9277929660922584,-0.3309324487931435,-0.5872762899185351,-0.13762954144624434
2025-07-19|rosehill|6,2025-07-19,rosehill,6,V3,1,soft,1200,3,3,0.49749223522684427,0.07685832725420484,0.3099985751886582,0.4149802027616363,slow,0.2556221889055472,0.27755069330014126,0.4670262160662767,0.34018379976983903,0.0888305847076461,0.07358940393010001,0.111579827313638,0.09793028175004286,0.497911758406511,0.34264548180363463,0.16215360854971883,0.3636084984637941,0.1576354679802955,0.30621442096612417,0.2592403480703665,0.19827742001632392,-4.0,-0.6020308462384194,0.09219770032021546,0.5752784344750757,0.8700848991932006,-0.527414560044455,-0.45881960386436793,0.9602301179308267,1.7377709523632805,-0.3309324487931435,-0.5969131584102777,0.46384068392605887
2025-07-19|rosehill|7,2025-07-19,rosehill,7,V4,1,soft,2400,4,4,0.16009506180862978,-0.21836065706840196,0.1032918232909618,0.19534321284463554,slow,0.3043478260869565,0.3245793161420098,0.2752893690360497,0.29272444326659375,0.108695652173913,0.05877364970715371,0.05999776814578638,0.08921649856266235,0.4440993788819876,0.4363736848786659,0.4280511638739881,0.4376800928787878,0.1428571428571428,0.18027334927217054,0.23666169894417569,0.18037896529195596,-0.7698732911197503,-0.4483988885128754,-0.27147665680571875,-0.28041523882545816,-1.4944599180559854,-0.3170567021240242,-0.4749539830979036,0.19138726275262286,-2.1715312256319708,-0.2530751349556213,-0.3363702209131415,-0.15931411067278997
2025-07-19|rosehill|10,2025-07-19,rosehill,10,V5,1,soft,1300,5,5,0.4287454152975123,-0.565857480415845,0.20845301741900416,0.4150824047449828,fast,0.2556221889055472,0.2578790798050309,0.13326590127827337,0.20667967385463767,0.0888305847076461,0.08078543546047935,0.10201459252467984,0.09410418783445959,0.497911758406511,0.3560814928439434,0.47774539933299964,0.48984521477710646,0.1576354679802955,0.3052539918905463,0.28697410686404723,0.20937092353379622,0.6985797151721848,-0.6020308462384194,0.029221566237978447,-0.24136532792952742,2.828238511699392,-0.527414560044455,-0.35972859862297746,0.9128025571223132,0.6969381540075038,-0.3309324487931435,-0.6161868953937631,0.35245381054820435
2025-07-26|caulfield|1,2025-07-26,caulfield,1,V0,1,soft,1200,0,0,0.0,0.0,0.0,0.0,fast,0.2389825495415557,0.38619179675992416,0.38619179675992416,0.2978662484289031,0.2767179335502316,0.030679901914722918,0.030679901914722918,0.1783027208960281,0.3414423740510697,0.434827626366648,0.434827626366648,0.37879647497730107,0.1428571428571428,0.148300674958705,0.148300674958705,0.1450345556977677,0.6274592724035517,-0.1285914740362738,-0.3637341875894586,-0.3637341875894586,-0.4399788207750097,-0.2059062357550077,-0.7645140194455242,-0.7645140194455242,2.2454191908380903,-0.1407951151589306,-0.06101816581079191,-0.06101816581079191
2025-07-26|caulfield|2,2025-07-26,caulfield,2,V1,1,soft,1100,1,1,0.29737823977181627,0.18659273395587278,-0.1308401272589518,0.6677388065212873,even,0.3221633085896076,0.35794101036562853,0.5047706923773255,0.3952062621046948,0.1053022269353128,0.06743044402511143,0.0810678138900663,0.09560846171721421,0.3878654749280412,0.16480337366146758,0.1016139043054229,0.27336484667899386,0.1846689895470383,0.4098251719477925,0.3125475894271853,0.2358204294990971,-0.2345812554643999,-0.2871234187343125,1.0731911760803698,1.3523215824868364,0.4139388497947779,-0.7381716070290985,-0.6868593820684928,-0.00048651832234569703,2.025295591456002,-0.868002860868811,-1.4277364116215372,-0.40080182323276564
2025-07-26|caulfield|3,2025-07-26,caulfield,3,V2,1,soft,2400,2,2,0.10217289295914263,0.019777155552840556,-0.0010394697630700647,0.21810067438262007,slow,0.2870452528837622,0.32042760181169644,0.32009263892564754,0.30026420730051634,0.1123558118899733,0.06884260439309597,0.07616422638630849,0.09787917768850737,0.4577417923691216,0.33672175850757813,0.31431055575127714,0.4003692977219838,0.1428571428571428,0.27400803528762946,0.28943257893676694,0.20148731728899244,-3.296671101440315,-0.7578058382443047,0.11377244135517289,0.18027456167573314,0.1419980546266463,-0.456623435649104,-0.41414020709417376,-0.110133477189632,0.0715786112097585,-0.2647788479363372,-0.5613722544118981,-0.26190226918088055
2025-07-26|caulfield|4,2025-07-26,caulfield,4,V3,1,soft,2400,3,3,0.3730619410959898,-1.0218691539290252,0.04390571581103218,0.14964611675148665,slow,0.2870452528837622,0.3095347846756087,0.23016136949704227,0.2642916995290742,0.1123558118899733,0.07228677144998007,0.04756629562850187,0.08644000538538474,0.4577417923691216,0.3440060028092887,0.5403918725290209,0.4908018244330813,0.1428571428571428,0.2741724410651224,0.18188046234543506,0.1584664706524597,-3.277353943651009,-0.7578058382443047,0.08228437431405444,-0.6482610392655422,-0.2445522051903471,-0.456623435649104,-0.3645947044734785,0.6159638596976617,0.1927116455647381,-0.2647788479363372,-0.5710091229036407,-0.3083999802926496
2025-07-26|caulfield|5,2025-07-26,caulfield,5,V4,1,soft,1200,4,4,0.4154944232731898,-0.17216269538439166,-0.008470005809678407,0.7419612946375775,fast,0.2389825495415557,0.337666263249179,0.36564854128739444,0.2896489462398912,0.2767179335502316,0.03744782284951153,0.051326870156464206,0.18656150819272463,0.3414423740510697,0.47562311227057713,0.3959808017021352,0.3632577451114959,0.1428571428571428,0.1492628016307323,0.18704378685400622,0.16053180045588816,0.6855512084877633,-0.1285914740362738,-0.4896864557539327,-0.35619573549296574,1.1510448367463395,-0.2059062357550077,-0.5663320089627433,0.6632581504272899,0.6485406927216263,-0.1407951151589306,-0.0995656397777627,1.1012270588912156
2025-07-26|caulfield|6,2025-07-26,caulfield,6,V5,1,soft,1100,5,5,0.49138162402495605,0.017042701139006508,0.2351831523930979,0.6672187189941445,even,0.3221633085896076,0.31676005117710965,0.41500448388498584,0.3592997787077589,0.1053022269353128,0.08330344153476225,0.14000099350392844,0.11918173356275906,0.3878654749280412,0.18245099536948198,0.1354697653476413,0.28690719109588125,0.1846689895470383,0.41748551191864625,0.3095247572634445,0.2346112966336008,0.4206860994670122,-0.2871234187343125,0.9472389079158958,1.1822972006553025,-0.1308421482440092,-0.7381716070290985,-0.48867737158571195,0.7859417153385774,0.8274464633426802,-0.868002860868811,-1.466283885588508,-0.023001972561505428
2025-07-26|caulfield|7,2025-07-26,caulfield,7,V6,1,soft,1600,6,6,0.4410837692990469,-0.1621841443586637,0.10059182749340531,0.43413674912981864,slow,0.2404765109705209,0.25669474777278234,0.2676148070561908,0.2513318294047888,0.0916341364921254,0.07540780977038086,0.11684970524054679,0.10172036399149395,0.5336567121127628,0.4470798600838247,0.41679958833586483,0.48691386260200364,0.1342326404245908,0.220817582373012,0.1987358993673976,0.16003394400171353,-0.6408095612798569,-0.4807379021811658,-0.29377428714698595,-0.2408637640114749,-0.8835434510102836,-0.4077715194370196,-0.40141017727359374,0.633536749514301,1.6022596816954184,-0.3960114363814577,-0.4832840910546025,0.4112940369005352
2025-07-26|caulfield|8,2025-07-26,caulfield,8,V7,1,soft,1200,7,7,0.572362401989283,0.011891126420549337,0.03415218326344703,0.7043943011336397,fast,0.3003344481605351,0.29531474782259876,0.41695113143601237,0.346981121470726,0.1198996655518394,0.05781595694391528,0.12006558840940228,0.11996603469486454,0.4347109412326804,0.5036715546024736,0.30016133601012657,0.3808910991436589,0.145054945054945,0.1431977406310124,0.16282194414445866,0.15216174469075047,0.6442097079615761,-0.404863588288892,-0.5379021502707546,-0.05028978349455099,1.3070275482680462,-0.2210497523440556,-0.34516011038564487,1.050261963858444,1.780427750773527,-0.2001048887729309,-0.21699376397727838,1.035909140511835
2025-07-26|caulfield|9,2025-07-26,caulfield,9,V8,1,soft,1400,8,8,0.5737371885143773,0.00820003682391045,0.16393700495461513,0.7939775083918479,fast,0.465378421900161,0.3456598417063611,0.49787845220434307,0.47837843402183383,0.0789049919484702,0.08254045810607959,0.14107594792935163,0.10377337434082276,0.3578329882677709,0.3967564553650125,0.23515842388845806,0.30876316251604574,0.0978835978835978,0.17504324482254682,0.1258871759778473,0.1090850291212976,0.7494341771962281,-0.4108814230947298,-0.11027305486164751,0.30169992268135143,0.1798642025270946,-0.3897435248948804,-0.3412774842826328,1.1178098684302502,1.1219252236838395,-0.451314449583344,-0.7297210664180032,0.7463150742070008
2025-07-26|randwick|4,2025-07-26,randwick,4,V0,1,soft,1300,0,0,0.0,0.0,0.0,0.0,very_fast_or_collapse,0.2556221889055472,0.3083705218886203,0.3083705218886203,0.27672152209877643,0.0888305847076461,0.0636619357227924,0.0636619357227924,0.07876312511370462,0.497911758406511,0.32183231778884125,0.32183231778884125,0.42747998215944305,0.1576354679802955,0.3061352245997461,0.3061352245997461,0.21703537062807576,1.155561374691522,-0.6020308462384194,0.18666190144357103,0.18666190144357103,-0.5547213722798154,-0.527414560044455,-0.6074561117264536,-0.6074561117264536,-2.153290583600999,-0.3309324487931435,-0.5680025529350496,-0.5680025529350496
2025-07-26|randwick|7,2025-07-26,randwick,7,V1,1,soft,1300,1,1,0.25862121386784226,0.29885268542151394,-0.1434627146574411,-0.5568866245410847,even,0.2556221889055472,0.29793290674300493,0.3924201293710686,0.3103413650917558,0.0888305847076461,0.06685708737397969,0.10968672810054862,0.0971730420648071,0.497911758406511,0.32884449014122463,0.20593599258159906,0.38112145207654624,0.1576354679802955,0.3063655157417907,0.2919571499467836,0.21136414076689075,0.3554301796261474,-0.6020308462384194,0.15517383440245253,0.42416092879451645,-0.6303651957725208,-0.527414560044455,-0.5579106091057584,-0.687396540848966,-0.5333839060296016,-0.3309324487931435,-0.5776394214267924,-0.8533370386792098
2025-08-02|flemington|3,2025-08-02,flemington,3,V0,1,good,1200,0,0,0.0,0.0,0.0,0.0,even,0.2938808373590982,0.4232687327155827,0.4232687327155827,0.345635995501692,0.1871980676328502,0.03289847290880759,0.03289847290880759,0.12547822974323317,0.3641016793190706,0.4171840756016431,0.4171840756016431,0.38533463783209965,0.1548194156889809,0.12664871877396655,0.12664871877396655,0.14355113692297516,-0.439347191952651,-0.2454864662822626,-0.2931474814314916,-0.2931474814314916,-0.6428740051261286,-0.1527375898595598,-0.7360303694112464,-0.7360303694112464,0.0421556724672845,-0.2187451308938946,-0.15101670463586012,-0.15101670463586012
2025-08-02|flemington|4,2025-08-02,flemington,4,V1,1,good,1100,1,1,0.29737823977181627,-0.13065229459156963,-0.1911767400394657,0.012536179674718284,slow,0.2831287705429581,0.3233673149399753,0.394523153708288,0.32768652380909,0.1333628042438111,0.04226704842738818,0.048199978951912616,0.0992976741270517,0.4267073315700317,0.47302845751218187,0.4513434208444498,0.4365617672797989,0.1568010936431988,0.16133717912045464,0.10593344649534961,0.13645403478405913,-1.7623790812130156,-0.4916176381519688,-0.4735390960001047,-0.6537439798603106,-0.4777642879625962,-0.2463464208290638,-0.55992905160459,-0.3886150375517666,1.329431062156771,0.0725851331012115,0.08256517264879285,0.4071824055474407
2025-08-02|flemington|5,2025-08-02,flemington,5,V2,1,good,2000,2,2,0.18143661879957473,-0.20053702818392102,-0.10156255638095804,0.12520654787393218,slow,0.1766960722537282,0.265120746393508,0.26788107096809477,0.21317007173947483,0.0792375551354757,0.06333287908186645,0.06275451753351607,0.07264434009469185,0.5993113691601404,0.4617671851941171,0.48830572004471173,0.5549091095139689,0.1447550034506556,0.2097791893305085,0.1810586914536775,0.15927647865186437,-1.1684091896444802,-0.9279300793835124,-0.36099576210048834,-0.5346226288510871,-0.84822322782663,-0.2756564620601618,-0.4435037488016166,-0.17477488862444118,0.8782431764018191,-0.3034484674780613,-0.3256580107429577,-0.11921770917320164
2025-08-02|flemington|7,2025-08-02,flemington,7,V3,1,good,1200,3,3,0.4106368293730732,-0.4579622304997666,-0.2485770287347874,0.29558202639542164,very_fast_or_collapse,0.2911113153782517,0.33411924315683506,0.35138416031352065,0.31522045335235926,0.1202775990440297,0.04063398714449153,0.039403465648447794,0.08792794568579693,0.3913897023098236,0.4729570634902063,0.5240072654335525,0.4444367275593152,0.1972213832678949,0.15228970620846732,0.08520510860447907,0.15241487340252857,0.8230024863338378,-0.1976151451239783,-0.4464719434043851,-0.8334800914910454,0.7693410225279799,-0.2326545586175621,-0.6064484293737044,-0.08559778559455516,0.6491973559962161,-0.046679291358151,-0.015939076046259958,0.5852988404037054
2025-08-02|rosehill|2,2025-08-02,rosehill,2,V0,1,heavy,1400,0,0,0.0,0.0,0.0,0.0,even,0.2841514726507714,0.3636320069208786,0.3636320069208786,0.3159436863588143,0.1070126227208976,0.05471678582612153,0.05471678582612153,0.08609428796298717,0.4355640152274093,0.30067328323794346,0.30067328323794346,0.38160772243162294,0.1732718894009216,0.2809779240150564,0.2809779240150564,0.21635430324657554,0.3466711070382855,-0.2312607995714418,0.31551942365017754,0.31551942365017754,-0.3350438301150716,-0.5252408384941846,-0.7616716638273595,-0.7616716638273595,-0.0641564997514216,-0.4851382706336953,-0.6867242268995798,-0.6867242268995798
2025-08-02|rosehill|3,2025-08-02,rosehill,3,V1,1,heavy,1200,1,1,0.2637669986665615,0.09144039742790286,-0.08837350549120175,-0.016922367384384473,slow,0.3043478260869565,0.36005956196527383,0.46668381514538715,0.36928222171032876,0.108695652173913,0.0507656771431288,0.06759186596502986,0.09225413769035974,0.4440993788819876,0.40922877638036,0.31738327850981596,0.3934129387331189,0.1428571428571428,0.17994598451123744,0.148341040379767,0.14505070186619248,-0.5975790804538328,-0.4483988885128754,-0.17701245568236315,-0.09126414475685235,0.2775509949045547,-0.3170567021240242,-0.6235904909599893,-0.384381947823889,-0.1009541483815282,-0.2530751349556213,-0.3074596154379134,-0.009422525743252433
2025-08-02|rosehill|4,2025-08-02,rosehill,4,V2,1,heavy,1400,2,2,0.4369054724425528,-0.039028102208127614,-0.022799177313539955,-0.03545378889529739,even,0.2841514726507714,0.34110432471554397,0.49064185220994316,0.3667476244744401,0.1070126227208976,0.060644258562598904,0.08708369849186727,0.09904105302928545,0.4355640152274093,0.31546454783202194,0.22051756234486994,0.34954543407439354,0.1732718894009216,0.2827868688898352,0.20175688695331961,0.1846658884218808,-0.2703840530135424,-0.2312607995714418,0.2525432895679404,0.32236915932056626,-0.4293021765291328,-0.5252408384941846,-0.662580658585969,-0.09478210908097792,0.850062883249137,-0.4851382706336953,-0.7059979638830651,-0.21269267500302141
2025-08-02|rosehill|5,2025-08-02,rosehill,5,V3,1,heavy,1200,3,3,0.5063810679920299,-0.12823611594141857,-0.0600411182162543,0.12160312261576968,slow,0.3043478260869565,0.33624577351126855,0.5059632911447538,0.38499401211007545,0.108695652173913,0.05601400922098067,0.08223986552385971,0.09811333751389167,0.4440993788819876,0.4274440219372153,0.29169032020967073,0.38313575541306083,0.1428571428571428,0.1802961953305354,0.1201065231217158,0.133756894962972,-0.8511858121586298,-0.4483988885128754,-0.23998858976460022,-0.14956690381368531,0.1319413272259844,-0.3170567021240242,-0.5244994857185987,0.22892637760321166,0.617527259327018,-0.2530751349556213,-0.3267333524213988,0.2969940151407785
2025-08-02|rosehill|7,2025-08-02,rosehill,7,V4,1,heavy,2000,4,4,0.2881327361953245,-0.10198360009571418,-0.03505770282380211,0.11644221482824835,slow,0.3064949006977993,0.3321955938182711,0.3482129981744407,0.3231821396884559,0.1129898013955985,0.06521752093425132,0.0825140439932396,0.10079949843465494,0.4358944866191243,0.38172898097042096,0.35054769067328434,0.4017557682407883,0.1446208112874779,0.22085790427705668,0.21872526715903529,0.17426259363610086,-0.890202232420903,-0.446663539937767,-0.04271859041083115,-0.05053337193585106,-1.9551305761668576,-0.4013392110032068,-0.46921402430498943,0.0398160755348802,-0.3102755033832313,-0.3550338980987043,-0.539900232787793,-0.21185678425553756
2025-08-02|rosehill|9,2025-08-02,rosehill,9,V5,1,heavy,1300,5,5,0.4732730398261156,-0.22881932085420884,-0.1635835070457251,0.13720589981135345,even,0.3043478260869565,0.3130899329060275,0.2998789841711729,0.30256028932064305,0.108695652173913,0.061624430354807726,0.10163543117719168,0.10587156377522447,0.4440993788819876,0.44516613012738165,0.42733580663008175,0.43739394998122527,0.1428571428571428,0.1801195066117832,0.17114977802155373,0.15417419692290718,0.3290609007752319,-0.4483988885128754,-0.3029647238468373,-0.3381470090654955,0.7062905719581243,-0.3170567021240242,-0.42540848047720836,0.2427417888921723,0.2158565510805073,-0.2530751349556213,-0.34600708940488417,0.20718967062722649
2025-08-09|the-valley|1,2025-08-09,the-valley,1,V0,1,soft,2040,0,0,0.0,0.0,0.0,0.0,slow,0.2721417069243156,0.3790718599354464,0.3790718599354464,0.3149137681287679,0.109098228663446,0.05928335211590507,0.05928335211590507,0.08917227804442962,0.4811939268461008,0.3447382567342758,0.3447382567342758,0.42661165880137075,0.1375661375661375,0.21690653121437264,0.21690653121437264,0.16930229502543157,-4.0,-0.759366194284839,0.10908886613169683,0.10908886613169683,-0.7869058860560236,-0.3415974954411983,-0.5564753045171968,-0.5564753045171968,-0.8390007008123525,-0.4377746096021928,-0.6086401335169268,-0.6086401335169268
2025-08-09|the-valley|3,2025-08-09,the-valley,3,V1,1,soft,1200,1,1,0.09337145209503775,-0.373485808380151,-0.07347454524318324,-0.07833871374360366,even,0.2389825495415557,0.37384768682008357,0.2914275703816263,0.25996055787758393,0.2767179335502316,0.03228253384233111,0.024833387270909297,0.17596411503850268,0.3414423740510697,0.4451681458004667,0.5851588260254548,0.4389289548408237,0.1428571428571428,0.14870163353711854,0.09858021632200963,0.12514637224308953,-0.0368171811941456,-0.1285914740362738,-0.39522225463057714,-0.8645992831394015,1.0006181596630863,-0.2059062357550077,-0.714968516824829,-0.76284021897476,-0.318585378970049,-0.1407951151589306,-0.07065503430253464,-0.09221827003073407
2025-08-09|the-valley|4,2025-08-09,the-valley,4,V2,1,soft,1000,2,2,0.295726747963755,-0.1829289169814044,0.21831343968331854,-0.11680535862952661,even,0.3221633085896076,0.3475047267454294,0.42138088235872245,0.36185033809725353,0.1053022269353128,0.07115857967088492,0.10105992450380635,0.10360530596271023,0.3878654749280412,0.16921180298676194,0.2729856464407943,0.3419135435331424,0.1846689895470383,0.41212489059692364,0.2045735466966768,0.1926308124068937,0.270666971096179,-0.2871234187343125,1.0417031090392515,0.4439399622961064,-0.5122279832723551,-0.7381716070290985,-0.6373138794477976,-0.6125438435110961,0.1989233453580632,-0.868002860868811,-1.4373732801132801,-0.7878199001625424
2025-08-09|the-valley|5,2025-08-09,the-valley,5,V3,1,soft,1000,3,3,0.45967349282655434,-0.04410186254588709,0.0015163774363141345,-0.021110468381990533,fast,0.3221633085896076,0.33715653073483304,0.47237622625196635,0.3822484756545511,0.1053022269353128,0.07504471731902591,0.13724784775596047,0.11808047526357188,0.3878654749280412,0.17362682024216938,0.2574108974776852,0.3356836439478988,0.1846689895470383,0.41417193170397165,0.13296502851438796,0.16398740513397816,0.5042269308370705,-0.2871234187343125,1.0102150419981326,0.3737179142762243,-0.7299141421315977,-0.7381716070290985,-0.5877683768271024,-0.8056560699117309,-1.1917083654692135,-0.868002860868811,-1.4470101486050226,-0.36065920620865144
2025-08-09|the-valley|6,2025-08-09,the-valley,6,V4,1,soft,1000,4,4,0.5476324447627392,0.08320761607017074,-0.16403433858326416,-0.28430760424271884,even,0.3221633085896076,0.32690539058596324,0.4322521728284528,0.3661988542851457,0.1053022269353128,0.07909201254529548,0.194373053944794,0.1409305577391053,0.3878654749280412,0.1780420622339578,0.27109841980976923,0.3411586528807324,0.1846689895470383,0.41596053463478344,0.10227635341698392,0.15171193509501654,0.4808709348629855,-0.2871234187343125,0.9787269749570142,0.31385091179369035,-0.983881327467382,-0.7381716070290985,-0.5382228742064072,-1.2047827963505218,-1.0297854950304264,-0.868002860868811,-1.4566470170967651,-0.31603285264001285
2025-08-09|the-valley|7,2025-08-09,the-valley,7,V5,1,soft,2040,5,5,0.33285102778870107,-0.47995295129086685,-0.17374463981406882,-0.24024387706085792,slow,0.2721417069243156,0.32022538951325247,0.1855726528734561,0.2375140853039718,0.109098228663446,0.07599358683181952,0.07032689304196331,0.09358969441485293,0.4811939268461008,0.38530104827530737,0.6784989646167213,0.560115941954349,0.1375661375661375,0.21847997537962066,0.06560148946785922,0.10878027832682619,-4.0,-0.759366194284839,-0.04835146907389587,-1.0087426230358434,-0.9684995520689536,-0.3415974954411983,-0.3087477914137207,-0.6910389205903641,-1.0610891216156184,-0.4377746096021928,-0.6568244759756403,-0.3332492692592792
2025-08-09|the-valley|8,2025-08-09,the-valley,8,V6,1,soft,1600,6,6,0.45528464173505956,-0.6121668141619204,-0.25681805004212127,-0.3556345844138085,slow,0.2404765109705209,0.25669474777278234,0.15422222799503318,0.2059747977803258,0.0916341364921254,0.07540780977038086,0.07218251284867222,0.08385348703474413,0.5336567121127628,0.4470798600838247,0.69267415412429,0.5972636889173737,0.1342326404245908,0.220817582373012,0.08092110503200466,0.11290802626755633,-4.0,-0.4807379021811658,-0.29377428714698595,-1.3171688365969678,-1.1129097531363754,-0.4077715194370196,-0.40141017727359374,-0.716994380699421,0.9635582278237084,-0.3960114363814577,-0.4832840910546025,-0.17095977555532338
2025-08-09|the-valley|9,2025-08-09,the-valley,9,V7,1,soft,1200,7,7,0.5517853363469236,-0.588728778764757,-0.31249009252932514,-0.19163166546369495,very_fast_or_collapse,0.2389825495415557,0.3030428789542891,0.26473365410706473,0.2492829913677593,0.2767179335502316,0.0431627363804063,0.04550356421200776,0.18423218581494205,0.3414423740510697,0.5049231205999806,0.6384971450307214,0.4602642824429304,0.1428571428571428,0.14887126406532403,0.051265636650206114,0.10622054037436812,1.49477755648196,-0.1285914740362738,-0.5841506568772883,-1.4917616518377843,0.5326041632915653,-0.2059062357550077,-0.41769550110065756,-0.6118214786390791,-0.5789151457855762,-0.1407951151589306,-0.12847624525299076,0.356097729310328
2025-08-16|caulfield|1,2025-08-16,caulfield,1,V0,1,soft,1100,0,0,0.0,0.0,0.0,0.0,fast,0.3221633085896076,0.3684562198693087,0.3684562198693087,0.3406804731014881,0.1053022269353128,0.06385699200074374,0.06385699200074374,0.08872413296148518,0.3878654749280412,0.16040770739477844,0.16040770739477844,0.2968823679147361,0.1846689895470383,0.40727908073516894,0.40727908073516894,0.27371302602229053,0.5796404964251954,-0.2871234187343125,1.1046792431214882,1.1046792431214882,0.2503264674346206,-0.7381716070290985,-0.7364048846891881,-0.7364048846891881,0.5239606328981287,-0.868002860868811,-1.4180995431297945,-1.4180995431297945
2025-08-16|caulfield|2,2025-08-16,caulfield,2,V1,1,soft,1800,1,1,0.13472475104850137,0.0780919215785142,0.03372517100598005,0.07059046582641561,slow,0.2941492216854536,0.3530823715138044,0.3984222668993719,0.3358584397710209,0.1129898013955985,0.05285277056678022,0.0636409356442602,0.09325025509506318,0.44824016563147,0.3990539262468022,0.346039550966767,0.4073599197655888,0.1446208112874779,0.19501093167261319,0.19189724648960083,0.16353138536832706,-1.3340490781242529,-0.5174798213628953,-0.13631780749036992,-0.04578165434552456,0.5162768776240615,-0.3354641634220612,-0.5854613280193499,-0.3301287793671307,0.4186494369165095,-0.2379821577492309,-0.32981172166830774,-0.07721371964176706
2025-08-16|caulfield|3,2025-08-16,caulfield,3,V2,1,soft,1400,2,2,0.33775582452806724,-0.12955744702011485,0.12976178901260405,0.15906745752640084,slow,0.465378421900161,0.42103175590380515,0.5037004820770061,0.4807072459708991,0.0789049919484702,0.06095380651107011,0.07350768594610657,0.07674606954752475,0.3578329882677709,0.3453807566399365,0.27225080479771085,0.3236001148797469,0.0978835978835978,0.17263368094518833,0.15054102717917642,0.11894656960182924,-1.6402388923635474,-0.4108814230947298,0.07865534738506363,0.09690348236834728,-0.1860664164073497,-0.3897435248948804,-0.6385505000068042,0.14324951607446124,1.606514354389705,-0.451314449583344,-0.6718998554675469,-0.12528138012327622
2025-08-16|caulfield|4,2025-08-16,caulfield,4,V3,1,soft,1400,3,3,0.4807897541148517,-0.5106571194288523,0.03667272173232044,0.5212271438860858,even,0.465378421900161,0.4082245437456591,0.5098053567155335,0.48314919582631,0.0789049919484702,0.06424022982777926,0.06415471176326452,0.07300487987438792,0.3578329882677709,0.35415852009417403,0.3043923813499579,0.3364567455006457,0.0978835978835978,0.17337670633238766,0.12164755017124412,0.10738917879865632,0.4828740664434706,-0.4108814230947298,0.04716728034394513,-0.09497521777419204,3.395712099433905,-0.3897435248948804,-0.589004997386109,0.6563221631564509,0.1716885569576792,-0.451314449583344,-0.6815367239592897,0.18815719963837302
2025-08-16|caulfield|5,2025-08-16,caulfield,5,V4,1,soft,1100,4,4,0.48890339788623277,-0.1252555158887562,0.5681814988830065,0.3358707613148583,slow,0.3003344481605351,0.3467506501564541,0.49527517012492417,0.3783107369462907,0.1198996655518394,0.06101641711203487,0.08696253895274658,0.10672481491220226,0.4347109412326804,0.39586543619968245,0.3029164100964273,0.38199312877817915,0.145054945054945,0.19636749653182858,0.11484588082590202,0.13297131936332782,-0.5058680696074501,-0.4066520447001965,-0.0949819416340989,-0.031126562224130405,-1.0430269476442031,-0.3465394484034323,-0.49532806841769333,0.8689961848161029,1.1434499999710537,-0.3971876297650205,-0.5265275628547056,0.7299351737625328
2025-08-16|caulfield|6,2025-08-16,caulfield,6,V5,1,soft,1100,5,5,0.5650283691968635,-0.19905844096331665,0.17705472945026005,0.48744171515954765,even,0.3003344481605351,0.3349809198556861,0.4308536055438989,0.3525421111138806,0.1198996655518394,0.06407247258215645,0.1130019792610478,0.11714059103552275,0.4347109412326804,0.4044507728657307,0.2836603547018184,0.3742907066203356,0.145054945054945,0.1964958346964268,0.17248406049323486,0.15602659123026097,-0.3267064616214779,-0.4066520447001965,-0.1264700086752174,0.09856232940873305,-0.5284669868063949,-0.3465394484034323,-0.44578256579699804,0.9195277311112325,0.4834332911270066,-0.3971876297650205,-0.5361644313464483,0.5675510562018931
2025-08-16|caulfield|7,2025-08-16,caulfield,7,V6,1,soft,1200,6,6,0.5995360168431852,-0.2236831224517651,0.12287130001476752,0.4464397768240269,even,0.2389825495415557,0.3143904294700269,0.40542718416868806,0.30556040339240864,0.2767179335502316,0.04119573052741761,0.08137126437225828,0.19857926587904226,0.3414423740510697,0.49530782919496513,0.3899325769794583,0.3608384552224252,0.1428571428571428,0.14910601080759048,0.12326897447959524,0.13502187550612377,-0.3721328328146663,-0.1285914740362738,-0.5526625898361697,-0.34469062703554454,0.2909567982055897,-0.2059062357550077,-0.4672410037213528,0.8253430085954155,0.4630832079988553,-0.1407951151589306,-0.11883937676124809,1.0494244559323285
2025-08-16|caulfield|8,2025-08-16,caulfield,8,V7,1,soft,1400,7,7,0.6101764084141008,-0.25773141552036793,0.3015257125098215,0.416708002846431,slow,0.332963620230701,0.29421806781707827,0.3679383696184387,0.34695351998579604,0.1123558118899733,0.0618064560352684,0.1215562021102783,0.11603596797809532,0.4118234250221828,0.48108647958865175,0.3767273127280033,0.397784980104511,0.1428571428571428,0.1628889965590016,0.13377811554327976,0.1392255319315976,-2.5906576898078413,-0.4029772913617932,-0.45822272150835,-0.24954083829368762,-1.860664164073365,-0.290059299394682,-0.33003104209880507,1.128782970633794,2.7470169113228557,-0.1335158646236051,-0.230529959244545,0.9823032265146018
2025-08-16|caulfield|9,2025-08-16,caulfield,9,V8,1,soft,1600,8,8,0.5752401580463518,-0.5958597152720925,-0.07353231684833655,0.7003096052425106,slow,0.2404765109705209,0.23707436910412577,0.26224729040643696,0.24918482274488732,0.0916341364921254,0.08228637630534194,0.10534274730920157,0.09711758081895587,0.5336567121127628,0.4618312585937221,0.3559701339484381,0.4625820808470329,0.1342326404245908,0.21880799599681022,0.2764398283359235,0.19111551558912387,-0.7013185345251957,-0.4807379021811658,-0.356750421229223,-0.2541574788426918,0.1665409282658293,-0.4077715194370196,-0.30231917203220326,1.2982336997553174,0.976848686138518,-0.3960114363814577,-0.5025578280380879,0.27043322970827804
2025-08-16|rosehill|2,2025-08-16,rosehill,2,V0,1,heavy,1300,0,0,0.0,0.0,0.0,0.0,very_fast_or_collapse,0.3043478260869565,0.3721800016187545,0.3721800016187545,0.3314806962996757,0.108695652173913,0.04827551029516285,0.04827551029516285,0.08452759542241294,0.4440993788819876,0.3999719645098794,0.3999719645098794,0.4264484131331443,0.1428571428571428,0.17957252357620343,0.17957252357620343,0.15754329514476706,1.3347065822446964,-0.4483988885128754,-0.14552438864124462,-0.14552438864124462,0.7051494303618964,-0.3170567021240242,-0.6731359935806844,-0.6731359935806844,0.0179068343223837,-0.2530751349556213,-0.29782274694617067,-0.29782274694617067
2025-08-16|rosehill|3,2025-08-16,rosehill,3,V1,1,heavy,1300,1,1,0.3333333333333333,0.44490219408156545,0.2350498101206321,0.005968944774127899,fast,0.3043478260869565,0.36005956196527383,0.5504015567384597,0.4027693183475578,0.108695652173913,0.0507656771431288,0.0900472251069377,0.10123628134712287,0.4440993788819876,0.40922877638036,0.18868172870387231,0.3419323188107415,0.1428571428571428,0.17994598451123744,0.17086948945073024,0.15406208149457779,0.738727974664845,-0.4483988885128754,-0.17701245568236315,0.3633415072829506,1.205907721488464,-0.3170567021240242,-0.6235904909599893,0.04809507279142228,0.6028634221870347,-0.2530751349556213,-0.3074596154379134,0.2820737760178408
2025-08-16|rosehill|4,2025-08-16,rosehill,4,V2,1,heavy,1400,2,2,0.4371782109998217,0.4415370607961213,0.4275611880498706,0.1471705065615693,even,0.2841514726507714,0.34110432471554397,0.5336672102514768,0.38395776769105355,0.1070126227208976,0.060644258562598904,0.1076514567408388,0.10726815632887407,0.4355640152274093,0.31546454783202194,0.11011431653586755,0.3053841357507926,0.1732718894009216,0.2827868688898352,0.24856701647181684,0.2033899402292797,0.4170746560484787,-0.2312607995714418,0.2525432895679404,0.9323394168082608,1.0580045602155757,-0.5252408384941846,-0.662580658585969,0.47334735955815355,0.4451711812411561,-0.4851382706336953,-0.7059979638830651,0.1858511618424123
2025-08-16|rosehill|7,2025-08-16,rosehill,7,V3,1,heavy,1400,3,3,0.44490532122838244,0.33453394051256446,0.4506098597839278,0.17078804041231155,even,0.2841514726507714,0.33002597319219235,0.4714845305440289,0.3590846958080744,0.1070126227208976,0.06377824732815186,0.11690000346871798,0.11096757502002574,0.4355640152274093,0.3227949659996074,0.13277509328301612,0.31444844644965203,0.1732718894009216,0.2834008134800484,0.27884037270423695,0.21549928272224778,0.3162886804945044,-0.2312607995714418,0.2210552225268218,0.8273696732153297,-0.0825976997123295,-0.5252408384941846,-0.6130351559652738,0.6081328420244245,0.8426584501825707,-0.4851382706336953,-0.7156348323748078,0.17609242979711737
2025-08-16|rosehill|8,2025-08-16,rosehill,8,V4,1,heavy,1400,4,4,0.5390567504154977,0.3049274010349825,0.2935053520558436,0.3126669843496848,even,0.2841514726507714,0.31908615941963075,0.47421191720473405,0.36017565047235645,0.1070126227208976,0.06702771611898359,0.1343224588820235,0.11793655718534796,0.4355640152274093,0.33006684220796817,0.11876692403444356,0.308845178750223,0.1732718894009216,0.2838192822534174,0.27269869987879886,0.21304261359207252,0.3288869274387509,-0.2312607995714418,0.1895671554857034,0.9210035620704442,0.2738405065151392,-0.5252408384941846,-0.5634896533445786,0.7826472199535837,0.4924910942103726,-0.4851382706336953,-0.7252717008665505,0.29691770946215623
2025-08-16|rosehill|10,2025-08-16,rosehill,10,V5,1,heavy,1200,5,5,0.4894434049064587,0.25764840729016997,0.24169323322139882,0.2612242731890966,slow,0.3043478260869565,0.3130899329060275,0.44201361915170867,0.35941414331285737,0.108695652173913,0.061624430354807726,0.13055994531801401,0.11744136943155341,0.4440993788819876,0.44516613012738165,0.21942180389292126,0.35422834888636107,0.1428571428571428,0.1801195066117832,0.20800463163735594,0.16891613836922806,-0.760140379727595,-0.4483988885128754,-0.3029647238468373,0.29648004775015807,-0.8993210126354604,-0.3170567021240242,-0.42540848047720836,0.7670504437687136,1.5698324755959532,-0.2530751349556213,-0.34600708940488417,0.5349204140797271
2025-08-23|randwick|1,2025-08-23,randwick,1,V0,1,heavy,1200,0,0,0.0,0.0,0.0,0.0,slow,0.3043478260869565,0.3721800016187545,0.3721800016187545,0.3314806962996757,0.108695652173913,0.04827551029516285,0.04827551029516285,0.08452759542241294,0.4440993788819876,0.3999719645098794,0.3999719645098794,0.4264484131331443,0.1428571428571428,0.17957252357620343,0.17957252357620343,0.15754329514476706,-0.5315027839351134,-0.4483988885128754,-0.14552438864124462,-0.14552438864124462,2.4254944788500263,-0.3170567021240242,-0.6731359935806844,-0.6731359935806844,0.2085397693647193,-0.2530751349556213,-0.29782274694617067,-0.29782274694617067
2025-08-23|randwick|4,2025-08-23,randwick,4,V1,1,heavy,1200,1,1,0.24357289886020325,-0.12945967383534385,0.5907847213829188,0.05079463615180289,even,0.3043478260869565,0.36005956196527383,0.3993793633209349,0.34236044098054785,0.108695652173913,0.0507656771431288,0.0617935557775232,0.08993481361535707,0.4440993788819876,0.40922877638036,0.3953952630853341,0.4246177325633262,0.1428571428571428,0.17994598451123744,0.14343181781620792,0.14308701284076886,-0.4510270820230609,-0.4483988885128754,-0.17701245568236315,-0.30934607484799403,1.9467132420724136,-0.3170567021240242,-0.6235904909599893,0.21598413074024664,0.741370539862214,-0.2530751349556213,-0.3074596154379134,0.3348741433500409
2025-08-23|randwick|5,2025-08-23,randwick,5,V2,1,heavy,2000,2,2,0.16853458714361408,-0.08075759587861255,0.3563120131545713,0.0935369309785933,even,0.3064949006977993,0.3554665506847984,0.3543177853399042,0.3256240545546413,0.1129898013955985,0.05906431460796968,0.0697978263603449,0.09571301138149706,0.4358944866191243,0.3651988556443509,0.367597469867703,0.40857567991855576,0.1446208112874779,0.22027027906288119,0.2082869184320479,0.1700872541453059,-0.450683730473603,-0.446663539937767,0.020257543671405975,-0.05178555157736847,1.0709514650886864,-0.4013392110032068,-0.5683050295463798,0.018373890889800626,0.5144018252126146,-0.3550338980987043,-0.5206264958043075,-0.08492685125620916
2025-08-23|randwick|6,2025-08-23,randwick,6,V3,1,heavy,1200,3,3,0.43633028173092653,-0.20696199713382113,0.8449774617871029,0.23914773801081798,even,0.3043478260869565,0.33624577351126855,0.37738776239126526,0.33356380060867996,0.108695652173913,0.05601400922098067,0.08771159017109288,0.10030202737278496,0.4440993788819876,0.4274440219372153,0.4028393509164335,0.42759536769576595,0.1428571428571428,0.1802961953305354,0.13206129652120827,0.138538804322769,-0.3884348694247974,-0.4483988885128754,-0.23998858976460022,-0.3684396122909421,2.578297001225857,-0.3170567021240242,-0.5244994857185987,0.8774328232200418,0.0428423956124533,-0.2530751349556213,-0.3267333524213988,0.8706490449109201
2025-08-23|randwick|8,2025-08-23,randwick,8,V4,1,heavy,1400,4,4,0.4281349282683964,-0.18753234074108677,0.9080179825421862,0.1469902876122967,even,0.2841514726507714,0.31908615941963075,0.3581635071481132,0.3137562864497081,0.1070126227208976,0.06702771611898359,0.10694552858676057,0.10698578506724278,0.4355640152274093,0.33006684220796817,0.3254729846310471,0.39152760298886446,0.1732718894009216,0.2838192822534174,0.2094179796340791,0.1877303254941846,0.4159675456266501,-0.2312607995714418,0.1895671554857034,0.050707517901294574,0.6252292187444003,-0.5252408384941846,-0.5634896533445786,0.8102774740679387,1.0178832750527629,-0.4851382706336953,-0.7252717008665505,0.4243041616880763
2025-08-23|randwick|9,2025-08-23,randwick,9,V5,1,heavy,1200,5,5,0.5366514656484083,-0.09287407264401264,0.9252995942715219,0.29045459497116594,slow,0.3043478260869565,0.3130899329060275,0.3871497288051174,0.33746858717422085,0.108695652173913,0.061624430354807726,0.12713858424336297,0.11607282500169298,0.4440993788819876,0.44516613012738165,0.36108446561274604,0.410893413574291,0.1428571428571428,0.1801195066117832,0.1246272213387736,0.1355651742497951,-0.5538571455773522,-0.4483988885128754,-0.3029647238468373,-0.2517180372555263,2.2115709475238607,-0.3170567021240242,-0.42540848047720836,1.1342184301481,0.7088808587343177,-0.2530751349556213,-0.34600708940488417,1.0701934158879602
2025-08-23|the-valley|1,2025-08-23,the-valley,1,V0,1,soft,1200,0,0,0.0,0.0,0.0,0.0,slow,0.2389825495415557,0.38619179675992416,0.38619179675992416,0.2978662484289031,0.2767179335502316,0.030679901914722918,0.030679901914722918,0.1783027208960281,0.3414423740510697,0.434827626366648,0.434827626366648,0.37879647497730107,0.1428571428571428,0.148300674958705,0.148300674958705,0.1450345556977677,-1.5198425631126422,-0.1285914740362738,-0.3637341875894586,-0.3637341875894586,-2.004865636789064,-0.2059062357550077,-0.7645140194455242,-0.7645140194455242,2.558545542110653,-0.1407951151589306,-0.06101816581079191,-0.06101816581079191
2025-08-23|the-valley|2,2025-08-23,the-valley,2,V1,1,soft,2500,1,1,0.054176238376217954,-0.08233935299351258,-0.10861607865097232,0.13861237318579653,slow,0.2870452528837622,0.33147113100424014,0.322124879941922,0.3010771037070261,0.1123558118899733,0.06551656019602282,0.06393488642421864,0.09298744170367144,0.4577417923691216,0.3293606211011308,0.35763050165679766,0.417697276084192,0.1428571428571428,0.2736516876986063,0.2563097319770615,0.18823817850511027,-4.0,-0.7578058382443047,0.1452605083962914,0.05429394273484367,0.2742434956113662,-0.456623435649104,-0.463685709714869,-0.4103804586398874,1.105415411364416,-0.2647788479363372,-0.5517353859201554,-0.41534459093590637
2025-08-23|the-valley|4,2025-08-23,the-valley,4,V2,1,good,2040,2,0,0.0,0.0,0.0,0.0,even,0.1766960722537282,0.265120746393508,0.265120746393508,0.21206594190964012,0.0792375551354757,0.06333287908186645,0.06333287908186645,0.072875684714032,0.5993113691601404,0.4617671851941171,0.4617671851941171,0.5442936955737311,0.1447550034506556,0.2097791893305085,0.2097791893305085,0.17076467780259674,-0.0985457278456035,-0.9279300793835124,-0.36099576210048834,-0.36099576210048834,-0.8805851582055542,-0.2756564620601618,-0.4435037488016166,-0.4435037488016166,-0.5699185487050322,-0.3034484674780613,-0.3256580107429577,-0.3256580107429577
2025-08-23|the-valley|5,2025-08-23,the-valley,5,V3,1,good,1200,3,1,0.10976466535811452,-0.010816838839444497,-0.09665713520975498,-0.06255691877999016,even,0.2938808373590982,0.38487608230814163,0.4006074471839584,0.3365714812890423,0.1871980676328502,0.038419035622734875,0.04256634980596822,0.12934538050209743,0.3641016793190706,0.4487230238605896,0.4377090776901043,0.3935446386674841,0.1548194156889809,0.12798185820853386,0.1191171253199689,0.1405384995413761,0.0236663424377789,-0.2454864662822626,-0.3876116825548471,-0.4237670818044341,-0.1430737974647336,-0.1527375898595598,-0.5873938615491607,-0.5755980558009728,-1.2493408385759746,-0.2187451308938946,-0.17992731011108815,-0.16104352000278205
2025-08-23|the-valley|6,2025-08-23,the-valley,6,V4,1,good,1600,4,2,0.3137999229209082,-0.009395566027723465,-0.14641239645807608,-0.29852296569445635,slow,0.2552513866523528,0.19400723526739905,0.24222729188347647,0.2500417487448023,0.0911612095186974,0.07436105649865482,0.10913255213293759,0.09834974656439348,0.5634051580911484,0.4921556318907114,0.4605402535634714,0.5222591962800776,0.0901822457378012,0.23947607634323473,0.1880999024201145,0.12934930841072653,-1.6129126857048828,-0.697425685485157,-0.5925937873444871,-0.6703746556890411,-1.0062075264323027,-0.5149183868520831,-0.35899594560025616,-0.32080998506028957,-0.1209431706647709,0.0740981288228761,-0.0171823862919079,0.04974510271687829
2025-08-23|the-valley|7,2025-08-23,the-valley,7,V5,1,good,1000,5,3,0.35267795541426455,-0.1913941793289086,-0.18265710811506766,-0.27915005351595035,even,0.2831287705429581,0.2787994898985004,0.323465248695729,0.29926336180406643,0.1333628042438111,0.05087281333160462,0.0667004740019627,0.10669787214707174,0.4267073315700317,0.5102045384390321,0.4684337881705456,0.4433979142102372,0.1568010936431988,0.1601231583308628,0.14140048913176265,0.15064085183862436,0.1454783991027948,-0.4916176381519688,-0.5994913641645787,-0.7351584459845752,-2.403639797407508,-0.2463464208290638,-0.361747041121809,-0.155729524024019,-2.355001634782718,0.0725851331012115,0.04401769868182201,-0.028734651014167154
2025-08-23|the-valley|9,2025-08-23,the-valley,9,V6,1,good,1200,6,4,0.4534736830749938,-0.13354707296905358,-0.5432658518480211,-0.6146352968520125,slow,0.2938808373590982,0.3475996762945378,0.32527241993127126,0.3064374703879674,0.1871980676328502,0.04456263717216293,0.07896164831452153,0.14390349990551873,0.3641016793190706,0.47938306696705113,0.5083381219497628,0.4217962563713475,0.1548194156889809,0.12845461956624807,0.0874278098044445,0.12786277333516632,-1.6566439706442666,-0.2454864662822626,-0.48207588367820275,-0.703226810619124,-0.8686623417501664,-0.1527375898595598,-0.438757353687075,-0.8031460429605749,-0.0306586708853047,-0.2187451308938946,-0.20883791558631637,-0.4319959460804111
2025-08-30|caulfield|1,2025-08-30,caulfield,1,V0,1,soft,1800,0,0,0.0,0.0,0.0,0.0,slow,0.2941492216854536,0.36501844460596206,0.36501844460596206,0.32249691085365695,0.1129898013955985,0.050267181925496354,0.050267181925496354,0.08790075360755764,0.44824016563147,0.3900812402919709,0.3900812402919709,0.42497659549567035,0.1446208112874779,0.19463313317657074,0.19463313317657074,0.16462574004311503,-1.2404883303190557,-0.5174798213628953,-0.10482974044925142,-0.10482974044925142,0.9832937577911978,-0.3354641634220612,-0.6350068306400452,-0.6350068306400452,0.5408079062470004,-0.2379821577492309,-0.320174853176565,-0.320174853176565
2025-08-30|caulfield|2,2025-08-30,caulfield,2,V1,1,soft,1400,1,1,0.20427055865291668,-0.25339524423669735,0.2008579652239337,0.11047113313298895,very_fast_or_collapse,0.465378421900161,0.43389769922436994,0.4390326181158787,0.45484010038644807,0.0789049919484702,0.05778981859014496,0.05742600072320481,0.07031339545836404,0.3578329882677709,0.336554445876744,0.38176239129931006,0.3674047494803866,0.0978835978835978,0.17175803630874104,0.12177898986160623,0.10744175467480117,2.1537716296923226,-0.4108814230947298,0.11014341442618208,-0.1871303213173692,1.110925956784974,-0.3897435248948804,-0.6880960026274994,-0.22379324000011505,-0.042155672467289,-0.451314449583344,-0.6622629869758042,-0.2018255869524619
2025-08-30|caulfield|3,2025-08-30,caulfield,3,V2,1,soft,1400,2,2,0.41671270210374034,0.4729871161608409,0.4469741190087296,0.05534389863115812,fast,0.465378421900161,0.42103175590380515,0.5959291425453566,0.5175987101582392,0.0789049919484702,0.06095380651107011,0.12170418109735588,0.09602466760802447,0.3578329882677709,0.3453807566399365,0.19699448616927961,0.2934975874283744,0.0978835978835978,0.17263368094518833,0.08537219018800794,0.09287903480536186,0.6208380854273255,-0.4108814230947298,0.07865534738506363,0.3020525312675541,1.7192901712148485,-0.3897435248948804,-0.6385505000068042,-0.11244439372979748,1.6229933899905695,-0.451314449583344,-0.6718998554675469,0.5096646237749856
2025-08-30|caulfield|4,2025-08-30,caulfield,4,V3,1,soft,2000,3,3,0.3700916581488316,0.08506064356693033,0.46153724359884046,0.269117624578501,even,0.2721417069243156,0.34334573839357363,0.47332599791422836,0.35261542332028073,0.109098228663446,0.06896184185338215,0.10200552953246993,0.10626114901105557,0.4811939268461008,0.36935628388523467,0.2883941607310997,0.4040740204001003,0.1375661375661375,0.21833613586780953,0.13627431182220184,0.13704940726856324,0.2069460284757715,-0.759366194284839,0.014624665008341253,0.01460212463293259,1.1409296428957314,-0.3415974954411983,-0.40783879665511114,0.42647372521877147,2.6716841771475512,-0.4377746096021928,-0.6375507389921549,0.41117313633116437
2025-08-30|caulfield|6,2025-08-30,caulfield,6,V4,1,soft,1200,4,4,0.3969919461477258,0.3114896350252465,0.5278247138650329,0.4458705627364629,very_fast_or_collapse,0.3003344481605351,0.3299676655867932,0.5141741596157564,0.3858703327426236,0.1198996655518394,0.05029999964543661,0.09050803499651289,0.10814301332970878,0.4347109412326804,0.47575983722855547,0.2791411340138015,0.37248301834512887,0.145054945054945,0.14397249753921465,0.1161766713739292,0.1335036355825387,1.9837963514017516,-0.404863588288892,-0.44343794914739904,-0.14946960778942092,2.4526936708240084,-0.2210497523440556,-0.4937966182477306,0.5567062726741066,-0.0444719182072495,-0.2001048887729309,-0.18808315850205026,1.0636259893395803
2025-08-30|caulfield|7,2025-08-30,caulfield,7,V5,1,soft,1100,5,5,0.4705417794210349,0.637919071881902,0.8772947670466417,0.26683173336519617,very_fast_or_collapse,0.3003344481605351,0.3349809198556861,0.4692319913668121,0.3678934654430459,0.1198996655518394,0.06407247258215645,0.1819577361642103,0.14472289379678777,0.4347109412326804,0.4044507728657307,0.22345515349278217,0.3502086261367211,0.145054945054945,0.1964958346964268,0.1253551189761954,0.13717501462344517,1.3202327324837004,-0.4066520447001965,-0.1264700086752174,0.30261953832584715,1.9976407174285573,-0.3465394484034323,-0.44578256579699804,0.6072607124271288,0.2478414032304923,-0.3971876297650205,-0.5361644313464483,1.1967573654714783
2025-08-30|caulfield|8,2025-08-30,caulfield,8,V6,1,soft,1200,6,6,0.5652538762471138,0.7597931427352604,1.0783894381056776,0.26180101345209533,very_fast_or_collapse,0.3003344481605351,0.3066618738470825,0.48751014740121307,0.37520472785680625,0.1198996655518394,0.05523322127477382,0.2049759768158588,0.15393019005744715,0.4347109412326804,0.4945460926513061,0.21193318794055999,0.34559983991583226,0.145054945054945,0.14355881222683758,0.09558068784236813,0.12526524216991425,1.884606533831669,-0.404863588288892,-0.5064140832296361,0.14258608588528138,1.7782029113473914,-0.2210497523440556,-0.3947056130063401,0.9126167682740925,0.5040150730154754,-0.2001048887729309,-0.20735689548553565,1.767695412331664
2025-08-30|caulfield|9,2025-08-30,caulfield,9,V7,1,soft,1400,7,7,0.5828048341128703,0.8033451310840128,1.0296530638000547,0.3477703443460575,very_fast_or_collapse,0.3043478260869565,0.2906882031620636,0.44192982454224833,0.35938062546907323,0.108695652173913,0.0676013254875374,0.25894536765989173,0.1687955383683045,0.4440993788819876,0.4622862915718282,0.19100130850625893,0.3428601507316961,0.1428571428571428,0.17942417977857064,0.10812349929160091,0.12896368543092604,1.9008375948885996,-0.4483988885128754,-0.3659408579290744,0.32695801819399545,2.446682166728813,-0.3170567021240242,-0.3263174752358179,0.9621895388459997,1.4332928638877735,-0.2530751349556213,-0.3652808263883696,1.7089685579202516
2025-08-30|caulfield|10,2025-08-30,caulfield,10,V8,1,soft,1400,8,8,0.6250242081493562,0.9594893098962973,1.2317275255072062,0.5298110136161405,slow,0.465378421900161,0.3456598417063611,0.5365648133223565,0.4938529784690392,0.0789049919484702,0.08254045810607959,0.28300383405588636,0.16054452879143666,0.3578329882677709,0.3967564553650125,0.0976129420901846,0.2537449697967364,0.0978835978835978,0.17504324482254682,0.0828184105315726,0.0918575229427877,-1.6479035600848762,-0.4108814230947298,-0.11027305486164751,0.8461263842173443,2.393780930691425,-0.3897435248948804,-0.3412774842826328,1.2618612232099458,1.8899793156167204,-0.451314449583344,-0.7297210664180032,1.6605010290767284
2025-08-30|rosehill|2,2025-08-30,rosehill,2,V0,1,soft,1400,0,0,0.0,0.0,0.0,0.0,very_fast_or_collapse,0.4139329680495268,0.3521340861402389,0.3521340861402389,0.3892134152858116,0.1118266562299864,0.047852368380485066,0.047852368380485066,0.08623694109018587,0.2722296205182422,0.2139712804265451,0.2139712804265451,0.24892628448156334,0.2020107552022445,0.386042265052731,0.386042265052731,0.2756233591424391,1.0398399208597606,-0.0404545666943978,0.6481124167893049,0.6481124167893049,-1.86964105258422,-0.7325348677273784,-0.7590364259014143,-0.7590364259014143,-1.2970976143780684,-0.1456456421002815,-0.6760179997939607,-0.6760179997939607
2025-08-30|rosehill|5,2025-08-30,rosehill,5,V1,1,soft,2000,1,1,0.11373476225347545,0.11826594618065761,-0.21264318061500387,-0.14752508879083978,even,0.3003344481605351,0.3677356321840814,0.4112666262499088,0.3447073193962846,0.1122073578595317,0.046857327957723474,0.05757591549009393,0.0903547809117566,0.4347109412326804,0.4130343859503247,0.3566357574319222,0.4034808677123771,0.1527472527472527,0.17237265390787043,0.17452170082807494,0.1614570319795816,-0.462291419416542,-0.2866705153702255,-0.1877447535306872,-0.08617101303811225,-1.0977006477756377,-0.3110882821298076,-0.6962835407621326,-0.8199121702451911,-0.7658280498223702,-0.2910897069408998,-0.29863075149516294,-0.4095035748413109
2025-08-30|rosehill|10,2025-08-30,rosehill,10,V2,1,soft,1200,2,2,0.14220282485273372,0.06520516947171803,-0.22338799019045236,-0.15521492714539775,very_fast_or_collapse,0.2556221889055472,0.28765682601314574,0.3047013748852623,0.27525386329743323,0.0888305847076461,0.0701658285535743,0.08427702437326644,0.08700916057389424,0.497911758406511,0.3357856083967853,0.286178016488927,0.4132182616394774,0.1576354679802955,0.30639173703649464,0.32484358425254434,0.22451871448919503,0.9918981757008652,-0.6020308462384194,0.12368576736133413,0.21173853299678064,0.8164888141032455,-0.527414560044455,-0.5083651064850632,-0.5565584876626175,0.4817791139118531,-0.3309324487931435,-0.587276289918535,-0.740334014474659
2025-09-06|randwick|1,2025-09-06,randwick,1,V0,2,good,1400,0,0,0.0,0.0,0.0,0.0,slow,0.3061810448965312,0.32393294895962427,0.32393294895962427,0.3132818065217684,0.105854862031701,0.06974561611841018,0.06974561611841018,0.09141116366638467,0.3753259538304232,0.40732645528089184,0.40732645528089184,0.3881261544106107,0.2126381392413445,0.19899497964107374,0.19899497964107374,0.2071808754012362,-1.431062405027079,0.0726063820991144,0.03881222744085283,0.03881222744085283,-1.080810494101051,-0.3938607288582862,-0.4996296711404846,-0.4996296711404846,-0.2275390513896884,-0.13683827208799,-0.053149711977169695,-0.053149711977169695
2025-09-06|randwick|2,2025-09-06,randwick,2,V1,2,good,1200,1,1,0.2637669986665615,-0.3774670354785439,-0.2850821401563576,-0.06001729266449461,even,0.3771315857859976,0.2572112540036978,0.2566602129092962,0.32894303663531704,0.0586395341564884,0.04128766346854529,0.0450385582519695,0.05319914379468084,0.2894255816266373,0.46323918157172306,0.5675938253072116,0.40069287909886697,0.2748032984308766,0.2382619009560337,0.13070740353152266,0.21716494047113502,-0.0598660437405285,0.1104736434623439,0.294627761273772,0.009127715874833797,-1.389450964521778,-0.161681142564169,-0.35166494211373334,-0.4965001609402194,-1.3992095542333678,0.0028292668157483,-0.08615481088349472,0.016197767561320492
2025-09-06|randwick|6,2025-09-06,randwick,6,V2,2,good,1200,2,2,0.30917750873041666,-0.1836975293049568,-0.39240500960361036,-0.29145274849349706,even,0.4121690096601846,0.25937820462941696,0.26153893328591155,0.35191697911047537,0.0609361103824117,0.044360796971254966,0.056020654373370844,0.058969927978795356,0.2719925129019687,0.4327772596335481,0.5066351806200953,0.3658495799892193,0.2549023670554349,0.26348373876578,0.1758052317206223,0.22326351292150987,0.1157410178983476,0.1104736434623439,0.32476096510239794,0.2834146741759729,-0.8498583569405074,-0.161681142564169,-0.26106042179459876,-0.6768717200200259,-0.4807540519673628,0.0028292668157483,-0.1704158245135605,-0.3096537282051507
2025-09-06|randwick|8,2025-09-06,randwick,8,V3,2,good,1000,3,3,0.34339338141201925,-0.06454152681927262,-0.3534375488175676,-0.23294559024026434,even,0.3474450144176034,0.30186034669640127,0.3167025842196958,0.33514804233844037,0.1024639169300438,0.062768677604332,0.0781063217318094,0.09272087885075003,0.3415459594891614,0.4573578152122527,0.47493705124986835,0.39490239619344414,0.2085451091631912,0.17801316048701396,0.1302540427986266,0.17722868261736535,0.4980778785804661,-0.4141422729191205,-0.35553630218336035,-0.2350398898131492,0.774447850255561,-0.2411914696787404,-0.2618250494571923,-0.61956710126385,1.0597851994428842,-0.0931597960977069,-0.3059639619468911,-0.34863496449615217
2025-09-06|randwick|9,2025-09-06,randwick,9,V4,2,good,1400,4,4,0.43264032598673874,-0.03007062079259587,-0.1846122523195041,-0.022681388593364937,slow,0.2968698434757268,0.3195215527885773,0.4170403874389726,0.3449380610610251,0.0948297082974775,0.06377987817960935,0.07927646651596723,0.0886084115848734,0.2851157578488268,0.3578568382870761,0.3359977685158198,0.305468562115624,0.3231846903779688,0.2588417307447372,0.1676853775292404,0.2609849652384774,-0.7958277214988471,0.0726063820991144,0.19025594251817812,0.40447979749104135,-1.023925731253627,-0.3938607288582862,-0.16228694870243132,-0.2546498015119434,-0.1869070779272455,-0.13683827208799,-0.3704202943176579,0.006287224789841728
2025-09-06|randwick|10,2025-09-06,randwick,10,V5,2,good,1200,5,5,0.5384759482539053,-0.10697094658189761,-0.3042364467096845,-0.04396454122993623,even,0.4098928404021673,0.26673370506532706,0.32728162387921444,0.3768483537929861,0.0842928544855265,0.05629787768126986,0.08692333177134351,0.0853450453998533,0.2881463601731103,0.41839687050101304,0.39464587665257433,0.3307461667648959,0.2176679449391959,0.2585715467523901,0.19114916769686774,0.20706043404226462,0.0518839045751209,0.1104736434623439,0.10759554948850808,0.40334578429848555,-0.0674490759476552,-0.161681142564169,-0.09624664083715515,-0.23120308993762295,-1.4279112886791747,0.0028292668157483,-0.35760071356958334,0.1504975733098027
2025-09-06|the-valley|1,2025-09-06,the-valley,1,V0,2,good,1600,0,0,0.0,0.0,0.0,0.0,slow,0.2015430030594646,0.1634691336590149,0.1634691336590149,0.18631345529928472,0.0712816985379972,0.07738131406350453,0.07738131406350453,0.07372154474820014,0.6401774994510898,0.5503321557426853,0.5503321557426853,0.604239361967728,0.0869977989514481,0.20881739653479534,0.20881739653479534,0.13572563798478698,-1.2870717390978332,-0.635334453832482,-0.609773619438902,-0.609773619438902,-1.6143549325177549,-0.4126052375048022,-0.4734104072859139,-0.4734104072859139,0.5209859659405436,0.031689046116367,-0.12606359070896275,-0.12606359070896275
2025-09-06|the-valley|2,2025-09-06,the-valley,2,V1,2,good,1600,1,1,0.3333333333333333,-0.42902391303261106,-0.5381183108392515,0.17366198864684784,slow,0.2014076412452377,0.16561695826428294,0.15295969548048277,0.18202846293933572,0.0754865595767369,0.08006230311485345,0.08290258618956678,0.07845297022186885,0.6328021498491991,0.5449334481938354,0.6869013698930494,0.6544418378667393,0.0903036493288262,0.20938729042702817,0.07723634843690115,0.08507672897205618,-1.4956099449263498,-0.635334453832482,-0.649025603060021,-0.9953818942305861,0.2322017368689929,-0.4126052375048022,-0.41179697750829614,-0.6767882389205717,1.0047586485996207,0.031689046116367,-0.19423503271202616,0.2318400609279507
2025-09-06|the-valley|3,2025-09-06,the-valley,3,V2,2,good,1600,2,2,0.47852435688904016,-0.6702689737206649,-0.2910409925190653,0.37544230970449227,slow,0.2120022011083749,0.17007727981987614,0.18895623032170117,0.2027838127937054,0.078120065013197,0.08204086116011067,0.08560087654976942,0.08111238962782596,0.613084404868874,0.5375539680307246,0.6668260118508871,0.6345810476616792,0.096793329009554,0.2103278909892885,0.058616881277642266,0.0815227499167893,-0.7461757677301412,-0.635334453832482,-0.6714904976688927,-1.155595076464227,-0.0884578045215188,-0.4126052375048022,-0.34675845813257367,-0.18954658223439286,2.083943863762168,0.031689046116367,-0.26905180186959643,0.7041622019159923
2025-09-06|the-valley|4,2025-09-06,the-valley,4,V3,2,good,2040,3,3,0.37822306803400385,-0.4320425464546383,-0.15242783467425947,0.4907698564514886,even,0.1536621549820366,0.14015406425717597,0.12240367480437522,0.14115876291097204,0.0597730031527593,0.04977398191650709,0.04604641879767511,0.05428236941072563,0.679951940381583,0.6790457176143935,0.7763929939764489,0.7185283618195294,0.106612901483621,0.13102623621192347,0.055156912421500726,0.0860305058587729,0.1182548734147255,-0.8728575215508326,-1.0176772246275751,-1.256132138850059,0.8431134493457507,-0.2424473104718875,-0.3741254582203409,-0.06540568203798405,0.2300588636974423,-0.1020089966341578,-0.2313210018487836,0.7084464402544903
2025-09-06|the-valley|5,2025-09-06,the-valley,5,V4,2,good,1200,4,4,0.3999095461518979,-0.36354648039829457,-0.06896670505927356,0.4399243177391359,even,0.281048184702822,0.27587367094439275,0.21178720920743374,0.2533437945046667,0.128755956851042,0.06442029662332711,0.06591100256780287,0.10361797513774634,0.4532969516349566,0.5290400421104798,0.6586055791937651,0.5354204026584799,0.1368989068111792,0.1306659903218002,0.06369620903099833,0.10761782769910685,0.2839961092533055,-0.2634866572863431,-0.6523571463755855,-0.8495806604959928,0.6413190827810237,-0.1458937537746499,-0.33634287032484217,-0.03274829199187812,0.1803094109491865,-0.1638459878084309,-0.21322309794997255,0.8976627103639568
2025-09-06|the-valley|6,2025-09-06,the-valley,6,V5,2,good,1200,5,5,0.5137693160085651,-0.17700007696010644,0.10923867111884789,0.3415714745624979,even,0.2716775754610603,0.27138994667406185,0.2856015940084884,0.2772471828800316,0.1309390049639189,0.06523419716915839,0.09001654607052438,0.11457002140656108,0.4556128658462732,0.5320106650746065,0.5402272989988954,0.48945863910732207,0.1417705537287474,0.13136519108217323,0.08415456092209173,0.11872415660608512,0.0118331712188936,-0.2634866572863431,-0.6929359075088206,-0.5416713996347555,-0.7740057895633098,-0.1458937537746499,-0.2773233936553638,0.18293777906556521,0.0200343789943551,-0.1638459878084309,-0.2768672802819887,0.9510395282301293
2025-09-06|the-valley|7,2025-09-06,the-valley,7,V6,2,good,1200,6,6,0.5802864550684138,-0.12513447537823988,-0.08366884852206201,0.2504787167720573,slow,0.2776812548533801,0.2757470673382735,0.30258248779220187,0.2876417480289088,0.1302554912283592,0.06475106701431226,0.10190449545512177,0.11891509291906423,0.4333705649797646,0.5245221967443683,0.4997032288102377,0.4599036305119538,0.158692688938496,0.13497966890304608,0.09580978794243863,0.13353952854007306,-0.544325876068832,-0.2634866572863431,-0.6872835848456691,-0.30662534656955565,-0.995150300867107,-0.1458937537746499,-0.20488458526015887,0.024966698797008136,0.8214095387685263,-0.1638459878084309,-0.3537461579727528,0.7210521126676511
2025-09-06|the-valley|8,2025-09-06,the-valley,8,V7,2,good,1500,7,7,0.584793439681876,-0.28402390745773665,-0.19622109431143075,0.41382870207002603,even,0.300506814341745,0.19278846962915328,0.1951155973534791,0.2583503275464386,0.090082967628601,0.06211086577207505,0.08164374507396223,0.08670727860674549,0.5095868933484302,0.6024809890920697,0.6315349364440034,0.5583661105866595,0.0998233246812237,0.14261967550670196,0.0917057211285553,0.09657628326015633,0.1151430733101003,-0.6044350141249326,-0.9458321661137457,-0.6653938201857091,-0.9380848493869922,-0.093845352313132,-0.11130132718013719,0.1050602529897359,1.4324236747647314,-0.0932654958468727,-0.45776728653694787,0.6350929861593593
2025-09-06|the-valley|9,2025-09-06,the-valley,9,V8,2,good,1000,8,8,0.5470414964140946,-0.12995915039492234,-0.2723628437148463,0.38746386641964176,fast,0.2894732263527226,0.24826679618367015,0.24012869292025368,0.269735412979735,0.1309756354033994,0.07191260406792355,0.08825499084454048,0.11388737757985583,0.3357489085202555,0.45847922511246125,0.49870354976364234,0.40093076501761027,0.2438022297236222,0.22134137463594494,0.1729127664715636,0.21544644442279876,0.8067438495700476,-0.4452592052204724,-0.5459099942435456,-0.11996984526846269,-1.814993316409744,-0.1920505063326234,0.11634883653011893,0.18327789174026712,1.55475836082745,0.1616986769707453,-0.6630899464205723,0.20488484482832217
2025-09-06|the-valley|10,2025-09-06,the-valley,10,V9,2,good,1200,9,9,0.6384810683801246,-0.01642321515873093,-0.4884809264951332,0.5618640387784513,even,0.2729646380031604,0.253124045475311,0.2662857983663493,0.27029310214843594,0.1449695107997359,0.07878821038154271,0.11109480165506568,0.13141962714186783,0.4621763301098406,0.5159000572987026,0.5236443835931675,0.4867635515031713,0.119889521087263,0.15218768684444378,0.09897501638541754,0.11152371920652482,-0.425994163879954,-0.2634866572863431,-0.8227019605475545,-0.07435436575523063,-1.68069828590889,-0.1458937537746499,-0.01714811038287034,-0.169590442100644,1.1953846133298092,-0.1638459878084309,-0.542930297166102,0.6177341047234608
2025-09-13|flemington|1,2025-09-13,flemington,1,V0,2,good,1100,0,0,0.0,0.0,0.0,0.0,very_fast_or_collapse,0.3271689705797929,0.2771832751007701,0.2771832751007701,0.3071746923881838,0.1186158739556897,0.06273744162956384,0.06273744162956384,0.09626450102523937,0.3542863327146872,0.47363801113750914,0.47363801113750914,0.402027004083816,0.1999288227498299,0.18644127213215692,0.18644127213215692,0.1945338025027607,0.8190244936501476,-0.4452592052204724,-0.33076037656947616,-0.33076037656947616,0.885269121813019,-0.1920505063326234,-0.39774629711249354,-0.39774629711249354,0.7832795916502386,0.1616986769707453,-0.12618855718059382,-0.12618855718059382
2025-09-13|flemington|2,2025-09-13,flemington,2,V1,2,good,1100,1,1,0.3333333333333333,0.27300816455004917,0.2950897072710063,0.2610931972167462,slow,0.432085400598896,0.23591020366121038,0.33486389170773406,0.39319679704243127,0.0971780679131617,0.07326512426979605,0.11995280706307511,0.10628796357312706,0.3572622443979708,0.44076940393712744,0.30190619919047645,0.33511982631497306,0.1134742870899713,0.2500552681318661,0.24327710203871436,0.16539541306946853,-0.6142683702376172,-0.4452592052204724,-0.2426212072617085,0.17660772348805998,-1.433292863887778,-0.1920505063326234,-0.2842616928646371,0.4924042088808158,1.581064360923632,0.1616986769707453,-0.21476590379237523,0.8256624757802873
2025-09-13|flemington|3,2025-09-13,flemington,3,V2,2,good,1400,2,2,0.3575633977190663,0.013606526429186304,-0.1351826939808928,0.4355035200072381,slow,0.4314843750752225,0.26840428921282156,0.3173666409519238,0.385837281425903,0.093164856424399,0.06050839432620488,0.08700492936785563,0.09070088560178166,0.3642598030030561,0.5042563937751361,0.4635487657933941,0.4039753881191913,0.1110909654973223,0.1668309226858374,0.13207966388682638,0.11948644485312393,-0.7977847692733925,-0.6044350141249326,-0.5139309678249661,-0.2749504639212076,-1.1933298052278167,-0.093845352313132,-0.3210759620194093,0.15792955155267926,1.511789633309611,-0.0932654958468727,-0.20622937297333152,0.7557029152036541
2025-09-13|flemington|4,2025-09-13,flemington,4,V3,2,good,1100,3,3,0.5168471996040287,-0.10280211097286847,-0.3148577892507656,0.6725579636764354,fast,0.4021343103196036,0.23491603912308723,0.3233745779889949,0.37063041738736013,0.096107274248484,0.0693202098994307,0.11065484663212861,0.10192630320194185,0.3517034480555628,0.4577542796416228,0.4303107181936026,0.38314635611077874,0.1500549673763493,0.23800947133585934,0.1356598571852738,0.1442969232999191,0.7226686708677708,-0.4452592052204724,-0.3181929380379894,-0.04787965160442065,0.0,-0.1920505063326234,-0.17412224815998378,0.33754585586980557,0.5874596937376816,0.1616986769707453,-0.3452548183114208,1.0927526229761144
2025-09-13|flemington|5,2025-09-13,flemington,5,V4,2,good,1400,4,4,0.5258885741382623,-0.04705370712064941,-0.30588851725419425,0.6080397225003704,fast,0.4656721905234477,0.2753177953669742,0.32325125431580976,0.4087038160403925,0.1008472994285171,0.06764022269394182,0.10352524915108952,0.10191847931754607,0.3275865953639127,0.4597672475345803,0.47185419926099076,0.38529363692274393,0.1058939146841222,0.1972747344045037,0.10136929727210997,0.1040840677193173,0.6672381706650049,-0.6044350141249326,-0.4794927731140349,-0.18480893440844529,-1.0030888217857012,-0.093845352313132,-0.15227544466152126,0.20142005284171363,1.2094317066476905,-0.0932654958468727,-0.3646839987801518,1.140520621849216
2025-09-13|flemington|6,2025-09-13,flemington,6,V5,2,good,1200,5,5,0.5858177235055031,0.12936684055130848,-0.34326736369299743,0.650340031283365,even,0.4129507385544628,0.25750059657461377,0.35950375440545274,0.39157194489485875,0.0868960858944723,0.05139983967651666,0.09087191436667237,0.08848641728335233,0.3481995594034083,0.5295327432779529,0.44699590230926084,0.3877180965657493,0.1519536161476564,0.16156682047091678,0.10262842891861404,0.13222354125603947,-0.2085257691511537,-0.3523309607006282,-0.4634365103864607,0.20785152489804914,0.2445672601155727,-0.0298880154450138,-0.17500765604447857,0.20167869072284936,2.0016264238718398,-0.0979391712896279,-0.3265838491805446,1.1996936678001497
2025-09-13|flemington|7,2025-09-13,flemington,7,V6,2,good,2500,6,6,0.19857458677719558,0.017260980527834743,-0.10012643368592034,0.27125133024645753,slow,0.2421227463594626,0.18063819398351955,0.12363881788295619,0.19472917496886005,0.0789009669311409,0.06626069490962236,0.0564400495771364,0.0699165999895391,0.5672709629644197,0.5869298718114796,0.6062032488748084,0.5828438773285751,0.1117053237449765,0.16617123929537847,0.21371788366509903,0.15251034771302552,-3.822590034240612,-0.4141422729191205,-0.7586559586575967,-0.48595757127606165,0.4694984698317467,-0.2411914696787404,-0.18640833823997002,-0.015219459482743974,0.9060323634760196,-0.0931597960977069,-0.3980382069348186,-0.044137507056990904
2025-09-13|flemington|8,2025-09-13,flemington,8,V7,2,good,1600,7,7,0.5095870519696947,-0.16960554888766555,-0.20367161082563304,0.6709261594766646,slow,0.3040613113585432,0.25134794404630945,0.2835434324820972,0.2958541598079648,0.1364265796358551,0.07291603199267041,0.08764234102821293,0.11691288419279824,0.467916229089661,0.548673341133213,0.4921563391920584,0.47761227313062,0.0915958799159406,0.1270626828278073,0.13665788729763154,0.10962068286861698,-3.1307913327576617,-0.6653996655149914,-1.0414063120093708,-0.8483443086975495,0.0674490759476583,-0.0802421205193904,-0.12297635981701827,0.5233429743600182,2.380952380952382,-0.1981378762353323,-0.4543601933816288,0.9533345033161451
2025-09-13|flemington|9,2025-09-13,flemington,9,V8,2,good,1400,8,8,0.6010014124982204,-0.5118787736171622,-0.19537927520681636,0.9537951301026945,slow,0.4030203022317202,0.21740235533605012,0.2858155343506288,0.35613839507928363,0.0749484533452534,0.08148952282036387,0.0879166247271501,0.08013572189801207,0.4183998436902303,0.4736114120050923,0.4661192499008572,0.43748760617448107,0.103631400732796,0.22749670983849368,0.16014859102136383,0.12623827684822314,-0.7107537035344846,-0.5778822605310765,-0.6081885266828336,-0.4771244778603921,-1.1241512657943211,-0.2893301257914973,0.05113434910932296,0.91355322966032,2.09324718458254,-0.1738621972107983,-0.6615734710191342,0.9936234713679946
2025-09-13|flemington|10,2025-09-13,flemington,10,V9,2,good,1700,9,9,0.5645570021419852,-0.7081298500141997,-0.23953773116377763,1.0050420261367865,even,0.2871305354629309,0.18295697013910292,0.11768793765805485,0.21935349634098047,0.0940438631842661,0.10142612636790901,0.08965318063399874,0.09228759016415915,0.5004264732528426,0.46502191090039013,0.660509875013413,0.5644598339570708,0.1183991280999604,0.25059499259259793,0.1321490066945335,0.12389907953778964,-0.4929519854490393,-0.635334453832482,-0.7756716664755314,-0.7448842380388646,0.1851543261308255,-0.4126052375048022,0.13656408511726334,0.8975881683540424,0.1208043151301335,0.031689046116367,-0.789819995019648,0.773062974823082
2025-09-13|rosehill|1,2025-09-13,rosehill,1,V0,2,soft,1200,0,0,0.0,0.0,0.0,0.0,slow,0.3494242478250513,0.33790519428623755,0.33790519428623755,0.3448166264095258,0.1215569542327921,0.09171008019796945,0.09171008019796945,0.10961820461886304,0.3542436267928992,0.353458338156432,0.353458338156432,0.35392951133831235,0.1747751711492573,0.21692638735936096,0.21692638735936096,0.19163565763329876,-3.4443994783937915,-0.4972754590372759,-0.20774368356758083,-0.20774368356758083,0.1419980546266489,-0.4986074780978135,-0.39379928642467354,-0.39379928642467354,0.7076624361721667,-0.1252070758299314,-0.24284624197797225,-0.24284624197797225
2025-09-13|rosehill|2,2025-09-13,rosehill,2,V1,2,soft,1400,1,1,0.24962964608509727,-0.8598242227671358,0.035446924121222675,0.1766535234893757,very_fast_or_collapse,0.4393103289351656,0.3619325668903917,0.35263122693181764,0.4046386881338264,0.1142174256982009,0.07631716847508685,0.07682034934867664,0.0992585951583912,0.2186051731486268,0.22344858626274,0.40564303165974935,0.2934203165530758,0.2278670722180066,0.3383016783717815,0.16490539205975627,0.20268240015470645,0.7846116997993116,0.1627669801223188,0.6344700688521493,-0.15048350733821203,0.7467576265633719,-0.482144975326186,-0.22905088597241322,0.058730426721065765,-1.89856658223043,-0.1633745705965793,-0.2666127733822996,0.1594455618485749
2025-09-13|rosehill|3,2025-09-13,rosehill,3,V2,2,soft,2400,2,2,0.12810064679198238,-0.09301192959884681,0.0679861018072527,-0.1239455539342569,slow,0.2722850986040508,0.22607059014810127,0.19455851100231064,0.24119446356335472,0.0853212093100106,0.06553665471196125,0.06665829055934727,0.07785604180974526,0.5332161795120527,0.5619844659596989,0.5951001714757314,0.5579697762975242,0.1091775125738857,0.14640828918023865,0.1436830269626107,0.12297971832937571,-0.9767106546723402,-0.4762161083029791,-0.658936269163602,-0.6748525383629808,1.406249602304979,-0.2611890047552179,-0.43897750167899885,-0.429098845074392,-0.871217230990606,-0.1713338067037232,-0.15436968402764614,-0.15468489409162897
2025-09-13|rosehill|6,2025-09-13,rosehill,6,V3,2,soft,1400,3,3,0.341755169414727,-0.25901281755304034,0.21934906429780118,-0.32649141244087565,fast,0.4099768819434585,0.35238493498237267,0.391825098562103,0.4027161685909163,0.1258614341526971,0.08521392586512104,0.10158720524649698,0.11615174259021704,0.2481290533229928,0.24524379422754716,0.24524361186581456,0.24697487674012147,0.2160326305808514,0.31715734492495906,0.2613440843255856,0.23415721207874507,0.6194302893152419,0.1627669801223188,0.4288548563153721,0.3131109739430945,1.0960474841494656,-0.482144975326186,-0.15163612648639987,-0.039037614040649954,-0.0199849113919023,-0.1633745705965793,-0.3715214266178747,-0.30771685174285346
2025-09-13|rosehill|7,2025-09-13,rosehill,7,V4,2,soft,1200,4,4,0.4320924411592624,-0.18738038465722198,0.3436736984903034,-0.1357400475656712,even,0.3588560701365804,0.28412254894364175,0.31845147141393126,0.34269423064752075,0.1124705272457323,0.10437017269405816,0.13705245362610594,0.12230329779788174,0.3887586050228362,0.3658670581674828,0.36042091878804444,0.3774235305289195,0.1399147975948509,0.2456402201948174,0.18407515617191847,0.15757894102567793,0.0809388911371809,-0.4972754590372759,-0.3617759824978612,-0.31241178508501977,1.4377303030948556,-0.4986074780978135,-0.15276586826619842,0.12794645758115983,0.7592628221430541,-0.1252070758299314,-0.4974073708008454,-0.010395474097469465
2025-09-13|rosehill|8,2025-09-13,rosehill,8,V5,2,soft,1200,5,5,0.5317289469610309,-0.11010312573574903,0.5733208500600244,0.0842826623627816,fast,0.3324740870103843,0.2846678294166359,0.38550134306837863,0.35368498943358206,0.1181861806469425,0.10448288930480633,0.1453248013275387,0.12904162891918097,0.3945012012019313,0.37418441167202837,0.2912611219638435,0.35320516950669617,0.1548385311407418,0.23666486960652947,0.17791273364023902,0.16406821214054068,0.7104635999819997,-0.4972754590372759,-0.4290911928357033,-0.2139882227950421,4.0,-0.4986074780978135,-0.10403295351315478,0.5056057560251663,-0.0147429674202505,-0.1252070758299314,-0.555818388282341,0.4579155057929202
2025-09-13|rosehill|9,2025-09-13,rosehill,9,V6,2,soft,1300,6,6,0.5762275519001175,0.0886831932231262,1.1415342945029276,0.01439356584668751,slow,0.3334900018127078,0.2605655329786195,0.4092094943235682,0.36377779881705197,0.1096087076311766,0.1075137972676896,0.15501057070425422,0.12776945286040764,0.419684849401757,0.3864482917280923,0.21625271838948867,0.33831199699684966,0.1372164411543585,0.24547237802559857,0.21952721658268887,0.17014075132569065,-0.7051494303618843,-0.4972754590372759,-0.48082602586515283,-0.09556540909478967,3.6075036075036655,-0.4986074780978135,-0.05015931028386736,0.9932986790630159,0.9586379304901388,-0.1252070758299314,-0.6130545950360174,0.8190915787224502
2025-09-20|caulfield|1,2025-09-20,caulfield,1,V0,2,good,1600,0,0,0.0,0.0,0.0,0.0,even,0.2599546590053759,0.2198923669029748,0.2198923669029748,0.24392974216441546,0.0962287983576699,0.08562026319702305,0.08562026319702305,0.09198538429341116,0.530523954225659,0.49708905897694183,0.49708905897694183,0.5171499961261722,0.113292588411295,0.1973983109230603,0.1973983109230603,0.14693487741600111,-0.408782278470662,-0.635334453832482,-0.5741826601349854,-0.5741826601349854,1.4774559493296815,-0.4126052375048022,-0.452803295538013,-0.452803295538013,1.079185215162557,0.031689046116367,-0.17005297640027459,-0.17005297640027459
2025-09-20|caulfield|2,2025-09-20,caulfield,2,V1,2,good,1400,1,1,0.2637669986665615,-0.10782327470028508,0.3897041214167455,0.284653445208755,slow,0.3701801981049383,0.2781693014698208,0.3278976738132975,0.35326718838828197,0.1135072592901144,0.061346800224068236,0.07971752650405531,0.09999136617569077,0.4048848893227807,0.523236660380397,0.47550493323690984,0.43313290688843237,0.1114276532821664,0.1372472379257142,0.11687986644573742,0.11360853854759481,-1.005123484710217,-0.6044350141249326,-0.6426626332884242,-0.6413102968410015,1.0546582784543128,-0.093845352313132,-0.43236603717667954,0.3795993854374542,0.3461987968994895,-0.0932654958468727,-0.1078818010942163,0.8001676882728797
2025-09-20|caulfield|3,2025-09-20,caulfield,3,V2,2,good,1200,2,2,0.36414543322206677,-0.28470562073263983,0.4416934754583548,0.22600250441398456,even,0.3366512977931514,0.30723302854986295,0.3530938012143928,0.343228299161648,0.1265353389790225,0.06355132243479021,0.08447486418667574,0.10971114906208379,0.4000135467542679,0.4898563883056662,0.4521701598543502,0.4208761919943008,0.1367998164735579,0.13935926070968066,0.11026117474458128,0.12618435978196724,0.2665326388254332,-0.2634866572863431,-0.4771185377438395,-0.5451257184157615,-0.0650111575399109,-0.1458937537746499,-0.42010925586789194,0.5141406869289489,0.0886192238728343,-0.1638459878084309,-0.11353641373412429,0.8382505113860275
2025-09-20|caulfield|4,2025-09-20,caulfield,4,V3,2,good,1100,3,3,0.4530000701473824,-0.11146328237720836,0.2536041591035431,0.1579799491922786,fast,0.3453438549032362,0.23927267943730027,0.2880892885109367,0.3224420283463164,0.121142462485844,0.07630008745147698,0.12132371482464929,0.12121496342136612,0.3981951432949258,0.4762002070934112,0.4231845159789091,0.40819089236851913,0.1353185393159938,0.2082270260178116,0.16740248068550498,0.14815211586379828,0.5354204997907022,-0.4452592052204724,-0.4868207634153672,-0.2647598918973086,0.851253855063571,-0.1920505063326234,-0.22050197330345497,0.46500532162428887,-0.998246324025354,0.1616986769707453,-0.31107672395967245,0.6183033930006435
2025-09-20|caulfield|5,2025-09-20,caulfield,5,V4,2,good,1400,4,4,0.5370650718252178,-0.08973366536198617,0.423616775597613,0.032342440678007116,slow,0.3326555556808215,0.24822929287715673,0.3193620499999157,0.3273381534084592,0.094065576700998,0.0639045689548011,0.11592297963792082,0.10280853787576713,0.4636793586693294,0.5422641694185556,0.44236249301719677,0.4551526124084764,0.1095995089488509,0.14560196874948653,0.12235247734496678,0.11470069630729726,-3.451805651439011,-0.3693037860761984,-0.628424882079516,-0.3096233030316682,-0.1635129113882679,-0.1645417671907071,-0.31540647021592283,0.4590728109959821,2.1368822291382337,-0.2052907878615527,-0.24623607181780785,0.8511907954378962
2025-09-20|caulfield|6,2025-09-20,caulfield,6,V5,2,good,1400,5,5,0.5949814482479252,-0.7645975223487529,0.27645444099264643,0.45637342626884125,very_fast_or_collapse,0.4013748934919166,0.2470017105607905,0.40107164171167553,0.40125359277982015,0.0982642824242978,0.06544891001923624,0.07563240388752888,0.08921153100959023,0.392414227780328,0.5209154580439327,0.4240890334360877,0.4050841500426319,0.1079465963034575,0.1666339213760406,0.09920692096470787,0.10445072616795766,2.4995834027661816,-0.6044350141249326,-0.681241307830573,-0.7950174359674862,0.6377003544142311,-0.093845352313132,-0.1574226257052386,0.9508661318602097,-0.2984472387064574,-0.0932654958468727,-0.3884996665850112,0.7243482425896255
2025-09-20|caulfield|7,2025-09-20,caulfield,7,V6,2,good,1800,6,6,0.4891607229927837,-0.10057400177725871,0.28664951852455256,0.24678216741271244,slow,0.2574041618329406,0.24382860550226984,0.20604941779146269,0.23686226421634946,0.1044508209738178,0.06561040484462079,0.09308924261187215,0.09990618962903955,0.4812145509806603,0.5518482240987959,0.5909061386917672,0.5250911860651031,0.156930466212581,0.13871276555431356,0.10995520090489797,0.1381403600895078,-1.3496372443934497,-0.4498557210139772,-0.785281026385676,-0.43314828845149816,0.922833381279066,-0.227375033040773,-0.19763597860296073,0.42348221720411505,0.3480813736072775,-0.1728503938600977,-0.4100068667868988,0.6939792078870477
2025-09-20|caulfield|8,2025-09-20,caulfield,8,V7,2,good,1400,7,7,0.629526175305125,-0.22955634487197862,0.36285681304617773,0.27817122058920635,very_fast_or_collapse,0.2918199635898986,0.3307828791326455,0.4931034197152284,0.37233334604003054,0.1563066420318628,0.04598612528328002,0.06683992423621078,0.120519954913602,0.3160373742122064,0.5135331177593032,0.34550412101304373,0.32782407293254134,0.2358360201660321,0.1096978778247713,0.09455253503551715,0.17932262611382613,4.0,-0.2377675913714921,-0.6493581568278555,-0.23509059817592937,0.8339158480801574,0.0728552384881741,-0.12837578073887942,0.7463101322248327,-0.1193788954825846,-0.1826826563167772,-0.35515206515043785,0.9596165350084278
2025-09-20|caulfield|9,2025-09-20,caulfield,9,V8,2,good,2000,8,8,0.48707901195555364,0.09458752951570158,0.3589605005310333,0.16678605511852185,even,0.2459567452857445,0.22198342445942928,0.17012402665562837,0.21562365783369802,0.0914748972044528,0.05636938072489596,0.07867906846397953,0.0863565657082635,0.4486534648188069,0.5790961257745734,0.5996961243985969,0.5090705286507229,0.2139148926909956,0.14255106904110143,0.1515007804817953,0.18894924780731548,0.3012109419032453,-0.4958209948265083,-0.814732315419366,-0.16401252723507745,1.7351150495626526,-0.1855431829808823,-0.04714724307344423,0.519623518630039,0.9809738917387671,-0.1022802644212175,-0.5554911697743,0.3851681197617597
2025-09-20|caulfield|10,2025-09-20,caulfield,10,V9,2,good,2000,9,9,0.5639257854561757,0.13284446097129685,0.6332275406538271,0.3323282373966648,fast,0.1777318991323563,0.14461800589477408,0.19290173109203554,0.183799831916228,0.0756583261310208,0.06570970193414867,0.09959362231674737,0.08523244460531143,0.6427762173729443,0.6388883793339839,0.4592951454006335,0.56938378858402,0.1038335573636785,0.1507839128370933,0.2482095011905835,0.1615839348944405,1.0579341364393158,-0.8728575215508326,-1.2095381865304144,-0.45290979669612497,-1.35063874440644,-0.2424473104718875,0.012943613934209452,1.0985478075325912,0.6539825944925096,-0.1020089966341578,-0.6496554271905289,0.6491209686482958
2025-09-20|randwick|2,2025-09-20,randwick,2,V0,2,good,1000,0,0,0.0,0.0,0.0,0.0,even,0.3065189417836619,0.30378680398775415,0.30378680398775415,0.3054260866652988,0.0890870767558677,0.05099474787642167,0.05099474787642167,0.07385014520408929,0.3496033296164939,0.4896232919951965,0.4896232919951965,0.40561131456797495,0.2547906518439763,0.15559515614062772,0.15559515614062772,0.21511245356263686,-0.2722525605617319,-0.4141422729191205,-0.27391224607290576,-0.27391224607290576,2.2186000888959376,-0.2411914696787404,-0.4683078671823995,-0.4683078671823995,-0.1639248866797115,-0.0931597960977069,-0.09323729825247726,-0.09323729825247726
2025-09-20|randwick|3,2025-09-20,randwick,3,V1,2,good,1200,1,1,0.2637669986665615,-0.07181124077865429,0.585193486689448,-0.04323797536626371,even,0.3939713846159812,0.24349371941500322,0.3135587904453167,0.3618063469477154,0.052490007028165,0.04041565039010575,0.055820190909890634,0.053822080580855254,0.294803005266937,0.4704745264050642,0.3704279863658019,0.32505299770648294,0.2587356030889167,0.24561610378982673,0.2601930322789909,0.25931857476494635,-0.1411112595938597,0.1104736434623439,0.31337722645891386,0.39943812979351645,-0.2141404711835162,-0.161681142564169,-0.3496453274976174,0.5242260119226309,0.562075632897162,0.0028292668157483,-0.08685122758368366,0.4608527654230228
2025-09-20|randwick|4,2025-09-20,randwick,4,V2,2,good,1400,2,2,0.36414543322206677,-0.0692649018179134,0.2537029847591149,0.10569394278885448,slow,0.2738916078503146,0.3029876255555359,0.3680878916639848,0.31157012137578266,0.091737328476068,0.06337407957816266,0.0920370246461855,0.091857206944115,0.3626542579464319,0.42376290773048286,0.35553109862715376,0.35980499421872064,0.2717168057271854,0.20987538713581866,0.1843439850626759,0.2367676774613816,-2.2127178872038065,0.0726063820991144,0.03464389114130789,0.22228739663757102,-1.8340085819475944,-0.3938607288582862,-0.3680390457520721,0.29009260202218445,1.2686849999678749,-0.13683827208799,-0.1871464929584651,0.5017175125566893
2025-09-20|randwick|5,2025-09-20,randwick,5,V3,2,good,2000,3,3,0.264659468070825,-0.3239022045747464,-0.15791015328624755,0.20915915634504412,even,0.3391280689343152,0.31144252523563754,0.2687035449629861,0.3109582593457836,0.0904923247383673,0.07070469780852262,0.07249174191223953,0.0832920916079162,0.3961856693709926,0.44759105512700426,0.5234392025745593,0.44708708265241925,0.1741939369563247,0.17026172182883567,0.1353655105502151,0.15866256639388088,0.0854354962003665,-0.3276345121754156,-0.34723465213164806,-0.4491956658730115,-0.2700451933697829,-0.3739463722952989,-0.3359354831671414,-0.11248181998837822,-1.0874442856867468,-0.3018682183550009,-0.28832311269297983,0.08103590403914536
2025-09-20|randwick|6,2025-09-20,randwick,6,V4,2,good,1400,4,4,0.5002810311683618,-0.49191983307629034,-0.26847343090180154,0.22277140077090699,slow,0.3023797197120945,0.2910358877796101,0.24565468435108376,0.2796897055676902,0.0883190694117661,0.06699779952980281,0.08804068173301986,0.08820771434026761,0.3489677822529027,0.4092129484625898,0.5630515821167387,0.43460130219843707,0.2603334286232365,0.23275336422799725,0.10325305179915774,0.197501277893605,-0.6841956624906459,0.0726063820991144,0.027299091344760218,-0.14815119060967796,-1.0761537960188392,-0.3938607288582862,-0.22346859993689297,-0.09254321023184522,-0.5138977215059756,-0.13683827208799,-0.33491845748525007,0.6211016669183258
2025-09-20|randwick|7,2025-09-20,randwick,7,V5,2,good,1400,5,5,0.5719562308844398,-0.4983850338174603,-0.4224042244422619,0.049400128024580284,slow,0.3355705316072654,0.29886710427076935,0.3199359614524735,0.32931670354534864,0.0943046888493931,0.07176451794532464,0.1014428304359397,0.09715994548401174,0.3210751445694333,0.3746271418764688,0.45311506216283526,0.3738911116067941,0.2490496349739079,0.2547412359074372,0.12550614594875145,0.1996322393638453,-0.7569824350960369,0.0726063820991144,0.0649446366295085,0.08293869743828297,-0.4130308583311731,-0.3938607288582862,-0.1294654096278905,-0.18987372780014383,0.3693639873324203,-0.13683827208799,-0.42349453372777457,0.18908274398903555
2025-09-27|rosehill|1,2025-09-27,rosehill,1,V0,2,good,1300,0,0,0.0,0.0,0.0,0.0,slow,0.3985481272514219,0.24558549712488864,0.24558549712488864,0.3373630752008086,0.0569933946151819,0.04296457164417841,0.04296457164417841,0.0513818654267805,0.3252502702267675,0.4872103088350866,0.4872103088350866,0.3900342856700951,0.2192082079066285,0.22423962239584647,0.22423962239584647,0.2212207737023157,-1.2572140686842646,0.1104736434623439,0.23687331070522955,0.23687331070522955,0.6897048367580191,-0.161681142564169,-0.44363962477283403,-0.44363962477283403,-0.1809609354693289,0.0028292668157483,-0.0019195321172496838,-0.0019195321172496838
2025-09-27|rosehill|2,2025-09-27,rosehill,2,V1,2,good,1500,1,1,0.18295048698814415,-0.2300079261141323,0.12618183576295805,-0.03310689126994385,very_fast_or_collapse,0.2807298319236333,0.3123511816420706,0.32206200036089494,0.297262699298538,0.092418522509214,0.06247180017867646,0.06890591797492593,0.08301348069549877,0.3570579599854907,0.4182012136751703,0.438031214763014,0.38944726189650003,0.2697936855816618,0.20697580450408254,0.17100086690116523,0.23027655810946318,4.0,0.0726063820991144,0.07552245281025555,-0.06350416733900494,1.4506171128469163,-0.3938607288582862,-0.42628905004400885,-0.1507677075687031,0.8476983563210396,-0.13683827208799,-0.12447265106359554,0.08028470111599934
2025-09-27|rosehill|3,2025-09-27,rosehill,3,V2,2,good,2400,2,2,0.09460268329726544,0.1797713631349838,0.10848184699739248,0.04132752115669611,slow,0.2681392838378487,0.220234948034654,0.2143305395299441,0.24661578611468685,0.0783359252764027,0.06280029339299985,0.06979716752759346,0.074920422176879,0.5396676386756509,0.5712074375749445,0.5338215144701187,0.5373291889934381,0.1138571522100975,0.14575732099740174,0.18205077847234374,0.141134602714996,-0.5863663386404555,-0.4663744146496504,-0.6418679717620359,-0.3830672370292529,-0.3735641129408837,-0.2706086361799454,-0.4452398053119402,-0.3046873194722669,-1.3876087430641877,-0.1847891205303058,-0.15199347632749896,0.053315642344304
2025-09-27|rosehill|5,2025-09-27,rosehill,5,V3,2,good,1400,3,3,0.28527052219531873,0.3032858228086324,0.2271385498676235,0.0024653678046639696,very_fast_or_collapse,0.3080035063735374,0.3011976583122487,0.29105564227676456,0.3012243607348283,0.1028176737308271,0.07378833061552748,0.10591931546911686,0.10405833042614301,0.3755788761038189,0.40845427184339717,0.2883063012107658,0.3406698461465976,0.2135999437918163,0.2165597392288266,0.31471874104335273,0.25404746269243084,4.0,0.0726063820991144,-0.038608836886934006,0.40447391094975904,2.57439221174274,-0.3938607288582862,-0.3078797052674546,0.10767417335493115,1.1268930981499188,-0.13683827208799,-0.254706565975208,0.3326116515782413
2025-09-27|rosehill|8,2025-09-27,rosehill,8,V4,2,good,1400,4,4,0.34973143643186927,0.9547340193214262,0.6314015692824401,0.22497700375570198,slow,0.3124411776902492,0.30436200331961055,0.3619379228218534,0.3322398757428909,0.0975956493791055,0.07039911236132379,0.10792680050990612,0.10172810983142574,0.3376443186024617,0.3902233573334405,0.159276881146963,0.2662973436202622,0.2523188543281834,0.2350155269856252,0.3708583955212775,0.29973467080542104,-2.54391267926049,0.0726063820991144,0.034285255360881395,1.149748169680643,-0.2574392211742739,-0.3938607288582862,-0.21374032059905287,0.5746007068490118,0.5099808181408381,-0.13683827208799,-0.34224744207781854,0.8652952775773728
2025-09-27|sportsbet-sandown-hillside|1,2025-09-27,sportsbet-sandown-hillside,1,V0,2,good,1400,0,0,0.0,0.0,0.0,0.0,even,0.3314442284525219,0.2185596530675006,0.2185596530675006,0.2862903982985134,0.0885723600891271,0.05923419356192148,0.05923419356192148,0.07683709347824486,0.5044176124770186,0.5841591083150618,0.5841591083150618,0.5363142108122358,0.0755657989813323,0.13804704505551607,0.13804704505551607,0.1005582974110058,0.2496742907990466,-0.6044350141249326,-0.6969692108112673,-0.6969692108112673,-1.8027768345244173,-0.093845352313132,-0.5291439904476959,-0.5291439904476959,1.215380019393283,-0.0932654958468727,0.001037066887118604,0.001037066887118604
2025-09-27|sportsbet-sandown-hillside|2,2025-09-27,sportsbet-sandown-hillside,2,V1,2,good,1800,1,1,0.20427055865291668,0.05100110686279202,-0.36825423111483946,0.24826635553705864,slow,0.2106808124146332,0.1632757305866549,0.16285277151148228,0.19154959605337285,0.0715225766333024,0.040585111403569116,0.04691212704360577,0.06167839679742375,0.6235834947437868,0.7059631107944048,0.7275217103505914,0.6651587809865087,0.0942131162082774,0.09017604721537135,0.06271339109432053,0.08161322616269465,-4.0,-0.8776139211096129,-1.093452639388957,-1.0032764802261194,-0.8228787265614513,-0.0432865398220241,-0.5432266222138569,-0.648595954261569,1.086510001690808,-0.127044061924436,-0.021474322480259017,0.46341614923788366
2025-09-27|sportsbet-sandown-hillside|3,2025-09-27,sportsbet-sandown-hillside,3,V2,2,good,1000,2,2,0.25717913073579757,-0.3518436875562306,-0.36770188163933903,0.2999536506577345,even,0.3619827377719636,0.23983410921400952,0.22643122497237098,0.3077621326521266,0.0988579854425122,0.06536946285505238,0.06426066306744783,0.08501905649248645,0.3726939254731616,0.48574720712622466,0.5783187443682478,0.4549438530311961,0.1664653513123623,0.20904922080471341,0.13098936759193336,0.1522749578241907,-0.3835339612710075,-0.4452592052204724,-0.3670382277178227,-0.6334752459645294,0.0793518540560722,-0.1920505063326234,-0.26871366748866965,-0.20598201826847654,2.2840709809548247,0.1616986769707453,-0.2598279866110572,0.2486314788173775
2025-09-27|sportsbet-sandown-hillside|4,2025-09-27,sportsbet-sandown-hillside,4,V3,2,good,1400,3,3,0.4505397098049988,-0.4775054876010494,-0.4312986070433987,0.6831341322871732,even,0.3913066284557849,0.26358817135586265,0.2636374844263625,0.34023897084401594,0.1096902476180423,0.06654428907088711,0.06385942231313976,0.09135791749608128,0.3987632737145744,0.5134370604409293,0.6253519812301703,0.4893987567208128,0.1002398502115982,0.15643047913232108,0.047151112030327354,0.07900435493908986,0.1214945265472674,-0.6044350141249326,-0.6600328020003676,-0.892714991827057,0.4755030641520862,-0.093845352313132,-0.2887869920125309,-0.05249540875401018,1.6316980370860126,-0.0932654958468727,-0.24939800797966546,0.9557333348407426
2025-09-27|sportsbet-sandown-hillside|5,2025-09-27,sportsbet-sandown-hillside,5,V4,2,good,1400,4,4,0.5423120231152327,-0.30442648369618214,-0.19126480482688973,0.8487024884431382,fast,0.3645797865803462,0.2214623297513601,0.25903349131416753,0.3223612684738747,0.089970947761467,0.06282118800296453,0.07858686323273173,0.0854173139499729,0.4528809759155729,0.5618745221857687,0.6055101431929406,0.5139326428265201,0.0925682897426136,0.1538419600599067,0.05686950226016008,0.0782887747496322,0.5156473016214843,-0.6044350141249326,-0.7437071928976984,-0.7011789304685607,-0.6336595180983228,-0.093845352313132,-0.25576258853348255,0.32242832897569396,1.2825280867630788,-0.0932654958468727,-0.29093956864183423,1.4935265545825458
2025-09-27|sportsbet-sandown-hillside|6,2025-09-27,sportsbet-sandown-hillside,6,V5,2,good,1400,5,5,0.598346340921751,-0.11959149340479898,-0.26745462629807953,0.8796724829055697,fast,0.3912060271148597,0.22331478885036843,0.2772475051303514,0.34562261832105634,0.0702638090323505,0.07418531815614014,0.11836971556038917,0.08950617164356597,0.4347950531397715,0.4951229427273532,0.5073463756872993,0.46381558215878266,0.1037351107130182,0.2073769502661384,0.09703640362196013,0.10105562787659497,0.6278045953417878,-0.5778822605310765,-0.5429136820646623,-0.15684662526797233,-0.8135237206254119,-0.2893301257914973,-0.15118447527007214,0.3577171513969343,0.0470036471588563,-0.1738621972107983,-0.45215736884506297,1.451135944471745
2025-09-27|sportsbet-sandown-hillside|7,2025-09-27,sportsbet-sandown-hillside,7,V6,2,good,1500,6,6,0.6029176226780125,-0.04454642912180055,-0.3373438302790946,0.6408383478000502,slow,0.2933017074405449,0.228660613588113,0.23749100507551135,0.2709774264945315,0.0818534229982541,0.05500846170186171,0.09154705124123212,0.0857308742954453,0.4710271656202588,0.5817279689105006,0.5935397453469274,0.5200321975109262,0.153817703940942,0.13460295579952475,0.07742219833632906,0.12325950169909682,-1.0851585650619755,-0.3693037860761984,-0.7030101976187924,-0.220925298989601,2.6080309366428627,-0.1645417671907071,-0.21436415596179542,0.06537382319984777,0.2393354307820198,-0.2052907878615527,-0.3686128633888459,1.2891679817442143
2025-09-27|sportsbet-sandown-hillside|8,2025-09-27,sportsbet-sandown-hillside,8,V7,2,good,1800,7,7,0.5456605369026032,-0.40887259995214065,0.1157590466767244,0.467884205343672,slow,0.218575195820102,0.15034000563769628,0.1626910730260527,0.19622154670248226,0.0717162503837181,0.045127999250321564,0.048405038777883894,0.062391765741384414,0.6027673283765649,0.7023429158595299,0.7254111156285145,0.6518248432773448,0.1069412254196149,0.10218907925245228,0.06349277256754882,0.08956184427878847,-4.0,-0.8776139211096129,-1.252069858675181,-1.2794673396684153,0.8970727101038841,-0.0432865398220241,-0.1618003207209339,0.5222909331874047,-0.4471171776620718,-0.127044061924436,-0.4308617922188962,0.972142519098194
2025-10-04|flemington|1,2025-10-04,flemington,1,V0,2,good,1200,0,0,0.0,0.0,0.0,0.0,slow,0.3135528209165799,0.3675645677506174,0.3675645677506174,0.3351575196501949,0.1649544460705529,0.06225179680508229,0.06225179680508229,0.12387338636436467,0.3574519245601326,0.4430421811218292,0.4430421811218292,0.3916880271848112,0.1640408084527344,0.1271414543224713,0.1271414543224713,0.14928106680062914,-0.8755408897051867,-0.2634866572863431,-0.4021297953175901,-0.4021297953175901,-0.4598800632794825,-0.1458937537746499,-0.529010269517283,-0.529010269517283,0.9286466978300912,-0.1638459878084309,0.007366656698615942,0.007366656698615942
2025-10-04|flemington|2,2025-10-04,flemington,2,V1,2,good,1000,1,1,0.2637669986665615,-0.2309387926873881,-0.12130118403781746,0.24494635230825643,very_fast_or_collapse,0.4111775003113439,0.27213026298569143,0.2872414129737977,0.3616030653763254,0.1302476988519252,0.07945834868818565,0.09387883632928591,0.11570015384286948,0.3343711298402299,0.4101494897190985,0.4714766420103162,0.3892133347082644,0.1242036709965007,0.23826189860702454,0.14740310868660025,0.13348344607254053,1.7311929493232765,-0.4452592052204724,-0.2691814791681484,-0.42544994773200806,-0.1538312258455338,-0.1920505063326234,-0.27890866441863377,-0.07564641145143972,-1.8619744909494724,0.1616986769707453,-0.2206021446551665,0.3976076026134189
2025-10-04|flemington|3,2025-10-04,flemington,3,V2,2,good,1800,2,2,0.22205501319102816,0.0728554841879854,-0.07073886307972607,-0.07991741764126396,slow,0.2644599460116512,0.19039530139918237,0.1780443573192242,0.22989371053468038,0.0757190789011988,0.04185102988791149,0.05315617199188763,0.06669391613747433,0.5399226619813773,0.6760485257470288,0.6831302414371613,0.5972056937636909,0.1198983131057726,0.09170514296587737,0.08566922925172687,0.1062066795641543,-1.7622898578005948,-0.8776139211096129,-1.0523102002306124,-0.8910700093851428,-1.1969286887821662,-0.0432865398220241,-0.45981970620954005,-0.48294674985679964,0.4449765427102558,-0.127044061924436,-0.12563606664767077,0.12254568436981404
2025-10-04|flemington|4,2025-10-04,flemington,4,V3,2,good,1600,3,3,0.4086355213585094,-0.3088090286785962,-0.3162719276926669,0.023457874314811677,slow,0.3972161499594468,0.28050885009960386,0.3105373830526796,0.36254464319673996,0.0936559687292797,0.07084020750495242,0.0869134634437941,0.09095896661508546,0.3683971542116028,0.4437191425188665,0.4729033075678977,0.41019961555412077,0.1407307270996705,0.20493179987657734,0.12964584593562867,0.13629677463405376,-0.7843111513813902,-0.253535025942937,-0.2504420060237897,-0.3010810909520217,-0.6723495189703279,-0.2600328644522876,-0.27415354816487336,-0.28617008477601324,0.998517152054986,-0.1256720201137555,-0.2746534470830132,0.04731147843446479
2025-10-04|flemington|5,2025-10-04,flemington,5,V4,2,good,1400,4,4,0.4899429077765381,-0.27114749010336037,-0.31679169124438333,0.15992824155907834,slow,0.3783898516428192,0.23359739338817298,0.28411272030915974,0.3406789991093554,0.0760349863490073,0.07453186227511466,0.0949040709903476,0.08358262020554341,0.4419302589498841,0.49683890334513564,0.5135673096577735,0.4705850792330398,0.1036449030582893,0.1950318409915768,0.10741589904271913,0.10515330145206123,-1.1127971503384744,-0.5778822605310765,-0.5523522721145739,-0.4738542344563788,1.1109628989889044,-0.2893301257914973,-0.2242715362973776,-0.19701589340485004,1.234596665500018,-0.1738621972107983,-0.37922004451678715,0.219205829646018
2025-10-04|flemington|6,2025-10-04,flemington,6,V5,2,good,1100,5,5,0.5112544524049412,-0.2075463566123335,-0.02337261907986494,0.1642444867161766,slow,0.3878764430247846,0.2693292454718958,0.38769454017293276,0.38780368188404385,0.1055404134011475,0.09517993214020029,0.11631676192916741,0.10985095281235546,0.3505180097160537,0.3645081326750763,0.3166867554436574,0.33698550800709515,0.1560651338580139,0.27098268971282763,0.17930194245424239,0.16535985729650532,-1.3814870977231404,-0.4419014922859545,-0.2776420786418838,-0.1310532993867106,1.0906659089408772,-0.4325031459263254,-0.05284723855143933,0.2632672283569757,2.509990203298155,-0.0426934540083431,-0.5598056259813327,0.19505875324282937
2025-10-04|flemington|8,2025-10-04,flemington,8,V6,2,good,2000,6,6,0.3859961210191105,-0.4107132080315477,-0.05623853257991031,0.36188180235019746,slow,0.2626015351953207,0.2229516528208914,0.19896724681311442,0.23714781984243818,0.0834961281982762,0.055627117137977015,0.04594873082610465,0.06847716924940758,0.5148436439598181,0.5975098919983826,0.6716763389098229,0.57757672193982,0.1390586926465849,0.12391133804274895,0.08340768345095803,0.11679828896833416,-2.203044493615072,-0.3814066683199782,-0.7876456998463937,-0.8738326622125222,3.857244030756772,-0.1763405187700433,-0.24964554118900356,0.10359892743992186,1.9330766096339564,-0.2591201592110757,-0.3435938741767045,0.28602208064079976
2025-10-04|flemington|9,2025-10-04,flemington,9,V7,2,good,1200,7,7,0.5236036730413928,-0.5116316035964498,0.38346035699034703,0.6273719064411816,even,0.3377709057769067,0.2630019492364541,0.3412782037094237,0.3391738249499135,0.107179829002335,0.052178036564066006,0.046073935177510544,0.08273747147240522,0.3659513037163818,0.5455976380774739,0.5282470085510387,0.4308695856502446,0.1890979615043764,0.13922237612200603,0.08440085256202708,0.1472191179274367,-0.3177889155226213,-0.3523309607006282,-0.6507388301754036,-0.8542214048456327,1.4818357594561509,-0.0298880154450138,-0.09130523869808532,0.8746331656793233,3.0400960318437624,-0.0979391712896279,-0.4353253267007152,1.087247157343247
2025-10-04|flemington|10,2025-10-04,flemington,10,V8,2,good,1400,8,8,0.5694378388440589,-0.50954248764466,0.5744263781660179,0.972077482224213,slow,0.429040672295551,0.25477618003551383,0.2910140602814586,0.373830027489914,0.1148066153171467,0.07724666623485074,0.0801249939256023,0.10093396676052893,0.3544788545865286,0.470099768537818,0.4976310942201004,0.4117397504399573,0.1016738578007735,0.1978773851918175,0.1312298515728387,0.11349625530959957,-1.442160334223125,-0.6044350141249326,-0.6995759724099557,-0.5912563009325449,-0.5382109691540444,-0.093845352313132,0.0706985414753123,1.4519942050881247,1.388235361651133,-0.0932654958468727,-0.611793138557481,1.2935265329866235
2025-10-11|caulfield|1,2025-10-11,caulfield,1,V0,2,good,1700,0,0,0.0,0.0,0.0,0.0,slow,0.2586777298310626,0.22903753423657133,0.22903753423657133,0.24682165159326608,0.0963590281342731,0.08160888329046119,0.08160888329046119,0.09045897019674834,0.5115252673148826,0.49927408191091,0.49927408191091,0.5066247931532936,0.1334379747197816,0.19007950056205747,0.19007950056205747,0.15609458505669194,-1.0100741769650492,-0.635334453832482,-0.5629164337993016,-0.5629164337993016,-0.2697963037906321,-0.4126052375048022,-0.4539629058960132,-0.4539629058960132,-0.6111407986417787,0.031689046116367,-0.17520464989599457,-0.17520464989599457
2025-10-11|caulfield|2,2025-10-11,caulfield,2,V1,2,good,1200,1,1,0.17850921231621975,-0.1803075457109849,-0.048161125675493265,-0.10909426257984937,slow,0.3201069824919801,0.33103861177725213,0.3333202073380821,0.3253922724304209,0.1361556908588755,0.059888742528426415,0.06514764396256054,0.10775247210034951,0.3820764646406095,0.47971598143733984,0.49867748212297375,0.4287168716335552,0.1616608620085346,0.12935666425698164,0.10285466657638367,0.13813838383567423,-1.1897267562989926,-0.2634866572863431,-0.44439588113344985,-0.5386558533140587,0.2423951166869054,-0.1458937537746499,-0.48265230481017585,-0.4428932476209796,-0.8408035494845217,-0.1638459878084309,-0.050179005858250886,-0.016671131594700267
2025-10-11|caulfield|3,2025-10-11,caulfield,3,V2,2,good,2400,2,2,0.1650807096125921,-0.1768935971406484,-0.015600876701255297,-0.1138628175849307,slow,0.245412783890293,0.21774024235248138,0.19902718922528545,0.22685854602428998,0.0817897634010557,0.0575589268123097,0.058257174739326414,0.07237672793636399,0.5324624117478511,0.5909086479160536,0.6210386445708875,0.5678929048770657,0.1403350409608,0.13379218291915537,0.12167699146450063,0.13287182116228025,-3.663629583555604,-0.5333772506397831,-0.7111323920471548,-0.7728014085759358,0.033724537973835,-0.2468314972564444,-0.44097021338338394,-0.39204076647763364,-0.298117462752086,-0.1270484358768369,-0.15998076820398274,-0.17592437644839173
2025-10-11|caulfield|4,2025-10-11,caulfield,4,V3,2,good,1600,3,3,0.3908028452081161,-0.631264369728164,-0.014162240412315213,-0.24370212945704922,slow,0.2825010300723501,0.25516178254524663,0.27461058900951696,0.27934485364721684,0.104383233417358,0.045831784682609365,0.04715941786191672,0.08149370719518148,0.4365187976340167,0.6019924250188331,0.6144133156296392,0.5076766048322657,0.1765969388762751,0.09701400775331095,0.06381667749892714,0.13148483432533592,-2.4144814143582534,-0.6808164635043783,-0.8924364598707546,-1.245492862670373,-2.4088955695593404,-0.0514072364796089,-0.3827816821450103,-0.13925670723302977,4.0,-0.134216689460706,-0.19345295703856555,-0.2037288198377348
2025-10-11|caulfield|5,2025-10-11,caulfield,5,V4,2,good,1400,4,4,0.4634696741063194,-0.8744912519182972,-0.4546864906332177,0.5855583292787044,even,0.3554844341048275,0.2766829384953506,0.2503743425497091,0.31344039748278013,0.1170952170857612,0.06142720895245356,0.046241629479908626,0.08875378204342017,0.3865728363225345,0.5227402960676449,0.6611750105821815,0.49641370602639334,0.1408475124868766,0.13914955648455085,0.04220901738820091,0.10139211444740633,-0.1564036543713885,-0.6044350141249326,-0.721715371896374,-1.118785042687147,0.653737197646543,-0.093845352313132,-0.24498315628515252,-0.0034422608123826637,0.2539259329794218,-0.0932654958468727,-0.31302427509537,0.3017842183171583
2025-10-11|caulfield|6,2025-10-11,caulfield,6,V5,2,good,2000,5,5,0.44502429763691975,-0.8008955208585805,-0.2283382574742212,0.386377742017771,even,0.2563842507594831,0.25951661088443856,0.14356845001504442,0.21125793046170763,0.1051314062588309,0.057674618728145506,0.040464718970409104,0.07926473134346218,0.4830618901812137,0.5673519852747403,0.7836875765113628,0.6033121647132733,0.1554224528004721,0.11545678511267565,0.03227925450318374,0.10616517348155674,-0.4049018317841942,-0.3814066683199782,-0.7767779417574914,-1.292488761774346,1.442950819809054,-0.1763405187700433,-0.3092773337872802,-0.14938154067954162,-0.1117558003238308,-0.2591201592110757,-0.28382292630560113,0.6019307937300282
2025-10-11|caulfield|7,2025-10-11,caulfield,7,V6,2,good,1600,6,6,0.5611400199096256,-0.7008005825658548,-0.12631017406160872,0.5308140531377029,very_fast_or_collapse,0.2536229550437148,0.27748346683063857,0.20479076784931727,0.23409008016595578,0.1558726813300295,0.06375008923755701,0.056776262150385524,0.1162341136581719,0.4557772232369383,0.5554170392253018,0.7080186182076988,0.5566737812252425,0.1347271403893173,0.10334940470650245,0.03041435179259834,0.09300202495062972,1.2658920775683982,-0.6653996655149914,-1.070329630638855,-1.4348863779504293,-0.5138977215060273,-0.0802421205193904,-0.21213190133289067,0.0964879242968999,0.6557549050466935,-0.1981378762353323,-0.3771522510602503,1.078847841504866
2025-10-11|caulfield|8,2025-10-11,caulfield,8,V7,2,good,1600,7,7,0.610592274976352,-0.27292363369983114,-0.1936725412793319,0.5210903628052485,very_fast_or_collapse,0.25702696638401,0.28923056899094235,0.2663347540958757,0.2607500814687563,0.134358599481751,0.05357562046649298,0.06985245585729946,0.10855614203197039,0.39306701002852,0.5527777144673673,0.61733185932171,0.482772949745796,0.2155474241057189,0.10441609607519728,0.046480930725114736,0.14792082675347723,0.9433095404274184,-0.6653996655149914,-0.9758719408771943,-0.6470449561507546,1.7665234176768403,-0.0802421205193904,-0.12617631224348372,0.058121302287522686,-2.660491329046577,-0.1981378762353323,-0.4707702979604079,0.9031652523415108
2025-10-11|caulfield|9,2025-10-11,caulfield,9,V8,2,good,1100,8,8,0.49452343411957556,-0.09544128368301169,0.144159075520735,-0.08063289754624767,very_fast_or_collapse,0.319832890485007,0.2746130123586534,0.18965824510082244,0.2677630323313332,0.1173640477088781,0.09274376642426674,0.12167661931114894,0.11908907634978644,0.3389066047249645,0.3732596514016732,0.4178659345889756,0.37049033667056896,0.2238964570811503,0.2593835698154066,0.2707992009990531,0.2426575546483114,1.0051234847102146,-0.4419014922859545,-0.3964838331639837,-0.15262964664453157,0.8443625063077357,-0.4325031459263254,0.12094633689656023,0.3104130858064713,-0.197256731545043,-0.0426934540083431,-0.7521145833487799,0.055846919329680805
2025-10-11|caulfield|10,2025-10-11,caulfield,10,V9,2,good,1200,9,9,0.5813471928923759,0.10009808167772875,0.2674294437788299,-0.10085047991282355,slow,0.2827654102567775,0.2503796221018058,0.28099669881599254,0.2820579256804635,0.1209835295112462,0.07053505861886701,0.10348061060599135,0.11398236194914427,0.3832091911296523,0.48284866141413146,0.36959016399016875,0.37776158027385887,0.2130418691023238,0.19623665786519567,0.24593252658784734,0.22619813209653322,-1.564443844897107,-0.1378477503292568,-0.5102015381315993,0.2338991966306243,-0.0105389181168196,-0.1991185191495843,0.06577903960605858,0.41252215911005985,0.0092395994448764,-0.0108947092069428,-0.6121469008039354,0.0401778726306099
2025-10-18|caulfield|1,2025-10-18,caulfield,1,V0,2,good,1400,0,0,0.0,0.0,0.0,0.0,fast,0.4258072535631594,0.299985517357453,0.299985517357453,0.3754785590808768,0.0973430716703808,0.05475381100076666,0.05475381100076666,0.08030736740253513,0.3384204217073761,0.4930384167803251,0.4930384167803251,0.40026761973655567,0.1384292530590836,0.15222225486145535,0.15222225486145535,0.1439464537800323,0.8719767926566812,-0.6044350141249326,-0.42798807615491313,-0.42798807615491313,-2.193274147948354,-0.093845352313132,-0.4415777450276839,-0.4415777450276839,-0.2517465510722518,-0.0932654958468727,-0.08306052788435928,-0.08306052788435928
2025-10-18|caulfield|2,2025-10-18,caulfield,2,V1,2,good,2000,1,1,0.15536240349696362,0.13547241030071547,-0.3407523431530113,-0.03911194924665615,slow,0.3293512708209604,0.2665508135470475,0.2815690612979601,0.31023838701176026,0.0980103238636466,0.05982025614792601,0.0716362689825709,0.08746070191121631,0.4322741152018227,0.5323935414455964,0.5201722869027143,0.46743338388217937,0.1403642901135702,0.14123538885942996,0.12662238281675467,0.134867527194844,-2.6819987595755657,-0.4958209948265083,-0.5616410435947655,-0.3691800885493586,1.283053850733669,-0.1855431829808823,-0.45519398279365575,-0.7101962953650239,-0.2910960119846336,-0.1022802644212175,-0.11278066581860902,-0.07115270615453811
2025-10-18|caulfield|3,2025-10-18,caulfield,3,V2,2,good,2000,2,2,0.39527322669938203,-0.7299230036049598,0.18417175729290358,-0.11140650781710144,slow,0.330129562002404,0.254921326953115,0.2979152546199782,0.31724383904943365,0.0927486550000613,0.05979256705278849,0.06411010809173992,0.08129323623673275,0.4360842445767548,0.5396583856961069,0.5569998399600924,0.48445048273008984,0.1410375384207798,0.1456277202979897,0.08097479732818952,0.11701244198374368,-1.0815798569121668,-0.4958209948265083,-0.5835613754305733,-1.0133092955511498,-0.9990577414803656,-0.1855431829808823,-0.3927224434950998,0.27810417046787084,-1.0578855069685518,-0.1022802644212175,-0.17882737855784955,0.13555795735043266
2025-10-18|caulfield|4,2025-10-18,caulfield,4,V3,2,good,1200,3,3,0.3296865842847032,-0.14736932678657869,-0.36105947487471746,-0.1571206117437675,fast,0.4164781171016457,0.361221397130083,0.36109548613419795,0.39432506471466655,0.1368707871303916,0.0661782329212441,0.08209826462375633,0.1149617781277375,0.2833151662821199,0.3890831941329326,0.4054553972170666,0.33217125865609853,0.1633359294858427,0.1835171758157404,0.15135085202497905,0.15854189850149725,1.1305749873131488,-0.2634866572863431,-0.2106630298628358,-0.1280599077701185,0.1473025796558068,-0.1458937537746499,-0.2443521365050836,-0.3666946379218377,0.08431134493458,-0.1638459878084309,-0.2567107239263574,-0.21211887978952845
2025-10-18|caulfield|5,2025-10-18,caulfield,5,V4,2,good,1100,4,4,0.4353445534565031,0.18241849353905595,-0.17984165029720392,-0.07343089830905761,even,0.3919491954474872,0.24717024027181142,0.3204450608119517,0.363347541593273,0.1017198859826536,0.06828218744362759,0.1037755870473574,0.10254216640853511,0.3246770248892227,0.44298133947510454,0.3579936255132035,0.33800366513881497,0.1816538936806363,0.2415662328094565,0.2177857266274874,0.19610662685937674,-0.0562075632897154,-0.4452592052204724,-0.3066220251082332,0.2201291645119765,-0.1107372888692908,-0.1920505063326234,-0.09765453292909826,0.0002743943338275323,-0.4856333468231478,0.1616986769707453,-0.4238889202927144,-0.022179937171821595
2025-10-18|caulfield|6,2025-10-18,caulfield,6,V5,2,good,1000,5,5,0.49196374138409105,0.10395867273491267,-0.13821619474267022,-0.15113437092622395,very_fast_or_collapse,0.3853654391987673,0.301336238813334,0.35892978885029614,0.37479117905937887,0.1370407984567662,0.1030572989408551,0.15103176682788025,0.1426371858052118,0.3184818059549574,0.32313789741979565,0.2269328883416395,0.28186223890963025,0.1591119563895089,0.2724685648260152,0.2631055559801841,0.200709396225779,1.3856601112138764,-0.4419014922859545,-0.2551985125783268,0.29456162083462334,0.8586864893158781,-0.4325031459263254,-0.028231417334860093,0.16111705799350254,-1.1099936052778017,-0.0426934540083431,-0.5748783825514038,-0.1900499955902313
2025-10-18|caulfield|7,2025-10-18,caulfield,7,V6,2,good,1600,6,6,0.49103005479053824,0.039316900327105414,-0.07348329953204094,-0.2588187039037092,slow,0.3587529176814285,0.28759305578533606,0.3193302741486186,0.3429838602683045,0.129057086745125,0.06632647369042956,0.09803712904941747,0.116649103666842,0.3904001527676703,0.515422130103184,0.45614639803237306,0.4166986508735514,0.1217898428057761,0.13065834042105023,0.12648619876959083,0.123668385191302,-0.7638152114072733,-0.6653996655149914,-0.8696438109491844,-0.3654616704347992,0.5111929966559473,-0.0802421205193904,-0.14558114142850875,-0.040082113107399106,-0.003606902457101,-0.1981378762353323,-0.4293444321555179,-0.13628324619768048
2025-10-18|caulfield|8,2025-10-18,caulfield,8,V7,2,good,1400,7,7,0.5702919703848935,0.04222504669469638,0.003728830419937802,-0.20784020713766554,slow,0.4441161220624581,0.2869716691765265,0.4097594026399131,0.4303734342934401,0.1002802069466566,0.0716742357014211,0.1009481866274383,0.10054739881896928,0.3273726969322971,0.4362636799291574,0.2593790788631113,0.3001752497046228,0.128230974058588,0.20509041519289492,0.22991333186953716,0.16890391718296766,-0.7200644594412231,-0.3693037860761984,-0.4160295995218055,0.26698567339024226,-1.0801285588820912,-0.1645417671907071,-0.012499935016720864,0.345414685926861,1.3062321046201717,-0.2052907878615527,-0.5285254471251205,-0.1756466169248889
2025-10-18|caulfield|9,2025-10-18,caulfield,9,V8,2,good,2400,8,8,0.3434030167286669,-0.25816559117592647,-0.04379355782682354,-0.04632484413177468,slow,0.2619326106909592,0.25019085498743976,0.17712187389739592,0.22800831597353388,0.1104464913920137,0.07647619469836366,0.06799147336153376,0.09346448417982173,0.4686292874035151,0.5203611141794898,0.5422975935488169,0.49809660986163584,0.1589916105135119,0.15297183613470675,0.21258905919225335,0.1804305899850085,-3.2117082783660518,-0.5468329497271784,-0.8584491357094646,-0.5483315368017543,-1.1956881645266977,-0.2889370403473303,-0.04909413895230333,0.2402930635546909,-1.751448882508792,-0.2009275683744046,-0.5951975093386053,-0.7142524164091396
2025-10-18|caulfield|10,2025-10-18,caulfield,10,V9,2,good,1400,9,9,0.5898280800328292,-0.21963641779488216,-0.22886100792386369,0.017504043655699845,slow,0.4373443477229957,0.22754704442007156,0.18151232112962795,0.33501153708564857,0.0811098387836739,0.08715952083558111,0.11862963183604808,0.09611775600462358,0.378565812507136,0.43360922028805604,0.3294373929034784,0.35891444466567296,0.1029800009861943,0.2516842144562913,0.3704206541308456,0.2099562622440548,-0.6167640728547165,-0.5778822605310765,-0.5602556918087469,-0.10531513017435806,0.3254535832439489,-0.2893301257914973,0.1489561272698771,0.5084765516164134,-1.315731974471953,-0.1738621972107983,-0.7516747642339693,-0.056164267080076324
2025-10-25|the-valley|1,2025-10-25,the-valley,1,V0,2,good,1000,0,0,0.0,0.0,0.0,0.0,very_fast_or_collapse,0.3995690378005778,0.29008441852018707,0.29008441852018707,0.3557751900884215,0.1293821700837517,0.07280907645945885,0.07280907645945885,0.10675293263403454,0.3190348065589655,0.4128064706134914,0.4128064706134914,0.35654347218077587,0.1520139855567048,0.22430003440686264,0.22430003440686264,0.18092840509676794,4.0,-0.4452592052204724,-0.21982976608670912,-0.21982976608670912,-2.610931972167512,-0.1920505063326234,-0.34141248680574154,-0.34141248680574154,1.036412630415269,0.1616986769707453,-0.15921637708980077,-0.15921637708980077
2025-10-25|the-valley|2,2025-10-25,the-valley,2,V1,2,good,1200,1,1,0.2637669986665615,1.055067994666246,-0.688677690021191,0.27337144890475173,fast,0.3573960200011297,0.3736678061490134,0.49474429164305345,0.41233532865789924,0.16836311562017,0.06846867297688453,0.12010081901310186,0.14905819697734274,0.3284601736319323,0.4093824122568124,0.2246447596196099,0.28693400802700336,0.1457806907467679,0.14848110861728972,0.16051012972423484,0.15167246633775466,0.8897537678201879,-0.2634866572863431,-0.33978233576441425,0.7714923051075734,0.1580837717523253,-0.1458937537746499,-0.4258565729634133,-0.7549259215575364,-0.6899962941772091,-0.1638459878084309,-0.08420662705287821,0.6256211613896832
2025-10-25|the-valley|3,2025-10-25,the-valley,3,V2,2,good,1200,2,2,0.44421244316632363,0.9125316953981119,-0.39031622272400246,-0.019370912462351408,even,0.3636220706373142,0.3793888957140533,0.5830237294279097,0.45138273415355246,0.1483634982841733,0.061152966236898636,0.11047082277637944,0.13320642808105576,0.2903557698708631,0.4019396140241697,0.14203003890184912,0.2310254774832575,0.1976586612076493,0.15751852402487831,0.16447540889386167,0.18438536028213426,0.0430526016687205,-0.2634866572863431,-0.2504638831976888,0.9099327384020518,-1.180358829084038,-0.1458937537746499,-0.33478664367449606,-0.16898618407006644,0.2170774858085609,-0.1638459878084309,-0.1746595445704426,0.5763783626429464
2025-10-25|the-valley|4,2025-10-25,the-valley,4,V3,2,good,1600,3,3,0.3747889759505116,0.447123058297323,-0.3777360242684042,0.025495592861466077,slow,0.3020129818986691,0.2044635090920374,0.27699210143374325,0.2920046297126988,0.0877504927048145,0.09091193978027065,0.1471007459013662,0.1114905939834352,0.5014000057106037,0.47529542066168223,0.29480660582076146,0.4187626457546668,0.1088365196859124,0.22932913046600978,0.281100546844129,0.17774213054919905,-0.6580397653430268,-0.635334453832482,-0.5802396250936501,0.20766104663135776,-0.3854232911294817,-0.4126052375048022,-0.23707172434659782,-0.03574333944427628,0.3529312113540348,0.031689046116367,-0.3917238468847273,0.007641001633882413
2025-10-25|the-valley|5,2025-10-25,the-valley,5,V4,2,good,2040,4,4,0.3246194935761002,0.08704265467759029,-0.22621576566758692,0.06829268662428513,even,0.2318962871573405,0.1677332875222579,0.19334286072896278,0.2164749165859894,0.06592388148275,0.05792736641196547,0.07763166790036773,0.07060699604979709,0.5930266162129809,0.6344312423692791,0.5540234581142887,0.5774253529735041,0.1091532151469285,0.13990810369649748,0.1750020132563808,0.1354927343907094,0.1535618191452862,-0.8728575215508326,-0.9816826656645866,-0.5442204642504576,0.7001043326212831,-0.2424473104718875,-0.2847060411885063,0.04708425145934517,0.5454577446202019,-0.1020089966341578,-0.3456654015684034,-0.02718126745403701
2025-10-25|the-valley|6,2025-10-25,the-valley,6,V5,2,good,2040,5,5,0.47409109020567214,0.09699341088666628,0.03696195039306483,0.1878489733453374,slow,0.253747824233124,0.1811846557058007,0.2689864222719935,0.2598432634486718,0.0702103329060796,0.05977004784304535,0.09788115159019635,0.08127866037972631,0.5512290546932301,0.6177279491483185,0.4570763867839922,0.5135679875295349,0.1248127881675661,0.1413173473028355,0.17605603935381797,0.14531008864206685,-0.7536341585745449,-0.8728575215508326,-0.9838753982285605,-0.3305076343911455,1.0416186412170203,-0.2424473104718875,-0.21261244133358156,0.6559944267637307,0.7683329520994258,-0.1020089966341578,-0.42964563361319275,0.37527447986115126
2025-10-25|the-valley|7,2025-10-25,the-valley,7,V6,2,good,1600,6,6,0.5324737674342221,0.017308887038697596,-0.04485841034798727,0.20609104267520745,slow,0.3301437727384383,0.1959993032620029,0.3019213650785451,0.31885480967448104,0.0872726940366147,0.09705385624321014,0.13726004346557244,0.10726763380819779,0.4723542256040483,0.45052645377964196,0.28329683363519587,0.3967312688165073,0.1102293076208986,0.25642038671514494,0.27752175782068667,0.1771462877008138,-0.5373991416968139,-0.635334453832482,-0.6108638124057295,0.051708177311888204,1.0840030063016648,-0.4126052375048022,-0.02669409578673962,0.8417481689317476,0.8313490756339452,0.031689046116367,-0.6091703298149997,0.2167246917332383
2025-10-25|the-valley|8,2025-10-25,the-valley,8,V7,2,good,1200,7,7,0.5378161968350154,0.1743415158212352,-0.08535699680621046,0.199165762435086,very_fast_or_collapse,0.4043533638776292,0.3326460463072768,0.4603601062983608,0.4267560608459219,0.1514643422976832,0.07812989003371099,0.10072871049624736,0.13117008957710888,0.3005385141303103,0.3910282352934388,0.20731733904424857,0.2632500440958856,0.1436437796943771,0.1981958283655735,0.2315938441611431,0.1788238054810835,1.3489815189531904,-0.2634866572863431,-0.3916020972017395,0.45411371673210443,0.2423951166868979,-0.1458937537746499,-0.00530048824948115,0.781978890177208,0.2403357878594734,-0.1638459878084309,-0.5117757046331839,0.2873838198248157
2025-10-25|the-valley|9,2025-10-25,the-valley,9,V8,2,good,2040,8,8,0.5450531688132029,-0.04408018397001586,0.296462797195673,0.30598383324580275,slow,0.2268419129321879,0.1547407440976225,0.165857693625467,0.20244822520949954,0.0682983175222438,0.06390181967278975,0.10236569164459802,0.08192526717118549,0.5962839299845885,0.6279590922517441,0.5078109741840596,0.560894747664377,0.1085758395609797,0.1533983439778436,0.22396564054587545,0.154731759954938,-0.8528587186376558,-0.8728575215508326,-1.1067542087246076,-0.28362610581366543,-2.236918721302132,-0.2424473104718875,-0.032225569212914834,1.2302633366559397,0.2873917149074194,-0.1020089966341578,-0.6111323190277198,0.44117112566978556
2025-10-25|the-valley|10,2025-10-25,the-valley,10,V9,2,good,2040,9,9,0.6001124542620343,-0.20288670441869103,-0.2296000714470239,0.2821102623127019,even,0.2303218211223308,0.15529272276840358,0.1567297257404693,0.20088498296958618,0.0717452974324946,0.0674225727897616,0.10654433588303074,0.08566491281270905,0.5915870377597097,0.6193356002507087,0.49548564414752394,0.5531464803148354,0.1063458436854647,0.1579491041911262,0.24124029422897603,0.16030362390286923,-0.0165374266771829,-0.8728575215508326,-1.1393666172980565,-0.26451500775158465,1.6563443966893605,-0.2424473104718875,0.03333907526919916,0.9203848340850008,0.2522008926738567,-0.1020089966341578,-0.680137443801831,0.03597781645340484
2025-11-01|flemington|1,2025-11-01,flemington,1,V0,2,good,1600,0,0,0.0,0.0,0.0,0.0,very_fast_or_collapse,0.2974649827860427,0.24048514954359412,0.24048514954359412,0.2746730494890633,0.1005507652096542,0.04950224766569345,0.04950224766569345,0.0801313581920699,0.4940612776040075,0.6104722994367967,0.6104722994367967,0.5406256863371232,0.1079229744002955,0.09954030335391564,0.09954030335391564,0.10456990598174355,1.2983947119924495,-0.6808164635043783,-0.8521227349535057,-0.8521227349535057,1.8647685703176415,-0.0514072364796089,-0.5768802247407481,-0.5768802247407481,-1.6830453385052773,-0.134216689460706,0.023512304406608425,0.023512304406608425
2025-11-01|flemington|2,2025-11-01,flemington,2,V1,2,good,1400,1,1,0.2637669986665615,0.34247367626678293,0.4918644090004192,-0.44393181755728395,even,0.3966884457747286,0.2964298051430556,0.4212841946053158,0.40652674530696353,0.0988167769629914,0.06271820766830127,0.09797404559430958,0.09847968441551867,0.3901246121907699,0.486607314304854,0.26033074787650606,0.3382070664650644,0.11437016507151,0.15424467288378912,0.22041101192386847,0.1567865038124534,0.2248302531588617,-0.3693037860761984,-0.40053964568806555,0.14286609932062466,0.6170872905849666,-0.1645417671907071,-0.4505015209390735,0.15012773650802433,0.1552784482248227,-0.2052907878615527,-0.08737143787029106,-0.033683905295135125
2025-11-01|flemington|3,2025-11-01,flemington,3,V2,2,good,1200,2,2,0.36414543322206677,0.22824131112476942,0.39481910833461026,-0.19409419385768337,slow,0.3065894319406587,0.335046062777716,0.46760477932270655,0.37099557089347784,0.1637263111715161,0.07090339928355682,0.10558558081696454,0.14047001902969547,0.3385750071106231,0.41691036762383615,0.2196685164442331,0.2910124108440671,0.1911092497772019,0.17714017031489096,0.20714112341609586,0.19752199923275948,-1.9030274999518368,-0.1378477503292568,-0.2622542649668833,0.2873937871227399,-0.7187196617373546,-0.1991185191495843,-0.3381205179350069,0.42102941358537505,4.0,-0.0108947092069428,-0.16905206352226052,0.1972791849112644
2025-11-01|flemington|4,2025-11-01,flemington,4,V3,2,good,2000,3,3,0.31719054475971464,0.011108149569585779,0.22810053460232796,0.1704419445670251,even,0.2965041611920861,0.2332528446605851,0.349708177208884,0.3177857675988053,0.0818052597189402,0.06689425280212614,0.08347134488929098,0.08247169378708051,0.5183260988919955,0.5595916186078748,0.38998357270885725,0.4669890884187402,0.103364480196978,0.14026128392941403,0.1768369051929677,0.13275345019537388,-0.1384798873269316,-0.6590181601801475,-0.7791937565999543,-0.37755597113416295,-0.3812127489769227,-0.26480848650196,-0.37085189661782764,0.43396059802873943,0.581366277165699,-0.2512099166015469,-0.2544213881952253,0.11184340678174273
2025-11-01|flemington|5,2025-11-01,flemington,5,V4,2,good,1400,4,4,0.5099973279671679,-0.12026812315158553,0.15650268131954295,0.49329251372014976,fast,0.3779065871020378,0.26080706686121874,0.31316861935966345,0.352011400005088,0.0917463185470357,0.07821538005362717,0.12766390396893051,0.10611335271579363,0.4167379448753245,0.4727906397553385,0.4059975539311471,0.41244178849765356,0.1136091494756019,0.18818691332981563,0.15316992274025887,0.12943345878146467,0.5199199604298753,-0.5778822605310765,-0.5614273097237961,-0.2062769126282204,0.7892976972598373,-0.2893301257914973,-0.21925151542758106,0.7506620222175066,1.0966540405878291,-0.1738621972107983,-0.3874165316796361,1.0012718377467762
2025-11-01|flemington|6,2025-11-01,flemington,6,V5,2,good,1200,5,5,0.535083395462097,-0.1318714355746048,0.16362212678227728,0.7784394943033458,very_fast_or_collapse,0.3185383037117202,0.34076311397310227,0.3979993345955128,0.35032271606523724,0.1655322681786326,0.05719624383102657,0.08389314159872922,0.13287661754667124,0.303966442402328,0.4471675504992431,0.4161640494104271,0.3488454852055677,0.2119629857073189,0.1548730916966281,0.10194347439533087,0.1679551811825237,1.2164922626274473,-0.0125622926902965,-0.316380156670177,0.010551047026759741,0.995150300867107,-0.0255410583085807,-0.1911237986694338,0.8520715277428638,0.7334268452561057,-0.0712326345738661,-0.2635800947850111,1.5738044127960988
2025-11-01|flemington|7,2025-11-01,flemington,7,V6,2,good,2500,6,6,0.2822818656990832,0.06281592588800594,0.09797967145057691,0.19133779741462298,slow,0.2732756871212369,0.2274543015598394,0.1820449316587469,0.2367833849362409,0.0870280272611464,0.06971337226712873,0.0741924335189735,0.08189378976427725,0.5024404225804208,0.5497357852526129,0.5359014206734112,0.5158248218176169,0.1372558630371958,0.153096540920419,0.2078612141488683,0.1654980034818648,-3.7185842214900937,-0.5468329497271784,-0.7854148979850135,-0.39548433693220975,0.0524603924037354,-0.2889370403473303,-0.1801765476172588,0.25530386453803533,-0.5447809980387899,-0.2009275683744046,-0.4541898155859506,0.04913443722832242
2025-11-01|flemington|8,2025-11-01,flemington,8,V7,2,good,1600,7,7,0.5383082288667165,-0.013555067016584519,0.3121984759832755,0.32051603462209605,even,0.2917961766784617,0.26470646744315923,0.3183345167405598,0.3024115127033009,0.1374537229400587,0.06584457718151579,0.10641190547037009,0.12503699595218326,0.4477641011299036,0.5544161908154703,0.34570507315832255,0.4069404899412712,0.122985999251576,0.11503276455985462,0.2295485046307476,0.16561100140324464,-0.1053891811682183,-0.6653996655149914,-1.0422244882632121,-0.5229806690376377,3.650185286579229,-0.0802421205193904,-0.13266738404228062,1.041963507783412,1.0530964216356296,-0.1981378762353323,-0.4576097950245125,0.8055408276690009
2025-11-01|flemington|9,2025-11-01,flemington,9,V8,2,good,1100,8,8,0.5284836510204921,0.02159277395158312,0.5954148099228131,0.5890576775282277,slow,0.372749480476046,0.23596368253736613,0.2983840595381107,0.34300331210087187,0.1188831692818866,0.0876629125141299,0.10646658104052362,0.1139165339853414,0.3678324245484933,0.42403581522333705,0.3008826822503342,0.34105252762922966,0.1405349256935739,0.2523375897251669,0.2942666771710315,0.20202762628455695,-0.8797705558390329,-0.3252619097722398,-0.4612260683373892,0.029098774453244936,0.040878227847058,-0.2436063777468637,0.09883816305529536,1.4279811007537984,2.5593690462331025,0.0667227200057794,-0.6491761018954919,1.0488616159631061
2025-11-08|flemington|1,2025-11-08,flemington,1,V0,2,soft,1000,0,0,0.0,0.0,0.0,0.0,slow,0.4604990585854442,0.331109630342634,0.331109630342634,0.40874328728832016,0.1091868138962724,0.10083695230456942,0.10083695230456942,0.1058468692595912,0.3082060547130755,0.2714444910499384,0.2714444910499384,0.29350142924782063,0.1221080728052075,0.29660892630285823,0.29660892630285823,0.1919084142042678,-0.941476685102756,-0.2322655312169092,0.18550955602106656,0.18550955602106656,0.2921361251236237,-0.5425713006183562,-0.34213090501121035,-0.34213090501121035,-4.0,-0.2061640684803851,-0.24346624430476768,-0.24346624430476768
2025-11-08|flemington|2,2025-11-08,flemington,2,V1,2,soft,1600,1,1,0.15536240349696362,-0.14627008063391814,0.045386970547495874,-0.6214496139878545,very_fast_or_collapse,0.2303092372214141,0.1747009438996674,0.1942703447529001,0.2158936802340085,0.0710730788562839,0.06996252629288667,0.08086008980544102,0.07498788323594674,0.6151058389254782,0.5834624569620536,0.544966034573117,0.5870499171845337,0.0835118449968236,0.1718740728453922,0.17990353086854186,0.12206851934551091,1.4110036577556233,-0.7363561899306722,-0.7588226001624041,-0.7655112053962451,-1.009161747003145,-0.3205422570471556,-0.44446511469478833,-0.5714738368426118,-2.498516845588039,-0.0638404319484853,-0.16061277732336662,-0.8194622358707545
2025-11-08|flemington|6,2025-11-08,flemington,6,V2,2,heavy,1200,2,0,0.0,0.0,0.0,0.0,slow,0.2731086655055633,0.23580637026702858,0.23580637026702858,0.2581877474101494,0.1016673196386221,0.069106723531787,0.069106723531787,0.08864308119588807,0.5102011547343991,0.5427840494424718,0.5427840494424718,0.5232343126176282,0.1150228601214153,0.15230285675871263,0.15230285675871263,0.12993485877633423,-1.1353927784522715,-0.4141422729191205,-0.628277951806898,-0.628277951806898,-3.004549746759396,-0.2411914696787404,-0.4206592506185115,-0.4206592506185115,-3.5009282277594997,-0.0931597960977069,-0.15377459838709254,-0.15377459838709254
2025-11-08|flemington|7,2025-11-08,flemington,7,V3,2,heavy,1600,3,1,0.20427055865291668,-0.23192731714493275,-0.6137410552710212,-0.7151365648881985,very_fast_or_collapse,0.2737826143278505,0.23178790152263534,0.22800946885340617,0.25547335613807276,0.1037410987875858,0.07195412374448752,0.0763161339832728,0.09277111286586061,0.5107128638439102,0.538766683789415,0.5920280799334328,0.5432389502797192,0.1117634230406532,0.1574912909434621,0.10364631722988835,0.10851658071634726,1.105635833181238,-0.4141422729191205,-0.6587831311772314,-0.7741303478878403,-2.0649794020898904,-0.2411914696787404,-0.355659876584509,-1.2386232874625862,-4.0,-0.0931597960977069,-0.22078874467218487,-1.2148838495983356
2025-11-15|caulfield|1,2025-11-15,caulfield,1,V0,2,good,1100,0,0,0.0,0.0,0.0,0.0,even,0.3485030418988346,0.27904110827928347,0.27904110827928347,0.32071826845101414,0.1285596185979595,0.06943691144701247,0.06943691144701247,0.10491053573758069,0.3588731951823806,0.4569876985433901,0.4569876985433901,0.3981189965267844,0.1640641443208252,0.1945342817303139,0.1945342817303139,0.17625219928462066,0.0532492704849965,-0.4452592052204724,-0.34246786915378324,-0.34246786915378324,0.0416352320664599,-0.1920505063326234,-0.3911109319003393,-0.3911109319003393,-0.5745662025171017,0.1616986769707453,-0.12813465377554126,-0.12813465377554126
2025-11-15|caulfield|2,2025-11-15,caulfield,2,V1,2,good,2400,1,1,0.054176238376217954,0.0028848451711548776,0.002255640257281685,-0.03112783555048482,slow,0.24006493238748,0.22596252979701162,0.2185597405588377,0.23146285565602306,0.0816228649465073,0.0630830820388467,0.06461853119839196,0.07482113144726117,0.5775289522900338,0.6045399882431516,0.6031374200013417,0.5877723393745569,0.1007832503759788,0.10641439992099026,0.11368430824142853,0.1059436735221587,-3.3406260033452355,-1.217851584210598,-1.1527407008719464,-1.097043879030959,-1.3855870476081935,-0.2984938392416225,-0.48934842174949655,-0.45924061368183766,-0.9492616155063242,-0.2905007137942362,-0.20915175808083306,-0.20969788268536957
2025-11-15|caulfield|3,2025-11-15,caulfield,3,V2,2,good,1700,2,2,0.23625700691097684,-0.39100561019823876,-0.1598829709150825,-0.18030257668470487,slow,0.2552075575211024,0.19524140343038443,0.18104101226646416,0.22554093941924713,0.0835158075483507,0.08345179183357308,0.08626388696695252,0.08461503931579142,0.5468865670668397,0.5130070072083976,0.5663512176380265,0.5546724272953144,0.114390067863707,0.20829979752764485,0.16634388312855675,0.1351715939696469,-1.0134628780634942,-0.635334453832482,-0.6196070101866261,-0.8235575424785148,-0.6744907594765892,-0.4126052375048022,-0.33018156432016055,-0.28979500175064504,-0.7624678150605021,0.031689046116367,-0.29877704107935144,-0.42692511901416974
2025-11-15|caulfield|4,2025-11-15,caulfield,4,V3,2,good,1100,3,3,0.3673375396681572,-0.20730382910360096,-0.11124320822710557,-0.2442678211907838,even,0.3582260327838736,0.27185502314020427,0.2971796264910628,0.3338074702667493,0.1264852841871609,0.07150043677462935,0.09339341380987448,0.11324853603624632,0.3304481695647698,0.4383735531892456,0.4219144469583727,0.367034680522211,0.1848405134641954,0.21827098689592095,0.18751251274069,0.18590931317479323,-0.1774975682833112,-0.4452592052204724,-0.35592948482132075,-0.27198869203084636,0.6078743881702664,-0.1920505063326234,-0.17767499556425756,-0.07196499508260441,-0.474641645557608,0.1616986769707453,-0.3457906847971053,-0.3131227339632605
2025-11-15|caulfield|5,2025-11-15,caulfield,5,V4,2,good,1600,4,4,0.44115439730932493,-0.38967559414660835,-0.12769173279759727,-0.2977149964562043,slow,0.2925259241517167,0.21970269485236885,0.24152352499703586,0.27212496448984436,0.0969334898529559,0.05223757086992117,0.06024668095384184,0.08225876629331028,0.4953207846150507,0.6195971248228241,0.6320871626558061,0.5500273358313528,0.1152198013802767,0.10846260945488585,0.06614263139331622,0.0955889333854925,-1.531390969629255,-0.6808164635043783,-0.9651507761661092,-0.9867415127491891,-0.4998458306835451,-0.0514072364796089,-0.3267231098189876,-0.2840007113950668,0.2340069981857557,-0.134216689460706,-0.24294232716430944,-0.2310207712792602
2025-11-15|caulfield|6,2025-11-15,caulfield,6,V5,2,good,1200,5,5,0.5018134313396173,-0.3638142806703612,-0.03075562885329119,-0.18887161380274098,even,0.3157897121548075,0.2896841039298989,0.35965546007665244,0.3333360113235455,0.122387938011545,0.06573050163610254,0.08484609670657273,0.10737120148955609,0.3426059730189581,0.450828212709582,0.3932994731682959,0.3628833730786932,0.2192163768146892,0.19375718172441658,0.1621989700484789,0.19640941410820506,-0.3474649367000622,-0.1378477503292568,-0.2983982205832901,-0.13363324576700247,-1.1450657079486453,-0.1991185191495843,-0.15149953618416054,0.1805164542798743,0.9730358497367312,-0.0108947092069428,-0.371463367035046,-0.2125967437049219
2025-11-15|caulfield|7,2025-11-15,caulfield,7,V6,2,good,1600,6,6,0.5505802699255319,-0.5461529500740916,-0.29756744259611656,-0.010857266879752032,slow,0.3490229351095271,0.2536442099172153,0.2791900860874945,0.32108979550071404,0.090861017656556,0.07028513576793302,0.08166311153539416,0.08718185520809127,0.4007889755733612,0.4805324082197316,0.5317559590337119,0.45317576895750145,0.1593270716605556,0.1955382460951201,0.10739084334339943,0.13855258033369314,-4.0,-0.253535025942937,-0.4227289535665443,-0.29988884194069854,-0.9334470332042112,-0.2600328644522876,-0.1223897215819747,-0.023192791630205517,1.1218570795376026,-0.1256720201137555,-0.4513675238517323,-0.2221245241821995
2025-11-15|caulfield|8,2025-11-15,caulfield,8,V7,2,good,1400,7,7,0.5786268177574184,-0.9369526540179083,-0.35524666713008957,0.19363735967740037,very_fast_or_collapse,0.3334187610883732,0.2976694810725397,0.3139824836398773,0.32564425010897485,0.1456688746586675,0.05177618377277085,0.04600554771197723,0.1058035438799914,0.3649104870184259,0.53800176992188,0.5790876416331256,0.4505813488643058,0.1560018772345334,0.11255256523280943,0.06092432701501988,0.117970857146728,1.2122604190592812,-0.2377675913714921,-0.7287625929367196,-0.9945387523298528,0.8569002101526558,0.0728552384881741,-0.15110450735925143,0.16186616653327243,-0.0667812633145107,-0.1826826563167772,-0.33926329007394807,0.08397147626036139
2025-11-15|caulfield|9,2025-11-15,caulfield,9,V8,2,good,1200,8,8,0.6013578653874029,-0.3867424899852193,-0.13098241192136403,0.13359528270553786,even,0.3010456327707135,0.28312210987957137,0.28840983293460526,0.2959913128362702,0.1284772124658742,0.06881804318020883,0.08475333770296072,0.11098766256070881,0.3255363534526629,0.43787465415874754,0.5126122013967532,0.400366692630299,0.2449408013107492,0.21018519278147224,0.1142246279656808,0.1926543319727218,0.1839520253117993,-0.1378477503292568,-0.35498225323081695,-0.08881087964213835,-2.415618068823155,-0.1991185191495843,0.05021791315827062,0.20158780160747367,0.6192046316506479,-0.0108947092069428,-0.5782456572097214,0.25443088483104115
2025-11-15|caulfield|10,2025-11-15,caulfield,10,V9,2,good,1400,9,9,0.6342282203015314,-0.3581438873712222,-0.40079466997740826,0.18821114279961948,slow,0.3706942259151844,0.29504400573284384,0.27514825012775457,0.3324758356002125,0.1626704833509025,0.08165800923153689,0.11335214737892699,0.1429431489621123,0.3360316325744611,0.4474617698784922,0.47755739201710673,0.39264193635151934,0.1306036581594517,0.17583621515712694,0.1339422104762117,0.1319390790861557,-0.7747528993987975,-0.6044350141249326,-0.800992975404268,-0.20123575121674595,-1.2302032720013365,-0.093845352313132,0.12037667053854437,0.17480803553753707,1.1352814763467485,-0.0932654958468727,-0.674643386884942,-0.105050626974593
2025-11-29|caulfield|1,2025-11-29,caulfield,1,V0,2,soft,2400,0,0,0.0,0.0,0.0,0.0,slow,0.2109898649705869,0.19193668419119886,0.19193668419119886,0.20336859265883167,0.0809402524390065,0.07009347450980165,0.07009347450980165,0.07660154126732456,0.6094653344917612,0.5905854634065089,0.5905854634065089,0.6019133860576602,0.0986045480986451,0.14738437789249062,0.14738437789249062,0.1181164800161833,-3.2453656832296645,-0.9979410685834832,-0.9280893478079193,-0.9280893478079193,0.3513355590915798,-0.3457140658708113,-0.4971598051605661,-0.4971598051605661,-0.2339507256926669,-0.0660070516977636,-0.1522987472280419,-0.1522987472280419
2025-11-29|caulfield|2,2025-11-29,caulfield,2,V1,2,soft,1000,1,1,0.04624380742827149,-0.15007806568959334,0.016247093937335116,-0.010818772306636056,very_fast_or_collapse,0.423298340004628,0.34072733512492004,0.31587252045535635,0.3803280121849193,0.1134001390092333,0.0980331695219274,0.09447219304839859,0.10582896062489941,0.3122389431567266,0.28649676078179875,0.32073190341288604,0.3156361272591904,0.1510625778294117,0.27474273457135395,0.26892338308335906,0.19820689993099067,1.3372716099345043,-0.2322655312169092,0.10502458733463688,0.002068589208849003,0.0749434177196342,-0.5425713006183562,-0.30312233154709906,-0.2665729875619814,-0.0941073641078144,-0.2061640684803851,-0.3007554237340906,-0.31433946833103543
2025-11-29|caulfield|3,2025-11-29,caulfield,3,V2,2,soft,1800,2,2,0.22205501319102816,-0.2507825873738482,0.04967677320072985,-0.03761150688596464,slow,0.2323660633450801,0.1969712710593921,0.16456178763142565,0.2052443530596183,0.0888029478371542,0.06186233459325401,0.06229951060367054,0.07820157294376073,0.5576732777539092,0.5960137734869958,0.6762832853170827,0.6051172807791786,0.1211577110638564,0.14515262086035813,0.09685541644782114,0.11143679321744229,-1.3155757384271287,-0.5791074316197715,-0.7679100348476726,-0.9061970595622094,0.4061449734482772,-0.2271195337762493,-0.4116803136631948,-0.35459773729681254,-0.2360717658168087,-0.012293687205988,-0.17099601426337177,0.02485712272394562
2025-11-29|caulfield|4,2025-11-29,caulfield,4,V3,2,soft,1200,3,3,0.34657540179902707,0.0032514322421818053,0.07430711790189005,-0.05399202646902607,very_fast_or_collapse,0.277714311184207,0.27425480441766403,0.31396130606108263,0.29221310913495724,0.1528340969940584,0.04904425861993906,0.06527575749469468,0.11781076119431291,0.394442867809595,0.5607201474211474,0.5113308348039666,0.4411980546073436,0.1750087240121394,0.11598078954124938,0.10943210164025605,0.14877807506338606,2.174175935860541,-0.1778422521542179,-0.6081799123555661,-0.5100662945390357,-1.659148802508114,0.0581814269181412,-0.373086669838151,-0.26917133250880243,-0.2849142001237321,0.0356940437563243,-0.08520072611614068,0.36095324601829937
2025-11-29|caulfield|5,2025-11-29,caulfield,5,V4,2,soft,2000,4,4,0.3926623953847657,-0.3064123604013962,-0.02407410680479935,-0.09073264957487795,even,0.187353927307974,0.17064231634534693,0.11461760777517904,0.158259399494856,0.0651375556279418,0.06337113998325584,0.06926400836220302,0.06678813672164628,0.6599271924371544,0.6367369733114298,0.7457576016092526,0.6942593561059937,0.0875813246269297,0.1292495703599675,0.0703607822533654,0.08069310767750398,-0.1805455063245374,-1.0943870527423565,-1.1613352276949755,-1.1529823282995513,0.2103916130477437,-0.320967620578172,-0.3143980967203816,-0.38113203905110005,-3.324275885991778,-0.2847086415700651,-0.3634450953897308,-0.10242844306210805
2025-11-29|caulfield|6,2025-11-29,caulfield,6,V5,2,soft,1400,5,5,0.4617440250338306,0.2328815528960917,-0.19253248179839735,-0.41114102693340493,slow,0.3739844532685638,0.2170958590745918,0.20602624247759618,0.30680116895217674,0.0837455292564609,0.051429256117666154,0.08762544817984787,0.08529749682581568,0.3953179012065735,0.5587058219073323,0.5204059581303947,0.44535312397610194,0.1469521162684017,0.17276906290040978,0.18594235121216118,0.1625482102459055,-1.2550226071853152,-0.1655867299002482,-0.419968741746368,-0.0918555269251422,1.65170571808836,-0.029238484483528,-0.19067983262084806,-0.698037758247445,0.5031915189746023,0.0313361952854158,-0.2863360497488361,0.058468594008224545
2025-11-29|caulfield|7,2025-11-29,caulfield,7,V6,2,soft,1800,6,6,0.5270971588289024,-0.3014410586357191,0.2002599651699031,-0.47029852962101787,slow,0.245984910921023,0.19426337920712344,0.3069432426705333,0.2703682436208271,0.0859475001473314,0.0671081257888329,0.07913249440842302,0.08322149785176805,0.5449406880247952,0.5771055213496092,0.4869538931555279,0.5217459700770883,0.1231269009068503,0.1615229736544343,0.1269703697655158,0.12466428845031649,-1.4741894444363697,-0.4141422729191205,-0.7599251684438311,-0.6814158978467809,1.465022939938425,-0.2411914696787404,-0.1851330960588979,-0.21765099636559382,0.7363190790952827,-0.0931597960977069,-0.40469532147184084,-0.47750583120070433
2025-11-29|caulfield|8,2025-11-29,caulfield,8,V7,2,soft,2400,7,7,0.43194639870683427,-0.5449010201951634,0.2667105286466496,-0.2807299493127451,slow,0.2375946575899455,0.17861674354928397,0.16706119170405442,0.20938127123558908,0.0795933812246772,0.06648449217993918,0.05782478410171505,0.07088594237549234,0.5644402896029503,0.5882723207395785,0.6345711826941488,0.5924926468394298,0.1183716715824268,0.16662644353119838,0.14054284150008164,0.12724013954948873,-3.2395156549594035,-0.4141422729191205,-0.7916729249512671,-0.9382413867088507,0.8132483952817294,-0.2411914696787404,-0.1259032546429005,0.07075150814109549,-0.6420388455772491,-0.0931597960977069,-0.4643199791519904,-0.5450038639766143
2025-11-29|caulfield|9,2025-11-29,caulfield,9,V8,2,soft,1100,8,8,0.47180019822126307,-0.07946798852557954,0.15880034677276395,-0.07481560142039907,even,0.3949383472920102,0.30963485902980264,0.26072612507591464,0.341253458405572,0.1390228821726609,0.11805304075336592,0.12283119007673507,0.13254620533429057,0.308535434351015,0.2683539520761966,0.20419644788650348,0.2667998397652104,0.1575033361843136,0.3039581481406348,0.4122462369608468,0.25940049649492686,-0.4536398028338211,-0.2322655312169092,-0.13862826155311025,0.06544537390703797,0.5423740127750014,-0.5425713006183562,0.1364465916177562,0.3213789454861683,0.7077169052636177,-0.2061640684803851,-0.7656441832259278,-0.2612986409552782
2025-11-29|caulfield|10,2025-11-29,caulfield,10,V9,2,soft,1400,9,9,0.559506580656518,-0.35777731423420883,0.3515897553939159,0.03113062684034652,slow,0.3374961808866638,0.19659716510601205,0.18729008663454846,0.27741374318581763,0.0822347505864226,0.051499356702943824,0.05724208070737618,0.07223768263480404,0.4058287832268498,0.5780911482591452,0.5912625885377331,0.48000230535120314,0.1744402853000637,0.17381232993189896,0.16420524412034226,0.17034626882817513,-1.2483112563447487,-0.1655867299002482,-0.5723189284098064,-0.3658868421620822,1.8216561456730185,-0.029238484483528,0.04246105860458793,0.3975606316022394,1.0277954430119571,0.0313361952854158,-0.5422275446769826,0.08251839268034264
2025-12-20|caulfield-heath|1,2025-12-20,caulfield-heath,1,V0,2,good,1800,0,0,0.0,0.0,0.0,0.0,slow,0.2845940022620586,0.19634437009195907,0.19634437009195907,0.24929414939401878,0.0792741374293568,0.04653982303293026,0.04653982303293026,0.06618041167078619,0.5498316568583601,0.6575800115561556,0.6575800115561556,0.5929309987374783,0.0863002034502243,0.09953579531895498,0.09953579531895498,0.09159444019771656,-0.6946798938928568,-0.8776139211096129,-0.9815877539893514,-0.9815877539893514,-0.2697963037906458,-0.0432865398220241,-0.567970058051046,-0.567970058051046,-1.632865287973403,-0.127044061924436,0.005165361684002973,0.005165361684002973
2025-12-20|caulfield-heath|2,2025-12-20,caulfield-heath,2,V1,2,good,1800,1,1,0.3333333333333333,-0.23155996463095224,-0.08993210126354859,-0.5442884293244676,slow,0.3165884514622865,0.22391966096329502,0.28435731605904696,0.30369599730099067,0.0926549059415355,0.05099482524690292,0.0691312144719097,0.08324542935368517,0.4949851836845652,0.6213952200927896,0.5727099981561807,0.5260751094732115,0.0957714589116126,0.10369029369701235,0.0738014713128626,0.0869834638721126,-0.8504401513516467,-0.8776139211096129,-0.9739924894964173,-1.0125453988334558,-3.0711812581500686,-0.0432865398220241,-0.48533683645110626,-0.5829601485826498,0.2422617126601121,-0.127044061924436,-0.08515304214282596,-0.4136677844091816
2025-12-20|caulfield-heath|3,2025-12-20,caulfield-heath,3,V2,2,good,1600,2,2,0.39668694918765085,-0.30923745819303455,-0.7125337928550599,-0.24243450099948374,even,0.3242577397130212,0.2020133510532759,0.2250455351604426,0.2845728578919897,0.0856601669106684,0.09416990133346295,0.11953544523299718,0.09921027823959991,0.5000364424571417,0.4598463891518508,0.5318476151311784,0.5127609115267564,0.0900456509191685,0.24397035846141044,0.12357140447538177,0.1034559523416538,-0.4126384106365335,-0.635334453832482,-0.5175709297047806,-0.5374221311739547,-1.2551393263303627,-0.4126052375048022,-0.2828836334418981,-0.851932758643012,0.4189176545678365,0.031689046116367,-0.3313071159691252,-0.5879733715615011
2025-12-20|caulfield-heath|4,2025-12-20,caulfield-heath,4,V3,2,good,1500,3,3,0.47037556298398536,-0.2844349351669777,-0.7236080410457078,-0.056570943502732216,even,0.4289647207306977,0.2927984959746059,0.3353765438933231,0.3915294499957478,0.1232691435878693,0.07133043524634712,0.08546188674877475,0.10814624085223148,0.3470723852501369,0.46082737375999205,0.5092394268558893,0.4119392018924378,0.1006937504312959,0.17504369501905498,0.06992214250201291,0.08838510725958271,-0.1924308221681674,-0.6044350141249326,-0.5564573039873831,-0.5613189494098801,-0.9815859587392344,-0.093845352313132,-0.24196599917691194,-0.7840315237965151,0.0379903897823482,-0.0932654958468727,-0.28005088856848537,-0.10807444320230564
2025-12-20|caulfield-heath|5,2025-12-20,caulfield-heath,5,V4,2,good,1100,4,4,0.38934139337282203,-0.1708063144966787,-0.5116671472031943,-0.02201642983346669,even,0.4359615878585464,0.24465910945714733,0.24178968679855253,0.3582928274345488,0.1180102127528653,0.08270430526147157,0.09957258723847649,0.11063516254710978,0.3268245939433716,0.4002019223553835,0.4807610321068703,0.38839916920877104,0.1192036054452165,0.27243466292599766,0.17787669385610058,0.14267284080957016,0.0862720738865408,-0.4452592052204724,-0.29839760775108126,-0.2274077514468508,-1.2990192404734435,-0.1920505063326234,-0.07158607457201974,-0.42234858264640185,-1.554758360827415,0.1616986769707453,-0.4308927088866289,-0.23682116325717698
2025-12-20|caulfield-heath|6,2025-12-20,caulfield-heath,6,V5,2,good,1200,5,5,0.5127590066591111,-0.11668924630050019,-0.670733123542849,-0.33795684652112234,very_fast_or_collapse,0.3867615994156556,0.3564136148787524,0.35323188045218057,0.37334971183026555,0.1618069274581332,0.07426082812557698,0.10854998453845016,0.14050415029025998,0.298187682359717,0.3884173077672772,0.4234134424644947,0.3482779864016281,0.1532437907664942,0.18090824922839327,0.11480469254487455,0.13786815147784634,0.9655108201622272,-0.2634866572863431,-0.35292663714475486,-0.09758265293455809,0.3442922981208887,-0.1458937537746499,-0.13719189111311736,-0.810997690733506,-1.0877454917598544,-0.1638459878084309,-0.3754186214976438,-0.3585073940042621
2025-12-20|caulfield-heath|7,2025-12-20,caulfield-heath,7,V6,2,good,1100,6,6,0.5624968422771986,0.10916927973284245,-0.4293552020775316,-0.4965020959832046,fast,0.3946008272027894,0.25275573734658807,0.3421655530547449,0.3736267175435716,0.1472462927761405,0.09126701699574216,0.14154086025681945,0.1449641197684121,0.3328445798697176,0.39511937442747325,0.32697629696578223,0.33049726670814344,0.1253083001513523,0.2608578712301964,0.18931728972265355,0.1509118959798728,0.8705636546732799,-0.4452592052204724,-0.43794370064393007,0.12136706032364264,-1.1741135442740722,-0.1920505063326234,0.03634644351127414,-0.5546612426224589,-0.4344177772900161,0.1616986769707453,-0.5528359730639995,-0.5701381236628891
2025-12-20|caulfield-heath|8,2025-12-20,caulfield-heath,8,V7,2,good,1200,7,7,0.6116642581996226,0.23478894058223604,-0.5101028639713577,-0.4357366455139085,fast,0.4119076650965526,0.3284733983485605,0.4430389991677881,0.4243601987250468,0.1415038220722623,0.07558638831785033,0.12445324314889059,0.13468359050291362,0.2973593099468611,0.3951969442613663,0.26679824612992853,0.28513488442008805,0.1492292028843238,0.20074326907222287,0.1657095115533927,0.15582132635195137,0.8497128762409539,-0.2634866572863431,-0.3683166374221234,0.5329767106537502,0.2315416039994303,-0.1458937537746499,-0.00196563751270179,-0.6119075737114043,-0.0132831878233907,-0.1638459878084309,-0.5152717799355934,-0.5384768440034031
2025-12-20|caulfield-heath|9,2025-12-20,caulfield-heath,9,V8,2,good,1000,8,8,0.5953188126431624,0.3073751224885976,-0.3689443596192077,-0.33529672125389365,very_fast_or_collapse,0.3901271615320829,0.2639035918431473,0.36662723272314723,0.38072719000850863,0.186308331277504,0.10368716195910103,0.14882392564147867,0.1713145690230939,0.3027654416335396,0.34617510154838715,0.22263327295530597,0.27071257416224614,0.1207990655568733,0.2862341446493645,0.2619155686800683,0.1772456668061513,1.2365663923737569,-0.4452592052204724,-0.4544509773091462,0.4461998782974126,0.7538426135326675,-0.1920505063326234,0.19553782760894192,-0.27007147730298453,-0.26230196201867,0.1616986769707453,-0.7023719557237742,-0.57062978171199
2025-12-20|caulfield-heath|10,2025-12-20,caulfield-heath,10,V9,2,good,1200,9,9,0.6521502822544935,0.4242745167196874,-0.1912007849469316,-0.3069276903136445,fast,0.3505402379260147,0.3317529954240843,0.49797510182411,0.4095141834852528,0.1763896873132088,0.08213676280455862,0.12447458833095862,0.15562364772030873,0.3149070772465097,0.40087636332495263,0.20675120896651067,0.27164472993451005,0.1581629975142666,0.1852338784464044,0.17079910087842076,0.1632174388599283,0.8447853041591981,-0.2634866572863431,-0.5439297639870382,0.5913551948383802,0.2879169510601562,-0.1458937537746499,0.09215682255683527,-0.2516667397718001,0.565273437373158,-0.1638459878084309,-0.6261919337690001,-0.19905549467892478
2026-01-03|randwick|1,2026-01-03,randwick,1,V0,2,soft,1000,0,0,0.0,0.0,0.0,0.0,even,0.2623117367537865,0.28121834373955923,0.28121834373955923,0.26987437954809557,0.0985532039262029,0.05717010644463477,0.05717010644463477,0.08199996493357564,0.4146487149685881,0.5117912120444743,0.5117912120444743,0.45350571379894256,0.2244863443514223,0.14982033777133164,0.14982033777133164,0.19461994171938604,0.3006865212572472,-0.3956358335273202,-0.3978334995493226,-0.3978334995493226,1.1627282008144515,-0.2822353494676066,-0.502808304768009,-0.502808304768009,-0.2707427174657271,-0.0561779561637515,-0.077066408396602,-0.077066408396602
2026-01-03|randwick|7,2026-01-03,randwick,7,V1,2,good,1200,1,0,0.0,0.0,0.0,0.0,even,0.3509821572425226,0.22871938789814297,0.22871938789814297,0.30207704950477077,0.0555511616135903,0.04129088928510242,0.04129088928510242,0.04984705268219514,0.3570716352224321,0.5253334649847489,0.5253334649847489,0.4243763671273588,0.236395045921455,0.2046562578320057,0.2046562578320057,0.22369953068567527,-0.0791685087370913,0.1104736434623439,0.11753267847204979,0.11753267847204979,0.951622914427699,-0.161681142564169,-0.4185851372971935,-0.4185851372971935,-1.145007504491808,0.0028292668157483,-0.04338536697365389,-0.04338536697365389
2026-01-03|randwick|10,2026-01-03,randwick,10,V2,2,good,2000,2,1,0.0842094515192147,-0.006666736698344616,0.08013564367707311,-0.09642045393863992,even,0.2861209322834455,0.2814508712349667,0.2845577285678505,0.2854956507972075,0.0947216158881024,0.07454877902284204,0.0799724348148906,0.08882194345881768,0.4897986668890494,0.49042961228506643,0.4686718457073945,0.48134793841638746,0.1293587849394026,0.15357073745712504,0.1667979909098643,0.14433446732758728,-0.11173330625143,-0.3276345121754156,-0.4909785409173427,-0.426125132781629,-1.7785639555580088,-0.3739463722952989,-0.4519332479967665,-0.3368379032116421,-1.1627355550834608,-0.3018682183550009,-0.17322777621045185,-0.18510948881734288
2026-01-10|flemington|1,2026-01-10,flemington,1,V0,2,good,1600,0,0,0.0,0.0,0.0,0.0,very_fast_or_collapse,0.2484447867927479,0.20385788175220404,0.20385788175220404,0.23061002477653036,0.0964334907258742,0.09131681451176465,0.09131681451176465,0.09438682024023037,0.5666541262989694,0.4960642038330962,0.4960642038330962,0.5384181573126201,0.0884675961824083,0.20876109990293518,0.20876109990293518,0.13658499767061905,1.275209092135438,-0.635334453832482,-0.5976607488993861,-0.5976607488993861,-1.2890267847774832,-0.4126052375048022,-0.45271042479188484,-0.45271042479188484,-2.798508244287989,0.031689046116367,-0.15729391427404224,-0.15729391427404224
2026-01-10|flemington|2,2026-01-10,flemington,2,V1,2,good,2000,1,1,0.20427055865291668,0.26048767364978465,-0.2633102214450695,-0.5716528424555005,slow,0.1854851204985176,0.17312984047721477,0.23227155462314603,0.20419969414836897,0.0737332037433584,0.05493956286970874,0.08260762196907571,0.07728297103364531,0.6358268025122025,0.6483461447444212,0.5368889026450075,0.5962516425653245,0.1049548732459214,0.12358445190865527,0.14823192076277067,0.12226569225266111,-0.7141666865046319,-0.8728575215508326,-0.9730192159615815,-0.5765329837278302,1.69644645565326,-0.2424473104718875,-0.494539321393341,-0.8715822504183328,-0.8639544559587847,-0.1020089966341578,-0.11808459289280024,-0.6644249068535184
2026-01-10|flemington|3,2026-01-10,flemington,3,V2,2,good,1100,2,2,0.22664579467978424,0.11737878102064662,-0.034567887465832635,-0.4673581321510126,slow,0.356322209398554,0.3017759349774325,0.3857210065665572,0.36808172826575536,0.1571795937986453,0.07729575400945168,0.08930988125117148,0.13003170877965578,0.3129881542245673,0.4029522161700797,0.2850016612859884,0.30179355704913574,0.1735100425782332,0.217976094843036,0.23996745089628285,0.20009300590545306,-0.9266368377856018,-0.4452592052204724,-0.3230908723549859,-0.03840612274786109,-2.321503079128754,-0.1920505063326234,-0.22359833010496477,-0.25881928871536486,-0.3431619653477402,0.1616986769707453,-0.2871554801819758,-0.6784450075157178
2026-01-10|flemington|4,2026-01-10,flemington,4,V3,2,good,1800,3,3,0.41345661020790114,-0.02302142860054355,-0.10323117164121069,-0.5932680474965335,slow,0.1999798467517365,0.1639387002930831,0.25721099390978686,0.22287230561495663,0.0786691552363921,0.04278562183689747,0.07628238418441198,0.07771444681560005,0.6196720953138879,0.702599296253992,0.5420473042922136,0.5886221789052182,0.1016789026979833,0.09067638161602737,0.12445931761358764,0.11079106866422503,-1.3167893292110848,-0.8776139211096129,-1.1784389461548574,-0.6783572011072042,-0.2009121411206892,-0.0432865398220241,-0.4232312221792316,-0.2763746136284456,-0.3372453797382915,-0.127044061924436,-0.15201735374857925,-0.6754719448450421
2026-01-10|flemington|5,2026-01-10,flemington,5,V4,2,good,1600,4,4,0.5025476363425487,-0.19713646315039063,-0.2811089122318002,-0.5736895331833953,very_fast_or_collapse,0.2821535139962603,0.2056759533698039,0.3327226875797212,0.30238118342964465,0.1001589069744193,0.0976640301817276,0.1378520441686107,0.11523616185209586,0.5124618387547775,0.4695628975472048,0.3414602926247436,0.44406122030276396,0.1052257402745428,0.22709711890126377,0.18796497562692452,0.1383214344154955,0.9643110076891952,-0.635334453832482,-0.6578674387981571,-0.3332723991576087,-4.0,-0.4126052375048022,-0.1825703623966205,-0.22263223828405032,-1.2065424765792496,0.031689046116367,-0.4495919129736091,-0.8410389349155626
2026-01-10|flemington|6,2026-01-10,flemington,6,V5,2,good,1000,5,5,0.4232584215014105,-0.09593438464557992,-0.8451751759647234,-0.3797806594476782,slow,0.3377793787973139,0.24507867892451213,0.19179744953809422,0.279386607093626,0.1300759052436083,0.07812022811835322,0.10603792252330527,0.12046071215548709,0.3745547595742776,0.4620292112393932,0.5293798077696716,0.4364847788524352,0.1575899563848,0.2147718817177413,0.17278482016892885,0.16366790189845154,-1.854849588560638,-0.4452592052204724,-0.5217114342246618,-0.09793619741143755,-0.22744455842815,-0.1920505063326234,-0.08533543486899825,-0.7621812803719116,-0.2736505367019305,0.1616986769707453,-0.4534759578988461,-0.9246896775442877
2026-01-10|flemington|7,2026-01-10,flemington,7,V6,2,good,1600,6,6,0.566423350072745,-0.09319037741137833,-0.9133861910301455,-0.5891563349753831,very_fast_or_collapse,0.2679339016134743,0.22906219863274951,0.38565758594132143,0.31502337534461317,0.1419122665348312,0.11461647835915108,0.14446276383569231,0.14293246545517563,0.4811224432338604,0.42762646037814694,0.3089323316255471,0.4122463985905351,0.1090313886178339,0.22869486262995253,0.1609473185974393,0.12979776060967607,2.329100903817612,-0.635334453832482,-0.7508530090449521,-0.29481337258079127,-0.3597284050541798,-0.4126052375048022,-0.04840699039947746,-0.8317197714190848,-2.656069201914048,0.031689046116367,-0.5886514505295809,-1.1535299797331382
2026-01-10|flemington|8,2026-01-10,flemington,8,V7,2,good,1200,7,7,0.5431752070887854,-0.019917701761678713,-0.6386737227695669,-0.6290125229697274,even,0.26760921137212,0.3207573825515745,0.2864304241700189,0.27513769649127956,0.1837756438477814,0.07732634148893251,0.11971103820416133,0.15814980159033337,0.3216577285636744,0.40476678839952746,0.44410487026772977,0.3706365852452965,0.2269574162164239,0.19714948755996548,0.14975366735809004,0.19607591667309038,-0.4934863718304794,-0.1378477503292568,-0.3947625021467792,0.16545924584342075,-1.7277062769480802,-0.1991185191495843,-0.013662062897451976,-0.7193992865649178,-0.3942414258797723,-0.0108947092069428,-0.5037553402692615,-0.7798917947718393
2026-01-10|flemington|9,2026-01-10,flemington,9,V8,2,good,1200,8,8,0.5989018786355316,-0.1135754352135574,-0.814879211833368,-0.5403687758504574,slow,0.3142930274828522,0.3313742779324823,0.4094365738498993,0.352350446029671,0.169715803097092,0.07435454644967043,0.10147909824699507,0.14242112115705324,0.3330757160653974,0.4311587181742286,0.34555572182957295,0.33806771837106764,0.1829154533546582,0.16311245744361874,0.14352860607353268,0.16716071444220798,-1.2253426951083055,-0.2634866572863431,-0.5772218544630681,0.13667597121567798,-1.508887527884371,-0.1458937537746499,-0.0019217303769248906,-0.6447537361730593,-1.307980410661696,-0.1638459878084309,-0.541294895442461,-1.0819152842395778
2026-01-10|flemington|10,2026-01-10,flemington,10,V9,2,good,1400,9,9,0.6117811400530677,-0.1070342210299313,-0.8385691179215354,-0.7201378675259896,very_fast_or_collapse,0.3562239466170826,0.2678808887023828,0.32299466150263134,0.3429322325713021,0.1314901206772979,0.07183335414511695,0.10190612572307664,0.11965652269560939,0.3666407732973986,0.4989487976423767,0.39318591022146293,0.3772588280670244,0.1456451594082207,0.1613369595101236,0.1819133025528292,0.1601524166660641,1.0114870658177426,-0.6044350141249326,-0.8454285975801634,-0.1113085210970961,0.7795993429815726,-0.093845352313132,0.08619607471564533,-0.666755343292145,-1.5702021120842728,-0.0932654958468727,-0.6568664573551156,-1.359768383083692
2026-01-17|flemington|1,2026-01-17,flemington,1,V0,2,good,1000,0,0,0.0,0.0,0.0,0.0,slow,0.3606741633463226,0.29218241482851753,0.29218241482851753,0.33327746393920055,0.1617281781129233,0.08300102112843172,0.08300102112843172,0.1302373153191267,0.3541297413232802,0.4152123379508697,0.4152123379508697,0.378562779974316,0.1234679172174736,0.209604226092181,0.209604226092181,0.15792244076735656,-1.4682551789364386,-0.4452592052204724,-0.3522206045710407,-0.3522206045710407,-1.6816070989690397,-0.1920505063326234,-0.37098542740710166,-0.37098542740710166,-0.227705320334807,0.1616986769707453,-0.13277487971009969,-0.13277487971009969
2026-01-17|flemington|3,2026-01-17,flemington,3,V1,2,good,2000,1,1,0.07311378765118788,-0.10734969737051564,-0.12294866434675245,-0.016648398438004794,slow,0.1949748685384616,0.17888072808367705,0.15910331430001926,0.18062624684308465,0.0750741320490615,0.05546291882969365,0.052462415557459105,0.06602944545242055,0.6218817104793672,0.6426603100112558,0.6817780288467432,0.6458402378263177,0.1080692889331095,0.12299604307537361,0.10665624129577833,0.10750406987817704,-1.4830790883446712,-0.8728575215508326,-0.9656578953656242,-1.0286494898363638,0.937279367064878,-0.2424473104718875,-0.4921204552656172,-0.5863950579371987,1.0649854096998927,-0.1020089966341578,-0.12456678490972059,-0.15036174839883418
2026-01-17|flemington|4,2026-01-17,flemington,4,V2,2,good,1800,2,2,0.310448686724844,-0.4594800285049672,0.12492368339762921,0.24865880066404303,slow,0.2687568868910879,0.2190139802289385,0.20422568131528004,0.24294440466076475,0.1016320731954616,0.04975644987001471,0.04847542498895161,0.0803694139128576,0.5208199688874142,0.6379051020453643,0.6970042544769066,0.5912936831232112,0.1087910710260362,0.09332446785568242,0.05029463921886176,0.08539249830316642,-0.7580534624476907,-0.8776139211096129,-1.0875186087106958,-1.4113740908210803,0.2259216621547785,-0.0432865398220241,-0.45197550102204676,0.029590410088954855,-1.6040128508945932,-0.127044061924436,-0.13100847478222047,0.569530349157075
2026-01-17|flemington|5,2026-01-17,flemington,5,V3,2,good,1100,3,3,0.3313413872456247,-0.41347741990940173,-0.1954073205345398,-0.13818933402728653,even,0.3322793985797696,0.25977079010163334,0.21651057274371757,0.2859718682453488,0.1511220596632253,0.08386377206768669,0.08969877986946731,0.12655274774572212,0.3866929161502324,0.4490418681729313,0.5701433024754394,0.4600730706803152,0.1299056256067726,0.20732356965774879,0.12364734491137583,0.1274023133286139,-0.438418993659785,-0.4452592052204724,-0.510167532217224,-0.7770017326694594,1.292773955663485,-0.1920505063326234,-0.2139246128244104,-0.33047709780203316,1.1004849233565548,0.1616986769707453,-0.3125137477276577,-0.13438027460469984
2026-01-17|flemington|6,2026-01-17,flemington,6,V4,2,good,1600,4,4,0.4398324896415099,-0.4028672159479996,0.20492729545942337,-0.039499135729968285,very_fast_or_collapse,0.2814099342252978,0.20299180023554994,0.25923407769660806,0.2725395916138219,0.084747031454488,0.08489475885094476,0.09760201180278998,0.08988902359380879,0.4984904746276217,0.49362244429203644,0.5023813860221098,0.5000468391854169,0.1353525596925922,0.21849099662146887,0.14078252447849213,0.13752454560695215,2.805594542078161,-0.635334453832482,-0.6207272093784557,-0.6920631792557329,0.1173027407785355,-0.4126052375048022,-0.18723987901981817,0.22696745291465018,0.2161351604952616,0.031689046116367,-0.45425259343707425,-0.04976473981914584
2026-01-17|flemington|7,2026-01-17,flemington,7,V5,2,good,1200,5,5,0.49006253344697137,0.0714801335737244,0.17499657261312604,0.14651175897842575,fast,0.3364043535544609,0.3493722270981501,0.3579703501728177,0.3450307522018036,0.1823168299785075,0.07745249099538734,0.1205576070369384,0.15761314080187985,0.3380378716657187,0.41291120092090655,0.40268571831358224,0.3638970103248641,0.1432409448013128,0.160264080985556,0.11878632447666157,0.1334590966714523,0.6487958734013014,-0.2634866572863431,-0.4967186257856096,-0.03158484507005693,1.2161272784502155,-0.1458937537746499,-0.1822500847623965,0.14819114790163188,1.1626090722557154,-0.1638459878084309,-0.34265277779325376,0.5872133599455758
2026-01-17|flemington|8,2026-01-17,flemington,8,V6,2,good,2000,6,6,0.47596826196668823,0.045414957052435784,0.26589872329536024,0.10597886713220284,even,0.1894623603405265,0.147085423236359,0.1955796102440761,0.19190926030194633,0.0647428789620535,0.057484364348604336,0.08094118585286743,0.07122220171837906,0.6381707697878819,0.6533408382262975,0.5745522805542836,0.6127233740944427,0.1076239909095379,0.14208937418873918,0.14892692334877283,0.12414516388523188,0.2141558197744662,-0.8728575215508326,-1.0845481958771206,-0.6517021328760113,2.0234722784297983,-0.2424473104718875,-0.17393630283502007,0.2902014576216685,1.245710206497446,-0.1020089966341578,-0.4549189790370456,0.2830569054307801
2026-01-17|flemington|9,2026-01-17,flemington,9,V7,2,good,1400,7,7,0.5417937595904236,0.2496238673027623,0.4443615207552428,0.3153333221573656,slow,0.3521944918435414,0.253506262379839,0.37289375160489313,0.3604741957480821,0.1389165514769487,0.08066060329379682,0.11592760261908178,0.12972097193380194,0.4177170643118237,0.5019095557300994,0.32547251741485944,0.38081924555303803,0.091171892367686,0.16392357859626475,0.1857061283611656,0.12898558676507785,-2.830705954259422,-0.6044350141249326,-0.864759760163256,-0.21490876132808936,0.2350498101206296,-0.093845352313132,-0.05091668694816445,0.6752197914190758,2.3775799271550038,-0.0932654958468727,-0.5009001561817871,0.7874718796443254
2026-01-17|flemington|10,2026-01-17,flemington,10,V8,2,good,1400,8,8,0.5980130597298258,-0.3860322113999347,0.3728659587544779,0.7089502957745123,slow,0.3476765557417121,0.22676344732068393,0.31744927782042126,0.33558564457319573,0.1221210746802384,0.07969684510981802,0.0948624165615897,0.11121761143277892,0.4459659639465185,0.5249005059668825,0.42350059453189276,0.43697981618066817,0.0842364056315308,0.16863920160261542,0.1641877110860963,0.11621692781335699,-2.138091623177428,-0.6044350141249326,-0.9094214890027593,-0.6708631241065381,0.6006828480860522,-0.093845352313132,0.0011053228648381652,1.0876696699957586,1.7305684208422671,-0.0932654958468727,-0.5567991775169052,0.9718641490694877
2026-01-17|rosehill|3,2026-01-17,rosehill,3,V0,2,heavy,1200,0,0,0.0,0.0,0.0,0.0,slow,0.2277214634835734,0.1815170872388135,0.1815170872388135,0.2092397129856694,0.0949106478189708,0.04699238130361137,0.04699238130361137,0.07574334121282703,0.5808254801938924,0.6595092739907825,0.6595092739907825,0.6122989977126484,0.0965424085035633,0.11198125746679273,0.11198125746679273,0.10271794808885507,-1.0369245908135991,-0.4539906945378289,-0.7932657686038593,-0.7932657686038593,0.1997620716219922,-0.0175877795457897,-0.5865260517657768,-0.5865260517657768,0.2140211063723802,0.0374683493009591,0.09512799856400225,0.09512799856400225
2026-01-17|rosehill|5,2026-01-17,rosehill,5,V1,2,heavy,2000,1,1,0.09917004444160805,-0.10283185775358088,0.019810413520500655,0.02122448263039107,slow,0.2200033650638491,0.21793575565637427,0.2085184820471094,0.21540941185715323,0.0783948378716505,0.07858791367837639,0.08026039839681452,0.07914106208171612,0.6074768026917039,0.5332528448730279,0.5540554584347558,0.5861082649889247,0.0941249943727963,0.17022348579222144,0.15716566112132038,0.11934126107220593,-1.0997131947987924,-0.4850923529683659,-0.5971577113957476,-0.643312124475367,0.3372453797383046,-0.4324401372910884,-0.504008761956262,-0.3916678811556865,-0.1231678778174617,-0.2522637515909135,-0.12792587089202698,-0.0007816367857939044
2026-01-24|caulfield|1,2026-01-24,caulfield,1,V0,2,good,1700,0,0,0.0,0.0,0.0,0.0,slow,0.2168640981371231,0.1843764064243257,0.1843764064243257,0.20386902145200414,0.0806155651636144,0.07941985580914711,0.07941985580914711,0.08013728142182748,0.6018321657447353,0.5378991024049092,0.5378991024049092,0.5762589404088049,0.100688170954527,0.19830463536161788,0.19830463536161788,0.13973475671736335,-1.0154190060763093,-0.635334453832482,-0.6145885303192216,-0.6145885303192216,-1.300223150798265,-0.4126052375048022,-0.47355507439239897,-0.47355507439239897,0.311861318897788,0.031689046116367,-0.13905205086265846,-0.13905205086265846
2026-01-24|caulfield|2,2026-01-24,caulfield,2,V1,2,good,1000,1,1,0.13472475104850137,-0.13680207280354748,-0.1751722402987943,0.042015438550161786,slow,0.3276422509546847,0.23364467222884247,0.2198741900760841,0.2845350266032445,0.1150370558108828,0.07239523445434357,0.07426167209098251,0.0987269023229227,0.4321116094796359,0.5021884625738079,0.556533882437521,0.4818805186627899,0.1252090837547964,0.191771630743006,0.14933025539541242,0.1348575524110428,-1.2248637792875807,-0.4452592052204724,-0.4840146016027729,-0.5716248152304745,-1.2682059220380366,-0.1920505063326234,-0.36880850862660597,-0.43575824846855205,-0.1787199965644,0.1616986769707453,-0.15964469652944305,-0.0334708245119098
2026-01-24|caulfield|3,2026-01-24,caulfield,3,V2,2,good,1000,2,2,0.3865229841615033,-0.4567275616292336,-0.49274521534479604,-0.02993861309301835,slow,0.2936647721793121,0.2807336258613629,0.2716449943231047,0.2848568610368291,0.1479335417681441,0.07922365770998561,0.08781923005139677,0.12388781708144517,0.4058517027922276,0.45597977275424645,0.5621346244223169,0.4683648714442633,0.152549983260316,0.1840629436744049,0.0784011512031818,0.1228904504374623,-1.0855617987726571,-0.3252619097722398,-0.4515797928658749,-0.7274864757428173,-1.7920776383173784,-0.2436063777468637,-0.3322315714860801,-0.6085640137422539,0.7732718014190165,0.0667227200057794,-0.2115328911357008,0.004103436170253091
2026-01-24|caulfield|4,2026-01-24,caulfield,4,V3,2,good,1400,3,3,0.4057207507904772,-0.4493660063541043,-0.5984833204365135,0.13440701468875257,very_fast_or_collapse,0.3104874020526271,0.24996583037541203,0.21284845553825296,0.27143182344687744,0.1153428118064518,0.06090434775606482,0.05956776016416718,0.09303279114953796,0.4579835598235217,0.5640641887334289,0.6783888686291007,0.5461456833457533,0.1161862263173993,0.1250656331350943,0.049194915668479014,0.0893897020578312,0.9733827430877822,-0.6044350141249326,-0.8232868695675906,-1.0301490247819132,0.3170683057368652,-0.093845352313132,-0.35229629609498925,-0.6591730586783849,-1.732743502793313,-0.0932654958468727,-0.20775920996522904,0.11210021830065231
2026-01-24|caulfield|5,2026-01-24,caulfield,5,V4,2,good,1100,4,4,0.5143890164787662,-0.2715063038775005,-0.510490930584124,-0.13182317032249188,slow,0.2787925636148566,0.23939953354900553,0.2197177718120918,0.2551626468937507,0.1385011511296889,0.07560644017815057,0.09912032334963926,0.12274882001766903,0.4251854673999602,0.5005021976351933,0.6102225101329911,0.49920028449317255,0.1575208178554941,0.18449182863765054,0.0709393947052779,0.12288824859540762,-0.7210073635784197,-0.4452592052204724,-0.6270051139752908,-0.664896785164745,-0.4614936775366174,-0.1920505063326234,-0.19529226329215052,-0.6988287228867599,2.304510094878383,0.1616986769707453,-0.350609092939282,0.17113917849290952
2026-01-24|caulfield|6,2026-01-24,caulfield,6,V5,2,good,2000,5,5,0.3479990152958377,-0.14325336708253547,-0.24943821417551643,0.05087802437608187,even,0.1633927029695276,0.15567014607993285,0.16222457182939767,0.16292545051347562,0.0749719496377614,0.0576219894318878,0.057718332179894014,0.06807050265461445,0.6494227120866726,0.6546414509285446,0.6690726246773573,0.6572826771229465,0.1122126353060382,0.13206641355963478,0.11098447131335111,0.11172136970896338,-0.246248293065032,-0.8728575215508326,-1.1091054378208045,-0.9367066601376127,0.5485559399331343,-0.2424473104718875,-0.2488690741997215,-0.2943125010372642,-0.0054688439957498,-0.1020089966341578,-0.37436008366172635,-0.2721667350611071
2026-01-24|caulfield|7,2026-01-24,caulfield,7,V6,2,good,1000,6,6,0.5505843344451059,-0.351667994696568,-0.4348910578354453,0.31701724211440424,fast,0.2862274736520285,0.24970133856538196,0.24518804130402383,0.2698117007128266,0.1111782419299731,0.06215226878140527,0.07225257807473678,0.09560797638787857,0.3252569916268671,0.47099903240171864,0.5882693049069799,0.4304619169389122,0.277337292791131,0.21714736025149414,0.0942900757142594,0.2041184059603824,0.586061967406383,-0.4452592052204724,-0.4266655794042658,-0.44732615372157813,1.2619830055238548,-0.1920505063326234,-0.0009277229731471381,-0.15898949284167913,-0.5867164814144369,0.1616986769707453,-0.5353019251944292,0.48087022560414294
2026-01-24|caulfield|8,2026-01-24,caulfield,8,V7,2,good,1200,7,7,0.5773916810813493,-0.113883145510621,-0.06370837865457675,0.10132227946971271,fast,0.2408017251307606,0.2666094146517702,0.2986637157600674,0.2639465213824833,0.130081440044793,0.06503034968752132,0.09108959023141519,0.11448470011944187,0.3852141142365355,0.4919766034197901,0.4924150094329732,0.42809447231511055,0.2439027205879106,0.17638363224091838,0.11783168457554416,0.19347430618296402,0.6879805746661293,-0.1378477503292568,-0.4856612133926654,-0.17426963688866914,0.0749434177196282,-0.1991185191495843,-0.07238122879502401,0.0029983893977370835,-0.1075275123803265,-0.0108947092069428,-0.46621425164158403,0.5172272240175667
2026-01-24|caulfield|9,2026-01-24,caulfield,9,V8,2,good,1400,8,8,0.583105769413998,0.05944504626507318,-0.01917538341691404,-0.03648447661863473,even,0.3178883830921681,0.24873102487831855,0.29356080332825407,0.3081573511866025,0.1025501559008838,0.05632230740171779,0.08722855468028881,0.0964215154126458,0.3839093007557269,0.5542336345591782,0.47527623510190703,0.420456074494199,0.1956521602512211,0.1407130331607855,0.14393440688955014,0.17496505890655273,0.1269629664897087,-0.6044350141249326,-0.829553028743117,-0.17284233584685035,0.8935561343493353,-0.093845352313132,-0.0069195658847108765,0.08851202154646681,0.3217398450376839,-0.0932654958468727,-0.5746662335211362,0.0757746533071241
2026-01-24|caulfield|10,2026-01-24,caulfield,10,V9,2,good,1600,9,9,0.568400373462633,0.027344422757876585,0.116139095795587,0.03353941108956817,slow,0.2076435442916217,0.16836550213229176,0.1911085681154608,0.20102955382115734,0.1082224234350194,0.10636015514245527,0.1396394256535951,0.12078922432244968,0.5836366163851405,0.4901928973914148,0.3977389904099703,0.5092775659950725,0.1004974158882182,0.23508144533383815,0.2715130158209738,0.16890365586132045,-1.2886104324568244,-0.635334453832482,-0.9169705814079842,-0.30469162074913386,3.8430287458550674,-0.4126052375048022,0.09934268028915888,0.3802426456950153,2.244100096950183,0.031689046116367,-0.7424029664838816,-0.04441218432491534
2026-01-24|randwick|1,2026-01-24,randwick,1,V0,2,good,1000,0,0,0.0,0.0,0.0,0.0,slow,0.3004941538358091,0.31942648666178186,0.31942648666178186,0.3080670869661982,0.111140197596254,0.05730119218540296,0.05730119218540296,0.08960459543191358,0.3642791316841546,0.47632774096874136,0.47632774096874136,0.40909857539798933,0.224086516883782,0.1469445801840739,0.1469445801840739,0.19322974220389874,-0.5118416629052627,-0.4141422729191205,-0.360997771304588,-0.360997771304588,-1.3251615175720883,-0.2411914696787404,-0.4839409091444772,-0.4839409091444772,-0.5951009984328909,-0.0931597960977069,-0.08278380817225242,-0.08278380817225242
2026-01-24|randwick|3,2026-01-24,randwick,3,V1,2,good,1200,1,1,0.230324375802835,-0.1178896115185397,-0.3052169993727288,-0.13706626600369948,slow,0.3521633032282604,0.2632849222478396,0.286669915920506,0.3259659483051586,0.0562851192842312,0.03803459697216998,0.04614103784894516,0.05222748671011679,0.2599546486700229,0.44375829971781156,0.48252190415029317,0.348981550862131,0.3315969288174854,0.25492218106217895,0.18466714208025578,0.2728250141225935,-0.543607433530541,0.1104736434623439,0.39969505412559936,0.37181401007647075,-1.314599681138784,-0.161681142564169,-0.31870243400467846,-0.5334347758321044,0.0153061443148987,0.0028292668157483,-0.10207923360301557,-0.1119879287826554
2026-01-24|randwick|5,2026-01-24,randwick,5,V2,2,good,2000,2,2,0.13588807673691647,-0.07235914512704505,-0.17914069124297613,-0.026948033226514807,slow,0.3090969716044304,0.28359112426353167,0.25603151689185394,0.28787078971939983,0.0954503819099791,0.07837023170630603,0.07935474062708932,0.08901212539682318,0.4788218985999871,0.4748898280605609,0.5126763753571514,0.4923636893028528,0.1166307478856032,0.16314881596960124,0.1519373671239053,0.13075339558092403,-1.4358477531282072,-0.3276345121754156,-0.460067400126549,-0.43288966211343116,1.0117361392148991,-0.3739463722952989,-0.4365718641062638,-0.546945032901097,1.704456378677335,-0.3018682183550009,-0.1827840582400941,-0.18986048704386457
2026-01-24|randwick|6,2026-01-24,randwick,6,V3,2,good,1200,3,3,0.3865430876040643,-0.27886951321226205,-0.3211886782222129,0.07718836713316515,even,0.3711562733231864,0.27223088157026587,0.36337604979041277,0.368044183910077,0.0782807859220151,0.04937642252420305,0.051971554306851755,0.06775709327594975,0.2961592841600611,0.4464727417084214,0.4602202610649702,0.3617836749220248,0.2544036565947373,0.23191995419710978,0.12443213483776537,0.20241504789194853,0.2705992689804891,0.1104736434623439,0.1412300579119974,0.04765084058671287,-0.1840439553594398,-0.161681142564169,-0.24146600626574483,-0.2891064750494311,0.2872453083096197,0.0028292668157483,-0.21214581228253385,0.1151900204508969
2026-01-24|randwick|9,2026-01-24,randwick,9,V4,2,good,1200,4,4,0.4172601243738982,-0.09936554309311929,-0.21521285704057908,0.10112085071931286,even,0.3588084138127703,0.29038400334629155,0.3131364226558754,0.34053961735001237,0.0913503472451488,0.05201828521916719,0.0687956805989545,0.08232848058667108,0.2737848402484785,0.41698787073296656,0.44504642954469514,0.34228947596696513,0.2760563986936023,0.24060984070157485,0.17302146720047498,0.2348424260963514,-0.4183448639134622,0.1104736434623439,0.14177039435465177,0.3138946513469587,-0.2366279426049807,-0.161681142564169,-0.1592799076665559,-0.10412241517053808,0.3204086209919058,0.0028292668157483,-0.2900335749823867,0.26603153552231096
2026-01-31|caulfield|1,2026-01-31,caulfield,1,V0,2,good,2000,0,0,0.0,0.0,0.0,0.0,slow,0.2098733305173931,0.17580834792892017,0.17580834792892017,0.1962473374820039,0.0660601442559034,0.05201880349761501,0.05201880349761501,0.060443607952588047,0.61608613513659,0.6486817459958778,0.6486817459958778,0.6291243794803052,0.1079803900901132,0.12349110257758708,0.12349110257758708,0.11418467508510274,-0.9760278048896618,-0.8728575215508326,-0.897570579309122,-0.897570579309122,0.337245379738299,-0.2424473104718875,-0.5489553683208199,-0.5489553683208199,0.0939164348638354,-0.1020089966341578,-0.06486584952994912,-0.06486584952994912
2026-01-31|caulfield|2,2026-01-31,caulfield,2,V1,2,good,1000,1,1,0.08628887022757795,-0.0842203365946318,0.029100522807088327,0.008103943060202269,even,0.3512722693599738,0.27209925600773205,0.26174331108273907,0.3154606860490799,0.137569984443407,0.07607758611822653,0.07780431408626473,0.1136637163005501,0.368595989250492,0.4492571809017051,0.46500750349770403,0.40716059494937684,0.1425617569461271,0.2025659769723363,0.19544487133329225,0.16371500270099315,0.1927116455647451,-0.4452592052204724,-0.396566693697201,-0.42478123512051563,0.0910355626287423,-0.1920505063326234,-0.3285551311282645,-0.22335058890209358,-1.833231294987658,0.1616986769707453,-0.19099209420793792,-0.09465285205282489
2026-01-31|caulfield|3,2026-01-31,caulfield,3,V2,2,good,1400,2,2,0.2909551043628658,-0.07124877867011128,0.05330867231660596,-0.3234499047052341,even,0.3663315859703165,0.25636026065634465,0.2756926686641739,0.33007601904785944,0.1066818435388486,0.06318768485663487,0.08513681761906627,0.09806383317093567,0.427211603773121,0.5373890385793172,0.5061583488115289,0.4587903017884841,0.0997749667177136,0.14306301590770323,0.1330121649052309,0.11306984599272052,-0.0251363015954018,-0.6044350141249326,-0.6896478103845352,-0.5941003199816726,0.3625387832186709,-0.093845352313132,-0.37599360198095444,-0.2964796340104394,-2.738031795895091,-0.0932654958468727,-0.16573614005343387,-0.15654072495637836
2026-01-31|caulfield|4,2026-01-31,caulfield,4,V3,2,good,2400,3,3,0.23898594873742413,-0.12889697155930227,0.07482646253769029,-0.2404782829139415,slow,0.2104945800028181,0.20445009599242916,0.17192695283124676,0.19506752913418957,0.0803140399400007,0.06414938517699985,0.07406770967697844,0.0778155078347918,0.6102198504205502,0.6216672718025101,0.6402860437296902,0.6222463277442062,0.0989715296366309,0.10973324702806084,0.1137192937620846,0.10487063528681238,-3.458694686427918,-1.217851584210598,-1.2443142473419155,-1.2092948284353686,0.4001537044300107,-0.2984938392416225,-0.37470235652777995,-0.27136756143711455,-0.2447267357392952,-0.2905007137942362,-0.32578012787221966,-0.2888319425229602
2026-01-31|caulfield|5,2026-01-31,caulfield,5,V4,2,good,1800,4,4,0.4114504063121295,-0.48710396193076816,0.13543745033586876,-0.45969808485880936,slow,0.2242311085801516,0.1767255413586124,0.23294160891165847,0.22771530871275436,0.0847892426416725,0.0458610263198814,0.05372239067217087,0.07236250185387184,0.583605140871243,0.6839748745102329,0.6211721480893846,0.5986319437584997,0.1073745079069327,0.09343855781127332,0.092163852326786,0.10129024567487402,-1.3126829064368837,-0.8776139211096129,-1.187651232171698,-1.3074907328771355,-0.7997114842399531,-0.0432865398220241,-0.35064815010527267,-0.05210145906378111,-1.5417394910825355,-0.127044061924436,-0.23541731027442772,-0.511474745009427
2026-01-31|caulfield|6,2026-01-31,caulfield,6,V5,2,good,1000,5,5,0.40784214456481055,-0.1813777302592552,0.010518680045320162,-0.7303256565120924,slow,0.3363298374152063,0.278620429769133,0.28927056684860647,0.31750612918856636,0.1405384786744292,0.08204919518186123,0.10345628794455475,0.1257056023824794,0.3527188363554159,0.42094564742376006,0.33954160168292685,0.3474479424864203,0.1704128475549484,0.21838472762524583,0.26773154352391193,0.20934032594253382,-0.915380316432516,-0.3252619097722398,-0.4033698026579872,-0.1459199745709005,-0.4220739721878057,-0.2436063777468637,-0.09770788614112139,-0.15905447095552533,-1.625695676687172,0.0667227200057794,-0.44679889426949315,-1.080055065333173
2026-01-31|caulfield|7,2026-01-31,caulfield,7,V6,2,good,1200,6,6,0.49896429305947027,-0.3591708531883751,-0.0729274139246107,-0.86035723417625,slow,0.2851043861391644,0.27108733837164056,0.2999038043637681,0.2910241534290059,0.1144890380668153,0.06269563564757397,0.08145492605534815,0.10127539326222845,0.3615103939434825,0.47896523899540966,0.43120328227274834,0.3893875492751888,0.2388961818505375,0.1872517869853757,0.1874379873081354,0.21831290403357664,-0.6985797151721915,-0.1378477503292568,-0.36699540787981483,-0.17272121856287087,0.3897057721420273,-0.1991185191495843,-0.10972823476722096,-0.3292681861884519,0.3786614790044045,-0.0108947092069428,-0.42241264834057424,-1.1525309215551305
2026-01-31|caulfield|8,2026-01-31,caulfield,8,V7,2,good,1100,7,7,0.5607000773938378,-0.3887130082408061,0.010618292082614137,-0.5738012657089451,fast,0.3219732996872078,0.2739790329045985,0.38447194248399236,0.3469727568059216,0.1728960181628517,0.08724206601844477,0.1006767269227765,0.1440083016668216,0.3271694718484886,0.40817405263201056,0.3290487425202251,0.3279211801171832,0.1779612103014516,0.23060484844494616,0.1858025880730061,0.1810977614100734,0.7033975063113078,-0.4452592052204724,-0.5322033325884375,-0.2521074752530388,0.4150712366009845,-0.1920505063326234,0.07419901218899849,0.06335343472816082,-1.7572259260048255,0.1616986769707453,-0.6067535489422249,-0.9971963662001975
2026-01-31|caulfield|9,2026-01-31,caulfield,9,V8,2,good,1800,8,8,0.508104600081511,-0.42662863093718584,-0.017370257685571426,-0.5874820230952826,slow,0.2137482169691158,0.17965277686825973,0.13229149432037035,0.18116552790961762,0.0967401478381369,0.049464833127241425,0.05278408283972025,0.07915772183877023,0.5568584081557949,0.6747994831941971,0.7353062806790569,0.6282375571650998,0.1326532270369523,0.09608290681030177,0.07961814216085247,0.11143919308651236,-1.2607773693287962,-0.8776139211096129,-1.3197213441227849,-1.1689837868368909,-1.5609216795119571,-0.0432865398220241,-0.10215330590043487,-0.2458856303310829,-1.6935053167306395,-0.127044061924436,-0.5063315208258264,-0.8018059271218001
2026-01-31|caulfield|10,2026-01-31,caulfield,10,V9,2,good,1400,9,9,0.5761114391187087,-0.3334391489911607,-0.11147061128398596,-0.7734941903582722,fast,0.3461219395921772,0.2979564559671937,0.26709783104822155,0.3145122961745949,0.1635654698541575,0.07738028499301873,0.10499161709629658,0.14013592875101313,0.3401287514066257,0.46114102922028116,0.39970956753748654,0.36396107785897003,0.1501838391470394,0.16352222981950634,0.22820098431799538,0.18139069721542178,0.6032712382896194,-0.6044350141249326,-0.8318125469456719,-0.3693060727447768,-0.3541076487252151,-0.093845352313132,0.10451068623073695,-0.08673867360418794,-1.4959002982451215,-0.0932654958468727,-0.6670774000372934,-1.262073591063108
2026-01-31|rosehill|7,2026-01-31,rosehill,7,V0,2,good,1200,0,0,0.0,0.0,0.0,0.0,even,0.3700914808682961,0.24624037151009312,0.24624037151009312,0.32055103712501487,0.0582733608285707,0.04171840091763617,0.04171840091763617,0.051651376864196887,0.3337309032307917,0.5012861061102395,0.5012861061102395,0.4007529843825708,0.2379042550723413,0.21075512146203118,0.21075512146203118,0.22704460162821727,-0.0365764803204948,0.1104736434623439,0.19694390095581782,0.19694390095581782,0.0696920380931824,-0.161681142564169,-0.45994808772588835,-0.45994808772588835,0.483835295290991,0.0028292668157483,0.00820490461984244,0.00820490461984244
2026-01-31|rosehill|8,2026-01-31,rosehill,8,V1,2,good,1200,1,1,0.3333333333333333,-0.0121921601068316,0.023230679364394134,0.16127843176366366,even,0.3971902134588326,0.23874515736501586,0.31525328446491346,0.36441544186126495,0.0526120508618936,0.04128176896361574,0.06167123643912629,0.05623572509278667,0.308438584022064,0.48026556924093217,0.4432420817930336,0.3623599831304518,0.2417591516572096,0.23970750443043623,0.1798333973029267,0.21698884991549644,-0.1107525592921406,0.1104736434623439,0.2742841476215304,0.3939155826604489,1.1150726094910015,-0.161681142564169,-0.36258974831378654,0.0346110614860734,0.7150133494254503,0.0028292668157483,-0.0791056971684038,0.6510615010752648
2026-01-31|rosehill|9,2026-01-31,rosehill,9,V2,2,good,2000,2,2,0.19477310324339267,-0.014996255147510044,0.12451802535157978,0.11877250929509638,even,0.296376304620958,0.269698077142871,0.2778416637952528,0.28896244829067597,0.0913175115763338,0.07798037994320405,0.08945844658670639,0.09057388558048284,0.5028940103467358,0.4892308582280014,0.4687110844947848,0.48922084000595534,0.1094121734559723,0.16309068468592353,0.16398880512325584,0.13124282612288574,-0.4991528574233375,-0.3276345121754156,-0.4836401669425293,-0.38533094843292925,-0.0539758687177367,-0.3739463722952989,-0.4458906192390957,-0.08692798107681493,-1.192194897749353,-0.3018682183550009,-0.17213522954956004,0.263344483713735
2026-01-31|rosehill|10,2026-01-31,rosehill,10,V3,2,good,1200,3,3,0.47320505941895663,-0.06574456770463988,0.25438441313026283,0.16344619545511796,even,0.3388570508182756,0.2060998424072205,0.242930460077877,0.30048641452211616,0.0565377332223681,0.04466249113275624,0.0823585474052541,0.0668660588955225,0.4005495729644752,0.5484482079426685,0.4843899967120415,0.43408574246350173,0.204055642994881,0.20078945851735477,0.19032099580482728,0.1985617841188595,-0.0662469119091552,0.1104736434623439,-0.03887728923667183,0.19218840054728636,0.1393840761863649,-0.161681142564169,-0.3239218788883898,0.4256085654545809,0.5223649709800691,0.0028292668157483,-0.15436190247756695,0.9819144634485325
2026-02-07|caulfield|1,2026-02-07,caulfield,1,V0,2,good,2000,0,0,0.0,0.0,0.0,0.0,slow,0.1774023914988479,0.152031820213928,0.152031820213928,0.16725416298487994,0.0598349499788877,0.0507062199647612,0.0507062199647612,0.056183457973237094,0.6720251733013114,0.6672293159709921,0.6672293159709921,0.6701068303691837,0.090737485220953,0.13003264385031862,0.13003264385031862,0.10645554867269924,-2.692168236321512,-0.8728575215508326,-0.9108131413117481,-0.9108131413117481,0.775802346376353,-0.2424473104718875,-0.5523180772250054,-0.5523180772250054,1.5780159927406117,-0.1020089966341578,-0.04189338903645648,-0.04189338903645648
2026-02-07|caulfield|2,2026-02-07,caulfield,2,V1,2,good,2000,1,1,0.3333333333333333,-0.8973894121071706,0.258600782125451,0.5260053309135372,even,0.2384203015239222,0.188454950957675,0.13988735436852595,0.1990071226617637,0.0636021680841476,0.04957035481067921,0.03827964510611593,0.053473158892934934,0.5569922917390657,0.6394306454921856,0.7850237661440478,0.6482048815010586,0.1409852386528644,0.12254404873946013,0.03680923438131037,0.09931483694424278,0.4761395302265347,-0.8728575215508326,-0.8667441286787263,-1.6706130509931136,0.0946100422410183,-0.2424473104718875,-0.4752947167648939,0.3028473371218444,-0.8367354555512979,-0.1020089966341578,-0.15611481369675326,0.9727973680809626
2026-02-07|caulfield|3,2026-02-07,caulfield,3,V2,2,good,1100,2,2,0.16995369712696592,-0.1641453952278952,0.06876922073016727,0.044573568896933105,even,0.4136557289605145,0.2751720089649387,0.2345682355086599,0.34202073157977264,0.1223870084346284,0.08300594078544202,0.08905183270710042,0.1090529381436172,0.3425143904709732,0.3959994548608857,0.4599252895964027,0.389478750121145,0.1214428721338835,0.2458225953887336,0.2164546421878369,0.15944758015546484,-0.3308822593658871,-0.3252619097722398,-0.21170027197709662,-0.29394261983047065,0.2732114468766046,-0.2436063777468637,-0.24581863302933563,-0.10382400910590579,0.1970422443414686,0.0667227200057794,-0.2677552616901342,0.023422690977055433
2026-02-07|caulfield|4,2026-02-07,caulfield,4,V3,2,good,1100,3,3,0.40156430010114796,-0.19785455757607875,0.12316270148334768,0.08580084742090754,even,0.4293025562309777,0.26700362690087553,0.2980756567883521,0.37681179645392743,0.0934915089665342,0.09138574413989992,0.12314587645689654,0.10535325596267914,0.3397809391569985,0.3538020910560557,0.3756880553462472,0.354143785632698,0.1374249956454895,0.2878085379031688,0.20309041140850426,0.16369116195069539,-0.4835971483039736,-0.4419014922859545,-0.14121319117317344,-0.16674078165710302,-1.3148300880936348,-0.4325031459263254,-0.15303780913553242,0.11873552356714276,0.5759696373058555,-0.0426934540083431,-0.44007600629447674,0.2507522480318668
2026-02-07|caulfield|5,2026-02-07,caulfield,5,V4,2,good,1400,4,4,0.4419937944118678,-0.25553635337718644,-0.13070490463991427,0.15978726093768775,very_fast_or_collapse,0.3527957951861531,0.25468008977918827,0.24032581736260453,0.3078078040567337,0.0764502540797407,0.06463758357686024,0.0813800892963791,0.07842218816639607,0.410218081271538,0.507630930522612,0.5693277244567106,0.4738619385456071,0.1605358694625682,0.17305139612133943,0.10896636888430568,0.1399080692312632,1.0824488801277647,-0.5778822605310765,-0.54081853848041,-0.5239701233081373,0.2866585727775534,-0.2893301257914973,-0.23390100894782093,-0.17819294460037086,-1.7699402908250892,-0.1738621972107983,-0.3854230344234729,0.2536958172887943
2026-02-07|caulfield|6,2026-02-07,caulfield,6,V5,2,good,1100,5,5,0.543182398753676,-0.047675029286261945,-0.1455413592705983,-0.08962162548226657,slow,0.3207045038895241,0.2188054437666446,0.2133396683945991,0.2777585696915541,0.084790856088474,0.08966884701261427,0.14558851571472461,0.10910991993897426,0.4615700853952093,0.45062781487627995,0.4989152160734875,0.47650813766652056,0.1329345546267923,0.24089789434446127,0.14215659981718887,0.1366233727029509,-3.3342750751484957,-0.4419014922859545,-0.45922767322172187,-0.2677461480859832,-0.1024542925787282,-0.4325031459263254,-0.13014904586538487,-0.4184534138626915,2.349349836379127,-0.0426934540083431,-0.5000517988595753,0.32916695168745624
2026-02-07|caulfield|7,2026-02-07,caulfield,7,V6,2,good,1400,6,6,0.5601546182126285,-0.38644771926805105,-0.032888456322051084,0.07612381995823718,even,0.3164124779491372,0.2557428091835464,0.4254163717045519,0.36001403545130306,0.0985088874925699,0.0617077207471499,0.06602981471150739,0.0855172583801449,0.4390412522453107,0.5418631640985526,0.4089009498545793,0.42698513128901816,0.1460373823129821,0.14068630597075105,0.09965286372936155,0.12748357487953388,0.435155328694583,-0.3693037860761984,-0.6830319279740903,-0.5992703975317193,0.7925266423849988,-0.1645417671907071,-0.19395195835935505,0.005818558737343632,-0.1148069377832469,-0.2052907878615527,-0.384741505344672,0.030732883595659788
2026-02-07|caulfield|8,2026-02-07,caulfield,8,V7,2,good,1100,7,7,0.607916589014685,-0.5227862428621314,-0.00969278049301539,0.3173833083149891,very_fast_or_collapse,0.3605702994789058,0.2610833650369745,0.24616802427526568,0.31480938939744973,0.1203799303188318,0.07927341123902917,0.09556092711978913,0.11045232903921473,0.332373518376128,0.4164727792462917,0.5608573430326831,0.42376704823875,0.1866762518261341,0.24317044447770464,0.09741370557226213,0.1509712333245853,0.8399318891595388,-0.3252619097722398,-0.37218787959075117,-0.45994681724677816,0.939164348638314,-0.2436063777468637,0.05032948659881875,0.10928224434952152,0.0151570957185827,0.0667227200057794,-0.5971214620432556,0.6657809062396828
2026-02-07|caulfield|9,2026-02-07,caulfield,9,V8,2,good,1600,8,8,0.5517790261025133,-0.09039324486973649,0.1951390677229952,0.03400836557104189,very_fast_or_collapse,0.3228823136301831,0.23899721969485,0.23889498167274664,0.2892873808472085,0.0965175699909669,0.05190351248829348,0.06778790682183618,0.08502570472331461,0.4017543235113894,0.5857669104318753,0.586740913886475,0.4757489596614236,0.1788457928674605,0.12333235738498124,0.10657619761894217,0.14993795476805316,0.8259842315094341,-0.6808164635043783,-0.9370298902619558,-0.5769041805902857,1.862243228427585,-0.0514072364796089,-0.0334908734909454,0.11567274544515319,-0.0413254732283269,-0.134216689460706,-0.5527744118037237,0.236325345730779
2026-02-07|caulfield|10,2026-02-07,caulfield,10,V9,2,good,1600,9,9,0.6044699719695856,0.09672378369716839,0.5121195467015908,0.016894133172919587,even,0.2421047939962527,0.1550833726060671,0.19429346443694992,0.22298026217253158,0.0906427850931479,0.10542609371657953,0.15437386304919173,0.11613521627556543,0.5815619689642222,0.4819983191889774,0.3674823075523965,0.4959301043994919,0.085690451946377,0.25749221448837606,0.28385036496146177,0.1649544171524109,0.4055397937090471,-0.635334453832482,-0.8503579460250081,-0.23041386395891061,0.6067554781147227,-0.4126052375048022,0.11820013161926649,0.5302911502687161,0.433917468897413,0.031689046116367,-0.755111261056815,0.2906747913756882
2026-02-07|randwick|2,2026-02-07,randwick,2,V0,2,good,1200,0,0,0.0,0.0,0.0,0.0,very_fast_or_collapse,0.3548735359750629,0.23634586742179367,0.23634586742179367,0.3074624685537552,0.0458942549701936,0.03508430751865494,0.03508430751865494,0.04157027598957814,0.2955263963718618,0.49254272473180355,0.49254272473180355,0.3743329277158385,0.3037058126828816,0.2360271003277478,0.2360271003277478,0.2766343277408281,4.0,0.1104736434623439,0.3644493607648217,0.3644493607648217,-4.0,-0.161681142564169,-0.4171318443955929,-0.4171318443955929,-1.2857555515174546,0.0028292668157483,-0.01372146389774584,-0.01372146389774584
2026-02-07|randwick|3,2026-02-07,randwick,3,V1,2,good,1000,1,1,0.08220372130191106,0.32881488520764424,-0.32881488520764424,-0.10569389101932579,very_fast_or_collapse,0.2895800376486887,0.2825728808978664,0.30377482687772606,0.2952579533403037,0.0897085228794086,0.05287297920907407,0.06389506340923165,0.07938313909133782,0.3871571387680314,0.5158577031727503,0.45912999696317464,0.41594628204608863,0.2335543007038711,0.14869643672030922,0.17320011274986769,0.20941262552226975,4.0,-0.4141422729191205,-0.3928882317769061,-0.014612623359205601,-2.829114018915692,-0.2411914696787404,-0.4361937580626871,-0.7662328512369209,-1.2387924344842378,-0.0931597960977069,-0.1380562157671222,-0.2584776358243338
2026-02-07|randwick|6,2026-02-07,randwick,6,V2,2,good,1300,2,2,0.15868068347992148,0.6347227339196859,-0.509667041014094,-0.19900870544584856,slow,0.3582298134142901,0.21661565899264248,0.2513496834898653,0.31547776144452017,0.0562773651019512,0.04418984186649063,0.06260469088048994,0.0588082954133667,0.3798695332562971,0.532851406294487,0.4001582642809185,0.3879850256661457,0.2056232882274615,0.20634309284637997,0.2858873613487262,0.2377289174759674,-0.9020898581177128,0.1104736434623439,0.040036882925809814,0.7788894711336597,-3.230894008357011,-0.161681142564169,-0.368847746955568,-0.8709873067377708,-1.9593803963075795,0.0028292668157483,-0.10067135986440826,-0.2716893389142653
2026-02-14|flemington|1,2026-02-14,flemington,1,V0,2,good,1100,0,0,0.0,0.0,0.0,0.0,even,0.4255567498797827,0.24255243886656763,0.24255243886656763,0.3523550254744967,0.1000374896530518,0.07274821719306544,0.07274821719306544,0.08912178066905725,0.3623092108603906,0.44437232958552325,0.44437232958552325,0.3951344583504437,0.1120965496067746,0.2403270143548436,0.2403270143548436,0.1633887355060022,0.0236663424377789,-0.4452592052204724,-0.23468695711946763,-0.23468695711946763,-1.6862268986914954,-0.1920505063326234,-0.353465335354878,-0.353465335354878,-0.2519182354671622,0.1616986769707453,-0.14395846610591925,-0.14395846610591925
2026-02-14|flemington|2,2026-02-14,flemington,2,V1,2,good,2000,1,1,0.10036756468345168,0.0023753331554444914,-0.1692424873253948,-0.02528441979319141,fast,0.2014134872924551,0.16644583304628402,0.1609870823901794,0.1852429253315448,0.0654242119709394,0.05358192905470534,0.056422392835336586,0.06182348431669827,0.6319374886346473,0.6512443297713273,0.6640927502966112,0.6447995932994328,0.101224812101958,0.12872790812768328,0.11849777447787287,0.10813399705232393,0.7500691173299415,-0.8728575215508326,-0.933882862422516,-0.8810899837098564,-0.8405048382563515,-0.2424473104718875,-0.486348641424345,-0.6024208947231068,0.3734866742773387,-0.1020089966341578,-0.12550995431071302,-0.11382738465418038
2026-02-14|flemington|3,2026-02-14,flemington,3,V2,2,good,1400,2,2,0.30422595879201525,0.10016529350677597,-0.40475807744490355,0.0033995555289951904,slow,0.4845590267324646,0.2607145340065961,0.30252350341194717,0.4117448174042576,0.090477605960696,0.067839443536934,0.08952566959251168,0.09009683141342227,0.3440166368000037,0.46303947684162944,0.45543617743511033,0.3885844530540464,0.0809467305068355,0.20840654561484062,0.15251464956043082,0.10957389812827363,-3.2230157249241214,-0.6044350141249326,-0.40170088597627374,-0.17159111512498726,2.1231129588069946,-0.093845352313132,-0.2690499602697848,-0.5034688082234505,1.3152569809793573,-0.0932654958468727,-0.22730225588597755,0.030765551802086136
2026-02-14|flemington|4,2026-02-14,flemington,4,V3,2,good,1100,3,3,0.42702947679075404,-0.5152589391361325,-0.012993743200298792,0.1981316289239212,even,0.4101086753721203,0.2525056684799503,0.36519200117349376,0.39214200569266966,0.1078222107505767,0.07222834270987993,0.07517034636282591,0.09476146499547639,0.3276477117650352,0.4302301680426226,0.4245232476209693,0.36639792610740884,0.1544214021122676,0.24503582076754718,0.13511440484271092,0.14669860320444492,-0.0236663424377705,-0.4452592052204724,-0.28343196777934426,-0.5964862887244117,-0.8009577768784615,-0.1920505063326234,-0.1544690107000318,0.3431147259149805,0.5282156550117868,0.1616986769707453,-0.35849481553905416,0.3352968696287071
2026-02-14|flemington|5,2026-02-14,flemington,5,V4,2,good,1200,4,4,0.5148186763982243,-0.4365135399022799,-0.09550405606280228,0.2859467486177176,slow,0.3522037745518812,0.3088450386778135,0.31887877715064245,0.33887377559138565,0.1486923027757883,0.07677390731631005,0.10142999088690732,0.1297873780202359,0.3888718641476942,0.4539279730342435,0.4984183300116322,0.4326904504932694,0.1102320585246361,0.16045308097163294,0.08127290195081796,0.09864839589510885,-2.418174278419805,-0.2634866572863431,-0.5191909084453966,-0.4877999168743071,-1.57381177211206,-0.1458937537746499,-0.26999233126205646,0.1817677383019072,1.8574437837893856,-0.1638459878084309,-0.2558372040196808,0.6574346634716364
2026-02-14|flemington|6,2026-02-14,flemington,6,V5,2,good,2500,5,5,0.23300049856555033,-0.171565766428909,-0.1153598786099511,0.18598940913061385,slow,0.2172718634224364,0.18735248415591632,0.14182582259983578,0.18709344709339615,0.0734445376481629,0.06642465359505823,0.060101764727936116,0.06810742848007219,0.6165407259877037,0.6255613539300307,0.6602808740735484,0.6340367852220417,0.0927428729416969,0.1206615083189948,0.1377915385986797,0.11076233920449002,-3.569050837909982,-1.217851584210598,-1.2769165234622537,-1.1642052780532826,0.4670769343793296,-0.2984938392416225,-0.24172882673857618,-0.03151909995185699,0.4132638054989791,-0.2905007137942362,-0.46126096578539455,-0.23960137295351666
2026-02-14|flemington|7,2026-02-14,flemington,7,V6,2,good,1400,6,6,0.5226673864131973,-0.8988084959793733,-0.1277496926237397,0.5184998349449658,even,0.4197134794251125,0.24134638313699233,0.20347947780716666,0.33321987877793413,0.1026369968744683,0.07298514030940252,0.0652889452515524,0.08769777622530195,0.3881423270808424,0.49864625742683893,0.6401876280049371,0.4889604474504803,0.0895071966195766,0.18702221912676623,0.09104394893634386,0.0901218975462835,0.0565441355249789,-0.6044350141249326,-0.6832947092580905,-1.171626695050354,-0.6514967563126088,-0.093845352313132,-0.07470963604964415,0.5560216791099722,1.758493765778255,-0.0932654958468727,-0.4614886495635201,0.6892919166283428
2026-02-14|flemington|8,2026-02-14,flemington,8,V7,2,good,1000,7,7,0.522596964217382,-0.5197160368449589,-0.35877161874494407,0.5741347437925566,even,0.3352841337535941,0.2306660879167814,0.18912278636474442,0.27681959479805424,0.1249794677010002,0.08405246598679374,0.08199516558747429,0.10778574685558984,0.3975719838282753,0.4610237395682233,0.6225865585021633,0.4875778136978305,0.1421644147171302,0.22425770652820168,0.10629548954561809,0.12781684464852536,0.1075275123803265,-0.3864496561257016,-0.5685423684437048,-0.5397136357595875,0.3921457903933728,-0.2174951920660248,0.01614714206385659,0.2609641175971207,1.645757453122891,0.1112932506449363,-0.5682287083269381,0.4258417605081566
2026-02-14|flemington|9,2026-02-14,flemington,9,V8,2,good,1400,8,8,0.589875159138276,-0.5177799820475,-0.146882747844048,0.7852806715821141,even,0.3853225692911084,0.25120835266366476,0.23039706202443824,0.3233523663844403,0.1010609964556794,0.07528437555595435,0.07670726049439469,0.09131950207116551,0.4067351268771017,0.4906896078346226,0.6094330627539382,0.4878143012278363,0.1068813073761103,0.1828176639457582,0.08346261472722889,0.09751383031655773,-0.0242332009392799,-0.3693037860761984,-0.6333445363627994,-0.5315990373097497,-0.4368860601155118,-0.1645417671907071,-0.01467904351005389,0.5333959466655761,0.8720201961804528,-0.2052907878615527,-0.5472422550665813,0.9901749941047768
2026-02-14|flemington|10,2026-02-14,flemington,10,V9,2,good,1400,9,9,0.6298152807112816,-0.3948537871477194,-0.19160316907591124,0.7534487257053588,slow,0.374303021072579,0.25702053353311377,0.22956613285039648,0.316408265783706,0.1003028235818682,0.07102993868839651,0.08697054799361607,0.09496991334656735,0.3899271898466369,0.4955939954047538,0.5784260422832961,0.46532673082130055,0.1354669654989158,0.17635553237373597,0.10503727687269138,0.12329509004842602,-0.5008194860784374,-0.3693037860761984,-0.6509879520786128,-0.30819937739051245,1.5099395411010077,-0.1645417671907071,0.04469782063310179,0.5316532722017722,0.3324275885991766,-0.2052907878615527,-0.6185933739070943,0.9904880894087746
2026-02-14|randwick|2,2026-02-14,randwick,2,V0,2,good,1000,0,0,0.0,0.0,0.0,0.0,slow,0.3646272544563655,0.3364256808242565,0.3364256808242565,0.35334662500352193,0.116350963710732,0.06372742590831884,0.06372742590831884,0.09530154858976674,0.3303587202163282,0.43009311492734187,0.43009311492734187,0.3702524781007337,0.1886630616165742,0.16975377834008287,0.16975377834008287,0.18109934830597768,-1.0342191645307708,-0.4141422729191205,-0.262329532590656,-0.262329532590656,-0.0153293354426466,-0.2411914696787404,-0.43849998530222045,-0.43849998530222045,0.4154863078375805,-0.0931597960977069,-0.11351010293501682,-0.11351010293501682
2026-02-14|randwick|6,2026-02-14,randwick,6,V1,2,good,1200,1,1,0.17271870126475483,-0.17862899092087453,-0.002647662908905696,0.07176225548299503,slow,0.4654201368440414,0.2641854564178605,0.27105179417344494,0.3876727997758028,0.0601298550783021,0.04575380853128802,0.051061633492351835,0.05650256644392199,0.2549563662763658,0.40050006454432235,0.44339898777313874,0.33033341487507495,0.2194936418012906,0.28956067050652917,0.23448758456106444,0.22549121890520013,-2.022583621302658,0.1104736434623439,0.4383870488547231,0.3284166625733357,0.077224304345876,-0.161681142564169,-0.2881468967348451,-0.11226530092678462,0.73088260985907,0.0028292668157483,-0.12428400702665279,0.16575468977161628
2026-02-14|randwick|7,2026-02-14,randwick,7,V2,2,good,1200,2,2,0.4027663680073751,-0.7116909437468264,0.021463932462316742,0.26152655065120506,slow,0.478204437912447,0.24617294098180498,0.26332193622577355,0.3922514372377776,0.0581620852655866,0.04819033157743379,0.054155399033717126,0.05655941077283881,0.2722464486569502,0.4108806407466665,0.5483717885603984,0.38269658461832945,0.191387028165016,0.29475608669409475,0.13415087618011096,0.16849256737105398,-1.3138795624323334,0.1104736434623439,0.3696445936607615,-0.12115844324539898,0.9134950938128712,-0.161681142564169,-0.23803385450119247,0.26621296366465963,0.9713772659019584,0.0028292668157483,-0.18173045287933784,0.5871025367469415
2026-02-14|randwick|9,2026-02-14,randwick,9,V3,2,good,1200,3,3,0.47037788622688675,-0.7309342794960187,0.21533447644403808,0.37666264362870927,slow,0.459234303994085,0.2755183427451428,0.3215320704285296,0.4041534105678628,0.070662193577655,0.04931328235102709,0.058068804148572184,0.06562483780602188,0.2341297505906711,0.3678564363562018,0.4820502580850365,0.3332979535884173,0.2359737518375887,0.30731193854762834,0.13834886733786167,0.19692379803769788,-0.7469163153360648,0.1104736434623439,0.4151384598315008,-0.01680874729653825,-0.4472166992181652,-0.161681142564169,-0.14003984797088204,0.6184807865497741,1.099641082458161,0.0028292668157483,-0.2716032469536793,0.8177785920011303
2026-02-21|caulfield|1,2026-02-21,caulfield,1,V0,2,good,1100,0,0,0.0,0.0,0.0,0.0,fast,0.3232315254376207,0.24166205683964043,0.24166205683964043,0.2906037379984286,0.1147082722807723,0.06911553534425768,0.06911553534425768,0.09647117750616645,0.4276591455584155,0.505869288946249,0.505869288946249,0.4589432029135489,0.1344010567231912,0.18335311886985278,0.18335311886985278,0.15398188158185583,0.7194568101083672,-0.4452592052204724,-0.4545816582008808,-0.4545816582008808,0.4846341012535525,-0.1920505063326234,-0.4344867334009229,-0.4344867334009229,0.5154127501660778,0.1616986769707453,-0.0932210462888712,-0.0932210462888712
2026-02-21|caulfield|2,2026-02-21,caulfield,2,V1,2,good,1200,1,1,0.29737823977181627,0.2139507997818721,0.14411963596417762,0.1532725364003391,even,0.3208314708747307,0.30434605256765096,0.4004024176000337,0.35265984956485186,0.1143898185875492,0.05894986968753473,0.08918695010573219,0.1043086711948224,0.3505794943147281,0.46229639139213596,0.3468047825411085,0.3490696096052803,0.2141992162229918,0.17440768635267825,0.16360584975312578,0.1939618696350454,0.2439647427894098,-0.1378477503292568,-0.18881735705010777,0.1520947811464437,0.8093889113719118,-0.1991185191495843,-0.41102300784124157,0.10885556004595362,0.2790996246109998,-0.0108947092069428,-0.1007713684709999,0.6557967897891682
2026-02-21|caulfield|3,2026-02-21,caulfield,3,V2,2,good,2000,2,2,0.18366384466957586,0.08097909119935531,0.12395076141127143,0.06923730033649325,fast,0.2235624351901192,0.1725775051250441,0.18623069929952438,0.20862974083388125,0.0601091944847009,0.0494390608554381,0.06124208583258402,0.06056235102385415,0.5827158610041506,0.6520862352264599,0.6043822142109428,0.5913824022868674,0.1336125093210291,0.12589719879305789,0.14814500065694874,0.13942550585539698,0.9215814337403035,-0.8728575215508326,-0.9093631426068398,-0.7032579723664161,0.3878321866990332,-0.2424473104718875,-0.41821642710739515,-0.0699867294576183,-0.5545812911251967,-0.1020089966341578,-0.21210453238957203,0.16022294871750686
2026-02-21|caulfield|4,2026-02-21,caulfield,4,V3,2,good,1800,3,3,0.3829195919006808,0.27509918245919945,0.19496435282825306,-0.06159560775890982,slow,0.2859512742141889,0.22939418222620364,0.303136431582424,0.29282533716148296,0.0855582007758333,0.0593467861795045,0.10277708958578397,0.09244575629981357,0.4765266739676034,0.5658070759996435,0.4115871473784861,0.4505508633319565,0.1519638510423742,0.14545195559464832,0.18249933145330585,0.16417804320674687,-1.29419200423562,-0.5197965018398747,-0.6633034633542285,-0.11197139729719896,0.0266999169632603,-0.2230909106396128,-0.3447229949826791,0.16341520500549414,-1.3742233465838458,-0.0880553875632077,-0.2484133451673158,0.34120777013648296
2026-02-21|caulfield|5,2026-02-21,caulfield,5,V4,2,good,1400,4,4,0.45564270147824437,-0.00136712767802377,0.19291916493350336,-0.15085826732894073,even,0.3605114234811121,0.2241611520945268,0.2699954252470653,0.3243050241874934,0.0707746533678008,0.07035234734794231,0.11634734653993815,0.08900373063665575,0.459029533249865,0.5186508919296193,0.37854833998035126,0.4268370559420595,0.109684389901222,0.18683560862791157,0.2351088882326453,0.15985418923379136,0.3399008551693092,-0.5778822605310765,-0.575824834022152,-0.2022249711278456,0.4232098882990392,-0.2893301257914973,-0.23941913663845743,0.36583297234195167,-0.4923007267444073,-0.1738621972107983,-0.3694720488335529,0.17781059872477553
2026-02-21|caulfield|6,2026-02-21,caulfield,6,V5,2,good,1400,5,5,0.5452778588717812,0.07632633270301885,0.230827452933465,-0.21718875849676098,slow,0.3282883221748905,0.23758607181825886,0.3639127033724691,0.34253807465392194,0.0836216117779128,0.058869281162944945,0.10619929713112015,0.09265268591919575,0.4585756481170779,0.5593538115926394,0.3696403061703569,0.42300151133838954,0.1295144179301185,0.1441908354261568,0.16024769332605393,0.14180772808849268,-1.1684091896444933,-0.3693037860761984,-0.636192500879377,0.002930007852436134,-0.5290123603737966,-0.1645417671907071,-0.2567910526985412,0.3167996517317053,1.7715073395448386,-0.2052907878615527,-0.3143975854747103,0.21491621429590885
2026-02-21|caulfield|7,2026-02-21,caulfield,7,V6,2,good,1400,6,6,0.6002574724044553,-0.1774865802451748,0.06375743632626212,0.19459621552871384,even,0.2973793702472152,0.24868244284090849,0.44898998993813466,0.358023618123583,0.1093491442425565,0.04206893768031082,0.06278068830194719,0.09072176186631277,0.4283560921365497,0.6133787580436127,0.4030469815777771,0.41823244791304065,0.1649153933736785,0.09586986143516804,0.08518234018214102,0.1330221720970635,0.1965051818947591,-0.2377675913714921,-0.7837457083718204,-0.19610107927048,0.9654475576821782,0.0728552384881741,-0.26608312970244724,0.46262269131960587,0.089156824528511,-0.1826826563167772,-0.23761114857071033,0.5126515471530353
2026-02-21|caulfield|8,2026-02-21,caulfield,8,V7,2,good,1200,7,7,0.5877694638961846,-0.04983238058010942,0.22891129438723606,0.15951100054798498,very_fast_or_collapse,0.2793554985479931,0.3210781146724096,0.4272644839543846,0.3385190927105497,0.1436863388776547,0.05102111844429926,0.07756314164113397,0.1172370599830464,0.2917226208144409,0.4668093887639435,0.34112861024083035,0.31148501658499667,0.2852355417599112,0.16109137811934748,0.154043764163651,0.23275883072140713,1.4924901911822557,-0.0125622926902965,-0.32026220085861856,0.26521428404252934,-0.1011736139214934,-0.0255410583085807,-0.06090036469982382,0.6678482424867817,-1.430385576131409,-0.0712326345738661,-0.3972847048064214,0.6551189220070023
2026-02-21|caulfield|9,2026-02-21,caulfield,9,V8,2,good,1100,8,8,0.5953976555654255,0.23270180587927583,0.14941255936467027,-0.12586752879090457,very_fast_or_collapse,0.2817700547789705,0.2566591827868636,0.2618147766299146,0.2737879435193481,0.1435655156238539,0.07832387333591015,0.14430819903218847,0.14386258898718773,0.3579486719885666,0.45262822811438813,0.31140057969816537,0.3393294350724061,0.2167157576086089,0.21238871576283805,0.2824764446397316,0.24302003242105796,1.2590494176896383,-0.3864496561257016,-0.5765541727344348,0.37260614228731626,1.44390984806471,-0.2174951920660248,0.08371177770913152,0.516914232968149,-0.4263290649521877,0.1112932506449363,-0.6404524864244484,0.14648408862407356
2026-02-21|caulfield|10,2026-02-21,caulfield,10,V9,2,good,1400,9,9,0.6461946475109037,0.2258193283888565,0.2962563813962076,-0.08581419040031406,slow,0.3791307300168211,0.26715443066818456,0.3956822907729152,0.3857513543192588,0.134964175814691,0.0774818797657295,0.12872515103860496,0.1324685659042566,0.3629156801691401,0.48087095888217574,0.2710283890161529,0.3261607637079452,0.1229894139993477,0.1744927306839102,0.20456416917232698,0.1556193160685394,-1.1312325336103537,-0.6044350141249326,-0.8203577732942682,0.2150335300081755,1.3886574459812269,-0.093845352313132,0.10288476970673138,0.649925540977208,0.1201678939297384,-0.0932654958468727,-0.6636503185194155,0.24364332269091918
2026-02-28|flemington|1,2026-02-28,flemington,1,V0,2,good,1000,0,0,0.0,0.0,0.0,0.0,slow,0.3951378173626855,0.23163409935449716,0.23163409935449716,0.3297363301594102,0.0971704289897645,0.07092365543072177,0.07092365543072177,0.0866717195661474,0.3955232110550361,0.47527988077776556,0.47527988077776556,0.42742587894412787,0.1121685425925139,0.22216236443701548,0.22216236443701548,0.15616607133031452,-1.096047484149458,-0.4452592052204724,-0.3123089556100739,-0.3123089556100739,1.5808377175232686,-0.1920505063326234,-0.38496891377655434,-0.38496891377655434,0.786905886056037,0.1616986769707453,-0.12315546676200481,-0.12315546676200481
2026-02-28|flemington|2,2026-02-28,flemington,2,V1,2,good,1200,1,1,0.2637669986665615,-0.2891011552901382,0.41697282013001014,0.20755980379805208,slow,0.2847852509961449,0.28267919450138,0.31258900407042284,0.29590675222585605,0.1320951375433997,0.06527922732748172,0.07761325006607853,0.11030238255247123,0.4738276354302351,0.5249699011368393,0.5134479844654185,0.4896757750443085,0.1092919760302201,0.12707167703429897,0.09634976139808021,0.10411509017736414,-1.4821612230536725,-0.2634866572863431,-0.5865845784454458,-0.7600411545702772,-0.1927116455647345,-0.1458937537746499,-0.5253870118377539,0.26557993375452893,2.4667090632286905,-0.1638459878084309,-0.0062312029282578785,0.7675456244000013
2026-02-28|flemington|3,2026-02-28,flemington,3,V2,2,good,1400,2,2,0.36414543322206677,-0.4870792694929898,0.17163168349473393,0.6692155006844985,slow,0.3132091173607865,0.20791610582653416,0.2000267552544904,0.26793617251826807,0.0921740750769026,0.062321551978190726,0.06588979932639459,0.0816603647766994,0.5198261764528418,0.5889176886868597,0.6643766106500613,0.5776463501317296,0.074790631109469,0.14084465350841552,0.06970683476905377,0.07275711257330292,-1.3489815189531804,-0.6044350141249326,-0.7890406134593226,-1.0809322410704425,-1.3868742582496372,-0.093845352313132,-0.41232601729859597,0.4290591646134999,1.031574102728912,-0.0932654958468727,-0.12371645366447095,1.1788664932584485
2026-02-28|flemington|4,2026-02-28,flemington,4,V3,2,good,1600,3,3,0.4121164181428367,-0.553643159669389,-0.19712990028546343,0.5875753930075704,even,0.2235177969525611,0.15833461992894918,0.12189288211650923,0.18286783101814036,0.0768141798173747,0.08917786293788545,0.09357386701760904,0.08351805469746845,0.6221251551027756,0.518560344946582,0.684087776031013,0.6469102034740706,0.0775428681272884,0.23392717218658338,0.10044547483486868,0.08670391081032053,0.1362406694408956,-0.635334453832482,-0.6780480498853558,-0.9988667434310462,-0.0499622784797654,-0.4126052375048022,-0.26849712580619034,0.12951838919995276,1.1419435879867534,0.031689046116367,-0.3385573784351634,0.8161110232977029
2026-02-28|flemington|5,2026-02-28,flemington,5,V4,2,good,1000,4,4,0.4844532563525094,-0.4918424848156752,0.0545867255151608,0.6583977573599471,fast,0.394170626867256,0.24894591894354864,0.22799152217762972,0.3276989849914055,0.1264018247625725,0.08204096665592092,0.09944671604900612,0.11561978127714595,0.3498709969767742,0.4260421643624314,0.5639638182864053,0.4355081255006267,0.129556551393397,0.24297095003809907,0.10859794348695878,0.12117310823082172,0.5269459058410895,-0.4452592052204724,-0.3955917210048395,-0.5670316892367189,2.9508970727101134,-0.1920505063326234,-0.10723317151813852,0.5386955874536472,1.3057449318072631,0.1616986769707453,-0.41045422162619205,1.066918735086484
2026-02-28|flemington|6,2026-02-28,flemington,6,V5,2,good,1100,5,5,0.5592736581095842,-0.27723041715336333,0.5397039873789713,0.7706903348230115,very_fast_or_collapse,0.4123765267320682,0.23666165184821436,0.33559136404651996,0.3816624616578489,0.1236455589242382,0.086254084042302,0.1163509107718381,0.12072769966327815,0.3489476784008056,0.4141447436033902,0.4148677220072946,0.3753156958434012,0.1150302359428878,0.26293952050609354,0.13319000317434732,0.1222941428354716,1.8613350766325223,-0.4452592052204724,-0.3987924765270719,-0.3706213706589042,0.7107537035344852,-0.1920505063326234,-0.03148844280373328,1.075853884102462,-1.8258507820226195,0.1616986769707453,-0.48191805207730376,1.6008141721374873
2026-02-28|flemington|7,2026-02-28,flemington,7,V6,2,good,1600,6,6,0.530139904391701,-0.007449586526114668,0.1855869587561723,0.368677766745615,even,0.3293729352559657,0.22594852230873658,0.16837938314314413,0.2649755144108371,0.0833602781815186,0.07054732466006343,0.11561768670396301,0.09626324159049637,0.4542628670235011,0.5121732550337926,0.5727344293138926,0.5016514919396577,0.1330039195390144,0.19133089799740735,0.14326850083900017,0.13710975205900872,-0.212813892411345,-0.253535025942937,-0.4941586104780724,-0.18769568561191222,1.442527912702508,-0.2600328644522876,-0.14888308587871021,0.31962690333046073,1.3942710663520923,-0.1256720201137555,-0.4266670371015431,1.1798385774365667
2026-02-28|flemington|8,2026-02-28,flemington,8,V7,2,good,1600,7,7,0.5905716205790469,-0.04898813626226845,0.43038368587324194,0.5537657774933422,fast,0.3158782290493098,0.2438283496947429,0.359686175925838,0.3334014077999211,0.1192776130670462,0.06725788516557571,0.09732520247774282,0.11049664883132485,0.4637803901070639,0.5631884002287643,0.4342753028828943,0.45197835521739604,0.10106376777658,0.12572536491091718,0.10871331871352492,0.10412358815135797,0.6210386720134593,-0.6653996655149914,-1.0128607677358685,-0.5497033605549349,-1.901755663835535,-0.0802421205193904,-0.12407289639687238,0.800397220444542,1.5835166751261078,-0.1981378762353323,-0.45872974212542605,1.171336735537042
2026-02-28|flemington|9,2026-02-28,flemington,9,V8,2,good,1200,8,8,0.6027376242231259,0.09173310610173946,0.22514607078290816,0.48890567002966756,even,0.3458852329564738,0.2878753850304387,0.3206138517188673,0.33577668046143117,0.1318618660677843,0.07304859598249226,0.1233252658002522,0.12844722596077146,0.3734156877876575,0.47121571381283894,0.3571450889325981,0.3669074482456337,0.1488372131880843,0.16786030517423003,0.19891579354828237,0.16886864533216353,0.4596847851209907,-0.2634866572863431,-0.600841312530315,0.29148517187526524,0.5506047016135607,-0.1458937537746499,-0.02094575362851954,0.7236679105072669,0.6423721518824733,-0.1638459878084309,-0.5292158169130525,0.7339733332424159
2026-02-28|flemington|10,2026-02-28,flemington,10,V9,2,good,2000,9,9,0.463201491742739,0.08099806607886022,0.02218308860117513,0.4877776613248557,slow,0.2028066680418155,0.13893375523941895,0.09737224337636184,0.16063289817563403,0.0677799388616323,0.06682963642448782,0.0734081068905586,0.07003120607320282,0.638155263708032,0.6316472014473995,0.6369429433622764,0.6376703355697297,0.09125812938852,0.16258940688869375,0.19227670637080305,0.13166556018143322,-0.7001856455518981,-0.8728575215508326,-1.1620312596754925,-0.6795581637236434,-0.360774127161901,-0.2424473104718875,0.027703136753942925,0.4050929741516113,1.401882754990579,-0.1020089966341578,-0.6607956950766051,0.4962462610620325
2026-02-28|randwick|2,2026-02-28,randwick,2,V0,2,soft,1000,0,0,0.0,0.0,0.0,0.0,even,0.3107725705545432,0.30226824930475626,0.30226824930475626,0.3073708420546284,0.0985858485622455,0.059122249375732405,0.059122249375732405,0.08280040888764026,0.3644053882294438,0.4706299712425427,0.4706299712425427,0.4068952214346834,0.2262361926537673,0.1679795300769687,0.1679795300769687,0.20293352762304784,0.4332123836200123,-0.3956358335273202,-0.27962790020985195,-0.27962790020985195,1.571217788620152,-0.2822353494676066,-0.45855888086987306,-0.45855888086987306,0.6382441579027116,-0.0561779561637515,-0.11134081601233695,-0.11134081601233695
2026-02-28|randwick|3,2026-02-28,randwick,3,V1,2,soft,2000,1,1,0.08628887022757795,0.03738140715116695,0.1355786078615063,0.05507336731477685,slow,0.2779954662528732,0.2603715157538486,0.264618364577058,0.2726446255825471,0.0795931123313385,0.07722959976059096,0.08420639025021669,0.08143842349888977,0.4940746214351078,0.48201564583484163,0.45272971945994794,0.47753666064504385,0.1483367999806802,0.18038323865071887,0.1984455257127775,0.1683802902735191,-0.5547686496694962,-0.4475824395006652,-0.4216566261070728,-0.32325963650218204,0.3021156526822233,-0.4751793860031784,-0.4580365977955656,-0.19955485483806742,-0.2994738972076081,-0.2184191124927795,-0.1978801381689412,0.03292570234894272
2026-02-28|randwick|4,2026-02-28,randwick,4,V2,2,soft,1200,2,2,0.30121102859857285,0.03949590062814887,0.35638459813169393,0.10588292170940462,very_fast_or_collapse,0.2968238254204581,0.28075032851073894,0.30930315618784127,0.30181555772741137,0.107082327719025,0.09385528844147158,0.1331128848130299,0.11749455055662696,0.4431866035796927,0.4189044751924126,0.3238863111342645,0.3954664866015214,0.1529072432808241,0.20648990785537694,0.23369764786486433,0.1852234051144402,1.6712185964518105,-0.4972754590372759,-0.4255829987707789,-0.18395781861496466,0.8439711435973669,-0.4986074780978135,-0.331329024185034,0.43938678096638684,-0.3558034674547953,-0.1252070758299314,-0.3272197489311215,0.3949561567927953
2026-02-28|randwick|5,2026-02-28,randwick,5,V3,2,soft,1200,3,3,0.4236447055669395,0.38841555138929396,0.42793207354403917,-0.003955681470966079,very_fast_or_collapse,0.2945002698051661,0.2833368118359224,0.36255785526315965,0.3217233039883635,0.1080175952037743,0.09299598750298775,0.15990295326638884,0.12877173842882012,0.4266686173355928,0.4142516292196757,0.23428021532286178,0.3497132565305004,0.1708135176554667,0.2094155714414141,0.24325897614758968,0.1997917010523159,0.9022638169961644,-0.4972754590372759,-0.4332673522468883,0.26330608655102805,1.7894932865869515,-0.4986074780978135,-0.2628424335992896,0.5063669867192632,-0.875799106201057,-0.1252070758299314,-0.40000085299636623,0.46805725057233116
2026-02-28|randwick|10,2026-02-28,randwick,10,V4,2,soft,1200,4,4,0.33045259437396085,0.3010725219909126,0.4353970723731228,-0.11603877428130396,very_fast_or_collapse,0.3031263005281321,0.3133695448438052,0.32645813460543965,0.3124590341590551,0.1288112493826322,0.09727125540907533,0.13062769626966267,0.12953782813744438,0.372152157259336,0.37026279664074885,0.22514622450249827,0.31334978415660086,0.1959102928298995,0.21909640310637066,0.3177679446223995,0.2446533535468995,1.1203256201253744,-0.4972754590372759,-0.39344881330581705,0.1676291401952421,2.2354942974310816,-0.4986074780978135,-0.16652511488480068,0.49281814527001655,-0.221611044552538,-0.1252070758299314,-0.4917871259861588,0.01921465576046319
2026-03-07|flemington|1,2026-03-07,flemington,1,V0,3,good,1100,0,0,0.0,0.0,0.0,0.0,slow,0.3807261658760781,0.3143793779598151,0.3143793779598151,0.3608221295011992,0.1372270546984259,0.08463435484980653,0.08463435484980653,0.12144924474384007,0.3141730524693715,0.3782499226731498,0.3782499226731498,0.33339611353050497,0.1678737269561245,0.22273634451722873,0.22273634451722873,0.18433251222445576,-0.7508482039456464,-0.2896113112761829,-0.04982647113736338,-0.04982647113736338,-0.1124151265794308,-0.1765654080845785,-0.33842916738828155,-0.33842916738828155,1.357308565366474,0.1376823162184864,-0.1911069328550282,-0.1911069328550282
2026-03-07|flemington|2,2026-03-07,flemington,2,V1,3,good,1100,1,1,0.3333333333333333,-0.2502827346485488,-0.037471708859810264,0.45243618845549133,even,0.3633367198776326,0.2872882227750479,0.35716683841191466,0.36148575543791717,0.1812664202044309,0.09660691678997568,0.14451820252440617,0.1702419549004235,0.3475731719903658,0.400326829418946,0.36662515187019035,0.35328876595431313,0.1078236879275706,0.21577803101603038,0.1316898071934888,0.11498352370734605,-0.4581446668142894,-0.2896113112761829,-0.2791430418657978,-0.28765767945694326,0.4215567246728708,-0.1765654080845785,-0.33317256543506585,0.09534744071237174,0.6245284809968457,0.1376823162184864,-0.19202240772123222,0.8695224505048682
2026-03-07|flemington|3,2026-03-07,flemington,3,V2,3,good,1000,2,2,0.4371782109998217,-0.25852980515186513,0.07805155257122036,0.4188307878183592,even,0.4422775783160866,0.2686204334577886,0.3391267553742405,0.41133233143353276,0.1215332771631646,0.09262714662339759,0.1617490731958906,0.1335980159729824,0.3314283327528853,0.3961236832918208,0.3395912515149469,0.33387720838150375,0.1047608117678633,0.24262873662699308,0.15953291991492197,0.12119244421198089,-0.0230989986122075,-0.3343241000175647,-0.20202402257443414,-0.07682440684720332,-0.5395926075812709,-0.2033344220586704,-0.27234951930920775,0.34011168013041804,0.8510486347513608,0.1329397561172081,-0.33249931494993656,0.9266709263647183
2026-03-07|flemington|4,2026-03-07,flemington,4,V3,3,good,1400,3,3,0.41914433930598044,-0.16313150699954856,-0.03224855479348483,0.38560137821692414,even,0.3736553636450248,0.2544259065799303,0.31061482929560313,0.35474320334019827,0.1143311368321657,0.06289996200063677,0.11325989888730185,0.11400976544870654,0.4206370537016832,0.5515839832764614,0.48358428030975964,0.4395212216841061,0.0913764458211262,0.13109014814297149,0.09254099150733529,0.09172580952698892,0.3422293016063514,-0.4312065606606918,-0.7231666384376279,-0.5318605371098919,1.9271164556474092,-0.0381112152158563,-0.3794938752084402,0.09810495507289753,3.019879082202018,-0.0066077189473278,-0.2721575596357143,0.8056963427398014
2026-03-07|flemington|5,2026-03-07,flemington,5,V4,3,good,1600,4,4,0.44138451595681594,-0.025404206715704293,0.36711742619953963,0.8263217445458452,fast,0.4083397073017253,0.261687499651354,0.3788143462519605,0.3994820989867959,0.0884968439811361,0.07002703747129654,0.13424578625837516,0.10222152666430781,0.3820091296537261,0.4796095210548627,0.3475653225787746,0.37167598753124065,0.1211543190634124,0.18867594182248673,0.13937454491088974,0.12662038681765558,0.6902991366518285,-0.3745281029391313,-0.44712780647415085,-0.10362538475871536,2.912573734103481,-0.195935433477355,-0.24532675720436325,0.8575156910805851,-0.4325538566208616,0.0333044162603023,-0.46065359400473593,1.4473849017133464
2026-03-07|flemington|6,2026-03-07,flemington,6,V5,3,good,1400,5,5,0.561277023804187,0.08524265256202163,0.793900942842679,0.6885279674247015,very_fast_or_collapse,0.4272351526884789,0.2591067354695918,0.2789145817252521,0.3827389813995108,0.0936390518233504,0.07401183082463132,0.191694492969714,0.12305568416725948,0.3847729069663109,0.4921585267514596,0.32273380618192254,0.36616117673099435,0.0943528885218597,0.1747229069543173,0.20665711912311147,0.12804415770223523,0.9535903840876012,-0.474707790300524,-0.6126430002858387,0.018012579098076076,1.1212313923766866,-0.1880231627914282,-0.24953018320875608,1.3986719059418915,-2.759280379676979,-0.09872245784836,-0.5253025489410817,1.879580172294309
2026-03-07|flemington|7,2026-03-07,flemington,7,V6,3,good,1600,6,6,0.5702922085483862,0.25705272526585565,0.8923306788775749,-0.05894736449694755,very_fast_or_collapse,0.323289949361037,0.2511988972443518,0.2287583865741224,0.2949304805249626,0.1306847339439502,0.059348473689370934,0.1750761674680436,0.1440021640011782,0.4386918283403356,0.5857605053971169,0.3725664094302496,0.41885420266730977,0.1073334883546772,0.10369212366916039,0.22359903652758426,0.1422131528065493,2.423951166869009,-0.5945689086293964,-1.0568900481064474,-0.16142610878000385,2.636645696135793,0.0418787228572198,-0.27463864671821564,1.2620689168397028,-0.8211191854497646,-0.0782793425830426,-0.48740514392092704,0.9381563271864161
2026-03-07|flemington|8,2026-03-07,flemington,8,V7,3,good,1600,7,7,0.6166437309937409,0.6561668459322292,1.1703268690794857,-0.2013164996187252,even,0.2840888649951072,0.2037214982984748,0.2904536650931986,0.2859983050245346,0.080569644940547,0.04460188747677289,0.19899238019918558,0.11609646551813857,0.5220745018069263,0.6582486527588063,0.2810753766853838,0.4497747642704635,0.1132669882574194,0.09342796146594605,0.22947857802223195,0.14813046518686315,-0.2213172804532585,-0.6465863576768758,-1.164656332394138,0.2825255248198849,1.4102988607237998,0.0150302549186015,-0.22355151100710158,1.393490711796955,0.7478049724631824,-0.019565674596412,-0.5776441030328773,0.8123408104599404
2026-03-07|flemington|9,2026-03-07,flemington,9,V8,3,good,1200,8,8,0.5925868309514832,0.2871755206261744,0.7936064205645094,0.06714450340774837,even,0.2718289588045251,0.3472922258598306,0.45547486851533686,0.32692273171776864,0.1823524119205803,0.04427701872907447,0.09475842967073499,0.1560742172456267,0.3341546757505735,0.4859334093678409,0.22619264425740257,0.3017660663026222,0.2116639535243211,0.12249734604325394,0.22357405755652562,0.21523698473398245,-0.0915077310700499,0.0759762370604463,-0.6946412713393139,0.39888952564826363,0.8783088394430498,0.0424402742878702,-0.2236113840342896,1.1885436758776733,1.6395821888867936,-0.0529157447465423,-0.5241915801516923,0.8470198982764927
2026-03-07|flemington|10,2026-03-07,flemington,10,V9,3,good,2000,9,9,0.47981602983668753,0.2879691709260134,0.7863533254923155,0.09796850593363604,very_fast_or_collapse,0.2428888167051628,0.15948726581011288,0.21260783257091084,0.2338045214648872,0.0671666244674165,0.04968741368641653,0.09000153766380257,0.07401709842633232,0.6138301677084587,0.6790394204500383,0.4466141310682791,0.5636653567164047,0.0761143911189619,0.11178590005343238,0.2507764986970074,0.12851302339237555,2.324398924965497,-0.7729903078174699,-1.3235668526501017,-0.4993212309775677,1.310183377921371,-0.1219573814120377,-0.10491815412546399,1.3387698563487131,-1.0614936542582458,-0.0076088847512415,-0.7624283442208095,0.3201945155702136
2026-03-07|randwick|1,2026-03-07,randwick,1,V0,3,good,1600,0,0,0.0,0.0,0.0,0.0,slow,0.2903856919834215,0.2734616746041353,0.2734616746041353,0.2853084867696356,0.0715983788250557,0.037331254501736556,0.037331254501736556,0.06131824152805995,0.4786039953563529,0.5805419410330527,0.5805419410330527,0.5091853790593628,0.1594119338351698,0.10866512986107547,0.10866512986107547,0.1441878926429415,-0.7441191270542256,-0.1885685900827312,-0.46753957510740174,-0.46753957510740174,1.4095236730907916,-0.1691751342210597,-0.5356287288933635,-0.5356287288933635,-0.0701009902412404,-0.0793744307393559,-0.035147672449658746,-0.035147672449658746
2026-03-07|randwick|2,2026-03-07,randwick,2,V1,3,good,2000,1,1,0.13642312366495504,-0.10151505569157701,0.19229162236274674,-0.009563396060716546,slow,0.3833755752636359,0.2970888536611091,0.31130168173913797,0.36175340720628646,0.0738108231636698,0.05600394821942226,0.060306195728754175,0.06975943493319511,0.4207046921279247,0.5005378271798829,0.4825401233307008,0.43925532148875746,0.1221089094447693,0.1463693709395858,0.14585199920140685,0.12923183637176056,-1.5253867945086097,-0.3338523136931382,-0.39183435050078674,-0.39804714629702875,2.8467477642615107,-0.3339632321200037,-0.47286592578176173,-0.11664754340342182,0.7574199512155201,-0.2874086722840947,-0.21817869914518104,0.03508303933715132
2026-03-07|randwick|3,2026-03-07,randwick,3,V2,3,good,1200,2,2,0.16003693216581535,-0.15752697071234587,0.2962910578828625,0.02949746402494321,even,0.398821800620698,0.2884214960194073,0.29257494422788105,0.3669477437028529,0.0471090076806483,0.035272520170433974,0.03401023125269949,0.043179374752263654,0.3701382519947276,0.511084275834079,0.5000550953264068,0.4091133049942313,0.1839309397039259,0.16522170797607974,0.17335972919301268,0.18075957655065195,0.4790910759372342,0.0622570401064804,-0.08961550882220559,-0.1294249154683239,-1.0149429098621563,-0.2000166781323805,-0.41277028076328426,0.1152906557443827,-0.9351131549466848,-0.0075075203804193,-0.24591048191679407,0.13116469242381987
2026-03-07|randwick|4,2026-03-07,randwick,4,V3,3,good,1200,3,3,0.32997253921732617,0.002043687309999178,-0.029265873150341848,-0.18919680834643346,very_fast_or_collapse,0.3813433734954674,0.26748357226010033,0.2914692763818384,0.3543811443613787,0.0433452748800916,0.032160393973237354,0.05095213821276506,0.045627333879893636,0.4034708549672398,0.5485856939739581,0.5039429284925876,0.43361247702484407,0.171840496657201,0.15177033979270443,0.15363565691280892,0.16637904473388337,4.0,0.0622570401064804,-0.2194554914485679,0.0023009644371325133,3.3863498035211594,-0.2000166781323805,-0.391140283097116,-0.19889818732382047,-0.28069031992129,-0.0075075203804193,-0.2952468420533154,-0.084252884399633
2026-03-07|randwick|8,2026-03-07,randwick,8,V4,3,good,1600,4,4,0.236045280852882,0.1456029509312104,0.3423123378601802,-0.05430418544150264,slow,0.2737626805965087,0.2647160470382576,0.26000206593737946,0.2696344961987699,0.0822089470547463,0.03945096222523191,0.05821396512073241,0.07501045247454212,0.4810074113141593,0.5836407325545819,0.5488196803782732,0.5013510920333935,0.1630209610345856,0.11219225818192863,0.13296428856361495,0.1540039592932944,-1.1075160063521965,-0.1885685900827312,-0.6835715904507511,-0.4732354470685476,-0.2884989974162378,-0.1691751342210597,-0.36394233154223177,0.1878755798882656,-0.1177943325754576,-0.0793744307393559,-0.32115121661799306,0.13681816680079636
2026-03-14|caulfield|1,2026-03-14,caulfield,1,V0,3,good,2000,0,0,0.0,0.0,0.0,0.0,slow,0.2249609625618846,0.1995410149910861,0.1995410149910861,0.21733497829064505,0.0967169553678184,0.05830172513304814,0.05830172513304814,0.08519238629738732,0.5988307815556955,0.6365146963227254,0.6365146963227254,0.6101359559858044,0.0794913005146015,0.1056425635531404,0.1056425635531404,0.08733667942616316,-0.7165490747326395,-0.7729903078174699,-0.931749566975513,-0.931749566975513,-0.4422890226076021,-0.1219573814120377,-0.47435380492506296,-0.47435380492506296,0.9085743156019528,-0.0076088847512415,-0.07989894816156975,-0.07989894816156975
2026-03-14|caulfield|2,2026-03-14,caulfield,2,V1,3,good,1100,1,1,0.10036756468345168,-0.07191828560709565,-0.044391472085349125,0.09119139139090184,slow,0.3738088435509346,0.27153166785740623,0.27344808128591674,0.3437006148714292,0.1262957383879858,0.07830215467651164,0.08329702237973832,0.11339612358551154,0.3866595116473122,0.4593051526650257,0.47063254447699227,0.41185142149621623,0.1132359064137673,0.1908610248010565,0.17262235185735264,0.1310518400468429,-4.0,-0.2896113112761829,-0.3339677963211535,-0.36732766780601356,-2.0585107594415626,-0.1765654080845785,-0.357210067463702,-0.2629471374011785,4.0,0.1376823162184864,-0.1868280600399427,0.05196278058023111
2026-03-14|caulfield|3,2026-03-14,caulfield,3,V2,3,good,1400,2,2,0.31361330595013887,-0.9081935613947896,-0.4751360547861598,0.9284437788002409,slow,0.3812658052566476,0.3113425157765869,0.326327168406534,0.36478421420161344,0.1398328924281466,0.08797478644434728,0.06975663095648305,0.1188100139866475,0.3198375290433835,0.4135261218781879,0.5413964483446815,0.38630520483377284,0.1590637732718222,0.1871565759008779,0.06251975229230154,0.130100566977966,-0.5268410409842026,-0.543492870700975,-0.3463073752731853,-0.9326046958425824,1.4126127226773937,-0.0914313685001479,-0.28166347722124757,-0.13298381823456898,-0.617418464443957,0.0303116966274241,-0.35889491099803916,0.8704398744565016
2026-03-14|caulfield|4,2026-03-14,caulfield,4,V3,3,good,1400,3,3,0.4685483978075205,-0.7273497255526824,0.06808371969916076,0.4363868402618496,slow,0.3766878018364333,0.2709429685488621,0.24204733578434928,0.3362956620208081,0.1177273212323681,0.07701581764903857,0.09601299115986954,0.11121302221061853,0.3842613659236074,0.4918731051285405,0.5785178148084847,0.4425383005890705,0.1213235110075912,0.16016810867355896,0.08342185824729638,0.10995301517950275,-0.6610680577954764,-0.543492870700975,-0.5816460964897379,-0.8722897764843217,0.7890269261801578,-0.0914313685001479,-0.2908933607447348,0.3239240533855483,-0.8042005209144052,0.0303116966274241,-0.37443206683141406,0.9441824699193336
2026-03-14|caulfield|5,2026-03-14,caulfield,5,V4,3,good,1200,4,4,0.5072932426667556,-0.8034420237228818,0.03132918983381198,0.38334796231491614,very_fast_or_collapse,0.3018116366394358,0.36900831971657516,0.32975904414804047,0.3101958588920172,0.1770901251246655,0.07259747357432267,0.09454298968253115,0.15232598449202517,0.2910073578358201,0.37059359405142783,0.4688784014412077,0.3443686709174364,0.2300908804000785,0.18780061265767437,0.10681956472822057,0.1931094856985211,1.4569000404694536,-0.2238631647893108,-0.2700508469677052,-0.5231740573436724,-0.6414274869532345,-0.1471918954703726,-0.23931182391199368,0.34634464051827124,0.2189905063235699,-0.0771309043603168,-0.4440665270494253,0.7947414637720168
2026-03-14|caulfield|6,2026-03-14,caulfield,6,V5,3,good,1600,5,5,0.5139720399366329,-0.2680778249550135,0.05278584174880062,0.1367134222557664,even,0.2298602838077942,0.18894449379460992,0.22206317749080565,0.22752115191269762,0.0810073568219644,0.0661296974197223,0.14641247621454598,0.10062889263973887,0.5972042969671376,0.5767211542532479,0.5124266032234746,0.5717709888440387,0.0919280624031037,0.1682046545324198,0.11909774307117384,0.10007896660352472,0.1826412032786988,-0.552586470177361,-0.8451925555483641,-0.5142039677574626,-1.68622689869149,-0.3672912458330949,-0.18352377066953557,0.2606789643965355,-0.2030354837199931,0.0613464516250747,-0.5117086449730639,0.2594649084406673
2026-03-14|caulfield|7,2026-03-14,caulfield,7,V6,3,good,1200,6,6,0.582057661839828,-0.20159095285772277,-0.2743328183816224,0.24330958716558665,fast,0.3786364548995947,0.315607596209423,0.3406015049187154,0.36722596990533085,0.1510477953600555,0.07344271465323712,0.17350117784336314,0.15778381010504777,0.3321544855410216,0.4334137908457971,0.35150017615306756,0.33795819272463534,0.1381612641993281,0.17753589829154287,0.1343971410848539,0.13703202726498584,0.5261027923917487,-0.2238631647893108,-0.5242021998431551,0.028112697114696994,-0.2711188346915808,-0.1471918954703726,-0.21160028580151152,0.007038244503050045,-1.603010506288531,-0.0771309043603168,-0.5389916129093211,0.43110633735847625
2026-03-14|caulfield|8,2026-03-14,caulfield,8,V7,3,good,1800,7,7,0.5171502528956775,-0.08050390974243979,-0.2541533084881674,-0.07784026433052471,even,0.3017648257161461,0.21944289308703355,0.17486584153446222,0.26369513046164095,0.0850983322175115,0.05441472276440387,0.09629897867632717,0.08845852615515619,0.5101582454049258,0.6046071968250974,0.6064400573836208,0.5390427889985343,0.1029785966614164,0.12153518732346529,0.12239512240558978,0.1088035543846684,-0.3863916913584534,-0.5339225018505657,-1.0134369096061984,-0.6714287957632166,2.612584460757473,-0.165019232539065,-0.20671348798868044,-0.08587380713381867,1.209190687973588,-0.0911789514713709,-0.6044385789723864,0.057524847847506805
2026-03-14|caulfield|9,2026-03-14,caulfield,9,V8,3,good,1600,8,8,0.605954512327842,-0.1116476154657118,0.13907272721774924,0.07194696516218878,even,0.261560178396682,0.2218613644131006,0.29844597409327395,0.2726259171056596,0.0790315496010268,0.0704167616607552,0.11843416087122735,0.09085233298208696,0.4926326711273069,0.5138845445092942,0.3794480453291251,0.45867728338785235,0.1667756008749843,0.19383732941685008,0.20367181970637366,0.1778444665244011,0.0897184858211144,-0.552586470177361,-0.7501627770051316,-0.12496057943789407,-1.2887591297142118,-0.3672912458330949,0.005929616687686615,0.5227669358050445,0.0172063969254273,0.0613464516250747,-0.827072795874659,0.3437118984811074
2026-03-14|caulfield|10,2026-03-14,caulfield,10,V9,3,good,1200,9,9,0.6110106936105741,-0.052082724599121596,-0.1581342280433602,-0.011569245829867666,slow,0.3498851150157633,0.32838906368566173,0.33692203550061556,0.34599619116121894,0.1662053180870028,0.0760991957011391,0.16088280259139384,0.16460856343832012,0.303434130777761,0.4003263383689507,0.2874519620211609,0.29863948015078096,0.1804754361194728,0.19518540224424863,0.21474319988682974,0.1907557652496799,-1.1196546607311633,-0.2238631647893108,-0.5637882506392593,0.2514814514196966,0.9456095941681668,-0.1471918954703726,-0.05122872645972698,0.21586558860028898,1.2000679746531675,-0.0771309043603168,-0.795311916252786,-0.09546219530767061
2026-03-14|rosehill|1,2026-03-14,rosehill,1,V0,3,good,1200,0,0,0.0,0.0,0.0,0.0,slow,0.4133946610329092,0.34468079058390666,0.34468079058390666,0.39278049989820846,0.0546546515742653,0.04173727231386341,0.04173727231386341,0.05077943779614473,0.2820478937987008,0.3998102956101767,0.3998102956101767,0.3173766143421436,0.2499027935941245,0.21377164149205322,0.21377164149205322,0.2390634479635031,-1.984371364836947,0.0622570401064804,0.2995322308954508,0.2995322308954508,-3.763824978807653,-0.2000166781323805,-0.426152712414113,-0.426152712414113,-2.625560075024724,-0.0075075203804193,-0.18684244555552273,-0.18684244555552273
2026-03-14|rosehill|3,2026-03-14,rosehill,3,V1,3,good,1200,1,1,0.26360830555676096,-0.5230967730800247,-0.9921755250756972,-0.6921194425147497,even,0.4503265602059729,0.29829184158381267,0.25830835578852895,0.3927210988807397,0.0465371184407152,0.03884534193532666,0.033595402477708036,0.04265460365181305,0.333744690660587,0.4736898830699007,0.6191040748770446,0.4193525059255242,0.1693916306927248,0.18917293341096006,0.08899216685671851,0.1452717915419229,-0.3910091359284608,0.0622570401064804,0.06733474549474505,-0.3362396826468909,-4.0,-0.2000166781323805,-0.43962611218595576,-1.7088618208977535,-2.663666897594021,-0.0075075203804193,-0.20133679832250148,-1.2258192410390971
2026-03-14|rosehill|4,2026-03-14,rosehill,4,V2,3,good,1200,2,2,0.44413691002295497,-0.438486940309824,-1.7372940844825309,-1.176699226872407,very_fast_or_collapse,0.428155240966329,0.2884893440755809,0.2572773081961811,0.3768918611352846,0.0473827269171261,0.037386495159499135,0.04805612061896834,0.04758474502767877,0.3560462741694963,0.4980304941324087,0.6331305768747839,0.43917156498108256,0.1684157579470484,0.17609366663251133,0.06153599431006671,0.13635182885595387,4.0,0.0622570401064804,-0.054592231049221396,-0.2504183780091618,-1.1158242193810337,-0.2000166781323805,-0.4099758947764954,-2.700144120429393,-2.8770651039820976,-0.0075075203804193,-0.253618726289665,-1.927488857000036
2026-03-14|rosehill|8,2026-03-14,rosehill,8,V3,3,good,1500,3,3,0.2718506996390899,0.2307716894496021,-0.7835522236361037,-0.7430287883814352,slow,0.2651207364586047,0.3319751519738323,0.30872165173597166,0.27820101104181477,0.0845763402936028,0.045321004781828336,0.0772859145365456,0.08238921256648563,0.3767102550009865,0.43881344367627506,0.472049790950298,0.4053121157857799,0.2735926682468059,0.18389039956806436,0.14194264277718469,0.23409766060591952,-2.8044615788763694,0.0635809124472255,-0.11934982071777434,0.04709768124970354,-2.732552307623129,-0.3526661611126185,-0.3056499970564732,-1.401495975866168,-2.123928348990133,-0.0595908327714124,-0.3448611052401743,-1.1400884722551567
2026-03-21|caulfield|1,2026-03-21,caulfield,1,V0,3,good,1200,0,0,0.0,0.0,0.0,0.0,slow,0.3066193143759053,0.32197585711018284,0.32197585711018284,0.31122627719618856,0.1741826825941575,0.0672401091080438,0.0672401091080438,0.14209991054832338,0.3945727956994336,0.4725198782795339,0.4725198782795339,0.41795692047346367,0.1246252073305036,0.13826415550223958,0.13826415550223958,0.1287168917820244,-2.187537598302449,-0.2238631647893108,-0.45351233293332904,-0.45351233293332904,0.843113449345747,-0.1471918954703726,-0.500272985339548,-0.500272985339548,0.5814575512729286,-0.0771309043603168,-0.024377682251225413,-0.024377682251225413
2026-03-21|caulfield|2,2026-03-21,caulfield,2,V1,3,good,2400,1,1,0.06337893833303762,-0.13864381054401215,0.053435635313838735,0.036852162285406005,slow,0.1515918373784765,0.1629651166976408,0.15270007072288427,0.15192430738179885,0.0599151076084466,0.059764690587978876,0.05494521970846065,0.058424141238450814,0.7155907341195415,0.6767837132927954,0.6993011620310697,0.710703862493,0.0729023208935353,0.10048647942158488,0.09305354753758525,0.07894768888675027,-3.241483295017744,-1.389475240236696,-1.2079664143394484,-1.302996964066954,0.4110947329656624,-0.2495367325865137,-0.3882340679423486,-0.23588606681582414,-1.0256911204454322,-0.2557341678126154,-0.3300811979385083,-0.20064381943913404
2026-03-21|caulfield|3,2026-03-21,caulfield,3,V2,3,good,1200,2,2,0.32673658498128294,-0.7627643778766889,0.25579403679510304,0.11676473840252323,even,0.3892154189470116,0.32160294175004767,0.2902881764290657,0.3595372461916278,0.1449551695765258,0.07176306997327232,0.06155531315804697,0.11993521265098214,0.3425443748410745,0.43936376407224986,0.5304010922445725,0.3989013900621239,0.123285036635388,0.16727022420443008,0.11775541816831482,0.12162615109526605,-0.2734421997878158,-0.2238631647893108,-0.36895488256292425,-0.8064443758856968,-0.7250775664373419,-0.1471918954703726,-0.39332057015560606,0.30284263816056045,-1.883922466124294,-0.0771309043603168,-0.2303950042981676,0.44003534616461404
2026-03-21|caulfield|4,2026-03-21,caulfield,4,V3,3,good,1600,3,3,0.35312572936301917,-0.5296789841117904,0.006548906374638182,-0.31851827910592323,slow,0.2818286277752118,0.21656524040491912,0.17971484327496662,0.25119449242513825,0.0847892918961924,0.04537944321836619,0.048866195379778224,0.07401236294126814,0.5230505491773405,0.6480031654472084,0.7105415290719449,0.5792978431457219,0.1103315311512552,0.09005215092950641,0.060877432273310134,0.09549530148787168,-1.2196750002970496,-0.6465863576768758,-0.9876792365772243,-1.2127495476165957,0.5460163291000628,0.0150302549186015,-0.3938307002468516,-0.2271253364744632,1.7099765733209475,-0.019565674596412,-0.2757841579922634,-0.29218633166883323
2026-03-21|caulfield|5,2026-03-21,caulfield,5,V4,3,good,1200,4,4,0.503211218590533,-0.6049509855299977,0.050880357840511016,-0.11268552705878722,slow,0.2878289850964443,0.2689262055046571,0.38348952601542297,0.3165271473721379,0.1462469331120082,0.057766636740526414,0.07267451804179825,0.1241752085909452,0.4638480011871473,0.549899207678829,0.475160512686563,0.46724175463697193,0.1020760806044001,0.12340795007598734,0.06867544325621588,0.09205588939994483,-0.5651138795614689,-0.2238631647893108,-0.7980953261315114,-0.7822079850433822,2.360717658168089,-0.1471918954703726,-0.37345490636414613,-0.08529303378181036,0.7558948166547973,-0.0771309043603168,-0.2720579539167265,0.1302077701746465
2026-03-21|caulfield|6,2026-03-21,caulfield,6,V5,3,good,1200,5,5,0.5737549869377044,-0.5539840164286516,0.5395860958743831,0.08034073547110178,even,0.3172411021124037,0.25532313713029353,0.34764571082260454,0.3263624847254639,0.1053366878250223,0.06206193883579267,0.1008907647835535,0.10400291091258165,0.4362124165997922,0.506444540718081,0.4195230775096315,0.43120561487274395,0.1412097934627817,0.17617038331583276,0.13194044688421053,0.13842898948921034,0.2552127198019528,-0.1835757035568904,-0.5437428215010275,-0.3485829116621193,0.843113449345747,-0.2315029444671466,-0.20839642907595118,0.749711426572909,0.8838154779348492,0.1219395271237553,-0.45521840057515417,0.7039054869311305
2026-03-21|caulfield|7,2026-03-21,caulfield,7,V6,3,good,1600,6,6,0.5322922638032502,-0.44820290665804524,0.4298201088888881,0.32670551387847097,slow,0.3120275751923311,0.25022523410102226,0.2946464983779702,0.3068132521480228,0.0809057702379606,0.055216221252461596,0.1003540890564056,0.0867402658834941,0.4441930372031147,0.5408524996017742,0.48975909703467896,0.45786285515258396,0.1628736173665935,0.15370604504474197,0.11524031553094524,0.148583626815899,-1.901155301322624,-0.3745281029391313,-0.6668486803538232,-0.4759399515261314,0.5460163291000628,-0.195935433477355,-0.17405249045525945,0.8187088845081123,3.4674524959008006,0.0333044162603023,-0.5810476841194182,0.6789604335355267
2026-03-21|caulfield|8,2026-03-21,caulfield,8,V7,3,good,1200,7,7,0.6173660402408774,-0.4929152355845852,0.5263028521074015,0.5321437933734647,fast,0.2297543884789576,0.38311364006876764,0.6343002428404206,0.3511181447873965,0.1566793085980062,0.04011593672392286,0.055954089386305944,0.1264617428344961,0.2900071363043679,0.4363183830998585,0.21862710000094435,0.2685931254133408,0.3235591666186682,0.14045204010745105,0.09111856777232895,0.2538269869647664,0.619802319519019,0.0759762370604463,-0.4242637944647072,0.16333068622191071,2.326993120194254,0.0424402742878702,-0.21408342218842275,0.9819182705654118,1.0931401963931031,-0.0529157447465423,-0.523334650234543,1.0097212426963547
2026-03-21|caulfield|9,2026-03-21,caulfield,9,V8,3,good,2000,8,8,0.44996882068632943,-0.48255034824402754,0.4286642123713243,0.5895966521281236,even,0.2634615540587772,0.2215217215897171,0.17146422188143645,0.23586235440557496,0.0778699571567409,0.05179960549922897,0.06026470439349749,0.07258838132776788,0.534659605113788,0.6118253372666965,0.6835584035882527,0.5793292446561273,0.1240088836706939,0.1148533356443573,0.08471267013681336,0.11222001961052973,-0.0168622689869091,-0.62950883434885,-1.0965320621103287,-1.2162683614345904,3.516987531556537,-0.2208790340073584,-0.15884595075308794,0.9631812589203167,0.3924309873318395,-0.1836045566198418,-0.7173217590985865,0.8345691856477172
2026-03-21|caulfield|10,2026-03-21,caulfield,10,V9,3,good,1400,9,9,0.5992471002766371,-0.32923263936511066,0.8581473085265356,0.6508599078195663,even,0.3218540345263474,0.23755677257356797,0.2231665373777236,0.29224778538176027,0.1564254638334489,0.08323403663822981,0.1451986686638893,0.153057425282581,0.4246231766335532,0.5221530433137116,0.4527605079565842,0.43306437603046244,0.0970973250066504,0.15705614747449065,0.17887428600180288,0.12163041330519614,0.2549256413769837,-0.543492870700975,-1.030485867736628,-0.6681514126856942,2.095226614544308,-0.0914313685001479,-0.061509013189057854,1.6320659553902934,-0.962431259136197,0.0303116966274241,-0.7558741860116279,1.5404072565854483
2026-03-21|rosehill|2,2026-03-21,rosehill,2,V0,3,soft,2400,0,0,0.0,0.0,0.0,0.0,slow,0.3072407205899988,0.2690447352591175,0.2690447352591175,0.2957819249907344,0.0781633805581225,0.04670510362121741,0.04670510362121741,0.06872589747705096,0.4772250126179096,0.5786096255791673,0.5786096255791673,0.5076403965062869,0.1373708862339689,0.10564053554049775,0.10564053554049775,0.12785178102592754,-1.6823505150163387,-0.4810644313131096,-0.6068110770136593,-0.6068110770136593,0.7708465822589635,-0.1504130603133176,-0.5182916446962779,-0.5182916446962779,0.1865612738977857,-0.153630193082401,-0.09579528539428336,-0.09579528539428336
2026-03-21|rosehill|4,2026-03-21,rosehill,4,V1,3,soft,1200,1,1,0.035060849531937374,-0.0589846382669652,0.027026536032789705,0.00654099675261682,slow,0.3157671314457745,0.3463134807551817,0.3293879926239901,0.31985338979923916,0.105121839983478,0.0722523534289766,0.06867543217694828,0.09418791764151908,0.3198096235645662,0.3832646430253969,0.4001997244408105,0.3439266538274395,0.2593014050061811,0.19816952279044478,0.20173685075825112,0.2420320387318021,-3.253651447702456,-0.4450088173962322,-0.09923052951483308,-0.1393843982983563,1.0722673612192128,-0.2613483421373351,-0.3019673459464167,-0.21762944979654497,0.4730674915781066,-0.0873365665840547,-0.3484726972283959,-0.2976120929626116
2026-03-21|rosehill|6,2026-03-21,rosehill,6,V2,3,soft,2000,2,2,0.12537678176187814,-0.27576743469169696,0.10908439375869305,0.03521313271527957,slow,0.2959335851660377,0.24902452666115016,0.22600150575220174,0.2749539613418869,0.0727992887420702,0.0592404049556816,0.049158803946417515,0.06570714330337439,0.5173567040573854,0.5411678708924305,0.5859402492304708,0.537931767609311,0.1139104220345066,0.15056719749073783,0.13889944107090985,0.12140712774542756,-1.050499975966422,-0.4400072838560512,-0.5753996636878658,-0.752058604369229,-1.8548495885606369,-0.4101328308267544,-0.38102222192952356,-0.08506702645908124,0.1506841058405118,-0.1856388236407478,-0.301759949573318,-0.08584458792901312
2026-03-21|rosehill|8,2026-03-21,rosehill,8,V3,3,soft,1200,3,3,0.2016911879475471,-0.4404265300050975,-0.04523489022079893,0.06303612373634976,very_fast_or_collapse,0.26363906591767,0.34613214869897885,0.30675858816420093,0.27657492259162925,0.1440340369099709,0.0784779515545993,0.07279895400665584,0.12266351203897638,0.3306883589264536,0.38075622760384015,0.4709163289416578,0.3727567499310148,0.2616385382459055,0.19463367214258176,0.1495261288874854,0.22800481543837947,4.0,-0.4450088173962322,-0.2779161051908764,-0.5404141246055936,4.0,-0.2613483421373351,-0.21715285208493634,-0.028297782338870696,1.175277049389356,-0.0873365665840547,-0.4634941837041954,-0.2834761712663567
2026-03-28|flemington|2,2026-03-28,flemington,2,V0,3,heavy,1400,0,0,0.0,0.0,0.0,0.0,even,0.2838840147774984,0.245612560540537,0.245612560540537,0.27240257850641,0.0911266687454008,0.05133386037156475,0.05133386037156475,0.07918882623324999,0.5170802378824157,0.5862978208382987,0.5862978208382987,0.5378455127691806,0.1079090785946849,0.11675575824959948,0.11675575824959948,0.11056308249115926,-0.2768962065219723,-0.3995526128356922,-0.6378158695926586,-0.6378158695926586,-1.0346557281291435,-0.1838199561862199,-0.5044724239740878,-0.5044724239740878,-0.3854232911294817,-0.0453364118703507,-0.05112586811617112,-0.05112586811617112
2026-03-28|flemington|3,2026-03-28,flemington,3,V1,3,heavy,1200,1,1,0.2637669986665615,-0.073036081336457,-0.27290803606179004,-0.10166194471741175,slow,0.298487320605347,0.22814247571004426,0.261729841254991,0.28746007680024016,0.0792546713249635,0.04906224038943326,0.06755351296005525,0.07574432381549102,0.5282811810490644,0.6047496502160381,0.5797023749967833,0.5437075392333801,0.093976827020625,0.11804563368448442,0.09101427078817047,0.09308806015088864,-0.9111541838543428,-0.3995526128356922,-0.6918147300374381,-0.6330146408413972,-3.548407908550779,-0.1838199561862199,-0.47475913194639063,-0.6159339715144088,-2.8847450943767985,-0.0453364118703507,-0.12147588095535133,0.03719882511004491
2026-03-28|flemington|8,2026-03-28,flemington,8,V2,3,soft,2000,2,0,0.0,0.0,0.0,0.0,slow,0.2567290965543134,0.259175619480375,0.259175619480375,0.2574630534321319,0.0982263383875197,0.053024096552860785,0.053024096552860785,0.08466566583712201,0.4971589937226697,0.569792658254192,0.569792658254192,0.5189490930821263,0.1478855713354971,0.11800762571257219,0.11800762571257219,0.13892218764861963,-1.8975619385755105,-0.4715956365726096,-0.7086936065104474,-0.7086936065104474,-0.953084768825625,-0.1774039566685307,-0.3866131706654772,-0.3866131706654772,-3.4315160355157786,-0.0553845002158372,-0.2397976320970073,-0.2397976320970073
2026-03-28|flemington|9,2026-03-28,flemington,9,V3,3,soft,1000,3,1,0.08628887022757795,-0.16373847586653345,-0.08224060793307547,-0.2961016418724738,slow,0.3839986097664269,0.3469159294910069,0.33501794466747226,0.3693044102367405,0.2286550644143607,0.12060352864753034,0.11271218709969398,0.19387220121996068,0.229328911942769,0.2091172552631535,0.23410976586670418,0.23076316811994954,0.1580174138764432,0.3233632865983092,0.3181601023661295,0.2060602204233491,-0.9918981757008792,-0.2165828246898098,0.1810015090143987,0.06861830561750537,1.0414930844859167,-0.4805173116373196,-0.18618296838189263,-0.32744974911743074,0.2445522051903415,-0.2307314692259966,-0.5193802276773721,-0.855201576899496
2026-03-28|flemington|10,2026-03-28,flemington,10,V4,3,soft,1600,4,2,0.28487694473918773,-0.4214410573078846,-0.009146033736270993,-0.4940114971241742,fast,0.2172299650538963,0.25377744242132744,0.28782135887353927,0.23840738319978919,0.106023979978036,0.070038152562776,0.06631247242730785,0.09411052771281755,0.5095967892268001,0.530914411183903,0.54165598220455,0.519214547120125,0.1671492657412675,0.14526999383199363,0.10421018649460288,0.1482675419672681,0.5592176212044686,-0.6898357945645242,-0.7867467028920618,-0.9655064605002553,0.259959980214937,-0.3067335839479516,-0.21587490688301053,-0.2716806273745765,-0.0213945316027616,-0.0867865765402565,-0.495330482547806,-0.8632059468599705
2026-03-28|rosehill|1,2026-03-28,rosehill,1,V0,3,soft,1300,0,0,0.0,0.0,0.0,0.0,slow,0.3055095163027041,0.32261883118489504,0.32261883118489504,0.3106423107673614,0.1036411353037402,0.06717536612047831,0.06717536612047831,0.09270140454876162,0.3835966477373784,0.44654030024342706,0.44654030024342706,0.40247974348919296,0.2072527006561771,0.1636655024511996,0.1636655024511996,0.19417654119468383,-1.2225145015513317,-0.4450088173962322,-0.26539504333986136,-0.26539504333986136,-1.677112158698563,-0.2613483421373351,-0.3919953388561226,-0.3919953388561226,-0.571602338539491,-0.0873365665840547,-0.20791476056250977,-0.20791476056250977
2026-03-28|rosehill|2,2026-03-28,rosehill,2,V1,3,soft,2000,1,1,0.08326345840542063,-0.10179078534994283,-0.139642158467023,-0.047593587539424075,very_fast_or_collapse,0.2742811451425652,0.2590640669731619,0.24631777406665167,0.26589213381979115,0.0700369813633933,0.055306529298553245,0.05399385362781448,0.06522404304271964,0.5190149730565339,0.5410248753858983,0.5717257540567625,0.5348282073566024,0.1366669004375076,0.14460452834238657,0.12796261824877134,0.1340556157808867,0.8740276091550883,-0.4400072838560512,-0.5117508961891368,-0.5870518635569981,-2.332062821981132,-0.4101328308267544,-0.41464028011002974,-0.5112013761051261,-3.1790212853136413,-0.1856388236407478,-0.23783993584572602,-0.2572061868389319
2026-03-28|rosehill|3,2026-03-28,rosehill,3,V2,3,soft,1400,2,2,0.2667992246718194,-0.08380910512808618,-0.5231634419260276,-0.4539163978682489,slow,0.3820297611596978,0.3899651118029891,0.3652566915103895,0.37699784026490524,0.1148070521525735,0.06195951736812539,0.08778436512114794,0.10670024604314583,0.2499835537820378,0.281412654809177,0.32875130248756973,0.27361387839369733,0.2531796329056909,0.2666627160197085,0.21820764088089284,0.24268803529825145,-4.0,0.1843080178977758,0.3470823667187809,0.3350271407601667,-3.401278188813598,-0.4188407529578543,-0.3131735934735207,-0.8870879481191053,-2.817872506257781,-0.1692882683091953,-0.34911696443256746,-0.7371048963248085
2026-03-28|rosehill|4,2026-03-28,rosehill,4,V3,3,soft,1400,3,3,0.3643413215002418,-0.7452457967978422,-0.9609393134403262,-0.8109507293468752,slow,0.3741992639334353,0.3878716737142391,0.33415782443881975,0.3621868320850506,0.1212567397829252,0.06331911645476064,0.047444766230646286,0.09911314771724153,0.2482022087534835,0.27830875173865904,0.43900834261578925,0.30544404891217525,0.2563417875301559,0.2705004580923412,0.17938906671474467,0.23325597128553252,-4.0,0.1843080178977758,0.2997003521130165,-0.1480653923373052,-1.279802979519699,-0.4188407529578543,-0.26786367245690146,-1.3623462658866181,-1.868589215142573,-0.1692882683091953,-0.42210046694722225,-1.4619641798341392
2026-03-28|rosehill|5,2026-03-28,rosehill,5,V4,3,soft,2000,4,4,0.3539448039909626,-0.3792721555355366,-0.7832213120654113,-0.9209042718275852,even,0.2590940085337477,0.24058369472000596,0.20684920720205618,0.24342056813424023,0.0690902627123122,0.05347684150177182,0.03625755952828556,0.0592404517571042,0.5409980113952413,0.5623198394791926,0.637948327607908,0.5700831062590412,0.1308177173586987,0.1436196242990296,0.11894490566175026,0.12725587384961418,-0.2044550114663433,-0.4400072838560512,-0.6957632725306903,-0.867847813276339,1.0514120662429156,-0.4101328308267544,-0.29690734955342857,-1.2488118957191552,-0.6812188468529202,-0.1856388236407478,-0.4453995318910907,-1.4331271618844466
2026-03-28|rosehill|6,2026-03-28,rosehill,6,V5,3,soft,2000,5,5,0.47702921958043276,-0.3050418083647805,-0.27962966156569913,-0.7845928340469458,even,0.2872424894589369,0.2584974490463443,0.2831301449630926,0.28600878611018354,0.0812907667875306,0.062410112143717465,0.0756814994816688,0.07960798659577205,0.4903206245524301,0.5203075432223859,0.5124415971581662,0.49695691633415084,0.1411461192011024,0.15878489558755224,0.1287467583970724,0.13742631095989338,0.0519919960429862,-0.4400072838560512,-0.6667010442806836,-0.559432816919389,-0.2600977438504454,-0.4101328308267544,-0.23204246748196272,-0.6212966830481238,-2.514622656901537,-0.1856388236407478,-0.543813663142372,-1.0054930100435249
2026-04-04|caulfield|1,2026-04-04,caulfield,1,V0,3,good,1800,0,0,0.0,0.0,0.0,0.0,fast,0.194007055833661,0.19575589319842115,0.19575589319842115,0.19453170704308903,0.0708022350787941,0.0499459824807491,0.0499459824807491,0.0645453592993806,0.6395048743588206,0.6675218222058703,0.6675218222058703,0.6479099587129356,0.0956858347287242,0.08677630211495954,0.08677630211495954,0.09301297494459479,1.174919387475376,-1.041282988735088,-1.0493750393859909,-1.0493750393859909,-0.4185205820575,-0.1491475869323867,-0.48590929515018166,-0.48590929515018166,0.9687988411765212,-0.1939324892439367,-0.1563920388768901,-0.1563920388768901
2026-04-04|caulfield|2,2026-04-04,caulfield,2,V1,3,good,1600,1,1,0.2637669986665615,0.30990496050953475,-0.11039191780948916,0.2555371626487738,slow,0.2371336419854146,0.1923557137981071,0.25954671828144815,0.24385756487422464,0.0702182860240124,0.06187909571052949,0.12187995090469689,0.08571678548821773,0.6064081978754612,0.5842193438927097,0.4619101198701569,0.5630587744738699,0.0862398741151117,0.1615458465986537,0.15666321094369814,0.10736687516368763,-2.155383755375408,-0.552586470177361,-0.6507912130986309,-0.2504684101318132,1.0257880300373416,-0.3672912458330949,-0.36056686841374586,-0.1389242008174444,2.8566667460185147,0.0613464516250747,-0.21731320258462514,0.5729032003312051
2026-04-04|caulfield|3,2026-04-04,caulfield,3,V2,3,good,1400,2,2,0.36414543322206677,-0.3308176886621013,0.17661815244812493,0.7828491443351335,slow,0.3601810833380556,0.22545331945993705,0.31085360140643997,0.3453828387585709,0.0965606405253241,0.06567364095018866,0.08168476357684366,0.09209787744077998,0.4658848967742466,0.5718934412275405,0.5089875814190563,0.47881570216768954,0.0773733793623735,0.1369795983623338,0.09847405359766011,0.08370358163295948,-0.6471465394978199,-0.543492870700975,-0.7307977388152485,-0.7025063872992683,-0.2884614568830757,-0.0914313685001479,-0.3934184253146942,0.4952382994126766,3.139664951191926,0.0303116966274241,-0.23093231209761064,1.3677807020773658
2026-04-04|caulfield|4,2026-04-04,caulfield,4,V3,3,good,2400,3,3,0.24973118348638992,-0.11075308369955517,0.02399043184532033,0.5516820052395245,slow,0.1750094325079366,0.17245003424747896,0.19677791003700765,0.1815399757666579,0.0691042365540165,0.06844196502455958,0.08419833958539265,0.07363246746342934,0.6757923377437927,0.6542087152961946,0.6301525557104035,0.6621004031337758,0.0800939931942542,0.10489928543176666,0.08887119466719613,0.08272715363613678,-3.1263523635879893,-1.389475240236696,-1.2732390011201078,-1.1975804549626536,1.0223433019448604,-0.2495367325865137,-0.2904151308836504,0.2427226703819645,0.7843765457079925,-0.2557341678126154,-0.49292583632168585,0.5259467119039982
2026-04-04|caulfield|5,2026-04-04,caulfield,5,V4,3,good,1700,4,4,0.48742607756094236,-0.5112274411891595,0.14648624353666395,1.0251022466393882,slow,0.3258502619289877,0.20159686652515316,0.2151162450843615,0.2926300568755998,0.0735548317169225,0.07610137396221774,0.08698500245753997,0.07758388293910773,0.5131656457106716,0.5260372601486913,0.5306925591781696,0.5184237197509209,0.0874292606434182,0.1962644993639378,0.16720619327992892,0.1113623404343714,-0.8411549976631757,-0.552586470177361,-0.6346884245389708,-0.6235762638175899,-1.192337490113,-0.3672912458330949,-0.2055047989735403,0.9509787950138068,-0.4530818362571056,0.0613464516250747,-0.4921023792123915,1.7615292920812622
2026-04-04|caulfield|6,2026-04-04,caulfield,6,V5,3,good,1200,5,5,0.4225861695959819,-0.41133487401220703,-0.06952983239217231,0.7268491665071717,slow,0.3873843455212106,0.30855803165276346,0.24969137122718077,0.3460764532330016,0.1582052033989188,0.07646155290316281,0.09959064837095483,0.1406208368905296,0.3399461570041235,0.4382118892511453,0.5070615699787563,0.3900807808965133,0.1144642940757471,0.17676852619292843,0.14365641042310803,0.12322192897995538,-1.183424696172558,-0.2238631647893108,-0.520989962530302,-0.534911957281983,0.4806715757189578,-0.1471918954703726,-0.2670685997893927,0.46023269788979326,3.440521672192554,-0.0771309043603168,-0.4451772620129618,1.0569073402826161
2026-04-04|caulfield|7,2026-04-04,caulfield,7,V6,3,good,1200,6,6,0.5263583873471732,-0.5620882756192984,0.06619422667684845,1.3127924101365207,very_fast_or_collapse,0.3232759066381863,0.3463525956917685,0.44677673480069113,0.3603261550869377,0.201204495333971,0.08093116134240431,0.10673455126855592,0.17286351211434645,0.3005325099535135,0.38082753264143093,0.34051989968550367,0.3125287268731105,0.1749870880743291,0.1918887103243963,0.1059688142452494,0.1542816059256052,1.1711612278184405,-0.2238631647893108,-0.4418797408066094,-0.296763948549153,2.031225045780101,-0.1471918954703726,-0.17403183992852156,0.8873651057063625,1.5098692230485289,-0.0771309043603168,-0.5604656084166636,1.7561872412114452
2026-04-04|caulfield|8,2026-04-04,caulfield,8,V7,3,good,2000,7,7,0.47045286638056616,-0.38980655492888744,0.15232206100139728,0.6937338555017711,even,0.2871152827086487,0.2663235898594549,0.2481273973663144,0.2754189171059484,0.1166422343633077,0.05792811148782326,0.07552707239497003,0.10430768577280639,0.4341868236532215,0.5573193548282374,0.5927853235236232,0.481766373614342,0.1620556592748219,0.11842894382448443,0.08356020671509237,0.13850702350690303,0.2523274783653524,-0.54613859445211,-0.9462695646501877,-0.884461925512595,0.463083207998861,-0.0602297909473943,-0.17737321879860596,0.6353407005990647,2.724942668285472,-0.0668297090545569,-0.6202492245133171,0.9463093959190155
2026-04-04|caulfield|9,2026-04-04,caulfield,9,V8,3,good,1400,8,8,0.570512573007843,-0.20541834001252585,0.30718360871852024,1.218366943000847,very_fast_or_collapse,0.325063461356378,0.31888093396791634,0.3993691322096744,0.3473551626123669,0.1568424236233382,0.07492326252052132,0.14314094342525835,0.15273197956391424,0.3131906722029857,0.4330364025587086,0.31502550194732715,0.3137411211262881,0.2049034428172979,0.1731594009528536,0.14246442241774002,0.18617173669743053,2.123734418351975,-0.4312065606606918,-0.6392133329026266,-0.0366304319441364,1.2302032720013425,-0.0381112152158563,-0.06488462988026539,1.2544622998646404,0.6685218147024587,-0.0066077189473278,-0.7515575618252802,1.635903507889892
2026-04-04|caulfield|10,2026-04-04,caulfield,10,V9,3,good,1400,9,9,0.6167902466337494,0.253825937827208,0.46464738605389083,1.0361032282334988,very_fast_or_collapse,0.375315422610569,0.2618533477232003,0.24005646461614122,0.33473773521224065,0.178793943250849,0.1023974741633737,0.2987785874531542,0.21478933651154053,0.3429004759572047,0.4362998106839527,0.24225024617785698,0.31270540702340033,0.1029901581813772,0.19944936742947328,0.2189147017528476,0.13776752125281833,1.4127846989036728,-0.543492870700975,-0.8190072589561745,0.24347149144333846,0.7550902841939264,-0.0914313685001479,-0.01636421185083374,1.3960627599903663,1.2654162921153735,0.0303116966274241,-0.8169400233799945,1.7343677570938474
2026-04-04|randwick|4,2026-04-04,randwick,4,V0,3,soft,1600,0,0,0.0,0.0,0.0,0.0,slow,0.3162180984475563,0.2586711848477894,0.2586711848477894,0.2989540243676262,0.0774344430086216,0.05024798282848518,0.05024798282848518,0.06927850495458067,0.4765992338208878,0.5661649729838871,0.5661649729838871,0.5034689555697875,0.1297482247229341,0.12491585933983829,0.12491585933983829,0.12829851510800536,-1.1066393616538075,-0.3995526128356922,-0.514701721438642,-0.514701721438642,-1.9892815026037836,-0.1838199561862199,-0.4832720715688403,-0.4832720715688403,-2.81333645729054,-0.0453364118703507,-0.09788730785885594,-0.09788730785885594
2026-04-04|randwick|5,2026-04-04,randwick,5,V1,3,soft,1400,1,1,0.2117911264413312,-0.23437639696897558,-0.4213121702453592,-0.5958396973480276,slow,0.3657945914322029,0.39235476217566373,0.39728794427160696,0.3752425972840241,0.1014466883410975,0.056462030347488784,0.059177547628751125,0.08876594612739358,0.2647306955530595,0.30190050015769543,0.34353342600038683,0.2883715146872577,0.26802802467364,0.24928270731915206,0.20000108209925505,0.2476199419013245,-2.6347295292054502,0.1843080178977758,0.3573143538549749,0.22874445343356398,-3.162767550913596,-0.4188407529578543,-0.36509084676581827,-0.9466073122258225,-3.273812856273744,-0.1692882683091953,-0.26832626474566745,-0.9498126349948405
2026-04-04|randwick|6,2026-04-04,randwick,6,V2,3,soft,1400,2,2,0.3747797944052779,-0.7730183907128686,-1.0206752082051178,-1.1623438398726451,even,0.3615843276440045,0.3994879720837876,0.3854104358669142,0.3687321601108774,0.1196025130318228,0.06252065811485695,0.053415252257799764,0.0997463347996159,0.2171265379293463,0.23821038766815353,0.38131335587069837,0.2663825833117519,0.3016866213948262,0.29978098213320203,0.17986095600458757,0.2651389217777546,-0.1317364764602699,0.1843080178977758,0.5138014400787191,0.06807868360413594,-2.131810172439,-0.4188407529578543,-0.27372136206082937,-1.6780312838749702,-2.8405925068075484,-0.1692882683091953,-0.3976298690000589,-1.9618549889766779
2026-04-04|randwick|7,2026-04-04,randwick,7,V3,3,soft,1200,3,3,0.38813597540947137,-0.4749799004143206,-0.9572938304102687,-1.1597878248794444,slow,0.3420363513679875,0.3164140095805549,0.27818458165550647,0.32288082045424316,0.108652319262997,0.07493893861277534,0.07702540762637596,0.09916424577201068,0.3538284385850602,0.42255695089279316,0.5385253036355644,0.4092374981002114,0.1954828907839553,0.18609010091387665,0.10626470708255314,0.16871743567353464,-2.253711520883876,-0.4450088173962322,-0.3341815873689378,-0.5438520701601997,-4.0,-0.2613483421373351,-0.25282217740160023,-1.6368031965405316,-4.0,-0.0873365665840547,-0.44999028836907184,-1.921005306480173
2026-04-04|randwick|8,2026-04-04,randwick,8,V4,3,soft,1600,4,4,0.47170882062379793,-0.7103540628210226,-1.3445991539400255,-1.5369255824921357,slow,0.3016282057297036,0.3183226079015949,0.22856061795513635,0.2797079293973334,0.0852520225577454,0.05727018113380592,0.04647462203055862,0.07361880239958937,0.3466019958523108,0.45018126988281587,0.6202577368086484,0.428698718139212,0.26651777586024,0.17422594108178338,0.10470702320565664,0.21797455006386499,-0.5406094278216899,-0.3995526128356922,-0.3241586412304415,-0.5774359472327009,0.5035368803465836,-0.1838199561862199,-0.21348949608664292,-2.0503590828413074,-0.7188651515474256,-0.0453364118703507,-0.5216890930915801,-2.558091793625337
2026-04-04|randwick|10,2026-04-04,randwick,10,V5,3,soft,1200,5,5,0.4678927287810494,-0.7053065447352357,-1.1845328515030993,-1.3917565770251452,slow,0.2738800232507854,0.33811012663014983,0.3320738117434397,0.2913381597985817,0.1196779347722839,0.0738180309835096,0.05486557682594677,0.10023422738838277,0.3190085427662596,0.3815754626369674,0.5227297533972853,0.3801249059555673,0.2874334992106709,0.20649637974937307,0.09033085803332823,0.2283027068574681,-1.2770317556862734,-0.4450088173962322,-0.29492477041063375,-0.6360780002919952,-3.8406782695578414,-0.2613483421373351,-0.12305989551379218,-1.9606204150981072,-2.14098498831473,-0.0873365665840547,-0.640457694736382,-2.427903613362421
2026-04-11|caulfield|1,2026-04-11,caulfield,1,V0,3,good,2000,0,0,0.0,0.0,0.0,0.0,even,0.1632628934839635,0.1640717734559021,0.1640717734559021,0.16350555747554507,0.0616658533051373,0.03847209724186491,0.03847209724186491,0.05470772648615558,0.6969755730136635,0.7059068473678323,0.7059068473678323,0.6996549553199141,0.0780956801972357,0.09154928193440069,0.09154928193440069,0.0821317607183852,0.2701541238221903,-0.7729903078174699,-0.9934777115868278,-0.9934777115868278,-0.6686256224376694,-0.1219573814120377,-0.5017726168032568,-0.5017726168032568,-0.4742513152569835,-0.0076088847512415,-0.05880900237883216,-0.05880900237883216
2026-04-11|caulfield|2,2026-04-11,caulfield,2,V1,3,good,1200,1,1,0.11645055282900359,0.03145959706812915,-0.07786182336850322,-0.055226827841557795,slow,0.3026558750175538,0.31122926232726467,0.32113385104812503,0.30819926782672513,0.1236456687538159,0.05365976110779078,0.061397212697455135,0.10497113193690767,0.4147802493169585,0.5089945506939912,0.49380604996561633,0.4384879895115559,0.1589182069116718,0.1261164258709534,0.1236628862888037,0.14834161072481136,-2.269920825161636,-0.2238631647893108,-0.48339518820604643,-0.4178766110579634,-1.5501454296742825,-0.1471918954703726,-0.46045461612359023,-0.4574796912450549,-0.1246341620771979,-0.0771309043603168,-0.11886275265179691,-0.03683786825884358
2026-04-11|caulfield|3,2026-04-11,caulfield,3,V2,3,good,1200,2,2,0.3789157107728586,-0.6864346802903394,-0.5271018044255138,-0.07113041366342109,slow,0.3255768201376661,0.28192508780542486,0.27550451466695536,0.31055512849645284,0.1198886717456403,0.05487210388560313,0.048460002157246176,0.09846007086912206,0.439838570141401,0.5376981404639294,0.61468570533956,0.4922927107008487,0.1146959379752925,0.12550466784504263,0.06134977783623839,0.09869208993357625,-2.360717658168101,-0.2238631647893108,-0.6099791452477865,-0.9212341529862335,-0.6863239306954889,-0.1471918954703726,-0.4465011450081049,-0.77562655747774,-0.1319655833758551,-0.0771309043603168,-0.1610649831223285,-0.07276794156078678
2026-04-11|caulfield|4,2026-04-11,caulfield,4,V3,3,good,1400,3,3,0.4400408865917392,-0.8345438960054794,-0.44548676940152615,-0.08143832221223021,slow,0.2912603708056002,0.21004733593890684,0.19362435137688067,0.2619695649769843,0.0858510855750145,0.0523158421844907,0.04112677365398051,0.0724337919987043,0.5308514978928754,0.6236830565995666,0.7108447628109426,0.5848494773682955,0.0920370457265097,0.11395376527703599,0.054404112158196204,0.08074716565601564,-1.405938516420102,-0.543492870700975,-0.8830930040786388,-1.2247313104612632,-2.8044615788763654,-0.0914313685001479,-0.3669157542790177,-0.5703809245906035,0.0165858383477858,0.0303116966274241,-0.2795763549401249,-0.09195576761314786
2026-04-11|caulfield|5,2026-04-11,caulfield,5,V4,3,soft,1400,4,0,0.0,0.0,0.0,0.0,slow,0.2779644348891655,0.23537729045728945,0.23537729045728945,0.26518829155960266,0.0791943441306566,0.03162950261363925,0.03162950261363925,0.06492489167555139,0.4889425098497464,0.6440339565383116,0.6440339565383116,0.535469943856316,0.1538987111304314,0.0889592503907596,0.0889592503907596,0.13441687290852986,-0.5677581557791954,-0.1938276502384335,-0.8127691677039877,-0.8127691677039877,-0.2682185476281186,0.0483572447358695,-0.39242129883540733,-0.39242129883540733,1.0738058410072135,0.0729596199275976,-0.25119058452662657,-0.25119058452662657
2026-04-11|caulfield|6,2026-04-11,caulfield,6,V5,3,soft,1200,5,1,0.2637669986665615,-0.14975586471834046,-0.07074720129457301,0.28323454383309565,slow,0.202135422168229,0.2493982190660288,0.2940813936710657,0.22971921361908,0.1826248950509288,0.04624639817495311,0.06409086350972842,0.14706468558856867,0.5083345263305888,0.5868574736567305,0.557805360953668,0.5231757767175126,0.1069051564502533,0.11749790910228756,0.08402238186553783,0.10004032407483865,-1.2539132093200696,0.0549272241480799,-0.8733146888621172,-0.868241870335839,0.3071282751689232,-0.0778969436858902,-0.3478158491099524,-0.07569348565790202,2.030072799623437,0.1111965881819699,-0.21341996484505507,0.5198373491995049
2026-04-11|caulfield|7,2026-04-11,caulfield,7,V6,3,soft,2400,6,2,0.12781726664573514,-0.1130651709800978,-0.00032682718328566623,0.19368841550257407,slow,0.17490874527996,0.1609929771296148,0.15539267445793623,0.16905392403335287,0.064988972610962,0.062266672413281585,0.06173307874536236,0.0640122044512821,0.6686276503802429,0.6442321558685661,0.6632756419879102,0.667022047862543,0.0914746317288351,0.13250819458853763,0.11959860480879128,0.09991182365282195,-3.517053296361219,-1.056774915850998,-1.1888107200498563,-1.2418901826053141,1.137199450129443,-0.2791097701747049,-0.12675810848251792,0.10559130634670437,-0.0352281797943217,-0.0338932725824823,-0.669812913394981,-0.25639385591516595
2026-04-11|caulfield|8,2026-04-11,caulfield,8,V7,3,soft,1600,7,3,0.3735015127155452,-0.5477608158550988,0.09315647861714522,0.4379529743517885,slow,0.1843503449874992,0.22548351466871383,0.20765158125674682,0.19134071586827348,0.0701891259271798,0.05205894760671011,0.04633981996521689,0.06303433413859091,0.5486523852181826,0.584065101416912,0.6392724593433595,0.5758384074557357,0.1968081438671384,0.13839243630766412,0.1067361394346768,0.16978654253739991,-0.5467130450999735,-0.6898357945645242,-0.9148128486941293,-1.1641231581237812,0.3636959977569872,-0.3067335839479516,-0.09609115251798497,0.6293514202704076,-0.7419398354242531,-0.0867865765402565,-0.7292451842282844,0.5204470054465308
2026-04-11|caulfield|9,2026-04-11,caulfield,9,V8,3,soft,1200,8,4,0.4654825101253863,-0.4784364727042947,0.11159603061150435,0.39549013595554666,slow,0.250439566243744,0.3287629390725069,0.30749616480294706,0.2675565458115049,0.252780658869841,0.06989185924532403,0.10264833732177225,0.2077409624054204,0.3169139648608694,0.40574956866110207,0.4435368336245261,0.3549008254899664,0.1798658100255454,0.1955956330210669,0.14631866425075457,0.16980166629310814,-1.049821608823275,0.0549272241480799,-0.5299420241338668,-0.5671504179560809,-1.2933807105174484,-0.0778969436858902,-0.10121186030816498,0.6178007972622505,2.094427881261573,0.1111965881819699,-0.5875243310518522,0.6847120461615446
2026-04-11|caulfield|10,2026-04-11,caulfield,10,V9,3,soft,1600,9,5,0.5215950755855945,-0.5299855157520741,-0.03654511124793609,0.34230216566391064,slow,0.1414815693390257,0.15841262166870218,0.2411206539927211,0.1713732947351343,0.0551627150942543,0.03982900412266106,0.06363535431704746,0.05770450686109224,0.6997423042288136,0.6809310258950375,0.6156041576367723,0.6745008602512012,0.1036134113379063,0.12082734831359909,0.07963983405345913,0.09642133815257214,-0.7405742720645048,-0.6898357945645242,-1.2434376696030283,-1.0229777818506378,-1.1638271928223682,-0.3067335839479516,-0.08464265998536685,0.3953449226930689,1.2590494176896383,-0.0867865765402565,-0.7825526003055495,0.0839825421414
2026-04-11|randwick|2,2026-04-11,randwick,2,V0,3,good,1400,0,0,0.0,0.0,0.0,0.0,even,0.3535417874107516,0.35156225027414667,0.35156225027414667,0.3529479262697701,0.0878753621824938,0.053744723627110205,0.053744723627110205,0.07763617061587871,0.3279792712665167,0.3862183380380533,0.3862183380380533,0.3454509912979777,0.2306035791402377,0.20847468806068972,0.20847468806068972,0.2239649118163733,-0.3427739925208915,0.0635809124472255,0.14573387895837386,0.14573387895837386,-1.6300193354017762,-0.3526661611126185,-0.4175830645465066,-0.4175830645465066,-4.0,-0.0595908327714124,-0.15689385591165625,-0.15689385591165625
2026-04-11|randwick|3,2026-04-11,randwick,3,V1,3,good,1200,1,1,0.2005026974889565,-0.06872711012949814,-0.32682327370721226,-0.802010789955826,very_fast_or_collapse,0.4518343866738651,0.326846379842379,0.3276063700152754,0.41456598167628816,0.0551866902754424,0.043830640285549664,0.047162442821580476,0.05277941603928382,0.2912880232016216,0.4149220546334234,0.41755044022132126,0.32916674830753145,0.2016908998490707,0.21440092523864782,0.20768074694182287,0.20348785397689634,2.9445510574999774,0.0622570401064804,0.1980580769660215,0.2233543297975863,-4.0,-0.2000166781323805,-0.4020568635505815,-0.9714388140436078,-2.6765990771989583,-0.0075075203804193,-0.24042795843947137,-1.1363147904760067
2026-04-11|randwick|4,2026-04-11,randwick,4,V2,3,good,1400,2,2,0.39416345406044556,0.5784063253607674,-1.1568993669629084,-1.2894090806865137,slow,0.3292916184586488,0.35888324930322807,0.428107736181782,0.35893645377558875,0.0811105310058517,0.05181636779183159,0.13416591765392186,0.09702714700027273,0.2916773027807453,0.35132598952382377,0.24568692773099174,0.2778801902658192,0.2979205477547541,0.23797439338111656,0.19203941843330435,0.26615620895831915,-2.255674015298782,0.0635809124472255,0.21787967200998726,0.9326102571946412,-0.4121887974579178,-0.3526661611126185,-0.29553086388263655,-1.9835550815570366,-3.833947474919604,-0.0595908327714124,-0.35857336704456366,-1.9040887372898603
2026-04-11|randwick|5,2026-04-11,randwick,5,V3,3,good,2400,3,3,0.15575320992552036,-0.028703444374240238,-0.2828202130735794,-0.548389542030131,even,0.2720601543150805,0.23234311810617214,0.18887451398177338,0.24710446221508836,0.0724526565588594,0.044419962820384,0.03657376356277804,0.061688988660034985,0.5459182696684041,0.616947707563973,0.6534109163565491,0.5781660636748476,0.1095689194576559,0.10628921150947077,0.12114080609889943,0.11304048545002895,-0.2674704735855461,-0.4584792669691696,-0.8320979752468154,-0.8425137146500778,-0.6544166297302719,-0.2276624310008463,-0.41442193515096226,-0.7858892078549132,-2.472101453311014,-0.1850225081706277,-0.2886374283692832,-0.8435624951973676
2026-04-11|randwick|6,2026-04-11,randwick,6,V4,3,good,1200,4,4,0.4477340338184652,0.20819769317432554,-0.9815837162999052,-1.4646154220805259,slow,0.4593406652372124,0.32402062504894646,0.35262283112849746,0.4273253150045979,0.0609087247156781,0.04766165166014434,0.0659326191328734,0.06241589304083669,0.2720819348270472,0.3911351501146405,0.33737041401160384,0.2916684785824142,0.2076686752200622,0.2371825731762687,0.24407413572702527,0.21859031337215112,-2.5093957288053934,0.0622570401064804,0.11592571777052196,0.5449194651723931,-4.0,-0.2000166781323805,-0.2589640996078494,-1.7413356377872102,-3.201542111723721,-0.0075075203804193,-0.47856761370527967,-1.9836464970969703
2026-04-11|randwick|8,2026-04-11,randwick,8,V5,3,good,1600,5,5,0.4113856577216887,-0.37302012123122913,-0.9702872693048011,-1.3608332867560113,slow,0.3686566767085476,0.3285246344234998,0.26968828469002654,0.33896615910299127,0.0936274033427354,0.0556087586029679,0.04607651957187054,0.07936213821147595,0.3241094005731798,0.4398614774659585,0.5140178923742074,0.38108194811348806,0.2136065193755372,0.17600512950757394,0.17021730336389562,0.2005897545720447,-0.8353784635719314,-0.1885685900827312,-0.3135887976724093,-0.30411096225209605,-2.356337848041585,-0.1691751342210597,-0.23266680148816204,-1.5319904444176975,-3.1417069586147104,-0.0793744307393559,-0.5245152530108593,-2.266928547774154
2026-04-11|randwick|10,2026-04-11,randwick,10,V6,3,good,1200,6,6,0.4737993605626868,-0.38244045649576053,-1.3343849077774952,-1.5245962967953472,slow,0.4606440385958471,0.3138719636940066,0.2430250784741837,0.3953583505593481,0.053552686639784,0.045375878372204255,0.042353782100078195,0.050193015277872254,0.265507735608122,0.3911963768837577,0.5237214464939854,0.34297184887388105,0.2202955391562469,0.24955578105003143,0.1908996929317526,0.21147678528889857,-3.49574780717978,0.0622570401064804,0.07649572538048399,0.05637400046107066,-1.5213513797083236,-0.2000166781323805,-0.16746559237301184,-2.0372454215946285,-0.5035790738173614,-0.0075075203804193,-0.6459478183632587,-2.5792969757521047
2026-04-18|randwick|1,2026-04-18,randwick,1,V0,3,good,1400,0,0,0.0,0.0,0.0,0.0,slow,0.3408956428345272,0.3160048409320196,0.3160048409320196,0.3334284022637749,0.0757801851418302,0.04687827299942548,0.04687827299942548,0.06710961149910878,0.3981776776223389,0.46351082075973354,0.46351082075973354,0.4177776205635573,0.1851464944013036,0.1736060653088213,0.1736060653088213,0.1816843656735589,-2.420901891722241,0.0635809124472255,-0.05533372986226148,-0.05533372986226148,-0.2776003291068964,-0.3526661611126185,-0.4684482814216534,-0.4684482814216534,-0.0771476358878413,-0.0595908327714124,-0.09592799908874175,-0.09592799908874175
2026-04-18|randwick|2,2026-04-18,randwick,2,V1,3,good,1400,1,1,0.26666666666666666,-0.6455738377925976,-0.0740267544285057,-0.020572702903424347,slow,0.3323642181117701,0.34421053884374925,0.35205165224403934,0.3382704483514508,0.0790261501855182,0.049361769210572726,0.045749884269450376,0.06904327041069785,0.3383216533724825,0.40303202740727373,0.48517466854454916,0.38237755792410244,0.2502879783302292,0.2033956645384043,0.11702379494196104,0.21030872331374875,-1.9971194187670385,0.0635809124472255,0.09096131022491338,-0.3225245104038554,0.9554356708618896,-0.3526661611126185,-0.37751257488309875,-0.25616236091039957,-0.7791911224672401,-0.0595908327714124,-0.2321606623183093,-0.01722282191243618
2026-04-18|randwick|3,2026-04-18,randwick,3,V2,3,good,1200,2,2,0.33030826101567035,-0.7214307475250112,0.13587501509191946,-0.1550514041616321,very_fast_or_collapse,0.4771254651582934,0.3173605387194095,0.3119485859169153,0.42757240138587993,0.0525559180819666,0.044684016029751784,0.04079356541524923,0.04902721228195138,0.2840443963921887,0.41078734779795373,0.4999218017502144,0.34880761799959636,0.1862742203675512,0.22716809745288505,0.14733604691762114,0.17459276833257217,2.670117089120647,0.0622570401064804,0.182241904013836,-0.235186456143169,-1.8472116269986232,-0.2000166781323805,-0.35940107213072015,-0.0027076614782914343,-1.215514172779014,-0.0075075203804193,-0.3219887631028222,-0.08198767320748293
2026-04-18|randwick|4,2026-04-18,randwick,4,V3,3,good,1400,3,3,0.44535206139823974,-0.3588691426873729,-0.10240291426146117,-0.30340091586723505,slow,0.3763370844220897,0.32759155937372436,0.3467209586840016,0.36745224670066323,0.0887782539897855,0.05601834067419137,0.12790489223920268,0.10051624546461065,0.3388259035849146,0.40419940112790786,0.4090956955765267,0.3599068411823982,0.1960587580032101,0.21219069882417635,0.11627845350026901,0.17212466665232776,-2.3959735109601685,0.0635809124472255,-0.04680594733595955,0.0275090290202728,-1.2296914176903897,-0.3526661611126185,-0.3059937213684205,-0.32060510697243666,-2.422435766878356,-0.0595908327714124,-0.360929427401785,-0.38315089633727206
2026-04-18|randwick|6,2026-04-18,randwick,6,V4,3,good,2000,4,4,0.25615165147409996,-0.3699673433897869,-0.16172943377067545,-0.3535962927404013,even,0.4124719618117368,0.2992637735362778,0.22627714816218666,0.3566135177168717,0.0798623019909121,0.06283468577962904,0.05161971980318777,0.0713895273345948,0.383489844073808,0.4698167046634319,0.5654662429920206,0.43808276374927174,0.124175892123543,0.1680848360206613,0.15663688904260492,0.13391419119926157,-0.2093247184582531,-0.3338523136931382,-0.44704560406190774,-0.6686943665117062,0.2122523368982317,-0.3339632321200037,-0.3267190242604257,-0.356423616293576,0.3697980225701806,-0.2874086722840947,-0.4651565872456892,-0.6612962440105377
2026-04-18|randwick|7,2026-04-18,randwick,7,V5,3,good,1600,5,5,0.43107536307479083,-0.4838688397264817,-0.17739542930392335,-0.3984370098001585,very_fast_or_collapse,0.363281102460936,0.3209204408717035,0.33875010629579067,0.35592180361139236,0.0876301297632619,0.05268119348232477,0.060647109955116206,0.07953522382081818,0.3380432443159831,0.4582829549087128,0.49332616241450966,0.384628119745541,0.2110455234598189,0.1681154107372589,0.10727662133458345,0.17991485282224826,1.5207857690085491,-0.1885685900827312,-0.3488599965642212,-0.44965946966232034,0.4350265845144905,-0.1691751342210597,-0.24225923259173826,-0.3527482603309338,-0.6744907594766022,-0.0793744307393559,-0.5153445227086704,-0.6438321523264864
2026-04-18|randwick|8,2026-04-18,randwick,8,V6,3,good,1200,6,6,0.46331932265487513,-0.07218899543260072,-0.16868715500620238,-0.464210576013593,slow,0.4940785890889104,0.3147798966537237,0.3196577444435078,0.4417523356952896,0.0627316906171151,0.051634440720471096,0.0932411097088956,0.07188451634464925,0.2521057885510828,0.36639789904827813,0.36051772577519653,0.28462936971831687,0.1910839317428916,0.267187763577527,0.22658342007240012,0.20173377824174415,-0.5151500525360222,0.0622570401064804,0.09533942760096625,0.3347260143317835,-1.233824560018159,-0.2000166781323805,-0.1631254921510667,-0.2728406206824704,0.4312537868844414,-0.0075075203804193,-0.6445305438685868,-0.6447298634645574
2026-04-18|randwick|9,2026-04-18,randwick,9,V7,3,good,1400,7,7,0.5448690365890624,-0.24345496842296363,-0.24938203741052148,-0.3556178393503037,even,0.3382661749379937,0.3324350732942258,0.39242173744055,0.35451284368876057,0.0899226176099346,0.0554231828183496,0.09340916443756905,0.09096858165822494,0.3064756830828633,0.37286223715452077,0.3160664631907546,0.3093529171152307,0.2653355243692082,0.23927950673290382,0.19810263493112634,0.24516565753778363,0.4757759528303795,0.0635809124472255,-0.10246969409374462,0.29217417087458564,-0.1995600759443193,-0.3526661611126185,-0.09943714625931202,-0.15963400100791847,-2.252710967925096,-0.0595908327714124,-0.7013981253648165,-0.6358065513755875
2026-04-25|flemington|1,2026-04-25,flemington,1,V0,3,good,2500,0,0,0.0,0.0,0.0,0.0,slow,0.1611689681182283,0.1700920524926197,0.1700920524926197,0.16384589343054573,0.0626491872257776,0.06263760081269061,0.06263760081269061,0.06264571130185151,0.7018244817561801,0.6667986582276324,0.6667986582276324,0.6913167346976158,0.0743573628998138,0.10047168846705723,0.10047168846705723,0.08219166056998682,-3.5383764374916864,-1.389475240236696,-1.1514492508199279,-1.1514492508199279,-0.0607114391839336,-0.2495367325865137,-0.42697753733349814,-0.42697753733349814,-0.6351298084709297,-0.2557341678126154,-0.26073926619454946,-0.26073926619454946
2026-04-25|flemington|2,2026-04-25,flemington,2,V1,3,good,1400,1,1,0.07402252202692526,-0.2619195477837817,-0.004494013844279058,-0.047013910237496216,fast,0.3310237492250504,0.22303063646814497,0.20020866009941948,0.2917792224873611,0.1001271314531433,0.06291790549524097,0.05261012346252146,0.08587202905595674,0.4924809629709348,0.5871797376095825,0.6405308809949996,0.5368959383781542,0.0763681563508716,0.1268717204270315,0.1066503354430595,0.08545281007852797,0.5713333492036958,-0.543492870700975,-0.7482361271807676,-0.950067021057394,-0.8715330038180654,-0.0914313685001479,-0.4457008348789919,-0.3934495379176566,-0.763827283910576,0.0303116966274241,-0.13574747395387973,-0.15303812217774795
2026-04-25|flemington|3,2026-04-25,flemington,3,V2,3,good,1400,2,2,0.3617447935212531,0.031532580456596994,-0.28071758960845944,-0.2708258183045219,slow,0.3408135709009251,0.2463108597876164,0.2844817249798987,0.3239140171246172,0.127434072862512,0.07463078407140274,0.14229072841289395,0.13189106952762658,0.4436616377532221,0.5378065632438302,0.47279824799988907,0.45240262082722216,0.0880907184833407,0.14125179289715065,0.1004292986073183,0.09179229252053397,-0.6268796470429624,-0.543492870700975,-0.7187560101387269,-0.5484016494762959,-2.1295719484598123,-0.0914313685001479,-0.37421751954207366,-0.5543996296999717,-0.4243484910614276,0.0303116966274241,-0.23326064337018557,-0.08327838100442522
2026-04-25|flemington|4,2026-04-25,flemington,4,V3,3,good,1800,3,3,0.3669920141372689,-0.2676300493012039,-0.4685204679550267,-0.21630404117297722,slow,0.1593643211841575,0.18542026583839738,0.18522325185160837,0.16712200038439273,0.0731428205767509,0.04669434425953711,0.06541806474751577,0.07082539382798035,0.6634082706046159,0.6817733482669657,0.6987727878995462,0.674017625793095,0.1040845876344756,0.08611204163509996,0.05058589550132972,0.08803497999453183,-0.9027803997339936,-1.041282988735088,-1.2203792554016637,-1.2791382529321722,-1.2154459746527635,-0.1491475869323867,-0.35767824184180386,-0.6945532212587987,0.5875591350833537,-0.1939324892439367,-0.36717838267879876,-0.3541495854363702
2026-04-25|flemington|5,2026-04-25,flemington,5,V4,3,good,1400,4,4,0.5168537476389021,-0.22180769111155738,-0.7287061056202783,-0.15578127274468975,slow,0.2922129987352019,0.2081128009095345,0.26834791886967047,0.28505347477554244,0.0978135504401981,0.057039668336467154,0.10964471904944045,0.1013629010229708,0.5269278000557756,0.6164692996416027,0.5623855331404932,0.5375651199811908,0.0830456507688242,0.11837823111239577,0.05962182894039577,0.07601850422029566,-1.1664722546242476,-0.543492870700975,-0.9507233157763638,-0.7686523526942853,0.659333663758023,-0.0914313685001479,-0.3265054991910752,-0.9159187917492995,0.0223341311084951,0.0303116966274241,-0.3418312715337646,-0.054123481958182174
2026-04-25|flemington|7,2026-04-25,flemington,7,V5,3,good,2000,5,5,0.4078157716806675,-0.43437733298397946,-0.3044833835558453,-0.011661329548697247,even,0.1720488459992398,0.15589322096337924,0.1272315184210568,0.1586036477257849,0.0676031442007502,0.0418111578665956,0.04292734663773435,0.06020040493184545,0.6845128876615709,0.7046146227484262,0.7748133233524994,0.7116030183688494,0.0758351221384389,0.0976809984215988,0.05502781158870943,0.06959292897352005,0.2419912096801822,-0.7729903078174699,-1.2324134788798604,-1.462188565417052,1.824009852677222,-0.1219573814120377,-0.2883054389040875,-0.3146710094705124,1.1484504218013964,-0.0076088847512415,-0.427763910341181,0.08301291004615136
2026-04-25|flemington|8,2026-04-25,flemington,8,V6,3,good,1400,6,6,0.5362173719051844,-0.292151626284223,-0.14535985242872765,0.014442475527197782,slow,0.2912006412553895,0.22474043533381735,0.27117319330456263,0.2851924068701414,0.1237971780376635,0.06607157574716317,0.11670772877577994,0.12167034325909842,0.4887151721843682,0.5803879436132472,0.5395644056583702,0.5039699422265688,0.0962870085225787,0.12880004530577233,0.07255467226128731,0.08916730764419128,-1.2299537378691028,-0.543492870700975,-0.9983515315631178,-0.8622101232601928,-0.1894636964821787,-0.0914313685001479,-0.21788762104088777,-0.12568549396674944,1.0765051194295276,0.0303116966274241,-0.5048162726038598,0.3152708490568507
2026-05-09|caulfield|1,2026-05-09,caulfield,1,V0,3,soft,1100,0,0,0.0,0.0,0.0,0.0,fast,0.4399521457308435,0.33580907695024365,0.33580907695024365,0.4087092250966635,0.1174557717223671,0.09043162401996183,0.09043162401996183,0.1093485274116455,0.310529309233985,0.3231275804044916,0.3231275804044916,0.31430879058513694,0.1320627733128043,0.2506317186253029,0.2506317186253029,0.1676334569065539,0.5195054754759995,-0.2165828246898098,0.08152898257389463,0.08152898257389463,-0.0100171894971656,-0.4805173116373196,-0.39400179084603204,-0.39400179084603204,-0.0203568639681072,-0.2307314692259966,-0.2420805867189376,-0.2420805867189376
2026-05-09|caulfield|2,2026-05-09,caulfield,2,V1,3,soft,2000,1,1,0.10036756468345168,0.052141499413244696,-0.001005400914803161,-0.002043168861071226,very_fast_or_collapse,0.2047968058864481,0.20044019482094666,0.20961926749271279,0.20624354436832748,0.0681852993430419,0.05610107895496281,0.06471126543945117,0.06714308917196468,0.6429658978609891,0.6471100548403318,0.6256614185451684,0.6377745540662428,0.0840519969095207,0.09634867138375872,0.10000804852266756,0.08883881239346475,2.367351993507228,-1.063202100339831,-1.0664791781750322,-0.9835877636629892,0.2287920197343575,-0.2730250090918567,-0.45329135751434335,-0.3480896916376029,-2.1946732968902083,-0.3296838278807434,-0.26284960063143914,-0.1006136176427343
2026-05-09|caulfield|3,2026-05-09,caulfield,3,V2,3,soft,1600,2,2,0.3046922287210175,0.4881140973358487,0.0395732437605953,-0.39429948500743434,even,0.2205693142035963,0.25652764413936957,0.2949192447874746,0.2428742933787598,0.0907646327665305,0.064353427163792,0.13377810185907832,0.10366867349429484,0.5138241956425205,0.5386928950759176,0.38159992424308253,0.4741569142226891,0.1748418573873526,0.14042603362092088,0.18970272911036462,0.1793001189042562,-0.4465741607616385,-0.6898357945645242,-0.6714322766120087,-0.08870018587672568,-0.9034321944075078,-0.3067335839479516,-0.3018645431173982,-0.1580928562637029,-1.1731476654282469,-0.0867865765402565,-0.35760452895046657,-0.22619654095697564
2026-05-09|caulfield|5,2026-05-09,caulfield,5,V3,3,soft,1600,3,3,0.41973995814683035,0.17597650931019487,-0.1958940207004969,-0.5138726698523881,slow,0.2119798378605989,0.1919527133396386,0.25037927095543533,0.2234996677890498,0.0761059089051693,0.05705437164190167,0.10176911366093191,0.08380487033189808,0.628189682202422,0.6231242377053615,0.4864614530076906,0.5856712134440025,0.0837245710318098,0.1278686773130982,0.1613901623759422,0.10702424843504951,-0.5960174175322137,-0.6898357945645242,-0.93889544950168,-0.4246793149508893,0.1587943959453462,-0.3067335839479516,-0.333386972695348,-0.40733320463115763,0.0956220057371606,-0.0867865765402565,-0.34331244024819774,-0.41187725723104873
2026-05-09|caulfield|6,2026-05-09,caulfield,6,V4,3,soft,1000,4,4,0.3644001883052855,0.044726128949729924,-0.04843376458758049,-0.1639441185316461,even,0.3866157826573283,0.3392581393947937,0.3557854927390801,0.3773666956818538,0.2122691307548242,0.11705903568217099,0.14382615361959952,0.1917362376142568,0.2566900741523145,0.24305870143442365,0.1895652894638551,0.23655263874577664,0.1444250124355328,0.3006241234886115,0.3108230641774652,0.19434442795811252,0.463604438063574,-0.2165828246898098,0.013327932843073542,0.32061626599832027,0.6001130156111275,-0.4805173116373196,-0.17255452795673698,0.04690620598690941,0.6863114379049203,-0.2307314692259966,-0.5596096695380339,-0.2355363947167334
2026-05-09|caulfield|7,2026-05-09,caulfield,7,V5,3,soft,1440,5,5,0.4985595894924939,0.053910605525629755,0.0070373849704510995,-0.13979988554715092,even,0.3196568604572289,0.22177108752359742,0.3260160664021104,0.3215646222406933,0.0771240246874822,0.03400788779169429,0.06716850457041271,0.07413736865236134,0.4854136543703149,0.6495982728421403,0.503620063506607,0.4908755771112025,0.1178054604849738,0.09462275184256792,0.10319536552086991,0.11342243199574263,-0.0752165351311364,-0.1938276502384335,-0.8673819463884741,-0.29688714476055944,0.8029651898530917,0.0483572447358695,-0.36363623143890456,-0.08135699004393476,0.705862422708066,0.0729596199275976,-0.31707966655370057,0.20891387436325837
2026-05-09|caulfield|8,2026-05-09,caulfield,8,V6,3,soft,2000,6,6,0.4507686089075662,0.19781247746388858,0.09166688462372966,-0.21060505925453954,slow,0.2099152128167029,0.18286966882341282,0.247397641492141,0.22115994141933432,0.0606819187533562,0.05358500251941498,0.08930156681307304,0.06926781317127124,0.643757811371701,0.6630599000397723,0.5153332721157776,0.6052304495949239,0.0856450570582398,0.10048542861739998,0.1479675195790084,0.10434179581447037,-0.99957319109319,-1.063202100339831,-1.283337561157309,-0.6896740266139023,0.949338315650986,-0.2730250090918567,-0.24253414136472917,0.15672370341311836,1.0746473568419177,-0.3296838278807434,-0.642085215219015,-0.19614396979305557
2026-05-09|caulfield|9,2026-05-09,caulfield,9,V7,3,soft,1100,7,7,0.5094465844162476,0.02746997914742391,0.2064924103415023,0.15317423115413437,even,0.3580235050430225,0.2812788484231256,0.3264820508894395,0.3485610687969476,0.1203549643754753,0.08134546988213676,0.11164354795463692,0.11774153944922378,0.4127220383887628,0.4306166789068431,0.2975013436776757,0.3781558299754367,0.1088994921927393,0.20675900278789447,0.26437305747824785,0.15554156177839185,-0.3603021846043192,-0.2165828246898098,-0.5739569341704698,0.00586869328065176,1.4257799717648951,-0.4805173116373196,-0.16117219303934055,0.604512194831406,-0.9771294704691104,-0.2307314692259966,-0.6599065639297383,0.40009311908840683
2026-05-16|flemington|1,2026-05-16,flemington,1,V0,3,good,1400,0,0,0.0,0.0,0.0,0.0,slow,0.3703585369043,0.24509481238964614,0.24509481238964614,0.3327794195499038,0.1146456844766544,0.07432132009699964,0.07432132009699964,0.10254837516275797,0.4374268666657587,0.5358925169255949,0.5358925169255949,0.46696656174370954,0.0775689119532868,0.14469135058775934,0.14469135058775934,0.09770564354362857,-1.189424565098513,-0.543492870700975,-0.5984954772201541,-0.5984954772201541,-0.4683963607476363,-0.0914313685001479,-0.4640702405273724,-0.4640702405273724,-2.09724470524755,0.0303116966274241,-0.09087097646755862,-0.09087097646755862
2026-05-16|flemington|2,2026-05-16,flemington,2,V1,3,good,2000,1,1,0.15536240349696362,-0.18479185921203564,-0.0727711843949836,-0.3258329781285404,even,0.2138062579613907,0.1798397479877927,0.17522507833061726,0.20223190407215863,0.0757722871660871,0.04931031485097179,0.04812293762287908,0.06747748230312468,0.6343718716951329,0.6699892435170031,0.6869303085257427,0.6501394027443158,0.0760495831773893,0.10086069364423245,0.08972167552076095,0.0801512108804008,-0.0911687996206849,-0.7729903078174699,-0.9957360382157981,-1.0858005479256057,-1.325539502036154,-0.1219573814120377,-0.4464207488049611,-0.5344771478754059,-0.310816254637821,-0.0076088847512415,-0.1498489140307939,-0.41260378515728535
2026-05-16|flemington|3,2026-05-16,flemington,3,V2,3,good,1400,2,2,0.3756145616276808,-0.3206312993138565,-0.27437876897729047,-0.5825856237755865,slow,0.329167705644636,0.23240699311573443,0.2887570198635241,0.31704449991030237,0.1104264040099853,0.06646042994928857,0.08920798601724357,0.10406087861216277,0.4748723688180437,0.5702563508709784,0.5350843449743787,0.49293596166494413,0.0855335215273349,0.13087622606399876,0.08695064914485356,0.0859586598125905,-1.523043650431018,-0.543492870700975,-0.7680085442237075,-0.7334401874282352,-1.892321297420447,-0.0914313685001479,-0.3900454143454053,-0.7306293127793466,0.1370059355186792,0.0303116966274241,-0.22021361510248402,-0.7237490204720648
2026-05-16|flemington|4,2026-05-16,flemington,4,V3,3,good,1400,3,3,0.500618616762504,-0.5944863816068062,-0.6557927400612507,-0.35498507449260713,slow,0.3782796164222951,0.2793820874785396,0.3448388087905455,0.3682473741327702,0.1446500819228297,0.08806663570862644,0.1139610779578312,0.13544338073333015,0.3636183607691637,0.46012456339801344,0.4566510143685589,0.39152815684898223,0.1134519408857114,0.17242671341482055,0.0845490988830642,0.10478108828491724,-2.378849130197026,-0.543492870700975,-0.5598882160832988,-0.571576253332019,-0.58081148732706,-0.0914313685001479,-0.2805728929677515,-0.8694382983546305,0.5164069877242652,0.0303116966274241,-0.37393025437548943,-0.5712573031789762
2026-05-16|flemington|5,2026-05-16,flemington,5,V4,3,good,1200,4,4,0.48933885341794053,-0.7990510976821079,-0.5076163449729144,-0.12277860214472731,even,0.3333987632733369,0.36592519830952114,0.4105991336847209,0.35655887439675205,0.2218811539692577,0.08832740213237275,0.08538905563281637,0.1809335244683253,0.2665424761428393,0.332483538397084,0.39599750081941687,0.30537898354581255,0.178177606614566,0.21326386116102217,0.10801430986304593,0.15712861758910995,0.3292377268860582,-0.2238631647893108,-0.22856807364419207,-0.47939625502272953,0.3553557992598101,-0.1471918954703726,-0.2322882574419689,-0.5236597995280826,-0.6360242264877579,-0.0771309043603168,-0.44351073360477977,-0.25276530194609537
2026-05-16|flemington|6,2026-05-16,flemington,6,V5,3,good,1600,5,5,0.5304930085205501,-0.5770698667037141,-0.3922986855620812,-0.18156872541841423,slow,0.2193047581306541,0.16738360707716127,0.15557620060976796,0.20018619087438821,0.0602702601247091,0.05516030627030912,0.07819632414284396,0.06564807933014956,0.6410969318589304,0.6161793158585627,0.6832200304269375,0.6537338614293324,0.0793280498857063,0.16127677079396682,0.0830074448204507,0.08043186836612962,-1.9687838384722145,-0.552586470177361,-0.8709506158220165,-0.9133559382653637,-0.5956541772001067,-0.3672912458330949,-0.20548867841463592,-0.44765438074825425,0.373508323796181,0.0613464516250747,-0.5016304670439741,-0.17857244959341148
2026-05-16|flemington|8,2026-05-16,flemington,8,V6,3,good,1200,6,6,0.528674320599799,-0.5746150523544633,-0.2747983028984538,-0.13286295873534626,slow,0.3676883899219649,0.325738359936789,0.357806879551962,0.364723936810964,0.2038003779844505,0.08808950752008703,0.09953310597553987,0.17252019638177732,0.3039134945675753,0.386149333327628,0.39414496242991925,0.3309829349262785,0.1245977375260093,0.20002279921549593,0.14851505204257898,0.1317729318809802,-0.5192654888025295,-0.2238631647893108,-0.4796698625199001,-0.4106747255890468,1.0934777624606191,-0.1471918954703726,-0.1939988197141237,-0.1503215824009187,-0.0013264321720248,-0.0771309043603168,-0.5400836683786274,-0.18774087921181595
2026-05-16|flemington|9,2026-05-16,flemington,9,V7,3,good,1800,7,7,0.4910653855696565,-0.5630006878891459,-0.19090957902329686,-0.044156877180523565,slow,0.2047902259553888,0.1682533122762889,0.13242864961761985,0.1830817530540581,0.0912548982278383,0.06163480618258247,0.05932888314205331,0.0816770937021028,0.6424389775604953,0.6701721529011704,0.7443115109655478,0.6730007375820111,0.0615158982562776,0.09993972863995837,0.06393095627477899,0.062240415661828016,-1.7469680561857914,-1.041282988735088,-1.454196390925703,-1.5714272453482332,-0.7655438394247578,-0.1491475869323867,-0.20875472429378544,-0.09032934646326625,-0.7985002713086122,-0.1939324892439367,-0.6342013780888522,-0.10218319279802854
2026-05-23|randwick|1,2026-05-23,randwick,1,V0,3,soft,1200,0,0,0.0,0.0,0.0,0.0,very_fast_or_collapse,0.3063785069723973,0.3057606995028178,0.3057606995028178,0.30619316473152347,0.0925426657827575,0.062305775822534194,0.062305775822534194,0.0834715987946905,0.4119370951874859,0.47881466465877226,0.47881466465877226,0.43200036602887176,0.1891417320573593,0.15311886001587566,0.15311886001587566,0.1783348704449142,3.127858247243123,-0.4450088173962322,-0.3296211285293786,-0.3296211285293786,-4.0,-0.2613483421373351,-0.4119557077208448,-0.4119557077208448,-2.918469632350644,-0.0873365665840547,-0.1891016500484833,-0.1891016500484833
2026-05-23|randwick|3,2026-05-23,randwick,3,V1,3,soft,1200,1,1,0.17274530168759306,0.5403228165560393,-0.6909812067503722,-0.5041519171064908,even,0.3329716603450094,0.31816018942971547,0.346526322841748,0.33703805909403095,0.0967531529729136,0.06849201573360712,0.11235664177370216,0.10143419961315017,0.3690536883315538,0.439542858468168,0.35394507734192565,0.3645211050346653,0.201221498350523,0.1738049363685095,0.1871719580426243,0.19700663625815337,-0.1260037682538712,-0.4450088173962322,-0.2628101802403904,0.21651362478645175,-4.0,-0.2613483421373351,-0.3453677755078974,-1.217018152974947,-4.0,-0.0873365665840547,-0.29794159096850925,-0.8461841814573975
2026-05-23|randwick|4,2026-05-23,randwick,4,V2,3,soft,2400,2,2,0.050944865080927125,0.06647539692906751,-0.2037794603237085,-0.17955047689388023,slow,0.2207099019823308,0.20449507741632067,0.17669983129355546,0.20750688077569818,0.0707185298373511,0.03607114745998441,0.03319995563506171,0.059462957576664276,0.6149769998939124,0.6736294917881237,0.6949563050403856,0.6389707914378544,0.0935945682864055,0.08580428333557125,0.09514390803099712,0.09405937020978297,-0.829623634156213,-0.4810644313131096,-0.9607533826884046,-0.9085416849566684,-2.8221370689397283,-0.1504130603133176,-0.49568000409018803,-0.7232576591603869,-3.0513961958721176,-0.153630193082401,-0.14918762141081174,-0.389079190928308
2026-05-23|sportsbet-sandown-hillside|1,2026-05-23,sportsbet-sandown-hillside,1,V0,3,soft,1000,0,0,0.0,0.0,0.0,0.0,even,0.4187239665244091,0.32398125897727115,0.32398125897727115,0.3903011542602677,0.1387032993702048,0.09625274544371824,0.09625274544371824,0.12596813319225883,0.3373161110931655,0.34213253777944364,0.34213253777944364,0.3387610390990489,0.1052566230122205,0.237633457799567,0.237633457799567,0.14496967344842443,0.0275302350806847,-0.2165828246898098,-0.05018413339301997,-0.05018413339301997,0.7370401343894115,-0.4805173116373196,-0.4188281799087975,-0.4188281799087975,-0.7540691173977219,-0.2307314692259966,-0.19325500680688332,-0.19325500680688332
2026-05-23|sportsbet-sandown-hillside|2,2026-05-23,sportsbet-sandown-hillside,2,V1,3,soft,2400,1,1,0.04624380742827149,0.0012731028895262275,0.034083542041611285,-0.034871027052546896,slow,0.1916457638149164,0.17573457220658162,0.16961840808209722,0.18503755709507064,0.0690300074913285,0.06690513708314315,0.06653402003246438,0.06828121125366926,0.6548625135071777,0.627185639292662,0.6262594216217876,0.6462815859415607,0.0844617151865773,0.13017465141761325,0.1375881502636508,0.10039964570969934,-4.0,-1.056774915850998,-0.9503737303666097,-0.9313699320555046,-1.6245798937930864,-0.2791097701747049,-0.33939450839029356,-0.2547623608087218,-1.7319182082044158,-0.0338932725824823,-0.2986221601271989,-0.2670560738049711
2026-05-23|sportsbet-sandown-hillside|3,2026-05-23,sportsbet-sandown-hillside,3,V2,3,soft,1400,2,2,0.2359756536357357,-0.28410103576772816,0.003526078309567599,-0.24849648269873933,fast,0.3461543706483226,0.24854420059347784,0.2389555585438512,0.31399472701698117,0.0856082058291294,0.038479419953231925,0.03380317624056917,0.07006669695256132,0.4475274846238893,0.6112457609143527,0.6186465695139722,0.49886321009091417,0.1207099388986586,0.10173061853893754,0.10859469570160735,0.11707536593954322,0.6469729123823046,-0.1938276502384335,-0.6572836207599262,-0.722133016525577,-2.193488544248271,0.0483572447358695,-0.473644470381977,-0.26337740723989855,-2.1260636929557504,0.0729596199275976,-0.11479800900058626,-0.13659114188555402
2026-05-23|sportsbet-sandown-hillside|4,2026-05-23,sportsbet-sandown-hillside,4,V3,3,soft,1800,3,3,0.3343542875289516,-0.2968397212746904,-0.4958487129825593,-0.5865725212495841,slow,0.225225651376603,0.18379505398332335,0.15964071673558394,0.20555017098429726,0.0712369859325542,0.045798109049291054,0.052204956758264816,0.06552737718026738,0.617089884365603,0.6607638265649834,0.7123788883986322,0.6456765855755117,0.0864474783252396,0.10964301040240211,0.07577543810751917,0.08324586625992346,-2.429493768527123,-0.591098618868857,-0.9609836198532412,-1.008844239102774,-0.754269236403929,-0.1604242968556835,-0.3646364990882296,-0.938261112167757,-0.68754541933743,0.0190549104415307,-0.28082346950691317,-0.9006255320933144
2026-05-23|sportsbet-sandown-hillside|5,2026-05-23,sportsbet-sandown-hillside,5,V4,3,soft,1000,4,4,0.40170677423628726,-0.18473362890834452,-0.24526595833302298,-0.49346804429269314,slow,0.3919090536267506,0.32094822852091975,0.3429225271893454,0.377213095695529,0.1501730334406828,0.09713553966696857,0.09879617276234674,0.13475997523718197,0.3323289915817223,0.33881789056495387,0.3014045375527832,0.32305165537304054,0.1255889213508441,0.24309834124715785,0.25687676249552477,0.1649752736942483,-1.5784001446255156,-0.2165828246898098,-0.22599300590611138,-0.05228840274678326,0.7631023739364154,-0.4805173116373196,-0.2366316073361598,-0.3323358543566653,0.5134087607814198,-0.2307314692259966,-0.49723803476143125,-0.6667975686564559
2026-05-23|sportsbet-sandown-hillside|6,2026-05-23,sportsbet-sandown-hillside,6,V5,3,soft,1600,5,5,0.47354020329434965,-0.6109022197944007,-0.3645240689409287,-0.44394381590691756,slow,0.2219028545017145,0.2020515560224518,0.22039928614475723,0.22145178399462734,0.0761009024510416,0.058070106597254985,0.04924965645213124,0.0680455286513685,0.595132350804991,0.6078013752523868,0.6444984528768483,0.6099421814265482,0.1068638922422528,0.13207696212790643,0.08585260452626321,0.10056050592745593,-0.860749078918769,-0.6898357945645242,-0.966658546388072,-1.065754045160621,-2.4248221518373434,-0.3067335839479516,-0.22822456375355687,-0.5403377380237012,-1.065509854883811,-0.0867865765402565,-0.5213383963434676,-0.7047807717495307
2026-05-23|sportsbet-sandown-hillside|7,2026-05-23,sportsbet-sandown-hillside,7,V6,3,soft,1600,6,6,0.5558139889733107,-0.6216913363394379,-0.7954293929111109,-0.5495056202013443,slow,0.1803327512345206,0.17362896463752248,0.15741511334347802,0.17345745986720784,0.0743214560786969,0.052552631631474785,0.06333138542915487,0.0710244348838343,0.6654830328058092,0.6475916132683975,0.7006994623492943,0.6760479616688546,0.0798627598809732,0.12622679046260518,0.07855403887807283,0.07947014358010308,-0.901359910344922,-0.6898357945645242,-1.1307130049806156,-1.003181274767323,-3.237555645487653,-0.3067335839479516,-0.2164466345556587,-0.980769571179281,-0.7686377121493345,-0.0867865765402565,-0.5450673507471457,-1.037724835457609
2026-05-23|sportsbet-sandown-hillside|8,2026-05-23,sportsbet-sandown-hillside,8,V7,3,soft,1400,7,7,0.5754002144356253,-0.5181658779884795,-1.0163478807674664,-0.5327880707491658,fast,0.3166887373525401,0.22949549781455394,0.21536711854250343,0.2862922517095291,0.0850615848824083,0.03626569653427107,0.048548422244139855,0.07410763609092776,0.4658684482116114,0.6343844742066579,0.670770216526094,0.5273389787059561,0.1323812295534401,0.09985433144451712,0.06531424268726276,0.11226113349358688,0.5998536576611081,-0.1938276502384335,-0.9285755285689842,-0.6446811784763278,-1.0646920252895054,0.0483572447358695,-0.26439560780588334,-1.2515475980733652,-2.2120875498564034,0.0729596199275976,-0.4771874092197329,-1.044759967003347
2026-05-23|sportsbet-sandown-hillside|9,2026-05-23,sportsbet-sandown-hillside,9,V8,3,soft,1400,8,8,0.620049809235918,-0.27333846654584776,-0.961919750252587,-0.8184664158505744,even,0.3298513667354885,0.24346704540978503,0.1929865731259461,0.28879192865262576,0.1193585281408789,0.04656026970636447,0.08159108745770079,0.10802829593592546,0.4340568440719545,0.5966846792626689,0.6313766212775832,0.493252777233643,0.1167332610516779,0.11328800562118174,0.0940457181387699,0.10992699817780549,0.4557643424991841,-0.1938276502384335,-0.9669788330548775,-0.46816011304160843,-2.885817075876305,0.0483572447358695,-0.21100227635562224,-1.3329043630934947,-1.4894871518909238,0.0729596199275976,-0.5439928433295966,-1.1038609981045315
2026-05-30|caulfield|1,2026-05-30,caulfield,1,V0,3,heavy,1200,0,0,0.0,0.0,0.0,0.0,slow,0.2485740263648843,0.22702527533838676,0.22702527533838676,0.24210940105693501,0.0839952813267033,0.045171256726290784,0.045171256726290784,0.07234807394657954,0.5661354241776808,0.6212011788306647,0.6212011788306647,0.582655150573576,0.1012952681307314,0.1066022891046577,0.1066022891046577,0.1028873744229093,-2.678125074392388,-0.3995526128356922,-0.7179445406677756,-0.7179445406677756,-4.0,-0.1838199561862199,-0.5234746706726313,-0.5234746706726313,-1.0639854233997132,-0.0453364118703507,-0.023992892846027708,-0.023992892846027708
2026-05-30|caulfield|2,2026-05-30,caulfield,2,V1,3,heavy,1200,1,1,0.3333333333333333,-0.892708358130796,-1.3333333333333333,-0.3546618077999044,even,0.2505712711882062,0.21917538373152598,0.14997592088295308,0.22039266609663027,0.082224896543819,0.044978070603538416,0.02954395335875009,0.06642061358829832,0.5718137859936498,0.6282842632104089,0.7967524401998888,0.6392953822555215,0.0953900462743249,0.10756228245452681,0.02372768555840793,0.0738913380595498,-0.3670023250093253,-0.3995526128356922,-0.775376895025913,-1.4786580227768642,-0.8301424732019704,-0.1838199561862199,-0.4861380762918531,-1.9689717145173349,-4.0,-0.0453364118703507,-0.0934400502575666,-0.7820447433289746
2026-05-30|caulfield|3,2026-05-30,caulfield,3,V2,3,heavy,1400,2,2,0.39668694918765085,-0.5628365290401196,-0.9015946766015628,-1.0566779526331953,slow,0.2413221682946558,0.2251459266873028,0.15271194623243606,0.21473910167598986,0.0870752565819919,0.04552767413243408,0.042772569589541676,0.07378445048425683,0.5633826852543271,0.6210999573518295,0.7572224109229254,0.6215346029549066,0.1082198898690251,0.10822644182843355,0.04729307325509683,0.0899418448848466,-1.7772296202081608,-0.3995526128356922,-0.8091465857466827,-1.202730952429531,-0.7869058860560277,-0.1838199561862199,-0.43397001291749626,-1.7029120087083538,-0.7667894949839209,-0.0453364118703507,-0.17433360683205165,-1.2813538712083556
2026-05-30|caulfield|4,2026-05-30,caulfield,4,V3,3,heavy,1600,3,3,0.4291540674435721,-0.6821975179720493,-0.6714970772139686,-0.7552049837610435,even,0.2075078125315768,0.19035147582082915,0.17979087146405343,0.19919273021131978,0.0703313862084899,0.037298214710319307,0.03230793132776283,0.05892434974427178,0.6333627249723819,0.672655131515582,0.7433271132067285,0.6663520414426858,0.0887980762875513,0.09969517795326947,0.044574084001455405,0.07553087860172253,-0.2642334934032043,-0.3995526128356922,-0.9444631539473379,-1.2695706849599404,-1.4536438781822951,-0.1838199561862199,-0.4222447552078789,-1.2695974100988017,-2.27812695292606,-0.0453364118703507,-0.2148135549443065,-0.9702175038757145
2026-05-30|caulfield|5,2026-05-30,caulfield,5,V4,3,heavy,1600,4,4,0.5300629490103632,-0.5311784226407282,-0.8032946022620656,-1.0545813085171984,even,0.2115226446797316,0.18901147584809144,0.16897677143882728,0.19875888270746028,0.0698189566577911,0.03753807927668006,0.05270332945672521,0.06468426849747133,0.6283009926326351,0.6723430574746935,0.7256763640527176,0.6575136040586598,0.0903574060298422,0.1011073874005351,0.052643535051730056,0.07904324473640854,-0.4033037530890975,-0.3995526128356922,-0.9821204974624917,-1.0053875269485106,-1.593193690487802,-0.1838199561862199,-0.37803770380629376,-1.474636181039922,-2.002824602119287,-0.0453364118703507,-0.2930039599187857,-1.286089082100917
2026-05-30|caulfield|8,2026-05-30,caulfield,8,V5,3,heavy,1100,5,5,0.4258343955750926,-0.46222055023020103,-0.7231853893738647,-0.8879715067126714,slow,0.3110911916501099,0.28619530696699963,0.23078997252709627,0.2870008259132058,0.1467181641586684,0.07483822134325094,0.07951939765979547,0.1265585342090065,0.4045998900443202,0.4818351852859307,0.5923167553847307,0.4609149496464433,0.1375907541469014,0.15713128640381877,0.09737387442837751,0.12552569023134422,-0.891699648121602,-0.3995526128356922,-0.6813473409429049,-0.8513683773168966,-1.2414540065728707,-0.1838199561862199,-0.2293513166491536,-1.1498767001431212,-3.158865056882068,-0.0453364118703507,-0.4781364450260024,-1.4143119123054178
2026-05-30|caulfield|9,2026-05-30,caulfield,9,V6,3,heavy,1200,6,6,0.5359791379965417,-0.5437263099353994,-0.8205248938174026,-1.3285008048311693,slow,0.2652937184262525,0.26740838095644975,0.19467251462695132,0.24410735728646213,0.1805248830912013,0.07770286672092905,0.08584750282021673,0.15212166900990592,0.4439547261104181,0.5053002498816225,0.6124700499982304,0.4945093232767618,0.110226672372128,0.14958850244099872,0.10700993255460146,0.10926165042687004,-0.694328722990616,-0.3995526128356922,-0.8702890829626803,-0.9191213837351797,-2.17912399215517,-0.1838199561862199,-0.21049941818559298,-1.373261145377944,-4.0,-0.0453364118703507,-0.4964117160933573,-1.7922626865510387
2026-05-30|rosehill|1,2026-05-30,rosehill,1,V0,3,heavy,1300,0,0,0.0,0.0,0.0,0.0,very_fast_or_collapse,0.3047105304734839,0.23090360965970583,0.23090360965970583,0.28256845422935045,0.0756104366065956,0.04075478674217308,0.04075478674217308,0.06515374164726884,0.4960800801695894,0.632420619138136,0.632420619138136,0.5369822418601533,0.1235989527503308,0.0959209844599852,0.0959209844599852,0.11529556226322711,3.922614462946831,-0.4593124602497817,-0.6884943798064711,-0.6884943798064711,2.3541050036634217,0.0226960665147174,-0.5136496469925329,-0.5136496469925329,-0.1489135443000284,0.070935114246211,-0.03585497655885625,-0.03585497655885625
2026-05-30|rosehill|5,2026-05-30,rosehill,5,V1,3,heavy,1500,1,1,0.10393314411119645,0.40768965427011644,0.24466953459863905,-0.015477052859843889,even,0.3343961920588538,0.2725757546718813,0.31042671526490434,0.32720534902066895,0.0677706445199431,0.05328140018059282,0.07679547634610163,0.07047809406779065,0.4869887140193297,0.5152324517658196,0.3872992301548498,0.4570818688599857,0.1108444494018732,0.15891039338170634,0.2254785782341443,0.14523468805155454,0.1025723274780069,-0.1914370311419786,-0.3733650825757334,0.05156069708705896,3.174074162242812,-0.4759187690847769,-0.46847795464970576,-0.0696006614730734,-0.5606156961883371,-0.2558226132517278,-0.19032853592064822,0.14444944421466593
2026-05-30|rosehill|6,2026-05-30,rosehill,6,V2,3,heavy,1500,2,2,0.21795551313667683,0.3117840132672921,0.629681502208347,-0.09099641852709908,very_fast_or_collapse,0.3641971244471006,0.27725485340105505,0.31179537172644367,0.3484765986309035,0.0677499708351837,0.05665072120813048,0.0702463817666428,0.06849889411462143,0.4550418904400465,0.49310126785893266,0.31842557776614855,0.4140569966378771,0.1130110142776691,0.17299315753188185,0.29953266874076495,0.16896751061659784,0.9138261902586114,-0.1914370311419786,-0.3484296918155762,0.14368217281453988,1.084475338766295,-0.4759187690847769,-0.41307355425182435,0.5447665975042513,-0.254028987335333,-0.2558226132517278,-0.2871904085765278,0.27048461324754874
2026-05-30|rosehill|8,2026-05-30,rosehill,8,V3,3,heavy,1200,3,3,0.26134209416645177,0.3701813761212808,0.4770590756127837,-0.07761224945294816,very_fast_or_collapse,0.3181445210204117,0.2591862499595315,0.31294839686236564,0.31658568377299784,0.1063376281362388,0.0528847993326939,0.07939569153543069,0.09825504715599637,0.4323677740838579,0.5731743599521112,0.396474170313912,0.42159969295287414,0.1431500767594914,0.11475459075566344,0.21118174128829148,0.1635595761181314,1.5175290984927727,-0.4593124602497817,-0.7356163995526726,-0.1433922934614211,1.7179183971420855,0.0226960665147174,-0.3499556470284149,0.47912948046033044,-0.1481340230453493,0.070935114246211,-0.28530731363509243,0.23164857394102373
2026-05-30|rosehill|9,2026-05-30,rosehill,9,V4,3,heavy,2000,4,4,0.21859345805058594,0.2712968196916892,0.38175343809859175,-0.056994998648441896,very_fast_or_collapse,0.2897787639680657,0.2736728010465858,0.2747191043564399,0.2852608660845779,0.0715167885616448,0.056750727254639415,0.06909046301458197,0.07078889089752594,0.4660902189985276,0.5211191424131705,0.4097418340525683,0.4491857035147398,0.1726142284717618,0.14845732928560423,0.24644859857640997,0.19476453950315625,3.3786703020786115,-0.4929010823353884,-0.5911827814642807,-0.1634418072107098,3.6369599775698895,-0.3635659699678882,-0.2727067031943742,0.4131476154557772,1.6292893670473525,-0.2108674866078711,-0.4983430686414906,-0.08520453846438755
2026-06-06|flemington|1,2026-06-06,flemington,1,V0,3,heavy,1100,0,0,0.0,0.0,0.0,0.0,slow,0.3265968289782581,0.2624143817584046,0.2624143817584046,0.307342094812302,0.1108940051823969,0.06363713272169552,0.06363713272169552,0.09671694344418648,0.4645047163666702,0.5393253839016341,0.5393253839016341,0.4869509166271593,0.0980044494726747,0.13462310161826577,0.13462310161826577,0.108990045116352,-1.3339928354092796,-0.3995526128356922,-0.5664743405105703,-0.5664743405105703,-3.5410764872521523,-0.1838199561862199,-0.48797304576310035,-0.48797304576310035,-1.6609334952111203,-0.0453364118703507,-0.06732343147171335,-0.06732343147171335
2026-06-06|flemington|2,2026-06-06,flemington,2,V1,3,heavy,1600,1,1,0.17850921231621975,-0.23813001028439107,-0.632114774490868,-0.2964919299397628,slow,0.2282974660720868,0.21726807266184844,0.19319713940440986,0.2177673680717837,0.0892295582782374,0.04485841623554978,0.04252959554336967,0.07521956945777708,0.5885149076175116,0.6330826786191216,0.7002191880510761,0.6220261917475809,0.0939580680321641,0.10479083248348013,0.06405407700114428,0.08498687072285814,-2.0795768597420574,-0.3995526128356922,-0.8171265442365503,-1.0095018880887017,0.2521460783090066,-0.1838199561862199,-0.48987624399224916,-1.2078135212637007,1.617287235430079,-0.0453364118703507,-0.07719663847647582,-0.502363412432257
2026-06-06|flemington|3,2026-06-06,flemington,3,V2,3,heavy,1600,2,2,0.4052941200628158,-0.7623610540262704,-0.30725159715117156,0.30162199269769857,slow,0.3026565726434355,0.2603345866632909,0.28954384586604637,0.29872275461021874,0.0904608307637484,0.053755932255187724,0.051297128980049886,0.07871172022863884,0.4723563574275661,0.5581437389050921,0.6095574607776147,0.5135166884325807,0.13452623916525,0.1277657421764293,0.04960156437628894,0.10904883672856168,-1.942652022530612,-0.3995526128356922,-0.624112202856844,-1.0077162554440866,-0.3277899018017117,-0.1838199561862199,-0.3929817958607503,-0.3454339657437618,0.6111407986417839,-0.0453364118703507,-0.2396965886718921,0.4991087083911987
2026-06-06|flemington|4,2026-06-06,flemington,4,V3,3,heavy,1200,3,3,0.43388152355895565,-0.7577544643503276,-0.6089783363908469,0.007482092432818078,fast,0.3303677418133189,0.28770245429710944,0.28716022552036746,0.31740548692543347,0.1131914072692788,0.0660461335335829,0.06075580369080706,0.09746072619573729,0.4081407770422022,0.495613798711445,0.5922094541213611,0.46336138016594985,0.1483000738751999,0.15063761345786264,0.059874516667464545,0.12177240671287928,0.6653347763162795,-0.3995526128356922,-0.5493050705047692,-0.9292646596111886,1.142965512920593,-0.1838199561862199,-0.31610010012468265,-0.7254045943308037,0.7598693366255368,-0.0453364118703507,-0.3494105725039307,-0.05993021017515218
2026-06-06|flemington|5,2026-06-06,flemington,5,V4,3,heavy,1400,4,4,0.5201984671105965,-0.5270714872379434,-0.12061521350643026,0.2714872156502462,slow,0.3066651889694326,0.2297681154305304,0.2650271357904348,0.2941737730157333,0.0973398077235095,0.05689883363170059,0.09645363729950299,0.09707395659630755,0.505276721806157,0.5844724536593677,0.5797155605457494,0.5276083734280347,0.0907182815009007,0.12886059727840127,0.05880366636431294,0.08114389695992437,-0.7810153169461491,-0.3995526128356922,-0.8253383631294565,-0.8285541882364366,-0.4412556370407648,-0.1838199561862199,-0.3390675899341967,-0.11153006571618276,2.6606983550623826,-0.0453364118703507,-0.342016126318335,0.669696283153157
2026-06-06|flemington|6,2026-06-06,flemington,6,V5,3,heavy,1400,5,5,0.5843025775549167,-0.5437607162125406,-0.17900045404616352,0.7494908385369223,slow,0.2956691457606195,0.23230031435002915,0.3658840711557365,0.31673362337915456,0.1034589190900673,0.057672605234270896,0.11088573977535221,0.10568696529565277,0.5032013190917891,0.5810175502363747,0.4659453090133492,0.4920245160682571,0.097670616057524,0.12900953017932526,0.05728488005556203,0.08555489525693541,-0.6500222416355612,-0.3995526128356922,-0.8741145370926352,-0.5836342723253869,0.4412556370407604,-0.1838199561862199,-0.29139125549382366,0.1450111325406911,-0.4248173844217189,-0.0453364118703507,-0.41667120529507495,1.1271552328969163
2026-06-06|flemington|7,2026-06-06,flemington,7,V6,3,heavy,2000,6,6,0.42838875562026,-0.4512030639219345,-0.034113916498843884,0.3536508505823062,slow,0.2207316910676406,0.18620534058978483,0.13393282603446974,0.19469203155768933,0.0694498353039135,0.038356172368033195,0.041223536218788034,0.060981945578375864,0.6177333000893293,0.6710295928399146,0.7510835598614943,0.6577383780209788,0.0920851735391164,0.10440889420226737,0.07376007788524798,0.08658764484295586,-4.0,-0.3995526128356922,-1.0590714576486011,-1.196650526404436,-0.3088789459285354,-0.1838199561862199,-0.2901437221580907,0.24564415473857293,1.6321931085676855,-0.0453364118703507,-0.4482609973135333,0.6448382377199843
2026-06-06|flemington|8,2026-06-06,flemington,8,V7,3,heavy,2000,7,7,0.5296299118909331,-1.2508660251833197,-0.09609126053201134,0.6269425976623765,slow,0.2615527090324714,0.21915275458098377,0.17663450167665298,0.23607724682572587,0.0860789625503044,0.047899950566953,0.02697343478229167,0.06834730421990057,0.5347504162227594,0.6141090806796488,0.7415824318071238,0.5968000208980687,0.1176179121944647,0.11883821417241444,0.05480963173393158,0.09877542805630475,-4.0,-0.3995526128356922,-0.987053440994735,-1.4706497034932005,-0.4664702448716651,-0.1838199561862199,-0.20990916635707435,0.4521280743178657,-1.468228504054028,-0.0453364118703507,-0.5668616294138865,0.7124255795576602
2026-06-06|flemington|9,2026-06-06,flemington,9,V8,3,heavy,1200,8,8,0.5566580447407624,-0.7427525052951366,-0.1048481660333465,0.2774405186641808,fast,0.3026006543977386,0.2651760075299365,0.1710276386105399,0.26312874966157895,0.1872624584015724,0.08709677223312531,0.06978492819544001,0.15201919933973268,0.4089809444477783,0.47801351268916337,0.5770598310280436,0.4594046104218579,0.1011559427529106,0.16971370754777484,0.1821276021659765,0.12544744057683038,0.5664501581848689,-0.3995526128356922,-0.8907494214604671,-0.9774615742469636,1.8908318361896173,-0.1838199561862199,-0.11510331267617702,0.5604419335045543,0.774099099483695,-0.0453364118703507,-0.6642933921560783,0.5950219666796105
2026-06-06|randwick|4,2026-06-06,randwick,4,V0,3,soft,1600,0,0,0.0,0.0,0.0,0.0,slow,0.3432790064965454,0.29284084217338063,0.29284084217338063,0.328147557199596,0.0999014233946345,0.0623247137622742,0.0623247137622742,0.0886284105049264,0.4113473883645662,0.49949488441094636,0.49949488441094636,0.43779163717848024,0.1454721817442538,0.1453395596533988,0.1453395596533988,0.1454323951169973,-0.974639147443678,-0.3995526128356922,-0.3962076679848206,-0.3962076679848206,-1.4404378931195103,-0.1838199561862199,-0.4474372661289501,-0.4474372661289501,-2.444395083215922,-0.0453364118703507,-0.132608571142081,-0.132608571142081
2026-06-06|randwick|5,2026-06-06,randwick,5,V1,3,soft,2000,1,1,0.15732500636780059,-0.15333511007788436,-0.22661690070744822,-0.3845644720323653,even,0.2866343900475419,0.25031903702820885,0.24338012664108427,0.27365811102560456,0.0771791268953879,0.05992091119824875,0.06005422607655623,0.0720416566497384,0.5273478404698787,0.5428929329629618,0.5696628482976372,0.5400423428182063,0.1088386425871914,0.14686711881058065,0.12690279898472234,0.11425788950645069,-0.0476461463647873,-0.4400072838560512,-0.5604047361064867,-0.6393234921651062,0.2217817073533201,-0.4101328308267544,-0.4281137301568725,-0.7224696079668679,-1.9751299373068825,-0.1856388236407478,-0.21512786430246286,-0.6074639307053421
2026-06-06|randwick|6,2026-06-06,randwick,6,V2,3,soft,1000,2,2,0.15099126566862292,-0.0951345507608383,-0.12420152739223392,-0.3427448185613424,very_fast_or_collapse,0.3931533279243143,0.3202191053081987,0.3004383549827497,0.3653388360418449,0.1241287101709074,0.07434769087296297,0.07345177788441715,0.10892563048496032,0.3228426087379916,0.42035790547640467,0.44608061413700245,0.35981401035769484,0.1598753531667866,0.1850752983424336,0.1800292529958306,0.1659215231154998,4.0,-0.33657608121427,-0.26763241368522556,-0.31036367421060407,-4.0,-0.1343383330400182,-0.32441171569014676,-0.4826085651699212,-4.0,-0.0038203949622392,-0.3128744843948017,-0.6045369013401228
2026-06-06|randwick|7,2026-06-06,randwick,7,V3,3,soft,1300,3,3,0.32349935310657585,0.526866728267733,-0.7675469295732494,-1.0073571958799301,very_fast_or_collapse,0.3078346268096944,0.3428486257913162,0.3133817518573766,0.30949876432399903,0.1516541722516849,0.08682289344595835,0.1960555736263675,0.16497459266408968,0.3170714721895708,0.3655211233148894,0.28942482404166725,0.30877747774519976,0.2234397287490498,0.20480735744783615,0.2011378504745885,0.2167491652667114,3.311749629030085,-0.4450088173962322,-0.25765286636448925,0.31094820309942073,0.3143812861967165,-0.2613483421373351,-0.21859079220077798,-1.3069651148044132,-0.4462796002551867,-0.0873365665840547,-0.46657018361716907,-1.5613293372817516
2026-06-13|rosehill|1,2026-06-13,rosehill,1,V0,3,soft,1400,0,0,0.0,0.0,0.0,0.0,very_fast_or_collapse,0.3646803785880043,0.38365467449055835,0.38365467449055835,0.3703726673587705,0.1186204960785216,0.059261092792350534,0.059261092792350534,0.10081267509267028,0.307159178315801,0.34192724264068236,0.34192724264068236,0.3175895976132654,0.2095399470176731,0.21515699007640884,0.21515699007640884,0.21122505993529378,4.0,0.1843080178977758,0.1933308053553816,0.1933308053553816,1.629569674895452,-0.4188407529578543,-0.4486247427316742,-0.4486247427316742,-1.4106996276634802,-0.1692882683091953,-0.12565640090441843,-0.12565640090441843
2026-06-13|rosehill|4,2026-06-13,rosehill,4,V1,3,soft,2000,1,1,0.09661029333518213,0.3864411733407285,0.157433204301767,-0.13628810483640103,slow,0.324766842277781,0.2605593631390201,0.287754189937795,0.3136630465757852,0.0761887262748551,0.06427966699729722,0.08834636654607944,0.0798360183562224,0.4870291619392557,0.5155725989741375,0.40023557881112193,0.46099108700081554,0.112015269508108,0.1595883708895451,0.22366386470500374,0.1455098480671767,-1.2219977069676706,-0.4400072838560512,-0.4752660100980889,-0.07960994987881431,0.1467511275848728,-0.4101328308267544,-0.41330868653522523,-0.1791791741139931,-0.2902636095954404,-0.1856388236407478,-0.24330201126480275,-0.12140036507273178
2026-06-13|rosehill|5,2026-06-13,rosehill,5,V2,3,soft,1400,2,2,0.2676344035482438,0.6015634966341784,0.3029608066627658,-0.27692829047347567,slow,0.4050655935875655,0.38322458811787014,0.3883554658739946,0.4000525552734942,0.1464036619678749,0.07221581377070256,0.08116884378390977,0.12683321651268537,0.2516390606556747,0.27472570203998764,0.11311573145920482,0.21008206189673373,0.1968916837888849,0.26983389607143965,0.41735995888289085,0.2630321663170867,-3.316761899811473,0.1843080178977758,0.27886368172661913,1.0797782927575823,0.4640496425198972,-0.4188407529578543,-0.325100578754316,0.2578002844889152,-0.705349813831737,-0.1692882683091953,-0.31839721133165777,-0.016958091738821124
2026-06-13|rosehill|7,2026-06-13,rosehill,7,V3,3,soft,1300,3,3,0.34432566446329044,-0.35464260803833436,0.25430223961433973,-0.2894786404683223,very_fast_or_collapse,0.3087850116161451,0.3082700908649284,0.3277425281188336,0.3144722665669516,0.1382592997238926,0.07956475204814524,0.05976565416357664,0.11471120605579779,0.3869223594497907,0.44103697550314813,0.3854035555534846,0.38646671828089885,0.1660333292101717,0.17112818158377824,0.22708826216410516,0.18434980909635174,4.0,-0.4450088173962322,-0.48150099795585816,-0.3773563005570664,3.0508942492604265,-0.2613483421373351,-0.2745179868569178,0.29676427814765166,-0.4305260166871895,-0.0873365665840547,-0.3967741922671072,-0.27134467303061516
2026-06-13|rosehill|8,2026-06-13,rosehill,8,V4,3,soft,2400,4,4,0.19319095249301804,0.012253820971160958,0.20475633293162757,-0.10580559097447034,fast,0.2783899955728132,0.23187639336247587,0.20785928549495694,0.2572307825494563,0.0791723038641303,0.044263798772888656,0.04775500986561124,0.06974711566457457,0.5295499260406984,0.6235588797849617,0.6254597179226554,0.5583228636052855,0.1128877745223579,0.10030092807967363,0.11892598671677644,0.11469923818068346,0.5901794145420208,-0.4810644313131096,-0.9174192646317892,-0.7853499305297169,1.2555904907179594,-0.1504130603133176,-0.3767169904761333,-0.027212967821024593,-0.8910703611433992,-0.153630193082401,-0.3481298934562985,-0.18586097732592735
2026-06-13|rosehill|9,2026-06-13,rosehill,9,V5,3,soft,1300,5,5,0.42081785472401745,0.47556878608928965,0.7192996953579465,-0.2871693058722652,slow,0.2879019568812663,0.2976934991651205,0.3050255010638556,0.2930390201360431,0.1544566058834306,0.08187883293677099,0.11459234074978517,0.14249732634333695,0.4001210094704138,0.45042150492500344,0.2079590803490162,0.34247243073399447,0.1575204277648892,0.1700061629731051,0.372423077837343,0.22199122278662534,-1.4583583988683184,-0.4450088173962322,-0.6322835111575186,0.31557645781243426,-0.3999887062012298,-0.2613483421373351,-0.19662618573549462,0.9683437165310104,-0.4649680980221659,-0.0873365665840547,-0.5236726742903773,0.07276986485262546
2026-06-13|sportsbet-sandown-hillside|1,2026-06-13,sportsbet-sandown-hillside,1,V0,3,soft,1000,0,0,0.0,0.0,0.0,0.0,slow,0.3968920247915927,0.32974746928286963,0.32974746928286963,0.37674865813897573,0.1125622628547543,0.08213066272653295,0.08213066272653295,0.10343278281628789,0.3568674228919881,0.3713704834381781,0.3713704834381781,0.36121834105584505,0.1336782894616648,0.2167513845524194,0.2167513845524194,0.15860021798889118,-2.17816777002306,-0.2165828246898098,-0.06281365273522882,-0.06281365273522882,0.8632564132305947,-0.4805173116373196,-0.42092194579711395,-0.42092194579711395,1.360560414356239,-0.2307314692259966,-0.20198300659803978,-0.20198300659803978
2026-06-13|sportsbet-sandown-hillside|2,2026-06-13,sportsbet-sandown-hillside,2,V1,3,soft,1200,1,1,0.2637669986665615,-0.5745287752912197,0.22769855319749494,0.35887093699927847,very_fast_or_collapse,0.2584795036637631,0.29728732708490996,0.3177658216159746,0.27626539904942654,0.1941108819905752,0.055077839117936754,0.055148434692370706,0.15242214780111382,0.426582695893278,0.5137051040349875,0.5467002351958968,0.4626179576840636,0.1208269184523836,0.1339297297621657,0.08038550849575782,0.10869449546539585,1.4984852793018597,0.0549272241480799,-0.5093131052312606,-0.8382181792803483,1.5815645394623707,-0.0778969436858902,-0.48068769032348285,0.16996012660117854,0.4117943584172903,0.1111965881819699,0.02414710941001527,0.8773163678259539
2026-06-13|sportsbet-sandown-hillside|3,2026-06-13,sportsbet-sandown-hillside,3,V2,3,soft,1600,2,2,0.2909551043628658,0.03546761339292748,0.3819137920333695,0.22316959814823079,even,0.1359327460691219,0.1566764707619857,0.1956036220933877,0.15383400887640164,0.0484956596629131,0.03670867038301095,0.06932524090472125,0.054744534035455546,0.7375418441934837,0.6929933927433732,0.6234552573612122,0.7033158681438022,0.0780297500744812,0.11362146611163018,0.11161587964067893,0.08810558894434051,-0.1772429461606005,-0.6898357945645242,-0.9541753059628527,-0.7727068145310221,-0.0811052609031441,-0.3067335839479516,-0.4037671983770952,0.37428384125747693,-0.537611798874982,-0.0867865765402565,-0.24111575267587612,0.6988684820209218
2026-06-13|sportsbet-sandown-hillside|4,2026-06-13,sportsbet-sandown-hillside,4,V3,3,soft,1400,3,3,0.45551970884928716,-0.002825373045939739,0.3260525322910655,0.09490113054690416,slow,0.3275461926213067,0.2911203237357548,0.36418567748973646,0.3385380380818356,0.106484746982403,0.0439418712683439,0.09796750794983182,0.10392957527263164,0.3891066169559649,0.54926193695223,0.4197337669292959,0.39829476194796415,0.1768624434403255,0.1156758680436713,0.11811304763113577,0.15923762469756858,-1.7476952683974811,-0.1938276502384335,-0.5668612115655141,-0.1792234105993882,0.4496605063177317,0.0483572447358695,-0.38240170945299595,0.4419677718004055,0.472143531633618,0.0729596199275976,-0.2360628402025494,0.7878972886012036
2026-06-13|sportsbet-sandown-hillside|5,2026-06-13,sportsbet-sandown-hillside,5,V4,3,soft,1400,4,4,0.5452061784551328,-0.39939172539634993,0.32973337074835285,0.17357507571990902,slow,0.3254118383269168,0.24195997871349897,0.3433070183318097,0.33078039232838463,0.0932509416435009,0.03882141225154644,0.06859523567632086,0.08585422985334688,0.4590947450823452,0.619138897099214,0.49996875531284013,0.47135694815149365,0.1222424749472371,0.1000797119357405,0.08812899067902938,0.11200842966677478,-3.874168598767043,-0.1938276502384335,-0.7924219338714429,-0.5126975861833496,0.5253245338231112,0.0483572447358695,-0.39170794557788186,0.4882794171268622,0.9395537947796796,0.0729596199275976,-0.24936012168502572,0.928213508845927
2026-06-13|sportsbet-sandown-hillside|6,2026-06-13,sportsbet-sandown-hillside,6,V5,3,soft,1000,5,5,0.5125790606326841,-0.7843981041187529,0.3710036957832688,0.3365831068499941,even,0.3562862776381399,0.3363213336783174,0.39249320886604644,0.3671483570065118,0.2357721863899083,0.11948433204786386,0.11327724732336342,0.19902370466994482,0.2656863643536571,0.2490522586749918,0.245367094730354,0.2595905834666662,0.1422551716182946,0.29514207559882694,0.2488624490802362,0.17423735485687708,0.3670564900974079,-0.2165828246898098,-0.08784504564593232,-0.19842998150243166,1.2985141242588367,-0.4805173116373196,-0.1353511669832676,0.9461005246399262,0.796360643818584,-0.2307314692259966,-0.6143373411276604,0.6635356913750307
2026-06-13|sportsbet-sandown-hillside|7,2026-06-13,sportsbet-sandown-hillside,7,V6,3,soft,2400,6,6,0.24397625471096077,-0.31008091198683957,0.14886506197054641,0.10805549205687351,slow,0.1820518555285754,0.15944348015074672,0.11383953253920388,0.16158815863176393,0.0694474225237535,0.06606071838925627,0.05423387907300564,0.06488335948852914,0.6669458041205484,0.6396401818754803,0.7149969664990659,0.6813611528341036,0.0815549178271227,0.1348556195845166,0.11692962188872462,0.09216732904560326,-3.716594528751612,-1.056774915850998,-1.2059971433273957,-1.378739502249715,-0.3023579266619233,-0.2791097701747049,-0.13165956495297498,0.3460802813786139,0.2058971792086502,-0.0338932725824823,-0.6606350271448812,-0.21747268680746315
2026-06-13|sportsbet-sandown-hillside|8,2026-06-13,sportsbet-sandown-hillside,8,V7,3,soft,1800,7,7,0.47825693649956813,-0.842546270823361,0.20424036980567484,0.18907251550160176,slow,0.2183259859393512,0.18518604870002411,0.14585131179102503,0.19658358369485335,0.0907870272250377,0.052220032663563704,0.03667644168413283,0.07455385156276623,0.600354045227074,0.6458410265387701,0.7199893291810612,0.6362446304132702,0.0905329416085369,0.11675289209764209,0.09748291734378094,0.0926179343291101,-0.9073655895375198,-0.591098618868857,-1.161105195227917,-1.4164129401793102,-0.4186494369165024,-0.1604242968556835,-0.1850665014536605,0.6742631866446388,-1.1856837561325475,0.0190549104415307,-0.5713225409936298,0.31571558787641896
2026-06-13|sportsbet-sandown-hillside|9,2026-06-13,sportsbet-sandown-hillside,9,V8,3,heavy,1400,8,0,0.0,0.0,0.0,0.0,even,0.221068163138319,0.1929663997042738,0.1929663997042738,0.21263763410810543,0.0829709786041921,0.042704321685632554,0.042704321685632554,0.07089098152862423,0.5978205681972117,0.6550024991098864,0.6550024991098864,0.6149751474710141,0.098140290060277,0.10932677950020721,0.10932677950020721,0.10149623689225605,-0.0639979469881737,-0.3995526128356922,-1.148176774920397,-1.148176774920397,-2.126519477794272,-0.1838199561862199,-0.19469151465469353,-0.19469151465469353,-0.5229747193043158,-0.0453364118703507,-0.5978466956812903,-0.5978466956812903
2026-06-20|flemington|2,2026-06-20,flemington,2,V0,3,heavy,2000,0,0,0.0,0.0,0.0,0.0,slow,0.2686960565069046,0.23514595194416973,0.23514595194416973,0.2586310251380841,0.0748683852609445,0.04416519955372702,0.04416519955372702,0.06565742954877925,0.5402461874224875,0.6109043737176009,0.6109043737176009,0.5614436433110215,0.1161893708096633,0.10978447478450251,0.10978447478450251,0.11426790200211506,-2.0680540038424837,-0.3995526128356922,-0.643452420880652,-0.643452420880652,-0.9004451639012552,-0.1838199561862199,-0.5105814367106905,-0.5105814367106905,0.3740625609324357,-0.0453364118703507,-0.05414232769484853,-0.05414232769484853
2026-06-20|flemington|4,2026-06-20,flemington,4,V1,3,heavy,1100,1,1,0.08524341127450856,-0.17628797798743895,-0.07675701743657698,0.03188636872395953,even,0.3440251706489018,0.2928409842925583,0.27852936026169006,0.32437642753273827,0.1233978130698077,0.07091412208440455,0.06701083028365089,0.10648171823396065,0.4035444870327354,0.4836328389214149,0.524497514457453,0.43983039526015066,0.1290325292485551,0.1526120547016221,0.12996229499720616,0.1293114589731504,-0.1049207848074709,-0.3995526128356922,-0.46633160119349926,-0.6000693787720841,-1.5667858267008423,-0.1838199561862199,-0.4046642582201107,-0.390414712541694,-2.309619873359255,-0.0453364118703507,-0.19209941110082687,-0.09499724733921008
2026-06-20|flemington|7,2026-06-20,flemington,7,V2,3,soft,1100,2,0,0.0,0.0,0.0,0.0,slow,0.4366370224309858,0.34157872216419516,0.34157872216419516,0.40811953235094856,0.135017264427789,0.09754393287927503,0.09754393287927503,0.1237752649632348,0.2766027966937342,0.28275008840107435,0.28275008840107435,0.2784469842059362,0.151742916447491,0.27812725655545545,0.27812725655545545,0.18965821847988032,-1.1752401871539249,-0.2165828246898098,0.09977113488322775,0.09977113488322775,-0.1311747574743538,-0.4805173116373196,-0.27752913130624607,-0.27752913130624607,0.0684083923004544,-0.2307314692259966,-0.4232544857706978,-0.4232544857706978
2026-06-20|randwick|2,2026-06-20,randwick,2,V0,3,soft,1600,0,0,0.0,0.0,0.0,0.0,even,0.2840143403460011,0.3113732810994361,0.3113732810994361,0.29222202257203156,0.1092896658584734,0.05916982508097832,0.05916982508097832,0.09425371362522486,0.4104664873114588,0.48973774757838096,0.48973774757838096,0.4342478653915354,0.1962295064840666,0.13971914624120463,0.13971914624120463,0.179276398411208,-0.4160714082554431,-0.3995526128356922,-0.3848719263794403,-0.3848719263794403,-0.335834311203829,-0.1838199561862199,-0.42875581079961284,-0.42875581079961284,-1.3105763511538122,-0.0453364118703507,-0.14044690596428397,-0.14044690596428397
2026-06-20|randwick|4,2026-06-20,randwick,4,V1,3,soft,1300,1,1,0.1264450765648234,-0.0526101810732934,-0.042464595193262886,-0.16571592706569066,even,0.2536162719792047,0.31727176773188076,0.32082986578197226,0.273780350120035,0.1346018708735876,0.06991019213576091,0.07473064887666356,0.11664050427451038,0.4136943070902608,0.45977885270674607,0.45620467968175865,0.4264474188677101,0.1980875500569468,0.15303918742561243,0.14823480565960556,0.18313172673774442,-0.3545305845885702,-0.4450088173962322,-0.43664346367033813,-0.4305685342104735,-1.8504915468741452,-0.2613483421373351,-0.3610181243826164,-0.3603894877309941,-2.374680046501192,-0.0873365665840547,-0.23672886611555763,-0.29066255553019693
2026-06-20|randwick|7,2026-06-20,randwick,7,V2,3,soft,1000,2,2,0.20807309151360032,-0.07626168565752935,-0.3236690814279792,-0.4509933977891701,very_fast_or_collapse,0.284263554256049,0.3679520467263322,0.3538564958135966,0.3051414367233133,0.1617860282430581,0.07537100241043884,0.08296776136116421,0.13814054817848992,0.281874793232416,0.35487749995688683,0.37421733020646897,0.30957755432463185,0.2720756242684768,0.20179945090634205,0.18895841261877014,0.24714046077356477,4.0,-0.33657608121427,-0.11539799008605306,-0.10494697557436317,-2.8720251693841914,-0.1343383330400182,-0.26244081658540414,-0.6366688524476843,-3.992256116902001,-0.0038203949622392,-0.35994127308762935,-0.7928742791351185
2026-06-20|randwick|9,2026-06-20,randwick,9,V3,3,soft,1400,3,3,0.29774386044694284,0.34538124641309326,-0.5835138001856827,-0.8237205112881936,slow,0.334518512923363,0.3911358752836591,0.35076571873776374,0.3393926746676832,0.1248200834654091,0.06255246231023186,0.12157140192928867,0.12384547900457296,0.1701479761059563,0.17552676075904855,0.16002195163157226,0.1671101687636411,0.3705134275052716,0.37078490164706057,0.36764092770137546,0.3696516775641028,-1.9984911391898816,0.1843080178977758,0.7557395533832098,1.148754744968516,-0.9409562447019244,-0.4188407529578543,-0.16783466407504372,-0.9819007295623804,-1.6399383171587734,-0.1692882683091953,-0.552643385992622,-1.3863729539375431
2026-06-27|caulfield|1,2026-06-27,caulfield,1,V0,3,soft,1000,0,0,0.0,0.0,0.0,0.0,even,0.446298111607145,0.34242255351447143,0.34242255351447143,0.41513544417934295,0.1665497797978704,0.1103691940997641,0.1103691940997641,0.14969560408843852,0.2622660559093149,0.25520368862567056,0.25520368862567056,0.2601473457242216,0.1248860526856696,0.29200456376009387,0.29200456376009387,0.17502160600799688,0.2971969427061743,-0.2165828246898098,0.20737935018937803,0.20737935018937803,-0.2222479589382626,-0.4805173116373196,-0.3580575027343112,-0.3580575027343112,0.0550487410623976,-0.2307314692259966,-0.26721795439992213,-0.26721795439992213
2026-06-27|caulfield|2,2026-06-27,caulfield,2,V1,3,soft,1100,1,1,0.29737823977181627,0.08837990368752745,-0.06609170682193943,0.0163702977187903,slow,0.3997855085976777,0.3203348173937393,0.38144296681530243,0.3942827460629651,0.1595239608074187,0.10160572876607325,0.15881417698277417,0.15931102566002533,0.3404635100990517,0.3393906770829711,0.26176013937134723,0.31685249888074035,0.1002270204958518,0.23866877675721637,0.19798271683057622,0.12955372939626913,-1.1290388799934334,-0.2165828246898098,-0.13301994860150596,0.12196429966797612,0.176652341767681,-0.4805173116373196,-0.3783592984395546,-0.19715145049847657,0.2927035371313525,-0.2307314692259966,-0.251978643490393,0.24096713689996396
2026-06-27|caulfield|3,2026-06-27,caulfield,3,V2,3,soft,1200,2,2,0.41944493443992126,-0.22578925053270807,0.004794857890129489,0.08148517507230876,slow,0.3858388042648457,0.3484770414691055,0.4328466016474033,0.39994114347961296,0.2438635575680613,0.0876400685360657,0.12276983019151506,0.2075354393550974,0.2413081276780631,0.30955778490242297,0.2498119095942751,0.2438592622529267,0.1289895104890298,0.25432510509240575,0.19457165856680653,0.1486641549123628,-1.499595960389709,0.0549272241480799,0.02975780205694223,0.202644127651886,-3.035208417644684,-0.0778969436858902,-0.3223837811899308,0.06528685085813761,1.6980186951858467,0.1111965881819699,-0.21635534680742816,0.5140681499420295
2026-06-27|caulfield|4,2026-06-27,caulfield,4,V3,3,soft,2000,3,3,0.22533019986147076,-0.21944452094643302,-0.30848721207057156,0.19730808255580112,even,0.2154918018842928,0.2015922222141856,0.19538226401637446,0.20945894052391728,0.075377191560688,0.061107329333374684,0.06192514850805934,0.0713415786448994,0.6252809412985896,0.6364477722070724,0.6674207363192216,0.6379228798047791,0.0838500652564295,0.10085267624536734,0.07527185115634447,0.081276601026404,-0.4840005738030958,-1.063202100339831,-1.1526435894547844,-1.2057494271655438,-0.5521412728738597,-0.2730250090918567,-0.36348757105773744,-0.38251681208041766,1.2698320930962417,-0.3296838278807434,-0.4133390938515299,-0.09105222743041519
2026-06-27|caulfield|5,2026-06-27,caulfield,5,V4,3,soft,2000,4,4,0.4262624455722684,-0.27459732505457246,-0.34922831418963757,0.48633381838530004,even,0.3072441007944368,0.25524470161527074,0.27809603502434643,0.2984996810634097,0.0971935124107858,0.08605917120421545,0.12198900084110957,0.10463215893988292,0.4789791247220393,0.5310198431181656,0.5226176921977722,0.4920706949647592,0.1165832620727379,0.12767628406234816,0.07729727193677172,0.10479746503194805,0.2701850592716041,-1.063202100339831,-0.9593496744833655,-0.8860858750874929,-0.1694069814499326,-0.2730250090918567,-0.2582402793530706,-0.0949782893855094,-0.1204447784779614,-0.3296838278807434,-0.5733173059943256,0.49825636490740255
2026-06-27|caulfield|6,2026-06-27,caulfield,6,V5,3,soft,1000,5,5,0.4773404481375238,-0.3102667901790426,-0.43314500679394907,0.31297253226932253,very_fast_or_collapse,0.3681357023282072,0.3402425731161044,0.3411549884772844,0.36004148817293036,0.2458161174806875,0.12299421704577736,0.20178118039381568,0.23260563635462594,0.2139379515524611,0.19097294995343855,0.22378612689954588,0.2168924041565865,0.1721102286386441,0.34579025988467965,0.23327770422935407,0.19046047131585708,0.8854511202949321,-0.2165828246898098,0.15972462360740824,0.23809122471725352,0.8090305338435554,-0.4805173116373196,-0.08136003250388801,-0.07815416552174934,-0.9195238756172844,-0.2307314692259966,-0.6877427525954734,0.2547574776918805
2026-06-27|caulfield|7,2026-06-27,caulfield,7,V6,3,soft,1700,6,6,0.47370040058102986,-0.0885586195438,-0.21913580531921167,0.17878610005733941,slow,0.2121874795876061,0.20874922454614694,0.17406096629898146,0.2007495256010187,0.1098693489494548,0.07065754051388443,0.1134580328631826,0.11094595412357314,0.5819729199300918,0.5811572091252731,0.5915790216795339,0.5848547504549244,0.0959702515328471,0.13943602581469552,0.12090197915830209,0.1034497698204836,-0.9148462708946584,-0.6898357945645242,-1.0588550947766806,-0.8305710998224236,-0.9110420210939778,-0.3067335839479516,-0.1819589905054988,0.03426265700456582,-0.1425338963422245,-0.0867865765402565,-0.5713805306623333,0.40084632272968945
2026-06-27|caulfield|8,2026-06-27,caulfield,8,V7,3,soft,1400,7,7,0.5322883471893032,-0.22431387646051523,-0.3323710497679794,0.10161834071525125,slow,0.3772548112152903,0.30984405825409717,0.3046476720830167,0.3554726694756082,0.1606030046788574,0.06571291451474502,0.09615401913912347,0.1412683090169372,0.3118309095509246,0.4605369077433384,0.4396569539878306,0.35017872288199636,0.1503112745549276,0.1639061194878194,0.15954135479002926,0.1530802986254581,-0.6096358787576867,-0.1938276502384335,-0.5956926945870822,-0.23021822176874038,0.7620869620060249,0.0483572447358695,-0.17335857527877352,-0.033560809728181,-0.828234976710232,0.0729596199275976,-0.565457865921324,0.17721596263201655
2026-06-27|caulfield|9,2026-06-27,caulfield,9,V8,3,soft,1100,8,8,0.5714476793575454,-0.20860608089740537,-0.09853967782112355,-0.05784147705343153,slow,0.3938412720640528,0.30411615923954205,0.254019522914359,0.3518947473191446,0.2400736326142798,0.1292327936434743,0.17172532564120302,0.21956914052235676,0.2563799589067806,0.23993863744907795,0.208686277347368,0.24207185443895682,0.1097051364148866,0.3267124096679057,0.36556887409707,0.18646425771954162,-0.6744907594765952,-0.2165828246898098,-0.20891725936292244,0.23355237283814945,0.1284744303764932,-0.4805173116373196,-0.014081201590980183,0.3143526302535102,-0.5217758705384927,-0.2307314692259966,-0.8339270651685037,-0.012876692225847447
2026-06-27|rosehill|1,2026-06-27,rosehill,1,V0,3,soft,1300,0,0,0.0,0.0,0.0,0.0,slow,0.3474220266967704,0.32197588609148503,0.32197588609148503,0.3397881845151848,0.1129417577228846,0.07587312446433203,0.07587312446433203,0.10182116774531882,0.3646283969838707,0.4258776781348842,0.4258776781348842,0.38300318132917466,0.1750078185964741,0.17627331130929877,0.17627331130929877,0.1753874664103215,-0.5019466117035191,-0.4450088173962322,-0.2397656839777857,-0.2397656839777857,0.4156745378169726,-0.2613483421373351,-0.39108017334252965,-0.39108017334252965,-0.4786708615640385,-0.0873365665840547,-0.21037497121657764,-0.21037497121657764
2026-06-27|rosehill|2,2026-06-27,rosehill,2,V1,3,soft,1500,1,1,0.1617153916656059,-0.08117249290685838,0.06722097068849144,-0.0774084458567415,very_fast_or_collapse,0.4140855077788286,0.3879483741571807,0.4078723329384549,0.41222155532671645,0.111695887393299,0.0635819406344841,0.07119870916756073,0.09954673392557752,0.2445154205786573,0.2753987257944078,0.2628408512709701,0.25001304978635114,0.2297031842492151,0.2730709594139274,0.2580881066230144,0.23821866096135486,0.8009577768784565,0.1843080178977758,0.4152832163427721,0.42883329308911233,-0.6323350870093164,-0.4188407529578543,-0.3571728248478408,-0.15931276518666115,-1.0679437025046044,-0.1692882683091953,-0.2795322592473243,-0.12054397595926727
2026-06-27|rosehill|5,2026-06-27,rosehill,5,V2,3,soft,1400,2,2,0.2615956517160786,0.08175673160910345,-0.06264222394265824,-0.22158192585752665,very_fast_or_collapse,0.4265396156165952,0.38576223054298464,0.4025914048448636,0.4193551523850757,0.1372543268695965,0.0724827751287904,0.10244690023939552,0.12681209888053618,0.2104221334073873,0.22659655985662144,0.19339568942598634,0.20531420021296698,0.2257839241064209,0.3151584344716034,0.30156600548975465,0.248518548521421,4.0,0.1843080178977758,0.49971615901062394,0.706427233391763,1.133144475920664,-0.4188407529578543,-0.28267004487873704,-0.21483358713746192,0.049962278479744,-0.1692882683091953,-0.3848985986409822,-0.28748693110670487
2026-06-27|rosehill|6,2026-06-27,rosehill,6,V3,3,soft,2400,3,3,0.11713135802971261,0.2475322222191608,0.04345232013569604,-0.05205157628558594,slow,0.301272266786747,0.2389659704299139,0.23238317001290923,0.2806055377545956,0.079277749856145,0.04658979443988617,0.05913665932520006,0.07323542269686151,0.5106305919185523,0.610045130922348,0.5770588314201416,0.5305590637690291,0.1088193914385555,0.1043991042078519,0.13142133924174915,0.11559997577951359,-0.8807524426201025,-0.4810644313131096,-0.8361057537097026,-0.6049962130200482,-1.1143760373961125,-0.1504130603133176,-0.4149037190999229,-0.25649789679744367,0.3155653196122638,-0.153630193082401,-0.28410643512909506,-0.12120534042954448
2026-06-27|rosehill|7,2026-06-27,rosehill,7,V4,3,soft,1800,4,4,0.3111649550767783,0.34719781329440846,-0.038548344406754614,-0.05949553916140595,very_fast_or_collapse,0.3621148635560318,0.2729801388362131,0.3104355426095152,0.3466110672720768,0.1036358136335583,0.06677203966717554,0.10236808780436704,0.1032554958848009,0.4072180749470732,0.5032841282424522,0.3732953293564444,0.3970412512698845,0.1270312478633367,0.15696369325415924,0.2139010402296733,0.15309218557323767,1.081995593327039,-0.3995526128356922,-0.589877541546858,-0.09389678422756598,0.885269121813034,-0.1838199561862199,-0.282790542022148,0.02230234535508341,0.1124151265794318,-0.0453364118703507,-0.42319120328890436,0.03468099211162698
2026-06-27|rosehill|9,2026-06-27,rosehill,9,V5,3,soft,1200,5,5,0.2869500245354131,0.4575310530531149,0.1183232392148025,-0.06060133621684548,even,0.3602252573174087,0.30733266189861935,0.2967693341729185,0.3411884803740616,0.1316369891999173,0.0863747162267863,0.12768935854213495,0.13045270000258258,0.3441067184909707,0.4067997963485064,0.2911670029339471,0.3282248038238636,0.1640310349917033,0.19949282552608794,0.28437430435099953,0.20013401579949214,-0.2023472278429749,-0.4450088173962322,-0.44385582156535686,0.07705701199280862,1.6588826787127122,-0.2613483421373351,-0.16963431575510557,0.26625664048680037,-1.0423948101001892,-0.0873365665840547,-0.5852608155354296,-0.0474714978047813
2026-07-04|flemington|1,2026-07-04,flemington,1,V0,3,soft,1200,0,0,0.0,0.0,0.0,0.0,slow,0.3130685816082812,0.3571264324825076,0.3571264324825076,0.3262859368705491,0.2350947387798336,0.07301714676630737,0.07301714676630737,0.18647146117577573,0.3005881230722989,0.37851076979652626,0.37851076979652626,0.3239649170895671,0.1512485565395861,0.19134565095465886,0.19134565095465886,0.16327768486410793,-2.37132285878879,0.0549272241480799,-0.10096239089179354,-0.10096239089179354,-2.8484692404342096,-0.0778969436858902,-0.44229269428352613,-0.44229269428352613,-0.972317848076661,0.1111965881819699,-0.009519713034090299,-0.009519713034090299
2026-07-04|flemington|2,2026-07-04,flemington,2,V1,3,soft,1600,1,1,0.20427055865291668,-0.4843914451112176,-0.5818584030491453,-0.19861591001482132,slow,0.2355298384647762,0.22804736166719722,0.1949922293564431,0.22336855573227626,0.0804135185335749,0.06126373156930168,0.05093760280946712,0.07157074381634256,0.5641519778124002,0.5789073526418805,0.6878206080934464,0.601252566896714,0.1199046651892485,0.13178155412162068,0.06624955974064348,0.10380813355466698,-0.7777094540761385,-0.6898357945645242,-0.7273859709668553,-1.1119743440743706,-0.7620200946758415,-0.3067335839479516,-0.3825620728327023,-0.9820191690141552,0.1381455028288688,-0.0867865765402565,-0.2443195076069736,-0.5356304194673479
2026-07-04|flemington|3,2026-07-04,flemington,3,V2,3,soft,1400,2,2,0.39668694918765085,-0.5962191168354883,-0.678972214931255,-0.14568320569273333,slow,0.3280096329328041,0.28084069100113795,0.2762726492116171,0.312488537816448,0.1129418793759555,0.044578918480178246,0.04939403594377313,0.09387752634630078,0.4117746457048561,0.5652453759446822,0.6348436123674305,0.47869533570362843,0.1472738419863841,0.10933501457400158,0.0394897024771794,0.11493860013362268,-0.6732655264893511,-0.1938276502384335,-0.6030064228580625,-0.9385559335510854,0.2814100519670435,0.0483572447358695,-0.44420116038932567,-1.0680767797778055,1.2852990292847186,0.0729596199275976,-0.13123847308587364,-0.09668351643840473
2026-07-04|flemington|4,2026-07-04,flemington,4,V3,3,soft,2500,3,3,0.1756584182317443,-0.18222659591382603,-0.13382890154270166,0.06327955583189912,slow,0.1908525863081914,0.18450132838063957,0.16585979538105933,0.18335474903005178,0.0768546200625143,0.07059972681737683,0.06703613866750177,0.07390907564401053,0.6301458026242162,0.6113494673375114,0.6611747507583793,0.6394544870644651,0.1021469910050781,0.1335494774644722,0.10592931519305963,0.10328168826147255,-3.9606314536348,-1.056774915850998,-1.0145417758142994,-1.1426904425618938,-2.1387997139879618,-0.2791097701747049,-0.23776393957798098,-0.19479217450473607,-2.3672788523264146,-0.0338932725824823,-0.46122774089069396,-0.21449875615462047
2026-07-04|flemington|5,2026-07-04,flemington,5,V4,3,soft,1200,4,4,0.4526551231284501,-0.6888696276325742,-0.5499421821912499,-0.005221049532668539,slow,0.3071157861385472,0.33651022855540763,0.24809648850529384,0.28940999684857116,0.2383266273845367,0.07381822804974607,0.07120020760164947,0.1881887014496705,0.3072592371095894,0.39301553108448156,0.5402109493860422,0.3771447507925252,0.1472983493673266,0.1966560123103648,0.14049235450701447,0.14525655090923295,-4.0,0.0549272241480799,-0.317585335974641,-0.6478033379375212,-3.238670506247117,-0.0778969436858902,-0.27817339390431317,-0.36486028719946834,1.976754303747433,0.1111965881819699,-0.29668587544240954,0.23668305850520413
2026-07-04|flemington|7,2026-07-04,flemington,7,V5,3,soft,1600,5,5,0.4591033600516869,-0.9429446652122794,-0.6950061311386907,0.23803834886701097,even,0.2155378001692423,0.2399556508609347,0.24130916062399008,0.2232692083056666,0.0985097538533031,0.0667227934887168,0.051000805084927,0.08425706922279026,0.5301085439871233,0.5514166991756778,0.6509712719088443,0.5663673623636395,0.1558439019903313,0.14190485647467072,0.056718762382238545,0.12610636010790346,-0.0001929321394469,-0.6898357945645242,-0.8673098299811764,-1.2466501062521607,0.1304358720616342,-0.3067335839479516,-0.18520283015539224,-0.45130043286159977,0.4357306129688982,-0.0867865765402565,-0.5585929037205576,-0.2075864265891795
2026-07-04|flemington|8,2026-07-04,flemington,8,V6,3,soft,1200,6,6,0.5209536080080491,-1.0198079906385316,-0.8056609032148363,0.38125595040792326,even,0.2607821642786254,0.36283236010220626,0.2930522689340396,0.2704631956752496,0.2778700207112076,0.07845818086419865,0.0922653594771138,0.22218862234097944,0.247199528693746,0.3135144525116929,0.5452613530097999,0.3366180759885622,0.2141482863164209,0.2451950065219022,0.06942101857904673,0.17073010599520863,-0.4623867470625671,0.0549272241480799,-0.16219070108683942,-0.7334553784718968,-1.1622423417427217,-0.0778969436858902,-0.1255698873516076,-0.6267158469970266,-0.5343368354295128,0.1111965881819699,-0.5181050769694825,0.2813913986943688
2026-07-04|flemington|9,2026-07-04,flemington,9,V7,3,soft,1600,7,7,0.5587947490083085,-0.5890256759042594,-0.5031229537631238,0.15523439472722603,even,0.1801530420296858,0.26479732903818753,0.21184206052732715,0.1896597475789782,0.1612243268986584,0.08391960415236793,0.127696299734975,0.15116591874955337,0.4799885288437531,0.4893085365942997,0.5726670135174114,0.5077920742458506,0.1786341022279026,0.16197453021514485,0.08779462622028637,0.15138225942561773,0.0850830734923201,-0.6898357945645242,-0.9218359606541685,-0.9192998846037798,-1.498296267234266,-0.3067335839479516,-0.06536774341217172,-0.16301661005599394,0.2973189338339987,-0.0867865765402565,-0.7087227863750081,0.040439545975726465
2026-07-04|rosehill|1,2026-07-04,rosehill,1,V0,3,soft,1200,0,0,0.0,0.0,0.0,0.0,slow,0.2828247732949323,0.316870892632211,0.316870892632211,0.2930386090961159,0.1353116731403384,0.0737085609243676,0.0737085609243676,0.11683073947554716,0.4079271977110732,0.45399374106174506,0.45399374106174506,0.42174716071627477,0.1739363558536561,0.15542680538167636,0.15542680538167636,0.16838349071206218,-1.5228067237548046,-0.4450088173962322,-0.3877730355771884,-0.3877730355771884,0.150619778399811,-0.2613483421373351,-0.4086980572446723,-0.4086980572446723,-0.1187228162337714,-0.0873365665840547,-0.16115743498392385,-0.16115743498392385
2026-07-04|rosehill|2,2026-07-04,rosehill,2,V1,3,soft,1200,1,1,0.3333333333333333,-0.5076022412516015,0.050206592799937,-0.0395742720779238,fast,0.2678734456379286,0.34719393925439235,0.39462959693006083,0.30590029102556826,0.1375257684019402,0.07563723090469864,0.08631018760530171,0.12216109416294864,0.3464385997393321,0.3955997782105615,0.4038720001008121,0.3636686198477761,0.2481621862207989,0.18156905163034742,0.1151882153638255,0.20826999496370685,0.6420515487213556,-0.4450088173962322,-0.2316325184920447,-0.4367296496949391,0.8333561461829762,-0.2613483421373351,-0.3147835161113265,-0.013090070981755825,-1.2455526899635037,-0.0873365665840547,-0.30170714045376223,0.08074153295385705
2026-07-04|rosehill|5,2026-07-04,rosehill,5,V2,3,soft,1300,2,2,0.35146128863734305,-0.1206289462966694,0.18368365595454383,-0.25751871919888164,very_fast_or_collapse,0.3026436690036996,0.31062074680905266,0.3396032294835241,0.31373153714764695,0.1533213212891851,0.08317276573929232,0.12848425885247047,0.1458702025581707,0.3906724035437834,0.43688745493907905,0.38350922080939404,0.38852344872346656,0.1533626061633319,0.16931903251257602,0.14840329085461149,0.15187481157071575,1.247345925059456,-0.4450088173962322,-0.4663356396124686,-0.34958880958884625,4.0,-0.2613483421373351,-0.3210091041416448,0.046500756969274845,-0.725371106903261,-0.0873365665840547,-0.308387021858078,-0.014875909138837157
2026-07-04|rosehill|7,2026-07-04,rosehill,7,V3,3,soft,2000,3,3,0.19858403810464814,0.0976209732650824,0.4662198771218284,-0.1447394742352022,slow,0.2648531119863959,0.2707405174035687,0.2700518055289497,0.26641272004916206,0.1034029420470787,0.06785098660019928,0.08151941248018613,0.09683788317701092,0.4971324019155181,0.5076410845342798,0.4438692919371002,0.4811534689219927,0.1346115440510072,0.1537674114619522,0.20455949005376406,0.15559592785183424,-0.7809574623177415,-0.4400072838560512,-0.6293488539820753,-0.45550987834811796,-1.580848188380827,-0.4101328308267544,-0.31787844662329534,0.3565806734160169,-0.7023341016959387,-0.1856388236407478,-0.3717474219809185,-0.0023021073916611734
2026-07-04|rosehill|8,2026-07-04,rosehill,8,V4,3,soft,1200,4,4,0.4444957643034842,0.07629505847782289,0.6487014893446836,-0.32225843196282256,even,0.2910128484905629,0.3359448928961655,0.371606737069798,0.31519101506433345,0.185116065001584,0.09419843057266745,0.15426075423367017,0.17585947177120986,0.325626189924266,0.36583375386346617,0.1934242115918505,0.28596559642454134,0.1982448965835869,0.20402292266770086,0.28070829710468137,0.22298391673991524,0.1462824786886527,-0.4450088173962322,-0.37367024518647945,0.25638091645496275,2.673775920207121,-0.2613483421373351,-0.18413816662493998,0.9015796089861605,-1.1545664268673173,-0.0873365665840547,-0.5122012180202814,-0.1222512534691472
2026-07-04|rosehill|9,2026-07-04,rosehill,9,V5,3,soft,1400,5,5,0.49541758604408603,0.08246576243081237,0.917487341839281,-0.43598998031911,fast,0.3696708175954937,0.3764469832402795,0.32961343041826563,0.3576536014423252,0.163730444469326,0.07444558350710248,0.09925439860823686,0.14438763071099925,0.1663266124619488,0.1655702283821778,0.07921938293544467,0.14019444360399755,0.3002721254732315,0.3835372048704402,0.49191278803805294,0.3577643242426779,0.8331944675887388,0.1843080178977758,0.6192713247697973,1.1978367317164196,0.3007864197665944,-0.4188407529578543,-0.0880326004770261,1.1818313142514159,0.8097927980542361,-0.1692882683091953,-0.6798384268752753,0.016821422527187352
2026-07-04|rosehill|10,2026-07-04,rosehill,10,V6,3,soft,1400,6,6,0.5689839166339202,0.23839866838871085,0.719440642306515,-0.13655796670368436,even,0.3588188909473531,0.3753416019857165,0.44131377066965044,0.38356735486404225,0.191476587200207,0.07961980323374622,0.16872892115599653,0.18465228738694384,0.2402116113488569,0.2546775777775149,0.09119158202641521,0.1955056025521244,0.2094929105035829,0.29036101700302247,0.2987657261479378,0.23627475519688934,0.1587037081121437,0.1843080178977758,0.1042522871061119,1.1254802426157546,-0.2187537598302422,-0.4188407529578543,-0.13811170810469325,1.0075431159625463,0.587655122777514,-0.1692882683091953,-0.6125640048988794,0.2574120760193569
2026-07-11|caulfield|1,2026-07-11,caulfield,1,V0,3,soft,1100,0,0,0.0,0.0,0.0,0.0,slow,0.3893488410329441,0.33113989993928694,0.33113989993928694,0.3718861587048469,0.1494007519586526,0.09536591246610207,0.09536591246610207,0.13319030011088745,0.3462533576275175,0.3467786788177849,0.3467786788177849,0.3464109539845977,0.1149970493808856,0.22671550877682609,0.22671550877682609,0.14851258719966776,-1.4292780379384946,-0.2165828246898098,-0.08585606236370796,-0.08585606236370796,-3.1850952530839325,-0.4805173116373196,-0.41831979623403664,-0.41831979623403664,-0.5729545161145267,-0.2307314692259966,-0.1840221544313206,-0.1840221544313206
2026-07-11|caulfield|2,2026-07-11,caulfield,2,V1,3,soft,1100,1,1,0.3333333333333333,-0.47642601264616485,-1.061698417694644,-0.19098483870484223,slow,0.3033073623768421,0.3019093662669544,0.2975939760887006,0.3015933464903996,0.1338702246329479,0.07669287723088793,0.08673903921191412,0.11973086900663776,0.4522110368444652,0.44606403466221106,0.5478214314656902,0.4808941552308327,0.1106113761457448,0.17533372183994658,0.06784555323369511,0.09778162927212988,-1.4132187341414246,-0.2165828246898098,-0.40220695378304683,-0.7150164187623,-1.6674910442615865,-0.4805173116373196,-0.4289680299559826,-1.5081634100245422,0.485923450375613,-0.2307314692259966,-0.17907779988716685,-0.44085954260293325
2026-07-11|caulfield|3,2026-07-11,caulfield,3,V2,3,soft,1400,2,2,0.3575633977190663,-0.5079286974763478,-0.8432005526316195,0.0014323050841998218,very_fast_or_collapse,0.2832718501073394,0.3305140029880941,0.3249495266775943,0.29577515307841584,0.169043693037022,0.05476746946283437,0.05781526197772737,0.1356751637192336,0.3547469445363274,0.48694213540315306,0.5670456501101351,0.41843655620846965,0.1929375123193111,0.12777639214591852,0.05018956123454325,0.15011312699388074,1.252625696170821,-0.1938276502384335,-0.48613927440294585,-0.7911273382736437,-0.0957341723128067,0.0483572447358695,-0.3942369677421005,-1.1211382484300725,-0.7263746640517172,0.0729596199275976,-0.16171127731940413,-0.04844890831309437
2026-07-11|caulfield|4,2026-07-11,caulfield,4,V3,3,soft,1100,3,3,0.5168471996040287,-0.34251597577803133,-0.8873190229441469,-0.10494753375229858,slow,0.3438359450956124,0.34475481024916405,0.3579685574539989,0.3480757288031283,0.2159899322139009,0.11066726435984542,0.22694944186196878,0.21927778510832124,0.2981613091151434,0.2845746734937296,0.3168682399094416,0.3037733883534328,0.1420128135753432,0.2600032518972609,0.09821376077459082,0.1288730977351175,-1.0117361392148814,-0.2165828246898098,-0.10748760560801152,-0.09834658756053366,-1.5550759176821494,-0.4805173116373196,-0.244539165364683,-1.0983954546983077,-0.1087888321736434,-0.2307314692259966,-0.43644593875313364,-0.09730437217214324
2026-07-11|caulfield|5,2026-07-11,caulfield,5,V4,3,soft,2000,4,4,0.2898005299668766,-0.08759964641927652,-0.37290371169026454,-0.08747140364509617,even,0.1713010505895507,0.1847783282336397,0.17033924789373628,0.17101250978080634,0.0721401286389347,0.053781193209763975,0.060979294701345034,0.0687918784576578,0.6759212663979375,0.6653618370539696,0.6871847332487199,0.6793003064531722,0.0806375543735769,0.09607864150262671,0.08149672415619885,0.08089530530836347,-0.3759830247082346,-1.063202100339831,-1.26324736952798,-1.229939631048095,-0.3197008224108696,-0.2730250090918567,-0.333479824451428,-0.49665072690573864,0.4301599231355835,-0.3296838278807434,-0.46164856565872403,-0.308853718951581
2026-07-11|caulfield|6,2026-07-11,caulfield,6,V5,3,soft,2000,5,5,0.4441880359356993,-0.15304397280516477,-0.32520781562890855,0.05240247734879785,slow,0.1741752270112512,0.1913735483268304,0.20540670358027036,0.18354466998195695,0.0770304170668789,0.056024941998971615,0.08514204451375446,0.07946390530094156,0.6589391186887247,0.6550499737457993,0.6365843424863653,0.6522326858280169,0.0898552372331452,0.09755153592839846,0.07286690941960987,0.08475873888908461,-2.422242153120356,-1.063202100339831,-1.2916313744128,-1.1304815227937548,-2.206715432738459,-0.2730250090918567,-0.281223989460679,-0.2736951444225501,2.260920556000624,-0.3296838278807434,-0.5449779691449996,0.05622759387329479
2026-07-11|caulfield|7,2026-07-11,caulfield,7,V6,3,soft,1100,6,6,0.5390033048183371,-0.49253248901349783,-0.869531694583296,0.05737283447430763,slow,0.2444306766280728,0.3186070512513855,0.4319220038390473,0.3006780747913651,0.1955367450112847,0.08435588716809593,0.101541637393485,0.1673382127259448,0.3617308100069554,0.4005807792576953,0.3682813163725294,0.36369596191662756,0.1983017683536869,0.1964562823228233,0.09825504239493818,0.16828775056606227,-1.011736139214893,-0.3149160476189359,-0.5275009486775059,-0.3591947086807969,-1.3677173733830923,-0.2658393755323758,-0.11979368881944435,-0.7128028418753297,0.4061449734482741,-0.0304726091998192,-0.5920191773466738,-0.332648745572216
2026-07-11|caulfield|8,2026-07-11,caulfield,8,V7,3,soft,1400,7,7,0.5497382515359195,-0.41360741351846636,-0.730854120812542,0.1468018546039483,slow,0.2659137045403025,0.21554765166647652,0.20428407798572032,0.24742481657392784,0.0930843481040751,0.033706424101869574,0.048178106005401275,0.07961247547447295,0.5166306627773165,0.662330261324432,0.6964149510537312,0.5705659492602408,0.1243712845783057,0.08841566290722197,0.05112286495514711,0.10239675869135811,-1.494891764880781,-0.1938276502384335,-1.0532686276881056,-0.8992194876450844,-1.7058088884827478,0.0483572447358695,-0.28387768551739423,-0.6465627037958986,0.8120958976975711,0.0729596199275976,-0.4341614575006063,0.19622346058112575
2026-07-11|caulfield|9,2026-07-11,caulfield,9,V8,3,soft,1700,8,8,0.536598888557985,-0.5937039073498785,-0.7727289341017826,0.35120816878494104,slow,0.1422747382974791,0.17766951749533652,0.14211138143636892,0.14222573123914606,0.1030937342744924,0.05765752445032847,0.06295305205787147,0.09105152960950612,0.6701863538051892,0.634517744214544,0.7293871048551667,0.6879465791201824,0.0844451736228392,0.130155213839791,0.06554846165059294,0.07877616003116532,-1.0076233906814984,-0.6898357945645242,-1.2745375456034913,-1.3062809147324201,-0.9950408233862674,-0.3067335839479516,-0.12234481795681124,-0.4088371821720842,0.7664667721324944,-0.0867865765402565,-0.6689901533859567,0.11382034516900941
2026-07-11|randwick|1,2026-07-11,randwick,1,V0,3,heavy,1400,0,0,0.0,0.0,0.0,0.0,very_fast_or_collapse,0.2945798896178538,0.28011923959284524,0.28011923959284524,0.2902416946103512,0.0707458250667714,0.050088686531716185,0.050088686531716185,0.06454868350625484,0.5070335449178411,0.5233671336815736,0.5233671336815736,0.5119336215469609,0.1276407403975335,0.14642494019386493,0.14642494019386493,0.13327600033643291,1.2849061103523256,-0.1914370311419786,-0.36572354845925326,-0.36572354845925326,0.2239866124340704,-0.4759187690847769,-0.5098839293992218,-0.5098839293992218,0.4291755047670551,-0.2558226132517278,-0.10683711583965386,-0.10683711583965386
2026-07-11|randwick|3,2026-07-11,randwick,3,V1,3,heavy,1600,1,1,0.230324375802835,0.295945197832148,0.05158957669706878,0.0988495802453386,fast,0.2493233934792121,0.23657038329172683,0.31000928683734025,0.2675291614866505,0.0900562480293571,0.04720304987707421,0.08434741517577718,0.08834359817328312,0.5459979088918325,0.6063317893319478,0.48236318448180826,0.5269074915688252,0.1146224495995983,0.10989477749925118,0.12328011350507437,0.11721974877124111,1.0233652902403574,-0.3995526128356922,-0.7328774107160831,-0.3489102415998498,-0.0817564556941314,-0.1838199561862199,-0.46785352893442705,-0.14969863289623708,-0.2755366506797995,-0.0453364118703507,-0.11094565308895346,0.47862324999561734
2026-07-11|randwick|8,2026-07-11,randwick,8,V2,3,heavy,1600,2,2,0.26742156220717256,0.29698093631665207,0.00538727502324107,-0.010873828703553,even,0.295722496967807,0.2702245216622495,0.32187992603792265,0.30356972568884166,0.1069706418023095,0.05859446592977589,0.09913552734170165,0.10462010746412714,0.461429734817275,0.54025719623646,0.42530298852936893,0.45059171093090317,0.1358771264126084,0.13092381617151477,0.15368155809100684,0.14121845591612792,0.3546891062764861,-0.3995526128356922,-0.6270818901951423,-0.21526459707300996,-0.9759676898487132,-0.1838199561862199,-0.385817390122397,-0.11896495844148491,-0.0430526016687185,-0.0453364118703507,-0.23578710546722878,0.24401660666364633
2026-07-11|randwick|9,2026-07-11,randwick,9,V3,3,heavy,1400,3,3,0.39237526258177857,0.2785173479685156,-0.20039281101721818,0.003226340257527925,very_fast_or_collapse,0.2730588312754736,0.2593926392149098,0.332564093832405,0.29091041004255297,0.0775920744797344,0.05087056383032196,0.10060280500478974,0.084495293637251,0.5362944954504613,0.5449768456208327,0.4082147172822425,0.4978705619999956,0.1130545987943306,0.1447599513339355,0.15861838388056268,0.1267237343202002,1.6887753524426667,-0.1914370311419786,-0.5882253052422665,-0.03839698301947214,-0.1818045761941313,-0.4759187690847769,-0.3973265218940306,-0.2636451634380038,0.2126317922765341,-0.2558226132517278,-0.2985316827469858,0.2739150855647743
2026-07-11|randwick|10,2026-07-11,randwick,10,V4,3,heavy,1400,4,4,0.5096543956044501,0.6017771474956449,-0.1796488467238237,0.054306255613864825,very_fast_or_collapse,0.2832617324929767,0.2742169082656392,0.3815186798502539,0.31273881670015985,0.0952233053603932,0.05845847694225608,0.17844994424121136,0.12019129702463864,0.5025688524967225,0.5124603498639607,0.2708667527140769,0.4330582225619287,0.1189461096499076,0.15486426492814398,0.16916462319445782,0.13401166371327267,1.720327636980973,-0.1914370311419786,-0.6012541611533615,0.42493666070074354,-0.8891973239378753,-0.4759187690847769,-0.3386023222029066,-0.1631421601359296,0.4652661235154752,-0.2558226132517278,-0.3817792170833523,0.5259625689984111
2026-07-18|flemington|1,2026-07-18,flemington,1,V0,3,soft,1800,0,0,0.0,0.0,0.0,0.0,slow,0.2507587508895501,0.22683886068893858,0.22683886068893858,0.24358278382936663,0.1154861319972425,0.06442522299028848,0.06442522299028848,0.1001678592951563,0.5435246708372201,0.5868246241203973,0.5868246241203973,0.5565146568221733,0.0902304462759872,0.12191129220037558,0.12191129220037558,0.0997347000533037,-1.577521245101799,-0.591098618868857,-0.7731617712873171,-0.7731617712873171,-0.0922987355073254,-0.1604242968556835,-0.46240693235450586,-0.46240693235450586,0.3570833432523132,0.0190549104415307,-0.06836577667546787,-0.06836577667546787
2026-07-18|flemington|2,2026-07-18,flemington,2,V1,3,soft,1000,1,1,0.11645055282900359,-0.18370322109160256,-0.010748238775246026,0.04158255272776072,even,0.3726148858150763,0.3375773262839426,0.3433333572134876,0.3638304272345997,0.2231028999381037,0.11809939742840661,0.12066779046269098,0.1923723670954799,0.2934575556417838,0.27566644423042835,0.29959913864993737,0.2953000305442298,0.1108246586050361,0.26865683205722224,0.236399713673884,0.14849717512569044,-0.2814465987270431,-0.2165828246898098,-0.015706218244190273,-0.13181744960396635,1.6945277294463577,-0.4805173116373196,-0.3380663383764866,-0.2157723242655616,-0.3347097001913841,-0.2307314692259966,-0.2789536720696696,-0.09260238790996511
2026-07-18|flemington|3,2026-07-18,flemington,3,V2,3,soft,1600,2,2,0.32577679709214785,-0.3531852710857108,0.19152704841555426,0.030535766004212466,slow,0.143683444274845,0.17416300262185055,0.18258554937801993,0.15535407580579746,0.07651487642718,0.0486339071471964,0.059858489726075985,0.0715179604168488,0.7061688557985519,0.6580602994295068,0.669704983219626,0.6952296940248741,0.0736328234994229,0.11914279080144619,0.08785097767627803,0.07789826975247943,-1.8610037013295784,-0.6898357945645242,-0.9989435842792979,-1.1289977776322304,0.346360119731226,-0.3067335839479516,-0.3954540139418011,0.09147971064169634,2.3729072502068025,-0.0867865765402565,-0.2214457953688663,0.3891735510484575
2026-07-18|flemington|4,2026-07-18,flemington,4,V3,3,soft,1400,3,3,0.4291540674435721,-0.5763346261025598,0.2688117099724947,0.4808325602264088,even,0.3292782795928858,0.31961709597131793,0.42334633127045806,0.35749869509615745,0.2036065124927165,0.06831155819697524,0.08207841440000913,0.16714808306490425,0.3356982865566978,0.4647991118387808,0.4082347435852064,0.3574592236652504,0.1314169213576999,0.1472722339929259,0.08634051074432648,0.11789399817368787,0.4382041876854254,-0.1938276502384335,-0.5309175958460007,-0.6043038764748098,-0.8227304868340849,0.0483572447358695,-0.3588952527266379,0.5010975683925919,0.9931721733577448,0.0729596199275976,-0.22193071797824013,0.9718918845728519
2026-07-18|flemington|5,2026-07-18,flemington,5,V4,3,soft,1700,4,4,0.502996438455011,-0.4695036188973322,0.01702254551647327,0.5923182980018334,slow,0.1675444351814914,0.2527620914837702,0.2886233135708614,0.20386809869830239,0.1769872915994447,0.08485151154114942,0.16682009249161664,0.17393713186709628,0.5264027996317536,0.5120397022923815,0.46934275425151084,0.5092847860176808,0.1290654735873102,0.15034669468269896,0.07521383968601104,0.11290998341692043,-0.959758279882994,-0.6898357945645242,-0.9097127168987921,-0.8107822828552452,-0.759689592252587,-0.3067335839479516,-0.2231379318015273,0.39978164526432264,-0.2550595308945129,-0.0867865765402565,-0.434135981356929,0.9196754309482011
2026-07-18|flemington|7,2026-07-18,flemington,7,V5,3,soft,1200,5,5,0.45361888900095076,-0.27872142533472144,-0.0017024823280152755,0.28699570040369804,even,0.229392194954021,0.3095928922896961,0.30015732920571436,0.250621735229529,0.2960814415387097,0.07326912809722452,0.11186899598966234,0.24081770787399548,0.3589521524076718,0.4370057618008572,0.43348515108308644,0.38131205201029617,0.1155742110995973,0.1801322178122222,0.15448852372153685,0.12724850488617917,0.2657084810059352,0.0549272241480799,-0.5704514189538884,-0.45165187622144976,1.6555682278061945,-0.0778969436858902,-0.2699659338685456,0.30676019169109053,-0.7670679225420111,0.1111965881819699,-0.29244317752075644,0.7527432587151066
2026-07-18|flemington|8,2026-07-18,flemington,8,V6,3,soft,2000,6,6,0.42382525984312436,-0.3205549615885201,0.0382512759325043,0.16045935504938674,slow,0.1886024021582781,0.19888978484433015,0.14768062105351604,0.17632586782684948,0.1082111529078743,0.07168995634445184,0.08487616273411658,0.10121065585574697,0.6278056020952895,0.6227510142975056,0.6846545378374049,0.6448602828179241,0.0753808428385579,0.10666924451371246,0.0827886783749624,0.07760319349947924,-1.9882850341883564,-1.063202100339831,-1.361290932237373,-1.4364647991248982,0.2159699476156576,-0.2730250090918567,-0.23578479998722007,0.2468760772261981,-0.8860655481984099,-0.3296838278807434,-0.6028263975279617,0.337431065898695
2026-07-18|flemington|9,2026-07-18,flemington,9,V7,3,soft,1000,7,7,0.47127489677887935,-0.2043647141087261,0.3459277145354231,-0.041394777049891814,slow,0.312071400838023,0.305172187463386,0.2467628358929176,0.2924788313544914,0.2755640880734733,0.12536682876418406,0.13714083784128883,0.23403711300381796,0.3152626951594932,0.29337550312769944,0.24524259937590376,0.29425666642441634,0.0971018159290105,0.2760854806447304,0.3708537268898898,0.1792273892172743,-0.8026440037771373,-0.2165828246898098,-0.41280457959232847,-0.16167912303455997,1.366355350765699,-0.4805173116373196,-0.09875113932457896,0.8282103757015945,1.458377979405356,-0.2307314692259966,-0.678341201633205,0.16448972197401923
2026-07-18|rosehill|1,2026-07-18,rosehill,1,V0,3,heavy,1200,0,0,0.0,0.0,0.0,0.0,even,0.3139052874492783,0.2498261841760941,0.2498261841760941,0.294681556467323,0.0917474669667091,0.04699273430164209,0.04699273430164209,0.07832104716718899,0.4646324081768233,0.5999515802415644,0.5999515802415644,0.5052281597962456,0.1297148374071892,0.10322950128069941,0.10322950128069941,0.12176923656924225,-0.3688235864731198,-0.4593124602497817,-0.650857403746077,-0.650857403746077,0.2736829252137915,0.0226960665147174,-0.4971238088905172,-0.4971238088905172,-1.670289718877678,0.070935114246211,-0.04570404533753933,-0.04570404533753933
2026-07-18|rosehill|2,2026-07-18,rosehill,2,V1,3,heavy,1300,1,1,0.29737823977181627,-0.10968010893170463,0.08138734655567895,-0.4967078165088057,fast,0.3102015559086128,0.24104968006533564,0.28929610866991134,0.30392992173700234,0.0977987172755045,0.048411528331861006,0.06480803091268403,0.08790151136665836,0.4753338818623865,0.6073665145880339,0.5424365108263234,0.4954646705515675,0.1166658449534959,0.10317227701476941,0.1034593495910813,0.11270389634477151,0.6161104668496289,-0.4593124602497817,-0.7394918855840029,-0.6214114783714543,0.9295502903711076,0.0226960665147174,-0.46336137348598216,-0.34689555916864484,-1.2967084850937454,0.070935114246211,-0.10288532477150539,-0.2786108532724848
2026-07-18|rosehill|4,2026-07-18,rosehill,4,V2,3,heavy,1500,2,2,0.3381120192880871,0.07038128554992512,0.22244252633483283,-0.490750141653084,even,0.3397259584085373,0.28130848231437583,0.3379951248387885,0.3392067083376127,0.083457239824832,0.0605519300515921,0.09337038885555882,0.08643118453405003,0.4670292275775028,0.49094485886976036,0.3792163114132168,0.44068535272821696,0.1097875741891277,0.16719472876427163,0.18941817489243593,0.13367675440012017,-0.0143786789810882,-0.1914370311419786,-0.414094693299287,-0.0997770598921422,0.7095292404883687,-0.4759187690847769,-0.416637218882231,-0.10845127446363675,-0.4692109631141553,-0.2558226132517278,-0.26288586109107204,-0.2729659071533298
2026-07-18|rosehill|5,2026-07-18,rosehill,5,V3,3,heavy,2400,3,3,0.171341980691855,0.015092975766099928,0.11749865621533548,-0.1578864134679003,slow,0.237746210498549,0.20205810493079948,0.19650316166746293,0.22537329584922317,0.0702210472638101,0.039942454243473854,0.04268193353334636,0.06195931314467097,0.5955896409205548,0.6533619888528889,0.6354028267851637,0.6075335966799374,0.096443101317086,0.10463745197283784,0.125412078014027,0.10513379432616829,-0.8038988703064054,-0.3995526128356922,-0.8817992678060066,-0.7796183079232284,-1.830760632865048,-0.1838199561862199,-0.4093440707978522,-0.1461443422101295,-3.971535652073365,-0.0453364118703507,-0.23972197081484833,-0.15998355967349628
2026-07-18|rosehill|6,2026-07-18,rosehill,6,V4,3,heavy,1200,4,4,0.44609267832597854,0.004813110491823777,0.20053936509848908,-0.6046102000270714,slow,0.3425027720397672,0.24195779552364513,0.20915252016882066,0.30249769647848324,0.1064505739298922,0.055524804754514004,0.09353951664736908,0.10257725674513526,0.4401337588046494,0.58407766429952,0.49346231335781954,0.45613232517060043,0.110912895225691,0.11843973542232082,0.20384564982599068,0.1387927216057809,-0.7285190975619569,-0.4593124602497817,-0.818581308303275,-0.37971583681706256,1.0607237634025668,0.0226960665147174,-0.32406808979901347,0.18042967362410822,0.1894142980170493,0.070935114246211,-0.3415098011459172,-0.3061812962359378
2026-07-18|rosehill|8,2026-07-18,rosehill,8,V5,3,heavy,1300,5,5,0.4899102147498568,-0.11702105323608503,0.335550114995018,-0.37630097600022316,fast,0.3281802311570205,0.24942356068330435,0.33633953901816765,0.33062802351536463,0.1130733477597413,0.05625372859765803,0.08264300315545205,0.10394424437845452,0.4314086621115676,0.5745628413298098,0.4304250236124303,0.4311135705618264,0.1273377589716703,0.11975986938922774,0.15059243421395008,0.13431416154435422,0.5764345398215938,-0.4593124602497817,-0.8460874335678277,-0.4031761040880478,0.2588381906114606,0.0226960665147174,-0.2701307329601233,0.32974427269803985,-0.7318224740320955,0.070935114246211,-0.4243262478409453,-0.09656507297956418
2026-07-18|rosehill|9,2026-07-18,rosehill,9,V6,3,heavy,1500,6,6,0.5193479656806219,0.021244397734560726,0.24867707248919443,-0.42030217409742815,even,0.3845577322395512,0.333074446505484,0.35008108069136484,0.3742147367750953,0.0953516706933508,0.07337237377571158,0.12647265994819096,0.10468796746980286,0.3194719653341915,0.3547792272051827,0.23778969437362915,0.2949672840460228,0.2006186317329065,0.2387739525136219,0.2856565649868151,0.22613001170907907,0.0169929842503787,-0.1914370311419786,-0.17823564531850378,0.42848597077693296,0.0437981012647115,-0.4759187690847769,-0.14300585082594816,0.3533002948116336,-0.3519082223356164,-0.2558226132517278,-0.6989142342099448,-0.4142232866791903
2026-07-18|rosehill|10,2026-07-18,rosehill,10,V7,3,heavy,1200,7,7,0.5726804113543886,0.0003814938755318456,0.2521530499368749,-0.3596122316969092,slow,0.3334775533769865,0.25365446637186545,0.3110513857152862,0.3267497030784764,0.1375620637548193,0.06517638030130478,0.12843875384566059,0.13482507078207168,0.4082287904622834,0.5487218279595055,0.3728012055544247,0.39760051498992577,0.1207315924059106,0.13244732536732437,0.18770865488462854,0.14082471114952597,-0.678561387688508,-0.4593124602497817,-0.917594882188522,-0.14997684974295133,1.4323819369917152,0.0226960665147174,-0.17496027507278633,0.3821328366785695,-0.2952957914927497,0.070935114246211,-0.5735664210183959,-0.1507643133606049
2026-07-25|caulfield|1,2026-07-25,caulfield,1,V0,3,soft,1200,0,0,0.0,0.0,0.0,0.0,even,0.2111136253999858,0.3030612634876987,0.3030612634876987,0.23869791682629965,0.2024458738458614,0.05057177096589426,0.05057177096589426,0.15688364298187127,0.446343277987855,0.5219108558430364,0.5219108558430364,0.46901355134440936,0.1400972227662977,0.12445610970337061,0.12445610970337061,0.13540488884741958,0.2248302531588661,0.0549272241480799,-0.5003865921646232,-0.5003865921646232,0.6625175507284881,-0.0778969436858902,-0.5207807605887604,-0.5207807605887604,0.8927992190323861,0.1111965881819699,0.10971741398867216,0.10971741398867216
2026-07-25|caulfield|2,2026-07-25,caulfield,2,V1,3,soft,1100,1,1,0.29737823977181627,0.06685962493183543,0.19701830305357276,0.26549906022550324,very_fast_or_collapse,0.3617900244260765,0.34013807197214124,0.4179548727984668,0.3786394789377936,0.1347622069855113,0.08578738628843945,0.1361166275930303,0.135168533167767,0.3518811986242958,0.3581879771234391,0.26214655962096445,0.3249608069232964,0.1515665699641163,0.2158865646159802,0.1837819399875384,0.16123118097114292,0.800402775231818,-0.2165828246898098,-0.11654188371035573,0.14472904971126044,1.2802948452817289,-0.4805173116373196,-0.36664747460461783,0.238702764089268,0.1151569589350298,-0.2307314692259966,-0.27365877245419534,0.6515200520937369
2026-07-25|caulfield|3,2026-07-25,caulfield,3,V2,3,soft,1100,2,2,0.4604861352867986,0.25879589227583016,0.47172985435287934,0.20134727140457878,slow,0.3298291073339503,0.3069537873304308,0.4006508251063307,0.35107562266566444,0.1474350633751568,0.0858083147899412,0.19264063044681404,0.16099673349665397,0.4152474935209933,0.41277468623509816,0.2149463687622318,0.35515715609336485,0.1074883357698995,0.1944632116445297,0.1917621756846234,0.13277048774431666,-2.5895383904559384,-0.2165828246898098,-0.37721085214923566,0.29203088576402736,0.010519580652379,-0.4805173116373196,-0.371137526774938,0.6157818095344041,1.7602563722925928,-0.2307314692259966,-0.2722012436569351,1.0212754539587623
2026-07-25|caulfield|4,2026-07-25,caulfield,4,V3,3,soft,1100,3,3,0.5481084298088464,-0.40403800040214055,0.3324057652779329,0.5385879206456778,very_fast_or_collapse,0.3241082270355516,0.36977598659313815,0.538347640259727,0.3883800510028042,0.1401496505376887,0.08518943731853504,0.11266217802293037,0.1319034087832612,0.283793050446235,0.2882568584885946,0.1622107089415635,0.24731834799483354,0.2519490719805247,0.2567777175997321,0.18677947277577908,0.232398192219101,2.258077476477564,-0.2165828246898098,0.05784462353134656,0.48275198811874354,2.115673308853664,-0.4805173116373196,-0.21123356931877857,0.8621279201735158,-0.7402947360109021,-0.2307314692259966,-0.5097372219962947,1.0489791308804248
2026-07-25|caulfield|5,2026-07-25,caulfield,5,V4,3,soft,1600,4,4,0.4117659093901237,0.10332122313775191,0.4440296341554552,0.18214384346026277,slow,0.14659651956758,0.16435970259218324,0.1827475893930381,0.15744184051521742,0.0588820455992148,0.04204521660227711,0.09122447301758481,0.0685847738247258,0.7112608717987301,0.6762020627653094,0.589042491533619,0.6745953577191968,0.083260563034475,0.1173930180402303,0.1369854460557581,0.09937802794085993,-0.5918612200551695,-0.6898357945645242,-1.0487912187102824,-0.6694272166552669,0.750158968470103,-0.3067335839479516,-0.3094597000547249,0.6049756754201064,0.8004821382839705,-0.0867865765402565,-0.39172734415762434,0.7557340941551673
2026-07-25|caulfield|6,2026-07-25,caulfield,6,V5,3,soft,2400,5,5,0.2223476874956526,-0.030587815092679157,0.20613173686295175,0.13506146750645315,slow,0.1969370532432167,0.18351882521292784,0.16057928747242847,0.18602972351198022,0.0800651646857903,0.07342787014082029,0.0723473378800584,0.07774981664407073,0.6176110536205487,0.6052623925189067,0.5951705655464371,0.6108789071983152,0.1053867284504441,0.13779091212734518,0.17190280910107605,0.12534155264563368,-3.1456010773112446,-1.056774915850998,-1.0954518394677186,-0.990811490495528,0.85855931337405,-0.2791097701747049,-0.14808282623435742,0.44406840360396427,0.1705798255487543,-0.0338932725824823,-0.6148337953383586,-0.06378876306736128
2026-07-25|caulfield|7,2026-07-25,caulfield,7,V6,3,soft,1200,6,6,0.5522351166054718,-0.04525965491048335,0.5573355008330926,0.27043029053535256,slow,0.2589346802475082,0.30548683170903634,0.3814778833942169,0.2956976411915208,0.1680194575459842,0.04736453450079555,0.06444442568648408,0.13694694798813417,0.386095593793049,0.5294572672225846,0.33316840020478816,0.37021743571657073,0.1869502684134586,0.11769136656758349,0.22090929071451088,0.19713797510377426,-0.5015444108928514,-0.0872835958175358,-0.7448508920661308,-0.06860045372767198,1.8358920080428052,0.0487466805143664,-0.26708953279830494,1.1090396359232613,0.2800938726376124,0.0648599224831192,-0.3955139013202488,1.1759419071246218
2026-07-25|caulfield|8,2026-07-25,caulfield,8,V7,3,soft,2000,7,7,0.4235497754447917,-0.45772204116464155,0.4532400644495007,0.17841218240979953,very_fast_or_collapse,0.1944473920291791,0.2181108861310111,0.18396669590129577,0.1913031831908141,0.1137044882697201,0.07403254457978492,0.06959728658776748,0.10047232776513432,0.5889688609084976,0.5989583948117069,0.6310601166155928,0.6015962376206262,0.1028792587926032,0.1088981744774971,0.11537590089534389,0.10662825142342541,1.0192595569976055,-1.063202100339831,-1.336474519024509,-1.3524020082033337,1.3248925632575963,-0.2730250090918567,-0.16733301226370706,0.8405916844907438,0.2764122563773512,-0.3296838278807434,-0.7097225667148169,0.22187920441730447
2026-07-25|caulfield|9,2026-07-25,caulfield,9,V8,3,soft,1400,8,8,0.5522478939891723,-0.0779566610057877,0.6801613153871843,0.23434041577484263,fast,0.3147611907594602,0.30311234780497126,0.32685367901576456,0.3183889372363515,0.1586080369766719,0.05723535421338591,0.11022064284541996,0.14409181873729632,0.346596731145253,0.49812880071984367,0.36761848535924374,0.3529032574094502,0.1800340411186148,0.14152349726179914,0.19530719277957168,0.18461598661690184,0.7317103703047662,-0.1938276502384335,-0.7419972259184007,-0.10152304478556873,0.9901262410957395,0.0483572447358695,-0.1414163454329447,1.1686378605109162,0.4871114782052869,0.0729596199275976,-0.6153799759620624,0.710201981246644
2026-07-25|randwick|2,2026-07-25,randwick,2,V0,3,soft,1800,0,0,0.0,0.0,0.0,0.0,slow,0.2738991595193366,0.3012898966090293,0.3012898966090293,0.2821163806462444,0.0957385028756126,0.05352094570217758,0.05352094570217758,0.08307323572358209,0.4293014163459827,0.5124849753278395,0.5124849753278395,0.4542564840405397,0.2010609212590681,0.13270418236095363,0.13270418236095363,0.18055389958963375,-0.8225497066787758,-0.3995526128356922,-0.4074345601033349,-0.4074345601033349,-1.408147375047634,-0.1838199561862199,-0.43725817872531353,-0.43725817872531353,-0.1847919888976965,-0.0453364118703507,-0.1364938904174788,-0.1364938904174788
2026-07-25|randwick|3,2026-07-25,randwick,3,V1,3,soft,1600,1,1,0.2637669986665615,-0.2169614673847212,-0.37142280679651146,-0.04874202828916996,even,0.2583067000550838,0.2753865010896175,0.2953833652517944,0.26942969961409696,0.1036308121304625,0.053029746382003445,0.06494274828998525,0.09202439297831932,0.4779693427591983,0.5498259250764724,0.5612569573446096,0.5029556271348217,0.1600931450552553,0.12175782745190673,0.07841692911361087,0.13559028027276196,-0.3257296838447958,-0.3995526128356922,-0.5974670211038422,-0.6777963676153977,-0.8401551565410237,-0.1838199561862199,-0.42540464460062616,-0.6614227833735923,-0.1524533908405994,-0.0453364118703507,-0.1599445898474364,-0.005324473237542038
2026-07-25|randwick|4,2026-07-25,randwick,4,V2,3,soft,1300,2,2,0.32649446773187707,-0.1670820030897075,-0.3437394187159687,-0.05372837502911212,fast,0.2348198557109505,0.32264892035324644,0.35130651527321305,0.26976585357962923,0.1523188983639536,0.07314750329495188,0.10015222975948697,0.1366688977826136,0.4033934421322245,0.44520522216324865,0.4402595857235233,0.4144532852096141,0.2094678037928713,0.1589983541885529,0.10828166924377652,0.17911196342814284,1.126061344613123,-0.4450088173962322,-0.47004782346576196,-0.4560871615493538,0.0423949990749732,-0.2613483421373351,-0.30801309654782905,-0.4656256099995118,-0.453615801045331,-0.0873365665840547,-0.3121093603241245,-0.040346345940090955
2026-07-25|randwick|5,2026-07-25,randwick,5,V3,3,soft,1800,3,3,0.4639178940668017,-0.07490073175535164,-0.3931724951685274,-0.11185582234184825,slow,0.2627333949616082,0.27643722470592663,0.3196863282116337,0.27981927493661585,0.1134406787749485,0.05704289725701951,0.11590866850803412,0.11418107569487418,0.4620461154778055,0.5373876117805304,0.4833838335510847,0.46844743089978924,0.1617798107856377,0.12913226625652344,0.08102116972924742,0.1375522184687206,-0.5724945958484285,-0.3995526128356922,-0.671343652886566,-0.4276039419298207,-1.585644943330952,-0.1838199561862199,-0.3328944986353645,-0.5614529222741425,0.1016355938937329,-0.0453364118703507,-0.3131395334623417,0.129051707332641
2026-07-25|randwick|6,2026-07-25,randwick,6,V4,3,soft,1800,4,4,0.5501232560981542,-0.1812779344497639,-0.6322680393059813,-0.05554398817839877,slow,0.265418167767317,0.2563676189118292,0.3361295622817672,0.28663158612165207,0.1025445406457974,0.053688852102363446,0.11217382793776734,0.10543332683338838,0.4881540573603348,0.5655788905351702,0.4723622710098545,0.48341652145519065,0.1438832342265507,0.12436463845063718,0.07933433877061101,0.12451856558976879,-1.0265420339351137,-0.3995526128356922,-0.7677323432478501,-0.34382103968536715,-0.3549951365666319,-0.1838199561862199,-0.30819494387163915,-0.6937221064968453,-0.2032711877874658,-0.0453364118703507,-0.3712957818444682,0.07639485131166038
2026-07-25|randwick|8,2026-07-25,randwick,8,V5,3,soft,1600,5,5,0.527179050849118,-0.2129443013658784,-0.4277428056545607,-0.0849238797924812,even,0.2764240041452641,0.30684508076545924,0.34433312079657163,0.2967967391406563,0.1326806265840964,0.06711719286495095,0.1068616276079139,0.12493492689124164,0.3873489990238019,0.4688753753560233,0.42594181258487823,0.3989268430921248,0.2035463702468375,0.15716235101356646,0.12286343901063623,0.17934149087597712,0.30269829205779,-0.3995526128356922,-0.5880122009771337,-0.2931769850607027,-1.0945683377471092,-0.1838199561862199,-0.20109002235539258,-0.3284901717311541,-0.4250215744647043,-0.0453364118703507,-0.5170990973026769,0.03372389043572174
2026-07-25|randwick|10,2026-07-25,randwick,10,V6,3,soft,1300,6,6,0.46051514194468257,0.01661401505738254,-0.3531651476844349,-0.1305316196548124,fast,0.2401938983718584,0.3010151755418109,0.2974465936549971,0.2573697069568,0.1417729951149445,0.07158911337362628,0.12238695324497258,0.13595718255395292,0.4114372662970489,0.46481095767961017,0.4274960611905122,0.41625490476508786,0.206595840216148,0.1625847534049527,0.15267039190951806,0.19041820572415902,0.7917509640354121,-0.4450088173962322,-0.6707594124545795,-0.30867532953474297,-0.3273987993079866,-0.2613483421373351,-0.1445934245929662,-0.20799902796742767,0.0091536820838752,-0.0873365665840547,-0.6068856897568181,-0.2427658935221552
2026-08-01|flemington|1,2026-08-01,flemington,1,V0,3,good,2520,0,0,0.0,0.0,0.0,0.0,slow,0.1646499889431818,0.16931317379484204,0.16931317379484204,0.16604894439867987,0.0622881169686343,0.06309887241385025,0.06309887241385025,0.06253134360219909,0.7006450741237107,0.6666693853742619,0.6666693853742619,0.6904523674988761,0.072416819964473,0.10091856841704573,0.10091856841704573,0.08096734450024481,-4.0,-1.389475240236696,-1.1510958670117555,-1.1510958670117555,-0.5464228937531921,-0.2495367325865137,-0.42833910796478086,-0.42833910796478086,0.5781349366942212,-0.2557341678126154,-0.2605315583696254,-0.2605315583696254
2026-08-01|flemington|2,2026-08-01,flemington,2,V1,3,good,1000,1,1,0.03818128496226612,-0.15272513984906447,-0.02086312821629669,0.022073934764563742,even,0.3356539434295952,0.3237213549636572,0.3055903443856093,0.3266348637163994,0.2048002001856941,0.10026018942214139,0.09138819973441724,0.17077660005031103,0.2933774628691682,0.3351442926249134,0.3749801231857448,0.31785826096414116,0.1661683935155423,0.24087416298928804,0.22804133269422874,0.1847302752691482,-0.4251132826477883,-0.2896113112761829,-0.08445442917582652,-0.21130879870142202,0.6612889830455577,-0.1765654080845785,-0.27571651804241715,-0.23988655408871412,0.5040380559189329,0.1376823162184864,-0.2569633975471115,-0.22214157901854822
2026-08-01|flemington|3,2026-08-01,flemington,3,V2,3,good,2000,2,2,0.21259276993053383,-0.5845389012602519,-0.026358884452167955,0.11739738886882105,very_fast_or_collapse,0.1863697332714737,0.1619433480178779,0.12782111758013523,0.16880514856407214,0.0675332942128784,0.043440476039386486,0.03573700035394765,0.05799440605519918,0.6770391530212154,0.6972944488933698,0.7885933542309919,0.7105054133841483,0.0690578194944324,0.09732172704936581,0.047848527834925283,0.06269503199658026,1.3034637376388594,-0.7729903078174699,-1.087546204622826,-1.5371314510266174,-0.8651077132417233,-0.1219573814120377,-0.41903810529153057,-0.25115550128950415,-1.0575753170433946,-0.0076088847512415,-0.20501772773844026,0.12166526532787161
2026-08-01|flemington|6,2026-08-01,flemington,6,V3,3,good,1620,3,3,0.2554821065128362,-0.014838209162187638,-0.09031392128654062,-0.08351933505093205,slow,0.2452099466856394,0.21580101175394764,0.20049085742161804,0.23179421990643295,0.1148765694441337,0.08309649527489016,0.12271450314757971,0.1172279495551675,0.5451282370037225,0.5215135624525894,0.52609046193055,0.5394169044817707,0.0947852468665043,0.17958893051857272,0.1507041775002521,0.11156092605662864,-0.7349538923672897,-0.552586470177361,-0.7168914807061306,-0.6772882767826263,-0.5037336051787265,-0.3672912458330949,-0.24682756858087213,-0.15360815091818303,1.0679437025046037,0.0613464516250747,-0.37026907359894135,-0.1094942800885437
2026-08-01|flemington|7,2026-08-01,flemington,7,V4,3,good,1200,4,4,0.3429737717868736,-0.16202469629680438,-0.058150956645588926,0.18715710342275033,even,0.3023631820038235,0.3046300567313408,0.32512605627994234,0.30919204428665914,0.2311730909907355,0.09972617033036978,0.1439009699082648,0.20499145466599428,0.3237393900377164,0.35419978212209724,0.3504339599182522,0.3317477610018771,0.1427243369677245,0.24144399081619222,0.1805390138935407,0.15406874004546936,-0.1826745806915826,-0.1835757035568904,-0.2972700366416063,-0.286318097076953,1.859406958557119,-0.2315029444671466,-0.17964873899376782,0.1538512570898482,2.187982219765556,0.1219395271237553,-0.4189065674560447,0.30308828505980234
2026-08-01|flemington|8,2026-08-01,flemington,8,V5,3,good,1410,5,5,0.46438929965583164,-0.1673399660074177,0.2578604679455352,0.5656659114757946,even,0.3294610201677596,0.2176641566926963,0.281107800403129,0.3149550542383704,0.1198056995668035,0.07086211516759539,0.1332488760524985,0.12383865251251198,0.4774335265140754,0.5733851581168912,0.49367686321420184,0.4823065275241133,0.0732997537513614,0.1380885700228171,0.0919664603301706,0.07889976572500415,-0.0260100414011773,-0.543492870700975,-0.9371022248596516,-0.796026215236936,-0.0256135731446818,-0.0914313685001479,-0.27010680253073954,0.597676066503199,2.1198281012121485,0.0303116966274241,-0.4273181177272598,1.190448592296846
2026-08-01|flemington|9,2026-08-01,flemington,9,V6,3,good,1100,6,6,0.5001998138288664,-0.11759982464514775,0.31206171321436943,0.7969334408614498,even,0.3136190269758062,0.2767638256863704,0.32806444209636204,0.31795265151197294,0.2233971127334782,0.10234688900402039,0.22639336975243293,0.22429598983916463,0.3469447152722971,0.3948655628878283,0.29420615719721194,0.3311231478497715,0.1160391450184183,0.22602372242178095,0.15133603095399314,0.12662821079909076,-0.1313943037941339,-0.2896113112761829,-0.5389057649359369,-0.21227955377243374,0.0491816178784969,-0.1765654080845785,-0.11267264672566249,1.0020691120104026,0.7919826982241323,0.1376823162184864,-0.5509627107304114,1.340910506399973
2026-08-01|rosehill|1,2026-08-01,rosehill,1,V0,3,soft,1400,0,0,0.0,0.0,0.0,0.0,even,0.3740037204426878,0.407389368454466,0.407389368454466,0.38401941484622126,0.1292695534243912,0.0651304390803131,0.0651304390803131,0.11002781912116776,0.2255606411144782,0.2439063482237369,0.2439063482237369,0.2310643532472558,0.2711660850184427,0.2835738442414841,0.2835738442414841,0.2748884127853551,0.2697963037906429,0.1843080178977758,0.5424894499485723,0.5424894499485723,-0.6637845569452153,-0.4188407529578543,-0.3714750976625981,-0.3714750976625981,0.385423291129484,-0.1692882683091953,-0.22750572650112308,-0.22750572650112308
2026-08-01|rosehill|2,2026-08-01,rosehill,2,V1,3,soft,1200,1,1,0.2637669986665615,0.07116336130218973,-0.17508446034665273,0.10166194471741234,very_fast_or_collapse,0.2687720403110176,0.35468023946602056,0.4168486792680554,0.3131950319981289,0.1092548370386479,0.0690130529835744,0.10506846948782815,0.10799892677340198,0.3198166071208559,0.3791952330966358,0.32046709151007396,0.3200117524376213,0.3021565155294785,0.19711147445376934,0.1576157597340425,0.25879428879084765,2.058971792086467,-0.4450088173962322,-0.08766369668584229,0.10211059617569246,1.1241512657943251,-0.2613483421373351,-0.2909220672639841,-0.22074314574302567,-0.8651077132417233,-0.0873365665840547,-0.3517803893771245,0.15091076793995736
2026-08-01|rosehill|3,2026-08-01,rosehill,3,V2,3,soft,1500,2,2,0.3964216791073752,0.43445161919065395,0.06413301298383992,-0.07611252235303949,even,0.338858688360512,0.3797770454746052,0.44012553450455777,0.36923874220372566,0.1320031433890413,0.06071732531391477,0.1390914496855617,0.1341296352779974,0.3114260358746171,0.3442597449898817,0.20982088180694924,0.28094448965431673,0.2177121323758297,0.21524588422159815,0.21096213400293137,0.21568713286396018,0.1376511754033864,0.1843080178977758,0.06954370781441033,0.6839058935698755,-1.822131753212889,-0.4188407529578543,-0.36263867286376633,-0.030052986473221716,1.273273372481328,-0.1692882683091953,-0.2635368236859119,0.47971812610625353
2026-08-01|rosehill|4,2026-08-01,rosehill,4,V3,3,soft,1200,3,3,0.49260571819278015,0.49170577869551346,-0.1263511237556348,0.061485128593221396,very_fast_or_collapse,0.2877398072722196,0.3222677906724989,0.4728687566189068,0.34327849207622574,0.1542718948696918,0.08234776298370022,0.19923798424537056,0.16776172168239545,0.3703892238769959,0.4184662883067711,0.17109387983541144,0.3106006206645206,0.1875990739810926,0.1769181580370299,0.15679937930031115,0.17835916557685816,1.8459747101465045,-0.4450088173962322,-0.4417874506563749,0.5596250372846466,0.9314396202295774,-0.2613483421373351,-0.2573876628701456,0.02072099629604908,-0.7844620789564788,-0.0873365665840547,-0.4081662109407016,0.3486683838020133
2026-08-01|rosehill|5,2026-08-01,rosehill,5,V4,3,soft,2000,4,4,0.33881907650515636,0.3216834993677624,-0.11619822724426473,0.059160659543414956,even,0.3106859438483405,0.2987253718083534,0.29102082620036873,0.30478640855394895,0.1104614096740318,0.07821721888847791,0.14012433921190898,0.11936028853539495,0.4140627215970168,0.44005262963770503,0.3715015231140785,0.4012943620521353,0.1647899248806109,0.1830047796654636,0.19735331147364377,0.17455894085852075,-0.2515668238047832,-0.4400072838560512,-0.4839570000209977,-0.08864006944615099,0.7238437418773239,-0.4101328308267544,-0.2317309775578127,-0.029128995589996223,-0.8538765997629344,-0.1856388236407478,-0.5096581246414822,0.21414621757735794
2026-08-01|rosehill|6,2026-08-01,rosehill,6,V5,3,soft,1400,5,5,0.5516958144518899,0.46727194381077614,-0.02377054885087906,-0.04601643154806344,very_fast_or_collapse,0.3770293204943082,0.37421157849289105,0.38091681166386027,0.3781955678451738,0.1460662558934704,0.06998137684304494,0.14448734493457308,0.14559258260580119,0.2615326636170436,0.2900462583250067,0.1410750590206744,0.22539538223813282,0.2153717599951777,0.26576078633905725,0.3335207843808923,0.250816467310892,0.944287063267246,0.1843080178977758,0.10165562209209178,1.0537078354137028,0.7708465822589616,-0.4188407529578543,-0.20073231374936817,0.2236511343591852,-0.0385423291129477,-0.1692882683091953,-0.5328965841054325,0.5640054931630663
2026-08-01|rosehill|7,2026-08-01,rosehill,7,V6,3,soft,1400,6,6,0.6044158511328063,0.5311722144136718,0.13494741766104704,-0.04153947588164099,very_fast_or_collapse,0.3481565871819306,0.3833017784709267,0.3999650639891437,0.3636991302240945,0.1600018365850448,0.07216911508961925,0.17289502781852908,0.16386979395509008,0.1993390621542319,0.20983544680813265,0.07375897117847362,0.1616650348615044,0.2925025140787927,0.33469365963132125,0.3533809370138535,0.31076604095931093,1.1691173164261166,0.1843080178977758,0.36990757875345903,1.6204983063921068,1.0063830379492067,-0.4188407529578543,-0.08433761165871442,0.4353022773312716,0.1541693164517908,-0.1692882683091953,-0.6983438874617258,0.40933947203055154
2026-08-01|rosehill|8,2026-08-01,rosehill,8,V7,3,soft,1500,7,7,0.6176636988267349,0.5516675872486838,0.2189019877926331,0.01611658618226954,even,0.4215693922735342,0.3610678784846631,0.3758927563995262,0.4078664015113318,0.130268556807258,0.07123418828186892,0.17743342664994888,0.14441801776006524,0.2257467192625422,0.2537120239019008,0.08860657382019203,0.18460467562983715,0.2224153316566656,0.3139859093315672,0.35806724313033284,0.2631109050987658,0.4886616726820243,0.1843080178977758,0.19197850843026132,1.5164803715193673,-0.3624129453904078,-0.4188407529578543,-0.08680100650006875,0.5481937835836501,0.9497931102833688,-0.1692882683091953,-0.7365983613348565,0.4854607652222047
2026-08-01|rosehill|9,2026-08-01,rosehill,9,V8,3,soft,1300,8,8,0.631440238196747,0.5797662946958502,0.19445096528866693,0.09276913848701672,fast,0.3521169159274029,0.2995467737091375,0.36961612919354964,0.3573666799072469,0.1272205592428271,0.08463733942029722,0.22314031523230166,0.15599648603966948,0.3406826658234926,0.40991214374845936,0.1322237265366004,0.27814498403742494,0.1799798590062772,0.2059037431221059,0.27501982903754824,0.2084918500156585,0.5646899381664456,-0.4450088173962322,-0.5624937084311366,0.9575570818912161,0.3450882955461745,-0.2613483421373351,-0.03621845400557894,0.6588674855913974,0.8993210126354603,-0.0873365665840547,-0.8174447656965923,0.3492023784491213
2026-08-08|caulfield-heath|1,2026-08-08,caulfield-heath,1,V0,3,soft,1200,0,0,0.0,0.0,0.0,0.0,very_fast_or_collapse,0.3023163937370478,0.3834899031285869,0.3834899031285869,0.3266684465545095,0.2581539202989542,0.07821292604510652,0.07821292604510652,0.20417162202279987,0.2484572708599765,0.31034742757591843,0.31034742757591843,0.26702431787475905,0.1910724151040215,0.2279497432503883,0.2279497432503883,0.20213561354793153,1.5831796993270086,0.0549272241480799,0.11338221885846167,0.11338221885846167,-1.1428871202242383,-0.0778969436858902,-0.38995231611161185,-0.38995231611161185,-0.9738820659789555,0.1111965881819699,-0.07288259458330817,-0.07288259458330817
2026-08-08|caulfield-heath|3,2026-08-08,caulfield-heath,3,V1,3,soft,1000,1,1,0.230324375802835,0.36464487603121326,-0.26323476257874734,-0.22430877895217832,even,0.3999274411670397,0.34996765033778027,0.3785367703292402,0.3935102399156998,0.191736876278649,0.11172902465239982,0.17102961734963928,0.18552469859994608,0.2681343338714835,0.2565965469652053,0.18092144000674684,0.2419704657120625,0.1402013486828277,0.2817067780446146,0.2695121723143736,0.17899459577229143,-0.2366634243777559,-0.2165828246898098,0.120273539719425,0.5348435597308864,-0.2729153362043988,-0.4805173116373196,-0.31177725048782445,-0.5117655007787684,0.9227695666458942,-0.2307314692259966,-0.32978244484999775,-0.28041565819780767
2026-08-08|caulfield-heath|4,2026-08-08,caulfield-heath,4,V2,3,soft,1600,2,2,0.2663453874687174,0.17608801215487566,-0.18700156530673093,-0.0034392260167175944,even,0.1752888264020013,0.2068406585580533,0.26608530546442627,0.20252777012072878,0.0732773600795654,0.050513521539920926,0.07439719646902389,0.07361331099640295,0.6296888075243632,0.6220197970726995,0.5337814451930499,0.6009165988249692,0.12174500599407,0.12062602282932613,0.1257360528734999,0.12294232005789896,0.4114393632807226,-0.6898357945645242,-0.8582295023333384,-0.5520036846625367,0.0312264240498404,-0.3067335839479516,-0.35569694634193166,-0.3236810760523521,-0.8807399999777064,-0.0867865765402565,-0.28817058647627314,0.07382012994430852
2026-08-08|caulfield-heath|5,2026-08-08,caulfield-heath,5,V3,3,soft,1100,3,3,0.4497823085746479,0.21800726800539583,-0.20445024781095755,-0.05797486413421888,even,0.356304019582118,0.3615014227309015,0.39085213073276037,0.3666684529273107,0.1439170666871088,0.09017747834705746,0.163140058250716,0.14968396415619095,0.2843883930676296,0.2886452537459919,0.19588886173602565,0.2578385336681484,0.2153905206631434,0.25967584517604914,0.25011894928049794,0.22580904924834974,0.0655754905046693,-0.2165828246898098,0.03686778140080005,0.58879657739803,-0.2876504709532531,-0.4805173116373196,-0.22063855839319552,-0.10263973855814454,-0.3812339075302488,-0.2307314692259966,-0.5003460240878366,0.16361536714517882
2026-08-08|caulfield-heath|6,2026-08-08,caulfield-heath,6,V4,3,soft,1200,4,4,0.5307348647862065,0.20747561892023805,-0.21652710246010198,-0.16732733585908388,slow,0.2893266050197072,0.32764637476430236,0.4066380948476472,0.3245200519680892,0.2625209045096868,0.07615759914754439,0.15087907964146013,0.22902835704921878,0.3200156514933288,0.40224857580232143,0.24050280417573064,0.2961617972980493,0.1281368389772772,0.1939474502858317,0.20198002133516207,0.15028979368464265,-0.711962468336412,0.0549272241480799,-0.3830351469859176,0.39839705912954404,-0.7681700316261305,-0.0778969436858902,-0.290454155968538,-0.2135564625339103,0.0653843083166128,0.1111965881819699,-0.26975235623680216,0.29105681435360464
2026-08-08|caulfield-heath|7,2026-08-08,caulfield-heath,7,V5,3,soft,1800,5,5,0.4170917332448199,0.047000346217749435,-0.16165970020629708,-0.15135519289299137,very_fast_or_collapse,0.2433656142325161,0.26202320197220497,0.29652171139553896,0.25931244338142295,0.1424421630803413,0.07364600280228899,0.10020943545103539,0.12977234479154953,0.4575287987852208,0.5208173045375478,0.4304933035101554,0.44941815020270115,0.1566634239019218,0.14351349068795827,0.17277554964327024,0.16149706162432634,2.8142545481609824,-0.591098618868857,-0.8293814248324554,-0.399494240687796,-3.728094379652448,-0.1604242968556835,-0.18858006361734164,-0.028972856703410904,-2.584898112907412,0.0190549104415307,-0.5056520499664261,-0.19250687028474375
2026-08-08|caulfield-heath|8,2026-08-08,caulfield-heath,8,V6,3,soft,1800,6,6,0.5232796239858853,0.7029126386701946,-0.9990605970980888,-0.7195290104561091,even,0.2512245067741061,0.21486059096955193,0.2079582638629192,0.23824463390075004,0.1054799894434616,0.06148892814258713,0.21691921917900076,0.13891175836412334,0.5338327062315678,0.5962393363523081,0.4148768897345841,0.4981459612824726,0.1094627975508645,0.12741114453555286,0.16024562722349603,0.12469764645265395,0.1744372653818748,-0.591098618868857,-1.0123435376651515,0.10521345400735327,-0.0858442784788396,-0.1604242968556835,-0.19714963064133162,-1.2488287517515204,-0.3781826801689622,0.0190549104415307,-0.5346513233160242,-1.0709977583956651
2026-08-08|randwick|2,2026-08-08,randwick,2,V0,3,soft,1000,0,0,0.0,0.0,0.0,0.0,even,0.3405963580957571,0.36550566617324826,0.36550566617324826,0.34806915051900444,0.1213750025452206,0.06995967639423077,0.06995967639423077,0.10595040469992364,0.2790521538965865,0.36379294492020575,0.36379294492020575,0.30447439120367226,0.2589764854624357,0.20074171251231523,0.20074171251231523,0.24150605357739952,0.1326867067822854,-0.33657608121427,0.029348646880343998,0.029348646880343998,0.716646431943883,-0.1343383330400182,-0.3538101534241447,-0.3538101534241447,0.9980640292254986,-0.0038203949622392,-0.2338602673019011,-0.2338602673019011
2026-08-08|randwick|3,2026-08-08,randwick,3,V1,3,soft,1400,1,1,0.20427055865291668,0.027103987720233185,0.14638976700979642,0.20387509682127355,even,0.3878342786803125,0.3964984503273491,0.44404411080332884,0.4046972283172174,0.1471708380355211,0.07066815443109019,0.0932529238284698,0.1309954637734057,0.240217533151557,0.2588832694105127,0.21595400949163307,0.2329384760535798,0.2247773501326093,0.27395012583104805,0.2467489558765684,0.23136883185579699,0.0578134936694198,0.1843080178977758,0.3873679247017384,0.5255977961719916,0.2477721157261032,-0.4188407529578543,-0.3506860540692381,0.10355316254281717,1.6209535993873008,-0.1692882683091953,-0.2644305499140094,0.39593469816805604
2026-08-08|randwick|4,2026-08-08,randwick,4,V2,3,soft,2400,2,2,0.11889359074521881,0.009545417511001273,0.0461897519671971,0.17049390295084826,even,0.2967527724119981,0.24302297008907137,0.24184891743977413,0.2802816159203309,0.0804649888255454,0.046401006187133415,0.0511614354829938,0.07167392282277991,0.5124656341123017,0.607961395488653,0.6019095727863926,0.539298815714529,0.1103166046501546,0.10261462823514213,0.10508007429083946,0.10874564554236005,0.2531381784960581,-0.4810644313131096,-0.7941011355802645,-0.7393214756905981,0.3461987968994884,-0.1504130603133176,-0.45693194321676867,-0.1837698376620413,-0.6056065968066441,-0.153630193082401,-0.20844175073631419,0.20331000355765333
2026-08-08|randwick|5,2026-08-08,randwick,5,V3,3,good,1600,3,0,0.0,0.0,0.0,0.0,even,0.3886339450609135,0.33983954409642764,0.33983954409642764,0.3739956247715677,0.0991553183462982,0.059128897057988836,0.059128897057988836,0.08714739195980538,0.3115920479662074,0.4197310587601413,0.4197310587601413,0.3440337512043875,0.2006186886265809,0.18130050008544227,0.18130050008544227,0.1948232320642393,0.4846341012535556,-0.1885685900827312,-0.19089880892427302,-0.19089880892427302,-0.0788365822764871,-0.1691751342210597,-0.3125340646331949,-0.3125340646331949,-0.7279157701282053,-0.0793744307393559,-0.38183946724660667,-0.38183946724660667
2026-08-08|randwick|6,2026-08-08,randwick,6,V4,3,good,1000,4,1,0.15536240349696362,0.07529391878734323,-0.012248240905961159,-0.11309074359046127,even,0.383912024572847,0.3494493321572337,0.3699584171740075,0.3797259423531951,0.1370567045768172,0.07778792121941137,0.0944985000936961,0.12428924323188087,0.2737121160416441,0.34995568552002665,0.3117757188351915,0.2851311968797083,0.2053191548086916,0.22280706110332815,0.22376736389710472,0.21085361753521553,0.2060943987289676,-0.2436350276769868,-0.1317103155310544,0.004884438007496661,2.669463428351004,-0.1924018612478142,-0.20949444842330944,-0.12363824275979172,0.5576235486761948,-0.0551985703025048,-0.5046377341083785,-0.39831003463480197
2026-08-08|randwick|8,2026-08-08,randwick,8,V5,3,good,1200,5,2,0.32356933368929,0.10043046204604314,0.5308043984604216,0.024688869369046566,even,0.4910691651406105,0.32739608783859486,0.3959221187608264,0.46252505122667525,0.0720578738308366,0.05526585462136438,0.0772308298296823,0.07360976063049031,0.2421554516084343,0.34477862954371064,0.22707876073769492,0.23763244434721248,0.1947175094201184,0.2725594279963302,0.29976829067179633,0.22623274379562178,0.0,0.0622570401064804,0.16375819095038102,0.5104591007390601,2.649785126515222,-0.2000166781323805,-0.19494548889607405,0.7059188939488635,0.6112572507756658,-0.0075075203804193,-0.5742795984215401,0.2335247750851692
2026-08-08|randwick|9,2026-08-08,randwick,9,V6,3,good,1200,6,3,0.47355950801342295,0.06528575817197427,1.0425314407696684,0.17694451362344243,even,0.462401241471124,0.32561473910869293,0.42358995645302944,0.4507578559656956,0.0886580658478336,0.058317801959981264,0.09586130458293794,0.0908190374683649,0.2653638632054379,0.3686675895272538,0.17665877589385337,0.23875233701196252,0.1835768294756042,0.24739986940407196,0.30388996307017924,0.21967076955397669,0.0815318500466206,0.0622570401064804,-0.027116263858652956,0.6031341586985514,-0.0963558227823695,-0.2000166781323805,-0.17182544852645715,1.4911181704266239,0.1159280992850391,-0.0075075203804193,-0.6028116503886446,0.8241019605148592
2026-08-08|randwick|10,2026-08-08,randwick,10,V7,3,good,1200,7,4,0.5558254677210537,0.06411692923403906,0.7133183316709153,0.1504467313503058,even,0.479159312528157,0.32490969854562607,0.4073160694629722,0.45760633960860153,0.0941537010890281,0.062418953343490874,0.13205224800007262,0.10552326516234145,0.2457639700372366,0.34099193289585256,0.14970352221425837,0.21694583569034312,0.1809230163455781,0.2716794152150305,0.31092816032269677,0.2199245595387137,-0.0667078773108743,0.0622570401064804,-0.00031028563189205993,0.888988538199959,1.0117361392149056,-0.2000166781323805,-0.11414567145431231,1.22017317380497,-0.2740118710373644,-0.0075075203804193,-0.6958797788082515,0.5505446804750284
2026-08-15|caulfield|1,2026-08-15,caulfield,1,V0,3,soft,1100,0,0,0.0,0.0,0.0,0.0,even,0.3637942669355488,0.3780186869804706,0.3780186869804706,0.3680615929490253,0.1507774299020308,0.09265581230842862,0.09265581230842862,0.13334094462395013,0.2674847203268078,0.26435189713404156,0.26435189713404156,0.2665448733689779,0.2179435828356125,0.2649736035770594,0.2649736035770594,0.23205258905804654,-0.2519813642394923,-0.2165828246898098,0.23968334813360082,0.23968334813360082,0.0824704858748661,-0.4805173116373196,-0.3342102394321983,-0.3342102394321983,1.4697219299809603,-0.2307314692259966,-0.29443171635430265,-0.29443171635430265
2026-08-15|caulfield|2,2026-08-15,caulfield,2,V1,3,soft,2000,1,1,0.10036756468345168,-0.02529075587433164,0.008277361825521311,0.14751241087405148,very_fast_or_collapse,0.1988767052252232,0.20883600544409858,0.21465822922394848,0.20361116242484079,0.0703707177871914,0.055950955377506925,0.06205061442402299,0.06787468677824086,0.6338813338607427,0.6396737841939176,0.6337029114647763,0.6338278071419527,0.0968712431268425,0.0955392549844769,0.08958824488725238,0.09468634365496545,2.273808484678112,-1.063202100339831,-1.0488789790638569,-1.0369390403713434,0.7428312329037394,-0.2730250090918567,-0.44333127914026854,-0.2602149955345539,-0.2957270500512862,-0.3296838278807434,-0.272119679407673,0.07392537277484405
2026-08-15|caulfield|3,2026-08-15,caulfield,3,V2,3,soft,1400,2,2,0.30422595879201525,0.24659253200703146,0.10960294981841587,0.2211845506053457,even,0.3323908216008017,0.3263258782591811,0.37120368320969976,0.3440346800834711,0.1322875988867803,0.05213457653734388,0.10673869854616404,0.12462292878459541,0.3413129475641524,0.4883667088102454,0.39406792653774686,0.3571394412562307,0.1940086319482655,0.1331728363932296,0.1279896917063894,0.17420294987570267,0.1486166080202706,-0.1938276502384335,-0.4073528780492739,-0.05820089704108944,1.7888667968727132,0.0483572447358695,-0.39166273296354986,0.09059885570198516,0.1818192482067347,0.0729596199275976,-0.19226536224865023,0.72610637699793
2026-08-15|caulfield|4,2026-08-15,caulfield,4,V3,3,soft,1400,3,3,0.46387033168177666,0.19855043620110713,0.550074782620465,0.1910978460288105,very_fast_or_collapse,0.3333997551282094,0.31700788632857213,0.425778707399991,0.36111344080974384,0.1538516665286988,0.0568897988083613,0.11966272884051256,0.14359498522224293,0.3486269873884752,0.49163872817113263,0.29480305641854193,0.3324798080974952,0.1641215909546165,0.13446358669193395,0.1597555073409546,0.16281176587051793,0.9088477182777928,-0.1938276502384335,-0.514389811039792,0.09082765977721718,2.179875932801181,0.0483572447358695,-0.3599628407194506,0.7437546801646344,-0.1876843852456563,0.0729596199275976,-0.2410644482030649,1.099359717979905
2026-08-15|caulfield|5,2026-08-15,caulfield,5,V4,3,soft,1100,4,4,0.48073103674024087,0.21644785642548764,0.6210794137046859,0.20477830213044812,fast,0.3267161380177685,0.31727303851171473,0.3527573108537311,0.33452848986855727,0.1808875990151942,0.09294126010731088,0.18951844982530341,0.18347685425822693,0.3367052536327313,0.3786952397470992,0.21622229760230685,0.300560366823604,0.1556910093343059,0.21109046163387526,0.2415019417186587,0.18143428904961173,0.9741056519277136,-0.3149160476189359,-0.36750747471195216,0.2604160478408667,0.4763091327058661,-0.2658393755323758,-0.20755172584188952,0.9834059397369822,0.0670780061265338,-0.0304726091998192,-0.46194584113392045,0.9684593485470897
2026-08-15|caulfield|6,2026-08-15,caulfield,6,V5,3,soft,1100,5,5,0.5601069859993317,0.36740747644044675,0.5442321184219326,0.1596526539557328,even,0.2853855111860405,0.3472004985896852,0.3908603010320765,0.31702794813985125,0.1564745847376467,0.08326149757140908,0.20831893395955947,0.17202788950422052,0.2852323390818452,0.32962252621395627,0.13286196179975868,0.23952122589721922,0.2729075649944675,0.23991547762494947,0.26795880320860543,0.27142293645870885,0.4911016758618449,-0.3149160476189359,-0.1633310073311388,0.8723483690716086,0.0058907489910602,-0.2658393755323758,-0.1033394415907607,1.0133999987073068,0.2748771059568147,-0.0304726091998192,-0.6237998969047412,0.7370146739210981
2026-08-15|caulfield|7,2026-08-15,caulfield,7,V6,3,soft,1400,6,6,0.584996403389213,0.38534714738558434,0.61452465801554,0.10067788238817862,slow,0.3426331570293877,0.28587539952600216,0.32978240396219877,0.338777931109231,0.110222446236243,0.08533944796866874,0.206671649470668,0.1391572072065705,0.316587353990629,0.37634688518264736,0.13589561506128733,0.2623798323118265,0.2305570427437401,0.25243826732268176,0.3276503315058458,0.2596850293723718,-0.5601702917687035,-0.436305688138223,-0.26835672805827027,0.9233387816823418,1.0263989818122106,-0.2293588240923915,-0.018704491468761117,1.1908646049863838,1.255139326330354,0.1448979578963335,-0.7313340469878803,0.5540343319879846
2026-08-15|caulfield|8,2026-08-15,caulfield,8,V7,3,soft,1200,7,7,0.6135344222632466,0.21713710237748532,0.5136813272763151,0.29161727374862556,even,0.3373613618113426,0.3589030869905765,0.42092760138015906,0.3624312336819875,0.2419749901207299,0.08352919857184167,0.15001010788941274,0.21438552545133474,0.1978814612928481,0.2546804190086403,0.09213513605480114,0.166157563721434,0.2227821867750793,0.30288729542894144,0.33692715467562717,0.25702567714524366,0.2274145089423025,0.0549272241480799,0.05533633938310456,1.1635549145682669,1.9140953985146756,-0.0778969436858902,-0.041599700315503974,1.1149485590921868,-0.2439647427894087,0.1111965881819699,-0.674507732445636,0.9006534625481349
2026-08-15|caulfield|9,2026-08-15,caulfield,9,V8,3,soft,1600,8,8,0.5657938865163481,0.1959939897792919,0.6818208995977872,0.1831053701205766,even,0.2036525531129562,0.17582269786048826,0.19798860944594665,0.20195337001285332,0.0717535733808817,0.05437145097724922,0.11820658756651664,0.08568947763657217,0.6371865083077876,0.6386403484718908,0.43233959768023844,0.5757324351195228,0.0874073651983745,0.13116550269037164,0.2514652053072984,0.13662471723105166,-0.4673369807949663,-0.6898357945645242,-1.175634882546544,-0.3409502832994906,0.2586965222146488,-0.3067335839479516,-0.12226603165294672,1.2307496579355979,-0.3220469399493325,-0.0867865765402565,-0.7151563238100682,0.8218677811012143
2026-08-15|rosehill|1,2026-08-15,rosehill,1,V0,3,good,1500,0,0,0.0,0.0,0.0,0.0,even,0.3449735402679408,0.33688802501262916,0.33688802501262916,0.3425478856913473,0.0763223307367512,0.048583735808707576,0.048583735808707576,0.0680007522583381,0.3560051822817504,0.42191114193305357,0.42191114193305357,0.3757769701771413,0.2226989467135575,0.19261709724560971,0.19261709724560971,0.21367439187317316,0.0369882029390419,0.0635809124472255,0.07863548759579819,0.07863548759579819,-2.7092045505643245,-0.3526661611126185,-0.436928850701077,-0.436928850701077,1.249320615178288,-0.0595908327714124,-0.139290229188456,-0.139290229188456
2026-08-15|rosehill|2,2026-08-15,rosehill,2,V1,3,good,1300,1,1,0.2637669986665615,0.00975626727530077,-0.7145987530761425,0.3295295490378393,fast,0.4227275392034466,0.32166066085113526,0.3754676338294073,0.40854956759123473,0.0486521625816471,0.039089964103040914,0.0627510968784537,0.052881842870689075,0.307502845737863,0.4392813097175324,0.4461888111047889,0.3491086353479408,0.2211174524770431,0.19996806532829148,0.11559245818735013,0.1894599541901352,0.6013532072441922,0.0622570401064804,0.16826072135799575,0.2295134328597056,-0.289863797461014,-0.2000166781323805,-0.408885861381826,-0.8722673757441035,-0.2818767353036508,-0.0075075203804193,-0.23637322752068599,0.33548212959428714
2026-08-15|rosehill|3,2026-08-15,rosehill,3,V2,3,soft,1300,2,0,0.0,0.0,0.0,0.0,very_fast_or_collapse,0.279611486788497,0.3426583654491325,0.3426583654491325,0.2985255503866876,0.0913164097561602,0.06424942953458543,0.06424942953458543,0.08319631568968777,0.3244274893566902,0.39548303426044734,0.39548303426044734,0.34574415282781734,0.3046446140986526,0.19760917075583473,0.19760917075583473,0.27253398109580723,1.1886568816031304,-0.4450088173962322,-0.11998202731680974,-0.11998202731680974,1.8811125111457856,-0.2613483421373351,-0.2535668638319035,-0.2535668638319035,-0.5403391902275396,-0.0873365665840547,-0.43450289195526837,-0.43450289195526837
2026-08-15|rosehill|5,2026-08-15,rosehill,5,V3,3,soft,1400,3,1,0.2611859138159418,0.31046043383512134,0.491320090214213,-0.14112898517014594,very_fast_or_collapse,0.384864715703519,0.3771213351565562,0.4290792041655692,0.39812906224213407,0.1113238870495263,0.060787929335105066,0.08998702903707717,0.10492282964579155,0.2733336412307025,0.31237633918504165,0.17971560004298226,0.2452482288743864,0.2304777560162523,0.24971439632329712,0.30121816675437146,0.25169987923768805,2.058995162404847,0.1843080178977758,0.19803997320986666,0.684882728669106,1.2139186562496989,-0.4188407529578543,-0.29440000280577283,0.4540376395141589,-1.2730063395378026,-0.1692882683091953,-0.3933344770720978,0.11006328425316186
2026-08-15|rosehill|7,2026-08-15,rosehill,7,V4,3,soft,1200,4,2,0.35312407219621095,0.5882206011647065,0.5351129021937024,-0.3326340897800059,slow,0.3184611348369598,0.32680376948890666,0.3738271214398945,0.3350709308178402,0.1244598998616036,0.07876626564380536,0.15592665556253885,0.13389992657188418,0.337568240393833,0.39958087636369766,0.18509365230087232,0.2918258639659448,0.2195107249076035,0.19484908850359023,0.2851525706966942,0.23920327864433072,-0.8005201747421213,-0.4450088173962322,-0.3430722631352253,0.48357098056185344,4.0,-0.2613483421373351,-0.1926982264499686,0.5971684618789991,-0.6452159869298681,-0.0873365665840547,-0.5344094685974606,-0.06497827199932724
2026-08-15|rosehill|9,2026-08-15,rosehill,9,V5,3,soft,1400,5,3,0.43268837636405155,0.3204878010653256,1.0633660726990657,-0.3727129572256929,very_fast_or_collapse,0.4017973987818483,0.3754001998315904,0.3530844539948624,0.3871835153457525,0.1102600298649044,0.06413018171143416,0.06486679181984402,0.09664205845138626,0.1976568597084129,0.219699176606146,0.07442022063079272,0.16068586798512685,0.2902857116448344,0.3407704418508296,0.5076285335545009,0.3554885582177343,0.9902003908050092,0.1843080178977758,0.4866566038224497,1.2337650464853303,1.070620253137467,-0.4188407529578543,-0.13148294912591024,1.338093667227894,0.6487436153413821,-0.1692882683091953,-0.6532647182876488,0.17912699549776365
2026-08-15|rosehill|10,2026-08-15,rosehill,10,V6,3,soft,1400,6,4,0.5320674848176506,0.4524739726837922,0.9830964713463495,-0.10499696733936952,very_fast_or_collapse,0.3763084917844915,0.3774141109686562,0.42844479629919785,0.3919493831389034,0.1276748199905862,0.0669238805213533,0.11877341861926033,0.12500439957918844,0.2019974669340057,0.22126059992448796,0.05605776237806015,0.15821555556722203,0.2940192212909165,0.3344014085855026,0.3967240227034817,0.32483066171468605,2.084749253286784,0.1843080178977758,0.3916943366227684,1.592104994670223,0.6646081109861057,-0.4188407529578543,-0.09056441334524329,1.3904326814742587,-0.1958471291596666,-0.1692882683091953,-0.710745036818122,0.3204336426824385
