snapshot_model_version,race_id,race_date,track_slug,race_number,snapshot_version,fold,going_bucket,completed_races,same_regime_races,state_reliability,update_eligible,reason_codes,early_score_status,middle_score_status,late_score_status,actual_label,v0_prob_even,governed_prob_even,v0_prob_fast,governed_prob_fast,v0_prob_slow,governed_prob_slow,v0_prob_very_fast_or_collapse,governed_prob_very_fast_or_collapse,actual_early_score,v0_early_score,governed_early_score,actual_middle_score,v0_middle_score,governed_middle_score,actual_late_score,v0_late_score,governed_late_score,snapshot_sha256
expected-tempo-governed-shadow-v1,2025-03-01|flemington|1,2025-03-01,flemington,1,V0,1,good,0,0,0.0,0,"no_completed_races,insufficient_state_reliability,probabilities_held",held_by_policy,held_insufficient_evidence,held_insufficient_evidence,even,0.2831287705429581,0.2831287705429581,0.1333628042438111,0.1333628042438111,0.4267073315700317,0.4267073315700317,0.1568010936431988,0.1568010936431988,0.1879728346082335,-0.4916176381519688,-0.4916176381519688,-0.4264022042668156,-0.2463464208290638,-0.2463464208290638,-0.3013682116810338,0.0725851331012115,0.0725851331012115,928a01072f9c68fd59c4326f586f462b7eb0626710d3df28b7cede0fbbc22a64
expected-tempo-governed-shadow-v1,2025-03-01|flemington|2,2025-03-01,flemington,2,V1,1,good,1,1,0.0862888702275779,0,"insufficient_state_reliability,probabilities_held",held_by_policy,held_insufficient_evidence,held_insufficient_evidence,slow,0.1766960722537282,0.1766960722537282,0.0792375551354757,0.0792375551354757,0.5993113691601404,0.5993113691601404,0.1447550034506556,0.1447550034506556,-1.7986420252709,-0.9279300793835124,-0.9279300793835124,2.6366456961357363,-0.2756564620601618,-0.2756564620601618,0.9773233453640504,-0.3034484674780613,-0.3034484674780613,6f351472df95202115414f8454a0385ede9926ec0efa665710a7f595b0a2f177
expected-tempo-governed-shadow-v1,2025-03-01|flemington|3,2025-03-01,flemington,3,V2,1,good,2,2,0.3386562279581155,1,"probabilities_updated,probability_cap_applied",held_by_policy,updated,updated,even,0.2831287705429581,0.3331287705429581,0.1333628042438111,0.11333370816088037,0.4267073315700317,0.4041123937858443,0.1568010936431988,0.14942512751031697,-0.2543161879993687,-0.4916176381519688,-0.4916176381519688,-0.1783136490570359,-0.2463464208290638,0.05349264042676119,0.5453329544704437,0.0725851331012115,0.3865256517616978,8d948f6d3472c4163a272bc4419d3c7c605db6639e1f539154ed8359fa88cd8a
expected-tempo-governed-shadow-v1,2025-03-01|flemington|4,2025-03-01,flemington,4,V3,1,good,3,3,0.4180316627545096,1,"probabilities_updated,probability_cap_applied",held_by_policy,updated,capped,even,0.2938808373590982,0.3438808373590982,0.1871980676328502,0.15092898292342155,0.3641016793190706,0.36657447984735075,0.1548194156889809,0.1386156998701294,-0.4602407535252079,-0.2454864662822626,-0.2454864662822626,-0.7318942283682193,-0.1527375898595598,0.1413666881612118,1.2452137098029556,-0.2187451308938946,0.2812548691061054,c335f856384fe3700c413e38e37a708fafdc5a75550d594dfbc61853700fc84f
expected-tempo-governed-shadow-v1,2025-03-01|flemington|5,2025-03-01,flemington,5,V4,1,good,4,4,0.5240906582347234,1,"probabilities_updated,probability_cap_applied",held_by_policy,capped,capped,slow,0.2831287705429581,0.3331287705429581,0.1333628042438111,0.11346851621446688,0.4267073315700317,0.411032760806597,0.1568010936431988,0.14236995243597772,-1.1193676433866944,-0.4916176381519688,-0.4916176381519688,0.5883855561391642,-0.2463464208290638,0.2536535791709362,0.8797705558390412,0.0725851331012115,0.5725851331012115,ce2489198f4eac50361eab942aed675dd061c986f58f84f6bc24277a84ba670b
expected-tempo-governed-shadow-v1,2025-03-01|flemington|6,2025-03-01,flemington,6,V5,1,good,5,5,0.503415869483427,1,probabilities_updated,held_by_policy,capped,capped,very_fast_or_collapse,0.3873081841432225,0.393881474937414,0.1202046035805626,0.0985401733429059,0.4063527584947022,0.4287417989285962,0.0861344537815126,0.0788365527910837,0.7960559544985406,-0.6645800217922166,-0.6645800217922166,0.7543646652040837,-0.1014764834332306,0.39852351656676943,-0.4919218320994717,-0.117757331210702,0.382242668789298,1591874a64df054a3dc7d120ecef5b709e3858ff9198f74b08a8e305b63cfba8
expected-tempo-governed-shadow-v1,2025-03-01|flemington|7,2025-03-01,flemington,7,V6,1,good,6,6,0.5063671089142965,1,probabilities_updated,held_by_policy,capped,capped,very_fast_or_collapse,0.3188405797101449,0.3182370361715351,0.1129898013955985,0.118304065120996,0.4235488076067786,0.4188304365041256,0.1446208112874779,0.1446284622033432,1.6022199268433102,-0.4279709161387624,-0.4279709161387624,1.0413190672621124,-0.3901908857157052,0.1098091142842948,-0.689820094919242,-0.2135825695844904,0.2864174304155096,2506694037574085cc2ee351c72ae0f0491bb7ffaf390f64b734a0f711c36231
expected-tempo-governed-shadow-v1,2025-03-01|flemington|8,2025-03-01,flemington,8,V7,1,good,7,7,0.575699032141664,1,"probabilities_updated,probability_cap_applied",held_by_policy,capped,capped,even,0.2664512338425382,0.3150356778280561,0.154524089306698,0.16423026279814015,0.462229310055397,0.41222931005539704,0.1167953667953667,0.10850474931840665,0.3944675199826946,-0.728217716678153,-0.728217716678153,0.6389912458199349,-0.1470286727014672,0.3529713272985328,0.1686226898691551,-0.3677734431956144,0.1322265568043856,edf766c1441aaa89a1b75c5b10ddfeecd1fc5d00547861ce43aad0df76fc0a75
expected-tempo-governed-shadow-v1,2025-03-01|flemington|9,2025-03-01,flemington,9,V8,1,good,8,8,0.6005023578851878,1,"probabilities_updated,probability_cap_applied",held_by_policy,capped,capped,even,0.2938808373590982,0.3438808373590982,0.1871980676328502,0.164182116475208,0.3641016793190706,0.3559102320708375,0.1548194156889809,0.13602681409485623,0.3967592702803528,-0.2454864662822626,-0.2454864662822626,-0.8467011661514775,-0.1527375898595598,0.34726241014044024,-0.8301424732019612,-0.2187451308938946,0.2812548691061054,fd14929896e2d82665310122be05c6ca16d34206092b8b37edbc91fa8a67eccf
expected-tempo-governed-shadow-v1,2025-03-01|flemington|10,2025-03-01,flemington,10,V9,1,good,9,9,0.6184608775811481,1,"probabilities_updated,probability_cap_applied",held_by_policy,capped,capped,even,0.2552513866523528,0.23491994772030672,0.0911612095186974,0.13409695420345707,0.5634051580911484,0.5134051580911484,0.0901822457378012,0.1175779399850875,0.2678483160376347,-0.697425685485157,-0.697425685485157,0.7573229580088137,-0.5149183868520831,-0.014918386852083132,-0.1992813607544488,0.0740981288228761,0.5740981288228761,56f4df2153a46509c56962f05e15b1e6ed20982ded55ba098a19ae57205bf906
expected-tempo-governed-shadow-v1,2025-03-01|randwick|3,2025-03-01,randwick,3,V0,1,good,0,0,0.0,0,"no_completed_races,insufficient_state_reliability,probabilities_held",held_by_policy,held_insufficient_evidence,held_insufficient_evidence,slow,0.4387351778656126,0.4387351778656126,0.0697780480389176,0.0697780480389176,0.282695565304261,0.282695565304261,0.2087912087912088,0.2087912087912088,-1.1537341938415413,0.0570591040879983,0.0570591040879983,0.3113034274507369,-0.2702266815690505,-0.2702266815690505,1.2346610512452951,-0.2617749119337798,-0.2617749119337798,7c0037ad8d5790ea9e5df73e8dc23d74a7f4d9caed4b158642c7293679b5801d
expected-tempo-governed-shadow-v1,2025-03-01|randwick|4,2025-03-01,randwick,4,V1,1,good,1,1,0.3333333333333333,1,"probabilities_updated,probability_cap_applied",held_by_policy,updated,capped,slow,0.4387351778656126,0.4630982727761798,0.0697780480389176,0.05584307986776546,0.282695565304261,0.32226743856484574,0.2087912087912088,0.15879120879120878,-1.5560620152837206,0.0570591040879983,0.0570591040879983,-1.9197044692795333,-0.2702266815690505,-0.1834404046679252,1.2460930980160827,-0.2617749119337798,0.23822508806622023,ee7052d887fb55ec5c5f11d30917e042a1e194d310118560784a44193afd385e
expected-tempo-governed-shadow-v1,2025-03-01|randwick|5,2025-03-01,randwick,5,V2,1,good,2,2,0.4785243568890401,1,"probabilities_updated,probability_cap_applied",held_by_policy,below_minimum_change,capped,even,0.4387351778656126,0.4453123916149789,0.0697780480389176,0.058302500794376544,0.282695565304261,0.332695565304261,0.2087912087912088,0.16368954228638352,-0.0236663424377705,0.0570591040879983,0.0570591040879983,-0.1167387852940298,-0.2702266815690505,-0.2702266815690505,-0.068592280624737,-0.2617749119337798,0.23822508806622023,d60d462dfb9ecedebc8997dde7e6365a4539f895beb550b67c7a45c69af73361
expected-tempo-governed-shadow-v1,2025-03-01|randwick|6,2025-03-01,randwick,6,V3,1,good,3,3,0.4757447409291929,1,"probabilities_updated,probability_cap_applied",held_by_policy,updated,capped,slow,0.2171639670360898,0.262867398243058,0.1382495026996305,0.11116844585660995,0.3706369504323468,0.4020145760683991,0.2739495798319328,0.2239495798319328,-1.423058538780105,0.1738270385715923,0.1738270385715923,-2.2387352867733887,-0.5208506393787743,-0.439118994317854,1.578308377175235,-0.3095108762071263,0.1904891237928737,9d4ebb10dd6fe052a35831d179163982287dc9a7f222ab78a5779f677be0d255
expected-tempo-governed-shadow-v1,2025-03-01|randwick|7,2025-03-01,randwick,7,V4,1,good,4,4,0.5571264340530662,1,"probabilities_updated,probability_cap_applied",held_by_policy,updated,capped,even,0.2171639670360898,0.2671639670360898,0.1382495026996305,0.1117917742244349,0.3706369504323468,0.39052584315208033,0.2739495798319328,0.23051841558739486,0.0974697629301444,0.1738270385715923,0.1738270385715923,-0.2583156100123133,-0.5208506393787743,-0.3493714338597016,-0.1079185215162529,-0.3095108762071263,0.1904891237928737,9e098029e7a988647dcd260d2211f390039c595db2576b8a9b1fb094de774430
expected-tempo-governed-shadow-v1,2025-03-01|randwick|9,2025-03-01,randwick,9,V5,1,good,5,5,0.5552169990671514,1,"probabilities_updated,probability_cap_applied",held_by_policy,updated,capped,even,0.4387351778656126,0.4355670240208617,0.0697780480389176,0.06494908189182715,0.282695565304261,0.332695565304261,0.2087912087912088,0.16678832878305,0.1727642997957586,0.0570591040879983,0.0570591040879983,0.5595207436567247,-0.2702266815690505,-0.4840345370786699,0.7980615856402471,-0.2617749119337798,0.23822508806622023,3ac01e4d257b7895e67da740ba621fa8f985772eb541e3602f43d18ab9a3787b
expected-tempo-governed-shadow-v1,2025-03-01|randwick|10,2025-03-01,randwick,10,V6,1,good,6,6,0.3525634293368349,1,probabilities_updated,held_by_policy,updated,updated,slow,0.3398402839396628,0.3402816928476108,0.1184560780834072,0.1128023403895248,0.398846495119787,0.3859012763305798,0.1428571428571428,0.1610146904322844,-1.0730033031280672,-0.3925874611977842,-0.3925874611977842,-1.2681831467242142,-0.5201137937068411,-0.08162250838183482,0.5064209308857074,-0.5547564753231244,-0.2981185441995103,436a8851a0843910fa0c1d0f150dbaa2b2f91dd69a37d6cca8dab92b913cb53e
expected-tempo-governed-shadow-v1,2025-03-08|flemington|1,2025-03-08,flemington,1,V0,1,good,0,0,0.0,0,"no_completed_races,insufficient_state_reliability,probabilities_held",held_by_policy,held_insufficient_evidence,held_insufficient_evidence,fast,0.2831287705429581,0.2831287705429581,0.1333628042438111,0.1333628042438111,0.4267073315700317,0.4267073315700317,0.1568010936431988,0.1568010936431988,0.8331944675887303,-0.4916176381519688,-0.4916176381519688,-0.7184792872685486,-0.2463464208290638,-0.2463464208290638,0.0455736999646321,0.0725851331012115,0.0725851331012115,69d32b6521f3b6e6098496d7c2ec3b16355c055688ad40c84bee9bd412d9b382
expected-tempo-governed-shadow-v1,2025-03-08|flemington|2,2025-03-08,flemington,2,V1,1,good,1,1,0.2973782397718162,1,"probabilities_updated,probability_cap_applied",held_by_policy,updated,updated,even,0.3132045088566828,0.36320450885668276,0.1365942028985507,0.11825823980171588,0.4102541982976765,0.3824828192443205,0.1399470899470899,0.1360544320972807,-0.3502163558820826,-0.3483580470981851,-0.3483580470981851,-2.420231548710143,-0.235828756640442,-0.4338106012530247,0.7554296506137896,-0.0634603467179946,0.3079436826585533,5615b46b29280c2445807fcd58aae07de83c8b79384264d2f881110c009f6194
expected-tempo-governed-shadow-v1,2025-03-08|flemington|3,2025-03-08,flemington,3,V2,1,good,2,2,0.45678034951782,1,"probabilities_updated,probability_cap_applied",held_by_policy,updated,updated,slow,0.2831287705429581,0.3331287705429581,0.1333628042438111,0.11939740819782733,0.4267073315700317,0.39568530926620454,0.1568010936431988,0.15178851199300972,-1.3489815189531718,-0.4916176381519688,-0.4916176381519688,-1.114376037396109,-0.2463464208290638,-0.3221975358379395,1.3672109989390406,0.0725851331012115,0.4166156703743894,e3f351c13813c5f67238a494133c966acae6089f423d93e2c55f3906bede99d9
expected-tempo-governed-shadow-v1,2025-03-08|flemington|4,2025-03-08,flemington,4,V3,1,good,3,3,0.4217204294882813,1,"probabilities_updated,probability_cap_applied",held_by_policy,updated,updated,fast,0.3612195450262485,0.41121954502624847,0.0916341364921254,0.08245119939297134,0.4129136780570352,0.3764796449048904,0.1342326404245908,0.12984961067588965,0.8502322750587672,-0.4092734240264955,-0.4092734240264955,0.3850996779547245,-0.2681743402429883,-0.1140458169754886,0.7436186557626258,-0.3876273949499671,-0.0764957079586237,28ae242e31d0e94c6bfd0e658f99d0a181b2bd021322814c6112a8cb82d7518d
expected-tempo-governed-shadow-v1,2025-03-08|flemington|5,2025-03-08,flemington,5,V4,1,good,4,4,0.5258720530414978,1,"probabilities_updated,probability_cap_applied",held_by_policy,capped,capped,even,0.3335748792270531,0.3835748792270531,0.0958534621578099,0.09671637080834368,0.4509949390384173,0.40452877205558563,0.1195767195767195,0.11517997790901736,0.1202290564866582,-0.621063557943899,-0.621063557943899,-1.786182918042983,-0.3004350707604032,0.1995649292395968,-0.5095713497656327,-0.2755892616244935,0.2244107383755065,5d911d3c9376c3bab2d4b9c17166d4cad6bb940d3ef24b45bbef08dbba844c07
expected-tempo-governed-shadow-v1,2025-03-08|flemington|6,2025-03-08,flemington,6,V5,1,good,5,5,0.3441562519074352,1,"probabilities_updated,probability_cap_applied",held_by_policy,updated,updated,slow,0.1766960722537282,0.19262271329803543,0.0792375551354757,0.08991957426457714,0.5993113691601404,0.5493113691601403,0.1447550034506556,0.1681463432772468,-0.8578916176713467,-0.9279300793835124,-0.9279300793835124,-1.201977122656996,-0.2756564620601618,-0.0014974133746621932,1.7498581024156974,-0.3034484674780613,-0.0394492282379213,f1bae2b5abd027b52d3eb548037278dc099eb10c485cd03d80ab895131458ec4
expected-tempo-governed-shadow-v1,2025-03-08|flemington|7,2025-03-08,flemington,7,V6,1,good,6,6,0.5261610343734454,1,"probabilities_updated,probability_cap_applied",held_by_policy,capped,updated,even,0.2664512338425382,0.3164512338425382,0.154524089306698,0.14156028063634596,0.462229310055397,0.4218348253489526,0.1167953667953667,0.12015366017216304,-0.2574143478195755,-0.728217716678153,-0.728217716678153,-0.2250038672539728,-0.1470286727014672,0.3529713272985328,1.713734063742762,-0.3677734431956144,0.03248931583466719,241c0805ea447feb9d3c5ec07feb9fc38136c8b68fee0413c0d6bfac4d6ae253
expected-tempo-governed-shadow-v1,2025-03-08|flemington|8,2025-03-08,flemington,8,V7,1,good,7,7,0.588053910387766,1,"probabilities_updated,probability_cap_applied",held_by_policy,capped,capped,very_fast_or_collapse,0.3188405797101449,0.3634521432563784,0.1129898013955985,0.11277795731374124,0.4235488076067786,0.3735488076067786,0.1446208112874779,0.15022109182310153,1.7440636667142264,-0.4279709161387624,-0.4279709161387624,0.0562509668134907,-0.3901908857157052,0.1098091142842948,-1.1858225810462837,-0.2135825695844904,0.2864174304155096,21be99a95b61860a02a31062b5839e7cce4e96237d486a74afb8779500582858
expected-tempo-governed-shadow-v1,2025-03-08|flemington|9,2025-03-08,flemington,9,V8,1,good,8,8,0.5762790676421977,1,"probabilities_updated,probability_cap_applied",held_by_policy,updated,capped,fast,0.2576581027667984,0.29569941407078093,0.1445775691699604,0.12875643369143022,0.38672536702428,0.4145051911988275,0.211038961038961,0.16103896103896098,0.7061075138270644,-0.0617837050765852,-0.0617837050765852,0.034887453076377,-0.0866991621372387,-0.0242377594726376,0.6993186401935215,-0.2202462203930925,0.2797537796069075,33a9f267b73cce4977a14296d97bd53ce807a5954c4ae5e263dd58286cb09704
expected-tempo-governed-shadow-v1,2025-03-08|flemington|10,2025-03-08,flemington,10,V9,1,good,9,9,0.6255071695321257,1,"probabilities_updated,probability_cap_applied",held_by_policy,capped,capped,even,0.2775444664031621,0.3170996484507798,0.1246912055335968,0.13744947805816762,0.4662708215697346,0.4162708215697346,0.1314935064935065,0.1291800519213179,-0.4333684589873784,-0.7153121945781556,-0.7153121945781556,1.0687683694563437,-0.1456824370129854,0.3543175629870146,0.4725203421137657,-0.2781110801801538,0.2218889198198462,4643ee3a88104c0860b212a7f8dff54af37bf829d36290a92ecc50cae28cdb69
expected-tempo-governed-shadow-v1,2025-03-08|randwick|2,2025-03-08,randwick,2,V0,1,good,0,0,0.0,0,"no_completed_races,insufficient_state_reliability,probabilities_held",held_by_policy,held_insufficient_evidence,held_insufficient_evidence,very_fast_or_collapse,0.4387351778656126,0.4387351778656126,0.0697780480389176,0.0697780480389176,0.282695565304261,0.282695565304261,0.2087912087912088,0.2087912087912088,2.295360026435855,0.0570591040879983,0.0570591040879983,0.1428333373009255,-0.2702266815690505,-0.2702266815690505,1.0117361392148927,-0.2617749119337798,-0.2617749119337798,a916350e7ba9fe647976259e3ce79e6f6599302727dbc620c4bf575879fb81f1
expected-tempo-governed-shadow-v1,2025-03-08|randwick|4,2025-03-08,randwick,4,V1,1,good,1,1,0.1616571175197124,0,"insufficient_state_reliability,probabilities_held",held_by_policy,held_insufficient_evidence,held_insufficient_evidence,slow,0.4387351778656126,0.4387351778656126,0.0697780480389176,0.0697780480389176,0.282695565304261,0.282695565304261,0.2087912087912088,0.2087912087912088,-0.6551406147375125,0.0570591040879983,0.0570591040879983,1.7213566257475512,-0.2702266815690505,-0.2702266815690505,0.3797553015540482,-0.2617749119337798,-0.2617749119337798,bef3a312f5d2db673cbb8656aad2639404d115f43d263c674058833cbffac4e0
expected-tempo-governed-shadow-v1,2025-03-08|randwick|8,2025-03-08,randwick,8,V2,1,good,2,2,0.0944918473807785,0,"insufficient_state_reliability,probabilities_held",held_by_policy,held_insufficient_evidence,held_insufficient_evidence,fast,0.3398402839396628,0.3398402839396628,0.1184560780834072,0.1184560780834072,0.398846495119787,0.398846495119787,0.1428571428571428,0.1428571428571428,0.640362680022735,-0.3925874611977842,-0.3925874611977842,0.6236391001233799,-0.5201137937068411,-0.5201137937068411,1.0744794656778325,-0.5547564753231244,-0.5547564753231244,ca87e793f3666c209b1be8304347a416ad85bdae59752a2187fee1ec8505b9ec
expected-tempo-governed-shadow-v1,2025-03-08|randwick|10,2025-03-08,randwick,10,V3,1,good,3,3,0.2216386971880553,1,probabilities_updated,held_by_policy,updated,updated,slow,0.2911725955204217,0.3286446349230287,0.1025472112428634,0.0892360626324054,0.4172470042035259,0.3733131246467141,0.189033189033189,0.2088061777978518,-0.5880175851847246,-0.2134688293805369,-0.2134688293805369,1.5200839542615945,-0.3213017323097797,0.145596605364823,0.6414053710518837,-0.2585940634339923,0.0874962454957462,03797991657113149ea104aa03059f0206e0b9e6ae539eee6b0894744c304c81
expected-tempo-governed-shadow-v1,2025-03-15|caulfield|1,2025-03-15,caulfield,1,V0,1,good,0,0,0.0,0,"no_completed_races,insufficient_state_reliability,probabilities_held",held_by_policy,held_insufficient_evidence,held_insufficient_evidence,even,0.2938808373590982,0.2938808373590982,0.1871980676328502,0.1871980676328502,0.3641016793190706,0.3641016793190706,0.1548194156889809,0.1548194156889809,0.0817564556941314,-0.2454864662822626,-0.2454864662822626,0.4761111243364122,-0.1527375898595598,-0.1527375898595598,-2.334775705880504,-0.2187451308938946,-0.2187451308938946,8bcbc09f31b7221453c94ef27923e272128de3e8ffec78bc0f1008925fadd1ed
expected-tempo-governed-shadow-v1,2025-03-15|caulfield|2,2025-03-15,caulfield,2,V1,1,good,1,1,0.3333333333333333,1,"probabilities_updated,probability_cap_applied",held_by_policy,updated,updated,slow,0.2938808373590982,0.3438808373590982,0.1871980676328502,0.15644212425207346,0.3641016793190706,0.35847742086694195,0.1548194156889809,0.1411996175218862,-1.2876641771825956,-0.2454864662822626,-0.2454864662822626,0.2975694527102567,-0.1527375898595598,-0.6403706789962718,1.2452137098029386,-0.2187451308938946,-0.4148843384208738,550ba059a4810d8c4e12070e0965ad95f072203e544b7ff5e8400f023951ccdb
expected-tempo-governed-shadow-v1,2025-03-15|caulfield|3,2025-03-15,caulfield,3,V2,1,good,2,2,0.3202502221199481,1,"probabilities_updated,probability_cap_applied",held_by_policy,capped,updated,even,0.2552513866523528,0.26525016804640245,0.0911612095186974,0.0879840297354113,0.5634051580911484,0.5134051580911484,0.0901822457378012,0.13336064412703766,0.1688842104979327,-0.697425685485157,-0.697425685485157,-1.0554642257528914,-0.5149183868520831,-0.014918386852083132,0.1958334541533311,0.0740981288228761,0.1291501145422641,550145779d0a0e75b462921efb9cd117b8a0b919356fd669d63ee29676c26e52
expected-tempo-governed-shadow-v1,2025-03-15|caulfield|4,2025-03-15,caulfield,4,V3,1,good,3,3,0.5057290521132779,1,"probabilities_updated,probability_cap_applied",held_by_policy,updated,updated,very_fast_or_collapse,0.2938808373590982,0.3438808373590982,0.1871980676328502,0.15379338862560585,0.3641016793190706,0.36772040733217853,0.1548194156889809,0.13460536668311723,1.2876641771825956,-0.2454864662822626,-0.2454864662822626,0.4761111243364122,-0.1527375898595598,0.0051704067226227,-0.2334775705880504,-0.2187451308938946,0.2641739696349804,f15f426600900cd84708968ac52ef45430b65f77cd33871084d6aae478608fb7
expected-tempo-governed-shadow-v1,2025-03-15|caulfield|5,2025-03-15,caulfield,5,V4,1,good,4,4,0.500758750426621,1,"probabilities_updated,probability_cap_applied",held_by_policy,capped,capped,fast,0.2552513866523528,0.27216297573535086,0.0911612095186974,0.1080322948631341,0.5634051580911484,0.5134051580911484,0.0901822457378012,0.10639957131036638,0.5025845328238494,-0.697425685485157,-0.697425685485157,-1.0902070890296665,-0.5149183868520831,-0.014918386852083132,-0.40742603820097,0.0740981288228761,0.5740981288228761,fc64f3b2f31de3afacb80c0e86ade598c27973f1a9ff12ee2d7d8fc548a96f4d
expected-tempo-governed-shadow-v1,2025-03-15|caulfield|6,2025-03-15,caulfield,6,V5,1,good,5,5,0.5812734436421195,1,"probabilities_updated,probability_cap_applied",held_by_policy,updated,capped,slow,0.2938808373590982,0.3438808373590982,0.1871980676328502,0.16782407961243723,0.3641016793190706,0.34864952475659755,0.1548194156889809,0.1396455582718669,-1.6862268986914954,-0.2454864662822626,-0.2454864662822626,0.257893525682223,-0.1527375898595598,0.033145459760762996,1.8807915408481903,-0.2187451308938946,0.2812548691061054,3e04aa6dcb705a324acf367d87ef5c421b7a95aaee029771dc226e92445586b4
expected-tempo-governed-shadow-v1,2025-03-15|caulfield|7,2025-03-15,caulfield,7,V6,1,good,6,6,0.5895403380456923,1,"probabilities_updated,probability_cap_applied",held_by_policy,capped,capped,even,0.3873081841432225,0.4373081841432225,0.1202046035805626,0.11009904098614308,0.4063527584947022,0.36923873215135783,0.0861344537815126,0.0833540427192764,-0.2210195709019422,-0.6645800217922166,-0.6645800217922166,0.620221388024455,-0.1014764834332306,0.39852351656676943,-0.491489390626358,-0.117757331210702,0.382242668789298,04d069c71c6348dd85ce0c5b9e2a928dfd1fdc2352639e24db715bd17d3ed905
expected-tempo-governed-shadow-v1,2025-03-15|caulfield|8,2025-03-15,caulfield,8,V7,1,good,7,7,0.519029126197588,1,probabilities_updated,held_by_policy,capped,capped,slow,0.2941492216854536,0.3095229414208436,0.1129898013955985,0.1194481358777855,0.44824016563147,0.4263595455060048,0.1446208112874779,0.1446693771953661,-1.282317495295902,-0.5232740720764617,-0.5232740720764617,0.1933253769200411,-0.3087593217022703,0.19124067829772973,-0.4321172832786337,-0.2233821125903348,0.2766178874096652,72716f9e9f64af0ddd1f31e20f28802c2a3d2cc247141479ba26bd4a200a4e89
expected-tempo-governed-shadow-v1,2025-03-15|caulfield|9,2025-03-15,caulfield,9,V8,1,good,8,8,0.3401660477438009,1,"probabilities_updated,probability_cap_applied",held_by_policy,capped,updated,slow,0.264796633941094,0.24269453054020648,0.1070126227208976,0.11669268343833522,0.4936285313564416,0.45605057403989135,0.1345622119815668,0.1845622119815668,-3.5667263235222264,-1.020635003619114,-1.020635003619114,0.6475111290975243,-0.432011143721937,0.067988856278063,-0.5828124038195733,-0.3819082557476358,-0.615618876867579,4c17ffebe8e7e705355d6d9f42bc9b6bc0ed8daf680a41d41366c3d9938a24ad
expected-tempo-governed-shadow-v1,2025-03-15|caulfield|10,2025-03-15,caulfield,10,V9,1,good,9,9,0.5490476648551204,1,probabilities_updated,held_by_policy,capped,capped,even,0.2831287705429581,0.2578683681590168,0.1333628042438111,0.1226818217963297,0.4267073315700317,0.4378655351272293,0.1568010936431988,0.1815842749174239,-0.0064544570284828,-0.4916176381519688,-0.4916176381519688,0.3030320803445535,-0.2463464208290638,0.2536535791709362,0.3865059408236736,0.0725851331012115,0.5725851331012115,bc72a3981e905c7e79db2794ad60ea648151dbec477f236d35fdcd14701c0c34
expected-tempo-governed-shadow-v1,2025-03-15|rosehill|1,2025-03-15,rosehill,1,V0,1,good,0,0,0.0,0,"no_completed_races,insufficient_state_reliability,probabilities_held",held_by_policy,held_insufficient_evidence,held_insufficient_evidence,even,0.2171639670360898,0.2171639670360898,0.1382495026996305,0.1382495026996305,0.3706369504323468,0.3706369504323468,0.2739495798319328,0.2739495798319328,-0.4619693601468729,0.1738270385715923,0.1738270385715923,0.2130226211584371,-0.5208506393787743,-0.5208506393787743,0.4746679830792051,-0.3095108762071263,-0.3095108762071263,9088e80011a512e27006cf8534599f3fd1199a9bfc02808731480c80e0e2541f
expected-tempo-governed-shadow-v1,2025-03-15|rosehill|2,2025-03-15,rosehill,2,V1,1,good,1,1,0.2571428571428571,1,"probabilities_updated,probability_cap_applied",held_by_policy,updated,updated,even,0.2171639670360898,0.2671639670360898,0.1382495026996305,0.11308765064339436,0.3706369504323468,0.35799250144105954,0.2739495798319328,0.26175588087945606,0.24195935743858,0.1738270385715923,0.1738270385715923,0.395960042973305,-0.5208506393787743,-0.4373852918832222,-1.0410695538995651,-0.3095108762071263,0.04792021079411418,fe25a3552a713bf0789a02edb235314d8bf70b6777dd559dc59f75bf8d00e5f4
expected-tempo-governed-shadow-v1,2025-03-15|rosehill|3,2025-03-15,rosehill,3,V2,1,good,2,2,0.3990861288354703,1,"probabilities_updated,probability_cap_applied",held_by_policy,updated,updated,slow,0.2171639670360898,0.2671639670360898,0.1382495026996305,0.12070592120784748,0.3706369504323468,0.3570503081371654,0.2739495798319328,0.2550798036188972,-0.7016046682610696,0.1738270385715923,0.1738270385715923,0.3255994961214343,-0.5208506393787743,-0.4251093117240266,0.8974247110800907,-0.3095108762071263,0.11305268345463598,2de3e48a7f4ed137014ead99b2a76035ad284cf28cf9bfca7a5d9efb4f07e8a7
expected-tempo-governed-shadow-v1,2025-03-15|rosehill|5,2025-03-15,rosehill,5,V3,1,good,3,3,0.2648065686403549,1,"probabilities_updated,probability_cap_applied",held_by_policy,updated,below_minimum_change,even,0.3398402839396628,0.36494202636212913,0.1184560780834072,0.10568306916348508,0.398846495119787,0.348846495119787,0.1428571428571428,0.1805284093545985,0.1599239003124075,-0.3925874611977842,-0.3925874611977842,0.9801588564678576,-0.5201137937068411,-0.08810753306794217,0.859578291117481,-0.5547564753231244,-0.5547564753231244,dedd80d987aae193b92fc63a9570e72c232d9e29599f410234c996a1ebdfb135
expected-tempo-governed-shadow-v1,2025-03-15|rosehill|7,2025-03-15,rosehill,7,V4,1,good,4,4,0.3154415503636434,1,probabilities_updated,held_by_policy,updated,updated,very_fast_or_collapse,0.4387351778656126,0.4512642106061001,0.0697780480389176,0.0638292726016509,0.282695565304261,0.3137973337319401,0.2087912087912088,0.1711091830603088,4.0,0.0570591040879983,0.0570591040879983,0.9840930753019111,-0.2702266815690505,-0.16436551648267,1.456422524887511,-0.2617749119337798,0.1394372469068722,2b1e5e3b82643b01ac0c31c0b18f16d0c9983915647a49533d4f898b762fcb5f
expected-tempo-governed-shadow-v1,2025-03-15|rosehill|10,2025-03-15,rosehill,10,V5,1,good,5,5,0.3301093550705755,1,probabilities_updated,held_by_policy,updated,capped,very_fast_or_collapse,0.4387351778656126,0.4830478137548623,0.0697780480389176,0.0789532516134873,0.282695565304261,0.2663714474945196,0.2087912087912088,0.1716274871371307,3.3822290257811924,0.0570591040879983,0.0570591040879983,0.4754606993031738,-0.2702266815690505,-0.156991773252017,0.4417019132855581,-0.2617749119337798,0.23822508806622023,a10b534a5ed9349ce756d6cb67ffb90703b4f1305a5f21744c360d398a73b046
expected-tempo-governed-shadow-v1,2025-03-22|rosehill|2,2025-03-22,rosehill,2,V0,1,good,0,0,0.0,0,"no_completed_races,insufficient_state_reliability,probabilities_held",held_by_policy,held_insufficient_evidence,held_insufficient_evidence,slow,0.2171639670360898,0.2171639670360898,0.1382495026996305,0.1382495026996305,0.3706369504323468,0.3706369504323468,0.2739495798319328,0.2739495798319328,-0.5685789873273808,0.1738270385715923,0.1738270385715923,0.0691785394334953,-0.5208506393787743,-0.5208506393787743,0.3190158997524456,-0.3095108762071263,-0.3095108762071263,6b6ae758c612a8615fb1864d66c47ae6beee78f4e69356470e0096892d1044a2
expected-tempo-governed-shadow-v1,2025-03-22|rosehill|3,2025-03-22,rosehill,3,V1,1,good,1,1,0.1785092123162197,0,"insufficient_state_reliability,probabilities_held",held_by_policy,held_insufficient_evidence,held_insufficient_evidence,slow,0.3398402839396628,0.3398402839396628,0.1184560780834072,0.1184560780834072,0.398846495119787,0.398846495119787,0.1428571428571428,0.1428571428571428,-0.7425547876293324,-0.3925874611977842,-0.3925874611977842,0.3822114303700665,-0.5201137937068411,-0.5201137937068411,0.4989321396802588,-0.5547564753231244,-0.5547564753231244,766b766141fa376e665a335ea3f4ed567000e42a76b8d837dfb1056660cf1444
expected-tempo-governed-shadow-v1,2025-03-22|rosehill|5,2025-03-22,rosehill,5,V2,1,good,2,2,0.3627486623814027,1,probabilities_updated,held_by_policy,capped,updated,even,0.3398402839396628,0.3876226724295557,0.1184560780834072,0.1019604102177889,0.398846495119787,0.3545929995631261,0.1428571428571428,0.1558239177895291,-0.0230607076903519,-0.3925874611977842,-0.3925874611977842,0.6247410864371836,-0.5201137937068411,-0.020113793706841077,0.6940478077958773,-0.5547564753231244,-0.2153486690162832,76011919a6a1846e8da37c51f5101cbe79db1b2ca284d36e7e1ce769eee283d3
expected-tempo-governed-shadow-v1,2025-03-22|rosehill|6,2025-03-22,rosehill,6,V3,1,good,3,3,0.2540487683554788,1,probabilities_updated,held_by_policy,updated,updated,even,0.4387351778656126,0.4451451097367203,0.0697780480389176,0.0603501530017853,0.282695565304261,0.3240104307842174,0.2087912087912088,0.1704943064772769,-0.4425535269355261,0.0570591040879983,0.0570591040879983,-1.982463240253643,-0.2702266815690505,-0.3547724827379982,0.0147033029797583,-0.2617749119337798,0.05163944139275112,bc03dfd4e5803c22fb18d243540b33df872205b1ff0c6794170e950e6cba089f
expected-tempo-governed-shadow-v1,2025-03-22|rosehill|8,2025-03-22,rosehill,8,V4,1,good,4,4,0.238512786843929,1,probabilities_updated,held_by_policy,updated,updated,even,0.3080267558528428,0.2962850064857912,0.1122073578595317,0.0987390979915029,0.4347109412326804,0.4443741871163784,0.145054945054945,0.1606017084063273,-0.0033894008013892,-0.4485456772453868,-0.4485456772453868,-0.1498868354392448,-0.3209882920298171,-0.0933857530188317,0.0326366496520943,-0.2926311852652332,-0.03613420206000889,1a7e15bf9250187812654f251cfa3c2d44c5fddee5fea32789ed3c2edf36dff8
expected-tempo-governed-shadow-v1,2025-03-22|rosehill|9,2025-03-22,rosehill,9,V5,1,good,5,5,0.3508059431456573,1,"probabilities_updated,probability_cap_applied",held_by_policy,updated,updated,very_fast_or_collapse,0.4387351778656126,0.4323093263063503,0.0697780480389176,0.06466069777453538,0.282695565304261,0.332695565304261,0.2087912087912088,0.17033441061485333,4.0,0.0570591040879983,0.0570591040879983,2.067718872251475,-0.2702266815690505,-0.5556384371429551,0.5322967914191652,-0.2617749119337798,-0.0610355237079494,bd1c410ad265c2a424be1cad7f3fce96e32b6849c4440190cc04c7be2ed8ea62
expected-tempo-governed-shadow-v1,2025-03-22|rosehill|10,2025-03-22,rosehill,10,V6,1,good,6,6,0.4331247636181797,1,"probabilities_updated,probability_cap_applied",held_by_policy,updated,capped,even,0.2171639670360898,0.2671639670360898,0.1382495026996305,0.13499429160769782,0.3706369504323468,0.3468746325231915,0.2739495798319328,0.2509671088330206,-0.4905387341647951,0.1738270385715923,0.1738270385715923,1.7986420252709163,-0.5208506393787743,-0.2026597904790784,0.9616050692537964,-0.3095108762071263,0.1904891237928737,eae7c67d01abba36f05b072b9f461f0b0d584d446f122818d1671506674819cf
expected-tempo-governed-shadow-v1,2025-03-22|the-valley|2,2025-03-22,the-valley,2,V0,1,soft,0,0,0.0,0,"no_completed_races,insufficient_state_reliability,probabilities_held",held_by_policy,held_insufficient_evidence,held_insufficient_evidence,even,0.2389825495415557,0.2389825495415557,0.2767179335502316,0.2767179335502316,0.3414423740510697,0.3414423740510697,0.1428571428571428,0.1428571428571428,0.3261601965863422,-0.1285914740362738,-0.1285914740362738,-1.3571042890271772,-0.2059062357550077,-0.2059062357550077,-1.1677150814904886,-0.1407951151589306,-0.1407951151589306,5e3e949d3c9cf5925f7a0f6fbc9146fe17a94ef7e527669121223d3eecd58cfa
expected-tempo-governed-shadow-v1,2025-03-22|the-valley|3,2025-03-22,the-valley,3,V1,1,soft,1,1,0.3333333333333333,1,"probabilities_updated,probability_cap_applied",held_by_policy,capped,updated,even,0.2389825495415557,0.2889825495415557,0.2767179335502316,0.23548376077618238,0.3414423740510697,0.3389904049444831,0.1428571428571428,0.1365432847377786,0.257090978485706,-0.1285914740362738,-0.1285914740362738,-0.2767758691875467,-0.2059062357550077,-0.7059062357550077,-0.6891433267812715,-0.1407951151589306,-0.2098299906128068,e142b3b0763f7ac6cf7b1c2525ecd98abce811b35bec279072edb4622e37e8b7
expected-tempo-governed-shadow-v1,2025-03-22|the-valley|7,2025-03-22,the-valley,7,V2,1,soft,2,2,0.2154093200896699,1,"probabilities_updated,probability_cap_applied",held_by_policy,updated,updated,slow,0.2404765109705209,0.27206109449501176,0.0916341364921254,0.08918032906690428,0.5336567121127628,0.4836567121127628,0.1342326404245908,0.15510186432532092,-4.0,-0.4807379021811658,-0.4807379021811658,-0.6286636066160439,-0.4077715194370196,-0.5854130955129121,-2.466034901328672,-0.3960114363814577,-0.4730317889471851,e1ed6a9bee4d9bf401e588cf905e5c6688b382bc6be07752a02bb95a56c09b69
expected-tempo-governed-shadow-v1,2025-03-22|the-valley|8,2025-03-22,the-valley,8,V3,1,soft,3,3,0.4217391551435909,1,probabilities_updated,held_by_policy,below_minimum_change,capped,slow,0.2404765109705209,0.216168335096656,0.0916341364921254,0.0724590587125091,0.5336567121127628,0.5798625572599729,0.1342326404245908,0.1315100489308618,-4.0,-0.4807379021811658,-0.4807379021811658,-0.2608078120326622,-0.4077715194370196,-0.4077715194370196,-2.745729874968277,-0.3960114363814577,-0.8960114363814577,b677f2ff00cb730b76bba3fb0ca907f7d9df99abcde1cb7e354dd0c460e04089
expected-tempo-governed-shadow-v1,2025-03-22|the-valley|9,2025-03-22,the-valley,9,V4,1,soft,4,4,0.4577630388817694,1,"probabilities_updated,probability_cap_applied",held_by_policy,updated,capped,very_fast_or_collapse,0.2389825495415557,0.23603512507298477,0.2767179335502316,0.2366651751719339,0.3414423740510697,0.3914423740510697,0.1428571428571428,0.1358573257040114,0.8672024050413398,-0.1285914740362738,-0.1285914740362738,0.6492199192464191,-0.2059062357550077,-0.3939624202183603,-1.2761913458912455,-0.1407951151589306,-0.6407951151589306,b4448bde9d3ed697558fbb979fd5e82518dcffdd0097a817b73f5c230bd41afa
expected-tempo-governed-shadow-v1,2025-03-22|the-valley|10,2025-03-22,the-valley,10,V5,1,soft,5,5,0.5465151380246719,1,"probabilities_updated,probability_cap_applied",held_by_policy,updated,updated,fast,0.2389825495415557,0.2664829562136719,0.2767179335502316,0.22671793355023162,0.3414423740510697,0.38147894380040226,0.1428571428571428,0.125320166435694,0.7060408961398513,-0.1285914740362738,-0.1285914740362738,-0.0493383071160455,-0.2059062357550077,-0.3798578731754551,-2.424763557193365,-0.1407951151589306,-0.4612687344646279,556ec9592a7936b6d6c741eff7ee0a445dbd6f0eeea87653b8e82029da5eaaa7
expected-tempo-governed-shadow-v1,2025-03-22|the-valley|11,2025-03-22,the-valley,11,V6,1,soft,6,6,0.6010567125856912,1,"probabilities_updated,probability_cap_applied",held_by_policy,updated,updated,even,0.2389825495415557,0.2685795559387383,0.2767179335502316,0.22671793355023162,0.3414423740510697,0.3778100696806354,0.1428571428571428,0.12689244083039442,0.4758101691377266,-0.1285914740362738,-0.1285914740362738,-0.8453697743662938,-0.2059062357550077,-0.49256700951532273,-1.378286653562543,-0.1407951151589306,-0.47138697170267774,31fee3de223e856517b7773f315281065da8436c1e878aac02baf79481be97a6
expected-tempo-governed-shadow-v1,2025-03-29|flemington|1,2025-03-29,flemington,1,V0,1,good,0,0,0.0,0,"no_completed_races,insufficient_state_reliability,probabilities_held",held_by_policy,held_insufficient_evidence,held_insufficient_evidence,even,0.2831287705429581,0.2831287705429581,0.1333628042438111,0.1333628042438111,0.4267073315700317,0.4267073315700317,0.1568010936431988,0.1568010936431988,-0.1232242733659142,-0.4916176381519688,-0.4916176381519688,-0.37096991771213,-0.2463464208290638,-0.2463464208290638,-0.287600120792052,0.0725851331012115,0.0725851331012115,0f20982c6e6c8895c8515668106c68a12c1322dccd08ff38735f6273031293c8
expected-tempo-governed-shadow-v1,2025-03-29|flemington|2,2025-03-29,flemington,2,V1,1,good,1,1,0.2326965376188986,1,probabilities_updated,held_by_policy,updated,updated,slow,0.3873081841432225,0.4095744271505224,0.1202046035805626,0.0922986623163016,0.4063527584947022,0.4167841993664308,0.0861344537815126,0.081342711166745,-2.460406544002673,-0.6645800217922166,-0.6645800217922166,-4.0,-0.1014764834332306,-0.3942473303880901,0.7046019540960843,-0.117757331210702,0.15003452927590263,8f43111edf7dc8debb0f89c1bb498fa509d777af25676064836be75e3c583bcc
expected-tempo-governed-shadow-v1,2025-03-29|flemington|3,2025-03-29,flemington,3,V2,1,good,2,2,0.4158148750781698,1,probabilities_updated,held_by_policy,updated,below_minimum_change,fast,0.2911113153782517,0.3220862900296152,0.1202775990440297,0.0861593620949298,0.3913897023098236,0.4337447480732885,0.1972213832678949,0.1580095998021662,0.6148845993368002,-0.1976151451239783,-0.1976151451239783,-1.6221591748361983,-0.2326545586175621,-0.706737129279388,-3.130133213356006,-0.046679291358151,-0.046679291358151,a93fdbdeb195efa9367703b88117cf63fc57945203d0959b1b74484081a707a9
expected-tempo-governed-shadow-v1,2025-03-29|flemington|4,2025-03-29,flemington,4,V3,1,good,3,3,0.4143696001882826,1,probabilities_updated,held_by_policy,capped,updated,slow,0.2552513866523528,0.2209450216529726,0.0911612095186974,0.0862201729335974,0.5634051580911484,0.6003386037835943,0.0901822457378012,0.0924962016298356,-0.5177403923986591,-0.697425685485157,-0.697425685485157,-0.5149138535206372,-0.5149183868520831,-1.014918386852083,0.605262451309694,0.0740981288228761,-0.1145244185945374,0d5db4fcccb1a38897571e2737e41077e86b9cf30a92b6e9a2b886b9bb2c6abc
expected-tempo-governed-shadow-v1,2025-03-29|flemington|5,2025-03-29,flemington,5,V4,1,good,4,4,0.5217611018481519,1,probabilities_updated,held_by_policy,updated,below_minimum_change,slow,0.2552513866523528,0.2806682217036851,0.0911612095186974,0.0904788077413326,0.5634051580911484,0.5279080449945173,0.0901822457378012,0.1009449255604649,-0.6937721258141977,-0.697425685485157,-0.697425685485157,-1.5642247874518975,-0.5149183868520831,-0.4392794622712271,0.7366021387665279,0.0740981288228761,0.0740981288228761,aa05add4768dd589f1ee118287e03f6073b60ad76c3077a6c10d4cac92e414e8
expected-tempo-governed-shadow-v1,2025-03-29|flemington|6,2025-03-29,flemington,6,V5,1,good,5,5,0.4853696947185346,1,probabilities_updated,held_by_policy,updated,updated,even,0.2831287705429581,0.325361827162432,0.1333628042438111,0.1075763656745497,0.4267073315700317,0.4300136483075127,0.1568010936431988,0.1370481588555051,0.4847902333738033,-0.4916176381519688,-0.4916176381519688,1.5386820450559895,-0.2463464208290638,-0.498837800927582,0.3372453797383006,0.0725851331012115,-0.1693941801899425,34dc603d5b4e707b21f545516bb00313637393d639b8821092cb822a74a95e96
expected-tempo-governed-shadow-v1,2025-03-29|flemington|7,2025-03-29,flemington,7,V6,1,good,6,6,0.57517159338477,1,"probabilities_updated,probability_cap_applied",held_by_policy,updated,updated,slow,0.2831287705429581,0.3331287705429581,0.1333628042438111,0.11963722712961826,0.4267073315700317,0.41408347611204827,0.1568010936431988,0.13315052621537501,-0.7198891759798228,-0.4916176381519688,-0.4916176381519688,-0.8262511803588308,-0.2463464208290638,-0.0731024500280873,0.9792099350776968,0.0725851331012115,0.4682273748368976,6d6c7ef9ee7619f6ccac9510f2e0d9be2b5398c7aa039eb67670fd177434470f
expected-tempo-governed-shadow-v1,2025-03-29|flemington|8,2025-03-29,flemington,8,V7,1,good,7,7,0.4103657723088271,1,probabilities_updated,held_by_policy,updated,updated,very_fast_or_collapse,0.2968515742128935,0.3075559750147653,0.1109445277361319,0.0997578471566298,0.4345684300706789,0.4430749004551729,0.1576354679802955,0.1496112773734317,1.6776923548477674,-0.4819416480789996,-0.4819416480789996,-0.2828945227434489,-0.2380673052237912,-0.0351606753055454,-1.9432531106669195,-0.3389046599004555,-0.2223282417366552,d3a8083c0e8752f820507d7f884fe1d347f1a82c4cad52a68cdafc93430ffc19
expected-tempo-governed-shadow-v1,2025-03-29|flemington|10,2025-03-29,flemington,10,V8,1,good,8,8,0.5517711274056893,1,"probabilities_updated,probability_cap_applied",held_by_policy,updated,capped,slow,0.2831287705429581,0.25926665376342034,0.1333628042438111,0.12849132404848923,0.4267073315700317,0.4767073315700317,0.1568010936431988,0.1355346906180584,-1.057134555718125,-0.4916176381519688,-0.4916176381519688,-0.1180358829083941,-0.2463464208290638,-0.0851566838150564,0.1506476823196449,0.0725851331012115,0.5725851331012115,b760413dc8b1dfce0fd25672802685e1f57865cba14bfabf9b36c4eacafce60a
expected-tempo-governed-shadow-v1,2025-04-05|caulfield|1,2025-04-05,caulfield,1,V0,1,good,0,0,0.0,0,"no_completed_races,insufficient_state_reliability,probabilities_held",held_by_policy,held_insufficient_evidence,held_insufficient_evidence,very_fast_or_collapse,0.2831287705429581,0.2831287705429581,0.1333628042438111,0.1333628042438111,0.4267073315700317,0.4267073315700317,0.1568010936431988,0.1568010936431988,0.8071774662588908,-0.4916176381519688,-0.4916176381519688,1.1719276945905888,-0.2463464208290638,-0.2463464208290638,-0.8791115516773498,0.0725851331012115,0.0725851331012115,4cba1252197a2eda5bb86bdda4785c1a67604b5bddd50041eeb876230f6e586c
expected-tempo-governed-shadow-v1,2025-04-05|caulfield|2,2025-04-05,caulfield,2,V1,1,good,1,1,0.2973782397718162,1,"probabilities_updated,probability_cap_applied",held_by_policy,below_minimum_change,updated,even,0.2938808373590982,0.3438808373590982,0.1871980676328502,0.1624624039942551,0.3641016793190706,0.34582611054376533,0.1548194156889809,0.14783064810288124,-0.0639327734101035,-0.2454864662822626,-0.2454864662822626,2.3541284944431897,-0.1527375898595598,-0.1527375898595598,-0.347994236463029,-0.2187451308938946,0.1473685076492102,3b6626801ccd964bb1b81d94e3fa611318f67b96e1408a1addc386b65f4280c5
expected-tempo-governed-shadow-v1,2025-04-05|caulfield|3,2025-04-05,caulfield,3,V2,1,good,2,2,0.3046922287210175,1,"probabilities_updated,probability_cap_applied",held_by_policy,capped,updated,very_fast_or_collapse,0.2552513866523528,0.26139704643079464,0.0911612095186974,0.09602970474127177,0.5634051580911484,0.5134051580911484,0.0901822457378012,0.12916809073678504,0.8683925864443997,-0.697425685485157,-0.697425685485157,2.601130206100352,-0.5149183868520831,-0.014918386852083132,-0.3176949229418697,0.0740981288228761,0.4179402881109607,2007dcf73d8ae0d2d36e2ed7f559da8581706ab112e9537972d15ce45cfad75b
expected-tempo-governed-shadow-v1,2025-04-05|caulfield|4,2025-04-05,caulfield,4,V3,1,good,3,3,0.464981809088361,1,"probabilities_updated,probability_cap_applied",held_by_policy,capped,capped,slow,0.3873081841432225,0.4373081841432225,0.1202046035805626,0.11530089667743933,0.4063527584947022,0.3609522039763284,0.0861344537815126,0.08643871520300961,-2.470423986516675,-0.6645800217922166,-0.6645800217922166,-0.224830253158865,-0.1014764834332306,0.39852351656676943,1.7438053781590106,-0.117757331210702,0.382242668789298,49055cd86b34a0e4f0106d082ff8c182a574a722eb43d318baeb8b16bb30b61c
expected-tempo-governed-shadow-v1,2025-04-05|caulfield|5,2025-04-05,caulfield,5,V4,1,good,4,4,0.2218594101138135,1,"probabilities_updated,probability_cap_applied",held_by_policy,capped,updated,slow,0.264796633941094,0.2648097652800421,0.1070126227208976,0.10623297814623617,0.4936285313564416,0.44439504459215484,0.1345622119815668,0.1845622119815668,-3.671456231823422,-1.020635003619114,-1.020635003619114,1.2895923954772752,-0.432011143721937,0.067988856278063,-0.082658181308406,-0.3819082557476358,-0.5321851102752657,b07a3d2000122769ca41872e3e476ef4cbe8b7f7143e2dee81f84131553b7c78
expected-tempo-governed-shadow-v1,2025-04-05|caulfield|6,2025-04-05,caulfield,6,V5,1,good,5,5,0.4187929871347863,1,probabilities_updated,held_by_policy,capped,updated,even,0.1766960722537282,0.1811708769234635,0.0792375551354757,0.077939106211162,0.5993113691601404,0.5595197956632768,0.1447550034506556,0.1813702212020976,-0.4472938720739581,-0.9279300793835124,-0.9279300793835124,1.788866796872704,-0.2756564620601618,0.2243435379398382,1.6224237187409896,-0.3034484674780613,0.12697809850172403,08ed77f4ef1cd2a9988490124d2165fda7f818e552f54bb22e69f48a99d6ec8d
expected-tempo-governed-shadow-v1,2025-04-05|caulfield|7,2025-04-05,caulfield,7,V6,1,good,6,6,0.5008291941788308,1,"probabilities_updated,probability_cap_applied",held_by_policy,capped,capped,fast,0.2938808373590982,0.3438808373590982,0.1871980676328502,0.1490677232046463,0.3641016793190706,0.36296070083334137,0.1548194156889809,0.14409073860291394,0.5290436999686098,-0.2454864662822626,-0.2454864662822626,0.3582109006811742,-0.1527375898595598,0.34726241014044024,0.0376209985365424,-0.2187451308938946,0.2812548691061054,a17f9722ffa422206335d3adff98bd2f1aed2fa7d6b1c28146cbea0a5087bc5f
expected-tempo-governed-shadow-v1,2025-04-05|caulfield|8,2025-04-05,caulfield,8,V7,1,good,7,7,0.5127060631949318,1,probabilities_updated,held_by_policy,capped,capped,very_fast_or_collapse,0.3023513753327418,0.2726271077637737,0.1123558118899733,0.1140176399945608,0.442435669920142,0.4644909057733293,0.1428571428571428,0.148864346468336,1.0969349719908716,-0.5832914004215531,-0.5832914004215531,1.1876902503827014,-0.302324048855728,0.197675951144272,0.5924580995402496,-0.269873901400122,0.23012609859987798,697b2873ce8bdd9a4969829c89c7dd8348c1f4dbe6652a2d68b80d71cbdfec41
expected-tempo-governed-shadow-v1,2025-04-05|caulfield|9,2025-04-05,caulfield,9,V8,1,good,8,8,0.558162616334107,1,probabilities_updated,held_by_policy,capped,capped,slow,0.3612195450262485,0.3639213234991145,0.0916341364921254,0.1124759512495356,0.4129136780570352,0.3920272507801581,0.1342326404245908,0.1315754744711915,-0.9264089949437516,-0.4092734240264955,-0.4092734240264955,1.3272237525184505,-0.2681743402429883,0.2318256597570117,1.776707366426155,-0.3876273949499671,0.11237260505003288,307b785e301ef4dce2fb91c8b246976182c5f6c3822441154a0c62b923cec120
expected-tempo-governed-shadow-v1,2025-04-05|caulfield|10,2025-04-05,caulfield,10,V9,1,good,9,9,0.608637666178842,1,probabilities_updated,held_by_policy,capped,capped,slow,0.3873081841432225,0.3902105179534785,0.1202046035805626,0.120182159374416,0.4063527584947022,0.3937134383349634,0.0861344537815126,0.0958938843371419,-1.2352119932583316,-0.6645800217922166,-0.6645800217922166,1.573811772112045,-0.1014764834332306,0.39852351656676943,-0.2961178944043552,-0.117757331210702,0.382242668789298,300420e4ee8beecefb3e488f91e71f4d537d0e32ac608aa7863be7532be1b550
expected-tempo-governed-shadow-v1,2025-04-05|randwick|2,2025-04-05,randwick,2,V0,1,soft,0,0,0.0,0,"no_completed_races,insufficient_state_reliability,probabilities_held",held_by_policy,held_insufficient_evidence,held_insufficient_evidence,slow,0.3003344481605351,0.3003344481605351,0.1122073578595317,0.1122073578595317,0.4347109412326804,0.4347109412326804,0.1527472527472527,0.1527472527472527,-2.063740383473167,-0.2866705153702255,-0.2866705153702255,-1.4850132687635886,-0.3110882821298076,-0.3110882821298076,0.7860606595403967,-0.2910897069408998,-0.2910897069408998,16660316c5f2c60e45f16beaca519ddfe26d8fcd0f25d0b96fb9c4aeb062c52d
expected-tempo-governed-shadow-v1,2025-04-05|randwick|5,2025-04-05,randwick,5,V1,1,soft,1,1,0.1137347622534754,0,"insufficient_state_reliability,probabilities_held",held_by_policy,held_insufficient_evidence,held_insufficient_evidence,very_fast_or_collapse,0.4139329680495268,0.4139329680495268,0.1118266562299864,0.1118266562299864,0.2722296205182422,0.2722296205182422,0.2020107552022445,0.2020107552022445,1.6960495796547237,-0.0404545666943978,-0.0404545666943978,1.5689241579129525,-0.7325348677273784,-0.7325348677273784,-0.2482500711962465,-0.1456456421002815,-0.1456456421002815,b0631a6bd43d56d87c93414e1eed479b10d266961595e3bba26956fad1e747f6
expected-tempo-governed-shadow-v1,2025-04-05|randwick|6,2025-04-05,randwick,6,V2,1,good,2,0,0.0,0,"condition_regime_reset,insufficient_state_reliability,probabilities_held",held_by_policy,held_insufficient_evidence,held_insufficient_evidence,even,0.2171639670360898,0.2171639670360898,0.1382495026996305,0.1382495026996305,0.3706369504323468,0.3706369504323468,0.2739495798319328,0.2739495798319328,-0.1247612965505821,0.1738270385715923,0.1738270385715923,-0.6671593381779328,-0.5208506393787743,-0.5208506393787743,-1.2882773506002945,-0.3095108762071263,-0.3095108762071263,9fbd47a723cb7a275a80767a49e724967d374408bacc06a8cad0bcc3e85d22a3
expected-tempo-governed-shadow-v1,2025-04-05|randwick|7,2025-04-05,randwick,7,V3,1,good,3,1,0.2637669986665615,1,probabilities_updated,held_by_policy,capped,updated,even,0.4387351778656126,0.468291945313921,0.0697780480389176,0.061500108072956,0.282695565304261,0.3024591316374628,0.2087912087912088,0.1677488149756601,-0.4522323653022042,0.0570591040879983,0.0570591040879983,0.6380317995048892,-0.2702266815690505,-0.7702266815690505,1.409634240800944,-0.2617749119337798,-0.4519609098584299,af5089470b1ecb41d97d1e688684c75e654054734b650a14f01d70b0e8ef8df2
expected-tempo-governed-shadow-v1,2025-04-05|randwick|9,2025-04-05,randwick,9,V4,1,good,4,2,0.1090582098936943,0,"insufficient_state_reliability,probabilities_held",held_by_policy,held_insufficient_evidence,held_insufficient_evidence,slow,0.3080267558528428,0.3080267558528428,0.1122073578595317,0.1122073578595317,0.4347109412326804,0.4347109412326804,0.145054945054945,0.145054945054945,-0.8601064335961237,-0.4485456772453868,-0.4485456772453868,-0.8431134493457495,-0.3209882920298171,-0.3209882920298171,-1.505463375151764,-0.2926311852652332,-0.2926311852652332,81a2b8a3203b03c541c536b9c3ed5e964ecef32e7e932cebddfc8fec5bc141b2
expected-tempo-governed-shadow-v1,2025-04-05|randwick|10,2025-04-05,randwick,10,V5,1,good,5,3,0.3847231012964777,1,"probabilities_updated,probability_cap_applied",held_by_policy,updated,capped,slow,0.4387351778656126,0.4225391685988209,0.0697780480389176,0.06866856335981242,0.282695565304261,0.332695565304261,0.2087912087912088,0.17609670273710565,-0.9293536885186746,0.0570591040879983,0.0570591040879983,0.9306888565750808,-0.2702266815690505,-0.1529698281135739,0.7809037937898404,-0.2617749119337798,0.23822508806622023,026600c961ca4cbd9d2e17033479703bc33e5df63e5d8d454e92b4b2491fc405
expected-tempo-governed-shadow-v1,2025-04-12|randwick|2,2025-04-12,randwick,2,V0,1,good,0,0,0.0,0,"no_completed_races,insufficient_state_reliability,probabilities_held",held_by_policy,held_insufficient_evidence,held_insufficient_evidence,even,0.2171639670360898,0.2171639670360898,0.1382495026996305,0.1382495026996305,0.3706369504323468,0.3706369504323468,0.2739495798319328,0.2739495798319328,-0.3832333860662493,0.1738270385715923,0.1738270385715923,-0.7058624227080641,-0.5208506393787743,-0.5208506393787743,0.2767141577339896,-0.3095108762071263,-0.3095108762071263,9ef9082580ed3d7cc62aa9b93088a77f5a16ec3a5b88f9e3da1c065db3dc46c5
expected-tempo-governed-shadow-v1,2025-04-12|randwick|3,2025-04-12,randwick,3,V1,1,good,1,1,0.3333333333333333,1,"probabilities_updated,probability_cap_applied",held_by_policy,updated,updated,slow,0.2171639670360898,0.2671639670360898,0.1382495026996305,0.11821243997204245,0.3706369504323468,0.35768235392850567,0.2739495798319328,0.2569412390633619,-0.5160876265692147,0.1738270385715923,0.1738270385715923,0.1411724845416128,-0.5208506393787743,-0.6344772857061841,0.2075356183004902,-0.3095108762071263,0.0011362190109839854,69c1b3d0e26897efc93bb5eab4bc1aeb38db06cd91c38ab979ba76902a1ce9b6
expected-tempo-governed-shadow-v1,2025-04-12|randwick|4,2025-04-12,randwick,4,V2,1,good,2,2,0.3966869491876508,1,"probabilities_updated,probability_cap_applied",held_by_policy,updated,updated,slow,0.4387351778656126,0.4845522015450199,0.0697780480389176,0.05938234498137814,0.282695565304261,0.29727424468239305,0.2087912087912088,0.15879120879120878,-0.7586618193114402,0.0570591040879983,0.0570591040879983,-0.3111023270454084,-0.2702266815690505,-0.3983611871669527,0.5299570253030405,-0.2617749119337798,0.2124016454609693,18f8f1e8523055cfc6ae32fbe86687ab9d3768315ca1c3155216dae0d8acaf64
expected-tempo-governed-shadow-v1,2025-04-12|randwick|5,2025-04-12,randwick,5,V3,1,good,3,3,0.5120051838401923,1,"probabilities_updated,probability_cap_applied",held_by_policy,updated,capped,slow,0.4387351778656126,0.48346237875664183,0.0697780480389176,0.06177040151006146,0.282695565304261,0.2959760109420879,0.2087912087912088,0.15879120879120878,-1.3703048541113505,0.0570591040879983,0.0570591040879983,-1.3829674874539517,-0.2702266815690505,-0.1658641947986253,2.0847896202004,-0.2617749119337798,0.23822508806622023,d109ef0b21fb1a810e11ca3e5c9be3baabb994955a4f01dca75236a7da022bdb
expected-tempo-governed-shadow-v1,2025-04-12|randwick|6,2025-04-12,randwick,6,V4,1,good,4,4,0.1968573922915656,0,"insufficient_state_reliability,probabilities_held",held_by_policy,held_insufficient_evidence,held_insufficient_evidence,slow,0.3080267558528428,0.3080267558528428,0.1122073578595317,0.1122073578595317,0.4347109412326804,0.4347109412326804,0.145054945054945,0.145054945054945,-1.421447468318446,-0.4485456772453868,-0.4485456772453868,-0.8124547784604437,-0.3209882920298171,-0.3209882920298171,0.2676550632843621,-0.2926311852652332,-0.2926311852652332,4642451138a3ab4c5a0a0b3fdf054cb2415c28105eb5ed5f19af902e2b5fb636
expected-tempo-governed-shadow-v1,2025-04-12|randwick|8,2025-04-12,randwick,8,V5,1,good,5,5,0.3537949941932862,1,probabilities_updated,held_by_policy,capped,updated,even,0.3398402839396628,0.3293709539336569,0.1184560780834072,0.1063287736859172,0.398846495119787,0.3887211320884587,0.1428571428571428,0.1755791402919669,0.3173042949064662,-0.3925874611977842,-0.3925874611977842,-0.3202665896428877,-0.5201137937068411,-0.020113793706841077,-0.979050732663224,-0.5547564753231244,-0.4839680422218109,df5b4df89fc2193298b4f61b91d5820f463b28914ed2f67788e594f8c2b304dc
expected-tempo-governed-shadow-v1,2025-04-12|randwick|10,2025-04-12,randwick,10,V6,1,good,6,6,0.4503895457945506,1,"probabilities_updated,probability_cap_applied",held_by_policy,below_minimum_change,capped,slow,0.4387351778656126,0.41534186084563984,0.0697780480389176,0.06789511907422967,0.282695565304261,0.332695565304261,0.2087912087912088,0.1840674547758695,-0.5734854876747716,0.0570591040879983,0.0570591040879983,-0.3372453797382947,-0.2702266815690505,-0.2702266815690505,0.581054810111879,-0.2617749119337798,0.23822508806622023,9c1b5f602ed510b61da55b19d980a6cd9f6d9dcc3ed9fd8d29d63e05ba8bc131
expected-tempo-governed-shadow-v1,2025-04-19|randwick|1,2025-04-19,randwick,1,V0,1,soft,0,0,0.0,0,"no_completed_races,insufficient_state_reliability,probabilities_held",held_by_policy,held_insufficient_evidence,held_insufficient_evidence,fast,0.4139329680495268,0.4139329680495268,0.1118266562299864,0.1118266562299864,0.2722296205182422,0.2722296205182422,0.2020107552022445,0.2020107552022445,0.5627213257551756,-0.0404545666943978,-0.0404545666943978,0.2971366751811002,-0.7325348677273784,-0.7325348677273784,-0.1169954868009466,-0.1456456421002815,-0.1456456421002815,ae1e0a41389c04a54b0f9d81a1cda4ee22b9d43c2830131c3d84dc0f3b60d06b
expected-tempo-governed-shadow-v1,2025-04-19|randwick|2,2025-04-19,randwick,2,V1,1,soft,1,1,0.3181818181818182,1,"probabilities_updated,probability_cap_applied",held_by_policy,updated,updated,fast,0.4139329680495268,0.4351656482813253,0.1118266562299864,0.09751141772909289,0.2722296205182422,0.2222296205182422,0.2020107552022445,0.24509331347133947,0.6245141322666726,-0.0404545666943978,-0.0404545666943978,0.5999692610685557,-0.7325348677273784,-0.24585005886073152,-0.0714536194556129,-0.1456456421002815,-0.2372193823396517,a2773c70c99ecf54e20b5cb885d656e1db48faf8ed600cdf0aa9a28027ab6aa0
expected-tempo-governed-shadow-v1,2025-04-19|randwick|3,2025-04-19,randwick,3,V2,1,soft,2,2,0.2466115215184636,1,"probabilities_updated,probability_cap_applied",held_by_policy,updated,updated,slow,0.3003344481605351,0.3503344481605351,0.1122073578595317,0.09748183854535544,0.4347109412326804,0.3936791791744284,0.1527472527472527,0.15850453411968077,-1.834614865776338,-0.2866705153702255,-0.2866705153702255,-1.082586008907806,-0.3110882821298076,-0.2333585600101646,0.4716363957242387,-0.2910897069408998,0.030333927784399528,fd64edb9caeb529822617ef15be0e90e2d5d5184d039ad9bb64534247c32a547
expected-tempo-governed-shadow-v1,2025-04-19|randwick|4,2025-04-19,randwick,4,V3,1,soft,3,3,0.4811009471508201,1,"probabilities_updated,probability_cap_applied",held_by_policy,capped,updated,even,0.4139329680495268,0.4119950580177744,0.1118266562299864,0.10578968434601499,0.2722296205182422,0.230204502433966,0.2020107552022445,0.25201075520224453,0.4784584077849488,-0.0404545666943978,-0.0404545666943978,0.7032076426211001,-0.7325348677273784,-0.2325348677273784,0.8507691942874165,-0.1456456421002815,-0.2107790910246314,7b808bc38134aa2eec0cbf004cb0450cd43e9840347f1697f1d365fc3ebf1bbe
expected-tempo-governed-shadow-v1,2025-04-19|randwick|5,2025-04-19,randwick,5,V4,1,soft,4,4,0.4773063798187917,1,"probabilities_updated,probability_cap_applied",held_by_policy,capped,capped,slow,0.2556221889055472,0.2829059447091224,0.0888305847076461,0.09686574808384846,0.497911758406511,0.447911758406511,0.1576354679802955,0.17231654880051797,-1.2060430798588149,-0.6020308462384194,-0.6020308462384194,0.8956352707804107,-0.527414560044455,-0.027414560044454972,0.8104991842270187,-0.3309324487931435,0.16906755120685651,a4fe985ae4678dc3c8d540b873ad863be8c2df56449fbc0aa715a446eeb205f7
expected-tempo-governed-shadow-v1,2025-04-19|randwick|6,2025-04-19,randwick,6,V5,1,soft,5,5,0.4520640582306613,1,probabilities_updated,held_by_policy,capped,updated,even,0.3003344481605351,0.337145049551309,0.1122073578595317,0.0947807922505631,0.4347109412326804,0.420456443704478,0.1527472527472527,0.1476177144936497,-0.0989253113899001,-0.2866705153702255,-0.2866705153702255,0.1133597915086726,-0.3110882821298076,0.1889117178701924,-0.5223499866623332,-0.2910897069408998,0.19553862513458392,98d325727b265558576e3d0a7dbdbf66c24acea19782dd829b6ae9cdbcfa9853
expected-tempo-governed-shadow-v1,2025-04-19|randwick|8,2025-04-19,randwick,8,V6,1,soft,6,6,0.5340738279948901,1,"probabilities_updated,probability_cap_applied",held_by_policy,capped,updated,very_fast_or_collapse,0.4139329680495268,0.38216787956117076,0.1118266562299864,0.11910488787551336,0.2722296205182422,0.2467164773610712,0.2020107552022445,0.25201075520224453,0.8548327747186153,-0.0404545666943978,-0.0404545666943978,0.8477413767946574,-0.7325348677273784,-0.2325348677273784,0.7369145259240782,-0.1456456421002815,0.2285458092215397,8d24cb2e01297edfbc8af694d40f7e378eeb7b3a069524aa32f82a8bfec40ece
expected-tempo-governed-shadow-v1,2025-04-19|randwick|9,2025-04-19,randwick,9,V7,1,soft,7,7,0.5425598742632757,1,"probabilities_updated,probability_cap_applied",held_by_policy,capped,capped,even,0.2556221889055472,0.26751362533539697,0.0888305847076461,0.10798396149607371,0.497911758406511,0.447911758406511,0.1576354679802955,0.17659065476201813,-0.4824172319435272,-0.6020308462384194,-0.6020308462384194,0.0110572255651801,-0.527414560044455,-0.027414560044454972,0.7938450914004355,-0.3309324487931435,0.16906755120685651,009ffa8ee3af3f2162be84f9f44cf0ab7b30a060ddb683b9350d97bd74fbcf8e
expected-tempo-governed-shadow-v1,2025-04-19|randwick|10,2025-04-19,randwick,10,V8,1,soft,8,8,0.6117441439453697,1,"probabilities_updated,probability_cap_applied",held_by_policy,capped,updated,very_fast_or_collapse,0.4139329680495268,0.39129410780746365,0.1118266562299864,0.12458853133063094,0.2722296205182422,0.23210660565966063,0.2020107552022445,0.25201075520224453,0.7818049124777573,-0.0404545666943978,-0.0404545666943978,1.5841751652027751,-0.7325348677273784,-0.2325348677273784,-0.5610286934179602,-0.1456456421002815,0.33630189833612867,df2df45713eed52bae8854836f4a9d6c5351cb226e67adbee5fd4cf5ede38729
expected-tempo-governed-shadow-v1,2025-04-26|randwick|3,2025-04-26,randwick,3,V0,1,soft,0,0,0.0,0,"no_completed_races,insufficient_state_reliability,probabilities_held",held_by_policy,held_insufficient_evidence,held_insufficient_evidence,slow,0.3043478260869565,0.3043478260869565,0.108695652173913,0.108695652173913,0.4440993788819876,0.4440993788819876,0.1428571428571428,0.1428571428571428,-1.0211040664298503,-0.4483988885128754,-0.4483988885128754,-3.3724537973829567,-0.3170567021240242,-0.3170567021240242,-0.8689385459923706,-0.2530751349556213,-0.2530751349556213,762a4d83ea3c120d727a4f830f22daa295c3698d8d60894547d2a154f8c3fe36
expected-tempo-governed-shadow-v1,2025-04-26|randwick|4,2025-04-26,randwick,4,V1,1,soft,1,1,0.3333333333333333,1,probabilities_updated,held_by_policy,capped,updated,slow,0.3043478260869565,0.3433090575615098,0.108695652173913,0.0832186272717149,0.4440993788819876,0.4556397632036509,0.1428571428571428,0.1178325519631242,-1.1709909018690907,-0.4483988885128754,-0.4483988885128754,-1.0522055847834708,-0.3170567021240242,-0.8170567021240243,-0.4678899863035818,-0.2530751349556213,-0.6702902175570571,647c8ccb097af514a5f33fdb66d6dc2eda9b4dfef000e182c6ab291549290ca1
expected-tempo-governed-shadow-v1,2025-04-26|randwick|6,2025-04-26,randwick,6,V2,1,soft,2,2,0.3545064244814321,1,probabilities_updated,held_by_policy,updated,updated,slow,0.2556221889055472,0.2946239264435835,0.0888305847076461,0.0806257553449693,0.497911758406511,0.469498137720423,0.1576354679802955,0.1552521804910241,-2.736891244283676,-0.6020308462384194,-0.6020308462384194,-2.947668127584981,-0.527414560044455,-0.9441031439292572,-0.3043924501017709,-0.3309324487931435,-0.7211825230578579,fb619a5caba4ec1b1adad1db21738882905a15070d613de4a45508d5318c0698
expected-tempo-governed-shadow-v1,2025-04-26|randwick|7,2025-04-26,randwick,7,V3,1,soft,3,3,0.4894656731538251,1,probabilities_updated,held_by_policy,capped,capped,slow,0.2556221889055472,0.2579138047050533,0.0888305847076461,0.0742181803745574,0.497911758406511,0.5273935881252529,0.1576354679802955,0.1404744267951362,-0.5990177062960557,-0.6020308462384194,-0.6020308462384194,-4.0,-0.527414560044455,-1.027414560044455,-0.9203290084574676,-0.3309324487931435,-0.8309324487931435,0819dc7ec17a5bfdd7aacaa0b2fbc9f17dcb1dedb4fa159ec2f4d6d4828ba9db
expected-tempo-governed-shadow-v1,2025-04-26|randwick|9,2025-04-26,randwick,9,V4,1,soft,4,4,0.4377364775447355,1,"probabilities_updated,probability_cap_applied",held_by_policy,capped,capped,slow,0.4139329680495268,0.3835327268822054,0.1118266562299864,0.09840410994171679,0.2722296205182422,0.32222962051824217,0.2020107552022445,0.1958335426578353,-0.6744907594765952,-0.0404545666943978,-0.0404545666943978,0.259103157603819,-0.7325348677273784,-1.2325348677273784,-1.5599953878397177,-0.1456456421002815,-0.6456456421002815,35b9f1ea5035b6a76ffa7367d82b6809b82c042819c442e67f9047e6f5fd6473
expected-tempo-governed-shadow-v1,2025-04-26|the-valley|1,2025-04-26,the-valley,1,V0,1,soft,0,0,0.0,0,"no_completed_races,insufficient_state_reliability,probabilities_held",held_by_policy,held_insufficient_evidence,held_insufficient_evidence,even,0.3221633085896076,0.3221633085896076,0.1053022269353128,0.1053022269353128,0.3878654749280412,0.3878654749280412,0.1846689895470383,0.1846689895470383,0.2669859256261538,-0.2871234187343125,-0.2871234187343125,-1.59319369048781,-0.7381716070290985,-0.7381716070290985,-0.8256697228075596,-0.868002860868811,-0.868002860868811,7739c24cf2bf0453357b46facab4f94d9e9af9891453d3f803599a709c03fa2f
expected-tempo-governed-shadow-v1,2025-04-26|the-valley|2,2025-04-26,the-valley,2,V1,1,soft,1,1,0.2637669986665615,1,"probabilities_updated,probability_cap_applied",held_by_policy,capped,below_minimum_change,very_fast_or_collapse,0.2389825495415557,0.2889825495415557,0.2767179335502316,0.22797288037257715,0.3414423740510697,0.34577519686154373,0.1428571428571428,0.13726937322432323,1.434979090786457,-0.1285914740362738,-0.1285914740362738,0.1891207453368288,-0.2059062357550077,-0.7059062357550077,0.301635619144812,-0.1407951151589306,-0.1407951151589306,65fa1ea1667302ffc70665a402bb441f3e1afa956b3a6665c630b227f65a7508
expected-tempo-governed-shadow-v1,2025-04-26|the-valley|3,2025-04-26,the-valley,3,V2,1,soft,2,2,0.4442124431663236,1,"probabilities_updated,probability_cap_applied",held_by_policy,updated,capped,even,0.2389825495415557,0.2889825495415557,0.2767179335502316,0.24995744188815766,0.3414423740510697,0.3247440255058641,0.1428571428571428,0.1363159830644223,0.3754665227753069,-0.1285914740362738,-0.1285914740362738,-0.3836278410155294,-0.2059062357550077,-0.45740543229252284,0.6661119922781295,-0.1407951151589306,0.3592048848410694,4b672cbf014664d7afbaf4b875f50fa09eb895141a2a675f017a934904e3f65a
expected-tempo-governed-shadow-v1,2025-04-26|the-valley|4,2025-04-26,the-valley,4,V3,1,soft,3,3,0.5015830837602253,1,"probabilities_updated,probability_cap_applied",held_by_policy,updated,below_minimum_change,even,0.3221633085896076,0.3588510892954743,0.1053022269353128,0.10809718757684696,0.3878654749280412,0.3378654749280412,0.1846689895470383,0.1951862481996374,0.056207563289715,-0.2871234187343125,-0.2871234187343125,-1.3954981230550147,-0.7381716070290985,-0.2640694283466754,-0.3256162287128413,-0.868002860868811,-0.868002860868811,4a6e6079ae49bba66af2ef76fdb32d20489bc47f0ed5c20491a069f25add3c49
expected-tempo-governed-shadow-v1,2025-04-26|the-valley|6,2025-04-26,the-valley,6,V4,1,soft,4,4,0.5269289844525323,1,"probabilities_updated,probability_cap_applied",held_by_policy,below_minimum_change,capped,even,0.2389825495415557,0.2889825495415557,0.2767179335502316,0.2423871906874199,0.3414423740510697,0.3288917211369746,0.1428571428571428,0.1397385386340495,0.3265659427132519,-0.1285914740362738,-0.1285914740362738,0.6403772073114082,-0.2059062357550077,-0.2059062357550077,-0.6945998007529134,-0.1407951151589306,0.3592048848410694,2964fe1a2d0e6b57129be51f33ebef30ba177e5d2e7a50988b8acb504501bbb8
expected-tempo-governed-shadow-v1,2025-05-03|caulfield|1,2025-05-03,caulfield,1,V0,1,good,0,0,0.0,0,"no_completed_races,insufficient_state_reliability,probabilities_held",held_by_policy,held_insufficient_evidence,held_insufficient_evidence,very_fast_or_collapse,0.3873081841432225,0.3873081841432225,0.1202046035805626,0.1202046035805626,0.4063527584947022,0.4063527584947022,0.0861344537815126,0.0861344537815126,1.124151265794313,-0.6645800217922166,-0.6645800217922166,-1.8999014522661304,-0.1014764834332306,-0.1014764834332306,-2.2977651872836007,-0.117757331210702,-0.117757331210702,ec3bdb216919c0711386ade4492fe7a2000083a1480c1343a0adbcd07cbac9dc
expected-tempo-governed-shadow-v1,2025-05-03|caulfield|2,2025-05-03,caulfield,2,V1,1,good,1,1,0.2326965376188986,1,"probabilities_updated,probability_cap_applied",held_by_policy,capped,updated,slow,0.2831287705429581,0.3331287705429581,0.1333628042438111,0.11200277650426624,0.4267073315700317,0.3980827992115197,0.1568010936431988,0.15678565374125567,-0.9918981757008722,-0.4916176381519688,-0.4916176381519688,-0.149886835439248,-0.2463464208290638,-0.7463464208290638,-0.1385114952496692,0.0725851331012115,-0.3485606416055956,499d0dd444ecc6e61a170f846c2f848b1da743d40412e308ffc6f37bdad55782
expected-tempo-governed-shadow-v1,2025-05-03|caulfield|3,2025-05-03,caulfield,3,V2,1,good,2,2,0.4296497152799156,1,"probabilities_updated,probability_cap_applied",held_by_policy,below_minimum_change,updated,even,0.2831287705429581,0.3331287705429581,0.1333628042438111,0.11525236769871991,0.4267073315700317,0.4004328137783389,0.1568010936431988,0.1511860479799828,-0.1322530900934515,-0.4916176381519688,-0.4916176381519688,-0.3081007172917797,-0.2463464208290638,-0.2463464208290638,-0.403490007901188,0.0725851331012115,-0.1230921039051812,afc1f353eca1a9972637672b4844b8611cb8f89ab61dca3f5684e36f27c0a5b9
expected-tempo-governed-shadow-v1,2025-05-03|caulfield|4,2025-05-03,caulfield,4,V3,1,good,3,3,0.4751791183566263,1,"probabilities_updated,probability_cap_applied",held_by_policy,updated,updated,slow,0.3873081841432225,0.4373081841432225,0.1202046035805626,0.10769877226649416,0.4063527584947022,0.37173611564752823,0.0861344537815126,0.08325692794275494,-1.753675974639146,-0.6645800217922166,-0.6645800217922166,0.0360414909643946,-0.1014764834332306,-0.3435993446184451,1.317505283510946,-0.117757331210702,-0.3340074238487697,da28d10f5f51cea0759d03a7abbaea0f65eb3fe6dae95d570540e23332805978
expected-tempo-governed-shadow-v1,2025-05-03|caulfield|5,2025-05-03,caulfield,5,V4,1,good,4,4,0.5134081926093507,1,"probabilities_updated,probability_cap_applied",held_by_policy,capped,below_minimum_change,slow,0.2831287705429581,0.3331287705429581,0.1333628042438111,0.11549916243109197,0.4267073315700317,0.3961933591720521,0.1568010936431988,0.15517870785389745,-1.497184211380755,-0.4916176381519688,-0.4916176381519688,-2.0309785348945306,-0.2463464208290638,0.2536535791709362,1.3498632062204845,0.0725851331012115,0.0725851331012115,cfe578729bbac2ccd4712dce0df7b09f2035fcb7835f17553a063d3b0dbc9e01
expected-tempo-governed-shadow-v1,2025-05-03|caulfield|6,2025-05-03,caulfield,6,V5,1,good,5,5,0.3245346839848821,1,"probabilities_updated,probability_cap_applied",held_by_policy,updated,updated,even,0.1766960722537282,0.19278863892876155,0.0792375551354757,0.08141028946457804,0.5993113691601404,0.5493113691601403,0.1447550034506556,0.1764897024465199,-0.084164773154705,-0.9279300793835124,-0.9279300793835124,0.1942362630138195,-0.2756564620601618,0.22341792509628522,0.7021185810542071,-0.3034484674780613,-0.3926530898891219,ead039849a8a69a1d790711ff5b19b96185213014a74469ede708878874e67f8
expected-tempo-governed-shadow-v1,2025-05-03|caulfield|7,2025-05-03,caulfield,7,V6,1,good,6,6,0.4740481388463461,1,"probabilities_updated,probability_cap_applied",held_by_policy,capped,updated,fast,0.1766960722537282,0.20435968210989688,0.0792375551354757,0.08830736283744951,0.5993113691601404,0.5493113691601403,0.1447550034506556,0.1580215858925131,0.5933225649326584,-0.9279300793835124,-0.9279300793835124,-1.3874018786702138,-0.2756564620601618,0.2243435379398382,-0.085274333907834,-0.3034484674780613,0.1453843525528163,9ba46911be26d8cefa62ac17a040cec3a6d39c0c4769ac100f94e70fcf521ad1
expected-tempo-governed-shadow-v1,2025-05-03|caulfield|8,2025-05-03,caulfield,8,V7,1,good,7,7,0.5291951082473934,1,probabilities_updated,held_by_policy,capped,updated,very_fast_or_collapse,0.2552513866523528,0.2259592773817757,0.0911612095186974,0.1158848824769887,0.5634051580911484,0.5194796549363345,0.0901822457378012,0.1386761852049008,1.4504293161102324,-0.697425685485157,-0.697425685485157,1.837987319573677,-0.5149183868520831,-0.014918386852083132,-1.731192949323248,0.0740981288228761,0.3550179213951877,6798c597053eca9cbb05769fa0a2bf46f33f65063c483fb6f05d5de8f8536cc2
expected-tempo-governed-shadow-v1,2025-05-03|caulfield|9,2025-05-03,caulfield,9,V8,1,good,8,8,0.5835625560832847,1,probabilities_updated,held_by_policy,capped,capped,even,0.3873081841432225,0.3721044640273178,0.1202046035805626,0.1253811053398817,0.4063527584947022,0.4261990477066376,0.0861344537815126,0.0763153829261627,0.4734660625345394,-0.6645800217922166,-0.6645800217922166,-0.0978269040462224,-0.1014764834332306,0.39852351656676943,-0.8498583569405166,-0.117757331210702,0.382242668789298,3647247da2fb53cbf4682630496e2697ccb0d9260054f930d616a3350fe45169
expected-tempo-governed-shadow-v1,2025-05-10|caulfield|1,2025-05-10,caulfield,1,V0,1,good,0,0,0.0,0,"no_completed_races,insufficient_state_reliability,probabilities_held",held_by_policy,held_insufficient_evidence,held_insufficient_evidence,even,0.2831287705429581,0.2831287705429581,0.1333628042438111,0.1333628042438111,0.4267073315700317,0.4267073315700317,0.1568010936431988,0.1568010936431988,0.3815301265726155,-0.4916176381519688,-0.4916176381519688,0.2146106961970932,-0.2463464208290638,-0.2463464208290638,0.1623774050591749,0.0725851331012115,0.0725851331012115,94a4cf4806b719b1797c5f6b818e20fd7c220814f9c1767c38b812513e8060ec
expected-tempo-governed-shadow-v1,2025-05-10|caulfield|2,2025-05-10,caulfield,2,V1,1,good,1,1,0.0541762383762179,0,"insufficient_state_reliability,probabilities_held",held_by_policy,held_insufficient_evidence,held_insufficient_evidence,slow,0.264796633941094,0.264796633941094,0.1070126227208976,0.1070126227208976,0.4936285313564416,0.4936285313564416,0.1345622119815668,0.1345622119815668,-3.385501585466021,-1.020635003619114,-1.020635003619114,-0.5901794145420141,-0.432011143721937,-0.432011143721937,-1.3702812271471991,-0.3819082557476358,-0.3819082557476358,66800799a45112410f251ca649756d8ddcaa46494b855116e7548aa0677b496d
expected-tempo-governed-shadow-v1,2025-05-10|caulfield|3,2025-05-10,caulfield,3,V2,1,good,2,2,0.2592019420870557,1,probabilities_updated,held_by_policy,updated,updated,slow,0.1766960722537282,0.1879153706129888,0.0792375551354757,0.0677422683823797,0.5993113691601404,0.5942834631353928,0.1447550034506556,0.1500588978692384,-0.936659505668947,-0.9279300793835124,-0.9279300793835124,-0.2572799804189092,-0.2756564620601618,-0.1336060659263077,1.8266679571051208,-0.3034484674780613,-0.5261920372341047,c81b0f692239493ad84668255011587617ad253391d8190a4b2374e9b3cc21c5
expected-tempo-governed-shadow-v1,2025-05-10|caulfield|4,2025-05-10,caulfield,4,V3,1,good,3,3,0.3217588515634131,1,probabilities_updated,held_by_policy,updated,updated,even,0.3873081841432225,0.3996849753606309,0.1202046035805626,0.0924901880132706,0.4063527584947022,0.4238647627351577,0.0861344537815126,0.0839600738909406,-0.4301100495213201,-0.6645800217922166,-0.6645800217922166,-0.0634814832448551,-0.1014764834332306,0.194171894660828,0.3425984810039876,-0.117757331210702,0.2684696316005568,b8897b6209a3663c3ba2be330bb54337fed944de9817d7aaa64277f6cf484cfe
expected-tempo-governed-shadow-v1,2025-05-10|caulfield|5,2025-05-10,caulfield,5,V4,1,good,4,4,0.47264441202716,1,probabilities_updated,held_by_policy,updated,capped,even,0.3873081841432225,0.3957580305917967,0.1202046035805626,0.0984355089916198,0.4063527584947022,0.4276086296713962,0.0861344537815126,0.0781978307451871,-0.2052797963624504,-0.6645800217922166,-0.6645800217922166,-0.2936018600074647,-0.1014764834332306,0.3973998179496483,0.34259848100398,-0.117757331210702,0.382242668789298,2a556b4aea1401c550289657236c64a007c8ad0bf78305c3b281037b7be6c1c6
expected-tempo-governed-shadow-v1,2025-05-10|caulfield|6,2025-05-10,caulfield,6,V5,1,good,5,5,0.5047519016877775,1,probabilities_updated,held_by_policy,capped,capped,very_fast_or_collapse,0.2552513866523528,0.243486430052081,0.0911612095186974,0.1012742989651671,0.5634051580911484,0.5320870248619876,0.0901822457378012,0.1231522461207642,0.7953900465525869,-0.697425685485157,-0.697425685485157,2.285774240448464,-0.5149183868520831,-0.014918386852083132,-1.6719770939138094,0.0740981288228761,0.5740981288228761,e5c708815cce5fd54e4dcabb2e107c95b63b81b70981e01f4b32458b3d28648b
expected-tempo-governed-shadow-v1,2025-05-10|caulfield|7,2025-05-10,caulfield,7,V6,1,good,6,6,0.5747031808445842,1,probabilities_updated,held_by_policy,capped,capped,even,0.2552513866523528,0.2444854774302492,0.0911612095186974,0.1288506417470746,0.5634051580911484,0.5155088235924781,0.0901822457378012,0.1111550572301979,0.1018099259587289,-0.697425685485157,-0.697425685485157,1.1241512657943298,-0.5149183868520831,-0.014918386852083132,-0.1234983080731749,0.0740981288228761,0.5740981288228761,0d3fe60499a319f13020f2b7240dc49fdc5097d735bb88df5f4d1a3d3d6a2c40
expected-tempo-governed-shadow-v1,2025-05-10|caulfield|8,2025-05-10,caulfield,8,V7,1,good,7,7,0.604530927444091,1,probabilities_updated,held_by_policy,capped,capped,even,0.3873081841432225,0.4054736130599762,0.1202046035805626,0.124304694877088,0.4063527584947022,0.3896720105513932,0.0861344537815126,0.0805496815115425,0.1173027407785292,-0.6645800217922166,-0.6645800217922166,0.9998333611064876,-0.1014764834332306,0.39852351656676943,-0.06423721518825,-0.117757331210702,0.382242668789298,b112fedb20acf52995f777f0808fb8b325e599749d26e8f5e7ec7f209b040dd5
expected-tempo-governed-shadow-v1,2025-05-10|caulfield|9,2025-05-10,caulfield,9,V8,1,good,8,8,0.5711045143650384,1,probabilities_updated,held_by_policy,capped,capped,even,0.2938808373590982,0.3384772025326212,0.1871980676328502,0.1595735492286963,0.3641016793190706,0.3608648597127671,0.1548194156889809,0.1410843885259152,-0.2834816235481314,-0.2454864662822626,-0.2454864662822626,1.207809034411572,-0.1527375898595598,0.34726241014044024,0.7219901087355075,-0.2187451308938946,0.2812548691061054,acb26ed1ed82eb95273f6a0eba6ae847e875ceea0af763dc15defc124a1efb0f
expected-tempo-governed-shadow-v1,2025-05-17|flemington|1,2025-05-17,flemington,1,V0,1,soft,0,0,0.0,0,"no_completed_races,insufficient_state_reliability,probabilities_held",held_by_policy,held_insufficient_evidence,held_insufficient_evidence,even,0.3221633085896076,0.3221633085896076,0.1053022269353128,0.1053022269353128,0.3878654749280412,0.3878654749280412,0.1846689895470383,0.1846689895470383,0.3283624722056364,-0.2871234187343125,-0.2871234187343125,0.3590234548112383,-0.7381716070290985,-0.7381716070290985,-0.1412996817325487,-0.868002860868811,-0.868002860868811,4031f4be32f611521dbdd8236e39b5c1a17110b098ffe96a0ee5d9042ef771ca
expected-tempo-governed-shadow-v1,2025-05-17|flemington|2,2025-05-17,flemington,2,V1,1,soft,1,1,0.2326965376188986,1,probabilities_updated,held_by_policy,below_minimum_change,updated,even,0.465378421900161,0.4864132170038065,0.0789049919484702,0.0769804149784986,0.3578329882677709,0.3196717534409917,0.0978835978835978,0.1169346145767031,-0.0133562526629098,-0.4108814230947298,-0.4108814230947298,-0.2075356183004908,-0.3897435248948804,-0.3897435248948804,-0.4382284595469364,-0.451314449583344,-0.3483074694485826,c09e436197af6a4ae498bc94b7c1b9a51556cc30aa2ee1486bbf1b940e02df2a
expected-tempo-governed-shadow-v1,2025-05-17|flemington|3,2025-05-17,flemington,3,V2,1,soft,2,2,0.4158148750781698,1,"probabilities_updated,probability_cap_applied",held_by_policy,below_minimum_change,capped,fast,0.2389825495415557,0.2889825495415557,0.2767179335502316,0.23499897137458647,0.3414423740510697,0.3381297086935936,0.1428571428571428,0.13788877039026395,0.6715247113165291,-0.1285914740362738,-0.1285914740362738,0.4103108783554623,-0.2059062357550077,-0.2059062357550077,0.1277627242754164,-0.1407951151589306,0.3592048848410694,743d05e7e73b194f0d76a1641361417793d0fabc5f33fe3dab1fc9f742860787
expected-tempo-governed-shadow-v1,2025-05-17|flemington|4,2025-05-17,flemington,4,V3,1,soft,3,3,0.4968507390017246,1,"probabilities_updated,probability_cap_applied",held_by_policy,updated,updated,very_fast_or_collapse,0.465378421900161,0.5053423986721384,0.0789049919484702,0.087280752333873,0.3578329882677709,0.3078329882677709,0.0978835978835978,0.09954386072621751,1.2554877503128976,-0.4108814230947298,-0.4108814230947298,0.6819027458444684,-0.3897435248948804,0.013308024466089086,0.156237972534125,-0.451314449583344,-0.06587194256304629,e9ee0e55d9fbda19f7d644b578616d1da1202afa522397c694c9b7d98ec4bb6b
expected-tempo-governed-shadow-v1,2025-05-17|flemington|5,2025-05-17,flemington,5,V4,1,soft,4,4,0.3276731856142824,1,"probabilities_updated,probability_cap_applied",held_by_policy,updated,updated,slow,0.2721417069243156,0.30338094346190697,0.109098228663446,0.11248945121378558,0.4811939268461008,0.4311939268461008,0.1375661375661375,0.1529356784782065,-2.2067484873422467,-0.759366194284839,-0.759366194284839,-1.1392116655274571,-0.3415974954411983,0.11526899968432291,-1.6609001705688549,-0.4377746096021928,-0.1976663505161381,30ab51676895d87c90b5166c7f589623dd70c8c57488dcf83c0a070cbd6f404d
expected-tempo-governed-shadow-v1,2025-05-17|flemington|6,2025-05-17,flemington,6,V5,1,soft,5,5,0.5443521865177341,1,"probabilities_updated,probability_cap_applied",held_by_policy,capped,capped,fast,0.2389825495415557,0.27954591564717923,0.2767179335502316,0.22671793355023162,0.3414423740510697,0.3286459549863628,0.1428571428571428,0.1650901958162261,0.6978769084309636,-0.1285914740362738,-0.1285914740362738,0.9854741628436002,-0.2059062357550077,0.29409376424499234,-0.1287269712510735,-0.1407951151589306,0.3592048848410694,c420eb1df4f137f247b0b88965e9779f34919f04cda12de2056750aeb43d289c
expected-tempo-governed-shadow-v1,2025-05-17|flemington|8,2025-05-17,flemington,8,V6,1,soft,6,6,0.4863118551326026,1,"probabilities_updated,probability_cap_applied",held_by_policy,capped,updated,slow,0.2404765109705209,0.26596779404016324,0.0916341364921254,0.10562993583090965,0.5336567121127628,0.4836567121127628,0.1342326404245908,0.14474555801616418,-0.7529232070239934,-0.4807379021811658,-0.4807379021811658,0.396588987331729,-0.4077715194370196,0.09222848056298039,-0.3360055070186695,-0.3960114363814577,-0.0529294984173877,9209eb328a7ab6c28c924832fb00cd8cca519405cc181787002d783b0d2d3584
expected-tempo-governed-shadow-v1,2025-05-24|randwick|1,2025-05-24,randwick,1,V0,1,heavy,0,0,0.0,0,"no_completed_races,insufficient_state_reliability,probabilities_held",held_by_policy,held_insufficient_evidence,held_insufficient_evidence,slow,0.3043478260869565,0.3043478260869565,0.108695652173913,0.108695652173913,0.4440993788819876,0.4440993788819876,0.1428571428571428,0.1428571428571428,-2.0547650302668776,-0.4483988885128754,-0.4483988885128754,-3.0958159114675343,-0.3170567021240242,-0.3170567021240242,-1.50958760796306,-0.2530751349556213,-0.2530751349556213,47a7a83bd4a1a3fdf1fb705fcdf3c9d3d26d0d7049250551be83dbb98f21191e
expected-tempo-governed-shadow-v1,2025-05-24|randwick|2,2025-05-24,randwick,2,V1,1,heavy,1,1,0.2637669986665615,1,probabilities_updated,held_by_policy,capped,capped,slow,0.2841514726507714,0.3046514698545816,0.1070126227208976,0.0827813765974086,0.4355640152274093,0.4559711699220363,0.1732718894009216,0.1565959836259734,-1.0719915528741455,-0.2312607995714418,-0.2312607995714418,-2.321538088032864,-0.5252408384941846,-1.0252408384941845,-0.7951258294822339,-0.4851382706336953,-0.9851382706336953,6534aaa1f63ff154a7e8e46394e2e4c981ac1c5813df2703ac80bb9ccc2644b6
expected-tempo-governed-shadow-v1,2025-05-24|randwick|3,2025-05-24,randwick,3,V2,1,heavy,2,2,0.4263855168436827,1,"probabilities_updated,probability_cap_applied",held_by_policy,capped,capped,slow,0.3043478260869565,0.3078256140258441,0.108695652173913,0.08628583822432144,0.4440993788819876,0.49409937888198757,0.1428571428571428,0.11178916886784679,-1.4108129804144334,-0.4483988885128754,-0.4483988885128754,-3.428971214935568,-0.3170567021240242,-0.8170567021240243,-2.484187014992222,-0.2530751349556213,-0.7530751349556213,353ca55fc1032376807112bc8b13e4bf7a233ddee8d9571359270db3a0419269
expected-tempo-governed-shadow-v1,2025-05-24|randwick|7,2025-05-24,randwick,7,V3,1,heavy,3,3,0.1703888139997199,0,"insufficient_state_reliability,probabilities_held",held_by_policy,held_insufficient_evidence,held_insufficient_evidence,slow,0.3064949006977993,0.3064949006977993,0.1129898013955985,0.1129898013955985,0.4358944866191243,0.4358944866191243,0.1446208112874779,0.1446208112874779,-1.644559029824976,-0.446663539937767,-0.446663539937767,-4.0,-0.4013392110032068,-0.4013392110032068,-3.0097434021030445,-0.3550338980987043,-0.3550338980987043,c6dbb37953f47c6918446ffc7d541725080095e3834cda156547df5d3aeb3ca3
expected-tempo-governed-shadow-v1,2025-05-24|randwick|9,2025-05-24,randwick,9,V4,1,heavy,4,4,0.3519732122807297,1,"probabilities_updated,probability_cap_applied",held_by_policy,capped,capped,slow,0.2841514726507714,0.2625279088507489,0.1070126227208976,0.09318345715945295,0.4355640152274093,0.4855640152274093,0.1732718894009216,0.15872461876238866,-0.9723899013572336,-0.2312607995714418,-0.2312607995714418,-2.638777721645489,-0.5252408384941846,-1.0252408384941845,-1.38911730920044,-0.4851382706336953,-0.9851382706336953,254d9ef3c364558a2945aa6c7f1c2e5760962c27d22809e8537b5ae068f85058
expected-tempo-governed-shadow-v1,2025-05-24|randwick|10,2025-05-24,randwick,10,V5,1,heavy,5,5,0.4881438097190969,1,probabilities_updated,held_by_policy,capped,capped,slow,0.2841514726507714,0.2852604093394908,0.1070126227208976,0.0925768991648879,0.4355640152274093,0.4844501537061818,0.1732718894009216,0.1377125377894393,-1.2196767602957737,-0.2312607995714418,-0.2312607995714418,-2.23501818795669,-0.5252408384941846,-1.0252408384941845,-1.786953463058218,-0.4851382706336953,-0.9851382706336953,8c4229301cb1b9b4cc461e5eb14d266cf83d9b09eb6d2b1a182c1119d2861a18
expected-tempo-governed-shadow-v1,2025-05-24|sportsbet-sandown-hillside|1,2025-05-24,sportsbet-sandown-hillside,1,V0,1,soft,0,0,0.0,0,"no_completed_races,insufficient_state_reliability,probabilities_held",held_by_policy,held_insufficient_evidence,held_insufficient_evidence,even,0.3221633085896076,0.3221633085896076,0.1053022269353128,0.1053022269353128,0.3878654749280412,0.3878654749280412,0.1846689895470383,0.1846689895470383,0.1860664164073331,-0.2871234187343125,-0.2871234187343125,2.3645940418432407,-0.7381716070290985,-0.7381716070290985,2.405683708799872,-0.868002860868811,-0.868002860868811,38ae997c86230bc6cea0bd5497d1c23ab6fbf007fde6f8ec3cc31f7bb2fcbda9
expected-tempo-governed-shadow-v1,2025-05-24|sportsbet-sandown-hillside|2,2025-05-24,sportsbet-sandown-hillside,2,V1,1,soft,1,1,0.3333333333333333,1,"probabilities_updated,probability_cap_applied",held_by_policy,capped,capped,slow,0.3221633085896076,0.35196602745679284,0.1053022269353128,0.10195705135813987,0.3878654749280412,0.3378654749280412,0.1846689895470383,0.20821144625702598,-1.8141475599715315,-0.2871234187343125,-0.2871234187343125,1.4110036577556349,-0.7381716070290985,-0.23817160702909845,3.17010656954002,-0.868002860868811,-0.36800286086881095,9098ebf4bcea6d34e8b6926d4db3ab9f685e30d0b96fdc64756fcabdb1d46eb1
expected-tempo-governed-shadow-v1,2025-05-24|sportsbet-sandown-hillside|3,2025-05-24,sportsbet-sandown-hillside,3,V2,1,soft,2,2,0.3202502221199481,1,probabilities_updated,held_by_policy,capped,capped,fast,0.465378421900161,0.4730833766711826,0.0789049919484702,0.0718094527370649,0.3578329882677709,0.3364752746559863,0.0978835978835978,0.1186318959357659,0.5575638622182592,-0.4108814230947298,-0.4108814230947298,-1.0199253206213357,-0.3897435248948804,0.1102564751051196,1.1558073654390983,-0.451314449583344,0.04868555041665601,239ee6ee2a17edda489c24e84a931f48495280ca788df8c4af8ee1e1f6b8adc4
expected-tempo-governed-shadow-v1,2025-05-24|sportsbet-sandown-hillside|4,2025-05-24,sportsbet-sandown-hillside,4,V3,1,soft,3,3,0.3903314170422463,1,"probabilities_updated,probability_cap_applied",held_by_policy,capped,capped,slow,0.2404765109705209,0.27283861754793926,0.0916341364921254,0.09409854388550165,0.5336567121127628,0.4836567121127628,0.1342326404245908,0.14940612645379597,-0.6525398767717338,-0.4807379021811658,-0.4807379021811658,-1.0872127895314825,-0.4077715194370196,0.09222848056298039,2.901035524630484,-0.3960114363814577,0.1039885636185423,f57cbebbd9f217d0befa183573652b5b0963898040fdf38ba20e03ec3883c426
expected-tempo-governed-shadow-v1,2025-05-24|sportsbet-sandown-hillside|5,2025-05-24,sportsbet-sandown-hillside,5,V4,1,soft,4,4,0.5085438590580208,1,"probabilities_updated,probability_cap_applied",held_by_policy,capped,capped,slow,0.2404765109705209,0.2851090845944236,0.0916341364921254,0.09068503057949184,0.5336567121127628,0.4836567121127628,0.1342326404245908,0.14054917271332162,-0.7768616942728931,-0.4807379021811658,-0.4807379021811658,-0.8001397495990165,-0.4077715194370196,0.09222848056298039,2.1598209480873978,-0.3960114363814577,0.1039885636185423,422502836bb0d5aac00d8127355889f26c8b1aeff9a58fc6d017be9412035984
expected-tempo-governed-shadow-v1,2025-05-24|sportsbet-sandown-hillside|6,2025-05-24,sportsbet-sandown-hillside,6,V5,1,good,5,0,0.0,0,"condition_regime_reset,insufficient_state_reliability,probabilities_held",held_by_policy,held_insufficient_evidence,held_insufficient_evidence,slow,0.2317230273752012,0.2317230273752012,0.0958534621578099,0.0958534621578099,0.5528467908902691,0.5528467908902691,0.1195767195767195,0.1195767195767195,-4.0,-0.7279373442224768,-0.7279373442224768,-0.5855469230620954,-0.0794337938479041,-0.0794337938479041,0.206843832906153,-0.1745426015721343,-0.1745426015721343,3fbbd58ef6986770e72d45c8b2d2b59a37fa293e6e1322fdb951edad8a518291
expected-tempo-governed-shadow-v1,2025-05-24|sportsbet-sandown-hillside|7,2025-05-24,sportsbet-sandown-hillside,7,V6,1,good,6,1,0.2637669986665615,1,"probabilities_updated,probability_cap_applied",held_by_policy,updated,updated,slow,0.2552513866523528,0.22379587944218388,0.0911612095186974,0.07963604091486041,0.5634051580911484,0.6134051580911485,0.0901822457378012,0.08316292155180711,-4.0,-0.697425685485157,-0.697425685485157,-1.2822736416423155,-0.5149183868520831,-0.19710520913421237,0.0719456810108352,0.0740981288228761,0.2660845308746039,d8a262b56ec081d653b18de6b7f12c89c38c92cd53368c1668c0f7367736736a
expected-tempo-governed-shadow-v1,2025-05-24|sportsbet-sandown-hillside|8,2025-05-24,sportsbet-sandown-hillside,8,V7,1,good,7,2,0.3641454332220667,1,"probabilities_updated,probability_cap_applied",held_by_policy,updated,updated,very_fast_or_collapse,0.3873081841432225,0.35634143123252054,0.1202046035805626,0.1090206697609454,0.4063527584947022,0.4563527584947022,0.0861344537815126,0.07828514051183172,1.0312469207510977,-0.6645800217922166,-0.6645800217922166,0.769031287933752,-0.1014764834332306,-0.3293052102724921,-1.50229042826091,-0.117757331210702,0.2039620616221184,fd157243144823849307c5c19be129e49b670acd9c53bc1a6c5487252d1d96be
expected-tempo-governed-shadow-v1,2025-05-24|sportsbet-sandown-hillside|9,2025-05-24,sportsbet-sandown-hillside,9,V8,1,good,8,3,0.4945277867084621,1,"probabilities_updated,probability_cap_applied",held_by_policy,capped,capped,even,0.3873081841432225,0.3573441985920348,0.1202046035805626,0.10975182809906163,0.4063527584947022,0.4563527584947022,0.0861344537815126,0.07655121481420124,0.3465879588703348,-0.6645800217922166,-0.6645800217922166,0.227202237743815,-0.1014764834332306,-0.6014764834332306,-0.2833477163098113,-0.117757331210702,0.382242668789298,c91c98d33cc7c4a96f893d68912b33e0e5f50aebf5b010e6b73c5b32a143b77c
expected-tempo-governed-shadow-v1,2025-05-31|caulfield|1,2025-05-31,caulfield,1,V0,1,good,0,0,0.0,0,"no_completed_races,insufficient_state_reliability,probabilities_held",held_by_policy,held_insufficient_evidence,held_insufficient_evidence,slow,0.2938808373590982,0.2938808373590982,0.1871980676328502,0.1871980676328502,0.3641016793190706,0.3641016793190706,0.1548194156889809,0.1548194156889809,-0.8009577768784406,-0.2454864662822626,-0.2454864662822626,-2.266288951841378,-0.1527375898595598,-0.1527375898595598,-1.864768570317641,-0.2187451308938946,-0.2187451308938946,c3fdd701d5ba9d5c340ad0219bebeb6bf14a56e6bd7de7c076c5a6ece3a2fe91
expected-tempo-governed-shadow-v1,2025-05-31|caulfield|2,2025-05-31,caulfield,2,V1,1,good,1,1,0.3333333333333333,1,"probabilities_updated,probability_cap_applied",held_by_policy,capped,updated,slow,0.2938808373590982,0.3438808373590982,0.1871980676328502,0.13767029814227755,0.3641016793190706,0.39349458114408026,0.1548194156889809,0.12495428335454382,-2.0094203876073298,-0.2454864662822626,-0.2454864662822626,-3.147623544224141,-0.1527375898595598,-0.6527375898595598,1.3659854876794837,-0.2187451308938946,-0.687434698014531,f79c9c60d96ff41bcc679d56f17211762dbea06175fa5ad638c98bb50cbb517d
expected-tempo-governed-shadow-v1,2025-05-31|caulfield|3,2025-05-31,caulfield,3,V2,1,good,2,2,0.4785243568890401,1,"probabilities_updated,probability_cap_applied",held_by_policy,capped,updated,even,0.2938808373590982,0.3438808373590982,0.1871980676328502,0.14350436232820285,0.3641016793190706,0.38745015947441347,0.1548194156889809,0.12516464083828532,0.4356086154953006,-0.2454864662822626,-0.2454864662822626,-0.6834839696029481,-0.1527375898595598,-0.6527375898595598,-0.8785383841922066,-0.2187451308938946,-0.4607390000148375,5fb593d2da2b5044016fdc0bd0dd3d52062234f14db11ce90bd7dd52b1c03b0b
expected-tempo-governed-shadow-v1,2025-05-31|caulfield|4,2025-05-31,caulfield,4,V3,1,good,3,3,0.4757447409291929,1,"probabilities_updated,probability_cap_applied",held_by_policy,capped,updated,slow,0.3873081841432225,0.3882554773408801,0.1202046035805626,0.0916965820071983,0.4063527584947022,0.4563527584947022,0.0861344537815126,0.06369518215721928,-1.6637438733755856,-0.6645800217922166,-0.6645800217922166,-1.900837594888568,-0.1014764834332306,-0.6014764834332306,0.3883431645471352,-0.117757331210702,0.0766867890904093,425b7aef6e8155d87124c6850ef92d51b87f51314242782161adaf1dcf970341
expected-tempo-governed-shadow-v1,2025-05-31|caulfield|5,2025-05-31,caulfield,5,V4,1,good,4,4,0.4740669284702153,1,probabilities_updated,held_by_policy,updated,updated,fast,0.2552513866523528,0.2432033695214081,0.0911612095186974,0.0843565303159887,0.5634051580911484,0.5709141521386494,0.0901822457378012,0.1015259480239536,1.0887219146123888,-0.697425685485157,-0.697425685485157,-2.0854659144111065,-0.5149183868520831,-0.5961117417038448,-0.7469231863963379,0.0740981288228761,0.003225801295441394,4dc87e773df5ae43060b4dc8da492b69282e6eeebda6c5d1a55cdb7b8b2cfaf0
expected-tempo-governed-shadow-v1,2025-05-31|caulfield|6,2025-05-31,caulfield,6,V5,1,good,5,5,0.5561272733342195,1,probabilities_updated,held_by_policy,capped,updated,even,0.2552513866523528,0.2477063781278183,0.0911612095186974,0.1069252592098618,0.5634051580911484,0.5569466015220372,0.0901822457378012,0.0884217611402825,0.4448408840151243,-0.697425685485157,-0.697425685485157,0.7030078320279958,-0.5149183868520831,-1.014918386852083,0.2323632255585161,0.0740981288228761,0.2015466856673625,0224dedffdcfb048e4db6111cf65748261494caf58a676e10264e4efa2d34346
expected-tempo-governed-shadow-v1,2025-05-31|caulfield|7,2025-05-31,caulfield,7,V6,1,good,6,6,0.4425876098651942,1,"probabilities_updated,probability_cap_applied",held_by_policy,updated,updated,even,0.1766960722537282,0.22383454019989424,0.0792375551354757,0.09161401505457588,0.5993113691601404,0.5493113691601403,0.1447550034506556,0.1352400755853894,0.1093986204994939,-0.9279300793835124,-0.9279300793835124,-0.9252941826754688,-0.2756564620601618,-0.3507519190133863,-0.4070620339402014,-0.3034484674780613,-0.05191485186170458,818cb47d6f631a2759ecd594226cad06d502620a9bedce307d1a5ee16a63ee26
expected-tempo-governed-shadow-v1,2025-05-31|caulfield|8,2025-05-31,caulfield,8,V7,1,good,7,7,0.5334126408046538,1,"probabilities_updated,probability_cap_applied",held_by_policy,updated,updated,even,0.2831287705429581,0.28212377930364596,0.1333628042438111,0.11523957947639273,0.4267073315700317,0.4767073315700317,0.1568010936431988,0.12592930964992927,0.0449660506317644,-0.4916176381519688,-0.4916176381519688,-0.322582537140978,-0.2463464208290638,-0.5415545724155468,0.5230744665328537,0.0725851331012115,0.3093437781567097,9a6772571150a80cdb5baee2d947eeab0853b37fcfd603572c0552af1c4a64b4
expected-tempo-governed-shadow-v1,2025-05-31|caulfield|9,2025-05-31,caulfield,9,V8,1,good,8,8,0.6080461005253425,1,"probabilities_updated,probability_cap_applied",held_by_policy,updated,updated,slow,0.2938808373590982,0.3438808373590982,0.1871980676328502,0.15256589300427215,0.3641016793190706,0.38152751677709223,0.1548194156889809,0.12202575285953718,-0.7588021044111521,-0.2454864662822626,-0.2454864662822626,0.2877827240433439,-0.1527375898595598,-0.4025834398250932,-0.447771176459254,-0.2187451308938946,0.2606152900825859,8b04e682f1387f0ff63890d1ed8cf23dc1b0c6e98de1d90daf10e6aa0c207166
expected-tempo-governed-shadow-v1,2025-05-31|rosehill|1,2025-05-31,rosehill,1,V0,1,heavy,0,0,0.0,0,"no_completed_races,insufficient_state_reliability,probabilities_held",held_by_policy,held_insufficient_evidence,held_insufficient_evidence,even,0.3043478260869565,0.3043478260869565,0.108695652173913,0.108695652173913,0.4440993788819876,0.4440993788819876,0.1428571428571428,0.1428571428571428,-0.2030020732405269,-0.4483988885128754,-0.4483988885128754,-0.1348981518953149,-0.3170567021240242,-0.3170567021240242,1.2987314393301326,-0.2530751349556213,-0.2530751349556213,059548c12c1947d702aacfd968340f20d3e1cc2370dcec766a102ccfeb531e7a
expected-tempo-governed-shadow-v1,2025-05-31|rosehill|7,2025-05-31,rosehill,7,V1,1,heavy,1,1,0.1468136556542277,0,"insufficient_state_reliability,probabilities_held",held_by_policy,held_insufficient_evidence,held_insufficient_evidence,slow,0.3043478260869565,0.3043478260869565,0.108695652173913,0.108695652173913,0.4440993788819876,0.4440993788819876,0.1428571428571428,0.1428571428571428,-1.2745672692315864,-0.4483988885128754,-0.4483988885128754,0.4484452076520042,-0.3170567021240242,-0.3170567021240242,1.0267593588960198,-0.2530751349556213,-0.2530751349556213,a57b99fdd346b841ccaa85e8687a164432c153efeab472221314d4e4b064e4db
expected-tempo-governed-shadow-v1,2025-05-31|rosehill|8,2025-05-31,rosehill,8,V2,1,heavy,2,2,0.1558860226688326,0,"insufficient_state_reliability,probabilities_held",held_by_policy,held_insufficient_evidence,held_insufficient_evidence,slow,0.3064949006977993,0.3064949006977993,0.1129898013955985,0.1129898013955985,0.4358944866191243,0.4358944866191243,0.1446208112874779,0.1446208112874779,-0.8489177608240268,-0.446663539937767,-0.446663539937767,0.4180627410089161,-0.4013392110032068,-0.4013392110032068,0.5734725581725001,-0.3550338980987043,-0.3550338980987043,559a187711957c1d3d0e6722672f180827b304d62adb803b04fc74b9d6da6485
expected-tempo-governed-shadow-v1,2025-05-31|rosehill|10,2025-05-31,rosehill,10,V3,1,heavy,3,3,0.3586467304804736,1,probabilities_updated,held_by_policy,capped,capped,slow,0.3043478260869565,0.3184192443105247,0.108695652173913,0.0893410624290884,0.4440993788819876,0.4579127432663165,0.1428571428571428,0.1343269499940702,-1.131691909766113,-0.4483988885128754,-0.4483988885128754,0.247920927807613,-0.3170567021240242,0.1829432978759758,0.8713467415050983,-0.2530751349556213,0.24692486504437872,25bd98f6d864a00572f5d70c2d6e0cb5d0c643197f6286a0e88eaeae9ff087b7
expected-tempo-governed-shadow-v1,2025-06-07|flemington|2,2025-06-07,flemington,2,V0,1,soft,0,0,0.0,0,"no_completed_races,insufficient_state_reliability,probabilities_held",held_by_policy,held_insufficient_evidence,held_insufficient_evidence,slow,0.3221633085896076,0.3221633085896076,0.1053022269353128,0.1053022269353128,0.3878654749280412,0.3878654749280412,0.1846689895470383,0.1846689895470383,-2.1637922555903675,-0.2871234187343125,-0.2871234187343125,-0.8311545065645719,-0.7381716070290985,-0.7381716070290985,2.825696028953001,-0.868002860868811,-0.868002860868811,00811b85d5775f5c1397a48f624de4b8650dcc4633c525993963d1395928fecc
expected-tempo-governed-shadow-v1,2025-06-07|flemington|3,2025-06-07,flemington,3,V1,1,soft,1,1,0.2326965376188986,1,probabilities_updated,held_by_policy,updated,capped,slow,0.465378421900161,0.4447300849642953,0.0789049919484702,0.0633657173553548,0.3578329882677709,0.3987597672272241,0.0978835978835978,0.0931444304531256,-3.0251912281475293,-0.4108814230947298,-0.4108814230947298,1.2562390395251597,-0.3897435248948804,-0.2345817619289913,2.135112128274196,-0.451314449583344,0.04868555041665601,8455b42976183669567702b0eed7a0f69e9b4e732ff66f7e072568f1a2519af0
expected-tempo-governed-shadow-v1,2025-06-07|flemington|4,2025-06-07,flemington,4,V2,1,soft,2,2,0.4189088576333272,1,probabilities_updated,held_by_policy,capped,capped,even,0.3221633085896076,0.3527306240090413,0.1053022269353128,0.0812482933165059,0.3878654749280412,0.3962677208935188,0.1846689895470383,0.1697533617809338,-0.2737400440016834,-0.2871234187343125,-0.2871234187343125,0.2589773723773809,-0.7381716070290985,-0.23817160702909845,2.3525325760980915,-0.868002860868811,-0.36800286086881095,93ec33d378e7d89bfd107593b3aad72e228c0c4804306d163f0a01ca8b9426cb
expected-tempo-governed-shadow-v1,2025-06-07|flemington|5,2025-06-07,flemington,5,V3,1,soft,3,3,0.400534306626161,1,"probabilities_updated,probability_cap_applied",held_by_policy,capped,capped,slow,0.2404765109705209,0.2330980496826151,0.0916341364921254,0.07441524616469855,0.5336567121127628,0.5836567121127628,0.1342326404245908,0.10882999203992329,-0.5992835062510767,-0.4807379021811658,-0.4807379021811658,-0.8777431599532785,-0.4077715194370196,0.09222848056298039,-1.445650185316022,-0.3960114363814577,0.1039885636185423,c5a4411eecd3d2ddea156c2382908a55392398c97af4f6297f945f9015995333
expected-tempo-governed-shadow-v1,2025-06-07|flemington|6,2025-06-07,flemington,6,V4,1,soft,4,4,0.5141120348579786,1,"probabilities_updated,probability_cap_applied",held_by_policy,updated,capped,slow,0.2404765109705209,0.21852140083145147,0.0916341364921254,0.08478172154610689,0.5336567121127628,0.5836567121127628,0.1342326404245908,0.11304016550967869,-0.7720015356470239,-0.4807379021811658,-0.4807379021811658,0.2062696425890202,-0.4077715194370196,-0.1958733310305606,1.710315854387072,-0.3960114363814577,0.1039885636185423,ec1cd985c0e1a66bc123b4306f01588fe6e47933b58bf9b30d82e019e7050518
expected-tempo-governed-shadow-v1,2025-06-07|flemington|7,2025-06-07,flemington,7,V5,1,soft,5,5,0.4153622886907827,1,probabilities_updated,held_by_policy,capped,capped,slow,0.2721417069243156,0.2877801544894621,0.109098228663446,0.09559866414765,0.4811939268461008,0.4963490635029932,0.1375661375661375,0.1202721178598944,-2.3950925315849334,-0.759366194284839,-0.759366194284839,-0.1711905480905065,-0.3415974954411983,0.15840250455880173,1.1160388339793148,-0.4377746096021928,0.06222539039780722,52eb84e5d5bd02b860e5a832b0c40bb602a2c97f78adb856c5a9faee612af0fe
expected-tempo-governed-shadow-v1,2025-06-07|flemington|8,2025-06-07,flemington,8,V6,1,soft,6,6,0.5223143457591921,1,"probabilities_updated,probability_cap_applied",held_by_policy,capped,capped,slow,0.2721417069243156,0.2582707704718702,0.109098228663446,0.09387965014484112,0.4811939268461008,0.5311939268461008,0.1375661375661375,0.11665565253718782,-2.186127604618461,-0.759366194284839,-0.759366194284839,-0.8080193869871904,-0.3415974954411983,0.15840250455880173,-0.4067805095812452,-0.4377746096021928,0.06222539039780722,4b25a754db4f958231bbfa4f8f33bd1a41ff5b5fd11a17597819c7bebf5e43a2
expected-tempo-governed-shadow-v1,2025-06-07|flemington|9,2025-06-07,flemington,9,V7,1,soft,7,7,0.5159696215683304,1,"probabilities_updated,probability_cap_applied",held_by_policy,capped,capped,very_fast_or_collapse,0.2389825495415557,0.22713670003392158,0.2767179335502316,0.24929824869025746,0.3414423740510697,0.3914423740510697,0.1428571428571428,0.13212267722475102,2.8103781644859063,-0.1285914740362738,-0.1285914740362738,0.2229721518930936,-0.2059062357550077,0.29409376424499234,-0.3679040506236035,-0.1407951151589306,0.3592048848410694,5f46c3b45d437352ba3dc46985b4f0f1722b172e946660357fc3ec5abd3f8f34
expected-tempo-governed-shadow-v1,2025-06-07|randwick|5,2025-06-07,randwick,5,V0,1,soft,0,0,0.0,0,"no_completed_races,insufficient_state_reliability,probabilities_held",held_by_policy,held_insufficient_evidence,held_insufficient_evidence,slow,0.3003344481605351,0.3003344481605351,0.1122073578595317,0.1122073578595317,0.4347109412326804,0.4347109412326804,0.1527472527472527,0.1527472527472527,-1.7598388343704008,-0.2866705153702255,-0.2866705153702255,-0.8743398733955855,-0.3110882821298076,-0.3110882821298076,-0.8609353596571149,-0.2910897069408998,-0.2910897069408998,ee110353d1404e2ac1e33b0217ca7aecf40ab79232201d303a7bcfb9dc01a9ab
expected-tempo-governed-shadow-v1,2025-06-07|randwick|6,2025-06-07,randwick,6,V1,1,soft,1,1,0.1553624034969636,0,"insufficient_state_reliability,probabilities_held",held_by_policy,held_insufficient_evidence,held_insufficient_evidence,slow,0.4139329680495268,0.4139329680495268,0.1118266562299864,0.1118266562299864,0.2722296205182422,0.2722296205182422,0.2020107552022445,0.2020107552022445,-0.6999432409662752,-0.0404545666943978,-0.0404545666943978,-0.7241465209104634,-0.7325348677273784,-0.7325348677273784,0.025356795469047,-0.1456456421002815,-0.1456456421002815,699308d95b1d72612cf8f2db6fe0a4938ca8999c9e0e40bfb27d599b5eca72d8
expected-tempo-governed-shadow-v1,2025-06-07|randwick|9,2025-06-07,randwick,9,V2,1,soft,2,2,0.2785096751508648,1,probabilities_updated,held_by_policy,below_minimum_change,below_minimum_change,fast,0.2556221889055472,0.2783171317746685,0.0888305847076461,0.0840363734126697,0.497911758406511,0.4695217796300277,0.1576354679802955,0.1681247151826339,0.6573717046675432,-0.6020308462384194,-0.6020308462384194,-0.999245569594956,-0.527414560044455,-0.527414560044455,-0.3016015591155521,-0.3309324487931435,-0.3309324487931435,451a1b434d0fd3afb52ade311642847f2c3af57c9c8b56b8207723dc30289e93
expected-tempo-governed-shadow-v1,2025-06-07|randwick|10,2025-06-07,randwick,10,V3,1,soft,3,3,0.323028838413806,1,probabilities_updated,held_by_policy,updated,updated,slow,0.3043478260869565,0.3315948000250307,0.108695652173913,0.0960562893443617,0.4440993788819876,0.4453931469744592,0.1428571428571428,0.1269557636561481,-0.8474985747757577,-0.4483988885128754,-0.4483988885128754,-0.2571626901029142,-0.3170567021240242,-0.6978530499772961,0.360877982987594,-0.2530751349556213,0.028459507551046204,2554499c6a890e3695a6f38a8cfe9d580f49f23137e416861d8bcbf5cd48c637
expected-tempo-governed-shadow-v1,2025-06-14|rosehill|1,2025-06-14,rosehill,1,V0,1,soft,0,0,0.0,0,"no_completed_races,insufficient_state_reliability,probabilities_held",held_by_policy,held_insufficient_evidence,held_insufficient_evidence,even,0.4139329680495268,0.4139329680495268,0.1118266562299864,0.1118266562299864,0.2722296205182422,0.2722296205182422,0.2020107552022445,0.2020107552022445,-0.0026422986137731,-0.0404545666943978,-0.0404545666943978,-1.1944969278256266,-0.7325348677273784,-0.7325348677273784,-0.6005475398962249,-0.1456456421002815,-0.1456456421002815,60bf718b4645725a7f40946aae08edb8937e8f08b91f179b0d68015c0fc5a6dc
expected-tempo-governed-shadow-v1,2025-06-14|rosehill|3,2025-06-14,rosehill,3,V1,1,soft,1,1,0.2152623585158495,1,"probabilities_updated,probability_cap_applied",held_by_policy,updated,updated,slow,0.2556221889055472,0.28252609790577254,0.0888305847076461,0.08710259341435271,0.497911758406511,0.447911758406511,0.1576354679802955,0.18245955027336352,-1.0875726650213295,-0.6020308462384194,-0.6020308462384194,-0.9300872578045736,-0.527414560044455,-0.6097116297279958,0.8210693965105667,-0.3309324487931435,-0.5469981760652328,7f780d47b9aeec9eca89655873e92e66e41120bd31d10277a2313f87947a094c
expected-tempo-governed-shadow-v1,2025-06-14|rosehill|4,2025-06-14,rosehill,4,V2,1,soft,2,2,0.4040645082029946,1,probabilities_updated,held_by_policy,updated,updated,even,0.4139329680495268,0.4401284016550928,0.1118266562299864,0.0916530636272347,0.2722296205182422,0.242944778915931,0.2020107552022445,0.2252737558017413,0.4264669962634743,-0.0404545666943978,-0.0404545666943978,1.245532015965971,-0.7325348677273784,-0.4132800046884942,-0.2276165194039214,-0.1456456421002815,-0.4345439989143376,24fe7b2d4aa938731ca03d375d4dd983b9da655b5670f2e4439588eb5bf2338f
expected-tempo-governed-shadow-v1,2025-06-14|rosehill|7,2025-06-14,rosehill,7,V3,1,soft,3,3,0.4116488198006932,1,"probabilities_updated,probability_cap_applied",held_by_policy,capped,updated,fast,0.2556221889055472,0.29198834962724624,0.0888305847076461,0.09343651348941182,0.497911758406511,0.447911758406511,0.1576354679802955,0.16666337847683085,0.7163326180049241,-0.6020308462384194,-0.6020308462384194,-1.211505695365593,-0.527414560044455,-0.027414560044454972,0.7260031802480881,-0.3309324487931435,-0.008465431984477578,ae26e44e7a8e10e53742530515a207ed1888e417a642c2ccc9c64b2e003e33a0
expected-tempo-governed-shadow-v1,2025-06-14|rosehill|8,2025-06-14,rosehill,8,V4,1,soft,4,4,0.1647935869911227,0,"insufficient_state_reliability,probabilities_held",held_by_policy,held_insufficient_evidence,held_insufficient_evidence,slow,0.3043478260869565,0.3043478260869565,0.108695652173913,0.108695652173913,0.4440993788819876,0.4440993788819876,0.1428571428571428,0.1428571428571428,-1.734404810082673,-0.4483988885128754,-0.4483988885128754,0.4721435316336119,-0.3170567021240242,-0.3170567021240242,-0.1254866529258822,-0.2530751349556213,-0.2530751349556213,9baf479ef91bd12c96f63b896fd7bd2d3b279cd4e61b08eafe017962ef96be11
expected-tempo-governed-shadow-v1,2025-06-14|rosehill|9,2025-06-14,rosehill,9,V5,1,soft,5,5,0.3661688129162943,1,probabilities_updated,held_by_policy,updated,updated,slow,0.3003344481605351,0.3070435282109851,0.1122073578595317,0.0966769117932358,0.4347109412326804,0.4401018228283695,0.1527472527472527,0.1561777371674094,-1.1710938461241969,-0.2866705153702255,-0.2866705153702255,-1.9785062277979744,-0.3110882821298076,0.0817402613813834,-0.4705749484720485,-0.2910897069408998,0.019502340036258725,c41e8f2ae7d896cdd9b8d18c735866697bf74fb95b02e2c989959f9343ff2fd3
expected-tempo-governed-shadow-v1,2025-06-14|rosehill|10,2025-06-14,rosehill,10,V6,1,soft,6,6,0.4947044562346818,1,"probabilities_updated,probability_cap_applied",held_by_policy,capped,updated,even,0.2556221889055472,0.2529374739798327,0.0888305847076461,0.10603125931790201,0.497911758406511,0.447911758406511,0.1576354679802955,0.19311950829575406,0.2895456610160073,-0.6020308462384194,-0.6020308462384194,-1.3618698774145148,-0.527414560044455,-0.027414560044454972,1.458445413092602,-0.3309324487931435,-0.09995467651843098,e3229690604df0f1f5078010179f77f6a2f45254fdfd0aca4a535163f05ec96c
expected-tempo-governed-shadow-v1,2025-06-14|sportsbet-sandown-hillside|1,2025-06-14,sportsbet-sandown-hillside,1,V0,1,soft,0,0,0.0,0,"no_completed_races,insufficient_state_reliability,probabilities_held",held_by_policy,held_insufficient_evidence,held_insufficient_evidence,even,0.3221633085896076,0.3221633085896076,0.1053022269353128,0.1053022269353128,0.3878654749280412,0.3878654749280412,0.1846689895470383,0.1846689895470383,0.3721328328146746,-0.2871234187343125,-0.2871234187343125,1.1080919619972551,-0.7381716070290985,-0.7381716070290985,1.6909768336173785,-0.868002860868811,-0.868002860868811,21ca838b52ba21f158b0c37fcd6dc499c8b7ef9ee355329b641fe99c99eb89a0
expected-tempo-governed-shadow-v1,2025-06-14|sportsbet-sandown-hillside|3,2025-06-14,sportsbet-sandown-hillside,3,V1,1,soft,1,1,0.1765623375436527,0,"insufficient_state_reliability,probabilities_held",held_by_policy,held_insufficient_evidence,held_insufficient_evidence,very_fast_or_collapse,0.465378421900161,0.465378421900161,0.0789049919484702,0.0789049919484702,0.3578329882677709,0.3578329882677709,0.0978835978835978,0.0978835978835978,4.0,-0.4108814230947298,-0.4108814230947298,-0.4422890226076021,-0.3897435248948804,-0.3897435248948804,2.4739533331166914,-0.451314449583344,-0.451314449583344,fdd7c9b306235a7cbab437f8159102afe852fa5a9de5ac286976484042ec6ef7
expected-tempo-governed-shadow-v1,2025-06-14|sportsbet-sandown-hillside|4,2025-06-14,sportsbet-sandown-hillside,4,V2,1,soft,2,2,0.4044426735120084,1,"probabilities_updated,probability_cap_applied",held_by_policy,updated,capped,very_fast_or_collapse,0.465378421900161,0.5065607992087618,0.0789049919484702,0.08681551979150602,0.3578329882677709,0.3078329882677709,0.0978835978835978,0.09879069273196113,4.0,-0.4108814230947298,-0.4108814230947298,0.0221144511303757,-0.3897435248948804,0.10045480540911877,2.2400970478967084,-0.451314449583344,0.04868555041665601,dd61167494898dd9c8896ae73f981ed64eb8fc6820c87705f3a6619773019d58
expected-tempo-governed-shadow-v1,2025-06-14|sportsbet-sandown-hillside|5,2025-06-14,sportsbet-sandown-hillside,5,V3,1,soft,3,3,0.433332997219816,1,"probabilities_updated,probability_cap_applied",held_by_policy,capped,capped,slow,0.2404765109705209,0.2771968382682252,0.0916341364921254,0.10180261207954079,0.5336567121127628,0.4836567121127628,0.1342326404245908,0.13734383753947108,-1.0989530879859062,-0.4807379021811658,-0.4807379021811658,0.2276745691850268,-0.4077715194370196,0.09222848056298039,0.8694124009767075,-0.3960114363814577,0.1039885636185423,0f1879283874a6edc5ca142adee3af6428c60cd2f4b54ae764f82c7150297c6d
expected-tempo-governed-shadow-v1,2025-06-14|sportsbet-sandown-hillside|6,2025-06-14,sportsbet-sandown-hillside,6,V4,1,good,4,0,0.0,0,"condition_regime_reset,insufficient_state_reliability,probabilities_held",held_by_policy,held_insufficient_evidence,held_insufficient_evidence,slow,0.2552513866523528,0.2552513866523528,0.0911612095186974,0.0911612095186974,0.5634051580911484,0.5634051580911484,0.0901822457378012,0.0901822457378012,-3.5861845087670665,-0.697425685485157,-0.697425685485157,-0.0963558227823677,-0.5149183868520831,-0.5149183868520831,-3.51244244557623,0.0740981288228761,0.0740981288228761,9aba99419d93ca2a93f2af321a18133807e2a77e33e1561cdf0061a896c3f9da
expected-tempo-governed-shadow-v1,2025-06-14|sportsbet-sandown-hillside|7,2025-06-14,sportsbet-sandown-hillside,7,V5,1,good,5,1,0.2637669986665615,1,"probabilities_updated,probability_cap_applied",held_by_policy,capped,updated,slow,0.2317230273752012,0.21069800562603636,0.0958534621578099,0.08319901195744563,0.5528467908902691,0.6028467908902692,0.1195767195767195,0.10325619152624857,-4.0,-0.7279373442224768,-0.7279373442224768,-0.0963558227823677,-0.0794337938479041,-0.579433793847904,-2.748868000885745,-0.1745426015721343,-0.6280930646950255,eb8c8399ebeda00548c025fd95346cdd8e3e7f1eeeb37b54e477fbb7673ab868
expected-tempo-governed-shadow-v1,2025-06-14|sportsbet-sandown-hillside|8,2025-06-14,sportsbet-sandown-hillside,8,V6,1,good,6,2,0.2220550131910281,1,"probabilities_updated,probability_cap_applied",held_by_policy,updated,capped,fast,0.2831287705429581,0.26193183315682167,0.1333628042438111,0.11863740446353012,0.4267073315700317,0.4767073315700317,0.1568010936431988,0.14272343080961628,0.5571880186980543,-0.4916176381519688,-0.4916176381519688,1.0679437025046077,-0.2463464208290638,-0.583365970433914,0.3142513765743247,0.0725851331012115,-0.4274148668987885,1c860ff0d67af76ca62bc8883de3618ba5f148f4b5c442b3b2921a7ac332a00a
expected-tempo-governed-shadow-v1,2025-06-14|sportsbet-sandown-hillside|9,2025-06-14,sportsbet-sandown-hillside,9,V7,1,good,7,3,0.4189705100395757,1,"probabilities_updated,probability_cap_applied",held_by_policy,updated,updated,fast,0.3873081841432225,0.3596956502332757,0.1202046035805626,0.10782501641657544,0.4063527584947022,0.4563527584947022,0.0861344537815126,0.0761265748554466,0.6033181757713847,-0.6645800217922166,-0.6645800217922166,0.6155648896939208,-0.1014764834332306,-0.5849155895227607,-2.051286330366968,-0.117757331210702,-0.3090620995590482,b28f9dee3cbf7980ec2b48abf9dc37f60a2046e4f5e67ca142b64824b3388ebd
expected-tempo-governed-shadow-v1,2025-06-21|flemington|2,2025-06-21,flemington,2,V0,1,good,0,0,0.0,0,"no_completed_races,insufficient_state_reliability,probabilities_held",held_by_policy,held_insufficient_evidence,held_insufficient_evidence,slow,0.1766960722537282,0.1766960722537282,0.0792375551354757,0.0792375551354757,0.5993113691601404,0.5993113691601404,0.1447550034506556,0.1447550034506556,-0.8551418678897457,-0.9279300793835124,-0.9279300793835124,-0.2379453512597953,-0.2756564620601618,-0.2756564620601618,0.6637127032369547,-0.3034484674780613,-0.3034484674780613,985a018dbfadde27b805f86058ada2d6259e9da5a1b99bfec8ba3d5ba364d6a9
expected-tempo-governed-shadow-v1,2025-06-21|flemington|3,2025-06-21,flemington,3,V1,1,good,1,1,0.1003675646834516,0,"insufficient_state_reliability,probabilities_held",held_by_policy,held_insufficient_evidence,held_insufficient_evidence,even,0.2831287705429581,0.2831287705429581,0.1333628042438111,0.1333628042438111,0.4267073315700317,0.4267073315700317,0.1568010936431988,0.1568010936431988,-0.2273671248447104,-0.4916176381519688,-0.4916176381519688,0.6128437545782084,-0.2463464208290638,-0.2463464208290638,0.8202047988290013,0.0725851331012115,0.0725851331012115,b54b823e08661ff6f354335b56ebaffb7e2507d95fa7d9f233040dd5196836ee
expected-tempo-governed-shadow-v1,2025-06-21|flemington|7,2025-06-21,flemington,7,V2,1,good,2,2,0.2085485226510051,1,probabilities_updated,held_by_policy,below_minimum_change,capped,fast,0.3873081841432225,0.3851526594727908,0.1202046035805626,0.0918547897399466,0.4063527584947022,0.4417650910404552,0.0861344537815126,0.0812274597468072,0.5326927454557243,-0.6645800217922166,-0.6645800217922166,0.134898151895319,-0.1014764834332306,-0.1014764834332306,0.0805362100867628,-0.117757331210702,0.382242668789298,21aed77a18b71d964c1a4e40ef77b76897ebf24f66641537bae6408b826bc79f
expected-tempo-governed-shadow-v1,2025-06-21|flemington|9,2025-06-21,flemington,9,V3,1,good,3,3,0.3271321327284454,1,probabilities_updated,held_by_policy,updated,capped,even,0.2831287705429581,0.3078967333958576,0.1333628042438111,0.107957627785096,0.4267073315700317,0.4429799005346653,0.1568010936431988,0.1411657382843807,-0.1583959258855421,-0.4916176381519688,-0.4916176381519688,0.988424246606268,-0.2463464208290638,-0.024748125296048112,0.7069384218478515,0.0725851331012115,0.5725851331012115,6481007351c04a7735f42dcbaffb018f0e98497d50ba82be78070e60be066079
expected-tempo-governed-shadow-v1,2025-06-21|randwick|2,2025-06-21,randwick,2,V0,1,soft,0,0,0.0,0,"no_completed_races,insufficient_state_reliability,probabilities_held",held_by_policy,held_insufficient_evidence,held_insufficient_evidence,even,0.2556221889055472,0.2556221889055472,0.0888305847076461,0.0888305847076461,0.497911758406511,0.497911758406511,0.1576354679802955,0.1576354679802955,-0.4794572868568429,-0.6020308462384194,-0.6020308462384194,-0.9352938531408804,-0.527414560044455,-0.527414560044455,-0.2779017721448658,-0.3309324487931435,-0.3309324487931435,bff108398a81de3347ed9365f2ff1e06149bf5ff8908fe87ca686d4f41f78552
expected-tempo-governed-shadow-v1,2025-06-21|randwick|3,2025-06-21,randwick,3,V1,1,soft,1,1,0.2973782397718162,1,"probabilities_updated,probability_cap_applied",held_by_policy,below_minimum_change,updated,fast,0.2556221889055472,0.2931749828018962,0.0888305847076461,0.08599348197616045,0.497911758406511,0.447911758406511,0.1576354679802955,0.1729197768154322,0.8726658795289998,-0.6020308462384194,-0.6020308462384194,-0.694081777386714,-0.527414560044455,-0.527414560044455,1.0641965316186246,-0.3309324487931435,-0.3900032362717877,ca736c064c985f92923ff7b2ee625e5f020a7746e848c98d6bad31873cafef12
expected-tempo-governed-shadow-v1,2025-06-21|randwick|7,2025-06-21,randwick,7,V2,1,soft,2,2,0.2598699799703166,1,"probabilities_updated,probability_cap_applied",held_by_policy,updated,updated,even,0.3043478260869565,0.3543478260869565,0.108695652173913,0.09308098289516775,0.4440993788819876,0.4134274857959202,0.1428571428571428,0.13914370522195535,0.4900381724625915,-0.4483988885128754,-0.4483988885128754,0.4868437638878645,-0.3170567021240242,-0.4499376521170593,1.2227901463153952,-0.2530751349556213,0.035240263797192306,bf86ca5f55863169a33ee11c12f4d86bf63acccb7736b152a6b4bd8a092b8017
expected-tempo-governed-shadow-v1,2025-06-21|randwick|8,2025-06-21,randwick,8,V3,1,soft,3,3,0.378257135880539,1,probabilities_updated,held_by_policy,capped,updated,fast,0.4139329680495268,0.4410239479239196,0.1118266562299864,0.1002316504668573,0.2722296205182422,0.2309876495838058,0.2020107552022445,0.2277567520254171,0.6615197833328126,-0.0404545666943978,-0.0404545666943978,1.210832809180874,-0.7325348677273784,-0.2325348677273784,-0.4548891168563074,-0.1456456421002815,0.11637340952492078,9c90f4d8437ca4f96664260185978146c93f4ad577285e14c776ebe650d8d88b
expected-tempo-governed-shadow-v1,2025-06-21|randwick|9,2025-06-21,randwick,9,V4,1,soft,4,4,0.5020325338229238,1,probabilities_updated,held_by_policy,capped,capped,very_fast_or_collapse,0.4139329680495268,0.4357823443527885,0.1118266562299864,0.1183897678467779,0.2722296205182422,0.2276315309527149,0.2020107552022445,0.2181963568477185,0.8106860089862874,-0.0404545666943978,-0.0404545666943978,1.0239257312536212,-0.7325348677273784,-0.2325348677273784,-0.439203285240572,-0.1456456421002815,0.3543543578997185,b0f67174d43dabb1ef4e753a7389409d12f705a9c8b339f815db7b61538dc16f
expected-tempo-governed-shadow-v1,2025-06-21|randwick|10,2025-06-21,randwick,10,V5,1,soft,5,5,0.5440089434272238,1,"probabilities_updated,probability_cap_applied",held_by_policy,capped,capped,slow,0.2556221889055472,0.27949298256467325,0.0888305847076461,0.10946301481695009,0.497911758406511,0.447911758406511,0.1576354679802955,0.16313224421186542,-0.999546547176146,-0.6020308462384194,-0.6020308462384194,-1.6007914024911356,-0.527414560044455,-0.027414560044454972,0.573172405048778,-0.3309324487931435,0.16906755120685651,87e18bbd0641f361d62e4a79bf103b4bb9fd53d0b00af9da04c08e43ac0c093a
expected-tempo-governed-shadow-v1,2025-06-28|caulfield|1,2025-06-28,caulfield,1,V0,1,soft,0,0,0.0,0,"no_completed_races,insufficient_state_reliability,probabilities_held",held_by_policy,held_insufficient_evidence,held_insufficient_evidence,even,0.3221633085896076,0.3221633085896076,0.1053022269353128,0.1053022269353128,0.3878654749280412,0.3878654749280412,0.1846689895470383,0.1846689895470383,0.0,-0.2871234187343125,-0.2871234187343125,-0.0843113449345777,-0.7381716070290985,-0.7381716070290985,-0.60613020952965,-0.868002860868811,-0.868002860868811,82d1a3a2c3dfec7f8f88fab31d52a49e4f991336461bde8c4c8e101fd8be16a4
expected-tempo-governed-shadow-v1,2025-06-28|caulfield|2,2025-06-28,caulfield,2,V1,1,soft,1,1,0.3333333333333333,1,"probabilities_updated,probability_cap_applied",held_by_policy,updated,updated,even,0.3221633085896076,0.3526900995899916,0.1053022269353128,0.10305515689438782,0.3878654749280412,0.3378654749280412,0.1846689895470383,0.2063892685875793,0.4316740860650309,-0.2871234187343125,-0.2871234187343125,-0.533971851252308,-0.7381716070290985,-0.4470534135185701,1.1530146091052638,-0.868002860868811,-1.1849890514108152,c1b0791e7dce772d323efa2846769038c0328ad1711fa9b02b62ad8e8a44d56a
expected-tempo-governed-shadow-v1,2025-06-28|caulfield|3,2025-06-28,caulfield,3,V2,1,soft,2,2,0.3966869491876508,1,"probabilities_updated,probability_cap_applied",held_by_policy,below_minimum_change,capped,fast,0.2389825495415557,0.2889825495415557,0.2767179335502316,0.23976394470212065,0.3414423740510697,0.3351578117151373,0.1428571428571428,0.1360956940411861,0.6280919157690859,-0.1285914740362738,-0.1285914740362738,-0.3463699841684453,-0.2059062357550077,-0.2059062357550077,1.388029860928582,-0.1407951151589306,0.3592048848410694,0146d6bc6b1e82cd7b9cd9dee5d33bde354b0b7817dfcd8fcac5cf87749e9f9b
expected-tempo-governed-shadow-v1,2025-06-28|caulfield|5,2025-06-28,caulfield,5,V3,1,soft,3,3,0.1876575289062305,0,"insufficient_state_reliability,probabilities_held",held_by_policy,held_insufficient_evidence,held_insufficient_evidence,slow,0.2721417069243156,0.2721417069243156,0.109098228663446,0.109098228663446,0.4811939268461008,0.4811939268461008,0.1375661375661375,0.1375661375661375,-1.7645585990213932,-0.759366194284839,-0.759366194284839,-1.6378096534136204,-0.3415974954411983,-0.3415974954411983,-0.152769274582302,-0.4377746096021928,-0.4377746096021928,f11cebaddfa569e818a2b2aeef3b8daeedeb5b2c12a5c78547b3a7e948f387bb
expected-tempo-governed-shadow-v1,2025-06-28|caulfield|6,2025-06-28,caulfield,6,V4,1,soft,4,4,0.4622229149625214,1,"probabilities_updated,probability_cap_applied",held_by_policy,capped,updated,even,0.3221633085896076,0.32860345633996535,0.1053022269353128,0.1098279142298487,0.3878654749280412,0.3378654749280412,0.1846689895470383,0.22370315450214462,0.3926140241729451,-0.2871234187343125,-0.2871234187343125,-0.0749434177196246,-0.7381716070290985,-0.23817160702909845,0.4946265569495068,-0.868002860868811,-0.6489061708302933,4f631c3cfc0e8b4a0da85db2517e44cdabe7e360c0fc5ae225d03abb0d052ebf
expected-tempo-governed-shadow-v1,2025-06-28|caulfield|7,2025-06-28,caulfield,7,V5,1,soft,5,5,0.5337449675673867,1,"probabilities_updated,probability_cap_applied",held_by_policy,updated,capped,fast,0.2389825495415557,0.2889825495415557,0.2767179335502316,0.23728578931360172,0.3414423740510697,0.33972680797741456,0.1428571428571428,0.13400485316742777,0.634608268331389,-0.1285914740362738,-0.1285914740362738,1.555562563251763,-0.2059062357550077,0.10264431273180427,0.4662329356078354,-0.1407951151589306,0.3592048848410694,434aef7c63f2fa9b6fb0ab6e3a14687adc922e0ad269ef669044fbf223a2cc0d
expected-tempo-governed-shadow-v1,2025-06-28|caulfield|8,2025-06-28,caulfield,8,V6,1,soft,6,6,0.4146717799893347,1,probabilities_updated,held_by_policy,updated,updated,slow,0.2721417069243156,0.3050495087078122,0.109098228663446,0.1035468493818802,0.4811939268461008,0.4576084562977354,0.1375661375661375,0.1337951856125721,-1.8724283388331004,-0.759366194284839,-0.759366194284839,0.5836874828654931,-0.3415974954411983,0.10304611733088859,0.0028824391430638,-0.4377746096021928,-0.2504297448418773,2cfe13d2faeca509176f6b0c13ddc940ed54973f25c0fb6c018ada535804c960
expected-tempo-governed-shadow-v1,2025-06-28|rosehill|1,2025-06-28,rosehill,1,V0,1,good,0,0,0.0,0,"no_completed_races,insufficient_state_reliability,probabilities_held",held_by_policy,held_insufficient_evidence,held_insufficient_evidence,even,0.4387351778656126,0.4387351778656126,0.0697780480389176,0.0697780480389176,0.282695565304261,0.282695565304261,0.2087912087912088,0.2087912087912088,0.1987527629805637,0.0570591040879983,0.0570591040879983,0.459513624982064,-0.2702266815690505,-0.2702266815690505,-0.1348981518953174,-0.2617749119337798,-0.2617749119337798,99f323c65d668e084c7eadf530cc1a516594921e0a0cf1367c5f81c5b596b6dc
expected-tempo-governed-shadow-v1,2025-06-28|rosehill|3,2025-06-28,rosehill,3,V1,1,good,1,1,0.2611859138159418,1,"probabilities_updated,probability_cap_applied",held_by_policy,updated,updated,slow,0.2171639670360898,0.2671639670360898,0.1382495026996305,0.11758467848958847,0.3706369504323468,0.3449434425272857,0.2739495798319328,0.27030791194703585,-0.7093236155997947,0.1738270385715923,0.1738270385715923,0.2202418806454208,-0.5208506393787743,-0.4497863410122915,1.1926970746842251,-0.3095108762071263,-0.06971924580651878,b62588e701b4764e08c30cf6e1afbd6f1ba65c8240b7d7eeabe514720560bfeb
expected-tempo-governed-shadow-v1,2025-06-28|rosehill|4,2025-06-28,rosehill,4,V2,1,good,2,2,0.4429854159012414,1,"probabilities_updated,probability_cap_applied",held_by_policy,capped,capped,even,0.2171639670360898,0.2671639670360898,0.1382495026996305,0.12218090529751337,0.3706369504323468,0.3479083297757852,0.2739495798319328,0.2627467978906115,-0.1076651916535371,0.1738270385715923,0.1738270385715923,0.5597814466404395,-0.5208506393787743,-0.020850639378774294,-0.3043433914711503,-0.3095108762071263,0.1904891237928737,aee5d4d8fcd6a7ce088390e2483977fe769220a6c44e709d957edde4772621a3
expected-tempo-governed-shadow-v1,2025-06-28|rosehill|7,2025-06-28,rosehill,7,V3,1,good,3,3,0.1330143356499747,0,"insufficient_state_reliability,probabilities_held",held_by_policy,held_insufficient_evidence,held_insufficient_evidence,slow,0.3080267558528428,0.3080267558528428,0.1122073578595317,0.1122073578595317,0.4347109412326804,0.4347109412326804,0.145054945054945,0.145054945054945,-0.9005169182373706,-0.4485456772453868,-0.4485456772453868,0.1362607594902229,-0.3209882920298171,-0.3209882920298171,-0.7279746082456623,-0.2926311852652332,-0.2926311852652332,636a004e68abc974df1f2969fddf15adcf48c6cafcafaf0da6c40513b07c528a
expected-tempo-governed-shadow-v1,2025-06-28|rosehill|9,2025-06-28,rosehill,9,V4,1,good,4,4,0.2972117931066451,1,probabilities_updated,held_by_policy,capped,updated,even,0.3398402839396628,0.3368034644553011,0.1184560780834072,0.1096111340519468,0.398846495119787,0.3610583603777366,0.1428571428571428,0.1925270411150152,-0.1554758360827393,-0.3925874611977842,-0.3925874611977842,-0.4206964048265991,-0.5201137937068411,-0.020113793706841077,0.0857200914575306,-0.5547564753231244,-0.6611733527594951,cbd405a849b9dde4f59fbc3fb2b5374c6f21dda16222ed92234fd02d789a619f
expected-tempo-governed-shadow-v1,2025-06-28|rosehill|10,2025-06-28,rosehill,10,V5,1,good,5,5,0.353425234113591,1,probabilities_updated,held_by_policy,updated,updated,slow,0.4387351778656126,0.4271080094945548,0.0697780480389176,0.0686756070185844,0.282695565304261,0.3210869740516466,0.2087912087912088,0.183129409435214,-1.640329598490428,0.0570591040879983,0.0570591040879983,0.1699504275846508,-0.2702266815690505,-0.0804915677928531,0.9512049172105852,-0.2617749119337798,0.007633944105846724,043caff3eff862bbaf2f73aaf72f45cdccd8837d5387bae99444f05c132f0b2f
expected-tempo-governed-shadow-v1,2025-07-05|flemington|1,2025-07-05,flemington,1,V0,1,soft,0,0,0.0,0,"no_completed_races,insufficient_state_reliability,probabilities_held",held_by_policy,held_insufficient_evidence,held_insufficient_evidence,very_fast_or_collapse,0.2389825495415557,0.2389825495415557,0.2767179335502316,0.2767179335502316,0.3414423740510697,0.3414423740510697,0.1428571428571428,0.1428571428571428,2.2932685822204366,-0.1285914740362738,-0.1285914740362738,-1.29709761437806,-0.2059062357550077,-0.2059062357550077,0.5733171455551012,-0.1407951151589306,-0.1407951151589306,cb5ead09035d6cd2c98d9f1ca0a7c4a47945b672d34a12ecd4fbffc30694f161
expected-tempo-governed-shadow-v1,2025-07-05|flemington|2,2025-07-05,flemington,2,V1,1,soft,1,1,0.2042705586529166,1,"probabilities_updated,probability_cap_applied",held_by_policy,updated,updated,slow,0.2404765109705209,0.27271359924883304,0.0916341364921254,0.09173247187904303,0.5336567121127628,0.4836567121127628,0.1342326404245908,0.15189721675936102,-0.8354856931750837,-0.4807379021811658,-0.4807379021811658,-0.5391810190171432,-0.4077715194370196,-0.4977477665036428,0.746377274631345,-0.3960114363814577,-0.1592469892474992,8f1b42e405560f19afbd7d714411f3c5f8745955891fd4a81e03569ecacb0823
expected-tempo-governed-shadow-v1,2025-07-05|flemington|3,2025-07-05,flemington,3,V2,1,soft,2,2,0.4027510476067938,1,"probabilities_updated,probability_cap_applied",held_by_policy,updated,updated,slow,0.2389825495415557,0.2889825495415557,0.2767179335502316,0.24710420645743986,0.3414423740510697,0.3159770793623684,0.1428571428571428,0.14793616463863582,-3.237555645487683,-0.1285914740362738,-0.1285914740362738,-0.6226068549014646,-0.2059062357550077,-0.027281264469595695,3.248797158145624,-0.1407951151589306,0.3562544643145843,b2d164467a7e696ddbb0c1baa34e1ec54ccdbb8a3114654c7ba059680d071976
expected-tempo-governed-shadow-v1,2025-07-05|flemington|4,2025-07-05,flemington,4,V3,1,soft,3,3,0.4604636241171044,1,"probabilities_updated,probability_cap_applied",held_by_policy,capped,updated,slow,0.2404765109705209,0.27465546543850317,0.0916341364921254,0.08600981540548602,0.5336567121127628,0.4836567121127628,0.1342326404245908,0.15567800704324794,-0.7083888132868824,-0.4807379021811658,-0.4807379021811658,0.8221481568601059,-0.4077715194370196,0.09222848056298039,0.2307468387683111,-0.3960114363814577,-0.019310823676667588,b00c0f736dd13eebfe3eab8df51b8a80fbfceb81539eff218998a2d5e0f9fb12
expected-tempo-governed-shadow-v1,2025-07-05|flemington|6,2025-07-05,flemington,6,V4,1,soft,4,4,0.4888131272353099,1,"probabilities_updated,probability_cap_applied",held_by_policy,capped,capped,slow,0.2389825495415557,0.277013381544767,0.2767179335502316,0.22671793355023162,0.3414423740510697,0.356321005157805,0.1428571428571428,0.1399476797471962,-2.428166734115762,-0.1285914740362738,-0.1285914740362738,0.0129709761437872,-0.2059062357550077,0.29409376424499234,2.844102702459672,-0.1407951151589306,0.3592048848410694,564301f06fd99d66d46b0a161598d625c435f43c13f5e0bfec4903c5aaefc007
expected-tempo-governed-shadow-v1,2025-07-05|flemington|8,2025-07-05,flemington,8,V5,1,soft,5,5,0.4794948336553862,1,"probabilities_updated,probability_cap_applied",held_by_policy,capped,updated,slow,0.2404765109705209,0.26454319730807024,0.0916341364921254,0.0865346007447459,0.5336567121127628,0.4836567121127628,0.1342326404245908,0.16526548983442085,-0.7907880137036982,-0.4807379021811658,-0.4807379021811658,0.2891409663049963,-0.4077715194370196,0.09222848056298039,1.914311273935556,-0.3960114363814577,0.07922432808466101,40633d40764361f15cdc8371debf82d45b69a42e5e582a66d7dbab92e7f623e2
expected-tempo-governed-shadow-v1,2025-07-05|flemington|9,2025-07-05,flemington,9,V6,1,soft,6,6,0.5352197877514716,1,probabilities_updated,held_by_policy,capped,capped,slow,0.465378421900161,0.4541479690490545,0.0789049919484702,0.0779513075657788,0.3578329882677709,0.3405181600799785,0.0978835978835978,0.127382563305188,-3.347472658143072,-0.4108814230947298,-0.4108814230947298,1.380722260575609,-0.3897435248948804,0.1102564751051196,2.9240707356854645,-0.451314449583344,0.04868555041665601,9abd9c7d7670ae3500e8a8f914585015875bbdb62e4d8aac3924e1d2bf032313
expected-tempo-governed-shadow-v1,2025-07-05|rosehill|2,2025-07-05,rosehill,2,V0,1,soft,0,0,0.0,0,"no_completed_races,insufficient_state_reliability,probabilities_held",held_by_policy,held_insufficient_evidence,held_insufficient_evidence,slow,0.2556221889055472,0.2556221889055472,0.0888305847076461,0.0888305847076461,0.497911758406511,0.497911758406511,0.1576354679802955,0.1576354679802955,-1.0664793772084793,-0.6020308462384194,-0.6020308462384194,-2.9934757117907926,-0.527414560044455,-0.527414560044455,-0.2089264005526929,-0.3309324487931435,-0.3309324487931435,08fd48c221e3cfce357e5ef262d974fdd56f6870d5d9d3fe6ffe9794e9d1aeef
expected-tempo-governed-shadow-v1,2025-07-05|rosehill|3,2025-07-05,rosehill,3,V1,1,soft,1,1,0.3333333333333333,1,probabilities_updated,held_by_policy,capped,updated,slow,0.2556221889055472,0.3007687691601809,0.0888305847076461,0.0785396874829668,0.497911758406511,0.4659887170729288,0.1576354679802955,0.1547028262839233,-0.8459857797342905,-0.6020308462384194,-0.6020308462384194,0.2284019712274496,-0.527414560044455,-1.027414560044455,-1.840159451021776,-0.3309324487931435,-0.6596875259803203,7081d3fff82a5c1a14d763bc2a691971e79f4a74fdf91b2c51d340af546140e5
expected-tempo-governed-shadow-v1,2025-07-05|rosehill|4,2025-07-05,rosehill,4,V2,1,soft,2,2,0.4371782109998217,1,probabilities_updated,held_by_policy,updated,updated,fast,0.2556221889055472,0.2937091142223955,0.0888305847076461,0.084965032546268,0.497911758406511,0.478307979787572,0.1576354679802955,0.1430178734437643,0.6089421111702454,-0.6020308462384194,-0.6020308462384194,-0.3387129401375041,-0.527414560044455,-0.9170667871351956,-0.1931615560213199,-0.3309324487931435,-0.6089210096995743,831fd02782a748727a544e52659331687da29923429f041b5e6cec1314cb6417
expected-tempo-governed-shadow-v1,2025-07-05|rosehill|7,2025-07-05,rosehill,7,V3,1,soft,3,3,0.1997362107749459,0,"insufficient_state_reliability,probabilities_held",held_by_policy,held_insufficient_evidence,held_insufficient_evidence,slow,0.3003344481605351,0.3003344481605351,0.1122073578595317,0.1122073578595317,0.4347109412326804,0.4347109412326804,0.1527472527472527,0.1527472527472527,-0.7826978331894182,-0.2866705153702255,-0.2866705153702255,-3.084468978730065,-0.3110882821298076,-0.3110882821298076,-2.275390513896956,-0.2910897069408998,-0.2910897069408998,1b6935ba67236dd623cbee270ab331a5d437835471370bff91c2790b45b786fe
expected-tempo-governed-shadow-v1,2025-07-05|rosehill|8,2025-07-05,rosehill,8,V4,1,soft,4,4,0.449024898922592,1,probabilities_updated,held_by_policy,updated,updated,slow,0.2556221889055472,0.244473423883832,0.0888305847076461,0.1065327309988263,0.497911758406511,0.4748542103446658,0.1576354679802955,0.1741396347726758,-0.6646910440332967,-0.6020308462384194,-0.6020308462384194,0.8335262061090446,-0.527414560044455,-0.8038425120409148,-1.4105043171928675,-0.3309324487931435,-0.5816808382226363,083fc412b9da2fb67a833ec2150466ae323c117cd92bd26f1e26b5d6780268ba
expected-tempo-governed-shadow-v1,2025-07-05|rosehill|9,2025-07-05,rosehill,9,V5,1,soft,5,5,0.493266889002762,1,probabilities_updated,held_by_policy,below_minimum_change,capped,very_fast_or_collapse,0.4139329680495268,0.4056618890544842,0.1118266562299864,0.1083572070997693,0.2722296205182422,0.280446432161739,0.2020107552022445,0.2055344716840073,2.023472278429854,-0.0404545666943978,-0.0404545666943978,-0.965748132886952,-0.7325348677273784,-0.7325348677273784,-1.5176042088223438,-0.1456456421002815,-0.6456456421002815,edfafa6313fecf8cb14c5d70df169a859f05bab7906a759f833d6f027ea6b21a
expected-tempo-governed-shadow-v1,2025-07-05|rosehill|10,2025-07-05,rosehill,10,V6,1,soft,6,6,0.5603645255714507,1,probabilities_updated,held_by_policy,updated,updated,very_fast_or_collapse,0.4139329680495268,0.4059271863904593,0.1118266562299864,0.1440074205750522,0.2722296205182422,0.2563916424950314,0.2020107552022445,0.1936737505394569,4.0,-0.0404545666943978,-0.0404545666943978,-2.1154482910857,-0.7325348677273784,-1.0468757634945949,-4.0,-0.1456456421002815,-0.5984789051069778,ead689afd649523a2ae850d3e0717faa3c2e3c49c0d3fb1ce9f3a2cc33f667dd
expected-tempo-governed-shadow-v1,2025-07-12|caulfield|1,2025-07-12,caulfield,1,V0,1,soft,0,0,0.0,0,"no_completed_races,insufficient_state_reliability,probabilities_held",held_by_policy,held_insufficient_evidence,held_insufficient_evidence,even,0.3221633085896076,0.3221633085896076,0.1053022269353128,0.1053022269353128,0.3878654749280412,0.3878654749280412,0.1846689895470383,0.1846689895470383,0.4073892483795176,-0.2871234187343125,-0.2871234187343125,-3.299088135825877,-0.7381716070290985,-0.7381716070290985,1.6749501461819598,-0.868002860868811,-0.868002860868811,7a30e4dfc185b73cce403fed6eeb64ef277ece29b02d1e6d0ace676e697e1fe7
expected-tempo-governed-shadow-v1,2025-07-12|caulfield|2,2025-07-12,caulfield,2,V1,1,soft,1,1,0.3333333333333333,1,"probabilities_updated,probability_cap_applied",held_by_policy,updated,below_minimum_change,fast,0.3221633085896076,0.36457407909001854,0.1053022269353128,0.09965415720322872,0.3878654749280412,0.3378654749280412,0.1846689895470383,0.19790628877871144,0.5361844874100095,-0.2871234187343125,-0.2871234187343125,-0.4443355792692266,-0.7381716070290985,-0.9098586720424192,0.4415553404515065,-0.868002860868811,-0.868002860868811,bb3df5a180b156f13bd51006a55b4bae172afe08acff0ef235f7dfcecd817d76
expected-tempo-governed-shadow-v1,2025-07-12|caulfield|3,2025-07-12,caulfield,3,V2,1,soft,2,2,0.3575633977190663,1,"probabilities_updated,probability_cap_applied",held_by_policy,updated,updated,very_fast_or_collapse,0.465378421900161,0.5139622715179591,0.0789049919484702,0.07706424486888336,0.3578329882677709,0.3078329882677709,0.0978835978835978,0.10114049534538641,2.7187318149577253,-0.4108814230947298,-0.4108814230947298,2.445500016202835,-0.3897435248948804,-0.5599152359186761,-0.9900622716224592,-0.451314449583344,-0.04146100248878948,0af7593b4109223be613709862c368e94a4c2ebfcf9560fb919fee90829c3098
expected-tempo-governed-shadow-v1,2025-07-12|caulfield|4,2025-07-12,caulfield,4,V3,1,soft,3,3,0.2619724801025933,1,"probabilities_updated,probability_cap_applied",held_by_policy,updated,updated,slow,0.2721417069243156,0.308074997818069,0.109098228663446,0.11177879532446096,0.4811939268461008,0.4311939268461008,0.1375661375661375,0.14895228001136912,-1.9172367710448617,-0.759366194284839,-0.759366194284839,0.4090111965466049,-0.3415974954411983,-0.1207110877061161,0.0530498350150121,-0.4377746096021928,-0.08663086868755171,dedb0b0f8b72884a66c5710df41b16532f5ba2a3f87fae6a524180aa6ef32c29
expected-tempo-governed-shadow-v1,2025-07-12|caulfield|5,2025-07-12,caulfield,5,V4,1,soft,4,4,0.4433590068540382,1,"probabilities_updated,probability_cap_applied",held_by_policy,capped,updated,slow,0.2721417069243156,0.3044157751091845,0.109098228663446,0.10638852104443373,0.4811939268461008,0.4311939268461008,0.1375661375661375,0.15800177700028079,-1.7156653670237358,-0.759366194284839,-0.759366194284839,-1.1094024011871046,-0.3415974954411983,0.15840250455880173,-1.9761063543092448,-0.4377746096021928,-0.17324214791014653,b8251d410e731fdaf3e06b8b0473ca3235386037c7039c81126cc2f392985508
expected-tempo-governed-shadow-v1,2025-07-12|caulfield|6,2025-07-12,caulfield,6,V5,1,soft,5,5,0.4988552268044779,1,"probabilities_updated,probability_cap_applied",held_by_policy,capped,updated,very_fast_or_collapse,0.465378421900161,0.4356469880770986,0.0789049919484702,0.11326336605975659,0.3578329882677709,0.3078329882677709,0.0978835978835978,0.1432566575953737,0.9672316169620406,-0.4108814230947298,-0.4108814230947298,1.4959376062134433,-0.3897435248948804,0.1102564751051196,-0.1404466619989794,-0.451314449583344,-0.09144858651110238,506ba6eb33b2487ba506916266dd9a2a709618a5b3fed67a0eb1f3b32cac10a5
expected-tempo-governed-shadow-v1,2025-07-12|caulfield|7,2025-07-12,caulfield,7,V6,1,soft,6,6,0.5710831405315576,1,"probabilities_updated,probability_cap_applied",held_by_policy,capped,capped,very_fast_or_collapse,0.465378421900161,0.48567834365381896,0.0789049919484702,0.1034157143427611,0.3578329882677709,0.3078329882677709,0.0978835978835978,0.10307295373564888,1.264917421364464,-0.4108814230947298,-0.4108814230947298,-1.7220238943061643,-0.3897435248948804,0.1102564751051196,0.6848942159209683,-0.451314449583344,0.04868555041665601,bc5f2199d823cf7148bcb92f260a939881d3550c1b98c27aa0e640651f164925
expected-tempo-governed-shadow-v1,2025-07-12|caulfield|8,2025-07-12,caulfield,8,V7,1,soft,7,7,0.548254507797248,1,"probabilities_updated,probability_cap_applied",held_by_policy,capped,capped,slow,0.3003344481605351,0.32608180218671856,0.1198996655518394,0.1354010430657272,0.4347109412326804,0.3847109412326804,0.145054945054945,0.15380621351487372,-0.5833433595473227,-0.4066520447001965,-0.4066520447001965,-2.722221038905103,-0.3465394484034323,0.15346055159656768,2.34450732643564,-0.3971876297650205,0.10281237023497952,9c2dba47d8e9a39656b256a1ba88b79cf0270b3fdc32effe35657707d01ca816
expected-tempo-governed-shadow-v1,2025-07-12|randwick|1,2025-07-12,randwick,1,V0,1,soft,0,0,0.0,0,"no_completed_races,insufficient_state_reliability,probabilities_held",held_by_policy,held_insufficient_evidence,held_insufficient_evidence,slow,0.4139329680495268,0.4139329680495268,0.1118266562299864,0.1118266562299864,0.2722296205182422,0.2722296205182422,0.2020107552022445,0.2020107552022445,-1.107584826087881,-0.0404545666943978,-0.0404545666943978,-0.4827933857306175,-0.7325348677273784,-0.7325348677273784,1.0431078024463671,-0.1456456421002815,-0.1456456421002815,e65cbf72334c5fd7543e18b369b356f335649839dc297d78a291c200d2da29f7
expected-tempo-governed-shadow-v1,2025-07-12|randwick|7,2025-07-12,randwick,7,V1,1,soft,1,1,0.0945062977447908,0,"insufficient_state_reliability,probabilities_held",held_by_policy,held_insufficient_evidence,held_insufficient_evidence,very_fast_or_collapse,0.3043478260869565,0.3043478260869565,0.108695652173913,0.108695652173913,0.4440993788819876,0.4440993788819876,0.1428571428571428,0.1428571428571428,1.034037187770513,-0.4483988885128754,-0.4483988885128754,1.757704566321788,-0.3170567021240242,-0.3170567021240242,0.3968166205230923,-0.2530751349556213,-0.2530751349556213,87fb361cac5350265cbab67755646592502fd744857b4df14f049f595b2a9bd4
expected-tempo-governed-shadow-v1,2025-07-12|randwick|9,2025-07-12,randwick,9,V2,1,soft,2,2,0.2626717379058157,1,probabilities_updated,held_by_policy,capped,updated,fast,0.4139329680495268,0.41581292974557,0.1118266562299864,0.0970374260433185,0.2722296205182422,0.2530973944442469,0.2020107552022445,0.2340522497668643,0.5182928993872797,-0.0404545666943978,-0.0404545666943978,0.1703976655519841,-0.7325348677273784,-0.2325348677273784,0.1490154003494842,-0.1456456421002815,0.049852767422865096,6c558b54fa91dc283f8d8b597d984f2634347947cbd7cd10b4d4cd5e6beef2e7
expected-tempo-governed-shadow-v1,2025-07-12|randwick|10,2025-07-12,randwick,10,V3,1,soft,3,3,0.4436913768835324,1,probabilities_updated,held_by_policy,capped,updated,even,0.4139329680495268,0.4328669293700575,0.1118266562299864,0.1105394268012609,0.2722296205182422,0.2379272422022701,0.2020107552022445,0.2186664016264112,-0.3691949420292903,-0.0404545666943978,-0.0404545666943978,-0.9655867714612298,-0.7325348677273784,-0.2325348677273784,0.5176324433192451,-0.1456456421002815,0.34044186265371323,fbc36ebcb316517cb398320f79927836140b50fe6d6789e8f4a0adcd684bb36c
expected-tempo-governed-shadow-v1,2025-07-19|flemington|1,2025-07-19,flemington,1,V0,1,soft,0,0,0.0,0,"no_completed_races,insufficient_state_reliability,probabilities_held",held_by_policy,held_insufficient_evidence,held_insufficient_evidence,slow,0.465378421900161,0.465378421900161,0.0789049919484702,0.0789049919484702,0.3578329882677709,0.3578329882677709,0.0978835978835978,0.0978835978835978,-1.7298164375692204,-0.4108814230947298,-0.4108814230947298,1.3248925632575856,-0.3897435248948804,-0.3897435248948804,1.681730293628307,-0.451314449583344,-0.451314449583344,e29906922a400d505b29142641c203f77e3c9a0f6c97eff9612374c6f2579452
expected-tempo-governed-shadow-v1,2025-07-19|flemington|2,2025-07-19,flemington,2,V1,1,soft,1,1,0.2042705586529166,1,probabilities_updated,held_by_policy,updated,capped,slow,0.2941492216854536,0.3127515749614509,0.1129898013955985,0.0863589151125199,0.44824016563147,0.463622762247633,0.1446208112874779,0.137266747678396,-1.6831457531955405,-0.5174798213628953,-0.5174798213628953,-1.1522550474391828,-0.3354641634220612,0.07541809534316268,1.0993668284382274,-0.2379821577492309,0.2620178422507691,05e7cca1a658430c2528cf2c4d442aba5bf83696b9a155ba0e7a3178efd08038
expected-tempo-governed-shadow-v1,2025-07-19|flemington|4,2025-07-19,flemington,4,V2,1,soft,2,2,0.2243172829101608,1,"probabilities_updated,probability_cap_applied",held_by_policy,capped,updated,slow,0.3221633085896076,0.3277219551220786,0.1053022269353128,0.09509772365781556,0.3878654749280412,0.34251133167306735,0.1846689895470383,0.2346689895470383,-4.0,-0.2871234187343125,-0.2871234187343125,-0.2810378164485834,-0.7381716070290985,-0.23817160702909845,3.349666947400664,-0.868002860868811,-0.8046831732065328,4c317d73167132d9fae8ad3a2d68b45a553617846ce180d534e98da0ed312e0b
expected-tempo-governed-shadow-v1,2025-07-19|flemington|5,2025-07-19,flemington,5,V3,1,soft,3,3,0.3912356950188865,1,probabilities_updated,held_by_policy,capped,capped,slow,0.2404765109705209,0.2517147854042757,0.0916341364921254,0.0698493998827952,0.5336567121127628,0.5558681813940249,0.1342326404245908,0.1225676333189041,-1.2858996493618564,-0.4807379021811658,-0.4807379021811658,0.6917853943349721,-0.4077715194370196,0.09222848056298039,0.5857419753349347,-0.3960114363814577,0.1039885636185423,c2b3838e115e659aa6b62542ff1f8d99697c5f81eb9a00c314af440363358c34
expected-tempo-governed-shadow-v1,2025-07-19|flemington|6,2025-07-19,flemington,6,V4,1,soft,4,4,0.4557924879934697,1,"probabilities_updated,probability_cap_applied",held_by_policy,capped,capped,even,0.2389825495415557,0.23005402016813287,0.2767179335502316,0.24815834051803304,0.3414423740510697,0.3914423740510697,0.1428571428571428,0.1303452652627642,0.0316167543504515,-0.1285914740362738,-0.1285914740362738,0.2357443431180435,-0.2059062357550077,0.29409376424499234,1.4409575316091046,-0.1407951151589306,0.3592048848410694,7ba87e11fc2db88ce9396a166d7f11b8fa584d7516db57ce24a25280e5fe4f89
expected-tempo-governed-shadow-v1,2025-07-19|flemington|8,2025-07-19,flemington,8,V5,1,good,5,0,0.0,0,"condition_regime_reset,insufficient_state_reliability,probabilities_held",held_by_policy,held_insufficient_evidence,held_insufficient_evidence,slow,0.1766960722537282,0.1766960722537282,0.0792375551354757,0.0792375551354757,0.5993113691601404,0.5993113691601404,0.1447550034506556,0.1447550034506556,-1.1138142426605793,-0.9279300793835124,-0.9279300793835124,-1.1531616210406246,-0.2756564620601618,-0.2756564620601618,1.4212483860399756,-0.3034484674780613,-0.3034484674780613,394d24d3154627967c926d164c6b5a4661d5a5ae838149194d69af2bc9990a2c
expected-tempo-governed-shadow-v1,2025-07-19|flemington|9,2025-07-19,flemington,9,V6,1,good,6,1,0.0862888702275779,0,"insufficient_state_reliability,probabilities_held",held_by_policy,held_insufficient_evidence,held_insufficient_evidence,slow,0.2831287705429581,0.2831287705429581,0.1333628042438111,0.1333628042438111,0.4267073315700317,0.4267073315700317,0.1568010936431988,0.1568010936431988,-1.1723291771855109,-0.4916176381519688,-0.4916176381519688,0.9646786443677002,-0.2463464208290638,-0.2463464208290638,0.7995618936841795,0.0725851331012115,0.0725851331012115,eed0e01a004c4ef340678e8111dad4a0836f11f256738c1e8f4ba335dd63ec11
expected-tempo-governed-shadow-v1,2025-07-19|rosehill|1,2025-07-19,rosehill,1,V0,1,soft,0,0,0.0,0,"no_completed_races,insufficient_state_reliability,probabilities_held",held_by_policy,held_insufficient_evidence,held_insufficient_evidence,very_fast_or_collapse,0.2556221889055472,0.2556221889055472,0.0888305847076461,0.0888305847076461,0.497911758406511,0.497911758406511,0.1576354679802955,0.1576354679802955,1.486945537937041,-0.6020308462384194,-0.6020308462384194,-0.3603381905749644,-0.527414560044455,-0.527414560044455,-0.5007136642402671,-0.3309324487931435,-0.3309324487931435,fe8e7fb0d8614ee760756bac57e70a006a521e91dcf5ddff0a7bcc466059f9d3
expected-tempo-governed-shadow-v1,2025-07-19|rosehill|2,2025-07-19,rosehill,2,V1,1,soft,1,1,0.2973782397718162,1,"probabilities_updated,probability_cap_applied",held_by_policy,updated,below_minimum_change,slow,0.2556221889055472,0.2823827621898019,0.0888305847076461,0.09228718819770441,0.497911758406511,0.447911758406511,0.1576354679802955,0.1774182912059825,-0.5985178992058794,-0.6020308462384194,-0.6020308462384194,-0.5105958085757315,-0.527414560044455,-0.3323345820416038,1.9614747125824907,-0.3309324487931435,-0.3309324487931435,c74acd47bc61d1facb1386f03a24f1b81c8a4363c51d145abbacd7da3b4e2886
expected-tempo-governed-shadow-v1,2025-07-19|rosehill|5,2025-07-19,rosehill,5,V2,1,soft,2,2,0.3697449555538646,1,"probabilities_updated,probability_cap_applied",held_by_policy,capped,updated,even,0.2556221889055472,0.2838243891422039,0.0888305847076461,0.08910924022718135,0.497911758406511,0.447911758406511,0.1576354679802955,0.17915461222410356,-0.1226346835411852,-0.6020308462384194,-0.6020308462384194,1.6610711711870163,-0.527414560044455,-0.027414560044454972,0.9277929660922584,-0.3309324487931435,-0.1376295414462443,154f8ef7778e4a9f54c3ac517c2502af33f53e2717b7485dfd01ab6ecb525181
expected-tempo-governed-shadow-v1,2025-07-19|rosehill|6,2025-07-19,rosehill,6,V3,1,soft,3,3,0.4974922352268442,1,"probabilities_updated,probability_cap_applied",held_by_policy,capped,capped,slow,0.2556221889055472,0.28710378172033035,0.0888305847076461,0.09221832713708449,0.497911758406511,0.447911758406511,0.1576354679802955,0.17276613273607397,-4.0,-0.6020308462384194,-0.6020308462384194,0.8700848991932006,-0.527414560044455,-0.027414560044454972,1.7377709523632805,-0.3309324487931435,0.16906755120685651,2d79ef5721f186baae6ce2ea0768ed1ec8da87213c007c8d44c598fa3013d864
expected-tempo-governed-shadow-v1,2025-07-19|rosehill|7,2025-07-19,rosehill,7,V4,1,soft,4,4,0.1600950618086297,0,"insufficient_state_reliability,probabilities_held",held_by_policy,held_insufficient_evidence,held_insufficient_evidence,slow,0.3043478260869565,0.3043478260869565,0.108695652173913,0.108695652173913,0.4440993788819876,0.4440993788819876,0.1428571428571428,0.1428571428571428,-0.7698732911197503,-0.4483988885128754,-0.4483988885128754,-1.4944599180559854,-0.3170567021240242,-0.3170567021240242,-2.1715312256319708,-0.2530751349556213,-0.2530751349556213,c058484a5281886a85d171da50213654f1f18f4779867d4d695f11b653978973
expected-tempo-governed-shadow-v1,2025-07-19|rosehill|10,2025-07-19,rosehill,10,V5,1,soft,5,5,0.4287454152975123,1,"probabilities_updated,probability_cap_applied",held_by_policy,capped,capped,fast,0.2556221889055472,0.20832144077518894,0.0888305847076461,0.09392728586780101,0.497911758406511,0.49011580537671423,0.1576354679802955,0.20763546798029553,0.6985797151721848,-0.6020308462384194,-0.6020308462384194,2.828238511699392,-0.527414560044455,-0.027414560044454972,0.6969381540075038,-0.3309324487931435,0.16906755120685651,3c93edba4b066370b17557188283266bd11efc38379cd4707b2d7e7085ef256e
expected-tempo-governed-shadow-v1,2025-07-26|caulfield|1,2025-07-26,caulfield,1,V0,1,soft,0,0,0.0,0,"no_completed_races,insufficient_state_reliability,probabilities_held",held_by_policy,held_insufficient_evidence,held_insufficient_evidence,fast,0.2389825495415557,0.2389825495415557,0.2767179335502316,0.2767179335502316,0.3414423740510697,0.3414423740510697,0.1428571428571428,0.1428571428571428,0.6274592724035517,-0.1285914740362738,-0.1285914740362738,-0.4399788207750097,-0.2059062357550077,-0.2059062357550077,2.2454191908380903,-0.1407951151589306,-0.1407951151589306,6eff7df3092876384e096f4a26ff6d3bedf6ff5761985b94e2ef43157d1e3548
expected-tempo-governed-shadow-v1,2025-07-26|caulfield|2,2025-07-26,caulfield,2,V1,1,soft,1,1,0.2973782397718162,1,"probabilities_updated,probability_cap_applied",held_by_policy,capped,updated,even,0.3221633085896076,0.3540596198291465,0.1053022269353128,0.10106916491358575,0.3878654749280412,0.3378654749280412,0.1846689895470383,0.20700574032922642,-0.2345812554643999,-0.2871234187343125,-0.2871234187343125,0.4139388497947779,-0.7381716070290985,-0.23817160702909845,2.025295591456002,-0.868002860868811,-0.4008018232327656,0b678b07287f1910aa11e918eafcafda9257fc582fa470ca9b2f31164b1bed02
expected-tempo-governed-shadow-v1,2025-07-26|caulfield|3,2025-07-26,caulfield,3,V2,1,soft,2,2,0.1021728929591426,0,"insufficient_state_reliability,probabilities_held",held_by_policy,held_insufficient_evidence,held_insufficient_evidence,slow,0.2870452528837622,0.2870452528837622,0.1123558118899733,0.1123558118899733,0.4577417923691216,0.4577417923691216,0.1428571428571428,0.1428571428571428,-3.296671101440315,-0.7578058382443047,-0.7578058382443047,0.1419980546266463,-0.456623435649104,-0.456623435649104,0.0715786112097585,-0.2647788479363372,-0.2647788479363372,4b764e26898cb7220297abe90c0aee64441ece6b1156917fe9c82b7d87eb249c
expected-tempo-governed-shadow-v1,2025-07-26|caulfield|4,2025-07-26,caulfield,4,V3,1,soft,3,3,0.3730619410959898,1,probabilities_updated,held_by_policy,capped,below_minimum_change,slow,0.2870452528837622,0.2642916995290742,0.1123558118899733,0.0864400053853847,0.4577417923691216,0.4908018244330813,0.1428571428571428,0.1584664706524597,-3.277353943651009,-0.7578058382443047,-0.7578058382443047,-0.2445522051903471,-0.456623435649104,0.043376564350895985,0.1927116455647381,-0.2647788479363372,-0.2647788479363372,f462c75db7a1d49c78c105d31b2e7341bb245fc228bf3a2300b432ab2beca6b7
expected-tempo-governed-shadow-v1,2025-07-26|caulfield|5,2025-07-26,caulfield,5,V4,1,soft,4,4,0.4154944232731898,1,"probabilities_updated,probability_cap_applied",held_by_policy,capped,capped,fast,0.2389825495415557,0.2670817096942695,0.2767179335502316,0.2267179335502316,0.3414423740510697,0.3535409965141495,0.1428571428571428,0.15265936024134924,0.6855512084877633,-0.1285914740362738,-0.1285914740362738,1.1510448367463395,-0.2059062357550077,0.29409376424499234,0.6485406927216263,-0.1407951151589306,0.3592048848410694,bb7999d58552a83ed7a08f754f53696fd11f9482ddc99144355dfdd98ef9f549
expected-tempo-governed-shadow-v1,2025-07-26|caulfield|6,2025-07-26,caulfield,6,V5,1,soft,5,5,0.491381624024956,1,"probabilities_updated,probability_cap_applied",held_by_policy,capped,capped,even,0.3221633085896076,0.34055529620495256,0.1053022269353128,0.11217610894905644,0.3878654749280412,0.3378654749280412,0.1846689895470383,0.20940311991794974,0.4206860994670122,-0.2871234187343125,-0.2871234187343125,-0.1308421482440092,-0.7381716070290985,-0.23817160702909845,0.8274464633426802,-0.868002860868811,-0.36800286086881095,7d286303a6486318929e9eca0221994b3bb0290d685b207956e3e2d4662521d0
expected-tempo-governed-shadow-v1,2025-07-26|caulfield|7,2025-07-26,caulfield,7,V6,1,soft,6,6,0.4410837692990469,1,probabilities_updated,held_by_policy,capped,capped,slow,0.2404765109705209,0.2513318294047888,0.0916341364921254,0.1017203639914939,0.5336567121127628,0.4869138626020036,0.1342326404245908,0.1600339440017135,-0.6408095612798569,-0.4807379021811658,-0.4807379021811658,-0.8835434510102836,-0.4077715194370196,0.09222848056298039,1.6022596816954184,-0.3960114363814577,0.1039885636185423,af41fba8967768b2848ca36a8e1dff6c0a308e821e65e43618f11dfc20d26182
expected-tempo-governed-shadow-v1,2025-07-26|caulfield|8,2025-07-26,caulfield,8,V7,1,soft,7,7,0.572362401989283,1,"probabilities_updated,probability_cap_applied",held_by_policy,capped,capped,fast,0.3003344481605351,0.34367039220978957,0.1198996655518394,0.11996132417108556,0.4347109412326804,0.3847109412326804,0.145054945054945,0.1516573423864443,0.6442097079615761,-0.404863588288892,-0.404863588288892,1.3070275482680462,-0.2210497523440556,0.2789502476559444,1.780427750773527,-0.2001048887729309,0.29989511122706913,e9bcdde4f260fa9ce4341db2d0071af027f84a6f31875a97459586d3ee3f398d
expected-tempo-governed-shadow-v1,2025-07-26|caulfield|9,2025-07-26,caulfield,9,V8,1,soft,8,8,0.5737371885143773,1,probabilities_updated,held_by_policy,capped,capped,fast,0.465378421900161,0.4783784340218338,0.0789049919484702,0.1037733743408227,0.3578329882677709,0.3087631625160457,0.0978835978835978,0.1090850291212976,0.7494341771962281,-0.4108814230947298,-0.4108814230947298,0.1798642025270946,-0.3897435248948804,0.1102564751051196,1.1219252236838395,-0.451314449583344,0.04868555041665601,343f9072a611482bb79ad4ee14560ce74e304c83e9bea7c4d1dd4a8a728461ef
expected-tempo-governed-shadow-v1,2025-07-26|randwick|4,2025-07-26,randwick,4,V0,1,soft,0,0,0.0,0,"no_completed_races,insufficient_state_reliability,probabilities_held",held_by_policy,held_insufficient_evidence,held_insufficient_evidence,very_fast_or_collapse,0.2556221889055472,0.2556221889055472,0.0888305847076461,0.0888305847076461,0.497911758406511,0.497911758406511,0.1576354679802955,0.1576354679802955,1.155561374691522,-0.6020308462384194,-0.6020308462384194,-0.5547213722798154,-0.527414560044455,-0.527414560044455,-2.153290583600999,-0.3309324487931435,-0.3309324487931435,67cc172cebbccdfc48a9e4748577b8375ad465a896dbaca8dec304a9070b0db9
expected-tempo-governed-shadow-v1,2025-07-26|randwick|7,2025-07-26,randwick,7,V1,1,soft,1,1,0.2586212138678422,1,"probabilities_updated,probability_cap_applied",held_by_policy,updated,capped,even,0.2556221889055472,0.2790484380120492,0.0888305847076461,0.09240213855458579,0.497911758406511,0.447911758406511,0.1576354679802955,0.18063766502685386,0.3554301796261474,-0.6020308462384194,-0.6020308462384194,-0.6303651957725208,-0.527414560044455,-0.687396540848966,-0.5333839060296016,-0.3309324487931435,-0.8309324487931435,21e8fbb8e4f463c6e4e0414197a993ca0c79f66edd6e02b0f0f5368f923fe0bd
expected-tempo-governed-shadow-v1,2025-08-02|flemington|3,2025-08-02,flemington,3,V0,1,good,0,0,0.0,0,"no_completed_races,insufficient_state_reliability,probabilities_held",held_by_policy,held_insufficient_evidence,held_insufficient_evidence,even,0.2938808373590982,0.2938808373590982,0.1871980676328502,0.1871980676328502,0.3641016793190706,0.3641016793190706,0.1548194156889809,0.1548194156889809,-0.439347191952651,-0.2454864662822626,-0.2454864662822626,-0.6428740051261286,-0.1527375898595598,-0.1527375898595598,0.0421556724672845,-0.2187451308938946,-0.2187451308938946,5a994e410f45b87f5b03ff169722ac609461ba8761e3d390a4d3efa6a04d2938
expected-tempo-governed-shadow-v1,2025-08-02|flemington|4,2025-08-02,flemington,4,V1,1,good,1,1,0.2973782397718162,1,probabilities_updated,held_by_policy,updated,updated,slow,0.2831287705429581,0.32768652380909,0.1333628042438111,0.0992976741270517,0.4267073315700317,0.4365617672797989,0.1568010936431988,0.1364540347840591,-1.7623790812130156,-0.4916176381519688,-0.4916176381519688,-0.4777642879625962,-0.2463464208290638,-0.3886150375517666,1.329431062156771,0.0725851331012115,0.4071824055474407,53313c9d17e9845e7429a83e59b142ad10b38cbca1742116948d4f01ed4cc48f
expected-tempo-governed-shadow-v1,2025-08-02|flemington|5,2025-08-02,flemington,5,V2,1,good,2,2,0.1814366187995747,0,"insufficient_state_reliability,probabilities_held",held_by_policy,held_insufficient_evidence,held_insufficient_evidence,slow,0.1766960722537282,0.1766960722537282,0.0792375551354757,0.0792375551354757,0.5993113691601404,0.5993113691601404,0.1447550034506556,0.1447550034506556,-1.1684091896444802,-0.9279300793835124,-0.9279300793835124,-0.84822322782663,-0.2756564620601618,-0.2756564620601618,0.8782431764018191,-0.3034484674780613,-0.3034484674780613,cc80c88d2253877183eb3164739b2c5762b4d80c9ff120bbdf877520dc14cc00
expected-tempo-governed-shadow-v1,2025-08-02|flemington|7,2025-08-02,flemington,7,V3,1,good,3,3,0.4106368293730732,1,"probabilities_updated,probability_cap_applied",held_by_policy,updated,capped,very_fast_or_collapse,0.2911113153782517,0.31383562259502495,0.1202775990440297,0.08978611228668051,0.3913897023098236,0.4413897023098236,0.1972213832678949,0.15498856280847068,0.8230024863338378,-0.1976151451239783,-0.1976151451239783,0.7693410225279799,-0.2326545586175621,-0.08559778559455508,0.6491973559962161,-0.046679291358151,0.453320708641849,7e735b0b736cad25458356a0df84e62e681fa037ed55fff7ac95aecbf61df7c9
expected-tempo-governed-shadow-v1,2025-08-02|rosehill|2,2025-08-02,rosehill,2,V0,1,heavy,0,0,0.0,0,"no_completed_races,insufficient_state_reliability,probabilities_held",held_by_policy,held_insufficient_evidence,held_insufficient_evidence,even,0.2841514726507714,0.2841514726507714,0.1070126227208976,0.1070126227208976,0.4355640152274093,0.4355640152274093,0.1732718894009216,0.1732718894009216,0.3466711070382855,-0.2312607995714418,-0.2312607995714418,-0.3350438301150716,-0.5252408384941846,-0.5252408384941846,-0.0641564997514216,-0.4851382706336953,-0.4851382706336953,18d7301f3407dac209c8f8f3446efcb55d603e551eb3250d13ba5b3545e86241
expected-tempo-governed-shadow-v1,2025-08-02|rosehill|3,2025-08-02,rosehill,3,V1,1,heavy,1,1,0.2637669986665615,1,"probabilities_updated,probability_cap_applied",held_by_policy,updated,updated,slow,0.3043478260869565,0.3543478260869565,0.108695652173913,0.09603555552889594,0.4440993788819876,0.4050704176802413,0.1428571428571428,0.14454620070390595,-0.5975790804538328,-0.4483988885128754,-0.4483988885128754,0.2775509949045547,-0.3170567021240242,-0.384381947823889,-0.1009541483815282,-0.2530751349556213,-0.009422525743252391,8326f92e807a1feacad5976366742d07c7316fb65da03bea54b7b2a1c53cc27a
expected-tempo-governed-shadow-v1,2025-08-02|rosehill|4,2025-08-02,rosehill,4,V2,1,heavy,2,2,0.4369054724425528,1,"probabilities_updated,probability_cap_applied",held_by_policy,updated,updated,even,0.2841514726507714,0.33216211797677425,0.1070126227208976,0.10237899032150251,0.4355640152274093,0.3855640152274093,0.1732718894009216,0.1798948764743138,-0.2703840530135424,-0.2312607995714418,-0.2312607995714418,-0.4293021765291328,-0.5252408384941846,-0.0947821090809779,0.850062883249137,-0.4851382706336953,-0.21269267500302136,0b0a3d2fb0afe07eee5c9ce0f287a0114e4ca7cf061005156b7d2d15a55ce601
expected-tempo-governed-shadow-v1,2025-08-02|rosehill|5,2025-08-02,rosehill,5,V3,1,heavy,3,3,0.5063810679920299,1,"probabilities_updated,probability_cap_applied",held_by_policy,capped,capped,slow,0.3043478260869565,0.3543478260869565,0.108695652173913,0.10213470045265755,0.4440993788819876,0.4063024126054607,0.1428571428571428,0.1372150608549251,-0.8511858121586298,-0.4483988885128754,-0.4483988885128754,0.1319413272259844,-0.3170567021240242,0.1829432978759758,0.617527259327018,-0.2530751349556213,0.24692486504437872,96eb6ffc0d3a32fb454987db594a262879b99e15518da54894b5f27ae38de34f
expected-tempo-governed-shadow-v1,2025-08-02|rosehill|7,2025-08-02,rosehill,7,V4,1,heavy,4,4,0.2881327361953245,1,probabilities_updated,held_by_policy,updated,updated,slow,0.3064949006977993,0.3231821396884559,0.1129898013955985,0.1007994984346549,0.4358944866191243,0.4017557682407883,0.1446208112874779,0.1742625936361008,-0.890202232420903,-0.446663539937767,-0.446663539937767,-1.9551305761668576,-0.4013392110032068,0.0398160755348802,-0.3102755033832313,-0.3550338980987043,-0.2118567842555375,8c16028b056c0d2349a49e06135a795efcd4b1ddb684ff900b70ade7943382ea
expected-tempo-governed-shadow-v1,2025-08-02|rosehill|9,2025-08-02,rosehill,9,V5,1,heavy,5,5,0.4732730398261156,1,probabilities_updated,held_by_policy,capped,updated,even,0.3043478260869565,0.302560289320643,0.108695652173913,0.1058715637752244,0.4440993788819876,0.4373939499812252,0.1428571428571428,0.1541741969229071,0.3290609007752319,-0.4483988885128754,-0.4483988885128754,0.7062905719581243,-0.3170567021240242,0.1829432978759758,0.2158565510805073,-0.2530751349556213,0.20718967062722637,ceb11a846c99543df1ddbebbab07471774911e817aead0929aee297d160a4886
expected-tempo-governed-shadow-v1,2025-08-09|the-valley|1,2025-08-09,the-valley,1,V0,1,soft,0,0,0.0,0,"no_completed_races,insufficient_state_reliability,probabilities_held",held_by_policy,held_insufficient_evidence,held_insufficient_evidence,slow,0.2721417069243156,0.2721417069243156,0.109098228663446,0.109098228663446,0.4811939268461008,0.4811939268461008,0.1375661375661375,0.1375661375661375,-4.0,-0.759366194284839,-0.759366194284839,-0.7869058860560236,-0.3415974954411983,-0.3415974954411983,-0.8390007008123525,-0.4377746096021928,-0.4377746096021928,e0b4e8b87c193fde63534fe17457a6f8e5f6c39bc2793934ed1315d7ba92a212
expected-tempo-governed-shadow-v1,2025-08-09|the-valley|3,2025-08-09,the-valley,3,V1,1,soft,1,1,0.0933714520950377,0,"insufficient_state_reliability,probabilities_held",held_by_policy,held_insufficient_evidence,held_insufficient_evidence,even,0.2389825495415557,0.2389825495415557,0.2767179335502316,0.2767179335502316,0.3414423740510697,0.3414423740510697,0.1428571428571428,0.1428571428571428,-0.0368171811941456,-0.1285914740362738,-0.1285914740362738,1.0006181596630863,-0.2059062357550077,-0.2059062357550077,-0.318585378970049,-0.1407951151589306,-0.1407951151589306,18e97b8c458328f95260b403280bc8107f53fb450b6f06e19a3466775fd095c3
expected-tempo-governed-shadow-v1,2025-08-09|the-valley|4,2025-08-09,the-valley,4,V2,1,soft,2,2,0.295726747963755,1,probabilities_updated,held_by_policy,updated,updated,even,0.3221633085896076,0.3618503380972535,0.1053022269353128,0.1036053059627102,0.3878654749280412,0.3419135435331424,0.1846689895470383,0.1926308124068937,0.270666971096179,-0.2871234187343125,-0.2871234187343125,-0.5122279832723551,-0.7381716070290985,-0.6125438435110961,0.1989233453580632,-0.868002860868811,-0.7878199001625424,d8fdb0bba8b3708708ac36d1e98ca70ef65b5f1169b1aab4cd39d9058406c605
expected-tempo-governed-shadow-v1,2025-08-09|the-valley|5,2025-08-09,the-valley,5,V3,1,soft,3,3,0.4596734928265543,1,"probabilities_updated,probability_cap_applied",held_by_policy,updated,capped,fast,0.3221633085896076,0.3721633085896076,0.1053022269353128,0.11593567355155299,0.3878654749280412,0.34444225291740643,0.1846689895470383,0.16745876494143278,0.5042269308370705,-0.2871234187343125,-0.2871234187343125,-0.7299141421315977,-0.7381716070290985,-0.8056560699117309,-1.1917083654692135,-0.868002860868811,-0.36800286086881095,f86803dd27034b821541af8c4d2483a334573e7420972ba98e57273044bd6b6b
expected-tempo-governed-shadow-v1,2025-08-09|the-valley|6,2025-08-09,the-valley,6,V4,1,soft,4,4,0.5476324447627392,1,probabilities_updated,held_by_policy,updated,capped,even,0.3221633085896076,0.3661988542851457,0.1053022269353128,0.1409305577391053,0.3878654749280412,0.3411586528807324,0.1846689895470383,0.1517119350950165,0.4808709348629855,-0.2871234187343125,-0.2871234187343125,-0.983881327467382,-0.7381716070290985,-1.2047827963505218,-1.0297854950304264,-0.868002860868811,-0.36800286086881095,361c81fd70a361b99aef84f53ada567bd4d35b93a4a594156caedfd22d6c72f9
expected-tempo-governed-shadow-v1,2025-08-09|the-valley|7,2025-08-09,the-valley,7,V5,1,soft,5,5,0.332851027788701,1,"probabilities_updated,probability_cap_applied",held_by_policy,updated,updated,slow,0.2721417069243156,0.2502038347267741,0.109098228663446,0.09927300167999795,0.4811939268461008,0.5311939268461008,0.1375661375661375,0.119329236747127,-4.0,-0.759366194284839,-0.759366194284839,-0.9684995520689536,-0.3415974954411983,-0.6910389205903641,-1.0610891216156184,-0.4377746096021928,-0.3332492692592792,69a4a8b36f7afebcd1d4a22bac82b8ca6e8c6e0dd28860401aea9b5dfbd66027
expected-tempo-governed-shadow-v1,2025-08-09|the-valley|8,2025-08-09,the-valley,8,V6,1,soft,6,6,0.4552846417350595,1,"probabilities_updated,probability_cap_applied",held_by_policy,updated,updated,slow,0.2404765109705209,0.21335549773939524,0.0916341364921254,0.08551794464631418,0.5336567121127628,0.5836567121127628,0.1342326404245908,0.11746984550152768,-4.0,-0.4807379021811658,-0.4807379021811658,-1.1129097531363754,-0.4077715194370196,-0.716994380699421,0.9635582278237084,-0.3960114363814577,-0.1709597755553233,dc74d3c7e41a7c485f516d10c2a994243ee856f173fd8b833f5bfbb76f4de30c
expected-tempo-governed-shadow-v1,2025-08-09|the-valley|9,2025-08-09,the-valley,9,V7,1,soft,7,7,0.5517853363469236,1,"probabilities_updated,probability_cap_applied",held_by_policy,updated,updated,very_fast_or_collapse,0.2389825495415557,0.24331695300536557,0.2767179335502316,0.23780013253735674,0.3414423740510697,0.3914423740510697,0.1428571428571428,0.12744054040620778,1.49477755648196,-0.1285914740362738,-0.1285914740362738,0.5326041632915653,-0.2059062357550077,-0.6118214786390791,-0.5789151457855762,-0.1407951151589306,0.356097729310328,4bac19d6d4f524e96d16b2ebdfb29f77e264add3e94465e1fb4283e074ef9c3c
expected-tempo-governed-shadow-v1,2025-08-16|caulfield|1,2025-08-16,caulfield,1,V0,1,soft,0,0,0.0,0,"no_completed_races,insufficient_state_reliability,probabilities_held",held_by_policy,held_insufficient_evidence,held_insufficient_evidence,fast,0.3221633085896076,0.3221633085896076,0.1053022269353128,0.1053022269353128,0.3878654749280412,0.3878654749280412,0.1846689895470383,0.1846689895470383,0.5796404964251954,-0.2871234187343125,-0.2871234187343125,0.2503264674346206,-0.7381716070290985,-0.7381716070290985,0.5239606328981287,-0.868002860868811,-0.868002860868811,86f8653189f8db800c603099180bc51340ee7012498944885ac8e36656e52188
expected-tempo-governed-shadow-v1,2025-08-16|caulfield|2,2025-08-16,caulfield,2,V1,1,soft,1,1,0.1347247510485013,0,"insufficient_state_reliability,probabilities_held",held_by_policy,held_insufficient_evidence,held_insufficient_evidence,slow,0.2941492216854536,0.2941492216854536,0.1129898013955985,0.1129898013955985,0.44824016563147,0.44824016563147,0.1446208112874779,0.1446208112874779,-1.3340490781242529,-0.5174798213628953,-0.5174798213628953,0.5162768776240615,-0.3354641634220612,-0.3354641634220612,0.4186494369165095,-0.2379821577492309,-0.2379821577492309,830d18797bc9d415fab3a5b810abed67d0a3b981df6f6fca0a27e169ca709556
expected-tempo-governed-shadow-v1,2025-08-16|caulfield|3,2025-08-16,caulfield,3,V2,1,soft,2,2,0.3377558245280672,1,probabilities_updated,held_by_policy,capped,updated,slow,0.465378421900161,0.4807072459708991,0.0789049919484702,0.0767460695475247,0.3578329882677709,0.3236001148797469,0.0978835978835978,0.1189465696018292,-1.6402388923635474,-0.4108814230947298,-0.4108814230947298,-0.1860664164073497,-0.3897435248948804,0.1102564751051196,1.606514354389705,-0.451314449583344,-0.12528138012327616,7fe10887e0c44145151b7e5573fdc592bd59b33dc42e3e202a38c05b5a197ba1
expected-tempo-governed-shadow-v1,2025-08-16|caulfield|4,2025-08-16,caulfield,4,V3,1,soft,3,3,0.4807897541148517,1,probabilities_updated,held_by_policy,capped,capped,even,0.465378421900161,0.48314919582631,0.0789049919484702,0.0730048798743879,0.3578329882677709,0.3364567455006457,0.0978835978835978,0.1073891787986563,0.4828740664434706,-0.4108814230947298,-0.4108814230947298,3.395712099433905,-0.3897435248948804,0.1102564751051196,0.1716885569576792,-0.451314449583344,0.04868555041665601,0e0cb3c6b3e6f71bf3a4b98244254ea735b0275c4977b6b5ff233304bec99744
expected-tempo-governed-shadow-v1,2025-08-16|caulfield|5,2025-08-16,caulfield,5,V4,1,soft,4,4,0.4889033978862327,1,"probabilities_updated,probability_cap_applied",held_by_policy,capped,capped,slow,0.3003344481605351,0.3503344481605351,0.1198996655518394,0.11145168037275767,0.4347109412326804,0.40090719571245786,0.145054945054945,0.1373066757542492,-0.5058680696074501,-0.4066520447001965,-0.4066520447001965,-1.0430269476442031,-0.3465394484034323,0.15346055159656768,1.1434499999710537,-0.3971876297650205,0.10281237023497952,0619a19535f8b4ce3b64e83dfc178cc1d9863f205d7bbeec45f9966dd0fd0c47
expected-tempo-governed-shadow-v1,2025-08-16|caulfield|6,2025-08-16,caulfield,6,V5,1,soft,5,5,0.5650283691968635,1,"probabilities_updated,probability_cap_applied",held_by_policy,capped,capped,even,0.3003344481605351,0.3435382384869953,0.1198996655518394,0.11761642837639737,0.4347109412326804,0.3847109412326804,0.145054945054945,0.1541343919039268,-0.3267064616214779,-0.4066520447001965,-0.4066520447001965,-0.5284669868063949,-0.3465394484034323,0.15346055159656768,0.4834332911270066,-0.3971876297650205,0.10281237023497952,4e5c26991b3abbf89f5589d60b0f1f5f860a6a1d9ebc8438ed4bcbf4e3dab40d
expected-tempo-governed-shadow-v1,2025-08-16|caulfield|7,2025-08-16,caulfield,7,V6,1,soft,6,6,0.5995360168431852,1,"probabilities_updated,probability_cap_applied",held_by_policy,capped,capped,even,0.2389825495415557,0.2815849228831483,0.2767179335502316,0.22671793355023162,0.3414423740510697,0.3538536946874638,0.1428571428571428,0.137843448879156,-0.3721328328146663,-0.1285914740362738,-0.1285914740362738,0.2909567982055897,-0.2059062357550077,0.29409376424499234,0.4630832079988553,-0.1407951151589306,0.3592048848410694,91fba452643bdb10bd48d705b7f50c9dd270042356fb44fdcde4ba154709d835
expected-tempo-governed-shadow-v1,2025-08-16|caulfield|8,2025-08-16,caulfield,8,V7,1,soft,7,7,0.6101764084141008,1,probabilities_updated,held_by_policy,capped,capped,slow,0.332963620230701,0.346953519985796,0.1123558118899733,0.1160359679780953,0.4118234250221828,0.397784980104511,0.1428571428571428,0.1392255319315976,-2.5906576898078413,-0.4029772913617932,-0.4029772913617932,-1.860664164073365,-0.290059299394682,0.209940700605318,2.747016911322856,-0.1335158646236051,0.3664841353763949,e4b964c8099b726daab8fb11164f3ecb224843687a6df02a214bdd147a6a0d14
expected-tempo-governed-shadow-v1,2025-08-16|caulfield|9,2025-08-16,caulfield,9,V8,1,soft,8,8,0.5752401580463518,1,"probabilities_updated,probability_cap_applied",held_by_policy,capped,capped,slow,0.2404765109705209,0.2466026854010348,0.0916341364921254,0.09549166218672184,0.5336567121127628,0.4836567121127628,0.1342326404245908,0.17424894029948038,-0.7013185345251957,-0.4807379021811658,-0.4807379021811658,0.1665409282658293,-0.4077715194370196,0.09222848056298039,0.976848686138518,-0.3960114363814577,0.1039885636185423,18e06d15a21927441f58bfb4cfe79a552487ac78695ba30aadc8405eeb565870
expected-tempo-governed-shadow-v1,2025-08-16|rosehill|2,2025-08-16,rosehill,2,V0,1,heavy,0,0,0.0,0,"no_completed_races,insufficient_state_reliability,probabilities_held",held_by_policy,held_insufficient_evidence,held_insufficient_evidence,very_fast_or_collapse,0.3043478260869565,0.3043478260869565,0.108695652173913,0.108695652173913,0.4440993788819876,0.4440993788819876,0.1428571428571428,0.1428571428571428,1.3347065822446964,-0.4483988885128754,-0.4483988885128754,0.7051494303618964,-0.3170567021240242,-0.3170567021240242,0.0179068343223837,-0.2530751349556213,-0.2530751349556213,18ddbc8620a8e2735fafd3b9ea68e207f5a381884dd6cc6f50583bb770ed0cff
expected-tempo-governed-shadow-v1,2025-08-16|rosehill|3,2025-08-16,rosehill,3,V1,1,heavy,1,1,0.3333333333333333,1,"probabilities_updated,probability_cap_applied",held_by_policy,updated,capped,fast,0.3043478260869565,0.3525147657013328,0.108695652173913,0.10504507691923286,0.4440993788819876,0.3940993788819876,0.1428571428571428,0.1483407784974466,0.738727974664845,-0.4483988885128754,-0.4483988885128754,1.205907721488464,-0.3170567021240242,0.04809507279142222,0.6028634221870347,-0.2530751349556213,0.24692486504437872,22c814fc7db1ae0f65610df8c6e7f4d82a5ffed2fcf96daac89563be79abfbea
expected-tempo-governed-shadow-v1,2025-08-16|rosehill|4,2025-08-16,rosehill,4,V2,1,heavy,2,2,0.4371782109998217,1,"probabilities_updated,probability_cap_applied",held_by_policy,capped,capped,even,0.2841514726507714,0.3224854669060855,0.1070126227208976,0.10711076907385313,0.4355640152274093,0.3855640152274093,0.1732718894009216,0.18483974879265194,0.4170746560484787,-0.2312607995714418,-0.2312607995714418,1.0580045602155757,-0.5252408384941846,-0.02524083849418457,0.4451711812411561,-0.4851382706336953,0.014861729366304699,d96b34349f40111285f68e7086d2374725522a34649736d70aeb1a2a91591b1f
expected-tempo-governed-shadow-v1,2025-08-16|rosehill|7,2025-08-16,rosehill,7,V3,1,heavy,3,3,0.4449053212283824,1,"probabilities_updated,probability_cap_applied",held_by_policy,capped,capped,even,0.2841514726507714,0.31508606838998754,0.1070126227208976,0.10864534109849333,0.4355640152274093,0.3855640152274093,0.1732718894009216,0.1907045752841097,0.3162886804945044,-0.2312607995714418,-0.2312607995714418,-0.0825976997123295,-0.5252408384941846,-0.02524083849418457,0.8426584501825707,-0.4851382706336953,0.014861729366304699,9fc8fef8e616abb32d2efed13f83608b0cf0bb7bf6538f61d907ba2aa4255be6
expected-tempo-governed-shadow-v1,2025-08-16|rosehill|8,2025-08-16,rosehill,8,V4,1,heavy,4,4,0.5390567504154977,1,"probabilities_updated,probability_cap_applied",held_by_policy,capped,capped,even,0.2841514726507714,0.31414866167770505,0.1070126227208976,0.11132292684305428,0.4355640152274093,0.3855640152274093,0.1732718894009216,0.18896439625183126,0.3288869274387509,-0.2312607995714418,-0.2312607995714418,0.2738405065151392,-0.5252408384941846,-0.02524083849418457,0.4924910942103726,-0.4851382706336953,0.014861729366304699,e595c28e5ee88e31eeb51a79cdc443fb25037b0167e8388e0e246b4b56461abc
expected-tempo-governed-shadow-v1,2025-08-16|rosehill|10,2025-08-16,rosehill,10,V5,1,heavy,5,5,0.4894434049064587,1,"probabilities_updated,probability_cap_applied",held_by_policy,capped,capped,slow,0.3043478260869565,0.3349841263655783,0.108695652173913,0.11356135653830383,0.4440993788819876,0.3940993788819876,0.1428571428571428,0.1573551382141301,-0.760140379727595,-0.4483988885128754,-0.4483988885128754,-0.8993210126354604,-0.3170567021240242,0.1829432978759758,1.5698324755959532,-0.2530751349556213,0.24692486504437872,fb3726088150ff7ba523296411f6f935670f770fe209e02f70ebaeef47f306e5
expected-tempo-governed-shadow-v1,2025-08-23|randwick|1,2025-08-23,randwick,1,V0,1,heavy,0,0,0.0,0,"no_completed_races,insufficient_state_reliability,probabilities_held",held_by_policy,held_insufficient_evidence,held_insufficient_evidence,slow,0.3043478260869565,0.3043478260869565,0.108695652173913,0.108695652173913,0.4440993788819876,0.4440993788819876,0.1428571428571428,0.1428571428571428,-0.5315027839351134,-0.4483988885128754,-0.4483988885128754,2.4254944788500263,-0.3170567021240242,-0.3170567021240242,0.2085397693647193,-0.2530751349556213,-0.2530751349556213,fd9e4beb906d3a952b9997b4d5cc8915f003aa1b331fc97bb3e9f6e30129b231
expected-tempo-governed-shadow-v1,2025-08-23|randwick|4,2025-08-23,randwick,4,V1,1,heavy,1,1,0.2435728988602032,1,probabilities_updated,held_by_policy,capped,capped,even,0.3043478260869565,0.3423604409805478,0.108695652173913,0.089934813615357,0.4440993788819876,0.4246177325633262,0.1428571428571428,0.1430870128407688,-0.4510270820230609,-0.4483988885128754,-0.4483988885128754,1.9467132420724136,-0.3170567021240242,0.1829432978759758,0.741370539862214,-0.2530751349556213,0.24692486504437872,1a04e617e9ae200c73d4cd35b3ee65ebedb1c8886cc6cc116dfc77b599d83a89
expected-tempo-governed-shadow-v1,2025-08-23|randwick|5,2025-08-23,randwick,5,V2,1,heavy,2,2,0.168534587143614,0,"insufficient_state_reliability,probabilities_held",held_by_policy,held_insufficient_evidence,held_insufficient_evidence,even,0.3064949006977993,0.3064949006977993,0.1129898013955985,0.1129898013955985,0.4358944866191243,0.4358944866191243,0.1446208112874779,0.1446208112874779,-0.450683730473603,-0.446663539937767,-0.446663539937767,1.0709514650886864,-0.4013392110032068,-0.4013392110032068,0.5144018252126146,-0.3550338980987043,-0.3550338980987043,80397572ba3e6cf7ccf20cd59ef39b2fde5694c0c927ed6020956792c2084690
expected-tempo-governed-shadow-v1,2025-08-23|randwick|6,2025-08-23,randwick,6,V3,1,heavy,3,3,0.4363302817309265,1,probabilities_updated,held_by_policy,capped,capped,even,0.3043478260869565,0.3335638006086799,0.108695652173913,0.1003020273727849,0.4440993788819876,0.4275953676957659,0.1428571428571428,0.138538804322769,-0.3884348694247974,-0.4483988885128754,-0.4483988885128754,2.578297001225857,-0.3170567021240242,0.1829432978759758,0.0428423956124533,-0.2530751349556213,0.24692486504437872,0caccc8d421cf1f023e691011574969e3c56d8ce7a7dd0bc70cf4228da501d00
expected-tempo-governed-shadow-v1,2025-08-23|randwick|8,2025-08-23,randwick,8,V4,1,heavy,4,4,0.4281349282683964,1,probabilities_updated,held_by_policy,capped,capped,even,0.2841514726507714,0.3137562864497081,0.1070126227208976,0.1069857850672427,0.4355640152274093,0.3915276029888644,0.1732718894009216,0.1877303254941846,0.4159675456266501,-0.2312607995714418,-0.2312607995714418,0.6252292187444003,-0.5252408384941846,-0.02524083849418457,1.0178832750527629,-0.4851382706336953,0.014861729366304699,754ca3912e10ec9494986237dbba7cc446796298691a8cf3971fcde0c69599c0
expected-tempo-governed-shadow-v1,2025-08-23|randwick|9,2025-08-23,randwick,9,V5,1,heavy,5,5,0.5366514656484083,1,probabilities_updated,held_by_policy,capped,capped,slow,0.3043478260869565,0.3374685871742208,0.108695652173913,0.1160728250016929,0.4440993788819876,0.410893413574291,0.1428571428571428,0.1355651742497951,-0.5538571455773522,-0.4483988885128754,-0.4483988885128754,2.2115709475238607,-0.3170567021240242,0.1829432978759758,0.7088808587343177,-0.2530751349556213,0.24692486504437872,9719b9b85d1ae2f49f3507715dd17fa04612da5b7f8456db322fe474f10f3874
expected-tempo-governed-shadow-v1,2025-08-23|the-valley|1,2025-08-23,the-valley,1,V0,1,soft,0,0,0.0,0,"no_completed_races,insufficient_state_reliability,probabilities_held",held_by_policy,held_insufficient_evidence,held_insufficient_evidence,slow,0.2389825495415557,0.2389825495415557,0.2767179335502316,0.2767179335502316,0.3414423740510697,0.3414423740510697,0.1428571428571428,0.1428571428571428,-1.5198425631126422,-0.1285914740362738,-0.1285914740362738,-2.004865636789064,-0.2059062357550077,-0.2059062357550077,2.558545542110653,-0.1407951151589306,-0.1407951151589306,03e1b56b66796cfbb868c5118b0c24dddc191abe537b663b0973769277faf17c
expected-tempo-governed-shadow-v1,2025-08-23|the-valley|2,2025-08-23,the-valley,2,V1,1,soft,1,1,0.0541762383762179,0,"insufficient_state_reliability,probabilities_held",held_by_policy,held_insufficient_evidence,held_insufficient_evidence,slow,0.2870452528837622,0.2870452528837622,0.1123558118899733,0.1123558118899733,0.4577417923691216,0.4577417923691216,0.1428571428571428,0.1428571428571428,-4.0,-0.7578058382443047,-0.7578058382443047,0.2742434956113662,-0.456623435649104,-0.456623435649104,1.105415411364416,-0.2647788479363372,-0.2647788479363372,0fb9faf7c3148b6b8756813adbff45f26f0a874036f84ece1367d7c50a1a371e
expected-tempo-governed-shadow-v1,2025-08-23|the-valley|4,2025-08-23,the-valley,4,V2,1,good,2,0,0.0,0,"condition_regime_reset,insufficient_state_reliability,probabilities_held",held_by_policy,held_insufficient_evidence,held_insufficient_evidence,even,0.1766960722537282,0.1766960722537282,0.0792375551354757,0.0792375551354757,0.5993113691601404,0.5993113691601404,0.1447550034506556,0.1447550034506556,-0.0985457278456035,-0.9279300793835124,-0.9279300793835124,-0.8805851582055542,-0.2756564620601618,-0.2756564620601618,-0.5699185487050322,-0.3034484674780613,-0.3034484674780613,44cc413b5a4d0446e1e042c6611ff1138c991a9657d1ff8a63e9faebe1e61099
expected-tempo-governed-shadow-v1,2025-08-23|the-valley|5,2025-08-23,the-valley,5,V3,1,good,3,1,0.1097646653581145,0,"insufficient_state_reliability,probabilities_held",held_by_policy,held_insufficient_evidence,held_insufficient_evidence,even,0.2938808373590982,0.2938808373590982,0.1871980676328502,0.1871980676328502,0.3641016793190706,0.3641016793190706,0.1548194156889809,0.1548194156889809,0.0236663424377789,-0.2454864662822626,-0.2454864662822626,-0.1430737974647336,-0.1527375898595598,-0.1527375898595598,-1.2493408385759746,-0.2187451308938946,-0.2187451308938946,956cb23bd41e63254aea8eba7263c0e0fc0cda8afe3bf13a2ec6d730a3cfabd5
expected-tempo-governed-shadow-v1,2025-08-23|the-valley|6,2025-08-23,the-valley,6,V4,1,good,4,2,0.3137999229209082,1,probabilities_updated,held_by_policy,updated,below_minimum_change,slow,0.2552513866523528,0.2500417487448023,0.0911612095186974,0.0983497465643934,0.5634051580911484,0.5222591962800776,0.0901822457378012,0.1293493084107265,-1.6129126857048828,-0.697425685485157,-0.697425685485157,-1.0062075264323027,-0.5149183868520831,-0.3208099850602895,-0.1209431706647709,0.0740981288228761,0.0740981288228761,0bfce4fd01d76030d3466eebea1197c149a44a5cd9eaf5c8c43b23bef7f70d0b
expected-tempo-governed-shadow-v1,2025-08-23|the-valley|7,2025-08-23,the-valley,7,V5,1,good,5,3,0.3526779554142645,1,probabilities_updated,held_by_policy,updated,updated,even,0.2831287705429581,0.2992633618040664,0.1333628042438111,0.1066978721470717,0.4267073315700317,0.4433979142102372,0.1568010936431988,0.1506408518386243,0.1454783991027948,-0.4916176381519688,-0.4916176381519688,-2.403639797407508,-0.2463464208290638,-0.155729524024019,-2.355001634782718,0.0725851331012115,-0.028734651014167098,6e13083d94a90038abba6538c122f0a720c4166ae4b80712d6fa677863bd67ac
expected-tempo-governed-shadow-v1,2025-08-23|the-valley|9,2025-08-23,the-valley,9,V6,1,good,6,4,0.4534736830749938,1,"probabilities_updated,probability_cap_applied",held_by_policy,capped,updated,slow,0.2938808373590982,0.3047628246015835,0.1871980676328502,0.1496775848255125,0.3641016793190706,0.4141016793190706,0.1548194156889809,0.13145791125383333,-1.6566439706442666,-0.2454864662822626,-0.2454864662822626,-0.8686623417501664,-0.1527375898595598,-0.6527375898595598,-0.0306586708853047,-0.2187451308938946,-0.4319959460804111,ec48aea1e7c51fae82eb5de287da4cac6e53369bd5904fb2119bd63d60dd4820
expected-tempo-governed-shadow-v1,2025-08-30|caulfield|1,2025-08-30,caulfield,1,V0,1,soft,0,0,0.0,0,"no_completed_races,insufficient_state_reliability,probabilities_held",held_by_policy,held_insufficient_evidence,held_insufficient_evidence,slow,0.2941492216854536,0.2941492216854536,0.1129898013955985,0.1129898013955985,0.44824016563147,0.44824016563147,0.1446208112874779,0.1446208112874779,-1.2404883303190557,-0.5174798213628953,-0.5174798213628953,0.9832937577911978,-0.3354641634220612,-0.3354641634220612,0.5408079062470004,-0.2379821577492309,-0.2379821577492309,a88e12b247218e28bb6a0cc68e023fc4b9990d5d3e2d5e959c3951dab90061c2
expected-tempo-governed-shadow-v1,2025-08-30|caulfield|2,2025-08-30,caulfield,2,V1,1,soft,1,1,0.2042705586529166,1,probabilities_updated,held_by_policy,updated,updated,very_fast_or_collapse,0.465378421900161,0.454840100386448,0.0789049919484702,0.070313395458364,0.3578329882677709,0.3674047494803866,0.0978835978835978,0.1074417546748011,2.1537716296923226,-0.4108814230947298,-0.4108814230947298,1.110925956784974,-0.3897435248948804,-0.223793240000115,-0.042155672467289,-0.451314449583344,-0.2018255869524619,6adc03c68b5e0cecb04c164f61b93a9a7710e7fd2aff2c1db227d3eda4ae367d
expected-tempo-governed-shadow-v1,2025-08-30|caulfield|3,2025-08-30,caulfield,3,V2,1,soft,2,2,0.4167127021037403,1,"probabilities_updated,probability_cap_applied",held_by_policy,updated,capped,fast,0.465378421900161,0.5059628338854366,0.0789049919484702,0.09221001176352572,0.3578329882677709,0.3078329882677709,0.0978835978835978,0.09399416608326665,0.6208380854273255,-0.4108814230947298,-0.4108814230947298,1.7192901712148485,-0.3897435248948804,-0.11244439372979742,1.6229933899905695,-0.451314449583344,0.04868555041665601,4acee4f1ac51ffb787c20c93baa2d1cf5e01193e70735b303777aad70f323736
expected-tempo-governed-shadow-v1,2025-08-30|caulfield|4,2025-08-30,caulfield,4,V3,1,soft,3,3,0.3700916581488316,1,"probabilities_updated,probability_cap_applied",held_by_policy,capped,capped,even,0.2721417069243156,0.3221417069243156,0.109098228663446,0.1073354918473464,0.4811939268461008,0.43327771898356243,0.1375661375661375,0.13724508224477533,0.2069460284757715,-0.759366194284839,-0.759366194284839,1.1409296428957314,-0.3415974954411983,0.15840250455880173,2.6716841771475512,-0.4377746096021928,0.06222539039780722,38531a048bb34f6885240a58effbe169b7a293b311325e395b5ab249b5c9341b
expected-tempo-governed-shadow-v1,2025-08-30|caulfield|6,2025-08-30,caulfield,6,V4,1,soft,4,4,0.3969919461477258,1,"probabilities_updated,probability_cap_applied",held_by_policy,capped,capped,very_fast_or_collapse,0.3003344481605351,0.3503344481605351,0.1198996655518394,0.11302731467853552,0.4347109412326804,0.3983356098781355,0.145054945054945,0.13830262728279374,1.983796351401752,-0.404863588288892,-0.404863588288892,2.4526936708240084,-0.2210497523440556,0.2789502476559444,-0.0444719182072495,-0.2001048887729309,0.29989511122706913,e69e224c8be4ecd130f260548f9c94572bf30b7e732eb73eafe161506e7d78e4
expected-tempo-governed-shadow-v1,2025-08-30|caulfield|7,2025-08-30,caulfield,7,V5,1,soft,5,5,0.4705417794210349,1,"probabilities_updated,probability_cap_applied",held_by_policy,capped,capped,very_fast_or_collapse,0.3003344481605351,0.34030910282283167,0.1198996655518394,0.13458756387554777,0.4347109412326804,0.3847109412326804,0.145054945054945,0.14039239206894008,1.3202327324837004,-0.4066520447001965,-0.4066520447001965,1.9976407174285573,-0.3465394484034323,0.15346055159656768,0.2478414032304923,-0.3971876297650205,0.10281237023497952,43ed5ff7595d267953a8a21d0d56459d120403024228f5054d5c34e6502358ad
expected-tempo-governed-shadow-v1,2025-08-30|caulfield|8,2025-08-30,caulfield,8,V6,1,soft,6,6,0.5652538762471138,1,"probabilities_updated,probability_cap_applied",held_by_policy,capped,capped,very_fast_or_collapse,0.3003344481605351,0.3423439613355874,0.1198996655518394,0.13899410160005238,0.4347109412326804,0.3847109412326804,0.145054945054945,0.1339509958316796,1.884606533831669,-0.404863588288892,-0.404863588288892,1.7782029113473914,-0.2210497523440556,0.2789502476559444,0.5040150730154754,-0.2001048887729309,0.29989511122706913,40e05a602d2ff41cb30faaf70e827c1d92b4dc195acc01e668b4081726fdf14c
expected-tempo-governed-shadow-v1,2025-08-30|caulfield|9,2025-08-30,caulfield,9,V7,1,soft,7,7,0.5828048341128703,1,"probabilities_updated,probability_cap_applied",held_by_policy,capped,capped,very_fast_or_collapse,0.3043478260869565,0.33152740873866315,0.108695652173913,0.1383777661590039,0.4440993788819876,0.3940993788819876,0.1428571428571428,0.1359954462203452,1.9008375948886,-0.4483988885128754,-0.4483988885128754,2.446682166728813,-0.3170567021240242,0.1829432978759758,1.4332928638877735,-0.2530751349556213,0.24692486504437872,ac00f175d23e10293a45e66ce73602c047fba037474cc39c222c333041c4a9af
expected-tempo-governed-shadow-v1,2025-08-30|caulfield|10,2025-08-30,caulfield,10,V8,1,soft,8,8,0.6250242081493562,1,"probabilities_updated,probability_cap_applied",held_by_policy,capped,capped,slow,0.465378421900161,0.4790565363398177,0.0789049919484702,0.11812157904570895,0.3578329882677709,0.3078329882677709,0.0978835978835978,0.09498889634670235,-1.6479035600848762,-0.4108814230947298,-0.4108814230947298,2.393780930691425,-0.3897435248948804,0.1102564751051196,1.8899793156167204,-0.451314449583344,0.04868555041665601,ec4cb75bdc5bde1c367783d4c926355734df6d18990da6beb368708a0293bcb4
expected-tempo-governed-shadow-v1,2025-08-30|rosehill|2,2025-08-30,rosehill,2,V0,1,soft,0,0,0.0,0,"no_completed_races,insufficient_state_reliability,probabilities_held",held_by_policy,held_insufficient_evidence,held_insufficient_evidence,very_fast_or_collapse,0.4139329680495268,0.4139329680495268,0.1118266562299864,0.1118266562299864,0.2722296205182422,0.2722296205182422,0.2020107552022445,0.2020107552022445,1.0398399208597606,-0.0404545666943978,-0.0404545666943978,-1.86964105258422,-0.7325348677273784,-0.7325348677273784,-1.2970976143780684,-0.1456456421002815,-0.1456456421002815,0f1a2041f73d212846f9c09ffdb4b23264eb8522c90de09ea696ee40ac1cb670
expected-tempo-governed-shadow-v1,2025-08-30|rosehill|5,2025-08-30,rosehill,5,V1,1,soft,1,1,0.1137347622534754,0,"insufficient_state_reliability,probabilities_held",held_by_policy,held_insufficient_evidence,held_insufficient_evidence,even,0.3003344481605351,0.3003344481605351,0.1122073578595317,0.1122073578595317,0.4347109412326804,0.4347109412326804,0.1527472527472527,0.1527472527472527,-0.462291419416542,-0.2866705153702255,-0.2866705153702255,-1.0977006477756377,-0.3110882821298076,-0.3110882821298076,-0.7658280498223702,-0.2910897069408998,-0.2910897069408998,c6ec242defca3f81f1d1b457c7bcd1fa9556529ace38049dba16f99d2cf8d402
expected-tempo-governed-shadow-v1,2025-08-30|rosehill|10,2025-08-30,rosehill,10,V2,1,soft,2,2,0.1422028248527337,0,"insufficient_state_reliability,probabilities_held",held_by_policy,held_insufficient_evidence,held_insufficient_evidence,very_fast_or_collapse,0.2556221889055472,0.2556221889055472,0.0888305847076461,0.0888305847076461,0.497911758406511,0.497911758406511,0.1576354679802955,0.1576354679802955,0.9918981757008652,-0.6020308462384194,-0.6020308462384194,0.8164888141032455,-0.527414560044455,-0.527414560044455,0.4817791139118531,-0.3309324487931435,-0.3309324487931435,b205c7c4cd0ea14c7959b766a7caa72c1ff99c7f9b8e4d096b7338befb18889a
expected-tempo-governed-shadow-v1,2025-09-06|randwick|1,2025-09-06,randwick,1,V0,2,good,0,0,0.0,0,"no_completed_races,insufficient_state_reliability,probabilities_held",held_by_policy,held_insufficient_evidence,held_insufficient_evidence,slow,0.3061810448965312,0.3061810448965312,0.105854862031701,0.105854862031701,0.3753259538304232,0.3753259538304232,0.2126381392413445,0.2126381392413445,-1.431062405027079,0.0726063820991144,0.0726063820991144,-1.080810494101051,-0.3938607288582862,-0.3938607288582862,-0.2275390513896884,-0.13683827208799,-0.13683827208799,91e04dd18945a0e15d46f98652c184763797c8c629e52d527665077c47aca7bc
expected-tempo-governed-shadow-v1,2025-09-06|randwick|2,2025-09-06,randwick,2,V1,2,good,1,1,0.2637669986665615,1,"probabilities_updated,probability_cap_applied",held_by_policy,updated,below_minimum_change,even,0.3771315857859976,0.35547717777689336,0.0586395341564884,0.05619479500787852,0.2894255816266373,0.3394255816266373,0.2748032984308766,0.2489024455885906,-0.0598660437405285,0.1104736434623439,0.1104736434623439,-1.389450964521778,-0.161681142564169,-0.4965001609402194,-1.3992095542333678,0.0028292668157483,0.0028292668157483,ec930d0e3ce161072dca1736313d13d976268a554b7f972ba40353b79567852e
expected-tempo-governed-shadow-v1,2025-09-06|randwick|6,2025-09-06,randwick,6,V2,2,good,2,2,0.3091775087304166,1,"probabilities_updated,probability_cap_applied",held_by_policy,capped,updated,even,0.4121690096601846,0.3800712505784426,0.0609361103824117,0.05988867598847916,0.2719925129019687,0.3219925129019687,0.2549023670554349,0.23804756053110931,0.1157410178983476,0.1104736434623439,0.1104736434623439,-0.8498583569405074,-0.161681142564169,-0.661681142564169,-0.4807540519673628,0.0028292668157483,-0.3096537282051507,52ae5b6053f9baf4c911c530bd7bbdd9c113c6f0069f45500b3d106a97016043
expected-tempo-governed-shadow-v1,2025-09-06|randwick|8,2025-09-06,randwick,8,V3,2,good,3,3,0.3433933814120192,1,"probabilities_updated,probability_cap_applied",held_by_policy,updated,updated,even,0.3474450144176034,0.33592159490280654,0.1024639169300438,0.09333377380102206,0.3415459594891614,0.3915459594891614,0.2085451091631912,0.1791986718070097,0.4980778785804661,-0.4141422729191205,-0.4141422729191205,0.774447850255561,-0.2411914696787404,-0.61956710126385,1.0597851994428842,-0.0931597960977069,-0.3486349644961521,c93747afa26dd1b2dfd0e34dff8a0caea4022fa09775f8a3d4a594a69dd527cc
expected-tempo-governed-shadow-v1,2025-09-06|randwick|9,2025-09-06,randwick,9,V4,2,good,4,4,0.4326403259867387,1,"probabilities_updated,probability_cap_applied",held_by_policy,updated,updated,slow,0.2968698434757268,0.33551006051647636,0.0948297082974775,0.08982864382440146,0.2851157578488268,0.3014766052811533,0.3231846903779688,0.27318469037796883,-0.7958277214988471,0.0726063820991144,0.0726063820991144,-1.023925731253627,-0.3938607288582862,-0.2546498015119434,-0.1869070779272455,-0.13683827208799,0.0062872247898417,112cea20a40c731f0418b46e4f3c329d56e597c3bbc3601bcf72a3f59cee1420
expected-tempo-governed-shadow-v1,2025-09-06|randwick|10,2025-09-06,randwick,10,V5,2,good,5,5,0.5384759482539053,1,probabilities_updated,held_by_policy,updated,updated,even,0.4098928404021673,0.3768483537929861,0.0842928544855265,0.0853450453998533,0.2881463601731103,0.3307461667648959,0.2176679449391959,0.2070604340422646,0.0518839045751209,0.1104736434623439,0.1104736434623439,-0.0674490759476552,-0.161681142564169,-0.2312030899376229,-1.4279112886791747,0.0028292668157483,0.1504975733098027,bc56a4abda5d7cf1eff45a1bac60e4ccab2a8b4ec0fdc6428e7f57ca3f79aecd
expected-tempo-governed-shadow-v1,2025-09-06|the-valley|1,2025-09-06,the-valley,1,V0,2,good,0,0,0.0,0,"no_completed_races,insufficient_state_reliability,probabilities_held",held_by_policy,held_insufficient_evidence,held_insufficient_evidence,slow,0.2015430030594646,0.2015430030594646,0.0712816985379972,0.0712816985379972,0.6401774994510898,0.6401774994510898,0.0869977989514481,0.0869977989514481,-1.2870717390978332,-0.635334453832482,-0.635334453832482,-1.6143549325177549,-0.4126052375048022,-0.4126052375048022,0.5209859659405436,0.031689046116367,0.031689046116367,e847b877174b695bae97eea807955e15e4bf22f98e290d8937bce633af74af5b
expected-tempo-governed-shadow-v1,2025-09-06|the-valley|2,2025-09-06,the-valley,2,V1,2,good,1,1,0.3333333333333333,1,probabilities_updated,held_by_policy,updated,updated,slow,0.2014076412452377,0.1820284629393357,0.0754865595767369,0.0784529702218688,0.6328021498491991,0.6544418378667393,0.0903036493288262,0.0850767289720561,-1.4956099449263498,-0.635334453832482,-0.635334453832482,0.2322017368689929,-0.4126052375048022,-0.6767882389205717,1.0047586485996207,0.031689046116367,0.2318400609279507,a32ecb3a46089830a894ea32d0ad25c588ce3c5f0a306a917cbad59c99ea9987
expected-tempo-governed-shadow-v1,2025-09-06|the-valley|3,2025-09-06,the-valley,3,V2,2,good,2,2,0.4785243568890401,1,probabilities_updated,held_by_policy,updated,capped,slow,0.2120022011083749,0.2027838127937054,0.078120065013197,0.0811123896278259,0.613084404868874,0.6345810476616792,0.096793329009554,0.0815227499167893,-0.7461757677301412,-0.635334453832482,-0.635334453832482,-0.0884578045215188,-0.4126052375048022,-0.1895465822343928,2.083943863762168,0.031689046116367,0.531689046116367,2ea6bdc4258b2387cd31dfe983cdff9ec63a83d7c95622ed4d95eae0015dfa59
expected-tempo-governed-shadow-v1,2025-09-06|the-valley|4,2025-09-06,the-valley,4,V3,2,good,3,3,0.3782230680340038,1,probabilities_updated,held_by_policy,updated,capped,even,0.1536621549820366,0.141158762910972,0.0597730031527593,0.0542823694107256,0.679951940381583,0.7185283618195294,0.106612901483621,0.0860305058587729,0.1182548734147255,-0.8728575215508326,-0.8728575215508326,0.8431134493457507,-0.2424473104718875,-0.065405682037984,0.2300588636974423,-0.1020089966341578,0.3979910033658422,66dfee61384da516226a4e6482ebe6ea2bd036769e1bd2b6934b2eac99fbbb0e
expected-tempo-governed-shadow-v1,2025-09-06|the-valley|5,2025-09-06,the-valley,5,V4,2,good,4,4,0.3999095461518979,1,"probabilities_updated,probability_cap_applied",held_by_policy,updated,capped,even,0.281048184702822,0.2641806579167036,0.128755956851042,0.11345096089678332,0.4532969516349566,0.5032969516349566,0.1368989068111792,0.11907142955155625,0.2839961092533055,-0.2634866572863431,-0.2634866572863431,0.6413190827810237,-0.1458937537746499,-0.03274829199187809,0.1803094109491865,-0.1638459878084309,0.3361540121915691,2f9aadec033884330cbb77941835fbd0cfa2b79abda38a7e34e7d65f37f0606d
expected-tempo-governed-shadow-v1,2025-09-06|the-valley|6,2025-09-06,the-valley,6,V5,2,good,5,5,0.5137693160085651,1,probabilities_updated,held_by_policy,updated,capped,even,0.2716775754610603,0.2772471828800316,0.1309390049639189,0.114570021406561,0.4556128658462732,0.489458639107322,0.1417705537287474,0.1187241566060851,0.0118331712188936,-0.2634866572863431,-0.2634866572863431,-0.7740057895633098,-0.1458937537746499,0.18293777906556516,0.0200343789943551,-0.1638459878084309,0.3361540121915691,87756f23e3400bb0a6669781a836c9adfe0e72937ce93305818452feb37c239f
expected-tempo-governed-shadow-v1,2025-09-06|the-valley|7,2025-09-06,the-valley,7,V6,2,good,6,6,0.5802864550684138,1,probabilities_updated,held_by_policy,updated,capped,slow,0.2776812548533801,0.2876417480289088,0.1302554912283592,0.1189150929190642,0.4333705649797646,0.4599036305119538,0.158692688938496,0.133539528540073,-0.544325876068832,-0.2634866572863431,-0.2634866572863431,-0.995150300867107,-0.1458937537746499,0.024966698797008108,0.8214095387685263,-0.1638459878084309,0.3361540121915691,23ee701fc3b95e455ab83980a751e2eaca481b9e8481e474b27f7a5a7312a7fb
expected-tempo-governed-shadow-v1,2025-09-06|the-valley|8,2025-09-06,the-valley,8,V7,2,good,7,7,0.584793439681876,1,probabilities_updated,held_by_policy,updated,capped,even,0.300506814341745,0.2583503275464386,0.090082967628601,0.0867072786067454,0.5095868933484302,0.5583661105866595,0.0998233246812237,0.0965762832601563,0.1151430733101003,-0.6044350141249326,-0.6044350141249326,-0.9380848493869922,-0.093845352313132,0.10506025298973588,1.4324236747647314,-0.0932654958468727,0.4067345041531273,9b66bb830d873ec87812c87c16e6be702c6fc3e115ffd2658a26e42c828da833
expected-tempo-governed-shadow-v1,2025-09-06|the-valley|9,2025-09-06,the-valley,9,V8,2,good,8,8,0.5470414964140946,1,"probabilities_updated,probability_cap_applied",held_by_policy,updated,below_minimum_change,fast,0.2894732263527226,0.2743326531674616,0.1309756354033994,0.1178674955453109,0.3357489085202555,0.3857489085202555,0.2438022297236222,0.2220509427669717,0.8067438495700476,-0.4452592052204724,-0.4452592052204724,-1.814993316409744,-0.1920505063326234,0.18327789174026712,1.55475836082745,0.1616986769707453,0.1616986769707453,57e72409cd72ee19d7ce18b1ba7519ef73509fcf1b5a90cd741ccafdcee2b3fa
expected-tempo-governed-shadow-v1,2025-09-06|the-valley|10,2025-09-06,the-valley,10,V9,2,good,9,9,0.6384810683801246,1,probabilities_updated,held_by_policy,below_minimum_change,capped,even,0.2729646380031604,0.2702931021484359,0.1449695107997359,0.1314196271418678,0.4621763301098406,0.4867635515031713,0.119889521087263,0.1115237192065248,-0.425994163879954,-0.2634866572863431,-0.2634866572863431,-1.68069828590889,-0.1458937537746499,-0.1458937537746499,1.1953846133298092,-0.1638459878084309,0.3361540121915691,69a5ffc56d88231daf5592043c731b53f4883907054fd5cf8463ecd5970563c3
expected-tempo-governed-shadow-v1,2025-09-13|flemington|1,2025-09-13,flemington,1,V0,2,good,0,0,0.0,0,"no_completed_races,insufficient_state_reliability,probabilities_held",held_by_policy,held_insufficient_evidence,held_insufficient_evidence,very_fast_or_collapse,0.3271689705797929,0.3271689705797929,0.1186158739556897,0.1186158739556897,0.3542863327146872,0.3542863327146872,0.1999288227498299,0.1999288227498299,0.8190244936501476,-0.4452592052204724,-0.4452592052204724,0.885269121813019,-0.1920505063326234,-0.1920505063326234,0.7832795916502386,0.1616986769707453,0.1616986769707453,2939d6770f0884e687a05bedf763998abaffeb960b3648bdb492a369c1528e36
expected-tempo-governed-shadow-v1,2025-09-13|flemington|2,2025-09-13,flemington,2,V1,2,good,1,1,0.3333333333333333,1,"probabilities_updated,probability_cap_applied",held_by_policy,capped,capped,slow,0.432085400598896,0.394635708568121,0.0971780679131617,0.10595088965778512,0.3572622443979708,0.33593911468412224,0.1134742870899713,0.1634742870899713,-0.6142683702376172,-0.4452592052204724,-0.4452592052204724,-1.433292863887778,-0.1920505063326234,0.30794949366737656,1.581064360923632,0.1616986769707453,0.6616986769707454,2b8fd9336cdd2260e2f4e9053b9b270d622db284e6da2beefbe95a2337460cd3
expected-tempo-governed-shadow-v1,2025-09-13|flemington|3,2025-09-13,flemington,3,V2,2,good,2,2,0.3575633977190663,1,probabilities_updated,held_by_policy,updated,capped,slow,0.4314843750752225,0.385837281425903,0.093164856424399,0.0907008856017816,0.3642598030030561,0.4039753881191913,0.1110909654973223,0.1194864448531239,-0.7977847692733925,-0.6044350141249326,-0.6044350141249326,-1.1933298052278167,-0.093845352313132,0.15792955155267918,1.511789633309611,-0.0932654958468727,0.4067345041531273,be01c55844fccbfbe9b50255c6cff0b1d76e5df3a2851c5dd7184831f9dff2ef
expected-tempo-governed-shadow-v1,2025-09-13|flemington|4,2025-09-13,flemington,4,V3,2,good,3,3,0.5168471996040287,1,probabilities_updated,held_by_policy,capped,capped,fast,0.4021343103196036,0.3706304173873601,0.096107274248484,0.1019263032019418,0.3517034480555628,0.3831463561107787,0.1500549673763493,0.1442969232999191,0.7226686708677708,-0.4452592052204724,-0.4452592052204724,0.0,-0.1920505063326234,0.30794949366737656,0.5874596937376816,0.1616986769707453,0.6616986769707454,74aacdfcd90cdf99ea1cbe82eb67696a3f9c554db1bac43fc45781fdb977209e
expected-tempo-governed-shadow-v1,2025-09-13|flemington|5,2025-09-13,flemington,5,V4,2,good,4,4,0.5258885741382623,1,"probabilities_updated,probability_cap_applied",held_by_policy,updated,capped,fast,0.4656721905234477,0.4163122052043449,0.1008472994285171,0.10177541830282887,0.3275865953639127,0.3775865953639127,0.1058939146841222,0.10432578112891318,0.6672381706650049,-0.6044350141249326,-0.6044350141249326,-1.0030888217857012,-0.093845352313132,0.2014200528417136,1.2094317066476905,-0.0932654958468727,0.4067345041531273,3b9c932b2baa54e5347724a734e4db02b128a02021b5202ac78c3d0cb3aa03b3
expected-tempo-governed-shadow-v1,2025-09-13|flemington|6,2025-09-13,flemington,6,V5,2,good,5,5,0.5858177235055031,1,probabilities_updated,held_by_policy,updated,capped,even,0.4129507385544628,0.3915719448948587,0.0868960858944723,0.0884864172833523,0.3481995594034083,0.3877180965657493,0.1519536161476564,0.1322235412560394,-0.2085257691511537,-0.3523309607006282,-0.3523309607006282,0.2445672601155727,-0.0298880154450138,0.2016786907228493,2.00162642387184,-0.0979391712896279,0.4020608287103721,363199a1dcc14fc6968547222073b4b0f9647f9224b7ff04ce0a6aa1008a738d
expected-tempo-governed-shadow-v1,2025-09-13|flemington|7,2025-09-13,flemington,7,V6,2,good,6,6,0.1985745867771955,0,"insufficient_state_reliability,probabilities_held",held_by_policy,held_insufficient_evidence,held_insufficient_evidence,slow,0.2421227463594626,0.2421227463594626,0.0789009669311409,0.0789009669311409,0.5672709629644197,0.5672709629644197,0.1117053237449765,0.1117053237449765,-3.822590034240612,-0.4141422729191205,-0.4141422729191205,0.4694984698317467,-0.2411914696787404,-0.2411914696787404,0.9060323634760196,-0.0931597960977069,-0.0931597960977069,7c2f0316d42bb80a52b8d9a1ce5043a0c10a44484cdaca19cf40e6b9daae8821
expected-tempo-governed-shadow-v1,2025-09-13|flemington|8,2025-09-13,flemington,8,V7,2,good,7,7,0.5095870519696947,1,probabilities_updated,held_by_policy,capped,capped,slow,0.3040613113585432,0.2958541598079648,0.1364265796358551,0.1169128841927982,0.467916229089661,0.47761227313062,0.0915958799159406,0.1096206828686169,-3.1307913327576617,-0.6653996655149914,-0.6653996655149914,0.0674490759476583,-0.0802421205193904,0.4197578794806096,2.380952380952382,-0.1981378762353323,0.3018621237646677,d90a83c184064fad13b64a05d76989b6119cb74b3c3054993997d0f9e3df4088
expected-tempo-governed-shadow-v1,2025-09-13|flemington|9,2025-09-13,flemington,9,V8,2,good,8,8,0.6010014124982204,1,probabilities_updated,held_by_policy,capped,capped,slow,0.4030203022317202,0.3561383950792836,0.0749484533452534,0.080135721898012,0.4183998436902303,0.437487606174481,0.103631400732796,0.1262382768482231,-0.7107537035344846,-0.5778822605310765,-0.5778822605310765,-1.1241512657943211,-0.2893301257914973,0.2106698742085027,2.09324718458254,-0.1738621972107983,0.3261378027892017,177d12aa05be8b925144bf1f8b9d570dae2256df772da5a01476624217226a5b
expected-tempo-governed-shadow-v1,2025-09-13|flemington|10,2025-09-13,flemington,10,V9,2,good,9,9,0.5645570021419852,1,"probabilities_updated,probability_cap_applied",held_by_policy,capped,capped,even,0.2871305354629309,0.2371305354629309,0.0940438631842661,0.09274823781993959,0.5004264732528426,0.54766471317434,0.1183991280999604,0.1224565135427895,-0.4929519854490393,-0.635334453832482,-0.635334453832482,0.1851543261308255,-0.4126052375048022,0.08739476249519779,0.1208043151301335,0.031689046116367,0.531689046116367,4f88e1ba81076c1082e82a82e358dd8334aa0debda9c6e2b3a871f78a6a71047
expected-tempo-governed-shadow-v1,2025-09-13|rosehill|1,2025-09-13,rosehill,1,V0,2,soft,0,0,0.0,0,"no_completed_races,insufficient_state_reliability,probabilities_held",held_by_policy,held_insufficient_evidence,held_insufficient_evidence,slow,0.3494242478250513,0.3494242478250513,0.1215569542327921,0.1215569542327921,0.3542436267928992,0.3542436267928992,0.1747751711492573,0.1747751711492573,-3.4443994783937915,-0.4972754590372759,-0.4972754590372759,0.1419980546266489,-0.4986074780978135,-0.4986074780978135,0.7076624361721667,-0.1252070758299314,-0.1252070758299314,301b990b38a2a9b19938e9784ca9bd02828efe1b990a511931ebd53e8601134a
expected-tempo-governed-shadow-v1,2025-09-13|rosehill|2,2025-09-13,rosehill,2,V1,2,soft,1,1,0.2496296460850972,1,"probabilities_updated,probability_cap_applied",held_by_policy,capped,updated,very_fast_or_collapse,0.4393103289351656,0.4161387895758777,0.1142174256982009,0.10422023137422387,0.2186051731486268,0.2686051731486268,0.2278670722180066,0.2110358059012715,0.7846116997993116,0.1627669801223188,0.1627669801223188,0.7467576265633719,-0.482144975326186,0.017855024673814,-1.89856658223043,-0.1633745705965793,0.15944556184857486,f8da15d21f8f2777f20ed3466cadad56c215063c1bf4f8e16239002a2ad32006
expected-tempo-governed-shadow-v1,2025-09-13|rosehill|3,2025-09-13,rosehill,3,V2,2,soft,2,2,0.1281006467919823,0,"insufficient_state_reliability,probabilities_held",held_by_policy,held_insufficient_evidence,held_insufficient_evidence,slow,0.2722850986040508,0.2722850986040508,0.0853212093100106,0.0853212093100106,0.5332161795120527,0.5332161795120527,0.1091775125738857,0.1091775125738857,-0.9767106546723402,-0.4762161083029791,-0.4762161083029791,1.406249602304979,-0.2611890047552179,-0.2611890047552179,-0.871217230990606,-0.1713338067037232,-0.1713338067037232,118bc222afac1a725a32767308d643a28a11a453556348ab358247bb50134612
expected-tempo-governed-shadow-v1,2025-09-13|rosehill|6,2025-09-13,rosehill,6,V3,2,soft,3,3,0.341755169414727,1,probabilities_updated,held_by_policy,updated,updated,fast,0.4099768819434585,0.4027161685909163,0.1258614341526971,0.116151742590217,0.2481290533229928,0.2469748767401214,0.2160326305808514,0.234157212078745,0.6194302893152419,0.1627669801223188,0.1627669801223188,1.0960474841494656,-0.482144975326186,-0.039037614040649926,-0.0199849113919023,-0.1633745705965793,-0.3077168517428534,63d085edd3324607237be0a8245f25f09bf63d3696f381f628bbd402eeb05534
expected-tempo-governed-shadow-v1,2025-09-13|rosehill|7,2025-09-13,rosehill,7,V4,2,soft,4,4,0.4320924411592624,1,probabilities_updated,held_by_policy,capped,updated,even,0.3588560701365804,0.3426942306475207,0.1124705272457323,0.1223032977978817,0.3887586050228362,0.3774235305289195,0.1399147975948509,0.1575789410256779,0.0809388911371809,-0.4972754590372759,-0.4972754590372759,1.4377303030948556,-0.4986074780978135,0.0013925219021865276,0.7592628221430541,-0.1252070758299314,-0.010395474097469395,c97b4d0ad01ec2859e5b9505dc1b558da7a94ea21e7e2ca116dffa8ce67a11b9
expected-tempo-governed-shadow-v1,2025-09-13|rosehill|8,2025-09-13,rosehill,8,V5,2,soft,5,5,0.5317289469610309,1,probabilities_updated,held_by_policy,capped,capped,fast,0.3324740870103843,0.353684989433582,0.1181861806469425,0.1290416289191809,0.3945012012019313,0.3532051695066961,0.1548385311407418,0.1640682121405406,0.7104635999819997,-0.4972754590372759,-0.4972754590372759,4.0,-0.4986074780978135,0.0013925219021865276,-0.0147429674202505,-0.1252070758299314,0.3747929241700686,9ebab8d36d3a8c76347d1df0525344ef51649c7870d55c5fcd6102a7b63d3173
expected-tempo-governed-shadow-v1,2025-09-13|rosehill|9,2025-09-13,rosehill,9,V6,2,soft,6,6,0.5762275519001175,1,"probabilities_updated,probability_cap_applied",held_by_policy,capped,capped,slow,0.3334900018127078,0.3521005064891529,0.1096087076311766,0.12076767815543943,0.419684849401757,0.369684849401757,0.1372164411543585,0.1574469659536505,-0.7051494303618843,-0.4972754590372759,-0.4972754590372759,3.6075036075036655,-0.4986074780978135,0.0013925219021865276,0.9586379304901388,-0.1252070758299314,0.3747929241700686,8b56557a10f986b6b7af4066f8146f5ad723c0d5df44b691e7bc300a21c65e7d
expected-tempo-governed-shadow-v1,2025-09-20|caulfield|1,2025-09-20,caulfield,1,V0,2,good,0,0,0.0,0,"no_completed_races,insufficient_state_reliability,probabilities_held",held_by_policy,held_insufficient_evidence,held_insufficient_evidence,even,0.2599546590053759,0.2599546590053759,0.0962287983576699,0.0962287983576699,0.530523954225659,0.530523954225659,0.113292588411295,0.113292588411295,-0.408782278470662,-0.635334453832482,-0.635334453832482,1.4774559493296815,-0.4126052375048022,-0.4126052375048022,1.079185215162557,0.031689046116367,0.031689046116367,c3808d8a662fb2a6755c699e21aba273a103e95437b4af615ee84b7e1b66c639
expected-tempo-governed-shadow-v1,2025-09-20|caulfield|2,2025-09-20,caulfield,2,V1,2,good,1,1,0.2637669986665615,1,probabilities_updated,held_by_policy,updated,capped,slow,0.3701801981049383,0.3532671883882819,0.1135072592901144,0.0999913661756907,0.4048848893227807,0.4331329068884323,0.1114276532821664,0.1136085385475948,-1.005123484710217,-0.6044350141249326,-0.6044350141249326,1.0546582784543128,-0.093845352313132,0.3795993854374542,0.3461987968994895,-0.0932654958468727,0.4067345041531273,e16ea7cb0aa71b3d980eb4e37f0411518e8a7b8b0dbe842ba0573ddef274c75d
expected-tempo-governed-shadow-v1,2025-09-20|caulfield|3,2025-09-20,caulfield,3,V2,2,good,2,2,0.3641454332220667,1,probabilities_updated,held_by_policy,capped,capped,even,0.3366512977931514,0.343228299161648,0.1265353389790225,0.1097111490620837,0.4000135467542679,0.4208761919943008,0.1367998164735579,0.1261843597819672,0.2665326388254332,-0.2634866572863431,-0.2634866572863431,-0.0650111575399109,-0.1458937537746499,0.35410624622535014,0.0886192238728343,-0.1638459878084309,0.3361540121915691,40737cf4f643624b3c6774402cc41fbbbab1112a467a47dfbc90de6667ed8476
expected-tempo-governed-shadow-v1,2025-09-20|caulfield|4,2025-09-20,caulfield,4,V3,2,good,3,3,0.4530000701473824,1,probabilities_updated,held_by_policy,capped,updated,fast,0.3453438549032362,0.3224420283463164,0.121142462485844,0.1212149634213661,0.3981951432949258,0.4081908923685191,0.1353185393159938,0.1481521158637982,0.5354204997907022,-0.4452592052204724,-0.4452592052204724,0.851253855063571,-0.1920505063326234,0.30794949366737656,-0.998246324025354,0.1616986769707453,0.6183033930006435,e71c8dcd2abefdcd6220f87387246c5a5932a15ae4f36e546110a2db97893032
expected-tempo-governed-shadow-v1,2025-09-20|caulfield|5,2025-09-20,caulfield,5,V4,2,good,4,4,0.5370650718252178,1,probabilities_updated,held_by_policy,capped,capped,slow,0.3326555556808215,0.3273381534084592,0.094065576700998,0.1028085378757671,0.4636793586693294,0.4551526124084764,0.1095995089488509,0.1147006963072972,-3.451805651439011,-0.3693037860761984,-0.3693037860761984,-0.1635129113882679,-0.1645417671907071,0.3354582328092929,2.1368822291382337,-0.2052907878615527,0.2947092121384473,785efecb7c96a394eb3f3035e54a5da21ae284e9a3cded04938dc3322bb1e4ac
expected-tempo-governed-shadow-v1,2025-09-20|caulfield|6,2025-09-20,caulfield,6,V5,2,good,5,5,0.5949814482479252,1,probabilities_updated,held_by_policy,capped,capped,very_fast_or_collapse,0.4013748934919166,0.4012535927798201,0.0982642824242978,0.0892115310095902,0.392414227780328,0.4050841500426319,0.1079465963034575,0.1044507261679576,2.4995834027661816,-0.6044350141249326,-0.6044350141249326,0.6377003544142311,-0.093845352313132,0.406154647686868,-0.2984472387064574,-0.0932654958468727,0.4067345041531273,9cf46f1fec2fb34ab61a20e33a73c6d401944d055f1e84efd80417a45d160d82
expected-tempo-governed-shadow-v1,2025-09-20|caulfield|7,2025-09-20,caulfield,7,V6,2,good,6,6,0.4891607229927837,1,probabilities_updated,held_by_policy,capped,capped,slow,0.2574041618329406,0.2368622642163494,0.1044508209738178,0.0999061896290395,0.4812145509806603,0.5250911860651031,0.156930466212581,0.1381403600895078,-1.3496372443934497,-0.4498557210139772,-0.4498557210139772,0.922833381279066,-0.227375033040773,0.272624966959227,0.3480813736072775,-0.1728503938600977,0.3271496061399023,1f3622d85f7b33f978a5a283dda0b7010fc4bd1de7067aca841d6a606dae49e0
expected-tempo-governed-shadow-v1,2025-09-20|caulfield|8,2025-09-20,caulfield,8,V7,2,good,7,7,0.629526175305125,1,"probabilities_updated,probability_cap_applied",held_by_policy,capped,capped,very_fast_or_collapse,0.2918199635898986,0.3418199635898986,0.1563066420318628,0.1340825806216828,0.3160373742122064,0.32335708825330717,0.2358360201660321,0.20074036753511135,4.0,-0.2377675913714921,-0.2377675913714921,0.8339158480801574,0.0728552384881741,0.5728552384881741,-0.1193788954825846,-0.1826826563167772,0.31731734368322284,93364ed5dbc748d98eb0ddec1a5da1d4dbed8a555161b2839f51509d942881d3
expected-tempo-governed-shadow-v1,2025-09-20|caulfield|9,2025-09-20,caulfield,9,V8,2,good,8,8,0.4870790119555536,1,"probabilities_updated,probability_cap_applied",held_by_policy,capped,updated,even,0.2459567452857445,0.22085366551970767,0.0914748972044528,0.08723906450127078,0.4486534648188069,0.4986534648188069,0.2139148926909956,0.1932538051602144,0.3012109419032453,-0.4958209948265083,-0.4958209948265083,1.7351150495626526,-0.1855431829808823,0.3144568170191177,0.9809738917387671,-0.1022802644212175,0.3851681197617597,e94286456166fc4aa6b02682594ff4747a4d530d7eb92e680cb3eff0b851384c
expected-tempo-governed-shadow-v1,2025-09-20|caulfield|10,2025-09-20,caulfield,10,V9,2,good,9,9,0.5639257854561757,1,"probabilities_updated,probability_cap_applied",held_by_policy,capped,capped,fast,0.1777318991323563,0.18186579474257175,0.0756583261310208,0.08218087800202213,0.6427762173729443,0.5927762173729443,0.1038335573636785,0.14317710988246168,1.0579341364393158,-0.8728575215508326,-0.8728575215508326,-1.35063874440644,-0.2424473104718875,0.2575526895281125,0.6539825944925096,-0.1020089966341578,0.3979910033658422,2631fd3286c0a5e2beb42830d9f50674387c6c2311740c61502f2b84640a482f
expected-tempo-governed-shadow-v1,2025-09-20|randwick|2,2025-09-20,randwick,2,V0,2,good,0,0,0.0,0,"no_completed_races,insufficient_state_reliability,probabilities_held",held_by_policy,held_insufficient_evidence,held_insufficient_evidence,even,0.3065189417836619,0.3065189417836619,0.0890870767558677,0.0890870767558677,0.3496033296164939,0.3496033296164939,0.2547906518439763,0.2547906518439763,-0.2722525605617319,-0.4141422729191205,-0.4141422729191205,2.2186000888959376,-0.2411914696787404,-0.2411914696787404,-0.1639248866797115,-0.0931597960977069,-0.0931597960977069,b065920dc818804d2ff5fbe3964d14dfc4eba30a27a3e160d3ded5137e28a482
expected-tempo-governed-shadow-v1,2025-09-20|randwick|3,2025-09-20,randwick,3,V1,2,good,1,1,0.2637669986665615,1,probabilities_updated,held_by_policy,capped,updated,even,0.3939713846159812,0.3618063469477154,0.052490007028165,0.0538220805808552,0.294803005266937,0.3250529977064829,0.2587356030889167,0.2593185747649463,-0.1411112595938597,0.1104736434623439,0.1104736434623439,-0.2141404711835162,-0.161681142564169,0.338318857435831,0.562075632897162,0.0028292668157483,0.4608527654230228,dd16748f22c833790f46df4ca0be0884916d7c1b55f14bd89e632dafd491938b
expected-tempo-governed-shadow-v1,2025-09-20|randwick|4,2025-09-20,randwick,4,V2,2,good,2,2,0.3641454332220667,1,probabilities_updated,held_by_policy,capped,capped,slow,0.2738916078503146,0.3115701213757826,0.091737328476068,0.091857206944115,0.3626542579464319,0.3598049942187206,0.2717168057271854,0.2367676774613816,-2.2127178872038065,0.0726063820991144,0.0726063820991144,-1.8340085819475944,-0.3938607288582862,0.10613927114171379,1.2686849999678749,-0.13683827208799,0.36316172791201,949e1a81471cf3c5523b471215f0081e57fcd90f725f7e485a52242dfc7bbac7
expected-tempo-governed-shadow-v1,2025-09-20|randwick|5,2025-09-20,randwick,5,V3,2,good,3,3,0.264659468070825,1,"probabilities_updated,probability_cap_applied",held_by_policy,updated,updated,even,0.3391280689343152,0.3114571185888063,0.0904923247383673,0.08341960055815442,0.3961856693709926,0.4461856693709926,0.1741939369563247,0.15893761148204644,0.0854354962003665,-0.3276345121754156,-0.3276345121754156,-0.2700451933697829,-0.3739463722952989,-0.1124818199883782,-1.0874442856867468,-0.3018682183550009,0.08103590403914529,0b795303bd1fe9516a29726793058306f4fddba2d65ec1d98bcb0ad8341c6bd3
expected-tempo-governed-shadow-v1,2025-09-20|randwick|6,2025-09-20,randwick,6,V4,2,good,4,4,0.5002810311683618,1,"probabilities_updated,probability_cap_applied",held_by_policy,updated,capped,slow,0.3023797197120945,0.28913139466435855,0.0883190694117661,0.08825405102202262,0.3489677822529027,0.3989677822529027,0.2603334286232365,0.2236467720607159,-0.6841956624906459,0.0726063820991144,0.0726063820991144,-1.0761537960188392,-0.3938607288582862,-0.0925432102318452,-0.5138977215059756,-0.13683827208799,0.36316172791201,91390edcc2c78b92d461c89f3adbe7805a4893b6807dc754062a4f35c9d9fa75
expected-tempo-governed-shadow-v1,2025-09-20|randwick|7,2025-09-20,randwick,7,V5,2,good,5,5,0.5719562308844398,1,"probabilities_updated,probability_cap_applied",held_by_policy,updated,updated,slow,0.3355705316072654,0.3296501363056959,0.0943046888493931,0.0970077129487141,0.3210751445694333,0.3710751445694333,0.2490496349739079,0.2022670061761564,-0.7569824350960369,0.0726063820991144,0.0726063820991144,-0.4130308583311731,-0.3938607288582862,-0.1898737278001438,0.3693639873324203,-0.13683827208799,0.18908274398903552,56b35938d361c702e7099d444f18a5c6fa32712205a9c76da7f9607401dd4bf6
expected-tempo-governed-shadow-v1,2025-09-27|rosehill|1,2025-09-27,rosehill,1,V0,2,good,0,0,0.0,0,"no_completed_races,insufficient_state_reliability,probabilities_held",held_by_policy,held_insufficient_evidence,held_insufficient_evidence,slow,0.3985481272514219,0.3985481272514219,0.0569933946151819,0.0569933946151819,0.3252502702267675,0.3252502702267675,0.2192082079066285,0.2192082079066285,-1.2572140686842646,0.1104736434623439,0.1104736434623439,0.6897048367580191,-0.161681142564169,-0.161681142564169,-0.1809609354693289,0.0028292668157483,0.0028292668157483,bb1500e9ed787f7732c86441792008687bcf71bdee89af633d8339c571f12fee
expected-tempo-governed-shadow-v1,2025-09-27|rosehill|2,2025-09-27,rosehill,2,V1,2,good,1,1,0.1829504869881441,0,"insufficient_state_reliability,probabilities_held",held_by_policy,held_insufficient_evidence,held_insufficient_evidence,very_fast_or_collapse,0.2807298319236333,0.2807298319236333,0.092418522509214,0.092418522509214,0.3570579599854907,0.3570579599854907,0.2697936855816618,0.2697936855816618,4.0,0.0726063820991144,0.0726063820991144,1.4506171128469163,-0.3938607288582862,-0.3938607288582862,0.8476983563210396,-0.13683827208799,-0.13683827208799,d8c3f9a309c58d840a5dd315c4fd348b69c2de614a22ef873e9b8f8f7f6d8add
expected-tempo-governed-shadow-v1,2025-09-27|rosehill|3,2025-09-27,rosehill,3,V2,2,good,2,2,0.0946026832972654,0,"insufficient_state_reliability,probabilities_held",held_by_policy,held_insufficient_evidence,held_insufficient_evidence,slow,0.2681392838378487,0.2681392838378487,0.0783359252764027,0.0783359252764027,0.5396676386756509,0.5396676386756509,0.1138571522100975,0.1138571522100975,-0.5863663386404555,-0.4663744146496504,-0.4663744146496504,-0.3735641129408837,-0.2706086361799454,-0.2706086361799454,-1.3876087430641877,-0.1847891205303058,-0.1847891205303058,6b0f0b4056d095cd061fb47aa1437c005ea06528f1612d624117efed6a9d97a7
expected-tempo-governed-shadow-v1,2025-09-27|rosehill|5,2025-09-27,rosehill,5,V3,2,good,3,3,0.2852705221953187,1,probabilities_updated,held_by_policy,capped,updated,very_fast_or_collapse,0.3080035063735374,0.3012243607348283,0.1028176737308271,0.104058330426143,0.3755788761038189,0.3406698461465976,0.2135999437918163,0.2540474626924308,4.0,0.0726063820991144,0.0726063820991144,2.57439221174274,-0.3938607288582862,0.10613927114171379,1.1268930981499188,-0.13683827208799,0.3326116515782413,83e6f007cce46216b1dbf6aae2dbe8c6da6e2d33b7fadf96bbae4067f597f837
expected-tempo-governed-shadow-v1,2025-09-27|rosehill|8,2025-09-27,rosehill,8,V4,2,good,4,4,0.3497314364318692,1,"probabilities_updated,probability_cap_applied",held_by_policy,capped,capped,slow,0.3124411776902492,0.32631611636675323,0.0975956493791055,0.10049167997700487,0.3376443186024617,0.2876443186024617,0.2523188543281834,0.28554788505378004,-2.54391267926049,0.0726063820991144,0.0726063820991144,-0.2574392211742739,-0.3938607288582862,0.10613927114171379,0.5099808181408381,-0.13683827208799,0.36316172791201,c9dbd9b7d103c27b6474a06a898d89c37f62d1971bdda7b9c3f509ee52a9eb22
expected-tempo-governed-shadow-v1,2025-09-27|sportsbet-sandown-hillside|1,2025-09-27,sportsbet-sandown-hillside,1,V0,2,good,0,0,0.0,0,"no_completed_races,insufficient_state_reliability,probabilities_held",held_by_policy,held_insufficient_evidence,held_insufficient_evidence,even,0.3314442284525219,0.3314442284525219,0.0885723600891271,0.0885723600891271,0.5044176124770186,0.5044176124770186,0.0755657989813323,0.0755657989813323,0.2496742907990466,-0.6044350141249326,-0.6044350141249326,-1.8027768345244173,-0.093845352313132,-0.093845352313132,1.215380019393283,-0.0932654958468727,-0.0932654958468727,2245ddcfdccfbcb9ac6d70ec160803b4d1e01ab5bd64b13592f17b607b6c22c9
expected-tempo-governed-shadow-v1,2025-09-27|sportsbet-sandown-hillside|2,2025-09-27,sportsbet-sandown-hillside,2,V1,2,good,1,1,0.2042705586529166,1,probabilities_updated,held_by_policy,capped,capped,slow,0.2106808124146332,0.1915495960533728,0.0715225766333024,0.0616783967974237,0.6235834947437868,0.6651587809865087,0.0942131162082774,0.0816132261626946,-4.0,-0.8776139211096129,-0.8776139211096129,-0.8228787265614513,-0.0432865398220241,-0.5432865398220241,1.086510001690808,-0.127044061924436,0.372955938075564,5f299cb9cdc38babc6168b254b0912027d837a224963f036d7b590f38b45ccc3
expected-tempo-governed-shadow-v1,2025-09-27|sportsbet-sandown-hillside|3,2025-09-27,sportsbet-sandown-hillside,3,V2,2,good,2,2,0.2571791307357975,1,"probabilities_updated,probability_cap_applied",held_by_policy,below_minimum_change,updated,even,0.3619827377719636,0.3290218545653616,0.0988579854425122,0.09044525526699854,0.3726939254731616,0.4226939254731616,0.1664653513123623,0.15783896469447803,-0.3835339612710075,-0.4452592052204724,-0.4452592052204724,0.0793518540560722,-0.1920505063326234,-0.1920505063326234,2.2840709809548247,0.1616986769707453,0.2486314788173775,bafc4d5a58e2f8deae1875be0844702d778ff4ab54c78da695febd6f7cf42113
expected-tempo-governed-shadow-v1,2025-09-27|sportsbet-sandown-hillside|4,2025-09-27,sportsbet-sandown-hillside,4,V3,2,good,3,3,0.4505397098049988,1,"probabilities_updated,probability_cap_applied",held_by_policy,below_minimum_change,capped,even,0.3913066284557849,0.36313462786731004,0.1096902476180423,0.09957702842733125,0.3987632737145744,0.44876327371457436,0.1002398502115982,0.08852506999078404,0.1214945265472674,-0.6044350141249326,-0.6044350141249326,0.4755030641520862,-0.093845352313132,-0.093845352313132,1.6316980370860126,-0.0932654958468727,0.4067345041531273,25cf2556437f1e410b242641f5b7576107de769e27e05899b5304eec73a1ef74
expected-tempo-governed-shadow-v1,2025-09-27|sportsbet-sandown-hillside|5,2025-09-27,sportsbet-sandown-hillside,5,V4,2,good,4,4,0.5423120231152327,1,"probabilities_updated,probability_cap_applied",held_by_policy,updated,capped,fast,0.3645797865803462,0.33000372973979064,0.089970947761467,0.08624161976610183,0.4528809759155729,0.5028809759155729,0.0925682897426136,0.08087367457853448,0.5156473016214843,-0.6044350141249326,-0.6044350141249326,-0.6336595180983228,-0.093845352313132,0.3224283289756939,1.2825280867630788,-0.0932654958468727,0.4067345041531273,9ba9bb57470c452852e57ff7e6318d1062c46896d2909934c7d1229b20fa3433
expected-tempo-governed-shadow-v1,2025-09-27|sportsbet-sandown-hillside|6,2025-09-27,sportsbet-sandown-hillside,6,V5,2,good,5,5,0.598346340921751,1,probabilities_updated,held_by_policy,capped,capped,fast,0.3912060271148597,0.3456226183210563,0.0702638090323505,0.0895061716435659,0.4347950531397715,0.4638155821587826,0.1037351107130182,0.1010556278765949,0.6278045953417878,-0.5778822605310765,-0.5778822605310765,-0.8135237206254119,-0.2893301257914973,0.2106698742085027,0.0470036471588563,-0.1738621972107983,0.3261378027892017,f7714e55151b5c752370ae1bf516417c16a900c9ae901ad91c72f7925ff90d17
expected-tempo-governed-shadow-v1,2025-09-27|sportsbet-sandown-hillside|7,2025-09-27,sportsbet-sandown-hillside,7,V6,2,good,6,6,0.6029176226780125,1,probabilities_updated,held_by_policy,updated,capped,slow,0.2933017074405449,0.2709774264945315,0.0818534229982541,0.0857308742954453,0.4710271656202588,0.5200321975109262,0.153817703940942,0.1232595016990968,-1.0851585650619755,-0.3693037860761984,-0.3693037860761984,2.6080309366428627,-0.1645417671907071,0.06537382319984772,0.2393354307820198,-0.2052907878615527,0.2947092121384473,5e3df8a92c9ec6589bfa58ff892f6dfb21284eefadb31799360e96354fac365c
expected-tempo-governed-shadow-v1,2025-09-27|sportsbet-sandown-hillside|8,2025-09-27,sportsbet-sandown-hillside,8,V7,2,good,7,7,0.5456605369026032,1,probabilities_updated,held_by_policy,capped,capped,slow,0.218575195820102,0.1962215467024822,0.0717162503837181,0.0623917657413844,0.6027673283765649,0.6518248432773448,0.1069412254196149,0.0895618442787884,-4.0,-0.8776139211096129,-0.8776139211096129,0.8970727101038841,-0.0432865398220241,0.45671346017797587,-0.4471171776620718,-0.127044061924436,0.372955938075564,280e612cb636e6323bc5610009e216e7cca29658dda0bdd76d9b82889b6693fa
expected-tempo-governed-shadow-v1,2025-10-04|flemington|1,2025-10-04,flemington,1,V0,2,good,0,0,0.0,0,"no_completed_races,insufficient_state_reliability,probabilities_held",held_by_policy,held_insufficient_evidence,held_insufficient_evidence,slow,0.3135528209165799,0.3135528209165799,0.1649544460705529,0.1649544460705529,0.3574519245601326,0.3574519245601326,0.1640408084527344,0.1640408084527344,-0.8755408897051867,-0.2634866572863431,-0.2634866572863431,-0.4598800632794825,-0.1458937537746499,-0.1458937537746499,0.9286466978300912,-0.1638459878084309,-0.1638459878084309,225254c905f2ae5e29442d8d7d39d56abf44b61edc48aca26a32822c15b93b89
expected-tempo-governed-shadow-v1,2025-10-04|flemington|2,2025-10-04,flemington,2,V1,2,good,1,1,0.2637669986665615,1,"probabilities_updated,probability_cap_applied",held_by_policy,updated,updated,very_fast_or_collapse,0.4111775003113439,0.36598016091342195,0.1302476988519252,0.11698460608964366,0.3343711298402299,0.38437112984022986,0.1242036709965007,0.13266410315670424,1.7311929493232765,-0.4452592052204724,-0.4452592052204724,-0.1538312258455338,-0.1920505063326234,-0.0756464114514397,-1.8619744909494724,0.1616986769707453,0.3976076026134189,11383faf9d3e4b1a5a5e9533d9ee5202c9d3cd6dd2f484199af14fc58ba20ef5
expected-tempo-governed-shadow-v1,2025-10-04|flemington|3,2025-10-04,flemington,3,V2,2,good,2,2,0.2220550131910281,1,"probabilities_updated,probability_cap_applied",held_by_policy,updated,updated,slow,0.2644599460116512,0.2342885022162799,0.0757190789011988,0.06784138590650726,0.5399226619813773,0.5899226619813773,0.1198983131057726,0.1079474498958354,-1.7622898578005948,-0.8776139211096129,-0.8776139211096129,-1.1969286887821662,-0.0432865398220241,-0.48294674985679964,0.4449765427102558,-0.127044061924436,0.122545684369814,b1f69b8743bd3f91d6ddcc3b98b3e81d88125c5fea3dbd03b4061dd44db10a16
expected-tempo-governed-shadow-v1,2025-10-04|flemington|4,2025-10-04,flemington,4,V3,2,good,3,3,0.4086355213585094,1,probabilities_updated,held_by_policy,below_minimum_change,updated,slow,0.3972161499594468,0.3625446431967399,0.0936559687292797,0.0909589666150854,0.3683971542116028,0.4101996155541207,0.1407307270996705,0.1362967746340537,-0.7843111513813902,-0.253535025942937,-0.253535025942937,-0.6723495189703279,-0.2600328644522876,-0.2600328644522876,0.998517152054986,-0.1256720201137555,0.047311478434464704,edc3e2edafbe0a2786fee13fa13c9d0a1f9accb7c00ff014e0b9194cdb1733d3
expected-tempo-governed-shadow-v1,2025-10-04|flemington|5,2025-10-04,flemington,5,V4,2,good,4,4,0.4899429077765381,1,probabilities_updated,held_by_policy,updated,updated,slow,0.3783898516428192,0.3406789991093554,0.0760349863490073,0.0835826202055434,0.4419302589498841,0.4705850792330398,0.1036449030582893,0.1051533014520612,-1.1127971503384744,-0.5778822605310765,-0.5778822605310765,1.1109628989889044,-0.2893301257914973,-0.19701589340485,1.234596665500018,-0.1738621972107983,0.219205829646018,1b50a1543927c90b50702dcb283bed5653b6622806dfe0cfc07af5474744826b
expected-tempo-governed-shadow-v1,2025-10-04|flemington|6,2025-10-04,flemington,6,V5,2,good,5,5,0.5112544524049412,1,probabilities_updated,held_by_policy,capped,updated,slow,0.3878764430247846,0.3878036818840438,0.1055404134011475,0.1098509528123554,0.3505180097160537,0.3369855080070951,0.1560651338580139,0.1653598572965053,-1.3814870977231404,-0.4419014922859545,-0.4419014922859545,1.0906659089408772,-0.4325031459263254,0.06749685407367462,2.509990203298155,-0.0426934540083431,0.1950587532428293,ca72d7dcc0be7d0508722ad6b33fd24f375c17d5d3a2bd5ac0829189bacf7b7d
expected-tempo-governed-shadow-v1,2025-10-04|flemington|8,2025-10-04,flemington,8,V6,2,good,6,6,0.3859961210191105,1,"probabilities_updated,probability_cap_applied",held_by_policy,updated,capped,slow,0.2626015351953207,0.24231421933860733,0.0834961281982762,0.07152560209587736,0.5148436439598181,0.5648436439598181,0.1390586926465849,0.12131653460569698,-2.203044493615072,-0.3814066683199782,-0.3814066683199782,3.857244030756772,-0.1763405187700433,0.10359892743992183,1.9330766096339564,-0.2591201592110757,0.24087984078892433,052d233287943f76e0bd8541827734c261f86b6ca70fc0b518f1893e261473d2
expected-tempo-governed-shadow-v1,2025-10-04|flemington|9,2025-10-04,flemington,9,V7,2,good,7,7,0.5236036730413928,1,"probabilities_updated,probability_cap_applied",held_by_policy,capped,capped,even,0.3377709057769067,0.33885143281121427,0.107179829002335,0.08835434810403343,0.3659513037163818,0.4159513037163818,0.1890979615043764,0.15684291536837047,-0.3177889155226213,-0.3523309607006282,-0.3523309607006282,1.4818357594561509,-0.0298880154450138,0.4701119845549862,3.0400960318437624,-0.0979391712896279,0.4020608287103721,9d5ac280255d4ca299468ba54e7c3d73c91a372f10faa08e4fe4f552b58f74db
expected-tempo-governed-shadow-v1,2025-10-04|flemington|10,2025-10-04,flemington,10,V8,2,good,8,8,0.5694378388440589,1,"probabilities_updated,probability_cap_applied",held_by_policy,capped,capped,slow,0.429040672295551,0.38083094383883925,0.1148066153171467,0.10269307050627982,0.3544788545865286,0.4044788545865286,0.1016738578007735,0.11199713106835206,-1.442160334223125,-0.6044350141249326,-0.6044350141249326,-0.5382109691540444,-0.093845352313132,0.406154647686868,1.388235361651133,-0.0932654958468727,0.4067345041531273,552eaa1a03f97dd2261ed5f16a1a7545b6f5e6e5413add3022610b20ea144edf
expected-tempo-governed-shadow-v1,2025-10-11|caulfield|1,2025-10-11,caulfield,1,V0,2,good,0,0,0.0,0,"no_completed_races,insufficient_state_reliability,probabilities_held",held_by_policy,held_insufficient_evidence,held_insufficient_evidence,slow,0.2586777298310626,0.2586777298310626,0.0963590281342731,0.0963590281342731,0.5115252673148826,0.5115252673148826,0.1334379747197816,0.1334379747197816,-1.0100741769650492,-0.635334453832482,-0.635334453832482,-0.2697963037906321,-0.4126052375048022,-0.4126052375048022,-0.6111407986417787,0.031689046116367,0.031689046116367,b02161c7c99dd36de53905022d3040d005007bf2a5ffa905667646c14d5144c9
expected-tempo-governed-shadow-v1,2025-10-11|caulfield|2,2025-10-11,caulfield,2,V1,2,good,1,1,0.1785092123162197,0,"insufficient_state_reliability,probabilities_held",held_by_policy,held_insufficient_evidence,held_insufficient_evidence,slow,0.3201069824919801,0.3201069824919801,0.1361556908588755,0.1361556908588755,0.3820764646406095,0.3820764646406095,0.1616608620085346,0.1616608620085346,-1.1897267562989926,-0.2634866572863431,-0.2634866572863431,0.2423951166869054,-0.1458937537746499,-0.1458937537746499,-0.8408035494845217,-0.1638459878084309,-0.1638459878084309,ca9a79a78e83433f5dbdd2d0a1081e8cb4fbce9dd587f0f90b39cbf0a88ea4d3
expected-tempo-governed-shadow-v1,2025-10-11|caulfield|3,2025-10-11,caulfield,3,V2,2,good,2,2,0.1650807096125921,0,"insufficient_state_reliability,probabilities_held",held_by_policy,held_insufficient_evidence,held_insufficient_evidence,slow,0.245412783890293,0.245412783890293,0.0817897634010557,0.0817897634010557,0.5324624117478511,0.5324624117478511,0.1403350409608,0.1403350409608,-3.663629583555604,-0.5333772506397831,-0.5333772506397831,0.033724537973835,-0.2468314972564444,-0.2468314972564444,-0.298117462752086,-0.1270484358768369,-0.1270484358768369,191e5f75b2d9cf6f0a031f93085a3e1cd1dfbfd24dae13f2a43d3a8773e3b2d1
expected-tempo-governed-shadow-v1,2025-10-11|caulfield|4,2025-10-11,caulfield,4,V3,2,good,3,3,0.3908028452081161,1,"probabilities_updated,probability_cap_applied",held_by_policy,updated,updated,slow,0.2825010300723501,0.2802832998264334,0.104383233417358,0.0882995968331071,0.4365187976340167,0.4865187976340167,0.1765969388762751,0.14489830570644263,-2.4144814143582534,-0.6808164635043783,-0.6808164635043783,-2.4088955695593404,-0.0514072364796089,-0.1392567072330297,4.0,-0.134216689460706,-0.2037288198377348,dd499acc65402ae31bc53d45aaa6c4eb38bef797249386459edf3ddfb6c995a1
expected-tempo-governed-shadow-v1,2025-10-11|caulfield|5,2025-10-11,caulfield,5,V4,2,good,4,4,0.4634696741063194,1,"probabilities_updated,probability_cap_applied",held_by_policy,updated,updated,even,0.3554844341048275,0.33634582170335886,0.1170952170857612,0.10419408332801136,0.3865728363225345,0.43657283632253446,0.1408475124868766,0.12288725864609507,-0.1564036543713885,-0.6044350141249326,-0.6044350141249326,0.653737197646543,-0.093845352313132,-0.0034422608123825943,0.2539259329794218,-0.0932654958468727,0.3017842183171583,54f04ff24a4e19a7a445219799ef7beb68173fe6d4cacb00e97cb0383eebc024
expected-tempo-governed-shadow-v1,2025-10-11|caulfield|6,2025-10-11,caulfield,6,V5,2,good,5,5,0.4450242976369197,1,"probabilities_updated,probability_cap_applied",held_by_policy,below_minimum_change,capped,even,0.2563842507594831,0.23762075085339995,0.1051314062588309,0.0943760566282267,0.4830618901812137,0.5330618901812137,0.1554224528004721,0.13494130233715942,-0.4049018317841942,-0.3814066683199782,-0.3814066683199782,1.442950819809054,-0.1763405187700433,-0.1763405187700433,-0.1117558003238308,-0.2591201592110757,0.24087984078892433,ba2cc616679f607737b3f844ff2b808815a22f0ab6931b3cfec74e58f6a1a1ec
expected-tempo-governed-shadow-v1,2025-10-11|caulfield|7,2025-10-11,caulfield,7,V6,2,good,6,6,0.5611400199096256,1,"probabilities_updated,probability_cap_applied",held_by_policy,updated,capped,very_fast_or_collapse,0.2536229550437148,0.24394330131359285,0.1558726813300295,0.1362295099165644,0.4557772232369383,0.5057772232369383,0.1347271403893173,0.11404996553290428,1.2658920775683982,-0.6653996655149914,-0.6653996655149914,-0.5138977215060273,-0.0802421205193904,0.09648792429689988,0.6557549050466935,-0.1981378762353323,0.3018621237646677,cd865e3bdd8492e6bb360caf1f06669a6fcc573f732343e8702c006d3ab35397
expected-tempo-governed-shadow-v1,2025-10-11|caulfield|8,2025-10-11,caulfield,8,V7,2,good,7,7,0.610592274976352,1,"probabilities_updated,probability_cap_applied",held_by_policy,updated,capped,very_fast_or_collapse,0.25702696638401,0.25910214395668824,0.134358599481751,0.11997691108346785,0.39306701002852,0.44306701002852,0.2155474241057189,0.17785393493132376,0.9433095404274184,-0.6653996655149914,-0.6653996655149914,1.7665234176768403,-0.0802421205193904,0.05812130228752259,-2.660491329046577,-0.1981378762353323,0.3018621237646677,eecbc8a77e380b02bfe5928229344fcec99569a83352a86fc185acdfcd326e20
expected-tempo-governed-shadow-v1,2025-10-11|caulfield|9,2025-10-11,caulfield,9,V8,2,good,8,8,0.4945234341195755,1,"probabilities_updated,probability_cap_applied",held_by_policy,capped,updated,very_fast_or_collapse,0.319832890485007,0.269832890485007,0.1173640477088781,0.1190205037681756,0.3389066047249645,0.3692348340168432,0.2238964570811503,0.24191177172997405,1.0051234847102146,-0.4419014922859545,-0.4419014922859545,0.8443625063077357,-0.4325031459263254,0.06749685407367462,-0.197256731545043,-0.0426934540083431,0.0558469193296808,80ac2e37b7059d6a2b4beab3b7fcdcbd6bb309b2daaf6b6aa4c956ea356eecb9
expected-tempo-governed-shadow-v1,2025-10-11|caulfield|10,2025-10-11,caulfield,10,V9,2,good,9,9,0.5813471928923759,1,probabilities_updated,held_by_policy,capped,updated,slow,0.2827654102567775,0.2820579256804635,0.1209835295112462,0.1139823619491442,0.3832091911296523,0.3777615802738588,0.2130418691023238,0.2261981320965332,-1.564443844897107,-0.1378477503292568,-0.1378477503292568,-0.0105389181168196,-0.1991185191495843,0.30088148085041566,0.0092395994448764,-0.0108947092069428,0.0401778726306099,bb3c93c9e016b46e4a4e9c990006d813b03a0799dff98709b01a74a815891c63
expected-tempo-governed-shadow-v1,2025-10-18|caulfield|1,2025-10-18,caulfield,1,V0,2,good,0,0,0.0,0,"no_completed_races,insufficient_state_reliability,probabilities_held",held_by_policy,held_insufficient_evidence,held_insufficient_evidence,fast,0.4258072535631594,0.4258072535631594,0.0973430716703808,0.0973430716703808,0.3384204217073761,0.3384204217073761,0.1384292530590836,0.1384292530590836,0.8719767926566812,-0.6044350141249326,-0.6044350141249326,-2.193274147948354,-0.093845352313132,-0.093845352313132,-0.2517465510722518,-0.0932654958468727,-0.0932654958468727,56927777639ed45ff48a1b4de68ff39f28e76ff52b72887cbee29f0ae59af3d3
expected-tempo-governed-shadow-v1,2025-10-18|caulfield|2,2025-10-18,caulfield,2,V1,2,good,1,1,0.1553624034969636,0,"insufficient_state_reliability,probabilities_held",held_by_policy,held_insufficient_evidence,held_insufficient_evidence,slow,0.3293512708209604,0.3293512708209604,0.0980103238636466,0.0980103238636466,0.4322741152018227,0.4322741152018227,0.1403642901135702,0.1403642901135702,-2.6819987595755657,-0.4958209948265083,-0.4958209948265083,1.283053850733669,-0.1855431829808823,-0.1855431829808823,-0.2910960119846336,-0.1022802644212175,-0.1022802644212175,d06eed87f3b41f707b95306520c0b550482818113c9e39bc609c215eeb6148e1
expected-tempo-governed-shadow-v1,2025-10-18|caulfield|3,2025-10-18,caulfield,3,V2,2,good,2,2,0.395273226699382,1,probabilities_updated,held_by_policy,updated,updated,slow,0.330129562002404,0.3172438390494336,0.0927486550000613,0.0812932362367327,0.4360842445767548,0.4844504827300898,0.1410375384207798,0.1170124419837436,-1.0815798569121668,-0.4958209948265083,-0.4958209948265083,-0.9990577414803656,-0.1855431829808823,0.2781041704678708,-1.0578855069685518,-0.1022802644212175,0.13555795735043258,7d32209519d9a260c6dda42aaf5284b4fae36127a0a673602eed6ee89ddf9caf
expected-tempo-governed-shadow-v1,2025-10-18|caulfield|4,2025-10-18,caulfield,4,V3,2,good,3,3,0.3296865842847032,1,probabilities_updated,held_by_policy,updated,below_minimum_change,fast,0.4164781171016457,0.3943250647146665,0.1368707871303916,0.1149617781277375,0.2833151662821199,0.3321712586560985,0.1633359294858427,0.1585418985014972,1.1305749873131488,-0.2634866572863431,-0.2634866572863431,0.1473025796558068,-0.1458937537746499,-0.3666946379218377,0.08431134493458,-0.1638459878084309,-0.1638459878084309,4c4eb7e2125560867a9cd259938060530076694356ab022b89eb5e1fc3b9956d
expected-tempo-governed-shadow-v1,2025-10-18|caulfield|5,2025-10-18,caulfield,5,V4,2,good,4,4,0.4353445534565031,1,probabilities_updated,held_by_policy,updated,updated,even,0.3919491954474872,0.363347541593273,0.1017198859826536,0.1025421664085351,0.3246770248892227,0.3380036651388149,0.1816538936806363,0.1961066268593767,-0.0562075632897154,-0.4452592052204724,-0.4452592052204724,-0.1107372888692908,-0.1920505063326234,0.00027439433382750456,-0.4856333468231478,0.1616986769707453,-0.022179937171821512,fc11280fb4705adeb361834ae9547a20789ae10936cca2b425d21318cf606342
expected-tempo-governed-shadow-v1,2025-10-18|caulfield|6,2025-10-18,caulfield,6,V5,2,good,5,5,0.491963741384091,1,probabilities_updated,held_by_policy,capped,updated,very_fast_or_collapse,0.3853654391987673,0.3747911790593788,0.1370407984567662,0.1426371858052118,0.3184818059549574,0.2818622389096302,0.1591119563895089,0.200709396225779,1.3856601112138764,-0.4419014922859545,-0.4419014922859545,0.8586864893158781,-0.4325031459263254,0.06749685407367462,-1.1099936052778017,-0.0426934540083431,-0.1900499955902313,c29c46614bbbe7849f26212c23a59a89523864c618dfb6307866f311076a9ed1
expected-tempo-governed-shadow-v1,2025-10-18|caulfield|7,2025-10-18,caulfield,7,V6,2,good,6,6,0.4910300547905382,1,probabilities_updated,held_by_policy,below_minimum_change,updated,slow,0.3587529176814285,0.3429838602683045,0.129057086745125,0.116649103666842,0.3904001527676703,0.4166986508735514,0.1217898428057761,0.123668385191302,-0.7638152114072733,-0.6653996655149914,-0.6653996655149914,0.5111929966559473,-0.0802421205193904,-0.0802421205193904,-0.003606902457101,-0.1981378762353323,-0.1362832461976804,02405d289a9ceb40dfc0f87a2eb54e65e68f52b5270ab0dc36d0ea109bf56df7
expected-tempo-governed-shadow-v1,2025-10-18|caulfield|8,2025-10-18,caulfield,8,V7,2,good,7,7,0.5702919703848935,1,probabilities_updated,held_by_policy,capped,below_minimum_change,slow,0.4441161220624581,0.4303734342934401,0.1002802069466566,0.1005473988189692,0.3273726969322971,0.3001752497046228,0.128230974058588,0.1689039171829676,-0.7200644594412231,-0.3693037860761984,-0.3693037860761984,-1.0801285588820912,-0.1645417671907071,0.3354582328092929,1.3062321046201717,-0.2052907878615527,-0.2052907878615527,1ea6cf7e60802054aa656b6585eb577a89b079bdd545dbfb4a45220aedb7e1c7
expected-tempo-governed-shadow-v1,2025-10-18|caulfield|9,2025-10-18,caulfield,9,V8,2,good,8,8,0.3434030167286669,1,probabilities_updated,held_by_policy,capped,capped,slow,0.2619326106909592,0.2280083159735338,0.1104464913920137,0.0934644841798217,0.4686292874035151,0.4980966098616358,0.1589916105135119,0.1804305899850085,-3.211708278366052,-0.5468329497271784,-0.5468329497271784,-1.1956881645266977,-0.2889370403473303,0.2110629596526697,-1.751448882508792,-0.2009275683744046,-0.7009275683744046,c047e384c665f0923284660d74a2fd0576ef27c1092729ae7e43133f9d421204
expected-tempo-governed-shadow-v1,2025-10-18|caulfield|10,2025-10-18,caulfield,10,V9,2,good,9,9,0.5898280800328292,1,"probabilities_updated,probability_cap_applied",held_by_policy,capped,updated,slow,0.4373443477229957,0.38951466596272205,0.0811098387836739,0.08812444045533534,0.378565812507136,0.36938089259574813,0.1029800009861943,0.1529800009861943,-0.6167640728547165,-0.5778822605310765,-0.5778822605310765,0.3254535832439489,-0.2893301257914973,0.2106698742085027,-1.315731974471953,-0.1738621972107983,-0.0561642670800763,9da3f08b6ea01c2ae20aa795350658485135cfb16da3149349515e37ad4c3240
expected-tempo-governed-shadow-v1,2025-10-25|the-valley|1,2025-10-25,the-valley,1,V0,2,good,0,0,0.0,0,"no_completed_races,insufficient_state_reliability,probabilities_held",held_by_policy,held_insufficient_evidence,held_insufficient_evidence,very_fast_or_collapse,0.3995690378005778,0.3995690378005778,0.1293821700837517,0.1293821700837517,0.3190348065589655,0.3190348065589655,0.1520139855567048,0.1520139855567048,4.0,-0.4452592052204724,-0.4452592052204724,-2.610931972167512,-0.1920505063326234,-0.1920505063326234,1.036412630415269,0.1616986769707453,0.1616986769707453,7c1fee8c22f859d740886d63ecb73caf3f3c29ad087982804367796327e035fb
expected-tempo-governed-shadow-v1,2025-10-25|the-valley|2,2025-10-25,the-valley,2,V1,2,good,1,1,0.2637669986665615,1,"probabilities_updated,probability_cap_applied",held_by_policy,capped,capped,fast,0.3573960200011297,0.4073960200011297,0.16836311562017,0.15079380221341257,0.3284601736319323,0.2906674104718045,0.1457806907467679,0.15114276731365306,0.8897537678201879,-0.2634866572863431,-0.2634866572863431,0.1580837717523253,-0.1458937537746499,-0.6458937537746499,-0.6899962941772091,-0.1638459878084309,0.3361540121915691,3662ff4c041e868a3541f0b3e0f40959681d4fd4f2500290381e101e183e80d7
expected-tempo-governed-shadow-v1,2025-10-25|the-valley|3,2025-10-25,the-valley,3,V2,2,good,2,2,0.4442124431663236,1,"probabilities_updated,probability_cap_applied",held_by_policy,below_minimum_change,capped,even,0.3636220706373142,0.4136220706373142,0.1483634982841733,0.13972804044017403,0.2903557698708631,0.25655344317319184,0.1976586612076493,0.19009644574931975,0.0430526016687205,-0.2634866572863431,-0.2634866572863431,-1.180358829084038,-0.1458937537746499,-0.1458937537746499,0.2170774858085609,-0.1638459878084309,0.3361540121915691,f9eb089a57a0e2be51a30c6bb7da694c883581d97ccf8774dc79075916400e9d
expected-tempo-governed-shadow-v1,2025-10-25|the-valley|4,2025-10-25,the-valley,4,V3,2,good,3,3,0.3747889759505116,1,"probabilities_updated,probability_cap_applied",held_by_policy,updated,below_minimum_change,slow,0.3020129818986691,0.295957396270506,0.0877504927048145,0.10211451721580998,0.5014000057106037,0.45140000571060374,0.1088365196859124,0.1505280808030801,-0.6580397653430268,-0.635334453832482,-0.635334453832482,-0.3854232911294817,-0.4126052375048022,-0.03574333944427621,0.3529312113540348,0.031689046116367,0.031689046116367,82b99045108486b5e100f5165dbc8218da5755945ca4228fbf710d1a3d2ed762
expected-tempo-governed-shadow-v1,2025-10-25|the-valley|5,2025-10-25,the-valley,5,V4,2,good,4,4,0.3246194935761002,1,probabilities_updated,held_by_policy,updated,updated,even,0.2318962871573405,0.2164749165859894,0.06592388148275,0.070606996049797,0.5930266162129809,0.5774253529735041,0.1091532151469285,0.1354927343907094,0.1535618191452862,-0.8728575215508326,-0.8728575215508326,0.7001043326212831,-0.2424473104718875,0.04708425145934508,0.5454577446202019,-0.1020089966341578,-0.027181267454036998,63d9f1166203a146307e7ca87ceb4fc21533193d7ad0c73674c3c01ff9c9cd45
expected-tempo-governed-shadow-v1,2025-10-25|the-valley|6,2025-10-25,the-valley,6,V5,2,good,5,5,0.4740910902056721,1,probabilities_updated,held_by_policy,capped,updated,slow,0.253747824233124,0.2598432634486718,0.0702103329060796,0.0812786603797263,0.5512290546932301,0.5135679875295349,0.1248127881675661,0.1453100886420668,-0.7536341585745449,-0.8728575215508326,-0.8728575215508326,1.0416186412170203,-0.2424473104718875,0.2575526895281125,0.7683329520994258,-0.1020089966341578,0.3752744798611512,e7c6aa5c400b9dcf8262bc94430557b2f768b1b12ba9f6f39b6c8cf0777bd74b
expected-tempo-governed-shadow-v1,2025-10-25|the-valley|7,2025-10-25,the-valley,7,V6,2,good,6,6,0.5324737674342221,1,"probabilities_updated,probability_cap_applied",held_by_policy,capped,updated,slow,0.3301437727384383,0.32267979384663625,0.0872726940366147,0.10049284610482714,0.4723542256040483,0.4223542256040483,0.1102293076208986,0.15447313444448815,-0.5373991416968139,-0.635334453832482,-0.635334453832482,1.0840030063016648,-0.4126052375048022,0.08739476249519779,0.8313490756339452,0.031689046116367,0.2167246917332383,f9618ad7deee56a4dae3fc990eec93cc2c8e2cf9a8a56db42eae8b7e2e6d937f
expected-tempo-governed-shadow-v1,2025-10-25|the-valley|8,2025-10-25,the-valley,8,V7,2,good,7,7,0.5378161968350154,1,probabilities_updated,held_by_policy,capped,updated,very_fast_or_collapse,0.4043533638776292,0.4267560608459219,0.1514643422976832,0.1311700895771088,0.3005385141303103,0.2632500440958856,0.1436437796943771,0.1788238054810835,1.3489815189531904,-0.2634866572863431,-0.2634866572863431,0.2423951166868979,-0.1458937537746499,0.35410624622535014,0.2403357878594734,-0.1638459878084309,0.2873838198248157,2c0e0a91ead35780c8eb17a9b22d78365b9215cf21e1877951dd8e574abff92d
expected-tempo-governed-shadow-v1,2025-10-25|the-valley|9,2025-10-25,the-valley,9,V8,2,good,8,8,0.5450531688132029,1,probabilities_updated,held_by_policy,capped,capped,slow,0.2268419129321879,0.2024482252094995,0.0682983175222438,0.0819252671711854,0.5962839299845885,0.560894747664377,0.1085758395609797,0.154731759954938,-0.8528587186376558,-0.8728575215508326,-0.8728575215508326,-2.236918721302132,-0.2424473104718875,0.2575526895281125,0.2873917149074194,-0.1020089966341578,0.3979910033658422,231961bfd388451bff32f9715e0e79b55dd54bf7f6de27d091804d43c2797657
expected-tempo-governed-shadow-v1,2025-10-25|the-valley|10,2025-10-25,the-valley,10,V9,2,good,9,9,0.6001124542620343,1,"probabilities_updated,probability_cap_applied",held_by_policy,capped,updated,even,0.2303218211223308,0.20304416252134777,0.0717452974324946,0.08464391494801325,0.5915870377597097,0.5559660788451739,0.1063458436854647,0.1563458436854647,-0.0165374266771829,-0.8728575215508326,-0.8728575215508326,1.6563443966893605,-0.2424473104718875,0.2575526895281125,0.2522008926738567,-0.1020089966341578,0.03597781645340481,67ad53f09e2ad27d46d2e3407e53cc244b991b58b3d405eeeac9beb957a41440
expected-tempo-governed-shadow-v1,2025-11-01|flemington|1,2025-11-01,flemington,1,V0,2,good,0,0,0.0,0,"no_completed_races,insufficient_state_reliability,probabilities_held",held_by_policy,held_insufficient_evidence,held_insufficient_evidence,very_fast_or_collapse,0.2974649827860427,0.2974649827860427,0.1005507652096542,0.1005507652096542,0.4940612776040075,0.4940612776040075,0.1079229744002955,0.1079229744002955,1.2983947119924495,-0.6808164635043783,-0.6808164635043783,1.864768570317641,-0.0514072364796089,-0.0514072364796089,-1.6830453385052773,-0.134216689460706,-0.134216689460706,7c6bcc555c63255de02fdd9b9cbc7d79ce71aaeed034f8b3395f8c75a277e3ec
expected-tempo-governed-shadow-v1,2025-11-01|flemington|2,2025-11-01,flemington,2,V1,2,good,1,1,0.2637669986665615,1,"probabilities_updated,probability_cap_applied",held_by_policy,updated,updated,even,0.3966884457747286,0.40616337317616363,0.0988167769629914,0.0984921347415989,0.3901246121907699,0.3401246121907699,0.11437016507151,0.15521987989146743,0.2248302531588617,-0.3693037860761984,-0.3693037860761984,0.6170872905849666,-0.1645417671907071,0.15012773650802427,0.1552784482248227,-0.2052907878615527,-0.0336839052951351,29b946779d7b724c2808ab394290478b00f06a4e8b1fc6e0ac6320b7a2b4eeb4
expected-tempo-governed-shadow-v1,2025-11-01|flemington|3,2025-11-01,flemington,3,V2,2,good,2,2,0.3641454332220667,1,"probabilities_updated,probability_cap_applied",held_by_policy,capped,updated,slow,0.3065894319406587,0.3565894319406587,0.1637263111715161,0.14567190477490136,0.3385750071106231,0.3016510453269505,0.1911092497772019,0.19608761795748916,-1.9030274999518368,-0.1378477503292568,-0.1378477503292568,-0.7187196617373546,-0.1991185191495843,0.30088148085041566,4.0,-0.0108947092069428,0.1972791849112644,3aa78488d2f38199998f237d4abe3c0850d1cb5162b2d05fe1bb24a8fbd7058b
expected-tempo-governed-shadow-v1,2025-11-01|flemington|4,2025-11-01,flemington,4,V3,2,good,3,3,0.3171905447597146,1,"probabilities_updated,probability_cap_applied",held_by_policy,capped,updated,even,0.2965041611920861,0.3172315138471517,0.0818052597189402,0.08245433731617142,0.5183260988919955,0.46832609889199556,0.103364480196978,0.1319880499446811,-0.1384798873269316,-0.6590181601801475,-0.6590181601801475,-0.3812127489769227,-0.26480848650196,0.23519151349804002,0.581366277165699,-0.2512099166015469,0.1118434067817427,b1881b2f0dc70c4852834fc70291c80561b2f03ced76e6f0e46ec9b8f46b36ee
expected-tempo-governed-shadow-v1,2025-11-01|flemington|5,2025-11-01,flemington,5,V4,2,good,4,4,0.5099973279671679,1,probabilities_updated,held_by_policy,capped,capped,fast,0.3779065871020378,0.352011400005088,0.0917463185470357,0.1061133527157936,0.4167379448753245,0.4124417884976535,0.1136091494756019,0.1294334587814646,0.5199199604298753,-0.5778822605310765,-0.5778822605310765,0.7892976972598373,-0.2893301257914973,0.2106698742085027,1.0966540405878291,-0.1738621972107983,0.3261378027892017,3e8b58d3bba437081a1c59be61a837e969e4b8a77a4408b666754b55c7c79c40
expected-tempo-governed-shadow-v1,2025-11-01|flemington|6,2025-11-01,flemington,6,V5,2,good,5,5,0.535083395462097,1,probabilities_updated,held_by_policy,capped,capped,very_fast_or_collapse,0.3185383037117202,0.3503227160652372,0.1655322681786326,0.1328766175466712,0.303966442402328,0.3488454852055677,0.2119629857073189,0.1679551811825237,1.2164922626274473,-0.0125622926902965,-0.0125622926902965,0.995150300867107,-0.0255410583085807,0.4744589416914193,0.7334268452561057,-0.0712326345738661,0.4287673654261339,84ed22e4062efb6eef4ada14fece87e7b1d3419d4124e42bd421edcd88b5b65e
expected-tempo-governed-shadow-v1,2025-11-01|flemington|7,2025-11-01,flemington,7,V6,2,good,6,6,0.2822818656990832,1,probabilities_updated,held_by_policy,capped,updated,slow,0.2732756871212369,0.2367833849362409,0.0870280272611464,0.0818937897642772,0.5024404225804208,0.5158248218176169,0.1372558630371958,0.1654980034818648,-3.7185842214900937,-0.5468329497271784,-0.5468329497271784,0.0524603924037354,-0.2889370403473303,0.2110629596526697,-0.5447809980387899,-0.2009275683744046,0.04913443722832242,2d66d52fd0f755b657988413f8d76345c4f3b36380f254531810c094fae055fc
expected-tempo-governed-shadow-v1,2025-11-01|flemington|8,2025-11-01,flemington,8,V7,2,good,7,7,0.5383082288667165,1,probabilities_updated,held_by_policy,capped,capped,even,0.2917961766784617,0.3024115127033009,0.1374537229400587,0.1250369959521832,0.4477641011299036,0.4069404899412712,0.122985999251576,0.1656110014032446,-0.1053891811682183,-0.6653996655149914,-0.6653996655149914,3.650185286579229,-0.0802421205193904,0.4197578794806096,1.0530964216356296,-0.1981378762353323,0.3018621237646677,a12133c61f897a33f767edd4d7ee3abe846f4877744c55975de3d96f8e381bbc
expected-tempo-governed-shadow-v1,2025-11-01|flemington|9,2025-11-01,flemington,9,V8,2,good,8,8,0.5284836510204921,1,"probabilities_updated,probability_cap_applied",held_by_policy,capped,capped,slow,0.372749480476046,0.3485627330334268,0.1188831692818866,0.1148447750913463,0.3678324245484933,0.3460575661816528,0.1405349256935739,0.1905349256935739,-0.8797705558390329,-0.3252619097722398,-0.3252619097722398,0.040878227847058,-0.2436063777468637,0.25639362225313633,2.5593690462331025,0.0667227200057794,0.5667227200057794,879b32322f4630d3d714357bc8874502adcc6d064c01a671ebd6d50832607b49
expected-tempo-governed-shadow-v1,2025-11-08|flemington|1,2025-11-08,flemington,1,V0,2,soft,0,0,0.0,0,"no_completed_races,insufficient_state_reliability,probabilities_held",held_by_policy,held_insufficient_evidence,held_insufficient_evidence,slow,0.4604990585854442,0.4604990585854442,0.1091868138962724,0.1091868138962724,0.3082060547130755,0.3082060547130755,0.1221080728052075,0.1221080728052075,-0.941476685102756,-0.2322655312169092,-0.2322655312169092,0.2921361251236237,-0.5425713006183562,-0.5425713006183562,-4.0,-0.2061640684803851,-0.2061640684803851,9510aac89f0bdbad6ce98d0df931415e2eca549bd7ef9cd2d4a75e5c1936c58c
expected-tempo-governed-shadow-v1,2025-11-08|flemington|2,2025-11-08,flemington,2,V1,2,soft,1,1,0.1553624034969636,0,"insufficient_state_reliability,probabilities_held",held_by_policy,held_insufficient_evidence,held_insufficient_evidence,very_fast_or_collapse,0.2303092372214141,0.2303092372214141,0.0710730788562839,0.0710730788562839,0.6151058389254782,0.6151058389254782,0.0835118449968236,0.0835118449968236,1.4110036577556233,-0.7363561899306722,-0.7363561899306722,-1.009161747003145,-0.3205422570471556,-0.3205422570471556,-2.498516845588039,-0.0638404319484853,-0.0638404319484853,91f9e80a6d58c76717560610081eef48b6155339f911359b83c449cfbbb90cfa
expected-tempo-governed-shadow-v1,2025-11-08|flemington|6,2025-11-08,flemington,6,V2,2,heavy,2,0,0.0,0,"condition_regime_reset,insufficient_state_reliability,probabilities_held",held_by_policy,held_insufficient_evidence,held_insufficient_evidence,slow,0.2731086655055633,0.2731086655055633,0.1016673196386221,0.1016673196386221,0.5102011547343991,0.5102011547343991,0.1150228601214153,0.1150228601214153,-1.1353927784522715,-0.4141422729191205,-0.4141422729191205,-3.004549746759396,-0.2411914696787404,-0.2411914696787404,-3.5009282277595,-0.0931597960977069,-0.0931597960977069,accf74f5e2fbef54e83cdc6efc61d2231990f171dc9ea0bd3688bb05172ed76b
expected-tempo-governed-shadow-v1,2025-11-08|flemington|7,2025-11-08,flemington,7,V3,2,heavy,3,1,0.2042705586529166,1,probabilities_updated,held_by_policy,capped,capped,very_fast_or_collapse,0.2737826143278505,0.2554733561380727,0.1037410987875858,0.0927711128658606,0.5107128638439102,0.5432389502797192,0.1117634230406532,0.1085165807163472,1.105635833181238,-0.4141422729191205,-0.4141422729191205,-2.0649794020898904,-0.2411914696787404,-0.7411914696787404,-4.0,-0.0931597960977069,-0.5931597960977069,23ccab96541ccaf21aa998d49e16cd6b128f934cd9684ffac481b139fcfff2b2
expected-tempo-governed-shadow-v1,2025-11-15|caulfield|1,2025-11-15,caulfield,1,V0,2,good,0,0,0.0,0,"no_completed_races,insufficient_state_reliability,probabilities_held",held_by_policy,held_insufficient_evidence,held_insufficient_evidence,even,0.3485030418988346,0.3485030418988346,0.1285596185979595,0.1285596185979595,0.3588731951823806,0.3588731951823806,0.1640641443208252,0.1640641443208252,0.0532492704849965,-0.4452592052204724,-0.4452592052204724,0.0416352320664599,-0.1920505063326234,-0.1920505063326234,-0.5745662025171017,0.1616986769707453,0.1616986769707453,21ba597e804072efc190b7f5890b10671d1cfc3500f9cc98bbce42a0eba31523
expected-tempo-governed-shadow-v1,2025-11-15|caulfield|2,2025-11-15,caulfield,2,V1,2,good,1,1,0.0541762383762179,0,"insufficient_state_reliability,probabilities_held",held_by_policy,held_insufficient_evidence,held_insufficient_evidence,slow,0.24006493238748,0.24006493238748,0.0816228649465073,0.0816228649465073,0.5775289522900338,0.5775289522900338,0.1007832503759788,0.1007832503759788,-3.3406260033452355,-1.217851584210598,-1.217851584210598,-1.3855870476081935,-0.2984938392416225,-0.2984938392416225,-0.9492616155063242,-0.2905007137942362,-0.2905007137942362,bcdbc85f4e4ebc11f5425c65c8b85fffe6a9292bfd09bd9996e7a3f6119f8000
expected-tempo-governed-shadow-v1,2025-11-15|caulfield|3,2025-11-15,caulfield,3,V2,2,good,2,2,0.2362570069109768,1,probabilities_updated,held_by_policy,updated,updated,slow,0.2552075575211024,0.2255409394192471,0.0835158075483507,0.0846150393157914,0.5468865670668397,0.5546724272953144,0.114390067863707,0.1351715939696469,-1.0134628780634942,-0.635334453832482,-0.635334453832482,-0.6744907594765892,-0.4126052375048022,-0.289795001750645,-0.7624678150605021,0.031689046116367,-0.42692511901416963,044658ebb27a3dcbf12024aa6961c7e2c4cbdda12b6a8b18ee840615a44a9c15
expected-tempo-governed-shadow-v1,2025-11-15|caulfield|4,2025-11-15,caulfield,4,V3,2,good,3,3,0.3673375396681572,1,probabilities_updated,held_by_policy,updated,updated,even,0.3582260327838736,0.3338074702667493,0.1264852841871609,0.1132485360362463,0.3304481695647698,0.367034680522211,0.1848405134641954,0.1859093131747932,-0.1774975682833112,-0.4452592052204724,-0.4452592052204724,0.6078743881702664,-0.1920505063326234,-0.0719649950826044,-0.474641645557608,0.1616986769707453,-0.3131227339632605,7f02608a6df3bf5baf3ce92d8c8a7d8e87e00752e98e4067323367a2a6916b1f
expected-tempo-governed-shadow-v1,2025-11-15|caulfield|5,2025-11-15,caulfield,5,V4,2,good,4,4,0.4411543973093249,1,"probabilities_updated,probability_cap_applied",held_by_policy,updated,updated,slow,0.2925259241517167,0.2738801137247261,0.0969334898529559,0.08352127208983656,0.4953207846150507,0.5453207846150507,0.1152198013802767,0.09727782957038643,-1.531390969629255,-0.6808164635043783,-0.6808164635043783,-0.4998458306835451,-0.0514072364796089,-0.2840007113950668,0.2340069981857557,-0.134216689460706,-0.2310207712792602,b159a1fdad5525e380cf63845a72b96137d6cf99e61a8afbda3d591aa1798442
expected-tempo-governed-shadow-v1,2025-11-15|caulfield|6,2025-11-15,caulfield,6,V5,2,good,5,5,0.5018134313396173,1,probabilities_updated,held_by_policy,updated,updated,even,0.3157897121548075,0.3333360113235455,0.122387938011545,0.107371201489556,0.3426059730189581,0.3628833730786932,0.2192163768146892,0.196409414108205,-0.3474649367000622,-0.1378477503292568,-0.1378477503292568,-1.1450657079486453,-0.1991185191495843,0.1805164542798743,0.9730358497367312,-0.0108947092069428,-0.2125967437049219,5ffd99edc5fededef20f9b5720d02d63ebcd55a7a4f637cba2cc7822fc413ce9
expected-tempo-governed-shadow-v1,2025-11-15|caulfield|7,2025-11-15,caulfield,7,V6,2,good,6,6,0.5505802699255319,1,"probabilities_updated,probability_cap_applied",held_by_policy,updated,updated,slow,0.3490229351095271,0.32236245657633467,0.090861017656556,0.08734948143645721,0.4007889755733612,0.4507889755733612,0.1593270716605556,0.1394990864138466,-4.0,-0.253535025942937,-0.253535025942937,-0.9334470332042112,-0.2600328644522876,-0.02319279163020549,1.1218570795376026,-0.1256720201137555,-0.2221245241821995,1747b9ce665f8081565122e5063a0bf581bca74051ce90be78c2c86b61cac90a
expected-tempo-governed-shadow-v1,2025-11-15|caulfield|8,2025-11-15,caulfield,8,V7,2,good,7,7,0.5786268177574184,1,"probabilities_updated,probability_cap_applied",held_by_policy,updated,updated,very_fast_or_collapse,0.3334187610883732,0.3288813309680923,0.1456688746586675,0.12240231125558595,0.3649104870184259,0.41491048701842587,0.1560018772345334,0.13380587075789585,1.2122604190592812,-0.2377675913714921,-0.2377675913714921,0.8569002101526558,0.0728552384881741,0.1618661665332724,-0.0667812633145107,-0.1826826563167772,0.0839714762603613,d6346e9cc37c0600c122dc43253319f024d855b66f003a3fd25c0b474fe44ac7
expected-tempo-governed-shadow-v1,2025-11-15|caulfield|9,2025-11-15,caulfield,9,V8,2,good,8,8,0.6013578653874029,1,"probabilities_updated,probability_cap_applied",held_by_policy,updated,updated,even,0.3010456327707135,0.29766844646500595,0.1284772124658742,0.11679107680394181,0.3255363534526629,0.3755363534526629,0.2449408013107492,0.21000412327838916,0.1839520253117993,-0.1378477503292568,-0.1378477503292568,-2.415618068823155,-0.1991185191495843,0.2015878016074736,0.6192046316506479,-0.0108947092069428,0.2544308848310411,97c0131428ce78dcd642ba138e3da07b1217e72e4f7d61f2deab6160a0f8b77d
expected-tempo-governed-shadow-v1,2025-11-15|caulfield|10,2025-11-15,caulfield,10,V9,2,good,9,9,0.6342282203015314,1,"probabilities_updated,probability_cap_applied",held_by_policy,updated,below_minimum_change,slow,0.3706942259151844,0.33693854208642154,0.1626704833509025,0.14524668143448805,0.3360316325744611,0.3860316325744611,0.1306036581594517,0.13178314390462906,-0.7747528993987975,-0.6044350141249326,-0.6044350141249326,-1.2302032720013365,-0.093845352313132,0.174808035537537,1.1352814763467485,-0.0932654958468727,-0.0932654958468727,2118e2d84a69987d7c41ab7ceba75885d62b56e9daf7c65bcff8214a582af830
expected-tempo-governed-shadow-v1,2025-11-29|caulfield|1,2025-11-29,caulfield,1,V0,2,soft,0,0,0.0,0,"no_completed_races,insufficient_state_reliability,probabilities_held",held_by_policy,held_insufficient_evidence,held_insufficient_evidence,slow,0.2109898649705869,0.2109898649705869,0.0809402524390065,0.0809402524390065,0.6094653344917612,0.6094653344917612,0.0986045480986451,0.0986045480986451,-3.2453656832296645,-0.9979410685834832,-0.9979410685834832,0.3513355590915798,-0.3457140658708113,-0.3457140658708113,-0.2339507256926669,-0.0660070516977636,-0.0660070516977636,7e61674a0f864ca7d1c4ea2152976e6b7fa5831799237f18473c95229437febd
expected-tempo-governed-shadow-v1,2025-11-29|caulfield|2,2025-11-29,caulfield,2,V1,2,soft,1,1,0.0462438074282714,0,"insufficient_state_reliability,probabilities_held",held_by_policy,held_insufficient_evidence,held_insufficient_evidence,very_fast_or_collapse,0.423298340004628,0.423298340004628,0.1134001390092333,0.1134001390092333,0.3122389431567266,0.3122389431567266,0.1510625778294117,0.1510625778294117,1.3372716099345043,-0.2322655312169092,-0.2322655312169092,0.0749434177196342,-0.5425713006183562,-0.5425713006183562,-0.0941073641078144,-0.2061640684803851,-0.2061640684803851,927690718af4c28878fea11cf2d84254df2156d9f4759e7838232e23f941565a
expected-tempo-governed-shadow-v1,2025-11-29|caulfield|3,2025-11-29,caulfield,3,V2,2,soft,2,2,0.2220550131910281,1,probabilities_updated,held_by_policy,updated,below_minimum_change,slow,0.2323660633450801,0.2052443530596183,0.0888029478371542,0.0782015729437607,0.5576732777539092,0.6051172807791786,0.1211577110638564,0.1114367932174422,-1.3155757384271287,-0.5791074316197715,-0.5791074316197715,0.4061449734482772,-0.2271195337762493,-0.3545977372968125,-0.2360717658168087,-0.012293687205988,-0.012293687205988,ed5610450207ed7c93dbcf9ce803426dcf0f65656623546678241ca55bd9d692
expected-tempo-governed-shadow-v1,2025-11-29|caulfield|4,2025-11-29,caulfield,4,V3,2,soft,3,3,0.346575401799027,1,probabilities_updated,held_by_policy,updated,updated,very_fast_or_collapse,0.277714311184207,0.2922131091349572,0.1528340969940584,0.1178107611943129,0.394442867809595,0.4411980546073436,0.1750087240121394,0.148778075063386,2.174175935860541,-0.1778422521542179,-0.1778422521542179,-1.659148802508114,0.0581814269181412,-0.2691713325088024,-0.2849142001237321,0.0356940437563243,0.3609532460182993,1e5f37d0411e539630c8998ce9d1a1bd95fe9615a25a5c90ecfb5aa19aa45a36
expected-tempo-governed-shadow-v1,2025-11-29|caulfield|5,2025-11-29,caulfield,5,V4,2,soft,4,4,0.3926623953847657,1,probabilities_updated,held_by_policy,updated,updated,even,0.187353927307974,0.158259399494856,0.0651375556279418,0.0667881367216462,0.6599271924371544,0.6942593561059937,0.0875813246269297,0.0806931076775039,-0.1805455063245374,-1.0943870527423565,-1.0943870527423565,0.2103916130477437,-0.320967620578172,-0.3811320390511,-3.324275885991778,-0.2847086415700651,-0.102428443062108,efe21746dd7b3eb456babea0fb71763dafb267febd5b353efb3ae59d2c1f2904
expected-tempo-governed-shadow-v1,2025-11-29|caulfield|6,2025-11-29,caulfield,6,V5,2,soft,5,5,0.4617440250338306,1,"probabilities_updated,probability_cap_applied",held_by_policy,capped,below_minimum_change,slow,0.3739844532685638,0.3239844532685638,0.0837455292564609,0.08490055433832948,0.3953179012065735,0.43255575231690097,0.1469521162684017,0.15855924007620553,-1.2550226071853152,-0.1655867299002482,-0.1655867299002482,1.65170571808836,-0.029238484483528,-0.529238484483528,0.5031915189746023,0.0313361952854158,0.0313361952854158,d02638b1bef30d8c32a95146d3f5666eeaf819f5834202033412d426512e58ec
expected-tempo-governed-shadow-v1,2025-11-29|caulfield|7,2025-11-29,caulfield,7,V6,2,soft,6,6,0.5270971588289024,1,probabilities_updated,held_by_policy,below_minimum_change,updated,slow,0.245984910921023,0.2703682436208271,0.0859475001473314,0.083221497851768,0.5449406880247952,0.5217459700770883,0.1231269009068503,0.1246642884503164,-1.4741894444363697,-0.4141422729191205,-0.4141422729191205,1.465022939938425,-0.2411914696787404,-0.2411914696787404,0.7363190790952827,-0.0931597960977069,-0.4775058312007043,7d15ddb14cba662fe20f04e945599ebedbabe2fe99b7f1aba51a928ccc4d483e
expected-tempo-governed-shadow-v1,2025-11-29|caulfield|8,2025-11-29,caulfield,8,V7,2,soft,7,7,0.4319463987068342,1,probabilities_updated,held_by_policy,updated,updated,slow,0.2375946575899455,0.209381271235589,0.0795933812246772,0.0708859423754923,0.5644402896029503,0.5924926468394298,0.1183716715824268,0.1272401395494887,-3.2395156549594035,-0.4141422729191205,-0.4141422729191205,0.8132483952817294,-0.2411914696787404,0.07075150814109543,-0.6420388455772491,-0.0931597960977069,-0.5450038639766143,bd0dc337d5b3fb8666cdb33bff12efed94e03ec363f68870d35b6991ed03575f
expected-tempo-governed-shadow-v1,2025-11-29|caulfield|9,2025-11-29,caulfield,9,V8,2,soft,8,8,0.471800198221263,1,"probabilities_updated,probability_cap_applied",held_by_policy,capped,updated,even,0.3949383472920102,0.3685956657477991,0.1390228821726609,0.13584483637696476,0.308535434351015,0.28805616169092224,0.1575033361843136,0.2075033361843136,-0.4536398028338211,-0.2322655312169092,-0.2322655312169092,0.5423740127750014,-0.5425713006183562,-0.042571300618356234,0.7077169052636177,-0.2061640684803851,-0.2612986409552782,c24e2696278e27450049ec7b0bb9c4b977eae4422258ca64954699e065b51acb
expected-tempo-governed-shadow-v1,2025-11-29|caulfield|10,2025-11-29,caulfield,10,V9,2,soft,9,9,0.559506580656518,1,"probabilities_updated,probability_cap_applied",held_by_policy,updated,updated,slow,0.3374961808866638,0.2969949103658188,0.0822347505864226,0.07549577711900499,0.4058287832268498,0.4558287832268498,0.1744402853000637,0.1716805292883262,-1.2483112563447487,-0.1655867299002482,-0.1655867299002482,1.8216561456730185,-0.029238484483528,0.3975606316022394,1.0277954430119571,0.0313361952854158,0.0825183926803426,566bb846c998aca829e901b6a9eca0baf4d3b7410305289b6e7db27ec22e15c1
expected-tempo-governed-shadow-v1,2025-12-20|caulfield-heath|1,2025-12-20,caulfield-heath,1,V0,2,good,0,0,0.0,0,"no_completed_races,insufficient_state_reliability,probabilities_held",held_by_policy,held_insufficient_evidence,held_insufficient_evidence,slow,0.2845940022620586,0.2845940022620586,0.0792741374293568,0.0792741374293568,0.5498316568583601,0.5498316568583601,0.0863002034502243,0.0863002034502243,-0.6946798938928568,-0.8776139211096129,-0.8776139211096129,-0.2697963037906458,-0.0432865398220241,-0.0432865398220241,-1.632865287973403,-0.127044061924436,-0.127044061924436,3976b614ecc7efcf2d08be5bfbc7fe76a373029a778128e13285cb93d231204d
expected-tempo-governed-shadow-v1,2025-12-20|caulfield-heath|2,2025-12-20,caulfield-heath,2,V1,2,good,1,1,0.3333333333333333,1,probabilities_updated,held_by_policy,capped,updated,slow,0.3165884514622865,0.3036959973009906,0.0926549059415355,0.0832454293536851,0.4949851836845652,0.5260751094732115,0.0957714589116126,0.0869834638721126,-0.8504401513516467,-0.8776139211096129,-0.8776139211096129,-3.0711812581500686,-0.0432865398220241,-0.5432865398220241,0.2422617126601121,-0.127044061924436,-0.4136677844091816,a237fcc258a6945d7d1696cae60a5afffbad7fd1538aa0262ab4bffb02e40d20
expected-tempo-governed-shadow-v1,2025-12-20|caulfield-heath|3,2025-12-20,caulfield-heath,3,V2,2,good,2,2,0.3966869491876508,1,probabilities_updated,held_by_policy,updated,capped,even,0.3242577397130212,0.2845728578919897,0.0856601669106684,0.0992102782395999,0.5000364424571417,0.5127609115267564,0.0900456509191685,0.1034559523416538,-0.4126384106365335,-0.635334453832482,-0.635334453832482,-1.2551393263303627,-0.4126052375048022,-0.851932758643012,0.4189176545678365,0.031689046116367,-0.468310953883633,e2de723b1f7f1a7db7b7723fbd6c0ed8a8ff54a2234b8c2ff8e5e44345b2f314
expected-tempo-governed-shadow-v1,2025-12-20|caulfield-heath|4,2025-12-20,caulfield-heath,4,V3,2,good,3,3,0.4703755629839853,1,"probabilities_updated,probability_cap_applied",held_by_policy,capped,below_minimum_change,even,0.4289647207306977,0.4001092344645984,0.1232691435878693,0.11161225681706394,0.3470723852501369,0.3970723852501369,0.1006937504312959,0.09120612346820049,-0.1924308221681674,-0.6044350141249326,-0.6044350141249326,-0.9815859587392344,-0.093845352313132,-0.593845352313132,0.0379903897823482,-0.0932654958468727,-0.0932654958468727,e03386ac47a7d718197ae61c45c3b7415129d07bfa940506d4a6ca73d5474b15
expected-tempo-governed-shadow-v1,2025-12-20|caulfield-heath|5,2025-12-20,caulfield-heath,5,V4,2,good,4,4,0.389341393372822,1,"probabilities_updated,probability_cap_applied",held_by_policy,updated,updated,even,0.4359615878585464,0.3859615878585464,0.1180102127528653,0.11326245434556304,0.3268245939433716,0.3664638098451452,0.1192036054452165,0.13431214795074503,0.0862720738865408,-0.4452592052204724,-0.4452592052204724,-1.2990192404734435,-0.1920505063326234,-0.4223485826464018,-1.554758360827415,0.1616986769707453,-0.2368211632571769,dec6e49fad982ac5d5670c93b16115663336f180fbcbdc14325506218775ccc2
expected-tempo-governed-shadow-v1,2025-12-20|caulfield-heath|6,2025-12-20,caulfield-heath,6,V5,2,good,5,5,0.5127590066591111,1,"probabilities_updated,probability_cap_applied",held_by_policy,capped,updated,very_fast_or_collapse,0.3867615994156556,0.3733738911136974,0.1618069274581332,0.14054255546505343,0.298187682359717,0.348187682359717,0.1532437907664942,0.137895871061532,0.9655108201622272,-0.2634866572863431,-0.2634866572863431,0.3442922981208887,-0.1458937537746499,-0.6458937537746499,-1.0877454917598544,-0.1638459878084309,-0.3585073940042621,da018635213419ee63b78e6602ebc69d472270c380d10df41f51de7df59a8eda
expected-tempo-governed-shadow-v1,2025-12-20|caulfield-heath|7,2025-12-20,caulfield-heath,7,V6,2,good,6,6,0.5624968422771986,1,probabilities_updated,held_by_policy,updated,capped,fast,0.3946008272027894,0.3736267175435716,0.1472462927761405,0.1449641197684121,0.3328445798697176,0.3304972667081434,0.1253083001513523,0.1509118959798728,0.8705636546732799,-0.4452592052204724,-0.4452592052204724,-1.1741135442740722,-0.1920505063326234,-0.5546612426224589,-0.4344177772900161,0.1616986769707453,-0.3383013230292547,09df5f46798fbe44b19c04e35107e608c7fff53e9b81020d73fac924ba5f1772
expected-tempo-governed-shadow-v1,2025-12-20|caulfield-heath|8,2025-12-20,caulfield-heath,8,V7,2,good,7,7,0.6116642581996226,1,probabilities_updated,held_by_policy,updated,updated,fast,0.4119076650965526,0.4243601987250468,0.1415038220722623,0.1346835905029136,0.2973593099468611,0.285134884420088,0.1492292028843238,0.1558213263519513,0.8497128762409539,-0.2634866572863431,-0.2634866572863431,0.2315416039994303,-0.1458937537746499,-0.6119075737114043,-0.0132831878233907,-0.1638459878084309,-0.5384768440034031,61341cafe58663ff4e75a2e618785f57232de214e4b75bd8c0954ddea9b75b8a
expected-tempo-governed-shadow-v1,2025-12-20|caulfield-heath|9,2025-12-20,caulfield-heath,9,V8,2,good,8,8,0.5953188126431624,1,"probabilities_updated,probability_cap_applied",held_by_policy,updated,capped,very_fast_or_collapse,0.3901271615320829,0.38180073326578,0.186308331277504,0.17302696276056262,0.3027654416335396,0.27437323841678396,0.1207990655568733,0.1707990655568733,1.2365663923737569,-0.4452592052204724,-0.4452592052204724,0.7538426135326675,-0.1920505063326234,-0.2700714773029845,-0.26230196201867,0.1616986769707453,-0.3383013230292547,72e81975040d63b2a8df8b007453a30c2debed36b48bfa5843372ff492462779
expected-tempo-governed-shadow-v1,2025-12-20|caulfield-heath|10,2025-12-20,caulfield-heath,10,V9,2,good,9,9,0.6521502822544935,1,"probabilities_updated,probability_cap_applied",held_by_policy,updated,below_minimum_change,fast,0.3505402379260147,0.4005402379260147,0.1763896873132088,0.15878357380326819,0.3149070772465097,0.2782278734881792,0.1581629975142666,0.16244831478253774,0.8447853041591981,-0.2634866572863431,-0.2634866572863431,0.2879169510601562,-0.1458937537746499,-0.2516667397718001,0.565273437373158,-0.1638459878084309,-0.1638459878084309,3cb60cd3768265b1a150e358f044af4bea2f5aed9804ceda3c9c0f321ea88c61
expected-tempo-governed-shadow-v1,2026-01-03|randwick|1,2026-01-03,randwick,1,V0,2,soft,0,0,0.0,0,"no_completed_races,insufficient_state_reliability,probabilities_held",held_by_policy,held_insufficient_evidence,held_insufficient_evidence,even,0.2623117367537865,0.2623117367537865,0.0985532039262029,0.0985532039262029,0.4146487149685881,0.4146487149685881,0.2244863443514223,0.2244863443514223,0.3006865212572472,-0.3956358335273202,-0.3956358335273202,1.1627282008144515,-0.2822353494676066,-0.2822353494676066,-0.2707427174657271,-0.0561779561637515,-0.0561779561637515,418ff23c136bdffd0194c5f68b1e66c733528d0a9bb5d1ee52d02254ca6e9de6
expected-tempo-governed-shadow-v1,2026-01-03|randwick|7,2026-01-03,randwick,7,V1,2,good,1,0,0.0,0,"condition_regime_reset,insufficient_state_reliability,probabilities_held",held_by_policy,held_insufficient_evidence,held_insufficient_evidence,even,0.3509821572425226,0.3509821572425226,0.0555511616135903,0.0555511616135903,0.3570716352224321,0.3570716352224321,0.236395045921455,0.236395045921455,-0.0791685087370913,0.1104736434623439,0.1104736434623439,0.951622914427699,-0.161681142564169,-0.161681142564169,-1.145007504491808,0.0028292668157483,0.0028292668157483,dc40970a7566b826e650974525f36e669ebd72faf6678973146e88328337be25
expected-tempo-governed-shadow-v1,2026-01-03|randwick|10,2026-01-03,randwick,10,V2,2,good,2,1,0.0842094515192147,0,"insufficient_state_reliability,probabilities_held",held_by_policy,held_insufficient_evidence,held_insufficient_evidence,even,0.2861209322834455,0.2861209322834455,0.0947216158881024,0.0947216158881024,0.4897986668890494,0.4897986668890494,0.1293587849394026,0.1293587849394026,-0.11173330625143,-0.3276345121754156,-0.3276345121754156,-1.7785639555580088,-0.3739463722952989,-0.3739463722952989,-1.1627355550834608,-0.3018682183550009,-0.3018682183550009,15d1be51fe0bb1e50d5f3b6fe382dc325cb89eab343732dabb7a3d3a35776744
expected-tempo-governed-shadow-v1,2026-01-10|flemington|1,2026-01-10,flemington,1,V0,2,good,0,0,0.0,0,"no_completed_races,insufficient_state_reliability,probabilities_held",held_by_policy,held_insufficient_evidence,held_insufficient_evidence,very_fast_or_collapse,0.2484447867927479,0.2484447867927479,0.0964334907258742,0.0964334907258742,0.5666541262989694,0.5666541262989694,0.0884675961824083,0.0884675961824083,1.275209092135438,-0.635334453832482,-0.635334453832482,-1.2890267847774832,-0.4126052375048022,-0.4126052375048022,-2.798508244287989,0.031689046116367,0.031689046116367,3d92cffc60a5f82ddab7be8091503f5b7dbf86298fe7c11723aec14272d99bac
expected-tempo-governed-shadow-v1,2026-01-10|flemington|2,2026-01-10,flemington,2,V1,2,good,1,1,0.2042705586529166,1,probabilities_updated,held_by_policy,capped,capped,slow,0.1854851204985176,0.2041996941483689,0.0737332037433584,0.0772829710336453,0.6358268025122025,0.5962516425653245,0.1049548732459214,0.1222656922526611,-0.7141666865046319,-0.8728575215508326,-0.8728575215508326,1.69644645565326,-0.2424473104718875,-0.7424473104718875,-0.8639544559587847,-0.1020089966341578,-0.6020089966341577,839e1feaf2afc5cf2fe7da0638cef2e6c507d3b16d8363f5f7bac0d94ffe6474
expected-tempo-governed-shadow-v1,2026-01-10|flemington|3,2026-01-10,flemington,3,V2,2,good,2,2,0.2266457946797842,1,probabilities_updated,held_by_policy,updated,capped,slow,0.356322209398554,0.3680817282657553,0.1571795937986453,0.1300317087796557,0.3129881542245673,0.3017935570491357,0.1735100425782332,0.200093005905453,-0.9266368377856018,-0.4452592052204724,-0.4452592052204724,-2.321503079128754,-0.1920505063326234,-0.2588192887153648,-0.3431619653477402,0.1616986769707453,-0.3383013230292547,4de0cee1cd6c2ed1594bbd4a37b7c988cef37e5374af99bbc87c4dad7b528215
expected-tempo-governed-shadow-v1,2026-01-10|flemington|4,2026-01-10,flemington,4,V3,2,good,3,3,0.4134566102079011,1,probabilities_updated,held_by_policy,updated,capped,slow,0.1999798467517365,0.2228723056149566,0.0786691552363921,0.0777144468156,0.6196720953138879,0.5886221789052182,0.1016789026979833,0.110791068664225,-1.3167893292110848,-0.8776139211096129,-0.8776139211096129,-0.2009121411206892,-0.0432865398220241,-0.2763746136284456,-0.3372453797382915,-0.127044061924436,-0.627044061924436,0d458e3fa11fb93120bb6c272e91dc8c3cf9f78236cba226972762571f9ce667
expected-tempo-governed-shadow-v1,2026-01-10|flemington|5,2026-01-10,flemington,5,V4,2,good,4,4,0.5025476363425487,1,"probabilities_updated,probability_cap_applied",held_by_policy,updated,capped,very_fast_or_collapse,0.2821535139962603,0.29693968836950446,0.1001589069744193,0.11118019246780556,0.5124618387547775,0.4624618387547775,0.1052257402745428,0.12941828040791234,0.9643110076891952,-0.635334453832482,-0.635334453832482,-4.0,-0.4126052375048022,-0.2226322382840503,-1.2065424765792496,0.031689046116367,-0.468310953883633,bc9012cc6722cd34f78134ddc47976b8deed36c31cdd328f89053294b0b0c4ce
expected-tempo-governed-shadow-v1,2026-01-10|flemington|6,2026-01-10,flemington,6,V5,2,good,5,5,0.4232584215014105,1,"probabilities_updated,probability_cap_applied",held_by_policy,capped,capped,slow,0.3377793787973139,0.2906352212592565,0.1300759052436083,0.12231295506194048,0.3745547595742776,0.4245547595742776,0.1575899563848,0.16249706410452516,-1.854849588560638,-0.4452592052204724,-0.4452592052204724,-0.22744455842815,-0.1920505063326234,-0.6920505063326234,-0.2736505367019305,0.1616986769707453,-0.3383013230292547,11b81894c520ff73878c140cd0c88e83cd81579340b585c186684615a6247aff
expected-tempo-governed-shadow-v1,2026-01-10|flemington|7,2026-01-10,flemington,7,V6,2,good,6,6,0.566423350072745,1,"probabilities_updated,probability_cap_applied",held_by_policy,updated,capped,very_fast_or_collapse,0.2679339016134743,0.3021181190543797,0.1419122665348312,0.1426528715780124,0.4811224432338604,0.4311224432338604,0.1090313886178339,0.12410656613374729,2.329100903817612,-0.635334453832482,-0.635334453832482,-0.3597284050541798,-0.4126052375048022,-0.8317197714190848,-2.656069201914048,0.031689046116367,-0.468310953883633,e661e61b9276abbc508215006b799465722b1486b2bde6ddc8d703b1956b5cae
expected-tempo-governed-shadow-v1,2026-01-10|flemington|8,2026-01-10,flemington,8,V7,2,good,7,7,0.5431752070887854,1,probabilities_updated,held_by_policy,capped,capped,even,0.26760921137212,0.2751376964912795,0.1837756438477814,0.1581498015903333,0.3216577285636744,0.3706365852452965,0.2269574162164239,0.1960759166730903,-0.4934863718304794,-0.1378477503292568,-0.1378477503292568,-1.7277062769480802,-0.1991185191495843,-0.6991185191495843,-0.3942414258797723,-0.0108947092069428,-0.5108947092069428,7def7505ed8a27a70ac8a964e9eb4fdd2e1c44546b858f7ba869da5294195c70
expected-tempo-governed-shadow-v1,2026-01-10|flemington|9,2026-01-10,flemington,9,V8,2,good,8,8,0.5989018786355316,1,probabilities_updated,held_by_policy,updated,capped,slow,0.3142930274828522,0.352350446029671,0.169715803097092,0.1424211211570532,0.3330757160653974,0.3380677183710676,0.1829154533546582,0.1671607144422079,-1.2253426951083055,-0.2634866572863431,-0.2634866572863431,-1.508887527884371,-0.1458937537746499,-0.6447537361730593,-1.307980410661696,-0.1638459878084309,-0.6638459878084308,fac17fb611c8b331c4a63773148512a0193df953db3ab804351d98a758ddf83c
expected-tempo-governed-shadow-v1,2026-01-10|flemington|10,2026-01-10,flemington,10,V9,2,good,9,9,0.6117811400530677,1,probabilities_updated,held_by_policy,capped,capped,very_fast_or_collapse,0.3562239466170826,0.3429322325713021,0.1314901206772979,0.1196565226956093,0.3666407732973986,0.3772588280670244,0.1456451594082207,0.1601524166660641,1.0114870658177426,-0.6044350141249326,-0.6044350141249326,0.7795993429815726,-0.093845352313132,-0.593845352313132,-1.5702021120842728,-0.0932654958468727,-0.5932654958468727,b9d0342f536a8153d240f85cea208e689269c88344ec1d5bd9775d2b2b9800d7
expected-tempo-governed-shadow-v1,2026-01-17|flemington|1,2026-01-17,flemington,1,V0,2,good,0,0,0.0,0,"no_completed_races,insufficient_state_reliability,probabilities_held",held_by_policy,held_insufficient_evidence,held_insufficient_evidence,slow,0.3606741633463226,0.3606741633463226,0.1617281781129233,0.1617281781129233,0.3541297413232802,0.3541297413232802,0.1234679172174736,0.1234679172174736,-1.4682551789364386,-0.4452592052204724,-0.4452592052204724,-1.6816070989690397,-0.1920505063326234,-0.1920505063326234,-0.227705320334807,0.1616986769707453,0.1616986769707453,b118e2a952d494e5520605c835b9b79042591e19ea7aabcb7219a13d7600766b
expected-tempo-governed-shadow-v1,2026-01-17|flemington|3,2026-01-17,flemington,3,V1,2,good,1,1,0.0731137876511878,0,"insufficient_state_reliability,probabilities_held",held_by_policy,held_insufficient_evidence,held_insufficient_evidence,slow,0.1949748685384616,0.1949748685384616,0.0750741320490615,0.0750741320490615,0.6218817104793672,0.6218817104793672,0.1080692889331095,0.1080692889331095,-1.4830790883446712,-0.8728575215508326,-0.8728575215508326,0.937279367064878,-0.2424473104718875,-0.2424473104718875,1.0649854096998927,-0.1020089966341578,-0.1020089966341578,fb213ccce3fef0f55e92168dbf1a9fdc3ff6693556b85c70087ef8a618a21b6d
expected-tempo-governed-shadow-v1,2026-01-17|flemington|4,2026-01-17,flemington,4,V2,2,good,2,2,0.310448686724844,1,"probabilities_updated,probability_cap_applied",held_by_policy,updated,capped,slow,0.2687568868910879,0.25044333373851985,0.1016320731954616,0.08654654839151726,0.5208199688874142,0.5708199688874143,0.1087910710260362,0.09219014898254857,-0.7580534624476907,-0.8776139211096129,-0.8776139211096129,0.2259216621547785,-0.0432865398220241,0.0295904100889548,-1.6040128508945932,-0.127044061924436,0.372955938075564,c314dda5db6038a844b86a5739e80c60cf17343df5b3c249fcc3e700d2ceb310
expected-tempo-governed-shadow-v1,2026-01-17|flemington|5,2026-01-17,flemington,5,V3,2,good,3,3,0.3313413872456247,1,"probabilities_updated,probability_cap_applied",held_by_policy,updated,updated,even,0.3322793985797696,0.30072622822262857,0.1511220596632253,0.13438094479719515,0.3866929161502324,0.43669291615023237,0.1299056256067726,0.12819991082994392,-0.438418993659785,-0.4452592052204724,-0.4452592052204724,1.292773955663485,-0.1920505063326234,-0.3304770978020331,1.1004849233565548,0.1616986769707453,-0.1343802746046998,00db357c570106bc5c10cc098e0ed6ea8f72139aa98be7293f0e0bff356d4404
expected-tempo-governed-shadow-v1,2026-01-17|flemington|6,2026-01-17,flemington,6,V4,2,good,4,4,0.4398324896415099,1,probabilities_updated,held_by_policy,capped,updated,very_fast_or_collapse,0.2814099342252978,0.2725395916138219,0.084747031454488,0.0898890235938087,0.4984904746276217,0.5000468391854169,0.1353525596925922,0.1375245456069521,2.805594542078161,-0.635334453832482,-0.635334453832482,0.1173027407785355,-0.4126052375048022,0.08739476249519779,0.2161351604952616,0.031689046116367,-0.04976473981914581,da043ae4e9133ed90f29f52be36a57384eda83dffc984fbf15497776ac02433f
expected-tempo-governed-shadow-v1,2026-01-17|flemington|7,2026-01-17,flemington,7,V5,2,good,5,5,0.4900625334469713,1,probabilities_updated,held_by_policy,updated,capped,fast,0.3364043535544609,0.3450307522018036,0.1823168299785075,0.1576131408018798,0.3380378716657187,0.3638970103248641,0.1432409448013128,0.1334590966714523,0.6487958734013014,-0.2634866572863431,-0.2634866572863431,1.2161272784502155,-0.1458937537746499,0.14819114790163176,1.1626090722557154,-0.1638459878084309,0.3361540121915691,2868e1408c6056bf884cb49d5a92b9814cbef95b40d810d7945104d538482972
expected-tempo-governed-shadow-v1,2026-01-17|flemington|8,2026-01-17,flemington,8,V6,2,good,6,6,0.4759682619666882,1,probabilities_updated,held_by_policy,capped,updated,even,0.1894623603405265,0.1919092603019463,0.0647428789620535,0.071222201718379,0.6381707697878819,0.6127233740944427,0.1076239909095379,0.1241451638852318,0.2141558197744662,-0.8728575215508326,-0.8728575215508326,2.0234722784297983,-0.2424473104718875,0.2575526895281125,1.245710206497446,-0.1020089966341578,0.2830569054307801,3dfbc79b0da4fd343731abd70239ae1263bab886f4899a6400d09239487f7fc0
expected-tempo-governed-shadow-v1,2026-01-17|flemington|9,2026-01-17,flemington,9,V7,2,good,7,7,0.5417937595904236,1,probabilities_updated,held_by_policy,capped,capped,slow,0.3521944918435414,0.3604741957480821,0.1389165514769487,0.1297209719338019,0.4177170643118237,0.380819245553038,0.091171892367686,0.1289855867650778,-2.830705954259422,-0.6044350141249326,-0.6044350141249326,0.2350498101206296,-0.093845352313132,0.406154647686868,2.377579927155004,-0.0932654958468727,0.4067345041531273,60d417831bd5286ed1ecbfa7daf36cab2d379607abb740b6d9fa7b21862643a4
expected-tempo-governed-shadow-v1,2026-01-17|flemington|10,2026-01-17,flemington,10,V8,2,good,8,8,0.5980130597298258,1,probabilities_updated,held_by_policy,capped,capped,slow,0.3476765557417121,0.3355856445731957,0.1221210746802384,0.1112176114327789,0.4459659639465185,0.4369798161806681,0.0842364056315308,0.1162169278133569,-2.138091623177428,-0.6044350141249326,-0.6044350141249326,0.6006828480860522,-0.093845352313132,0.406154647686868,1.7305684208422671,-0.0932654958468727,0.4067345041531273,8478656bed6d16797db6f34c52d712abeb02a235fbe32873343dd442da5b394f
expected-tempo-governed-shadow-v1,2026-01-17|rosehill|3,2026-01-17,rosehill,3,V0,2,heavy,0,0,0.0,0,"no_completed_races,insufficient_state_reliability,probabilities_held",held_by_policy,held_insufficient_evidence,held_insufficient_evidence,slow,0.2277214634835734,0.2277214634835734,0.0949106478189708,0.0949106478189708,0.5808254801938924,0.5808254801938924,0.0965424085035633,0.0965424085035633,-1.0369245908135991,-0.4539906945378289,-0.4539906945378289,0.1997620716219922,-0.0175877795457897,-0.0175877795457897,0.2140211063723802,0.0374683493009591,0.0374683493009591,23a61493f3d46bbdc7eff0300d2f969b27e6dc4420976edc66c619171422e6b4
expected-tempo-governed-shadow-v1,2026-01-17|rosehill|5,2026-01-17,rosehill,5,V1,2,heavy,1,1,0.099170044441608,0,"insufficient_state_reliability,probabilities_held",held_by_policy,held_insufficient_evidence,held_insufficient_evidence,slow,0.2200033650638491,0.2200033650638491,0.0783948378716505,0.0783948378716505,0.6074768026917039,0.6074768026917039,0.0941249943727963,0.0941249943727963,-1.0997131947987924,-0.4850923529683659,-0.4850923529683659,0.3372453797383046,-0.4324401372910884,-0.4324401372910884,-0.1231678778174617,-0.2522637515909135,-0.2522637515909135,107e62be9c5f06c90d525e7eec995e57bbca00155cc623bf225cbb9c28427952
expected-tempo-governed-shadow-v1,2026-01-24|caulfield|1,2026-01-24,caulfield,1,V0,2,good,0,0,0.0,0,"no_completed_races,insufficient_state_reliability,probabilities_held",held_by_policy,held_insufficient_evidence,held_insufficient_evidence,slow,0.2168640981371231,0.2168640981371231,0.0806155651636144,0.0806155651636144,0.6018321657447353,0.6018321657447353,0.100688170954527,0.100688170954527,-1.0154190060763093,-0.635334453832482,-0.635334453832482,-1.300223150798265,-0.4126052375048022,-0.4126052375048022,0.311861318897788,0.031689046116367,0.031689046116367,092807a8a91f94bd743af53f831f016b04911df5e99764bd02fce7536524c1b5
expected-tempo-governed-shadow-v1,2026-01-24|caulfield|2,2026-01-24,caulfield,2,V1,2,good,1,1,0.1347247510485013,0,"insufficient_state_reliability,probabilities_held",held_by_policy,held_insufficient_evidence,held_insufficient_evidence,slow,0.3276422509546847,0.3276422509546847,0.1150370558108828,0.1150370558108828,0.4321116094796359,0.4321116094796359,0.1252090837547964,0.1252090837547964,-1.2248637792875807,-0.4452592052204724,-0.4452592052204724,-1.2682059220380366,-0.1920505063326234,-0.1920505063326234,-0.1787199965644,0.1616986769707453,0.1616986769707453,0270f1a32bb12e8a17e284c56b9b7270cfa4e28a62a99b93100c92d6a802f3f6
expected-tempo-governed-shadow-v1,2026-01-24|caulfield|3,2026-01-24,caulfield,3,V2,2,good,2,2,0.3865229841615033,1,"probabilities_updated,probability_cap_applied",held_by_policy,updated,updated,slow,0.2936647721793121,0.2866199276030356,0.1479335417681441,0.1287010142821806,0.4058517027922276,0.4558517027922276,0.152549983260316,0.128827355322556,-1.0855617987726571,-0.3252619097722398,-0.3252619097722398,-1.7920776383173784,-0.2436063777468637,-0.6085640137422539,0.7732718014190165,0.0667227200057794,0.004103436170252994,61e3b52a3137353beddc19a84c501aef5796e2b859ba28e84969bddcbef72b2b
expected-tempo-governed-shadow-v1,2026-01-24|caulfield|4,2026-01-24,caulfield,4,V3,2,good,3,3,0.4057207507904772,1,"probabilities_updated,probability_cap_applied",held_by_policy,capped,updated,very_fast_or_collapse,0.3104874020526271,0.2883375393647682,0.1153428118064518,0.10268997419003026,0.4579835598235217,0.5079835598235217,0.1161862263173993,0.10098892662167969,0.9733827430877822,-0.6044350141249326,-0.6044350141249326,0.3170683057368652,-0.093845352313132,-0.593845352313132,-1.732743502793313,-0.0932654958468727,0.1121002183006523,36c700cfb3403dbd54a6bdd1b5621946c029343c579aa3b5525eefc0ae2186ac
expected-tempo-governed-shadow-v1,2026-01-24|caulfield|5,2026-01-24,caulfield,5,V4,2,good,4,4,0.5143890164787662,1,"probabilities_updated,probability_cap_applied",held_by_policy,capped,below_minimum_change,slow,0.2787925636148566,0.26282959994817146,0.1385011511296889,0.12785981488739173,0.4251854673999602,0.4751854673999602,0.1575208178554941,0.1341251177644764,-0.7210073635784197,-0.4452592052204724,-0.4452592052204724,-0.4614936775366174,-0.1920505063326234,-0.6920505063326234,2.304510094878383,0.1616986769707453,0.1616986769707453,12d71b055b163f6ff3a56ce6d0212df347cbb8e1e64987e9297bab1d1d7e23c9
expected-tempo-governed-shadow-v1,2026-01-24|caulfield|6,2026-01-24,caulfield,6,V5,2,good,5,5,0.3479990152958377,1,probabilities_updated,held_by_policy,updated,updated,even,0.1633927029695276,0.1629254505134756,0.0749719496377614,0.0680705026546144,0.6494227120866726,0.6572826771229465,0.1122126353060382,0.1117213697089633,-0.246248293065032,-0.8728575215508326,-0.8728575215508326,0.5485559399331343,-0.2424473104718875,-0.2943125010372642,-0.0054688439957498,-0.1020089966341578,-0.2721667350611071,8ad640a73300b7ac41c507c39cc2419d880c69471f59e18ff3d6e4a4191f71fa
expected-tempo-governed-shadow-v1,2026-01-24|caulfield|7,2026-01-24,caulfield,7,V6,2,good,6,6,0.5505843344451059,1,"probabilities_updated,probability_cap_applied",held_by_policy,below_minimum_change,updated,fast,0.2862274736520285,0.27842566547122727,0.1111782419299731,0.10377827206358514,0.3252569916268671,0.3752569916268671,0.277337292791131,0.2425390708383202,0.586061967406383,-0.4452592052204724,-0.4452592052204724,1.2619830055238548,-0.1920505063326234,-0.1920505063326234,-0.5867164814144369,0.1616986769707453,0.4808702256041429,41cf47e281535fe0fd8d60b174f48dfd03557b5e7711a977fbab49d1d44296a1
expected-tempo-governed-shadow-v1,2026-01-24|caulfield|8,2026-01-24,caulfield,8,V7,2,good,7,7,0.5773916810813493,1,"probabilities_updated,probability_cap_applied",held_by_policy,updated,capped,fast,0.2408017251307606,0.2637498948529603,0.130081440044793,0.11461720216482776,0.3852141142365355,0.42773018239430094,0.2439027205879106,0.19390272058791058,0.6879805746661293,-0.1378477503292568,-0.1378477503292568,0.0749434177196282,-0.1991185191495843,0.002998389397737,-0.1075275123803265,-0.0108947092069428,0.4891052907930572,9270d01393a1f1ef462f1175ed023ddfe4066b39914176ca836f85ba76990175
expected-tempo-governed-shadow-v1,2026-01-24|caulfield|9,2026-01-24,caulfield,9,V8,2,good,8,8,0.583105769413998,1,probabilities_updated,held_by_policy,updated,updated,even,0.3178883830921681,0.3081573511866025,0.1025501559008838,0.0964215154126458,0.3839093007557269,0.420456074494199,0.1956521602512211,0.1749650589065527,0.1269629664897087,-0.6044350141249326,-0.6044350141249326,0.8935561343493353,-0.093845352313132,0.0885120215464668,0.3217398450376839,-0.0932654958468727,0.07577465330712409,e8403a77a936850313813b4a0d849687830d1f7afdf182543799a81df20c6a59
expected-tempo-governed-shadow-v1,2026-01-24|caulfield|10,2026-01-24,caulfield,10,V9,2,good,9,9,0.568400373462633,1,"probabilities_updated,probability_cap_applied",held_by_policy,capped,updated,slow,0.2076435442916217,0.2031962104191683,0.1082224234350194,0.11667250504681248,0.5836366163851405,0.5336366163851405,0.1004974158882182,0.14649466814887846,-1.2886104324568244,-0.635334453832482,-0.635334453832482,3.8430287458550674,-0.4126052375048022,0.08739476249519779,2.244100096950183,0.031689046116367,-0.04441218432491531,1e5e3d4514e0c29dc5b1c28ce58884378b6133523ecf34845bc50f756d6b57f4
expected-tempo-governed-shadow-v1,2026-01-24|randwick|1,2026-01-24,randwick,1,V0,2,good,0,0,0.0,0,"no_completed_races,insufficient_state_reliability,probabilities_held",held_by_policy,held_insufficient_evidence,held_insufficient_evidence,slow,0.3004941538358091,0.3004941538358091,0.111140197596254,0.111140197596254,0.3642791316841546,0.3642791316841546,0.224086516883782,0.224086516883782,-0.5118416629052627,-0.4141422729191205,-0.4141422729191205,-1.3251615175720883,-0.2411914696787404,-0.2411914696787404,-0.5951009984328909,-0.0931597960977069,-0.0931597960977069,e84f5ea754745d7e2553129a9fd3e0ab975ea4a66fb38adfe37d9ae6c49fb969
expected-tempo-governed-shadow-v1,2026-01-24|randwick|3,2026-01-24,randwick,3,V1,2,good,1,1,0.230324375802835,1,"probabilities_updated,probability_cap_applied",held_by_policy,updated,updated,slow,0.3521633032282604,0.33745013547893704,0.0562851192842312,0.054006239263583805,0.2599546486700229,0.30995464867002287,0.3315969288174854,0.29858897658745615,-0.543607433530541,0.1104736434623439,0.1104736434623439,-1.314599681138784,-0.161681142564169,-0.5334347758321044,0.0153061443148987,0.0028292668157483,-0.1119879287826554,db91f52aca62590113456b94802c3ca5eca173bf913b4a5a51a32acaf0caf6f5
expected-tempo-governed-shadow-v1,2026-01-24|randwick|5,2026-01-24,randwick,5,V2,2,good,2,2,0.1358880767369164,0,"insufficient_state_reliability,probabilities_held",held_by_policy,held_insufficient_evidence,held_insufficient_evidence,slow,0.3090969716044304,0.3090969716044304,0.0954503819099791,0.0954503819099791,0.4788218985999871,0.4788218985999871,0.1166307478856032,0.1166307478856032,-1.4358477531282072,-0.3276345121754156,-0.3276345121754156,1.0117361392148991,-0.3739463722952989,-0.3739463722952989,1.704456378677335,-0.3018682183550009,-0.3018682183550009,008418965e946a649efce2af0f32b7cb6dfadb69e829ccfc087fa6a8732a767e
expected-tempo-governed-shadow-v1,2026-01-24|randwick|6,2026-01-24,randwick,6,V3,2,good,3,3,0.3865430876040643,1,"probabilities_updated,probability_cap_applied",held_by_policy,updated,updated,even,0.3711562733231864,0.3687851355671059,0.0782807859220151,0.07026265994486317,0.2961592841600611,0.3461592841600611,0.2544036565947373,0.21479292032796976,0.2705992689804891,0.1104736434623439,0.1104736434623439,-0.1840439553594398,-0.161681142564169,-0.2891064750494311,0.2872453083096197,0.0028292668157483,0.1151900204508969,385455a18aa5792e22d38e385087b4a7fad98254f74a51ba35cc01bb120f74d0
expected-tempo-governed-shadow-v1,2026-01-24|randwick|9,2026-01-24,randwick,9,V4,2,good,4,4,0.4172601243738982,1,"probabilities_updated,probability_cap_applied",held_by_policy,updated,updated,even,0.3588084138127703,0.3454744282575212,0.0913503472451488,0.0847654887433444,0.2737848402484785,0.3237848402484785,0.2760563986936023,0.2459752427506557,-0.4183448639134622,0.1104736434623439,0.1104736434623439,-0.2366279426049807,-0.161681142564169,-0.104122415170538,0.3204086209919058,0.0028292668157483,0.2660315355223109,3d5fd4df3995e60ec9e3157f00265f5401ddc2feb50a25d3f287272d31ba48e7
expected-tempo-governed-shadow-v1,2026-01-31|caulfield|1,2026-01-31,caulfield,1,V0,2,good,0,0,0.0,0,"no_completed_races,insufficient_state_reliability,probabilities_held",held_by_policy,held_insufficient_evidence,held_insufficient_evidence,slow,0.2098733305173931,0.2098733305173931,0.0660601442559034,0.0660601442559034,0.61608613513659,0.61608613513659,0.1079803900901132,0.1079803900901132,-0.9760278048896618,-0.8728575215508326,-0.8728575215508326,0.337245379738299,-0.2424473104718875,-0.2424473104718875,0.0939164348638354,-0.1020089966341578,-0.1020089966341578,58ee6bf7902bba4fd48524feaecb04e3ebbd71ae9d5932744a4b79385c5d00f1
expected-tempo-governed-shadow-v1,2026-01-31|caulfield|2,2026-01-31,caulfield,2,V1,2,good,1,1,0.0862888702275779,0,"insufficient_state_reliability,probabilities_held",held_by_policy,held_insufficient_evidence,held_insufficient_evidence,even,0.3512722693599738,0.3512722693599738,0.137569984443407,0.137569984443407,0.368595989250492,0.368595989250492,0.1425617569461271,0.1425617569461271,0.1927116455647451,-0.4452592052204724,-0.4452592052204724,0.0910355626287423,-0.1920505063326234,-0.1920505063326234,-1.833231294987658,0.1616986769707453,0.1616986769707453,fa6c371c5e209f712c7d3ea909f9865bc4a6c88c7ab34888f120d3567a1ab047
expected-tempo-governed-shadow-v1,2026-01-31|caulfield|3,2026-01-31,caulfield,3,V2,2,good,2,2,0.2909551043628658,1,probabilities_updated,held_by_policy,updated,updated,even,0.3663315859703165,0.3300760190478594,0.1066818435388486,0.0980638331709356,0.427211603773121,0.4587903017884841,0.0997749667177136,0.1130698459927205,-0.0251363015954018,-0.6044350141249326,-0.6044350141249326,0.3625387832186709,-0.093845352313132,-0.2964796340104394,-2.738031795895091,-0.0932654958468727,-0.1565407249563783,110764315a3706fbef9574213f0c09b3f7b9226edec5e722fe5450eb45786ece
expected-tempo-governed-shadow-v1,2026-01-31|caulfield|4,2026-01-31,caulfield,4,V3,2,good,3,3,0.2389859487374241,1,probabilities_updated,held_by_policy,below_minimum_change,below_minimum_change,slow,0.2104945800028181,0.1950675291341895,0.0803140399400007,0.0778155078347918,0.6102198504205502,0.6222463277442062,0.0989715296366309,0.1048706352868123,-3.458694686427918,-1.217851584210598,-1.217851584210598,0.4001537044300107,-0.2984938392416225,-0.2984938392416225,-0.2447267357392952,-0.2905007137942362,-0.2905007137942362,221bdb46b5d7ffa2f39a6a853a12076877685b0cd13ca3ced91b2a4a1553e8d3
expected-tempo-governed-shadow-v1,2026-01-31|caulfield|5,2026-01-31,caulfield,5,V4,2,good,4,4,0.4114504063121295,1,probabilities_updated,held_by_policy,below_minimum_change,updated,slow,0.2242311085801516,0.2277153087127543,0.0847892426416725,0.0723625018538718,0.583605140871243,0.5986319437584997,0.1073745079069327,0.101290245674874,-1.3126829064368837,-0.8776139211096129,-0.8776139211096129,-0.7997114842399531,-0.0432865398220241,-0.0432865398220241,-1.5417394910825355,-0.127044061924436,-0.511474745009427,c9fe04e15b0f6526c996ffa2ae07841c35756bb2c7d83c3bf957276c2be3faa6
expected-tempo-governed-shadow-v1,2026-01-31|caulfield|6,2026-01-31,caulfield,6,V5,2,good,5,5,0.4078421445648105,1,probabilities_updated,held_by_policy,updated,capped,slow,0.3363298374152063,0.3175061291885663,0.1405384786744292,0.1257056023824794,0.3527188363554159,0.3474479424864203,0.1704128475549484,0.2093403259425338,-0.915380316432516,-0.3252619097722398,-0.3252619097722398,-0.4220739721878057,-0.2436063777468637,-0.1590544709555253,-1.625695676687172,0.0667227200057794,-0.4332772799942206,c181cb1dce7a296594057b3a38abae327a03c1e921e22dae0aa8b44e356cd746
expected-tempo-governed-shadow-v1,2026-01-31|caulfield|7,2026-01-31,caulfield,7,V6,2,good,6,6,0.4989642930594702,1,probabilities_updated,held_by_policy,updated,capped,slow,0.2851043861391644,0.2910241534290059,0.1144890380668153,0.1012753932622284,0.3615103939434825,0.3893875492751888,0.2388961818505375,0.2183129040335766,-0.6985797151721915,-0.1378477503292568,-0.1378477503292568,0.3897057721420273,-0.1991185191495843,-0.3292681861884519,0.3786614790044045,-0.0108947092069428,-0.5108947092069428,55921b422405ba8a1bdedb4f4070bd2ea3f928a74c49c0ea2a9d8a1775bd2490
expected-tempo-governed-shadow-v1,2026-01-31|caulfield|8,2026-01-31,caulfield,8,V7,2,good,7,7,0.5607000773938378,1,probabilities_updated,held_by_policy,updated,capped,fast,0.3219732996872078,0.3469727568059216,0.1728960181628517,0.1440083016668216,0.3271694718484886,0.3279211801171832,0.1779612103014516,0.1810977614100734,0.7033975063113078,-0.4452592052204724,-0.4452592052204724,0.4150712366009845,-0.1920505063326234,0.06335343472816082,-1.7572259260048255,0.1616986769707453,-0.3383013230292547,9c721ab9808a90d05643b469dee914a09abce5001899ee76f2a8fbce2c111725
expected-tempo-governed-shadow-v1,2026-01-31|caulfield|9,2026-01-31,caulfield,9,V8,2,good,8,8,0.508104600081511,1,"probabilities_updated,probability_cap_applied",held_by_policy,updated,capped,slow,0.2137482169691158,0.19092454261062017,0.0967401478381369,0.08442392787516517,0.5568584081557949,0.606858408155795,0.1326532270369523,0.11779312135841964,-1.2607773693287962,-0.8776139211096129,-0.8776139211096129,-1.5609216795119571,-0.0432865398220241,-0.2458856303310829,-1.6935053167306395,-0.127044061924436,-0.627044061924436,7bf359c70139fc16b78300209491e3b152c08c0535b9d8a4ebc2c36c886e381c
expected-tempo-governed-shadow-v1,2026-01-31|caulfield|10,2026-01-31,caulfield,10,V9,2,good,9,9,0.5761114391187087,1,probabilities_updated,held_by_policy,below_minimum_change,capped,fast,0.3461219395921772,0.3145122961745949,0.1635654698541575,0.1401359287510131,0.3401287514066257,0.36396107785897,0.1501838391470394,0.1813906972154217,0.6032712382896194,-0.6044350141249326,-0.6044350141249326,-0.3541076487252151,-0.093845352313132,-0.093845352313132,-1.4959002982451215,-0.0932654958468727,-0.5932654958468727,e62b97d62aecc39b2231db53e5bf38353c8b3aa62a6d9e77c936631af8946fc8
expected-tempo-governed-shadow-v1,2026-01-31|rosehill|7,2026-01-31,rosehill,7,V0,2,good,0,0,0.0,0,"no_completed_races,insufficient_state_reliability,probabilities_held",held_by_policy,held_insufficient_evidence,held_insufficient_evidence,even,0.3700914808682961,0.3700914808682961,0.0582733608285707,0.0582733608285707,0.3337309032307917,0.3337309032307917,0.2379042550723413,0.2379042550723413,-0.0365764803204948,0.1104736434623439,0.1104736434623439,0.0696920380931824,-0.161681142564169,-0.161681142564169,0.483835295290991,0.0028292668157483,0.0028292668157483,a7c2c8714c32c847b07ce30a3d712fa358efc187322664ebf321e00fcf9e87aa
expected-tempo-governed-shadow-v1,2026-01-31|rosehill|8,2026-01-31,rosehill,8,V1,2,good,1,1,0.3333333333333333,1,"probabilities_updated,probability_cap_applied",held_by_policy,updated,capped,even,0.3971902134588326,0.3667989660695662,0.0526120508618936,0.055972195712372184,0.308438584022064,0.35843858402206397,0.2417591516572096,0.2187902541959974,-0.1107525592921406,0.1104736434623439,0.1104736434623439,1.1150726094910015,-0.161681142564169,0.0346110614860734,0.7150133494254503,0.0028292668157483,0.5028292668157484,aa3bbf45175666ed79c5613fef9662d5ce38ad79f10f74693256b17ecfe5f771
expected-tempo-governed-shadow-v1,2026-01-31|rosehill|9,2026-01-31,rosehill,9,V2,2,good,2,2,0.1947731032433926,0,"insufficient_state_reliability,probabilities_held",held_by_policy,held_insufficient_evidence,held_insufficient_evidence,even,0.296376304620958,0.296376304620958,0.0913175115763338,0.0913175115763338,0.5028940103467358,0.5028940103467358,0.1094121734559723,0.1094121734559723,-0.4991528574233375,-0.3276345121754156,-0.3276345121754156,-0.0539758687177367,-0.3739463722952989,-0.3739463722952989,-1.192194897749353,-0.3018682183550009,-0.3018682183550009,3b003e784e2f69e07df2e6fade1dad24020a9f467241e0c86a21401b4abb37d0
expected-tempo-governed-shadow-v1,2026-01-31|rosehill|10,2026-01-31,rosehill,10,V3,2,good,3,3,0.4732050594189566,1,probabilities_updated,held_by_policy,capped,capped,even,0.3388570508182756,0.3004864145221161,0.0565377332223681,0.0668660588955225,0.4005495729644752,0.4340857424635017,0.204055642994881,0.1985617841188595,-0.0662469119091552,0.1104736434623439,0.1104736434623439,0.1393840761863649,-0.161681142564169,0.338318857435831,0.5223649709800691,0.0028292668157483,0.5028292668157484,7cc71489c108f574a308d8b9cba338935b9db0615fd0800f47cdcce06bb5f845
expected-tempo-governed-shadow-v1,2026-02-07|caulfield|1,2026-02-07,caulfield,1,V0,2,good,0,0,0.0,0,"no_completed_races,insufficient_state_reliability,probabilities_held",held_by_policy,held_insufficient_evidence,held_insufficient_evidence,slow,0.1774023914988479,0.1774023914988479,0.0598349499788877,0.0598349499788877,0.6720251733013114,0.6720251733013114,0.090737485220953,0.090737485220953,-2.692168236321512,-0.8728575215508326,-0.8728575215508326,0.775802346376353,-0.2424473104718875,-0.2424473104718875,1.5780159927406117,-0.1020089966341578,-0.1020089966341578,86a54e34977ad2eec152fa7723400662d41e53462e7b1f35ec8c63e60fa5869e
expected-tempo-governed-shadow-v1,2026-02-07|caulfield|2,2026-02-07,caulfield,2,V1,2,good,1,1,0.3333333333333333,1,"probabilities_updated,probability_cap_applied",held_by_policy,capped,capped,even,0.2384203015239222,0.21681518157008584,0.0636021680841476,0.058049749707669636,0.5569922917390657,0.6069922917390658,0.1409852386528644,0.11814277698317874,0.4761395302265347,-0.8728575215508326,-0.8728575215508326,0.0946100422410183,-0.2424473104718875,0.2575526895281125,-0.8367354555512979,-0.1020089966341578,0.3979910033658422,e966e81ec29ebf4ccd86829752b4a455cb73b4e2f157255169252451cfcd14c7
expected-tempo-governed-shadow-v1,2026-02-07|caulfield|3,2026-02-07,caulfield,3,V2,2,good,2,2,0.1699536971269659,0,"insufficient_state_reliability,probabilities_held",held_by_policy,held_insufficient_evidence,held_insufficient_evidence,even,0.4136557289605145,0.4136557289605145,0.1223870084346284,0.1223870084346284,0.3425143904709732,0.3425143904709732,0.1214428721338835,0.1214428721338835,-0.3308822593658871,-0.3252619097722398,-0.3252619097722398,0.2732114468766046,-0.2436063777468637,-0.2436063777468637,0.1970422443414686,0.0667227200057794,0.0667227200057794,711d27c5e045cd00ab9c06cb04a34f3e9b284cdc701973d82bdd3a928e7c3735
expected-tempo-governed-shadow-v1,2026-02-07|caulfield|4,2026-02-07,caulfield,4,V3,2,good,3,3,0.4015643001011479,1,"probabilities_updated,probability_cap_applied",held_by_policy,capped,updated,even,0.4293025562309777,0.3793025562309777,0.0934915089665342,0.10479039952034461,0.3397809391569985,0.3534622485309763,0.1374249956454895,0.1624447957177012,-0.4835971483039736,-0.4419014922859545,-0.4419014922859545,-1.3148300880936348,-0.4325031459263254,0.06749685407367462,0.5759696373058555,-0.0426934540083431,0.2507522480318668,c7e8934c7fc8699f733a28b7bb5549faf40419b3260ea37b77ff205c4e1960d7
expected-tempo-governed-shadow-v1,2026-02-07|caulfield|5,2026-02-07,caulfield,5,V4,2,good,4,4,0.4419937944118678,1,"probabilities_updated,probability_cap_applied",held_by_policy,updated,updated,very_fast_or_collapse,0.3527957951861531,0.317452249825846,0.0764502540797407,0.07799944843337923,0.410218081271538,0.460218081271538,0.1605358694625682,0.14433022046923671,1.0824488801277647,-0.5778822605310765,-0.5778822605310765,0.2866585727775534,-0.2893301257914973,-0.1781929446003708,-1.7699402908250892,-0.1738621972107983,0.2536958172887943,5f68fe962a7de7c492bc9047177988be12418188979eb180165a54d668344ebb
expected-tempo-governed-shadow-v1,2026-02-07|caulfield|6,2026-02-07,caulfield,6,V5,2,good,5,5,0.543182398753676,1,probabilities_updated,held_by_policy,below_minimum_change,updated,slow,0.3207045038895241,0.2777585696915541,0.084790856088474,0.1091099199389742,0.4615700853952093,0.4765081376665205,0.1329345546267923,0.1366233727029509,-3.334275075148496,-0.4419014922859545,-0.4419014922859545,-0.1024542925787282,-0.4325031459263254,-0.4325031459263254,2.349349836379127,-0.0426934540083431,0.3291669516874562,4ab008c57b346a7f8a62f36d847b0fe2f6d6246c7adeb2bc42e357e8efa45965
expected-tempo-governed-shadow-v1,2026-02-07|caulfield|7,2026-02-07,caulfield,7,V6,2,good,6,6,0.5601546182126285,1,probabilities_updated,held_by_policy,updated,updated,even,0.3164124779491372,0.360014035451303,0.0985088874925699,0.0855172583801449,0.4390412522453107,0.4269851312890181,0.1460373823129821,0.1274835748795338,0.435155328694583,-0.3693037860761984,-0.3693037860761984,0.7925266423849988,-0.1645417671907071,0.005818558737343604,-0.1148069377832469,-0.2052907878615527,0.030732883595659705,648e622fa780eaf5feba344f83df7f74747c1bba321ecdcd915dabb0203bd250
expected-tempo-governed-shadow-v1,2026-02-07|caulfield|8,2026-02-07,caulfield,8,V7,2,good,7,7,0.607916589014685,1,"probabilities_updated,probability_cap_applied",held_by_policy,updated,capped,very_fast_or_collapse,0.3605702994789058,0.3355352066499924,0.1203799303188318,0.11494869175383723,0.332373518376128,0.382373518376128,0.1866762518261341,0.167142583220042,0.8399318891595388,-0.3252619097722398,-0.3252619097722398,0.939164348638314,-0.2436063777468637,0.10928224434952147,0.0151570957185827,0.0667227200057794,0.5667227200057794,5e4bbd367bf8e1de677cba6de943ebdfa634ab1afed52bcffac7b482e3ae515c
expected-tempo-governed-shadow-v1,2026-02-07|caulfield|9,2026-02-07,caulfield,9,V8,2,good,8,8,0.5517790261025133,1,"probabilities_updated,probability_cap_applied",held_by_policy,updated,updated,very_fast_or_collapse,0.3228823136301831,0.30018138925854604,0.0965175699909669,0.08875223329524277,0.4017543235113894,0.4517543235113894,0.1788457928674605,0.15931205393482165,0.8259842315094341,-0.6808164635043783,-0.6808164635043783,1.862243228427585,-0.0514072364796089,0.1156727454451531,-0.0413254732283269,-0.134216689460706,0.23632534573077899,df3036c736fa3064fe4b4c28c092b119213cb8a188192611d3cc1056b6e7f443
expected-tempo-governed-shadow-v1,2026-02-07|caulfield|10,2026-02-07,caulfield,10,V9,2,good,9,9,0.6044699719695856,1,"probabilities_updated,probability_cap_applied",held_by_policy,capped,updated,even,0.2421047939962527,0.23093807940879635,0.0906427850931479,0.10552768297082253,0.5815619689642222,0.5315619689642221,0.085690451946377,0.1319722686561587,0.4055397937090471,-0.635334453832482,-0.635334453832482,0.6067554781147227,-0.4126052375048022,0.08739476249519779,0.433917468897413,0.031689046116367,0.2906747913756882,bc3f28869d6b5fe384d9a79e9b72dc69cd15b60b55c5e95ab9f459d533e2c0ec
expected-tempo-governed-shadow-v1,2026-02-07|randwick|2,2026-02-07,randwick,2,V0,2,good,0,0,0.0,0,"no_completed_races,insufficient_state_reliability,probabilities_held",held_by_policy,held_insufficient_evidence,held_insufficient_evidence,very_fast_or_collapse,0.3548735359750629,0.3548735359750629,0.0458942549701936,0.0458942549701936,0.2955263963718618,0.2955263963718618,0.3037058126828816,0.3037058126828816,4.0,0.1104736434623439,0.1104736434623439,-4.0,-0.161681142564169,-0.161681142564169,-1.2857555515174546,0.0028292668157483,0.0028292668157483,05d16c0846b9f84ba285225f907eee7847c7114712a57500e2b41df2863d2e21
expected-tempo-governed-shadow-v1,2026-02-07|randwick|3,2026-02-07,randwick,3,V1,2,good,1,1,0.082203721301911,0,"insufficient_state_reliability,probabilities_held",held_by_policy,held_insufficient_evidence,held_insufficient_evidence,very_fast_or_collapse,0.2895800376486887,0.2895800376486887,0.0897085228794086,0.0897085228794086,0.3871571387680314,0.3871571387680314,0.2335543007038711,0.2335543007038711,4.0,-0.4141422729191205,-0.4141422729191205,-2.829114018915692,-0.2411914696787404,-0.2411914696787404,-1.2387924344842378,-0.0931597960977069,-0.0931597960977069,b342777de8001639ad28c976f5d8bee2c729bada7f25bfaafe1d0047c35e5e73
expected-tempo-governed-shadow-v1,2026-02-07|randwick|6,2026-02-07,randwick,6,V2,2,good,2,2,0.1586806834799214,0,"insufficient_state_reliability,probabilities_held",held_by_policy,held_insufficient_evidence,held_insufficient_evidence,slow,0.3582298134142901,0.3582298134142901,0.0562773651019512,0.0562773651019512,0.3798695332562971,0.3798695332562971,0.2056232882274615,0.2056232882274615,-0.9020898581177128,0.1104736434623439,0.1104736434623439,-3.230894008357011,-0.161681142564169,-0.161681142564169,-1.9593803963075795,0.0028292668157483,0.0028292668157483,5938e3fa2c214f02eb62f5404836cc3aa40960affeef651c3fb199a3d23b590c
expected-tempo-governed-shadow-v1,2026-02-14|flemington|1,2026-02-14,flemington,1,V0,2,good,0,0,0.0,0,"no_completed_races,insufficient_state_reliability,probabilities_held",held_by_policy,held_insufficient_evidence,held_insufficient_evidence,even,0.4255567498797827,0.4255567498797827,0.1000374896530518,0.1000374896530518,0.3623092108603906,0.3623092108603906,0.1120965496067746,0.1120965496067746,0.0236663424377789,-0.4452592052204724,-0.4452592052204724,-1.6862268986914954,-0.1920505063326234,-0.1920505063326234,-0.2519182354671622,0.1616986769707453,0.1616986769707453,0e76dfc1f67b53f7169cfb13ff703e512e7d00ac43dc42e2a0151308dec57127
expected-tempo-governed-shadow-v1,2026-02-14|flemington|2,2026-02-14,flemington,2,V1,2,good,1,1,0.1003675646834516,0,"insufficient_state_reliability,probabilities_held",held_by_policy,held_insufficient_evidence,held_insufficient_evidence,fast,0.2014134872924551,0.2014134872924551,0.0654242119709394,0.0654242119709394,0.6319374886346473,0.6319374886346473,0.101224812101958,0.101224812101958,0.7500691173299415,-0.8728575215508326,-0.8728575215508326,-0.8405048382563515,-0.2424473104718875,-0.2424473104718875,0.3734866742773387,-0.1020089966341578,-0.1020089966341578,2e830bef234cfadeff114446fc86a55d64ac1d25846777137654d823313f98d8
expected-tempo-governed-shadow-v1,2026-02-14|flemington|3,2026-02-14,flemington,3,V2,2,good,2,2,0.3042259587920152,1,"probabilities_updated,probability_cap_applied",held_by_policy,updated,updated,slow,0.4845590267324646,0.4345590267324646,0.090477605960696,0.09021613601493482,0.3440166368000037,0.3746204273686516,0.0809467305068355,0.1006044098839488,-3.2230157249241214,-0.6044350141249326,-0.6044350141249326,2.1231129588069946,-0.093845352313132,-0.5034688082234505,1.3152569809793573,-0.0932654958468727,0.030765551802086108,3e21632ba830eb466482e5a5a51e95112984d614b15e0ffb219230443867d715
expected-tempo-governed-shadow-v1,2026-02-14|flemington|4,2026-02-14,flemington,4,V3,2,good,3,3,0.427029476790754,1,probabilities_updated,held_by_policy,capped,updated,even,0.4101086753721203,0.3921420056926696,0.1078222107505767,0.0947614649954763,0.3276477117650352,0.3663979261074088,0.1544214021122676,0.1466986032044449,-0.0236663424377705,-0.4452592052204724,-0.4452592052204724,-0.8009577768784615,-0.1920505063326234,0.30794949366737656,0.5282156550117868,0.1616986769707453,0.3352968696287071,977000fa1cbd07648e77fb1cd161fc4d3a62733b39c51aff8be702326c9b2f88
expected-tempo-governed-shadow-v1,2026-02-14|flemington|5,2026-02-14,flemington,5,V4,2,good,4,4,0.5148186763982243,1,probabilities_updated,held_by_policy,updated,capped,slow,0.3522037745518812,0.3388737755913856,0.1486923027757883,0.1297873780202359,0.3888718641476942,0.4326904504932694,0.1102320585246361,0.0986483958951088,-2.418174278419805,-0.2634866572863431,-0.2634866572863431,-1.57381177211206,-0.1458937537746499,0.1817677383019072,1.8574437837893856,-0.1638459878084309,0.3361540121915691,d1e5d8af9de81e4e52a7d53d81812da4409df20c7f49e49c784064744cd9f981
expected-tempo-governed-shadow-v1,2026-02-14|flemington|6,2026-02-14,flemington,6,V5,2,good,5,5,0.2330004985655503,1,probabilities_updated,held_by_policy,updated,updated,slow,0.2172718634224364,0.1870934470933961,0.0734445376481629,0.0681074284800721,0.6165407259877037,0.6340367852220417,0.0927428729416969,0.11076233920449,-3.569050837909982,-1.217851584210598,-1.217851584210598,0.4670769343793296,-0.2984938392416225,-0.03151909995185692,0.4132638054989791,-0.2905007137942362,-0.2396013729535166,12f12b23ddd5d976d360e7db0a75cf064d0871cc1594d901d9baeeb8a398048d
expected-tempo-governed-shadow-v1,2026-02-14|flemington|7,2026-02-14,flemington,7,V6,2,good,6,6,0.5226673864131973,1,"probabilities_updated,probability_cap_applied",held_by_policy,capped,capped,even,0.4197134794251125,0.37681761887441995,0.1026369968744683,0.09522800105387896,0.3881423270808424,0.4381423270808424,0.0895071966195766,0.08981205299085845,0.0565441355249789,-0.6044350141249326,-0.6044350141249326,-0.6514967563126088,-0.093845352313132,0.406154647686868,1.758493765778255,-0.0932654958468727,0.4067345041531273,aeaff530e1aebc36bde6e421d5f384a5aef19523f1787f319657c32a73dae9b0
expected-tempo-governed-shadow-v1,2026-02-14|flemington|8,2026-02-14,flemington,8,V7,2,good,7,7,0.522596964217382,1,"probabilities_updated,probability_cap_applied",held_by_policy,updated,updated,even,0.3352841337535941,0.30280593815211354,0.1249794677010002,0.1154280192724211,0.3975719838282753,0.4475719838282753,0.1421644147171302,0.13419405874718984,0.1075275123803265,-0.3864496561257016,-0.3864496561257016,0.3921457903933728,-0.2174951920660248,0.2609641175971207,1.645757453122891,0.1112932506449363,0.4258417605081566,72757963d912a3e0c229e026abe4d69d94c0fb44035e863b6a1b4d3ab1c4eddb
expected-tempo-governed-shadow-v1,2026-02-14|flemington|9,2026-02-14,flemington,9,V8,2,good,8,8,0.589875159138276,1,"probabilities_updated,probability_cap_applied",held_by_policy,capped,capped,even,0.3853225692911084,0.3471067121348702,0.1010609964556794,0.09505360031325331,0.4067351268771017,0.4567351268771017,0.1068813073761103,0.10110456067477458,-0.0242332009392799,-0.3693037860761984,-0.3693037860761984,-0.4368860601155118,-0.1645417671907071,0.3354582328092929,0.8720201961804528,-0.2052907878615527,0.2947092121384473,1ef7da16bdb34a0f514ca826097575f8630d6e986b0ff815f5bd243c6d827500
expected-tempo-governed-shadow-v1,2026-02-14|flemington|10,2026-02-14,flemington,10,V9,2,good,9,9,0.6298152807112816,1,"probabilities_updated,probability_cap_applied",held_by_policy,capped,capped,slow,0.374303021072579,0.33591103980817894,0.1003028235818682,0.09676638942964114,0.3899271898466369,0.43992718984663687,0.1354669654989158,0.12739538091554287,-0.5008194860784374,-0.3693037860761984,-0.3693037860761984,1.5099395411010077,-0.1645417671907071,0.3354582328092929,0.3324275885991766,-0.2052907878615527,0.2947092121384473,26516fab1d3381110ec8ea499e1b38b15399d0c126c37812fef84a65c3e640ee
expected-tempo-governed-shadow-v1,2026-02-14|randwick|2,2026-02-14,randwick,2,V0,2,good,0,0,0.0,0,"no_completed_races,insufficient_state_reliability,probabilities_held",held_by_policy,held_insufficient_evidence,held_insufficient_evidence,slow,0.3646272544563655,0.3646272544563655,0.116350963710732,0.116350963710732,0.3303587202163282,0.3303587202163282,0.1886630616165742,0.1886630616165742,-1.0342191645307708,-0.4141422729191205,-0.4141422729191205,-0.0153293354426466,-0.2411914696787404,-0.2411914696787404,0.4154863078375805,-0.0931597960977069,-0.0931597960977069,4b655986f36d910852486ccb49dc6dd6f004235321455305d563953d021e1f6d
expected-tempo-governed-shadow-v1,2026-02-14|randwick|6,2026-02-14,randwick,6,V1,2,good,1,1,0.1727187012647548,0,"insufficient_state_reliability,probabilities_held",held_by_policy,held_insufficient_evidence,held_insufficient_evidence,slow,0.4654201368440414,0.4654201368440414,0.0601298550783021,0.0601298550783021,0.2549563662763658,0.2549563662763658,0.2194936418012906,0.2194936418012906,-2.022583621302658,0.1104736434623439,0.1104736434623439,0.077224304345876,-0.161681142564169,-0.161681142564169,0.73088260985907,0.0028292668157483,0.0028292668157483,accaffd83f615015e4113ee64129fa30a5b44278d92bb7cfbbf38f403db018d1
expected-tempo-governed-shadow-v1,2026-02-14|randwick|7,2026-02-14,randwick,7,V2,2,good,2,2,0.4027663680073751,1,"probabilities_updated,probability_cap_applied",held_by_policy,updated,capped,slow,0.478204437912447,0.4392941188229692,0.0581620852655866,0.057436565790758516,0.2722464486569502,0.3222464486569502,0.191387028165016,0.1810228667293218,-1.3138795624323334,0.1104736434623439,0.1104736434623439,0.9134950938128712,-0.161681142564169,0.2662129636646596,0.9713772659019584,0.0028292668157483,0.5028292668157484,d8b9a2eff40ce61bc1e831a6ec7e5a002f219af435a35c93be7046c37299a334
expected-tempo-governed-shadow-v1,2026-02-14|randwick|9,2026-02-14,randwick,9,V3,2,good,3,3,0.4703778862268867,1,"probabilities_updated,probability_cap_applied",held_by_policy,capped,capped,slow,0.459234303994085,0.43146285520244254,0.070662193577655,0.0681223896791475,0.2341297505906711,0.2841297505906711,0.2359737518375887,0.21628500452773858,-0.7469163153360648,0.1104736434623439,0.1104736434623439,-0.4472166992181652,-0.161681142564169,0.338318857435831,1.099641082458161,0.0028292668157483,0.5028292668157484,e17301bd2debde3cceaa30f362c9c446819c3590f78914f36b37a4d96a4a3a3f
expected-tempo-governed-shadow-v1,2026-02-21|caulfield|1,2026-02-21,caulfield,1,V0,2,good,0,0,0.0,0,"no_completed_races,insufficient_state_reliability,probabilities_held",held_by_policy,held_insufficient_evidence,held_insufficient_evidence,fast,0.3232315254376207,0.3232315254376207,0.1147082722807723,0.1147082722807723,0.4276591455584155,0.4276591455584155,0.1344010567231912,0.1344010567231912,0.7194568101083672,-0.4452592052204724,-0.4452592052204724,0.4846341012535525,-0.1920505063326234,-0.1920505063326234,0.5154127501660778,0.1616986769707453,0.1616986769707453,952d2d32b083c5db34aeba0a117ee19f303aa4fc28e10ed03b8b7456768fcadc
expected-tempo-governed-shadow-v1,2026-02-21|caulfield|2,2026-02-21,caulfield,2,V1,2,good,1,1,0.2973782397718162,1,probabilities_updated,held_by_policy,updated,capped,even,0.3208314708747307,0.3526598495648518,0.1143898185875492,0.1043086711948224,0.3505794943147281,0.3490696096052803,0.2141992162229918,0.1939618696350454,0.2439647427894098,-0.1378477503292568,-0.1378477503292568,0.8093889113719118,-0.1991185191495843,0.10885556004595362,0.2790996246109998,-0.0108947092069428,0.4891052907930572,ed1b39a2476a82c8ae3194e013aed39ea0e2c65ae5662ecedf628cdd2f253922
expected-tempo-governed-shadow-v1,2026-02-21|caulfield|3,2026-02-21,caulfield,3,V2,2,good,2,2,0.1836638446695758,0,"insufficient_state_reliability,probabilities_held",held_by_policy,held_insufficient_evidence,held_insufficient_evidence,fast,0.2235624351901192,0.2235624351901192,0.0601091944847009,0.0601091944847009,0.5827158610041506,0.5827158610041506,0.1336125093210291,0.1336125093210291,0.9215814337403035,-0.8728575215508326,-0.8728575215508326,0.3878321866990332,-0.2424473104718875,-0.2424473104718875,-0.5545812911251967,-0.1020089966341578,-0.1020089966341578,891ff63c7653699b2d0eccfadb76fc7f7a7e538f62f7142c6ce9268016eba449
expected-tempo-governed-shadow-v1,2026-02-21|caulfield|4,2026-02-21,caulfield,4,V3,2,good,3,3,0.3829195919006808,1,probabilities_updated,held_by_policy,updated,updated,slow,0.2859512742141889,0.2928253371614829,0.0855582007758333,0.0924457562998135,0.4765266739676034,0.4505508633319565,0.1519638510423742,0.1641780432067468,-1.29419200423562,-0.5197965018398747,-0.5197965018398747,0.0266999169632603,-0.2230909106396128,0.16341520500549414,-1.3742233465838458,-0.0880553875632077,0.3412077701364829,b473f0b3b9fac44ddeced715eb5ec61b7ba9b499090456459bdcec314341a66c
expected-tempo-governed-shadow-v1,2026-02-21|caulfield|5,2026-02-21,caulfield,5,V4,2,good,4,4,0.4556427014782443,1,"probabilities_updated,probability_cap_applied",held_by_policy,capped,updated,even,0.3605114234811121,0.32442756449095445,0.0707746533678008,0.08894203445299972,0.459029533249865,0.4269460111548237,0.109684389901222,0.15968438990122202,0.3399008551693092,-0.5778822605310765,-0.5778822605310765,0.4232098882990392,-0.2893301257914973,0.2106698742085027,-0.4923007267444073,-0.1738621972107983,0.17781059872477548,53f3863bbdcdfec55b21ba51a8b8c865ee84aa6b88b36eabf56d142f0c580a2f
expected-tempo-governed-shadow-v1,2026-02-21|caulfield|6,2026-02-21,caulfield,6,V5,2,good,5,5,0.5452778588717812,1,probabilities_updated,held_by_policy,updated,updated,slow,0.3282883221748905,0.3425380746539219,0.0836216117779128,0.0926526859191957,0.4585756481170779,0.4230015113383895,0.1295144179301185,0.1418077280884926,-1.1684091896444933,-0.3693037860761984,-0.3693037860761984,-0.5290123603737966,-0.1645417671907071,0.3167996517317053,1.7715073395448386,-0.2052907878615527,0.2149162142959088,e8b771858675f20663e96da9a40162f45520721677a4921a913d845a33ec14ec
expected-tempo-governed-shadow-v1,2026-02-21|caulfield|7,2026-02-21,caulfield,7,V6,2,good,6,6,0.6002574724044553,1,"probabilities_updated,probability_cap_applied",held_by_policy,updated,capped,even,0.2973793702472152,0.3473793702472152,0.1093491442425565,0.09399123064931807,0.4283560921365497,0.42000934485381675,0.1649153933736785,0.13862005424964977,0.1965051818947591,-0.2377675913714921,-0.2377675913714921,0.9654475576821782,0.0728552384881741,0.4626226913196058,0.089156824528511,-0.1826826563167772,0.31731734368322284,a5e2d6e5d209fb3aca193bda554d2e1f18791f7478e310b15e18f60e98a474aa
expected-tempo-governed-shadow-v1,2026-02-21|caulfield|8,2026-02-21,caulfield,8,V7,2,good,7,7,0.5877694638961846,1,"probabilities_updated,probability_cap_applied",held_by_policy,capped,capped,very_fast_or_collapse,0.2793554985479931,0.32935549854799306,0.1436863388776547,0.12133367482048397,0.2917226208144409,0.30842410426071104,0.2852355417599112,0.2408867223708117,1.4924901911822557,-0.0125622926902965,-0.0125622926902965,-0.1011736139214934,-0.0255410583085807,0.4744589416914193,-1.430385576131409,-0.0712326345738661,0.4287673654261339,74cad54a4e0a92b1fa577b6eb31347b99d9c5c321f76702592198eeae3b1295f
expected-tempo-governed-shadow-v1,2026-02-21|caulfield|9,2026-02-21,caulfield,9,V8,2,good,8,8,0.5953976555654255,1,probabilities_updated,held_by_policy,capped,below_minimum_change,very_fast_or_collapse,0.2817700547789705,0.2737879435193481,0.1435655156238539,0.1438625889871877,0.3579486719885666,0.3393294350724061,0.2167157576086089,0.2430200324210579,1.2590494176896383,-0.3864496561257016,-0.3864496561257016,1.44390984806471,-0.2174951920660248,0.2825048079339752,-0.4263290649521877,0.1112932506449363,0.1112932506449363,2669d62c8e092069a9e51a4d55c921dc87b5039c2f02db71f917909ade0e105b
expected-tempo-governed-shadow-v1,2026-02-21|caulfield|10,2026-02-21,caulfield,10,V9,2,good,9,9,0.6461946475109037,1,probabilities_updated,held_by_policy,capped,updated,slow,0.3791307300168211,0.3857513543192588,0.134964175814691,0.1324685659042566,0.3629156801691401,0.3261607637079452,0.1229894139993477,0.1556193160685394,-1.1312325336103537,-0.6044350141249326,-0.6044350141249326,1.3886574459812269,-0.093845352313132,0.406154647686868,0.1201678939297384,-0.0932654958468727,0.2436433226909191,5c5d6831369d2de9ab3fc80aebc58fe6d1cfbf801b4ab65322709c5de3f9dbd2
expected-tempo-governed-shadow-v1,2026-02-28|flemington|1,2026-02-28,flemington,1,V0,2,good,0,0,0.0,0,"no_completed_races,insufficient_state_reliability,probabilities_held",held_by_policy,held_insufficient_evidence,held_insufficient_evidence,slow,0.3951378173626855,0.3951378173626855,0.0971704289897645,0.0971704289897645,0.3955232110550361,0.3955232110550361,0.1121685425925139,0.1121685425925139,-1.096047484149458,-0.4452592052204724,-0.4452592052204724,1.5808377175232686,-0.1920505063326234,-0.1920505063326234,0.786905886056037,0.1616986769707453,0.1616986769707453,84351e504b1b0dc12b705a8069bb75ddf9f602727ed4f1b4a466e643adbc1631
expected-tempo-governed-shadow-v1,2026-02-28|flemington|2,2026-02-28,flemington,2,V1,2,good,1,1,0.2637669986665615,1,probabilities_updated,held_by_policy,updated,capped,slow,0.2847852509961449,0.295906752225856,0.1320951375433997,0.1103023825524712,0.4738276354302351,0.4896757750443085,0.1092919760302201,0.1041150901773641,-1.4821612230536725,-0.2634866572863431,-0.2634866572863431,-0.1927116455647345,-0.1458937537746499,0.26557993375452893,2.4667090632286905,-0.1638459878084309,0.3361540121915691,55129db2f481c06c2ba7bf98c6300f6d6b0bdcc26665e7f4d28eabcea264a088
expected-tempo-governed-shadow-v1,2026-02-28|flemington|3,2026-02-28,flemington,3,V2,2,good,2,2,0.3641454332220667,1,"probabilities_updated,probability_cap_applied",held_by_policy,capped,capped,slow,0.3132091173607865,0.2740593345410842,0.0921740750769026,0.08308234321996238,0.5198261764528418,0.5698261764528418,0.074790631109469,0.07303214578611152,-1.3489815189531804,-0.6044350141249326,-0.6044350141249326,-1.3868742582496372,-0.093845352313132,0.406154647686868,1.031574102728912,-0.0932654958468727,0.4067345041531273,bd2ea6add59f384c51a8bc14f7da19042ab81182eda3cb0c5616bc3ab5bf4fe9
expected-tempo-governed-shadow-v1,2026-02-28|flemington|4,2026-02-28,flemington,4,V3,2,good,3,3,0.4121164181428367,1,probabilities_updated,held_by_policy,capped,capped,even,0.2235177969525611,0.1828678310181403,0.0768141798173747,0.0835180546974684,0.6221251551027756,0.6469102034740706,0.0775428681272884,0.0867039108103205,0.1362406694408956,-0.635334453832482,-0.635334453832482,-0.0499622784797654,-0.4126052375048022,0.08739476249519779,1.1419435879867534,0.031689046116367,0.531689046116367,87bec3eda12022618462939166c18c8c2bc1e05f2a54d98f6f0abb685fafa05e
expected-tempo-governed-shadow-v1,2026-02-28|flemington|5,2026-02-28,flemington,5,V4,2,good,4,4,0.4844532563525094,1,"probabilities_updated,probability_cap_applied",held_by_policy,capped,capped,fast,0.394170626867256,0.3553605668958172,0.1264018247625725,0.12010663267049793,0.3498709969767742,0.3998709969767742,0.129556551393397,0.1246618034569104,0.5269459058410895,-0.4452592052204724,-0.4452592052204724,2.9508970727101134,-0.1920505063326234,0.30794949366737656,1.3057449318072631,0.1616986769707453,0.6616986769707454,530ad65839d74e348f3c5e117bb270c4e1c1b09c6852874d8e3e8e7e0695400c
expected-tempo-governed-shadow-v1,2026-02-28|flemington|6,2026-02-28,flemington,6,V5,2,good,5,5,0.5592736581095842,1,probabilities_updated,held_by_policy,capped,capped,very_fast_or_collapse,0.4123765267320682,0.3816624616578489,0.1236455589242382,0.1207276996632781,0.3489476784008056,0.3753156958434012,0.1150302359428878,0.1222941428354716,1.8613350766325223,-0.4452592052204724,-0.4452592052204724,0.7107537035344852,-0.1920505063326234,0.30794949366737656,-1.8258507820226195,0.1616986769707453,0.6616986769707454,7832856018db3c8386adbb8f638a5ab641b04f4d1ed8805a1a32a22b04fa0ebf
expected-tempo-governed-shadow-v1,2026-02-28|flemington|7,2026-02-28,flemington,7,V6,2,good,6,6,0.530139904391701,1,"probabilities_updated,probability_cap_applied",held_by_policy,capped,capped,even,0.3293729352559657,0.27937293525596574,0.0833602781815186,0.09337850813517501,0.4542628670235011,0.4910567512305434,0.1330039195390144,0.13619180537831574,-0.212813892411345,-0.253535025942937,-0.253535025942937,1.442527912702508,-0.2600328644522876,0.23996713554771237,1.3942710663520923,-0.1256720201137555,0.3743279798862445,d591a00f346f173b10aa8d7a018b0ec38fe2df4c38358e83719288f2563cf12a
expected-tempo-governed-shadow-v1,2026-02-28|flemington|8,2026-02-28,flemington,8,V7,2,good,7,7,0.5905716205790469,1,probabilities_updated,held_by_policy,capped,capped,fast,0.3158782290493098,0.3334014077999211,0.1192776130670462,0.1104966488313248,0.4637803901070639,0.451978355217396,0.10106376777658,0.1041235881513579,0.6210386720134593,-0.6653996655149914,-0.6653996655149914,-1.901755663835535,-0.0802421205193904,0.4197578794806096,1.5835166751261078,-0.1981378762353323,0.3018621237646677,d8bd91500c2689c96990125893f72672c2c58fe7db3eb21b94a496018f49ec6e
expected-tempo-governed-shadow-v1,2026-02-28|flemington|9,2026-02-28,flemington,9,V8,2,good,8,8,0.6027376242231259,1,probabilities_updated,held_by_policy,capped,capped,even,0.3458852329564738,0.3357766804614311,0.1318618660677843,0.1284472259607714,0.3734156877876575,0.3669074482456337,0.1488372131880843,0.1688686453321635,0.4596847851209907,-0.2634866572863431,-0.2634866572863431,0.5506047016135607,-0.1458937537746499,0.35410624622535014,0.6423721518824733,-0.1638459878084309,0.3361540121915691,f5eadef66fe9c0329164dab7dee317692abac12c0b692cd469403166ea2eefb7
expected-tempo-governed-shadow-v1,2026-02-28|flemington|10,2026-02-28,flemington,10,V9,2,good,9,9,0.463201491742739,1,probabilities_updated,held_by_policy,capped,capped,slow,0.2028066680418155,0.160632898175634,0.0677799388616323,0.0700312060732028,0.638155263708032,0.6376703355697297,0.09125812938852,0.1316655601814332,-0.7001856455518981,-0.8728575215508326,-0.8728575215508326,-0.360774127161901,-0.2424473104718875,0.2575526895281125,1.401882754990579,-0.1020089966341578,0.3979910033658422,0c32f15c9f3093b6d19aea1a1aca4cce133967b80a3cfffc382e20e3f7753008
expected-tempo-governed-shadow-v1,2026-02-28|randwick|2,2026-02-28,randwick,2,V0,2,soft,0,0,0.0,0,"no_completed_races,insufficient_state_reliability,probabilities_held",held_by_policy,held_insufficient_evidence,held_insufficient_evidence,even,0.3107725705545432,0.3107725705545432,0.0985858485622455,0.0985858485622455,0.3644053882294438,0.3644053882294438,0.2262361926537673,0.2262361926537673,0.4332123836200123,-0.3956358335273202,-0.3956358335273202,1.571217788620152,-0.2822353494676066,-0.2822353494676066,0.6382441579027116,-0.0561779561637515,-0.0561779561637515,a86924ef09e7a448cea24b43b71e9425ea4244d000bb20af7206210174754bd8
expected-tempo-governed-shadow-v1,2026-02-28|randwick|3,2026-02-28,randwick,3,V1,2,soft,1,1,0.0862888702275779,0,"insufficient_state_reliability,probabilities_held",held_by_policy,held_insufficient_evidence,held_insufficient_evidence,slow,0.2779954662528732,0.2779954662528732,0.0795931123313385,0.0795931123313385,0.4940746214351078,0.4940746214351078,0.1483367999806802,0.1483367999806802,-0.5547686496694962,-0.4475824395006652,-0.4475824395006652,0.3021156526822233,-0.4751793860031784,-0.4751793860031784,-0.2994738972076081,-0.2184191124927795,-0.2184191124927795,d901e8f703a7b881c8c6b6f15ef1881cf123d687202638d933f1298cc8e3c27a
expected-tempo-governed-shadow-v1,2026-02-28|randwick|4,2026-02-28,randwick,4,V2,2,soft,2,2,0.3012110285985728,1,probabilities_updated,held_by_policy,capped,capped,very_fast_or_collapse,0.2968238254204581,0.3018155577274113,0.107082327719025,0.1174945505566269,0.4431866035796927,0.3954664866015214,0.1529072432808241,0.1852234051144402,1.6712185964518105,-0.4972754590372759,-0.4972754590372759,0.8439711435973669,-0.4986074780978135,0.0013925219021865276,-0.3558034674547953,-0.1252070758299314,0.3747929241700686,23943a24c70dd029325448febc9ec43f23b1f080e2c448172cea2e2c7a6f294c
expected-tempo-governed-shadow-v1,2026-02-28|randwick|5,2026-02-28,randwick,5,V3,2,soft,3,3,0.4236447055669395,1,"probabilities_updated,probability_cap_applied",held_by_policy,capped,capped,very_fast_or_collapse,0.2945002698051661,0.3121878187285908,0.1080175952037743,0.12150212896979129,0.4266686173355928,0.3766686173355928,0.1708135176554667,0.189641434966025,0.9022638169961644,-0.4972754590372759,-0.4972754590372759,1.7894932865869515,-0.4986074780978135,0.0013925219021865276,-0.875799106201057,-0.1252070758299314,0.3747929241700686,56f6c7487da12800e5517ec503863d6a896c68714201dca99f02dcb86d599fd7
expected-tempo-governed-shadow-v1,2026-02-28|randwick|10,2026-02-28,randwick,10,V4,2,soft,4,4,0.3304525943739608,1,"probabilities_updated,probability_cap_applied",held_by_policy,capped,updated,very_fast_or_collapse,0.3031263005281321,0.31106197823846665,0.1288112493826322,0.1294290635255603,0.372152157259336,0.322152157259336,0.1959102928298995,0.2373568009766368,1.1203256201253744,-0.4972754590372759,-0.4972754590372759,2.2354942974310816,-0.4986074780978135,0.0013925219021865276,-0.221611044552538,-0.1252070758299314,0.019214655760463106,635e38d3e1a71d4b0672657f1ea551e4ded8f09d0771987bc59adb76f46f57ab
expected-tempo-governed-shadow-v1,2026-03-07|flemington|1,2026-03-07,flemington,1,V0,3,good,0,0,0.0,0,"no_completed_races,insufficient_state_reliability,probabilities_held",held_by_policy,held_insufficient_evidence,held_insufficient_evidence,slow,0.3807261658760781,0.3807261658760781,0.1372270546984259,0.1372270546984259,0.3141730524693715,0.3141730524693715,0.1678737269561245,0.1678737269561245,-0.7508482039456464,-0.2896113112761829,-0.2896113112761829,-0.1124151265794308,-0.1765654080845785,-0.1765654080845785,1.357308565366474,0.1376823162184864,0.1376823162184864,05734b431a2540bd63bcaf79014b80ea63db6a40ce3a0f2aeab080e85ed189d0
expected-tempo-governed-shadow-v1,2026-03-07|flemington|2,2026-03-07,flemington,2,V1,3,good,1,1,0.3333333333333333,1,probabilities_updated,held_by_policy,updated,capped,even,0.3633367198776326,0.3614857554379171,0.1812664202044309,0.1702419549004235,0.3475731719903658,0.3532887659543131,0.1078236879275706,0.114983523707346,-0.4581446668142894,-0.2896113112761829,-0.2896113112761829,0.4215567246728708,-0.1765654080845785,0.09534744071237172,0.6245284809968457,0.1376823162184864,0.6376823162184864,646fa5754f263a35337b2681dd095b6b42b8de4cae8905baa15911c2e4333143
expected-tempo-governed-shadow-v1,2026-03-07|flemington|3,2026-03-07,flemington,3,V2,3,good,2,2,0.4371782109998217,1,probabilities_updated,held_by_policy,capped,capped,even,0.4422775783160866,0.4113323314335327,0.1215332771631646,0.1335980159729824,0.3314283327528853,0.3338772083815037,0.1047608117678633,0.1211924442119808,-0.0230989986122075,-0.3343241000175647,-0.3343241000175647,-0.5395926075812709,-0.2033344220586704,0.29666557794132964,0.8510486347513608,0.1329397561172081,0.6329397561172081,994382f1c19a81ff2f606b61ace00abaf16ec06d04624fedcd0a9e8e0ad3be35
expected-tempo-governed-shadow-v1,2026-03-07|flemington|4,2026-03-07,flemington,4,V3,3,good,3,3,0.4191443393059804,1,probabilities_updated,held_by_policy,updated,capped,even,0.3736553636450248,0.3547432033401982,0.1143311368321657,0.1140097654487065,0.4206370537016832,0.4395212216841061,0.0913764458211262,0.0917258095269889,0.3422293016063514,-0.4312065606606918,-0.4312065606606918,1.9271164556474087,-0.0381112152158563,0.09810495507289749,3.019879082202018,-0.0066077189473278,0.4933922810526722,c558905e0f8f18dbe995a65c2f6788834557aa3fc2dcf6a2900f78b262e6b11e
expected-tempo-governed-shadow-v1,2026-03-07|flemington|5,2026-03-07,flemington,5,V4,3,good,4,4,0.4413845159568159,1,probabilities_updated,held_by_policy,capped,capped,fast,0.4083397073017253,0.3994820989867959,0.0884968439811361,0.1022215266643078,0.3820091296537261,0.3716759875312406,0.1211543190634124,0.1266203868176555,0.6902991366518285,-0.3745281029391313,-0.3745281029391313,2.912573734103481,-0.195935433477355,0.304064566522645,-0.4325538566208616,0.0333044162603023,0.5333044162603023,c5c99c7d02627c6a411ca5523ca7e038d711bb6e1e486aeb1bbf78d657610c91
expected-tempo-governed-shadow-v1,2026-03-07|flemington|6,2026-03-07,flemington,6,V5,3,good,5,5,0.561277023804187,1,probabilities_updated,held_by_policy,capped,capped,very_fast_or_collapse,0.4272351526884789,0.3827389813995108,0.0936390518233504,0.1230556841672594,0.3847729069663109,0.3661611767309943,0.0943528885218597,0.1280441577022352,0.9535903840876012,-0.474707790300524,-0.474707790300524,1.1212313923766866,-0.1880231627914282,0.31197683720857183,-2.759280379676979,-0.09872245784836,0.40127754215164,ce56d2d121efdf1a681f66bf2dd857e86a38f66492fd1888e12cc304a51c4745
expected-tempo-governed-shadow-v1,2026-03-07|flemington|7,2026-03-07,flemington,7,V6,3,good,6,6,0.5702922085483862,1,probabilities_updated,held_by_policy,capped,capped,very_fast_or_collapse,0.323289949361037,0.2949304805249626,0.1306847339439502,0.1440021640011782,0.4386918283403356,0.4188542026673097,0.1073334883546772,0.1422131528065493,2.423951166869009,-0.5945689086293964,-0.5945689086293964,2.636645696135793,0.0418787228572198,0.5418787228572198,-0.8211191854497646,-0.0782793425830426,0.4217206574169574,48dda3aa181153308bb941eb7a247d074d578ee1328ec75f264dc09e9e05adbe
expected-tempo-governed-shadow-v1,2026-03-07|flemington|8,2026-03-07,flemington,8,V7,3,good,7,7,0.6166437309937409,1,"probabilities_updated,probability_cap_applied",held_by_policy,capped,capped,even,0.2840888649951072,0.28540936773445974,0.080569644940547,0.1051387663427335,0.5220745018069263,0.4720745018069263,0.1132669882574194,0.1373773641158802,-0.2213172804532585,-0.6465863576768758,-0.6465863576768758,1.4102988607237998,0.0150302549186015,0.5150302549186015,0.7478049724631824,-0.019565674596412,0.480434325403588,3b175be099e903b5153443ad6f2f298559732bde6a303ea9f0ffdd87d4edb06d
expected-tempo-governed-shadow-v1,2026-03-07|flemington|9,2026-03-07,flemington,9,V8,3,good,8,8,0.5925868309514832,1,"probabilities_updated,probability_cap_applied",held_by_policy,capped,capped,even,0.2718289588045251,0.3218289588045251,0.1823524119205803,0.1585038050042106,0.3341546757505735,0.30476060112533965,0.2116639535243211,0.2149066350659245,-0.0915077310700499,0.0759762370604463,0.0759762370604463,0.8783088394430498,0.0424402742878702,0.5424402742878702,1.6395821888867936,-0.0529157447465423,0.4470842552534577,fdc609f4e98259168986868d7e69edced7fbe1faf64821e44eaa1ff97ac70fb1
expected-tempo-governed-shadow-v1,2026-03-07|flemington|10,2026-03-07,flemington,10,V9,3,good,9,9,0.4798160298366875,1,"probabilities_updated,probability_cap_applied",held_by_policy,capped,updated,very_fast_or_collapse,0.2428888167051628,0.23422036979525668,0.0671666244674165,0.07370350688370779,0.6138301677084587,0.5659617322020734,0.0761143911189619,0.1261143911189619,2.324398924965497,-0.7729903078174699,-0.7729903078174699,1.310183377921371,-0.1219573814120377,0.3780426185879623,-1.0614936542582458,-0.0076088847512415,0.3201945155702136,e0a89da37fcf21045ecbc93ba94049e191050286ca95714486dba3ea85fb816b
expected-tempo-governed-shadow-v1,2026-03-07|randwick|1,2026-03-07,randwick,1,V0,3,good,0,0,0.0,0,"no_completed_races,insufficient_state_reliability,probabilities_held",held_by_policy,held_insufficient_evidence,held_insufficient_evidence,slow,0.2903856919834215,0.2903856919834215,0.0715983788250557,0.0715983788250557,0.4786039953563529,0.4786039953563529,0.1594119338351698,0.1594119338351698,-0.7441191270542256,-0.1885685900827312,-0.1885685900827312,1.4095236730907916,-0.1691751342210597,-0.1691751342210597,-0.0701009902412404,-0.0793744307393559,-0.0793744307393559,5ea0dd14cfabc685c76f95427849fdd2ee06f10843f16bb58900abf3f4f47132
expected-tempo-governed-shadow-v1,2026-03-07|randwick|2,2026-03-07,randwick,2,V1,3,good,1,1,0.136423123664955,0,"insufficient_state_reliability,probabilities_held",held_by_policy,held_insufficient_evidence,held_insufficient_evidence,slow,0.3833755752636359,0.3833755752636359,0.0738108231636698,0.0738108231636698,0.4207046921279247,0.4207046921279247,0.1221089094447693,0.1221089094447693,-1.5253867945086097,-0.3338523136931382,-0.3338523136931382,2.8467477642615107,-0.3339632321200037,-0.3339632321200037,0.7574199512155201,-0.2874086722840947,-0.2874086722840947,64112ff45e8cd864aed76fd58008164b41de64c76a01c1e0e2e8b00bf5975b70
expected-tempo-governed-shadow-v1,2026-03-07|randwick|3,2026-03-07,randwick,3,V2,3,good,2,2,0.1600369321658153,0,"insufficient_state_reliability,probabilities_held",held_by_policy,held_insufficient_evidence,held_insufficient_evidence,even,0.398821800620698,0.398821800620698,0.0471090076806483,0.0471090076806483,0.3701382519947276,0.3701382519947276,0.1839309397039259,0.1839309397039259,0.4790910759372342,0.0622570401064804,0.0622570401064804,-1.0149429098621563,-0.2000166781323805,-0.2000166781323805,-0.9351131549466848,-0.0075075203804193,-0.0075075203804193,da684d006b7af106d93ce408c185581f3e92f6f47d07c0dd60fa773919b92819
expected-tempo-governed-shadow-v1,2026-03-07|randwick|4,2026-03-07,randwick,4,V3,3,good,3,3,0.3299725392173261,1,probabilities_updated,held_by_policy,below_minimum_change,updated,very_fast_or_collapse,0.3813433734954674,0.3543811443613787,0.0433452748800916,0.0456273338798936,0.4034708549672398,0.433612477024844,0.171840496657201,0.1663790447338833,4.0,0.0622570401064804,0.0622570401064804,3.3863498035211594,-0.2000166781323805,-0.2000166781323805,-0.28069031992129,-0.0075075203804193,-0.084252884399633,4a7daa3022d2acb723e7fad8e95eea3d6f4b1ea9c45940f4023e6aa65f5295c1
expected-tempo-governed-shadow-v1,2026-03-07|randwick|8,2026-03-07,randwick,8,V4,3,good,4,4,0.236045280852882,1,probabilities_updated,held_by_policy,updated,updated,slow,0.2737626805965087,0.2696344961987699,0.0822089470547463,0.0750104524745421,0.4810074113141593,0.5013510920333935,0.1630209610345856,0.1540039592932944,-1.1075160063521965,-0.1885685900827312,-0.1885685900827312,-0.2884989974162378,-0.1691751342210597,0.18787557988826561,-0.1177943325754576,-0.0793744307393559,0.1368181668007963,d8049b31845b8498f64f1ab80f05b862cf0bd9a3a456accb6d20f630f12a687d
expected-tempo-governed-shadow-v1,2026-03-14|caulfield|1,2026-03-14,caulfield,1,V0,3,good,0,0,0.0,0,"no_completed_races,insufficient_state_reliability,probabilities_held",held_by_policy,held_insufficient_evidence,held_insufficient_evidence,slow,0.2249609625618846,0.2249609625618846,0.0967169553678184,0.0967169553678184,0.5988307815556955,0.5988307815556955,0.0794913005146015,0.0794913005146015,-0.7165490747326395,-0.7729903078174699,-0.7729903078174699,-0.4422890226076021,-0.1219573814120377,-0.1219573814120377,0.9085743156019528,-0.0076088847512415,-0.0076088847512415,9aa3f051c7ad4eafef33297d99707e549d1b42adaab00a2d90e02bd14d98962c
expected-tempo-governed-shadow-v1,2026-03-14|caulfield|2,2026-03-14,caulfield,2,V1,3,good,1,1,0.1003675646834516,0,"insufficient_state_reliability,probabilities_held",held_by_policy,held_insufficient_evidence,held_insufficient_evidence,slow,0.3738088435509346,0.3738088435509346,0.1262957383879858,0.1262957383879858,0.3866595116473122,0.3866595116473122,0.1132359064137673,0.1132359064137673,-4.0,-0.2896113112761829,-0.2896113112761829,-2.0585107594415626,-0.1765654080845785,-0.1765654080845785,4.0,0.1376823162184864,0.1376823162184864,101082f44410965bbeb7822de1d7c7f6a60dea59675c7f32571ecae679816c18
expected-tempo-governed-shadow-v1,2026-03-14|caulfield|3,2026-03-14,caulfield,3,V2,3,good,2,2,0.3136133059501388,1,"probabilities_updated,probability_cap_applied",held_by_policy,below_minimum_change,capped,slow,0.3812658052566476,0.36886760503447485,0.1398328924281466,0.12401852988913117,0.3198375290433835,0.36983752904338346,0.1590637732718222,0.1372763360330102,-0.5268410409842026,-0.543492870700975,-0.543492870700975,1.4126127226773937,-0.0914313685001479,-0.0914313685001479,-0.617418464443957,0.0303116966274241,0.5303116966274241,9ca0c2333584518bda9db30bce197bfb3133624d543df2cfbcbb31c1282606a5
expected-tempo-governed-shadow-v1,2026-03-14|caulfield|4,2026-03-14,caulfield,4,V3,3,good,3,3,0.4685483978075205,1,"probabilities_updated,probability_cap_applied",held_by_policy,updated,capped,slow,0.3766878018364333,0.3420324617370484,0.1177273212323681,0.1121382326339846,0.3842613659236074,0.43426136592360737,0.1213235110075912,0.11156793970535948,-0.6610680577954764,-0.543492870700975,-0.543492870700975,0.7890269261801578,-0.0914313685001479,0.3239240533855483,-0.8042005209144052,0.0303116966274241,0.5303116966274241,6f1ea256702629df3e0cbe3b1f5ded588efbab10742e91f1dc0cf23130172495
expected-tempo-governed-shadow-v1,2026-03-14|caulfield|5,2026-03-14,caulfield,5,V4,3,good,4,4,0.5072932426667556,1,"probabilities_updated,probability_cap_applied",held_by_policy,updated,capped,very_fast_or_collapse,0.3018116366394358,0.30966772353871963,0.1770901251246655,0.1538859166799037,0.2910073578358201,0.3410073578358201,0.2300908804000785,0.19543900194555636,1.4569000404694536,-0.2238631647893108,-0.2238631647893108,-0.6414274869532345,-0.1471918954703726,0.3463446405182712,0.2189905063235699,-0.0771309043603168,0.4228690956396832,167ab703c444c79c8e402a7f13299963cd55f970ec7f136f3cb54fc795acae97
expected-tempo-governed-shadow-v1,2026-03-14|caulfield|6,2026-03-14,caulfield,6,V5,3,good,5,5,0.5139720399366329,1,probabilities_updated,held_by_policy,capped,updated,even,0.2298602838077942,0.2275211519126976,0.0810073568219644,0.1006288926397388,0.5972042969671376,0.5717709888440387,0.0919280624031037,0.1000789666035247,0.1826412032786988,-0.552586470177361,-0.552586470177361,-1.68622689869149,-0.3672912458330949,0.13270875416690509,-0.2030354837199931,0.0613464516250747,0.2594649084406673,8a49c4858120465c7851aa06c29e9af0064702797f25adf4675ea9bb4e62df82
expected-tempo-governed-shadow-v1,2026-03-14|caulfield|7,2026-03-14,caulfield,7,V6,3,good,6,6,0.582057661839828,1,probabilities_updated,held_by_policy,updated,capped,fast,0.3786364548995947,0.3672259699053308,0.1510477953600555,0.1577838101050477,0.3321544855410216,0.3379581927246353,0.1381612641993281,0.1370320272649858,0.5261027923917487,-0.2238631647893108,-0.2238631647893108,-0.2711188346915808,-0.1471918954703726,0.00703824450304999,-1.603010506288531,-0.0771309043603168,0.4228690956396832,8ba03d139ced34fa3b53e5c57aa52a6fde3873cc075ab6f60dc4e46a6b95f09d
expected-tempo-governed-shadow-v1,2026-03-14|caulfield|8,2026-03-14,caulfield,8,V7,3,good,7,7,0.5171502528956775,1,probabilities_updated,held_by_policy,updated,updated,even,0.3017648257161461,0.2636951304616409,0.0850983322175115,0.0884585261551561,0.5101582454049258,0.5390427889985343,0.1029785966614164,0.1088035543846684,-0.3863916913584534,-0.5339225018505657,-0.5339225018505657,2.612584460757473,-0.165019232539065,-0.0858738071338186,1.209190687973588,-0.0911789514713709,0.057524847847506805,f08b7e0d936e8a483db4c0f34da62bf503ae6e03c6dc2ab203d2ee5d066892e1
expected-tempo-governed-shadow-v1,2026-03-14|caulfield|9,2026-03-14,caulfield,9,V8,3,good,8,8,0.605954512327842,1,probabilities_updated,held_by_policy,capped,updated,even,0.261560178396682,0.2726259171056596,0.0790315496010268,0.0908523329820869,0.4926326711273069,0.4586772833878523,0.1667756008749843,0.1778444665244011,0.0897184858211144,-0.552586470177361,-0.552586470177361,-1.2887591297142118,-0.3672912458330949,0.13270875416690509,0.0172063969254273,0.0613464516250747,0.3437118984811074,5f36650765e1c3cb47a40b9e4520a88e05d4bb95e67338ea3b23f1de6836efaa
expected-tempo-governed-shadow-v1,2026-03-14|caulfield|10,2026-03-14,caulfield,10,V9,3,good,9,9,0.6110106936105741,1,probabilities_updated,held_by_policy,updated,below_minimum_change,slow,0.3498851150157633,0.3459961911612189,0.1662053180870028,0.1646085634383201,0.303434130777761,0.2986394801507809,0.1804754361194728,0.1907557652496799,-1.1196546607311633,-0.2238631647893108,-0.2238631647893108,0.9456095941681668,-0.1471918954703726,0.21586558860028893,1.2000679746531675,-0.0771309043603168,-0.0771309043603168,8919c899bc8076694aad05e7e78bba10f83a7d4a3a71df5eec978a5b41746195
expected-tempo-governed-shadow-v1,2026-03-14|rosehill|1,2026-03-14,rosehill,1,V0,3,good,0,0,0.0,0,"no_completed_races,insufficient_state_reliability,probabilities_held",held_by_policy,held_insufficient_evidence,held_insufficient_evidence,slow,0.4133946610329092,0.4133946610329092,0.0546546515742653,0.0546546515742653,0.2820478937987008,0.2820478937987008,0.2499027935941245,0.2499027935941245,-1.984371364836947,0.0622570401064804,0.0622570401064804,-3.763824978807653,-0.2000166781323805,-0.2000166781323805,-2.625560075024724,-0.0075075203804193,-0.0075075203804193,4368af4cec7c767fac4a551ccc897d7b1e72a753c2c1f561a8080388c6acd2b1
expected-tempo-governed-shadow-v1,2026-03-14|rosehill|3,2026-03-14,rosehill,3,V1,3,good,1,1,0.2636083055567609,1,"probabilities_updated,probability_cap_applied",held_by_policy,capped,capped,even,0.4503265602059729,0.41668158214704387,0.0465371184407152,0.04426950141481244,0.333744690660587,0.383744690660587,0.1693916306927248,0.15530422577755654,-0.3910091359284608,0.0622570401064804,0.0622570401064804,-4.0,-0.2000166781323805,-0.7000166781323804,-2.663666897594021,-0.0075075203804193,-0.5075075203804194,dd99d62659a4670339d9ed68f301da0358ec135993460ba97b9f1e00cf4a17ad
expected-tempo-governed-shadow-v1,2026-03-14|rosehill|4,2026-03-14,rosehill,4,V2,3,good,2,2,0.4441369100229549,1,"probabilities_updated,probability_cap_applied",held_by_policy,capped,capped,very_fast_or_collapse,0.428155240966329,0.3973202331543027,0.0473827269171261,0.047504241144974334,0.3560462741694963,0.4060462741694963,0.1684157579470484,0.14912925153122636,4.0,0.0622570401064804,0.0622570401064804,-1.1158242193810337,-0.2000166781323805,-0.7000166781323804,-2.8770651039820976,-0.0075075203804193,-0.5075075203804194,a3206055029bd63a1412d64912f35fa21da1a6b641875619589e726629cb92f4
expected-tempo-governed-shadow-v1,2026-03-14|rosehill|8,2026-03-14,rosehill,8,V3,3,good,3,3,0.2718506996390899,1,probabilities_updated,held_by_policy,capped,capped,slow,0.2651207364586047,0.2782010110418147,0.0845763402936028,0.0823892125664856,0.3767102550009865,0.4053121157857799,0.2735926682468059,0.2340976606059195,-2.8044615788763694,0.0635809124472255,0.0635809124472255,-2.732552307623129,-0.3526661611126185,-0.8526661611126185,-2.123928348990133,-0.0595908327714124,-0.5595908327714124,c6b7df847bd9b67a79c5c460e85bbc148b02bf2f9b4bbbc2190af9e9c01030b0
expected-tempo-governed-shadow-v1,2026-03-21|caulfield|1,2026-03-21,caulfield,1,V0,3,good,0,0,0.0,0,"no_completed_races,insufficient_state_reliability,probabilities_held",held_by_policy,held_insufficient_evidence,held_insufficient_evidence,slow,0.3066193143759053,0.3066193143759053,0.1741826825941575,0.1741826825941575,0.3945727956994336,0.3945727956994336,0.1246252073305036,0.1246252073305036,-2.187537598302449,-0.2238631647893108,-0.2238631647893108,0.843113449345747,-0.1471918954703726,-0.1471918954703726,0.5814575512729286,-0.0771309043603168,-0.0771309043603168,ccc29b6a2f86dab8ba2eab10c01dd492c4642a7b4def086bc11326590fa25d91
expected-tempo-governed-shadow-v1,2026-03-21|caulfield|2,2026-03-21,caulfield,2,V1,3,good,1,1,0.0633789383330376,0,"insufficient_state_reliability,probabilities_held",held_by_policy,held_insufficient_evidence,held_insufficient_evidence,slow,0.1515918373784765,0.1515918373784765,0.0599151076084466,0.0599151076084466,0.7155907341195415,0.7155907341195415,0.0729023208935353,0.0729023208935353,-3.241483295017744,-1.389475240236696,-1.389475240236696,0.4110947329656624,-0.2495367325865137,-0.2495367325865137,-1.0256911204454322,-0.2557341678126154,-0.2557341678126154,4cd2c2fbeaf14adc4b71f687f1f68b479bc28c881447e781cf4c9c3717bd310e
expected-tempo-governed-shadow-v1,2026-03-21|caulfield|3,2026-03-21,caulfield,3,V2,3,good,2,2,0.3267365849812829,1,"probabilities_updated,probability_cap_applied",held_by_policy,updated,capped,even,0.3892154189470116,0.36288491453777616,0.1449551695765258,0.12275743888815649,0.3425443748410745,0.39254437484107446,0.123285036635388,0.12181327173299267,-0.2734421997878158,-0.2238631647893108,-0.2238631647893108,-0.7250775664373419,-0.1471918954703726,0.3028426381605604,-1.883922466124294,-0.0771309043603168,0.4228690956396832,aa85a3a0f211f56334f7c999325c3e609d74d05ed7b3063e99a94442da5f762b
expected-tempo-governed-shadow-v1,2026-03-21|caulfield|4,2026-03-21,caulfield,4,V3,3,good,3,3,0.3531257293630191,1,"probabilities_updated,probability_cap_applied",held_by_policy,updated,updated,slow,0.2818286277752118,0.25459697520247276,0.0847892918961924,0.07520933862681166,0.5230505491773405,0.5730505491773406,0.1103315311512552,0.09714313699337483,-1.2196750002970496,-0.6465863576768758,-0.6465863576768758,0.5460163291000628,0.0150302549186015,-0.2271253364744632,1.7099765733209475,-0.019565674596412,-0.2921863316688332,7a3fcf5b0b80975f77c081ce5abd7f387540adcd9763be11fcfefff77689b6f2
expected-tempo-governed-shadow-v1,2026-03-21|caulfield|5,2026-03-21,caulfield,5,V4,3,good,4,4,0.503211218590533,1,probabilities_updated,held_by_policy,updated,updated,slow,0.2878289850964443,0.3165271473721379,0.1462469331120082,0.1241752085909452,0.4638480011871473,0.4672417546369719,0.1020760806044001,0.0920558893999448,-0.5651138795614689,-0.2238631647893108,-0.2238631647893108,2.360717658168089,-0.1471918954703726,-0.0852930337818103,0.7558948166547973,-0.0771309043603168,0.1302077701746465,6cae0ded42f33790481d491b2324493ae91f76a9c70604e980ea56b284619f5c
expected-tempo-governed-shadow-v1,2026-03-21|caulfield|6,2026-03-21,caulfield,6,V5,3,good,5,5,0.5737549869377044,1,probabilities_updated,held_by_policy,capped,capped,even,0.3172411021124037,0.3263624847254639,0.1053366878250223,0.1040029109125816,0.4362124165997922,0.4312056148727439,0.1412097934627817,0.1384289894892103,0.2552127198019528,-0.1835757035568904,-0.1835757035568904,0.843113449345747,-0.2315029444671466,0.2684970555328534,0.8838154779348492,0.1219395271237553,0.6219395271237553,7a62d47cd03076092f23ba2e1e9f02f354be5c0448e201b178c9d6a55a5ab510
expected-tempo-governed-shadow-v1,2026-03-21|caulfield|7,2026-03-21,caulfield,7,V6,3,good,6,6,0.5322922638032502,1,probabilities_updated,held_by_policy,capped,capped,slow,0.3120275751923311,0.3068132521480228,0.0809057702379606,0.0867402658834941,0.4441930372031147,0.4578628551525839,0.1628736173665935,0.148583626815899,-1.901155301322624,-0.3745281029391313,-0.3745281029391313,0.5460163291000628,-0.195935433477355,0.304064566522645,3.4674524959008006,0.0333044162603023,0.5333044162603023,91e608fad1453f69de4a2c6a4ce859b8574be5dab693bff742f53301141d6f7b
expected-tempo-governed-shadow-v1,2026-03-21|caulfield|8,2026-03-21,caulfield,8,V7,3,good,7,7,0.6173660402408774,1,"probabilities_updated,probability_cap_applied",held_by_policy,capped,capped,fast,0.2297543884789576,0.2797543884789576,0.1566793085980062,0.14423013650468622,0.2900071363043679,0.2811848933455208,0.3235591666186682,0.2948305816708352,0.619802319519019,0.0759762370604463,0.0759762370604463,2.326993120194254,0.0424402742878702,0.5424402742878702,1.0931401963931031,-0.0529157447465423,0.4470842552534577,f739923d64addbaa7cb06c34bc196c12334e4fe0628735f6d50c169572ba8f9d
expected-tempo-governed-shadow-v1,2026-03-21|caulfield|9,2026-03-21,caulfield,9,V8,3,good,8,8,0.4499688206863294,1,probabilities_updated,held_by_policy,capped,capped,even,0.2634615540587772,0.2358623544055749,0.0778699571567409,0.0725883813277678,0.534659605113788,0.5793292446561273,0.1240088836706939,0.1122200196105297,-0.0168622689869091,-0.62950883434885,-0.62950883434885,3.516987531556537,-0.2208790340073584,0.2791209659926416,0.3924309873318395,-0.1836045566198418,0.31639544338015824,e61d1e4848a63692d3d236efd1aee6118552d8add1c3f13fd0ee9f288b5d212f
expected-tempo-governed-shadow-v1,2026-03-21|caulfield|10,2026-03-21,caulfield,10,V9,3,good,9,9,0.5992471002766371,1,probabilities_updated,held_by_policy,capped,capped,even,0.3218540345263474,0.2922477853817602,0.1564254638334489,0.153057425282581,0.4246231766335532,0.4330643760304624,0.0970973250066504,0.1216304133051961,0.2549256413769837,-0.543492870700975,-0.543492870700975,2.095226614544308,-0.0914313685001479,0.4085686314998521,-0.962431259136197,0.0303116966274241,0.5303116966274241,7e38f4433745de2c922757cd02852a3d27b770d156846ae1b9f5d2099d5bd6aa
expected-tempo-governed-shadow-v1,2026-03-21|rosehill|2,2026-03-21,rosehill,2,V0,3,soft,0,0,0.0,0,"no_completed_races,insufficient_state_reliability,probabilities_held",held_by_policy,held_insufficient_evidence,held_insufficient_evidence,slow,0.3072407205899988,0.3072407205899988,0.0781633805581225,0.0781633805581225,0.4772250126179096,0.4772250126179096,0.1373708862339689,0.1373708862339689,-1.6823505150163387,-0.4810644313131096,-0.4810644313131096,0.7708465822589635,-0.1504130603133176,-0.1504130603133176,0.1865612738977857,-0.153630193082401,-0.153630193082401,f51fcf732dcf26abdeb2ec531f23e4250ff3761cac084053c8810b3b2185bb57
expected-tempo-governed-shadow-v1,2026-03-21|rosehill|4,2026-03-21,rosehill,4,V1,3,soft,1,1,0.0350608495319373,0,"insufficient_state_reliability,probabilities_held",held_by_policy,held_insufficient_evidence,held_insufficient_evidence,slow,0.3157671314457745,0.3157671314457745,0.105121839983478,0.105121839983478,0.3198096235645662,0.3198096235645662,0.2593014050061811,0.2593014050061811,-3.253651447702456,-0.4450088173962322,-0.4450088173962322,1.0722673612192128,-0.2613483421373351,-0.2613483421373351,0.4730674915781066,-0.0873365665840547,-0.0873365665840547,5f4af6b12fc7eade4691aea866e251bf05dfa06c2e9b6647a27ba5fc7905a6d7
expected-tempo-governed-shadow-v1,2026-03-21|rosehill|6,2026-03-21,rosehill,6,V2,3,soft,2,2,0.1253767817618781,0,"insufficient_state_reliability,probabilities_held",held_by_policy,held_insufficient_evidence,held_insufficient_evidence,slow,0.2959335851660377,0.2959335851660377,0.0727992887420702,0.0727992887420702,0.5173567040573854,0.5173567040573854,0.1139104220345066,0.1139104220345066,-1.050499975966422,-0.4400072838560512,-0.4400072838560512,-1.8548495885606369,-0.4101328308267544,-0.4101328308267544,0.1506841058405118,-0.1856388236407478,-0.1856388236407478,c22afcd83d7b53471c83895a546501bae4a12f61bd44602084b5f627f3f72670
expected-tempo-governed-shadow-v1,2026-03-21|rosehill|8,2026-03-21,rosehill,8,V3,3,soft,3,3,0.2016911879475471,1,probabilities_updated,held_by_policy,updated,updated,very_fast_or_collapse,0.26363906591767,0.2765749225916292,0.1440340369099709,0.1226635120389763,0.3306883589264536,0.3727567499310148,0.2616385382459055,0.2280048154383794,4.0,-0.4450088173962322,-0.4450088173962322,4.0,-0.2613483421373351,-0.028297782338870592,1.175277049389356,-0.0873365665840547,-0.2834761712663567,9290130a2e383334e019a410d025c81cb78d3dc05ea61b53e6680a2d8e7b168d
expected-tempo-governed-shadow-v1,2026-03-28|flemington|2,2026-03-28,flemington,2,V0,3,heavy,0,0,0.0,0,"no_completed_races,insufficient_state_reliability,probabilities_held",held_by_policy,held_insufficient_evidence,held_insufficient_evidence,even,0.2838840147774984,0.2838840147774984,0.0911266687454008,0.0911266687454008,0.5170802378824157,0.5170802378824157,0.1079090785946849,0.1079090785946849,-0.2768962065219723,-0.3995526128356922,-0.3995526128356922,-1.0346557281291435,-0.1838199561862199,-0.1838199561862199,-0.3854232911294817,-0.0453364118703507,-0.0453364118703507,08e1d047922a0d4f133600eef006af9ff3cc97f466fb94e6274235a8cde722f5
expected-tempo-governed-shadow-v1,2026-03-28|flemington|3,2026-03-28,flemington,3,V1,3,heavy,1,1,0.2637669986665615,1,probabilities_updated,held_by_policy,updated,updated,slow,0.298487320605347,0.2874600768002401,0.0792546713249635,0.075744323815491,0.5282811810490644,0.5437075392333801,0.093976827020625,0.0930880601508886,-0.9111541838543428,-0.3995526128356922,-0.3995526128356922,-3.548407908550779,-0.1838199561862199,-0.6159339715144088,-2.8847450943767985,-0.0453364118703507,0.03719882511004491,835289e40e8dd4ed69fbbc9211dd60985028ad8211098c9aed7fe666ae93f773
expected-tempo-governed-shadow-v1,2026-03-28|flemington|8,2026-03-28,flemington,8,V2,3,soft,2,0,0.0,0,"condition_regime_reset,insufficient_state_reliability,probabilities_held",held_by_policy,held_insufficient_evidence,held_insufficient_evidence,slow,0.2567290965543134,0.2567290965543134,0.0982263383875197,0.0982263383875197,0.4971589937226697,0.4971589937226697,0.1478855713354971,0.1478855713354971,-1.8975619385755105,-0.4715956365726096,-0.4715956365726096,-0.953084768825625,-0.1774039566685307,-0.1774039566685307,-3.4315160355157786,-0.0553845002158372,-0.0553845002158372,45c399bd72a46b11d5b441fdcb99aac9847e8073a564e1691121e090aaad5c41
expected-tempo-governed-shadow-v1,2026-03-28|flemington|9,2026-03-28,flemington,9,V3,3,soft,3,1,0.0862888702275779,0,"insufficient_state_reliability,probabilities_held",held_by_policy,held_insufficient_evidence,held_insufficient_evidence,slow,0.3839986097664269,0.3839986097664269,0.2286550644143607,0.2286550644143607,0.229328911942769,0.229328911942769,0.1580174138764432,0.1580174138764432,-0.9918981757008792,-0.2165828246898098,-0.2165828246898098,1.0414930844859167,-0.4805173116373196,-0.4805173116373196,0.2445522051903415,-0.2307314692259966,-0.2307314692259966,ec7742c1d6597aed28e028c63ef44cb1d09e2da0dfa917761ddf566bbc7e9f78
expected-tempo-governed-shadow-v1,2026-03-28|flemington|10,2026-03-28,flemington,10,V4,3,soft,4,2,0.2848769447391877,1,probabilities_updated,held_by_policy,below_minimum_change,capped,fast,0.2172299650538963,0.2384073831997891,0.106023979978036,0.0941105277128175,0.5095967892268001,0.519214547120125,0.1671492657412675,0.1482675419672681,0.5592176212044686,-0.6898357945645242,-0.6898357945645242,0.259959980214937,-0.3067335839479516,-0.3067335839479516,-0.0213945316027616,-0.0867865765402565,-0.5867865765402565,35124547874c1de1f545fd3209f1a4665adbe951021b694d1a28367742a47dd7
expected-tempo-governed-shadow-v1,2026-03-28|rosehill|1,2026-03-28,rosehill,1,V0,3,soft,0,0,0.0,0,"no_completed_races,insufficient_state_reliability,probabilities_held",held_by_policy,held_insufficient_evidence,held_insufficient_evidence,slow,0.3055095163027041,0.3055095163027041,0.1036411353037402,0.1036411353037402,0.3835966477373784,0.3835966477373784,0.2072527006561771,0.2072527006561771,-1.2225145015513317,-0.4450088173962322,-0.4450088173962322,-1.677112158698563,-0.2613483421373351,-0.2613483421373351,-0.571602338539491,-0.0873365665840547,-0.0873365665840547,3fd325e425035090050c294ca620d433967a4fdc2b73ff21c725a0c7060d9673
expected-tempo-governed-shadow-v1,2026-03-28|rosehill|2,2026-03-28,rosehill,2,V1,3,soft,1,1,0.0832634584054206,0,"insufficient_state_reliability,probabilities_held",held_by_policy,held_insufficient_evidence,held_insufficient_evidence,very_fast_or_collapse,0.2742811451425652,0.2742811451425652,0.0700369813633933,0.0700369813633933,0.5190149730565339,0.5190149730565339,0.1366669004375076,0.1366669004375076,0.8740276091550883,-0.4400072838560512,-0.4400072838560512,-2.332062821981132,-0.4101328308267544,-0.4101328308267544,-3.1790212853136413,-0.1856388236407478,-0.1856388236407478,e84d13e17056181e06a2a5869c7533aa6eda72c24c0e691fc4e405fe4a968b35
expected-tempo-governed-shadow-v1,2026-03-28|rosehill|3,2026-03-28,rosehill,3,V2,3,soft,2,2,0.2667992246718194,1,probabilities_updated,held_by_policy,updated,capped,slow,0.3820297611596978,0.3769978402649052,0.1148070521525735,0.1067002460431458,0.2499835537820378,0.2736138783936973,0.2531796329056909,0.2426880352982514,-4.0,0.1843080178977758,0.1843080178977758,-3.401278188813598,-0.4188407529578543,-0.8870879481191053,-2.817872506257781,-0.1692882683091953,-0.6692882683091953,d1a7a81eea60bab420718fbbe6d68b91aa437e2820c022babcd0e54c9aba32de
expected-tempo-governed-shadow-v1,2026-03-28|rosehill|4,2026-03-28,rosehill,4,V3,3,soft,3,3,0.3643413215002418,1,"probabilities_updated,probability_cap_applied",held_by_policy,capped,capped,slow,0.3741992639334353,0.36370656155429915,0.1212567397829252,0.10191460123156576,0.2482022087534835,0.2982022087534835,0.2563417875301559,0.23617662846065138,-4.0,0.1843080178977758,0.1843080178977758,-1.279802979519699,-0.4188407529578543,-0.9188407529578543,-1.868589215142573,-0.1692882683091953,-0.6692882683091953,56ee0106b2954b338c8aed23db71a8c2c9e30f8a5d09916cc50589e695543ea3
expected-tempo-governed-shadow-v1,2026-03-28|rosehill|5,2026-03-28,rosehill,5,V4,3,soft,4,4,0.3539448039909626,1,probabilities_updated,held_by_policy,capped,capped,even,0.2590940085337477,0.2434205681342402,0.0690902627123122,0.0592404517571042,0.5409980113952413,0.5700831062590412,0.1308177173586987,0.1272558738496141,-0.2044550114663433,-0.4400072838560512,-0.4400072838560512,1.0514120662429156,-0.4101328308267544,-0.9101328308267544,-0.6812188468529202,-0.1856388236407478,-0.6856388236407478,9a31f4cc68b24e000de8a36bcbd46a82a5439bcc8cd7e22570f5f46282ac8fa2
expected-tempo-governed-shadow-v1,2026-03-28|rosehill|6,2026-03-28,rosehill,6,V5,3,soft,5,5,0.4770292195804327,1,probabilities_updated,held_by_policy,updated,capped,even,0.2872424894589369,0.2860087861101835,0.0812907667875306,0.079607986595772,0.4903206245524301,0.4969569163341508,0.1411461192011024,0.1374263109598933,0.0519919960429862,-0.4400072838560512,-0.4400072838560512,-0.2600977438504454,-0.4101328308267544,-0.6212966830481238,-2.514622656901537,-0.1856388236407478,-0.6856388236407478,4cf13586521b5e582a4ad8a1bdaa4a51d6d1037290120e6155a68d2b4611a4fe
expected-tempo-governed-shadow-v1,2026-04-04|caulfield|1,2026-04-04,caulfield,1,V0,3,good,0,0,0.0,0,"no_completed_races,insufficient_state_reliability,probabilities_held",held_by_policy,held_insufficient_evidence,held_insufficient_evidence,fast,0.194007055833661,0.194007055833661,0.0708022350787941,0.0708022350787941,0.6395048743588206,0.6395048743588206,0.0956858347287242,0.0956858347287242,1.174919387475376,-1.041282988735088,-1.041282988735088,-0.4185205820575,-0.1491475869323867,-0.1491475869323867,0.9687988411765212,-0.1939324892439367,-0.1939324892439367,6e6a734da82ce5769fd88582b2a5c01eb6308c4f848705eb44653ca56bf57be2
expected-tempo-governed-shadow-v1,2026-04-04|caulfield|2,2026-04-04,caulfield,2,V1,3,good,1,1,0.2637669986665615,1,probabilities_updated,held_by_policy,updated,capped,slow,0.2371336419854146,0.2438575648742246,0.0702182860240124,0.0857167854882177,0.6064081978754612,0.5630587744738699,0.0862398741151117,0.1073668751636876,-2.155383755375408,-0.552586470177361,-0.552586470177361,1.0257880300373416,-0.3672912458330949,-0.1389242008174444,2.8566667460185147,0.0613464516250747,0.5613464516250747,bc7002827c95ae0dcb4cd1fa5c59fdced6f13d94511b8314ea16ec6ff42ba154
expected-tempo-governed-shadow-v1,2026-04-04|caulfield|3,2026-04-04,caulfield,3,V2,3,good,2,2,0.3641454332220667,1,probabilities_updated,held_by_policy,capped,capped,slow,0.3601810833380556,0.3453828387585709,0.0965606405253241,0.0920978774407799,0.4658848967742466,0.4788157021676895,0.0773733793623735,0.0837035816329594,-0.6471465394978199,-0.543492870700975,-0.543492870700975,-0.2884614568830757,-0.0914313685001479,0.4085686314998521,3.139664951191926,0.0303116966274241,0.5303116966274241,634cbd0d59d68abf516da2745cbc03f5e0c79c25e821213064f7af50338f4ef8
expected-tempo-governed-shadow-v1,2026-04-04|caulfield|4,2026-04-04,caulfield,4,V3,3,good,3,3,0.2497311834863899,1,probabilities_updated,held_by_policy,updated,capped,slow,0.1750094325079366,0.1815399757666579,0.0691042365540165,0.0736324674634293,0.6757923377437927,0.6621004031337758,0.0800939931942542,0.0827271536361367,-3.1263523635879893,-1.389475240236696,-1.389475240236696,1.0223433019448604,-0.2495367325865137,0.2427226703819645,0.7843765457079925,-0.2557341678126154,0.24426583218738462,010f3681461ba7c841a2a350ea62a9d79c4354321ffe57d75b17bf1d6760aa62
expected-tempo-governed-shadow-v1,2026-04-04|caulfield|5,2026-04-04,caulfield,5,V4,3,good,4,4,0.4874260775609423,1,probabilities_updated,held_by_policy,capped,capped,slow,0.3258502619289877,0.2926300568755998,0.0735548317169225,0.0775838829391077,0.5131656457106716,0.5184237197509209,0.0874292606434182,0.1113623404343714,-0.8411549976631757,-0.552586470177361,-0.552586470177361,-1.192337490113,-0.3672912458330949,0.13270875416690509,-0.4530818362571056,0.0613464516250747,0.5613464516250747,b5b026686f5576d9dcf1e70c25573386bfc2f5a751824b10ea345186f065a8ef
expected-tempo-governed-shadow-v1,2026-04-04|caulfield|6,2026-04-04,caulfield,6,V5,3,good,5,5,0.4225861695959819,1,"probabilities_updated,probability_cap_applied",held_by_policy,capped,capped,slow,0.3873843455212106,0.3461873751630872,0.1582052033989188,0.14066805527337115,0.3399461570041235,0.3899461570041235,0.1144642940757471,0.12319841255941799,-1.183424696172558,-0.2238631647893108,-0.2238631647893108,0.4806715757189578,-0.1471918954703726,0.3528081045296274,3.440521672192554,-0.0771309043603168,0.4228690956396832,b150ec047fa1faf843bceef3d197a68a5f952bc6b3ea5187e15c917b227473ec
expected-tempo-governed-shadow-v1,2026-04-04|caulfield|7,2026-04-04,caulfield,7,V6,3,good,6,6,0.5263583873471732,1,probabilities_updated,held_by_policy,capped,capped,very_fast_or_collapse,0.3232759066381863,0.3603261550869377,0.201204495333971,0.1728635121143464,0.3005325099535135,0.3125287268731105,0.1749870880743291,0.1542816059256052,1.1711612278184405,-0.2238631647893108,-0.2238631647893108,2.031225045780101,-0.1471918954703726,0.3528081045296274,1.5098692230485289,-0.0771309043603168,0.4228690956396832,ac52f339756beb7953dc5e9210cf860fa8d8216b3a98ef54f13999f46e16083a
expected-tempo-governed-shadow-v1,2026-04-04|caulfield|8,2026-04-04,caulfield,8,V7,3,good,7,7,0.4704528663805661,1,probabilities_updated,held_by_policy,capped,capped,even,0.2871152827086487,0.2754189171059484,0.1166422343633077,0.1043076857728063,0.4341868236532215,0.481766373614342,0.1620556592748219,0.138507023506903,0.2523274783653524,-0.54613859445211,-0.54613859445211,0.463083207998861,-0.0602297909473943,0.4397702090526057,2.724942668285472,-0.0668297090545569,0.4331702909454431,a8d6e2c191f6021cf8f6002e87d38570d0c4229665f0cc608cf60e4e4b9ea7dd
expected-tempo-governed-shadow-v1,2026-04-04|caulfield|9,2026-04-04,caulfield,9,V8,3,good,8,8,0.570512573007843,1,probabilities_updated,held_by_policy,capped,capped,very_fast_or_collapse,0.325063461356378,0.3473551626123669,0.1568424236233382,0.1527319795639142,0.3131906722029857,0.3137411211262881,0.2049034428172979,0.1861717366974305,2.123734418351975,-0.4312065606606918,-0.4312065606606918,1.2302032720013425,-0.0381112152158563,0.4618887847841437,0.6685218147024587,-0.0066077189473278,0.4933922810526722,54b06b5a5f07fd2be298c20ba7e175af7272ec0480a5b00d0cd4dca6ee3ee0d5
expected-tempo-governed-shadow-v1,2026-04-04|caulfield|10,2026-04-04,caulfield,10,V9,3,good,9,9,0.6167902466337494,1,probabilities_updated,held_by_policy,capped,capped,very_fast_or_collapse,0.375315422610569,0.3347377352122406,0.178793943250849,0.2147893365115405,0.3429004759572047,0.3127054070234003,0.1029901581813772,0.1377675212528183,1.4127846989036728,-0.543492870700975,-0.543492870700975,0.7550902841939264,-0.0914313685001479,0.4085686314998521,1.2654162921153735,0.0303116966274241,0.5303116966274241,99cc8aa5aaac4a0a0166ba4184bc7fa71acbd7c27eaa46b9b20d651b23ad6efd
expected-tempo-governed-shadow-v1,2026-04-04|randwick|4,2026-04-04,randwick,4,V0,3,soft,0,0,0.0,0,"no_completed_races,insufficient_state_reliability,probabilities_held",held_by_policy,held_insufficient_evidence,held_insufficient_evidence,slow,0.3162180984475563,0.3162180984475563,0.0774344430086216,0.0774344430086216,0.4765992338208878,0.4765992338208878,0.1297482247229341,0.1297482247229341,-1.1066393616538075,-0.3995526128356922,-0.3995526128356922,-1.989281502603784,-0.1838199561862199,-0.1838199561862199,-2.81333645729054,-0.0453364118703507,-0.0453364118703507,90be311b1f4a2c2cd13c4517670da4139782f0c6e9ba0adcd5fe0a4f32ba05eb
expected-tempo-governed-shadow-v1,2026-04-04|randwick|5,2026-04-04,randwick,5,V1,3,soft,1,1,0.2117911264413312,1,probabilities_updated,held_by_policy,capped,capped,slow,0.3657945914322029,0.3752425972840241,0.1014466883410975,0.0887659461273935,0.2647306955530595,0.2883715146872577,0.26802802467364,0.2476199419013245,-2.6347295292054502,0.1843080178977758,0.1843080178977758,-3.162767550913596,-0.4188407529578543,-0.9188407529578543,-3.273812856273744,-0.1692882683091953,-0.6692882683091953,ebd4f89c72d8d657da264f89472b8d1bff0fa843c8346fc8dcad16192a9c0aa1
expected-tempo-governed-shadow-v1,2026-04-04|randwick|6,2026-04-04,randwick,6,V2,3,soft,2,2,0.3747797944052779,1,probabilities_updated,held_by_policy,capped,capped,even,0.3615843276440045,0.3687321601108774,0.1196025130318228,0.0997463347996159,0.2171265379293463,0.2663825833117519,0.3016866213948262,0.2651389217777546,-0.1317364764602699,0.1843080178977758,0.1843080178977758,-2.131810172439,-0.4188407529578543,-0.9188407529578543,-2.8405925068075484,-0.1692882683091953,-0.6692882683091953,2949dbc514fe405087fbe140390629252a9bc9cb7e787613b57ca4f67b76d103
expected-tempo-governed-shadow-v1,2026-04-04|randwick|7,2026-04-04,randwick,7,V3,3,soft,3,3,0.3881359754094713,1,"probabilities_updated,probability_cap_applied",held_by_policy,capped,capped,slow,0.3420363513679875,0.32475079275955593,0.108652319262997,0.10009047615104891,0.3538284385850602,0.4038284385850602,0.1954828907839553,0.17133029250433474,-2.253711520883876,-0.4450088173962322,-0.4450088173962322,-4.0,-0.2613483421373351,-0.761348342137335,-4.0,-0.0873365665840547,-0.5873365665840546,bb785c89597a5711e498206817d0cc6e282f22493ee6631309702f09fbbe3877
expected-tempo-governed-shadow-v1,2026-04-04|randwick|8,2026-04-04,randwick,8,V4,3,soft,4,4,0.4717088206237979,1,"probabilities_updated,probability_cap_applied",held_by_policy,capped,capped,slow,0.3016282057297036,0.28827793076028035,0.0852520225577454,0.07816695275587085,0.3466019958523108,0.39660199585231076,0.26651777586024,0.2369531206315377,-0.5406094278216899,-0.3995526128356922,-0.3995526128356922,0.5035368803465836,-0.1838199561862199,-0.6838199561862199,-0.7188651515474256,-0.0453364118703507,-0.5453364118703508,e10e34704ba8a5fadd39f71b926bb6e50495addf3146908299811f2427b90da3
expected-tempo-governed-shadow-v1,2026-04-04|randwick|10,2026-04-04,randwick,10,V5,3,soft,5,5,0.4678927287810494,1,"probabilities_updated,probability_cap_applied",held_by_policy,capped,capped,slow,0.2738800232507854,0.2881627256538389,0.1196779347722839,0.1037708140199623,0.3190085427662596,0.3690085427662596,0.2874334992106709,0.239057917559939,-1.2770317556862734,-0.4450088173962322,-0.4450088173962322,-3.8406782695578414,-0.2613483421373351,-0.761348342137335,-2.14098498831473,-0.0873365665840547,-0.5873365665840546,97d0dd8d9577b69f8f3fc956ab6ad6c8de9291332a6e44bb4b451640b3611884
expected-tempo-governed-shadow-v1,2026-04-11|caulfield|1,2026-04-11,caulfield,1,V0,3,good,0,0,0.0,0,"no_completed_races,insufficient_state_reliability,probabilities_held",held_by_policy,held_insufficient_evidence,held_insufficient_evidence,even,0.1632628934839635,0.1632628934839635,0.0616658533051373,0.0616658533051373,0.6969755730136635,0.6969755730136635,0.0780956801972357,0.0780956801972357,0.2701541238221903,-0.7729903078174699,-0.7729903078174699,-0.6686256224376694,-0.1219573814120377,-0.1219573814120377,-0.4742513152569835,-0.0076088847512415,-0.0076088847512415,c9ee477b133f64dd1f744a4af050bdd83ac23efa45abc54ad6e30f12775b2c44
expected-tempo-governed-shadow-v1,2026-04-11|caulfield|2,2026-04-11,caulfield,2,V1,3,good,1,1,0.1164505528290035,0,"insufficient_state_reliability,probabilities_held",held_by_policy,held_insufficient_evidence,held_insufficient_evidence,slow,0.3026558750175538,0.3026558750175538,0.1236456687538159,0.1236456687538159,0.4147802493169585,0.4147802493169585,0.1589182069116718,0.1589182069116718,-2.269920825161636,-0.2238631647893108,-0.2238631647893108,-1.5501454296742825,-0.1471918954703726,-0.1471918954703726,-0.1246341620771979,-0.0771309043603168,-0.0771309043603168,1474e5d7b947039e64f76db5ab597f76e069d60e648fac987ef184823589bbe8
expected-tempo-governed-shadow-v1,2026-04-11|caulfield|3,2026-04-11,caulfield,3,V2,3,good,2,2,0.3789157107728586,1,"probabilities_updated,probability_cap_applied",held_by_policy,capped,below_minimum_change,slow,0.3255768201376661,0.3112579394153818,0.1198886717456403,0.09946263802554466,0.439838570141401,0.489838570141401,0.1146959379752925,0.09944085241767221,-2.360717658168101,-0.2238631647893108,-0.2238631647893108,-0.6863239306954889,-0.1471918954703726,-0.6471918954703726,-0.1319655833758551,-0.0771309043603168,-0.0771309043603168,deaffc105e5f4df9a315ebe51c33b83a6106770ab75180d2ac37a327bc256480
expected-tempo-governed-shadow-v1,2026-04-11|caulfield|4,2026-04-11,caulfield,4,V3,3,good,3,3,0.4400408865917392,1,"probabilities_updated,probability_cap_applied",held_by_policy,updated,updated,slow,0.2912603708056002,0.26413823946552933,0.0858510855750145,0.07342720073093642,0.5308514978928754,0.5808514978928755,0.0920370457265097,0.08158306191065853,-1.405938516420102,-0.543492870700975,-0.543492870700975,-2.8044615788763654,-0.0914313685001479,-0.5703809245906035,0.0165858383477858,0.0303116966274241,-0.0919557676131478,3b77ec7ecb12f56e6a26d6f4ce6d4a6211d68003824464f7babb9663fd8b8f58
expected-tempo-governed-shadow-v1,2026-04-11|caulfield|5,2026-04-11,caulfield,5,V4,3,soft,4,0,0.0,0,"condition_regime_reset,insufficient_state_reliability,probabilities_held",held_by_policy,held_insufficient_evidence,held_insufficient_evidence,slow,0.2779644348891655,0.2779644348891655,0.0791943441306566,0.0791943441306566,0.4889425098497464,0.4889425098497464,0.1538987111304314,0.1538987111304314,-0.5677581557791954,-0.1938276502384335,-0.1938276502384335,-0.2682185476281186,0.0483572447358695,0.0483572447358695,1.0738058410072135,0.0729596199275976,0.0729596199275976,b0a516f5b92ed9eaa7a77092f6b46d3630b4f2c7bac4dec3af75acd56d521e9f
expected-tempo-governed-shadow-v1,2026-04-11|caulfield|6,2026-04-11,caulfield,6,V5,3,soft,5,1,0.2637669986665615,1,probabilities_updated,held_by_policy,below_minimum_change,updated,slow,0.202135422168229,0.22971921361908,0.1826248950509288,0.1470646855885686,0.5083345263305888,0.5231757767175126,0.1069051564502533,0.1000403240748386,-1.2539132093200696,0.0549272241480799,0.0549272241480799,0.3071282751689232,-0.0778969436858902,-0.0778969436858902,2.030072799623437,0.1111965881819699,0.5198373491995049,07829573d0afa0477b8bdb9ca6787321c7edc0aaf0ae670e71f234625f79f7de
expected-tempo-governed-shadow-v1,2026-04-11|caulfield|7,2026-04-11,caulfield,7,V6,3,soft,6,2,0.1278172666457351,0,"insufficient_state_reliability,probabilities_held",held_by_policy,held_insufficient_evidence,held_insufficient_evidence,slow,0.17490874527996,0.17490874527996,0.064988972610962,0.064988972610962,0.6686276503802429,0.6686276503802429,0.0914746317288351,0.0914746317288351,-3.517053296361219,-1.056774915850998,-1.056774915850998,1.137199450129443,-0.2791097701747049,-0.2791097701747049,-0.0352281797943217,-0.0338932725824823,-0.0338932725824823,a9c76dfd1630433a91ed54594d4869d20dccef47791e86db6158854d6ad879ea
expected-tempo-governed-shadow-v1,2026-04-11|caulfield|8,2026-04-11,caulfield,8,V7,3,soft,7,3,0.3735015127155452,1,probabilities_updated,held_by_policy,capped,capped,slow,0.1843503449874992,0.1913407158682734,0.0701891259271798,0.0630343341385909,0.5486523852181826,0.5758384074557357,0.1968081438671384,0.1697865425373999,-0.5467130450999735,-0.6898357945645242,-0.6898357945645242,0.3636959977569872,-0.3067335839479516,0.19326641605204842,-0.7419398354242531,-0.0867865765402565,0.4132134234597435,e405087b21d4bc33534fabc6c2b9cc063516bc4da2f10e95b35d7c0d7848bc60
expected-tempo-governed-shadow-v1,2026-04-11|caulfield|9,2026-04-11,caulfield,9,V8,3,soft,8,4,0.4654825101253863,1,probabilities_updated,held_by_policy,capped,capped,slow,0.250439566243744,0.2675565458115049,0.252780658869841,0.2077409624054204,0.3169139648608694,0.3549008254899664,0.1798658100255454,0.1698016662931081,-1.049821608823275,0.0549272241480799,0.0549272241480799,-1.2933807105174484,-0.0778969436858902,0.4221030563141098,2.094427881261573,0.1111965881819699,0.6111965881819699,9cb0a966b8d85d7be65d09b40cd4d94b2dcac921be203a10b25e720fa6ed4ee7
expected-tempo-governed-shadow-v1,2026-04-11|caulfield|10,2026-04-11,caulfield,10,V9,3,soft,9,5,0.5215950755855945,1,probabilities_updated,held_by_policy,capped,updated,slow,0.1414815693390257,0.1713732947351343,0.0551627150942543,0.0577045068610922,0.6997423042288136,0.6745008602512012,0.1036134113379063,0.0964213381525721,-0.7405742720645048,-0.6898357945645242,-0.6898357945645242,-1.1638271928223682,-0.3067335839479516,0.19326641605204842,1.2590494176896383,-0.0867865765402565,0.08398254214140001,312e36d34c18d592aa58430f704a6d1c8cdbdd584d0fefe78a2f6fc7acc28503
expected-tempo-governed-shadow-v1,2026-04-11|randwick|2,2026-04-11,randwick,2,V0,3,good,0,0,0.0,0,"no_completed_races,insufficient_state_reliability,probabilities_held",held_by_policy,held_insufficient_evidence,held_insufficient_evidence,even,0.3535417874107516,0.3535417874107516,0.0878753621824938,0.0878753621824938,0.3279792712665167,0.3279792712665167,0.2306035791402377,0.2306035791402377,-0.3427739925208915,0.0635809124472255,0.0635809124472255,-1.6300193354017762,-0.3526661611126185,-0.3526661611126185,-4.0,-0.0595908327714124,-0.0595908327714124,69cc1afac602682d1707480af894ba0cc56a13021935dacd8ea074249d3a85a8
expected-tempo-governed-shadow-v1,2026-04-11|randwick|3,2026-04-11,randwick,3,V1,3,good,1,1,0.2005026974889565,1,probabilities_updated,held_by_policy,capped,capped,very_fast_or_collapse,0.4518343866738651,0.4145659816762881,0.0551866902754424,0.0527794160392838,0.2912880232016216,0.3291667483075314,0.2016908998490707,0.2034878539768963,2.9445510574999774,0.0622570401064804,0.0622570401064804,-4.0,-0.2000166781323805,-0.7000166781323804,-2.6765990771989583,-0.0075075203804193,-0.5075075203804194,93712992f5200b9dd48f0995aa9adb78fdb23720459a40fc76ee550d883b6bca
expected-tempo-governed-shadow-v1,2026-04-11|randwick|4,2026-04-11,randwick,4,V2,3,good,2,2,0.3941634540604455,1,probabilities_updated,held_by_policy,capped,capped,slow,0.3292916184586488,0.3589364537755887,0.0811105310058517,0.0970271470002727,0.2916773027807453,0.2778801902658192,0.2979205477547541,0.2661562089583191,-2.255674015298782,0.0635809124472255,0.0635809124472255,-0.4121887974579178,-0.3526661611126185,-0.8526661611126185,-3.833947474919604,-0.0595908327714124,-0.5595908327714124,788f91f324585de7a2ec7c1430b49512f572e18b36fdad9eb4b05620429d693c
expected-tempo-governed-shadow-v1,2026-04-11|randwick|5,2026-04-11,randwick,5,V3,3,good,3,3,0.1557532099255203,0,"insufficient_state_reliability,probabilities_held",held_by_policy,held_insufficient_evidence,held_insufficient_evidence,even,0.2720601543150805,0.2720601543150805,0.0724526565588594,0.0724526565588594,0.5459182696684041,0.5459182696684041,0.1095689194576559,0.1095689194576559,-0.2674704735855461,-0.4584792669691696,-0.4584792669691696,-0.6544166297302719,-0.2276624310008463,-0.2276624310008463,-2.472101453311014,-0.1850225081706277,-0.1850225081706277,24190260dbd1efe096fe62bf6a584cc79193bb80fb608ee9d898be601e31b7b3
expected-tempo-governed-shadow-v1,2026-04-11|randwick|6,2026-04-11,randwick,6,V4,3,good,4,4,0.4477340338184652,1,probabilities_updated,held_by_policy,capped,capped,slow,0.4593406652372124,0.4273253150045979,0.0609087247156781,0.0624158930408366,0.2720819348270472,0.2916684785824142,0.2076686752200622,0.2185903133721511,-2.5093957288053934,0.0622570401064804,0.0622570401064804,-4.0,-0.2000166781323805,-0.7000166781323804,-3.201542111723721,-0.0075075203804193,-0.5075075203804194,560c3c53101fcb193374a298cc9addbfa363d047e713b9d6ee4a8ee4eec17041
expected-tempo-governed-shadow-v1,2026-04-11|randwick|8,2026-04-11,randwick,8,V5,3,good,5,5,0.4113856577216887,1,"probabilities_updated,probability_cap_applied",held_by_policy,capped,capped,slow,0.3686566767085476,0.3425998134582688,0.0936274033427354,0.08110798324732296,0.3241094005731798,0.37410940057317976,0.2136065193755372,0.2021828027212283,-0.8353784635719314,-0.1885685900827312,-0.1885685900827312,-2.356337848041585,-0.1691751342210597,-0.6691751342210597,-3.1417069586147104,-0.0793744307393559,-0.5793744307393559,bebdfa86c613119778c7fa5836c1ffed2081283f6886f3d70b24bd36042564f5
expected-tempo-governed-shadow-v1,2026-04-11|randwick|10,2026-04-11,randwick,10,V6,3,good,6,6,0.4737993605626868,1,"probabilities_updated,probability_cap_applied",held_by_policy,capped,capped,slow,0.4606440385958471,0.41850472705908365,0.053552686639784,0.05138415257912442,0.265507735608122,0.315507735608122,0.2202955391562469,0.2146033847536698,-3.49574780717978,0.0622570401064804,0.0622570401064804,-1.5213513797083236,-0.2000166781323805,-0.7000166781323804,-0.5035790738173614,-0.0075075203804193,-0.5075075203804194,fcfe90bde73b6be15a2984e32b25cd3c3c9e5dcf55cad459186e7529eaeb5e3c
expected-tempo-governed-shadow-v1,2026-04-18|randwick|1,2026-04-18,randwick,1,V0,3,good,0,0,0.0,0,"no_completed_races,insufficient_state_reliability,probabilities_held",held_by_policy,held_insufficient_evidence,held_insufficient_evidence,slow,0.3408956428345272,0.3408956428345272,0.0757801851418302,0.0757801851418302,0.3981776776223389,0.3981776776223389,0.1851464944013036,0.1851464944013036,-2.420901891722241,0.0635809124472255,0.0635809124472255,-0.2776003291068964,-0.3526661611126185,-0.3526661611126185,-0.0771476358878413,-0.0595908327714124,-0.0595908327714124,b4cb233224c0abf9b142e7cd94505cb70e6ab613c4269986dcf7728c01ddd3bd
expected-tempo-governed-shadow-v1,2026-04-18|randwick|2,2026-04-18,randwick,2,V1,3,good,1,1,0.2666666666666666,1,probabilities_updated,held_by_policy,updated,below_minimum_change,slow,0.3323642181117701,0.3382704483514508,0.0790261501855182,0.0690432704106978,0.3383216533724825,0.3823775579241024,0.2502879783302292,0.2103087233137487,-1.9971194187670385,0.0635809124472255,0.0635809124472255,0.9554356708618896,-0.3526661611126185,-0.2561623609103995,-0.7791911224672401,-0.0595908327714124,-0.0595908327714124,dcd9c5c7fbbb6ef1f7bfb3392de7320938e4299e2c3d9789c3f7bf46621588ec
expected-tempo-governed-shadow-v1,2026-04-18|randwick|3,2026-04-18,randwick,3,V2,3,good,2,2,0.3303082610156703,1,"probabilities_updated,probability_cap_applied",held_by_policy,updated,updated,very_fast_or_collapse,0.4771254651582934,0.4388683629461749,0.0525559180819666,0.04983160502863659,0.2840443963921887,0.3340443963921887,0.1862742203675512,0.17725563563299948,2.670117089120647,0.0622570401064804,0.0622570401064804,-1.8472116269986232,-0.2000166781323805,-0.0027076614782914066,-1.215514172779014,-0.0075075203804193,-0.0819876732074829,e60f0aad87d7cfd62dfa8e512dd15c166c156b1c54e15008ca68ad0956d30ba4
expected-tempo-governed-shadow-v1,2026-04-18|randwick|4,2026-04-18,randwick,4,V3,3,good,3,3,0.4453520613982397,1,probabilities_updated,held_by_policy,below_minimum_change,updated,slow,0.3763370844220897,0.3674522467006632,0.0887782539897855,0.1005162454646106,0.3388259035849146,0.3599068411823982,0.1960587580032101,0.1721246666523277,-2.3959735109601685,0.0635809124472255,0.0635809124472255,-1.2296914176903897,-0.3526661611126185,-0.3526661611126185,-2.422435766878356,-0.0595908327714124,-0.383150896337272,f82f6ca333ccf1834caf8c9bce96ee052cc7a756798f722643f5ba7b4c1907b6
expected-tempo-governed-shadow-v1,2026-04-18|randwick|6,2026-04-18,randwick,6,V4,3,good,4,4,0.2561516514740999,1,"probabilities_updated,probability_cap_applied",held_by_policy,below_minimum_change,updated,even,0.4124719618117368,0.3624719618117368,0.0798623019909121,0.07227815352991318,0.383489844073808,0.4323570480929066,0.124175892123543,0.13289283656544318,-0.2093247184582531,-0.3338523136931382,-0.3338523136931382,0.2122523368982317,-0.3339632321200037,-0.3339632321200037,0.3697980225701806,-0.2874086722840947,-0.6612962440105377,2a3ef20d663fdfb1dd451b0063e35aab4a159942363b7cd354baf73975a50016
expected-tempo-governed-shadow-v1,2026-04-18|randwick|7,2026-04-18,randwick,7,V5,3,good,5,5,0.4310753630747908,1,probabilities_updated,held_by_policy,updated,capped,very_fast_or_collapse,0.363281102460936,0.3559218036113923,0.0876301297632619,0.0795352238208181,0.3380432443159831,0.384628119745541,0.2110455234598189,0.1799148528222482,1.5207857690085491,-0.1885685900827312,-0.1885685900827312,0.4350265845144905,-0.1691751342210597,-0.3527482603309338,-0.6744907594766022,-0.0793744307393559,-0.5793744307393559,99862618153ab51dc380baef10920ff4941ea251d9864c3d426ab01dbdd35594
expected-tempo-governed-shadow-v1,2026-04-18|randwick|8,2026-04-18,randwick,8,V6,3,good,6,6,0.4633193226548751,1,"probabilities_updated,probability_cap_applied",held_by_policy,updated,capped,slow,0.4940785890889104,0.4440785890889104,0.0627316906171151,0.0714776117694309,0.2521057885510828,0.28318347810261396,0.1910839317428916,0.20126032103904445,-0.5151500525360222,0.0622570401064804,0.0622570401064804,-1.233824560018159,-0.2000166781323805,-0.2728406206824704,0.4312537868844414,-0.0075075203804193,-0.5075075203804194,d4c9a81e36c05ef4af79b5b0eaf57e6579cb38ccf86571c4c12ef50f46910667
expected-tempo-governed-shadow-v1,2026-04-18|randwick|9,2026-04-18,randwick,9,V7,3,good,7,7,0.5448690365890624,1,probabilities_updated,held_by_policy,updated,capped,even,0.3382661749379937,0.3545128436887605,0.0899226176099346,0.0909685816582249,0.3064756830828633,0.3093529171152307,0.2653355243692082,0.2451656575377836,0.4757759528303795,0.0635809124472255,0.0635809124472255,-0.1995600759443193,-0.3526661611126185,-0.1596340010079184,-2.252710967925096,-0.0595908327714124,-0.5595908327714124,b07ecb41c4161dfcdc4473399d04873d45edb9ad0506fda553a4303ce77fdd50
expected-tempo-governed-shadow-v1,2026-04-25|flemington|1,2026-04-25,flemington,1,V0,3,good,0,0,0.0,0,"no_completed_races,insufficient_state_reliability,probabilities_held",held_by_policy,held_insufficient_evidence,held_insufficient_evidence,slow,0.1611689681182283,0.1611689681182283,0.0626491872257776,0.0626491872257776,0.7018244817561801,0.7018244817561801,0.0743573628998138,0.0743573628998138,-3.5383764374916864,-1.389475240236696,-1.389475240236696,-0.0607114391839336,-0.2495367325865137,-0.2495367325865137,-0.6351298084709297,-0.2557341678126154,-0.2557341678126154,35f95212e877f3b62344535aff18d7315e140daa82ef9d9bd43c2dc48951980a
expected-tempo-governed-shadow-v1,2026-04-25|flemington|2,2026-04-25,flemington,2,V1,3,good,1,1,0.0740225220269252,0,"insufficient_state_reliability,probabilities_held",held_by_policy,held_insufficient_evidence,held_insufficient_evidence,fast,0.3310237492250504,0.3310237492250504,0.1001271314531433,0.1001271314531433,0.4924809629709348,0.4924809629709348,0.0763681563508716,0.0763681563508716,0.5713333492036958,-0.543492870700975,-0.543492870700975,-0.8715330038180654,-0.0914313685001479,-0.0914313685001479,-0.763827283910576,0.0303116966274241,0.0303116966274241,cba83775529eff037a5788690e7563aaedada74e741044856d52e5a18d07fb96
expected-tempo-governed-shadow-v1,2026-04-25|flemington|3,2026-04-25,flemington,3,V2,3,good,2,2,0.3617447935212531,1,probabilities_updated,held_by_policy,updated,updated,slow,0.3408135709009251,0.3239140171246172,0.127434072862512,0.1318910695276265,0.4436616377532221,0.4524026208272221,0.0880907184833407,0.0917922925205339,-0.6268796470429624,-0.543492870700975,-0.543492870700975,-2.1295719484598123,-0.0914313685001479,-0.5543996296999717,-0.4243484910614276,0.0303116966274241,-0.0832783810044252,410ff4a9703998c70c4ff0cd31e5d7cbe5ff8b4ac5ce3f4a2bdd1748edd70d84
expected-tempo-governed-shadow-v1,2026-04-25|flemington|4,2026-04-25,flemington,4,V3,3,good,3,3,0.3669920141372689,1,probabilities_updated,held_by_policy,capped,updated,slow,0.1593643211841575,0.1671220003843927,0.0731428205767509,0.0708253938279803,0.6634082706046159,0.674017625793095,0.1040845876344756,0.0880349799945318,-0.9027803997339936,-1.041282988735088,-1.041282988735088,-1.2154459746527635,-0.1491475869323867,-0.6491475869323867,0.5875591350833537,-0.1939324892439367,-0.3541495854363702,05f42cacb00512e3c6fb7036efa44eeabbcb63fd455c6706422b6cec08fa8a70
expected-tempo-governed-shadow-v1,2026-04-25|flemington|5,2026-04-25,flemington,5,V4,3,good,4,4,0.5168537476389021,1,probabilities_updated,held_by_policy,capped,updated,slow,0.2922129987352019,0.2850534747755424,0.0978135504401981,0.1013629010229708,0.5269278000557756,0.5375651199811908,0.0830456507688242,0.0760185042202956,-1.1664722546242476,-0.543492870700975,-0.543492870700975,0.659333663758023,-0.0914313685001479,-0.5914313685001479,0.0223341311084951,0.0303116966274241,-0.054123481958182104,0102c35028f4688da98829790949cecf9aa80631702438e72dc8aa4b441b0042
expected-tempo-governed-shadow-v1,2026-04-25|flemington|7,2026-04-25,flemington,7,V5,3,good,5,5,0.4078157716806675,1,probabilities_updated,held_by_policy,updated,updated,even,0.1720488459992398,0.1586036477257849,0.0676031442007502,0.0602004049318454,0.6845128876615709,0.7116030183688494,0.0758351221384389,0.06959292897352,0.2419912096801822,-0.7729903078174699,-0.7729903078174699,1.824009852677222,-0.1219573814120377,-0.3146710094705124,1.1484504218013964,-0.0076088847512415,0.0830129100461513,dc8c1d8f7fb6062bec86f1dbd9f591183880ec9912427a162632eabb04d7612f
expected-tempo-governed-shadow-v1,2026-04-25|flemington|8,2026-04-25,flemington,8,V6,3,good,6,6,0.5362173719051844,1,probabilities_updated,held_by_policy,below_minimum_change,updated,slow,0.2912006412553895,0.2851924068701414,0.1237971780376635,0.1216703432590984,0.4887151721843682,0.5039699422265688,0.0962870085225787,0.0891673076441912,-1.2299537378691028,-0.543492870700975,-0.543492870700975,-0.1894636964821787,-0.0914313685001479,-0.0914313685001479,1.0765051194295276,0.0303116966274241,0.3152708490568507,bc06878658e0a7cdf2d5a4a953a035d771c6d5c965f41d26f237bf8aa5ab5226
expected-tempo-governed-shadow-v1,2026-05-09|caulfield|1,2026-05-09,caulfield,1,V0,3,soft,0,0,0.0,0,"no_completed_races,insufficient_state_reliability,probabilities_held",held_by_policy,held_insufficient_evidence,held_insufficient_evidence,fast,0.4399521457308435,0.4399521457308435,0.1174557717223671,0.1174557717223671,0.310529309233985,0.310529309233985,0.1320627733128043,0.1320627733128043,0.5195054754759995,-0.2165828246898098,-0.2165828246898098,-0.0100171894971656,-0.4805173116373196,-0.4805173116373196,-0.0203568639681072,-0.2307314692259966,-0.2307314692259966,23d1723162dcd6fda87d39198dba52c9a2ffce73a98fb254fccccfc4c3ff366a
expected-tempo-governed-shadow-v1,2026-05-09|caulfield|2,2026-05-09,caulfield,2,V1,3,soft,1,1,0.1003675646834516,0,"insufficient_state_reliability,probabilities_held",held_by_policy,held_insufficient_evidence,held_insufficient_evidence,very_fast_or_collapse,0.2047968058864481,0.2047968058864481,0.0681852993430419,0.0681852993430419,0.6429658978609891,0.6429658978609891,0.0840519969095207,0.0840519969095207,2.367351993507228,-1.063202100339831,-1.063202100339831,0.2287920197343575,-0.2730250090918567,-0.2730250090918567,-2.1946732968902083,-0.3296838278807434,-0.3296838278807434,57ad83e401a25f7302ab8779ace540582f0a4d41ceb38b1d288a45f6090d8e1e
expected-tempo-governed-shadow-v1,2026-05-09|caulfield|3,2026-05-09,caulfield,3,V2,3,soft,2,2,0.3046922287210175,1,probabilities_updated,held_by_policy,updated,updated,even,0.2205693142035963,0.2428742933787598,0.0907646327665305,0.1036686734942948,0.5138241956425205,0.4741569142226891,0.1748418573873526,0.1793001189042562,-0.4465741607616385,-0.6898357945645242,-0.6898357945645242,-0.9034321944075078,-0.3067335839479516,-0.1580928562637029,-1.1731476654282469,-0.0867865765402565,-0.2261965409569756,bf19d2b91581ddc59cee898e646697a3db11fb44166b490762750a3d1226f964
expected-tempo-governed-shadow-v1,2026-05-09|caulfield|5,2026-05-09,caulfield,5,V3,3,soft,3,3,0.4197399581468303,1,probabilities_updated,held_by_policy,updated,updated,slow,0.2119798378605989,0.2234996677890498,0.0761059089051693,0.083804870331898,0.628189682202422,0.5856712134440025,0.0837245710318098,0.1070242484350495,-0.5960174175322137,-0.6898357945645242,-0.6898357945645242,0.1587943959453462,-0.3067335839479516,-0.4073332046311576,0.0956220057371606,-0.0867865765402565,-0.4118772572310487,6996336f22b99768bd5a6f3d570a42ecfe814f1aacdf4f566ab08fe7a8d4b83c
expected-tempo-governed-shadow-v1,2026-05-09|caulfield|6,2026-05-09,caulfield,6,V4,3,soft,4,4,0.3644001883052855,1,probabilities_updated,held_by_policy,capped,below_minimum_change,even,0.3866157826573283,0.3773666956818538,0.2122691307548242,0.1917362376142568,0.2566900741523145,0.2365526387457766,0.1444250124355328,0.1943444279581125,0.463604438063574,-0.2165828246898098,-0.2165828246898098,0.6001130156111275,-0.4805173116373196,0.01948268836268041,0.6863114379049203,-0.2307314692259966,-0.2307314692259966,3038ca2afed725f7edf31aac43a0f8d16930de4dd52a0885694a1d98c0b3acc7
expected-tempo-governed-shadow-v1,2026-05-09|caulfield|7,2026-05-09,caulfield,7,V5,3,soft,5,5,0.4985595894924939,1,probabilities_updated,held_by_policy,updated,updated,even,0.3196568604572289,0.3215646222406933,0.0771240246874822,0.0741373686523613,0.4854136543703149,0.4908755771112025,0.1178054604849738,0.1134224319957426,-0.0752165351311364,-0.1938276502384335,-0.1938276502384335,0.8029651898530917,0.0483572447358695,-0.08135699004393471,0.705862422708066,0.0729596199275976,0.2089138743632583,874e594fb2f409ff0f767ecafba07292d47de5200fa4341aed46b429a54c1b6a
expected-tempo-governed-shadow-v1,2026-05-09|caulfield|8,2026-05-09,caulfield,8,V6,3,soft,6,6,0.4507686089075662,1,probabilities_updated,held_by_policy,updated,updated,slow,0.2099152128167029,0.2211599414193343,0.0606819187533562,0.0692678131712712,0.643757811371701,0.6052304495949239,0.0856450570582398,0.1043417958144703,-0.99957319109319,-1.063202100339831,-1.063202100339831,0.949338315650986,-0.2730250090918567,0.1567237034131183,1.0746473568419177,-0.3296838278807434,-0.1961439697930555,f879fb365a3b7862392be316e2d0bd04ed31c4087766988708bea3bf42322113
expected-tempo-governed-shadow-v1,2026-05-09|caulfield|9,2026-05-09,caulfield,9,V7,3,soft,7,7,0.5094465844162476,1,probabilities_updated,held_by_policy,capped,capped,even,0.3580235050430225,0.3485610687969476,0.1203549643754753,0.1177415394492237,0.4127220383887628,0.3781558299754367,0.1088994921927393,0.1555415617783918,-0.3603021846043192,-0.2165828246898098,-0.2165828246898098,1.4257799717648951,-0.4805173116373196,0.01948268836268041,-0.9771294704691104,-0.2307314692259966,0.26926853077400337,ba919f7f9c32f4ff59453b09433c16052e9ba93b02349b61d693699fe60d88b9
expected-tempo-governed-shadow-v1,2026-05-16|flemington|1,2026-05-16,flemington,1,V0,3,good,0,0,0.0,0,"no_completed_races,insufficient_state_reliability,probabilities_held",held_by_policy,held_insufficient_evidence,held_insufficient_evidence,slow,0.3703585369043,0.3703585369043,0.1146456844766544,0.1146456844766544,0.4374268666657587,0.4374268666657587,0.0775689119532868,0.0775689119532868,-1.189424565098513,-0.543492870700975,-0.543492870700975,-0.4683963607476363,-0.0914313685001479,-0.0914313685001479,-2.09724470524755,0.0303116966274241,0.0303116966274241,06bd502a39dd01592b90cdbabc3614ff41291d992d4ccba537294cd4217d4e1c
expected-tempo-governed-shadow-v1,2026-05-16|flemington|2,2026-05-16,flemington,2,V1,3,good,1,1,0.1553624034969636,0,"insufficient_state_reliability,probabilities_held",held_by_policy,held_insufficient_evidence,held_insufficient_evidence,even,0.2138062579613907,0.2138062579613907,0.0757722871660871,0.0757722871660871,0.6343718716951329,0.6343718716951329,0.0760495831773893,0.0760495831773893,-0.0911687996206849,-0.7729903078174699,-0.7729903078174699,-1.325539502036154,-0.1219573814120377,-0.1219573814120377,-0.310816254637821,-0.0076088847512415,-0.0076088847512415,741a6d8c04a3c90ff6dcfdba59411f6918b34fc0a8bb52ddb81a8e448339e6c0
expected-tempo-governed-shadow-v1,2026-05-16|flemington|3,2026-05-16,flemington,3,V2,3,good,2,2,0.3756145616276808,1,probabilities_updated,held_by_policy,capped,capped,slow,0.329167705644636,0.3170444999103023,0.1104264040099853,0.1040608786121627,0.4748723688180437,0.4929359616649441,0.0855335215273349,0.0859586598125905,-1.523043650431018,-0.543492870700975,-0.543492870700975,-1.892321297420447,-0.0914313685001479,-0.5914313685001479,0.1370059355186792,0.0303116966274241,-0.4696883033725759,3c08bf2accbe8a3db8317437a4ab321af992538a55079051c2eaa117102eb65b
expected-tempo-governed-shadow-v1,2026-05-16|flemington|4,2026-05-16,flemington,4,V3,3,good,3,3,0.500618616762504,1,probabilities_updated,held_by_policy,capped,capped,slow,0.3782796164222951,0.3682473741327702,0.1446500819228297,0.1354433807333301,0.3636183607691637,0.3915281568489822,0.1134519408857114,0.1047810882849172,-2.378849130197026,-0.543492870700975,-0.543492870700975,-0.58081148732706,-0.0914313685001479,-0.5914313685001479,0.5164069877242652,0.0303116966274241,-0.4696883033725759,25c2b8fc1a65c695bd4fbce12d81a5fa000e3f3f511f0dd32d6eb152cc432acc
expected-tempo-governed-shadow-v1,2026-05-16|flemington|5,2026-05-16,flemington,5,V4,3,good,4,4,0.4893388534179405,1,probabilities_updated,held_by_policy,updated,updated,even,0.3333987632733369,0.356558874396752,0.2218811539692577,0.1809335244683253,0.2665424761428393,0.3053789835458125,0.178177606614566,0.1571286175891099,0.3292377268860582,-0.2238631647893108,-0.2238631647893108,0.3553557992598101,-0.1471918954703726,-0.5236597995280826,-0.6360242264877579,-0.0771309043603168,-0.2527653019460953,d87b33b10d53abea1fd35f99d0917bbcd86e79075e0ead886efa944dddb4243e
expected-tempo-governed-shadow-v1,2026-05-16|flemington|6,2026-05-16,flemington,6,V5,3,good,5,5,0.5304930085205501,1,probabilities_updated,held_by_policy,updated,updated,slow,0.2193047581306541,0.2001861908743882,0.0602702601247091,0.0656480793301495,0.6410969318589304,0.6537338614293324,0.0793280498857063,0.0804318683661296,-1.9687838384722145,-0.552586470177361,-0.552586470177361,-0.5956541772001067,-0.3672912458330949,-0.4476543807482542,0.373508323796181,0.0613464516250747,-0.1785724495934114,9e8eea75c48881da707a326493d6828748e8bc77adae5eaba89f1ef2858d7919
expected-tempo-governed-shadow-v1,2026-05-16|flemington|8,2026-05-16,flemington,8,V6,3,good,6,6,0.528674320599799,1,probabilities_updated,held_by_policy,below_minimum_change,updated,slow,0.3676883899219649,0.364723936810964,0.2038003779844505,0.1725201963817773,0.3039134945675753,0.3309829349262785,0.1245977375260093,0.1317729318809802,-0.5192654888025295,-0.2238631647893108,-0.2238631647893108,1.0934777624606191,-0.1471918954703726,-0.1471918954703726,-0.0013264321720248,-0.0771309043603168,-0.1877408792118159,cb4ecad9783931ef49f1319a473a758b18b52c2b9f534367b25cab8e0c86cb25
expected-tempo-governed-shadow-v1,2026-05-16|flemington|9,2026-05-16,flemington,9,V7,3,good,7,7,0.4910653855696565,1,probabilities_updated,held_by_policy,updated,updated,slow,0.2047902259553888,0.1830817530540581,0.0912548982278383,0.0816770937021028,0.6424389775604953,0.6730007375820111,0.0615158982562776,0.062240415661828,-1.7469680561857914,-1.041282988735088,-1.041282988735088,-0.7655438394247578,-0.1491475869323867,-0.0903293464632662,-0.7985002713086122,-0.1939324892439367,-0.1021831927980285,bf42392b6ac79b73d6c092f964be34d26184b4b9aeb484ce07569e7962ee9088
expected-tempo-governed-shadow-v1,2026-05-23|randwick|1,2026-05-23,randwick,1,V0,3,soft,0,0,0.0,0,"no_completed_races,insufficient_state_reliability,probabilities_held",held_by_policy,held_insufficient_evidence,held_insufficient_evidence,very_fast_or_collapse,0.3063785069723973,0.3063785069723973,0.0925426657827575,0.0925426657827575,0.4119370951874859,0.4119370951874859,0.1891417320573593,0.1891417320573593,3.127858247243123,-0.4450088173962322,-0.4450088173962322,-4.0,-0.2613483421373351,-0.2613483421373351,-2.918469632350644,-0.0873365665840547,-0.0873365665840547,d5926e5c2d215bc21927041ef4ef486458ed65fad986e3717c65b8b3d9839b1f
expected-tempo-governed-shadow-v1,2026-05-23|randwick|3,2026-05-23,randwick,3,V1,3,soft,1,1,0.172745301687593,0,"insufficient_state_reliability,probabilities_held",held_by_policy,held_insufficient_evidence,held_insufficient_evidence,even,0.3329716603450094,0.3329716603450094,0.0967531529729136,0.0967531529729136,0.3690536883315538,0.3690536883315538,0.201221498350523,0.201221498350523,-0.1260037682538712,-0.4450088173962322,-0.4450088173962322,-4.0,-0.2613483421373351,-0.2613483421373351,-4.0,-0.0873365665840547,-0.0873365665840547,8f1b6da652fc2d36491a6dabbebf298359952d3614b05ab139b42dd9b213bee2
expected-tempo-governed-shadow-v1,2026-05-23|randwick|4,2026-05-23,randwick,4,V2,3,soft,2,2,0.0509448650809271,0,"insufficient_state_reliability,probabilities_held",held_by_policy,held_insufficient_evidence,held_insufficient_evidence,slow,0.2207099019823308,0.2207099019823308,0.0707185298373511,0.0707185298373511,0.6149769998939124,0.6149769998939124,0.0935945682864055,0.0935945682864055,-0.829623634156213,-0.4810644313131096,-0.4810644313131096,-2.8221370689397283,-0.1504130603133176,-0.1504130603133176,-3.0513961958721176,-0.153630193082401,-0.153630193082401,80af10d919e94054f9db90b5bd7a85f0050654dec1044fa1b4a6c4a073c5fc3a
expected-tempo-governed-shadow-v1,2026-05-23|sportsbet-sandown-hillside|1,2026-05-23,sportsbet-sandown-hillside,1,V0,3,soft,0,0,0.0,0,"no_completed_races,insufficient_state_reliability,probabilities_held",held_by_policy,held_insufficient_evidence,held_insufficient_evidence,even,0.4187239665244091,0.4187239665244091,0.1387032993702048,0.1387032993702048,0.3373161110931655,0.3373161110931655,0.1052566230122205,0.1052566230122205,0.0275302350806847,-0.2165828246898098,-0.2165828246898098,0.7370401343894115,-0.4805173116373196,-0.4805173116373196,-0.7540691173977219,-0.2307314692259966,-0.2307314692259966,043fffb627c59ff23a97464a499caa9abb34847865d10a6073604bd46f11e204
expected-tempo-governed-shadow-v1,2026-05-23|sportsbet-sandown-hillside|2,2026-05-23,sportsbet-sandown-hillside,2,V1,3,soft,1,1,0.0462438074282714,0,"insufficient_state_reliability,probabilities_held",held_by_policy,held_insufficient_evidence,held_insufficient_evidence,slow,0.1916457638149164,0.1916457638149164,0.0690300074913285,0.0690300074913285,0.6548625135071777,0.6548625135071777,0.0844617151865773,0.0844617151865773,-4.0,-1.056774915850998,-1.056774915850998,-1.6245798937930864,-0.2791097701747049,-0.2791097701747049,-1.7319182082044158,-0.0338932725824823,-0.0338932725824823,38dfa536c68eb78f58d5c9238de278f6aaac765578a47653610043982e9b93ee
expected-tempo-governed-shadow-v1,2026-05-23|sportsbet-sandown-hillside|3,2026-05-23,sportsbet-sandown-hillside,3,V2,3,soft,2,2,0.2359756536357357,1,"probabilities_updated,probability_cap_applied",held_by_policy,updated,updated,fast,0.3461543706483226,0.3148315020818707,0.0856082058291294,0.07047107789806403,0.4475274846238893,0.4975274846238893,0.1207099388986586,0.11716993539617566,0.6469729123823046,-0.1938276502384335,-0.1938276502384335,-2.193488544248271,0.0483572447358695,-0.2633774072398985,-2.1260636929557504,0.0729596199275976,-0.136591141885554,57335313d4fc7f9b05796e1dd04d0bdf8fc46ecfce9f162bdb49ac24dffe4259
expected-tempo-governed-shadow-v1,2026-05-23|sportsbet-sandown-hillside|4,2026-05-23,sportsbet-sandown-hillside,4,V3,3,soft,3,3,0.3343542875289516,1,probabilities_updated,held_by_policy,capped,capped,slow,0.225225651376603,0.2055501709842972,0.0712369859325542,0.0655273771802673,0.617089884365603,0.6456765855755117,0.0864474783252396,0.0832458662599234,-2.429493768527123,-0.591098618868857,-0.591098618868857,-0.754269236403929,-0.1604242968556835,-0.6604242968556835,-0.68754541933743,0.0190549104415307,-0.4809450895584693,4c27b8ac7c7623337fc84d718b19b318f4f0f5a54496f224c1feaec85286f934
expected-tempo-governed-shadow-v1,2026-05-23|sportsbet-sandown-hillside|5,2026-05-23,sportsbet-sandown-hillside,5,V4,3,soft,4,4,0.4017067742362872,1,probabilities_updated,held_by_policy,updated,updated,slow,0.3919090536267506,0.377213095695529,0.1501730334406828,0.1347599752371819,0.3323289915817223,0.3230516553730405,0.1255889213508441,0.1649752736942483,-1.5784001446255156,-0.2165828246898098,-0.2165828246898098,0.7631023739364154,-0.4805173116373196,-0.3323358543566653,0.5134087607814198,-0.2307314692259966,-0.6667975686564559,06a1a716e22ae6c7ff3e5223f90cc2ef946c31165949e036b9a11a3eb7c82499
expected-tempo-governed-shadow-v1,2026-05-23|sportsbet-sandown-hillside|6,2026-05-23,sportsbet-sandown-hillside,6,V5,3,soft,5,5,0.4735402032943496,1,probabilities_updated,held_by_policy,updated,capped,slow,0.2219028545017145,0.2214517839946273,0.0761009024510416,0.0680455286513685,0.595132350804991,0.6099421814265482,0.1068638922422528,0.1005605059274559,-0.860749078918769,-0.6898357945645242,-0.6898357945645242,-2.4248221518373434,-0.3067335839479516,-0.5403377380237012,-1.065509854883811,-0.0867865765402565,-0.5867865765402565,02f443c1e65f19ff2d249b09a87057de3f27f8ed419c47ed077c5ff0d0fa364e
expected-tempo-governed-shadow-v1,2026-05-23|sportsbet-sandown-hillside|7,2026-05-23,sportsbet-sandown-hillside,7,V6,3,soft,6,6,0.5558139889733107,1,probabilities_updated,held_by_policy,capped,capped,slow,0.1803327512345206,0.1734574598672078,0.0743214560786969,0.0710244348838343,0.6654830328058092,0.6760479616688546,0.0798627598809732,0.079470143580103,-0.901359910344922,-0.6898357945645242,-0.6898357945645242,-3.237555645487653,-0.3067335839479516,-0.8067335839479516,-0.7686377121493345,-0.0867865765402565,-0.5867865765402565,4a3c81b52880bd13e1249830154988729bddbd6991ef4680a349201a114a15c4
expected-tempo-governed-shadow-v1,2026-05-23|sportsbet-sandown-hillside|8,2026-05-23,sportsbet-sandown-hillside,8,V7,3,soft,7,7,0.5754002144356253,1,"probabilities_updated,probability_cap_applied",held_by_policy,capped,capped,fast,0.3166887373525401,0.2919642999688352,0.0850615848824083,0.07615166601283847,0.4658684482116114,0.5158684482116114,0.1323812295534401,0.11601558580671471,0.5998536576611081,-0.1938276502384335,-0.1938276502384335,-1.0646920252895054,0.0483572447358695,-0.4516427552641305,-2.2120875498564034,0.0729596199275976,-0.4270403800724024,4669011e4151a5d3449dbf70b27845c1a0277a4e55e7c293ba870af2e0e1dfe3
expected-tempo-governed-shadow-v1,2026-05-23|sportsbet-sandown-hillside|9,2026-05-23,sportsbet-sandown-hillside,9,V8,3,soft,8,8,0.620049809235918,1,"probabilities_updated,probability_cap_applied",held_by_policy,capped,capped,even,0.3298513667354885,0.29517040480968143,0.1193585281408789,0.10978841783109972,0.4340568440719545,0.4840568440719545,0.1167332610516779,0.11098433328726393,0.4557643424991841,-0.1938276502384335,-0.1938276502384335,-2.885817075876305,0.0483572447358695,-0.4516427552641305,-1.4894871518909238,0.0729596199275976,-0.4270403800724024,3735de05c592b35fe06189e12a04b6032eb50fe9ef623bfa5d7f1a3454c79066
expected-tempo-governed-shadow-v1,2026-05-30|caulfield|1,2026-05-30,caulfield,1,V0,3,heavy,0,0,0.0,0,"no_completed_races,insufficient_state_reliability,probabilities_held",held_by_policy,held_insufficient_evidence,held_insufficient_evidence,slow,0.2485740263648843,0.2485740263648843,0.0839952813267033,0.0839952813267033,0.5661354241776808,0.5661354241776808,0.1012952681307314,0.1012952681307314,-2.678125074392388,-0.3995526128356922,-0.3995526128356922,-4.0,-0.1838199561862199,-0.1838199561862199,-1.0639854233997132,-0.0453364118703507,-0.0453364118703507,45f9b699bc841b59fd15f0cc540ad62de5b9aa624ac53df25f29aefc913c76e5
expected-tempo-governed-shadow-v1,2026-05-30|caulfield|2,2026-05-30,caulfield,2,V1,3,heavy,1,1,0.3333333333333333,1,"probabilities_updated,probability_cap_applied",held_by_policy,capped,capped,even,0.2505712711882062,0.22821065232075693,0.082224896543819,0.07051482755390508,0.5718137859936498,0.6218137859936499,0.0953900462743249,0.07946073413168797,-0.3670023250093253,-0.3995526128356922,-0.3995526128356922,-0.8301424732019704,-0.1838199561862199,-0.6838199561862199,-4.0,-0.0453364118703507,-0.5453364118703508,84e6aa32e0051253c3fc85e8a9f165d38fa679c4854abfbc825c311cf159414d
expected-tempo-governed-shadow-v1,2026-05-30|caulfield|3,2026-05-30,caulfield,3,V2,3,heavy,2,2,0.3966869491876508,1,"probabilities_updated,probability_cap_applied",held_by_policy,capped,capped,slow,0.2413221682946558,0.21846559909642185,0.0870752565819919,0.0756475972516766,0.5633826852543271,0.6133826852543272,0.1082198898690251,0.09250411839757425,-1.7772296202081608,-0.3995526128356922,-0.3995526128356922,-0.7869058860560277,-0.1838199561862199,-0.6838199561862199,-0.7667894949839209,-0.0453364118703507,-0.5453364118703508,0183e98aafffb782624b44e7fc9557fc38fcbd1f69c747797b71456cd7c40511
expected-tempo-governed-shadow-v1,2026-05-30|caulfield|4,2026-05-30,caulfield,4,V3,3,heavy,3,3,0.4291540674435721,1,probabilities_updated,held_by_policy,capped,capped,even,0.2075078125315768,0.1991927302113197,0.0703313862084899,0.0589243497442717,0.6333627249723819,0.6663520414426858,0.0887980762875513,0.0755308786017225,-0.2642334934032043,-0.3995526128356922,-0.3995526128356922,-1.4536438781822951,-0.1838199561862199,-0.6838199561862199,-2.27812695292606,-0.0453364118703507,-0.5453364118703508,bd9c86902030948d76782a630db116bb56970c453eb94055652361d5c49810ac
expected-tempo-governed-shadow-v1,2026-05-30|caulfield|5,2026-05-30,caulfield,5,V4,3,heavy,4,4,0.5300629490103632,1,probabilities_updated,held_by_policy,capped,capped,even,0.2115226446797316,0.1987588827074602,0.0698189566577911,0.0646842684974713,0.6283009926326351,0.6575136040586598,0.0903574060298422,0.0790432447364085,-0.4033037530890975,-0.3995526128356922,-0.3995526128356922,-1.593193690487802,-0.1838199561862199,-0.6838199561862199,-2.002824602119287,-0.0453364118703507,-0.5453364118703508,f2d461eb48e5ff04453625941c09537bfdf7c259185094bda69cd996cca34d32
expected-tempo-governed-shadow-v1,2026-05-30|caulfield|8,2026-05-30,caulfield,8,V5,3,heavy,5,5,0.4258343955750926,1,"probabilities_updated,probability_cap_applied",held_by_policy,capped,capped,slow,0.3110911916501099,0.28970227196583076,0.1467181641586684,0.1288191953108206,0.4045998900443202,0.45459989004432017,0.1375907541469014,0.1268786426790283,-0.891699648121602,-0.3995526128356922,-0.3995526128356922,-1.2414540065728707,-0.1838199561862199,-0.6838199561862199,-3.158865056882068,-0.0453364118703507,-0.5453364118703508,d7d3b6f962ad740573df6678e0f00948416e0c13ce85026af3e82e9803ea0f66
expected-tempo-governed-shadow-v1,2026-05-30|caulfield|9,2026-05-30,caulfield,9,V6,3,heavy,6,6,0.5359791379965417,1,"probabilities_updated,probability_cap_applied",held_by_policy,capped,capped,slow,0.2652937184262525,0.2443397772148536,0.1805248830912013,0.15243325970447139,0.4439547261104181,0.4939547261104181,0.110226672372128,0.10927223697025672,-0.694328722990616,-0.3995526128356922,-0.3995526128356922,-2.17912399215517,-0.1838199561862199,-0.6838199561862199,-4.0,-0.0453364118703507,-0.5453364118703508,a1e8e3d4b24b9e9daf6e9f3866fa49214ab8b23176a181434f39be4bc79a96d6
expected-tempo-governed-shadow-v1,2026-05-30|rosehill|1,2026-05-30,rosehill,1,V0,3,heavy,0,0,0.0,0,"no_completed_races,insufficient_state_reliability,probabilities_held",held_by_policy,held_insufficient_evidence,held_insufficient_evidence,very_fast_or_collapse,0.3047105304734839,0.3047105304734839,0.0756104366065956,0.0756104366065956,0.4960800801695894,0.4960800801695894,0.1235989527503308,0.1235989527503308,3.922614462946831,-0.4593124602497817,-0.4593124602497817,2.3541050036634217,0.0226960665147174,0.0226960665147174,-0.1489135443000284,0.070935114246211,0.070935114246211,d8c65f614604dd7efec892bd2f846a5aba6af30c343eaf54aae2c4c6d29653b3
expected-tempo-governed-shadow-v1,2026-05-30|rosehill|5,2026-05-30,rosehill,5,V1,3,heavy,1,1,0.1039331441111964,0,"insufficient_state_reliability,probabilities_held",held_by_policy,held_insufficient_evidence,held_insufficient_evidence,even,0.3343961920588538,0.3343961920588538,0.0677706445199431,0.0677706445199431,0.4869887140193297,0.4869887140193297,0.1108444494018732,0.1108444494018732,0.1025723274780069,-0.1914370311419786,-0.1914370311419786,3.174074162242812,-0.4759187690847769,-0.4759187690847769,-0.5606156961883371,-0.2558226132517278,-0.2558226132517278,e78283306bd99e385c17e2dc69a2e7eba17a354a721626c37ce8680b727d6222
expected-tempo-governed-shadow-v1,2026-05-30|rosehill|6,2026-05-30,rosehill,6,V2,3,heavy,2,2,0.2179555131366768,1,"probabilities_updated,probability_cap_applied",held_by_policy,capped,capped,very_fast_or_collapse,0.3641971244471006,0.3501500281805851,0.0677499708351837,0.0684191722044952,0.4550418904400465,0.41841978533725044,0.1130110142776691,0.16301101427766912,0.9138261902586114,-0.1914370311419786,-0.1914370311419786,1.084475338766295,-0.4759187690847769,0.024081230915223073,-0.254028987335333,-0.2558226132517278,0.24417738674827222,a7e0aaaf9fcf84c0f6ef647a34ea8dd87adfc6480f306f25ee81d7ddf0251618
expected-tempo-governed-shadow-v1,2026-05-30|rosehill|8,2026-05-30,rosehill,8,V3,3,heavy,3,3,0.2613420941664517,1,probabilities_updated,held_by_policy,updated,updated,very_fast_or_collapse,0.3181445210204117,0.3165856837729978,0.1063376281362388,0.0982550471559963,0.4323677740838579,0.4215996929528741,0.1431500767594914,0.1635595761181314,1.5175290984927727,-0.4593124602497817,-0.4593124602497817,1.7179183971420855,0.0226960665147174,0.4791294804603304,-0.1481340230453493,0.070935114246211,0.23164857394102373,c333314e4cfbddf037d80b29f0c21c1936b4e4cc0931d060ba7b766254ff330c
expected-tempo-governed-shadow-v1,2026-05-30|rosehill|9,2026-05-30,rosehill,9,V4,3,heavy,4,4,0.2185934580505859,1,probabilities_updated,held_by_policy,capped,updated,very_fast_or_collapse,0.2897787639680657,0.2852608660845779,0.0715167885616448,0.0707888908975259,0.4660902189985276,0.4491857035147398,0.1726142284717618,0.1947645395031562,3.3786703020786115,-0.4929010823353884,-0.4929010823353884,3.6369599775698895,-0.3635659699678882,0.1364340300321118,1.6292893670473525,-0.2108674866078711,-0.0852045384643875,1c2a27bf53bf6fd1a8d3f20b388159eeb5657e819122fc2c705e911461a3ac2b
expected-tempo-governed-shadow-v1,2026-06-06|flemington|1,2026-06-06,flemington,1,V0,3,heavy,0,0,0.0,0,"no_completed_races,insufficient_state_reliability,probabilities_held",held_by_policy,held_insufficient_evidence,held_insufficient_evidence,slow,0.3265968289782581,0.3265968289782581,0.1108940051823969,0.1108940051823969,0.4645047163666702,0.4645047163666702,0.0980044494726747,0.0980044494726747,-1.3339928354092796,-0.3995526128356922,-0.3995526128356922,-3.5410764872521523,-0.1838199561862199,-0.1838199561862199,-1.6609334952111203,-0.0453364118703507,-0.0453364118703507,797baa1f2b20532e44d63608cc42ad9187eb65c1c07586745931dbb22752b2f0
expected-tempo-governed-shadow-v1,2026-06-06|flemington|2,2026-06-06,flemington,2,V1,3,heavy,1,1,0.1785092123162197,0,"insufficient_state_reliability,probabilities_held",held_by_policy,held_insufficient_evidence,held_insufficient_evidence,slow,0.2282974660720868,0.2282974660720868,0.0892295582782374,0.0892295582782374,0.5885149076175116,0.5885149076175116,0.0939580680321641,0.0939580680321641,-2.0795768597420574,-0.3995526128356922,-0.3995526128356922,0.2521460783090066,-0.1838199561862199,-0.1838199561862199,1.617287235430079,-0.0453364118703507,-0.0453364118703507,484e7bd71520424e25490ed8b9bb8e1a97eeac3a7882d165964d71c158033383
expected-tempo-governed-shadow-v1,2026-06-06|flemington|3,2026-06-06,flemington,3,V2,3,heavy,2,2,0.4052941200628158,1,probabilities_updated,held_by_policy,updated,capped,slow,0.3026565726434355,0.2987227546102187,0.0904608307637484,0.0787117202286388,0.4723563574275661,0.5135166884325807,0.13452623916525,0.1090488367285616,-1.942652022530612,-0.3995526128356922,-0.3995526128356922,-0.3277899018017117,-0.1838199561862199,-0.3454339657437618,0.6111407986417839,-0.0453364118703507,0.4546635881296493,f32954a220ad9e80bbd00213a3146514a8d57143e5b838a6759b0efe1daedbb4
expected-tempo-governed-shadow-v1,2026-06-06|flemington|4,2026-06-06,flemington,4,V3,3,heavy,3,3,0.4338815235589556,1,"probabilities_updated,probability_cap_applied",held_by_policy,capped,below_minimum_change,fast,0.3303677418133189,0.31863094960657906,0.1131914072692788,0.09894791826003198,0.4081407770422022,0.4581407770422022,0.1483000738751999,0.1242803550911864,0.6653347763162795,-0.3995526128356922,-0.3995526128356922,1.142965512920593,-0.1838199561862199,-0.6838199561862199,0.7598693366255368,-0.0453364118703507,-0.0453364118703507,acf1e721a1d2e58f7c81e2b4f2b41e483bff1744698082f0a28ef06892faada9
expected-tempo-governed-shadow-v1,2026-06-06|flemington|5,2026-06-06,flemington,5,V4,3,heavy,4,4,0.5201984671105965,1,probabilities_updated,held_by_policy,updated,capped,slow,0.3066651889694326,0.2941737730157333,0.0973398077235095,0.0970739565963075,0.505276721806157,0.5276083734280347,0.0907182815009007,0.0811438969599243,-0.7810153169461491,-0.3995526128356922,-0.3995526128356922,-0.4412556370407648,-0.1838199561862199,-0.1115300657161827,2.6606983550623826,-0.0453364118703507,0.4546635881296493,5b7dd4478d27dca7570327116a458a0cea2ff20edad72cc043049f22f409eefe
expected-tempo-governed-shadow-v1,2026-06-06|flemington|6,2026-06-06,flemington,6,V5,3,heavy,5,5,0.5843025775549167,1,probabilities_updated,held_by_policy,updated,capped,slow,0.2956691457606195,0.3167336233791545,0.1034589190900673,0.1056869652956527,0.5032013190917891,0.4920245160682571,0.097670616057524,0.0855548952569354,-0.6500222416355612,-0.3995526128356922,-0.3995526128356922,0.4412556370407604,-0.1838199561862199,0.14501113254069112,-0.4248173844217189,-0.0453364118703507,0.4546635881296493,fefd008a5ef3a3fe98d7a1c988ecd901e48ace0c2c5018315aac32c1fd61ffa0
expected-tempo-governed-shadow-v1,2026-06-06|flemington|7,2026-06-06,flemington,7,V6,3,heavy,6,6,0.42838875562026,1,probabilities_updated,held_by_policy,updated,capped,slow,0.2207316910676406,0.1946920315576893,0.0694498353039135,0.0609819455783758,0.6177333000893293,0.6577383780209788,0.0920851735391164,0.0865876448429558,-4.0,-0.3995526128356922,-0.3995526128356922,-0.3088789459285354,-0.1838199561862199,0.2456441547385729,1.6321931085676855,-0.0453364118703507,0.4546635881296493,946e8d34ddaa18180ffdb88e282fd3fe6a2703fa599e176404585b8b6613c4c8
expected-tempo-governed-shadow-v1,2026-06-06|flemington|8,2026-06-06,flemington,8,V7,3,heavy,7,7,0.5296299118909331,1,"probabilities_updated,probability_cap_applied",held_by_policy,capped,capped,slow,0.2615527090324714,0.24102440563710525,0.0860789625503044,0.07179066980195457,0.5347504162227594,0.5847504162227595,0.1176179121944647,0.10243450833818052,-4.0,-0.3995526128356922,-0.3995526128356922,-0.4664702448716651,-0.1838199561862199,0.31618004381378007,-1.468228504054028,-0.0453364118703507,0.4546635881296493,b3aa6ff3dc06af9179cab846530b64ecfc3d7cd45c946313b1fb66995f45fd61
expected-tempo-governed-shadow-v1,2026-06-06|flemington|9,2026-06-06,flemington,9,V8,3,heavy,8,8,0.5566580447407624,1,"probabilities_updated,probability_cap_applied",held_by_policy,capped,capped,fast,0.3026006543977386,0.2634603975623368,0.1872624584015724,0.15231531762847123,0.4089809444477783,0.4589809444477783,0.1011559427529106,0.12524334036141335,0.5664501581848689,-0.3995526128356922,-0.3995526128356922,1.8908318361896173,-0.1838199561862199,0.31618004381378007,0.774099099483695,-0.0453364118703507,0.4546635881296493,d73b564abc35721e733b71a0d6f0e01a8fdbbee2cbbf5f3385b3d62c79998202
expected-tempo-governed-shadow-v1,2026-06-06|randwick|4,2026-06-06,randwick,4,V0,3,soft,0,0,0.0,0,"no_completed_races,insufficient_state_reliability,probabilities_held",held_by_policy,held_insufficient_evidence,held_insufficient_evidence,slow,0.3432790064965454,0.3432790064965454,0.0999014233946345,0.0999014233946345,0.4113473883645662,0.4113473883645662,0.1454721817442538,0.1454721817442538,-0.974639147443678,-0.3995526128356922,-0.3995526128356922,-1.4404378931195103,-0.1838199561862199,-0.1838199561862199,-2.444395083215922,-0.0453364118703507,-0.0453364118703507,025868e4b19b2b0fcd5cc07b92cfeba9a637c2fdfbbaa24bdc772f4922bf9e03
expected-tempo-governed-shadow-v1,2026-06-06|randwick|5,2026-06-06,randwick,5,V1,3,soft,1,1,0.1573250063678005,0,"insufficient_state_reliability,probabilities_held",held_by_policy,held_insufficient_evidence,held_insufficient_evidence,even,0.2866343900475419,0.2866343900475419,0.0771791268953879,0.0771791268953879,0.5273478404698787,0.5273478404698787,0.1088386425871914,0.1088386425871914,-0.0476461463647873,-0.4400072838560512,-0.4400072838560512,0.2217817073533201,-0.4101328308267544,-0.4101328308267544,-1.9751299373068825,-0.1856388236407478,-0.1856388236407478,bee0b7143fe862368fcb3d7b0f1af208b8973f3fd3662d56fa9df82385521597
expected-tempo-governed-shadow-v1,2026-06-06|randwick|6,2026-06-06,randwick,6,V2,3,soft,2,2,0.1509912656686229,0,"insufficient_state_reliability,probabilities_held",held_by_policy,held_insufficient_evidence,held_insufficient_evidence,very_fast_or_collapse,0.3931533279243143,0.3931533279243143,0.1241287101709074,0.1241287101709074,0.3228426087379916,0.3228426087379916,0.1598753531667866,0.1598753531667866,4.0,-0.33657608121427,-0.33657608121427,-4.0,-0.1343383330400182,-0.1343383330400182,-4.0,-0.0038203949622392,-0.0038203949622392,f357c8fda5525657854b58ea4e836c4314f567d78a5e18c5bc7713ad9de21095
expected-tempo-governed-shadow-v1,2026-06-06|randwick|7,2026-06-06,randwick,7,V3,3,soft,3,3,0.3234993531065758,1,probabilities_updated,held_by_policy,capped,capped,very_fast_or_collapse,0.3078346268096944,0.309498764323999,0.1516541722516849,0.1649745926640896,0.3170714721895708,0.3087774777451997,0.2234397287490498,0.2167491652667114,3.311749629030085,-0.4450088173962322,-0.4450088173962322,0.3143812861967165,-0.2613483421373351,-0.761348342137335,-0.4462796002551867,-0.0873365665840547,-0.5873365665840546,b079e6b3e54e489636824f996ea920fdb278ab9de4d59b45fd051613458162cc
expected-tempo-governed-shadow-v1,2026-06-13|rosehill|1,2026-06-13,rosehill,1,V0,3,soft,0,0,0.0,0,"no_completed_races,insufficient_state_reliability,probabilities_held",held_by_policy,held_insufficient_evidence,held_insufficient_evidence,very_fast_or_collapse,0.3646803785880043,0.3646803785880043,0.1186204960785216,0.1186204960785216,0.307159178315801,0.307159178315801,0.2095399470176731,0.2095399470176731,4.0,0.1843080178977758,0.1843080178977758,1.629569674895452,-0.4188407529578543,-0.4188407529578543,-1.4106996276634802,-0.1692882683091953,-0.1692882683091953,b5aca583aa26cd822da012cb85adef7abd03bcc5b5d380f53d6541f653adce5e
expected-tempo-governed-shadow-v1,2026-06-13|rosehill|4,2026-06-13,rosehill,4,V1,3,soft,1,1,0.0966102933351821,0,"insufficient_state_reliability,probabilities_held",held_by_policy,held_insufficient_evidence,held_insufficient_evidence,slow,0.324766842277781,0.324766842277781,0.0761887262748551,0.0761887262748551,0.4870291619392557,0.4870291619392557,0.112015269508108,0.112015269508108,-1.2219977069676706,-0.4400072838560512,-0.4400072838560512,0.1467511275848728,-0.4101328308267544,-0.4101328308267544,-0.2902636095954404,-0.1856388236407478,-0.1856388236407478,1d088c3e670cba36d59535f8c7a648914d56d12bfb2ceca84edf13cf404b2fa9
expected-tempo-governed-shadow-v1,2026-06-13|rosehill|5,2026-06-13,rosehill,5,V2,3,soft,2,2,0.2676344035482438,1,"probabilities_updated,probability_cap_applied",held_by_policy,capped,updated,slow,0.4050655935875655,0.40127590373163363,0.1464036619678749,0.1316090575840583,0.2516390606556747,0.2202233548954231,0.1968916837888849,0.24689168378888493,-3.316761899811473,0.1843080178977758,0.1843080178977758,0.4640496425198972,-0.4188407529578543,0.08115924704214572,-0.705349813831737,-0.1692882683091953,-0.016958091738821096,1d1efb5b4fb66a701c1f31bd038e898f1adc73ca9c9828b5b22e19fc3cd14704
expected-tempo-governed-shadow-v1,2026-06-13|rosehill|7,2026-06-13,rosehill,7,V3,3,soft,3,3,0.3443256644632904,1,probabilities_updated,held_by_policy,capped,updated,very_fast_or_collapse,0.3087850116161451,0.3144722665669516,0.1382592997238926,0.1147112060557977,0.3869223594497907,0.3864667182808988,0.1660333292101717,0.1843498090963517,4.0,-0.4450088173962322,-0.4450088173962322,3.0508942492604265,-0.2613483421373351,0.2386516578626649,-0.4305260166871895,-0.0873365665840547,-0.2713446730306151,8751d2fa8bf74f7b3bac1bd24525bf30a4283b1102488601565c0c8e5a12ff08
expected-tempo-governed-shadow-v1,2026-06-13|rosehill|8,2026-06-13,rosehill,8,V4,3,soft,4,4,0.193190952493018,0,"insufficient_state_reliability,probabilities_held",held_by_policy,held_insufficient_evidence,held_insufficient_evidence,fast,0.2783899955728132,0.2783899955728132,0.0791723038641303,0.0791723038641303,0.5295499260406984,0.5295499260406984,0.1128877745223579,0.1128877745223579,0.5901794145420208,-0.4810644313131096,-0.4810644313131096,1.2555904907179594,-0.1504130603133176,-0.1504130603133176,-0.8910703611433992,-0.153630193082401,-0.153630193082401,eaad0a26bca91620714e91aa8bb7c4c7473cf9b9a4d0fb8d5d62723622b4d3dc
expected-tempo-governed-shadow-v1,2026-06-13|rosehill|9,2026-06-13,rosehill,9,V5,3,soft,5,5,0.4208178547240174,1,"probabilities_updated,probability_cap_applied",held_by_policy,capped,updated,slow,0.2879019568812663,0.29188598038605235,0.1544566058834306,0.14518164693801844,0.4001210094704138,0.3554119449110398,0.1575204277648892,0.20752042776488921,-1.4583583988683184,-0.4450088173962322,-0.4450088173962322,-0.3999887062012298,-0.2613483421373351,0.2386516578626649,-0.4649680980221659,-0.0873365665840547,0.0727698648526254,314fc5efeb4e41ef2c728cc5bfb43edff9da85ccb6ff224af424fc94d1e5966b
expected-tempo-governed-shadow-v1,2026-06-13|sportsbet-sandown-hillside|1,2026-06-13,sportsbet-sandown-hillside,1,V0,3,soft,0,0,0.0,0,"no_completed_races,insufficient_state_reliability,probabilities_held",held_by_policy,held_insufficient_evidence,held_insufficient_evidence,slow,0.3968920247915927,0.3968920247915927,0.1125622628547543,0.1125622628547543,0.3568674228919881,0.3568674228919881,0.1336782894616648,0.1336782894616648,-2.17816777002306,-0.2165828246898098,-0.2165828246898098,0.8632564132305947,-0.4805173116373196,-0.4805173116373196,1.360560414356239,-0.2307314692259966,-0.2307314692259966,9aec24f8453f5f878d03577c822356dfa26deb02777bcfc7e9fad8f1fb1b22f7
expected-tempo-governed-shadow-v1,2026-06-13|sportsbet-sandown-hillside|2,2026-06-13,sportsbet-sandown-hillside,2,V1,3,soft,1,1,0.2637669986665615,1,probabilities_updated,held_by_policy,updated,capped,very_fast_or_collapse,0.2584795036637631,0.2762653990494265,0.1941108819905752,0.1524221478011138,0.426582695893278,0.4626179576840636,0.1208269184523836,0.1086944954653958,1.4984852793018597,0.0549272241480799,0.0549272241480799,1.5815645394623707,-0.0778969436858902,0.1699601266011785,0.4117943584172903,0.1111965881819699,0.6111965881819699,db06cad9ba3ff16fd2786204303615c35c6e63bf31d88c64b37a1909f9050d4a
expected-tempo-governed-shadow-v1,2026-06-13|sportsbet-sandown-hillside|3,2026-06-13,sportsbet-sandown-hillside,3,V2,3,soft,2,2,0.2909551043628658,1,probabilities_updated,held_by_policy,capped,capped,even,0.1359327460691219,0.1538340088764016,0.0484956596629131,0.0547445340354555,0.7375418441934837,0.7033158681438022,0.0780297500744812,0.0881055889443405,-0.1772429461606005,-0.6898357945645242,-0.6898357945645242,-0.0811052609031441,-0.3067335839479516,0.19326641605204842,-0.537611798874982,-0.0867865765402565,0.4132134234597435,03bca02b439e8ba32f143f38672eb4be3bc4044513d1223653fe213f381becc4
expected-tempo-governed-shadow-v1,2026-06-13|sportsbet-sandown-hillside|4,2026-06-13,sportsbet-sandown-hillside,4,V3,3,soft,3,3,0.4555197088492871,1,probabilities_updated,held_by_policy,updated,capped,slow,0.3275461926213067,0.3385380380818356,0.106484746982403,0.1039295752726316,0.3891066169559649,0.3982947619479641,0.1768624434403255,0.1592376246975685,-1.7476952683974811,-0.1938276502384335,-0.1938276502384335,0.4496605063177317,0.0483572447358695,0.4419677718004055,0.472143531633618,0.0729596199275976,0.5729596199275976,b128df7d16014e74c5d496ebe7abcd2a4716e51e8ef383b0d53e3e8ed01a64ac
expected-tempo-governed-shadow-v1,2026-06-13|sportsbet-sandown-hillside|5,2026-06-13,sportsbet-sandown-hillside,5,V4,3,soft,4,4,0.5452061784551328,1,probabilities_updated,held_by_policy,updated,capped,slow,0.3254118383269168,0.3307803923283846,0.0932509416435009,0.0858542298533468,0.4590947450823452,0.4713569481514936,0.1222424749472371,0.1120084296667747,-3.874168598767043,-0.1938276502384335,-0.1938276502384335,0.5253245338231112,0.0483572447358695,0.4882794171268622,0.9395537947796796,0.0729596199275976,0.5729596199275976,a2c15e040e11878feb06eecc56b9e168a7aba6e2bc3f85798d75f022c5cab606
expected-tempo-governed-shadow-v1,2026-06-13|sportsbet-sandown-hillside|6,2026-06-13,sportsbet-sandown-hillside,6,V5,3,soft,5,5,0.5125790606326841,1,probabilities_updated,held_by_policy,capped,capped,even,0.3562862776381399,0.3671483570065118,0.2357721863899083,0.1990237046699448,0.2656863643536571,0.2595905834666662,0.1422551716182946,0.174237354856877,0.3670564900974079,-0.2165828246898098,-0.2165828246898098,1.2985141242588367,-0.4805173116373196,0.01948268836268041,0.796360643818584,-0.2307314692259966,0.26926853077400337,db874c0772b2b6a44b7221b926587e1ff29c9bfecbdfb858c4d7aca58f6b1df2
expected-tempo-governed-shadow-v1,2026-06-13|sportsbet-sandown-hillside|7,2026-06-13,sportsbet-sandown-hillside,7,V6,3,soft,6,6,0.2439762547109607,1,probabilities_updated,held_by_policy,capped,updated,slow,0.1820518555285754,0.1615881586317639,0.0694474225237535,0.0648833594885291,0.6669458041205484,0.6813611528341036,0.0815549178271227,0.0921673290456032,-3.716594528751612,-1.056774915850998,-1.056774915850998,-0.3023579266619233,-0.2791097701747049,0.2208902298252951,0.2058971792086502,-0.0338932725824823,-0.21747268680746312,7c5dbf2da8ac9ef49cfa82552eb9a877878574410248ea3ab9182548bf2d0e10
expected-tempo-governed-shadow-v1,2026-06-13|sportsbet-sandown-hillside|8,2026-06-13,sportsbet-sandown-hillside,8,V7,3,soft,7,7,0.4782569364995681,1,probabilities_updated,held_by_policy,capped,updated,slow,0.2183259859393512,0.1965835836948533,0.0907870272250377,0.0745538515627662,0.600354045227074,0.6362446304132702,0.0905329416085369,0.0926179343291101,-0.9073655895375198,-0.591098618868857,-0.591098618868857,-0.4186494369165024,-0.1604242968556835,0.3395757031443165,-1.1856837561325475,0.0190549104415307,0.3157155878764189,cc143f95019230dd38474148abd5e8860bd0f8b2cc3458e87685a1e589db33ec
expected-tempo-governed-shadow-v1,2026-06-13|sportsbet-sandown-hillside|9,2026-06-13,sportsbet-sandown-hillside,9,V8,3,heavy,8,0,0.0,0,"condition_regime_reset,insufficient_state_reliability,probabilities_held",held_by_policy,held_insufficient_evidence,held_insufficient_evidence,even,0.221068163138319,0.221068163138319,0.0829709786041921,0.0829709786041921,0.5978205681972117,0.5978205681972117,0.098140290060277,0.098140290060277,-0.0639979469881737,-0.3995526128356922,-0.3995526128356922,-2.126519477794272,-0.1838199561862199,-0.1838199561862199,-0.5229747193043158,-0.0453364118703507,-0.0453364118703507,476339a7aca7fdeb7a3efb9332a4cf43fec20ddfff882f3b80df0bf4ba6a9f84
expected-tempo-governed-shadow-v1,2026-06-20|flemington|2,2026-06-20,flemington,2,V0,3,heavy,0,0,0.0,0,"no_completed_races,insufficient_state_reliability,probabilities_held",held_by_policy,held_insufficient_evidence,held_insufficient_evidence,slow,0.2686960565069046,0.2686960565069046,0.0748683852609445,0.0748683852609445,0.5402461874224875,0.5402461874224875,0.1161893708096633,0.1161893708096633,-2.068054003842484,-0.3995526128356922,-0.3995526128356922,-0.9004451639012552,-0.1838199561862199,-0.1838199561862199,0.3740625609324357,-0.0453364118703507,-0.0453364118703507,6f067e27fa150b09c7afa3cf548650b4b2002036d428e1b861d30e39a67070f0
expected-tempo-governed-shadow-v1,2026-06-20|flemington|4,2026-06-20,flemington,4,V1,3,heavy,1,1,0.0852434112745085,0,"insufficient_state_reliability,probabilities_held",held_by_policy,held_insufficient_evidence,held_insufficient_evidence,even,0.3440251706489018,0.3440251706489018,0.1233978130698077,0.1233978130698077,0.4035444870327354,0.4035444870327354,0.1290325292485551,0.1290325292485551,-0.1049207848074709,-0.3995526128356922,-0.3995526128356922,-1.5667858267008423,-0.1838199561862199,-0.1838199561862199,-2.309619873359255,-0.0453364118703507,-0.0453364118703507,b49d3a4cfa446e206de018956449828ec48f4e047f4719f01c704bcbd3989a3e
expected-tempo-governed-shadow-v1,2026-06-20|flemington|7,2026-06-20,flemington,7,V2,3,soft,2,0,0.0,0,"condition_regime_reset,insufficient_state_reliability,probabilities_held",held_by_policy,held_insufficient_evidence,held_insufficient_evidence,slow,0.4366370224309858,0.4366370224309858,0.135017264427789,0.135017264427789,0.2766027966937342,0.2766027966937342,0.151742916447491,0.151742916447491,-1.1752401871539249,-0.2165828246898098,-0.2165828246898098,-0.1311747574743538,-0.4805173116373196,-0.4805173116373196,0.0684083923004544,-0.2307314692259966,-0.2307314692259966,54c6d8e7c05e529985ced5768c888281b5604a06ee322a939c162c12f88443fa
expected-tempo-governed-shadow-v1,2026-06-20|randwick|2,2026-06-20,randwick,2,V0,3,soft,0,0,0.0,0,"no_completed_races,insufficient_state_reliability,probabilities_held",held_by_policy,held_insufficient_evidence,held_insufficient_evidence,even,0.2840143403460011,0.2840143403460011,0.1092896658584734,0.1092896658584734,0.4104664873114588,0.4104664873114588,0.1962295064840666,0.1962295064840666,-0.4160714082554431,-0.3995526128356922,-0.3995526128356922,-0.335834311203829,-0.1838199561862199,-0.1838199561862199,-1.3105763511538122,-0.0453364118703507,-0.0453364118703507,9c0cf1c678117d962e0b8012af340ed6384114efcc138a7f2419eca7e02682ad
expected-tempo-governed-shadow-v1,2026-06-20|randwick|4,2026-06-20,randwick,4,V1,3,soft,1,1,0.1264450765648234,0,"insufficient_state_reliability,probabilities_held",held_by_policy,held_insufficient_evidence,held_insufficient_evidence,even,0.2536162719792047,0.2536162719792047,0.1346018708735876,0.1346018708735876,0.4136943070902608,0.4136943070902608,0.1980875500569468,0.1980875500569468,-0.3545305845885702,-0.4450088173962322,-0.4450088173962322,-1.8504915468741447,-0.2613483421373351,-0.2613483421373351,-2.374680046501192,-0.0873365665840547,-0.0873365665840547,719124c4322287a658e9c85027ec93f0017de398088a6af5ae903b5e998266ff
expected-tempo-governed-shadow-v1,2026-06-20|randwick|7,2026-06-20,randwick,7,V2,3,soft,2,2,0.2080730915136003,1,probabilities_updated,held_by_policy,capped,capped,very_fast_or_collapse,0.284263554256049,0.3051414367233133,0.1617860282430581,0.1381405481784899,0.281874793232416,0.3095775543246318,0.2720756242684768,0.2471404607735647,4.0,-0.33657608121427,-0.33657608121427,-2.8720251693841914,-0.1343383330400182,-0.6343383330400182,-3.992256116902001,-0.0038203949622392,-0.5038203949622392,44d0f79033f98e4bc1f02dc50fea4fa134dc166912fe1bd1d6f092514ed38686
expected-tempo-governed-shadow-v1,2026-06-20|randwick|9,2026-06-20,randwick,9,V3,3,soft,3,3,0.2977438604469428,1,probabilities_held,held_by_policy,capped,capped,slow,0.334518512923363,0.334518512923363,0.1248200834654091,0.1248200834654091,0.1701479761059563,0.1701479761059563,0.3705134275052716,0.3705134275052716,-1.9984911391898816,0.1843080178977758,0.1843080178977758,-0.9409562447019244,-0.4188407529578543,-0.9188407529578543,-1.6399383171587734,-0.1692882683091953,-0.6692882683091953,35cf7a249b348803d955fcbf5fa91c1416b73faabd3950fef21b97580393edcf
expected-tempo-governed-shadow-v1,2026-06-27|caulfield|1,2026-06-27,caulfield,1,V0,3,soft,0,0,0.0,0,"no_completed_races,insufficient_state_reliability,probabilities_held",held_by_policy,held_insufficient_evidence,held_insufficient_evidence,even,0.446298111607145,0.446298111607145,0.1665497797978704,0.1665497797978704,0.2622660559093149,0.2622660559093149,0.1248860526856696,0.1248860526856696,0.2971969427061743,-0.2165828246898098,-0.2165828246898098,-0.2222479589382626,-0.4805173116373196,-0.4805173116373196,0.0550487410623976,-0.2307314692259966,-0.2307314692259966,35f48d10e7be9bae7a27b89a2f82c7f20c67a6fa57cf948e9021c8925dc0174d
expected-tempo-governed-shadow-v1,2026-06-27|caulfield|2,2026-06-27,caulfield,2,V1,3,soft,1,1,0.2973782397718162,1,probabilities_updated,held_by_policy,updated,updated,slow,0.3997855085976777,0.3942827460629651,0.1595239608074187,0.1593110256600253,0.3404635100990517,0.3168524988807403,0.1002270204958518,0.1295537293962691,-1.1290388799934334,-0.2165828246898098,-0.2165828246898098,0.176652341767681,-0.4805173116373196,-0.1971514504984765,0.2927035371313525,-0.2307314692259966,0.24096713689996388,1d262496292e2d8bd32c3adfd9bd5b6c56ff566e713f9d4c70d87f94fe7120bd
expected-tempo-governed-shadow-v1,2026-06-27|caulfield|3,2026-06-27,caulfield,3,V2,3,soft,2,2,0.4194449344399212,1,probabilities_updated,held_by_policy,updated,updated,slow,0.3858388042648457,0.3999411434796129,0.2438635575680613,0.2075354393550974,0.2413081276780631,0.2438592622529267,0.1289895104890298,0.1486641549123628,-1.499595960389709,0.0549272241480799,0.0549272241480799,-3.035208417644684,-0.0778969436858902,0.0652868508581376,1.6980186951858467,0.1111965881819699,0.5140681499420295,4f05168097d5ceb2c67a2c18dd01c0431e7e4d5196fab4f4309bde217a359ad1
expected-tempo-governed-shadow-v1,2026-06-27|caulfield|4,2026-06-27,caulfield,4,V3,3,soft,3,3,0.2253301998614707,1,probabilities_updated,held_by_policy,updated,updated,even,0.2154918018842928,0.2094589405239172,0.075377191560688,0.0713415786448994,0.6252809412985896,0.6379228798047791,0.0838500652564295,0.081276601026404,-0.4840005738030958,-1.063202100339831,-1.063202100339831,-0.5521412728738597,-0.2730250090918567,-0.3825168120804176,1.2698320930962417,-0.3296838278807434,-0.0910522274304151,21cbc83b2859bd8cdb3c86e0192a97b46bcabc2344e75daa938150b6dab53b82
expected-tempo-governed-shadow-v1,2026-06-27|caulfield|5,2026-06-27,caulfield,5,V4,3,soft,4,4,0.4262624455722684,1,probabilities_updated,held_by_policy,updated,capped,even,0.3072441007944368,0.2984996810634097,0.0971935124107858,0.1046321589398829,0.4789791247220393,0.4920706949647592,0.1165832620727379,0.104797465031948,0.2701850592716041,-1.063202100339831,-1.063202100339831,-0.1694069814499326,-0.2730250090918567,-0.0949782893855094,-0.1204447784779614,-0.3296838278807434,0.1703161721192566,bec35fb3d8c98088e8e51cadb5b613daef2e694dd69c0c2adb661e9b0a278d57
expected-tempo-governed-shadow-v1,2026-06-27|caulfield|6,2026-06-27,caulfield,6,V5,3,soft,5,5,0.4773404481375238,1,probabilities_updated,held_by_policy,updated,updated,very_fast_or_collapse,0.3681357023282072,0.3600414881729303,0.2458161174806875,0.2326056363546259,0.2139379515524611,0.2168924041565865,0.1721102286386441,0.190460471315857,0.8854511202949321,-0.2165828246898098,-0.2165828246898098,0.8090305338435554,-0.4805173116373196,-0.07815416552174931,-0.9195238756172844,-0.2307314692259966,0.2547574776918805,5b1141290df8d0580fd76e40b767ff5ea8ebb9d4b01b3a4aff7d21913fe56a78
expected-tempo-governed-shadow-v1,2026-06-27|caulfield|7,2026-06-27,caulfield,7,V6,3,soft,6,6,0.4737004005810298,1,probabilities_updated,held_by_policy,updated,updated,slow,0.2121874795876061,0.2007495256010187,0.1098693489494548,0.1109459541235731,0.5819729199300918,0.5848547504549244,0.0959702515328471,0.1034497698204836,-0.9148462708946584,-0.6898357945645242,-0.6898357945645242,-0.9110420210939778,-0.3067335839479516,0.03426265700456582,-0.1425338963422245,-0.0867865765402565,0.4008463227296894,68b82912a88774d7cb1f5eff54711d0d9b2f19b61d5c65191322327f43f7efe7
expected-tempo-governed-shadow-v1,2026-06-27|caulfield|8,2026-06-27,caulfield,8,V7,3,soft,7,7,0.5322883471893032,1,probabilities_updated,held_by_policy,updated,updated,slow,0.3772548112152903,0.3554726694756082,0.1606030046788574,0.1412683090169372,0.3118309095509246,0.3501787228819963,0.1503112745549276,0.1530802986254581,-0.6096358787576867,-0.1938276502384335,-0.1938276502384335,0.7620869620060249,0.0483572447358695,-0.033560809728181,-0.828234976710232,0.0729596199275976,0.1772159626320165,7b1ce1120c2e6425e056d4d089f10f44e0a715dd44f2df399e3002d078750dda
expected-tempo-governed-shadow-v1,2026-06-27|caulfield|9,2026-06-27,caulfield,9,V8,3,soft,8,8,0.5714476793575454,1,"probabilities_updated,probability_cap_applied",held_by_policy,capped,updated,slow,0.3938412720640528,0.3665177930872524,0.2400736326142798,0.22671724464148027,0.2563799589067806,0.24705982585638045,0.1097051364148866,0.1597051364148866,-0.6744907594765952,-0.2165828246898098,-0.2165828246898098,0.1284744303764932,-0.4805173116373196,0.01948268836268041,-0.5217758705384927,-0.2307314692259966,-0.012876692225847391,6ae30fba897941d998f09b00325f3c7eb95bcbd8c5eade36b7ddf70e9035bb37
expected-tempo-governed-shadow-v1,2026-06-27|rosehill|1,2026-06-27,rosehill,1,V0,3,soft,0,0,0.0,0,"no_completed_races,insufficient_state_reliability,probabilities_held",held_by_policy,held_insufficient_evidence,held_insufficient_evidence,slow,0.3474220266967704,0.3474220266967704,0.1129417577228846,0.1129417577228846,0.3646283969838707,0.3646283969838707,0.1750078185964741,0.1750078185964741,-0.5019466117035191,-0.4450088173962322,-0.4450088173962322,0.4156745378169726,-0.2613483421373351,-0.2613483421373351,-0.4786708615640385,-0.0873365665840547,-0.0873365665840547,105df53f5cbfa0e70af6341d2ed4d22d1ac63e989913fc42eb7b992d22da315c
expected-tempo-governed-shadow-v1,2026-06-27|rosehill|2,2026-06-27,rosehill,2,V1,3,soft,1,1,0.1617153916656059,0,"insufficient_state_reliability,probabilities_held",held_by_policy,held_insufficient_evidence,held_insufficient_evidence,very_fast_or_collapse,0.4140855077788286,0.4140855077788286,0.111695887393299,0.111695887393299,0.2445154205786573,0.2445154205786573,0.2297031842492151,0.2297031842492151,0.8009577768784565,0.1843080178977758,0.1843080178977758,-0.6323350870093164,-0.4188407529578543,-0.4188407529578543,-1.0679437025046044,-0.1692882683091953,-0.1692882683091953,d93a86627e034d452219744caa7bf0b883bc2a614a5fead65213ba8a9be3ace4
expected-tempo-governed-shadow-v1,2026-06-27|rosehill|5,2026-06-27,rosehill,5,V2,3,soft,2,2,0.2615956517160786,1,probabilities_updated,held_by_policy,updated,updated,very_fast_or_collapse,0.4265396156165952,0.4193551523850757,0.1372543268695965,0.1268120988805361,0.2104221334073873,0.2053142002129669,0.2257839241064209,0.248518548521421,4.0,0.1843080178977758,0.1843080178977758,1.133144475920664,-0.4188407529578543,-0.2148335871374619,0.049962278479744,-0.1692882683091953,-0.2874869311067048,d6507af06a4ed473b4c72a95e4e45bd7691ee20865bbd549528dcf42c6a4f9a7
expected-tempo-governed-shadow-v1,2026-06-27|rosehill|6,2026-06-27,rosehill,6,V3,3,soft,3,3,0.1171313580297126,0,"insufficient_state_reliability,probabilities_held",held_by_policy,held_insufficient_evidence,held_insufficient_evidence,slow,0.301272266786747,0.301272266786747,0.079277749856145,0.079277749856145,0.5106305919185523,0.5106305919185523,0.1088193914385555,0.1088193914385555,-0.8807524426201025,-0.4810644313131096,-0.4810644313131096,-1.1143760373961125,-0.1504130603133176,-0.1504130603133176,0.3155653196122638,-0.153630193082401,-0.153630193082401,a6c327c2392ddc1fc7d38f652c1fecbd8f88b74e12bfd976ac6a01aa82bd6c10
expected-tempo-governed-shadow-v1,2026-06-27|rosehill|7,2026-06-27,rosehill,7,V4,3,soft,4,4,0.3111649550767783,1,probabilities_updated,held_by_policy,updated,updated,very_fast_or_collapse,0.3621148635560318,0.3466110672720768,0.1036358136335583,0.1032554958848009,0.4072180749470732,0.3970412512698845,0.1270312478633367,0.1530921855732376,1.081995593327039,-0.3995526128356922,-0.3995526128356922,0.885269121813034,-0.1838199561862199,0.02230234535508341,0.1124151265794318,-0.0453364118703507,0.034680992111626896,10cfc7e3bf7b82e665acb581c521adeab454b2f324ff092ba131b4d63ed112ba
expected-tempo-governed-shadow-v1,2026-06-27|rosehill|9,2026-06-27,rosehill,9,V5,3,soft,5,5,0.2869500245354131,1,probabilities_updated,held_by_policy,capped,below_minimum_change,even,0.3602252573174087,0.3411884803740616,0.1316369891999173,0.1304527000025825,0.3441067184909707,0.3282248038238636,0.1640310349917033,0.2001340157994921,-0.2023472278429749,-0.4450088173962322,-0.4450088173962322,1.6588826787127122,-0.2613483421373351,0.2386516578626649,-1.0423948101001892,-0.0873365665840547,-0.0873365665840547,942053ee142a15fe520b25f08a98b03369e207f4d653a70d859496abc1fb7da4
expected-tempo-governed-shadow-v1,2026-07-04|flemington|1,2026-07-04,flemington,1,V0,3,soft,0,0,0.0,0,"no_completed_races,insufficient_state_reliability,probabilities_held",held_by_policy,held_insufficient_evidence,held_insufficient_evidence,slow,0.3130685816082812,0.3130685816082812,0.2350947387798336,0.2350947387798336,0.3005881230722989,0.3005881230722989,0.1512485565395861,0.1512485565395861,-2.37132285878879,0.0549272241480799,0.0549272241480799,-2.8484692404342096,-0.0778969436858902,-0.0778969436858902,-0.972317848076661,0.1111965881819699,0.1111965881819699,a6041294208eb064668a34caa60b83679037709e7e389a54778f0685fda968e5
expected-tempo-governed-shadow-v1,2026-07-04|flemington|2,2026-07-04,flemington,2,V1,3,soft,1,1,0.2042705586529166,1,probabilities_updated,held_by_policy,capped,updated,slow,0.2355298384647762,0.2233685557322762,0.0804135185335749,0.0715707438163425,0.5641519778124002,0.601252566896714,0.1199046651892485,0.1038081335546669,-0.7777094540761385,-0.6898357945645242,-0.6898357945645242,-0.7620200946758415,-0.3067335839479516,-0.8067335839479516,0.1381455028288688,-0.0867865765402565,-0.5356304194673479,2cc4f4b43193254c741a8e0e8c1cb32e1d24509e5078ac4bb46d6666ff79e771
expected-tempo-governed-shadow-v1,2026-07-04|flemington|3,2026-07-04,flemington,3,V2,3,soft,2,2,0.3966869491876508,1,"probabilities_updated,probability_cap_applied",held_by_policy,capped,updated,slow,0.3280096329328041,0.3164129988300768,0.1129418793759555,0.0986978891914516,0.4117746457048561,0.4617746457048561,0.1472738419863841,0.1231144662736152,-0.6732655264893511,-0.1938276502384335,-0.1938276502384335,0.2814100519670435,0.0483572447358695,-0.4516427552641305,1.2852990292847186,0.0729596199275976,-0.09668351643840471,bdabc6cf85c52ce20185bea0db56f2bcd04fd0f0c4f1f84c8d7d8a4223f62040
expected-tempo-governed-shadow-v1,2026-07-04|flemington|4,2026-07-04,flemington,4,V3,3,soft,3,3,0.1756584182317443,0,"insufficient_state_reliability,probabilities_held",held_by_policy,held_insufficient_evidence,held_insufficient_evidence,slow,0.1908525863081914,0.1908525863081914,0.0768546200625143,0.0768546200625143,0.6301458026242162,0.6301458026242162,0.1021469910050781,0.1021469910050781,-3.9606314536348,-1.056774915850998,-1.056774915850998,-2.1387997139879618,-0.2791097701747049,-0.2791097701747049,-2.3672788523264146,-0.0338932725824823,-0.0338932725824823,b7dcdeff9f0f4f316b1a9cdbdf765873e9ad31921727cc81354161ff9869da1b
expected-tempo-governed-shadow-v1,2026-07-04|flemington|5,2026-07-04,flemington,5,V4,3,soft,4,4,0.4526551231284501,1,"probabilities_updated,probability_cap_applied",held_by_policy,updated,updated,slow,0.3071157861385472,0.2944480755094849,0.2383266273845367,0.20245515467680403,0.3072592371095894,0.3572592371095894,0.1472983493673266,0.14583753270412145,-4.0,0.0549272241480799,0.0549272241480799,-3.238670506247117,-0.0778969436858902,-0.3648602871994683,1.976754303747433,0.1111965881819699,0.2366830585052041,213dd2de7c0d65f424e14cc8008ae8ccc9fd0e16c87cdd925d660d34ff6ad928
expected-tempo-governed-shadow-v1,2026-07-04|flemington|7,2026-07-04,flemington,7,V5,3,soft,5,5,0.4591033600516869,1,probabilities_updated,held_by_policy,updated,updated,even,0.2155378001692423,0.2232692083056666,0.0985097538533031,0.0842570692227902,0.5301085439871233,0.5663673623636395,0.1558439019903313,0.1261063601079034,-0.0001929321394469,-0.6898357945645242,-0.6898357945645242,0.1304358720616342,-0.3067335839479516,-0.4513004328615997,0.4357306129688982,-0.0867865765402565,-0.2075864265891795,19ba4d3c1ff0b65c8804f90b3f2ded34c9f5329d618bda072c8183a00fbf31ba
expected-tempo-governed-shadow-v1,2026-07-04|flemington|8,2026-07-04,flemington,8,V6,3,soft,6,6,0.5209536080080491,1,"probabilities_updated,probability_cap_applied",held_by_policy,capped,updated,even,0.2607821642786254,0.26619548829780537,0.2778700207112076,0.24673475847828147,0.247199528693746,0.297199528693746,0.2141482863164209,0.189870224530167,-0.4623867470625671,0.0549272241480799,0.0549272241480799,-1.1622423417427217,-0.0778969436858902,-0.5778969436858902,-0.5343368354295128,0.1111965881819699,0.2813913986943688,30059e437ae147dcbba16fa3eb389a525332456c94fa601320bb9f2950cbefa4
expected-tempo-governed-shadow-v1,2026-07-04|flemington|9,2026-07-04,flemington,9,V7,3,soft,7,7,0.5587947490083085,1,probabilities_updated,held_by_policy,updated,updated,even,0.1801530420296858,0.1896597475789782,0.1612243268986584,0.1511659187495533,0.4799885288437531,0.5077920742458506,0.1786341022279026,0.1513822594256177,0.0850830734923201,-0.6898357945645242,-0.6898357945645242,-1.498296267234266,-0.3067335839479516,-0.1630166100559939,0.2973189338339987,-0.0867865765402565,0.040439545975726396,ed6a636fcbe8145f38c4f6a3bfffec12fadf6778a7d9b5ce506a96446d6baf1e
expected-tempo-governed-shadow-v1,2026-07-04|rosehill|1,2026-07-04,rosehill,1,V0,3,soft,0,0,0.0,0,"no_completed_races,insufficient_state_reliability,probabilities_held",held_by_policy,held_insufficient_evidence,held_insufficient_evidence,slow,0.2828247732949323,0.2828247732949323,0.1353116731403384,0.1353116731403384,0.4079271977110732,0.4079271977110732,0.1739363558536561,0.1739363558536561,-1.5228067237548046,-0.4450088173962322,-0.4450088173962322,0.150619778399811,-0.2613483421373351,-0.2613483421373351,-0.1187228162337714,-0.0873365665840547,-0.0873365665840547,dcae677dbec9bb74a207a919468a7f5bfe53720ba17fb927540276b2d1ce89fe
expected-tempo-governed-shadow-v1,2026-07-04|rosehill|2,2026-07-04,rosehill,2,V1,3,soft,1,1,0.3333333333333333,1,probabilities_updated,held_by_policy,updated,updated,fast,0.2678734456379286,0.3059002910255682,0.1375257684019402,0.1221610941629486,0.3464385997393321,0.3636686198477761,0.2481621862207989,0.2082699949637068,0.6420515487213556,-0.4450088173962322,-0.4450088173962322,0.8333561461829762,-0.2613483421373351,-0.013090070981755797,-1.2455526899635037,-0.0873365665840547,0.080741532953857,c061c8a0d26a42fcfdd6c27573d42892aed149556ca2d0786b1a3cddc5168e2c
expected-tempo-governed-shadow-v1,2026-07-04|rosehill|5,2026-07-04,rosehill,5,V2,3,soft,2,2,0.351461288637343,1,probabilities_updated,held_by_policy,updated,updated,very_fast_or_collapse,0.3026436690036996,0.3137315371476469,0.1533213212891851,0.1458702025581707,0.3906724035437834,0.3885234487234665,0.1533626061633319,0.1518748115707157,1.247345925059456,-0.4450088173962322,-0.4450088173962322,4.0,-0.2613483421373351,0.046500756969274804,-0.725371106903261,-0.0873365665840547,-0.014875909138837101,4b908cd96646ca6a6e3709ff2d65f4e0e86068cc59dc1c50c35aa2468e8c6962
expected-tempo-governed-shadow-v1,2026-07-04|rosehill|7,2026-07-04,rosehill,7,V3,3,soft,3,3,0.1985840381046481,0,"insufficient_state_reliability,probabilities_held",held_by_policy,held_insufficient_evidence,held_insufficient_evidence,slow,0.2648531119863959,0.2648531119863959,0.1034029420470787,0.1034029420470787,0.4971324019155181,0.4971324019155181,0.1346115440510072,0.1346115440510072,-0.7809574623177415,-0.4400072838560512,-0.4400072838560512,-1.580848188380827,-0.4101328308267544,-0.4101328308267544,-0.7023341016959387,-0.1856388236407478,-0.1856388236407478,46621abbd9e71be7f67ed91f6daeee019c6a3bbc081de4b60e3613bcbceb9a9e
expected-tempo-governed-shadow-v1,2026-07-04|rosehill|8,2026-07-04,rosehill,8,V4,3,soft,4,4,0.4444957643034842,1,probabilities_updated,held_by_policy,capped,below_minimum_change,even,0.2910128484905629,0.3151910150643334,0.185116065001584,0.1758594717712098,0.325626189924266,0.2859655964245413,0.1982448965835869,0.2229839167399152,0.1462824786886527,-0.4450088173962322,-0.4450088173962322,2.673775920207121,-0.2613483421373351,0.2386516578626649,-1.1545664268673173,-0.0873365665840547,-0.0873365665840547,4390a423c634105cd207078bcc259aeebd908a2c7e7e5f542345fdc9c28ddf9d
expected-tempo-governed-shadow-v1,2026-07-04|rosehill|9,2026-07-04,rosehill,9,V5,3,soft,5,5,0.495417586044086,1,"probabilities_updated,probability_cap_applied",held_by_policy,capped,updated,fast,0.3696708175954937,0.3592196464710777,0.163730444469326,0.14690832410140026,0.1663266124619488,0.1435999039542904,0.3002721254732315,0.3502721254732315,0.8331944675887388,0.1843080178977758,0.1843080178977758,0.3007864197665944,-0.4188407529578543,0.08115924704214572,0.8097927980542361,-0.1692882683091953,0.016821422527187296,1c8ad0b8b0b8a72590e15272fa9bf7a95dd83d4765efcbf4737ba448c58f2248
expected-tempo-governed-shadow-v1,2026-07-04|rosehill|10,2026-07-04,rosehill,10,V6,3,soft,6,6,0.5689839166339202,1,probabilities_updated,held_by_policy,capped,updated,even,0.3588188909473531,0.3835673548640422,0.191476587200207,0.1846522873869438,0.2402116113488569,0.1955056025521244,0.2094929105035829,0.2362747551968893,0.1587037081121437,0.1843080178977758,0.1843080178977758,-0.2187537598302422,-0.4188407529578543,0.08115924704214572,0.587655122777514,-0.1692882683091953,0.2574120760193569,455046e7ba73b26c8330990907f0ab254c144963941514de43ba90318918d783
expected-tempo-governed-shadow-v1,2026-07-11|caulfield|1,2026-07-11,caulfield,1,V0,3,soft,0,0,0.0,0,"no_completed_races,insufficient_state_reliability,probabilities_held",held_by_policy,held_insufficient_evidence,held_insufficient_evidence,slow,0.3893488410329441,0.3893488410329441,0.1494007519586526,0.1494007519586526,0.3462533576275175,0.3462533576275175,0.1149970493808856,0.1149970493808856,-1.4292780379384946,-0.2165828246898098,-0.2165828246898098,-3.1850952530839325,-0.4805173116373196,-0.4805173116373196,-0.5729545161145267,-0.2307314692259966,-0.2307314692259966,7c655ac053db67432c86283ff2153c5ec064f43a9037d7375312b8dbc9b50351
expected-tempo-governed-shadow-v1,2026-07-11|caulfield|2,2026-07-11,caulfield,2,V1,3,soft,1,1,0.3333333333333333,1,probabilities_updated,held_by_policy,capped,updated,slow,0.3033073623768421,0.3015933464903996,0.1338702246329479,0.1197308690066377,0.4522110368444652,0.4808941552308327,0.1106113761457448,0.0977816292721298,-1.4132187341414246,-0.2165828246898098,-0.2165828246898098,-1.6674910442615865,-0.4805173116373196,-0.9805173116373196,0.485923450375613,-0.2307314692259966,-0.4408595426029332,d8048f9a6403aa12c688624bc84b70a3cfcbe3dbdfeb0e8c161bd9e5e03534ba
expected-tempo-governed-shadow-v1,2026-07-11|caulfield|3,2026-07-11,caulfield,3,V2,3,soft,2,2,0.3575633977190663,1,"probabilities_updated,probability_cap_applied",held_by_policy,capped,updated,very_fast_or_collapse,0.2832718501073394,0.2930876604434427,0.169043693037022,0.14284748266478656,0.3547469445363274,0.40474694453632737,0.1929375123193111,0.1593179123554431,1.252625696170821,-0.1938276502384335,-0.1938276502384335,-0.0957341723128067,0.0483572447358695,-0.4516427552641305,-0.7263746640517172,0.0729596199275976,-0.0484489083130943,bdead33f0a0d368cdf9e58cbc71fe5fb9f26cf1ff426db1b891caf5c347b548f
expected-tempo-governed-shadow-v1,2026-07-11|caulfield|4,2026-07-11,caulfield,4,V3,3,soft,3,3,0.5168471996040287,1,probabilities_updated,held_by_policy,capped,updated,slow,0.3438359450956124,0.3480757288031283,0.2159899322139009,0.2192777851083212,0.2981613091151434,0.3037733883534328,0.1420128135753432,0.1288730977351175,-1.0117361392148814,-0.2165828246898098,-0.2165828246898098,-1.5550759176821494,-0.4805173116373196,-0.9805173116373196,-0.1087888321736434,-0.2307314692259966,-0.09730437217214319,ffa8a4e07ef9a7ac7a7517d9fd2ef96ba020fe3b670bc0ad36d33a0f28e9b2b0
expected-tempo-governed-shadow-v1,2026-07-11|caulfield|5,2026-07-11,caulfield,5,V4,3,soft,4,4,0.2898005299668766,1,probabilities_held,held_by_policy,updated,below_minimum_change,even,0.1713010505895507,0.1713010505895507,0.0721401286389347,0.0721401286389347,0.6759212663979375,0.6759212663979375,0.0806375543735769,0.0806375543735769,-0.3759830247082346,-1.063202100339831,-1.063202100339831,-0.3197008224108696,-0.2730250090918567,-0.4966507269057386,0.4301599231355835,-0.3296838278807434,-0.3296838278807434,c4f6fd4ab479bb8c868f6081785c3614af4da6b40695c762f80cac26b93e9537
expected-tempo-governed-shadow-v1,2026-07-11|caulfield|6,2026-07-11,caulfield,6,V5,3,soft,5,5,0.4441880359356993,1,probabilities_updated,held_by_policy,below_minimum_change,updated,slow,0.1741752270112512,0.1835446699819569,0.0770304170668789,0.0794639053009415,0.6589391186887247,0.6522326858280169,0.0898552372331452,0.0847587388890846,-2.422242153120356,-1.063202100339831,-1.063202100339831,-2.206715432738459,-0.2730250090918567,-0.2730250090918567,2.260920556000624,-0.3296838278807434,0.05622759387329468,3348d4fab66a6f2bbf64e118efa052b9fc602aac936fa52d57b51948d6ca6f4b
expected-tempo-governed-shadow-v1,2026-07-11|caulfield|7,2026-07-11,caulfield,7,V6,3,soft,6,6,0.5390033048183371,1,"probabilities_updated,probability_cap_applied",held_by_policy,updated,updated,slow,0.2444306766280728,0.2944306766280728,0.1955367450112847,0.17047022353105862,0.3617308100069554,0.36347769250627304,0.1983017683536869,0.1716214073345952,-1.011736139214893,-0.3149160476189359,-0.3149160476189359,-1.3677173733830923,-0.2658393755323758,-0.7128028418753297,0.4061449734482741,-0.0304726091998192,-0.332648745572216,92d38cc3502103cdcf46a55b0b08d7d988c95987166d3cff7b1106bedbd1511f
expected-tempo-governed-shadow-v1,2026-07-11|caulfield|8,2026-07-11,caulfield,8,V7,3,soft,7,7,0.5497382515359195,1,"probabilities_updated,probability_cap_applied",held_by_policy,capped,updated,slow,0.2659137045403025,0.24877382342348653,0.0930843481040751,0.08059542525959615,0.5166306627773165,0.5666306627773166,0.1243712845783057,0.10400008853960047,-1.494891764880781,-0.1938276502384335,-0.1938276502384335,-1.7058088884827478,0.0483572447358695,-0.4516427552641305,0.8120958976975711,0.0729596199275976,0.1962234605811257,9ba764f0e79e853ac0bad8dd18ddf83586c1a260c203e01756f80413b34d591d
expected-tempo-governed-shadow-v1,2026-07-11|caulfield|9,2026-07-11,caulfield,9,V8,3,soft,8,8,0.536598888557985,1,probabilities_updated,held_by_policy,updated,updated,slow,0.1422747382974791,0.142225731239146,0.1030937342744924,0.0910515296095061,0.6701863538051892,0.6879465791201824,0.0844451736228392,0.0787761600311653,-1.0076233906814984,-0.6898357945645242,-0.6898357945645242,-0.9950408233862674,-0.3067335839479516,-0.4088371821720842,0.7664667721324944,-0.0867865765402565,0.1138203451690094,b8cad1f1fdee9937287b9a4b4b3240199154f7668e096175fc34f3ef8b38071c
expected-tempo-governed-shadow-v1,2026-07-11|randwick|1,2026-07-11,randwick,1,V0,3,heavy,0,0,0.0,0,"no_completed_races,insufficient_state_reliability,probabilities_held",held_by_policy,held_insufficient_evidence,held_insufficient_evidence,very_fast_or_collapse,0.2945798896178538,0.2945798896178538,0.0707458250667714,0.0707458250667714,0.5070335449178411,0.5070335449178411,0.1276407403975335,0.1276407403975335,1.2849061103523256,-0.1914370311419786,-0.1914370311419786,0.2239866124340704,-0.4759187690847769,-0.4759187690847769,0.4291755047670551,-0.2558226132517278,-0.2558226132517278,a0f819fd196e0b2b563f46c40ab8a6e04f52987861bc0ab548a130d07dbb3f8c
expected-tempo-governed-shadow-v1,2026-07-11|randwick|3,2026-07-11,randwick,3,V1,3,heavy,1,1,0.230324375802835,1,probabilities_updated,held_by_policy,below_minimum_change,capped,fast,0.2493233934792121,0.2675291614866505,0.0900562480293571,0.0883435981732831,0.5459979088918325,0.5269074915688252,0.1146224495995983,0.1172197487712411,1.0233652902403574,-0.3995526128356922,-0.3995526128356922,-0.0817564556941314,-0.1838199561862199,-0.1838199561862199,-0.2755366506797995,-0.0453364118703507,0.4546635881296493,3f75aa17082eae6cd43182cb6fd4c73a737e419a2071b5660f39eaefa17b33fa
expected-tempo-governed-shadow-v1,2026-07-11|randwick|8,2026-07-11,randwick,8,V2,3,heavy,2,2,0.2674215622071725,1,probabilities_updated,held_by_policy,updated,updated,even,0.295722496967807,0.3035697256888416,0.1069706418023095,0.1046201074641271,0.461429734817275,0.4505917109309031,0.1358771264126084,0.1412184559161279,0.3546891062764861,-0.3995526128356922,-0.3995526128356922,-0.9759676898487132,-0.1838199561862199,-0.1189649584414849,-0.0430526016687185,-0.0453364118703507,0.24401660666364627,950688967440928f33fc635f8f62f3426c53fec37cc3cbca5e14cb8a7c5c5615
expected-tempo-governed-shadow-v1,2026-07-11|randwick|9,2026-07-11,randwick,9,V3,3,heavy,3,3,0.3923752625817785,1,probabilities_updated,held_by_policy,updated,capped,very_fast_or_collapse,0.2730588312754736,0.2909104100425529,0.0775920744797344,0.084495293637251,0.5362944954504613,0.4978705619999956,0.1130545987943306,0.1267237343202002,1.6887753524426667,-0.1914370311419786,-0.1914370311419786,-0.1818045761941313,-0.4759187690847769,-0.2636451634380038,0.2126317922765341,-0.2558226132517278,0.24417738674827222,22415bd1e18fbf9b833557dff6388df942285b5871b4f1c0a90d00c5fdd18a0f
expected-tempo-governed-shadow-v1,2026-07-11|randwick|10,2026-07-11,randwick,10,V4,3,heavy,4,4,0.5096543956044501,1,"probabilities_updated,probability_cap_applied",held_by_policy,updated,capped,very_fast_or_collapse,0.2832617324929767,0.30446502487777805,0.0952233053603932,0.1131831423577469,0.5025688524967225,0.45256885249672246,0.1189461096499076,0.12978298026775242,1.720327636980973,-0.1914370311419786,-0.1914370311419786,-0.8891973239378753,-0.4759187690847769,-0.16314216013592964,0.4652661235154752,-0.2558226132517278,0.24417738674827222,5595edcce09c3c1cdce031d38912d9c28182c64aa9ad6d6e6b3ee1607d840e3c
expected-tempo-governed-shadow-v1,2026-07-18|flemington|1,2026-07-18,flemington,1,V0,3,soft,0,0,0.0,0,"no_completed_races,insufficient_state_reliability,probabilities_held",held_by_policy,held_insufficient_evidence,held_insufficient_evidence,slow,0.2507587508895501,0.2507587508895501,0.1154861319972425,0.1154861319972425,0.5435246708372201,0.5435246708372201,0.0902304462759872,0.0902304462759872,-1.577521245101799,-0.591098618868857,-0.591098618868857,-0.0922987355073254,-0.1604242968556835,-0.1604242968556835,0.3570833432523132,0.0190549104415307,0.0190549104415307,95346f37a810bb67a02fa491cb349995a0d19f1311a73ffcbed0cbfb4799d06b
expected-tempo-governed-shadow-v1,2026-07-18|flemington|2,2026-07-18,flemington,2,V1,3,soft,1,1,0.1164505528290035,0,"insufficient_state_reliability,probabilities_held",held_by_policy,held_insufficient_evidence,held_insufficient_evidence,even,0.3726148858150763,0.3726148858150763,0.2231028999381037,0.2231028999381037,0.2934575556417838,0.2934575556417838,0.1108246586050361,0.1108246586050361,-0.2814465987270431,-0.2165828246898098,-0.2165828246898098,1.6945277294463577,-0.4805173116373196,-0.4805173116373196,-0.3347097001913841,-0.2307314692259966,-0.2307314692259966,21a17d9c488932eb52c1afc5eb4c40281d1f64f7fdbc42e05a9ec59ba8853215
expected-tempo-governed-shadow-v1,2026-07-18|flemington|3,2026-07-18,flemington,3,V2,3,soft,2,2,0.3257767970921478,1,probabilities_updated,held_by_policy,updated,updated,slow,0.143683444274845,0.1553540758057974,0.07651487642718,0.0715179604168488,0.7061688557985519,0.6952296940248741,0.0736328234994229,0.0778982697524794,-1.8610037013295784,-0.6898357945645242,-0.6898357945645242,0.346360119731226,-0.3067335839479516,0.0914797106416963,2.3729072502068025,-0.0867865765402565,0.3891735510484575,4e9cd313780b493d922132a6994a139a9a9a0a78b59a850dfce910e3fc7203fb
expected-tempo-governed-shadow-v1,2026-07-18|flemington|4,2026-07-18,flemington,4,V3,3,soft,3,3,0.4291540674435721,1,probabilities_updated,held_by_policy,updated,capped,even,0.3292782795928858,0.3574986950961574,0.2036065124927165,0.1671480830649042,0.3356982865566978,0.3574592236652504,0.1314169213576999,0.1178939981736878,0.4382041876854254,-0.1938276502384335,-0.1938276502384335,-0.8227304868340849,0.0483572447358695,0.5010975683925919,0.9931721733577448,0.0729596199275976,0.5729596199275976,5c3be5383ad00d28a2fdb2f2864ba518b42f1dfe1442716c956583813dae6e27
expected-tempo-governed-shadow-v1,2026-07-18|flemington|5,2026-07-18,flemington,5,V4,3,soft,4,4,0.502996438455011,1,probabilities_updated,held_by_policy,capped,capped,slow,0.1675444351814914,0.2038680986983023,0.1769872915994447,0.1739371318670962,0.5264027996317536,0.5092847860176808,0.1290654735873102,0.1129099834169204,-0.959758279882994,-0.6898357945645242,-0.6898357945645242,-0.759689592252587,-0.3067335839479516,0.19326641605204842,-0.2550595308945129,-0.0867865765402565,0.4132134234597435,3bbf6f46e2a646216c63dc3069744cb05d9b9b6208fecdbc31a87f1b93151d59
expected-tempo-governed-shadow-v1,2026-07-18|flemington|7,2026-07-18,flemington,7,V5,3,soft,5,5,0.4536188890009507,1,"probabilities_updated,probability_cap_applied",held_by_policy,updated,capped,even,0.229392194954021,0.24859967413404518,0.2960814415387097,0.2460814415387097,0.3589521524076718,0.37918232699041177,0.1155742110995973,0.12613655733683296,0.2657084810059352,0.0549272241480799,0.0549272241480799,1.6555682278061945,-0.0778969436858902,0.3067601916910905,-0.7670679225420111,0.1111965881819699,0.6111965881819699,d0cbf28edf22e238f9cf08e97ecf4b4fcd9916d51f8d92664af98970840ed9e3
expected-tempo-governed-shadow-v1,2026-07-18|flemington|8,2026-07-18,flemington,8,V6,3,soft,6,6,0.4238252598431243,1,probabilities_updated,held_by_policy,capped,capped,slow,0.1886024021582781,0.1763258678268494,0.1082111529078743,0.1012106558557469,0.6278056020952895,0.6448602828179241,0.0753808428385579,0.0776031934994792,-1.9882850341883564,-1.063202100339831,-1.063202100339831,0.2159699476156576,-0.2730250090918567,0.22697499090814333,-0.8860655481984099,-0.3296838278807434,0.1703161721192566,82df5763d29ddc255d3aebe52cd055c593cde241fe8112f9ed9ef06c9974ac19
expected-tempo-governed-shadow-v1,2026-07-18|flemington|9,2026-07-18,flemington,9,V7,3,soft,7,7,0.4712748967788793,1,"probabilities_updated,probability_cap_applied",held_by_policy,capped,updated,slow,0.312071400838023,0.30014297909370163,0.2755640880734733,0.25028147913271487,0.3152626951594932,0.3024737258445729,0.0971018159290105,0.1471018159290105,-0.8026440037771373,-0.2165828246898098,-0.2165828246898098,1.366355350765699,-0.4805173116373196,0.01948268836268041,1.458377979405356,-0.2307314692259966,0.1644897219740192,3c2270881a1e3f583177a3f901391173e9c0c30d8513c49f68bbc8ac9d9ddc66
expected-tempo-governed-shadow-v1,2026-07-18|rosehill|1,2026-07-18,rosehill,1,V0,3,heavy,0,0,0.0,0,"no_completed_races,insufficient_state_reliability,probabilities_held",held_by_policy,held_insufficient_evidence,held_insufficient_evidence,even,0.3139052874492783,0.3139052874492783,0.0917474669667091,0.0917474669667091,0.4646324081768233,0.4646324081768233,0.1297148374071892,0.1297148374071892,-0.3688235864731198,-0.4593124602497817,-0.4593124602497817,0.2736829252137915,0.0226960665147174,0.0226960665147174,-1.670289718877678,0.070935114246211,0.070935114246211,b3884bee1024b946e61249ce9919904075ba42430da7e15f3c1eb8b13d3e1346
expected-tempo-governed-shadow-v1,2026-07-18|rosehill|2,2026-07-18,rosehill,2,V1,3,heavy,1,1,0.2973782397718162,1,probabilities_updated,held_by_policy,updated,updated,fast,0.3102015559086128,0.3039299217370023,0.0977987172755045,0.0879015113666583,0.4753338818623865,0.4954646705515675,0.1166658449534959,0.1127038963447715,0.6161104668496289,-0.4593124602497817,-0.4593124602497817,0.9295502903711076,0.0226960665147174,-0.3468955591686448,-1.2967084850937454,0.070935114246211,-0.2786108532724848,f6caa27205f26f1247481b39927a88f37e1c68a43a6faad130bec3d0067d4a80
expected-tempo-governed-shadow-v1,2026-07-18|rosehill|4,2026-07-18,rosehill,4,V2,3,heavy,2,2,0.3381120192880871,1,probabilities_updated,held_by_policy,updated,below_minimum_change,even,0.3397259584085373,0.3392067083376127,0.083457239824832,0.08643118453405,0.4670292275775028,0.4406853527282169,0.1097875741891277,0.1336767544001201,-0.0143786789810882,-0.1914370311419786,-0.1914370311419786,0.7095292404883687,-0.4759187690847769,-0.10845127446363667,-0.4692109631141553,-0.2558226132517278,-0.2558226132517278,53730ee466886fb7f993fc117e25a0259e11559b8a41fc55a34604fb397434ec
expected-tempo-governed-shadow-v1,2026-07-18|rosehill|5,2026-07-18,rosehill,5,V3,3,heavy,3,3,0.171341980691855,0,"insufficient_state_reliability,probabilities_held",held_by_policy,held_insufficient_evidence,held_insufficient_evidence,slow,0.237746210498549,0.237746210498549,0.0702210472638101,0.0702210472638101,0.5955896409205548,0.5955896409205548,0.096443101317086,0.096443101317086,-0.8038988703064054,-0.3995526128356922,-0.3995526128356922,-1.830760632865048,-0.1838199561862199,-0.1838199561862199,-3.971535652073365,-0.0453364118703507,-0.0453364118703507,3c51f9035883469a2e08c40435d842e6f93a3192b450d635513555875b7dac29
expected-tempo-governed-shadow-v1,2026-07-18|rosehill|6,2026-07-18,rosehill,6,V4,3,heavy,4,4,0.4460926783259785,1,probabilities_updated,held_by_policy,updated,updated,slow,0.3425027720397672,0.3024976964784832,0.1064505739298922,0.1025772567451352,0.4401337588046494,0.4561323251706004,0.110912895225691,0.1387927216057809,-0.7285190975619569,-0.4593124602497817,-0.4593124602497817,1.0607237634025668,0.0226960665147174,0.1804296736241082,0.1894142980170493,0.070935114246211,-0.3061812962359378,5742563ad00399433bd889e064cb9923c22ffe6f2269ba12044a4d61746cc24c
expected-tempo-governed-shadow-v1,2026-07-18|rosehill|8,2026-07-18,rosehill,8,V5,3,heavy,5,5,0.4899102147498568,1,probabilities_updated,held_by_policy,updated,updated,fast,0.3281802311570205,0.3306280235153646,0.1130733477597413,0.1039442443784545,0.4314086621115676,0.4311135705618264,0.1273377589716703,0.1343141615443542,0.5764345398215938,-0.4593124602497817,-0.4593124602497817,0.2588381906114606,0.0226960665147174,0.3297442726980398,-0.7318224740320955,0.070935114246211,-0.09656507297956408,9d105f84fbd10d099893b5bdcc830527eca51d214c29067b349ea3df6c81463f
expected-tempo-governed-shadow-v1,2026-07-18|rosehill|9,2026-07-18,rosehill,9,V6,3,heavy,6,6,0.5193479656806219,1,probabilities_updated,held_by_policy,capped,updated,even,0.3845577322395512,0.3742147367750953,0.0953516706933508,0.1046879674698028,0.3194719653341915,0.2949672840460228,0.2006186317329065,0.226130011709079,0.0169929842503787,-0.1914370311419786,-0.1914370311419786,0.0437981012647115,-0.4759187690847769,0.024081230915223073,-0.3519082223356164,-0.2558226132517278,-0.4142232866791903,d842916d26ba30df8dfe5a7367d14a2b847876529d2287476ad54a329984edb2
expected-tempo-governed-shadow-v1,2026-07-18|rosehill|10,2026-07-18,rosehill,10,V7,3,heavy,7,7,0.5726804113543886,1,probabilities_updated,held_by_policy,updated,updated,slow,0.3334775533769865,0.3267497030784764,0.1375620637548193,0.1348250707820716,0.4082287904622834,0.3976005149899257,0.1207315924059106,0.1408247111495259,-0.678561387688508,-0.4593124602497817,-0.4593124602497817,1.4323819369917152,0.0226960665147174,0.3821328366785695,-0.2952957914927497,0.070935114246211,-0.15076431336060486,5c1ce52c7ffb82bff9887b377f6e5df9826f1ba8475bdcc47ca4ecf84b0b93e3
expected-tempo-governed-shadow-v1,2026-07-25|caulfield|1,2026-07-25,caulfield,1,V0,3,soft,0,0,0.0,0,"no_completed_races,insufficient_state_reliability,probabilities_held",held_by_policy,held_insufficient_evidence,held_insufficient_evidence,even,0.2111136253999858,0.2111136253999858,0.2024458738458614,0.2024458738458614,0.446343277987855,0.446343277987855,0.1400972227662977,0.1400972227662977,0.2248302531588661,0.0549272241480799,0.0549272241480799,0.6625175507284881,-0.0778969436858902,-0.0778969436858902,0.8927992190323861,0.1111965881819699,0.1111965881819699,21865ce8848ee74ba1cc2866ba216f5bec66cbb53f2e99510a3f7bff8c8cc41f
expected-tempo-governed-shadow-v1,2026-07-25|caulfield|2,2026-07-25,caulfield,2,V1,3,soft,1,1,0.2973782397718162,1,probabilities_updated,held_by_policy,capped,capped,very_fast_or_collapse,0.3617900244260765,0.3786394789377936,0.1347622069855113,0.135168533167767,0.3518811986242958,0.3249608069232964,0.1515665699641163,0.1612311809711429,0.800402775231818,-0.2165828246898098,-0.2165828246898098,1.2802948452817289,-0.4805173116373196,0.01948268836268041,0.1151569589350298,-0.2307314692259966,0.26926853077400337,996798f1610b900d49bad56ea60ddf281bd84f4c976f3e420c862aeaff1a2225
expected-tempo-governed-shadow-v1,2026-07-25|caulfield|3,2026-07-25,caulfield,3,V2,3,soft,2,2,0.4604861352867986,1,"probabilities_updated,probability_cap_applied",held_by_policy,capped,capped,slow,0.3298291073339503,0.3475079191373479,0.1474350633751568,0.1587194650793663,0.4152474935209933,0.36524749352099334,0.1074883357698995,0.12852512226229218,-2.5895383904559384,-0.2165828246898098,-0.2165828246898098,0.010519580652379,-0.4805173116373196,0.01948268836268041,1.7602563722925928,-0.2307314692259966,0.26926853077400337,72bc033ffa274981002f30e493a907d578647a6d1ebb4fdaad52d6c87434ee0b
expected-tempo-governed-shadow-v1,2026-07-25|caulfield|4,2026-07-25,caulfield,4,V3,3,soft,3,3,0.5481084298088464,1,"probabilities_updated,probability_cap_applied",held_by_policy,capped,capped,very_fast_or_collapse,0.3241082270355516,0.3741082270355516,0.1401496505376887,0.1337345208234386,0.283793050446235,0.25541770632189065,0.2519490719805247,0.23673954581911907,2.258077476477564,-0.2165828246898098,-0.2165828246898098,2.115673308853664,-0.4805173116373196,0.01948268836268041,-0.7402947360109021,-0.2307314692259966,0.26926853077400337,2fe69277e6bbb12e5908017631cf72ddcb5e908442685c70b247b42ea78a8263
expected-tempo-governed-shadow-v1,2026-07-25|caulfield|5,2026-07-25,caulfield,5,V4,3,soft,4,4,0.4117659093901237,1,probabilities_updated,held_by_policy,capped,capped,slow,0.14659651956758,0.1574418405152174,0.0588820455992148,0.0685847738247258,0.7112608717987301,0.6745953577191968,0.083260563034475,0.0993780279408599,-0.5918612200551695,-0.6898357945645242,-0.6898357945645242,0.750158968470103,-0.3067335839479516,0.19326641605204842,0.8004821382839705,-0.0867865765402565,0.4132134234597435,f30c8583744420bcbe8b8f064212fd7f52a37b02d3dcb450ab6bd11f62678979
expected-tempo-governed-shadow-v1,2026-07-25|caulfield|6,2026-07-25,caulfield,6,V5,3,soft,5,5,0.2223476874956526,1,probabilities_updated,held_by_policy,capped,below_minimum_change,slow,0.1969370532432167,0.1860297235119802,0.0800651646857903,0.0777498166440707,0.6176110536205487,0.6108789071983152,0.1053867284504441,0.1253415526456336,-3.1456010773112446,-1.056774915850998,-1.056774915850998,0.85855931337405,-0.2791097701747049,0.2208902298252951,0.1705798255487543,-0.0338932725824823,-0.0338932725824823,4321f1260779b47ff3b4fcc45b3aeb8e92793368853e349f50198e80c7d2d75c
expected-tempo-governed-shadow-v1,2026-07-25|caulfield|7,2026-07-25,caulfield,7,V6,3,soft,6,6,0.5522351166054718,1,probabilities_updated,held_by_policy,capped,capped,slow,0.2589346802475082,0.2956976411915208,0.1680194575459842,0.1369469479881341,0.386095593793049,0.3702174357165707,0.1869502684134586,0.1971379751037742,-0.5015444108928514,-0.0872835958175358,-0.0872835958175358,1.8358920080428047,0.0487466805143664,0.5487466805143664,0.2800938726376124,0.0648599224831192,0.5648599224831192,ba8e6b160d5411f3b87037b1288d7202f8e15c9e9471d8527797ffc537ade3ed
expected-tempo-governed-shadow-v1,2026-07-25|caulfield|8,2026-07-25,caulfield,8,V7,3,soft,7,7,0.4235497754447917,1,probabilities_updated,held_by_policy,capped,capped,very_fast_or_collapse,0.1944473920291791,0.1913031831908141,0.1137044882697201,0.1004723277651343,0.5889688609084976,0.6015962376206262,0.1028792587926032,0.1066282514234254,1.0192595569976055,-1.063202100339831,-1.063202100339831,1.3248925632575963,-0.2730250090918567,0.22697499090814333,0.2764122563773512,-0.3296838278807434,0.1703161721192566,32b3754fef5e185f8af2f8d33b8fa390f40db2c1a9b6163a5518b30c7330db18
expected-tempo-governed-shadow-v1,2026-07-25|caulfield|9,2026-07-25,caulfield,9,V8,3,soft,8,8,0.5522478939891723,1,probabilities_updated,held_by_policy,capped,capped,fast,0.3147611907594602,0.3183889372363515,0.1586080369766719,0.1440918187372963,0.346596731145253,0.3529032574094502,0.1800340411186148,0.1846159866169018,0.7317103703047662,-0.1938276502384335,-0.1938276502384335,0.9901262410957395,0.0483572447358695,0.5483572447358696,0.4871114782052869,0.0729596199275976,0.5729596199275976,f84ed062bd721ad0ad323f532118468a5a7e42667a4d78124f79e2a1048901e1
expected-tempo-governed-shadow-v1,2026-07-25|randwick|2,2026-07-25,randwick,2,V0,3,soft,0,0,0.0,0,"no_completed_races,insufficient_state_reliability,probabilities_held",held_by_policy,held_insufficient_evidence,held_insufficient_evidence,slow,0.2738991595193366,0.2738991595193366,0.0957385028756126,0.0957385028756126,0.4293014163459827,0.4293014163459827,0.2010609212590681,0.2010609212590681,-0.8225497066787758,-0.3995526128356922,-0.3995526128356922,-1.408147375047634,-0.1838199561862199,-0.1838199561862199,-0.1847919888976965,-0.0453364118703507,-0.0453364118703507,1331b8b627149f6a56c7df695a81a8ab1c70c5835ab77ea6246c7a5cdd3b3c6a
expected-tempo-governed-shadow-v1,2026-07-25|randwick|3,2026-07-25,randwick,3,V1,3,soft,1,1,0.2637669986665615,1,probabilities_updated,held_by_policy,updated,below_minimum_change,even,0.2583067000550838,0.2694296996140969,0.1036308121304625,0.0920243929783193,0.4779693427591983,0.5029556271348217,0.1600931450552553,0.1355902802727619,-0.3257296838447958,-0.3995526128356922,-0.3995526128356922,-0.8401551565410237,-0.1838199561862199,-0.6614227833735923,-0.1524533908405994,-0.0453364118703507,-0.0453364118703507,b68a0ce2a33a64a7216de07dbe4a8f289c4eecde50fcc6998b197e0a8be9d647
expected-tempo-governed-shadow-v1,2026-07-25|randwick|4,2026-07-25,randwick,4,V2,3,soft,2,2,0.326494467731877,1,probabilities_updated,held_by_policy,updated,below_minimum_change,fast,0.2348198557109505,0.2697658535796292,0.1523188983639536,0.1366688977826136,0.4033934421322245,0.4144532852096141,0.2094678037928713,0.1791119634281428,1.126061344613123,-0.4450088173962322,-0.4450088173962322,0.0423949990749732,-0.2613483421373351,-0.4656256099995118,-0.453615801045331,-0.0873365665840547,-0.0873365665840547,aff4c01c56e054050ac0f89f82ce3c72bc0b9e0a01ef3a90f38bce0fac434caa
expected-tempo-governed-shadow-v1,2026-07-25|randwick|5,2026-07-25,randwick,5,V3,3,soft,3,3,0.4639178940668017,1,probabilities_updated,held_by_policy,updated,updated,slow,0.2627333949616082,0.2798192749366158,0.1134406787749485,0.1141810756948741,0.4620461154778055,0.4684474308997892,0.1617798107856377,0.1375522184687206,-0.5724945958484285,-0.3995526128356922,-0.3995526128356922,-1.585644943330952,-0.1838199561862199,-0.5614529222741425,0.1016355938937329,-0.0453364118703507,0.129051707332641,b8972b2c74e6cd55cb11f165f30c17028481830f511af4ba99fc615340076165
expected-tempo-governed-shadow-v1,2026-07-25|randwick|6,2026-07-25,randwick,6,V4,3,soft,4,4,0.5501232560981542,1,probabilities_updated,held_by_policy,capped,updated,slow,0.265418167767317,0.286631586121652,0.1025445406457974,0.1054333268333883,0.4881540573603348,0.4834165214551906,0.1438832342265507,0.1245185655897687,-1.0265420339351137,-0.3995526128356922,-0.3995526128356922,-0.3549951365666319,-0.1838199561862199,-0.6838199561862199,-0.2032711877874658,-0.0453364118703507,0.0763948513116603,881aca6a3673d50e819069a7a3a3d6b1ec191a7b99351842a1403f8ea0272e73
expected-tempo-governed-shadow-v1,2026-07-25|randwick|8,2026-07-25,randwick,8,V5,3,soft,5,5,0.527179050849118,1,probabilities_updated,held_by_policy,updated,updated,even,0.2764240041452641,0.2967967391406563,0.1326806265840964,0.1249349268912416,0.3873489990238019,0.3989268430921248,0.2035463702468375,0.1793414908759771,0.30269829205779,-0.3995526128356922,-0.3995526128356922,-1.0945683377471092,-0.1838199561862199,-0.3284901717311541,-0.4250215744647043,-0.0453364118703507,0.0337238904357217,57622d1e36c1f68ac095bc5ff8f1720e7806a80e1f133401bd336a23e0002089
expected-tempo-governed-shadow-v1,2026-07-25|randwick|10,2026-07-25,randwick,10,V6,3,soft,6,6,0.4605151419446825,1,probabilities_updated,held_by_policy,updated,updated,fast,0.2401938983718584,0.2573697069568,0.1417729951149445,0.1359571825539529,0.4114372662970489,0.4162549047650878,0.206595840216148,0.190418205724159,0.7917509640354121,-0.4450088173962322,-0.4450088173962322,-0.3273987993079866,-0.2613483421373351,-0.2079990279674276,0.0091536820838752,-0.0873365665840547,-0.2427658935221552,323fc90c780ddb6ecd30dd3c32c1608ea1347d46ef5a083d40861112d6fd785d
expected-tempo-governed-shadow-v1,2026-08-01|flemington|1,2026-08-01,flemington,1,V0,3,good,0,0,0.0,0,"no_completed_races,insufficient_state_reliability,probabilities_held",held_by_policy,held_insufficient_evidence,held_insufficient_evidence,slow,0.1646499889431818,0.1646499889431818,0.0622881169686343,0.0622881169686343,0.7006450741237107,0.7006450741237107,0.072416819964473,0.072416819964473,-4.0,-1.389475240236696,-1.389475240236696,-0.5464228937531921,-0.2495367325865137,-0.2495367325865137,0.5781349366942212,-0.2557341678126154,-0.2557341678126154,912e0c77f424a5f6d627ca4850412ef4ab527f8325d8c0b3c30e5d5edc07b81c
expected-tempo-governed-shadow-v1,2026-08-01|flemington|2,2026-08-01,flemington,2,V1,3,good,1,1,0.0381812849622661,0,"insufficient_state_reliability,probabilities_held",held_by_policy,held_insufficient_evidence,held_insufficient_evidence,even,0.3356539434295952,0.3356539434295952,0.2048002001856941,0.2048002001856941,0.2933774628691682,0.2933774628691682,0.1661683935155423,0.1661683935155423,-0.4251132826477883,-0.2896113112761829,-0.2896113112761829,0.6612889830455577,-0.1765654080845785,-0.1765654080845785,0.5040380559189329,0.1376823162184864,0.1376823162184864,f761caa89749a083fbb96044e38181df261f4ed65c1fe40ded3d3721b58ab90c
expected-tempo-governed-shadow-v1,2026-08-01|flemington|3,2026-08-01,flemington,3,V2,3,good,2,2,0.2125927699305338,1,probabilities_updated,held_by_policy,updated,updated,very_fast_or_collapse,0.1863697332714737,0.1688051485640721,0.0675332942128784,0.0579944060551991,0.6770391530212154,0.7105054133841483,0.0690578194944324,0.0626950319965802,1.3034637376388594,-0.7729903078174699,-0.7729903078174699,-0.8651077132417233,-0.1219573814120377,-0.2511555012895041,-1.0575753170433946,-0.0076088847512415,0.12166526532787161,5315d9b396ee2ee300f88e80857223d6104f029218afe002592a19fcf4e8ce65
expected-tempo-governed-shadow-v1,2026-08-01|flemington|6,2026-08-01,flemington,6,V3,3,good,3,3,0.2554821065128362,1,probabilities_updated,held_by_policy,updated,updated,slow,0.2452099466856394,0.2317942199064329,0.1148765694441337,0.1172279495551675,0.5451282370037225,0.5394169044817707,0.0947852468665043,0.1115609260566286,-0.7349538923672897,-0.552586470177361,-0.552586470177361,-0.5037336051787265,-0.3672912458330949,-0.153608150918183,1.0679437025046037,0.0613464516250747,-0.10949428008854371,f94e1f662006afe5eb3bca9b42c9f62847c469ddb00ad8d73d0566b8bac79314
expected-tempo-governed-shadow-v1,2026-08-01|flemington|7,2026-08-01,flemington,7,V4,3,good,4,4,0.3429737717868736,1,probabilities_updated,held_by_policy,updated,updated,even,0.3023631820038235,0.3091920442866591,0.2311730909907355,0.2049914546659942,0.3237393900377164,0.3317477610018771,0.1427243369677245,0.1540687400454693,-0.1826745806915826,-0.1835757035568904,-0.1835757035568904,1.859406958557119,-0.2315029444671466,0.1538512570898482,2.187982219765556,0.1219395271237553,0.3030882850598023,3e993a4873e1e6b3748ba304c21f9e61d505c2a174c7dee9f4f6b26f52fe20ea
expected-tempo-governed-shadow-v1,2026-08-01|flemington|8,2026-08-01,flemington,8,V5,3,good,5,5,0.4643892996558316,1,probabilities_updated,held_by_policy,capped,capped,even,0.3294610201677596,0.3149550542383704,0.1198056995668035,0.1238386525125119,0.4774335265140754,0.4823065275241133,0.0732997537513614,0.0788997657250041,-0.0260100414011773,-0.543492870700975,-0.543492870700975,-0.0256135731446818,-0.0914313685001479,0.4085686314998521,2.1198281012121485,0.0303116966274241,0.5303116966274241,29407efa2300644a1458e3c180198e655a172ca49bbb3afb37dabb5cba3a5b9f
expected-tempo-governed-shadow-v1,2026-08-01|flemington|9,2026-08-01,flemington,9,V6,3,good,6,6,0.5001998138288664,1,probabilities_updated,held_by_policy,capped,capped,even,0.3136190269758062,0.3179526515119729,0.2233971127334782,0.2242959898391646,0.3469447152722971,0.3311231478497715,0.1160391450184183,0.1266282107990907,-0.1313943037941339,-0.2896113112761829,-0.2896113112761829,0.0491816178784969,-0.1765654080845785,0.3234345919154215,0.7919826982241323,0.1376823162184864,0.6376823162184864,630fd65ae1e23037139084cd9029ebce9cffb782008202d561d15a944e23a1db
expected-tempo-governed-shadow-v1,2026-08-01|rosehill|1,2026-08-01,rosehill,1,V0,3,soft,0,0,0.0,0,"no_completed_races,insufficient_state_reliability,probabilities_held",held_by_policy,held_insufficient_evidence,held_insufficient_evidence,even,0.3740037204426878,0.3740037204426878,0.1292695534243912,0.1292695534243912,0.2255606411144782,0.2255606411144782,0.2711660850184427,0.2711660850184427,0.2697963037906429,0.1843080178977758,0.1843080178977758,-0.6637845569452153,-0.4188407529578543,-0.4188407529578543,0.385423291129484,-0.1692882683091953,-0.1692882683091953,630a9d18dc583d9f1d593a10038414b04e43c2234a5bcf71d708cd77f538db8b
expected-tempo-governed-shadow-v1,2026-08-01|rosehill|2,2026-08-01,rosehill,2,V1,3,soft,1,1,0.2637669986665615,1,probabilities_updated,held_by_policy,below_minimum_change,updated,very_fast_or_collapse,0.2687720403110176,0.3131950319981289,0.1092548370386479,0.1079989267734019,0.3198166071208559,0.3200117524376213,0.3021565155294785,0.2587942887908476,2.058971792086467,-0.4450088173962322,-0.4450088173962322,1.1241512657943251,-0.2613483421373351,-0.2613483421373351,-0.8651077132417233,-0.0873365665840547,0.1509107679399573,596d050ec22101ce90cee067b8329e6b8482e9880508870f1dad3676d094e7e4
expected-tempo-governed-shadow-v1,2026-08-01|rosehill|3,2026-08-01,rosehill,3,V2,3,soft,2,2,0.3964216791073752,1,probabilities_updated,held_by_policy,updated,capped,even,0.338858688360512,0.3692387422037256,0.1320031433890413,0.1341296352779974,0.3114260358746171,0.2809444896543167,0.2177121323758297,0.2156871328639601,0.1376511754033864,0.1843080178977758,0.1843080178977758,-1.822131753212889,-0.4188407529578543,-0.030052986473221688,1.273273372481328,-0.1692882683091953,0.3307117316908047,534a170ecf8d410efdf5b646d7653d92d2de5df3b00be37670618f60a0fe926f
expected-tempo-governed-shadow-v1,2026-08-01|rosehill|4,2026-08-01,rosehill,4,V3,3,soft,3,3,0.4926057181927801,1,"probabilities_updated,probability_cap_applied",held_by_policy,updated,updated,very_fast_or_collapse,0.2877398072722196,0.3341856864363757,0.1542718948696918,0.1655531642821614,0.3703892238769959,0.3203892238769959,0.1875990739810926,0.17987192540446678,1.8459747101465045,-0.4450088173962322,-0.4450088173962322,0.9314396202295774,-0.2613483421373351,0.02072099629604901,-0.7844620789564788,-0.0873365665840547,0.3486683838020133,35022d21e82c70b2d2947ddae57d24daba1b0e00759b48029eafe2f8d998ba0f
expected-tempo-governed-shadow-v1,2026-08-01|rosehill|5,2026-08-01,rosehill,5,V4,3,soft,4,4,0.3388190765051563,1,probabilities_updated,held_by_policy,updated,updated,even,0.3106859438483405,0.3047864085539489,0.1104614096740318,0.1193602885353949,0.4140627215970168,0.4012943620521353,0.1647899248806109,0.1745589408585207,-0.2515668238047832,-0.4400072838560512,-0.4400072838560512,0.7238437418773239,-0.4101328308267544,-0.02912899558999621,-0.8538765997629344,-0.1856388236407478,0.2141462175773579,ef8957ab2100d08e9693fd303bb99745a28d8c33ab205d93828ead0f409d61ce
expected-tempo-governed-shadow-v1,2026-08-01|rosehill|6,2026-08-01,rosehill,6,V5,3,soft,5,5,0.5516958144518899,1,probabilities_updated,held_by_policy,capped,capped,very_fast_or_collapse,0.3770293204943082,0.3781955678451738,0.1460662558934704,0.1455925826058011,0.2615326636170436,0.2253953822381328,0.2153717599951777,0.250816467310892,0.944287063267246,0.1843080178977758,0.1843080178977758,0.7708465822589616,-0.4188407529578543,0.08115924704214572,-0.0385423291129477,-0.1692882683091953,0.3307117316908047,28d24ebabf2e38897f2c2ae1fc14b6ba8ccc8dc918d7a77561c4819904e11830
expected-tempo-governed-shadow-v1,2026-08-01|rosehill|7,2026-08-01,rosehill,7,V6,3,soft,6,6,0.6044158511328063,1,probabilities_updated,held_by_policy,capped,capped,very_fast_or_collapse,0.3481565871819306,0.3636991302240945,0.1600018365850448,0.16386979395509,0.1993390621542319,0.1616650348615044,0.2925025140787927,0.3107660409593109,1.1691173164261166,0.1843080178977758,0.1843080178977758,1.0063830379492067,-0.4188407529578543,0.08115924704214572,0.1541693164517908,-0.1692882683091953,0.3307117316908047,570e33dbdcd5ab6fba8e2f09c60a370178f199a523e07a0ae35e08901642afaf
expected-tempo-governed-shadow-v1,2026-08-01|rosehill|8,2026-08-01,rosehill,8,V7,3,soft,7,7,0.6176636988267349,1,probabilities_updated,held_by_policy,capped,capped,even,0.4215693922735342,0.4078664015113318,0.130268556807258,0.1444180177600652,0.2257467192625422,0.1846046756298371,0.2224153316566656,0.2631109050987658,0.4886616726820243,0.1843080178977758,0.1843080178977758,-0.3624129453904078,-0.4188407529578543,0.08115924704214572,0.9497931102833688,-0.1692882683091953,0.3307117316908047,973d5e697c30dd3eab346f968928c9c86205d1c05b0dc747fa79da477b5b01fe
expected-tempo-governed-shadow-v1,2026-08-01|rosehill|9,2026-08-01,rosehill,9,V8,3,soft,8,8,0.631440238196747,1,"probabilities_updated,probability_cap_applied",held_by_policy,capped,updated,fast,0.3521169159274029,0.3563141965347995,0.1272205592428271,0.15022742964080615,0.3406826658234926,0.2906826658234926,0.1799798590062772,0.2027757080009015,0.5646899381664456,-0.4450088173962322,-0.4450088173962322,0.3450882955461745,-0.2613483421373351,0.2386516578626649,0.8993210126354603,-0.0873365665840547,0.3492023784491213,db53b44f93ebe73d7d62a2a7c5dc52ba2c53be290612043c927d2dee68337498
expected-tempo-governed-shadow-v1,2026-08-08|caulfield-heath|1,2026-08-08,caulfield-heath,1,V0,3,soft,0,0,0.0,0,"no_completed_races,insufficient_state_reliability,probabilities_held",held_by_policy,held_insufficient_evidence,held_insufficient_evidence,very_fast_or_collapse,0.3023163937370478,0.3023163937370478,0.2581539202989542,0.2581539202989542,0.2484572708599765,0.2484572708599765,0.1910724151040215,0.1910724151040215,1.5831796993270086,0.0549272241480799,0.0549272241480799,-1.1428871202242383,-0.0778969436858902,-0.0778969436858902,-0.9738820659789555,0.1111965881819699,0.1111965881819699,73d0e4a8fc23ce77842f3f6f0379a78c24f66ec373fedd4956ead671ce53f2cd
expected-tempo-governed-shadow-v1,2026-08-08|caulfield-heath|3,2026-08-08,caulfield-heath,3,V1,3,soft,1,1,0.230324375802835,1,probabilities_updated,held_by_policy,below_minimum_change,below_minimum_change,even,0.3999274411670397,0.3935102399156998,0.191736876278649,0.185524698599946,0.2681343338714835,0.2419704657120625,0.1402013486828277,0.1789945957722914,-0.2366634243777559,-0.2165828246898098,-0.2165828246898098,-0.2729153362043988,-0.4805173116373196,-0.4805173116373196,0.9227695666458942,-0.2307314692259966,-0.2307314692259966,10ff3cfc852aadc2465a115da78c1079f16b716592901f255c0ca76d387d87b7
expected-tempo-governed-shadow-v1,2026-08-08|caulfield-heath|4,2026-08-08,caulfield-heath,4,V2,3,soft,2,2,0.2663453874687174,1,probabilities_updated,held_by_policy,below_minimum_change,updated,even,0.1752888264020013,0.2025277701207287,0.0732773600795654,0.0736133109964029,0.6296888075243632,0.6009165988249692,0.12174500599407,0.1229423200578989,0.4114393632807226,-0.6898357945645242,-0.6898357945645242,0.0312264240498404,-0.3067335839479516,-0.3067335839479516,-0.8807399999777064,-0.0867865765402565,0.07382012994430849,fe6acb15a4edda648803adc07a87d8ce0f940713e84a0706b34063d0615569d6
expected-tempo-governed-shadow-v1,2026-08-08|caulfield-heath|5,2026-08-08,caulfield-heath,5,V3,3,soft,3,3,0.4497823085746479,1,probabilities_updated,held_by_policy,updated,updated,even,0.356304019582118,0.3666684529273107,0.1439170666871088,0.1496839641561909,0.2843883930676296,0.2578385336681484,0.2153905206631434,0.2258090492483497,0.0655754905046693,-0.2165828246898098,-0.2165828246898098,-0.2876504709532531,-0.4805173116373196,-0.10263973855814451,-0.3812339075302488,-0.2307314692259966,0.1636153671451788,db7101dfbbafbe35e23ec1f6b7db1fd6ab5d19edd512c515b48710a3aa980069
expected-tempo-governed-shadow-v1,2026-08-08|caulfield-heath|6,2026-08-08,caulfield-heath,6,V4,3,soft,4,4,0.5307348647862065,1,probabilities_updated,held_by_policy,updated,updated,slow,0.2893266050197072,0.3245200519680892,0.2625209045096868,0.2290283570492187,0.3200156514933288,0.2961617972980493,0.1281368389772772,0.1502897936846426,-0.711962468336412,0.0549272241480799,0.0549272241480799,-0.7681700316261305,-0.0778969436858902,-0.2135564625339103,0.0653843083166128,0.1111965881819699,0.2910568143536046,68fcc7fa0f9ded2e3bb2b3b233bb45004f4f70d346c4761b5798f2313c5f08f3
expected-tempo-governed-shadow-v1,2026-08-08|caulfield-heath|7,2026-08-08,caulfield-heath,7,V5,3,soft,5,5,0.4170917332448199,1,probabilities_updated,held_by_policy,updated,updated,very_fast_or_collapse,0.2433656142325161,0.2593124433814229,0.1424421630803413,0.1297723447915495,0.4575287987852208,0.4494181502027011,0.1566634239019218,0.1614970616243263,2.8142545481609824,-0.591098618868857,-0.591098618868857,-3.728094379652448,-0.1604242968556835,-0.028972856703410904,-2.584898112907412,0.0190549104415307,-0.1925068702847437,05b7d3af0989dccbb4ab9254d2a90c76bcd644b99bc2a1d4ac9e4cf43b38b756
expected-tempo-governed-shadow-v1,2026-08-08|caulfield-heath|8,2026-08-08,caulfield-heath,8,V6,3,soft,6,6,0.5232796239858853,1,probabilities_updated,held_by_policy,capped,capped,even,0.2512245067741061,0.23824463390075,0.1054799894434616,0.1389117583641233,0.5338327062315678,0.4981459612824726,0.1094627975508645,0.1246976464526539,0.1744372653818748,-0.591098618868857,-0.591098618868857,-0.0858442784788396,-0.1604242968556835,-0.6604242968556835,-0.3781826801689622,0.0190549104415307,-0.4809450895584693,5ea1d070a37087d643f9afb4bd2ab77071665a1627e078edc131f6656e6810fb
expected-tempo-governed-shadow-v1,2026-08-08|randwick|2,2026-08-08,randwick,2,V0,3,soft,0,0,0.0,0,"no_completed_races,insufficient_state_reliability,probabilities_held",held_by_policy,held_insufficient_evidence,held_insufficient_evidence,even,0.3405963580957571,0.3405963580957571,0.1213750025452206,0.1213750025452206,0.2790521538965865,0.2790521538965865,0.2589764854624357,0.2589764854624357,0.1326867067822854,-0.33657608121427,-0.33657608121427,0.716646431943883,-0.1343383330400182,-0.1343383330400182,0.9980640292254986,-0.0038203949622392,-0.0038203949622392,c7092dd8be290f2c1ebb5db11b58867960bcf32744dc748d1735e0a5a0fa778f
expected-tempo-governed-shadow-v1,2026-08-08|randwick|3,2026-08-08,randwick,3,V1,3,soft,1,1,0.2042705586529166,1,probabilities_updated,held_by_policy,capped,capped,even,0.3878342786803125,0.4046972283172174,0.1471708380355211,0.1309954637734057,0.240217533151557,0.2329384760535798,0.2247773501326093,0.2313688318557969,0.0578134936694198,0.1843080178977758,0.1843080178977758,0.2477721157261032,-0.4188407529578543,0.08115924704214572,1.6209535993873008,-0.1692882683091953,0.3307117316908047,ec01e0c56c8ce19504d714d978c3b872d62763ed0ff333b85a572088905e0a2a
expected-tempo-governed-shadow-v1,2026-08-08|randwick|4,2026-08-08,randwick,4,V2,3,soft,2,2,0.1188935907452188,0,"insufficient_state_reliability,probabilities_held",held_by_policy,held_insufficient_evidence,held_insufficient_evidence,even,0.2967527724119981,0.2967527724119981,0.0804649888255454,0.0804649888255454,0.5124656341123017,0.5124656341123017,0.1103166046501546,0.1103166046501546,0.2531381784960581,-0.4810644313131096,-0.4810644313131096,0.3461987968994884,-0.1504130603133176,-0.1504130603133176,-0.6056065968066441,-0.153630193082401,-0.153630193082401,167b4adc0b419573055809a895c1e317b6f6c2594fe26a26ac636b838a6f2764
expected-tempo-governed-shadow-v1,2026-08-08|randwick|5,2026-08-08,randwick,5,V3,3,good,3,0,0.0,0,"condition_regime_reset,insufficient_state_reliability,probabilities_held",held_by_policy,held_insufficient_evidence,held_insufficient_evidence,even,0.3886339450609135,0.3886339450609135,0.0991553183462982,0.0991553183462982,0.3115920479662074,0.3115920479662074,0.2006186886265809,0.2006186886265809,0.4846341012535556,-0.1885685900827312,-0.1885685900827312,-0.0788365822764871,-0.1691751342210597,-0.1691751342210597,-0.7279157701282053,-0.0793744307393559,-0.0793744307393559,f6fd3aaead00dcfa1f71ace12ba50b38f17d02dd7891ff563c860896c62867b7
expected-tempo-governed-shadow-v1,2026-08-08|randwick|6,2026-08-08,randwick,6,V4,3,good,4,1,0.1553624034969636,0,"insufficient_state_reliability,probabilities_held",held_by_policy,held_insufficient_evidence,held_insufficient_evidence,even,0.383912024572847,0.383912024572847,0.1370567045768172,0.1370567045768172,0.2737121160416441,0.2737121160416441,0.2053191548086916,0.2053191548086916,0.2060943987289676,-0.2436350276769868,-0.2436350276769868,2.669463428351004,-0.1924018612478142,-0.1924018612478142,0.5576235486761948,-0.0551985703025048,-0.0551985703025048,5da180a2783f11c30978f75729eacd67db8f74a934c48e0299866288881f4fd5
expected-tempo-governed-shadow-v1,2026-08-08|randwick|8,2026-08-08,randwick,8,V5,3,good,5,2,0.32356933368929,1,probabilities_updated,held_by_policy,capped,updated,even,0.4910691651406105,0.4625250512266752,0.0720578738308366,0.0736097606304903,0.2421554516084343,0.2376324443472124,0.1947175094201184,0.2262327437956217,0.0,0.0622570401064804,0.0622570401064804,2.649785126515222,-0.2000166781323805,0.2999833218676195,0.6112572507756658,-0.0075075203804193,0.2335247750851692,41ca28b437bb33a80cbb56f7aed4e4aeca2c4faf98075b0e17b65746ae5951ee
expected-tempo-governed-shadow-v1,2026-08-08|randwick|9,2026-08-08,randwick,9,V6,3,good,6,3,0.4735595080134229,1,probabilities_updated,held_by_policy,capped,capped,even,0.462401241471124,0.4507578559656956,0.0886580658478336,0.0908190374683649,0.2653638632054379,0.2387523370119625,0.1835768294756042,0.2196707695539766,0.0815318500466206,0.0622570401064804,0.0622570401064804,-0.0963558227823695,-0.2000166781323805,0.2999833218676195,0.1159280992850391,-0.0075075203804193,0.4924924796195807,c175f227b1f47818e59a6b1e070c8330e1659677eddc06672b5f3878c770d079
expected-tempo-governed-shadow-v1,2026-08-08|randwick|10,2026-08-08,randwick,10,V7,3,good,7,4,0.5558254677210537,1,probabilities_updated,held_by_policy,capped,capped,even,0.479159312528157,0.4576063396086015,0.0941537010890281,0.1055232651623414,0.2457639700372366,0.2169458356903431,0.1809230163455781,0.2199245595387137,-0.0667078773108743,0.0622570401064804,0.0622570401064804,1.0117361392149056,-0.2000166781323805,0.2999833218676195,-0.2740118710373644,-0.0075075203804193,0.4924924796195807,3712042b535a4e46cae323e6dae43c1794b3174f59322760227e4ece4696ff0f
expected-tempo-governed-shadow-v1,2026-08-15|caulfield|1,2026-08-15,caulfield,1,V0,3,soft,0,0,0.0,0,"no_completed_races,insufficient_state_reliability,probabilities_held",held_by_policy,held_insufficient_evidence,held_insufficient_evidence,even,0.3637942669355488,0.3637942669355488,0.1507774299020308,0.1507774299020308,0.2674847203268078,0.2674847203268078,0.2179435828356125,0.2179435828356125,-0.2519813642394923,-0.2165828246898098,-0.2165828246898098,0.0824704858748661,-0.4805173116373196,-0.4805173116373196,1.4697219299809603,-0.2307314692259966,-0.2307314692259966,9f10f57c878ff2a1aacf43e0e63c1812e06a5e2221e4ca1efbff7b5c61090f08
expected-tempo-governed-shadow-v1,2026-08-15|caulfield|2,2026-08-15,caulfield,2,V1,3,soft,1,1,0.1003675646834516,0,"insufficient_state_reliability,probabilities_held",held_by_policy,held_insufficient_evidence,held_insufficient_evidence,very_fast_or_collapse,0.1988767052252232,0.1988767052252232,0.0703707177871914,0.0703707177871914,0.6338813338607427,0.6338813338607427,0.0968712431268425,0.0968712431268425,2.273808484678112,-1.063202100339831,-1.063202100339831,0.7428312329037394,-0.2730250090918567,-0.2730250090918567,-0.2957270500512862,-0.3296838278807434,-0.3296838278807434,c1a8f1814ff9255414ddfeba45ba2b3fafda20d64c9b7d82f83c9722b9945195
expected-tempo-governed-shadow-v1,2026-08-15|caulfield|3,2026-08-15,caulfield,3,V2,3,soft,2,2,0.3042259587920152,1,probabilities_updated,held_by_policy,below_minimum_change,capped,even,0.3323908216008017,0.3440346800834711,0.1322875988867803,0.1246229287845954,0.3413129475641524,0.3571394412562307,0.1940086319482655,0.1742029498757026,0.1486166080202706,-0.1938276502384335,-0.1938276502384335,1.7888667968727132,0.0483572447358695,0.0483572447358695,0.1818192482067347,0.0729596199275976,0.5729596199275976,98467f92f11850cfd91964f7cd0740194a9405e7db23e6684ee20a423c3fbe89
expected-tempo-governed-shadow-v1,2026-08-15|caulfield|4,2026-08-15,caulfield,4,V3,3,soft,3,3,0.4638703316817766,1,probabilities_updated,held_by_policy,capped,capped,very_fast_or_collapse,0.3333997551282094,0.3611134408097438,0.1538516665286988,0.1435949852222429,0.3486269873884752,0.3324798080974952,0.1641215909546165,0.1628117658705179,0.9088477182777928,-0.1938276502384335,-0.1938276502384335,2.179875932801181,0.0483572447358695,0.5483572447358696,-0.1876843852456563,0.0729596199275976,0.5729596199275976,64db17f334e7a42261f56e11814ae852647a966c25b0367952a4c88927b14c4f
expected-tempo-governed-shadow-v1,2026-08-15|caulfield|5,2026-08-15,caulfield,5,V4,3,soft,4,4,0.4807310367402408,1,probabilities_updated,held_by_policy,capped,capped,fast,0.3267161380177685,0.3345284898685572,0.1808875990151942,0.1834768542582269,0.3367052536327313,0.300560366823604,0.1556910093343059,0.1814342890496117,0.9741056519277136,-0.3149160476189359,-0.3149160476189359,0.4763091327058661,-0.2658393755323758,0.2341606244676242,0.0670780061265338,-0.0304726091998192,0.4695273908001808,60cc7d764f19eff95a72a5e8c14f98edf3807b47aa8d05da21181a48fe64ff1c
expected-tempo-governed-shadow-v1,2026-08-15|caulfield|6,2026-08-15,caulfield,6,V5,3,soft,5,5,0.5601069859993317,1,probabilities_updated,held_by_policy,capped,capped,even,0.2853855111860405,0.3170279481398512,0.1564745847376467,0.1720278895042205,0.2852323390818452,0.2395212258972192,0.2729075649944675,0.2714229364587088,0.4911016758618449,-0.3149160476189359,-0.3149160476189359,0.0058907489910602,-0.2658393755323758,0.2341606244676242,0.2748771059568147,-0.0304726091998192,0.4695273908001808,46eb94b3493b386cfc14dff33c6f39652d87d2f918b963f584500475b02bee8c
expected-tempo-governed-shadow-v1,2026-08-15|caulfield|7,2026-08-15,caulfield,7,V6,3,soft,6,6,0.584996403389213,1,"probabilities_updated,probability_cap_applied",held_by_policy,capped,updated,slow,0.3426331570293877,0.33907716904030366,0.110222446236243,0.13691132637152711,0.316587353990629,0.266587353990629,0.2305570427437401,0.25742415059754004,-0.5601702917687035,-0.436305688138223,-0.436305688138223,1.0263989818122106,-0.2293588240923915,0.2706411759076085,1.255139326330354,0.1448979578963335,0.5540343319879846,cffaf9c09011bf80bb299673761168ecab59cd5965128a21e345d66131e9b57c
expected-tempo-governed-shadow-v1,2026-08-15|caulfield|8,2026-08-15,caulfield,8,V7,3,soft,7,7,0.6135344222632466,1,probabilities_updated,held_by_policy,capped,capped,even,0.3373613618113426,0.3624312336819875,0.2419749901207299,0.2143855254513347,0.1978814612928481,0.166157563721434,0.2227821867750793,0.2570256771452436,0.2274145089423025,0.0549272241480799,0.0549272241480799,1.914095398514676,-0.0778969436858902,0.4221030563141098,-0.2439647427894087,0.1111965881819699,0.6111965881819699,918c4fae2fa7e064cbb82ae9e2b25e59388cd26769bd11c98f19a8c6bc02690f
expected-tempo-governed-shadow-v1,2026-08-15|caulfield|9,2026-08-15,caulfield,9,V8,3,soft,8,8,0.5657938865163481,1,"probabilities_updated,probability_cap_applied",held_by_policy,capped,capped,even,0.2036525531129562,0.20227007103166483,0.0717535733808817,0.0830920441548186,0.6371865083077876,0.5871865083077875,0.0874073651983745,0.12745137650572883,-0.4673369807949663,-0.6898357945645242,-0.6898357945645242,0.2586965222146488,-0.3067335839479516,0.19326641605204842,-0.3220469399493325,-0.0867865765402565,0.4132134234597435,49222e5d70ea5112f4a2d7fe724b1164d00d45e333598d45d15e91953fa79cde
expected-tempo-governed-shadow-v1,2026-08-15|rosehill|1,2026-08-15,rosehill,1,V0,3,good,0,0,0.0,0,"no_completed_races,insufficient_state_reliability,probabilities_held",held_by_policy,held_insufficient_evidence,held_insufficient_evidence,even,0.3449735402679408,0.3449735402679408,0.0763223307367512,0.0763223307367512,0.3560051822817504,0.3560051822817504,0.2226989467135575,0.2226989467135575,0.0369882029390419,0.0635809124472255,0.0635809124472255,-2.7092045505643245,-0.3526661611126185,-0.3526661611126185,1.249320615178288,-0.0595908327714124,-0.0595908327714124,052d387a9ba1f24f1b44a9b00a50318236b4228421ef8c2d01c42336852a44ff
expected-tempo-governed-shadow-v1,2026-08-15|rosehill|2,2026-08-15,rosehill,2,V1,3,good,1,1,0.2637669986665615,1,probabilities_updated,held_by_policy,capped,updated,fast,0.4227275392034466,0.4085495675912347,0.0486521625816471,0.052881842870689,0.307502845737863,0.3491086353479408,0.2211174524770431,0.1894599541901352,0.6013532072441922,0.0622570401064804,0.0622570401064804,-0.289863797461014,-0.2000166781323805,-0.7000166781323804,-0.2818767353036508,-0.0075075203804193,0.3354821295942871,9eb5fe397d187d30756776921aef8742a4439c3cbf712f70c330dfb638ac2d69
expected-tempo-governed-shadow-v1,2026-08-15|rosehill|3,2026-08-15,rosehill,3,V2,3,soft,2,0,0.0,0,"condition_regime_reset,insufficient_state_reliability,probabilities_held",held_by_policy,held_insufficient_evidence,held_insufficient_evidence,very_fast_or_collapse,0.279611486788497,0.279611486788497,0.0913164097561602,0.0913164097561602,0.3244274893566902,0.3244274893566902,0.3046446140986526,0.3046446140986526,1.1886568816031304,-0.4450088173962322,-0.4450088173962322,1.8811125111457856,-0.2613483421373351,-0.2613483421373351,-0.5403391902275396,-0.0873365665840547,-0.0873365665840547,acc5a8731efbfdb5638c676cc6b47dcc707de620d773801897720cfa564cad0f
expected-tempo-governed-shadow-v1,2026-08-15|rosehill|5,2026-08-15,rosehill,5,V3,3,soft,3,1,0.2611859138159418,1,probabilities_updated,held_by_policy,capped,updated,very_fast_or_collapse,0.384864715703519,0.398129062242134,0.1113238870495263,0.1049228296457915,0.2733336412307025,0.2452482288743864,0.2304777560162523,0.251699879237688,2.058995162404847,0.1843080178977758,0.1843080178977758,1.2139186562496989,-0.4188407529578543,0.08115924704214572,-1.2730063395378026,-0.1692882683091953,0.11006328425316181,f9104a6adb4a2f9a32d2bd533e01214d5e137c64d8baa6db1cafdd0f82bf992c
expected-tempo-governed-shadow-v1,2026-08-15|rosehill|7,2026-08-15,rosehill,7,V4,3,soft,4,2,0.3531240721962109,1,probabilities_updated,held_by_policy,capped,below_minimum_change,slow,0.3184611348369598,0.3350709308178402,0.1244598998616036,0.1338999265718841,0.337568240393833,0.2918258639659448,0.2195107249076035,0.2392032786443307,-0.8005201747421213,-0.4450088173962322,-0.4450088173962322,4.0,-0.2613483421373351,0.2386516578626649,-0.6452159869298681,-0.0873365665840547,-0.0873365665840547,d289469b2db7925854802ee9c4e8de483de55511e1ac022841f296da0d73259c
expected-tempo-governed-shadow-v1,2026-08-15|rosehill|9,2026-08-15,rosehill,9,V5,3,soft,5,3,0.4326883763640515,1,"probabilities_updated,probability_cap_applied",held_by_policy,capped,updated,very_fast_or_collapse,0.4017973987818483,0.39059092222123004,0.1102600298649044,0.09981725617534418,0.1976568597084129,0.1693061099585912,0.2902857116448344,0.3402857116448344,0.9902003908050092,0.1843080178977758,0.1843080178977758,1.070620253137467,-0.4188407529578543,0.08115924704214572,0.6487436153413821,-0.1692882683091953,0.17912699549776356,aa7cd6854bfd27d596cc8d7de58c5b6b5efa1fcaba521c1c6f66b1a503ba7416
expected-tempo-governed-shadow-v1,2026-08-15|rosehill|10,2026-08-15,rosehill,10,V6,3,soft,6,4,0.5320674848176506,1,probabilities_updated,held_by_policy,capped,updated,very_fast_or_collapse,0.3763084917844915,0.3919493831389034,0.1276748199905862,0.1250043995791884,0.2019974669340057,0.158215555567222,0.2940192212909165,0.324830661714686,2.084749253286784,0.1843080178977758,0.1843080178977758,0.6646081109861057,-0.4188407529578543,0.08115924704214572,-0.1958471291596666,-0.1692882683091953,0.3204336426824385,9cf385c16a2774725bd8c8c4b958b3ac91366c5e6d652c2ac7e19454958ef55f
