target_version,race_id,race_date,source,state,track_slug,race_number,distance_metres,going_bucket,rail_bucket,class_family,group_grade,field_size,sectional_coverage,early_score,middle_score,late_score,pace_label_4way,pace_label_detailed,par_early_seconds,par_middle_seconds,par_late_seconds,par_early_scale,par_middle_scale,par_late_scale,par_most_specific_level,par_most_specific_sample,par_level_counts_json,information_cutoff_exclusive
expected-tempo-targets-v2.0-walk-forward,2023-09-16|flemington|3,2023-09-16,racing-com-rv-authorised,VIC,flemington,3,1400,good,true,listed,,9,1.0,-4.0,-0.9084977576623443,1.0791852151625576,slow,sprint_home,24.96,22.98,23.37,1.349166,0.3632370000000015,0.6671699999999989,source_phase_profile_going,13,"{""source_distance"": 3, ""source_distance_going"": 3, ""source_phase_profile"": 13, ""source_phase_profile_going"": 13, ""track_distance"": 0, ""track_distance_going"": 0, ""track_distance_going_rail"": 0, ""track_phase_profile_going"": 0}",2023-09-16
expected-tempo-targets-v2.0-walk-forward,2023-09-16|flemington|5,2023-09-16,racing-com-rv-authorised,VIC,flemington,5,1400,good,true,listed,,15,1.0,-4.0,0.385423291129483,-1.5888004556559803,slow,very_slow_early,24.96,22.98,23.37,1.349166,0.3632370000000015,0.6671699999999989,source_phase_profile_going,13,"{""source_distance"": 3, ""source_distance_going"": 3, ""source_phase_profile"": 13, ""source_phase_profile_going"": 13, ""track_distance"": 0, ""track_distance_going"": 0, ""track_distance_going_rail"": 0, ""track_phase_profile_going"": 0}",2023-09-16
expected-tempo-targets-v2.0-walk-forward,2023-09-16|flemington|7,2023-09-16,racing-com-rv-authorised,VIC,flemington,7,1600,good,true,group,1,7,1.0,-4.0,0.770846582258966,1.1841059999700285,slow,sprint_home,24.96,22.98,23.37,1.349166,0.3632370000000015,0.6671699999999989,source_phase_profile_going,13,"{""source_distance"": 3, ""source_distance_going"": 3, ""source_phase_profile"": 13, ""source_phase_profile_going"": 13, ""track_distance"": 0, ""track_distance_going"": 0, ""track_distance_going_rail"": 0, ""track_phase_profile_going"": 0}",2023-09-16
expected-tempo-targets-v2.0-walk-forward,2023-09-16|flemington|8,2023-09-16,racing-com-rv-authorised,VIC,flemington,8,1400,good,true,group,2,14,1.0,-4.0,-0.2890674683471122,-0.15738117721120642,slow,very_slow_early,24.96,22.98,23.37,1.349166,0.3632370000000015,0.6671699999999989,source_phase_profile_going,13,"{""source_distance"": 3, ""source_distance_going"": 3, ""source_phase_profile"": 13, ""source_phase_profile_going"": 13, ""track_distance"": 0, ""track_distance_going"": 0, ""track_distance_going_rail"": 0, ""track_phase_profile_going"": 0}",2023-09-16
expected-tempo-targets-v2.0-walk-forward,2023-09-16|flemington|9,2023-09-16,racing-com-rv-authorised,VIC,flemington,9,1200,good,true,group,2,10,1.0,-0.024476792191591053,3.3050479303244464,0.2505332092360742,even,even,24.8537037037037,22.91648148148148,23.31425925925926,1.074335888888889,0.42858122222222295,0.6556386666666665,source_distance_going,7,"{""source_distance"": 7, ""source_distance_going"": 7, ""source_phase_profile"": 13, ""source_phase_profile_going"": 13, ""track_distance"": 0, ""track_distance_going"": 0, ""track_distance_going_rail"": 0, ""track_phase_profile_going"": 0}",2023-09-16
expected-tempo-targets-v2.0-walk-forward,2023-09-23|caulfield|1,2023-09-23,racing-com-rv-authorised,VIC,caulfield,1,1600,good,out_4_6m,benchmark,,11,1.0,-0.8432672553869746,-2.118400607541307,-1.0501564989319094,slow,slow_early,37.084,22.932000000000002,23.192000000000004,14.628814199999999,0.4003019999999994,0.7027523999999993,track_phase_profile_going,5,"{""source_distance"": 4, ""source_distance_going"": 4, ""source_phase_profile"": 18, ""source_phase_profile_going"": 18, ""track_distance"": 0, ""track_distance_going"": 0, ""track_distance_going_rail"": 0, ""track_phase_profile_going"": 5}",2023-09-23
expected-tempo-targets-v2.0-walk-forward,2023-09-23|caulfield|3,2023-09-23,racing-com-rv-authorised,VIC,caulfield,3,1200,good,out_4_6m,unclassified,,10,1.0,0.9203844022921899,2.888761174192578,-0.323373519883925,very_fast_or_collapse,fast_early,34.22,22.871428571428574,23.166857142857143,10.6096974,0.4799387999999991,0.6281987999999997,track_phase_profile_going,5,"{""source_distance"": 8, ""source_distance_going"": 8, ""source_phase_profile"": 18, ""source_phase_profile_going"": 18, ""track_distance"": 2, ""track_distance_going"": 2, ""track_distance_going_rail"": 0, ""track_phase_profile_going"": 5}",2023-09-23
expected-tempo-targets-v2.0-walk-forward,2023-09-23|caulfield|4,2023-09-23,racing-com-rv-authorised,VIC,caulfield,4,1400,good,out_4_6m,benchmark,,9,1.0,-0.15924269166830304,-1.1407468205090394,1.394460667673088,even,even,37.15184615384615,22.975846153846156,23.169846153846155,11.417502599999999,0.3893535692307688,0.6596429538461535,track_phase_profile_going,5,"{""source_distance"": 6, ""source_distance_going"": 6, ""source_phase_profile"": 18, ""source_phase_profile_going"": 18, ""track_distance"": 3, ""track_distance_going"": 3, ""track_distance_going_rail"": 0, ""track_phase_profile_going"": 5}",2023-09-23
expected-tempo-targets-v2.0-walk-forward,2023-09-23|caulfield|5,2023-09-23,racing-com-rv-authorised,VIC,caulfield,5,1400,good,out_4_6m,listed,,12,1.0,0.02468544687225614,-1.5773679624080614,-0.09877138196346137,even,even,37.15184615384615,22.975846153846156,23.169846153846155,11.417502599999999,0.3893535692307688,0.6596429538461535,track_phase_profile_going,5,"{""source_distance"": 6, ""source_distance_going"": 6, ""source_phase_profile"": 18, ""source_phase_profile_going"": 18, ""track_distance"": 3, ""track_distance_going"": 3, ""track_distance_going_rail"": 0, ""track_phase_profile_going"": 5}",2023-09-23
expected-tempo-targets-v2.0-walk-forward,2023-09-23|caulfield|6,2023-09-23,racing-com-rv-authorised,VIC,caulfield,6,1400,good,out_4_6m,listed,,8,1.0,-0.04713411198643799,2.0825445505690756,0.4772978351552116,even,even,37.15184615384615,22.975846153846156,23.169846153846155,11.417502599999999,0.3893535692307688,0.6596429538461535,track_phase_profile_going,5,"{""source_distance"": 6, ""source_distance_going"": 6, ""source_phase_profile"": 18, ""source_phase_profile_going"": 18, ""track_distance"": 3, ""track_distance_going"": 3, ""track_distance_going_rail"": 0, ""track_phase_profile_going"": 5}",2023-09-23
expected-tempo-targets-v2.0-walk-forward,2023-09-23|caulfield|7,2023-09-23,racing-com-rv-authorised,VIC,caulfield,7,1400,good,out_4_6m,group,3,9,1.0,0.0483333503988998,-1.0380124341798498,0.4545582607952579,even,even,37.15184615384615,22.975846153846156,23.169846153846155,11.417502599999999,0.3893535692307688,0.6596429538461535,track_phase_profile_going,5,"{""source_distance"": 6, ""source_distance_going"": 6, ""source_phase_profile"": 18, ""source_phase_profile_going"": 18, ""track_distance"": 3, ""track_distance_going"": 3, ""track_distance_going_rail"": 0, ""track_phase_profile_going"": 5}",2023-09-23
expected-tempo-targets-v2.0-walk-forward,2023-10-07|flemington|9,2023-10-07,racing-com-rv-authorised,VIC,flemington,9,1200,good,out_7m_plus,group,2,13,1.0,0.8650976762526419,1.9177623946286901,-0.565895931613353,very_fast_or_collapse,fast_early,34.037862068965524,22.89034482758621,23.176068965517242,10.00795899310345,0.5476928896551714,0.6077637517241378,track_phase_profile_going,5,"{""source_distance"": 9, ""source_distance_going"": 9, ""source_phase_profile"": 24, ""source_phase_profile_going"": 24, ""track_distance"": 1, ""track_distance_going"": 1, ""track_distance_going_rail"": 0, ""track_phase_profile_going"": 5}",2023-10-07
expected-tempo-targets-v2.0-walk-forward,2023-10-07|flemington|10,2023-10-07,racing-com-rv-authorised,VIC,flemington,10,1400,good,out_7m_plus,listed,,11,1.0,-0.4408278892293439,2.015410635886252,-0.9249005025158059,even,even,37.444,23.200000000000003,22.942,0.8302560000000034,0.3721325999999997,0.49518840000000053,track_phase_profile_going,5,"{""source_distance"": 10, ""source_distance_going"": 10, ""source_phase_profile"": 24, ""source_phase_profile_going"": 24, ""track_distance"": 3, ""track_distance_going"": 3, ""track_distance_going_rail"": 0, ""track_phase_profile_going"": 5}",2023-10-07
expected-tempo-targets-v2.0-walk-forward,2023-10-14|caulfield|2,2023-10-14,racing-com-rv-authorised,VIC,caulfield,2,1200,good,true,unclassified,,9,1.0,4.0,1.1022166069495547,-1.4112422044433401,very_fast_or_collapse,pace_collapse,37.08,23.27,22.91,1.3862310000000033,0.6078660000000001,0.4818449999999989,track_phase_profile_going,11,"{""source_distance"": 10, ""source_distance_going"": 10, ""source_phase_profile"": 26, ""source_phase_profile_going"": 26, ""track_distance"": 3, ""track_distance_going"": 3, ""track_distance_going_rail"": 2, ""track_phase_profile_going"": 11}",2023-10-14
expected-tempo-targets-v2.0-walk-forward,2023-10-14|caulfield|4,2023-10-14,racing-com-rv-authorised,VIC,caulfield,4,1200,good,true,group,3,12,1.0,4.0,1.4888149690885777,-1.7744295364692013,very_fast_or_collapse,pace_collapse,37.08,23.27,22.91,1.3862310000000033,0.6078660000000001,0.4818449999999989,track_phase_profile_going,11,"{""source_distance"": 10, ""source_distance_going"": 10, ""source_phase_profile"": 26, ""source_phase_profile_going"": 26, ""track_distance"": 3, ""track_distance_going"": 3, ""track_distance_going_rail"": 2, ""track_phase_profile_going"": 11}",2023-10-14
expected-tempo-targets-v2.0-walk-forward,2023-10-14|caulfield|6,2023-10-14,racing-com-rv-authorised,VIC,caulfield,6,1400,good,true,listed,,11,0.9090909090909091,-0.09570884993468096,0.9576792272609814,-4.0,even,even,37.187592592592594,23.29851851851852,22.89962962962963,1.2267142222222231,0.5309904444444449,0.4165007777777774,track_distance_going,7,"{""source_distance"": 11, ""source_distance_going"": 11, ""source_phase_profile"": 26, ""source_phase_profile_going"": 26, ""track_distance"": 7, ""track_distance_going"": 7, ""track_distance_going_rail"": 3, ""track_phase_profile_going"": 11}",2023-10-14
expected-tempo-targets-v2.0-walk-forward,2023-10-14|caulfield|8,2023-10-14,racing-com-rv-authorised,VIC,caulfield,8,1600,good,true,group,3,10,1.0,-4.0,-0.8225497066787802,-3.4762216065332305,slow,very_slow_early,37.08,23.27,22.91,1.3862310000000033,0.6078660000000001,0.4818449999999989,track_phase_profile_going,11,"{""source_distance"": 5, ""source_distance_going"": 5, ""source_phase_profile"": 26, ""source_phase_profile_going"": 26, ""track_distance"": 1, ""track_distance_going"": 1, ""track_distance_going_rail"": 0, ""track_phase_profile_going"": 11}",2023-10-14
expected-tempo-targets-v2.0-walk-forward,2023-10-14|caulfield|9,2023-10-14,racing-com-rv-authorised,VIC,caulfield,9,1600,good,true,group,1,15,1.0,-4.0,-0.08225497066787861,-2.5319345432659914,slow,very_slow_early,37.08,23.27,22.91,1.3862310000000033,0.6078660000000001,0.4818449999999989,track_phase_profile_going,11,"{""source_distance"": 5, ""source_distance_going"": 5, ""source_phase_profile"": 26, ""source_phase_profile_going"": 26, ""track_distance"": 1, ""track_distance_going"": 1, ""track_distance_going_rail"": 0, ""track_phase_profile_going"": 11}",2023-10-14
expected-tempo-targets-v2.0-walk-forward,2023-10-14|caulfield|10,2023-10-14,racing-com-rv-authorised,VIC,caulfield,10,1600,good,true,group,1,16,1.0,-4.0,-0.2796669002707803,-4.0,slow,very_slow_early,37.08,23.27,22.91,1.3862310000000033,0.6078660000000001,0.4818449999999989,track_phase_profile_going,11,"{""source_distance"": 5, ""source_distance_going"": 5, ""source_phase_profile"": 26, ""source_phase_profile_going"": 26, ""track_distance"": 1, ""track_distance_going"": 1, ""track_distance_going_rail"": 0, ""track_phase_profile_going"": 11}",2023-10-14
expected-tempo-targets-v2.0-walk-forward,2023-10-21|caulfield|1,2023-10-21,racing-com-rv-authorised,VIC,caulfield,1,1400,good,out_1_3m,unclassified,,8,1.0,0.03556301363850173,-0.678856395460264,-0.4685477004441581,even,even,37.332142857142856,23.285714285714285,23.232857142857142,12.432660000000002,0.6544620000000007,0.6555210000000042,track_distance_going,8,"{""source_distance"": 12, ""source_distance_going"": 12, ""source_phase_profile"": 32, ""source_phase_profile_going"": 32, ""track_distance"": 8, ""track_distance_going"": 8, ""track_distance_going_rail"": 0, ""track_phase_profile_going"": 17}",2023-10-21
expected-tempo-targets-v2.0-walk-forward,2023-10-21|caulfield|2,2023-10-21,racing-com-rv-authorised,VIC,caulfield,2,2000,good,out_1_3m,group,3,7,1.0,-2.4248438323620554,-0.9836323575700328,0.6155546736970852,slow,very_slow_early,37.305,23.27,23.37,17.153682,0.7116480000000006,0.7635390000000061,track_phase_profile_going,17,"{""source_distance"": 0, ""source_distance_going"": 0, ""source_phase_profile"": 32, ""source_phase_profile_going"": 32, ""track_distance"": 0, ""track_distance_going"": 0, ""track_distance_going_rail"": 0, ""track_phase_profile_going"": 17}",2023-10-21
expected-tempo-targets-v2.0-walk-forward,2023-10-21|caulfield|3,2023-10-21,racing-com-rv-authorised,VIC,caulfield,3,2000,good,out_1_3m,group,3,13,1.0,-2.26511136209707,-0.4918161787850189,-1.5323382302672015,slow,very_slow_early,37.305,23.27,23.37,17.153682,0.7116480000000006,0.7635390000000061,track_phase_profile_going,17,"{""source_distance"": 0, ""source_distance_going"": 0, ""source_phase_profile"": 32, ""source_phase_profile_going"": 32, ""track_distance"": 0, ""track_distance_going"": 0, ""track_distance_going_rail"": 0, ""track_phase_profile_going"": 17}",2023-10-21
expected-tempo-targets-v2.0-walk-forward,2023-10-21|caulfield|4,2023-10-21,racing-com-rv-authorised,VIC,caulfield,4,1200,good,out_1_3m,listed,,9,1.0,0.7602292614089841,1.594677688878536,-1.2903301485639094,very_fast_or_collapse,pace_collapse,34.754000000000005,23.089,23.37,13.751115000000002,0.6390006000000004,0.6819960000000055,track_distance_going,5,"{""source_distance"": 12, ""source_distance_going"": 12, ""source_phase_profile"": 32, ""source_phase_profile_going"": 32, ""track_distance"": 5, ""track_distance_going"": 5, ""track_distance_going_rail"": 0, ""track_phase_profile_going"": 17}",2023-10-21
expected-tempo-targets-v2.0-walk-forward,2023-10-21|caulfield|5,2023-10-21,racing-com-rv-authorised,VIC,caulfield,5,1400,good,out_1_3m,group,2,14,1.0,0.10674649328002694,-0.5489787249461612,-2.161857296933046,even,even,37.332142857142856,23.285714285714285,23.232857142857142,12.432660000000002,0.6544620000000007,0.6555210000000042,track_distance_going,8,"{""source_distance"": 12, ""source_distance_going"": 12, ""source_phase_profile"": 32, ""source_phase_profile_going"": 32, ""track_distance"": 8, ""track_distance_going"": 8, ""track_distance_going_rail"": 0, ""track_phase_profile_going"": 17}",2023-10-21
expected-tempo-targets-v2.0-walk-forward,2023-10-21|caulfield|7,2023-10-21,racing-com-rv-authorised,VIC,caulfield,7,1400,good,out_1_3m,group,2,9,1.0,0.003389689506739215,0.25320688705269906,-0.2549771207068199,even,even,37.332142857142856,23.285714285714285,23.232857142857142,12.432660000000002,0.6544620000000007,0.6555210000000042,track_distance_going,8,"{""source_distance"": 12, ""source_distance_going"": 12, ""source_phase_profile"": 32, ""source_phase_profile_going"": 32, ""track_distance"": 8, ""track_distance_going"": 8, ""track_distance_going_rail"": 0, ""track_phase_profile_going"": 17}",2023-10-21
expected-tempo-targets-v2.0-walk-forward,2023-10-21|caulfield|8,2023-10-21,racing-com-rv-authorised,VIC,caulfield,8,1400,good,out_1_3m,group,3,7,1.0,0.021889350882502472,1.0019134582516402,-1.3533401022131297,even,even,37.332142857142856,23.285714285714285,23.232857142857142,12.432660000000002,0.6544620000000007,0.6555210000000042,track_distance_going,8,"{""source_distance"": 12, ""source_distance_going"": 12, ""source_phase_profile"": 32, ""source_phase_profile_going"": 32, ""track_distance"": 8, ""track_distance_going"": 8, ""track_distance_going_rail"": 0, ""track_phase_profile_going"": 17}",2023-10-21
expected-tempo-targets-v2.0-walk-forward,2023-10-28|the-valley|3,2023-10-28,racing-com-rv-authorised,VIC,the-valley,3,1600,good,true,,,7,1.0,-1.3293577334813023,-0.7706061601893633,-0.5175120916700179,slow,very_slow_early,36.09622448979592,23.13948979591837,23.66326530612245,9.45853414285714,0.5456875714285709,0.6506798571428584,track_phase_profile_going,8,"{""source_distance"": 8, ""source_distance_going"": 8, ""source_phase_profile"": 39, ""source_phase_profile_going"": 39, ""track_distance"": 3, ""track_distance_going"": 3, ""track_distance_going_rail"": 3, ""track_phase_profile_going"": 8}",2023-10-28
expected-tempo-targets-v2.0-walk-forward,2023-10-28|the-valley|4,2023-10-28,racing-com-rv-authorised,VIC,the-valley,4,1200,good,true,,,10,1.0,-1.4103955376520894,-0.6249817470284156,0.886740483234312,slow,sprint_home,24.637142857142855,22.599000000000004,23.453999999999997,0.537336599999999,0.5136149999999973,0.38229900000000094,track_distance_going,5,"{""source_distance"": 13, ""source_distance_going"": 13, ""source_phase_profile"": 39, ""source_phase_profile_going"": 39, ""track_distance"": 5, ""track_distance_going"": 5, ""track_distance_going_rail"": 3, ""track_phase_profile_going"": 8}",2023-10-28
expected-tempo-targets-v2.0-walk-forward,2023-10-28|the-valley|5,2023-10-28,racing-com-rv-authorised,VIC,the-valley,5,1600,good,true,,,6,1.0,-1.3431019350707387,-0.9630239565579299,-0.08719294635409573,slow,very_slow_early,36.09622448979592,23.13948979591837,23.66326530612245,9.45853414285714,0.5456875714285709,0.6506798571428584,track_phase_profile_going,8,"{""source_distance"": 8, ""source_distance_going"": 8, ""source_phase_profile"": 39, ""source_phase_profile_going"": 39, ""track_distance"": 3, ""track_distance_going"": 3, ""track_distance_going_rail"": 3, ""track_phase_profile_going"": 8}",2023-10-28
expected-tempo-targets-v2.0-walk-forward,2023-10-28|the-valley|6,2023-10-28,racing-com-rv-authorised,VIC,the-valley,6,1600,good,true,,,10,1.0,-1.48583018234566,-1.5586028500796867,0.31238911715354156,slow,very_slow_early,36.09622448979592,23.13948979591837,23.66326530612245,9.45853414285714,0.5456875714285709,0.6506798571428584,track_phase_profile_going,8,"{""source_distance"": 8, ""source_distance_going"": 8, ""source_phase_profile"": 39, ""source_phase_profile_going"": 39, ""track_distance"": 3, ""track_distance_going"": 3, ""track_distance_going_rail"": 3, ""track_phase_profile_going"": 8}",2023-10-28
expected-tempo-targets-v2.0-walk-forward,2023-10-28|the-valley|7,2023-10-28,racing-com-rv-authorised,VIC,the-valley,7,2040,good,true,,,8,1.0,-3.366694653867593,-1.1710409977365501,-2.076589678507434,slow,very_slow_early,33.60642857142857,23.079285714285714,23.55,12.774716999999995,0.5940989999999984,0.7127070000000012,track_phase_profile_going,8,"{""source_distance"": 0, ""source_distance_going"": 0, ""source_phase_profile"": 39, ""source_phase_profile_going"": 39, ""track_distance"": 0, ""track_distance_going"": 0, ""track_distance_going_rail"": 0, ""track_phase_profile_going"": 8}",2023-10-28
expected-tempo-targets-v2.0-walk-forward,2023-10-28|the-valley|8,2023-10-28,racing-com-rv-authorised,VIC,the-valley,8,1200,good,true,,,6,1.0,0.7856208885507819,0.04672760725446996,0.415904828419627,fast,fast_early,24.637142857142855,22.599000000000004,23.453999999999997,0.537336599999999,0.5136149999999973,0.38229900000000094,track_distance_going,5,"{""source_distance"": 13, ""source_distance_going"": 13, ""source_phase_profile"": 39, ""source_phase_profile_going"": 39, ""track_distance"": 5, ""track_distance_going"": 5, ""track_distance_going_rail"": 3, ""track_phase_profile_going"": 8}",2023-10-28
expected-tempo-targets-v2.0-walk-forward,2023-10-28|the-valley|9,2023-10-28,racing-com-rv-authorised,VIC,the-valley,9,2040,good,true,,,12,1.0,-3.346341952512251,-0.7586518168087956,-0.07015505670633322,slow,very_slow_early,33.60642857142857,23.079285714285714,23.55,12.774716999999995,0.5940989999999984,0.7127070000000012,track_phase_profile_going,8,"{""source_distance"": 0, ""source_distance_going"": 0, ""source_phase_profile"": 39, ""source_phase_profile_going"": 39, ""track_distance"": 0, ""track_distance_going"": 0, ""track_distance_going_rail"": 0, ""track_phase_profile_going"": 8}",2023-10-28
expected-tempo-targets-v2.0-walk-forward,2023-10-28|the-valley|10,2023-10-28,racing-com-rv-authorised,VIC,the-valley,10,1200,good,true,,,7,1.0,-0.8427811224047375,-1.9684004555941728,1.1090795424523603,slow,sprint_home,24.637142857142855,22.599000000000004,23.453999999999997,0.537336599999999,0.5136149999999973,0.38229900000000094,track_distance_going,5,"{""source_distance"": 13, ""source_distance_going"": 13, ""source_phase_profile"": 39, ""source_phase_profile_going"": 39, ""track_distance"": 5, ""track_distance_going"": 5, ""track_distance_going_rail"": 3, ""track_phase_profile_going"": 8}",2023-10-28
expected-tempo-targets-v2.0-walk-forward,2023-11-04|flemington|1,2023-11-04,racing-com-rv-authorised,VIC,flemington,1,1600,good,true,group,3,9,1.0,-3.1572159512846754,0.8394296555571846,-1.124529131766023,slow,very_slow_early,46.1137037037037,23.337037037037035,23.79259259259259,0.939529111111107,0.38959433333333654,0.326721111111112,track_phase_profile_going,7,"{""source_distance"": 11, ""source_distance_going"": 11, ""source_phase_profile"": 47, ""source_phase_profile_going"": 47, ""track_distance"": 1, ""track_distance_going"": 1, ""track_distance_going_rail"": 1, ""track_phase_profile_going"": 7}",2023-11-04
expected-tempo-targets-v2.0-walk-forward,2023-11-04|flemington|4,2023-11-04,racing-com-rv-authorised,VIC,flemington,4,1200,good,true,group,3,9,1.0,3.1227288449123782,1.071099298079761,2.1012981352924767,very_fast_or_collapse,sustained_high_pressure,27.98222222222222,22.616666666666667,23.35,0.6347724444444485,0.6504221111111093,0.35692222222222103,track_phase_profile_going,7,"{""source_distance"": 16, ""source_distance_going"": 16, ""source_phase_profile"": 47, ""source_phase_profile_going"": 47, ""track_distance"": 2, ""track_distance_going"": 2, ""track_distance_going_rail"": 1, ""track_phase_profile_going"": 7}",2023-11-04
expected-tempo-targets-v2.0-walk-forward,2023-11-04|flemington|5,2023-11-04,racing-com-rv-authorised,VIC,flemington,5,2000,good,true,group,2,13,1.0,-2.7631216401458754,-0.6685368687876463,-3.2907549166576384,slow,very_slow_early,37.32111111111111,23.03333333333333,23.455555555555556,13.437298000000002,0.6531676666666681,0.5848033333333336,track_phase_profile_going,7,"{""source_distance"": 2, ""source_distance_going"": 2, ""source_phase_profile"": 47, ""source_phase_profile_going"": 47, ""track_distance"": 0, ""track_distance_going"": 0, ""track_distance_going_rail"": 0, ""track_phase_profile_going"": 7}",2023-11-04
expected-tempo-targets-v2.0-walk-forward,2023-11-04|flemington|6,2023-11-04,racing-com-rv-authorised,VIC,flemington,6,1200,good,true,group,1,16,1.0,4.0,1.5784621234859673,-0.21012981352924567,very_fast_or_collapse,very_fast_early,27.98222222222222,22.616666666666667,23.35,0.6347724444444485,0.6504221111111093,0.35692222222222103,track_phase_profile_going,7,"{""source_distance"": 16, ""source_distance_going"": 16, ""source_phase_profile"": 47, ""source_phase_profile_going"": 47, ""track_distance"": 2, ""track_distance_going"": 2, ""track_distance_going_rail"": 1, ""track_phase_profile_going"": 7}",2023-11-04
expected-tempo-targets-v2.0-walk-forward,2023-11-04|flemington|8,2023-11-04,racing-com-rv-authorised,VIC,flemington,8,1600,good,true,group,1,16,1.0,-3.4339503248396617,1.8533047718105773,-0.6654219761558985,slow,very_slow_early,46.1137037037037,23.337037037037035,23.79259259259259,0.939529111111107,0.38959433333333654,0.326721111111112,track_phase_profile_going,7,"{""source_distance"": 11, ""source_distance_going"": 11, ""source_phase_profile"": 47, ""source_phase_profile_going"": 47, ""track_distance"": 1, ""track_distance_going"": 1, ""track_distance_going_rail"": 1, ""track_phase_profile_going"": 7}",2023-11-04
expected-tempo-targets-v2.0-walk-forward,2023-11-04|flemington|9,2023-11-04,racing-com-rv-authorised,VIC,flemington,9,1400,good,true,group,2,16,1.0,0.1589771466168108,0.7978772495623058,0.6775190853354687,even,even,37.32666666666667,23.066666666666663,23.39074074074074,0.7967602222222232,0.5598187777777783,0.6726611111111115,track_phase_profile_going,7,"{""source_distance"": 16, ""source_distance_going"": 16, ""source_phase_profile"": 47, ""source_phase_profile_going"": 47, ""track_distance"": 4, ""track_distance_going"": 4, ""track_distance_going_rail"": 3, ""track_phase_profile_going"": 7}",2023-11-04
expected-tempo-targets-v2.0-walk-forward,2023-11-11|flemington|1,2023-11-11,racing-com-rv-authorised,VIC,flemington,1,1600,good,out_7m_plus,benchmark,,9,1.0,-0.7756354749079613,-0.18856730910098593,0.01729463485837497,slow,slow_early,37.41,22.619999999999997,23.425,17.301942,0.689409000000005,0.8673209999999959,track_phase_profile_going,13,"{""source_distance"": 13, ""source_distance_going"": 13, ""source_phase_profile"": 53, ""source_phase_profile_going"": 53, ""track_distance"": 3, ""track_distance_going"": 3, ""track_distance_going_rail"": 0, ""track_phase_profile_going"": 13}",2023-11-11
expected-tempo-targets-v2.0-walk-forward,2023-11-11|flemington|2,2023-11-11,racing-com-rv-authorised,VIC,flemington,2,1200,good,out_7m_plus,listed,,9,1.0,0.6768026386864548,0.7107537035344692,-0.17871122686986515,fast,fast_early,37.41,22.619999999999997,23.425,17.301942,0.689409000000005,0.8673209999999959,track_phase_profile_going,13,"{""source_distance"": 18, ""source_distance_going"": 18, ""source_phase_profile"": 53, ""source_phase_profile_going"": 53, ""track_distance"": 4, ""track_distance_going"": 4, ""track_distance_going_rail"": 1, ""track_phase_profile_going"": 13}",2023-11-11
expected-tempo-targets-v2.0-walk-forward,2023-11-11|flemington|3,2023-11-11,racing-com-rv-authorised,VIC,flemington,3,1400,good,out_7m_plus,listed,,10,1.0,0.08000608476770214,-0.45820512401497243,-1.8335087490228357,even,even,37.41,22.664,23.42,13.93644,0.6241746000000044,0.8317385999999967,track_distance_going,5,"{""source_distance"": 17, ""source_distance_going"": 17, ""source_phase_profile"": 53, ""source_phase_profile_going"": 53, ""track_distance"": 5, ""track_distance_going"": 5, ""track_distance_going_rail"": 1, ""track_phase_profile_going"": 13}",2023-11-11
expected-tempo-targets-v2.0-walk-forward,2023-11-11|flemington|5,2023-11-11,racing-com-rv-authorised,VIC,flemington,5,2000,good,out_7m_plus,group,2,13,1.0,-2.162185031021373,-1.174919387475354,-2.254067409874784,slow,very_slow_early,37.41,22.619999999999997,23.425,17.301942,0.689409000000005,0.8673209999999959,track_phase_profile_going,13,"{""source_distance"": 3, ""source_distance_going"": 3, ""source_phase_profile"": 53, ""source_phase_profile_going"": 53, ""track_distance"": 1, ""track_distance_going"": 1, ""track_distance_going_rail"": 0, ""track_phase_profile_going"": 13}",2023-11-11
expected-tempo-targets-v2.0-walk-forward,2023-11-11|flemington|6,2023-11-11,racing-com-rv-authorised,VIC,flemington,6,1200,good,out_7m_plus,group,1,11,1.0,0.7386454075502044,1.2474452755911072,0.04035414800287357,fast,sustained_high_pressure,37.41,22.619999999999997,23.425,17.301942,0.689409000000005,0.8673209999999959,track_phase_profile_going,13,"{""source_distance"": 18, ""source_distance_going"": 18, ""source_phase_profile"": 53, ""source_phase_profile_going"": 53, ""track_distance"": 4, ""track_distance_going"": 4, ""track_distance_going_rail"": 1, ""track_phase_profile_going"": 13}",2023-11-11
expected-tempo-targets-v2.0-walk-forward,2023-11-11|flemington|7,2023-11-11,racing-com-rv-authorised,VIC,flemington,7,1600,good,out_7m_plus,group,1,7,1.0,-0.7022333099949131,1.2039297427216533,-0.662961002904348,slow,slow_early,37.41,22.619999999999997,23.425,17.301942,0.689409000000005,0.8673209999999959,track_phase_profile_going,13,"{""source_distance"": 13, ""source_distance_going"": 13, ""source_phase_profile"": 53, ""source_phase_profile_going"": 53, ""track_distance"": 3, ""track_distance_going"": 3, ""track_distance_going_rail"": 0, ""track_phase_profile_going"": 13}",2023-11-11
expected-tempo-targets-v2.0-walk-forward,2023-11-11|flemington|8,2023-11-11,racing-com-rv-authorised,VIC,flemington,8,2000,good,out_7m_plus,group,1,11,0.9090909090909091,-2.1772122458854626,-0.30460873008620326,-1.4758088412479389,slow,very_slow_early,37.41,22.619999999999997,23.425,17.301942,0.689409000000005,0.8673209999999959,track_phase_profile_going,13,"{""source_distance"": 3, ""source_distance_going"": 3, ""source_phase_profile"": 53, ""source_phase_profile_going"": 53, ""track_distance"": 1, ""track_distance_going"": 1, ""track_distance_going_rail"": 0, ""track_phase_profile_going"": 13}",2023-11-11
expected-tempo-targets-v2.0-walk-forward,2023-11-18|caulfield|2,2023-11-18,racing-com-rv-authorised,VIC,caulfield,2,1400,good,true,benchmark,,9,1.0,-1.5216511533791952,0.17676309558696732,0.08383500965245759,slow,very_slow_early,37.185,23.325,23.305,0.46331249999999996,0.537442500000001,0.6560505000000011,track_distance_going,12,"{""source_distance"": 18, ""source_distance_going"": 18, ""source_phase_profile"": 60, ""source_phase_profile_going"": 60, ""track_distance"": 12, ""track_distance_going"": 12, ""track_distance_going_rail"": 4, ""track_phase_profile_going"": 24}",2023-11-18
expected-tempo-targets-v2.0-walk-forward,2023-11-18|caulfield|3,2023-11-18,racing-com-rv-authorised,VIC,caulfield,3,1600,good,true,benchmark,,10,1.0,-1.2764018082859505,-0.007411986367867902,-0.9104237411865157,slow,very_slow_early,37.185,23.295,23.47,9.989017499999996,0.6745830000000027,0.9006794999999999,track_phase_profile_going,24,"{""source_distance"": 15, ""source_distance_going"": 15, ""source_phase_profile"": 60, ""source_phase_profile_going"": 60, ""track_distance"": 4, ""track_distance_going"": 4, ""track_distance_going_rail"": 3, ""track_phase_profile_going"": 24}",2023-11-18
expected-tempo-targets-v2.0-walk-forward,2023-11-18|caulfield|4,2023-11-18,racing-com-rv-authorised,VIC,caulfield,4,1200,good,true,group,3,12,1.0,1.2176282158509046,0.21357822458636802,0.6766502816520791,fast,fast_early,34.26461538461538,23.060192307692308,23.47230769230769,7.736035730769228,0.6095766923076946,0.8014593461538463,track_distance_going,6,"{""source_distance"": 20, ""source_distance_going"": 20, ""source_phase_profile"": 60, ""source_phase_profile_going"": 60, ""track_distance"": 6, ""track_distance_going"": 6, ""track_distance_going_rail"": 4, ""track_phase_profile_going"": 24}",2023-11-18
expected-tempo-targets-v2.0-walk-forward,2023-11-18|caulfield|6,2023-11-18,racing-com-rv-authorised,VIC,caulfield,6,1400,good,true,group,3,10,1.0,2.417374881964127,0.18606641640733226,-1.8138847542986336,very_fast_or_collapse,pace_collapse,37.185,23.325,23.305,0.46331249999999996,0.537442500000001,0.6560505000000011,track_distance_going,12,"{""source_distance"": 18, ""source_distance_going"": 18, ""source_phase_profile"": 60, ""source_phase_profile_going"": 60, ""track_distance"": 12, ""track_distance_going"": 12, ""track_distance_going_rail"": 4, ""track_phase_profile_going"": 24}",2023-11-18
expected-tempo-targets-v2.0-walk-forward,2023-11-18|caulfield|7,2023-11-18,racing-com-rv-authorised,VIC,caulfield,7,1600,good,true,group,1,13,1.0,-1.2308517829706476,-0.3038914410828578,-0.8438073698801868,slow,slow_early,37.185,23.295,23.47,9.989017499999996,0.6745830000000027,0.9006794999999999,track_phase_profile_going,24,"{""source_distance"": 15, ""source_distance_going"": 15, ""source_phase_profile"": 60, ""source_phase_profile_going"": 60, ""track_distance"": 4, ""track_distance_going"": 4, ""track_distance_going_rail"": 3, ""track_phase_profile_going"": 24}",2023-11-18
expected-tempo-targets-v2.0-walk-forward,2023-11-18|caulfield|8,2023-11-18,racing-com-rv-authorised,VIC,caulfield,8,1400,good,true,group,1,16,1.0,2.2123296910832444,0.9582420444977761,-1.348981518953185,very_fast_or_collapse,pace_collapse,37.185,23.325,23.305,0.46331249999999996,0.537442500000001,0.6560505000000011,track_distance_going,12,"{""source_distance"": 18, ""source_distance_going"": 18, ""source_phase_profile"": 60, ""source_phase_profile_going"": 60, ""track_distance"": 12, ""track_distance_going"": 12, ""track_distance_going_rail"": 4, ""track_phase_profile_going"": 24}",2023-11-18
expected-tempo-targets-v2.0-walk-forward,2023-11-18|caulfield|9,2023-11-18,racing-com-rv-authorised,VIC,caulfield,9,2000,good,true,handicap_unspecified,,16,1.0,-3.923809323589633,0.08894383641449909,-0.038859549928696835,slow,very_slow_early,37.185,23.295,23.47,9.989017499999996,0.6745830000000027,0.9006794999999999,track_phase_profile_going,24,"{""source_distance"": 5, ""source_distance_going"": 5, ""source_phase_profile"": 60, ""source_phase_profile_going"": 60, ""track_distance"": 2, ""track_distance_going"": 2, ""track_distance_going_rail"": 0, ""track_phase_profile_going"": 24}",2023-11-18
expected-tempo-targets-v2.0-walk-forward,2023-11-18|caulfield|10,2023-11-18,racing-com-rv-authorised,VIC,caulfield,10,1200,good,true,group,3,8,1.0,1.2615783747995877,1.4521426407253293,0.5019689323461513,very_fast_or_collapse,sustained_high_pressure,34.26461538461538,23.060192307692308,23.47230769230769,7.736035730769228,0.6095766923076946,0.8014593461538463,track_distance_going,6,"{""source_distance"": 20, ""source_distance_going"": 20, ""source_phase_profile"": 60, ""source_phase_profile_going"": 60, ""track_distance"": 6, ""track_distance_going"": 6, ""track_distance_going_rail"": 4, ""track_phase_profile_going"": 24}",2023-11-18
expected-tempo-targets-v2.0-walk-forward,2023-12-16|caulfield|3,2023-12-16,racing-com-rv-authorised,VIC,caulfield,3,1600,good,out_7m_plus,benchmark,,6,1.0,-0.850637076785219,-0.7881605191651713,0.6427702680538873,slow,slow_early,40.07480769230769,23.287307692307692,23.692692307692308,13.789890692307688,0.5109267692307676,0.7820715000000019,track_distance_going,6,"{""source_distance"": 17, ""source_distance_going"": 17, ""source_phase_profile"": 68, ""source_phase_profile_going"": 68, ""track_distance"": 6, ""track_distance_going"": 6, ""track_distance_going_rail"": 0, ""track_phase_profile_going"": 32}",2023-12-16
expected-tempo-targets-v2.0-walk-forward,2023-12-16|caulfield|4,2023-12-16,racing-com-rv-authorised,VIC,caulfield,4,1400,good,out_7m_plus,benchmark,,9,1.0,1.208462610728907,0.9180568670653709,-1.1219894364370198,very_fast_or_collapse,pace_collapse,37.08,23.23,23.375,0.7116479999999953,0.5337359999999991,0.7709520000000046,track_distance_going,15,"{""source_distance"": 21, ""source_distance_going"": 21, ""source_phase_profile"": 68, ""source_phase_profile_going"": 68, ""track_distance"": 15, ""track_distance_going"": 15, ""track_distance_going_rail"": 0, ""track_phase_profile_going"": 32}",2023-12-16
expected-tempo-targets-v2.0-walk-forward,2023-12-16|caulfield|5,2023-12-16,racing-com-rv-authorised,VIC,caulfield,5,1200,good,out_7m_plus,benchmark,,10,1.0,0.7299433411493707,1.2030195858253632,-0.35951842349686525,fast,fast_early,33.56928571428571,22.95964285714286,23.444642857142856,12.732886499999998,0.5358539999999987,0.7937205000000016,track_distance_going,8,"{""source_distance"": 22, ""source_distance_going"": 22, ""source_phase_profile"": 68, ""source_phase_profile_going"": 68, ""track_distance"": 8, ""track_distance_going"": 8, ""track_distance_going_rail"": 0, ""track_phase_profile_going"": 32}",2023-12-16
expected-tempo-targets-v2.0-walk-forward,2023-12-16|caulfield|6,2023-12-16,racing-com-rv-authorised,VIC,caulfield,6,2000,good,out_7m_plus,benchmark,,10,1.0,-2.0754862993800187,-0.5522393093214593,-2.32931424224103,slow,very_slow_early,37.185,23.2325,23.5225,17.735602499999995,0.5930399999999979,0.9155055000000022,track_phase_profile_going,32,"{""source_distance"": 6, ""source_distance_going"": 6, ""source_phase_profile"": 68, ""source_phase_profile_going"": 68, ""track_distance"": 3, ""track_distance_going"": 3, ""track_distance_going_rail"": 0, ""track_phase_profile_going"": 32}",2023-12-16
expected-tempo-targets-v2.0-walk-forward,2023-12-16|caulfield|7,2023-12-16,racing-com-rv-authorised,VIC,caulfield,7,1200,good,out_7m_plus,benchmark,,9,1.0,0.7067749888672701,1.1936886859907019,0.28302514190178646,fast,sustained_high_pressure,33.56928571428571,22.95964285714286,23.444642857142856,12.732886499999998,0.5358539999999987,0.7937205000000016,track_distance_going,8,"{""source_distance"": 22, ""source_distance_going"": 22, ""source_phase_profile"": 68, ""source_phase_profile_going"": 68, ""track_distance"": 8, ""track_distance_going"": 8, ""track_distance_going_rail"": 0, ""track_phase_profile_going"": 32}",2023-12-16
expected-tempo-targets-v2.0-walk-forward,2023-12-16|caulfield|8,2023-12-16,racing-com-rv-authorised,VIC,caulfield,8,1400,good,out_7m_plus,benchmark,,10,1.0,0.28103781644858716,0.7025945411214611,-0.13619524950969683,even,even,37.08,23.23,23.375,0.7116479999999953,0.5337359999999991,0.7709520000000046,track_distance_going,15,"{""source_distance"": 21, ""source_distance_going"": 21, ""source_phase_profile"": 68, ""source_phase_profile_going"": 68, ""track_distance"": 15, ""track_distance_going"": 15, ""track_distance_going_rail"": 0, ""track_phase_profile_going"": 32}",2023-12-16
expected-tempo-targets-v2.0-walk-forward,2023-12-16|caulfield|9,2023-12-16,racing-com-rv-authorised,VIC,caulfield,9,1400,good,out_7m_plus,handicap_unspecified,,9,0.8888888888888888,0.9555285759251825,0.402820870242967,0.2853614751631717,fast,sustained_high_pressure,37.08,23.23,23.375,0.7116479999999953,0.5337359999999991,0.7709520000000046,track_distance_going,15,"{""source_distance"": 21, ""source_distance_going"": 21, ""source_phase_profile"": 68, ""source_phase_profile_going"": 68, ""track_distance"": 15, ""track_distance_going"": 15, ""track_distance_going_rail"": 0, ""track_phase_profile_going"": 32}",2023-12-16
expected-tempo-targets-v2.0-walk-forward,2023-12-16|caulfield|10,2023-12-16,racing-com-rv-authorised,VIC,caulfield,10,1200,good,out_7m_plus,benchmark,,14,1.0,0.7252311339055534,2.08012417028307,0.8625742401044912,fast,sustained_high_pressure,33.56928571428571,22.95964285714286,23.444642857142856,12.732886499999998,0.5358539999999987,0.7937205000000016,track_distance_going,8,"{""source_distance"": 22, ""source_distance_going"": 22, ""source_phase_profile"": 68, ""source_phase_profile_going"": 68, ""track_distance"": 8, ""track_distance_going"": 8, ""track_distance_going_rail"": 0, ""track_phase_profile_going"": 32}",2023-12-16
expected-tempo-targets-v2.0-walk-forward,2023-12-23|the-valley|3,2023-12-23,racing-com-rv-authorised,VIC,the-valley,3,1600,good,true,,,10,1.0,-0.6567387664084433,-0.5013353145970546,-2.0394123594815206,slow,slow_early,41.64180473372781,23.335355029585795,23.707011834319523,10.793020952662717,0.5278801686390541,0.3545080828402362,track_distance_going_rail,6,"{""source_distance"": 18, ""source_distance_going"": 18, ""source_phase_profile"": 76, ""source_phase_profile_going"": 76, ""track_distance"": 6, ""track_distance_going"": 6, ""track_distance_going_rail"": 6, ""track_phase_profile_going"": 16}",2023-12-23
expected-tempo-targets-v2.0-walk-forward,2023-12-23|the-valley|4,2023-12-23,racing-com-rv-authorised,VIC,the-valley,4,2040,good,true,,,12,1.0,-2.249832935539609,-0.22877464356516014,-3.471159762184437,slow,very_slow_early,36.7475,23.169999999999998,23.6325,17.969112,0.6338115000000003,0.4558994999999988,track_phase_profile_going,16,"{""source_distance"": 2, ""source_distance_going"": 2, ""source_phase_profile"": 76, ""source_phase_profile_going"": 76, ""track_distance"": 2, ""track_distance_going"": 2, ""track_distance_going_rail"": 2, ""track_phase_profile_going"": 16}",2023-12-23
expected-tempo-targets-v2.0-walk-forward,2023-12-23|the-valley|6,2023-12-23,racing-com-rv-authorised,VIC,the-valley,6,1200,good,true,,,8,1.0,0.6710101374006462,1.1135445741667396,1.14779976859093,fast,sustained_high_pressure,31.364532967032968,23.015686813186814,23.428131868131867,10.110924692307691,0.5214760384615384,0.3512214230769225,track_distance_going_rail,6,"{""source_distance"": 25, ""source_distance_going"": 25, ""source_phase_profile"": 76, ""source_phase_profile_going"": 76, ""track_distance"": 8, ""track_distance_going"": 8, ""track_distance_going_rail"": 6, ""track_phase_profile_going"": 16}",2023-12-23
expected-tempo-targets-v2.0-walk-forward,2023-12-23|the-valley|7,2023-12-23,racing-com-rv-authorised,VIC,the-valley,7,2040,good,true,,,9,0.8888888888888888,-2.2103206880785207,-2.090526915336813,-2.02347227842979,slow,very_slow_early,36.7475,23.169999999999998,23.6325,17.969112,0.6338115000000003,0.4558994999999988,track_phase_profile_going,16,"{""source_distance"": 2, ""source_distance_going"": 2, ""source_phase_profile"": 76, ""source_phase_profile_going"": 76, ""track_distance"": 2, ""track_distance_going"": 2, ""track_distance_going_rail"": 2, ""track_phase_profile_going"": 16}",2023-12-23
expected-tempo-targets-v2.0-walk-forward,2023-12-23|the-valley|8,2023-12-23,racing-com-rv-authorised,VIC,the-valley,8,2500,good,true,,,11,0.9090909090909091,-4.0,-0.7731005196339948,-1.935733643050722,slow,very_slow_early,36.7475,23.169999999999998,23.6325,17.969112,0.6338115000000003,0.4558994999999988,track_phase_profile_going,16,"{""source_distance"": 0, ""source_distance_going"": 0, ""source_phase_profile"": 76, ""source_phase_profile_going"": 76, ""track_distance"": 0, ""track_distance_going"": 0, ""track_distance_going_rail"": 0, ""track_phase_profile_going"": 16}",2023-12-23
expected-tempo-targets-v2.0-walk-forward,2023-12-23|the-valley|9,2023-12-23,racing-com-rv-authorised,VIC,the-valley,9,1600,good,true,,,10,1.0,-0.6062431727845334,0.4079619625435223,-3.7883146553973197,slow,slow_early,41.64180473372781,23.335355029585795,23.707011834319523,10.793020952662717,0.5278801686390541,0.3545080828402362,track_distance_going_rail,6,"{""source_distance"": 18, ""source_distance_going"": 18, ""source_phase_profile"": 76, ""source_phase_profile_going"": 76, ""track_distance"": 6, ""track_distance_going"": 6, ""track_distance_going_rail"": 6, ""track_phase_profile_going"": 16}",2023-12-23
expected-tempo-targets-v2.0-walk-forward,2023-12-23|the-valley|10,2023-12-23,racing-com-rv-authorised,VIC,the-valley,10,1200,good,true,,,10,1.0,0.7466708730188242,1.4203659584666521,-2.7386374197836743,fast,fast_early,31.364532967032968,23.015686813186814,23.428131868131867,10.110924692307691,0.5214760384615384,0.3512214230769225,track_distance_going_rail,6,"{""source_distance"": 25, ""source_distance_going"": 25, ""source_phase_profile"": 76, ""source_phase_profile_going"": 76, ""track_distance"": 8, ""track_distance_going"": 8, ""track_distance_going_rail"": 6, ""track_phase_profile_going"": 16}",2023-12-23
expected-tempo-targets-v2.0-walk-forward,2023-12-30|the-valley|1,2023-12-30,racing-com-rv-authorised,VIC,the-valley,1,1200,good,true,,,7,1.0,0.1441164086658354,-0.8216085294220202,-4.0,even,even,24.609285714285715,22.675,23.199285714285715,0.5501505000000004,0.4442505000000015,0.26633850000000225,track_distance_going_rail,8,"{""source_distance"": 27, ""source_distance_going"": 27, ""source_phase_profile"": 83, ""source_phase_profile_going"": 83, ""track_distance"": 10, ""track_distance_going"": 10, ""track_distance_going_rail"": 8, ""track_phase_profile_going"": 23}",2023-12-30
expected-tempo-targets-v2.0-walk-forward,2023-12-30|the-valley|4,2023-12-30,racing-com-rv-authorised,VIC,the-valley,4,1200,good,true,,,9,1.0,-0.5466036761109643,0.619020124907009,-2.7060086533275545,slow,slow_early,24.609285714285715,22.675,23.199285714285715,0.5501505000000004,0.4442505000000015,0.26633850000000225,track_distance_going_rail,8,"{""source_distance"": 27, ""source_distance_going"": 27, ""source_phase_profile"": 83, ""source_phase_profile_going"": 83, ""track_distance"": 10, ""track_distance_going"": 10, ""track_distance_going_rail"": 8, ""track_phase_profile_going"": 23}",2023-12-30
expected-tempo-targets-v2.0-walk-forward,2023-12-30|the-valley|5,2023-12-30,racing-com-rv-authorised,VIC,the-valley,5,2040,good,true,,,7,1.0,-0.9484755497821841,-1.0759733544031385,-0.07615218252155126,slow,slow_early,48.185,23.189999999999998,23.81,34.61871,0.6226920000000025,0.9192120000000015,track_phase_profile_going,23,"{""source_distance"": 4, ""source_distance_going"": 4, ""source_phase_profile"": 83, ""source_phase_profile_going"": 83, ""track_distance"": 4, ""track_distance_going"": 4, ""track_distance_going_rail"": 4, ""track_phase_profile_going"": 23}",2023-12-30
expected-tempo-targets-v2.0-walk-forward,2023-12-30|the-valley|6,2023-12-30,racing-com-rv-authorised,VIC,the-valley,6,1600,good,true,,,9,0.8888888888888888,-0.01554663105064844,-0.24234420403899745,-1.3060620249830441,even,even,48.43724489795919,23.378571428571426,23.858979591836732,17.86593514285714,0.5010582857142879,0.7013605714285724,track_distance_going_rail,8,"{""source_distance"": 20, ""source_distance_going"": 20, ""source_phase_profile"": 83, ""source_phase_profile_going"": 83, ""track_distance"": 8, ""track_distance_going"": 8, ""track_distance_going_rail"": 8, ""track_phase_profile_going"": 23}",2023-12-30
expected-tempo-targets-v2.0-walk-forward,2023-12-30|the-valley|7,2023-12-30,racing-com-rv-authorised,VIC,the-valley,7,1600,good,true,,,8,1.0,-0.06228361925324077,-0.7812036694904045,-0.7571289715953875,even,even,48.43724489795919,23.378571428571426,23.858979591836732,17.86593514285714,0.5010582857142879,0.7013605714285724,track_distance_going_rail,8,"{""source_distance"": 20, ""source_distance_going"": 20, ""source_phase_profile"": 83, ""source_phase_profile_going"": 83, ""track_distance"": 8, ""track_distance_going"": 8, ""track_distance_going_rail"": 8, ""track_phase_profile_going"": 23}",2023-12-30
expected-tempo-targets-v2.0-walk-forward,2023-12-30|the-valley|8,2023-12-30,racing-com-rv-authorised,VIC,the-valley,8,2040,good,true,,,11,1.0,-0.877415709597498,-0.8350837974472148,-1.4142548182573755,slow,slow_early,48.185,23.189999999999998,23.81,34.61871,0.6226920000000025,0.9192120000000015,track_phase_profile_going,23,"{""source_distance"": 4, ""source_distance_going"": 4, ""source_phase_profile"": 83, ""source_phase_profile_going"": 83, ""track_distance"": 4, ""track_distance_going"": 4, ""track_distance_going_rail"": 4, ""track_phase_profile_going"": 23}",2023-12-30
expected-tempo-targets-v2.0-walk-forward,2023-12-30|the-valley|9,2023-12-30,racing-com-rv-authorised,VIC,the-valley,9,1200,good,true,,,10,1.0,0.31679642986004014,-0.1463138477052948,-4.0,even,even,24.609285714285715,22.675,23.199285714285715,0.5501505000000004,0.4442505000000015,0.26633850000000225,track_distance_going_rail,8,"{""source_distance"": 27, ""source_distance_going"": 27, ""source_phase_profile"": 83, ""source_phase_profile_going"": 83, ""track_distance"": 10, ""track_distance_going"": 10, ""track_distance_going_rail"": 8, ""track_phase_profile_going"": 23}",2023-12-30
expected-tempo-targets-v2.0-walk-forward,2024-01-13|flemington|2,2024-01-13,racing-com-rv-authorised,VIC,flemington,2,2000,good,out_4_6m,benchmark,,8,1.0,-2.1139320617627737,-0.9958449956670206,-1.967003284613136,slow,very_slow_early,37.61,22.659999999999997,23.497500000000002,17.687418,0.7079415000000013,0.7968974999999995,track_phase_profile_going,20,"{""source_distance"": 7, ""source_distance_going"": 7, ""source_phase_profile"": 90, ""source_phase_profile_going"": 90, ""track_distance"": 3, ""track_distance_going"": 3, ""track_distance_going_rail"": 0, ""track_phase_profile_going"": 20}",2024-01-13
expected-tempo-targets-v2.0-walk-forward,2024-01-13|flemington|3,2024-01-13,racing-com-rv-authorised,VIC,flemington,3,1400,good,out_4_6m,benchmark,,8,1.0,-0.008768716054002947,0.4474009057834558,0.08834813983568224,even,even,37.53961538461538,22.714230769230763,23.483653846153846,13.728876,0.6241175769230785,0.8336773846153847,track_distance_going,6,"{""source_distance"": 24, ""source_distance_going"": 24, ""source_phase_profile"": 90, ""source_phase_profile_going"": 90, ""track_distance"": 6, ""track_distance_going"": 6, ""track_distance_going_rail"": 0, ""track_phase_profile_going"": 20}",2024-01-13
expected-tempo-targets-v2.0-walk-forward,2024-01-13|flemington|5,2024-01-13,racing-com-rv-authorised,VIC,flemington,5,2000,good,out_4_6m,benchmark,,10,1.0,-2.230681719626912,-0.5297047849292672,-1.0697737161931111,slow,very_slow_early,37.61,22.659999999999997,23.497500000000002,17.687418,0.7079415000000013,0.7968974999999995,track_phase_profile_going,20,"{""source_distance"": 7, ""source_distance_going"": 7, ""source_phase_profile"": 90, ""source_phase_profile_going"": 90, ""track_distance"": 3, ""track_distance_going"": 3, ""track_distance_going_rail"": 0, ""track_phase_profile_going"": 20}",2024-01-13
expected-tempo-targets-v2.0-walk-forward,2024-01-13|flemington|6,2024-01-13,racing-com-rv-authorised,VIC,flemington,6,1600,good,out_4_6m,benchmark,,8,1.0,-0.7906375085150956,-0.6542053231013656,1.1723291771855124,slow,sprint_home,40.0,22.667999999999996,23.598000000000003,14.292264000000003,0.5915574000000003,0.6849611999999996,track_distance_going,5,"{""source_distance"": 22, ""source_distance_going"": 22, ""source_phase_profile"": 90, ""source_phase_profile_going"": 90, ""track_distance"": 5, ""track_distance_going"": 5, ""track_distance_going_rail"": 0, ""track_phase_profile_going"": 20}",2024-01-13
expected-tempo-targets-v2.0-walk-forward,2024-01-13|flemington|7,2024-01-13,racing-com-rv-authorised,VIC,flemington,7,1400,good,out_4_6m,benchmark,,10,1.0,0.025829892018500174,-0.05731168627805731,0.1063407113949081,even,even,37.53961538461538,22.714230769230763,23.483653846153846,13.728876,0.6241175769230785,0.8336773846153847,track_distance_going,6,"{""source_distance"": 24, ""source_distance_going"": 24, ""source_phase_profile"": 90, ""source_phase_profile_going"": 90, ""track_distance"": 6, ""track_distance_going"": 6, ""track_distance_going_rail"": 0, ""track_phase_profile_going"": 20}",2024-01-13
expected-tempo-targets-v2.0-walk-forward,2024-01-13|flemington|8,2024-01-13,racing-com-rv-authorised,VIC,flemington,8,1200,good,out_4_6m,group,3,7,1.0,0.7433640277273063,1.5831974752799631,-0.8965118453189561,fast,fast_early,34.78826923076923,22.461538461538456,23.47673076923077,13.745982923076921,0.601023230769232,0.6617528076923073,track_distance_going,6,"{""source_distance"": 30, ""source_distance_going"": 30, ""source_phase_profile"": 90, ""source_phase_profile_going"": 90, ""track_distance"": 6, ""track_distance_going"": 6, ""track_distance_going_rail"": 0, ""track_phase_profile_going"": 20}",2024-01-13
expected-tempo-targets-v2.0-walk-forward,2024-01-13|flemington|9,2024-01-13,racing-com-rv-authorised,VIC,flemington,9,1600,good,out_4_6m,benchmark,,9,1.0,-0.7094747200303604,-0.3414715123164805,0.508057974670686,slow,slow_early,40.0,22.667999999999996,23.598000000000003,14.292264000000003,0.5915574000000003,0.6849611999999996,track_distance_going,5,"{""source_distance"": 22, ""source_distance_going"": 22, ""source_phase_profile"": 90, ""source_phase_profile_going"": 90, ""track_distance"": 5, ""track_distance_going"": 5, ""track_distance_going_rail"": 0, ""track_phase_profile_going"": 20}",2024-01-13
expected-tempo-targets-v2.0-walk-forward,2024-01-13|flemington|10,2024-01-13,racing-com-rv-authorised,VIC,flemington,10,1200,good,out_4_6m,benchmark,,12,1.0,0.6669780751274926,1.1672401757925062,0.8639642515829022,fast,sustained_high_pressure,34.78826923076923,22.461538461538456,23.47673076923077,13.745982923076921,0.601023230769232,0.6617528076923073,track_distance_going,6,"{""source_distance"": 30, ""source_distance_going"": 30, ""source_phase_profile"": 90, ""source_phase_profile_going"": 90, ""track_distance"": 6, ""track_distance_going"": 6, ""track_distance_going_rail"": 0, ""track_phase_profile_going"": 20}",2024-01-13
expected-tempo-targets-v2.0-walk-forward,2024-01-20|flemington|1,2024-01-20,racing-com-rv-authorised,VIC,flemington,1,1600,good,out_7m_plus,benchmark,,6,1.0,-0.758569637565996,0.5373572016225278,-0.3694269649943741,slow,slow_early,40.9511111111111,22.73148148148148,23.43962962962963,13.741505555555552,0.4307776666666646,0.8401399999999948,track_distance_going,7,"{""source_distance"": 24, ""source_distance_going"": 24, ""source_phase_profile"": 98, ""source_phase_profile_going"": 98, ""track_distance"": 7, ""track_distance_going"": 7, ""track_distance_going_rail"": 2, ""track_phase_profile_going"": 28}",2024-01-20
expected-tempo-targets-v2.0-walk-forward,2024-01-20|flemington|3,2024-01-20,racing-com-rv-authorised,VIC,flemington,3,1200,good,out_7m_plus,handicap_unspecified,,11,1.0,0.6905688476002863,1.193077328806536,0.4977131501286031,fast,sustained_high_pressure,34.205714285714286,22.449285714285715,23.437857142857148,13.127893499999997,0.4352489999999992,0.6788189999999958,track_distance_going,8,"{""source_distance"": 32, ""source_distance_going"": 32, ""source_phase_profile"": 98, ""source_phase_profile_going"": 98, ""track_distance"": 8, ""track_distance_going"": 8, ""track_distance_going_rail"": 3, ""track_phase_profile_going"": 28}",2024-01-20
expected-tempo-targets-v2.0-walk-forward,2024-01-20|flemington|6,2024-01-20,racing-com-rv-authorised,VIC,flemington,6,1600,good,out_7m_plus,benchmark,,11,1.0,-0.7589334987149646,-2.1786610382583866,0.904170292605558,slow,sprint_home,40.9511111111111,22.73148148148148,23.43962962962963,13.741505555555552,0.4307776666666646,0.8401399999999948,track_distance_going,7,"{""source_distance"": 24, ""source_distance_going"": 24, ""source_phase_profile"": 98, ""source_phase_profile_going"": 98, ""track_distance"": 7, ""track_distance_going"": 7, ""track_distance_going_rail"": 2, ""track_phase_profile_going"": 28}",2024-01-20
expected-tempo-targets-v2.0-walk-forward,2024-01-20|flemington|7,2024-01-20,racing-com-rv-authorised,VIC,flemington,7,1200,good,out_7m_plus,benchmark,,8,1.0,0.6802854003739663,2.2844066598331487,0.7407823629821085,fast,sustained_high_pressure,34.205714285714286,22.449285714285715,23.437857142857148,13.127893499999997,0.4352489999999992,0.6788189999999958,track_distance_going,8,"{""source_distance"": 32, ""source_distance_going"": 32, ""source_phase_profile"": 98, ""source_phase_profile_going"": 98, ""track_distance"": 8, ""track_distance_going"": 8, ""track_distance_going_rail"": 3, ""track_phase_profile_going"": 28}",2024-01-20
expected-tempo-targets-v2.0-walk-forward,2024-01-20|flemington|8,2024-01-20,racing-com-rv-authorised,VIC,flemington,8,2000,good,out_7m_plus,benchmark,,16,1.0,-2.1917859468758376,-1.7078015189441045,0.26341059245832205,slow,very_slow_early,45.188,22.853000000000005,23.773000000000003,14.562097200000002,0.44033219999999773,0.7516781999999957,track_distance_going,5,"{""source_distance"": 9, ""source_distance_going"": 9, ""source_phase_profile"": 98, ""source_phase_profile_going"": 98, ""track_distance"": 5, ""track_distance_going"": 5, ""track_distance_going_rail"": 2, ""track_phase_profile_going"": 28}",2024-01-20
expected-tempo-targets-v2.0-walk-forward,2024-01-20|flemington|9,2024-01-20,racing-com-rv-authorised,VIC,flemington,9,1400,good,out_7m_plus,benchmark,,15,1.0,0.0506421199558418,0.11857485954268861,-0.17498101150825268,even,even,37.61214285714286,22.745,23.43714285714286,13.074943499999996,0.46384199999999953,0.7021169999999964,track_distance_going,8,"{""source_distance"": 26, ""source_distance_going"": 26, ""source_phase_profile"": 98, ""source_phase_profile_going"": 98, ""track_distance"": 8, ""track_distance_going"": 8, ""track_distance_going_rail"": 2, ""track_phase_profile_going"": 28}",2024-01-20
expected-tempo-targets-v2.0-walk-forward,2024-01-20|rosehill|4,2024-01-20,racing-com-nsw-authorised-v2,NSW,rosehill,4,1200,good,out_1_3m,,,6,1.0,-4.0,1.477455949329674,0.2813863132980306,slow,very_slow_early,22.580961538461537,22.654999999999998,22.951153846153847,0.45162276923077005,0.23350950000000092,0.643790538461543,track_phase_profile_going,6,"{""source_distance"": 1, ""source_distance_going"": 1, ""source_phase_profile"": 10, ""source_phase_profile_going"": 10, ""track_distance"": 1, ""track_distance_going"": 1, ""track_distance_going_rail"": 0, ""track_phase_profile_going"": 6}",2024-01-20
expected-tempo-targets-v2.0-walk-forward,2024-01-20|rosehill|7,2024-01-20,racing-com-nsw-authorised-v2,NSW,rosehill,7,1400,good,out_1_3m,,,8,1.0,-0.8860176300007221,0.6024626178005053,-1.1087412423168486,slow,slow_early,22.605369822485205,22.657662721893487,23.035473372781066,0.47925702958579974,0.23679929289940949,0.6444484970414236,track_phase_profile_going,6,"{""source_distance"": 6, ""source_distance_going"": 6, ""source_phase_profile"": 10, ""source_phase_profile_going"": 10, ""track_distance"": 3, ""track_distance_going"": 3, ""track_distance_going_rail"": 2, ""track_phase_profile_going"": 6}",2024-01-20
expected-tempo-targets-v2.0-walk-forward,2024-01-27|randwick|3,2024-01-27,racing-com-nsw-authorised-v2,NSW,randwick,3,1200,good,out_7m_plus,,,13,1.0,-4.0,-1.4688909873045934,-1.0016389721568464,slow,very_slow_early,22.7425,22.549999999999997,22.92,0.6004530000000017,0.33358499999999947,0.6189855000000059,source_phase_profile_going,12,"{""source_distance"": 2, ""source_distance_going"": 2, ""source_phase_profile"": 12, ""source_phase_profile_going"": 12, ""track_distance"": 0, ""track_distance_going"": 0, ""track_distance_going_rail"": 0, ""track_phase_profile_going"": 4}",2024-01-27
expected-tempo-targets-v2.0-walk-forward,2024-01-27|randwick|8,2024-01-27,racing-com-nsw-authorised-v2,NSW,randwick,8,1200,soft,out_7m_plus,,,8,1.0,-2.635510189806694,0.1348981518953137,-1.9871224770208433,slow,very_slow_early,22.7425,22.549999999999997,22.92,0.6004530000000017,0.33358499999999947,0.6189855000000059,source_phase_profile,12,"{""source_distance"": 2, ""source_distance_going"": 0, ""source_phase_profile"": 12, ""source_phase_profile_going"": 0, ""track_distance"": 0, ""track_distance_going"": 0, ""track_distance_going_rail"": 0, ""track_phase_profile_going"": 0}",2024-01-27
expected-tempo-targets-v2.0-walk-forward,2024-01-27|randwick|9,2024-01-27,racing-com-nsw-authorised-v2,NSW,randwick,9,1400,soft,out_7m_plus,,,8,1.0,0.07450770017473907,-4.0,-0.8734989241538454,even,even,22.78074074074074,22.55259259259259,23.075555555555553,0.6139062222222239,0.33166311111111163,0.5546022222222251,source_distance,7,"{""source_distance"": 7, ""source_distance_going"": 0, ""source_phase_profile"": 12, ""source_phase_profile_going"": 0, ""track_distance"": 3, ""track_distance_going"": 0, ""track_distance_going_rail"": 0, ""track_phase_profile_going"": 0}",2024-01-27
expected-tempo-targets-v2.0-walk-forward,2024-01-27|randwick|10,2024-01-27,racing-com-nsw-authorised-v2,NSW,randwick,10,1200,soft,out_7m_plus,,,7,1.0,-2.8936486286187133,0.2098415696149419,-2.9079841127134323,slow,very_slow_early,22.7425,22.549999999999997,22.92,0.6004530000000017,0.33358499999999947,0.6189855000000059,source_phase_profile,12,"{""source_distance"": 2, ""source_distance_going"": 0, ""source_phase_profile"": 12, ""source_phase_profile_going"": 0, ""track_distance"": 0, ""track_distance_going"": 0, ""track_distance_going_rail"": 0, ""track_phase_profile_going"": 0}",2024-01-27
expected-tempo-targets-v2.0-walk-forward,2024-01-27|the-valley|2,2024-01-27,racing-com-rv-authorised,VIC,the-valley,2,1600,good,true,,,9,1.0,-2.3352651766784187,0.9703200399487776,-0.7011153947190902,slow,very_slow_early,48.722500000000004,23.575,24.195,0.39288899999999555,0.21127050000000008,0.5633880000000011,track_distance_going_rail,10,"{""source_distance"": 26, ""source_distance_going"": 26, ""source_phase_profile"": 104, ""source_phase_profile_going"": 104, ""track_distance"": 10, ""track_distance_going"": 10, ""track_distance_going_rail"": 10, ""track_phase_profile_going"": 30}",2024-01-27
expected-tempo-targets-v2.0-walk-forward,2024-01-27|the-valley|3,2024-01-27,racing-com-rv-authorised,VIC,the-valley,3,1600,good,true,,,8,1.0,-4.0,-1.7276429979575865,1.7749756828331418,slow,sprint_home,48.722500000000004,23.575,24.195,0.39288899999999555,0.21127050000000008,0.5633880000000011,track_distance_going_rail,10,"{""source_distance"": 26, ""source_distance_going"": 26, ""source_phase_profile"": 104, ""source_phase_profile_going"": 104, ""track_distance"": 10, ""track_distance_going"": 10, ""track_distance_going_rail"": 10, ""track_phase_profile_going"": 30}",2024-01-27
expected-tempo-targets-v2.0-walk-forward,2024-01-27|the-valley|4,2024-01-27,racing-com-rv-authorised,VIC,the-valley,4,1600,good,true,,,9,1.0,0.6935801205938673,-1.8696410525842435,-0.09762366255582229,fast,fast_early,48.722500000000004,23.575,24.195,0.39288899999999555,0.21127050000000008,0.5633880000000011,track_distance_going_rail,10,"{""source_distance"": 26, ""source_distance_going"": 26, ""source_phase_profile"": 104, ""source_phase_profile_going"": 104, ""track_distance"": 10, ""track_distance_going"": 10, ""track_distance_going_rail"": 10, ""track_phase_profile_going"": 30}",2024-01-27
expected-tempo-targets-v2.0-walk-forward,2024-01-27|the-valley|5,2024-01-27,racing-com-rv-authorised,VIC,the-valley,5,1200,good,true,,,10,1.0,0.5211974050500914,-0.19110571518503905,-1.8594069585571058,fast,fast_early,24.58,22.735,23.295,0.4892580000000027,0.44477999999999573,0.5485619999999962,track_distance_going_rail,11,"{""source_distance"": 34, ""source_distance_going"": 34, ""source_phase_profile"": 104, ""source_phase_profile_going"": 104, ""track_distance"": 13, ""track_distance_going"": 13, ""track_distance_going_rail"": 11, ""track_phase_profile_going"": 30}",2024-01-27
expected-tempo-targets-v2.0-walk-forward,2024-01-27|the-valley|6,2024-01-27,racing-com-rv-authorised,VIC,the-valley,6,2040,good,true,,,7,1.0,-0.9215765851860451,-0.49490767523875473,1.1611906784236332,slow,sprint_home,60.038491124260354,23.452559171597628,24.27326923076923,21.085072242603548,0.4595621360946756,0.7262108165680465,track_distance_going_rail,6,"{""source_distance"": 6, ""source_distance_going"": 6, ""source_phase_profile"": 104, ""source_phase_profile_going"": 104, ""track_distance"": 6, ""track_distance_going"": 6, ""track_distance_going_rail"": 6, ""track_phase_profile_going"": 30}",2024-01-27
expected-tempo-targets-v2.0-walk-forward,2024-01-27|the-valley|7,2024-01-27,racing-com-rv-authorised,VIC,the-valley,7,2040,good,true,,,7,1.0,-0.9192052392677243,-0.9301045382779602,0.2661337814859201,slow,slow_early,60.038491124260354,23.452559171597628,24.27326923076923,21.085072242603548,0.4595621360946756,0.7262108165680465,track_distance_going_rail,6,"{""source_distance"": 6, ""source_distance_going"": 6, ""source_phase_profile"": 104, ""source_phase_profile_going"": 104, ""track_distance"": 6, ""track_distance_going"": 6, ""track_distance_going_rail"": 6, ""track_phase_profile_going"": 30}",2024-01-27
expected-tempo-targets-v2.0-walk-forward,2024-01-27|the-valley|8,2024-01-27,racing-com-rv-authorised,VIC,the-valley,8,1000,good,true,,,6,1.0,0.6924058625547153,0.605258040111833,0.20844574060766408,fast,sustained_high_pressure,13.520275375512059,21.671742148384155,23.24289713245334,0.23869725034137446,0.4076643878015462,0.2777563709604003,track_distance_going_rail,6,"{""source_distance"": 10, ""source_distance_going"": 10, ""source_phase_profile"": 10, ""source_phase_profile_going"": 10, ""track_distance"": 6, ""track_distance_going"": 6, ""track_distance_going_rail"": 6, ""track_phase_profile_going"": 6}",2024-01-27
expected-tempo-targets-v2.0-walk-forward,2024-01-27|the-valley|9,2024-01-27,racing-com-rv-authorised,VIC,the-valley,9,1200,good,true,,,8,1.0,1.4205184176855492,0.7756643733980894,-0.66537601948367,very_fast_or_collapse,very_fast_early,24.58,22.735,23.295,0.4892580000000027,0.44477999999999573,0.5485619999999962,track_distance_going_rail,11,"{""source_distance"": 34, ""source_distance_going"": 34, ""source_phase_profile"": 104, ""source_phase_profile_going"": 104, ""track_distance"": 13, ""track_distance_going"": 13, ""track_distance_going_rail"": 11, ""track_phase_profile_going"": 30}",2024-01-27
expected-tempo-targets-v2.0-walk-forward,2024-01-27|the-valley|10,2024-01-27,racing-com-rv-authorised,VIC,the-valley,10,1200,good,true,,,10,1.0,0.8380036708648491,1.0567021898466733,-0.5833433595473301,very_fast_or_collapse,fast_early,24.58,22.735,23.295,0.4892580000000027,0.44477999999999573,0.5485619999999962,track_distance_going_rail,11,"{""source_distance"": 34, ""source_distance_going"": 34, ""source_phase_profile"": 104, ""source_phase_profile_going"": 104, ""track_distance"": 13, ""track_distance_going"": 13, ""track_distance_going_rail"": 11, ""track_phase_profile_going"": 30}",2024-01-27
expected-tempo-targets-v2.0-walk-forward,2024-02-03|caulfield|1,2024-02-03,racing-com-rv-authorised,VIC,caulfield,1,1200,good,out_7m_plus,benchmark,,7,1.0,-4.0,0.013765117540336082,1.6771121586985531,slow,sprint_home,24.51,22.314999999999998,23.22,0.25945500000000105,0.3632369999999962,0.5485620000000014,track_distance_going,11,"{""source_distance"": 37, ""source_distance_going"": 37, ""source_phase_profile"": 112, ""source_phase_profile_going"": 112, ""track_distance"": 11, ""track_distance_going"": 11, ""track_distance_going_rail"": 3, ""track_phase_profile_going"": 40}",2024-02-03
expected-tempo-targets-v2.0-walk-forward,2024-02-03|caulfield|3,2024-02-03,racing-com-rv-authorised,VIC,caulfield,3,1100,good,out_7m_plus,benchmark,,7,1.0,0.5819891696055157,0.2518098835379299,0.5789379018840769,fast,fast_early,19.1575,21.61,23.2275,0.6486375,0.2779875,0.444780000000001,source_distance_going,10,"{""source_distance"": 10, ""source_distance_going"": 10, ""source_phase_profile"": 10, ""source_phase_profile_going"": 10, ""track_distance"": 4, ""track_distance_going"": 4, ""track_distance_going_rail"": 0, ""track_phase_profile_going"": 4}",2024-02-03
expected-tempo-targets-v2.0-walk-forward,2024-02-03|caulfield|4,2024-02-03,racing-com-rv-authorised,VIC,caulfield,4,1000,good,out_7m_plus,group,3,5,1.0,0.6744907594765952,1.0443727888669956,1.500397811896936,fast,sustained_high_pressure,13.515,21.56,23.185000000000002,0.37806300000000115,0.2298029999999964,0.3632369999999962,source_distance_going,11,"{""source_distance"": 11, ""source_distance_going"": 11, ""source_phase_profile"": 11, ""source_phase_profile_going"": 11, ""track_distance"": 1, ""track_distance_going"": 1, ""track_distance_going_rail"": 1, ""track_phase_profile_going"": 1}",2024-02-03
expected-tempo-targets-v2.0-walk-forward,2024-02-03|caulfield|5,2024-02-03,racing-com-rv-authorised,VIC,caulfield,5,1400,good,out_7m_plus,benchmark,,10,1.0,0.2648685174200268,-0.27277199831774646,0.4400249240394896,even,even,36.975,23.1725,23.3875,0.8117235000000044,0.5040839999999998,0.7783650000000005,track_distance_going,18,"{""source_distance"": 27, ""source_distance_going"": 27, ""source_phase_profile"": 112, ""source_phase_profile_going"": 112, ""track_distance"": 18, ""track_distance_going"": 18, ""track_distance_going_rail"": 3, ""track_phase_profile_going"": 40}",2024-02-03
expected-tempo-targets-v2.0-walk-forward,2024-02-03|caulfield|8,2024-02-03,racing-com-rv-authorised,VIC,caulfield,8,1200,good,out_7m_plus,group,3,8,1.0,1.5031508354049934,0.8672024050413395,-0.24609797980903017,very_fast_or_collapse,very_fast_early,24.51,22.314999999999998,23.22,0.25945500000000105,0.3632369999999962,0.5485620000000014,track_distance_going,11,"{""source_distance"": 37, ""source_distance_going"": 37, ""source_phase_profile"": 112, ""source_phase_profile_going"": 112, ""track_distance"": 11, ""track_distance_going"": 11, ""track_distance_going_rail"": 3, ""track_phase_profile_going"": 40}",2024-02-03
expected-tempo-targets-v2.0-walk-forward,2024-02-03|caulfield|9,2024-02-03,racing-com-rv-authorised,VIC,caulfield,9,1100,good,out_7m_plus,benchmark,,10,1.0,0.8980362683316891,0.539592607581271,0.5002473132784739,very_fast_or_collapse,sustained_high_pressure,19.1575,21.61,23.2275,0.6486375,0.2779875,0.444780000000001,source_distance_going,10,"{""source_distance"": 10, ""source_distance_going"": 10, ""source_phase_profile"": 10, ""source_phase_profile_going"": 10, ""track_distance"": 4, ""track_distance_going"": 4, ""track_distance_going_rail"": 0, ""track_phase_profile_going"": 4}",2024-02-03
expected-tempo-targets-v2.0-walk-forward,2024-02-03|caulfield|10,2024-02-03,racing-com-rv-authorised,VIC,caulfield,10,1400,good,out_7m_plus,benchmark,,10,1.0,0.6159732963256543,0.33228588885978716,0.8061770506125029,fast,fast_early,36.975,23.1725,23.3875,0.8117235000000044,0.5040839999999998,0.7783650000000005,track_distance_going,18,"{""source_distance"": 27, ""source_distance_going"": 27, ""source_phase_profile"": 112, ""source_phase_profile_going"": 112, ""track_distance"": 18, ""track_distance_going"": 18, ""track_distance_going_rail"": 3, ""track_phase_profile_going"": 40}",2024-02-03
expected-tempo-targets-v2.0-walk-forward,2024-02-03|rosehill|2,2024-02-03,racing-com-nsw-authorised-v2,NSW,rosehill,2,1500,good,out_4_6m,,,15,0.3333333333333333,3.0028576781953875,-4.0,1.972602863608926,very_fast_or_collapse,very_fast_early,22.91,22.553571428571427,23.01571428571429,0.8058990000000045,0.3261720000000028,0.7582439999999996,track_phase_profile_going,8,"{""source_distance"": 0, ""source_distance_going"": 0, ""source_phase_profile"": 16, ""source_phase_profile_going"": 13, ""track_distance"": 0, ""track_distance_going"": 0, ""track_distance_going_rail"": 0, ""track_phase_profile_going"": 8}",2024-02-03
expected-tempo-targets-v2.0-walk-forward,2024-02-03|rosehill|7,2024-02-03,racing-com-nsw-authorised-v2,NSW,rosehill,7,1500,good,out_4_6m,,,8,0.625,-2.1963049960354706,-0.2956371835368171,-0.348549694142931,slow,very_slow_early,22.91,22.553571428571427,23.01571428571429,0.8058990000000045,0.3261720000000028,0.7582439999999996,track_phase_profile_going,8,"{""source_distance"": 0, ""source_distance_going"": 0, ""source_phase_profile"": 16, ""source_phase_profile_going"": 13, ""track_distance"": 0, ""track_distance_going"": 0, ""track_distance_going_rail"": 0, ""track_phase_profile_going"": 8}",2024-02-03
expected-tempo-targets-v2.0-walk-forward,2024-02-03|rosehill|9,2024-02-03,racing-com-nsw-authorised-v2,NSW,rosehill,9,1200,good,out_4_6m,,,7,1.0,-0.1985360448393648,-1.8898880695724016,-0.665070497472728,even,even,22.91,22.553571428571427,23.01571428571429,0.8058990000000045,0.3261720000000028,0.7582439999999996,track_phase_profile_going,8,"{""source_distance"": 5, ""source_distance_going"": 3, ""source_phase_profile"": 16, ""source_phase_profile_going"": 13, ""track_distance"": 2, ""track_distance_going"": 2, ""track_distance_going_rail"": 0, ""track_phase_profile_going"": 8}",2024-02-03
expected-tempo-targets-v2.0-walk-forward,2024-02-10|caulfield|1,2024-02-10,racing-com-rv-authorised,VIC,caulfield,1,2000,good,true,benchmark,,8,1.0,-2.267783761606165,0.07080289740362457,-1.1530580126290368,slow,very_slow_early,36.875,23.067500000000003,23.3875,17.7949065,0.6708765000000034,0.7783650000000005,track_phase_profile_going,44,"{""source_distance"": 10, ""source_distance_going"": 10, ""source_phase_profile"": 116, ""source_phase_profile_going"": 116, ""track_distance"": 4, ""track_distance_going"": 4, ""track_distance_going_rail"": 1, ""track_phase_profile_going"": 44}",2024-02-10
expected-tempo-targets-v2.0-walk-forward,2024-02-10|caulfield|3,2024-02-10,racing-com-rv-authorised,VIC,caulfield,3,1600,good,true,benchmark,,10,1.0,-0.6766914376021635,-1.522275614886629,-0.8440995469473194,slow,slow_early,42.195740740740746,23.231703703703705,23.74274074074074,10.838410022222225,0.49156426666666725,0.6009472000000006,track_distance_going_rail,5,"{""source_distance"": 29, ""source_distance_going"": 29, ""source_phase_profile"": 116, ""source_phase_profile_going"": 116, ""track_distance"": 7, ""track_distance_going"": 7, ""track_distance_going_rail"": 5, ""track_phase_profile_going"": 44}",2024-02-10
expected-tempo-targets-v2.0-walk-forward,2024-02-10|caulfield|4,2024-02-10,racing-com-rv-authorised,VIC,caulfield,4,1400,good,true,group,2,8,1.0,-0.9228388215432843,0.12499737010483583,0.07849250027682712,slow,slow_early,36.99388888888889,23.18611111111111,23.328703703703702,0.7218065555555564,0.4488983333333363,0.7478893333333345,track_distance_going_rail,7,"{""source_distance"": 29, ""source_distance_going"": 29, ""source_phase_profile"": 116, ""source_phase_profile_going"": 116, ""track_distance"": 20, ""track_distance_going"": 20, ""track_distance_going_rail"": 7, ""track_phase_profile_going"": 44}",2024-02-10
expected-tempo-targets-v2.0-walk-forward,2024-02-10|caulfield|5,2024-02-10,racing-com-rv-authorised,VIC,caulfield,5,1600,good,true,group,3,7,1.0,-0.7855634951807771,-0.19996631765536568,-0.07864128372552485,slow,slow_early,42.195740740740746,23.231703703703705,23.74274074074074,10.838410022222225,0.49156426666666725,0.6009472000000006,track_distance_going_rail,5,"{""source_distance"": 29, ""source_distance_going"": 29, ""source_phase_profile"": 116, ""source_phase_profile_going"": 116, ""track_distance"": 7, ""track_distance_going"": 7, ""track_distance_going_rail"": 5, ""track_phase_profile_going"": 44}",2024-02-10
expected-tempo-targets-v2.0-walk-forward,2024-02-10|caulfield|6,2024-02-10,racing-com-rv-authorised,VIC,caulfield,6,1100,good,true,group,3,9,1.0,0.6729529757796732,-1.6813722004900513,-1.6856035246069532,fast,fast_early,18.877204142011834,21.62195266272189,23.07,0.4713615266272172,0.2605296656804707,0.35595559171597524,track_distance_going,6,"{""source_distance"": 12, ""source_distance_going"": 12, ""source_phase_profile"": 12, ""source_phase_profile_going"": 12, ""track_distance"": 6, ""track_distance_going"": 6, ""track_distance_going_rail"": 2, ""track_phase_profile_going"": 6}",2024-02-10
expected-tempo-targets-v2.0-walk-forward,2024-02-10|caulfield|7,2024-02-10,racing-com-rv-authorised,VIC,caulfield,7,1100,good,true,group,2,15,1.0,0.3759410388875018,-2.679339166443484,-0.9551753306106041,even,even,18.877204142011834,21.62195266272189,23.07,0.4713615266272172,0.2605296656804707,0.35595559171597524,track_distance_going,6,"{""source_distance"": 12, ""source_distance_going"": 12, ""source_phase_profile"": 12, ""source_phase_profile_going"": 12, ""track_distance"": 6, ""track_distance_going"": 6, ""track_distance_going_rail"": 2, ""track_phase_profile_going"": 6}",2024-02-10
expected-tempo-targets-v2.0-walk-forward,2024-02-10|caulfield|8,2024-02-10,racing-com-rv-authorised,VIC,caulfield,8,1100,good,true,group,2,13,1.0,-0.027146589751874648,-0.5298718551591849,0.6180546256892114,even,even,18.877204142011834,21.62195266272189,23.07,0.4713615266272172,0.2605296656804707,0.35595559171597524,track_distance_going,6,"{""source_distance"": 12, ""source_distance_going"": 12, ""source_phase_profile"": 12, ""source_phase_profile_going"": 12, ""track_distance"": 6, ""track_distance_going"": 6, ""track_distance_going_rail"": 2, ""track_phase_profile_going"": 6}",2024-02-10
expected-tempo-targets-v2.0-walk-forward,2024-02-10|caulfield|9,2024-02-10,racing-com-rv-authorised,VIC,caulfield,9,1400,good,true,group,1,9,1.0,0.3794491568147167,1.5729867069628347,-0.28252347891438895,even,even,36.99388888888889,23.18611111111111,23.328703703703702,0.7218065555555564,0.4488983333333363,0.7478893333333345,track_distance_going_rail,7,"{""source_distance"": 29, ""source_distance_going"": 29, ""source_phase_profile"": 116, ""source_phase_profile_going"": 116, ""track_distance"": 20, ""track_distance_going"": 20, ""track_distance_going_rail"": 7, ""track_phase_profile_going"": 44}",2024-02-10
expected-tempo-targets-v2.0-walk-forward,2024-02-10|caulfield|10,2024-02-10,racing-com-rv-authorised,VIC,caulfield,10,1100,good,true,group,3,13,1.0,1.2669768495640081,-0.10765506187118518,-1.7698837008372938,very_fast_or_collapse,pace_collapse,18.877204142011834,21.62195266272189,23.07,0.4713615266272172,0.2605296656804707,0.35595559171597524,track_distance_going,6,"{""source_distance"": 12, ""source_distance_going"": 12, ""source_phase_profile"": 12, ""source_phase_profile_going"": 12, ""track_distance"": 6, ""track_distance_going"": 6, ""track_distance_going_rail"": 2, ""track_phase_profile_going"": 6}",2024-02-10
expected-tempo-targets-v2.0-walk-forward,2024-02-10|randwick|4,2024-02-10,racing-com-nsw-authorised-v2,NSW,randwick,4,1200,soft,true,,,17,0.9411764705882353,-1.1413977559840522,-0.5117095022819128,0.4568006103693058,slow,slow_early,23.392884615384617,22.613653846153845,23.337692307692308,0.9217780384615404,0.24690992307692172,0.77209246153846,source_distance,6,"{""source_distance"": 6, ""source_distance_going"": 2, ""source_phase_profile"": 19, ""source_phase_profile_going"": 3, ""track_distance"": 3, ""track_distance_going"": 2, ""track_distance_going_rail"": 0, ""track_phase_profile_going"": 3}",2024-02-10
expected-tempo-targets-v2.0-walk-forward,2024-02-10|randwick|6,2024-02-10,racing-com-nsw-authorised-v2,NSW,randwick,6,1200,soft,true,,,7,1.0,-1.8628295673883388,0.2173012954895601,1.3958073176170067,slow,sprint_home,23.392884615384617,22.613653846153845,23.337692307692308,0.9217780384615404,0.24690992307692172,0.77209246153846,source_distance,6,"{""source_distance"": 6, ""source_distance_going"": 2, ""source_phase_profile"": 19, ""source_phase_profile_going"": 3, ""track_distance"": 3, ""track_distance_going"": 2, ""track_distance_going_rail"": 0, ""track_phase_profile_going"": 3}",2024-02-10
expected-tempo-targets-v2.0-walk-forward,2024-02-10|randwick|10,2024-02-10,racing-com-nsw-authorised-v2,NSW,randwick,10,1200,soft,true,,,9,1.0,-1.8302837713851368,1.837325290537289,0.5021319686502248,slow,very_slow_early,23.392884615384617,22.613653846153845,23.337692307692308,0.9217780384615404,0.24690992307692172,0.77209246153846,source_distance,6,"{""source_distance"": 6, ""source_distance_going"": 2, ""source_phase_profile"": 19, ""source_phase_profile_going"": 3, ""track_distance"": 3, ""track_distance_going"": 2, ""track_distance_going_rail"": 0, ""track_phase_profile_going"": 3}",2024-02-10
expected-tempo-targets-v2.0-walk-forward,2024-02-17|flemington|1,2024-02-17,racing-com-rv-authorised,VIC,flemington,1,2000,good,true,benchmark,,5,1.0,-2.0281391944554406,-1.2201206760695462,-0.17943342975021942,slow,very_slow_early,46.34384615384615,22.857115384615383,23.78115384615385,14.257479923076925,0.5924697692307698,0.7738031538461575,track_distance_going,6,"{""source_distance"": 11, ""source_distance_going"": 11, ""source_phase_profile"": 121, ""source_phase_profile_going"": 121, ""track_distance"": 6, ""track_distance_going"": 6, ""track_distance_going_rail"": 1, ""track_phase_profile_going"": 34}",2024-02-17
expected-tempo-targets-v2.0-walk-forward,2024-02-17|flemington|2,2024-02-17,racing-com-rv-authorised,VIC,flemington,2,1100,good,true,benchmark,,12,1.0,-1.5569358665920043,-0.6862680221215445,-0.43915385213176783,slow,very_slow_early,19.165340236686387,21.603461538461534,23.20606508875739,0.44295964792899173,0.2135294911242599,0.48715253254437874,track_distance_going,6,"{""source_distance"": 16, ""source_distance_going"": 16, ""source_phase_profile"": 16, ""source_phase_profile_going"": 16, ""track_distance"": 6, ""track_distance_going"": 6, ""track_distance_going_rail"": 3, ""track_phase_profile_going"": 6}",2024-02-17
expected-tempo-targets-v2.0-walk-forward,2024-02-17|flemington|3,2024-02-17,racing-com-rv-authorised,VIC,flemington,3,1100,good,true,listed,,10,1.0,-0.1911229695739346,-1.8102345465410592,-1.9273940881279785,even,even,19.165340236686387,21.603461538461534,23.20606508875739,0.44295964792899173,0.2135294911242599,0.48715253254437874,track_distance_going,6,"{""source_distance"": 16, ""source_distance_going"": 16, ""source_phase_profile"": 16, ""source_phase_profile_going"": 16, ""track_distance"": 6, ""track_distance_going"": 6, ""track_distance_going_rail"": 3, ""track_phase_profile_going"": 6}",2024-02-17
expected-tempo-targets-v2.0-walk-forward,2024-02-17|flemington|4,2024-02-17,racing-com-rv-authorised,VIC,flemington,4,1600,good,true,benchmark,,12,1.0,-0.5037088806784253,-1.5133171912832872,-0.30246694995278417,slow,slow_early,41.798965517241385,22.712068965517243,23.437586206896555,12.975817448275862,0.6032648275862078,0.8179862068965538,track_distance_going,9,"{""source_distance"": 31, ""source_distance_going"": 31, ""source_phase_profile"": 121, ""source_phase_profile_going"": 121, ""track_distance"": 9, ""track_distance_going"": 9, ""track_distance_going_rail"": 3, ""track_phase_profile_going"": 34}",2024-02-17
expected-tempo-targets-v2.0-walk-forward,2024-02-17|flemington|5,2024-02-17,racing-com-rv-authorised,VIC,flemington,5,1400,good,true,group,3,10,1.0,0.0566777406252198,-0.1429207292106787,0.14336456310214005,even,even,37.56896551724138,22.712068965517243,23.437586206896555,12.773365862068966,0.580258965517242,0.6109334482758644,track_distance_going,9,"{""source_distance"": 31, ""source_distance_going"": 31, ""source_phase_profile"": 121, ""source_phase_profile_going"": 121, ""track_distance"": 9, ""track_distance_going"": 9, ""track_distance_going_rail"": 4, ""track_phase_profile_going"": 34}",2024-02-17
expected-tempo-targets-v2.0-walk-forward,2024-02-17|flemington|6,2024-02-17,racing-com-rv-authorised,VIC,flemington,6,1400,good,true,group,3,12,1.0,0.07898979236455937,0.17590243595160973,-0.34768728689336625,even,even,37.56896551724138,22.712068965517243,23.437586206896555,12.773365862068966,0.580258965517242,0.6109334482758644,track_distance_going,9,"{""source_distance"": 31, ""source_distance_going"": 31, ""source_phase_profile"": 121, ""source_phase_profile_going"": 121, ""track_distance"": 9, ""track_distance_going"": 9, ""track_distance_going_rail"": 4, ""track_phase_profile_going"": 34}",2024-02-17
expected-tempo-targets-v2.0-walk-forward,2024-02-17|flemington|7,2024-02-17,racing-com-rv-authorised,VIC,flemington,7,1400,good,true,group,3,13,1.0,0.08212130839815086,-0.9787544324739642,1.059994683093764,even,even,37.56896551724138,22.712068965517243,23.437586206896555,12.773365862068966,0.580258965517242,0.6109334482758644,track_distance_going,9,"{""source_distance"": 31, ""source_distance_going"": 31, ""source_phase_profile"": 121, ""source_phase_profile_going"": 121, ""track_distance"": 9, ""track_distance_going"": 9, ""track_distance_going_rail"": 4, ""track_phase_profile_going"": 34}",2024-02-17
expected-tempo-targets-v2.0-walk-forward,2024-02-17|flemington|8,2024-02-17,racing-com-rv-authorised,VIC,flemington,8,1000,good,true,group,1,8,1.0,-1.5888004556559856,-1.5835870005102628,3.7064249501335165,slow,sprint_home,13.485,21.535,23.165,0.33358499999999947,0.25574849999999916,0.38176950000000043,source_distance_going,12,"{""source_distance"": 12, ""source_distance_going"": 12, ""source_phase_profile"": 12, ""source_phase_profile_going"": 12, ""track_distance"": 3, ""track_distance_going"": 3, ""track_distance_going_rail"": 0, ""track_phase_profile_going"": 3}",2024-02-17
expected-tempo-targets-v2.0-walk-forward,2024-02-17|flemington|9,2024-02-17,racing-com-rv-authorised,VIC,flemington,9,1400,good,true,listed,,11,1.0,0.04454311599505243,-0.0998365177022582,0.650784808097505,even,even,37.56896551724138,22.712068965517243,23.437586206896555,12.773365862068966,0.580258965517242,0.6109334482758644,track_distance_going,9,"{""source_distance"": 31, ""source_distance_going"": 31, ""source_phase_profile"": 121, ""source_phase_profile_going"": 121, ""track_distance"": 9, ""track_distance_going"": 9, ""track_distance_going_rail"": 4, ""track_phase_profile_going"": 34}",2024-02-17
expected-tempo-targets-v2.0-walk-forward,2024-02-17|flemington|10,2024-02-17,racing-com-rv-authorised,VIC,flemington,10,1400,good,true,benchmark,,13,0.9230769230769231,0.017142350701126755,1.046203508421628,-1.0351598768870844,even,even,37.56896551724138,22.712068965517243,23.437586206896555,12.773365862068966,0.580258965517242,0.6109334482758644,track_distance_going,9,"{""source_distance"": 31, ""source_distance_going"": 31, ""source_phase_profile"": 121, ""source_phase_profile_going"": 121, ""track_distance"": 9, ""track_distance_going"": 9, ""track_distance_going_rail"": 4, ""track_phase_profile_going"": 34}",2024-02-17
expected-tempo-targets-v2.0-walk-forward,2024-02-17|randwick|6,2024-02-17,racing-com-nsw-authorised-v2,NSW,randwick,6,1200,soft,out_4_6m,,,8,0.875,3.490915414164656,-3.0768605203929376,-1.5524446888483496,very_fast_or_collapse,pace_collapse,24.24389568847802,22.535694552132217,23.125126033933423,0.6914792832514518,0.18340299929998738,0.8856186477641919,track_distance_going,5,"{""source_distance"": 9, ""source_distance_going"": 5, ""source_phase_profile"": 22, ""source_phase_profile_going"": 6, ""track_distance"": 6, ""track_distance_going"": 5, ""track_distance_going_rail"": 0, ""track_phase_profile_going"": 6}",2024-02-17
expected-tempo-targets-v2.0-walk-forward,2024-02-17|randwick|7,2024-02-17,racing-com-nsw-authorised-v2,NSW,randwick,7,1400,soft,out_4_6m,,,9,1.0,-0.9051094353277156,-0.7516880916392571,0.18965336864780452,slow,slow_early,23.603455198647506,22.586388419273035,23.25960904480135,1.0678761745562124,0.23096226035503128,0.683399644970412,track_phase_profile_going,6,"{""source_distance"": 8, ""source_distance_going"": 1, ""source_phase_profile"": 22, ""source_phase_profile_going"": 6, ""track_distance"": 4, ""track_distance_going"": 1, ""track_distance_going_rail"": 0, ""track_phase_profile_going"": 6}",2024-02-17
expected-tempo-targets-v2.0-walk-forward,2024-02-17|randwick|8,2024-02-17,racing-com-nsw-authorised-v2,NSW,randwick,8,1200,soft,out_4_6m,,,11,0.9090909090909091,0.6636434374725081,0.385460174599346,-1.1741780377951763,fast,fast_early,24.24389568847802,22.535694552132217,23.125126033933423,0.6914792832514518,0.18340299929998738,0.8856186477641919,track_distance_going,5,"{""source_distance"": 9, ""source_distance_going"": 5, ""source_phase_profile"": 22, ""source_phase_profile_going"": 6, ""track_distance"": 6, ""track_distance_going"": 5, ""track_distance_going_rail"": 0, ""track_phase_profile_going"": 6}",2024-02-17
expected-tempo-targets-v2.0-walk-forward,2024-02-24|caulfield|1,2024-02-24,racing-com-rv-authorised,VIC,caulfield,1,2000,good,out_4_6m,handicap_unspecified,,8,1.0,-2.3721590505728583,-0.1892456087740053,0.5722292572333684,slow,very_slow_early,44.788,23.208000000000002,23.641000000000002,14.508723599999998,0.6182441999999971,0.9192120000000015,track_distance_going,5,"{""source_distance"": 12, ""source_distance_going"": 12, ""source_phase_profile"": 128, ""source_phase_profile_going"": 128, ""track_distance"": 5, ""track_distance_going"": 5, ""track_distance_going_rail"": 0, ""track_phase_profile_going"": 49}",2024-02-24
expected-tempo-targets-v2.0-walk-forward,2024-02-24|caulfield|2,2024-02-24,racing-com-rv-authorised,VIC,caulfield,2,1100,good,out_4_6m,benchmark,,9,1.0,-1.2158583427407106,-1.4812346090466428,2.21317280453257,slow,sprint_home,18.637500000000003,21.8,23.2275,0.2816939999999966,0.3780629999999985,0.3558240000000003,track_distance_going,10,"{""source_distance"": 18, ""source_distance_going"": 18, ""source_phase_profile"": 18, ""source_phase_profile_going"": 18, ""track_distance"": 10, ""track_distance_going"": 10, ""track_distance_going_rail"": 1, ""track_phase_profile_going"": 10}",2024-02-24
expected-tempo-targets-v2.0-walk-forward,2024-02-24|caulfield|3,2024-02-24,racing-com-rv-authorised,VIC,caulfield,3,1400,good,out_4_6m,group,2,10,1.0,-0.5291584963849478,-1.27735418166363,-0.152052830171031,slow,slow_early,36.885,23.125,23.322499999999998,0.6708765000000008,0.41883450000000355,0.6412244999999962,track_distance_going,22,"{""source_distance"": 36, ""source_distance_going"": 36, ""source_phase_profile"": 128, ""source_phase_profile_going"": 128, ""track_distance"": 22, ""track_distance_going"": 22, ""track_distance_going_rail"": 4, ""track_phase_profile_going"": 49}",2024-02-24
expected-tempo-targets-v2.0-walk-forward,2024-02-24|caulfield|4,2024-02-24,racing-com-rv-authorised,VIC,caulfield,4,1200,good,out_4_6m,group,3,11,1.0,0.3211860759412391,-1.7143306803363658,0.0,even,even,24.51,22.31,23.22,0.31134600000000123,0.35582399999999764,0.5485620000000014,track_distance_going,13,"{""source_distance"": 39, ""source_distance_going"": 39, ""source_phase_profile"": 128, ""source_phase_profile_going"": 128, ""track_distance"": 13, ""track_distance_going"": 13, ""track_distance_going_rail"": 1, ""track_phase_profile_going"": 49}",2024-02-24
expected-tempo-targets-v2.0-walk-forward,2024-02-24|caulfield|6,2024-02-24,racing-com-rv-authorised,VIC,caulfield,6,1800,good,out_4_6m,group,2,8,1.0,-1.5420138161744459,0.12263468354120259,-0.2500267470473576,slow,very_slow_early,36.89,23.12,23.48,17.820852,0.6523439999999966,0.8599080000000027,track_phase_profile_going,49,"{""source_distance"": 0, ""source_distance_going"": 0, ""source_phase_profile"": 128, ""source_phase_profile_going"": 128, ""track_distance"": 0, ""track_distance_going"": 0, ""track_distance_going_rail"": 0, ""track_phase_profile_going"": 49}",2024-02-24
expected-tempo-targets-v2.0-walk-forward,2024-02-24|caulfield|7,2024-02-24,racing-com-rv-authorised,VIC,caulfield,7,1400,good,out_4_6m,group,1,8,1.0,-0.2683057164768769,2.1846337873312525,-0.534134300857193,even,even,36.885,23.125,23.322499999999998,0.6708765000000008,0.41883450000000355,0.6412244999999962,track_distance_going,22,"{""source_distance"": 36, ""source_distance_going"": 36, ""source_phase_profile"": 128, ""source_phase_profile_going"": 128, ""track_distance"": 22, ""track_distance_going"": 22, ""track_distance_going_rail"": 4, ""track_phase_profile_going"": 49}",2024-02-24
expected-tempo-targets-v2.0-walk-forward,2024-02-24|caulfield|8,2024-02-24,racing-com-rv-authorised,VIC,caulfield,8,1200,good,out_4_6m,group,1,16,1.0,1.8789385442562248,0.2669859256261508,-1.476587878854168,very_fast_or_collapse,pace_collapse,24.51,22.31,23.22,0.31134600000000123,0.35582399999999764,0.5485620000000014,track_distance_going,13,"{""source_distance"": 39, ""source_distance_going"": 39, ""source_phase_profile"": 128, ""source_phase_profile_going"": 128, ""track_distance"": 13, ""track_distance_going"": 13, ""track_distance_going_rail"": 1, ""track_phase_profile_going"": 49}",2024-02-24
expected-tempo-targets-v2.0-walk-forward,2024-02-24|caulfield|9,2024-02-24,racing-com-rv-authorised,VIC,caulfield,9,1100,good,out_4_6m,group,1,15,1.0,0.13312317621249253,0.34385803424296885,1.5386820450559797,even,even,18.637500000000003,21.8,23.2275,0.2816939999999966,0.3780629999999985,0.3558240000000003,track_distance_going,10,"{""source_distance"": 18, ""source_distance_going"": 18, ""source_phase_profile"": 18, ""source_phase_profile_going"": 18, ""track_distance"": 10, ""track_distance_going"": 10, ""track_distance_going_rail"": 1, ""track_phase_profile_going"": 10}",2024-02-24
expected-tempo-targets-v2.0-walk-forward,2024-02-24|caulfield|10,2024-02-24,racing-com-rv-authorised,VIC,caulfield,10,1400,good,out_4_6m,group,3,9,1.0,-0.633499608348189,-0.489453471478583,0.3469923560313087,slow,slow_early,36.885,23.125,23.322499999999998,0.6708765000000008,0.41883450000000355,0.6412244999999962,track_distance_going,22,"{""source_distance"": 36, ""source_distance_going"": 36, ""source_phase_profile"": 128, ""source_phase_profile_going"": 128, ""track_distance"": 22, ""track_distance_going"": 22, ""track_distance_going_rail"": 4, ""track_phase_profile_going"": 49}",2024-02-24
expected-tempo-targets-v2.0-walk-forward,2024-02-24|rosehill|2,2024-02-24,racing-com-nsw-authorised-v2,NSW,rosehill,2,1400,soft,true,,,14,1.0,-0.35138003221530484,-2.8061638223385454,-0.009325583486511226,even,even,23.477223543400715,22.64561236623068,23.413507728894174,1.2885662675386464,0.28308669203329234,0.6961785410225889,source_phase_profile_going,9,"{""source_distance"": 9, ""source_distance_going"": 2, ""source_phase_profile"": 25, ""source_phase_profile_going"": 9, ""track_distance"": 4, ""track_distance_going"": 0, ""track_distance_going_rail"": 0, ""track_phase_profile_going"": 0}",2024-02-24
expected-tempo-targets-v2.0-walk-forward,2024-02-24|rosehill|6,2024-02-24,racing-com-nsw-authorised-v2,NSW,rosehill,6,1400,soft,true,,,13,1.0,-0.19616876754202645,-2.700189218641988,0.49341901344676514,even,even,23.477223543400715,22.64561236623068,23.413507728894174,1.2885662675386464,0.28308669203329234,0.6961785410225889,source_phase_profile_going,9,"{""source_distance"": 9, ""source_distance_going"": 2, ""source_phase_profile"": 25, ""source_phase_profile_going"": 9, ""track_distance"": 4, ""track_distance_going"": 0, ""track_distance_going_rail"": 0, ""track_phase_profile_going"": 0}",2024-02-24
expected-tempo-targets-v2.0-walk-forward,2024-02-24|rosehill|8,2024-02-24,racing-com-nsw-authorised-v2,NSW,rosehill,8,1400,soft,true,,,12,1.0,-0.2698941182618358,-3.106425199478819,0.36414183137820777,even,even,23.477223543400715,22.64561236623068,23.413507728894174,1.2885662675386464,0.28308669203329234,0.6961785410225889,source_phase_profile_going,9,"{""source_distance"": 9, ""source_distance_going"": 2, ""source_phase_profile"": 25, ""source_phase_profile_going"": 9, ""track_distance"": 4, ""track_distance_going"": 0, ""track_distance_going_rail"": 0, ""track_phase_profile_going"": 0}",2024-02-24
expected-tempo-targets-v2.0-walk-forward,2024-03-02|flemington|1,2024-03-02,racing-com-rv-authorised,VIC,flemington,1,1100,good,out_1_3m,handicap_unspecified,,5,1.0,-1.4208798594928964,-2.247251001611885,0.49257906602756074,slow,very_slow_early,19.226632653061223,21.6584693877551,23.329132653061222,0.45983292857142666,0.25877421428571307,0.647881071428571,track_distance_going,8,"{""source_distance"": 20, ""source_distance_going"": 20, ""source_phase_profile"": 20, ""source_phase_profile_going"": 20, ""track_distance"": 8, ""track_distance_going"": 8, ""track_distance_going_rail"": 0, ""track_phase_profile_going"": 8}",2024-03-02
expected-tempo-targets-v2.0-walk-forward,2024-03-02|flemington|2,2024-03-02,racing-com-rv-authorised,VIC,flemington,2,2000,good,out_1_3m,benchmark,,9,1.0,-2.2661631389397066,-0.5529087341632237,0.0764201353101533,slow,very_slow_early,47.1762962962963,22.926296296296293,23.793888888888887,13.30606044444445,0.6397144444444451,0.8360216666666652,track_distance_going,7,"{""source_distance"": 13, ""source_distance_going"": 13, ""source_phase_profile"": 135, ""source_phase_profile_going"": 135, ""track_distance"": 7, ""track_distance_going"": 7, ""track_distance_going_rail"": 0, ""track_phase_profile_going"": 41}",2024-03-02
expected-tempo-targets-v2.0-walk-forward,2024-03-02|flemington|3,2024-03-02,racing-com-rv-authorised,VIC,flemington,3,1200,good,out_1_3m,benchmark,,11,1.0,-1.1207703597317842,-3.7295371406352977,-0.07226686708678096,slow,slow_early,25.3275,21.759999999999998,23.27,0.49296449999999936,0.2520419999999999,0.41512799999999905,track_distance_going,10,"{""source_distance"": 41, ""source_distance_going"": 41, ""source_phase_profile"": 135, ""source_phase_profile_going"": 135, ""track_distance"": 10, ""track_distance_going"": 10, ""track_distance_going_rail"": 0, ""track_phase_profile_going"": 41}",2024-03-02
expected-tempo-targets-v2.0-walk-forward,2024-03-02|flemington|4,2024-03-02,racing-com-rv-authorised,VIC,flemington,4,1000,good,out_1_3m,listed,,10,1.0,-0.8993210126354572,-1.2365663923737695,-0.8874878414165722,slow,slow_early,13.515,21.56,23.145,0.37806300000000115,0.35582399999999764,0.42254100000000017,source_distance_going,13,"{""source_distance"": 13, ""source_distance_going"": 13, ""source_phase_profile"": 13, ""source_phase_profile_going"": 13, ""track_distance"": 4, ""track_distance_going"": 4, ""track_distance_going_rail"": 0, ""track_phase_profile_going"": 4}",2024-03-02
expected-tempo-targets-v2.0-walk-forward,2024-03-02|flemington|5,2024-03-02,racing-com-rv-authorised,VIC,flemington,5,1100,good,out_1_3m,handicap_unspecified,,9,1.0,-0.9424452230620565,-0.8560768423406575,-0.03220860719509327,slow,slow_early,19.226632653061223,21.6584693877551,23.329132653061222,0.45983292857142666,0.25877421428571307,0.647881071428571,track_distance_going,8,"{""source_distance"": 20, ""source_distance_going"": 20, ""source_phase_profile"": 20, ""source_phase_profile_going"": 20, ""track_distance"": 8, ""track_distance_going"": 8, ""track_distance_going_rail"": 0, ""track_phase_profile_going"": 8}",2024-03-02
expected-tempo-targets-v2.0-walk-forward,2024-03-02|flemington|6,2024-03-02,racing-com-rv-authorised,VIC,flemington,6,1600,good,out_1_3m,benchmark,,12,1.0,-0.1667696932771759,-2.3645069320977368,0.2690591554196219,even,even,50.485,22.810000000000002,23.5475,1.349166,0.3298784999999976,0.6782894999999993,track_distance_going,10,"{""source_distance"": 32, ""source_distance_going"": 32, ""source_phase_profile"": 135, ""source_phase_profile_going"": 135, ""track_distance"": 10, ""track_distance_going"": 10, ""track_distance_going_rail"": 0, ""track_phase_profile_going"": 41}",2024-03-02
expected-tempo-targets-v2.0-walk-forward,2024-03-02|flemington|7,2024-03-02,racing-com-rv-authorised,VIC,flemington,7,1200,good,out_1_3m,unclassified,,19,1.0,1.4757654962984152,-1.031574102728917,-3.131564240427058,very_fast_or_collapse,pace_collapse,25.3275,21.759999999999998,23.27,0.49296449999999936,0.2520419999999999,0.41512799999999905,track_distance_going,10,"{""source_distance"": 41, ""source_distance_going"": 41, ""source_phase_profile"": 135, ""source_phase_profile_going"": 135, ""track_distance"": 10, ""track_distance_going"": 10, ""track_distance_going_rail"": 0, ""track_phase_profile_going"": 41}",2024-03-02
expected-tempo-targets-v2.0-walk-forward,2024-03-02|flemington|8,2024-03-02,racing-com-rv-authorised,VIC,flemington,8,1600,good,out_1_3m,group,1,16,1.0,0.2445955501398629,0.6214409244615923,0.19534431831835877,even,even,50.485,22.810000000000002,23.5475,1.349166,0.3298784999999976,0.6782894999999993,track_distance_going,10,"{""source_distance"": 32, ""source_distance_going"": 32, ""source_phase_profile"": 135, ""source_phase_profile_going"": 135, ""track_distance"": 10, ""track_distance_going"": 10, ""track_distance_going_rail"": 0, ""track_phase_profile_going"": 41}",2024-03-02
expected-tempo-targets-v2.0-walk-forward,2024-03-02|flemington|9,2024-03-02,racing-com-rv-authorised,VIC,flemington,9,1600,good,out_1_3m,group,2,14,1.0,-0.27424349561136624,-1.0306825088631082,0.8514063685196382,even,even,50.485,22.810000000000002,23.5475,1.349166,0.3298784999999976,0.6782894999999993,track_distance_going,10,"{""source_distance"": 32, ""source_distance_going"": 32, ""source_phase_profile"": 135, ""source_phase_profile_going"": 135, ""track_distance"": 10, ""track_distance_going"": 10, ""track_distance_going_rail"": 0, ""track_phase_profile_going"": 41}",2024-03-02
expected-tempo-targets-v2.0-walk-forward,2024-03-02|flemington|10,2024-03-02,racing-com-rv-authorised,VIC,flemington,10,1400,good,out_1_3m,benchmark,,12,1.0,-0.304416183480583,0.01983796351399947,-0.6634335339113995,even,even,37.1375,22.759999999999998,23.405,0.4188344999999983,0.2520419999999999,0.45219299999999957,track_distance_going,14,"{""source_distance"": 39, ""source_distance_going"": 39, ""source_phase_profile"": 135, ""source_phase_profile_going"": 135, ""track_distance"": 14, ""track_distance_going"": 14, ""track_distance_going_rail"": 0, ""track_phase_profile_going"": 41}",2024-03-02
expected-tempo-targets-v2.0-walk-forward,2024-03-02|randwick|2,2024-03-02,racing-com-nsw-authorised-v2,NSW,randwick,2,1200,good,true,,,7,0.8571428571428571,-1.3985144341022466,-2.524612609068952,-2.3216846281057757,slow,very_slow_early,22.858000000000004,22.714,23.108000000000004,0.9488640000000029,0.317276399999999,0.6404831999999989,track_phase_profile_going,5,"{""source_distance"": 11, ""source_distance_going"": 4, ""source_phase_profile"": 28, ""source_phase_profile_going"": 16, ""track_distance"": 8, ""track_distance_going"": 1, ""track_distance_going_rail"": 0, ""track_phase_profile_going"": 5}",2024-03-02
expected-tempo-targets-v2.0-walk-forward,2024-03-02|randwick|8,2024-03-02,racing-com-nsw-authorised-v2,NSW,randwick,8,1400,soft,true,,,12,0.8333333333333334,1.6268928331174375,-1.1219157377089273,1.9905627885693251,very_fast_or_collapse,very_fast_early,24.18431034482759,22.786206896551725,23.355862068965518,0.6203914137931005,0.35991393103448344,0.5605761724137917,track_phase_profile_going,9,"{""source_distance"": 12, ""source_distance_going"": 5, ""source_phase_profile"": 28, ""source_phase_profile_going"": 12, ""track_distance"": 5, ""track_distance_going"": 2, ""track_distance_going_rail"": 0, ""track_phase_profile_going"": 9}",2024-03-02
expected-tempo-targets-v2.0-walk-forward,2024-03-02|randwick|9,2024-03-02,racing-com-nsw-authorised-v2,NSW,randwick,9,1400,soft,true,,,8,1.0,-0.24289448857953594,-0.4550896459536725,1.910288238535862,even,even,24.18431034482759,22.786206896551725,23.355862068965518,0.6203914137931005,0.35991393103448344,0.5605761724137917,track_phase_profile_going,9,"{""source_distance"": 12, ""source_distance_going"": 5, ""source_phase_profile"": 28, ""source_phase_profile_going"": 12, ""track_distance"": 5, ""track_distance_going"": 2, ""track_distance_going_rail"": 0, ""track_phase_profile_going"": 9}",2024-03-02
expected-tempo-targets-v2.0-walk-forward,2024-03-09|flemington|1,2024-03-09,racing-com-rv-authorised,VIC,flemington,1,1100,good,out_4_6m,open_or_quality,,9,1.0,0.23528747423601756,0.2060943987289456,-0.6980195069001899,even,even,19.705,21.674999999999997,23.385,0.3187590000000024,0.26686799999999955,0.6375180000000021,track_distance_going,10,"{""source_distance"": 22, ""source_distance_going"": 22, ""source_phase_profile"": 22, ""source_phase_profile_going"": 22, ""track_distance"": 10, ""track_distance_going"": 10, ""track_distance_going_rail"": 0, ""track_phase_profile_going"": 10}",2024-03-09
expected-tempo-targets-v2.0-walk-forward,2024-03-09|flemington|2,2024-03-09,racing-com-rv-authorised,VIC,flemington,2,1800,good,out_4_6m,unclassified,,7,1.0,-1.443890319504927,-0.8122899468965432,-1.1343708227560863,slow,very_slow_early,37.535,22.75,23.450000000000003,18.017296499999997,0.6894089999999997,0.6523440000000018,track_phase_profile_going,48,"{""source_distance"": 1, ""source_distance_going"": 1, ""source_phase_profile"": 142, ""source_phase_profile_going"": 142, ""track_distance"": 0, ""track_distance_going"": 0, ""track_distance_going_rail"": 0, ""track_phase_profile_going"": 48}",2024-03-09
expected-tempo-targets-v2.0-walk-forward,2024-03-09|flemington|3,2024-03-09,racing-com-rv-authorised,VIC,flemington,3,1400,good,out_4_6m,open_or_quality,,11,1.0,-4.0,-3.512003609688398,1.0974764899958238,slow,sprint_home,37.185,22.755000000000003,23.41,0.34841099999999914,0.21497700000000464,0.43736699999999723,track_distance_going,15,"{""source_distance"": 40, ""source_distance_going"": 40, ""source_phase_profile"": 142, ""source_phase_profile_going"": 142, ""track_distance"": 15, ""track_distance_going"": 15, ""track_distance_going_rail"": 2, ""track_phase_profile_going"": 48}",2024-03-09
expected-tempo-targets-v2.0-walk-forward,2024-03-09|flemington|4,2024-03-09,racing-com-rv-authorised,VIC,flemington,4,1400,good,out_4_6m,group,2,14,1.0,-1.320279784507363,-4.0,-2.4693221024905974,slow,very_slow_early,37.185,22.755000000000003,23.41,0.34841099999999914,0.21497700000000464,0.43736699999999723,track_distance_going,15,"{""source_distance"": 40, ""source_distance_going"": 40, ""source_phase_profile"": 142, ""source_phase_profile_going"": 142, ""track_distance"": 15, ""track_distance_going"": 15, ""track_distance_going_rail"": 2, ""track_phase_profile_going"": 48}",2024-03-09
expected-tempo-targets-v2.0-walk-forward,2024-03-09|flemington|5,2024-03-09,racing-com-rv-authorised,VIC,flemington,5,1200,good,out_4_6m,group,1,12,1.0,0.6127995314756932,1.8979856255039098,0.548023742074738,fast,sustained_high_pressure,25.3275,21.8,23.345,0.6078659999999976,0.3187589999999998,0.35582399999999764,track_distance_going,12,"{""source_distance"": 43, ""source_distance_going"": 43, ""source_phase_profile"": 142, ""source_phase_profile_going"": 142, ""track_distance"": 12, ""track_distance_going"": 12, ""track_distance_going_rail"": 2, ""track_phase_profile_going"": 48}",2024-03-09
expected-tempo-targets-v2.0-walk-forward,2024-03-09|flemington|6,2024-03-09,racing-com-rv-authorised,VIC,flemington,6,1600,good,out_4_6m,group,2,13,1.0,-0.07099902731333263,-1.578053852360326,-0.2912573734103491,even,even,50.709999999999994,22.87,23.41,0.9859290000000093,0.3928890000000008,0.6523440000000018,track_distance_going,13,"{""source_distance"": 35, ""source_distance_going"": 35, ""source_phase_profile"": 142, ""source_phase_profile_going"": 142, ""track_distance"": 13, ""track_distance_going"": 13, ""track_distance_going_rail"": 2, ""track_phase_profile_going"": 48}",2024-03-09
expected-tempo-targets-v2.0-walk-forward,2024-03-09|flemington|7,2024-03-09,racing-com-rv-authorised,VIC,flemington,7,1400,good,out_4_6m,group,3,6,1.0,-2.7697173740209085,1.697856049716919,0.06859228062474153,slow,very_slow_early,37.185,22.755000000000003,23.41,0.34841099999999914,0.21497700000000464,0.43736699999999723,track_distance_going,15,"{""source_distance"": 40, ""source_distance_going"": 40, ""source_phase_profile"": 142, ""source_phase_profile_going"": 142, ""track_distance"": 15, ""track_distance_going"": 15, ""track_distance_going_rail"": 2, ""track_phase_profile_going"": 48}",2024-03-09
expected-tempo-targets-v2.0-walk-forward,2024-03-09|flemington|8,2024-03-09,racing-com-rv-authorised,VIC,flemington,8,1600,good,out_4_6m,group,3,9,1.0,-0.9635582278237013,-0.15271488893809346,0.24526936708239777,slow,slow_early,50.709999999999994,22.87,23.41,0.9859290000000093,0.3928890000000008,0.6523440000000018,track_distance_going,13,"{""source_distance"": 35, ""source_distance_going"": 35, ""source_phase_profile"": 142, ""source_phase_profile_going"": 142, ""track_distance"": 13, ""track_distance_going"": 13, ""track_distance_going_rail"": 2, ""track_phase_profile_going"": 48}",2024-03-09
expected-tempo-targets-v2.0-walk-forward,2024-03-09|randwick|2,2024-03-09,racing-com-nsw-authorised-v2,NSW,randwick,2,1200,good,out_1_3m,,,8,1.0,4.0,3.330933637565951,0.986176965566054,very_fast_or_collapse,sustained_high_pressure,23.357115384615383,22.811923076923076,23.30846153846154,1.1558577692307714,0.4539036923076927,0.850214076923074,track_phase_profile_going,6,"{""source_distance"": 12, ""source_distance_going"": 5, ""source_phase_profile"": 31, ""source_phase_profile_going"": 17, ""track_distance"": 9, ""track_distance_going"": 2, ""track_distance_going_rail"": 0, ""track_phase_profile_going"": 6}",2024-03-09
expected-tempo-targets-v2.0-walk-forward,2024-03-09|randwick|9,2024-03-09,racing-com-nsw-authorised-v2,NSW,randwick,9,1600,good,out_1_3m,,,17,0.5882352941176471,-0.9934893554986253,-0.11616229746540713,0.22190404595940688,slow,slow_early,23.096346153846156,22.767307692307693,23.270000000000003,1.2014762307692335,0.4105661538461539,0.7886291538461502,track_phase_profile_going,6,"{""source_distance"": 0, ""source_distance_going"": 0, ""source_phase_profile"": 31, ""source_phase_profile_going"": 17, ""track_distance"": 0, ""track_distance_going"": 0, ""track_distance_going_rail"": 0, ""track_phase_profile_going"": 6}",2024-03-09
expected-tempo-targets-v2.0-walk-forward,2024-03-16|caulfield|1,2024-03-16,racing-com-rv-authorised,VIC,caulfield,1,2000,good,out_4_6m,listed,,7,1.0,-2.1341409429919724,-1.86195039183773,-0.6723645189038123,slow,very_slow_early,46.23384615384615,23.163653846153842,23.55269230769231,14.38806276923077,0.5619624230769239,0.8140044230769224,track_distance_going,6,"{""source_distance"": 14, ""source_distance_going"": 14, ""source_phase_profile"": 149, ""source_phase_profile_going"": 149, ""track_distance"": 6, ""track_distance_going"": 6, ""track_distance_going_rail"": 1, ""track_phase_profile_going"": 56}",2024-03-16
expected-tempo-targets-v2.0-walk-forward,2024-03-16|caulfield|2,2024-03-16,racing-com-rv-authorised,VIC,caulfield,2,1600,good,out_4_6m,unclassified,,7,1.0,-0.8133289884560375,-0.5066779768594579,-0.4896696694782824,slow,slow_early,41.05741379310345,23.21034482758621,23.692068965517244,12.716362448275863,0.5322022758620684,0.6492765517241383,track_distance_going,9,"{""source_distance"": 37, ""source_distance_going"": 37, ""source_phase_profile"": 149, ""source_phase_profile_going"": 149, ""track_distance"": 9, ""track_distance_going"": 9, ""track_distance_going_rail"": 1, ""track_phase_profile_going"": 56}",2024-03-16
expected-tempo-targets-v2.0-walk-forward,2024-03-16|caulfield|3,2024-03-16,racing-com-rv-authorised,VIC,caulfield,3,1200,good,out_4_6m,benchmark,,7,1.0,-0.3125688885379449,-0.7588021044111734,-1.3672109989390406,even,even,24.505,22.31,23.22,0.30393299999999746,0.35582399999999764,0.5485620000000014,track_distance_going,15,"{""source_distance"": 44, ""source_distance_going"": 44, ""source_phase_profile"": 149, ""source_phase_profile_going"": 149, ""track_distance"": 15, ""track_distance_going"": 15, ""track_distance_going_rail"": 3, ""track_phase_profile_going"": 56}",2024-03-16
expected-tempo-targets-v2.0-walk-forward,2024-03-16|caulfield|4,2024-03-16,racing-com-rv-authorised,VIC,caulfield,4,1000,good,out_4_6m,handicap_unspecified,,7,1.0,0.6557549050466869,-0.31671740010205746,0.968220606345434,fast,fast_early,13.5625,21.604999999999997,23.165,0.40030200000000066,0.42624749999999945,0.45960600000000074,source_distance_going,14,"{""source_distance"": 14, ""source_distance_going"": 14, ""source_phase_profile"": 14, ""source_phase_profile_going"": 14, ""track_distance"": 2, ""track_distance_going"": 2, ""track_distance_going_rail"": 0, ""track_phase_profile_going"": 2}",2024-03-16
expected-tempo-targets-v2.0-walk-forward,2024-03-16|caulfield|5,2024-03-16,racing-com-rv-authorised,VIC,caulfield,5,1600,good,out_4_6m,listed,,7,1.0,-0.8329886986142594,-0.26240994965227754,0.819479718009756,slow,sprint_home,41.05741379310345,23.21034482758621,23.692068965517244,12.716362448275863,0.5322022758620684,0.6492765517241383,track_distance_going,9,"{""source_distance"": 37, ""source_distance_going"": 37, ""source_phase_profile"": 149, ""source_phase_profile_going"": 149, ""track_distance"": 9, ""track_distance_going"": 9, ""track_distance_going_rail"": 1, ""track_phase_profile_going"": 56}",2024-03-16
expected-tempo-targets-v2.0-walk-forward,2024-03-16|caulfield|6,2024-03-16,racing-com-rv-authorised,VIC,caulfield,6,1100,good,out_4_6m,listed,,6,1.0,-0.05699921911069971,-2.1689506775325804,0.20234722784297896,even,even,18.65,21.8,23.07,0.26316150000000293,0.3780629999999985,0.4447799999999984,track_distance_going,12,"{""source_distance"": 23, ""source_distance_going"": 23, ""source_phase_profile"": 23, ""source_phase_profile_going"": 23, ""track_distance"": 12, ""track_distance_going"": 12, ""track_distance_going_rail"": 3, ""track_phase_profile_going"": 12}",2024-03-16
expected-tempo-targets-v2.0-walk-forward,2024-03-16|caulfield|7,2024-03-16,racing-com-rv-authorised,VIC,caulfield,7,1200,good,out_4_6m,unclassified,,9,1.0,0.41127485333939073,0.5058680696074489,-0.49219595961805385,even,even,24.505,22.31,23.22,0.30393299999999746,0.35582399999999764,0.5485620000000014,track_distance_going,15,"{""source_distance"": 44, ""source_distance_going"": 44, ""source_phase_profile"": 149, ""source_phase_profile_going"": 149, ""track_distance"": 15, ""track_distance_going"": 15, ""track_distance_going_rail"": 3, ""track_phase_profile_going"": 56}",2024-03-16
expected-tempo-targets-v2.0-walk-forward,2024-03-16|caulfield|8,2024-03-16,racing-com-rv-authorised,VIC,caulfield,8,1600,good,out_4_6m,unclassified,,12,1.0,-0.606508837591544,0.2731007253788596,-1.5677926944684288,slow,slow_early,41.05741379310345,23.21034482758621,23.692068965517244,12.716362448275863,0.5322022758620684,0.6492765517241383,track_distance_going,9,"{""source_distance"": 37, ""source_distance_going"": 37, ""source_phase_profile"": 149, ""source_phase_profile_going"": 149, ""track_distance"": 9, ""track_distance_going"": 9, ""track_distance_going_rail"": 1, ""track_phase_profile_going"": 56}",2024-03-16
expected-tempo-targets-v2.0-walk-forward,2024-03-16|caulfield|9,2024-03-16,racing-com-rv-authorised,VIC,caulfield,9,1600,good,out_4_6m,benchmark,,15,1.0,-0.7606409652320029,-1.5776993269217188,0.7270691730106026,slow,slow_early,41.05741379310345,23.21034482758621,23.692068965517244,12.716362448275863,0.5322022758620684,0.6492765517241383,track_distance_going,9,"{""source_distance"": 37, ""source_distance_going"": 37, ""source_phase_profile"": 149, ""source_phase_profile_going"": 149, ""track_distance"": 9, ""track_distance_going"": 9, ""track_distance_going_rail"": 1, ""track_phase_profile_going"": 56}",2024-03-16
expected-tempo-targets-v2.0-walk-forward,2024-03-16|caulfield|10,2024-03-16,racing-com-rv-authorised,VIC,caulfield,10,1200,good,out_4_6m,listed,,10,1.0,-1.168020583483871,-0.2388821439812981,0.6836054994695203,slow,slow_early,24.505,22.31,23.22,0.30393299999999746,0.35582399999999764,0.5485620000000014,track_distance_going,15,"{""source_distance"": 44, ""source_distance_going"": 44, ""source_phase_profile"": 149, ""source_phase_profile_going"": 149, ""track_distance"": 15, ""track_distance_going"": 15, ""track_distance_going_rail"": 3, ""track_phase_profile_going"": 56}",2024-03-16
expected-tempo-targets-v2.0-walk-forward,2024-03-16|rosehill|1,2024-03-16,racing-com-nsw-authorised-v2,NSW,rosehill,1,1200,soft,true,,,11,0.9090909090909091,-3.3238927213553726,-1.6171929931827196,1.1809632114850024,slow,sprint_home,24.209814814814816,22.76425925925926,23.40555555555555,0.6559132222222195,0.4240314814814842,0.9192119999999993,source_distance_going,7,"{""source_distance"": 13, ""source_distance_going"": 7, ""source_phase_profile"": 33, ""source_phase_profile_going"": 14, ""track_distance"": 3, ""track_distance_going"": 0, ""track_distance_going_rail"": 0, ""track_phase_profile_going"": 3}",2024-03-16
expected-tempo-targets-v2.0-walk-forward,2024-03-16|rosehill|3,2024-03-16,racing-com-nsw-authorised-v2,NSW,rosehill,3,1200,soft,true,,,9,1.0,-1.1437262731853062,-1.6643593024626813,0.680534583486237,slow,slow_early,24.209814814814816,22.76425925925926,23.40555555555555,0.6559132222222195,0.4240314814814842,0.9192119999999993,source_distance_going,7,"{""source_distance"": 13, ""source_distance_going"": 7, ""source_phase_profile"": 33, ""source_phase_profile_going"": 14, ""track_distance"": 3, ""track_distance_going"": 0, ""track_distance_going_rail"": 0, ""track_phase_profile_going"": 3}",2024-03-16
expected-tempo-targets-v2.0-walk-forward,2024-03-16|rosehill|4,2024-03-16,racing-com-nsw-authorised-v2,NSW,rosehill,4,1200,soft,true,,,11,1.0,-1.43339873832678,-1.287028828222921,0.5499879848778664,slow,very_slow_early,24.209814814814816,22.76425925925926,23.40555555555555,0.6559132222222195,0.4240314814814842,0.9192119999999993,source_distance_going,7,"{""source_distance"": 13, ""source_distance_going"": 7, ""source_phase_profile"": 33, ""source_phase_profile_going"": 14, ""track_distance"": 3, ""track_distance_going"": 0, ""track_distance_going_rail"": 0, ""track_phase_profile_going"": 3}",2024-03-16
expected-tempo-targets-v2.0-walk-forward,2024-03-16|rosehill|10,2024-03-16,racing-com-nsw-authorised-v2,NSW,rosehill,10,1400,soft,true,,,9,1.0,0.29459465420681114,0.039134276147112027,0.5311956996148519,even,even,24.049074074074078,22.99888888888889,23.14111111111111,0.6078659999999971,0.4826686666666703,0.8115862222222211,source_distance_going,7,"{""source_distance"": 14, ""source_distance_going"": 7, ""source_phase_profile"": 33, ""source_phase_profile_going"": 14, ""track_distance"": 7, ""track_distance_going"": 3, ""track_distance_going_rail"": 3, ""track_phase_profile_going"": 3}",2024-03-16
expected-tempo-targets-v2.0-walk-forward,2024-03-23|rosehill|1,2024-03-23,racing-com-nsw-authorised-v2,NSW,rosehill,1,1500,good,out_1_3m,,,15,0.6,-3.8060549999036293,-4.0,-1.003893223407013,slow,very_slow_early,23.03,22.65,23.270000000000003,0.8302560000000033,0.2742809999999981,0.6375180000000048,track_phase_profile_going,11,"{""source_distance"": 2, ""source_distance_going"": 2, ""source_phase_profile"": 37, ""source_phase_profile_going"": 19, ""track_distance"": 2, ""track_distance_going"": 2, ""track_distance_going_rail"": 0, ""track_phase_profile_going"": 11}",2024-03-23
expected-tempo-targets-v2.0-walk-forward,2024-03-23|rosehill|4,2024-03-23,racing-com-nsw-authorised-v2,NSW,rosehill,4,1200,good,out_1_3m,,,12,0.9166666666666666,-3.781966044208037,-3.062552637623493,-3.1999096496098622,slow,very_slow_early,23.03,22.65,23.270000000000003,0.8302560000000033,0.2742809999999981,0.6375180000000048,track_phase_profile_going,11,"{""source_distance"": 16, ""source_distance_going"": 6, ""source_phase_profile"": 37, ""source_phase_profile_going"": 19, ""track_distance"": 6, ""track_distance_going"": 3, ""track_distance_going_rail"": 1, ""track_phase_profile_going"": 11}",2024-03-23
expected-tempo-targets-v2.0-walk-forward,2024-03-23|rosehill|7,2024-03-23,racing-com-nsw-authorised-v2,NSW,rosehill,7,1500,good,out_1_3m,,,18,0.8333333333333334,-2.0475612341253693,-3.609437037199109,-3.231281312841331,slow,very_slow_early,23.03,22.65,23.270000000000003,0.8302560000000033,0.2742809999999981,0.6375180000000048,track_phase_profile_going,11,"{""source_distance"": 2, ""source_distance_going"": 2, ""source_phase_profile"": 37, ""source_phase_profile_going"": 19, ""track_distance"": 2, ""track_distance_going"": 2, ""track_distance_going_rail"": 0, ""track_phase_profile_going"": 11}",2024-03-23
expected-tempo-targets-v2.0-walk-forward,2024-03-23|rosehill|8,2024-03-23,racing-com-nsw-authorised-v2,NSW,rosehill,8,1200,good,out_1_3m,,,16,0.75,4.0,0.218753759830231,-1.5685831615734598,very_fast_or_collapse,pace_collapse,23.03,22.65,23.270000000000003,0.8302560000000033,0.2742809999999981,0.6375180000000048,track_phase_profile_going,11,"{""source_distance"": 16, ""source_distance_going"": 6, ""source_phase_profile"": 37, ""source_phase_profile_going"": 19, ""track_distance"": 6, ""track_distance_going"": 3, ""track_distance_going_rail"": 1, ""track_phase_profile_going"": 11}",2024-03-23
expected-tempo-targets-v2.0-walk-forward,2024-03-23|the-valley|1,2024-03-23,racing-com-rv-authorised,VIC,the-valley,1,2040,good,true,,,8,1.0,-0.8319708403042034,0.12900837142345703,-0.7720485935344039,slow,slow_early,62.90448979591837,23.53841836734694,24.112142857142857,19.18998771428572,0.4140689999999988,0.8974268571428569,track_distance_going_rail,8,"{""source_distance"": 8, ""source_distance_going"": 8, ""source_phase_profile"": 157, ""source_phase_profile_going"": 157, ""track_distance"": 8, ""track_distance_going"": 8, ""track_distance_going_rail"": 8, ""track_phase_profile_going"": 38}",2024-03-23
expected-tempo-targets-v2.0-walk-forward,2024-03-23|the-valley|2,2024-03-23,racing-com-rv-authorised,VIC,the-valley,2,1200,good,true,,,7,1.0,0.8773451232289577,-1.2841266382342817,-1.0057671944407585,very_fast_or_collapse,pace_collapse,24.4825,22.675,23.637500000000003,0.49296449999999936,0.3854760000000023,0.8376690000000019,track_distance_going_rail,14,"{""source_distance"": 47, ""source_distance_going"": 47, ""source_phase_profile"": 157, ""source_phase_profile_going"": 157, ""track_distance"": 16, ""track_distance_going"": 16, ""track_distance_going_rail"": 14, ""track_phase_profile_going"": 38}",2024-03-23
expected-tempo-targets-v2.0-walk-forward,2024-03-23|the-valley|3,2024-03-23,racing-com-rv-authorised,VIC,the-valley,3,2500,good,true,,,10,1.0,-1.7168983600110324,-0.8212916894803242,-1.9830028328611884,slow,very_slow_early,48.540000000000006,23.3425,23.915,35.53792200000001,0.6301049999999984,0.7413,track_phase_profile_going,38,"{""source_distance"": 1, ""source_distance_going"": 1, ""source_phase_profile"": 157, ""source_phase_profile_going"": 157, ""track_distance"": 1, ""track_distance_going"": 1, ""track_distance_going_rail"": 1, ""track_phase_profile_going"": 38}",2024-03-23
expected-tempo-targets-v2.0-walk-forward,2024-03-23|the-valley|5,2024-03-23,racing-com-rv-authorised,VIC,the-valley,5,1600,good,true,,,8,1.0,0.31371663231470526,-0.7664667721324985,-0.682333675284461,even,even,48.730000000000004,23.59,24.25,0.637517999999989,0.3261719999999983,0.6375179999999996,track_distance_going_rail,13,"{""source_distance"": 41, ""source_distance_going"": 41, ""source_phase_profile"": 157, ""source_phase_profile_going"": 157, ""track_distance"": 13, ""track_distance_going"": 13, ""track_distance_going_rail"": 13, ""track_phase_profile_going"": 38}",2024-03-23
expected-tempo-targets-v2.0-walk-forward,2024-03-23|the-valley|6,2024-03-23,racing-com-rv-authorised,VIC,the-valley,6,1600,good,true,,,7,1.0,-2.5254188901333405,2.54466968347989,-0.15685831615735005,slow,very_slow_early,48.730000000000004,23.59,24.25,0.637517999999989,0.3261719999999983,0.6375179999999996,track_distance_going_rail,13,"{""source_distance"": 41, ""source_distance_going"": 41, ""source_phase_profile"": 157, ""source_phase_profile_going"": 157, ""track_distance"": 13, ""track_distance_going"": 13, ""track_distance_going_rail"": 13, ""track_phase_profile_going"": 38}",2024-03-23
expected-tempo-targets-v2.0-walk-forward,2024-03-23|the-valley|7,2024-03-23,racing-com-rv-authorised,VIC,the-valley,7,2040,good,true,,,14,1.0,-0.7350452962291883,-0.6679602497483749,-1.8362021703957399,slow,slow_early,62.90448979591837,23.53841836734694,24.112142857142857,19.18998771428572,0.4140689999999988,0.8974268571428569,track_distance_going_rail,8,"{""source_distance"": 8, ""source_distance_going"": 8, ""source_phase_profile"": 157, ""source_phase_profile_going"": 157, ""track_distance"": 8, ""track_distance_going"": 8, ""track_distance_going_rail"": 8, ""track_phase_profile_going"": 38}",2024-03-23
expected-tempo-targets-v2.0-walk-forward,2024-03-23|the-valley|8,2024-03-23,racing-com-rv-authorised,VIC,the-valley,8,1200,good,true,,,10,1.0,0.6846334776642183,1.2322427336591606,-0.5282516125104241,fast,fast_early,24.4825,22.675,23.637500000000003,0.49296449999999936,0.3854760000000023,0.8376690000000019,track_distance_going_rail,14,"{""source_distance"": 47, ""source_distance_going"": 47, ""source_phase_profile"": 157, ""source_phase_profile_going"": 157, ""track_distance"": 16, ""track_distance_going"": 16, ""track_distance_going_rail"": 14, ""track_phase_profile_going"": 38}",2024-03-23
expected-tempo-targets-v2.0-walk-forward,2024-03-23|the-valley|9,2024-03-23,racing-com-rv-authorised,VIC,the-valley,9,1200,good,true,,,14,1.0,0.7860606595403996,0.3502163558820802,-1.4176243838556684,very_fast_or_collapse,pace_collapse,24.4825,22.675,23.637500000000003,0.49296449999999936,0.3854760000000023,0.8376690000000019,track_distance_going_rail,14,"{""source_distance"": 47, ""source_distance_going"": 47, ""source_phase_profile"": 157, ""source_phase_profile_going"": 157, ""track_distance"": 16, ""track_distance_going"": 16, ""track_distance_going_rail"": 14, ""track_phase_profile_going"": 38}",2024-03-23
expected-tempo-targets-v2.0-walk-forward,2024-03-23|the-valley|10,2024-03-23,racing-com-rv-authorised,VIC,the-valley,10,1200,good,true,,,10,1.0,-0.8063460959156316,-0.5707229503263433,-0.1163944230955143,slow,slow_early,24.4825,22.675,23.637500000000003,0.49296449999999936,0.3854760000000023,0.8376690000000019,track_distance_going_rail,14,"{""source_distance"": 47, ""source_distance_going"": 47, ""source_phase_profile"": 157, ""source_phase_profile_going"": 157, ""track_distance"": 16, ""track_distance_going"": 16, ""track_distance_going_rail"": 14, ""track_phase_profile_going"": 38}",2024-03-23
expected-tempo-targets-v2.0-walk-forward,2024-03-30|flemington|1,2024-03-30,racing-com-rv-authorised,VIC,flemington,1,1100,good,true,handicap_unspecified,,10,1.0,0.7095642789693943,0.792982379384665,0.04195397068514675,fast,sustained_high_pressure,19.578000000000003,21.644000000000002,23.436,0.3706499999999989,0.2194247999999985,0.6197267999999999,track_distance_going_rail,5,"{""source_distance"": 24, ""source_distance_going"": 24, ""source_phase_profile"": 24, ""source_phase_profile_going"": 24, ""track_distance"": 11, ""track_distance_going"": 11, ""track_distance_going_rail"": 5, ""track_phase_profile_going"": 11}",2024-03-30
expected-tempo-targets-v2.0-walk-forward,2024-03-30|flemington|2,2024-03-30,racing-com-rv-authorised,VIC,flemington,2,1100,good,true,benchmark,,18,1.0,0.021583704303258316,0.33724537973830726,0.7922846002464308,even,even,19.578000000000003,21.644000000000002,23.436,0.3706499999999989,0.2194247999999985,0.6197267999999999,track_distance_going_rail,5,"{""source_distance"": 24, ""source_distance_going"": 24, ""source_phase_profile"": 24, ""source_phase_profile_going"": 24, ""track_distance"": 11, ""track_distance_going"": 11, ""track_distance_going_rail"": 5, ""track_phase_profile_going"": 11}",2024-03-30
expected-tempo-targets-v2.0-walk-forward,2024-03-30|flemington|3,2024-03-30,racing-com-rv-authorised,VIC,flemington,3,1600,good,true,handicap_unspecified,,10,1.0,0.21583704303251355,0.053531012656869985,0.9621412304298483,even,even,50.78,22.93,23.41,0.9266249999999999,0.4670189999999966,0.5040839999999998,track_distance_going,15,"{""source_distance"": 43, ""source_distance_going"": 43, ""source_phase_profile"": 166, ""source_phase_profile_going"": 166, ""track_distance"": 15, ""track_distance_going"": 15, ""track_distance_going_rail"": 4, ""track_phase_profile_going"": 55}",2024-03-30
expected-tempo-targets-v2.0-walk-forward,2024-03-30|flemington|4,2024-03-30,racing-com-rv-authorised,VIC,flemington,4,1200,good,true,group,3,9,1.0,0.12806786572340423,-0.9442870632672276,0.12263468354119715,even,even,25.275,21.76,23.3,0.585626999999994,0.37065,0.3261719999999983,track_distance_going,13,"{""source_distance"": 51, ""source_distance_going"": 51, ""source_phase_profile"": 166, ""source_phase_profile_going"": 166, ""track_distance"": 13, ""track_distance_going"": 13, ""track_distance_going_rail"": 3, ""track_phase_profile_going"": 55}",2024-03-30
expected-tempo-targets-v2.0-walk-forward,2024-03-30|flemington|5,2024-03-30,racing-com-rv-authorised,VIC,flemington,5,1000,good,true,listed,,9,1.0,-0.7257179057659422,1.6887415701228257,0.8488112023367581,slow,slow_early,13.695000000000004,21.754399999999997,22.9812,0.3513762000000008,0.3578996400000025,0.6493788000000004,track_distance_going,5,"{""source_distance"": 15, ""source_distance_going"": 15, ""source_phase_profile"": 15, ""source_phase_profile_going"": 15, ""track_distance"": 5, ""track_distance_going"": 5, ""track_distance_going_rail"": 1, ""track_phase_profile_going"": 5}",2024-03-30
expected-tempo-targets-v2.0-walk-forward,2024-03-30|flemington|6,2024-03-30,racing-com-rv-authorised,VIC,flemington,6,2000,good,true,benchmark,,12,1.0,-2.06998147483927,-0.801318081771346,0.19849878206818763,slow,very_slow_early,48.48428571428572,22.93857142857143,23.740000000000002,13.299981000000008,0.6195149999999978,0.7052940000000012,track_distance_going,8,"{""source_distance"": 15, ""source_distance_going"": 15, ""source_phase_profile"": 166, ""source_phase_profile_going"": 166, ""track_distance"": 8, ""track_distance_going"": 8, ""track_distance_going_rail"": 2, ""track_phase_profile_going"": 55}",2024-03-30
expected-tempo-targets-v2.0-walk-forward,2024-03-30|flemington|7,2024-03-30,racing-com-rv-authorised,VIC,flemington,7,1100,good,true,listed,,15,1.0,0.7500337245379821,2.6615040779347057,1.074667095242614,very_fast_or_collapse,sustained_high_pressure,19.578000000000003,21.644000000000002,23.436,0.3706499999999989,0.2194247999999985,0.6197267999999999,track_distance_going_rail,5,"{""source_distance"": 24, ""source_distance_going"": 24, ""source_phase_profile"": 24, ""source_phase_profile_going"": 24, ""track_distance"": 11, ""track_distance_going"": 11, ""track_distance_going_rail"": 5, ""track_phase_profile_going"": 11}",2024-03-30
expected-tempo-targets-v2.0-walk-forward,2024-03-30|flemington|8,2024-03-30,racing-com-rv-authorised,VIC,flemington,8,2000,good,true,group,1,9,1.0,-1.8951691950322533,-0.05073092891789603,-1.3327775367435368,slow,very_slow_early,48.48428571428572,22.93857142857143,23.740000000000002,13.299981000000008,0.6195149999999978,0.7052940000000012,track_distance_going,8,"{""source_distance"": 15, ""source_distance_going"": 15, ""source_phase_profile"": 166, ""source_phase_profile_going"": 166, ""track_distance"": 8, ""track_distance_going"": 8, ""track_distance_going_rail"": 2, ""track_phase_profile_going"": 55}",2024-03-30
expected-tempo-targets-v2.0-walk-forward,2024-03-30|flemington|10,2024-03-30,racing-com-rv-authorised,VIC,flemington,10,1400,good,true,benchmark,,15,1.0,0.5264159022220826,0.9467158371948409,0.5234853655639304,fast,sustained_high_pressure,37.18827586206897,22.772586206896555,23.38793103448276,0.528623586206891,0.3407423793103459,0.5309241724137939,track_distance_going_rail,9,"{""source_distance"": 43, ""source_distance_going"": 43, ""source_phase_profile"": 166, ""source_phase_profile_going"": 166, ""track_distance"": 18, ""track_distance_going"": 18, ""track_distance_going_rail"": 9, ""track_phase_profile_going"": 55}",2024-03-30
expected-tempo-targets-v2.0-walk-forward,2024-03-30|rosehill|1,2024-03-30,racing-com-nsw-authorised-v2,NSW,rosehill,1,1300,good,out_7m_plus,,,14,0.5714285714285714,-0.4168436681237334,-3.187771803716752,-2.9558565635886103,even,even,23.07,22.75,23.52,2.386985999999999,0.6226920000000025,1.0081679999999995,track_phase_profile_going,15,"{""source_distance"": 3, ""source_distance_going"": 3, ""source_phase_profile"": 41, ""source_phase_profile_going"": 23, ""track_distance"": 2, ""track_distance_going"": 2, ""track_distance_going_rail"": 0, ""track_phase_profile_going"": 15}",2024-03-30
expected-tempo-targets-v2.0-walk-forward,2024-03-30|rosehill|2,2024-03-30,racing-com-nsw-authorised-v2,NSW,rosehill,2,2000,good,out_7m_plus,,,10,0.4,-1.5877763841095007,-2.681903734109311,-1.2696296648971186,slow,very_slow_early,23.07,22.75,23.52,2.386985999999999,0.6226920000000025,1.0081679999999995,track_phase_profile_going,15,"{""source_distance"": 0, ""source_distance_going"": 0, ""source_phase_profile"": 41, ""source_phase_profile_going"": 23, ""track_distance"": 0, ""track_distance_going"": 0, ""track_distance_going_rail"": 0, ""track_phase_profile_going"": 15}",2024-03-30
expected-tempo-targets-v2.0-walk-forward,2024-03-30|rosehill|3,2024-03-30,racing-com-nsw-authorised-v2,NSW,rosehill,3,1400,good,out_7m_plus,,,12,0.6666666666666666,-1.4977046367259803,-2.714022341703434,-1.1654803564485297,slow,very_slow_early,23.07,22.75,23.52,2.386985999999999,0.6226920000000025,1.0081679999999995,track_phase_profile_going,15,"{""source_distance"": 15, ""source_distance_going"": 7, ""source_phase_profile"": 41, ""source_phase_profile_going"": 23, ""track_distance"": 8, ""track_distance_going"": 4, ""track_distance_going_rail"": 0, ""track_phase_profile_going"": 15}",2024-03-30
expected-tempo-targets-v2.0-walk-forward,2024-03-30|rosehill|5,2024-03-30,racing-com-nsw-authorised-v2,NSW,rosehill,5,1500,good,out_7m_plus,,,12,0.5833333333333334,-0.7121952118696968,-1.766523417676792,-1.8945255155886729,slow,slow_early,23.07,22.75,23.52,2.386985999999999,0.6226920000000025,1.0081679999999995,track_phase_profile_going,15,"{""source_distance"": 4, ""source_distance_going"": 4, ""source_phase_profile"": 41, ""source_phase_profile_going"": 23, ""track_distance"": 4, ""track_distance_going"": 4, ""track_distance_going_rail"": 0, ""track_phase_profile_going"": 15}",2024-03-30
expected-tempo-targets-v2.0-walk-forward,2024-03-30|rosehill|6,2024-03-30,racing-com-nsw-authorised-v2,NSW,rosehill,6,1200,good,out_7m_plus,,,15,0.7333333333333333,-1.9584611208898737,-3.75443580912735,-2.3228139987738663,slow,very_slow_early,23.401,22.718,23.52,2.3380601999999993,0.5811792000000033,1.0289243999999997,track_distance_going,5,"{""source_distance"": 18, ""source_distance_going"": 8, ""source_phase_profile"": 41, ""source_phase_profile_going"": 23, ""track_distance"": 8, ""track_distance_going"": 5, ""track_distance_going_rail"": 0, ""track_phase_profile_going"": 15}",2024-03-30
expected-tempo-targets-v2.0-walk-forward,2024-03-30|rosehill|7,2024-03-30,racing-com-nsw-authorised-v2,NSW,rosehill,7,2000,good,out_7m_plus,,,9,0.7777777777777778,-1.7218366592849732,-3.0030898100505388,-1.6465509716634539,slow,very_slow_early,23.07,22.75,23.52,2.386985999999999,0.6226920000000025,1.0081679999999995,track_phase_profile_going,15,"{""source_distance"": 0, ""source_distance_going"": 0, ""source_phase_profile"": 41, ""source_phase_profile_going"": 23, ""track_distance"": 0, ""track_distance_going"": 0, ""track_distance_going_rail"": 0, ""track_phase_profile_going"": 15}",2024-03-30
expected-tempo-targets-v2.0-walk-forward,2024-03-30|rosehill|9,2024-03-30,racing-com-nsw-authorised-v2,NSW,rosehill,9,1500,good,out_7m_plus,,,16,0.3125,-0.8169298018505361,-2.842496772079925,-1.011736139214893,slow,slow_early,23.07,22.75,23.52,2.386985999999999,0.6226920000000025,1.0081679999999995,track_phase_profile_going,15,"{""source_distance"": 4, ""source_distance_going"": 4, ""source_phase_profile"": 41, ""source_phase_profile_going"": 23, ""track_distance"": 4, ""track_distance_going"": 4, ""track_distance_going_rail"": 0, ""track_phase_profile_going"": 15}",2024-03-30
expected-tempo-targets-v2.0-walk-forward,2024-04-06|caulfield|4,2024-04-06,racing-com-rv-authorised,VIC,caulfield,4,1200,soft,true,handicap_unspecified,,13,1.0,-1.4288554246806853,-0.7855833551550878,0.06323350870093314,slow,very_slow_early,24.5075,22.3125,23.2875,0.2816939999999992,0.3150525000000005,0.5930400000000005,track_distance,18,"{""source_distance"": 52, ""source_distance_going"": 0, ""source_phase_profile"": 171, ""source_phase_profile_going"": 0, ""track_distance"": 18, ""track_distance_going"": 0, ""track_distance_going_rail"": 0, ""track_phase_profile_going"": 0}",2024-04-06
expected-tempo-targets-v2.0-walk-forward,2024-04-13|randwick|2,2024-04-13,racing-com-nsw-authorised-v2,NSW,randwick,2,1400,soft,out_7m_plus,,,15,0.6666666666666666,3.0597353543529113,-2.2828918013053516,-0.3760092164898252,very_fast_or_collapse,very_fast_early,24.335,22.740000000000002,23.13,0.815430000000001,0.3854760000000076,1.2898620000000014,track_phase_profile_going,11,"{""source_distance"": 16, ""source_distance_going"": 8, ""source_phase_profile"": 48, ""source_phase_profile_going"": 18, ""track_distance"": 7, ""track_distance_going"": 4, ""track_distance_going_rail"": 1, ""track_phase_profile_going"": 11}",2024-04-13
expected-tempo-targets-v2.0-walk-forward,2024-04-13|randwick|3,2024-04-13,racing-com-nsw-authorised-v2,NSW,randwick,3,1400,soft,out_7m_plus,,,15,0.8666666666666667,2.998418012582315,-1.0895619960775507,-0.8528044085336263,very_fast_or_collapse,pace_collapse,24.335,22.740000000000002,23.13,0.815430000000001,0.3854760000000076,1.2898620000000014,track_phase_profile_going,11,"{""source_distance"": 16, ""source_distance_going"": 8, ""source_phase_profile"": 48, ""source_phase_profile_going"": 18, ""track_distance"": 7, ""track_distance_going"": 4, ""track_distance_going_rail"": 1, ""track_phase_profile_going"": 11}",2024-04-13
expected-tempo-targets-v2.0-walk-forward,2024-04-13|randwick|4,2024-04-13,racing-com-nsw-authorised-v2,NSW,randwick,4,1200,good,out_7m_plus,,,15,0.6,-0.07827608246892447,0.5011625376793324,0.14467636188288638,even,even,24.082709359605914,22.92987684729064,23.40667487684729,2.009434241379312,0.6582232758620697,1.2211730689655171,track_phase_profile_going,8,"{""source_distance"": 19, ""source_distance_going"": 9, ""source_phase_profile"": 48, ""source_phase_profile_going"": 30, ""track_distance"": 10, ""track_distance_going"": 3, ""track_distance_going_rail"": 1, ""track_phase_profile_going"": 8}",2024-04-13
expected-tempo-targets-v2.0-walk-forward,2024-04-13|randwick|5,2024-04-13,racing-com-nsw-authorised-v2,NSW,randwick,5,1200,good,out_7m_plus,,,12,0.8333333333333334,-0.1927361604668592,1.4203035376806417,0.23475368408684427,even,even,24.082709359605914,22.92987684729064,23.40667487684729,2.009434241379312,0.6582232758620697,1.2211730689655171,track_phase_profile_going,8,"{""source_distance"": 19, ""source_distance_going"": 9, ""source_phase_profile"": 48, ""source_phase_profile_going"": 30, ""track_distance"": 10, ""track_distance_going"": 3, ""track_distance_going_rail"": 1, ""track_phase_profile_going"": 8}",2024-04-13
expected-tempo-targets-v2.0-walk-forward,2024-04-13|randwick|8,2024-04-13,racing-com-nsw-authorised-v2,NSW,randwick,8,2000,good,out_7m_plus,,,9,1.0,-0.33336696972562396,-0.5406423986466103,-0.5400748172395264,even,even,23.974642857142857,22.912142857142857,23.409999999999997,2.0258670000000016,0.6804075000000004,1.1850209999999994,track_phase_profile_going,8,"{""source_distance"": 2, ""source_distance_going"": 2, ""source_phase_profile"": 48, ""source_phase_profile_going"": 30, ""track_distance"": 0, ""track_distance_going"": 0, ""track_distance_going_rail"": 0, ""track_phase_profile_going"": 8}",2024-04-13
expected-tempo-targets-v2.0-walk-forward,2024-04-13|randwick|10,2024-04-13,racing-com-nsw-authorised-v2,NSW,randwick,10,1200,good,out_7m_plus,,,14,0.9285714285714286,-0.3967736908110066,1.1696287194984678,0.6687626001604459,even,even,24.082709359605914,22.92987684729064,23.40667487684729,2.009434241379312,0.6582232758620697,1.2211730689655171,track_phase_profile_going,8,"{""source_distance"": 19, ""source_distance_going"": 9, ""source_phase_profile"": 48, ""source_phase_profile_going"": 30, ""track_distance"": 10, ""track_distance_going"": 3, ""track_distance_going_rail"": 1, ""track_phase_profile_going"": 8}",2024-04-13
expected-tempo-targets-v2.0-walk-forward,2024-04-20|randwick|8,2024-04-20,racing-com-nsw-authorised-v2,NSW,randwick,8,1400,heavy,out_7m_plus,,,13,1.0,-0.8544142448654306,-3.0781835308294925,-4.0,slow,slow_early,23.01603448275862,23.032758620689656,23.278275862068966,1.1633297586206912,0.4734095172413756,0.683529724137931,track_distance,9,"{""source_distance"": 18, ""source_distance_going"": 0, ""source_phase_profile"": 54, ""source_phase_profile_going"": 0, ""track_distance"": 9, ""track_distance_going"": 0, ""track_distance_going_rail"": 0, ""track_phase_profile_going"": 0}",2024-04-20
expected-tempo-targets-v2.0-walk-forward,2024-04-27|caulfield|1,2024-04-27,racing-com-rv-authorised,VIC,caulfield,1,1200,good,out_4_6m,benchmark,,14,1.0,-2.7516500826629473,-0.9370603765585608,0.6422468109747798,slow,very_slow_early,24.490192307692304,22.31076923076923,23.32038461538461,0.2543229230769229,0.31932923076923103,0.5844865384615388,track_distance_going_rail,6,"{""source_distance"": 53, ""source_distance_going"": 52, ""source_phase_profile"": 172, ""source_phase_profile_going"": 171, ""track_distance"": 19, ""track_distance_going"": 18, ""track_distance_going_rail"": 6, ""track_phase_profile_going"": 64}",2024-04-27
expected-tempo-targets-v2.0-walk-forward,2024-04-27|caulfield|2,2024-04-27,racing-com-rv-authorised,VIC,caulfield,2,1800,good,out_4_6m,benchmark,,13,1.0,-1.4280351789609085,-0.6200963433897709,-0.7813407807798182,slow,very_slow_early,37.0725,23.0925,23.485,18.2470995,0.6894089999999997,0.7487130000000011,track_phase_profile_going,64,"{""source_distance"": 2, ""source_distance_going"": 2, ""source_phase_profile"": 172, ""source_phase_profile_going"": 171, ""track_distance"": 1, ""track_distance_going"": 1, ""track_distance_going_rail"": 1, ""track_phase_profile_going"": 64}",2024-04-27
expected-tempo-targets-v2.0-walk-forward,2024-04-27|caulfield|3,2024-04-27,racing-com-rv-authorised,VIC,caulfield,3,1600,good,out_4_6m,unclassified,,8,1.0,-0.22818208032751372,-2.2152392590652403,1.6210587093700848,even,even,50.370000000000005,23.480000000000004,24.090000000000003,1.2928271999999998,0.30245040000000406,0.6137964000000001,track_distance_going_rail,5,"{""source_distance"": 44, ""source_distance_going"": 44, ""source_phase_profile"": 172, ""source_phase_profile_going"": 171, ""track_distance"": 13, ""track_distance_going"": 13, ""track_distance_going_rail"": 5, ""track_phase_profile_going"": 64}",2024-04-27
expected-tempo-targets-v2.0-walk-forward,2024-04-27|caulfield|4,2024-04-27,racing-com-rv-authorised,VIC,caulfield,4,1400,good,out_4_6m,unclassified,,10,1.0,-0.489289576626503,-0.23843758622487884,0.16142352511827046,even,even,37.10666666666667,23.194814814814812,23.303703703703704,0.6199464444444431,0.39920377777778104,0.45658588888888874,track_distance_going_rail,7,"{""source_distance"": 44, ""source_distance_going"": 44, ""source_phase_profile"": 172, ""source_phase_profile_going"": 171, ""track_distance"": 25, ""track_distance_going"": 25, ""track_distance_going_rail"": 7, ""track_phase_profile_going"": 64}",2024-04-27
expected-tempo-targets-v2.0-walk-forward,2024-04-27|caulfield|5,2024-04-27,racing-com-rv-authorised,VIC,caulfield,5,2000,good,out_4_6m,unclassified,,8,1.0,-2.0183923531914876,-0.3481712559717232,-0.99648739964733,slow,very_slow_early,47.40851851851852,23.2137037037037,23.644444444444446,13.816184666666667,0.6355961111111106,0.7833070000000003,track_distance_going,7,"{""source_distance"": 17, ""source_distance_going"": 17, ""source_phase_profile"": 172, ""source_phase_profile_going"": 171, ""track_distance"": 7, ""track_distance_going"": 7, ""track_distance_going_rail"": 2, ""track_phase_profile_going"": 64}",2024-04-27
expected-tempo-targets-v2.0-walk-forward,2024-04-27|caulfield|6,2024-04-27,racing-com-rv-authorised,VIC,caulfield,6,1600,good,out_4_6m,unclassified,,12,1.0,0.0,-1.6696952624297692,0.35842504126775976,even,even,50.370000000000005,23.480000000000004,24.090000000000003,1.2928271999999998,0.30245040000000406,0.6137964000000001,track_distance_going_rail,5,"{""source_distance"": 44, ""source_distance_going"": 44, ""source_phase_profile"": 172, ""source_phase_profile_going"": 171, ""track_distance"": 13, ""track_distance_going"": 13, ""track_distance_going_rail"": 5, ""track_phase_profile_going"": 64}",2024-04-27
expected-tempo-targets-v2.0-walk-forward,2024-04-27|caulfield|7,2024-04-27,racing-com-rv-authorised,VIC,caulfield,7,1200,good,out_4_6m,unclassified,,9,1.0,0.8264780270267963,-0.27943188606887837,0.03487610756317215,fast,fast_early,24.490192307692304,22.31076923076923,23.32038461538461,0.2543229230769229,0.31932923076923103,0.5844865384615388,track_distance_going_rail,6,"{""source_distance"": 53, ""source_distance_going"": 52, ""source_phase_profile"": 172, ""source_phase_profile_going"": 171, ""track_distance"": 19, ""track_distance_going"": 18, ""track_distance_going_rail"": 6, ""track_phase_profile_going"": 64}",2024-04-27
expected-tempo-targets-v2.0-walk-forward,2024-04-27|caulfield|8,2024-04-27,racing-com-rv-authorised,VIC,caulfield,8,1200,good,out_4_6m,unclassified,,13,1.0,-0.07788402267500856,-1.1249542309841907,-1.4878279094405755,even,even,24.490192307692304,22.31076923076923,23.32038461538461,0.2543229230769229,0.31932923076923103,0.5844865384615388,track_distance_going_rail,6,"{""source_distance"": 53, ""source_distance_going"": 52, ""source_phase_profile"": 172, ""source_phase_profile_going"": 171, ""track_distance"": 19, ""track_distance_going"": 18, ""track_distance_going_rail"": 6, ""track_phase_profile_going"": 64}",2024-04-27
expected-tempo-targets-v2.0-walk-forward,2024-04-27|caulfield|9,2024-04-27,racing-com-rv-authorised,VIC,caulfield,9,1200,good,out_4_6m,unclassified,,7,1.0,-2.1225286567834316,-0.31074752847315373,0.4797109889350559,slow,very_slow_early,24.490192307692304,22.31076923076923,23.32038461538461,0.2543229230769229,0.31932923076923103,0.5844865384615388,track_distance_going_rail,6,"{""source_distance"": 53, ""source_distance_going"": 52, ""source_phase_profile"": 172, ""source_phase_profile_going"": 171, ""track_distance"": 19, ""track_distance_going"": 18, ""track_distance_going_rail"": 6, ""track_phase_profile_going"": 64}",2024-04-27
expected-tempo-targets-v2.0-walk-forward,2024-04-27|caulfield|10,2024-04-27,racing-com-rv-authorised,VIC,caulfield,10,1400,good,out_4_6m,handicap_unspecified,,14,1.0,-3.0298316091103223,1.1267799551366133,0.8184740544941497,slow,sprint_home,37.10666666666667,23.194814814814812,23.303703703703704,0.6199464444444431,0.39920377777778104,0.45658588888888874,track_distance_going_rail,7,"{""source_distance"": 44, ""source_distance_going"": 44, ""source_phase_profile"": 172, ""source_phase_profile_going"": 171, ""track_distance"": 25, ""track_distance_going"": 25, ""track_distance_going_rail"": 7, ""track_phase_profile_going"": 64}",2024-04-27
expected-tempo-targets-v2.0-walk-forward,2024-04-27|rosehill|5,2024-04-27,racing-com-nsw-authorised-v2,NSW,rosehill,5,1300,good,true,,,10,1.0,-0.10510219096231375,-0.352436613059841,1.3214512838725136,even,even,24.7025,23.37,23.83,2.4499964999999997,1.2342645000000019,1.452947999999998,track_phase_profile_going,22,"{""source_distance"": 4, ""source_distance_going"": 4, ""source_phase_profile"": 55, ""source_phase_profile_going"": 34, ""track_distance"": 3, ""track_distance_going"": 3, ""track_distance_going_rail"": 2, ""track_phase_profile_going"": 22}",2024-04-27
expected-tempo-targets-v2.0-walk-forward,2024-04-27|rosehill|6,2024-04-27,racing-com-nsw-authorised-v2,NSW,rosehill,6,1200,good,true,,,11,1.0,0.11761781012360606,0.4087197257119056,0.3787707015558072,even,even,24.714038461538465,23.256923076923076,23.845,2.4149273076923077,1.1179374230769257,1.5444700384615369,track_distance_going,6,"{""source_distance"": 22, ""source_distance_going"": 12, ""source_phase_profile"": 55, ""source_phase_profile_going"": 34, ""track_distance"": 9, ""track_distance_going"": 6, ""track_distance_going_rail"": 1, ""track_phase_profile_going"": 22}",2024-04-27
expected-tempo-targets-v2.0-walk-forward,2024-04-27|rosehill|10,2024-04-27,racing-com-nsw-authorised-v2,NSW,rosehill,10,1300,good,true,,,12,1.0,0.5193884970856085,-0.24711072869713036,0.9738820659789622,fast,fast_early,24.7025,23.37,23.83,2.4499964999999997,1.2342645000000019,1.452947999999998,track_phase_profile_going,22,"{""source_distance"": 4, ""source_distance_going"": 4, ""source_phase_profile"": 55, ""source_phase_profile_going"": 34, ""track_distance"": 3, ""track_distance_going"": 3, ""track_distance_going_rail"": 2, ""track_phase_profile_going"": 22}",2024-04-27
expected-tempo-targets-v2.0-walk-forward,2024-05-04|caulfield|1,2024-05-04,racing-com-rv-authorised,VIC,caulfield,1,1400,good,out_7m_plus,handicap_unspecified,,6,1.0,-2.8909186222629293,-1.1584764952842026,0.10407572549787153,slow,very_slow_early,36.947,23.105000000000004,23.247,0.5856270000000088,0.3884412000000049,0.49963619999999964,track_distance_going_rail,5,"{""source_distance"": 46, ""source_distance_going"": 46, ""source_phase_profile"": 182, ""source_phase_profile_going"": 181, ""track_distance"": 27, ""track_distance_going"": 27, ""track_distance_going_rail"": 5, ""track_phase_profile_going"": 74}",2024-05-04
expected-tempo-targets-v2.0-walk-forward,2024-05-04|caulfield|2,2024-05-04,racing-com-rv-authorised,VIC,caulfield,2,1100,good,out_7m_plus,benchmark,,8,1.0,-2.7498469424815304,-2.514011012594596,1.5876474799987594,slow,sprint_home,18.665,21.84,23.005,0.19273799999999852,0.3261719999999983,0.4818449999999989,track_distance_going,13,"{""source_distance"": 27, ""source_distance_going"": 27, ""source_phase_profile"": 27, ""source_phase_profile_going"": 27, ""track_distance"": 13, ""track_distance_going"": 13, ""track_distance_going_rail"": 2, ""track_phase_profile_going"": 13}",2024-05-04
expected-tempo-targets-v2.0-walk-forward,2024-05-04|caulfield|4,2024-05-04,racing-com-rv-authorised,VIC,caulfield,4,1100,good,out_7m_plus,handicap_unspecified,,10,1.0,-0.5188390457512384,-0.6285027531486544,0.4877087030061534,slow,slow_early,18.665,21.84,23.005,0.19273799999999852,0.3261719999999983,0.4818449999999989,track_distance_going,13,"{""source_distance"": 27, ""source_distance_going"": 27, ""source_phase_profile"": 27, ""source_phase_profile_going"": 27, ""track_distance"": 13, ""track_distance_going"": 13, ""track_distance_going_rail"": 2, ""track_phase_profile_going"": 13}",2024-05-04
expected-tempo-targets-v2.0-walk-forward,2024-05-04|caulfield|5,2024-05-04,racing-com-rv-authorised,VIC,caulfield,5,1000,good,out_7m_plus,benchmark,,9,1.0,-0.23698323981610148,0.5747834298148323,0.7582206468599034,even,even,13.5625,21.604999999999997,23.0375,0.4114214999999998,0.42624749999999945,0.5374424999999984,source_distance_going,16,"{""source_distance"": 16, ""source_distance_going"": 16, ""source_phase_profile"": 16, ""source_phase_profile_going"": 16, ""track_distance"": 3, ""track_distance_going"": 3, ""track_distance_going_rail"": 2, ""track_phase_profile_going"": 3}",2024-05-04
expected-tempo-targets-v2.0-walk-forward,2024-05-04|caulfield|6,2024-05-04,racing-com-rv-authorised,VIC,caulfield,6,1400,good,out_7m_plus,handicap_unspecified,,8,1.0,-0.7308406203948774,-0.5534943255246704,0.6844980407744655,slow,slow_early,36.947,23.105000000000004,23.247,0.5856270000000088,0.3884412000000049,0.49963619999999964,track_distance_going_rail,5,"{""source_distance"": 46, ""source_distance_going"": 46, ""source_phase_profile"": 182, ""source_phase_profile_going"": 181, ""track_distance"": 27, ""track_distance_going"": 27, ""track_distance_going_rail"": 5, ""track_phase_profile_going"": 74}",2024-05-04
expected-tempo-targets-v2.0-walk-forward,2024-05-04|caulfield|7,2024-05-04,racing-com-rv-authorised,VIC,caulfield,7,1600,good,out_7m_plus,benchmark,,8,1.0,-2.095739145516555,1.146634291110195,3.5169875315565644,slow,sprint_home,50.370000000000005,23.5,24.01,1.245384000000005,0.2965200000000042,0.4151279999999964,track_distance_going,15,"{""source_distance"": 46, ""source_distance_going"": 46, ""source_phase_profile"": 182, ""source_phase_profile_going"": 181, ""track_distance"": 15, ""track_distance_going"": 15, ""track_distance_going_rail"": 1, ""track_phase_profile_going"": 74}",2024-05-04
expected-tempo-targets-v2.0-walk-forward,2024-05-04|caulfield|8,2024-05-04,racing-com-rv-authorised,VIC,caulfield,8,2000,good,out_7m_plus,handicap_unspecified,,13,1.0,-1.9861816776759817,-1.7821463273489426,-1.243987821856066,slow,very_slow_early,48.44571428571428,23.208214285714284,23.66214285714286,13.475245499999994,0.5845679999999995,0.7619504999999984,track_distance_going,8,"{""source_distance"": 18, ""source_distance_going"": 18, ""source_phase_profile"": 182, ""source_phase_profile_going"": 181, ""track_distance"": 8, ""track_distance_going"": 8, ""track_distance_going_rail"": 1, ""track_phase_profile_going"": 74}",2024-05-04
expected-tempo-targets-v2.0-walk-forward,2024-05-04|caulfield|9,2024-05-04,racing-com-rv-authorised,VIC,caulfield,9,2000,good,out_7m_plus,benchmark,,7,1.0,-2.0819127721484354,-0.31097445341810803,0.3177934224636111,slow,very_slow_early,48.44571428571428,23.208214285714284,23.66214285714286,13.475245499999994,0.5845679999999995,0.7619504999999984,track_distance_going,8,"{""source_distance"": 18, ""source_distance_going"": 18, ""source_phase_profile"": 182, ""source_phase_profile_going"": 181, ""track_distance"": 8, ""track_distance_going"": 8, ""track_distance_going_rail"": 1, ""track_phase_profile_going"": 74}",2024-05-04
expected-tempo-targets-v2.0-walk-forward,2024-05-04|caulfield|10,2024-05-04,racing-com-rv-authorised,VIC,caulfield,10,1400,good,out_7m_plus,benchmark,,15,1.0,-1.473634241590614,0.8624213909338149,0.5143742587106411,slow,very_slow_early,36.947,23.105000000000004,23.247,0.5856270000000088,0.3884412000000049,0.49963619999999964,track_distance_going_rail,5,"{""source_distance"": 46, ""source_distance_going"": 46, ""source_phase_profile"": 182, ""source_phase_profile_going"": 181, ""track_distance"": 27, ""track_distance_going"": 27, ""track_distance_going_rail"": 5, ""track_phase_profile_going"": 74}",2024-05-04
expected-tempo-targets-v2.0-walk-forward,2024-05-11|caulfield|2,2024-05-11,racing-com-rv-authorised,VIC,caulfield,2,1400,soft,true,benchmark,,8,1.0,-2.382243959002454,-1.1485893367898434,-1.7304558009522475,slow,very_slow_early,37.16,23.177500000000002,23.2425,0.6968219999999983,0.5114970000000035,0.45219299999999957,track_distance,30,"{""source_distance"": 49, ""source_distance_going"": 0, ""source_phase_profile"": 188, ""source_phase_profile_going"": 1, ""track_distance"": 30, ""track_distance_going"": 0, ""track_distance_going_rail"": 0, ""track_phase_profile_going"": 1}",2024-05-11
expected-tempo-targets-v2.0-walk-forward,2024-05-11|caulfield|3,2024-05-11,racing-com-rv-authorised,VIC,caulfield,3,1400,soft,true,benchmark,,10,1.0,-3.0352084176446885,-3.1427359300249798,-0.5805043421724863,slow,very_slow_early,37.16,23.177500000000002,23.2425,0.6968219999999983,0.5114970000000035,0.45219299999999957,track_distance,30,"{""source_distance"": 49, ""source_distance_going"": 0, ""source_phase_profile"": 188, ""source_phase_profile_going"": 1, ""track_distance"": 30, ""track_distance_going"": 0, ""track_distance_going_rail"": 0, ""track_phase_profile_going"": 1}",2024-05-11
expected-tempo-targets-v2.0-walk-forward,2024-05-11|caulfield|4,2024-05-11,racing-com-rv-authorised,VIC,caulfield,4,1600,soft,true,handicap_unspecified,,10,1.0,-0.08115530528462025,-3.7518548495885877,-1.67360274009166,even,even,50.5175,23.490000000000002,23.97,1.386230999999998,0.35582399999999764,0.6931155000000017,track_distance,16,"{""source_distance"": 47, ""source_distance_going"": 0, ""source_phase_profile"": 188, ""source_phase_profile_going"": 1, ""track_distance"": 16, ""track_distance_going"": 0, ""track_distance_going_rail"": 0, ""track_phase_profile_going"": 1}",2024-05-11
expected-tempo-targets-v2.0-walk-forward,2024-05-11|caulfield|7,2024-05-11,racing-com-rv-authorised,VIC,caulfield,7,1400,soft,true,benchmark,,11,1.0,-0.8467011661514775,-2.2140892321948886,-4.0,slow,slow_early,37.16,23.177500000000002,23.2425,0.6968219999999983,0.5114970000000035,0.45219299999999957,track_distance,30,"{""source_distance"": 49, ""source_distance_going"": 0, ""source_phase_profile"": 188, ""source_phase_profile_going"": 1, ""track_distance"": 30, ""track_distance_going"": 0, ""track_distance_going_rail"": 0, ""track_phase_profile_going"": 1}",2024-05-11
expected-tempo-targets-v2.0-walk-forward,2024-05-11|caulfield|8,2024-05-11,racing-com-rv-authorised,VIC,caulfield,8,1400,soft,true,benchmark,,10,1.0,-0.5166312200246368,-1.2267911639755333,-4.0,slow,slow_early,37.16,23.177500000000002,23.2425,0.6968219999999983,0.5114970000000035,0.45219299999999957,track_distance,30,"{""source_distance"": 49, ""source_distance_going"": 0, ""source_phase_profile"": 188, ""source_phase_profile_going"": 1, ""track_distance"": 30, ""track_distance_going"": 0, ""track_distance_going_rail"": 0, ""track_phase_profile_going"": 1}",2024-05-11
expected-tempo-targets-v2.0-walk-forward,2024-05-11|caulfield|9,2024-05-11,racing-com-rv-authorised,VIC,caulfield,9,1600,soft,true,benchmark,,11,1.0,-1.5383438979506325,-1.3489815189531904,-1.8034512285470417,slow,very_slow_early,50.5175,23.490000000000002,23.97,1.386230999999998,0.35582399999999764,0.6931155000000017,track_distance,16,"{""source_distance"": 47, ""source_distance_going"": 0, ""source_phase_profile"": 188, ""source_phase_profile_going"": 1, ""track_distance"": 16, ""track_distance_going"": 0, ""track_distance_going_rail"": 0, ""track_phase_profile_going"": 1}",2024-05-11
expected-tempo-targets-v2.0-walk-forward,2024-05-11|caulfield|10,2024-05-11,racing-com-rv-authorised,VIC,caulfield,10,1200,soft,true,benchmark,,16,1.0,-1.5249356301209938,-1.8979856255039302,-2.107783623364358,slow,very_slow_early,24.51,22.365000000000002,23.25,0.34099800000000063,0.3187589999999945,0.4744320000000004,track_distance,23,"{""source_distance"": 57, ""source_distance_going"": 1, ""source_phase_profile"": 188, ""source_phase_profile_going"": 1, ""track_distance"": 23, ""track_distance_going"": 1, ""track_distance_going_rail"": 1, ""track_phase_profile_going"": 1}",2024-05-11
expected-tempo-targets-v2.0-walk-forward,2024-05-18|flemington|1,2024-05-18,racing-com-rv-authorised,VIC,flemington,1,1400,soft,out_4_6m,handicap_unspecified,,12,1.0,0.0515576986893092,-1.0064018537708743,-0.4364351973083813,even,even,37.51,23.07857142857143,23.76857142857143,3.200298000000006,0.6025710000000035,0.5760959999999997,source_phase_profile_going,8,"{""source_distance"": 53, ""source_distance_going"": 4, ""source_phase_profile"": 195, ""source_phase_profile_going"": 8, ""track_distance"": 19, ""track_distance_going"": 0, ""track_distance_going_rail"": 0, ""track_phase_profile_going"": 0}",2024-05-18
expected-tempo-targets-v2.0-walk-forward,2024-05-18|flemington|3,2024-05-18,racing-com-rv-authorised,VIC,flemington,3,1200,soft,out_4_6m,benchmark,,11,1.0,0.9935246666178934,0.15725121752730276,0.11116328775338787,fast,fast_early,28.965357142857137,22.396428571428572,23.682857142857145,3.216183000000001,0.549620999999999,0.47549099999999905,source_phase_profile_going,8,"{""source_distance"": 58, ""source_distance_going"": 2, ""source_phase_profile"": 195, ""source_phase_profile_going"": 8, ""track_distance"": 14, ""track_distance_going"": 0, ""track_distance_going_rail"": 0, ""track_phase_profile_going"": 0}",2024-05-18
expected-tempo-targets-v2.0-walk-forward,2024-05-18|flemington|4,2024-05-18,racing-com-rv-authorised,VIC,flemington,4,1400,soft,out_4_6m,handicap_unspecified,,12,1.0,0.10155304287288094,0.0391180932561131,-0.41907697923361326,even,even,37.51,23.07857142857143,23.76857142857143,3.200298000000006,0.6025710000000035,0.5760959999999997,source_phase_profile_going,8,"{""source_distance"": 53, ""source_distance_going"": 4, ""source_phase_profile"": 195, ""source_phase_profile_going"": 8, ""track_distance"": 19, ""track_distance_going"": 0, ""track_distance_going_rail"": 0, ""track_phase_profile_going"": 0}",2024-05-18
expected-tempo-targets-v2.0-walk-forward,2024-05-18|flemington|7,2024-05-18,racing-com-rv-authorised,VIC,flemington,7,1200,soft,out_4_6m,listed,,14,1.0,1.06348337232587,0.4119721979847403,0.27941042597472543,fast,sustained_high_pressure,28.965357142857137,22.396428571428572,23.682857142857145,3.216183000000001,0.549620999999999,0.47549099999999905,source_phase_profile_going,8,"{""source_distance"": 58, ""source_distance_going"": 2, ""source_phase_profile"": 195, ""source_phase_profile_going"": 8, ""track_distance"": 14, ""track_distance_going"": 0, ""track_distance_going_rail"": 0, ""track_phase_profile_going"": 0}",2024-05-18
expected-tempo-targets-v2.0-walk-forward,2024-05-18|flemington|9,2024-05-18,racing-com-rv-authorised,VIC,flemington,9,1600,soft,out_4_6m,benchmark,,16,1.0,-0.816494218200316,-0.7734752923819116,-1.2240559649324776,slow,slow_early,47.185,23.194642857142856,23.75964285714286,3.4782855000000015,0.5628584999999982,0.6661110000000006,source_phase_profile_going,8,"{""source_distance"": 49, ""source_distance_going"": 2, ""source_phase_profile"": 195, ""source_phase_profile_going"": 8, ""track_distance"": 16, ""track_distance_going"": 0, ""track_distance_going_rail"": 0, ""track_phase_profile_going"": 0}",2024-05-18
expected-tempo-targets-v2.0-walk-forward,2024-05-25|randwick|1,2024-05-25,racing-com-nsw-authorised-v2,NSW,randwick,1,1200,soft,out_7m_plus,,,9,1.0,-0.41359794076884315,-3.0183099158070172,-0.32287235243630164,even,even,24.35611111111111,22.693888888888885,23.71296296296296,1.0732376666666608,0.34990148148147937,0.8890108888888844,track_distance_going,7,"{""source_distance"": 23, ""source_distance_going"": 10, ""source_phase_profile"": 58, ""source_phase_profile_going"": 20, ""track_distance"": 13, ""track_distance_going"": 7, ""track_distance_going_rail"": 2, ""track_phase_profile_going"": 13}",2024-05-25
expected-tempo-targets-v2.0-walk-forward,2024-05-25|randwick|2,2024-05-25,racing-com-nsw-authorised-v2,NSW,randwick,2,1400,soft,out_7m_plus,,,10,1.0,0.8256589749785178,-1.6801892576220276,-0.9231459867972166,very_fast_or_collapse,pace_collapse,24.008846153846157,22.855769230769226,23.51038461538461,1.2339793846153781,0.4459204615384582,0.8932664999999954,track_distance_going,6,"{""source_distance"": 19, ""source_distance_going"": 10, ""source_phase_profile"": 58, ""source_phase_profile_going"": 20, ""track_distance"": 10, ""track_distance_going"": 6, ""track_distance_going_rail"": 3, ""track_phase_profile_going"": 13}",2024-05-25
expected-tempo-targets-v2.0-walk-forward,2024-05-25|randwick|3,2024-05-25,racing-com-nsw-authorised-v2,NSW,randwick,3,1200,soft,out_7m_plus,,,15,1.0,-0.488138746113918,-2.7610946573321438,-1.4589664235250484,even,even,24.35611111111111,22.693888888888885,23.71296296296296,1.0732376666666608,0.34990148148147937,0.8890108888888844,track_distance_going,7,"{""source_distance"": 23, ""source_distance_going"": 10, ""source_phase_profile"": 58, ""source_phase_profile_going"": 20, ""track_distance"": 13, ""track_distance_going"": 7, ""track_distance_going_rail"": 2, ""track_phase_profile_going"": 13}",2024-05-25
expected-tempo-targets-v2.0-walk-forward,2024-05-25|randwick|5,2024-05-25,racing-com-nsw-authorised-v2,NSW,randwick,5,1400,soft,out_7m_plus,,,11,1.0,0.01527266507132896,-3.081784505895006,0.3138868583839316,even,even,24.008846153846157,22.855769230769226,23.51038461538461,1.2339793846153781,0.4459204615384582,0.8932664999999954,track_distance_going,6,"{""source_distance"": 19, ""source_distance_going"": 10, ""source_phase_profile"": 58, ""source_phase_profile_going"": 20, ""track_distance"": 10, ""track_distance_going"": 6, ""track_distance_going_rail"": 3, ""track_phase_profile_going"": 13}",2024-05-25
expected-tempo-targets-v2.0-walk-forward,2024-05-25|randwick|10,2024-05-25,racing-com-nsw-authorised-v2,NSW,randwick,10,1400,soft,out_7m_plus,,,15,1.0,0.7041010284924406,-3.7769757490384124,-1.7683584737761897,fast,fast_early,24.008846153846157,22.855769230769226,23.51038461538461,1.2339793846153781,0.4459204615384582,0.8932664999999954,track_distance_going,6,"{""source_distance"": 19, ""source_distance_going"": 10, ""source_phase_profile"": 58, ""source_phase_profile_going"": 20, ""track_distance"": 10, ""track_distance_going"": 6, ""track_distance_going_rail"": 3, ""track_phase_profile_going"": 13}",2024-05-25
expected-tempo-targets-v2.0-walk-forward,2024-05-25|sportsbet-sandown-hillside|2,2024-05-25,racing-com-rv-authorised,VIC,sportsbet-sandown-hillside,2,1600,soft,true,handicap_unspecified,,8,1.0,-0.7129510836339834,0.797612088587404,-0.47992611731989,slow,slow_early,37.52,23.685000000000002,24.025,17.420550000000006,0.9340380000000037,0.7709519999999941,source_phase_profile_going,13,"{""source_distance"": 50, ""source_distance_going"": 3, ""source_phase_profile"": 200, ""source_phase_profile_going"": 13, ""track_distance"": 0, ""track_distance_going"": 0, ""track_distance_going_rail"": 0, ""track_phase_profile_going"": 0}",2024-05-25
expected-tempo-targets-v2.0-walk-forward,2024-05-25|sportsbet-sandown-hillside|3,2024-05-25,racing-com-rv-authorised,VIC,sportsbet-sandown-hillside,3,1400,soft,true,benchmark,,11,1.0,-0.03574044703912331,-0.06290587394082357,1.3228232034271992,even,even,37.54653846153846,23.708076923076923,24.02442307692307,13.527014307692312,0.8254090384615407,0.6837066923076879,source_distance_going,6,"{""source_distance"": 55, ""source_distance_going"": 6, ""source_phase_profile"": 200, ""source_phase_profile_going"": 13, ""track_distance"": 0, ""track_distance_going"": 0, ""track_distance_going_rail"": 0, ""track_phase_profile_going"": 0}",2024-05-25
expected-tempo-targets-v2.0-walk-forward,2024-05-25|sportsbet-sandown-hillside|6,2024-05-25,racing-com-rv-authorised,VIC,sportsbet-sandown-hillside,6,1600,soft,true,benchmark,,10,1.0,-0.7812612116150172,0.7869058860560277,0.4410131888885416,slow,slow_early,37.52,23.685000000000002,24.025,17.420550000000006,0.9340380000000037,0.7709519999999941,source_phase_profile_going,13,"{""source_distance"": 50, ""source_distance_going"": 3, ""source_phase_profile"": 200, ""source_phase_profile_going"": 13, ""track_distance"": 0, ""track_distance_going"": 0, ""track_distance_going_rail"": 0, ""track_phase_profile_going"": 0}",2024-05-25
expected-tempo-targets-v2.0-walk-forward,2024-05-25|sportsbet-sandown-hillside|7,2024-05-25,racing-com-rv-authorised,VIC,sportsbet-sandown-hillside,7,1800,good,true,benchmark,,9,1.0,-1.5695796732290657,-0.02175776643472971,0.9084977576623559,slow,sprint_home,37.66,23.035,23.59,18.903149999999993,0.6894089999999997,0.7264739999999976,source_phase_profile_going,187,"{""source_distance"": 3, ""source_distance_going"": 3, ""source_phase_profile"": 200, ""source_phase_profile_going"": 187, ""track_distance"": 0, ""track_distance_going"": 0, ""track_distance_going_rail"": 0, ""track_phase_profile_going"": 0}",2024-05-25
expected-tempo-targets-v2.0-walk-forward,2024-05-25|sportsbet-sandown-hillside|8,2024-05-25,racing-com-rv-authorised,VIC,sportsbet-sandown-hillside,8,1600,good,true,benchmark,,14,1.0,-1.2978837341443556,0.2657084810059251,0.9035630928837399,slow,sprint_home,50.15,23.439999999999998,23.82,1.4677740000000028,0.48925800000000796,0.7857780000000016,source_distance_going,47,"{""source_distance"": 50, ""source_distance_going"": 47, ""source_phase_profile"": 200, ""source_phase_profile_going"": 187, ""track_distance"": 0, ""track_distance_going"": 0, ""track_distance_going_rail"": 0, ""track_phase_profile_going"": 0}",2024-05-25
expected-tempo-targets-v2.0-walk-forward,2024-05-25|sportsbet-sandown-hillside|9,2024-05-25,racing-com-rv-authorised,VIC,sportsbet-sandown-hillside,9,1400,good,true,benchmark,,15,1.0,-1.348981518953212,0.2657084810059279,-0.37812360758536334,slow,very_slow_early,37.2,22.95,23.375,0.6597569999999898,0.4892580000000027,0.4892579999999974,source_distance_going,49,"{""source_distance"": 55, ""source_distance_going"": 49, ""source_phase_profile"": 200, ""source_phase_profile_going"": 187, ""track_distance"": 0, ""track_distance_going"": 0, ""track_distance_going_rail"": 0, ""track_phase_profile_going"": 0}",2024-05-25
expected-tempo-targets-v2.0-walk-forward,2024-05-25|sportsbet-sandown-hillside|10,2024-05-25,racing-com-rv-authorised,VIC,sportsbet-sandown-hillside,10,1400,good,true,benchmark,,14,1.0,-2.7434343250621414,-0.6642712025148235,0.6744907594765952,slow,very_slow_early,37.2,22.95,23.375,0.6597569999999898,0.4892580000000027,0.4892579999999974,source_distance_going,49,"{""source_distance"": 55, ""source_distance_going"": 49, ""source_phase_profile"": 200, ""source_phase_profile_going"": 187, ""track_distance"": 0, ""track_distance_going"": 0, ""track_distance_going_rail"": 0, ""track_phase_profile_going"": 0}",2024-05-25
expected-tempo-targets-v2.0-walk-forward,2024-06-01|caulfield|1,2024-06-01,racing-com-rv-authorised,VIC,caulfield,1,1100,good,out_7m_plus,handicap_unspecified,,6,1.0,0.8175645569413289,0.6433604167315059,-1.0414930844859167,very_fast_or_collapse,pace_collapse,18.7,21.994999999999997,22.98,0.2446289999999987,0.4818450000000042,0.5040839999999998,track_distance_going,15,"{""source_distance"": 29, ""source_distance_going"": 29, ""source_phase_profile"": 29, ""source_phase_profile_going"": 29, ""track_distance"": 15, ""track_distance_going"": 15, ""track_distance_going_rail"": 4, ""track_phase_profile_going"": 15}",2024-06-01
expected-tempo-targets-v2.0-walk-forward,2024-06-01|caulfield|2,2024-06-01,racing-com-rv-authorised,VIC,caulfield,2,1600,good,out_7m_plus,benchmark,,7,1.0,-2.425641902395783,-0.08431134493456817,2.3949832315104715,slow,sprint_home,50.5175,23.490000000000002,23.97,1.386230999999998,0.35582399999999764,0.6931155000000017,track_distance_going,16,"{""source_distance"": 53, ""source_distance_going"": 48, ""source_phase_profile"": 207, ""source_phase_profile_going"": 191, ""track_distance"": 18, ""track_distance_going"": 16, ""track_distance_going_rail"": 2, ""track_phase_profile_going"": 80}",2024-06-01
expected-tempo-targets-v2.0-walk-forward,2024-06-01|caulfield|3,2024-06-01,racing-com-rv-authorised,VIC,caulfield,3,1400,good,out_7m_plus,benchmark,,8,1.0,-0.8976305596041955,-1.384441323981589,1.204316151141949,slow,sprint_home,37.06285714285714,23.12964285714286,23.201785714285712,0.7042349999999991,0.4733730000000036,0.3875940000000004,track_distance_going_rail,8,"{""source_distance"": 58, ""source_distance_going"": 51, ""source_phase_profile"": 207, ""source_phase_profile_going"": 191, ""track_distance"": 34, ""track_distance_going"": 30, ""track_distance_going_rail"": 8, ""track_phase_profile_going"": 80}",2024-06-01
expected-tempo-targets-v2.0-walk-forward,2024-06-01|caulfield|4,2024-06-01,racing-com-rv-authorised,VIC,caulfield,4,1100,good,out_7m_plus,benchmark,,9,1.0,-3.1885017720711986,-1.7121688509790403,1.4084954094952453,slow,sprint_home,18.7,21.994999999999997,22.98,0.2446289999999987,0.4818450000000042,0.5040839999999998,track_distance_going,15,"{""source_distance"": 29, ""source_distance_going"": 29, ""source_phase_profile"": 29, ""source_phase_profile_going"": 29, ""track_distance"": 15, ""track_distance_going"": 15, ""track_distance_going_rail"": 4, ""track_phase_profile_going"": 15}",2024-06-01
expected-tempo-targets-v2.0-walk-forward,2024-06-01|caulfield|5,2024-06-01,racing-com-rv-authorised,VIC,caulfield,5,1200,good,out_7m_plus,benchmark,,11,1.0,-2.6640845066084395,1.3107073636655246,1.6142306940282622,slow,sprint_home,24.475000000000005,22.336000000000002,23.252000000000002,0.32468940000000174,0.2868679999999996,0.5278056000000003,track_distance_going_rail,5,"{""source_distance"": 60, ""source_distance_going"": 56, ""source_phase_profile"": 207, ""source_phase_profile_going"": 191, ""track_distance"": 24, ""track_distance_going"": 22, ""track_distance_going_rail"": 5, ""track_phase_profile_going"": 80}",2024-06-01
expected-tempo-targets-v2.0-walk-forward,2024-06-01|caulfield|6,2024-06-01,racing-com-rv-authorised,VIC,caulfield,6,1100,good,out_7m_plus,handicap_unspecified,,11,1.0,1.2672250632590591,1.6291546036588318,0.6348148324485611,very_fast_or_collapse,sustained_high_pressure,18.7,21.994999999999997,22.98,0.2446289999999987,0.4818450000000042,0.5040839999999998,track_distance_going,15,"{""source_distance"": 29, ""source_distance_going"": 29, ""source_phase_profile"": 29, ""source_phase_profile_going"": 29, ""track_distance"": 15, ""track_distance_going"": 15, ""track_distance_going_rail"": 4, ""track_phase_profile_going"": 15}",2024-06-01
expected-tempo-targets-v2.0-walk-forward,2024-06-01|caulfield|7,2024-06-01,racing-com-rv-authorised,VIC,caulfield,7,1600,good,out_7m_plus,benchmark,,11,1.0,-0.932384285158827,0.08431134493457815,2.625824988764493,slow,sprint_home,50.5175,23.490000000000002,23.97,1.386230999999998,0.35582399999999764,0.6931155000000017,track_distance_going,16,"{""source_distance"": 53, ""source_distance_going"": 48, ""source_phase_profile"": 207, ""source_phase_profile_going"": 191, ""track_distance"": 18, ""track_distance_going"": 16, ""track_distance_going_rail"": 2, ""track_phase_profile_going"": 80}",2024-06-01
expected-tempo-targets-v2.0-walk-forward,2024-06-01|caulfield|8,2024-06-01,racing-com-rv-authorised,VIC,caulfield,8,1200,good,out_7m_plus,handicap_unspecified,,12,1.0,-0.13859399167325562,1.0841223140956953,-0.10988894395966961,even,even,24.475000000000005,22.336000000000002,23.252000000000002,0.32468940000000174,0.2868679999999996,0.5278056000000003,track_distance_going_rail,5,"{""source_distance"": 60, ""source_distance_going"": 56, ""source_phase_profile"": 207, ""source_phase_profile_going"": 191, ""track_distance"": 24, ""track_distance_going"": 22, ""track_distance_going_rail"": 5, ""track_phase_profile_going"": 80}",2024-06-01
expected-tempo-targets-v2.0-walk-forward,2024-06-01|caulfield|9,2024-06-01,racing-com-rv-authorised,VIC,caulfield,9,2000,good,out_7m_plus,benchmark,,15,1.0,0.6413762260656047,1.0156125228900394,0.5402030064586352,fast,sustained_high_pressure,76.44,23.4975,24.192500000000003,1.434415499999991,0.322465499999999,0.8191364999999976,track_distance_going,10,"{""source_distance"": 20, ""source_distance_going"": 20, ""source_phase_profile"": 207, ""source_phase_profile_going"": 191, ""track_distance"": 10, ""track_distance_going"": 10, ""track_distance_going_rail"": 3, ""track_phase_profile_going"": 80}",2024-06-01
expected-tempo-targets-v2.0-walk-forward,2024-06-08|flemington|1,2024-06-08,racing-com-rv-authorised,VIC,flemington,1,1200,good,out_7m_plus,handicap_unspecified,,9,1.0,0.010441033428428222,-1.0086978925505898,0.10477526360802712,even,even,25.244999999999997,21.808,23.302000000000003,0.47887979999999847,0.32913719999999874,0.30541559999999823,track_distance_going_rail,5,"{""source_distance"": 62, ""source_distance_going"": 58, ""source_phase_profile"": 213, ""source_phase_profile_going"": 197, ""track_distance"": 16, ""track_distance_going"": 14, ""track_distance_going_rail"": 5, ""track_phase_profile_going"": 60}",2024-06-08
expected-tempo-targets-v2.0-walk-forward,2024-06-08|flemington|2,2024-06-08,racing-com-rv-authorised,VIC,flemington,2,1400,good,out_7m_plus,benchmark,,12,1.0,-0.11399843822138592,0.2100872857386147,0.36488844365127127,even,even,37.2,22.755000000000003,23.4,0.5263230000000059,0.45219300000000484,0.45219299999999957,track_distance_going,19,"{""source_distance"": 59, ""source_distance_going"": 52, ""source_phase_profile"": 213, ""source_phase_profile_going"": 197, ""track_distance"": 21, ""track_distance_going"": 19, ""track_distance_going_rail"": 3, ""track_phase_profile_going"": 60}",2024-06-08
expected-tempo-targets-v2.0-walk-forward,2024-06-08|flemington|3,2024-06-08,racing-com-rv-authorised,VIC,flemington,3,1600,good,out_7m_plus,open_or_quality,,12,1.0,-0.2785346456138196,1.2039975239255256,-0.2896851338777626,even,even,50.745,22.9175,23.387500000000003,0.9155054999999995,0.39659549999999744,0.5782140000000008,track_distance_going,16,"{""source_distance"": 55, ""source_distance_going"": 50, ""source_phase_profile"": 213, ""source_phase_profile_going"": 197, ""track_distance"": 17, ""track_distance_going"": 16, ""track_distance_going_rail"": 4, ""track_phase_profile_going"": 60}",2024-06-08
expected-tempo-targets-v2.0-walk-forward,2024-06-08|flemington|5,2024-06-08,racing-com-rv-authorised,VIC,flemington,5,2000,good,out_7m_plus,open_or_quality,,14,1.0,-1.6334312961126358,1.9222986645083235,0.2883692377472418,slow,very_slow_early,75.17000000000002,23.3975,24.515,1.1601344999999983,0.22238999999999787,1.0229939999999993,track_distance_going,10,"{""source_distance"": 21, ""source_distance_going"": 21, ""source_phase_profile"": 213, ""source_phase_profile_going"": 197, ""track_distance"": 10, ""track_distance_going"": 10, ""track_distance_going_rail"": 3, ""track_phase_profile_going"": 60}",2024-06-08
expected-tempo-targets-v2.0-walk-forward,2024-06-08|flemington|6,2024-06-08,racing-com-rv-authorised,VIC,flemington,6,2000,good,out_7m_plus,benchmark,,13,1.0,-0.10343628260343134,0.753181348082207,0.08308944138479885,even,even,75.17000000000002,23.3975,24.515,1.1601344999999983,0.22238999999999787,1.0229939999999993,track_distance_going,10,"{""source_distance"": 21, ""source_distance_going"": 21, ""source_phase_profile"": 213, ""source_phase_profile_going"": 197, ""track_distance"": 10, ""track_distance_going"": 10, ""track_distance_going_rail"": 3, ""track_phase_profile_going"": 60}",2024-06-08
expected-tempo-targets-v2.0-walk-forward,2024-06-08|flemington|7,2024-06-08,racing-com-rv-authorised,VIC,flemington,7,1100,good,out_7m_plus,open_or_quality,,16,1.0,0.9959770093205941,0.7949355379545513,-0.5792237030533416,very_fast_or_collapse,fast_early,19.6,21.61,23.380000000000003,0.39659549999999744,0.20756400000000083,0.6560504999999985,track_distance_going,14,"{""source_distance"": 32, ""source_distance_going"": 32, ""source_phase_profile"": 32, ""source_phase_profile_going"": 32, ""track_distance"": 14, ""track_distance_going"": 14, ""track_distance_going_rail"": 3, ""track_phase_profile_going"": 14}",2024-06-08
expected-tempo-targets-v2.0-walk-forward,2024-06-08|flemington|8,2024-06-08,racing-com-rv-authorised,VIC,flemington,8,1400,good,out_7m_plus,benchmark,,13,1.0,-3.495952105456109,-0.9177497219107653,2.5210474288633353,slow,sprint_home,37.2,22.755000000000003,23.4,0.5263230000000059,0.45219300000000484,0.45219299999999957,track_distance_going,19,"{""source_distance"": 59, ""source_distance_going"": 52, ""source_phase_profile"": 213, ""source_phase_profile_going"": 197, ""track_distance"": 21, ""track_distance_going"": 19, ""track_distance_going_rail"": 3, ""track_phase_profile_going"": 60}",2024-06-08
expected-tempo-targets-v2.0-walk-forward,2024-06-08|flemington|9,2024-06-08,racing-com-rv-authorised,VIC,flemington,9,1200,good,out_7m_plus,benchmark,,16,1.0,-0.918810941701869,-0.05165019329325134,-0.12442062553450749,slow,slow_early,25.244999999999997,21.808,23.302000000000003,0.47887979999999847,0.32913719999999874,0.30541559999999823,track_distance_going_rail,5,"{""source_distance"": 62, ""source_distance_going"": 58, ""source_phase_profile"": 213, ""source_phase_profile_going"": 197, ""track_distance"": 16, ""track_distance_going"": 14, ""track_distance_going_rail"": 5, ""track_phase_profile_going"": 60}",2024-06-08
expected-tempo-targets-v2.0-walk-forward,2024-06-15|rosehill|1,2024-06-15,racing-com-nsw-authorised-v2,NSW,rosehill,1,1400,heavy,out_4_6m,,,9,0.4444444444444444,3.7293429363913893,-0.7656633035161952,1.2662655852037012,very_fast_or_collapse,very_fast_early,23.335172413793103,23.229310344827585,23.45448275862069,1.0444661379310365,0.5559749999999993,0.7024456551724114,track_distance,9,"{""source_distance"": 22, ""source_distance_going"": 1, ""source_phase_profile"": 63, ""source_phase_profile_going"": 1, ""track_distance"": 9, ""track_distance_going"": 0, ""track_distance_going_rail"": 0, ""track_phase_profile_going"": 0}",2024-06-15
expected-tempo-targets-v2.0-walk-forward,2024-06-15|rosehill|3,2024-06-15,racing-com-nsw-authorised-v2,NSW,rosehill,3,1400,heavy,out_4_6m,,,13,0.6153846153846154,-0.6221624259587083,-0.5947923111154532,1.109669841191299,slow,slow_early,23.335172413793103,23.229310344827585,23.45448275862069,1.0444661379310365,0.5559749999999993,0.7024456551724114,track_distance,9,"{""source_distance"": 22, ""source_distance_going"": 1, ""source_phase_profile"": 63, ""source_phase_profile_going"": 1, ""track_distance"": 9, ""track_distance_going"": 0, ""track_distance_going_rail"": 0, ""track_phase_profile_going"": 0}",2024-06-15
expected-tempo-targets-v2.0-walk-forward,2024-06-15|sportsbet-sandown-hillside|1,2024-06-15,racing-com-rv-authorised,VIC,sportsbet-sandown-hillside,1,1000,soft,out_4_6m,handicap_unspecified,,7,1.0,-0.23805556216821064,1.1522550474391915,-1.4577703511268445,even,even,13.61,21.56,22.93,0.3780629999999985,0.35582399999999764,0.45960599999999807,source_distance,17,"{""source_distance"": 17, ""source_distance_going"": 0, ""source_phase_profile"": 17, ""source_phase_profile_going"": 0, ""track_distance"": 0, ""track_distance_going"": 0, ""track_distance_going_rail"": 0, ""track_phase_profile_going"": 0}",2024-06-15
expected-tempo-targets-v2.0-walk-forward,2024-06-15|sportsbet-sandown-hillside|2,2024-06-15,racing-com-rv-authorised,VIC,sportsbet-sandown-hillside,2,1400,soft,out_4_6m,handicap_unspecified,,8,1.0,-0.006426742468687408,0.7310204291461928,0.2721936052682261,even,even,37.8537037037037,23.685370370370368,24.02185185185185,13.427688555555553,0.7665591111111103,0.7415745555555554,source_distance_going,7,"{""source_distance"": 61, ""source_distance_going"": 7, ""source_phase_profile"": 220, ""source_phase_profile_going"": 16, ""track_distance"": 3, ""track_distance_going"": 1, ""track_distance_going_rail"": 0, ""track_phase_profile_going"": 3}",2024-06-15
expected-tempo-targets-v2.0-walk-forward,2024-06-15|sportsbet-sandown-hillside|3,2024-06-15,racing-com-rv-authorised,VIC,sportsbet-sandown-hillside,3,1400,soft,out_4_6m,benchmark,,12,1.0,-0.09877323940072759,0.861473512999118,0.12386057634223739,even,even,37.8537037037037,23.685370370370368,24.02185185185185,13.427688555555553,0.7665591111111103,0.7415745555555554,source_distance_going,7,"{""source_distance"": 61, ""source_distance_going"": 7, ""source_phase_profile"": 220, ""source_phase_profile_going"": 16, ""track_distance"": 3, ""track_distance_going"": 1, ""track_distance_going_rail"": 0, ""track_phase_profile_going"": 3}",2024-06-15
expected-tempo-targets-v2.0-walk-forward,2024-06-15|sportsbet-sandown-hillside|5,2024-06-15,racing-com-rv-authorised,VIC,sportsbet-sandown-hillside,5,1600,soft,out_4_6m,benchmark,,14,1.0,-0.7415333081506913,-0.06323350870093321,0.2101963313556264,slow,slow_early,40.438,23.651999999999997,24.133000000000003,14.513171400000001,0.9963071999999997,0.7516782000000021,source_distance_going,5,"{""source_distance"": 56, ""source_distance_going"": 5, ""source_phase_profile"": 220, ""source_phase_profile_going"": 16, ""track_distance"": 3, ""track_distance_going"": 2, ""track_distance_going_rail"": 0, ""track_phase_profile_going"": 3}",2024-06-15
expected-tempo-targets-v2.0-walk-forward,2024-06-15|sportsbet-sandown-hillside|6,2024-06-15,racing-com-rv-authorised,VIC,sportsbet-sandown-hillside,6,1600,soft,out_4_6m,benchmark,,12,1.0,-0.7649603035763772,0.7949355379545568,-0.927258499714364,slow,slow_early,40.438,23.651999999999997,24.133000000000003,14.513171400000001,0.9963071999999997,0.7516782000000021,source_distance_going,5,"{""source_distance"": 56, ""source_distance_going"": 5, ""source_phase_profile"": 220, ""source_phase_profile_going"": 16, ""track_distance"": 3, ""track_distance_going"": 2, ""track_distance_going_rail"": 0, ""track_phase_profile_going"": 3}",2024-06-15
expected-tempo-targets-v2.0-walk-forward,2024-06-15|sportsbet-sandown-hillside|7,2024-06-15,racing-com-rv-authorised,VIC,sportsbet-sandown-hillside,7,1000,soft,out_4_6m,benchmark,,14,1.0,-0.35708334325232066,0.5901794145420171,-1.6318324826046726,even,even,13.61,21.56,22.93,0.3780629999999985,0.35582399999999764,0.45960599999999807,source_distance,17,"{""source_distance"": 17, ""source_distance_going"": 0, ""source_phase_profile"": 17, ""source_phase_profile_going"": 0, ""track_distance"": 0, ""track_distance_going"": 0, ""track_distance_going_rail"": 0, ""track_phase_profile_going"": 0}",2024-06-15
expected-tempo-targets-v2.0-walk-forward,2024-06-15|sportsbet-sandown-hillside|8,2024-06-15,racing-com-rv-authorised,VIC,sportsbet-sandown-hillside,8,1400,soft,out_4_6m,handicap_unspecified,,15,1.0,-0.06526039777216447,1.1289023348976084,0.015982009850606178,even,even,37.8537037037037,23.685370370370368,24.02185185185185,13.427688555555553,0.7665591111111103,0.7415745555555554,source_distance_going,7,"{""source_distance"": 61, ""source_distance_going"": 7, ""source_phase_profile"": 220, ""source_phase_profile_going"": 16, ""track_distance"": 3, ""track_distance_going"": 1, ""track_distance_going_rail"": 0, ""track_phase_profile_going"": 3}",2024-06-15
expected-tempo-targets-v2.0-walk-forward,2024-06-22|flemington|5,2024-06-22,racing-com-rv-authorised,VIC,flemington,5,1100,good,out_7m_plus,open_or_quality,,10,1.0,1.0242267088348318,1.2767146518664099,0.6182831961868841,very_fast_or_collapse,sustained_high_pressure,19.57,21.61,23.41,0.4003019999999993,0.20756400000000083,0.6226919999999972,track_distance_going,15,"{""source_distance"": 33, ""source_distance_going"": 33, ""source_phase_profile"": 33, ""source_phase_profile_going"": 33, ""track_distance"": 15, ""track_distance_going"": 15, ""track_distance_going_rail"": 4, ""track_phase_profile_going"": 15}",2024-06-22
expected-tempo-targets-v2.0-walk-forward,2024-06-22|flemington|8,2024-06-22,racing-com-rv-authorised,VIC,flemington,8,2000,good,out_7m_plus,open_or_quality,,15,1.0,-0.011241512657943651,-0.8068674505888215,0.22349989663129713,even,even,75.278,23.304000000000002,24.398,1.0674720000000026,0.3172763999999969,0.751678199999999,track_distance_going_rail,5,"{""source_distance"": 23, ""source_distance_going"": 23, ""source_phase_profile"": 225, ""source_phase_profile_going"": 204, ""track_distance"": 12, ""track_distance_going"": 12, ""track_distance_going_rail"": 5, ""track_phase_profile_going"": 67}",2024-06-22
expected-tempo-targets-v2.0-walk-forward,2024-06-22|flemington|9,2024-06-22,racing-com-rv-authorised,VIC,flemington,9,1100,good,out_7m_plus,handicap_unspecified,,12,1.0,0.5870567721370361,-1.1080919619972611,0.706609367070724,fast,fast_early,19.57,21.61,23.41,0.4003019999999993,0.20756400000000083,0.6226919999999972,track_distance_going,15,"{""source_distance"": 33, ""source_distance_going"": 33, ""source_phase_profile"": 33, ""source_phase_profile_going"": 33, ""track_distance"": 15, ""track_distance_going"": 15, ""track_distance_going_rail"": 4, ""track_phase_profile_going"": 15}",2024-06-22
expected-tempo-targets-v2.0-walk-forward,2024-06-29|caulfield|1,2024-06-29,racing-com-rv-authorised,VIC,caulfield,1,1000,good,out_7m_plus,handicap_unspecified,,7,1.0,0.5554629783924899,-1.3770853005980632,0.08703106573891402,fast,fast_early,13.61,21.56,22.93,0.3780629999999985,0.35582399999999764,0.45960599999999807,source_distance_going,17,"{""source_distance"": 19, ""source_distance_going"": 17, ""source_phase_profile"": 19, ""source_phase_profile_going"": 17, ""track_distance"": 4, ""track_distance_going"": 4, ""track_distance_going_rail"": 3, ""track_phase_profile_going"": 4}",2024-06-29
expected-tempo-targets-v2.0-walk-forward,2024-06-29|caulfield|2,2024-06-29,racing-com-rv-authorised,VIC,caulfield,2,1100,good,out_7m_plus,benchmark,,8,1.0,-0.5722040252116367,-0.19851233054829875,-0.6280683185409609,slow,slow_early,18.703888888888887,21.85722222222222,22.92185185185185,0.307776777777778,0.4925526666666642,0.4747065555555529,track_distance_going_rail,7,"{""source_distance"": 35, ""source_distance_going"": 35, ""source_phase_profile"": 35, ""source_phase_profile_going"": 35, ""track_distance"": 18, ""track_distance_going"": 18, ""track_distance_going_rail"": 7, ""track_phase_profile_going"": 18}",2024-06-29
expected-tempo-targets-v2.0-walk-forward,2024-06-29|caulfield|4,2024-06-29,racing-com-rv-authorised,VIC,caulfield,4,2000,soft,out_7m_plus,benchmark,,11,1.0,-2.5699376245993726,-0.7713115078212448,-1.3554670070250827,slow,very_slow_early,38.60285714285714,23.34285714285714,24.204285714285717,14.695743000000002,0.8779110000000014,0.6608159999999978,track_phase_profile_going,8,"{""source_distance"": 24, ""source_distance_going"": 0, ""source_phase_profile"": 226, ""source_phase_profile_going"": 21, ""track_distance"": 11, ""track_distance_going"": 0, ""track_distance_going_rail"": 0, ""track_phase_profile_going"": 8}",2024-06-29
expected-tempo-targets-v2.0-walk-forward,2024-06-29|caulfield|5,2024-06-29,racing-com-rv-authorised,VIC,caulfield,5,1200,soft,out_7m_plus,handicap_unspecified,,14,1.0,0.9647594642106314,0.5898743071417735,-0.6063931347217447,very_fast_or_collapse,fast_early,38.60285714285714,23.34285714285714,24.204285714285717,14.695743000000002,0.8779110000000014,0.6608159999999978,track_phase_profile_going,8,"{""source_distance"": 64, ""source_distance_going"": 4, ""source_phase_profile"": 226, ""source_phase_profile_going"": 21, ""track_distance"": 26, ""track_distance_going"": 2, ""track_distance_going_rail"": 0, ""track_phase_profile_going"": 8}",2024-06-29
expected-tempo-targets-v2.0-walk-forward,2024-06-29|caulfield|6,2024-06-29,racing-com-rv-authorised,VIC,caulfield,6,1200,soft,out_7m_plus,benchmark,,12,1.0,0.9460465621137454,0.8006018182448333,0.02161829357297585,very_fast_or_collapse,sustained_high_pressure,38.60285714285714,23.34285714285714,24.204285714285717,14.695743000000002,0.8779110000000014,0.6608159999999978,track_phase_profile_going,8,"{""source_distance"": 64, ""source_distance_going"": 4, ""source_phase_profile"": 226, ""source_phase_profile_going"": 21, ""track_distance"": 26, ""track_distance_going"": 2, ""track_distance_going_rail"": 0, ""track_phase_profile_going"": 8}",2024-06-29
expected-tempo-targets-v2.0-walk-forward,2024-06-29|caulfield|8,2024-06-29,racing-com-rv-authorised,VIC,caulfield,8,1000,soft,out_7m_plus,handicap_unspecified,,13,1.0,0.0,-0.7624678150605034,-0.38882408487474407,even,even,13.66,21.51,23.145,0.3558240000000003,0.34099799999999536,0.630105000000001,source_distance,19,"{""source_distance"": 19, ""source_distance_going"": 2, ""source_phase_profile"": 19, ""source_phase_profile_going"": 2, ""track_distance"": 4, ""track_distance_going"": 0, ""track_distance_going_rail"": 0, ""track_phase_profile_going"": 0}",2024-06-29
expected-tempo-targets-v2.0-walk-forward,2024-06-29|caulfield|9,2024-06-29,racing-com-rv-authorised,VIC,caulfield,9,2000,soft,out_7m_plus,open_or_quality,,12,1.0,-2.6546560359107305,-0.7599208315454059,-0.47776428796258463,slow,very_slow_early,38.60285714285714,23.34285714285714,24.204285714285717,14.695743000000002,0.8779110000000014,0.6608159999999978,track_phase_profile_going,8,"{""source_distance"": 24, ""source_distance_going"": 0, ""source_phase_profile"": 226, ""source_phase_profile_going"": 21, ""track_distance"": 11, ""track_distance_going"": 0, ""track_distance_going_rail"": 0, ""track_phase_profile_going"": 8}",2024-06-29
expected-tempo-targets-v2.0-walk-forward,2024-06-29|rosehill|5,2024-06-29,racing-com-nsw-authorised-v2,NSW,rosehill,5,1400,heavy,true,,,12,0.9166666666666666,-2.4912642567764554,-4.0,-4.0,slow,very_slow_early,23.73,23.41,23.270000000000003,0.9192120000000015,0.3632370000000015,0.44477999999999573,track_distance,11,"{""source_distance"": 24, ""source_distance_going"": 3, ""source_phase_profile"": 65, ""source_phase_profile_going"": 3, ""track_distance"": 11, ""track_distance_going"": 2, ""track_distance_going_rail"": 0, ""track_phase_profile_going"": 2}",2024-06-29
expected-tempo-targets-v2.0-walk-forward,2024-06-29|rosehill|7,2024-06-29,racing-com-nsw-authorised-v2,NSW,rosehill,7,2000,heavy,true,,,11,0.9090909090909091,-0.11657864978607832,-1.174113544274081,-0.7504268052454808,even,even,24.240000000000002,23.189999999999998,23.28,1.2009060000000034,0.8006039999999987,1.1193630000000037,source_phase_profile,65,"{""source_distance"": 3, ""source_distance_going"": 0, ""source_phase_profile"": 65, ""source_phase_profile_going"": 3, ""track_distance"": 2, ""track_distance_going"": 0, ""track_distance_going_rail"": 0, ""track_phase_profile_going"": 2}",2024-06-29
expected-tempo-targets-v2.0-walk-forward,2024-06-29|rosehill|8,2024-06-29,racing-com-nsw-authorised-v2,NSW,rosehill,8,1400,heavy,true,,,12,0.5,4.0,0.9497931102833618,-1.8773326138765272,very_fast_or_collapse,pace_collapse,23.73,23.41,23.270000000000003,0.9192120000000015,0.3632370000000015,0.44477999999999573,track_distance,11,"{""source_distance"": 24, ""source_distance_going"": 3, ""source_phase_profile"": 65, ""source_phase_profile_going"": 3, ""track_distance"": 11, ""track_distance_going"": 2, ""track_distance_going_rail"": 0, ""track_phase_profile_going"": 2}",2024-06-29
expected-tempo-targets-v2.0-walk-forward,2024-07-06|flemington|1,2024-07-06,racing-com-rv-authorised,VIC,flemington,1,1200,soft,true,open_or_quality,,8,1.0,0.7106759665607139,0.7169948259312142,1.2086423790549738,fast,sustained_high_pressure,35.88069230769231,23.014076923076924,24.000769230769226,14.35350678461539,0.7727767384615404,0.6418517538461552,track_phase_profile_going,5,"{""source_distance"": 66, ""source_distance_going"": 6, ""source_phase_profile"": 230, ""source_phase_profile_going"": 25, ""track_distance"": 18, ""track_distance_going"": 2, ""track_distance_going_rail"": 0, ""track_phase_profile_going"": 5}",2024-07-06
expected-tempo-targets-v2.0-walk-forward,2024-07-06|flemington|3,2024-07-06,racing-com-rv-authorised,VIC,flemington,3,1600,soft,true,open_or_quality,,9,1.0,-0.6815363070993351,-0.1952910168207608,1.478699412664435,slow,slow_early,40.99285185185185,23.215740740740742,24.136074074074074,13.993602466666669,0.8923055555555574,0.7006657777777797,track_phase_profile_going,5,"{""source_distance"": 58, ""source_distance_going"": 7, ""source_phase_profile"": 230, ""source_phase_profile_going"": 25, ""track_distance"": 18, ""track_distance_going"": 1, ""track_distance_going_rail"": 0, ""track_phase_profile_going"": 5}",2024-07-06
expected-tempo-targets-v2.0-walk-forward,2024-07-06|flemington|4,2024-07-06,racing-com-rv-authorised,VIC,flemington,4,1600,good,true,listed,,10,1.0,-0.25058173589952754,-2.1371227360705287,-0.4962193598329108,even,even,50.492000000000004,22.905,23.465000000000003,1.0096506000000023,0.4047497999999996,0.5441141999999992,track_distance_going_rail,5,"{""source_distance"": 58, ""source_distance_going"": 51, ""source_phase_profile"": 230, ""source_phase_profile_going"": 205, ""track_distance"": 18, ""track_distance_going"": 17, ""track_distance_going_rail"": 5, ""track_phase_profile_going"": 68}",2024-07-06
expected-tempo-targets-v2.0-walk-forward,2024-07-06|flemington|5,2024-07-06,racing-com-rv-authorised,VIC,flemington,5,1400,good,true,open_or_quality,,12,1.0,-2.056862910087051,0.5608923157752665,0.2169690554959648,slow,very_slow_early,37.045,22.7825,23.23,0.3743564999999966,0.352117500000001,0.5300294999999998,track_distance_going_rail,10,"{""source_distance"": 64, ""source_distance_going"": 54, ""source_phase_profile"": 230, ""source_phase_profile_going"": 205, ""track_distance"": 23, ""track_distance_going"": 21, ""track_distance_going_rail"": 10, ""track_phase_profile_going"": 68}",2024-07-06
expected-tempo-targets-v2.0-walk-forward,2024-07-06|flemington|6,2024-07-06,racing-com-rv-authorised,VIC,flemington,6,2500,good,true,open_or_quality,,11,1.0,-3.80499161788646,-2.1056437415132345,-2.773961996720636,slow,very_slow_early,38.245000000000005,22.762500000000003,23.42,18.639988499999998,0.7301804999999969,0.5263230000000007,track_phase_profile_going,68,"{""source_distance"": 2, ""source_distance_going"": 2, ""source_phase_profile"": 230, ""source_phase_profile_going"": 205, ""track_distance"": 0, ""track_distance_going"": 0, ""track_distance_going_rail"": 0, ""track_phase_profile_going"": 68}",2024-07-06
expected-tempo-targets-v2.0-walk-forward,2024-07-06|flemington|7,2024-07-06,racing-com-rv-authorised,VIC,flemington,7,1200,good,true,listed,,12,1.0,0.8157692293669613,0.1621372017972494,-1.4527493281034303,very_fast_or_collapse,pace_collapse,25.2575,21.8325,23.285,0.5485619999999988,0.38547599999999965,0.24092249999999946,track_distance_going,16,"{""source_distance"": 66, ""source_distance_going"": 60, ""source_phase_profile"": 230, ""source_phase_profile_going"": 205, ""track_distance"": 18, ""track_distance_going"": 16, ""track_distance_going_rail"": 4, ""track_phase_profile_going"": 68}",2024-07-06
expected-tempo-targets-v2.0-walk-forward,2024-07-06|flemington|8,2024-07-06,racing-com-rv-authorised,VIC,flemington,8,1600,good,true,listed,,12,1.0,1.6906838860889144,-0.16059303797061245,-1.6724430275850142,very_fast_or_collapse,pace_collapse,50.492000000000004,22.905,23.465000000000003,1.0096506000000023,0.4047497999999996,0.5441141999999992,track_distance_going_rail,5,"{""source_distance"": 58, ""source_distance_going"": 51, ""source_phase_profile"": 230, ""source_phase_profile_going"": 205, ""track_distance"": 18, ""track_distance_going"": 17, ""track_distance_going_rail"": 5, ""track_phase_profile_going"": 68}",2024-07-06
expected-tempo-targets-v2.0-walk-forward,2024-07-06|flemington|9,2024-07-06,racing-com-rv-authorised,VIC,flemington,9,1200,good,true,listed,,10,1.0,-0.20508164984085192,-0.8755408897052019,0.6848675403916324,even,even,25.2575,21.8325,23.285,0.5485619999999988,0.38547599999999965,0.24092249999999946,track_distance_going,16,"{""source_distance"": 66, ""source_distance_going"": 60, ""source_phase_profile"": 230, ""source_phase_profile_going"": 205, ""track_distance"": 18, ""track_distance_going"": 16, ""track_distance_going_rail"": 4, ""track_phase_profile_going"": 68}",2024-07-06
expected-tempo-targets-v2.0-walk-forward,2024-07-06|randwick|5,2024-07-06,racing-com-nsw-authorised-v2,NSW,randwick,5,2000,heavy,out_1_3m,,,11,0.7272727272727273,-0.733364715711745,-1.735627599711895,-2.5086100695290035,slow,slow_early,24.20326923076923,23.375192307692306,23.61826923076923,1.3523022692307685,0.7863482307692313,1.3659878076923069,source_phase_profile_going,6,"{""source_distance"": 4, ""source_distance_going"": 1, ""source_phase_profile"": 68, ""source_phase_profile_going"": 6, ""track_distance"": 1, ""track_distance_going"": 0, ""track_distance_going_rail"": 0, ""track_phase_profile_going"": 1}",2024-07-06
expected-tempo-targets-v2.0-walk-forward,2024-07-06|randwick|8,2024-07-06,racing-com-nsw-authorised-v2,NSW,randwick,8,1400,heavy,out_1_3m,,,11,0.7272727272727273,0.2793854173163935,-0.8672024050413348,-1.2110108282724992,even,even,23.467307692307692,23.412692307692307,23.771,1.726316630769233,0.6945410769230798,1.5722402769230779,source_distance_going,5,"{""source_distance"": 26, ""source_distance_going"": 5, ""source_phase_profile"": 68, ""source_phase_profile_going"": 6, ""track_distance"": 13, ""track_distance_going"": 1, ""track_distance_going_rail"": 0, ""track_phase_profile_going"": 1}",2024-07-06
expected-tempo-targets-v2.0-walk-forward,2024-07-13|caulfield|1,2024-07-13,racing-com-rv-authorised,VIC,caulfield,1,1400,soft,true,handicap_unspecified,,7,1.0,0.03469967482098871,0.02810378164485798,-0.9491702542860647,even,even,38.285,23.8875,24.5625,19.74081899999999,0.9785160000000002,0.8191365000000029,track_phase_profile_going,12,"{""source_distance"": 65, ""source_distance_going"": 10, ""source_phase_profile"": 238, ""source_phase_profile_going"": 27, ""track_distance"": 35, ""track_distance_going"": 4, ""track_distance_going_rail"": 4, ""track_phase_profile_going"": 12}",2024-07-13
expected-tempo-targets-v2.0-walk-forward,2024-07-13|caulfield|2,2024-07-13,racing-com-rv-authorised,VIC,caulfield,2,1400,soft,true,benchmark,,14,1.0,0.00962472732260996,-0.007664667721328865,-0.04577991580158043,even,even,38.285,23.8875,24.5625,19.74081899999999,0.9785160000000002,0.8191365000000029,track_phase_profile_going,12,"{""source_distance"": 65, ""source_distance_going"": 10, ""source_phase_profile"": 238, ""source_phase_profile_going"": 27, ""track_distance"": 35, ""track_distance_going"": 4, ""track_distance_going_rail"": 4, ""track_phase_profile_going"": 12}",2024-07-13
expected-tempo-targets-v2.0-walk-forward,2024-07-13|caulfield|4,2024-07-13,racing-com-rv-authorised,VIC,caulfield,4,2000,soft,true,handicap_unspecified,,13,1.0,-1.9738289480289557,-0.6463869778317373,-2.7803668863492126,slow,very_slow_early,38.285,23.8875,24.5625,19.74081899999999,0.9785160000000002,0.8191365000000029,track_phase_profile_going,12,"{""source_distance"": 26, ""source_distance_going"": 2, ""source_phase_profile"": 238, ""source_phase_profile_going"": 27, ""track_distance"": 13, ""track_distance_going"": 2, ""track_distance_going_rail"": 0, ""track_phase_profile_going"": 12}",2024-07-13
expected-tempo-targets-v2.0-walk-forward,2024-07-13|caulfield|5,2024-07-13,racing-com-rv-authorised,VIC,caulfield,5,2000,soft,true,benchmark,,14,1.0,-2.021192737748116,-0.692374984159685,-1.834248626449917,slow,very_slow_early,38.285,23.8875,24.5625,19.74081899999999,0.9785160000000002,0.8191365000000029,track_phase_profile_going,12,"{""source_distance"": 26, ""source_distance_going"": 2, ""source_phase_profile"": 238, ""source_phase_profile_going"": 27, ""track_distance"": 13, ""track_distance_going"": 2, ""track_distance_going_rail"": 0, ""track_phase_profile_going"": 12}",2024-07-13
expected-tempo-targets-v2.0-walk-forward,2024-07-13|caulfield|7,2024-07-13,racing-com-rv-authorised,VIC,caulfield,7,1100,soft,true,handicap_unspecified,,13,1.0,1.3864532278130073,-1.3379242933880025,-3.4121297244110105,very_fast_or_collapse,pace_collapse,18.7,21.955,22.98,0.26686799999999955,0.45219299999999957,0.5040839999999998,track_distance,19,"{""source_distance"": 36, ""source_distance_going"": 0, ""source_phase_profile"": 36, ""source_phase_profile_going"": 0, ""track_distance"": 19, ""track_distance_going"": 0, ""track_distance_going_rail"": 0, ""track_phase_profile_going"": 0}",2024-07-13
expected-tempo-targets-v2.0-walk-forward,2024-07-13|caulfield|8,2024-07-13,racing-com-rv-authorised,VIC,caulfield,8,1100,soft,true,group,3,8,1.0,0.6370190506167784,-1.0836081053886337,-4.0,fast,fast_early,18.7,21.955,22.98,0.26686799999999955,0.45219299999999957,0.5040839999999998,track_distance,19,"{""source_distance"": 36, ""source_distance_going"": 0, ""source_phase_profile"": 36, ""source_phase_profile_going"": 0, ""track_distance"": 19, ""track_distance_going"": 0, ""track_distance_going_rail"": 0, ""track_phase_profile_going"": 0}",2024-07-13
expected-tempo-targets-v2.0-walk-forward,2024-07-13|caulfield|9,2024-07-13,racing-com-rv-authorised,VIC,caulfield,9,1400,soft,true,benchmark,,7,1.0,0.00481236366130498,-0.13540912974340763,-1.193329805227817,even,even,38.285,23.8875,24.5625,19.74081899999999,0.9785160000000002,0.8191365000000029,track_phase_profile_going,12,"{""source_distance"": 65, ""source_distance_going"": 10, ""source_phase_profile"": 238, ""source_phase_profile_going"": 27, ""track_distance"": 35, ""track_distance_going"": 4, ""track_distance_going_rail"": 4, ""track_phase_profile_going"": 12}",2024-07-13
expected-tempo-targets-v2.0-walk-forward,2024-07-13|randwick|1,2024-07-13,racing-com-nsw-authorised-v2,NSW,randwick,1,1400,soft,out_7m_plus,,,9,0.8888888888888888,-0.0553122384136115,-0.908923749169281,-0.8861409305905352,even,even,23.61574933687003,23.401472148541114,23.774953580901855,1.1615994031830228,0.6970087997347466,0.9084857625994709,track_distance_going_rail,6,"{""source_distance"": 27, ""source_distance_going"": 13, ""source_phase_profile"": 70, ""source_phase_profile_going"": 25, ""track_distance"": 14, ""track_distance_going"": 9, ""track_distance_going_rail"": 6, ""track_phase_profile_going"": 18}",2024-07-13
expected-tempo-targets-v2.0-walk-forward,2024-07-13|randwick|6,2024-07-13,racing-com-nsw-authorised-v2,NSW,randwick,6,1400,soft,out_7m_plus,,,11,1.0,-0.4427091316686439,-0.6721978999937828,-0.3247672459433185,even,even,23.61574933687003,23.401472148541114,23.774953580901855,1.1615994031830228,0.6970087997347466,0.9084857625994709,track_distance_going_rail,6,"{""source_distance"": 27, ""source_distance_going"": 13, ""source_phase_profile"": 70, ""source_phase_profile_going"": 25, ""track_distance"": 14, ""track_distance_going"": 9, ""track_distance_going_rail"": 6, ""track_phase_profile_going"": 18}",2024-07-13
expected-tempo-targets-v2.0-walk-forward,2024-07-13|randwick|8,2024-07-13,racing-com-nsw-authorised-v2,NSW,randwick,8,1400,soft,out_7m_plus,,,10,1.0,0.0006450906121161498,-1.7984390612226553,-1.1283021278893326,even,even,23.61574933687003,23.401472148541114,23.774953580901855,1.1615994031830228,0.6970087997347466,0.9084857625994709,track_distance_going_rail,6,"{""source_distance"": 27, ""source_distance_going"": 13, ""source_phase_profile"": 70, ""source_phase_profile_going"": 25, ""track_distance"": 14, ""track_distance_going"": 9, ""track_distance_going_rail"": 6, ""track_phase_profile_going"": 18}",2024-07-13
expected-tempo-targets-v2.0-walk-forward,2024-07-20|flemington|1,2024-07-20,racing-com-rv-authorised,VIC,flemington,1,1800,soft,out_1_3m,handicap_unspecified,,9,1.0,-1.4950078754918315,-0.7264204036090869,-1.0916401701236962,slow,very_slow_early,38.12944444444444,23.501296296296296,24.067037037037036,17.732719666666675,0.9343125555555551,0.8088406666666664,track_phase_profile_going,7,"{""source_distance"": 4, ""source_distance_going"": 0, ""source_phase_profile"": 243, ""source_phase_profile_going"": 32, ""track_distance"": 1, ""track_distance_going"": 0, ""track_distance_going_rail"": 0, ""track_phase_profile_going"": 7}",2024-07-20
expected-tempo-targets-v2.0-walk-forward,2024-07-20|flemington|3,2024-07-20,racing-com-rv-authorised,VIC,flemington,3,1000,soft,out_1_3m,handicap_unspecified,,11,1.0,-1.3401066405390232,-1.8402235344573037,-0.3657119708780766,slow,very_slow_early,13.734423076923077,21.59807692307692,23.009999999999998,0.3250315384615385,0.3977359615384593,0.5742223846153836,track_distance,6,"{""source_distance"": 21, ""source_distance_going"": 3, ""source_phase_profile"": 21, ""source_phase_profile_going"": 3, ""track_distance"": 6, ""track_distance_going"": 0, ""track_distance_going_rail"": 0, ""track_phase_profile_going"": 0}",2024-07-20
expected-tempo-targets-v2.0-walk-forward,2024-07-20|flemington|4,2024-07-20,racing-com-rv-authorised,VIC,flemington,4,1600,soft,out_1_3m,benchmark,,10,1.0,-0.7206024029002728,-0.41996762195432125,-0.32662087995591305,slow,slow_early,40.758015873015864,23.470079365079364,24.123121693121693,14.088190777777783,0.8927369999999994,0.8017806666666667,track_phase_profile_going,7,"{""source_distance"": 61, ""source_distance_going"": 8, ""source_phase_profile"": 243, ""source_phase_profile_going"": 32, ""track_distance"": 21, ""track_distance_going"": 2, ""track_distance_going_rail"": 0, ""track_phase_profile_going"": 7}",2024-07-20
expected-tempo-targets-v2.0-walk-forward,2024-07-20|flemington|5,2024-07-20,racing-com-rv-authorised,VIC,flemington,5,1400,soft,out_1_3m,handicap_unspecified,,12,1.0,0.17379835737656749,-0.027663949120464538,-1.4830514396780137,even,even,37.81092592592593,23.580925925925925,23.918888888888887,4.982359666666665,0.5087514444444428,0.7154917777777746,track_phase_profile_going,7,"{""source_distance"": 68, ""source_distance_going"": 13, ""source_phase_profile"": 243, ""source_phase_profile_going"": 32, ""track_distance"": 24, ""track_distance_going"": 2, ""track_distance_going_rail"": 0, ""track_phase_profile_going"": 7}",2024-07-20
expected-tempo-targets-v2.0-walk-forward,2024-07-20|flemington|6,2024-07-20,racing-com-rv-authorised,VIC,flemington,6,1200,soft,out_1_3m,benchmark,,14,1.0,0.689281545905544,0.9002743545008508,-1.6145459809333456,fast,fast_early,35.55029492455418,23.290528120713304,23.95373113854595,14.428494399176962,0.8225582757201642,0.7533194320987646,track_phase_profile_going,7,"{""source_distance"": 69, ""source_distance_going"": 7, ""source_phase_profile"": 243, ""source_phase_profile_going"": 32, ""track_distance"": 21, ""track_distance_going"": 3, ""track_distance_going_rail"": 0, ""track_phase_profile_going"": 7}",2024-07-20
expected-tempo-targets-v2.0-walk-forward,2024-07-20|rosehill|1,2024-07-20,racing-com-nsw-authorised-v2,NSW,rosehill,1,1200,soft,out_1_3m,,,8,1.0,-1.0250594134761553,-0.02935013783826909,-0.28325945926635687,slow,slow_early,24.604074074074077,23.054814814814815,23.33888888888889,0.4447800000000006,0.517380370370374,0.8335506666666647,track_phase_profile_going,7,"{""source_distance"": 25, ""source_distance_going"": 12, ""source_phase_profile"": 73, ""source_phase_profile_going"": 28, ""track_distance"": 10, ""track_distance_going"": 3, ""track_distance_going_rail"": 0, ""track_phase_profile_going"": 7}",2024-07-20
expected-tempo-targets-v2.0-walk-forward,2024-07-20|rosehill|5,2024-07-20,racing-com-nsw-authorised-v2,NSW,rosehill,5,1200,soft,out_1_3m,,,10,1.0,-1.6433426096630301,-1.5176168833446444,-0.15729231149849393,slow,very_slow_early,24.604074074074077,23.054814814814815,23.33888888888889,0.4447800000000006,0.517380370370374,0.8335506666666647,track_phase_profile_going,7,"{""source_distance"": 25, ""source_distance_going"": 12, ""source_phase_profile"": 73, ""source_phase_profile_going"": 28, ""track_distance"": 10, ""track_distance_going"": 3, ""track_distance_going_rail"": 0, ""track_phase_profile_going"": 7}",2024-07-20
expected-tempo-targets-v2.0-walk-forward,2024-07-20|rosehill|9,2024-07-20,racing-com-nsw-authorised-v2,NSW,rosehill,9,1300,soft,out_1_3m,,,10,1.0,1.6102093733563385,0.10471287083108849,-1.0172902462593385,very_fast_or_collapse,pace_collapse,23.95222222222222,23.428888888888885,23.337037037037035,0.842885555555555,0.5146348148148151,0.8335506666666647,track_phase_profile_going,7,"{""source_distance"": 6, ""source_distance_going"": 0, ""source_phase_profile"": 73, ""source_phase_profile_going"": 28, ""track_distance"": 5, ""track_distance_going"": 0, ""track_distance_going_rail"": 0, ""track_phase_profile_going"": 7}",2024-07-20
expected-tempo-targets-v2.0-walk-forward,2024-07-20|rosehill|10,2024-07-20,racing-com-nsw-authorised-v2,NSW,rosehill,10,1200,soft,out_1_3m,,,14,1.0,-1.5421689957415372,-0.8507960687995819,-0.42722191385820085,slow,very_slow_early,24.604074074074077,23.054814814814815,23.33888888888889,0.4447800000000006,0.517380370370374,0.8335506666666647,track_phase_profile_going,7,"{""source_distance"": 25, ""source_distance_going"": 12, ""source_phase_profile"": 73, ""source_phase_profile_going"": 28, ""track_distance"": 10, ""track_distance_going"": 3, ""track_distance_going_rail"": 0, ""track_phase_profile_going"": 7}",2024-07-20
expected-tempo-targets-v2.0-walk-forward,2024-07-27|caulfield|1,2024-07-27,racing-com-rv-authorised,VIC,caulfield,1,1400,good,out_4_6m,unclassified,,7,1.0,0.7369835135495015,-2.642688380231434,-2.6740215054402534,fast,fast_early,37.26172413793103,23.25758620689655,23.193103448275863,0.640074206896555,0.4928366896551716,0.41768420689655167,track_distance_going_rail,9,"{""source_distance"": 69, ""source_distance_going"": 55, ""source_phase_profile"": 247, ""source_phase_profile_going"": 211, ""track_distance"": 38, ""track_distance_going"": 31, ""track_distance_going_rail"": 9, ""track_phase_profile_going"": 86}",2024-07-27
expected-tempo-targets-v2.0-walk-forward,2024-07-27|caulfield|2,2024-07-27,racing-com-rv-authorised,VIC,caulfield,2,1200,soft,out_4_6m,handicap_unspecified,,9,1.0,0.6801286001713084,2.2218519135699566,1.2815324430055348,fast,sustained_high_pressure,38.19,23.97,25.1,19.511015999999994,0.5040839999999998,0.7413,track_phase_profile_going,17,"{""source_distance"": 70, ""source_distance_going"": 8, ""source_phase_profile"": 247, ""source_phase_profile_going"": 36, ""track_distance"": 28, ""track_distance_going"": 4, ""track_distance_going_rail"": 0, ""track_phase_profile_going"": 17}",2024-07-27
expected-tempo-targets-v2.0-walk-forward,2024-07-27|caulfield|3,2024-07-27,racing-com-rv-authorised,VIC,caulfield,3,2400,soft,out_4_6m,handicap_unspecified,,8,1.0,-3.542101549196619,-1.3787384642242178,1.011736139214893,slow,sprint_home,38.19,23.97,25.1,19.511015999999994,0.5040839999999998,0.7413,track_phase_profile_going,17,"{""source_distance"": 0, ""source_distance_going"": 0, ""source_phase_profile"": 247, ""source_phase_profile_going"": 36, ""track_distance"": 0, ""track_distance_going"": 0, ""track_distance_going_rail"": 0, ""track_phase_profile_going"": 17}",2024-07-27
expected-tempo-targets-v2.0-walk-forward,2024-07-27|caulfield|4,2024-07-27,racing-com-rv-authorised,VIC,caulfield,4,2400,soft,out_4_6m,unclassified,,10,1.0,-3.3381142222424507,-2.9161806365605725,-1.268042627815996,slow,very_slow_early,38.19,23.97,25.1,19.511015999999994,0.5040839999999998,0.7413,track_phase_profile_going,17,"{""source_distance"": 0, ""source_distance_going"": 0, ""source_phase_profile"": 247, ""source_phase_profile_going"": 36, ""track_distance"": 0, ""track_distance_going"": 0, ""track_distance_going_rail"": 0, ""track_phase_profile_going"": 17}",2024-07-27
expected-tempo-targets-v2.0-walk-forward,2024-07-27|caulfield|5,2024-07-27,racing-com-rv-authorised,VIC,caulfield,5,1100,soft,out_4_6m,handicap_unspecified,,9,1.0,-1.6219896835032426,-1.7302154264834486,-3.3333528837901443,slow,very_slow_early,18.665,21.994999999999997,23.005,0.31134600000000123,0.5114969999999983,0.5114969999999983,track_distance,21,"{""source_distance"": 38, ""source_distance_going"": 2, ""source_phase_profile"": 38, ""source_phase_profile_going"": 2, ""track_distance"": 21, ""track_distance_going"": 2, ""track_distance_going_rail"": 0, ""track_phase_profile_going"": 2}",2024-07-27
expected-tempo-targets-v2.0-walk-forward,2024-07-27|caulfield|6,2024-07-27,racing-com-rv-authorised,VIC,caulfield,6,1200,soft,out_4_6m,handicap_unspecified,,11,1.0,0.6919168125329814,2.003634314915765,-0.5530824227708082,fast,fast_early,38.19,23.97,25.1,19.511015999999994,0.5040839999999998,0.7413,track_phase_profile_going,17,"{""source_distance"": 70, ""source_distance_going"": 8, ""source_phase_profile"": 247, ""source_phase_profile_going"": 36, ""track_distance"": 28, ""track_distance_going"": 4, ""track_distance_going_rail"": 0, ""track_phase_profile_going"": 17}",2024-07-27
expected-tempo-targets-v2.0-walk-forward,2024-08-03|flemington|4,2024-08-03,racing-com-rv-authorised,VIC,flemington,4,1100,soft,out_7m_plus,benchmark,,9,1.0,-1.1700349909287848,-0.12263468354120442,1.0825160337278694,slow,sprint_home,19.415,21.61,23.35,0.3632370000000015,0.2446289999999987,0.6004530000000017,track_distance,17,"{""source_distance"": 39, ""source_distance_going"": 3, ""source_phase_profile"": 39, ""source_phase_profile_going"": 3, ""track_distance"": 17, ""track_distance_going"": 0, ""track_distance_going_rail"": 0, ""track_phase_profile_going"": 0}",2024-08-03
expected-tempo-targets-v2.0-walk-forward,2024-08-03|flemington|6,2024-08-03,racing-com-rv-authorised,VIC,flemington,6,1200,soft,out_7m_plus,group,3,8,1.0,0.6835189173106947,2.1791239921551604,1.1241512657943267,fast,sustained_high_pressure,37.185,23.39,24.02,17.168508000000003,0.6745829999999974,0.8228429999999995,track_phase_profile_going,11,"{""source_distance"": 72, ""source_distance_going"": 10, ""source_phase_profile"": 252, ""source_phase_profile_going"": 40, ""track_distance"": 22, ""track_distance_going"": 4, ""track_distance_going_rail"": 0, ""track_phase_profile_going"": 11}",2024-08-03
expected-tempo-targets-v2.0-walk-forward,2024-08-03|flemington|7,2024-08-03,racing-com-rv-authorised,VIC,flemington,7,2000,soft,out_7m_plus,benchmark,,12,1.0,-2.3513982694361095,0.5484869912227294,-0.35851310638845846,slow,very_slow_early,37.185,23.39,24.02,17.168508000000003,0.6745829999999974,0.8228429999999995,track_phase_profile_going,11,"{""source_distance"": 28, ""source_distance_going"": 4, ""source_phase_profile"": 252, ""source_phase_profile_going"": 40, ""track_distance"": 13, ""track_distance_going"": 0, ""track_distance_going_rail"": 0, ""track_phase_profile_going"": 11}",2024-08-03
expected-tempo-targets-v2.0-walk-forward,2024-08-03|flemington|9,2024-08-03,racing-com-rv-authorised,VIC,flemington,9,1200,soft,out_7m_plus,benchmark,,13,1.0,0.6771118375574628,2.2828918013054067,0.935779972607168,fast,sustained_high_pressure,37.185,23.39,24.02,17.168508000000003,0.6745829999999974,0.8228429999999995,track_phase_profile_going,11,"{""source_distance"": 72, ""source_distance_going"": 10, ""source_phase_profile"": 252, ""source_phase_profile_going"": 40, ""track_distance"": 22, ""track_distance_going"": 4, ""track_distance_going_rail"": 0, ""track_phase_profile_going"": 11}",2024-08-03
expected-tempo-targets-v2.0-walk-forward,2024-08-03|rosehill|2,2024-08-03,racing-com-nsw-authorised-v2,NSW,rosehill,2,1400,good,out_7m_plus,,,12,0.9166666666666666,0.782703451417545,-0.0017820099325659827,0.2629895163096811,fast,fast_early,24.35,23.348000000000003,23.57,1.9036584000000005,1.1223281999999948,1.2928272000000018,track_distance_going,5,"{""source_distance"": 30, ""source_distance_going"": 8, ""source_phase_profile"": 77, ""source_phase_profile_going"": 37, ""track_distance"": 13, ""track_distance_going"": 5, ""track_distance_going_rail"": 1, ""track_phase_profile_going"": 25}",2024-08-03
expected-tempo-targets-v2.0-walk-forward,2024-08-03|rosehill|3,2024-08-03,racing-com-nsw-authorised-v2,NSW,rosehill,3,1200,good,out_7m_plus,,,8,1.0,-0.4247756451045547,0.7857366351109265,0.5724788683205725,even,even,24.691666666666666,23.311111111111114,23.557037037037034,2.279634777777778,1.1086553333333287,1.4359255555555572,track_distance_going,7,"{""source_distance"": 28, ""source_distance_going"": 13, ""source_phase_profile"": 77, ""source_phase_profile_going"": 37, ""track_distance"": 13, ""track_distance_going"": 7, ""track_distance_going_rail"": 1, ""track_phase_profile_going"": 25}",2024-08-03
expected-tempo-targets-v2.0-walk-forward,2024-08-03|rosehill|4,2024-08-03,racing-com-nsw-authorised-v2,NSW,rosehill,4,1200,good,out_7m_plus,,,14,1.0,-0.18789559516672963,0.21297070785851263,0.25561007366780264,even,even,24.691666666666666,23.311111111111114,23.557037037037034,2.279634777777778,1.1086553333333287,1.4359255555555572,track_distance_going,7,"{""source_distance"": 28, ""source_distance_going"": 13, ""source_phase_profile"": 77, ""source_phase_profile_going"": 37, ""track_distance"": 13, ""track_distance_going"": 7, ""track_distance_going_rail"": 1, ""track_phase_profile_going"": 25}",2024-08-03
expected-tempo-targets-v2.0-walk-forward,2024-08-03|rosehill|5,2024-08-03,racing-com-nsw-authorised-v2,NSW,rosehill,5,1400,good,out_7m_plus,,,9,1.0,0.36771303086730406,-0.03742220858390463,0.4950390895241063,even,even,24.35,23.348000000000003,23.57,1.9036584000000005,1.1223281999999948,1.2928272000000018,track_distance_going,5,"{""source_distance"": 30, ""source_distance_going"": 8, ""source_phase_profile"": 77, ""source_phase_profile_going"": 37, ""track_distance"": 13, ""track_distance_going"": 5, ""track_distance_going_rail"": 1, ""track_phase_profile_going"": 25}",2024-08-03
expected-tempo-targets-v2.0-walk-forward,2024-08-03|rosehill|6,2024-08-03,racing-com-nsw-authorised-v2,NSW,rosehill,6,2000,good,out_7m_plus,,,11,0.9090909090909091,0.05155343384534375,-0.38323338606624924,-1.1166210659277567,even,even,24.68,23.490000000000002,23.57,2.3276820000000003,1.3046879999999932,1.5493170000000025,track_phase_profile_going,25,"{""source_distance"": 5, ""source_distance_going"": 3, ""source_phase_profile"": 77, ""source_phase_profile_going"": 37, ""track_distance"": 3, ""track_distance_going"": 2, ""track_distance_going_rail"": 2, ""track_phase_profile_going"": 25}",2024-08-03
expected-tempo-targets-v2.0-walk-forward,2024-08-03|rosehill|9,2024-08-03,racing-com-nsw-authorised-v2,NSW,rosehill,9,1300,good,out_7m_plus,,,12,1.0,0.8223762949345691,0.6919410265946643,0.18347931452722308,very_fast_or_collapse,sustained_high_pressure,24.43,23.527,23.352,2.1097398000000007,1.3180313999999949,1.346200800000003,track_distance_going,5,"{""source_distance"": 7, ""source_distance_going"": 6, ""source_phase_profile"": 77, ""source_phase_profile_going"": 37, ""track_distance"": 6, ""track_distance_going"": 5, ""track_distance_going_rail"": 1, ""track_phase_profile_going"": 25}",2024-08-03
expected-tempo-targets-v2.0-walk-forward,2024-08-03|rosehill|10,2024-08-03,racing-com-nsw-authorised-v2,NSW,rosehill,10,1400,good,out_7m_plus,,,12,1.0,0.5174247648632755,-0.2512634004919397,0.5298465255062713,fast,fast_early,24.35,23.348000000000003,23.57,1.9036584000000005,1.1223281999999948,1.2928272000000018,track_distance_going,5,"{""source_distance"": 30, ""source_distance_going"": 8, ""source_phase_profile"": 77, ""source_phase_profile_going"": 37, ""track_distance"": 13, ""track_distance_going"": 5, ""track_distance_going_rail"": 1, ""track_phase_profile_going"": 25}",2024-08-03
expected-tempo-targets-v2.0-walk-forward,2024-08-10|randwick|3,2024-08-10,racing-com-nsw-authorised-v2,NSW,randwick,3,1400,soft,true,,,8,1.0,-0.3547122719159796,0.979308698855436,0.9901015299486604,even,even,23.395,23.744999999999997,23.8425,0.9303315000000019,0.7709519999999993,0.9822225000000021,track_distance_going,12,"{""source_distance"": 33, ""source_distance_going"": 16, ""source_phase_profile"": 84, ""source_phase_profile_going"": 32, ""track_distance"": 17, ""track_distance_going"": 12, ""track_distance_going_rail"": 2, ""track_phase_profile_going"": 21}",2024-08-10
expected-tempo-targets-v2.0-walk-forward,2024-08-10|randwick|6,2024-08-10,racing-com-nsw-authorised-v2,NSW,randwick,6,1200,soft,true,,,9,1.0,-1.0253622151639115,0.6801826646198642,1.1811958970425775,slow,sprint_home,24.142068965517243,22.99448275862069,24.094827586206897,1.0122579310344841,0.7269852413793055,0.9268806206896538,track_distance_going,9,"{""source_distance"": 30, ""source_distance_going"": 15, ""source_phase_profile"": 84, ""source_phase_profile_going"": 32, ""track_distance"": 15, ""track_distance_going"": 9, ""track_distance_going_rail"": 3, ""track_phase_profile_going"": 21}",2024-08-10
expected-tempo-targets-v2.0-walk-forward,2024-08-10|randwick|8,2024-08-10,racing-com-nsw-authorised-v2,NSW,randwick,8,1200,soft,true,,,9,1.0,-0.3338388607510403,0.7902261640562692,1.0409405102126412,even,even,24.142068965517243,22.99448275862069,24.094827586206897,1.0122579310344841,0.7269852413793055,0.9268806206896538,track_distance_going,9,"{""source_distance"": 30, ""source_distance_going"": 15, ""source_phase_profile"": 84, ""source_phase_profile_going"": 32, ""track_distance"": 15, ""track_distance_going"": 9, ""track_distance_going_rail"": 3, ""track_phase_profile_going"": 21}",2024-08-10
expected-tempo-targets-v2.0-walk-forward,2024-08-10|randwick|10,2024-08-10,racing-com-nsw-authorised-v2,NSW,randwick,10,1200,soft,true,,,10,1.0,-1.183424696172568,0.37068532245497177,1.289084656142531,slow,sprint_home,24.142068965517243,22.99448275862069,24.094827586206897,1.0122579310344841,0.7269852413793055,0.9268806206896538,track_distance_going,9,"{""source_distance"": 30, ""source_distance_going"": 15, ""source_phase_profile"": 84, ""source_phase_profile_going"": 32, ""track_distance"": 15, ""track_distance_going"": 9, ""track_distance_going_rail"": 3, ""track_phase_profile_going"": 21}",2024-08-10
expected-tempo-targets-v2.0-walk-forward,2024-08-10|the-valley|1,2024-08-10,racing-com-rv-authorised,VIC,the-valley,1,1600,soft,true,,,8,1.0,-0.564407186377894,-1.2214445606257653,-1.0862768693864988,slow,slow_early,42.13758620689655,23.605862068965518,24.363965517241382,13.088801793103444,0.8057164137931013,0.8801020344827571,source_distance_going,9,"{""source_distance"": 62, ""source_distance_going"": 9, ""source_phase_profile"": 255, ""source_phase_profile_going"": 43, ""track_distance"": 15, ""track_distance_going"": 0, ""track_distance_going_rail"": 0, ""track_phase_profile_going"": 0}",2024-08-10
expected-tempo-targets-v2.0-walk-forward,2024-08-10|the-valley|2,2024-08-10,racing-com-rv-authorised,VIC,the-valley,2,1000,soft,true,,,8,1.0,-0.34552859959151827,-4.0,-1.0749327340169945,even,even,13.606851851851852,21.593333333333327,23.18444444444444,0.3129933333333332,0.3753174444444431,0.47031366666666574,track_distance,7,"{""source_distance"": 22, ""source_distance_going"": 4, ""source_phase_profile"": 22, ""source_phase_profile_going"": 4, ""track_distance"": 7, ""track_distance_going"": 0, ""track_distance_going_rail"": 0, ""track_phase_profile_going"": 0}",2024-08-10
expected-tempo-targets-v2.0-walk-forward,2024-08-10|the-valley|5,2024-08-10,racing-com-rv-authorised,VIC,the-valley,5,1000,soft,true,,,6,1.0,1.347798201831301,-2.415732815213933,-2.297521063365998,very_fast_or_collapse,pace_collapse,13.606851851851852,21.593333333333327,23.18444444444444,0.3129933333333332,0.3753174444444431,0.47031366666666574,track_distance,7,"{""source_distance"": 22, ""source_distance_going"": 4, ""source_phase_profile"": 22, ""source_phase_profile_going"": 4, ""track_distance"": 7, ""track_distance_going"": 0, ""track_distance_going_rail"": 0, ""track_phase_profile_going"": 0}",2024-08-10
expected-tempo-targets-v2.0-walk-forward,2024-08-10|the-valley|6,2024-08-10,racing-com-rv-authorised,VIC,the-valley,6,1000,soft,true,,,12,1.0,0.9963530166303399,-2.069359360091343,-3.0735988724310177,very_fast_or_collapse,pace_collapse,13.606851851851852,21.593333333333327,23.18444444444444,0.3129933333333332,0.3753174444444431,0.47031366666666574,track_distance,7,"{""source_distance"": 22, ""source_distance_going"": 4, ""source_phase_profile"": 22, ""source_phase_profile_going"": 4, ""track_distance"": 7, ""track_distance_going"": 0, ""track_distance_going_rail"": 0, ""track_phase_profile_going"": 0}",2024-08-10
expected-tempo-targets-v2.0-walk-forward,2024-08-10|the-valley|8,2024-08-10,racing-com-rv-authorised,VIC,the-valley,8,1600,soft,true,,,15,1.0,-0.5479809310644946,-1.4448482258838764,-2.347494269767075,slow,slow_early,42.13758620689655,23.605862068965518,24.363965517241382,13.088801793103444,0.8057164137931013,0.8801020344827571,source_distance_going,9,"{""source_distance"": 62, ""source_distance_going"": 9, ""source_phase_profile"": 255, ""source_phase_profile_going"": 43, ""track_distance"": 15, ""track_distance_going"": 0, ""track_distance_going_rail"": 0, ""track_phase_profile_going"": 0}",2024-08-10
expected-tempo-targets-v2.0-walk-forward,2024-08-10|the-valley|9,2024-08-10,racing-com-rv-authorised,VIC,the-valley,9,1200,soft,true,,,12,1.0,0.1940980602810373,-1.5399877517253275,-1.4807179954134628,even,even,25.240000000000002,22.555,23.89,0.5152035000000001,0.41883450000000094,0.9488640000000008,source_distance_going,12,"{""source_distance"": 74, ""source_distance_going"": 12, ""source_phase_profile"": 255, ""source_phase_profile_going"": 43, ""track_distance"": 20, ""track_distance_going"": 0, ""track_distance_going_rail"": 0, ""track_phase_profile_going"": 0}",2024-08-10
expected-tempo-targets-v2.0-walk-forward,2024-08-17|caulfield|1,2024-08-17,racing-com-rv-authorised,VIC,caulfield,1,1100,good,out_7m_plus,benchmark,,9,1.0,0.691722275229654,0.45017974477768047,-0.10744100593432906,fast,fast_early,18.720714285714287,21.916428571428572,22.948571428571427,0.2901659999999994,0.4585469999999998,0.47866799999999954,track_distance_going_rail,8,"{""source_distance"": 40, ""source_distance_going"": 36, ""source_phase_profile"": 40, ""source_phase_profile_going"": 36, ""track_distance"": 22, ""track_distance_going"": 19, ""track_distance_going_rail"": 8, ""track_phase_profile_going"": 19}",2024-08-17
expected-tempo-targets-v2.0-walk-forward,2024-08-17|caulfield|2,2024-08-17,racing-com-rv-authorised,VIC,caulfield,2,1600,good,out_7m_plus,benchmark,,5,1.0,-0.7279960360696925,1.2106244400861996,1.0277954430119522,slow,slow_early,50.6875,23.490000000000002,23.9,1.5419039999999986,0.2891070000000004,1.0118745000000013,track_distance_going,18,"{""source_distance"": 64, ""source_distance_going"": 53, ""source_phase_profile"": 258, ""source_phase_profile_going"": 212, ""track_distance"": 20, ""track_distance_going"": 18, ""track_distance_going_rail"": 4, ""track_phase_profile_going"": 87}",2024-08-17
expected-tempo-targets-v2.0-walk-forward,2024-08-17|caulfield|3,2024-08-17,racing-com-rv-authorised,VIC,caulfield,3,1400,good,out_7m_plus,benchmark,,10,1.0,0.936157149385414,-0.21590569349149158,-2.542311324181017,very_fast_or_collapse,pace_collapse,37.07310344827586,23.161551724137933,23.181206896551725,0.7083249310344837,0.5022946551724163,0.3987682758620681,track_distance_going_rail,9,"{""source_distance"": 70, ""source_distance_going"": 56, ""source_phase_profile"": 258, ""source_phase_profile_going"": 212, ""track_distance"": 39, ""track_distance_going"": 32, ""track_distance_going_rail"": 9, ""track_phase_profile_going"": 87}",2024-08-17
expected-tempo-targets-v2.0-walk-forward,2024-08-17|caulfield|4,2024-08-17,racing-com-rv-authorised,VIC,caulfield,4,1100,good,out_7m_plus,benchmark,,13,1.0,-0.2387795754351382,-0.33490880666851713,-0.0029844723870671706,even,even,18.720714285714287,21.916428571428572,22.948571428571427,0.2901659999999994,0.4585469999999998,0.47866799999999954,track_distance_going_rail,8,"{""source_distance"": 40, ""source_distance_going"": 36, ""source_phase_profile"": 40, ""source_phase_profile_going"": 36, ""track_distance"": 22, ""track_distance_going"": 19, ""track_distance_going_rail"": 8, ""track_phase_profile_going"": 19}",2024-08-17
expected-tempo-targets-v2.0-walk-forward,2024-08-17|caulfield|5,2024-08-17,racing-com-rv-authorised,VIC,caulfield,5,1100,good,out_7m_plus,group,3,6,1.0,0.07138770811979255,0.16667554564433304,-0.556604100187556,even,even,18.720714285714287,21.916428571428572,22.948571428571427,0.2901659999999994,0.4585469999999998,0.47866799999999954,track_distance_going_rail,8,"{""source_distance"": 40, ""source_distance_going"": 36, ""source_phase_profile"": 40, ""source_phase_profile_going"": 36, ""track_distance"": 22, ""track_distance_going"": 19, ""track_distance_going_rail"": 8, ""track_phase_profile_going"": 19}",2024-08-17
expected-tempo-targets-v2.0-walk-forward,2024-08-17|caulfield|6,2024-08-17,racing-com-rv-authorised,VIC,caulfield,6,1100,good,out_7m_plus,group,3,8,1.0,0.3470919601686267,-0.28038876837364535,0.31038512825471853,even,even,18.720714285714287,21.916428571428572,22.948571428571427,0.2901659999999994,0.4585469999999998,0.47866799999999954,track_distance_going_rail,8,"{""source_distance"": 40, ""source_distance_going"": 36, ""source_phase_profile"": 40, ""source_phase_profile_going"": 36, ""track_distance"": 22, ""track_distance_going"": 19, ""track_distance_going_rail"": 8, ""track_phase_profile_going"": 19}",2024-08-17
expected-tempo-targets-v2.0-walk-forward,2024-08-17|caulfield|7,2024-08-17,racing-com-rv-authorised,VIC,caulfield,7,1200,good,out_7m_plus,listed,,11,1.0,-1.300144698073954,-1.9996105770332278,1.3531026437565052,slow,sprint_home,24.516296296296296,22.241666666666664,23.249629629629627,0.3412725555555555,0.34923466666666536,0.5392271111111114,track_distance_going_rail,7,"{""source_distance"": 75, ""source_distance_going"": 62, ""source_phase_profile"": 258, ""source_phase_profile_going"": 212, ""track_distance"": 30, ""track_distance_going"": 24, ""track_distance_going_rail"": 7, ""track_phase_profile_going"": 87}",2024-08-17
expected-tempo-targets-v2.0-walk-forward,2024-08-17|caulfield|8,2024-08-17,racing-com-rv-authorised,VIC,caulfield,8,1400,good,out_7m_plus,group,2,10,1.0,0.1949718868064707,1.1677443072464944,-0.7618286655113835,even,even,37.07310344827586,23.161551724137933,23.181206896551725,0.7083249310344837,0.5022946551724163,0.3987682758620681,track_distance_going_rail,9,"{""source_distance"": 70, ""source_distance_going"": 56, ""source_phase_profile"": 258, ""source_phase_profile_going"": 212, ""track_distance"": 39, ""track_distance_going"": 32, ""track_distance_going_rail"": 9, ""track_phase_profile_going"": 87}",2024-08-17
expected-tempo-targets-v2.0-walk-forward,2024-08-17|caulfield|9,2024-08-17,racing-com-rv-authorised,VIC,caulfield,9,1400,good,out_7m_plus,benchmark,,11,1.0,0.7102721169803999,-0.176088427283198,-1.752378877024769,fast,fast_early,37.07310344827586,23.161551724137933,23.181206896551725,0.7083249310344837,0.5022946551724163,0.3987682758620681,track_distance_going_rail,9,"{""source_distance"": 70, ""source_distance_going"": 56, ""source_phase_profile"": 258, ""source_phase_profile_going"": 212, ""track_distance"": 39, ""track_distance_going"": 32, ""track_distance_going_rail"": 9, ""track_phase_profile_going"": 87}",2024-08-17
expected-tempo-targets-v2.0-walk-forward,2024-08-17|rosehill|1,2024-08-17,racing-com-nsw-authorised-v2,NSW,rosehill,1,1300,soft,true,,,6,1.0,1.2704000712471786,4.0,-1.6773520202773273,very_fast_or_collapse,pace_collapse,24.96,23.439999999999998,23.16,1.5270780000000017,0.1,0.5633879999999984,track_phase_profile_going,11,"{""source_distance"": 8, ""source_distance_going"": 1, ""source_phase_profile"": 88, ""source_phase_profile_going"": 36, ""track_distance"": 7, ""track_distance_going"": 1, ""track_distance_going_rail"": 0, ""track_phase_profile_going"": 11}",2024-08-17
expected-tempo-targets-v2.0-walk-forward,2024-08-17|rosehill|3,2024-08-17,racing-com-nsw-authorised-v2,NSW,rosehill,3,1300,soft,true,,,15,1.0,1.1132371758351578,-1.8000000000000327,-1.0117361392148898,very_fast_or_collapse,pace_collapse,24.96,23.439999999999998,23.16,1.5270780000000017,0.1,0.5633879999999984,track_phase_profile_going,11,"{""source_distance"": 8, ""source_distance_going"": 1, ""source_phase_profile"": 88, ""source_phase_profile_going"": 36, ""track_distance"": 7, ""track_distance_going"": 1, ""track_distance_going_rail"": 0, ""track_phase_profile_going"": 11}",2024-08-17
expected-tempo-targets-v2.0-walk-forward,2024-08-17|rosehill|5,2024-08-17,racing-com-nsw-authorised-v2,NSW,rosehill,5,1400,soft,true,,,11,1.0,0.26193815902003575,-3.500000000000014,0.9229873550732373,even,even,24.96,23.439999999999998,23.16,1.5270780000000017,0.1,0.5633879999999984,track_phase_profile_going,11,"{""source_distance"": 34, ""source_distance_going"": 17, ""source_phase_profile"": 88, ""source_phase_profile_going"": 36, ""track_distance"": 16, ""track_distance_going"": 4, ""track_distance_going_rail"": 4, ""track_phase_profile_going"": 11}",2024-08-17
expected-tempo-targets-v2.0-walk-forward,2024-08-17|rosehill|7,2024-08-17,racing-com-nsw-authorised-v2,NSW,rosehill,7,1200,soft,true,,,9,1.0,-0.33559260191460916,-0.4180182886544249,0.5897150055313655,even,even,25.02,23.444615384615382,23.16576923076923,1.2217194230769242,0.1085708846153844,0.5693754230769216,track_distance_going,6,"{""source_distance"": 33, ""source_distance_going"": 18, ""source_phase_profile"": 88, ""source_phase_profile_going"": 36, ""track_distance"": 15, ""track_distance_going"": 6, ""track_distance_going_rail"": 3, ""track_phase_profile_going"": 11}",2024-08-17
expected-tempo-targets-v2.0-walk-forward,2024-08-17|rosehill|8,2024-08-17,racing-com-nsw-authorised-v2,NSW,rosehill,8,1400,soft,true,,,11,1.0,0.7923629310356115,2.4999999999999645,-0.24849659559664203,very_fast_or_collapse,fast_early,24.96,23.439999999999998,23.16,1.5270780000000017,0.1,0.5633879999999984,track_phase_profile_going,11,"{""source_distance"": 34, ""source_distance_going"": 17, ""source_phase_profile"": 88, ""source_phase_profile_going"": 36, ""track_distance"": 16, ""track_distance_going"": 4, ""track_distance_going_rail"": 4, ""track_phase_profile_going"": 11}",2024-08-17
expected-tempo-targets-v2.0-walk-forward,2024-08-17|rosehill|10,2024-08-17,racing-com-nsw-authorised-v2,NSW,rosehill,10,1400,soft,true,,,11,1.0,1.204915531492171,2.399999999999949,-1.7572259260048158,very_fast_or_collapse,pace_collapse,24.96,23.439999999999998,23.16,1.5270780000000017,0.1,0.5633879999999984,track_phase_profile_going,11,"{""source_distance"": 34, ""source_distance_going"": 17, ""source_phase_profile"": 88, ""source_phase_profile_going"": 36, ""track_distance"": 16, ""track_distance_going"": 4, ""track_distance_going_rail"": 4, ""track_phase_profile_going"": 11}",2024-08-17
expected-tempo-targets-v2.0-walk-forward,2024-08-24|randwick|1,2024-08-24,racing-com-nsw-authorised-v2,NSW,randwick,1,1200,good,out_1_3m,,,13,0.9230769230769231,4.0,1.1192565578155373,0.7853584713581729,very_fast_or_collapse,sustained_high_pressure,24.28576923076923,22.614615384615384,23.123076923076923,0.689123884615382,0.589333499999999,0.7042349999999993,track_distance_going,6,"{""source_distance"": 34, ""source_distance_going"": 15, ""source_phase_profile"": 94, ""source_phase_profile_going"": 44, ""track_distance"": 18, ""track_distance_going"": 6, ""track_distance_going_rail"": 1, ""track_phase_profile_going"": 12}",2024-08-24
expected-tempo-targets-v2.0-walk-forward,2024-08-24|randwick|4,2024-08-24,racing-com-nsw-authorised-v2,NSW,randwick,4,1600,good,out_1_3m,,,10,0.7,-1.7199514366653221,0.10304719936448611,0.5786420726035991,slow,very_slow_early,24.265,22.685000000000002,23.107499999999998,0.7412999999999973,0.5337359999999991,0.7042349999999994,track_phase_profile_going,12,"{""source_distance"": 1, ""source_distance_going"": 1, ""source_phase_profile"": 94, ""source_phase_profile_going"": 44, ""track_distance"": 1, ""track_distance_going"": 1, ""track_distance_going_rail"": 1, ""track_phase_profile_going"": 12}",2024-08-24
expected-tempo-targets-v2.0-walk-forward,2024-08-24|randwick|5,2024-08-24,racing-com-nsw-authorised-v2,NSW,randwick,5,2000,good,out_1_3m,,,8,0.875,-0.23607176581680533,1.2834060284485278,1.217633318423536,even,even,24.265,22.685000000000002,23.107499999999998,0.7412999999999973,0.5337359999999991,0.7042349999999994,track_phase_profile_going,12,"{""source_distance"": 6, ""source_distance_going"": 4, ""source_phase_profile"": 94, ""source_phase_profile_going"": 44, ""track_distance"": 2, ""track_distance_going"": 1, ""track_distance_going_rail"": 0, ""track_phase_profile_going"": 12}",2024-08-24
expected-tempo-targets-v2.0-walk-forward,2024-08-24|randwick|6,2024-08-24,racing-com-nsw-authorised-v2,NSW,randwick,6,1200,good,out_1_3m,,,12,0.8333333333333334,-0.6809091655452674,0.4320395575941037,1.878743491983391,slow,slow_early,24.28576923076923,22.614615384615384,23.123076923076923,0.689123884615382,0.589333499999999,0.7042349999999993,track_distance_going,6,"{""source_distance"": 34, ""source_distance_going"": 15, ""source_phase_profile"": 94, ""source_phase_profile_going"": 44, ""track_distance"": 18, ""track_distance_going"": 6, ""track_distance_going_rail"": 1, ""track_phase_profile_going"": 12}",2024-08-24
expected-tempo-targets-v2.0-walk-forward,2024-08-24|randwick|8,2024-08-24,racing-com-nsw-authorised-v2,NSW,randwick,8,1400,good,out_1_3m,,,12,1.0,4.0,1.770538243626066,1.3028321511995302,very_fast_or_collapse,sustained_high_pressure,24.265,22.685000000000002,23.107499999999998,0.7412999999999973,0.5337359999999991,0.7042349999999994,track_phase_profile_going,12,"{""source_distance"": 37, ""source_distance_going"": 11, ""source_phase_profile"": 94, ""source_phase_profile_going"": 44, ""track_distance"": 18, ""track_distance_going"": 3, ""track_distance_going_rail"": 0, ""track_phase_profile_going"": 12}",2024-08-24
expected-tempo-targets-v2.0-walk-forward,2024-08-24|the-valley|2,2024-08-24,racing-com-rv-authorised,VIC,the-valley,2,1200,soft,out_4_6m,,,7,1.0,-1.0759733544031418,-2.7212213399572764,0.7644228607401421,slow,sprint_home,25.14,22.56,24.15,0.6226919999999972,0.429954000000004,1.3343399999999979,source_distance_going,13,"{""source_distance"": 76, ""source_distance_going"": 13, ""source_phase_profile"": 263, ""source_phase_profile_going"": 46, ""track_distance"": 21, ""track_distance_going"": 1, ""track_distance_going_rail"": 0, ""track_phase_profile_going"": 3}",2024-08-24
expected-tempo-targets-v2.0-walk-forward,2024-08-24|the-valley|4,2024-08-24,racing-com-rv-authorised,VIC,the-valley,4,1200,soft,out_4_6m,,,8,1.0,0.3934529430280172,-2.023472278429769,-0.40094728479997677,even,even,25.14,22.56,24.15,0.6226919999999972,0.429954000000004,1.3343399999999979,source_distance_going,13,"{""source_distance"": 76, ""source_distance_going"": 13, ""source_phase_profile"": 263, ""source_phase_profile_going"": 46, ""track_distance"": 21, ""track_distance_going"": 1, ""track_distance_going_rail"": 0, ""track_phase_profile_going"": 3}",2024-08-24
expected-tempo-targets-v2.0-walk-forward,2024-08-24|the-valley|6,2024-08-24,racing-com-rv-authorised,VIC,the-valley,6,1600,soft,out_4_6m,,,12,1.0,1.7057369619821312,-0.7494341771962144,-0.1517604208822362,very_fast_or_collapse,very_fast_early,50.63,23.715,24.575,0.8969730000000059,1.1341890000000008,0.8895599999999968,source_distance_going,11,"{""source_distance"": 65, ""source_distance_going"": 11, ""source_phase_profile"": 263, ""source_phase_profile_going"": 46, ""track_distance"": 17, ""track_distance_going"": 2, ""track_distance_going_rail"": 0, ""track_phase_profile_going"": 3}",2024-08-24
expected-tempo-targets-v2.0-walk-forward,2024-08-24|the-valley|8,2024-08-24,racing-com-rv-authorised,VIC,the-valley,8,1000,soft,out_4_6m,,,8,1.0,0.7847744881784879,0.1766466388899058,0.5960629201999615,fast,fast_early,13.555967078189298,22.22163237311385,23.511275720164605,0.17325624142661158,0.8017835720164603,0.362840419753084,source_distance_going,7,"{""source_distance"": 25, ""source_distance_going"": 7, ""source_phase_profile"": 25, ""source_phase_profile_going"": 7, ""track_distance"": 10, ""track_distance_going"": 3, ""track_distance_going_rail"": 0, ""track_phase_profile_going"": 3}",2024-08-24
expected-tempo-targets-v2.0-walk-forward,2024-08-24|the-valley|9,2024-08-24,racing-com-rv-authorised,VIC,the-valley,9,1200,soft,out_4_6m,,,8,1.0,0.6263128480854134,-2.4653800173971923,0.14613966455326274,fast,fast_early,25.14,22.56,24.15,0.6226919999999972,0.429954000000004,1.3343399999999979,source_distance_going,13,"{""source_distance"": 76, ""source_distance_going"": 13, ""source_phase_profile"": 263, ""source_phase_profile_going"": 46, ""track_distance"": 21, ""track_distance_going"": 1, ""track_distance_going_rail"": 0, ""track_phase_profile_going"": 3}",2024-08-24
expected-tempo-targets-v2.0-walk-forward,2024-08-31|caulfield|1,2024-08-31,racing-com-rv-authorised,VIC,caulfield,1,1400,good,true,benchmark,,10,1.0,1.0065263753672369,-0.93060807051841,-0.287628690141311,fast,fast_early,37.13948275862069,23.19896551724138,23.302586206896553,0.7446230689655138,0.4739207586206893,0.582048310344827,track_distance_going_rail,9,"{""source_distance"": 73, ""source_distance_going"": 59, ""source_phase_profile"": 267, ""source_phase_profile_going"": 217, ""track_distance"": 42, ""track_distance_going"": 35, ""track_distance_going_rail"": 9, ""track_phase_profile_going"": 92}",2024-08-31
expected-tempo-targets-v2.0-walk-forward,2024-08-31|caulfield|2,2024-08-31,racing-com-rv-authorised,VIC,caulfield,2,1400,good,true,benchmark,,10,1.0,0.7043600722031661,-0.234289131123474,-0.34776115574243677,fast,fast_early,37.13948275862069,23.19896551724138,23.302586206896553,0.7446230689655138,0.4739207586206893,0.582048310344827,track_distance_going_rail,9,"{""source_distance"": 73, ""source_distance_going"": 59, ""source_phase_profile"": 267, ""source_phase_profile_going"": 217, ""track_distance"": 42, ""track_distance_going"": 35, ""track_distance_going_rail"": 9, ""track_phase_profile_going"": 92}",2024-08-31
expected-tempo-targets-v2.0-walk-forward,2024-08-31|caulfield|3,2024-08-31,racing-com-rv-authorised,VIC,caulfield,3,1800,good,true,benchmark,,15,1.0,-1.3510159773067296,-0.5213854950555289,-1.2412020676966207,slow,very_slow_early,37.2975,23.165,23.3875,18.432424499999996,0.604159500000001,0.7190610000000017,track_phase_profile_going,92,"{""source_distance"": 5, ""source_distance_going"": 4, ""source_phase_profile"": 267, ""source_phase_profile_going"": 217, ""track_distance"": 2, ""track_distance_going"": 2, ""track_distance_going_rail"": 0, ""track_phase_profile_going"": 92}",2024-08-31
expected-tempo-targets-v2.0-walk-forward,2024-08-31|caulfield|4,2024-08-31,racing-com-rv-authorised,VIC,caulfield,4,2000,good,true,open_or_quality,,10,1.0,0.9176211495204749,0.9105625252934053,0.26450618018690486,very_fast_or_collapse,sustained_high_pressure,76.38,23.435,24.1,1.2750359999999992,0.29651999999999895,0.756125999999997,track_distance_going,11,"{""source_distance"": 29, ""source_distance_going"": 24, ""source_phase_profile"": 267, ""source_phase_profile_going"": 217, ""track_distance"": 15, ""track_distance_going"": 11, ""track_distance_going_rail"": 2, ""track_phase_profile_going"": 92}",2024-08-31
expected-tempo-targets-v2.0-walk-forward,2024-08-31|caulfield|5,2024-08-31,racing-com-rv-authorised,VIC,caulfield,5,1100,good,true,group,3,5,1.0,-0.40779726093217333,-0.5630929643594308,0.4354700366903438,even,even,18.683846153846154,21.93711538461538,23.068846153846152,0.260310346153847,0.37806299999999543,0.4336605000000014,track_distance_going_rail,6,"{""source_distance"": 44, ""source_distance_going"": 40, ""source_phase_profile"": 44, ""source_phase_profile_going"": 40, ""track_distance"": 26, ""track_distance_going"": 23, ""track_distance_going_rail"": 6, ""track_phase_profile_going"": 23}",2024-08-31
expected-tempo-targets-v2.0-walk-forward,2024-08-31|caulfield|6,2024-08-31,racing-com-rv-authorised,VIC,caulfield,6,1200,good,true,group,3,8,1.0,-1.053274545160288,0.3945770942938163,-1.6970129982566824,slow,slow_early,24.55634615384615,22.3575,23.19230769230769,0.3310189615384592,0.39916153846153635,0.5348764615384627,track_distance_going_rail,6,"{""source_distance"": 79, ""source_distance_going"": 63, ""source_phase_profile"": 267, ""source_phase_profile_going"": 217, ""track_distance"": 31, ""track_distance_going"": 25, ""track_distance_going_rail"": 6, ""track_phase_profile_going"": 92}",2024-08-31
expected-tempo-targets-v2.0-walk-forward,2024-08-31|caulfield|7,2024-08-31,racing-com-rv-authorised,VIC,caulfield,7,1200,good,true,group,3,13,1.0,-2.66949615830749,-2.1357268119712565,-0.051773277912917984,slow,very_slow_early,24.55634615384615,22.3575,23.19230769230769,0.3310189615384592,0.39916153846153635,0.5348764615384627,track_distance_going_rail,6,"{""source_distance"": 79, ""source_distance_going"": 63, ""source_phase_profile"": 267, ""source_phase_profile_going"": 217, ""track_distance"": 31, ""track_distance_going"": 25, ""track_distance_going_rail"": 6, ""track_phase_profile_going"": 92}",2024-08-31
expected-tempo-targets-v2.0-walk-forward,2024-08-31|caulfield|9,2024-08-31,racing-com-rv-authorised,VIC,caulfield,9,1400,good,true,group,1,8,1.0,0.4559122229349206,0.7996389910083916,-0.8116401760939228,even,even,37.13948275862069,23.19896551724138,23.302586206896553,0.7446230689655138,0.4739207586206893,0.582048310344827,track_distance_going_rail,9,"{""source_distance"": 73, ""source_distance_going"": 59, ""source_phase_profile"": 267, ""source_phase_profile_going"": 217, ""track_distance"": 42, ""track_distance_going"": 35, ""track_distance_going_rail"": 9, ""track_phase_profile_going"": 92}",2024-08-31
expected-tempo-targets-v2.0-walk-forward,2024-08-31|caulfield|10,2024-08-31,racing-com-rv-authorised,VIC,caulfield,10,1400,good,true,benchmark,,13,1.0,-1.2227894613099601,-1.0572115140447587,0.8291170995937619,slow,sprint_home,37.13948275862069,23.19896551724138,23.302586206896553,0.7446230689655138,0.4739207586206893,0.582048310344827,track_distance_going_rail,9,"{""source_distance"": 73, ""source_distance_going"": 59, ""source_phase_profile"": 267, ""source_phase_profile_going"": 217, ""track_distance"": 42, ""track_distance_going"": 35, ""track_distance_going_rail"": 9, ""track_phase_profile_going"": 92}",2024-08-31
expected-tempo-targets-v2.0-walk-forward,2024-08-31|rosehill|4,2024-08-31,racing-com-nsw-authorised-v2,NSW,rosehill,4,2000,good,out_1_3m,,,10,0.9,-0.5304713802289235,-1.3901368873280318,-1.8367240225486465,slow,slow_early,24.495,23.37,23.4,2.0830530000000014,1.093417500000001,1.1378955,track_phase_profile_going,32,"{""source_distance"": 7, ""source_distance_going"": 5, ""source_phase_profile"": 99, ""source_phase_profile_going"": 49, ""track_distance"": 4, ""track_distance_going"": 3, ""track_distance_going_rail"": 0, ""track_phase_profile_going"": 32}",2024-08-31
expected-tempo-targets-v2.0-walk-forward,2024-08-31|rosehill|5,2024-08-31,racing-com-nsw-authorised-v2,NSW,rosehill,5,1500,good,out_1_3m,,,10,0.4,2.477456443462107,-0.14612639240136618,0.5835129361053332,very_fast_or_collapse,very_fast_early,24.553846153846152,23.51884615384615,23.590384615384615,1.6605120000000015,0.9659709230769232,1.2259961538461532,track_distance_going,6,"{""source_distance"": 6, ""source_distance_going"": 6, ""source_phase_profile"": 99, ""source_phase_profile_going"": 49, ""track_distance"": 6, ""track_distance_going"": 6, ""track_distance_going_rail"": 2, ""track_phase_profile_going"": 32}",2024-08-31
expected-tempo-targets-v2.0-walk-forward,2024-08-31|rosehill|7,2024-08-31,racing-com-nsw-authorised-v2,NSW,rosehill,7,1300,good,out_1_3m,,,9,0.7777777777777778,-0.07040320747094099,-1.1164810197122153,-1.5712304833272241,even,even,24.16442307692308,23.333653846153844,23.229230769230767,1.7836818461538475,1.0446627692307695,0.9933420000000002,track_distance_going,6,"{""source_distance"": 10, ""source_distance_going"": 7, ""source_phase_profile"": 99, ""source_phase_profile_going"": 49, ""track_distance"": 9, ""track_distance_going"": 6, ""track_distance_going_rail"": 0, ""track_phase_profile_going"": 32}",2024-08-31
expected-tempo-targets-v2.0-walk-forward,2024-08-31|rosehill|8,2024-08-31,racing-com-nsw-authorised-v2,NSW,rosehill,8,1500,good,out_1_3m,,,11,0.8181818181818182,-0.5155963017152806,-0.30141056961262336,-0.2117587268124213,slow,slow_early,24.553846153846152,23.51884615384615,23.590384615384615,1.6605120000000015,0.9659709230769232,1.2259961538461532,track_distance_going,6,"{""source_distance"": 6, ""source_distance_going"": 6, ""source_phase_profile"": 99, ""source_phase_profile_going"": 49, ""track_distance"": 6, ""track_distance_going"": 6, ""track_distance_going_rail"": 2, ""track_phase_profile_going"": 32}",2024-08-31
expected-tempo-targets-v2.0-walk-forward,2024-08-31|rosehill|9,2024-08-31,racing-com-nsw-authorised-v2,NSW,rosehill,9,1200,good,out_1_3m,,,11,0.36363636363636365,2.5161389047992797,-0.3119379165561563,-0.2907953934381063,very_fast_or_collapse,very_fast_early,24.583448275862068,23.193103448275863,23.35655172413793,1.8414914482758626,0.9197232413793108,1.0263170689655166,track_distance_going,9,"{""source_distance"": 36, ""source_distance_going"": 17, ""source_phase_profile"": 99, ""source_phase_profile_going"": 49, ""track_distance"": 16, ""track_distance_going"": 9, ""track_distance_going_rail"": 3, ""track_phase_profile_going"": 32}",2024-08-31
expected-tempo-targets-v2.0-walk-forward,2024-09-07|randwick|1,2024-09-07,racing-com-nsw-authorised-v2,NSW,randwick,1,1400,good,out_4_6m,,,12,0.5,1.6233506414521466,-1.3312317621248626,0.7782585686268453,very_fast_or_collapse,very_fast_early,24.29,22.54,22.73,0.8747339999999998,0.5633879999999984,0.5782139999999956,track_phase_profile_going,17,"{""source_distance"": 38, ""source_distance_going"": 12, ""source_phase_profile"": 104, ""source_phase_profile_going"": 54, ""track_distance"": 19, ""track_distance_going"": 4, ""track_distance_going_rail"": 0, ""track_phase_profile_going"": 17}",2024-09-07
expected-tempo-targets-v2.0-walk-forward,2024-09-07|randwick|3,2024-09-07,racing-com-nsw-authorised-v2,NSW,randwick,3,1200,good,out_4_6m,,,14,0.35714285714285715,4.0,0.2968289393374482,-0.25137847493408416,very_fast_or_collapse,very_fast_early,24.30857142857143,22.46,22.765714285714285,0.8207249999999999,0.5390309999999988,0.5739779999999971,track_distance_going,8,"{""source_distance"": 37, ""source_distance_going"": 18, ""source_phase_profile"": 104, ""source_phase_profile_going"": 54, ""track_distance"": 20, ""track_distance_going"": 8, ""track_distance_going_rail"": 0, ""track_phase_profile_going"": 17}",2024-09-07
expected-tempo-targets-v2.0-walk-forward,2024-09-07|randwick|5,2024-09-07,racing-com-nsw-authorised-v2,NSW,randwick,5,1600,good,out_4_6m,,,8,0.875,-0.9602919287463431,0.4437439207082875,0.7955532034852224,slow,sprint_home,24.29,22.54,22.73,0.8747339999999998,0.5633879999999984,0.5782139999999956,track_phase_profile_going,17,"{""source_distance"": 2, ""source_distance_going"": 2, ""source_phase_profile"": 104, ""source_phase_profile_going"": 54, ""track_distance"": 2, ""track_distance_going"": 2, ""track_distance_going_rail"": 0, ""track_phase_profile_going"": 17}",2024-09-07
expected-tempo-targets-v2.0-walk-forward,2024-09-07|randwick|8,2024-09-07,racing-com-nsw-authorised-v2,NSW,randwick,8,1600,good,out_4_6m,,,10,0.9,1.8176954365555704,-1.1714839506698855,0.7955532034852224,very_fast_or_collapse,very_fast_early,24.29,22.54,22.73,0.8747339999999998,0.5633879999999984,0.5782139999999956,track_phase_profile_going,17,"{""source_distance"": 2, ""source_distance_going"": 2, ""source_phase_profile"": 104, ""source_phase_profile_going"": 54, ""track_distance"": 2, ""track_distance_going"": 2, ""track_distance_going_rail"": 0, ""track_phase_profile_going"": 17}",2024-09-07
expected-tempo-targets-v2.0-walk-forward,2024-09-07|the-valley|1,2024-09-07,racing-com-rv-authorised,VIC,the-valley,1,1600,good,true,,,8,1.0,-2.1803305945871716,-1.5513287467961672,-0.4721435316336098,slow,very_slow_early,48.730000000000004,23.59,24.35,0.637517999999989,0.37065,0.5189100000000021,track_distance_going_rail,15,"{""source_distance"": 66, ""source_distance_going"": 54, ""source_phase_profile"": 275, ""source_phase_profile_going"": 225, ""track_distance"": 18, ""track_distance_going"": 15, ""track_distance_going_rail"": 15, ""track_phase_profile_going"": 47}",2024-09-07
expected-tempo-targets-v2.0-walk-forward,2024-09-07|the-valley|3,2024-09-07,racing-com-rv-authorised,VIC,the-valley,3,1600,good,true,,,10,1.0,0.7921344965946235,0.661000944287066,-0.7226686708677776,very_fast_or_collapse,fast_early,48.730000000000004,23.59,24.35,0.637517999999989,0.37065,0.5189100000000021,track_distance_going_rail,15,"{""source_distance"": 66, ""source_distance_going"": 54, ""source_phase_profile"": 275, ""source_phase_profile_going"": 225, ""track_distance"": 18, ""track_distance_going"": 15, ""track_distance_going_rail"": 15, ""track_phase_profile_going"": 47}",2024-09-07
expected-tempo-targets-v2.0-walk-forward,2024-09-07|the-valley|4,2024-09-07,racing-com-rv-authorised,VIC,the-valley,4,2040,good,true,,,12,1.0,0.7557853142911055,-3.0285957631400073,-0.06536914849552862,fast,fast_early,77.8675,23.7425,24.68,1.9681515000000007,0.18903149999999924,0.8413755000000012,track_distance_going_rail,10,"{""source_distance"": 10, ""source_distance_going"": 10, ""source_phase_profile"": 275, ""source_phase_profile_going"": 225, ""track_distance"": 10, ""track_distance_going"": 10, ""track_distance_going_rail"": 10, ""track_phase_profile_going"": 47}",2024-09-07
expected-tempo-targets-v2.0-walk-forward,2024-09-07|the-valley|5,2024-09-07,racing-com-rv-authorised,VIC,the-valley,5,1200,good,true,,,7,1.0,-0.03137166323147075,-0.1167387852940206,0.1686226898691478,even,even,24.395,22.675,23.7,0.47813849999999963,0.3854760000000023,0.8895599999999968,track_distance_going_rail,18,"{""source_distance"": 81, ""source_distance_going"": 65, ""source_phase_profile"": 275, ""source_phase_profile_going"": 225, ""track_distance"": 24, ""track_distance_going"": 20, ""track_distance_going_rail"": 18, ""track_phase_profile_going"": 47}",2024-09-07
expected-tempo-targets-v2.0-walk-forward,2024-09-07|the-valley|6,2024-09-07,racing-com-rv-authorised,VIC,the-valley,6,1200,good,true,,,7,1.0,-0.5751471592436131,-2.607166204899898,-0.3822114303700718,slow,slow_early,24.395,22.675,23.7,0.47813849999999963,0.3854760000000023,0.8895599999999968,track_distance_going_rail,18,"{""source_distance"": 81, ""source_distance_going"": 65, ""source_phase_profile"": 275, ""source_phase_profile_going"": 225, ""track_distance"": 24, ""track_distance_going"": 20, ""track_distance_going_rail"": 18, ""track_phase_profile_going"": 47}",2024-09-07
expected-tempo-targets-v2.0-walk-forward,2024-09-07|the-valley|7,2024-09-07,racing-com-rv-authorised,VIC,the-valley,7,1200,good,true,,,8,1.0,-0.7110910332466432,-1.4397783519596457,0.32600386708035456,slow,slow_early,24.395,22.675,23.7,0.47813849999999963,0.3854760000000023,0.8895599999999968,track_distance_going_rail,18,"{""source_distance"": 81, ""source_distance_going"": 65, ""source_phase_profile"": 275, ""source_phase_profile_going"": 225, ""track_distance"": 24, ""track_distance_going"": 20, ""track_distance_going_rail"": 18, ""track_phase_profile_going"": 47}",2024-09-07
expected-tempo-targets-v2.0-walk-forward,2024-09-07|the-valley|9,2024-09-07,racing-com-rv-authorised,VIC,the-valley,9,1000,good,true,,,9,1.0,-1.4123363058565617,-0.39306169217851017,1.891888168489835,slow,sprint_home,13.49869252654575,21.578289894833098,23.105874104557227,0.24166161560737648,0.30964631656759406,0.26739112437128365,track_distance_going_rail,7,"{""source_distance"": 26, ""source_distance_going"": 18, ""source_phase_profile"": 26, ""source_phase_profile_going"": 18, ""track_distance"": 11, ""track_distance_going"": 7, ""track_distance_going_rail"": 7, ""track_phase_profile_going"": 7}",2024-09-07
expected-tempo-targets-v2.0-walk-forward,2024-09-07|the-valley|10,2024-09-07,racing-com-rv-authorised,VIC,the-valley,10,1200,good,true,,,12,1.0,-0.5856043803207677,0.5966649026139086,-0.41031521201493243,slow,slow_early,24.395,22.675,23.7,0.47813849999999963,0.3854760000000023,0.8895599999999968,track_distance_going_rail,18,"{""source_distance"": 81, ""source_distance_going"": 65, ""source_phase_profile"": 275, ""source_phase_profile_going"": 225, ""track_distance"": 24, ""track_distance_going"": 20, ""track_distance_going_rail"": 18, ""track_phase_profile_going"": 47}",2024-09-07
expected-tempo-targets-v2.0-walk-forward,2024-09-14|flemington|1,2024-09-14,racing-com-rv-authorised,VIC,flemington,1,1100,soft,true,benchmark,,14,1.0,-0.6744907594765907,-2.1229873085165,-2.6698592562615167,slow,slow_early,19.4925,21.61,23.1875,0.3965955000000001,0.22609649999999978,0.444780000000001,track_distance,18,"{""source_distance"": 45, ""source_distance_going"": 4, ""source_phase_profile"": 45, ""source_phase_profile_going"": 4, ""track_distance"": 18, ""track_distance_going"": 1, ""track_distance_going_rail"": 0, ""track_phase_profile_going"": 1}",2024-09-14
expected-tempo-targets-v2.0-walk-forward,2024-09-14|flemington|2,2024-09-14,racing-com-rv-authorised,VIC,flemington,2,1400,soft,true,listed,,7,1.0,-0.023728013688427523,-0.5031483488031043,-0.9722847929058832,even,even,37.065,23.0375,24.015,17.068432499999997,0.9192119999999988,0.9822224999999994,track_phase_profile_going,14,"{""source_distance"": 77, ""source_distance_going"": 14, ""source_phase_profile"": 282, ""source_phase_profile_going"": 50, ""track_distance"": 25, ""track_distance_going"": 3, ""track_distance_going_rail"": 0, ""track_phase_profile_going"": 14}",2024-09-14
expected-tempo-targets-v2.0-walk-forward,2024-09-14|flemington|3,2024-09-14,racing-com-rv-authorised,VIC,flemington,3,1100,soft,true,listed,,13,1.0,0.4097373772521407,-3.4056254740785477,-3.6478708575025744,even,even,19.4925,21.61,23.1875,0.3965955000000001,0.22609649999999978,0.444780000000001,track_distance,18,"{""source_distance"": 45, ""source_distance_going"": 4, ""source_phase_profile"": 45, ""source_phase_profile_going"": 4, ""track_distance"": 18, ""track_distance_going"": 1, ""track_distance_going_rail"": 0, ""track_phase_profile_going"": 1}",2024-09-14
expected-tempo-targets-v2.0-walk-forward,2024-09-14|flemington|4,2024-09-14,racing-com-rv-authorised,VIC,flemington,4,1100,soft,true,listed,,10,1.0,-1.267034043502757,-3.892143398946909,-3.198210351184847,slow,very_slow_early,19.4925,21.61,23.1875,0.3965955000000001,0.22609649999999978,0.444780000000001,track_distance,18,"{""source_distance"": 45, ""source_distance_going"": 4, ""source_phase_profile"": 45, ""source_phase_profile_going"": 4, ""track_distance"": 18, ""track_distance_going"": 1, ""track_distance_going_rail"": 0, ""track_phase_profile_going"": 1}",2024-09-14
expected-tempo-targets-v2.0-walk-forward,2024-09-14|rosehill|1,2024-09-14,racing-com-nsw-authorised-v2,NSW,rosehill,1,1200,good,out_4_6m,,,13,1.0,0.007252588811577944,0.19122160706810615,0.2962469218093288,even,even,24.7525,22.9375,23.39,1.7235224999999994,0.7190609999999991,0.9451575000000015,track_distance_going,10,"{""source_distance"": 38, ""source_distance_going"": 19, ""source_phase_profile"": 108, ""source_phase_profile_going"": 58, ""track_distance"": 17, ""track_distance_going"": 10, ""track_distance_going_rail"": 1, ""track_phase_profile_going"": 37}",2024-09-14
expected-tempo-targets-v2.0-walk-forward,2024-09-14|rosehill|2,2024-09-14,racing-com-nsw-authorised-v2,NSW,rosehill,2,1400,good,out_4_6m,,,14,1.0,0.8249577339692622,-0.21717120057872227,-0.6681871075188701,fast,fast_early,24.04142857142857,23.43571428571429,23.484285714285715,1.5048390000000007,0.9636900000000015,0.9065039999999988,track_distance_going,8,"{""source_distance"": 39, ""source_distance_going"": 13, ""source_phase_profile"": 108, ""source_phase_profile_going"": 58, ""track_distance"": 19, ""track_distance_going"": 8, ""track_distance_going_rail"": 0, ""track_phase_profile_going"": 37}",2024-09-14
expected-tempo-targets-v2.0-walk-forward,2024-09-14|rosehill|4,2024-09-14,racing-com-nsw-authorised-v2,NSW,rosehill,4,2400,good,out_4_6m,,,14,1.0,-0.4522153955581707,-0.41927803967463995,-1.2815324430055315,even,even,24.43,23.490000000000002,23.52,1.9570320000000003,1.0971240000000029,1.11195,track_phase_profile_going,37,"{""source_distance"": 0, ""source_distance_going"": 0, ""source_phase_profile"": 108, ""source_phase_profile_going"": 58, ""track_distance"": 0, ""track_distance_going"": 0, ""track_distance_going_rail"": 0, ""track_phase_profile_going"": 37}",2024-09-14
expected-tempo-targets-v2.0-walk-forward,2024-09-14|rosehill|6,2024-09-14,racing-com-nsw-authorised-v2,NSW,rosehill,6,1200,good,out_4_6m,,,7,1.0,-0.14940332951846977,1.1090853209950204,1.1426666984074083,even,even,24.7525,22.9375,23.39,1.7235224999999994,0.7190609999999991,0.9451575000000015,track_distance_going,10,"{""source_distance"": 38, ""source_distance_going"": 19, ""source_phase_profile"": 108, ""source_phase_profile_going"": 58, ""track_distance"": 17, ""track_distance_going"": 10, ""track_distance_going_rail"": 1, ""track_phase_profile_going"": 37}",2024-09-14
expected-tempo-targets-v2.0-walk-forward,2024-09-14|rosehill|7,2024-09-14,racing-com-nsw-authorised-v2,NSW,rosehill,7,1400,good,out_4_6m,,,13,1.0,0.22024188064541605,0.1512045219046488,0.8982704039758393,even,even,24.04142857142857,23.43571428571429,23.484285714285715,1.5048390000000007,0.9636900000000015,0.9065039999999988,track_distance_going,8,"{""source_distance"": 39, ""source_distance_going"": 13, ""source_phase_profile"": 108, ""source_phase_profile_going"": 58, ""track_distance"": 19, ""track_distance_going"": 8, ""track_distance_going_rail"": 0, ""track_phase_profile_going"": 37}",2024-09-14
expected-tempo-targets-v2.0-walk-forward,2024-09-14|rosehill|8,2024-09-14,racing-com-nsw-authorised-v2,NSW,rosehill,8,1200,good,out_4_6m,,,9,1.0,0.047867086156403296,0.1634075551309275,1.2802099121045951,even,even,24.7525,22.9375,23.39,1.7235224999999994,0.7190609999999991,0.9451575000000015,track_distance_going,10,"{""source_distance"": 38, ""source_distance_going"": 19, ""source_phase_profile"": 108, ""source_phase_profile_going"": 58, ""track_distance"": 17, ""track_distance_going"": 10, ""track_distance_going_rail"": 1, ""track_phase_profile_going"": 37}",2024-09-14
expected-tempo-targets-v2.0-walk-forward,2024-09-14|rosehill|9,2024-09-14,racing-com-nsw-authorised-v2,NSW,rosehill,9,1300,good,out_4_6m,,,13,1.0,0.3901148290971772,0.4519325864319113,1.2803129186838074,even,even,24.17074074074074,23.537962962962965,23.343703703703703,1.7706087777777781,1.1682338888888912,0.9870272222222225,track_distance_going,7,"{""source_distance"": 11, ""source_distance_going"": 8, ""source_phase_profile"": 108, ""source_phase_profile_going"": 58, ""track_distance"": 10, ""track_distance_going"": 7, ""track_distance_going_rail"": 0, ""track_phase_profile_going"": 37}",2024-09-14
expected-tempo-targets-v2.0-walk-forward,2024-09-21|caulfield|1,2024-09-21,racing-com-rv-authorised,VIC,caulfield,1,2000,good,out_4_6m,benchmark,,14,1.0,-0.3694884780595432,-0.8168832531438802,-0.6516818932141037,even,even,76.27,23.4125,24.0,1.434415499999991,0.33358499999999947,0.7672454999999975,track_distance_going,12,"{""source_distance"": 30, ""source_distance_going"": 25, ""source_phase_profile"": 283, ""source_phase_profile_going"": 232, ""track_distance"": 16, ""track_distance_going"": 12, ""track_distance_going_rail"": 3, ""track_phase_profile_going"": 100}",2024-09-21
expected-tempo-targets-v2.0-walk-forward,2024-09-21|caulfield|2,2024-09-21,racing-com-rv-authorised,VIC,caulfield,2,1600,good,out_4_6m,benchmark,,8,1.0,0.15711931169171536,-0.13650408227501168,-1.274285848069008,even,even,50.69833333333333,23.55777777777778,23.869999999999997,1.4850709999999985,0.34593999999999725,0.9966366666666671,track_distance_going_rail,7,"{""source_distance"": 68, ""source_distance_going"": 56, ""source_phase_profile"": 283, ""source_phase_profile_going"": 232, ""track_distance"": 21, ""track_distance_going"": 19, ""track_distance_going_rail"": 7, ""track_phase_profile_going"": 100}",2024-09-21
expected-tempo-targets-v2.0-walk-forward,2024-09-21|caulfield|3,2024-09-21,racing-com-rv-authorised,VIC,caulfield,3,1400,good,out_4_6m,benchmark,,7,1.0,-2.5252275995038653,0.2872831012585426,0.012263468354117457,slow,very_slow_early,37.275,23.354999999999997,23.165,0.6078659999999949,0.4003020000000046,0.4077150000000005,track_distance_going_rail,10,"{""source_distance"": 78, ""source_distance_going"": 63, ""source_phase_profile"": 283, ""source_phase_profile_going"": 232, ""track_distance"": 46, ""track_distance_going"": 39, ""track_distance_going_rail"": 10, ""track_phase_profile_going"": 100}",2024-09-21
expected-tempo-targets-v2.0-walk-forward,2024-09-21|caulfield|4,2024-09-21,racing-com-rv-authorised,VIC,caulfield,4,1400,good,out_4_6m,listed,,10,1.0,-1.645099413357563,-0.9492832911152035,-1.373508455661434,slow,very_slow_early,37.275,23.354999999999997,23.165,0.6078659999999949,0.4003020000000046,0.4077150000000005,track_distance_going_rail,10,"{""source_distance"": 78, ""source_distance_going"": 63, ""source_phase_profile"": 283, ""source_phase_profile_going"": 232, ""track_distance"": 46, ""track_distance_going"": 39, ""track_distance_going_rail"": 10, ""track_phase_profile_going"": 100}",2024-09-21
expected-tempo-targets-v2.0-walk-forward,2024-09-21|caulfield|5,2024-09-21,racing-com-rv-authorised,VIC,caulfield,5,1400,good,out_4_6m,listed,,8,1.0,-1.2585010512185366,1.586302341731969,-2.697963037906381,slow,very_slow_early,37.275,23.354999999999997,23.165,0.6078659999999949,0.4003020000000046,0.4077150000000005,track_distance_going_rail,10,"{""source_distance"": 78, ""source_distance_going"": 63, ""source_phase_profile"": 283, ""source_phase_profile_going"": 232, ""track_distance"": 46, ""track_distance_going"": 39, ""track_distance_going_rail"": 10, ""track_phase_profile_going"": 100}",2024-09-21
expected-tempo-targets-v2.0-walk-forward,2024-09-21|caulfield|6,2024-09-21,racing-com-rv-authorised,VIC,caulfield,6,1100,good,out_4_6m,benchmark,,11,1.0,-2.499583402766203,0.6684142661479827,-0.16237740505917492,slow,very_slow_early,18.7,21.974999999999998,22.975,0.2520419999999999,0.4114214999999945,0.4003019999999993,track_distance_going,24,"{""source_distance"": 48, ""source_distance_going"": 41, ""source_phase_profile"": 48, ""source_phase_profile_going"": 41, ""track_distance"": 27, ""track_distance_going"": 24, ""track_distance_going_rail"": 4, ""track_phase_profile_going"": 24}",2024-09-21
expected-tempo-targets-v2.0-walk-forward,2024-09-21|caulfield|7,2024-09-21,racing-com-rv-authorised,VIC,caulfield,7,2000,good,out_4_6m,group,3,15,1.0,-0.43223180452247517,0.9367927214952726,-0.31280730874276774,even,even,76.27,23.4125,24.0,1.434415499999991,0.33358499999999947,0.7672454999999975,track_distance_going,12,"{""source_distance"": 30, ""source_distance_going"": 25, ""source_phase_profile"": 283, ""source_phase_profile_going"": 232, ""track_distance"": 16, ""track_distance_going"": 12, ""track_distance_going_rail"": 3, ""track_phase_profile_going"": 100}",2024-09-21
expected-tempo-targets-v2.0-walk-forward,2024-09-21|caulfield|8,2024-09-21,racing-com-rv-authorised,VIC,caulfield,8,1800,good,out_4_6m,group,1,12,1.0,-1.3426919233853971,0.11803588290841054,-2.1651153379198664,slow,very_slow_early,37.265,23.19,23.42,18.2841645,0.5930400000000005,0.7413,track_phase_profile_going,100,"{""source_distance"": 6, ""source_distance_going"": 5, ""source_phase_profile"": 283, ""source_phase_profile_going"": 232, ""track_distance"": 3, ""track_distance_going"": 3, ""track_distance_going_rail"": 2, ""track_phase_profile_going"": 100}",2024-09-21
expected-tempo-targets-v2.0-walk-forward,2024-09-21|caulfield|9,2024-09-21,racing-com-rv-authorised,VIC,caulfield,9,1400,good,out_4_6m,group,3,11,1.0,-0.6498142682762426,-0.1124151265794355,-0.649963822768356,slow,slow_early,37.275,23.354999999999997,23.165,0.6078659999999949,0.4003020000000046,0.4077150000000005,track_distance_going_rail,10,"{""source_distance"": 78, ""source_distance_going"": 63, ""source_phase_profile"": 283, ""source_phase_profile_going"": 232, ""track_distance"": 46, ""track_distance_going"": 39, ""track_distance_going_rail"": 10, ""track_phase_profile_going"": 100}",2024-09-21
expected-tempo-targets-v2.0-walk-forward,2024-09-21|caulfield|10,2024-09-21,racing-com-rv-authorised,VIC,caulfield,10,1200,good,out_4_6m,unclassified,,15,1.0,-2.771735464724126,-0.8367100560595659,0.16739186731536052,slow,very_slow_early,24.4825,22.405,23.335,0.2372160000000002,0.29281349999999967,0.5077905000000017,track_distance_going_rail,10,"{""source_distance"": 85, ""source_distance_going"": 69, ""source_phase_profile"": 283, ""source_phase_profile_going"": 232, ""track_distance"": 33, ""track_distance_going"": 27, ""track_distance_going_rail"": 10, ""track_phase_profile_going"": 100}",2024-09-21
expected-tempo-targets-v2.0-walk-forward,2024-09-21|randwick|4,2024-09-21,racing-com-nsw-authorised-v2,NSW,randwick,4,1400,good,true,,,13,0.5384615384615384,0.8903842452504908,-2.68345786028323,-1.8914291138761565,very_fast_or_collapse,pace_collapse,23.882000000000005,22.54,22.640000000000004,1.4173655999999983,0.5515271999999998,0.5604228000000022,track_distance_going,5,"{""source_distance"": 41, ""source_distance_going"": 15, ""source_phase_profile"": 115, ""source_phase_profile_going"": 65, ""track_distance"": 20, ""track_distance_going"": 5, ""track_distance_going_rail"": 0, ""track_phase_profile_going"": 21}",2024-09-21
expected-tempo-targets-v2.0-walk-forward,2024-09-21|randwick|5,2024-09-21,racing-com-nsw-authorised-v2,NSW,randwick,5,2000,good,true,,,16,0.5625,1.4953332875188694,-1.384481032609859,-3.3563944935858947,very_fast_or_collapse,pace_collapse,24.240000000000002,22.54,22.700000000000003,1.571555999999998,0.5633879999999984,0.6226920000000025,track_phase_profile_going,21,"{""source_distance"": 8, ""source_distance_going"": 6, ""source_phase_profile"": 115, ""source_phase_profile_going"": 65, ""track_distance"": 3, ""track_distance_going"": 2, ""track_distance_going_rail"": 0, ""track_phase_profile_going"": 21}",2024-09-21
expected-tempo-targets-v2.0-walk-forward,2024-09-21|randwick|6,2024-09-21,racing-com-nsw-authorised-v2,NSW,randwick,6,1400,good,true,,,12,0.4166666666666667,3.1480939004022734,0.8521791853602126,0.33902974682686726,very_fast_or_collapse,sustained_high_pressure,23.882000000000005,22.54,22.640000000000004,1.4173655999999983,0.5515271999999998,0.5604228000000022,track_distance_going,5,"{""source_distance"": 41, ""source_distance_going"": 15, ""source_phase_profile"": 115, ""source_phase_profile_going"": 65, ""track_distance"": 20, ""track_distance_going"": 5, ""track_distance_going_rail"": 0, ""track_phase_profile_going"": 21}",2024-09-21
expected-tempo-targets-v2.0-walk-forward,2024-09-21|randwick|8,2024-09-21,racing-com-nsw-authorised-v2,NSW,randwick,8,1600,good,true,,,8,0.75,-0.3372453797382965,-1.4022307894381933,-2.0636205379224264,even,even,24.240000000000002,22.54,22.700000000000003,1.571555999999998,0.5633879999999984,0.6226920000000025,track_phase_profile_going,21,"{""source_distance"": 4, ""source_distance_going"": 4, ""source_phase_profile"": 115, ""source_phase_profile_going"": 65, ""track_distance"": 4, ""track_distance_going"": 4, ""track_distance_going_rail"": 0, ""track_phase_profile_going"": 21}",2024-09-21
expected-tempo-targets-v2.0-walk-forward,2024-09-28|rosehill|1,2024-09-28,racing-com-nsw-authorised-v2,NSW,rosehill,1,1300,soft,true,,,14,0.5,0.20753561830049166,-0.6226068549014995,0.3450882955461719,even,even,23.93,23.439999999999998,23.3,1.349166,0.19273799999999325,0.6375179999999943,track_phase_profile_going,17,"{""source_distance"": 12, ""source_distance_going"": 3, ""source_phase_profile"": 119, ""source_phase_profile_going"": 42, ""track_distance"": 11, ""track_distance_going"": 3, ""track_distance_going_rail"": 2, ""track_phase_profile_going"": 17}",2024-09-28
expected-tempo-targets-v2.0-walk-forward,2024-09-28|rosehill|6,2024-09-28,racing-com-nsw-authorised-v2,NSW,rosehill,6,1400,soft,true,,,17,0.6470588235294118,0.5879386062573947,-0.3392227867877397,0.6621553883609123,fast,fast_early,23.882613168724276,23.42646090534979,23.23681755829904,0.803847823045269,0.24626616460904793,0.5237706502057569,track_distance_going_rail,7,"{""source_distance"": 43, ""source_distance_going"": 20, ""source_phase_profile"": 119, ""source_phase_profile_going"": 42, ""track_distance"": 21, ""track_distance_going"": 7, ""track_distance_going_rail"": 7, ""track_phase_profile_going"": 17}",2024-09-28
expected-tempo-targets-v2.0-walk-forward,2024-09-28|rosehill|7,2024-09-28,racing-com-nsw-authorised-v2,NSW,rosehill,7,1400,soft,true,,,7,0.7142857142857143,-0.32019347928398795,1.6504943177843905,0.2612165424795997,even,even,23.882613168724276,23.42646090534979,23.23681755829904,0.803847823045269,0.24626616460904793,0.5237706502057569,track_distance_going_rail,7,"{""source_distance"": 43, ""source_distance_going"": 20, ""source_phase_profile"": 119, ""source_phase_profile_going"": 42, ""track_distance"": 21, ""track_distance_going"": 7, ""track_distance_going_rail"": 7, ""track_phase_profile_going"": 17}",2024-09-28
expected-tempo-targets-v2.0-walk-forward,2024-09-28|sportsbet-sandown-hillside|1,2024-09-28,racing-com-rv-authorised,VIC,sportsbet-sandown-hillside,1,1400,good,true,open_or_quality,,6,1.0,-2.441656549305303,-1.69644645565326,1.8018538860303417,slow,sprint_home,37.26,23.085,23.395,0.7412999999999894,0.4892579999999974,0.5189099999999968,source_distance_going,67,"{""source_distance"": 82, ""source_distance_going"": 67, ""source_phase_profile"": 292, ""source_phase_profile_going"": 241, ""track_distance"": 6, ""track_distance_going"": 2, ""track_distance_going_rail"": 2, ""track_phase_profile_going"": 4}",2024-09-28
expected-tempo-targets-v2.0-walk-forward,2024-09-28|sportsbet-sandown-hillside|2,2024-09-28,racing-com-rv-authorised,VIC,sportsbet-sandown-hillside,2,1400,good,true,open_or_quality,,5,1.0,-1.4703898556590032,1.0934925949090315,0.8575668227631055,slow,sprint_home,37.26,23.085,23.395,0.7412999999999894,0.4892579999999974,0.5189099999999968,source_distance_going,67,"{""source_distance"": 82, ""source_distance_going"": 67, ""source_phase_profile"": 292, ""source_phase_profile_going"": 241, ""track_distance"": 6, ""track_distance_going"": 2, ""track_distance_going_rail"": 2, ""track_phase_profile_going"": 4}",2024-09-28
expected-tempo-targets-v2.0-walk-forward,2024-09-28|sportsbet-sandown-hillside|3,2024-09-28,racing-com-rv-authorised,VIC,sportsbet-sandown-hillside,3,1400,good,true,benchmark,,12,1.0,-3.3387292594091957,0.08175645569413144,2.1872771771598254,slow,sprint_home,37.26,23.085,23.395,0.7412999999999894,0.4892579999999974,0.5189099999999968,source_distance_going,67,"{""source_distance"": 82, ""source_distance_going"": 67, ""source_phase_profile"": 292, ""source_phase_profile_going"": 241, ""track_distance"": 6, ""track_distance_going"": 2, ""track_distance_going_rail"": 2, ""track_phase_profile_going"": 4}",2024-09-28
expected-tempo-targets-v2.0-walk-forward,2024-09-28|sportsbet-sandown-hillside|4,2024-09-28,racing-com-rv-authorised,VIC,sportsbet-sandown-hillside,4,1800,good,true,benchmark,,11,1.0,-1.4042562567104573,-0.0917360230599267,1.6812062316175451,slow,sprint_home,43.70153846153846,23.126538461538463,23.706923076923076,14.946318692307692,0.5827758461538417,0.6703062692307693,source_distance_going,6,"{""source_distance"": 7, ""source_distance_going"": 6, ""source_phase_profile"": 292, ""source_phase_profile_going"": 241, ""track_distance"": 1, ""track_distance_going"": 1, ""track_distance_going_rail"": 1, ""track_phase_profile_going"": 4}",2024-09-28
expected-tempo-targets-v2.0-walk-forward,2024-09-28|sportsbet-sandown-hillside|5,2024-09-28,racing-com-rv-authorised,VIC,sportsbet-sandown-hillside,5,1000,good,true,open_or_quality,,8,1.0,-0.6331954068555777,2.0234722784297854,2.7779873653018927,slow,slow_early,13.61,21.65,22.89,0.3632370000000015,0.4299539999999987,0.4373670000000025,source_distance_going,19,"{""source_distance"": 27, ""source_distance_going"": 19, ""source_phase_profile"": 27, ""source_phase_profile_going"": 19, ""track_distance"": 2, ""track_distance_going"": 0, ""track_distance_going_rail"": 0, ""track_phase_profile_going"": 0}",2024-09-28
expected-tempo-targets-v2.0-walk-forward,2024-09-28|sportsbet-sandown-hillside|6,2024-09-28,racing-com-rv-authorised,VIC,sportsbet-sandown-hillside,6,1800,good,true,handicap_unspecified,,12,1.0,-1.3600982259881715,0.3115064955704077,0.5623147122816368,slow,very_slow_early,43.70153846153846,23.126538461538463,23.706923076923076,14.946318692307692,0.5827758461538417,0.6703062692307693,source_distance_going,6,"{""source_distance"": 7, ""source_distance_going"": 6, ""source_phase_profile"": 292, ""source_phase_profile_going"": 241, ""track_distance"": 1, ""track_distance_going"": 1, ""track_distance_going_rail"": 1, ""track_phase_profile_going"": 4}",2024-09-28
expected-tempo-targets-v2.0-walk-forward,2024-09-28|sportsbet-sandown-hillside|8,2024-09-28,racing-com-rv-authorised,VIC,sportsbet-sandown-hillside,8,1400,good,true,benchmark,,15,1.0,-3.925536220153845,1.0321752531384367,2.22581950627278,slow,sprint_home,37.26,23.085,23.395,0.7412999999999894,0.4892579999999974,0.5189099999999968,source_distance_going,67,"{""source_distance"": 82, ""source_distance_going"": 67, ""source_phase_profile"": 292, ""source_phase_profile_going"": 241, ""track_distance"": 6, ""track_distance_going"": 2, ""track_distance_going_rail"": 2, ""track_phase_profile_going"": 4}",2024-09-28
expected-tempo-targets-v2.0-walk-forward,2024-10-05|flemington|1,2024-10-05,racing-com-rv-authorised,VIC,flemington,1,1200,good,out_7m_plus,benchmark,,14,1.0,-0.355633234475382,-0.5952409875655366,1.5849115850306141,even,even,25.262037037037036,21.834444444444443,23.29925925925926,0.4582332222222205,0.32013177777777746,0.26137688888888955,track_distance_going_rail,7,"{""source_distance"": 86, ""source_distance_going"": 70, ""source_phase_profile"": 298, ""source_phase_profile_going"": 247, ""track_distance"": 24, ""track_distance_going"": 18, ""track_distance_going_rail"": 7, ""track_phase_profile_going"": 74}",2024-10-05
expected-tempo-targets-v2.0-walk-forward,2024-10-05|flemington|2,2024-10-05,racing-com-rv-authorised,VIC,flemington,2,1000,good,out_7m_plus,listed,,7,1.0,-0.25181327976532303,-0.1399478153352596,-0.7299196102897904,even,even,13.77687869822485,21.65399408284023,22.707928994082838,0.2903790532544375,0.47164664201183326,0.5097424437869832,track_distance_going,6,"{""source_distance"": 28, ""source_distance_going"": 20, ""source_phase_profile"": 28, ""source_phase_profile_going"": 20, ""track_distance"": 7, ""track_distance_going"": 6, ""track_distance_going_rail"": 1, ""track_phase_profile_going"": 6}",2024-10-05
expected-tempo-targets-v2.0-walk-forward,2024-10-05|flemington|3,2024-10-05,racing-com-rv-authorised,VIC,flemington,3,1800,good,out_7m_plus,listed,,10,1.0,-1.3677583545719463,-0.42685164005523407,0.46921096311415383,slow,very_slow_early,38.245000000000005,22.762500000000003,23.450000000000003,18.639988499999998,0.7672454999999975,0.5114970000000035,track_phase_profile_going,74,"{""source_distance"": 9, ""source_distance_going"": 8, ""source_phase_profile"": 298, ""source_phase_profile_going"": 247, ""track_distance"": 2, ""track_distance_going"": 1, ""track_distance_going_rail"": 0, ""track_phase_profile_going"": 74}",2024-10-05
expected-tempo-targets-v2.0-walk-forward,2024-10-05|flemington|4,2024-10-05,racing-com-rv-authorised,VIC,flemington,4,1600,soft,out_7m_plus,group,2,10,1.0,-0.7191667065559048,-1.1165939463604155,-0.8453033544089801,slow,slow_early,37.185,23.055,24.02,17.235225000000003,0.8821469999999982,1.1416019999999993,track_phase_profile_going,15,"{""source_distance"": 69, ""source_distance_going"": 12, ""source_phase_profile"": 298, ""source_phase_profile_going"": 51, ""track_distance"": 22, ""track_distance_going"": 3, ""track_distance_going_rail"": 0, ""track_phase_profile_going"": 15}",2024-10-05
expected-tempo-targets-v2.0-walk-forward,2024-10-05|flemington|5,2024-10-05,racing-com-rv-authorised,VIC,flemington,5,1100,soft,out_7m_plus,group,2,10,1.0,-0.6120895421444057,1.3376448641568928,0.8900218091315654,slow,slow_early,19.46168724279835,21.992325102880656,23.992181069958846,0.5608864938271612,0.2559162839506153,0.45187776954732456,source_distance_going,7,"{""source_distance"": 49, ""source_distance_going"": 7, ""source_phase_profile"": 49, ""source_phase_profile_going"": 7, ""track_distance"": 21, ""track_distance_going"": 4, ""track_distance_going_rail"": 1, ""track_phase_profile_going"": 4}",2024-10-05
expected-tempo-targets-v2.0-walk-forward,2024-10-05|flemington|6,2024-10-05,racing-com-rv-authorised,VIC,flemington,6,1400,soft,out_7m_plus,listed,,10,1.0,-0.006092174601723903,0.1133597915086733,0.4949185442912693,even,even,37.185,23.055,24.02,17.235225000000003,0.8821469999999982,1.1416019999999993,track_phase_profile_going,15,"{""source_distance"": 86, ""source_distance_going"": 15, ""source_phase_profile"": 298, ""source_phase_profile_going"": 51, ""track_distance"": 26, ""track_distance_going"": 4, ""track_distance_going_rail"": 0, ""track_phase_profile_going"": 15}",2024-10-05
expected-tempo-targets-v2.0-walk-forward,2024-10-05|flemington|8,2024-10-05,racing-com-rv-authorised,VIC,flemington,8,2000,soft,out_7m_plus,group,1,16,1.0,-2.2726712299955456,-0.017003968726301395,-0.3065867088529992,slow,very_slow_early,37.185,23.055,24.02,17.235225000000003,0.8821469999999982,1.1416019999999993,track_phase_profile_going,15,"{""source_distance"": 32, ""source_distance_going"": 5, ""source_phase_profile"": 298, ""source_phase_profile_going"": 51, ""track_distance"": 14, ""track_distance_going"": 1, ""track_distance_going_rail"": 1, ""track_phase_profile_going"": 15}",2024-10-05
expected-tempo-targets-v2.0-walk-forward,2024-10-05|flemington|9,2024-10-05,racing-com-rv-authorised,VIC,flemington,9,1200,soft,out_7m_plus,group,2,12,1.0,0.6669322232397866,1.24398295743348,0.5139363836878544,fast,sustained_high_pressure,34.5075,22.866923076923072,23.876923076923077,13.280959730769231,0.7692413076923058,0.947438423076922,track_distance_going,6,"{""source_distance"": 86, ""source_distance_going"": 16, ""source_phase_profile"": 298, ""source_phase_profile_going"": 51, ""track_distance"": 24, ""track_distance_going"": 6, ""track_distance_going_rail"": 2, ""track_phase_profile_going"": 15}",2024-10-05
expected-tempo-targets-v2.0-walk-forward,2024-10-05|flemington|10,2024-10-05,racing-com-rv-authorised,VIC,flemington,10,1400,soft,out_7m_plus,group,2,12,1.0,-0.050768121681034034,0.017003968726301395,0.42046177214125474,even,even,37.185,23.055,24.02,17.235225000000003,0.8821469999999982,1.1416019999999993,track_phase_profile_going,15,"{""source_distance"": 86, ""source_distance_going"": 15, ""source_phase_profile"": 298, ""source_phase_profile_going"": 51, ""track_distance"": 26, ""track_distance_going"": 4, ""track_distance_going_rail"": 0, ""track_phase_profile_going"": 15}",2024-10-05
expected-tempo-targets-v2.0-walk-forward,2024-10-12|caulfield|1,2024-10-12,racing-com-rv-authorised,VIC,caulfield,1,1700,good,true,benchmark,,12,1.0,-1.0716335264338173,-1.4501551328746838,0.0,slow,slow_early,37.375,23.21,23.47,18.406478999999997,0.5930399999999979,0.8006039999999987,track_phase_profile_going,109,"{""source_distance"": 0, ""source_distance_going"": 0, ""source_phase_profile"": 305, ""source_phase_profile_going"": 249, ""track_distance"": 0, ""track_distance_going"": 0, ""track_distance_going_rail"": 0, ""track_phase_profile_going"": 109}",2024-10-12
expected-tempo-targets-v2.0-walk-forward,2024-10-12|caulfield|2,2024-10-12,racing-com-rv-authorised,VIC,caulfield,2,1200,good,true,unclassified,,11,1.0,0.4960893846221113,-0.11726440654952444,-0.5562358860618667,even,even,24.635714285714286,22.3825,23.21785714285714,0.37435649999999887,0.40506749999999947,0.4892580000000001,track_distance_going_rail,8,"{""source_distance"": 88, ""source_distance_going"": 71, ""source_phase_profile"": 305, ""source_phase_profile_going"": 249, ""track_distance"": 34, ""track_distance_going"": 28, ""track_distance_going_rail"": 8, ""track_phase_profile_going"": 109}",2024-10-12
expected-tempo-targets-v2.0-walk-forward,2024-10-12|caulfield|3,2024-10-12,racing-com-rv-authorised,VIC,caulfield,3,1200,good,true,group,3,13,1.0,0.09540180473501811,-0.6603837631999572,1.201527911361986,even,even,24.635714285714286,22.3825,23.21785714285714,0.37435649999999887,0.40506749999999947,0.4892580000000001,track_distance_going_rail,8,"{""source_distance"": 88, ""source_distance_going"": 71, ""source_phase_profile"": 305, ""source_phase_profile_going"": 249, ""track_distance"": 34, ""track_distance_going"": 28, ""track_distance_going_rail"": 8, ""track_phase_profile_going"": 109}",2024-10-12
expected-tempo-targets-v2.0-walk-forward,2024-10-12|caulfield|4,2024-10-12,racing-com-rv-authorised,VIC,caulfield,4,1600,good,true,group,3,10,1.0,0.33590961525737223,0.19992816815711248,-0.32538820614371144,even,even,50.49240740740741,23.47703703703704,23.99074074074074,1.3170430000000009,0.26027866666666594,0.8121353333333334,track_distance_going_rail,7,"{""source_distance"": 70, ""source_distance_going"": 57, ""source_phase_profile"": 305, ""source_phase_profile_going"": 249, ""track_distance"": 22, ""track_distance_going"": 20, ""track_distance_going_rail"": 7, ""track_phase_profile_going"": 109}",2024-10-12
expected-tempo-targets-v2.0-walk-forward,2024-10-12|caulfield|5,2024-10-12,racing-com-rv-authorised,VIC,caulfield,5,1400,good,true,listed,,15,1.0,0.43027858794196416,0.12490569619937386,-0.7740057895633098,even,even,37.08,23.225,23.47,0.8599079999999975,0.6004530000000017,0.45219299999999957,track_distance_going_rail,13,"{""source_distance"": 88, ""source_distance_going"": 71, ""source_phase_profile"": 305, ""source_phase_profile_going"": 249, ""track_distance"": 50, ""track_distance_going"": 43, ""track_distance_going_rail"": 13, ""track_phase_profile_going"": 109}",2024-10-12
expected-tempo-targets-v2.0-walk-forward,2024-10-12|caulfield|6,2024-10-12,racing-com-rv-authorised,VIC,caulfield,6,2400,good,true,group,2,15,1.0,-3.5142516936563486,-0.3878321866990443,-0.9742644303550849,slow,very_slow_early,37.375,23.21,23.47,18.406478999999997,0.5930399999999979,0.8006039999999987,track_phase_profile_going,109,"{""source_distance"": 2, ""source_distance_going"": 0, ""source_phase_profile"": 305, ""source_phase_profile_going"": 249, ""track_distance"": 2, ""track_distance_going"": 0, ""track_distance_going_rail"": 0, ""track_phase_profile_going"": 109}",2024-10-12
expected-tempo-targets-v2.0-walk-forward,2024-10-12|caulfield|7,2024-10-12,racing-com-rv-authorised,VIC,caulfield,7,2000,good,true,group,1,8,1.0,1.5935337241435488,0.35101049727863837,-0.6915664749063851,very_fast_or_collapse,very_fast_early,76.44,23.4125,24.17,1.2676229999999953,0.3632370000000015,0.5856269999999993,track_distance_going,14,"{""source_distance"": 33, ""source_distance_going"": 27, ""source_phase_profile"": 305, ""source_phase_profile_going"": 249, ""track_distance"": 18, ""track_distance_going"": 14, ""track_distance_going_rail"": 3, ""track_phase_profile_going"": 109}",2024-10-12
expected-tempo-targets-v2.0-walk-forward,2024-10-12|caulfield|8,2024-10-12,racing-com-rv-authorised,VIC,caulfield,8,1600,good,true,group,1,11,1.0,0.7611045405559348,0.4496605063177425,-0.5408695339683852,fast,fast_early,50.49240740740741,23.47703703703704,23.99074074074074,1.3170430000000009,0.26027866666666594,0.8121353333333334,track_distance_going_rail,7,"{""source_distance"": 70, ""source_distance_going"": 57, ""source_phase_profile"": 305, ""source_phase_profile_going"": 249, ""track_distance"": 22, ""track_distance_going"": 20, ""track_distance_going_rail"": 7, ""track_phase_profile_going"": 109}",2024-10-12
expected-tempo-targets-v2.0-walk-forward,2024-10-12|caulfield|9,2024-10-12,racing-com-rv-authorised,VIC,caulfield,9,1100,good,true,group,2,9,1.0,1.2519012163002745,1.040485745345288,-1.310837903589693,very_fast_or_collapse,pace_collapse,18.7,21.965370370370366,23.068148148148147,0.25561122222222266,0.3703754444444417,0.39810555555555427,track_distance_going_rail,7,"{""source_distance"": 50, ""source_distance_going"": 42, ""source_phase_profile"": 50, ""source_phase_profile_going"": 42, ""track_distance"": 28, ""track_distance_going"": 25, ""track_distance_going_rail"": 7, ""track_phase_profile_going"": 25}",2024-10-12
expected-tempo-targets-v2.0-walk-forward,2024-10-12|caulfield|10,2024-10-12,racing-com-rv-authorised,VIC,caulfield,10,1600,good,true,group,1,12,1.0,0.9471273203740557,0.08466708900604404,-0.2022560188153296,fast,fast_early,50.49240740740741,23.47703703703704,23.99074074074074,1.3170430000000009,0.26027866666666594,0.8121353333333334,track_distance_going_rail,7,"{""source_distance"": 70, ""source_distance_going"": 57, ""source_phase_profile"": 305, ""source_phase_profile_going"": 249, ""track_distance"": 22, ""track_distance_going"": 20, ""track_distance_going_rail"": 7, ""track_phase_profile_going"": 109}",2024-10-12
expected-tempo-targets-v2.0-walk-forward,2024-10-19|caulfield|3,2024-10-19,racing-com-rv-authorised,VIC,caulfield,3,2000,soft,out_1_3m,group,3,6,1.0,-2.2428849351269915,0.8218584884378713,0.4477223144801541,slow,very_slow_early,38.19,23.97,25.1,19.688927999999997,0.8821469999999982,0.8599080000000027,track_phase_profile_going,21,"{""source_distance"": 34, ""source_distance_going"": 6, ""source_phase_profile"": 314, ""source_phase_profile_going"": 56, ""track_distance"": 19, ""track_distance_going"": 4, ""track_distance_going_rail"": 0, ""track_phase_profile_going"": 21}",2024-10-19
expected-tempo-targets-v2.0-walk-forward,2024-10-19|caulfield|4,2024-10-19,racing-com-rv-authorised,VIC,caulfield,4,2000,soft,out_1_3m,group,3,10,1.0,-2.0526765093559183,-0.9408862695219731,0.2267684449964411,slow,very_slow_early,38.19,23.97,25.1,19.688927999999997,0.8821469999999982,0.8599080000000027,track_phase_profile_going,21,"{""source_distance"": 34, ""source_distance_going"": 6, ""source_phase_profile"": 314, ""source_phase_profile_going"": 56, ""track_distance"": 19, ""track_distance_going"": 4, ""track_distance_going_rail"": 0, ""track_phase_profile_going"": 21}",2024-10-19
expected-tempo-targets-v2.0-walk-forward,2024-10-19|caulfield|5,2024-10-19,racing-com-rv-authorised,VIC,caulfield,5,1100,soft,out_1_3m,listed,,9,1.0,1.143514636879782,0.5269995000487349,-2.939303867917682,very_fast_or_collapse,pace_collapse,19.11387755102041,22.199489795918367,23.813163265306123,0.3794245714285705,0.41648957142856774,0.4037815714285704,source_distance_going,8,"{""source_distance"": 51, ""source_distance_going"": 8, ""source_phase_profile"": 51, ""source_phase_profile_going"": 8, ""track_distance"": 29, ""track_distance_going"": 3, ""track_distance_going_rail"": 0, ""track_phase_profile_going"": 3}",2024-10-19
expected-tempo-targets-v2.0-walk-forward,2024-10-19|caulfield|6,2024-10-19,racing-com-rv-authorised,VIC,caulfield,6,1400,soft,out_1_3m,group,2,11,1.0,0.03894305817727616,0.05781349366941904,0.14355874503862978,even,even,38.16537037037037,23.950555555555553,25.11296296296296,14.774658111111107,0.7014894444444417,0.7868762222222243,track_distance_going,7,"{""source_distance"": 89, ""source_distance_going"": 17, ""source_phase_profile"": 314, ""source_phase_profile_going"": 56, ""track_distance"": 51, ""track_distance_going"": 7, ""track_distance_going_rail"": 0, ""track_phase_profile_going"": 21}",2024-10-19
expected-tempo-targets-v2.0-walk-forward,2024-10-19|caulfield|7,2024-10-19,racing-com-rv-authorised,VIC,caulfield,7,1000,soft,out_1_3m,group,2,8,1.0,1.0912163615320973,0.26377601501137987,-0.6893448100341029,fast,fast_early,13.633296703296704,21.95460753532182,23.363116169544742,0.2733616483516491,0.5103099890109888,0.5104612747252754,source_distance_going,8,"{""source_distance"": 29, ""source_distance_going"": 8, ""source_phase_profile"": 29, ""source_phase_profile_going"": 8, ""track_distance"": 6, ""track_distance_going"": 1, ""track_distance_going_rail"": 0, ""track_phase_profile_going"": 1}",2024-10-19
expected-tempo-targets-v2.0-walk-forward,2024-10-19|caulfield|8,2024-10-19,racing-com-rv-authorised,VIC,caulfield,8,1400,soft,out_1_3m,group,2,12,1.0,-0.06156688180456496,-0.2700602923462115,2.024413647249703,even,even,38.16537037037037,23.950555555555553,25.11296296296296,14.774658111111107,0.7014894444444417,0.7868762222222243,track_distance_going,7,"{""source_distance"": 89, ""source_distance_going"": 17, ""source_phase_profile"": 314, ""source_phase_profile_going"": 56, ""track_distance"": 51, ""track_distance_going"": 7, ""track_distance_going_rail"": 0, ""track_phase_profile_going"": 21}",2024-10-19
expected-tempo-targets-v2.0-walk-forward,2024-10-19|caulfield|9,2024-10-19,racing-com-rv-authorised,VIC,caulfield,9,2400,soft,out_1_3m,group,1,18,1.0,-3.289920101287384,-0.391091280704916,-1.3199086413895376,slow,very_slow_early,38.19,23.97,25.1,19.688927999999997,0.8821469999999982,0.8599080000000027,track_phase_profile_going,21,"{""source_distance"": 3, ""source_distance_going"": 2, ""source_phase_profile"": 314, ""source_phase_profile_going"": 56, ""track_distance"": 3, ""track_distance_going"": 2, ""track_distance_going_rail"": 0, ""track_phase_profile_going"": 21}",2024-10-19
expected-tempo-targets-v2.0-walk-forward,2024-10-19|caulfield|10,2024-10-19,racing-com-rv-authorised,VIC,caulfield,10,1400,soft,out_1_3m,group,3,15,1.0,0.032851546663225435,0.05781349366941904,-0.5554076037560265,even,even,38.16537037037037,23.950555555555553,25.11296296296296,14.774658111111107,0.7014894444444417,0.7868762222222243,track_distance_going,7,"{""source_distance"": 89, ""source_distance_going"": 17, ""source_phase_profile"": 314, ""source_phase_profile_going"": 56, ""track_distance"": 51, ""track_distance_going"": 7, ""track_distance_going_rail"": 0, ""track_phase_profile_going"": 21}",2024-10-19
expected-tempo-targets-v2.0-walk-forward,2024-10-26|the-valley|1,2024-10-26,racing-com-rv-authorised,VIC,the-valley,1,1000,good,true,,,10,1.0,2.3568372502171155,0.15945312107454304,-0.37087356860356696,very_fast_or_collapse,very_fast_early,13.54877551020408,21.63728862973761,23.09497084548105,0.24981593877550984,0.3592819591836712,0.31015732653061334,track_distance_going_rail,8,"{""source_distance"": 30, ""source_distance_going"": 21, ""source_phase_profile"": 30, ""source_phase_profile_going"": 21, ""track_distance"": 12, ""track_distance_going"": 8, ""track_distance_going_rail"": 8, ""track_phase_profile_going"": 8}",2024-10-26
expected-tempo-targets-v2.0-walk-forward,2024-10-26|the-valley|2,2024-10-26,racing-com-rv-authorised,VIC,the-valley,2,1200,good,true,,,7,1.0,0.04669551411761205,-0.5407074683407438,0.667390856745264,even,even,24.4825,22.7275,23.7,0.4818450000000016,0.4484864999999977,0.7042349999999968,track_distance_going_rail,22,"{""source_distance"": 90, ""source_distance_going"": 73, ""source_phase_profile"": 320, ""source_phase_profile_going"": 258, ""track_distance"": 28, ""track_distance_going"": 24, ""track_distance_going_rail"": 22, ""track_phase_profile_going"": 54}",2024-10-26
expected-tempo-targets-v2.0-walk-forward,2024-10-26|the-valley|3,2024-10-26,racing-com-rv-authorised,VIC,the-valley,3,1200,good,true,,,8,1.0,0.326868598823277,-0.7190851898552202,0.49699319119327984,even,even,24.4825,22.7275,23.7,0.4818450000000016,0.4484864999999977,0.7042349999999968,track_distance_going_rail,22,"{""source_distance"": 90, ""source_distance_going"": 73, ""source_phase_profile"": 320, ""source_phase_profile_going"": 258, ""track_distance"": 28, ""track_distance_going"": 24, ""track_distance_going_rail"": 22, ""track_phase_profile_going"": 54}",2024-10-26
expected-tempo-targets-v2.0-walk-forward,2024-10-26|the-valley|4,2024-10-26,racing-com-rv-authorised,VIC,the-valley,4,1600,good,true,,,9,1.0,0.5609626118419202,0.9712666936462956,-0.7449599433025083,fast,fast_early,48.730000000000004,23.59,24.39,0.7487130000000037,0.37065,0.49667100000000125,track_distance_going_rail,17,"{""source_distance"": 73, ""source_distance_going"": 60, ""source_phase_profile"": 320, ""source_phase_profile_going"": 258, ""track_distance"": 20, ""track_distance_going"": 17, ""track_distance_going_rail"": 17, ""track_phase_profile_going"": 54}",2024-10-26
expected-tempo-targets-v2.0-walk-forward,2024-10-26|the-valley|5,2024-10-26,racing-com-rv-authorised,VIC,the-valley,5,2040,good,true,,,7,1.0,-3.154478125113067,4.0,2.283432258644721,slow,sprint_home,77.17500000000001,23.775,24.735,1.215732000000011,0.15567300000000062,0.7116480000000006,track_distance_going_rail,11,"{""source_distance"": 11, ""source_distance_going"": 11, ""source_phase_profile"": 320, ""source_phase_profile_going"": 258, ""track_distance"": 11, ""track_distance_going"": 11, ""track_distance_going_rail"": 11, ""track_phase_profile_going"": 54}",2024-10-26
expected-tempo-targets-v2.0-walk-forward,2024-10-26|the-valley|6,2024-10-26,racing-com-rv-authorised,VIC,the-valley,6,2040,good,true,,,9,1.0,-2.8254582424415555,1.8949978480532719,1.384111246009261,slow,sprint_home,77.17500000000001,23.775,24.735,1.215732000000011,0.15567300000000062,0.7116480000000006,track_distance_going_rail,11,"{""source_distance"": 11, ""source_distance_going"": 11, ""source_phase_profile"": 320, ""source_phase_profile_going"": 258, ""track_distance"": 11, ""track_distance_going"": 11, ""track_distance_going_rail"": 11, ""track_phase_profile_going"": 54}",2024-10-26
expected-tempo-targets-v2.0-walk-forward,2024-10-26|the-valley|7,2024-10-26,racing-com-rv-authorised,VIC,the-valley,7,1200,good,true,,,9,1.0,-0.036318733202582235,1.2207725316146691,0.8519883277599105,even,even,24.4825,22.7275,23.7,0.4818450000000016,0.4484864999999977,0.7042349999999968,track_distance_going_rail,22,"{""source_distance"": 90, ""source_distance_going"": 73, ""source_phase_profile"": 320, ""source_phase_profile_going"": 258, ""track_distance"": 28, ""track_distance_going"": 24, ""track_distance_going_rail"": 22, ""track_phase_profile_going"": 54}",2024-10-26
expected-tempo-targets-v2.0-walk-forward,2024-10-26|the-valley|8,2024-10-26,racing-com-rv-authorised,VIC,the-valley,8,1600,good,true,,,11,1.0,1.1753502343354505,0.7554296506137897,0.7046918382591304,very_fast_or_collapse,sustained_high_pressure,48.730000000000004,23.59,24.39,0.7487130000000037,0.37065,0.49667100000000125,track_distance_going_rail,17,"{""source_distance"": 73, ""source_distance_going"": 60, ""source_phase_profile"": 320, ""source_phase_profile_going"": 258, ""track_distance"": 20, ""track_distance_going"": 17, ""track_distance_going_rail"": 17, ""track_phase_profile_going"": 54}",2024-10-26
expected-tempo-targets-v2.0-walk-forward,2024-10-26|the-valley|9,2024-10-26,racing-com-rv-authorised,VIC,the-valley,9,2040,good,true,,,9,1.0,2.0440360210967476,4.0,-0.3583232159719395,very_fast_or_collapse,very_fast_early,77.17500000000001,23.775,24.735,1.215732000000011,0.15567300000000062,0.7116480000000006,track_distance_going_rail,11,"{""source_distance"": 11, ""source_distance_going"": 11, ""source_phase_profile"": 320, ""source_phase_profile_going"": 258, ""track_distance"": 11, ""track_distance_going"": 11, ""track_distance_going_rail"": 11, ""track_phase_profile_going"": 54}",2024-10-26
expected-tempo-targets-v2.0-walk-forward,2024-10-26|the-valley|10,2024-10-26,racing-com-rv-authorised,VIC,the-valley,10,2040,good,true,,,11,1.0,-0.8842409346796654,4.0,1.159280992850396,slow,sprint_home,77.17500000000001,23.775,24.735,1.215732000000011,0.15567300000000062,0.7116480000000006,track_distance_going_rail,11,"{""source_distance"": 11, ""source_distance_going"": 11, ""source_phase_profile"": 320, ""source_phase_profile_going"": 258, ""track_distance"": 11, ""track_distance_going"": 11, ""track_distance_going_rail"": 11, ""track_phase_profile_going"": 54}",2024-10-26
expected-tempo-targets-v2.0-walk-forward,2024-11-02|flemington|1,2024-11-02,racing-com-rv-authorised,VIC,flemington,1,1600,good,true,group,3,7,1.0,0.5812569962774469,-0.5995473417569865,-1.415559159811092,fast,fast_early,50.38074074074074,22.940370370370367,23.49796296296296,1.0507241111111165,0.4497219999999973,0.5312650000000012,track_distance_going_rail,7,"{""source_distance"": 75, ""source_distance_going"": 62, ""source_phase_profile"": 329, ""source_phase_profile_going"": 267, ""track_distance"": 23, ""track_distance_going"": 19, ""track_distance_going_rail"": 7, ""track_phase_profile_going"": 76}",2024-11-02
expected-tempo-targets-v2.0-walk-forward,2024-11-02|flemington|2,2024-11-02,racing-com-rv-authorised,VIC,flemington,2,1400,good,true,group,3,12,1.0,-2.594195228756226,-0.802097119377587,0.05188390457512668,slow,very_slow_early,37.09,22.77,23.115000000000002,0.3854759999999865,0.2742809999999981,0.4818450000000042,track_distance_going_rail,11,"{""source_distance"": 92, ""source_distance_going"": 72, ""source_phase_profile"": 329, ""source_phase_profile_going"": 267, ""track_distance"": 28, ""track_distance_going"": 22, ""track_distance_going_rail"": 11, ""track_phase_profile_going"": 76}",2024-11-02
expected-tempo-targets-v2.0-walk-forward,2024-11-02|flemington|3,2024-11-02,racing-com-rv-authorised,VIC,flemington,3,1200,good,true,group,3,13,1.0,2.245096396071223,1.6605222203577745,-3.840611346544624,very_fast_or_collapse,pace_collapse,25.27730769230769,21.841153846153844,23.255,0.4798491923076942,0.3740713846153845,0.24605457692307536,track_distance_going_rail,6,"{""source_distance"": 93, ""source_distance_going"": 76, ""source_phase_profile"": 329, ""source_phase_profile_going"": 267, ""track_distance"": 26, ""track_distance_going"": 19, ""track_distance_going_rail"": 6, ""track_phase_profile_going"": 76}",2024-11-02
expected-tempo-targets-v2.0-walk-forward,2024-11-02|flemington|4,2024-11-02,racing-com-rv-authorised,VIC,flemington,4,1400,good,true,group,2,11,1.0,-2.231007896730353,0.14583583988682927,0.30092664653571555,slow,very_slow_early,37.09,22.77,23.115000000000002,0.3854759999999865,0.2742809999999981,0.4818450000000042,track_distance_going_rail,11,"{""source_distance"": 92, ""source_distance_going"": 72, ""source_phase_profile"": 329, ""source_phase_profile_going"": 267, ""track_distance"": 28, ""track_distance_going"": 22, ""track_distance_going_rail"": 11, ""track_phase_profile_going"": 76}",2024-11-02
expected-tempo-targets-v2.0-walk-forward,2024-11-02|flemington|5,2024-11-02,racing-com-rv-authorised,VIC,flemington,5,2000,good,true,group,2,12,1.0,-3.535261911739421,-0.43236587145936317,1.3568244347610616,slow,sprint_home,75.29,23.365000000000002,24.35,1.0748849999999914,0.2891069999999951,0.6375179999999996,track_distance_going,13,"{""source_distance"": 36, ""source_distance_going"": 28, ""source_phase_profile"": 329, ""source_phase_profile_going"": 267, ""track_distance"": 15, ""track_distance_going"": 13, ""track_distance_going_rail"": 4, ""track_phase_profile_going"": 76}",2024-11-02
expected-tempo-targets-v2.0-walk-forward,2024-11-02|flemington|6,2024-11-02,racing-com-rv-authorised,VIC,flemington,6,1200,good,true,group,1,14,1.0,1.4740208041324425,1.673888653091302,-0.22352764450790139,very_fast_or_collapse,very_fast_early,25.27730769230769,21.841153846153844,23.255,0.4798491923076942,0.3740713846153845,0.24605457692307536,track_distance_going_rail,6,"{""source_distance"": 93, ""source_distance_going"": 76, ""source_phase_profile"": 329, ""source_phase_profile_going"": 267, ""track_distance"": 26, ""track_distance_going"": 19, ""track_distance_going_rail"": 6, ""track_phase_profile_going"": 76}",2024-11-02
expected-tempo-targets-v2.0-walk-forward,2024-11-02|flemington|7,2024-11-02,racing-com-rv-authorised,VIC,flemington,7,2500,good,true,group,1,16,1.0,-3.8640998699286273,-1.4825763070620805,-2.8951218752918453,slow,very_slow_early,38.245000000000005,22.762500000000003,23.42,18.677053499999992,0.7672454999999975,0.4818449999999989,track_phase_profile_going,76,"{""source_distance"": 3, ""source_distance_going"": 3, ""source_phase_profile"": 329, ""source_phase_profile_going"": 267, ""track_distance"": 1, ""track_distance_going"": 1, ""track_distance_going_rail"": 1, ""track_phase_profile_going"": 76}",2024-11-02
expected-tempo-targets-v2.0-walk-forward,2024-11-02|flemington|8,2024-11-02,racing-com-rv-authorised,VIC,flemington,8,1600,good,true,group,1,13,1.0,0.5431880116819567,-0.08812028237363015,-0.3614712752337202,fast,fast_early,50.38074074074074,22.940370370370367,23.49796296296296,1.0507241111111165,0.4497219999999973,0.5312650000000012,track_distance_going_rail,7,"{""source_distance"": 75, ""source_distance_going"": 62, ""source_phase_profile"": 329, ""source_phase_profile_going"": 267, ""track_distance"": 23, ""track_distance_going"": 19, ""track_distance_going_rail"": 7, ""track_phase_profile_going"": 76}",2024-11-02
expected-tempo-targets-v2.0-walk-forward,2024-11-02|flemington|9,2024-11-02,racing-com-rv-authorised,VIC,flemington,9,1100,good,true,group,3,17,1.0,-0.8200495555946485,0.6607256419362593,1.8486872975687356,slow,sprint_home,19.384285714285713,21.591428571428573,23.36857142857143,0.3484110000000014,0.259454999999998,0.637518000000001,track_distance_going_rail,8,"{""source_distance"": 52, ""source_distance_going"": 43, ""source_phase_profile"": 52, ""source_phase_profile_going"": 43, ""track_distance"": 22, ""track_distance_going"": 17, ""track_distance_going_rail"": 8, ""track_phase_profile_going"": 17}",2024-11-02
expected-tempo-targets-v2.0-walk-forward,2024-11-09|flemington|1,2024-11-09,racing-com-rv-authorised,VIC,flemington,1,1600,good,out_7m_plus,benchmark,,10,1.0,0.3978050937275483,-0.03549951365666129,-1.7994364784623016,even,even,50.768,22.876,23.555,0.8999382000000075,0.3943715999999995,0.4195757999999998,track_distance_going_rail,5,"{""source_distance"": 77, ""source_distance_going"": 64, ""source_phase_profile"": 337, ""source_phase_profile_going"": 275, ""track_distance"": 25, ""track_distance_going"": 21, ""track_distance_going_rail"": 5, ""track_phase_profile_going"": 84}",2024-11-09
expected-tempo-targets-v2.0-walk-forward,2024-11-09|flemington|2,2024-11-09,racing-com-rv-authorised,VIC,flemington,2,1000,good,out_7m_plus,listed,,11,1.0,-0.48749513729726335,0.3269139373095849,-1.7665400986683308,even,even,13.777160493827157,21.662386831275718,22.81071330589849,0.25198098765432075,0.4049592757201654,0.5090666748971171,track_distance_going,7,"{""source_distance"": 31, ""source_distance_going"": 22, ""source_phase_profile"": 31, ""source_phase_profile_going"": 22, ""track_distance"": 8, ""track_distance_going"": 7, ""track_distance_going_rail"": 2, ""track_phase_profile_going"": 7}",2024-11-09
expected-tempo-targets-v2.0-walk-forward,2024-11-09|flemington|4,2024-11-09,racing-com-rv-authorised,VIC,flemington,4,1200,good,out_7m_plus,listed,,13,1.0,0.010804199808547367,0.7323612684257662,1.0354858138443541,even,even,25.265,21.842142857142854,23.30142857142857,0.4627830000000027,0.3579419999999995,0.30075599999999886,track_distance_going_rail,8,"{""source_distance"": 95, ""source_distance_going"": 78, ""source_phase_profile"": 337, ""source_phase_profile_going"": 275, ""track_distance"": 28, ""track_distance_going"": 21, ""track_distance_going_rail"": 8, ""track_phase_profile_going"": 84}",2024-11-09
expected-tempo-targets-v2.0-walk-forward,2024-11-09|flemington|5,2024-11-09,racing-com-rv-authorised,VIC,flemington,5,2000,good,out_7m_plus,group,2,15,1.0,-0.2974012393395926,0.6261627611340316,-0.7680947872308244,even,even,75.29,23.381923076923076,24.299230769230768,1.0087382307692305,0.2745661153846148,0.6389435769230755,track_distance_going_rail,6,"{""source_distance"": 37, ""source_distance_going"": 29, ""source_phase_profile"": 337, ""source_phase_profile_going"": 275, ""track_distance"": 16, ""track_distance_going"": 14, ""track_distance_going_rail"": 6, ""track_phase_profile_going"": 84}",2024-11-09
expected-tempo-targets-v2.0-walk-forward,2024-11-09|flemington|6,2024-11-09,racing-com-rv-authorised,VIC,flemington,6,1200,good,out_7m_plus,group,1,12,1.0,1.3505249760686895,0.3831426799393629,0.22087197405395287,very_fast_or_collapse,sustained_high_pressure,25.265,21.842142857142854,23.30142857142857,0.4627830000000027,0.3579419999999995,0.30075599999999886,track_distance_going_rail,8,"{""source_distance"": 95, ""source_distance_going"": 78, ""source_phase_profile"": 337, ""source_phase_profile_going"": 275, ""track_distance"": 28, ""track_distance_going"": 21, ""track_distance_going_rail"": 8, ""track_phase_profile_going"": 84}",2024-11-09
expected-tempo-targets-v2.0-walk-forward,2024-11-09|flemington|7,2024-11-09,racing-com-rv-authorised,VIC,flemington,7,1600,good,out_7m_plus,group,1,11,1.0,0.4533644643598837,-0.23835387740901667,0.6554238828836142,even,even,50.768,22.876,23.555,0.8999382000000075,0.3943715999999995,0.4195757999999998,track_distance_going_rail,5,"{""source_distance"": 77, ""source_distance_going"": 64, ""source_phase_profile"": 337, ""source_phase_profile_going"": 275, ""track_distance"": 25, ""track_distance_going"": 21, ""track_distance_going_rail"": 5, ""track_phase_profile_going"": 84}",2024-11-09
expected-tempo-targets-v2.0-walk-forward,2024-11-09|flemington|8,2024-11-09,racing-com-rv-authorised,VIC,flemington,8,2000,good,out_7m_plus,group,1,11,1.0,-0.28748786469493437,1.0267948633361201,-0.0012039103248168124,even,even,75.29,23.381923076923076,24.299230769230768,1.0087382307692305,0.2745661153846148,0.6389435769230755,track_distance_going_rail,6,"{""source_distance"": 37, ""source_distance_going"": 29, ""source_phase_profile"": 337, ""source_phase_profile_going"": 275, ""track_distance"": 16, ""track_distance_going"": 14, ""track_distance_going_rail"": 6, ""track_phase_profile_going"": 84}",2024-11-09
expected-tempo-targets-v2.0-walk-forward,2024-11-09|flemington|9,2024-11-09,racing-com-rv-authorised,VIC,flemington,9,1100,good,out_7m_plus,benchmark,,14,1.0,-0.07013388888140844,-2.0696128154586715,-1.2198503884214211,even,even,19.465384615384615,21.575576923076923,23.143653846153846,0.35097703846153866,0.22923276923076794,0.46017623076923114,track_distance_going_rail,6,"{""source_distance"": 53, ""source_distance_going"": 44, ""source_phase_profile"": 53, ""source_phase_profile_going"": 44, ""track_distance"": 23, ""track_distance_going"": 18, ""track_distance_going_rail"": 6, ""track_phase_profile_going"": 18}",2024-11-09
expected-tempo-targets-v2.0-walk-forward,2024-11-16|caulfield|1,2024-11-16,racing-com-rv-authorised,VIC,caulfield,1,1700,good,out_4_6m,benchmark,,13,1.0,-1.0660132510497708,-1.6687076581856044,-1.5482628797076405,slow,slow_early,37.4525,23.2275,23.487499999999997,18.562151999999998,0.5708009999999997,0.815430000000001,track_phase_profile_going,118,"{""source_distance"": 1, ""source_distance_going"": 1, ""source_phase_profile"": 343, ""source_phase_profile_going"": 281, ""track_distance"": 1, ""track_distance_going"": 1, ""track_distance_going_rail"": 0, ""track_phase_profile_going"": 118}",2024-11-16
expected-tempo-targets-v2.0-walk-forward,2024-11-16|caulfield|2,2024-11-16,racing-com-rv-authorised,VIC,caulfield,2,1100,good,out_4_6m,benchmark,,11,1.0,-4.0,-3.0763359029786246,-0.9504187974442863,slow,very_slow_early,18.693,21.928,22.928000000000004,0.29503740000000034,0.3647195999999991,0.391406399999999,track_distance_going_rail,5,"{""source_distance"": 54, ""source_distance_going"": 45, ""source_phase_profile"": 54, ""source_phase_profile_going"": 45, ""track_distance"": 30, ""track_distance_going"": 26, ""track_distance_going_rail"": 5, ""track_phase_profile_going"": 26}",2024-11-16
expected-tempo-targets-v2.0-walk-forward,2024-11-16|caulfield|3,2024-11-16,racing-com-rv-authorised,VIC,caulfield,3,1400,good,out_4_6m,benchmark,,10,1.0,-1.9773532521407926,-1.099170126554451,-0.6440626049137367,slow,very_slow_early,37.54,23.354999999999997,23.2325,0.8673209999999959,0.4003020000000046,0.49296450000000197,track_distance_going_rail,14,"{""source_distance"": 94, ""source_distance_going"": 74, ""source_phase_profile"": 343, ""source_phase_profile_going"": 281, ""track_distance"": 54, ""track_distance_going"": 44, ""track_distance_going_rail"": 14, ""track_phase_profile_going"": 118}",2024-11-16
expected-tempo-targets-v2.0-walk-forward,2024-11-16|caulfield|4,2024-11-16,racing-com-rv-authorised,VIC,caulfield,4,1400,good,out_4_6m,group,3,7,1.0,0.14988683543924702,-2.635510189806674,-2.1654703330564264,even,even,37.54,23.354999999999997,23.2325,0.8673209999999959,0.4003020000000046,0.49296450000000197,track_distance_going_rail,14,"{""source_distance"": 94, ""source_distance_going"": 74, ""source_phase_profile"": 343, ""source_phase_profile_going"": 281, ""track_distance"": 54, ""track_distance_going"": 44, ""track_distance_going_rail"": 14, ""track_phase_profile_going"": 118}",2024-11-16
expected-tempo-targets-v2.0-walk-forward,2024-11-16|caulfield|5,2024-11-16,racing-com-rv-authorised,VIC,caulfield,5,1100,good,out_4_6m,listed,,9,1.0,-2.9725045028189574,-1.7876746958485343,-0.337245379738284,slow,very_slow_early,18.693,21.928,22.928000000000004,0.29503740000000034,0.3647195999999991,0.391406399999999,track_distance_going_rail,5,"{""source_distance"": 54, ""source_distance_going"": 45, ""source_phase_profile"": 54, ""source_phase_profile_going"": 45, ""track_distance"": 30, ""track_distance_going"": 26, ""track_distance_going_rail"": 5, ""track_phase_profile_going"": 26}",2024-11-16
expected-tempo-targets-v2.0-walk-forward,2024-11-16|caulfield|6,2024-11-16,racing-com-rv-authorised,VIC,caulfield,6,1200,good,out_4_6m,group,3,16,1.0,-1.4516214171344115,-2.799136651827886,-1.1544168767964649,slow,very_slow_early,24.51,22.41,23.3,0.34099800000000063,0.29651999999999895,0.3854760000000023,track_distance_going_rail,11,"{""source_distance"": 97, ""source_distance_going"": 80, ""source_phase_profile"": 343, ""source_phase_profile_going"": 281, ""track_distance"": 36, ""track_distance_going"": 30, ""track_distance_going_rail"": 11, ""track_phase_profile_going"": 118}",2024-11-16
expected-tempo-targets-v2.0-walk-forward,2024-11-16|caulfield|7,2024-11-16,racing-com-rv-authorised,VIC,caulfield,7,1600,good,out_4_6m,group,1,13,1.0,-1.3164277735762453,-1.505205481626094,0.4931084947046571,slow,very_slow_early,50.493571428571435,23.526428571428575,23.978571428571428,1.250679,0.2880479999999953,0.9096809999999989,track_distance_going_rail,8,"{""source_distance"": 79, ""source_distance_going"": 66, ""source_phase_profile"": 343, ""source_phase_profile_going"": 281, ""track_distance"": 25, ""track_distance_going"": 23, ""track_distance_going_rail"": 8, ""track_phase_profile_going"": 118}",2024-11-16
expected-tempo-targets-v2.0-walk-forward,2024-11-16|caulfield|8,2024-11-16,racing-com-rv-authorised,VIC,caulfield,8,2000,good,out_4_6m,handicap_unspecified,,15,1.0,1.6355923232633673,-1.909102106170695,-2.030020732405296,very_fast_or_collapse,pace_collapse,76.482,23.399,24.24,1.0467155999999962,0.3409980000000027,0.45812339999999946,track_distance_going_rail,5,"{""source_distance"": 39, ""source_distance_going"": 31, ""source_phase_profile"": 343, ""source_phase_profile_going"": 281, ""track_distance"": 21, ""track_distance_going"": 15, ""track_distance_going_rail"": 5, ""track_phase_profile_going"": 118}",2024-11-16
expected-tempo-targets-v2.0-walk-forward,2024-11-16|caulfield|9,2024-11-16,racing-com-rv-authorised,VIC,caulfield,9,1400,good,out_4_6m,group,1,14,1.0,0.40930635831485523,1.224075822753794,-1.7699043237393193,even,even,37.54,23.354999999999997,23.2325,0.8673209999999959,0.4003020000000046,0.49296450000000197,track_distance_going_rail,14,"{""source_distance"": 94, ""source_distance_going"": 74, ""source_phase_profile"": 343, ""source_phase_profile_going"": 281, ""track_distance"": 54, ""track_distance_going"": 44, ""track_distance_going_rail"": 14, ""track_phase_profile_going"": 118}",2024-11-16
expected-tempo-targets-v2.0-walk-forward,2024-11-16|caulfield|10,2024-11-16,racing-com-rv-authorised,VIC,caulfield,10,1200,good,out_4_6m,group,3,13,1.0,-2.522008926738567,-2.158370430325114,0.9857941869273229,slow,sprint_home,24.51,22.41,23.3,0.34099800000000063,0.29651999999999895,0.3854760000000023,track_distance_going_rail,11,"{""source_distance"": 97, ""source_distance_going"": 80, ""source_phase_profile"": 343, ""source_phase_profile_going"": 281, ""track_distance"": 36, ""track_distance_going"": 30, ""track_distance_going_rail"": 11, ""track_phase_profile_going"": 118}",2024-11-16
expected-tempo-targets-v2.0-walk-forward,2024-11-30|caulfield|1,2024-11-30,racing-com-rv-authorised,VIC,caulfield,1,1800,soft,true,benchmark,,8,1.0,-1.266975088484454,-0.40469445568595885,0.9930002847849911,slow,sprint_home,38.82,23.97,25.0,20.608139999999995,0.815430000000001,0.8006039999999987,track_phase_profile_going,27,"{""source_distance"": 10, ""source_distance_going"": 1, ""source_phase_profile"": 351, ""source_phase_profile_going"": 62, ""track_distance"": 4, ""track_distance_going"": 0, ""track_distance_going_rail"": 0, ""track_phase_profile_going"": 27}",2024-11-30
expected-tempo-targets-v2.0-walk-forward,2024-11-30|caulfield|2,2024-11-30,racing-com-rv-authorised,VIC,caulfield,2,1000,soft,true,listed,,10,1.0,0.38360471909246224,-1.085384826234582,-1.4488993752924253,even,even,13.619924252433172,21.907718324745673,23.418758973003918,0.32565879984145907,0.42591499722552406,0.5184908212445491,source_distance_going,9,"{""source_distance"": 32, ""source_distance_going"": 9, ""source_phase_profile"": 32, ""source_phase_profile_going"": 9, ""track_distance"": 7, ""track_distance_going"": 2, ""track_distance_going_rail"": 0, ""track_phase_profile_going"": 2}",2024-11-30
expected-tempo-targets-v2.0-walk-forward,2024-11-30|caulfield|3,2024-11-30,racing-com-rv-authorised,VIC,caulfield,3,2400,soft,true,benchmark,,14,1.0,-3.1283754865795754,-0.5641195442895163,-0.8306228797258074,slow,very_slow_early,38.82,23.97,25.0,20.608139999999995,0.815430000000001,0.8006039999999987,track_phase_profile_going,27,"{""source_distance"": 4, ""source_distance_going"": 3, ""source_phase_profile"": 351, ""source_phase_profile_going"": 62, ""track_distance"": 4, ""track_distance_going"": 3, ""track_distance_going_rail"": 0, ""track_phase_profile_going"": 27}",2024-11-30
expected-tempo-targets-v2.0-walk-forward,2024-11-30|caulfield|4,2024-11-30,racing-com-rv-authorised,VIC,caulfield,4,1400,soft,true,listed,,12,1.0,-0.5051104040014496,-2.220802632855194,1.568065904141793,slow,slow_early,37.96722222222222,23.90611111111111,25.09444444444444,0.5499347777777734,0.16610611111110965,0.6660717777777766,track_distance_going_rail,7,"{""source_distance"": 97, ""source_distance_going"": 20, ""source_phase_profile"": 351, ""source_phase_profile_going"": 62, ""track_distance"": 57, ""track_distance_going"": 10, ""track_distance_going_rail"": 7, ""track_phase_profile_going"": 27}",2024-11-30
expected-tempo-targets-v2.0-walk-forward,2024-11-30|caulfield|5,2024-11-30,racing-com-rv-authorised,VIC,caulfield,5,1200,soft,true,listed,,6,1.0,0.6063373998768218,0.7209282873283558,1.7587214871021457,fast,sustained_high_pressure,35.58576923076923,23.708653846153844,24.82,15.891761307692303,0.6708765000000011,0.69368573076923,track_distance_going,6,"{""source_distance"": 99, ""source_distance_going"": 17, ""source_phase_profile"": 351, ""source_phase_profile_going"": 62, ""track_distance"": 38, ""track_distance_going"": 6, ""track_distance_going_rail"": 2, ""track_phase_profile_going"": 27}",2024-11-30
expected-tempo-targets-v2.0-walk-forward,2024-12-14|caulfield-heath|1,2024-12-14,racing-com-rv-authorised,VIC,caulfield-heath,1,1500,good,true,benchmark,,6,1.0,-0.23233040900512697,0.06274332646293779,-0.5331688860624528,even,even,38.15,23.09,23.575,19.110713999999994,0.6375179999999996,0.7783650000000031,source_phase_profile_going,289,"{""source_distance"": 0, ""source_distance_going"": 0, ""source_phase_profile"": 355, ""source_phase_profile_going"": 289, ""track_distance"": 0, ""track_distance_going"": 0, ""track_distance_going_rail"": 0, ""track_phase_profile_going"": 0}",2024-12-14
expected-tempo-targets-v2.0-walk-forward,2024-12-14|caulfield-heath|2,2024-12-14,racing-com-rv-authorised,VIC,caulfield-heath,2,1200,good,true,benchmark,,12,1.0,0.3211860759412333,-0.08717907775547773,-0.010457221077147126,even,even,24.634999999999998,22.3425,23.325000000000003,0.46701899999999924,0.5448554999999969,0.4781384999999944,source_distance_going,82,"{""source_distance"": 100, ""source_distance_going"": 82, ""source_phase_profile"": 355, ""source_phase_profile_going"": 289, ""track_distance"": 0, ""track_distance_going"": 0, ""track_distance_going_rail"": 0, ""track_phase_profile_going"": 0}",2024-12-14
expected-tempo-targets-v2.0-walk-forward,2024-12-14|caulfield-heath|3,2024-12-14,racing-com-rv-authorised,VIC,caulfield-heath,3,1600,good,true,benchmark,,10,1.0,-0.9726082222286877,-0.4091173459120386,0.8548001704257864,slow,sprint_home,50.15,23.36,23.87,1.341752999999991,0.45219299999999957,0.7487129999999985,source_distance_going,67,"{""source_distance"": 80, ""source_distance_going"": 67, ""source_phase_profile"": 355, ""source_phase_profile_going"": 289, ""track_distance"": 0, ""track_distance_going"": 0, ""track_distance_going_rail"": 0, ""track_phase_profile_going"": 0}",2024-12-14
expected-tempo-targets-v2.0-walk-forward,2024-12-14|caulfield-heath|4,2024-12-14,racing-com-rv-authorised,VIC,caulfield-heath,4,1500,good,true,benchmark,,9,1.0,-0.3683797476117324,0.015685831615737233,1.059914050606073,even,even,38.15,23.09,23.575,19.110713999999994,0.6375179999999996,0.7783650000000031,source_phase_profile_going,289,"{""source_distance"": 0, ""source_distance_going"": 0, ""source_phase_profile"": 355, ""source_phase_profile_going"": 289, ""track_distance"": 0, ""track_distance_going"": 0, ""track_distance_going_rail"": 0, ""track_phase_profile_going"": 0}",2024-12-14
expected-tempo-targets-v2.0-walk-forward,2024-12-14|caulfield-heath|5,2024-12-14,racing-com-rv-authorised,VIC,caulfield-heath,5,1100,good,true,unclassified,,9,1.0,0.4336012025206659,-0.212997081939977,-2.5542191055589147,even,even,19.15,21.75,23.025,0.6226920000000025,0.42254100000000017,0.45219299999999957,source_distance_going,47,"{""source_distance"": 56, ""source_distance_going"": 47, ""source_phase_profile"": 56, ""source_phase_profile_going"": 47, ""track_distance"": 0, ""track_distance_going"": 0, ""track_distance_going_rail"": 0, ""track_phase_profile_going"": 0}",2024-12-14
expected-tempo-targets-v2.0-walk-forward,2024-12-14|caulfield-heath|6,2024-12-14,racing-com-rv-authorised,VIC,caulfield-heath,6,1200,good,true,unclassified,,8,1.0,0.8993210126354502,-0.6561372694228171,0.11502943184872984,fast,fast_early,24.634999999999998,22.3425,23.325000000000003,0.46701899999999924,0.5448554999999969,0.4781384999999944,source_distance_going,82,"{""source_distance"": 100, ""source_distance_going"": 82, ""source_phase_profile"": 355, ""source_phase_profile_going"": 289, ""track_distance"": 0, ""track_distance_going"": 0, ""track_distance_going_rail"": 0, ""track_phase_profile_going"": 0}",2024-12-14
expected-tempo-targets-v2.0-walk-forward,2024-12-14|caulfield-heath|7,2024-12-14,racing-com-rv-authorised,VIC,caulfield-heath,7,1800,good,true,benchmark,,9,1.0,-1.3644184919658437,-0.4211948734070611,0.002931588055235312,slow,very_slow_early,46.09172413793104,23.099310344827586,23.612241379310348,13.469676620689654,0.47647696551724034,0.7645614827586233,source_distance_going,9,"{""source_distance"": 11, ""source_distance_going"": 9, ""source_phase_profile"": 355, ""source_phase_profile_going"": 289, ""track_distance"": 0, ""track_distance_going"": 0, ""track_distance_going_rail"": 0, ""track_phase_profile_going"": 0}",2024-12-14
expected-tempo-targets-v2.0-walk-forward,2024-12-14|caulfield-heath|8,2024-12-14,racing-com-rv-authorised,VIC,caulfield-heath,8,1000,good,true,benchmark,,11,1.0,0.8431134493457453,1.5635922151502908,0.2610931972167498,very_fast_or_collapse,sustained_high_pressure,13.66,21.58,22.93,0.3558240000000003,0.3261719999999983,0.45960599999999807,source_distance_going,23,"{""source_distance"": 33, ""source_distance_going"": 23, ""source_phase_profile"": 33, ""source_phase_profile_going"": 23, ""track_distance"": 0, ""track_distance_going"": 0, ""track_distance_going_rail"": 0, ""track_phase_profile_going"": 0}",2024-12-14
expected-tempo-targets-v2.0-walk-forward,2024-12-14|caulfield-heath|9,2024-12-14,racing-com-rv-authorised,VIC,caulfield-heath,9,1500,good,true,benchmark,,8,1.0,-0.26320314353508767,0.015685831615737233,-0.14774559493297043,even,even,38.15,23.09,23.575,19.110713999999994,0.6375179999999996,0.7783650000000031,source_phase_profile_going,289,"{""source_distance"": 0, ""source_distance_going"": 0, ""source_phase_profile"": 355, ""source_phase_profile_going"": 289, ""track_distance"": 0, ""track_distance_going"": 0, ""track_distance_going_rail"": 0, ""track_phase_profile_going"": 0}",2024-12-14
expected-tempo-targets-v2.0-walk-forward,2024-12-14|caulfield-heath|10,2024-12-14,racing-com-rv-authorised,VIC,caulfield-heath,10,1200,good,true,benchmark,,11,1.0,1.6380489873002988,0.7937884448262034,-1.1816659817186952,very_fast_or_collapse,pace_collapse,24.634999999999998,22.3425,23.325000000000003,0.46701899999999924,0.5448554999999969,0.4781384999999944,source_distance_going,82,"{""source_distance"": 100, ""source_distance_going"": 82, ""source_phase_profile"": 355, ""source_phase_profile_going"": 289, ""track_distance"": 0, ""track_distance_going"": 0, ""track_distance_going_rail"": 0, ""track_phase_profile_going"": 0}",2024-12-14
expected-tempo-targets-v2.0-walk-forward,2024-12-28|the-valley|2,2024-12-28,racing-com-rv-authorised,VIC,the-valley,2,1200,good,true,,,8,1.0,-0.8829697214966369,-1.6254121580829428,-1.686226898691488,slow,slow_early,24.46,22.735,23.66,0.4077149999999979,0.45219299999999957,0.6375179999999996,track_distance_going_rail,25,"{""source_distance"": 103, ""source_distance_going"": 85, ""source_phase_profile"": 363, ""source_phase_profile_going"": 297, ""track_distance"": 31, ""track_distance_going"": 27, ""track_distance_going_rail"": 25, ""track_phase_profile_going"": 63}",2024-12-28
expected-tempo-targets-v2.0-walk-forward,2024-12-28|the-valley|3,2024-12-28,racing-com-rv-authorised,VIC,the-valley,3,1500,good,true,,,11,1.0,0.10509704820067907,0.32975103796633426,-0.26193815902003575,even,even,48.31,23.23,24.04,35.300706,0.6671699999999989,0.7635390000000009,track_phase_profile_going,63,"{""source_distance"": 3, ""source_distance_going"": 3, ""source_phase_profile"": 363, ""source_phase_profile_going"": 297, ""track_distance"": 0, ""track_distance_going"": 0, ""track_distance_going_rail"": 0, ""track_phase_profile_going"": 63}",2024-12-28
expected-tempo-targets-v2.0-walk-forward,2024-12-28|the-valley|4,2024-12-28,racing-com-rv-authorised,VIC,the-valley,4,1200,good,true,,,5,1.0,-2.0602626834921556,-0.6744907594765952,-0.42351745362483845,slow,very_slow_early,24.46,22.735,23.66,0.4077149999999979,0.45219299999999957,0.6375179999999996,track_distance_going_rail,25,"{""source_distance"": 103, ""source_distance_going"": 85, ""source_phase_profile"": 363, ""source_phase_profile_going"": 297, ""track_distance"": 31, ""track_distance_going"": 27, ""track_distance_going_rail"": 25, ""track_phase_profile_going"": 63}",2024-12-28
expected-tempo-targets-v2.0-walk-forward,2024-12-28|the-valley|5,2024-12-28,racing-com-rv-authorised,VIC,the-valley,5,1200,good,true,,,10,1.0,-0.7725985063095528,-0.8624635940848286,-0.37645995877763233,slow,slow_early,24.46,22.735,23.66,0.4077149999999979,0.45219299999999957,0.6375179999999996,track_distance_going_rail,25,"{""source_distance"": 103, ""source_distance_going"": 85, ""source_phase_profile"": 363, ""source_phase_profile_going"": 297, ""track_distance"": 31, ""track_distance_going"": 27, ""track_distance_going_rail"": 25, ""track_phase_profile_going"": 63}",2024-12-28
expected-tempo-targets-v2.0-walk-forward,2024-12-28|the-valley|6,2024-12-28,racing-com-rv-authorised,VIC,the-valley,6,1000,good,true,,,10,1.0,0.4313103006784422,0.06279116860836807,-1.7298929003792334,even,even,13.514043011193573,21.576719832711472,23.111594981344048,0.276003172208782,0.26627682016482623,0.26788075640657405,track_distance_going_rail,9,"{""source_distance"": 34, ""source_distance_going"": 24, ""source_phase_profile"": 34, ""source_phase_profile_going"": 24, ""track_distance"": 13, ""track_distance_going"": 9, ""track_distance_going_rail"": 9, ""track_phase_profile_going"": 9}",2024-12-28
expected-tempo-targets-v2.0-walk-forward,2024-12-28|the-valley|7,2024-12-28,racing-com-rv-authorised,VIC,the-valley,7,1600,good,true,,,10,1.0,-2.9044398010114483,-1.746449287930466,1.0984563797190225,slow,sprint_home,48.715,23.56,24.39,0.726474000000003,0.41512800000000166,0.5189100000000021,track_distance_going_rail,19,"{""source_distance"": 81, ""source_distance_going"": 68, ""source_phase_profile"": 363, ""source_phase_profile_going"": 297, ""track_distance"": 22, ""track_distance_going"": 19, ""track_distance_going_rail"": 19, ""track_phase_profile_going"": 63}",2024-12-28
expected-tempo-targets-v2.0-walk-forward,2024-12-28|the-valley|8,2024-12-28,racing-com-rv-authorised,VIC,the-valley,8,2040,good,true,,,10,1.0,0.22276759028584595,-0.3035208417644684,-1.5372114983420075,even,even,78.25,23.68,24.555,2.424050999999986,0.29651999999999895,0.9562769999999993,track_distance_going_rail,15,"{""source_distance"": 15, ""source_distance_going"": 15, ""source_phase_profile"": 363, ""source_phase_profile_going"": 297, ""track_distance"": 15, ""track_distance_going"": 15, ""track_distance_going_rail"": 15, ""track_phase_profile_going"": 63}",2024-12-28
expected-tempo-targets-v2.0-walk-forward,2024-12-28|the-valley|9,2024-12-28,racing-com-rv-authorised,VIC,the-valley,9,2040,good,true,,,13,1.0,-0.6353001648892763,-0.43841899365978504,0.6431190962451245,slow,slow_early,78.25,23.68,24.555,2.424050999999986,0.29651999999999895,0.9562769999999993,track_distance_going_rail,15,"{""source_distance"": 15, ""source_distance_going"": 15, ""source_phase_profile"": 363, ""source_phase_profile_going"": 297, ""track_distance"": 15, ""track_distance_going"": 15, ""track_distance_going_rail"": 15, ""track_phase_profile_going"": 63}",2024-12-28
expected-tempo-targets-v2.0-walk-forward,2024-12-28|the-valley|10,2024-12-28,racing-com-rv-authorised,VIC,the-valley,10,1200,good,true,,,13,1.0,0.07358081012472265,-0.3870028947816549,-1.9136714571196416,even,even,24.46,22.735,23.66,0.4077149999999979,0.45219299999999957,0.6375179999999996,track_distance_going_rail,25,"{""source_distance"": 103, ""source_distance_going"": 85, ""source_phase_profile"": 363, ""source_phase_profile_going"": 297, ""track_distance"": 31, ""track_distance_going"": 27, ""track_distance_going_rail"": 25, ""track_phase_profile_going"": 63}",2024-12-28
expected-tempo-targets-v2.0-walk-forward,2025-01-04|randwick|4,2025-01-04,racing-com-nsw-authorised-v2,NSW,randwick,4,1400,good,out_1_3m,,,6,1.0,1.0475011911219743,-0.5186149252131023,-3.5655589104636083,very_fast_or_collapse,pace_collapse,23.735185185185184,22.584444444444443,22.657407407407405,1.651726222222227,0.7627153333333341,0.6051204444444459,track_distance_going,7,"{""source_distance"": 45, ""source_distance_going"": 17, ""source_phase_profile"": 122, ""source_phase_profile_going"": 69, ""track_distance"": 22, ""track_distance_going"": 7, ""track_distance_going_rail"": 1, ""track_phase_profile_going"": 25}",2025-01-04
expected-tempo-targets-v2.0-walk-forward,2025-01-04|randwick|5,2025-01-04,racing-com-nsw-authorised-v2,NSW,randwick,5,1400,good,out_1_3m,,,9,1.0,0.3240156740171796,-0.7808359548152378,-0.2025920520750992,even,even,23.735185185185184,22.584444444444443,22.657407407407405,1.651726222222227,0.7627153333333341,0.6051204444444459,track_distance_going,7,"{""source_distance"": 45, ""source_distance_going"": 17, ""source_phase_profile"": 122, ""source_phase_profile_going"": 69, ""track_distance"": 22, ""track_distance_going"": 7, ""track_distance_going_rail"": 1, ""track_phase_profile_going"": 25}",2025-01-04
expected-tempo-targets-v2.0-walk-forward,2025-01-04|randwick|7,2025-01-04,racing-com-nsw-authorised-v2,NSW,randwick,7,1200,good,out_1_3m,,,6,1.0,0.1019309959346258,0.4425003071725485,-1.9370978500139377,even,even,24.202068965517242,22.50689655172414,22.785862068965518,1.639039862068969,0.6822516206896546,0.6267819310344837,track_distance_going,9,"{""source_distance"": 41, ""source_distance_going"": 22, ""source_phase_profile"": 122, ""source_phase_profile_going"": 69, ""track_distance"": 21, ""track_distance_going"": 9, ""track_distance_going_rail"": 3, ""track_phase_profile_going"": 25}",2025-01-04
expected-tempo-targets-v2.0-walk-forward,2025-01-04|randwick|8,2025-01-04,racing-com-nsw-authorised-v2,NSW,randwick,8,2000,good,out_1_3m,,,11,1.0,-0.02821064013019955,-1.9216623524710477,-3.035208417644673,even,even,24.185000000000002,22.6,22.73,1.949619000000007,0.7857780000000016,0.6819960000000013,track_phase_profile_going,25,"{""source_distance"": 9, ""source_distance_going"": 7, ""source_phase_profile"": 122, ""source_phase_profile_going"": 69, ""track_distance"": 4, ""track_distance_going"": 3, ""track_distance_going_rail"": 1, ""track_phase_profile_going"": 25}",2025-01-04
expected-tempo-targets-v2.0-walk-forward,2025-01-11|flemington|1,2025-01-11,racing-com-rv-authorised,VIC,flemington,1,1400,good,out_4_6m,benchmark,,8,1.0,-0.7021464170405591,0.1425752824909869,-0.33791359051787717,slow,slow_early,37.378,22.752000000000002,23.371000000000002,0.6508613999999979,0.36471959999999903,0.3817543999999997,track_distance_going_rail,5,"{""source_distance"": 98, ""source_distance_going"": 77, ""source_phase_profile"": 371, ""source_phase_profile_going"": 305, ""track_distance"": 30, ""track_distance_going"": 24, ""track_distance_going_rail"": 5, ""track_phase_profile_going"": 90}",2025-01-11
expected-tempo-targets-v2.0-walk-forward,2025-01-11|flemington|2,2025-01-11,racing-com-rv-authorised,VIC,flemington,2,2000,good,out_4_6m,handicap_unspecified,,12,1.0,2.2464211068760207,-3.9864133348552553,-1.6901032823666402,very_fast_or_collapse,pace_collapse,75.435,23.3225,24.325000000000003,0.8858535000000054,0.2891070000000004,0.644930999999998,track_distance_going,16,"{""source_distance"": 40, ""source_distance_going"": 32, ""source_phase_profile"": 371, ""source_phase_profile_going"": 305, ""track_distance"": 18, ""track_distance_going"": 16, ""track_distance_going_rail"": 2, ""track_phase_profile_going"": 90}",2025-01-11
expected-tempo-targets-v2.0-walk-forward,2025-01-11|flemington|3,2025-01-11,racing-com-rv-authorised,VIC,flemington,3,1600,good,out_4_6m,benchmark,,9,1.0,-1.1428871202242317,-1.039839920859745,1.8023277671259883,slow,sprint_home,50.58,22.97,23.555,1.0674719999999982,0.3558240000000029,0.45219299999999957,track_distance_going,23,"{""source_distance"": 82, ""source_distance_going"": 69, ""source_phase_profile"": 371, ""source_phase_profile_going"": 305, ""track_distance"": 27, ""track_distance_going"": 23, ""track_distance_going_rail"": 4, ""track_phase_profile_going"": 90}",2025-01-11
expected-tempo-targets-v2.0-walk-forward,2025-01-11|flemington|4,2025-01-11,racing-com-rv-authorised,VIC,flemington,4,2500,good,out_4_6m,benchmark,,10,1.0,-3.690033173889884,-1.4664490107721488,-0.9898370885825233,slow,very_slow_early,38.69,22.8125,23.450000000000003,18.814194,0.6597570000000004,0.5708010000000049,track_phase_profile_going,90,"{""source_distance"": 4, ""source_distance_going"": 4, ""source_phase_profile"": 371, ""source_phase_profile_going"": 305, ""track_distance"": 2, ""track_distance_going"": 2, ""track_distance_going_rail"": 0, ""track_phase_profile_going"": 90}",2025-01-11
expected-tempo-targets-v2.0-walk-forward,2025-01-11|flemington|5,2025-01-11,racing-com-rv-authorised,VIC,flemington,5,1000,good,out_4_6m,handicap_unspecified,,8,1.0,-2.7146068567706956,-0.08253369609559105,2.0445611907728605,slow,sprint_home,13.764285714285712,21.591836734693878,22.822244897959187,0.24523414285714393,0.4018148571428585,0.5757934285714268,track_distance_going,8,"{""source_distance"": 35, ""source_distance_going"": 25, ""source_phase_profile"": 35, ""source_phase_profile_going"": 25, ""track_distance"": 9, ""track_distance_going"": 8, ""track_distance_going_rail"": 2, ""track_phase_profile_going"": 8}",2025-01-11
expected-tempo-targets-v2.0-walk-forward,2025-01-11|flemington|6,2025-01-11,racing-com-rv-authorised,VIC,flemington,6,1600,good,out_4_6m,benchmark,,11,1.0,0.44966050631772797,0.8431134493457291,-0.34277399252089547,even,even,50.58,22.97,23.555,1.0674719999999982,0.3558240000000029,0.45219299999999957,track_distance_going,23,"{""source_distance"": 82, ""source_distance_going"": 69, ""source_phase_profile"": 371, ""source_phase_profile_going"": 305, ""track_distance"": 27, ""track_distance_going"": 23, ""track_distance_going_rail"": 4, ""track_phase_profile_going"": 90}",2025-01-11
expected-tempo-targets-v2.0-walk-forward,2025-01-11|flemington|7,2025-01-11,racing-com-rv-authorised,VIC,flemington,7,1400,good,out_4_6m,benchmark,,12,1.0,1.9174589244346163,0.49901348871846385,-1.0189797419492639,very_fast_or_collapse,pace_collapse,37.378,22.752000000000002,23.371000000000002,0.6508613999999979,0.36471959999999903,0.3817543999999997,track_distance_going_rail,5,"{""source_distance"": 98, ""source_distance_going"": 77, ""source_phase_profile"": 371, ""source_phase_profile_going"": 305, ""track_distance"": 30, ""track_distance_going"": 24, ""track_distance_going_rail"": 5, ""track_phase_profile_going"": 90}",2025-01-11
expected-tempo-targets-v2.0-walk-forward,2025-01-11|flemington|8,2025-01-11,racing-com-rv-authorised,VIC,flemington,8,1200,good,out_4_6m,group,3,8,1.0,-1.5797283577214896,-0.42320988829903866,3.6105093595512256,slow,sprint_home,25.24,21.770000000000003,23.27,0.5633880000000038,0.3780629999999932,0.25204199999999727,track_distance_going,23,"{""source_distance"": 107, ""source_distance_going"": 89, ""source_phase_profile"": 371, ""source_phase_profile_going"": 305, ""track_distance"": 30, ""track_distance_going"": 23, ""track_distance_going_rail"": 3, ""track_phase_profile_going"": 90}",2025-01-11
expected-tempo-targets-v2.0-walk-forward,2025-01-11|flemington|9,2025-01-11,racing-com-rv-authorised,VIC,flemington,9,1600,good,out_4_6m,benchmark,,11,1.0,0.693226613906497,0.1686226898691438,1.0283219775626786,fast,fast_early,50.58,22.97,23.555,1.0674719999999982,0.3558240000000029,0.45219299999999957,track_distance_going,23,"{""source_distance"": 82, ""source_distance_going"": 69, ""source_phase_profile"": 371, ""source_phase_profile_going"": 305, ""track_distance"": 27, ""track_distance_going"": 23, ""track_distance_going_rail"": 4, ""track_phase_profile_going"": 90}",2025-01-11
expected-tempo-targets-v2.0-walk-forward,2025-01-11|flemington|10,2025-01-11,racing-com-rv-authorised,VIC,flemington,10,1200,good,out_4_6m,benchmark,,15,1.0,0.4792434343649452,0.4496605063177427,-1.7060648622055228,even,even,25.24,21.770000000000003,23.27,0.5633880000000038,0.3780629999999932,0.25204199999999727,track_distance_going,23,"{""source_distance"": 107, ""source_distance_going"": 89, ""source_phase_profile"": 371, ""source_phase_profile_going"": 305, ""track_distance"": 30, ""track_distance_going"": 23, ""track_distance_going_rail"": 3, ""track_phase_profile_going"": 90}",2025-01-11
expected-tempo-targets-v2.0-walk-forward,2025-01-18|flemington|1,2025-01-18,racing-com-rv-authorised,VIC,flemington,1,1600,good,out_7m_plus,benchmark,,6,1.0,-3.609677329925108,-4.0,4.0,slow,sprint_home,50.581851851851845,22.89814814814815,23.503148148148146,0.9164664444444379,0.3761411111111119,0.4681172222222217,track_distance_going_rail,7,"{""source_distance"": 85, ""source_distance_going"": 72, ""source_phase_profile"": 380, ""source_phase_profile_going"": 314, ""track_distance"": 30, ""track_distance_going"": 26, ""track_distance_going_rail"": 7, ""track_phase_profile_going"": 99}",2025-01-18
expected-tempo-targets-v2.0-walk-forward,2025-01-18|flemington|2,2025-01-18,racing-com-rv-authorised,VIC,flemington,2,1000,good,out_7m_plus,handicap_unspecified,,9,1.0,-1.5630428523363438,-0.0030599469115207686,-0.34499051044015167,slow,very_slow_early,13.800178359096316,21.59884066587396,22.794637336504163,0.2557969797859691,0.3788739346016626,0.6532430796670625,track_distance_going,9,"{""source_distance"": 36, ""source_distance_going"": 26, ""source_phase_profile"": 36, ""source_phase_profile_going"": 26, ""track_distance"": 10, ""track_distance_going"": 9, ""track_distance_going_rail"": 3, ""track_phase_profile_going"": 9}",2025-01-18
expected-tempo-targets-v2.0-walk-forward,2025-01-18|flemington|3,2025-01-18,racing-com-rv-authorised,VIC,flemington,3,1600,good,out_7m_plus,benchmark,,7,1.0,-0.17256294445567716,-2.131784663163245,0.5407793948413476,even,even,50.581851851851845,22.89814814814815,23.503148148148146,0.9164664444444379,0.3761411111111119,0.4681172222222217,track_distance_going_rail,7,"{""source_distance"": 85, ""source_distance_going"": 72, ""source_phase_profile"": 380, ""source_phase_profile_going"": 314, ""track_distance"": 30, ""track_distance_going"": 26, ""track_distance_going_rail"": 7, ""track_phase_profile_going"": 99}",2025-01-18
expected-tempo-targets-v2.0-walk-forward,2025-01-18|flemington|4,2025-01-18,racing-com-rv-authorised,VIC,flemington,4,1100,good,out_7m_plus,benchmark,,9,1.0,-0.9568732544727705,-1.1781770197881518,1.2098202200453765,slow,sprint_home,19.470555555555556,21.61,23.265740740740743,0.34429266666666913,0.29706911111110873,0.608140555555557,track_distance_going_rail,7,"{""source_distance"": 57, ""source_distance_going"": 48, ""source_phase_profile"": 57, ""source_phase_profile_going"": 48, ""track_distance"": 24, ""track_distance_going"": 19, ""track_distance_going_rail"": 7, ""track_phase_profile_going"": 19}",2025-01-18
expected-tempo-targets-v2.0-walk-forward,2025-01-18|flemington|5,2025-01-18,racing-com-rv-authorised,VIC,flemington,5,1200,good,out_7m_plus,benchmark,,12,1.0,-3.7037825915118394,-3.2354478618642974,3.0799035884533947,slow,sprint_home,25.2675,21.8325,23.252499999999998,0.21127050000000008,0.2372160000000002,0.30763949999999674,track_distance_going_rail,10,"{""source_distance"": 109, ""source_distance_going"": 91, ""source_phase_profile"": 380, ""source_phase_profile_going"": 314, ""track_distance"": 32, ""track_distance_going"": 25, ""track_distance_going_rail"": 10, ""track_phase_profile_going"": 99}",2025-01-18
expected-tempo-targets-v2.0-walk-forward,2025-01-18|flemington|6,2025-01-18,racing-com-rv-authorised,VIC,flemington,6,1200,good,out_7m_plus,benchmark,,10,1.0,-3.159456715443016,-0.3899399703223961,0.5119628656268149,slow,very_slow_early,25.2675,21.8325,23.252499999999998,0.21127050000000008,0.2372160000000002,0.30763949999999674,track_distance_going_rail,10,"{""source_distance"": 109, ""source_distance_going"": 91, ""source_phase_profile"": 380, ""source_phase_profile_going"": 314, ""track_distance"": 32, ""track_distance_going"": 25, ""track_distance_going_rail"": 10, ""track_phase_profile_going"": 99}",2025-01-18
expected-tempo-targets-v2.0-walk-forward,2025-01-18|flemington|7,2025-01-18,racing-com-rv-authorised,VIC,flemington,7,1100,good,out_7m_plus,benchmark,,11,1.0,0.3211092371670886,-1.3128258220496514,0.20676263010591953,even,even,19.470555555555556,21.61,23.265740740740743,0.34429266666666913,0.29706911111110873,0.608140555555557,track_distance_going_rail,7,"{""source_distance"": 57, ""source_distance_going"": 48, ""source_phase_profile"": 57, ""source_phase_profile_going"": 48, ""track_distance"": 24, ""track_distance_going"": 19, ""track_distance_going_rail"": 7, ""track_phase_profile_going"": 19}",2025-01-18
expected-tempo-targets-v2.0-walk-forward,2025-01-18|flemington|8,2025-01-18,racing-com-rv-authorised,VIC,flemington,8,2000,good,out_7m_plus,benchmark,,14,1.0,-1.534119853174722,-0.004700284038156863,2.6452095706847594,slow,sprint_home,75.33142857142857,23.32357142857143,24.354285714285716,0.8757929999999919,0.3039329999999967,0.5686829999999975,track_distance_going_rail,8,"{""source_distance"": 41, ""source_distance_going"": 33, ""source_phase_profile"": 380, ""source_phase_profile_going"": 314, ""track_distance"": 19, ""track_distance_going"": 17, ""track_distance_going_rail"": 8, ""track_phase_profile_going"": 99}",2025-01-18
expected-tempo-targets-v2.0-walk-forward,2025-01-18|flemington|9,2025-01-18,racing-com-rv-authorised,VIC,flemington,9,1400,good,out_7m_plus,benchmark,,14,1.0,0.384840493814267,-0.016862268986899544,0.8703106573891563,even,even,37.298,22.730000000000004,23.39,0.7353696000000033,0.29652,0.4136453999999988,track_distance_going_rail,5,"{""source_distance"": 100, ""source_distance_going"": 79, ""source_phase_profile"": 380, ""source_phase_profile_going"": 314, ""track_distance"": 32, ""track_distance_going"": 26, ""track_distance_going_rail"": 5, ""track_phase_profile_going"": 99}",2025-01-18
expected-tempo-targets-v2.0-walk-forward,2025-01-18|flemington|10,2025-01-18,racing-com-rv-authorised,VIC,flemington,10,1800,good,out_7m_plus,benchmark,,11,1.0,-1.320655044902272,0.13211674670160464,-0.17929501201276674,slow,very_slow_early,39.04,22.795,23.485,18.710411999999994,0.7190609999999991,0.5856269999999993,track_phase_profile_going,99,"{""source_distance"": 12, ""source_distance_going"": 10, ""source_phase_profile"": 380, ""source_phase_profile_going"": 314, ""track_distance"": 3, ""track_distance_going"": 2, ""track_distance_going_rail"": 1, ""track_phase_profile_going"": 99}",2025-01-18
expected-tempo-targets-v2.0-walk-forward,2025-01-18|rosehill|4,2025-01-18,racing-com-nsw-authorised-v2,NSW,rosehill,4,1200,soft,true,,,10,0.3,-1.029716712126821,-4.0,-1.4542739240138165,slow,slow_early,24.260370370370367,23.45148148148148,23.07037037037037,0.8445328888888917,0.16320370370370174,0.5979819999999988,track_distance_going,7,"{""source_distance"": 42, ""source_distance_going"": 19, ""source_phase_profile"": 126, ""source_phase_profile_going"": 45, ""track_distance"": 20, ""track_distance_going"": 7, ""track_distance_going_rail"": 4, ""track_phase_profile_going"": 20}",2025-01-18
expected-tempo-targets-v2.0-walk-forward,2025-01-18|rosehill|7,2025-01-18,racing-com-nsw-authorised-v2,NSW,rosehill,7,2000,soft,true,,,8,0.75,3.756538813196023,-0.16187778227439129,-1.2414540065728639,very_fast_or_collapse,pace_collapse,23.9,23.445,23.130000000000003,1.0674720000000035,0.18532499999999735,0.5114969999999983,track_phase_profile_going,20,"{""source_distance"": 10, ""source_distance_going"": 0, ""source_phase_profile"": 126, ""source_phase_profile_going"": 45, ""track_distance"": 5, ""track_distance_going"": 0, ""track_distance_going_rail"": 0, ""track_phase_profile_going"": 20}",2025-01-18
expected-tempo-targets-v2.0-walk-forward,2025-01-18|rosehill|8,2025-01-18,racing-com-nsw-authorised-v2,NSW,rosehill,8,1300,soft,true,,,11,0.7272727272727273,-1.9625807515325853,-4.0,-4.0,slow,very_slow_early,23.9,23.445,23.130000000000003,1.0674720000000035,0.18532499999999735,0.5114969999999983,track_phase_profile_going,20,"{""source_distance"": 13, ""source_distance_going"": 4, ""source_phase_profile"": 126, ""source_phase_profile_going"": 45, ""track_distance"": 12, ""track_distance_going"": 4, ""track_distance_going_rail"": 3, ""track_phase_profile_going"": 20}",2025-01-18
expected-tempo-targets-v2.0-walk-forward,2025-01-25|randwick|2,2025-01-25,racing-com-nsw-authorised-v2,NSW,randwick,2,1600,good,out_7m_plus,,,12,0.75,3.518112307697954,0.5962133018971009,-0.34524781247785,very_fast_or_collapse,very_fast_early,24.182000000000002,22.666999999999998,22.868000000000002,1.5241128000000033,0.7665042000000023,0.8747339999999998,track_distance_going,5,"{""source_distance"": 5, ""source_distance_going"": 5, ""source_phase_profile"": 129, ""source_phase_profile_going"": 73, ""track_distance"": 5, ""track_distance_going"": 5, ""track_distance_going_rail"": 0, ""track_phase_profile_going"": 29}",2025-01-25
expected-tempo-targets-v2.0-walk-forward,2025-01-25|randwick|3,2025-01-25,racing-com-nsw-authorised-v2,NSW,randwick,3,1200,good,out_7m_plus,,,14,0.6428571428571429,4.0,-0.04253545330033952,-1.063887486597106,very_fast_or_collapse,pace_collapse,24.212500000000002,22.252499999999998,23.015,0.8969729999999979,0.4114214999999945,0.7190609999999991,track_distance_going,10,"{""source_distance"": 43, ""source_distance_going"": 23, ""source_phase_profile"": 129, ""source_phase_profile_going"": 73, ""track_distance"": 22, ""track_distance_going"": 10, ""track_distance_going_rail"": 4, ""track_phase_profile_going"": 29}",2025-01-25
expected-tempo-targets-v2.0-walk-forward,2025-01-25|randwick|4,2025-01-25,racing-com-nsw-authorised-v2,NSW,randwick,4,2000,good,out_7m_plus,,,8,0.875,0.5413294936571795,-0.6009099493518774,-1.5523993670493081,fast,fast_early,24.035,22.63,22.91,1.727229000000004,0.815430000000001,0.9340379999999985,track_phase_profile_going,29,"{""source_distance"": 11, ""source_distance_going"": 8, ""source_phase_profile"": 129, ""source_phase_profile_going"": 73, ""track_distance"": 5, ""track_distance_going"": 4, ""track_distance_going_rail"": 1, ""track_phase_profile_going"": 29}",2025-01-25
expected-tempo-targets-v2.0-walk-forward,2025-01-25|randwick|6,2025-01-25,racing-com-nsw-authorised-v2,NSW,randwick,6,1400,good,out_7m_plus,,,7,0.7142857142857143,1.2177240842254986,0.22314670463283326,-0.9584655477006784,very_fast_or_collapse,pace_collapse,23.54310344827586,22.707586206896554,22.854137931034483,1.4396557241379335,0.7510135862068957,0.8512168965517228,track_distance_going,9,"{""source_distance"": 47, ""source_distance_going"": 19, ""source_phase_profile"": 129, ""source_phase_profile_going"": 73, ""track_distance"": 24, ""track_distance_going"": 9, ""track_distance_going_rail"": 3, ""track_phase_profile_going"": 29}",2025-01-25
expected-tempo-targets-v2.0-walk-forward,2025-01-25|randwick|8,2025-01-25,racing-com-nsw-authorised-v2,NSW,randwick,8,1400,good,out_7m_plus,,,10,0.7,3.4960465643893355,1.3549504637273273,-0.07737401505107072,very_fast_or_collapse,very_fast_early,23.54310344827586,22.707586206896554,22.854137931034483,1.4396557241379335,0.7510135862068957,0.8512168965517228,track_distance_going,9,"{""source_distance"": 47, ""source_distance_going"": 19, ""source_phase_profile"": 129, ""source_phase_profile_going"": 73, ""track_distance"": 24, ""track_distance_going"": 9, ""track_distance_going_rail"": 3, ""track_phase_profile_going"": 29}",2025-01-25
expected-tempo-targets-v2.0-walk-forward,2025-01-25|randwick|9,2025-01-25,racing-com-nsw-authorised-v2,NSW,randwick,9,1200,good,out_7m_plus,,,12,0.5833333333333334,1.8088615822326939,-0.6987967327910799,0.5215134738221103,very_fast_or_collapse,very_fast_early,24.212500000000002,22.252499999999998,23.015,0.8969729999999979,0.4114214999999945,0.7190609999999991,track_distance_going,10,"{""source_distance"": 43, ""source_distance_going"": 23, ""source_phase_profile"": 129, ""source_phase_profile_going"": 73, ""track_distance"": 22, ""track_distance_going"": 10, ""track_distance_going_rail"": 4, ""track_phase_profile_going"": 29}",2025-01-25
expected-tempo-targets-v2.0-walk-forward,2025-01-25|sportsbet-sandown-lakeside|1,2025-01-25,racing-com-rv-authorised,VIC,sportsbet-sandown-lakeside,1,1400,good,true,benchmark,,10,1.0,-0.09097782337126846,-0.4091173459120307,0.060057396391749784,even,even,37.2975,23.01,23.3875,0.7968974999999968,0.45219299999999957,0.5411489999999977,source_distance_going,80,"{""source_distance"": 101, ""source_distance_going"": 80, ""source_phase_profile"": 387, ""source_phase_profile_going"": 321, ""track_distance"": 0, ""track_distance_going"": 0, ""track_distance_going_rail"": 0, ""track_phase_profile_going"": 0}",2025-01-25
expected-tempo-targets-v2.0-walk-forward,2025-01-25|sportsbet-sandown-lakeside|2,2025-01-25,racing-com-rv-authorised,VIC,sportsbet-sandown-lakeside,2,1600,good,true,benchmark,,5,1.0,-4.0,-0.7966426293030601,2.060262683492151,slow,sprint_home,50.2175,23.365000000000002,23.799999999999997,1.3565789999999986,0.4707254999999985,0.8154299999999958,source_distance_going,74,"{""source_distance"": 87, ""source_distance_going"": 74, ""source_phase_profile"": 387, ""source_phase_profile_going"": 321, ""track_distance"": 0, ""track_distance_going"": 0, ""track_distance_going_rail"": 0, ""track_phase_profile_going"": 0}",2025-01-25
expected-tempo-targets-v2.0-walk-forward,2025-01-25|sportsbet-sandown-lakeside|3,2025-01-25,racing-com-rv-authorised,VIC,sportsbet-sandown-lakeside,3,1000,good,true,listed,,6,1.0,-0.01272624074483886,0.9250158987107682,0.3263664965209314,even,even,13.66,21.58,22.93,0.3928890000000008,0.2594549999999958,0.45960599999999807,source_distance_going,27,"{""source_distance"": 37, ""source_distance_going"": 27, ""source_phase_profile"": 37, ""source_phase_profile_going"": 27, ""track_distance"": 0, ""track_distance_going"": 0, ""track_distance_going_rail"": 0, ""track_phase_profile_going"": 0}",2025-01-25
expected-tempo-targets-v2.0-walk-forward,2025-01-25|sportsbet-sandown-lakeside|4,2025-01-25,racing-com-rv-authorised,VIC,sportsbet-sandown-lakeside,4,1000,good,true,group,3,12,1.0,-0.12726240744841572,2.0812857720992386,0.8050373580849662,even,even,13.66,21.58,22.93,0.3928890000000008,0.2594549999999958,0.45960599999999807,source_distance_going,27,"{""source_distance"": 37, ""source_distance_going"": 27, ""source_phase_profile"": 37, ""source_phase_profile_going"": 27, ""track_distance"": 0, ""track_distance_going"": 0, ""track_distance_going_rail"": 0, ""track_phase_profile_going"": 0}",2025-01-25
expected-tempo-targets-v2.0-walk-forward,2025-01-25|sportsbet-sandown-lakeside|5,2025-01-25,racing-com-rv-authorised,VIC,sportsbet-sandown-lakeside,5,1000,good,true,listed,,7,1.0,0.20361985191746246,2.9292170125841106,1.5012858839963015,even,even,13.66,21.58,22.93,0.3928890000000008,0.2594549999999958,0.45960599999999807,source_distance_going,27,"{""source_distance"": 37, ""source_distance_going"": 27, ""source_phase_profile"": 37, ""source_phase_profile_going"": 27, ""track_distance"": 0, ""track_distance_going"": 0, ""track_distance_going_rail"": 0, ""track_phase_profile_going"": 0}",2025-01-25
expected-tempo-targets-v2.0-walk-forward,2025-01-25|sportsbet-sandown-lakeside|7,2025-01-25,racing-com-rv-authorised,VIC,sportsbet-sandown-lakeside,7,1600,good,true,benchmark,,9,1.0,1.0965082018813543,-0.6904236120626571,0.7112811645389565,fast,fast_early,50.2175,23.365000000000002,23.799999999999997,1.3565789999999986,0.4707254999999985,0.8154299999999958,source_distance_going,74,"{""source_distance"": 87, ""source_distance_going"": 74, ""source_phase_profile"": 387, ""source_phase_profile_going"": 321, ""track_distance"": 0, ""track_distance_going"": 0, ""track_distance_going_rail"": 0, ""track_phase_profile_going"": 0}",2025-01-25
expected-tempo-targets-v2.0-walk-forward,2025-01-25|sportsbet-sandown-lakeside|8,2025-01-25,racing-com-rv-authorised,VIC,sportsbet-sandown-lakeside,8,1400,good,true,listed,,6,1.0,-1.5277999993725742,1.83549944382156,0.9285797442109354,slow,sprint_home,37.2975,23.01,23.3875,0.7968974999999968,0.45219299999999957,0.5411489999999977,source_distance_going,80,"{""source_distance"": 101, ""source_distance_going"": 80, ""source_phase_profile"": 387, ""source_phase_profile_going"": 321, ""track_distance"": 0, ""track_distance_going"": 0, ""track_distance_going_rail"": 0, ""track_phase_profile_going"": 0}",2025-01-25
expected-tempo-targets-v2.0-walk-forward,2025-01-25|sportsbet-sandown-lakeside|9,2025-01-25,racing-com-rv-authorised,VIC,sportsbet-sandown-lakeside,9,1200,good,true,group,3,7,1.0,-2.9194376156449553,-1.4181600583866858,2.7943188606887386,slow,sprint_home,24.67,22.39,23.34,0.49667100000000125,0.5782140000000008,0.5189100000000021,source_distance_going,93,"{""source_distance"": 111, ""source_distance_going"": 93, ""source_phase_profile"": 387, ""source_phase_profile_going"": 321, ""track_distance"": 0, ""track_distance_going"": 0, ""track_distance_going_rail"": 0, ""track_phase_profile_going"": 0}",2025-01-25
expected-tempo-targets-v2.0-walk-forward,2025-01-25|sportsbet-sandown-lakeside|10,2025-01-25,racing-com-rv-authorised,VIC,sportsbet-sandown-lakeside,10,1200,good,true,benchmark,,9,1.0,-1.4697858340833168,-0.6744907594765952,1.156269873388447,slow,sprint_home,24.67,22.39,23.34,0.49667100000000125,0.5782140000000008,0.5189100000000021,source_distance_going,93,"{""source_distance"": 111, ""source_distance_going"": 93, ""source_phase_profile"": 387, ""source_phase_profile_going"": 321, ""track_distance"": 0, ""track_distance_going"": 0, ""track_distance_going_rail"": 0, ""track_phase_profile_going"": 0}",2025-01-25
expected-tempo-targets-v2.0-walk-forward,2025-02-01|rosehill|5,2025-02-01,racing-com-nsw-authorised-v2,NSW,rosehill,5,1200,good,out_1_3m,,,10,1.0,0.22187196035414375,0.3934529430280161,0.029010355246299184,even,even,24.74,22.8,23.189999999999998,0.5633879999999984,0.5337359999999991,0.689409000000005,track_distance_going,13,"{""source_distance"": 45, ""source_distance_going"": 25, ""source_phase_profile"": 135, ""source_phase_profile_going"": 79, ""track_distance"": 21, ""track_distance_going"": 13, ""track_distance_going_rail"": 4, ""track_phase_profile_going"": 44}",2025-02-01
expected-tempo-targets-v2.0-walk-forward,2025-02-01|rosehill|6,2025-02-01,racing-com-nsw-authorised-v2,NSW,rosehill,6,2000,good,out_1_3m,,,10,1.0,-0.18107134482592993,0.3450882955461662,0.046371239714015744,even,even,24.495,23.435000000000002,23.4,1.6568054999999995,0.9562770000000019,1.1860799999999982,track_phase_profile_going,44,"{""source_distance"": 12, ""source_distance_going"": 9, ""source_phase_profile"": 135, ""source_phase_profile_going"": 79, ""track_distance"": 6, ""track_distance_going"": 4, ""track_distance_going_rail"": 1, ""track_phase_profile_going"": 44}",2025-02-01
expected-tempo-targets-v2.0-walk-forward,2025-02-01|rosehill|8,2025-02-01,racing-com-nsw-authorised-v2,NSW,rosehill,8,1200,good,out_1_3m,,,9,1.0,-0.7987390572749162,0.20609439872896557,1.8276523805172094,slow,sprint_home,24.74,22.8,23.189999999999998,0.5633879999999984,0.5337359999999991,0.689409000000005,track_distance_going,13,"{""source_distance"": 45, ""source_distance_going"": 25, ""source_phase_profile"": 135, ""source_phase_profile_going"": 79, ""track_distance"": 21, ""track_distance_going"": 13, ""track_distance_going_rail"": 4, ""track_phase_profile_going"": 44}",2025-02-01
expected-tempo-targets-v2.0-walk-forward,2025-02-01|rosehill|9,2025-02-01,racing-com-nsw-authorised-v2,NSW,rosehill,9,1200,good,out_1_3m,,,12,0.9166666666666666,-0.4082444070516253,0.05620756328971849,1.2764556308374166,even,even,24.74,22.8,23.189999999999998,0.5633879999999984,0.5337359999999991,0.689409000000005,track_distance_going,13,"{""source_distance"": 45, ""source_distance_going"": 25, ""source_phase_profile"": 135, ""source_phase_profile_going"": 79, ""track_distance"": 21, ""track_distance_going"": 13, ""track_distance_going_rail"": 4, ""track_phase_profile_going"": 44}",2025-02-01
expected-tempo-targets-v2.0-walk-forward,2025-02-01|sportsbet-sandown-lakeside|1,2025-02-01,racing-com-rv-authorised,VIC,sportsbet-sandown-lakeside,1,1200,good,,benchmark,,6,1.0,0.43747454391618074,-1.2032582067205917,2.4646879410922735,even,even,27.736730769230768,22.577499999999997,23.21057692307692,4.25563223076923,0.6004530000000006,0.5844865384615394,track_phase_profile_going,6,"{""source_distance"": 113, ""source_distance_going"": 95, ""source_phase_profile"": 393, ""source_phase_profile_going"": 327, ""track_distance"": 2, ""track_distance_going"": 2, ""track_distance_going_rail"": 0, ""track_phase_profile_going"": 6}",2025-02-01
expected-tempo-targets-v2.0-walk-forward,2025-02-01|sportsbet-sandown-lakeside|2,2025-02-01,racing-com-rv-authorised,VIC,sportsbet-sandown-lakeside,2,2400,good,,benchmark,,6,1.0,-3.6769652968074746,-0.2890249459187075,1.7906308323422622,slow,sprint_home,38.24826923076923,23.108269230769228,23.387499999999996,18.69387530769231,0.6460714615384612,0.7441511538461554,track_phase_profile_going,6,"{""source_distance"": 5, ""source_distance_going"": 1, ""source_phase_profile"": 393, ""source_phase_profile_going"": 327, ""track_distance"": 0, ""track_distance_going"": 0, ""track_distance_going_rail"": 0, ""track_phase_profile_going"": 6}",2025-02-01
expected-tempo-targets-v2.0-walk-forward,2025-02-01|sportsbet-sandown-lakeside|3,2025-02-01,racing-com-rv-authorised,VIC,sportsbet-sandown-lakeside,3,2400,good,,benchmark,,12,1.0,-3.540824450775792,-0.010417994961032071,0.37962717458662826,slow,very_slow_early,38.24826923076923,23.108269230769228,23.387499999999996,18.69387530769231,0.6460714615384612,0.7441511538461554,track_phase_profile_going,6,"{""source_distance"": 5, ""source_distance_going"": 1, ""source_phase_profile"": 393, ""source_phase_profile_going"": 327, ""track_distance"": 0, ""track_distance_going"": 0, ""track_distance_going_rail"": 0, ""track_phase_profile_going"": 6}",2025-02-01
expected-tempo-targets-v2.0-walk-forward,2025-02-01|sportsbet-sandown-lakeside|4,2025-02-01,racing-com-rv-authorised,VIC,sportsbet-sandown-lakeside,4,1400,good,,benchmark,,8,1.0,0.19729155136891877,0.6145275379376259,-0.2641478590068478,even,even,37.45403846153847,23.054423076923076,23.24711538461538,4.480873384615381,0.5035137692307688,0.5787842307692328,track_phase_profile_going,6,"{""source_distance"": 103, ""source_distance_going"": 82, ""source_phase_profile"": 393, ""source_phase_profile_going"": 327, ""track_distance"": 2, ""track_distance_going"": 2, ""track_distance_going_rail"": 0, ""track_phase_profile_going"": 6}",2025-02-01
expected-tempo-targets-v2.0-walk-forward,2025-02-01|sportsbet-sandown-lakeside|5,2025-02-01,racing-com-rv-authorised,VIC,sportsbet-sandown-lakeside,5,1000,good,,group,3,8,1.0,-0.7679845281169159,1.0277954430119427,1.7274727365012084,slow,sprint_home,13.6625,21.560000000000002,22.85,0.37435649999999926,0.3113460000000039,0.5152035000000001,source_distance_going,30,"{""source_distance"": 40, ""source_distance_going"": 30, ""source_phase_profile"": 40, ""source_phase_profile_going"": 30, ""track_distance"": 3, ""track_distance_going"": 3, ""track_distance_going_rail"": 0, ""track_phase_profile_going"": 3}",2025-02-01
expected-tempo-targets-v2.0-walk-forward,2025-02-01|sportsbet-sandown-lakeside|6,2025-02-01,racing-com-rv-authorised,VIC,sportsbet-sandown-lakeside,6,1000,good,,benchmark,,11,1.0,-1.088534592026588,2.4731327847474947,1.61101390033259,slow,sprint_home,13.6625,21.560000000000002,22.85,0.37435649999999926,0.3113460000000039,0.5152035000000001,source_distance_going,30,"{""source_distance"": 40, ""source_distance_going"": 30, ""source_phase_profile"": 40, ""source_phase_profile_going"": 30, ""track_distance"": 3, ""track_distance_going"": 3, ""track_distance_going_rail"": 0, ""track_phase_profile_going"": 3}",2025-02-01
expected-tempo-targets-v2.0-walk-forward,2025-02-01|sportsbet-sandown-lakeside|7,2025-02-01,racing-com-rv-authorised,VIC,sportsbet-sandown-lakeside,7,1800,good,,benchmark,,8,1.0,-1.4974064766817132,3.8818404784965526,0.7945557120971093,slow,sprint_home,57.794423076923074,23.13903846153846,23.425961538461536,4.574961461538466,0.35525376923076596,0.6871280769230776,track_phase_profile_going,6,"{""source_distance"": 13, ""source_distance_going"": 11, ""source_phase_profile"": 393, ""source_phase_profile_going"": 327, ""track_distance"": 0, ""track_distance_going"": 0, ""track_distance_going_rail"": 0, ""track_phase_profile_going"": 6}",2025-02-01
expected-tempo-targets-v2.0-walk-forward,2025-02-01|sportsbet-sandown-lakeside|8,2025-02-01,racing-com-rv-authorised,VIC,sportsbet-sandown-lakeside,8,1800,good,,benchmark,,11,1.0,-0.8886581793652432,3.6566493421062853,-1.0391635642890482,slow,slow_early,57.794423076923074,23.13903846153846,23.425961538461536,4.574961461538466,0.35525376923076596,0.6871280769230776,track_phase_profile_going,6,"{""source_distance"": 13, ""source_distance_going"": 11, ""source_phase_profile"": 393, ""source_phase_profile_going"": 327, ""track_distance"": 0, ""track_distance_going"": 0, ""track_distance_going_rail"": 0, ""track_phase_profile_going"": 6}",2025-02-01
expected-tempo-targets-v2.0-walk-forward,2025-02-01|sportsbet-sandown-lakeside|9,2025-02-01,racing-com-rv-authorised,VIC,sportsbet-sandown-lakeside,9,1200,good,,group,3,13,1.0,0.3963525694338208,0.09576103375284559,2.3278156699009225,even,even,27.736730769230768,22.577499999999997,23.21057692307692,4.25563223076923,0.6004530000000006,0.5844865384615394,track_phase_profile_going,6,"{""source_distance"": 113, ""source_distance_going"": 95, ""source_phase_profile"": 393, ""source_phase_profile_going"": 327, ""track_distance"": 2, ""track_distance_going"": 2, ""track_distance_going_rail"": 0, ""track_phase_profile_going"": 6}",2025-02-01
expected-tempo-targets-v2.0-walk-forward,2025-02-01|sportsbet-sandown-lakeside|10,2025-02-01,racing-com-rv-authorised,VIC,sportsbet-sandown-lakeside,10,1400,good,,benchmark,,12,1.0,0.29995010931419874,1.051456999342621,-0.730642945856674,even,even,37.45403846153847,23.054423076923076,23.24711538461538,4.480873384615381,0.5035137692307688,0.5787842307692328,track_phase_profile_going,6,"{""source_distance"": 103, ""source_distance_going"": 82, ""source_phase_profile"": 393, ""source_phase_profile_going"": 327, ""track_distance"": 2, ""track_distance_going"": 2, ""track_distance_going_rail"": 0, ""track_phase_profile_going"": 6}",2025-02-01
expected-tempo-targets-v2.0-walk-forward,2025-02-08|caulfield|1,2025-02-08,racing-com-rv-authorised,VIC,caulfield,1,1600,good,true,benchmark,,7,1.0,-2.677016119910232,-0.7515754177025324,4.0,slow,sprint_home,49.7325,23.432499999999997,24.252499999999998,0.5967464999999945,0.1297274999999979,0.1630859999999965,track_distance_going_rail,10,"{""source_distance"": 89, ""source_distance_going"": 76, ""source_phase_profile"": 401, ""source_phase_profile_going"": 335, ""track_distance"": 26, ""track_distance_going"": 24, ""track_distance_going_rail"": 10, ""track_phase_profile_going"": 126}",2025-02-08
expected-tempo-targets-v2.0-walk-forward,2025-02-08|caulfield|2,2025-02-08,racing-com-rv-authorised,VIC,caulfield,2,2000,good,true,benchmark,,10,1.0,0.9725215601755591,-1.8651734267158788,-1.5057293715076092,very_fast_or_collapse,pace_collapse,76.27,23.4125,24.2625,1.434415499999991,0.3632370000000015,0.5263230000000007,track_distance_going,16,"{""source_distance"": 42, ""source_distance_going"": 34, ""source_phase_profile"": 401, ""source_phase_profile_going"": 335, ""track_distance"": 22, ""track_distance_going"": 16, ""track_distance_going_rail"": 4, ""track_phase_profile_going"": 126}",2025-02-08
expected-tempo-targets-v2.0-walk-forward,2025-02-08|caulfield|3,2025-02-08,racing-com-rv-authorised,VIC,caulfield,3,2000,good,true,benchmark,,10,1.0,-0.9864645216117751,0.295950027117285,1.4297304126933468,slow,sprint_home,76.27,23.4125,24.2625,1.434415499999991,0.3632370000000015,0.5263230000000007,track_distance_going,16,"{""source_distance"": 42, ""source_distance_going"": 34, ""source_phase_profile"": 401, ""source_phase_profile_going"": 335, ""track_distance"": 22, ""track_distance_going"": 16, ""track_distance_going_rail"": 4, ""track_phase_profile_going"": 126}",2025-02-08
expected-tempo-targets-v2.0-walk-forward,2025-02-08|caulfield|4,2025-02-08,racing-com-rv-authorised,VIC,caulfield,4,1100,good,true,group,3,11,1.0,-1.297194775248038,-1.384614993038771,0.04079581206510903,slow,very_slow_early,18.70321428571429,21.947142857142854,23.106071428571425,0.2827530000000024,0.4209524999999956,0.39394800000000135,track_distance_going_rail,8,"{""source_distance"": 59, ""source_distance_going"": 50, ""source_phase_profile"": 59, ""source_phase_profile_going"": 50, ""track_distance"": 32, ""track_distance_going"": 28, ""track_distance_going_rail"": 8, ""track_phase_profile_going"": 28}",2025-02-08
expected-tempo-targets-v2.0-walk-forward,2025-02-08|caulfield|5,2025-02-08,racing-com-rv-authorised,VIC,caulfield,5,1100,good,true,group,2,10,1.0,-0.5191305283611898,-3.4869899640865905,0.4215567246728685,slow,slow_early,18.70321428571429,21.947142857142854,23.106071428571425,0.2827530000000024,0.4209524999999956,0.39394800000000135,track_distance_going_rail,8,"{""source_distance"": 59, ""source_distance_going"": 50, ""source_phase_profile"": 59, ""source_phase_profile_going"": 50, ""track_distance"": 32, ""track_distance_going"": 28, ""track_distance_going_rail"": 8, ""track_phase_profile_going"": 28}",2025-02-08
expected-tempo-targets-v2.0-walk-forward,2025-02-08|caulfield|6,2025-02-08,racing-com-rv-authorised,VIC,caulfield,6,1100,good,true,group,2,7,1.0,-3.9850530826753383,-1.289592395477281,2.2745931660305967,slow,sprint_home,18.70321428571429,21.947142857142854,23.106071428571425,0.2827530000000024,0.4209524999999956,0.39394800000000135,track_distance_going_rail,8,"{""source_distance"": 59, ""source_distance_going"": 50, ""source_phase_profile"": 59, ""source_phase_profile_going"": 50, ""track_distance"": 32, ""track_distance_going"": 28, ""track_distance_going_rail"": 8, ""track_phase_profile_going"": 28}",2025-02-08
expected-tempo-targets-v2.0-walk-forward,2025-02-08|caulfield|7,2025-02-08,racing-com-rv-authorised,VIC,caulfield,7,1400,good,true,group,2,8,1.0,-2.7590029256418154,-0.2419928679038156,1.4958464423876243,slow,sprint_home,36.94,23.1875,23.4875,0.8191365000000029,0.4855515000000008,0.45960599999999807,track_distance_going_rail,14,"{""source_distance"": 105, ""source_distance_going"": 84, ""source_phase_profile"": 401, ""source_phase_profile_going"": 335, ""track_distance"": 58, ""track_distance_going"": 47, ""track_distance_going_rail"": 14, ""track_phase_profile_going"": 126}",2025-02-08
expected-tempo-targets-v2.0-walk-forward,2025-02-08|caulfield|8,2025-02-08,racing-com-rv-authorised,VIC,caulfield,8,1600,good,true,group,3,12,1.0,-3.6908469509247577,4.0,3.6023938290227924,slow,sprint_home,49.7325,23.432499999999997,24.252499999999998,0.5967464999999945,0.1297274999999979,0.1630859999999965,track_distance_going_rail,10,"{""source_distance"": 89, ""source_distance_going"": 76, ""source_phase_profile"": 401, ""source_phase_profile_going"": 335, ""track_distance"": 26, ""track_distance_going"": 24, ""track_distance_going_rail"": 10, ""track_phase_profile_going"": 126}",2025-02-08
expected-tempo-targets-v2.0-walk-forward,2025-02-08|caulfield|9,2025-02-08,racing-com-rv-authorised,VIC,caulfield,9,1400,good,true,group,1,10,1.0,-1.3367735414060964,1.1275837887433127,0.41883700386853046,slow,very_slow_early,36.94,23.1875,23.4875,0.8191365000000029,0.4855515000000008,0.45960599999999807,track_distance_going_rail,14,"{""source_distance"": 105, ""source_distance_going"": 84, ""source_phase_profile"": 401, ""source_phase_profile_going"": 335, ""track_distance"": 58, ""track_distance_going"": 47, ""track_distance_going_rail"": 14, ""track_phase_profile_going"": 126}",2025-02-08
expected-tempo-targets-v2.0-walk-forward,2025-02-08|caulfield|10,2025-02-08,racing-com-rv-authorised,VIC,caulfield,10,1100,good,true,group,3,11,1.0,-0.9435292084812819,-1.5271488893809932,1.3861510366125096,slow,sprint_home,18.70321428571429,21.947142857142854,23.106071428571425,0.2827530000000024,0.4209524999999956,0.39394800000000135,track_distance_going_rail,8,"{""source_distance"": 59, ""source_distance_going"": 50, ""source_phase_profile"": 59, ""source_phase_profile_going"": 50, ""track_distance"": 32, ""track_distance_going"": 28, ""track_distance_going_rail"": 8, ""track_phase_profile_going"": 28}",2025-02-08
expected-tempo-targets-v2.0-walk-forward,2025-02-08|randwick|2,2025-02-08,racing-com-nsw-authorised-v2,NSW,randwick,2,1200,good,true,,,14,1.0,-0.06882558770169434,-0.47028713504790604,-0.5354204997906972,even,even,24.11,22.285,23.015,1.4529480000000006,0.4040084999999986,0.7190609999999991,track_distance_going,12,"{""source_distance"": 48, ""source_distance_going"": 28, ""source_phase_profile"": 139, ""source_phase_profile_going"": 83, ""track_distance"": 24, ""track_distance_going"": 12, ""track_distance_going_rail"": 1, ""track_phase_profile_going"": 35}",2025-02-08
expected-tempo-targets-v2.0-walk-forward,2025-02-08|randwick|4,2025-02-08,racing-com-nsw-authorised-v2,NSW,randwick,4,1600,good,true,,,9,1.0,0.38201246554426177,-0.7198089762097692,-0.30896704044347123,even,even,23.253076923076918,22.582115384615385,22.97634615384615,1.9975183846153899,0.6916899230769223,0.9180715384615408,track_distance_going,6,"{""source_distance"": 6, ""source_distance_going"": 6, ""source_phase_profile"": 139, ""source_phase_profile_going"": 83, ""track_distance"": 6, ""track_distance_going"": 6, ""track_distance_going_rail"": 1, ""track_phase_profile_going"": 35}",2025-02-08
expected-tempo-targets-v2.0-walk-forward,2025-02-08|randwick|8,2025-02-08,racing-com-nsw-authorised-v2,NSW,randwick,8,1200,good,true,,,8,1.0,-0.2374482775708413,0.4579111578098058,-0.7509794023038378,even,even,24.11,22.285,23.015,1.4529480000000006,0.4040084999999986,0.7190609999999991,track_distance_going,12,"{""source_distance"": 48, ""source_distance_going"": 28, ""source_phase_profile"": 139, ""source_phase_profile_going"": 83, ""track_distance"": 24, ""track_distance_going"": 12, ""track_distance_going_rail"": 1, ""track_phase_profile_going"": 35}",2025-02-08
expected-tempo-targets-v2.0-walk-forward,2025-02-08|randwick|10,2025-02-08,racing-com-nsw-authorised-v2,NSW,randwick,10,1200,good,true,,,13,1.0,-0.39918840866982275,-0.8786943839052932,-0.020860538952885206,even,even,24.11,22.285,23.015,1.4529480000000006,0.4040084999999986,0.7190609999999991,track_distance_going,12,"{""source_distance"": 48, ""source_distance_going"": 28, ""source_phase_profile"": 139, ""source_phase_profile_going"": 83, ""track_distance"": 24, ""track_distance_going"": 12, ""track_distance_going_rail"": 1, ""track_phase_profile_going"": 35}",2025-02-08
expected-tempo-targets-v2.0-walk-forward,2025-02-15|flemington|1,2025-02-15,racing-com-rv-authorised,VIC,flemington,1,2000,good,true,benchmark,,11,1.0,-3.052869647007513,0.6424136938615977,0.41446203224198774,slow,very_slow_early,75.4,23.369999999999997,24.244000000000007,1.1890452000000058,0.23349440000000177,0.7576086,track_distance_going_rail,5,"{""source_distance"": 44, ""source_distance_going"": 36, ""source_phase_profile"": 407, ""source_phase_profile_going"": 341, ""track_distance"": 20, ""track_distance_going"": 18, ""track_distance_going_rail"": 5, ""track_phase_profile_going"": 106}",2025-02-15
expected-tempo-targets-v2.0-walk-forward,2025-02-15|flemington|2,2025-02-15,racing-com-rv-authorised,VIC,flemington,2,1100,good,true,listed,,10,1.0,-2.9342011686039258,-4.0,-0.8564144757730838,slow,very_slow_early,19.435689655172418,21.582068965517244,23.223793103448276,0.36272575862069284,0.3363968275862068,0.6027535862068967,track_distance_going_rail,9,"{""source_distance"": 63, ""source_distance_going"": 54, ""source_phase_profile"": 63, ""source_phase_profile_going"": 54, ""track_distance"": 26, ""track_distance_going"": 21, ""track_distance_going_rail"": 9, ""track_phase_profile_going"": 21}",2025-02-15
expected-tempo-targets-v2.0-walk-forward,2025-02-15|flemington|3,2025-02-15,racing-com-rv-authorised,VIC,flemington,3,1400,good,true,group,3,7,1.0,-0.5129929719962704,-0.6562612794907448,-3.5129727056072375,slow,slow_early,37.2,22.77,23.11,0.5263230000000059,0.2742809999999981,0.3558240000000029,track_distance_going_rail,13,"{""source_distance"": 107, ""source_distance_going"": 86, ""source_phase_profile"": 407, ""source_phase_profile_going"": 341, ""track_distance"": 33, ""track_distance_going"": 27, ""track_distance_going_rail"": 13, ""track_phase_profile_going"": 106}",2025-02-15
expected-tempo-targets-v2.0-walk-forward,2025-02-15|flemington|4,2025-02-15,racing-com-rv-authorised,VIC,flemington,4,1600,soft,true,benchmark,,12,1.0,-0.8125788761909135,0.020177074001434675,-0.8310181509163063,slow,slow_early,37.317499999999995,23.0475,24.015,17.398310999999993,0.8673209999999986,0.8784405000000016,track_phase_profile_going,20,"{""source_distance"": 91, ""source_distance_going"": 13, ""source_phase_profile"": 407, ""source_phase_profile_going"": 66, ""track_distance"": 32, ""track_distance_going"": 4, ""track_distance_going_rail"": 1, ""track_phase_profile_going"": 20}",2025-02-15
expected-tempo-targets-v2.0-walk-forward,2025-02-15|flemington|5,2025-02-15,racing-com-rv-authorised,VIC,flemington,5,1200,soft,true,benchmark,,11,1.0,0.6017646332357632,-0.094289018891334,0.6062896561538907,fast,fast_early,34.28092592592592,22.819999999999997,23.852962962962962,12.913563703703696,0.7423982222222217,0.7141190000000008,track_distance_going,7,"{""source_distance"": 115, ""source_distance_going"": 18, ""source_phase_profile"": 407, ""source_phase_profile_going"": 66, ""track_distance"": 34, ""track_distance_going"": 7, ""track_distance_going_rail"": 1, ""track_phase_profile_going"": 20}",2025-02-15
expected-tempo-targets-v2.0-walk-forward,2025-02-15|flemington|6,2025-02-15,racing-com-rv-authorised,VIC,flemington,6,1400,soft,true,listed,,11,1.0,-0.04485533207616471,-0.025485808719470347,-0.826707831575125,even,even,37.317499999999995,23.100576923076922,24.014999999999997,13.432070884615378,0.7621134230769219,0.8527801153846173,track_distance_going,6,"{""source_distance"": 107, ""source_distance_going"": 21, ""source_phase_profile"": 407, ""source_phase_profile_going"": 66, ""track_distance"": 33, ""track_distance_going"": 6, ""track_distance_going_rail"": 1, ""track_phase_profile_going"": 20}",2025-02-15
expected-tempo-targets-v2.0-walk-forward,2025-02-15|flemington|7,2025-02-15,racing-com-rv-authorised,VIC,flemington,7,1400,soft,true,group,3,13,1.0,-0.009864450622559492,-0.2747925316386133,-0.5570017304938788,even,even,37.317499999999995,23.100576923076922,24.014999999999997,13.432070884615378,0.7621134230769219,0.8527801153846173,track_distance_going,6,"{""source_distance"": 107, ""source_distance_going"": 21, ""source_phase_profile"": 407, ""source_phase_profile_going"": 66, ""track_distance"": 33, ""track_distance_going"": 6, ""track_distance_going_rail"": 1, ""track_phase_profile_going"": 20}",2025-02-15
expected-tempo-targets-v2.0-walk-forward,2025-02-15|flemington|8,2025-02-15,racing-com-rv-authorised,VIC,flemington,8,1000,soft,true,group,1,10,1.0,-2.376282829540611,0.6149768689345404,0.09846580430315469,slow,very_slow_early,13.5775,22.205,23.685,0.2409225000000008,0.5040839999999998,0.5077904999999964,source_distance_going,10,"{""source_distance"": 42, ""source_distance_going"": 10, ""source_phase_profile"": 42, ""source_phase_profile_going"": 10, ""track_distance"": 11, ""track_distance_going"": 1, ""track_distance_going_rail"": 0, ""track_phase_profile_going"": 1}",2025-02-15
expected-tempo-targets-v2.0-walk-forward,2025-02-15|flemington|9,2025-02-15,racing-com-rv-authorised,VIC,flemington,9,1400,soft,true,listed,,8,1.0,-0.06123404254380966,-0.89805933893648,-0.4807804410578772,even,even,37.317499999999995,23.100576923076922,24.014999999999997,13.432070884615378,0.7621134230769219,0.8527801153846173,track_distance_going,6,"{""source_distance"": 107, ""source_distance_going"": 21, ""source_phase_profile"": 407, ""source_phase_profile_going"": 66, ""track_distance"": 33, ""track_distance_going"": 6, ""track_distance_going_rail"": 1, ""track_phase_profile_going"": 20}",2025-02-15
expected-tempo-targets-v2.0-walk-forward,2025-02-15|flemington|10,2025-02-15,racing-com-rv-authorised,VIC,flemington,10,1400,soft,true,benchmark,,11,1.0,-0.027732134769080968,0.10572825597481886,-0.6625389004821921,even,even,37.317499999999995,23.100576923076922,24.014999999999997,13.432070884615378,0.7621134230769219,0.8527801153846173,track_distance_going,6,"{""source_distance"": 107, ""source_distance_going"": 21, ""source_phase_profile"": 407, ""source_phase_profile_going"": 66, ""track_distance"": 33, ""track_distance_going"": 6, ""track_distance_going_rail"": 1, ""track_phase_profile_going"": 20}",2025-02-15
expected-tempo-targets-v2.0-walk-forward,2025-02-15|randwick|4,2025-02-15,racing-com-nsw-authorised-v2,NSW,randwick,4,1600,good,out_4_6m,,,16,0.375,2.4586587341149695,-0.40985802130874543,-1.8805428541209186,very_fast_or_collapse,pace_collapse,23.40851851851852,22.611296296296295,23.094999999999995,1.9191433333333356,0.6312032222222255,0.8162536666666695,track_distance_going,7,"{""source_distance"": 7, ""source_distance_going"": 7, ""source_phase_profile"": 143, ""source_phase_profile_going"": 87, ""track_distance"": 7, ""track_distance_going"": 7, ""track_distance_going_rail"": 2, ""track_phase_profile_going"": 39}",2025-02-15
expected-tempo-targets-v2.0-walk-forward,2025-02-15|randwick|5,2025-02-15,racing-com-nsw-authorised-v2,NSW,randwick,5,1200,good,out_4_6m,,,6,0.8333333333333334,4.0,-1.4895004271774719,-1.7283825711587921,very_fast_or_collapse,pace_collapse,24.21,22.299999999999997,23.119999999999997,0.8080170000000025,0.3558240000000029,0.7116479999999953,track_distance_going,15,"{""source_distance"": 51, ""source_distance_going"": 31, ""source_phase_profile"": 143, ""source_phase_profile_going"": 87, ""track_distance"": 27, ""track_distance_going"": 15, ""track_distance_going_rail"": 1, ""track_phase_profile_going"": 39}",2025-02-15
expected-tempo-targets-v2.0-walk-forward,2025-02-15|randwick|7,2025-02-15,racing-com-nsw-authorised-v2,NSW,randwick,7,1200,good,out_4_6m,,,13,0.5384615384615384,0.33415138542877476,-4.0,-4.0,even,even,24.21,22.299999999999997,23.119999999999997,0.8080170000000025,0.3558240000000029,0.7116479999999953,track_distance_going,15,"{""source_distance"": 51, ""source_distance_going"": 31, ""source_phase_profile"": 143, ""source_phase_profile_going"": 87, ""track_distance"": 27, ""track_distance_going"": 15, ""track_distance_going_rail"": 1, ""track_phase_profile_going"": 39}",2025-02-15
expected-tempo-targets-v2.0-walk-forward,2025-02-22|caulfield|1,2025-02-22,racing-com-rv-authorised,VIC,caulfield,1,1200,good,out_4_6m,group,1,15,1.0,-0.8220356131120934,-1.8958659185288325,0.3799947940713194,slow,slow_early,24.6,22.58,23.3,0.4744320000000004,0.2742809999999981,0.5263230000000007,track_distance_going_rail,13,"{""source_distance"": 116, ""source_distance_going"": 97, ""source_phase_profile"": 415, ""source_phase_profile_going"": 343, ""track_distance"": 39, ""track_distance_going"": 32, ""track_distance_going_rail"": 13, ""track_phase_profile_going"": 132}",2025-02-22
expected-tempo-targets-v2.0-walk-forward,2025-02-22|caulfield|2,2025-02-22,racing-com-rv-authorised,VIC,caulfield,2,1200,good,out_4_6m,group,3,9,1.0,-0.12646701740185878,1.3489815189531904,-0.34199531466418814,even,even,24.6,22.58,23.3,0.4744320000000004,0.2742809999999981,0.5263230000000007,track_distance_going_rail,13,"{""source_distance"": 116, ""source_distance_going"": 97, ""source_phase_profile"": 415, ""source_phase_profile_going"": 343, ""track_distance"": 39, ""track_distance_going"": 32, ""track_distance_going_rail"": 13, ""track_phase_profile_going"": 132}",2025-02-22
expected-tempo-targets-v2.0-walk-forward,2025-02-22|caulfield|3,2025-02-22,racing-com-rv-authorised,VIC,caulfield,3,1800,good,out_4_6m,group,2,7,1.0,-1.3764139170681324,-0.5327188164018921,0.5455880809988481,slow,very_slow_early,37.68,23.240000000000002,23.505000000000003,18.773422499999995,0.5819205000000027,0.8339624999999999,track_phase_profile_going,132,"{""source_distance"": 15, ""source_distance_going"": 13, ""source_phase_profile"": 415, ""source_phase_profile_going"": 343, ""track_distance"": 5, ""track_distance_going"": 4, ""track_distance_going_rail"": 3, ""track_phase_profile_going"": 132}",2025-02-22
expected-tempo-targets-v2.0-walk-forward,2025-02-22|caulfield|4,2025-02-22,racing-com-rv-authorised,VIC,caulfield,4,1400,good,out_4_6m,group,2,8,1.0,0.14988683543924242,0.9784865947336453,-0.18970052610278443,even,even,37.41,23.38,23.42,0.8006039999999881,0.5263230000000007,0.4744320000000004,track_distance_going_rail,17,"{""source_distance"": 112, ""source_distance_going"": 87, ""source_phase_profile"": 415, ""source_phase_profile_going"": 343, ""track_distance"": 60, ""track_distance_going"": 49, ""track_distance_going_rail"": 17, ""track_phase_profile_going"": 132}",2025-02-22
expected-tempo-targets-v2.0-walk-forward,2025-02-22|caulfield|5,2025-02-22,racing-com-rv-authorised,VIC,caulfield,5,1100,good,out_4_6m,benchmark,,9,1.0,-2.0119260742732745,-0.31244792534577753,0.5764647690993397,slow,very_slow_early,18.835555555555555,22.126666666666665,22.98740740740741,0.3849268888888877,0.5227537777777769,0.41183333333333116,track_distance_going_rail,7,"{""source_distance"": 64, ""source_distance_going"": 55, ""source_phase_profile"": 64, ""source_phase_profile_going"": 55, ""track_distance"": 36, ""track_distance_going"": 32, ""track_distance_going_rail"": 7, ""track_phase_profile_going"": 32}",2025-02-22
expected-tempo-targets-v2.0-walk-forward,2025-02-22|caulfield|6,2025-02-22,racing-com-rv-authorised,VIC,caulfield,6,1100,good,out_4_6m,group,1,16,1.0,0.988643730901862,1.1796503303871084,0.20009892531139492,very_fast_or_collapse,sustained_high_pressure,18.835555555555555,22.126666666666665,22.98740740740741,0.3849268888888877,0.5227537777777769,0.41183333333333116,track_distance_going_rail,7,"{""source_distance"": 64, ""source_distance_going"": 55, ""source_phase_profile"": 64, ""source_phase_profile_going"": 55, ""track_distance"": 36, ""track_distance_going"": 32, ""track_distance_going_rail"": 7, ""track_phase_profile_going"": 32}",2025-02-22
expected-tempo-targets-v2.0-walk-forward,2025-02-22|caulfield|7,2025-02-22,racing-com-rv-authorised,VIC,caulfield,7,1400,good,out_4_6m,group,1,10,1.0,0.8930757278255004,0.49399323229271996,0.8114966949952812,fast,sustained_high_pressure,37.41,23.38,23.42,0.8006039999999881,0.5263230000000007,0.4744320000000004,track_distance_going_rail,17,"{""source_distance"": 112, ""source_distance_going"": 87, ""source_phase_profile"": 415, ""source_phase_profile_going"": 343, ""track_distance"": 60, ""track_distance_going"": 49, ""track_distance_going_rail"": 17, ""track_phase_profile_going"": 132}",2025-02-22
expected-tempo-targets-v2.0-walk-forward,2025-02-22|caulfield|8,2025-02-22,racing-com-rv-authorised,VIC,caulfield,8,2000,good,out_4_6m,listed,,9,1.0,1.104633670157235,1.4474755167579183,0.40299975528525755,very_fast_or_collapse,sustained_high_pressure,76.40269230769229,23.44653846153846,24.278653846153844,1.441828499999989,0.3983061923076941,0.5673796153846151,track_distance_going_rail,6,"{""source_distance"": 45, ""source_distance_going"": 37, ""source_phase_profile"": 415, ""source_phase_profile_going"": 343, ""track_distance"": 24, ""track_distance_going"": 18, ""track_distance_going_rail"": 6, ""track_phase_profile_going"": 132}",2025-02-22
expected-tempo-targets-v2.0-walk-forward,2025-02-22|caulfield|9,2025-02-22,racing-com-rv-authorised,VIC,caulfield,9,1100,good,out_4_6m,handicap_unspecified,,5,1.0,-3.103042367064236,-1.1350149124805757,2.5918431584154127,slow,sprint_home,18.835555555555555,22.126666666666665,22.98740740740741,0.3849268888888877,0.5227537777777769,0.41183333333333116,track_distance_going_rail,7,"{""source_distance"": 64, ""source_distance_going"": 55, ""source_phase_profile"": 64, ""source_phase_profile_going"": 55, ""track_distance"": 36, ""track_distance_going"": 32, ""track_distance_going_rail"": 7, ""track_phase_profile_going"": 32}",2025-02-22
expected-tempo-targets-v2.0-walk-forward,2025-02-22|caulfield|10,2025-02-22,racing-com-rv-authorised,VIC,caulfield,10,1400,good,out_4_6m,group,3,8,1.0,-0.03747170885981282,1.5294790461370655,-0.6850296775934074,even,even,37.41,23.38,23.42,0.8006039999999881,0.5263230000000007,0.4744320000000004,track_distance_going_rail,17,"{""source_distance"": 112, ""source_distance_going"": 87, ""source_phase_profile"": 415, ""source_phase_profile_going"": 343, ""track_distance"": 60, ""track_distance_going"": 49, ""track_distance_going_rail"": 17, ""track_phase_profile_going"": 132}",2025-02-22
expected-tempo-targets-v2.0-walk-forward,2025-02-22|rosehill|1,2025-02-22,racing-com-nsw-authorised-v2,NSW,rosehill,1,1400,good,out_4_6m,,,10,0.6,4.0,1.497688143089771,-0.04112748533393054,very_fast_or_collapse,very_fast_early,23.07,23.32,23.395000000000003,0.41883450000000355,0.4707254999999985,0.6078660000000001,track_distance_going,10,"{""source_distance"": 49, ""source_distance_going"": 21, ""source_phase_profile"": 146, ""source_phase_profile_going"": 90, ""track_distance"": 23, ""track_distance_going"": 10, ""track_distance_going_rail"": 2, ""track_phase_profile_going"": 48}",2025-02-22
expected-tempo-targets-v2.0-walk-forward,2025-02-22|rosehill|3,2025-02-22,racing-com-nsw-authorised-v2,NSW,rosehill,3,1300,good,out_4_6m,,,8,0.875,3.703840684875061,0.7064978441276833,-0.5223422045256042,very_fast_or_collapse,very_fast_early,24.303214285714283,23.326428571428572,23.099285714285717,1.4021160000000006,0.9149760000000015,1.0351725000000052,track_distance_going,8,"{""source_distance"": 14, ""source_distance_going"": 9, ""source_phase_profile"": 146, ""source_phase_profile_going"": 90, ""track_distance"": 13, ""track_distance_going"": 8, ""track_distance_going_rail"": 1, ""track_phase_profile_going"": 48}",2025-02-22
expected-tempo-targets-v2.0-walk-forward,2025-02-22|rosehill|5,2025-02-22,racing-com-nsw-authorised-v2,NSW,rosehill,5,1400,good,out_4_6m,,,9,0.5555555555555556,4.0,0.46736367585779726,1.176246080550653,very_fast_or_collapse,sustained_high_pressure,23.07,23.32,23.395000000000003,0.41883450000000355,0.4707254999999985,0.6078660000000001,track_distance_going,10,"{""source_distance"": 49, ""source_distance_going"": 21, ""source_phase_profile"": 146, ""source_phase_profile_going"": 90, ""track_distance"": 23, ""track_distance_going"": 10, ""track_distance_going_rail"": 2, ""track_phase_profile_going"": 48}",2025-02-22
expected-tempo-targets-v2.0-walk-forward,2025-02-22|rosehill|7,2025-02-22,racing-com-nsw-authorised-v2,NSW,rosehill,7,1300,good,out_4_6m,,,9,1.0,0.28044347665548547,-0.38642699761679783,-0.3001570131686088,even,even,24.303214285714283,23.326428571428572,23.099285714285717,1.4021160000000006,0.9149760000000015,1.0351725000000052,track_distance_going,8,"{""source_distance"": 14, ""source_distance_going"": 9, ""source_phase_profile"": 146, ""source_phase_profile_going"": 90, ""track_distance"": 13, ""track_distance_going"": 8, ""track_distance_going_rail"": 1, ""track_phase_profile_going"": 48}",2025-02-22
expected-tempo-targets-v2.0-walk-forward,2025-02-22|rosehill|9,2025-02-22,racing-com-nsw-authorised-v2,NSW,rosehill,9,1500,good,out_4_6m,,,12,0.8333333333333334,0.6130447079205851,-0.05906557498241268,-0.4161037521149094,fast,fast_early,24.673214285714288,23.465714285714284,23.447857142857146,1.2612690000000009,0.7497720000000012,1.1707245000000044,track_distance_going,8,"{""source_distance"": 8, ""source_distance_going"": 8, ""source_phase_profile"": 146, ""source_phase_profile_going"": 90, ""track_distance"": 8, ""track_distance_going"": 8, ""track_distance_going_rail"": 2, ""track_phase_profile_going"": 48}",2025-02-22
expected-tempo-targets-v2.0-walk-forward,2025-03-01|flemington|1,2025-03-01,racing-com-rv-authorised,VIC,flemington,1,1000,good,out_1_3m,listed,,9,1.0,0.1879728346082335,-0.4264022042668156,-0.30136821168103384,even,even,13.9825,21.6125,22.71,0.22609649999999978,0.3224654999999964,0.6968219999999983,track_distance_going,10,"{""source_distance"": 43, ""source_distance_going"": 32, ""source_phase_profile"": 43, ""source_phase_profile_going"": 32, ""track_distance"": 12, ""track_distance_going"": 10, ""track_distance_going_rail"": 1, ""track_phase_profile_going"": 10}",2025-03-01
expected-tempo-targets-v2.0-walk-forward,2025-03-01|flemington|2,2025-03-01,racing-com-rv-authorised,VIC,flemington,2,2000,good,out_1_3m,benchmark,,9,1.0,-1.7986420252709001,2.6366456961357363,0.9773233453640504,slow,sprint_home,75.58,23.325,24.3,1.6234470000000194,0.24462900000000398,0.7264739999999976,track_distance_going,19,"{""source_distance"": 46, ""source_distance_going"": 38, ""source_phase_profile"": 422, ""source_phase_profile_going"": 350, ""track_distance"": 21, ""track_distance_going"": 19, ""track_distance_going_rail"": 1, ""track_phase_profile_going"": 108}",2025-03-01
expected-tempo-targets-v2.0-walk-forward,2025-03-01|flemington|3,2025-03-01,racing-com-rv-authorised,VIC,flemington,3,1000,good,out_1_3m,handicap_unspecified,,9,1.0,-0.2543161879993687,-0.17831364905703598,0.5453329544704437,even,even,13.9825,21.6125,22.71,0.22609649999999978,0.3224654999999964,0.6968219999999983,track_distance_going,10,"{""source_distance"": 43, ""source_distance_going"": 32, ""source_phase_profile"": 43, ""source_phase_profile_going"": 32, ""track_distance"": 12, ""track_distance_going"": 10, ""track_distance_going_rail"": 1, ""track_phase_profile_going"": 10}",2025-03-01
expected-tempo-targets-v2.0-walk-forward,2025-03-01|flemington|4,2025-03-01,racing-com-rv-authorised,VIC,flemington,4,1200,good,out_1_3m,benchmark,,15,1.0,-0.4602407535252079,-0.7318942283682193,1.2452137098029556,even,even,25.26,21.825,23.26,0.6301049999999957,0.34841099999999914,0.38547599999999704,track_distance_going,27,"{""source_distance"": 118, ""source_distance_going"": 99, ""source_phase_profile"": 422, ""source_phase_profile_going"": 350, ""track_distance"": 35, ""track_distance_going"": 27, ""track_distance_going_rail"": 2, ""track_phase_profile_going"": 108}",2025-03-01
expected-tempo-targets-v2.0-walk-forward,2025-03-01|flemington|5,2025-03-01,racing-com-rv-authorised,VIC,flemington,5,1100,good,out_1_3m,handicap_unspecified,,11,1.0,-1.1193676433866944,0.5883855561391642,0.8797705558390412,slow,sprint_home,19.53,21.615000000000002,23.245,0.34841099999999914,0.34841099999999914,0.5967464999999997,track_distance_going,22,"{""source_distance"": 67, ""source_distance_going"": 58, ""source_phase_profile"": 67, ""source_phase_profile_going"": 58, ""track_distance"": 27, ""track_distance_going"": 22, ""track_distance_going_rail"": 2, ""track_phase_profile_going"": 22}",2025-03-01
expected-tempo-targets-v2.0-walk-forward,2025-03-01|flemington|6,2025-03-01,racing-com-rv-authorised,VIC,flemington,6,1400,good,out_1_3m,benchmark,,14,1.0,0.7960559544985406,0.7543646652040837,-0.4919218320994717,very_fast_or_collapse,fast_early,37.3075,22.7425,23.3875,0.6375179999999996,0.2816939999999992,0.49296449999999936,track_distance_going,28,"{""source_distance"": 115, ""source_distance_going"": 90, ""source_phase_profile"": 422, ""source_phase_profile_going"": 350, ""track_distance"": 38, ""track_distance_going"": 28, ""track_distance_going_rail"": 1, ""track_phase_profile_going"": 108}",2025-03-01
expected-tempo-targets-v2.0-walk-forward,2025-03-01|flemington|7,2025-03-01,racing-com-rv-authorised,VIC,flemington,7,1600,good,out_1_3m,group,2,9,1.0,1.6022199268433102,1.0413190672621124,-0.689820094919242,very_fast_or_collapse,very_fast_early,50.644999999999996,22.97,23.4125,1.0267005000000038,0.42254099999999756,0.4892580000000001,track_distance_going,28,"{""source_distance"": 92, ""source_distance_going"": 78, ""source_phase_profile"": 422, ""source_phase_profile_going"": 350, ""track_distance"": 33, ""track_distance_going"": 28, ""track_distance_going_rail"": 3, ""track_phase_profile_going"": 108}",2025-03-01
expected-tempo-targets-v2.0-walk-forward,2025-03-01|flemington|8,2025-03-01,racing-com-rv-authorised,VIC,flemington,8,1600,good,out_1_3m,group,1,15,1.0,0.3944675199826946,0.6389912458199349,0.16862268986915516,even,even,50.644999999999996,22.97,23.4125,1.0267005000000038,0.42254099999999756,0.4892580000000001,track_distance_going,28,"{""source_distance"": 92, ""source_distance_going"": 78, ""source_phase_profile"": 422, ""source_phase_profile_going"": 350, ""track_distance"": 33, ""track_distance_going"": 28, ""track_distance_going_rail"": 3, ""track_phase_profile_going"": 108}",2025-03-01
expected-tempo-targets-v2.0-walk-forward,2025-03-01|flemington|9,2025-03-01,racing-com-rv-authorised,VIC,flemington,9,1200,good,out_1_3m,unclassified,,17,1.0,0.3967592702803528,-0.8467011661514775,-0.8301424732019612,even,even,25.26,21.825,23.26,0.6301049999999957,0.34841099999999914,0.38547599999999704,track_distance_going,27,"{""source_distance"": 118, ""source_distance_going"": 99, ""source_phase_profile"": 422, ""source_phase_profile_going"": 350, ""track_distance"": 35, ""track_distance_going"": 27, ""track_distance_going_rail"": 2, ""track_phase_profile_going"": 108}",2025-03-01
expected-tempo-targets-v2.0-walk-forward,2025-03-01|flemington|10,2025-03-01,racing-com-rv-authorised,VIC,flemington,10,1600,good,out_1_3m,benchmark,,13,1.0,0.2678483160376347,0.7573229580088137,-0.19928136075444883,even,even,50.644999999999996,22.97,23.4125,1.0267005000000038,0.42254099999999756,0.4892580000000001,track_distance_going,28,"{""source_distance"": 92, ""source_distance_going"": 78, ""source_phase_profile"": 422, ""source_phase_profile_going"": 350, ""track_distance"": 33, ""track_distance_going"": 28, ""track_distance_going_rail"": 3, ""track_phase_profile_going"": 108}",2025-03-01
expected-tempo-targets-v2.0-walk-forward,2025-03-01|randwick|3,2025-03-01,racing-com-nsw-authorised-v2,NSW,randwick,3,1200,good,true,,,8,1.0,-1.1537341938415413,0.31130342745073697,1.2346610512452953,slow,sprint_home,24.185000000000002,22.36,23.23,0.8450820000000003,0.3854760000000023,0.8747339999999998,track_distance_going,17,"{""source_distance"": 53, ""source_distance_going"": 33, ""source_phase_profile"": 151, ""source_phase_profile_going"": 95, ""track_distance"": 29, ""track_distance_going"": 17, ""track_distance_going_rail"": 4, ""track_phase_profile_going"": 42}",2025-03-01
expected-tempo-targets-v2.0-walk-forward,2025-03-01|randwick|4,2025-03-01,racing-com-nsw-authorised-v2,NSW,randwick,4,1200,good,true,,,9,1.0,-1.5560620152837206,-1.9197044692795338,1.2460930980160827,slow,sprint_home,24.185000000000002,22.36,23.23,0.8450820000000003,0.3854760000000023,0.8747339999999998,track_distance_going,17,"{""source_distance"": 53, ""source_distance_going"": 33, ""source_phase_profile"": 151, ""source_phase_profile_going"": 95, ""track_distance"": 29, ""track_distance_going"": 17, ""track_distance_going_rail"": 4, ""track_phase_profile_going"": 42}",2025-03-01
expected-tempo-targets-v2.0-walk-forward,2025-03-01|randwick|5,2025-03-01,racing-com-nsw-authorised-v2,NSW,randwick,5,1200,good,true,,,12,1.0,-0.023666342437770552,-0.11673878529402981,-0.06859228062473705,even,even,24.185000000000002,22.36,23.23,0.8450820000000003,0.3854760000000023,0.8747339999999998,track_distance_going,17,"{""source_distance"": 53, ""source_distance_going"": 33, ""source_phase_profile"": 151, ""source_phase_profile_going"": 95, ""track_distance"": 29, ""track_distance_going"": 17, ""track_distance_going_rail"": 4, ""track_phase_profile_going"": 42}",2025-03-01
expected-tempo-targets-v2.0-walk-forward,2025-03-01|randwick|6,2025-03-01,racing-com-nsw-authorised-v2,NSW,randwick,6,1400,good,true,,,9,1.0,-1.4230585387801047,-2.2387352867733887,1.578308377175235,slow,sprint_home,22.005000000000003,22.54,22.78,1.2824489999999924,0.6968219999999983,0.7413,track_distance_going,11,"{""source_distance"": 51, ""source_distance_going"": 23, ""source_phase_profile"": 151, ""source_phase_profile_going"": 95, ""track_distance"": 26, ""track_distance_going"": 11, ""track_distance_going_rail"": 2, ""track_phase_profile_going"": 42}",2025-03-01
expected-tempo-targets-v2.0-walk-forward,2025-03-01|randwick|7,2025-03-01,racing-com-nsw-authorised-v2,NSW,randwick,7,1400,good,true,,,14,0.9285714285714286,0.0974697629301444,-0.2583156100123133,-0.10791852151625293,even,even,22.005000000000003,22.54,22.78,1.2824489999999924,0.6968219999999983,0.7413,track_distance_going,11,"{""source_distance"": 51, ""source_distance_going"": 23, ""source_phase_profile"": 151, ""source_phase_profile_going"": 95, ""track_distance"": 26, ""track_distance_going"": 11, ""track_distance_going_rail"": 2, ""track_phase_profile_going"": 42}",2025-03-01
expected-tempo-targets-v2.0-walk-forward,2025-03-01|randwick|9,2025-03-01,racing-com-nsw-authorised-v2,NSW,randwick,9,1300,good,true,,,7,1.0,0.17276429979575864,0.5595207436567247,0.7980615856402471,even,even,22.985,22.615000000000002,23.145,2.112705000000001,0.6523439999999993,0.9711030000000016,track_phase_profile_going,42,"{""source_distance"": 16, ""source_distance_going"": 11, ""source_phase_profile"": 151, ""source_phase_profile_going"": 95, ""track_distance"": 1, ""track_distance_going"": 1, ""track_distance_going_rail"": 0, ""track_phase_profile_going"": 42}",2025-03-01
expected-tempo-targets-v2.0-walk-forward,2025-03-01|randwick|10,2025-03-01,racing-com-nsw-authorised-v2,NSW,randwick,10,2000,good,true,,,10,1.0,-1.0730033031280672,-1.2681831467242142,0.5064209308857074,slow,slow_early,23.236000000000004,22.748000000000005,23.388,1.8117371999999998,0.5693183999999994,0.9043860000000012,track_distance_going,5,"{""source_distance"": 13, ""source_distance_going"": 10, ""source_phase_profile"": 151, ""source_phase_profile_going"": 95, ""track_distance"": 6, ""track_distance_going"": 5, ""track_distance_going_rail"": 1, ""track_phase_profile_going"": 42}",2025-03-01
expected-tempo-targets-v2.0-walk-forward,2025-03-08|flemington|1,2025-03-08,racing-com-rv-authorised,VIC,flemington,1,1100,good,out_4_6m,open_or_quality,,8,1.0,0.8331944675887303,-0.7184792872685486,0.0455736999646321,fast,fast_early,19.57,21.61,23.14,0.37806300000000376,0.34099800000000063,0.5485620000000014,track_distance_going,23,"{""source_distance"": 68, ""source_distance_going"": 59, ""source_phase_profile"": 68, ""source_phase_profile_going"": 59, ""track_distance"": 28, ""track_distance_going"": 23, ""track_distance_going_rail"": 1, ""track_phase_profile_going"": 23}",2025-03-08
expected-tempo-targets-v2.0-walk-forward,2025-03-08|flemington|2,2025-03-08,racing-com-rv-authorised,VIC,flemington,2,1000,good,out_4_6m,group,3,12,1.0,-0.3502163558820826,-2.420231548710143,0.7554296506137896,even,even,13.9825,21.6475,22.71,0.19273799999999983,0.18903149999999924,0.555975,track_distance_going,12,"{""source_distance"": 45, ""source_distance_going"": 34, ""source_phase_profile"": 45, ""source_phase_profile_going"": 34, ""track_distance"": 14, ""track_distance_going"": 12, ""track_distance_going_rail"": 3, ""track_phase_profile_going"": 12}",2025-03-08
expected-tempo-targets-v2.0-walk-forward,2025-03-08|flemington|3,2025-03-08,racing-com-rv-authorised,VIC,flemington,3,1100,good,out_4_6m,benchmark,,13,1.0,-1.3489815189531718,-1.1143760373961087,1.3672109989390406,slow,sprint_home,19.57,21.61,23.14,0.37806300000000376,0.34099800000000063,0.5485620000000014,track_distance_going,23,"{""source_distance"": 68, ""source_distance_going"": 59, ""source_phase_profile"": 68, ""source_phase_profile_going"": 59, ""track_distance"": 28, ""track_distance_going"": 23, ""track_distance_going_rail"": 1, ""track_phase_profile_going"": 23}",2025-03-08
expected-tempo-targets-v2.0-walk-forward,2025-03-08|flemington|4,2025-03-08,racing-com-rv-authorised,VIC,flemington,4,1400,good,out_4_6m,group,3,10,1.0,0.8502322750587672,0.3850996779547245,0.7436186557626258,fast,sustained_high_pressure,37.367407407407406,22.725925925925925,23.398888888888887,0.6438327777777774,0.32699566666666496,0.3750428888888874,track_distance_going_rail,7,"{""source_distance"": 116, ""source_distance_going"": 91, ""source_phase_profile"": 429, ""source_phase_profile_going"": 357, ""track_distance"": 39, ""track_distance_going"": 29, ""track_distance_going_rail"": 7, ""track_phase_profile_going"": 115}",2025-03-08
expected-tempo-targets-v2.0-walk-forward,2025-03-08|flemington|5,2025-03-08,racing-com-rv-authorised,VIC,flemington,5,1400,good,out_4_6m,group,2,15,1.0,0.12022905648665824,-1.786182918042983,-0.5095713497656327,even,even,37.367407407407406,22.725925925925925,23.398888888888887,0.6438327777777774,0.32699566666666496,0.3750428888888874,track_distance_going_rail,7,"{""source_distance"": 116, ""source_distance_going"": 91, ""source_phase_profile"": 429, ""source_phase_profile_going"": 357, ""track_distance"": 39, ""track_distance_going"": 29, ""track_distance_going_rail"": 7, ""track_phase_profile_going"": 115}",2025-03-08
expected-tempo-targets-v2.0-walk-forward,2025-03-08|flemington|6,2025-03-08,racing-com-rv-authorised,VIC,flemington,6,2000,good,out_4_6m,unclassified,,10,1.0,-0.8578916176713467,-1.201977122656996,1.7498581024156974,slow,sprint_home,75.58500000000001,23.302500000000002,24.265,1.6493925000000063,0.2891070000000004,0.785777999999999,track_distance_going,20,"{""source_distance"": 47, ""source_distance_going"": 39, ""source_phase_profile"": 429, ""source_phase_profile_going"": 357, ""track_distance"": 22, ""track_distance_going"": 20, ""track_distance_going_rail"": 3, ""track_phase_profile_going"": 115}",2025-03-08
expected-tempo-targets-v2.0-walk-forward,2025-03-08|flemington|7,2025-03-08,racing-com-rv-authorised,VIC,flemington,7,1600,good,out_4_6m,group,1,7,1.0,-0.2574143478195755,-0.22500386725397284,1.713734063742762,even,even,50.50592592592592,22.93,23.37222222222222,0.9093280000000036,0.3555494444444457,0.4914544444444442,track_distance_going_rail,7,"{""source_distance"": 95, ""source_distance_going"": 81, ""source_phase_profile"": 429, ""source_phase_profile_going"": 357, ""track_distance"": 36, ""track_distance_going"": 31, ""track_distance_going_rail"": 7, ""track_phase_profile_going"": 115}",2025-03-08
expected-tempo-targets-v2.0-walk-forward,2025-03-08|flemington|8,2025-03-08,racing-com-rv-authorised,VIC,flemington,8,1600,good,out_4_6m,group,2,10,1.0,1.7440636667142264,0.05625096681349071,-1.1858225810462837,very_fast_or_collapse,pace_collapse,50.50592592592592,22.93,23.37222222222222,0.9093280000000036,0.3555494444444457,0.4914544444444442,track_distance_going_rail,7,"{""source_distance"": 95, ""source_distance_going"": 81, ""source_phase_profile"": 429, ""source_phase_profile_going"": 357, ""track_distance"": 36, ""track_distance_going"": 31, ""track_distance_going_rail"": 7, ""track_phase_profile_going"": 115}",2025-03-08
expected-tempo-targets-v2.0-walk-forward,2025-03-08|flemington|9,2025-03-08,racing-com-rv-authorised,VIC,flemington,9,1200,good,out_4_6m,group,1,15,1.0,0.7061075138270644,0.034887453076377035,0.6993186401935215,fast,fast_early,25.202,21.792,23.238,0.5693183999999983,0.343963199999999,0.48332760000000385,track_distance_going_rail,5,"{""source_distance"": 120, ""source_distance_going"": 101, ""source_phase_profile"": 429, ""source_phase_profile_going"": 357, ""track_distance"": 37, ""track_distance_going"": 29, ""track_distance_going_rail"": 5, ""track_phase_profile_going"": 115}",2025-03-08
expected-tempo-targets-v2.0-walk-forward,2025-03-08|flemington|10,2025-03-08,racing-com-rv-authorised,VIC,flemington,10,1600,good,out_4_6m,group,3,11,1.0,-0.43336845898737847,1.0687683694563435,0.4725203421137657,even,even,50.50592592592592,22.93,23.37222222222222,0.9093280000000036,0.3555494444444457,0.4914544444444442,track_distance_going_rail,7,"{""source_distance"": 95, ""source_distance_going"": 81, ""source_phase_profile"": 429, ""source_phase_profile_going"": 357, ""track_distance"": 36, ""track_distance_going"": 31, ""track_distance_going_rail"": 7, ""track_phase_profile_going"": 115}",2025-03-08
expected-tempo-targets-v2.0-walk-forward,2025-03-08|randwick|2,2025-03-08,racing-com-nsw-authorised-v2,NSW,randwick,2,1300,good,out_1_3m,,,11,0.5454545454545454,2.295360026435855,0.14283333730092557,1.0117361392148927,very_fast_or_collapse,very_fast_early,23.2,22.63,23.03,1.9125539999999985,0.630105000000001,0.9488640000000008,track_phase_profile_going,49,"{""source_distance"": 17, ""source_distance_going"": 12, ""source_phase_profile"": 158, ""source_phase_profile_going"": 102, ""track_distance"": 2, ""track_distance_going"": 2, ""track_distance_going_rail"": 0, ""track_phase_profile_going"": 49}",2025-03-08
expected-tempo-targets-v2.0-walk-forward,2025-03-08|randwick|4,2025-03-08,racing-com-nsw-authorised-v2,NSW,randwick,4,1200,good,out_1_3m,,,11,0.9090909090909091,-0.6551406147375125,1.7213566257475512,0.3797553015540482,slow,slow_early,24.2075,22.3825,23.174999999999997,0.9043860000000017,0.3558240000000003,0.8821469999999957,track_distance_going,20,"{""source_distance"": 56, ""source_distance_going"": 36, ""source_phase_profile"": 158, ""source_phase_profile_going"": 102, ""track_distance"": 32, ""track_distance_going"": 20, ""track_distance_going_rail"": 4, ""track_phase_profile_going"": 49}",2025-03-08
expected-tempo-targets-v2.0-walk-forward,2025-03-08|randwick|8,2025-03-08,racing-com-nsw-authorised-v2,NSW,randwick,8,2000,good,out_1_3m,,,12,0.6666666666666666,0.640362680022735,0.6236391001233799,1.0744794656778323,fast,sustained_high_pressure,23.46307692307692,22.784615384615382,23.301153846153845,1.6679249999999985,0.544570384615385,0.9317570769230781,track_distance_going,6,"{""source_distance"": 14, ""source_distance_going"": 11, ""source_phase_profile"": 158, ""source_phase_profile_going"": 102, ""track_distance"": 7, ""track_distance_going"": 6, ""track_distance_going_rail"": 2, ""track_phase_profile_going"": 49}",2025-03-08
expected-tempo-targets-v2.0-walk-forward,2025-03-08|randwick|10,2025-03-08,racing-com-nsw-authorised-v2,NSW,randwick,10,1600,good,out_1_3m,,,13,0.7692307692307693,-0.5880175851847246,1.5200839542615943,0.6414053710518837,slow,slow_early,23.284285714285716,22.690714285714286,23.059285714285718,1.9824480000000007,0.5760960000000005,0.9499229999999999,track_distance_going,8,"{""source_distance"": 8, ""source_distance_going"": 8, ""source_phase_profile"": 158, ""source_phase_profile_going"": 102, ""track_distance"": 8, ""track_distance_going"": 8, ""track_distance_going_rail"": 2, ""track_phase_profile_going"": 49}",2025-03-08
expected-tempo-targets-v2.0-walk-forward,2025-03-15|caulfield|1,2025-03-15,racing-com-rv-authorised,VIC,caulfield,1,1200,good,out_4_6m,unclassified,,15,1.0,0.08175645569413144,0.47611112433641223,-2.334775705880504,even,even,24.66,22.58,23.3,0.4892579999999974,0.5040840000000051,0.3854760000000023,track_distance_going_rail,15,"{""source_distance"": 121, ""source_distance_going"": 102, ""source_phase_profile"": 436, ""source_phase_profile_going"": 364, ""track_distance"": 41, ""track_distance_going"": 34, ""track_distance_going_rail"": 15, ""track_phase_profile_going"": 139}",2025-03-15
expected-tempo-targets-v2.0-walk-forward,2025-03-15|caulfield|2,2025-03-15,racing-com-rv-authorised,VIC,caulfield,2,1200,good,out_4_6m,unclassified,,9,1.0,-1.2876641771825956,0.29756945271025675,1.2452137098029386,slow,sprint_home,24.66,22.58,23.3,0.4892579999999974,0.5040840000000051,0.3854760000000023,track_distance_going_rail,15,"{""source_distance"": 121, ""source_distance_going"": 102, ""source_phase_profile"": 436, ""source_phase_profile_going"": 364, ""track_distance"": 41, ""track_distance_going"": 34, ""track_distance_going_rail"": 15, ""track_phase_profile_going"": 139}",2025-03-15
expected-tempo-targets-v2.0-walk-forward,2025-03-15|caulfield|3,2025-03-15,racing-com-rv-authorised,VIC,caulfield,3,1600,good,out_4_6m,unclassified,,11,1.0,0.16888421049793279,-1.0554642257528914,0.1958334541533311,even,even,50.68051724137931,23.566206896551726,23.890689655172416,1.4833668620689662,0.2878288965517241,0.8205424137931043,track_distance_going_rail,9,"{""source_distance"": 98, ""source_distance_going"": 84, ""source_phase_profile"": 436, ""source_phase_profile_going"": 364, ""track_distance"": 28, ""track_distance_going"": 26, ""track_distance_going_rail"": 9, ""track_phase_profile_going"": 139}",2025-03-15
expected-tempo-targets-v2.0-walk-forward,2025-03-15|caulfield|4,2025-03-15,racing-com-rv-authorised,VIC,caulfield,4,1200,good,out_4_6m,benchmark,,11,1.0,1.2876641771825956,0.47611112433641223,-0.2334775705880504,very_fast_or_collapse,very_fast_early,24.66,22.58,23.3,0.4892579999999974,0.5040840000000051,0.3854760000000023,track_distance_going_rail,15,"{""source_distance"": 121, ""source_distance_going"": 102, ""source_phase_profile"": 436, ""source_phase_profile_going"": 364, ""track_distance"": 41, ""track_distance_going"": 34, ""track_distance_going_rail"": 15, ""track_phase_profile_going"": 139}",2025-03-15
expected-tempo-targets-v2.0-walk-forward,2025-03-15|caulfield|5,2025-03-15,racing-com-rv-authorised,VIC,caulfield,5,1600,good,out_4_6m,benchmark,,16,1.0,0.5025845328238494,-1.0902070890296665,-0.40742603820097,fast,fast_early,50.68051724137931,23.566206896551726,23.890689655172416,1.4833668620689662,0.2878288965517241,0.8205424137931043,track_distance_going_rail,9,"{""source_distance"": 98, ""source_distance_going"": 84, ""source_phase_profile"": 436, ""source_phase_profile_going"": 364, ""track_distance"": 28, ""track_distance_going"": 26, ""track_distance_going_rail"": 9, ""track_phase_profile_going"": 139}",2025-03-15
expected-tempo-targets-v2.0-walk-forward,2025-03-15|caulfield|6,2025-03-15,racing-com-rv-authorised,VIC,caulfield,6,1200,good,out_4_6m,unclassified,,8,1.0,-1.6862268986914954,0.257893525682223,1.8807915408481906,slow,sprint_home,24.66,22.58,23.3,0.4892579999999974,0.5040840000000051,0.3854760000000023,track_distance_going_rail,15,"{""source_distance"": 121, ""source_distance_going"": 102, ""source_phase_profile"": 436, ""source_phase_profile_going"": 364, ""track_distance"": 41, ""track_distance_going"": 34, ""track_distance_going_rail"": 15, ""track_phase_profile_going"": 139}",2025-03-15
expected-tempo-targets-v2.0-walk-forward,2025-03-15|caulfield|7,2025-03-15,racing-com-rv-authorised,VIC,caulfield,7,1400,good,out_4_6m,unclassified,,8,1.0,-0.2210195709019422,0.620221388024455,-0.49148939062635805,even,even,37.41,23.31,23.425,0.6560504999999932,0.644930999999998,0.478138499999997,track_distance_going_rail,20,"{""source_distance"": 118, ""source_distance_going"": 93, ""source_phase_profile"": 436, ""source_phase_profile_going"": 364, ""track_distance"": 63, ""track_distance_going"": 52, ""track_distance_going_rail"": 20, ""track_phase_profile_going"": 139}",2025-03-15
expected-tempo-targets-v2.0-walk-forward,2025-03-15|caulfield|8,2025-03-15,racing-com-rv-authorised,VIC,caulfield,8,1800,good,out_4_6m,group,2,6,1.0,-1.282317495295902,0.19332537692004115,-0.43211728327863375,slow,very_slow_early,42.754000000000005,23.28,23.618000000000002,15.28560599999999,0.46553640000000424,0.722026200000005,track_distance_going,5,"{""source_distance"": 16, ""source_distance_going"": 14, ""source_phase_profile"": 436, ""source_phase_profile_going"": 364, ""track_distance"": 6, ""track_distance_going"": 5, ""track_distance_going_rail"": 4, ""track_phase_profile_going"": 139}",2025-03-15
expected-tempo-targets-v2.0-walk-forward,2025-03-15|caulfield|9,2025-03-15,racing-com-rv-authorised,VIC,caulfield,9,2400,good,out_4_6m,handicap_unspecified,,5,1.0,-3.5667263235222264,0.6475111290975243,-0.5828124038195733,slow,very_slow_early,37.66,23.23,23.505000000000003,18.76230299999999,0.5559750000000052,0.7635390000000061,track_phase_profile_going,139,"{""source_distance"": 7, ""source_distance_going"": 3, ""source_phase_profile"": 436, ""source_phase_profile_going"": 364, ""track_distance"": 5, ""track_distance_going"": 1, ""track_distance_going_rail"": 0, ""track_phase_profile_going"": 139}",2025-03-15
expected-tempo-targets-v2.0-walk-forward,2025-03-15|caulfield|10,2025-03-15,racing-com-rv-authorised,VIC,caulfield,10,1100,good,out_4_6m,unclassified,,9,1.0,-0.00645445702848287,0.30303208034455353,0.3865059408236736,even,even,19.155,22.325,22.8275,0.7746585000000012,0.5114969999999983,0.3298784999999976,track_distance_going_rail,10,"{""source_distance"": 70, ""source_distance_going"": 61, ""source_phase_profile"": 70, ""source_phase_profile_going"": 61, ""track_distance"": 39, ""track_distance_going"": 35, ""track_distance_going_rail"": 10, ""track_phase_profile_going"": 35}",2025-03-15
expected-tempo-targets-v2.0-walk-forward,2025-03-15|rosehill|1,2025-03-15,racing-com-nsw-authorised-v2,NSW,rosehill,1,1500,good,true,,,13,0.6923076923076923,-0.46196936014687295,0.2130226211584371,0.4746679830792051,even,even,24.52310344827586,23.451379310344826,23.520344827586207,1.335362482758619,0.710625517241382,0.9698248965517228,track_distance_going,9,"{""source_distance"": 9, ""source_distance_going"": 9, ""source_phase_profile"": 162, ""source_phase_profile_going"": 106, ""track_distance"": 9, ""track_distance_going"": 9, ""track_distance_going_rail"": 0, ""track_phase_profile_going"": 53}",2025-03-15
expected-tempo-targets-v2.0-walk-forward,2025-03-15|rosehill|2,2025-03-15,racing-com-nsw-authorised-v2,NSW,rosehill,2,1500,good,true,,,12,0.75,0.24195935743858002,0.39596004297330506,-1.0410695538995651,even,even,24.52310344827586,23.451379310344826,23.520344827586207,1.335362482758619,0.710625517241382,0.9698248965517228,track_distance_going,9,"{""source_distance"": 9, ""source_distance_going"": 9, ""source_phase_profile"": 162, ""source_phase_profile_going"": 106, ""track_distance"": 9, ""track_distance_going"": 9, ""track_distance_going_rail"": 0, ""track_phase_profile_going"": 53}",2025-03-15
expected-tempo-targets-v2.0-walk-forward,2025-03-15|rosehill|3,2025-03-15,racing-com-nsw-authorised-v2,NSW,rosehill,3,1500,good,true,,,8,0.875,-0.7016046682610696,0.3255994961214343,0.8974247110800907,slow,slow_early,24.52310344827586,23.451379310344826,23.520344827586207,1.335362482758619,0.710625517241382,0.9698248965517228,track_distance_going,9,"{""source_distance"": 9, ""source_distance_going"": 9, ""source_phase_profile"": 162, ""source_phase_profile_going"": 106, ""track_distance"": 9, ""track_distance_going"": 9, ""track_distance_going_rail"": 0, ""track_phase_profile_going"": 53}",2025-03-15
expected-tempo-targets-v2.0-walk-forward,2025-03-15|rosehill|5,2025-03-15,racing-com-nsw-authorised-v2,NSW,rosehill,5,2000,good,true,,,6,1.0,0.15992390031240752,0.9801588564678576,0.859578291117481,even,even,24.664,23.516000000000002,23.712,1.4944607999999997,0.7917084000000026,0.8806643999999997,track_distance_going,5,"{""source_distance"": 15, ""source_distance_going"": 12, ""source_phase_profile"": 162, ""source_phase_profile_going"": 106, ""track_distance"": 7, ""track_distance_going"": 5, ""track_distance_going_rail"": 0, ""track_phase_profile_going"": 53}",2025-03-15
expected-tempo-targets-v2.0-walk-forward,2025-03-15|rosehill|7,2025-03-15,racing-com-nsw-authorised-v2,NSW,rosehill,7,1200,good,true,,,14,0.6428571428571429,4.0,0.9840930753019113,1.4564225248875107,very_fast_or_collapse,sustained_high_pressure,24.759999999999998,22.785,23.14,0.5114969999999983,0.45219299999999957,0.8376690000000019,track_distance_going,16,"{""source_distance"": 57, ""source_distance_going"": 37, ""source_phase_profile"": 162, ""source_phase_profile_going"": 106, ""track_distance"": 24, ""track_distance_going"": 16, ""track_distance_going_rail"": 2, ""track_phase_profile_going"": 53}",2025-03-15
expected-tempo-targets-v2.0-walk-forward,2025-03-15|rosehill|10,2025-03-15,racing-com-nsw-authorised-v2,NSW,rosehill,10,1200,good,true,,,10,0.8,3.3822290257811924,0.4754606993031738,0.4417019132855581,very_fast_or_collapse,sustained_high_pressure,24.759999999999998,22.785,23.14,0.5114969999999983,0.45219299999999957,0.8376690000000019,track_distance_going,16,"{""source_distance"": 57, ""source_distance_going"": 37, ""source_phase_profile"": 162, ""source_phase_profile_going"": 106, ""track_distance"": 24, ""track_distance_going"": 16, ""track_distance_going_rail"": 2, ""track_phase_profile_going"": 53}",2025-03-15
expected-tempo-targets-v2.0-walk-forward,2025-03-22|rosehill|2,2025-03-22,racing-com-nsw-authorised-v2,NSW,rosehill,2,1500,good,out_1_3m,,,11,1.0,-0.5685789873273808,0.06917853943349538,0.31901589975244565,slow,slow_early,24.75,23.65,23.880000000000003,0.8969729999999979,0.5782140000000008,1.0971239999999975,track_distance_going,12,"{""source_distance"": 12, ""source_distance_going"": 12, ""source_phase_profile"": 168, ""source_phase_profile_going"": 112, ""track_distance"": 12, ""track_distance_going"": 12, ""track_distance_going_rail"": 4, ""track_phase_profile_going"": 59}",2025-03-22
expected-tempo-targets-v2.0-walk-forward,2025-03-22|rosehill|3,2025-03-22,racing-com-nsw-authorised-v2,NSW,rosehill,3,2000,good,out_1_3m,,,6,1.0,-0.7425547876293324,0.38221143037006655,0.49893213968025885,slow,slow_early,24.60326923076923,23.44730769230769,23.66692307692308,1.375966846153846,0.8040253846153826,0.8456522307692362,track_distance_going,6,"{""source_distance"": 16, ""source_distance_going"": 13, ""source_phase_profile"": 168, ""source_phase_profile_going"": 112, ""track_distance"": 8, ""track_distance_going"": 6, ""track_distance_going_rail"": 2, ""track_phase_profile_going"": 59}",2025-03-22
expected-tempo-targets-v2.0-walk-forward,2025-03-22|rosehill|5,2025-03-22,racing-com-nsw-authorised-v2,NSW,rosehill,5,2000,good,out_1_3m,,,11,0.5454545454545454,-0.02306070769035197,0.6247410864371836,0.6940478077958773,even,even,24.60326923076923,23.44730769230769,23.66692307692308,1.375966846153846,0.8040253846153826,0.8456522307692362,track_distance_going,6,"{""source_distance"": 16, ""source_distance_going"": 13, ""source_phase_profile"": 168, ""source_phase_profile_going"": 112, ""track_distance"": 8, ""track_distance_going"": 6, ""track_distance_going_rail"": 2, ""track_phase_profile_going"": 59}",2025-03-22
expected-tempo-targets-v2.0-walk-forward,2025-03-22|rosehill|6,2025-03-22,racing-com-nsw-authorised-v2,NSW,rosehill,6,1200,good,out_1_3m,,,10,0.8,-0.44255352693552613,-1.982463240253643,0.014703302979758325,even,even,24.730555555555554,22.719629629629626,22.999629629629627,0.6427345555555495,0.34319444444443953,0.9949893333333348,track_distance_going_rail,7,"{""source_distance"": 59, ""source_distance_going"": 39, ""source_phase_profile"": 168, ""source_phase_profile_going"": 112, ""track_distance"": 26, ""track_distance_going"": 18, ""track_distance_going_rail"": 7, ""track_phase_profile_going"": 59}",2025-03-22
expected-tempo-targets-v2.0-walk-forward,2025-03-22|rosehill|8,2025-03-22,racing-com-nsw-authorised-v2,NSW,rosehill,8,2400,good,out_1_3m,,,14,0.9285714285714286,-0.0033894008013892482,-0.14988683543924486,0.03263664965209431,even,even,24.425,23.22,23.270000000000003,1.4751870000000014,0.8006039999999987,0.9192120000000067,track_phase_profile_going,59,"{""source_distance"": 1, ""source_distance_going"": 1, ""source_phase_profile"": 168, ""source_phase_profile_going"": 112, ""track_distance"": 1, ""track_distance_going"": 1, ""track_distance_going_rail"": 0, ""track_phase_profile_going"": 59}",2025-03-22
expected-tempo-targets-v2.0-walk-forward,2025-03-22|rosehill|9,2025-03-22,racing-com-nsw-authorised-v2,NSW,rosehill,9,1200,good,out_1_3m,,,15,0.8666666666666667,4.0,2.067718872251475,0.5322967914191652,very_fast_or_collapse,sustained_high_pressure,24.730555555555554,22.719629629629626,22.999629629629627,0.6427345555555495,0.34319444444443953,0.9949893333333348,track_distance_going_rail,7,"{""source_distance"": 59, ""source_distance_going"": 39, ""source_phase_profile"": 168, ""source_phase_profile_going"": 112, ""track_distance"": 26, ""track_distance_going"": 18, ""track_distance_going_rail"": 7, ""track_phase_profile_going"": 59}",2025-03-22
expected-tempo-targets-v2.0-walk-forward,2025-03-22|rosehill|10,2025-03-22,racing-com-nsw-authorised-v2,NSW,rosehill,10,1500,good,out_1_3m,,,14,0.5714285714285714,-0.4905387341647951,1.7986420252709165,0.9616050692537964,even,even,24.75,23.65,23.880000000000003,0.8969729999999979,0.5782140000000008,1.0971239999999975,track_distance_going,12,"{""source_distance"": 12, ""source_distance_going"": 12, ""source_phase_profile"": 168, ""source_phase_profile_going"": 112, ""track_distance"": 12, ""track_distance_going"": 12, ""track_distance_going_rail"": 4, ""track_phase_profile_going"": 59}",2025-03-22
expected-tempo-targets-v2.0-walk-forward,2025-03-22|the-valley|2,2025-03-22,racing-com-rv-authorised,VIC,the-valley,2,1200,soft,true,,,6,1.0,0.3261601965863422,-1.3571042890271772,-1.1677150814904886,even,even,25.543333333333333,23.059629629629626,23.91,0.8686937777777752,0.6155535555555585,0.7835815555555553,track_phase_profile_going,7,"{""source_distance"": 125, ""source_distance_going"": 19, ""source_phase_profile"": 445, ""source_phase_profile_going"": 72, ""track_distance"": 35, ""track_distance_going"": 4, ""track_distance_going_rail"": 1, ""track_phase_profile_going"": 7}",2025-03-22
expected-tempo-targets-v2.0-walk-forward,2025-03-22|the-valley|3,2025-03-22,racing-com-rv-authorised,VIC,the-valley,3,1200,soft,true,,,11,1.0,0.25709097848570606,-0.2767758691875467,-0.6891433267812715,even,even,25.543333333333333,23.059629629629626,23.91,0.8686937777777752,0.6155535555555585,0.7835815555555553,track_phase_profile_going,7,"{""source_distance"": 125, ""source_distance_going"": 19, ""source_phase_profile"": 445, ""source_phase_profile_going"": 72, ""track_distance"": 35, ""track_distance_going"": 4, ""track_distance_going_rail"": 1, ""track_phase_profile_going"": 7}",2025-03-22
expected-tempo-targets-v2.0-walk-forward,2025-03-22|the-valley|7,2025-03-22,racing-com-rv-authorised,VIC,the-valley,7,1600,soft,true,,,10,1.0,-4.0,-0.6286636066160439,-2.4660349013286718,slow,very_slow_early,44.15814814814814,23.767037037037035,24.722962962962963,1.2393437777777774,1.0466057777777749,0.6435582222222245,track_phase_profile_going,7,"{""source_distance"": 100, ""source_distance_going"": 14, ""source_phase_profile"": 445, ""source_phase_profile_going"": 72, ""track_distance"": 23, ""track_distance_going"": 3, ""track_distance_going_rail"": 2, ""track_phase_profile_going"": 7}",2025-03-22
expected-tempo-targets-v2.0-walk-forward,2025-03-22|the-valley|8,2025-03-22,racing-com-rv-authorised,VIC,the-valley,8,1600,soft,true,,,13,1.0,-4.0,-0.26080781203266223,-2.745729874968277,slow,very_slow_early,44.15814814814814,23.767037037037035,24.722962962962963,1.2393437777777774,1.0466057777777749,0.6435582222222245,track_phase_profile_going,7,"{""source_distance"": 100, ""source_distance_going"": 14, ""source_phase_profile"": 445, ""source_phase_profile_going"": 72, ""track_distance"": 23, ""track_distance_going"": 3, ""track_distance_going_rail"": 2, ""track_phase_profile_going"": 7}",2025-03-22
expected-tempo-targets-v2.0-walk-forward,2025-03-22|the-valley|9,2025-03-22,racing-com-rv-authorised,VIC,the-valley,9,1200,soft,true,,,9,1.0,0.8672024050413398,0.6492199192464191,-1.2761913458912457,very_fast_or_collapse,pace_collapse,25.543333333333333,23.059629629629626,23.91,0.8686937777777752,0.6155535555555585,0.7835815555555553,track_phase_profile_going,7,"{""source_distance"": 125, ""source_distance_going"": 19, ""source_phase_profile"": 445, ""source_phase_profile_going"": 72, ""track_distance"": 35, ""track_distance_going"": 4, ""track_distance_going_rail"": 1, ""track_phase_profile_going"": 7}",2025-03-22
expected-tempo-targets-v2.0-walk-forward,2025-03-22|the-valley|10,2025-03-22,racing-com-rv-authorised,VIC,the-valley,10,1200,soft,true,,,11,1.0,0.7060408961398513,-0.049338307116045525,-2.424763557193365,fast,fast_early,25.543333333333333,23.059629629629626,23.91,0.8686937777777752,0.6155535555555585,0.7835815555555553,track_phase_profile_going,7,"{""source_distance"": 125, ""source_distance_going"": 19, ""source_phase_profile"": 445, ""source_phase_profile_going"": 72, ""track_distance"": 35, ""track_distance_going"": 4, ""track_distance_going_rail"": 1, ""track_phase_profile_going"": 7}",2025-03-22
expected-tempo-targets-v2.0-walk-forward,2025-03-22|the-valley|11,2025-03-22,racing-com-rv-authorised,VIC,the-valley,11,1200,soft,true,,,11,1.0,0.47581016913772667,-0.8453697743662938,-1.378286653562543,even,even,25.543333333333333,23.059629629629626,23.91,0.8686937777777752,0.6155535555555585,0.7835815555555553,track_phase_profile_going,7,"{""source_distance"": 125, ""source_distance_going"": 19, ""source_phase_profile"": 445, ""source_phase_profile_going"": 72, ""track_distance"": 35, ""track_distance_going"": 4, ""track_distance_going_rail"": 1, ""track_phase_profile_going"": 7}",2025-03-22
expected-tempo-targets-v2.0-walk-forward,2025-03-29|flemington|1,2025-03-29,racing-com-rv-authorised,VIC,flemington,1,1100,good,true,handicap_unspecified,,10,1.0,-0.12322427336591421,-0.37096991771213006,-0.28760012079205205,even,even,19.4425,21.545,23.415,0.3854760000000023,0.2965199999999963,0.7301804999999996,track_distance_going_rail,10,"{""source_distance"": 71, ""source_distance_going"": 62, ""source_phase_profile"": 71, ""source_phase_profile_going"": 62, ""track_distance"": 30, ""track_distance_going"": 25, ""track_distance_going_rail"": 10, ""track_phase_profile_going"": 25}",2025-03-29
expected-tempo-targets-v2.0-walk-forward,2025-03-29|flemington|2,2025-03-29,racing-com-rv-authorised,VIC,flemington,2,1400,good,true,unclassified,,8,1.0,-2.4604065440026734,-4.0,0.7046019540960843,slow,very_slow_early,37.275,22.7825,23.1125,0.5893335000000013,0.2742809999999981,0.41512800000000166,track_distance_going_rail,14,"{""source_distance"": 119, ""source_distance_going"": 94, ""source_phase_profile"": 452, ""source_phase_profile_going"": 373, ""track_distance"": 41, ""track_distance_going"": 31, ""track_distance_going_rail"": 14, ""track_phase_profile_going"": 122}",2025-03-29
expected-tempo-targets-v2.0-walk-forward,2025-03-29|flemington|3,2025-03-29,racing-com-rv-authorised,VIC,flemington,3,1200,good,true,group,3,9,1.0,0.6148845993368002,-1.6221591748361985,-3.130133213356006,fast,fast_early,25.189999999999998,21.78892857142857,23.25821428571429,0.5692124999999992,0.4013609999999995,0.37435650000000115,track_distance_going_rail,8,"{""source_distance"": 130, ""source_distance_going"": 106, ""source_phase_profile"": 452, ""source_phase_profile_going"": 373, ""track_distance"": 38, ""track_distance_going"": 30, ""track_distance_going_rail"": 8, ""track_phase_profile_going"": 122}",2025-03-29
expected-tempo-targets-v2.0-walk-forward,2025-03-29|flemington|4,2025-03-29,racing-com-rv-authorised,VIC,flemington,4,1600,good,true,unclassified,,7,1.0,-0.5177403923986591,-0.5149138535206372,0.605262451309694,slow,slow_early,50.27,22.938620689655174,23.512586206896554,0.9657349655172374,0.3716724827586225,0.5329691379310348,track_distance_going_rail,9,"{""source_distance"": 102, ""source_distance_going"": 86, ""source_phase_profile"": 452, ""source_phase_profile_going"": 373, ""track_distance"": 39, ""track_distance_going"": 34, ""track_distance_going_rail"": 9, ""track_phase_profile_going"": 122}",2025-03-29
expected-tempo-targets-v2.0-walk-forward,2025-03-29|flemington|5,2025-03-29,racing-com-rv-authorised,VIC,flemington,5,1600,good,true,handicap_unspecified,,13,1.0,-0.6937721258141977,-1.5642247874518977,0.7366021387665279,slow,slow_early,50.27,22.938620689655174,23.512586206896554,0.9657349655172374,0.3716724827586225,0.5329691379310348,track_distance_going_rail,9,"{""source_distance"": 102, ""source_distance_going"": 86, ""source_phase_profile"": 452, ""source_phase_profile_going"": 373, ""track_distance"": 39, ""track_distance_going"": 34, ""track_distance_going_rail"": 9, ""track_phase_profile_going"": 122}",2025-03-29
expected-tempo-targets-v2.0-walk-forward,2025-03-29|flemington|6,2025-03-29,racing-com-rv-authorised,VIC,flemington,6,1000,good,true,listed,,12,1.0,0.4847902333738033,1.5386820450559897,0.33724537973830065,even,even,14.015,21.67,22.69,0.2372160000000002,0.2372160000000002,0.5782139999999956,track_distance_going,13,"{""source_distance"": 46, ""source_distance_going"": 35, ""source_phase_profile"": 46, ""source_phase_profile_going"": 35, ""track_distance"": 15, ""track_distance_going"": 13, ""track_distance_going_rail"": 2, ""track_phase_profile_going"": 13}",2025-03-29
expected-tempo-targets-v2.0-walk-forward,2025-03-29|flemington|7,2025-03-29,racing-com-rv-authorised,VIC,flemington,7,1100,good,true,listed,,17,1.0,-0.7198891759798228,-0.8262511803588308,0.9792099350776969,slow,slow_early,19.4425,21.545,23.415,0.3854760000000023,0.2965199999999963,0.7301804999999996,track_distance_going_rail,10,"{""source_distance"": 71, ""source_distance_going"": 62, ""source_phase_profile"": 71, ""source_phase_profile_going"": 62, ""track_distance"": 30, ""track_distance_going"": 25, ""track_distance_going_rail"": 10, ""track_phase_profile_going"": 25}",2025-03-29
expected-tempo-targets-v2.0-walk-forward,2025-03-29|flemington|8,2025-03-29,racing-com-rv-authorised,VIC,flemington,8,2000,good,true,group,1,10,1.0,1.6776923548477674,-0.2828945227434489,-1.9432531106669193,very_fast_or_collapse,pace_collapse,75.60096153846153,23.354423076923077,24.159615384615385,1.8364281923076935,0.2848302692307666,0.7695264230769217,track_distance_going_rail,6,"{""source_distance"": 48, ""source_distance_going"": 40, ""source_phase_profile"": 452, ""source_phase_profile_going"": 373, ""track_distance"": 23, ""track_distance_going"": 21, ""track_distance_going_rail"": 6, ""track_phase_profile_going"": 122}",2025-03-29
expected-tempo-targets-v2.0-walk-forward,2025-03-29|flemington|10,2025-03-29,racing-com-rv-authorised,VIC,flemington,10,1100,good,true,benchmark,,14,1.0,-1.057134555718125,-0.11803588290839413,0.15064768231964493,slow,slow_early,19.4425,21.545,23.415,0.3854760000000023,0.2965199999999963,0.7301804999999996,track_distance_going_rail,10,"{""source_distance"": 71, ""source_distance_going"": 62, ""source_phase_profile"": 71, ""source_phase_profile_going"": 62, ""track_distance"": 30, ""track_distance_going"": 25, ""track_distance_going_rail"": 10, ""track_phase_profile_going"": 25}",2025-03-29
expected-tempo-targets-v2.0-walk-forward,2025-04-05|caulfield|1,2025-04-05,racing-com-rv-authorised,VIC,caulfield,1,1100,good,out_7m_plus,listed,,5,1.0,0.8071774662588908,1.1719276945905888,-0.8791115516773498,very_fast_or_collapse,pace_collapse,18.7325,21.8975,22.96,0.22609649999999715,0.29651999999999895,0.32987850000000285,track_distance_going_rail,12,"{""source_distance"": 74, ""source_distance_going"": 65, ""source_phase_profile"": 74, ""source_phase_profile_going"": 65, ""track_distance"": 40, ""track_distance_going"": 36, ""track_distance_going_rail"": 12, ""track_phase_profile_going"": 36}",2025-04-05
expected-tempo-targets-v2.0-walk-forward,2025-04-05|caulfield|2,2025-04-05,racing-com-rv-authorised,VIC,caulfield,2,1200,good,out_7m_plus,benchmark,,11,1.0,-0.0639327734101035,2.3541284944431897,-0.347994236463029,even,even,24.591428571428573,22.331785714285715,23.165,0.4468980000000006,0.29810849999999933,0.5316179999999991,track_distance_going_rail,8,"{""source_distance"": 131, ""source_distance_going"": 107, ""source_phase_profile"": 457, ""source_phase_profile_going"": 378, ""track_distance"": 45, ""track_distance_going"": 38, ""track_distance_going_rail"": 8, ""track_phase_profile_going"": 148}",2025-04-05
expected-tempo-targets-v2.0-walk-forward,2025-04-05|caulfield|3,2025-04-05,racing-com-rv-authorised,VIC,caulfield,3,1600,good,out_7m_plus,benchmark,,12,1.0,0.8683925864443997,2.601130206100352,-0.31769492294186974,very_fast_or_collapse,fast_early,50.814,23.484,23.630000000000003,1.2713143999999956,0.2994851999999994,0.613796399999999,track_distance_going_rail,5,"{""source_distance"": 104, ""source_distance_going"": 88, ""source_phase_profile"": 457, ""source_phase_profile_going"": 378, ""track_distance"": 30, ""track_distance_going"": 28, ""track_distance_going_rail"": 5, ""track_phase_profile_going"": 148}",2025-04-05
expected-tempo-targets-v2.0-walk-forward,2025-04-05|caulfield|4,2025-04-05,racing-com-rv-authorised,VIC,caulfield,4,1400,good,out_7m_plus,benchmark,,15,1.0,-2.470423986516675,-0.22483025315886507,1.7438053781590106,slow,sprint_home,36.82,23.1325,23.175,0.615279000000004,0.3447045000000025,0.4558994999999988,track_distance_going_rail,12,"{""source_distance"": 120, ""source_distance_going"": 95, ""source_phase_profile"": 457, ""source_phase_profile_going"": 378, ""track_distance"": 64, ""track_distance_going"": 53, ""track_distance_going_rail"": 12, ""track_phase_profile_going"": 148}",2025-04-05
expected-tempo-targets-v2.0-walk-forward,2025-04-05|caulfield|5,2025-04-05,racing-com-rv-authorised,VIC,caulfield,5,2400,good,out_7m_plus,listed,,11,1.0,-3.671456231823422,1.2895923954772752,-0.08265818130840602,slow,very_slow_early,37.6075,23.200000000000003,23.5075,18.7289445,0.589333499999996,0.7561260000000023,track_phase_profile_going,148,"{""source_distance"": 8, ""source_distance_going"": 4, ""source_phase_profile"": 457, ""source_phase_profile_going"": 378, ""track_distance"": 6, ""track_distance_going"": 2, ""track_distance_going_rail"": 0, ""track_phase_profile_going"": 148}",2025-04-05
expected-tempo-targets-v2.0-walk-forward,2025-04-05|caulfield|6,2025-04-05,racing-com-rv-authorised,VIC,caulfield,6,2000,good,out_7m_plus,benchmark,,11,1.0,-0.44729387207395815,1.788866796872704,1.6224237187409896,even,even,76.16,23.39,24.24,1.408470000000004,0.34099800000000063,0.5485620000000014,track_distance_going,19,"{""source_distance"": 49, ""source_distance_going"": 41, ""source_phase_profile"": 457, ""source_phase_profile_going"": 378, ""track_distance"": 25, ""track_distance_going"": 19, ""track_distance_going_rail"": 4, ""track_phase_profile_going"": 148}",2025-04-05
expected-tempo-targets-v2.0-walk-forward,2025-04-05|caulfield|7,2025-04-05,racing-com-rv-authorised,VIC,caulfield,7,1200,good,out_7m_plus,handicap_unspecified,,10,1.0,0.5290436999686098,0.3582109006811742,0.03762099853654242,fast,sustained_high_pressure,24.591428571428573,22.331785714285715,23.165,0.4468980000000006,0.29810849999999933,0.5316179999999991,track_distance_going_rail,8,"{""source_distance"": 131, ""source_distance_going"": 107, ""source_phase_profile"": 457, ""source_phase_profile_going"": 378, ""track_distance"": 45, ""track_distance_going"": 38, ""track_distance_going_rail"": 8, ""track_phase_profile_going"": 148}",2025-04-05
expected-tempo-targets-v2.0-walk-forward,2025-04-05|caulfield|8,2025-04-05,racing-com-rv-authorised,VIC,caulfield,8,2000,good,out_7m_plus,group,3,14,1.0,1.0969349719908716,1.1876902503827014,0.5924580995402496,very_fast_or_collapse,sustained_high_pressure,76.16,23.39,24.24,1.408470000000004,0.34099800000000063,0.5485620000000014,track_distance_going,19,"{""source_distance"": 49, ""source_distance_going"": 41, ""source_phase_profile"": 457, ""source_phase_profile_going"": 378, ""track_distance"": 25, ""track_distance_going"": 19, ""track_distance_going_rail"": 4, ""track_phase_profile_going"": 148}",2025-04-05
expected-tempo-targets-v2.0-walk-forward,2025-04-05|caulfield|9,2025-04-05,racing-com-rv-authorised,VIC,caulfield,9,1400,good,out_7m_plus,group,3,14,1.0,-0.9264089949437516,1.3272237525184505,1.776707366426155,slow,sprint_home,36.82,23.1325,23.175,0.615279000000004,0.3447045000000025,0.4558994999999988,track_distance_going_rail,12,"{""source_distance"": 120, ""source_distance_going"": 95, ""source_phase_profile"": 457, ""source_phase_profile_going"": 378, ""track_distance"": 64, ""track_distance_going"": 53, ""track_distance_going_rail"": 12, ""track_phase_profile_going"": 148}",2025-04-05
expected-tempo-targets-v2.0-walk-forward,2025-04-05|caulfield|10,2025-04-05,racing-com-rv-authorised,VIC,caulfield,10,1400,good,out_7m_plus,benchmark,,13,1.0,-1.2352119932583316,1.573811772112045,-0.29611789440435526,slow,slow_early,36.82,23.1325,23.175,0.615279000000004,0.3447045000000025,0.4558994999999988,track_distance_going_rail,12,"{""source_distance"": 120, ""source_distance_going"": 95, ""source_phase_profile"": 457, ""source_phase_profile_going"": 378, ""track_distance"": 64, ""track_distance_going"": 53, ""track_distance_going_rail"": 12, ""track_phase_profile_going"": 148}",2025-04-05
expected-tempo-targets-v2.0-walk-forward,2025-04-05|randwick|2,2025-04-05,racing-com-nsw-authorised-v2,NSW,randwick,2,2000,soft,true,,,15,1.0,-2.063740383473167,-1.4850132687635886,0.7860606595403967,slow,sprint_home,24.130000000000003,23.1,23.615,0.9933419999999972,0.8821470000000036,0.9859289999999934,track_phase_profile_going,25,"{""source_distance"": 18, ""source_distance_going"": 1, ""source_phase_profile"": 175, ""source_phase_profile_going"": 48, ""track_distance"": 8, ""track_distance_going"": 0, ""track_distance_going_rail"": 0, ""track_phase_profile_going"": 25}",2025-04-05
expected-tempo-targets-v2.0-walk-forward,2025-04-05|randwick|5,2025-04-05,racing-com-nsw-authorised-v2,NSW,randwick,5,1400,soft,true,,,16,1.0,1.6960495796547235,1.5689241579129523,-0.24825007119624654,very_fast_or_collapse,very_fast_early,23.615,23.62,23.615,0.7635390000000061,0.6819960000000013,1.0674720000000035,track_distance_going,13,"{""source_distance"": 53, ""source_distance_going"": 22, ""source_phase_profile"": 175, ""source_phase_profile_going"": 48, ""track_distance"": 28, ""track_distance_going"": 13, ""track_distance_going_rail"": 3, ""track_phase_profile_going"": 25}",2025-04-05
expected-tempo-targets-v2.0-walk-forward,2025-04-05|randwick|6,2025-04-05,racing-com-nsw-authorised-v2,NSW,randwick,6,1400,good,true,,,10,1.0,-0.12476129655058216,-0.6671593381779328,-1.2882773506002945,even,even,22.005000000000003,22.72,22.78,1.2824489999999924,0.6819960000000013,0.7413,track_distance_going,13,"{""source_distance"": 53, ""source_distance_going"": 25, ""source_phase_profile"": 175, ""source_phase_profile_going"": 119, ""track_distance"": 28, ""track_distance_going"": 13, ""track_distance_going_rail"": 4, ""track_phase_profile_going"": 53}",2025-04-05
expected-tempo-targets-v2.0-walk-forward,2025-04-05|randwick|7,2025-04-05,racing-com-nsw-authorised-v2,NSW,randwick,7,1200,good,true,,,13,1.0,-0.4522323653022042,0.6380317995048892,1.409634240800944,even,even,24.273518518518518,22.389814814814816,23.164074074074072,0.7440455555555554,0.3758665555555584,0.6839178888888864,track_distance_going_rail,7,"{""source_distance"": 61, ""source_distance_going"": 41, ""source_phase_profile"": 175, ""source_phase_profile_going"": 119, ""track_distance"": 33, ""track_distance_going"": 21, ""track_distance_going_rail"": 7, ""track_phase_profile_going"": 53}",2025-04-05
expected-tempo-targets-v2.0-walk-forward,2025-04-05|randwick|9,2025-04-05,racing-com-nsw-authorised-v2,NSW,randwick,9,2400,good,true,,,18,1.0,-0.8601064335961237,-0.8431134493457495,-1.5054633751517639,slow,slow_early,23.2,22.54,22.93,1.9125539999999985,0.6523439999999966,0.9266249999999999,track_phase_profile_going,53,"{""source_distance"": 2, ""source_distance_going"": 2, ""source_phase_profile"": 175, ""source_phase_profile_going"": 119, ""track_distance"": 0, ""track_distance_going"": 0, ""track_distance_going_rail"": 0, ""track_phase_profile_going"": 53}",2025-04-05
expected-tempo-targets-v2.0-walk-forward,2025-04-05|randwick|10,2025-04-05,racing-com-nsw-authorised-v2,NSW,randwick,10,1200,good,true,,,10,1.0,-0.9293536885186746,0.9306888565750809,0.7809037937898404,slow,sprint_home,24.273518518518518,22.389814814814816,23.164074074074072,0.7440455555555554,0.3758665555555584,0.6839178888888864,track_distance_going_rail,7,"{""source_distance"": 61, ""source_distance_going"": 41, ""source_phase_profile"": 175, ""source_phase_profile_going"": 119, ""track_distance"": 33, ""track_distance_going"": 21, ""track_distance_going_rail"": 7, ""track_phase_profile_going"": 53}",2025-04-05
expected-tempo-targets-v2.0-walk-forward,2025-04-12|randwick|2,2025-04-12,racing-com-nsw-authorised-v2,NSW,randwick,2,1400,good,out_1_3m,,,11,1.0,-0.3832333860662493,-0.7058624227080641,0.27671415773398966,even,even,22.085,22.8,22.82,0.9785159999999948,0.6375179999999996,0.8673210000000012,track_distance_going,14,"{""source_distance"": 55, ""source_distance_going"": 26, ""source_phase_profile"": 181, ""source_phase_profile_going"": 123, ""track_distance"": 30, ""track_distance_going"": 14, ""track_distance_going_rail"": 3, ""track_phase_profile_going"": 57}",2025-04-12
expected-tempo-targets-v2.0-walk-forward,2025-04-12|randwick|3,2025-04-12,racing-com-nsw-authorised-v2,NSW,randwick,3,1400,good,out_1_3m,,,15,1.0,-0.5160876265692147,0.14117248454161282,0.2075356183004902,slow,slow_early,22.085,22.8,22.82,0.9785159999999948,0.6375179999999996,0.8673210000000012,track_distance_going,14,"{""source_distance"": 55, ""source_distance_going"": 26, ""source_phase_profile"": 181, ""source_phase_profile_going"": 123, ""track_distance"": 30, ""track_distance_going"": 14, ""track_distance_going_rail"": 3, ""track_phase_profile_going"": 57}",2025-04-12
expected-tempo-targets-v2.0-walk-forward,2025-04-12|randwick|4,2025-04-12,racing-com-nsw-authorised-v2,NSW,randwick,4,1200,good,out_1_3m,,,12,1.0,-0.7586618193114402,-0.31110232704540847,0.5299570253030405,slow,slow_early,24.199000000000005,22.231,22.938000000000002,0.8910425999999987,0.3825107999999966,0.6849611999999974,track_distance_going_rail,5,"{""source_distance"": 63, ""source_distance_going"": 43, ""source_phase_profile"": 181, ""source_phase_profile_going"": 123, ""track_distance"": 35, ""track_distance_going"": 23, ""track_distance_going_rail"": 5, ""track_phase_profile_going"": 57}",2025-04-12
expected-tempo-targets-v2.0-walk-forward,2025-04-12|randwick|5,2025-04-12,racing-com-nsw-authorised-v2,NSW,randwick,5,1200,good,out_1_3m,,,7,1.0,-1.3703048541113503,-1.3829674874539517,2.0847896202003993,slow,sprint_home,24.199000000000005,22.231,22.938000000000002,0.8910425999999987,0.3825107999999966,0.6849611999999974,track_distance_going_rail,5,"{""source_distance"": 63, ""source_distance_going"": 43, ""source_phase_profile"": 181, ""source_phase_profile_going"": 123, ""track_distance"": 35, ""track_distance_going"": 23, ""track_distance_going_rail"": 5, ""track_phase_profile_going"": 57}",2025-04-12
expected-tempo-targets-v2.0-walk-forward,2025-04-12|randwick|6,2025-04-12,racing-com-nsw-authorised-v2,NSW,randwick,6,2400,good,out_1_3m,,,9,1.0,-1.421447468318446,-0.8124547784604437,0.2676550632843621,slow,very_slow_early,23.83,22.54,22.93,1.7939460000000012,0.6523440000000018,0.9340380000000037,track_phase_profile_going,57,"{""source_distance"": 3, ""source_distance_going"": 3, ""source_phase_profile"": 181, ""source_phase_profile_going"": 123, ""track_distance"": 1, ""track_distance_going"": 1, ""track_distance_going_rail"": 0, ""track_phase_profile_going"": 57}",2025-04-12
expected-tempo-targets-v2.0-walk-forward,2025-04-12|randwick|8,2025-04-12,racing-com-nsw-authorised-v2,NSW,randwick,8,2000,good,out_1_3m,,,13,1.0,0.3173042949064662,-0.32026658964288773,-0.979050732663224,even,even,23.93629629629629,22.73185185185185,23.220370370370368,1.6901639999999998,0.556249555555556,0.9801633333333373,track_distance_going,7,"{""source_distance"": 19, ""source_distance_going"": 15, ""source_phase_profile"": 181, ""source_phase_profile_going"": 123, ""track_distance"": 9, ""track_distance_going"": 7, ""track_distance_going_rail"": 3, ""track_phase_profile_going"": 57}",2025-04-12
expected-tempo-targets-v2.0-walk-forward,2025-04-12|randwick|10,2025-04-12,racing-com-nsw-authorised-v2,NSW,randwick,10,1200,good,out_1_3m,,,11,1.0,-0.5734854876747716,-0.33724537973829477,0.581054810111879,slow,slow_early,24.199000000000005,22.231,22.938000000000002,0.8910425999999987,0.3825107999999966,0.6849611999999974,track_distance_going_rail,5,"{""source_distance"": 63, ""source_distance_going"": 43, ""source_phase_profile"": 181, ""source_phase_profile_going"": 123, ""track_distance"": 35, ""track_distance_going"": 23, ""track_distance_going_rail"": 5, ""track_phase_profile_going"": 57}",2025-04-12
expected-tempo-targets-v2.0-walk-forward,2025-04-19|randwick|1,2025-04-19,racing-com-nsw-authorised-v2,NSW,randwick,1,1400,soft,out_7m_plus,,,15,0.9333333333333333,0.5627213257551756,0.29713667518110026,-0.11699548680094665,fast,fast_early,23.31586206896552,23.735862068965517,23.897241379310344,0.8900712413793113,0.726473999999997,0.8783126896551735,track_distance_going_rail,9,"{""source_distance"": 57, ""source_distance_going"": 23, ""source_phase_profile"": 188, ""source_phase_profile_going"": 50, ""track_distance"": 32, ""track_distance_going"": 14, ""track_distance_going_rail"": 9, ""track_phase_profile_going"": 27}",2025-04-19
expected-tempo-targets-v2.0-walk-forward,2025-04-19|randwick|2,2025-04-19,racing-com-nsw-authorised-v2,NSW,randwick,2,1400,soft,out_7m_plus,,,15,1.0,0.6245141322666726,0.5999692610685557,-0.07145361945561296,fast,fast_early,23.31586206896552,23.735862068965517,23.897241379310344,0.8900712413793113,0.726473999999997,0.8783126896551735,track_distance_going_rail,9,"{""source_distance"": 57, ""source_distance_going"": 23, ""source_phase_profile"": 188, ""source_phase_profile_going"": 50, ""track_distance"": 32, ""track_distance_going"": 14, ""track_distance_going_rail"": 9, ""track_phase_profile_going"": 27}",2025-04-19
expected-tempo-targets-v2.0-walk-forward,2025-04-19|randwick|3,2025-04-19,racing-com-nsw-authorised-v2,NSW,randwick,3,2000,soft,out_7m_plus,,,8,1.0,-1.8346148657763381,-1.082586008907806,0.4716363957242387,slow,very_slow_early,24.130000000000003,23.1,23.615,1.11195,0.8821470000000036,0.9859289999999934,track_phase_profile_going,27,"{""source_distance"": 20, ""source_distance_going"": 2, ""source_phase_profile"": 188, ""source_phase_profile_going"": 50, ""track_distance"": 10, ""track_distance_going"": 1, ""track_distance_going_rail"": 0, ""track_phase_profile_going"": 27}",2025-04-19
expected-tempo-targets-v2.0-walk-forward,2025-04-19|randwick|4,2025-04-19,racing-com-nsw-authorised-v2,NSW,randwick,4,1400,soft,out_7m_plus,,,10,1.0,0.47845840778494886,0.7032076426211001,0.8507691942874165,even,even,23.31586206896552,23.735862068965517,23.897241379310344,0.8900712413793113,0.726473999999997,0.8783126896551735,track_distance_going_rail,9,"{""source_distance"": 57, ""source_distance_going"": 23, ""source_phase_profile"": 188, ""source_phase_profile_going"": 50, ""track_distance"": 32, ""track_distance_going"": 14, ""track_distance_going_rail"": 9, ""track_phase_profile_going"": 27}",2025-04-19
expected-tempo-targets-v2.0-walk-forward,2025-04-19|randwick|5,2025-04-19,racing-com-nsw-authorised-v2,NSW,randwick,5,1200,soft,out_7m_plus,,,14,1.0,-1.2060430798588149,0.8956352707804107,0.8104991842270187,slow,sprint_home,24.64,22.5325,23.564999999999998,0.5596814999999966,0.22609649999999715,0.9006794999999972,track_distance_going,12,"{""source_distance"": 66, ""source_distance_going"": 20, ""source_phase_profile"": 188, ""source_phase_profile_going"": 50, ""track_distance"": 38, ""track_distance_going"": 12, ""track_distance_going_rail"": 4, ""track_phase_profile_going"": 27}",2025-04-19
expected-tempo-targets-v2.0-walk-forward,2025-04-19|randwick|6,2025-04-19,racing-com-nsw-authorised-v2,NSW,randwick,6,2000,soft,out_7m_plus,,,11,1.0,-0.09892531138990011,0.1133597915086726,-0.5223499866623332,even,even,24.130000000000003,23.1,23.615,1.11195,0.8821470000000036,0.9859289999999934,track_phase_profile_going,27,"{""source_distance"": 20, ""source_distance_going"": 2, ""source_phase_profile"": 188, ""source_phase_profile_going"": 50, ""track_distance"": 10, ""track_distance_going"": 1, ""track_distance_going_rail"": 0, ""track_phase_profile_going"": 27}",2025-04-19
expected-tempo-targets-v2.0-walk-forward,2025-04-19|randwick|8,2025-04-19,racing-com-nsw-authorised-v2,NSW,randwick,8,1400,soft,out_7m_plus,,,14,1.0,0.8548327747186153,0.8477413767946574,0.7369145259240782,very_fast_or_collapse,sustained_high_pressure,23.31586206896552,23.735862068965517,23.897241379310344,0.8900712413793113,0.726473999999997,0.8783126896551735,track_distance_going_rail,9,"{""source_distance"": 57, ""source_distance_going"": 23, ""source_phase_profile"": 188, ""source_phase_profile_going"": 50, ""track_distance"": 32, ""track_distance_going"": 14, ""track_distance_going_rail"": 9, ""track_phase_profile_going"": 27}",2025-04-19
expected-tempo-targets-v2.0-walk-forward,2025-04-19|randwick|9,2025-04-19,racing-com-nsw-authorised-v2,NSW,randwick,9,1200,soft,out_7m_plus,,,9,1.0,-0.4824172319435272,0.011057225565180167,0.7938450914004355,even,even,24.64,22.5325,23.564999999999998,0.5596814999999966,0.22609649999999715,0.9006794999999972,track_distance_going,12,"{""source_distance"": 66, ""source_distance_going"": 20, ""source_phase_profile"": 188, ""source_phase_profile_going"": 50, ""track_distance"": 38, ""track_distance_going"": 12, ""track_distance_going_rail"": 4, ""track_phase_profile_going"": 27}",2025-04-19
expected-tempo-targets-v2.0-walk-forward,2025-04-19|randwick|10,2025-04-19,racing-com-nsw-authorised-v2,NSW,randwick,10,1400,soft,out_7m_plus,,,14,1.0,0.7818049124777573,1.5841751652027751,-0.5610286934179602,very_fast_or_collapse,fast_early,23.31586206896552,23.735862068965517,23.897241379310344,0.8900712413793113,0.726473999999997,0.8783126896551735,track_distance_going_rail,9,"{""source_distance"": 57, ""source_distance_going"": 23, ""source_phase_profile"": 188, ""source_phase_profile_going"": 50, ""track_distance"": 32, ""track_distance_going"": 14, ""track_distance_going_rail"": 9, ""track_phase_profile_going"": 27}",2025-04-19
expected-tempo-targets-v2.0-walk-forward,2025-04-26|randwick|3,2025-04-26,racing-com-nsw-authorised-v2,NSW,randwick,3,1000,soft,out_7m_plus,,,13,1.0,-1.0211040664298503,-3.3724537973829567,-0.8689385459923706,slow,slow_early,13.5275,21.675,23.105,0.26686799999999955,0.185325,0.8228429999999995,track_distance,10,"{""source_distance"": 10, ""source_distance_going"": 3, ""source_phase_profile"": 10, ""source_phase_profile_going"": 3, ""track_distance"": 10, ""track_distance_going"": 3, ""track_distance_going_rail"": 0, ""track_phase_profile_going"": 3}",2025-04-26
expected-tempo-targets-v2.0-walk-forward,2025-04-26|randwick|4,2025-04-26,racing-com-nsw-authorised-v2,NSW,randwick,4,1000,soft,out_7m_plus,,,9,1.0,-1.1709909018690907,-1.0522055847834708,-0.46788998630358186,slow,slow_early,13.5275,21.675,23.105,0.26686799999999955,0.185325,0.8228429999999995,track_distance,10,"{""source_distance"": 10, ""source_distance_going"": 3, ""source_phase_profile"": 10, ""source_phase_profile_going"": 3, ""track_distance"": 10, ""track_distance_going"": 3, ""track_distance_going_rail"": 0, ""track_phase_profile_going"": 3}",2025-04-26
expected-tempo-targets-v2.0-walk-forward,2025-04-26|randwick|6,2025-04-26,racing-com-nsw-authorised-v2,NSW,randwick,6,1200,soft,out_7m_plus,,,8,1.0,-2.736891244283676,-2.947668127584981,-0.3043924501017709,slow,very_slow_early,24.84,22.5175,23.29807692307692,0.484125923076929,0.2010063461538444,0.8604782307692285,track_distance_going_rail,6,"{""source_distance"": 68, ""source_distance_going"": 22, ""source_phase_profile"": 197, ""source_phase_profile_going"": 59, ""track_distance"": 40, ""track_distance_going"": 14, ""track_distance_going_rail"": 6, ""track_phase_profile_going"": 36}",2025-04-26
expected-tempo-targets-v2.0-walk-forward,2025-04-26|randwick|7,2025-04-26,racing-com-nsw-authorised-v2,NSW,randwick,7,1200,soft,out_7m_plus,,,13,1.0,-0.5990177062960557,-4.0,-0.9203290084574677,slow,slow_early,24.84,22.5175,23.29807692307692,0.484125923076929,0.2010063461538444,0.8604782307692285,track_distance_going_rail,6,"{""source_distance"": 68, ""source_distance_going"": 22, ""source_phase_profile"": 197, ""source_phase_profile_going"": 59, ""track_distance"": 40, ""track_distance_going"": 14, ""track_distance_going_rail"": 6, ""track_phase_profile_going"": 36}",2025-04-26
expected-tempo-targets-v2.0-walk-forward,2025-04-26|randwick|9,2025-04-26,racing-com-nsw-authorised-v2,NSW,randwick,9,1400,soft,out_7m_plus,,,12,1.0,-0.6744907594765952,0.259103157603819,-1.5599953878397177,slow,slow_early,22.8525,23.6125,24.035,0.4336605000000006,0.6078659999999976,0.6634635000000023,track_distance_going_rail,14,"{""source_distance"": 62, ""source_distance_going"": 28, ""source_phase_profile"": 197, ""source_phase_profile_going"": 59, ""track_distance"": 37, ""track_distance_going"": 19, ""track_distance_going_rail"": 14, ""track_phase_profile_going"": 36}",2025-04-26
expected-tempo-targets-v2.0-walk-forward,2025-04-26|the-valley|1,2025-04-26,racing-com-rv-authorised,VIC,the-valley,1,1000,soft,out_4_6m,,,4,1.0,0.2669859256261538,-1.5931936904878101,-0.8256697228075596,even,even,13.66,22.08,23.68,0.3558240000000003,0.429954000000004,0.4299539999999987,source_distance_going,11,"{""source_distance"": 47, ""source_distance_going"": 11, ""source_phase_profile"": 47, ""source_phase_profile_going"": 11, ""track_distance"": 14, ""track_distance_going"": 4, ""track_distance_going_rail"": 1, ""track_phase_profile_going"": 4}",2025-04-26
expected-tempo-targets-v2.0-walk-forward,2025-04-26|the-valley|2,2025-04-26,racing-com-rv-authorised,VIC,the-valley,2,1200,soft,out_4_6m,,,6,1.0,1.434979090786457,0.18912074533682888,0.301635619144812,very_fast_or_collapse,very_fast_early,25.240344827586206,23.59896551724138,24.911206896551725,0.6134896551724133,0.5761690344827562,0.6173239655172419,track_distance_going,9,"{""source_distance"": 133, ""source_distance_going"": 24, ""source_phase_profile"": 466, ""source_phase_profile_going"": 79, ""track_distance"": 40, ""track_distance_going"": 9, ""track_distance_going_rail"": 3, ""track_phase_profile_going"": 14}",2025-04-26
expected-tempo-targets-v2.0-walk-forward,2025-04-26|the-valley|3,2025-04-26,racing-com-rv-authorised,VIC,the-valley,3,1200,soft,out_4_6m,,,8,1.0,0.37546652277530695,-0.38362784101552944,0.6661119922781295,even,even,25.240344827586206,23.59896551724138,24.911206896551725,0.6134896551724133,0.5761690344827562,0.6173239655172419,track_distance_going,9,"{""source_distance"": 133, ""source_distance_going"": 24, ""source_phase_profile"": 466, ""source_phase_profile_going"": 79, ""track_distance"": 40, ""track_distance_going"": 9, ""track_distance_going_rail"": 3, ""track_phase_profile_going"": 14}",2025-04-26
expected-tempo-targets-v2.0-walk-forward,2025-04-26|the-valley|4,2025-04-26,racing-com-rv-authorised,VIC,the-valley,4,1000,soft,out_4_6m,,,7,1.0,0.05620756328971502,-1.3954981230550147,-0.32561622871284135,even,even,13.66,22.08,23.68,0.3558240000000003,0.429954000000004,0.4299539999999987,source_distance_going,11,"{""source_distance"": 47, ""source_distance_going"": 11, ""source_phase_profile"": 47, ""source_phase_profile_going"": 11, ""track_distance"": 14, ""track_distance_going"": 4, ""track_distance_going_rail"": 1, ""track_phase_profile_going"": 4}",2025-04-26
expected-tempo-targets-v2.0-walk-forward,2025-04-26|the-valley|6,2025-04-26,racing-com-rv-authorised,VIC,the-valley,6,1200,soft,out_4_6m,,,9,1.0,0.3265659427132519,0.6403772073114082,-0.6945998007529134,even,even,25.240344827586206,23.59896551724138,24.911206896551725,0.6134896551724133,0.5761690344827562,0.6173239655172419,track_distance_going,9,"{""source_distance"": 133, ""source_distance_going"": 24, ""source_phase_profile"": 466, ""source_phase_profile_going"": 79, ""track_distance"": 40, ""track_distance_going"": 9, ""track_distance_going_rail"": 3, ""track_phase_profile_going"": 14}",2025-04-26
expected-tempo-targets-v2.0-walk-forward,2025-05-03|caulfield|1,2025-05-03,racing-com-rv-authorised,VIC,caulfield,1,1400,good,true,handicap_unspecified,,5,1.0,1.1241512657943127,-1.8999014522661302,-2.2977651872836007,very_fast_or_collapse,pace_collapse,37.192499999999995,23.1875,23.4225,0.9451575000000042,0.4855515000000008,0.555975,track_distance_going_rail,16,"{""source_distance"": 123, ""source_distance_going"": 98, ""source_phase_profile"": 469, ""source_phase_profile_going"": 387, ""track_distance"": 67, ""track_distance_going"": 56, ""track_distance_going_rail"": 16, ""track_phase_profile_going"": 157}",2025-05-03
expected-tempo-targets-v2.0-walk-forward,2025-05-03|caulfield|2,2025-05-03,racing-com-rv-authorised,VIC,caulfield,2,1100,good,true,benchmark,,6,1.0,-0.9918981757008722,-0.149886835439248,-0.13851149524966921,slow,slow_early,18.82,22.104999999999997,23.112499999999997,0.37806300000000115,0.6004530000000042,0.41512799999999905,track_distance_going_rail,12,"{""source_distance"": 75, ""source_distance_going"": 66, ""source_phase_profile"": 75, ""source_phase_profile_going"": 66, ""track_distance"": 41, ""track_distance_going"": 37, ""track_distance_going_rail"": 12, ""track_phase_profile_going"": 37}",2025-05-03
expected-tempo-targets-v2.0-walk-forward,2025-05-03|caulfield|3,2025-05-03,racing-com-rv-authorised,VIC,caulfield,3,1100,good,true,handicap_unspecified,,7,1.0,-0.13225309009345151,-0.3081007172917797,-0.403490007901188,even,even,18.82,22.104999999999997,23.112499999999997,0.37806300000000115,0.6004530000000042,0.41512799999999905,track_distance_going_rail,12,"{""source_distance"": 75, ""source_distance_going"": 66, ""source_phase_profile"": 75, ""source_phase_profile_going"": 66, ""track_distance"": 41, ""track_distance_going"": 37, ""track_distance_going_rail"": 12, ""track_phase_profile_going"": 37}",2025-05-03
expected-tempo-targets-v2.0-walk-forward,2025-05-03|caulfield|4,2025-05-03,racing-com-rv-authorised,VIC,caulfield,4,1400,good,true,handicap_unspecified,,7,1.0,-1.753675974639146,0.03604149096439464,1.317505283510946,slow,sprint_home,37.192499999999995,23.1875,23.4225,0.9451575000000042,0.4855515000000008,0.555975,track_distance_going_rail,16,"{""source_distance"": 123, ""source_distance_going"": 98, ""source_phase_profile"": 469, ""source_phase_profile_going"": 387, ""track_distance"": 67, ""track_distance_going"": 56, ""track_distance_going_rail"": 16, ""track_phase_profile_going"": 157}",2025-05-03
expected-tempo-targets-v2.0-walk-forward,2025-05-03|caulfield|5,2025-05-03,racing-com-rv-authorised,VIC,caulfield,5,1000,good,true,benchmark,,9,1.0,-1.497184211380755,-2.0309785348945306,1.3498632062204843,slow,sprint_home,13.621600000000003,21.592400000000005,22.742400000000004,0.2660995199999997,0.37302216000000166,0.4536756000000019,track_distance_going,5,"{""source_distance"": 49, ""source_distance_going"": 36, ""source_phase_profile"": 49, ""source_phase_profile_going"": 36, ""track_distance"": 8, ""track_distance_going"": 5, ""track_distance_going_rail"": 0, ""track_phase_profile_going"": 5}",2025-05-03
expected-tempo-targets-v2.0-walk-forward,2025-05-03|caulfield|6,2025-05-03,racing-com-rv-authorised,VIC,caulfield,6,2000,good,true,benchmark,,9,1.0,-0.08416477315470504,0.1942362630138195,0.7021185810542071,even,even,76.07576923076923,23.309999999999995,24.09826923076923,1.476042346153852,0.3603858461538481,0.7239079615384639,track_distance_going_rail,6,"{""source_distance"": 51, ""source_distance_going"": 43, ""source_phase_profile"": 469, ""source_phase_profile_going"": 387, ""track_distance"": 27, ""track_distance_going"": 21, ""track_distance_going_rail"": 6, ""track_phase_profile_going"": 157}",2025-05-03
expected-tempo-targets-v2.0-walk-forward,2025-05-03|caulfield|7,2025-05-03,racing-com-rv-authorised,VIC,caulfield,7,2000,good,true,handicap_unspecified,,13,1.0,0.5933225649326584,-1.3874018786702138,-0.08527433390783407,fast,fast_early,76.07576923076923,23.309999999999995,24.09826923076923,1.476042346153852,0.3603858461538481,0.7239079615384639,track_distance_going_rail,6,"{""source_distance"": 51, ""source_distance_going"": 43, ""source_phase_profile"": 469, ""source_phase_profile_going"": 387, ""track_distance"": 27, ""track_distance_going"": 21, ""track_distance_going_rail"": 6, ""track_phase_profile_going"": 157}",2025-05-03
expected-tempo-targets-v2.0-walk-forward,2025-05-03|caulfield|8,2025-05-03,racing-com-rv-authorised,VIC,caulfield,8,1600,good,true,listed,,8,1.0,1.4504293161102324,1.8379873195736773,-1.731192949323248,very_fast_or_collapse,pace_collapse,49.9925,23.432499999999997,24.240000000000002,0.9117990000000029,0.1482600000000021,0.2223900000000005,track_distance_going_rail,12,"{""source_distance"": 105, ""source_distance_going"": 89, ""source_phase_profile"": 469, ""source_phase_profile_going"": 387, ""track_distance"": 31, ""track_distance_going"": 29, ""track_distance_going_rail"": 12, ""track_phase_profile_going"": 157}",2025-05-03
expected-tempo-targets-v2.0-walk-forward,2025-05-03|caulfield|9,2025-05-03,racing-com-rv-authorised,VIC,caulfield,9,1400,good,true,benchmark,,12,1.0,0.4734660625345394,-0.0978269040462224,-0.8498583569405166,even,even,37.192499999999995,23.1875,23.4225,0.9451575000000042,0.4855515000000008,0.555975,track_distance_going_rail,16,"{""source_distance"": 123, ""source_distance_going"": 98, ""source_phase_profile"": 469, ""source_phase_profile_going"": 387, ""track_distance"": 67, ""track_distance_going"": 56, ""track_distance_going_rail"": 16, ""track_phase_profile_going"": 157}",2025-05-03
expected-tempo-targets-v2.0-walk-forward,2025-05-10|caulfield|1,2025-05-10,racing-com-rv-authorised,VIC,caulfield,1,1100,good,out_4_6m,handicap_unspecified,,8,1.0,0.3815301265726155,0.2146106961970932,0.16237740505917492,even,even,19.16,22.29,22.75,0.7338870000000014,0.4892579999999974,0.4003019999999993,track_distance_going_rail,11,"{""source_distance"": 77, ""source_distance_going"": 68, ""source_phase_profile"": 77, ""source_phase_profile_going"": 68, ""track_distance"": 43, ""track_distance_going"": 39, ""track_distance_going_rail"": 11, ""track_phase_profile_going"": 39}",2025-05-10
expected-tempo-targets-v2.0-walk-forward,2025-05-10|caulfield|2,2025-05-10,racing-com-rv-authorised,VIC,caulfield,2,2400,good,out_4_6m,benchmark,,8,1.0,-3.3855015854660215,-0.5901794145420141,-1.3702812271471991,slow,very_slow_early,37.67,23.17,23.509999999999998,18.777129,0.5930400000000031,0.7042349999999968,track_phase_profile_going,163,"{""source_distance"": 9, ""source_distance_going"": 5, ""source_phase_profile"": 475, ""source_phase_profile_going"": 393, ""track_distance"": 7, ""track_distance_going"": 3, ""track_distance_going_rail"": 1, ""track_phase_profile_going"": 163}",2025-05-10
expected-tempo-targets-v2.0-walk-forward,2025-05-10|caulfield|3,2025-05-10,racing-com-rv-authorised,VIC,caulfield,3,2000,good,out_4_6m,benchmark,,12,1.0,-0.936659505668947,-0.25727998041890926,1.8266679571051208,slow,sprint_home,76.32592592592593,23.353518518518516,24.136296296296294,1.6217996666666734,0.4527421111111119,0.594687333333334,track_distance_going_rail,7,"{""source_distance"": 53, ""source_distance_going"": 45, ""source_phase_profile"": 475, ""source_phase_profile_going"": 393, ""track_distance"": 29, ""track_distance_going"": 23, ""track_distance_going_rail"": 7, ""track_phase_profile_going"": 163}",2025-05-10
expected-tempo-targets-v2.0-walk-forward,2025-05-10|caulfield|4,2025-05-10,racing-com-rv-authorised,VIC,caulfield,4,1400,good,out_4_6m,benchmark,,13,1.0,-0.43011004952132015,-0.0634814832448551,0.34259848100398765,even,even,37.41,23.29,23.43,0.5114969999999983,0.6301049999999957,0.4670189999999966,track_distance_going_rail,21,"{""source_distance"": 126, ""source_distance_going"": 101, ""source_phase_profile"": 475, ""source_phase_profile_going"": 393, ""track_distance"": 70, ""track_distance_going"": 59, ""track_distance_going_rail"": 21, ""track_phase_profile_going"": 163}",2025-05-10
expected-tempo-targets-v2.0-walk-forward,2025-05-10|caulfield|5,2025-05-10,racing-com-rv-authorised,VIC,caulfield,5,1400,good,out_4_6m,benchmark,,10,1.0,-0.20527979636245047,-0.2936018600074647,0.34259848100398005,even,even,37.41,23.29,23.43,0.5114969999999983,0.6301049999999957,0.4670189999999966,track_distance_going_rail,21,"{""source_distance"": 126, ""source_distance_going"": 101, ""source_phase_profile"": 475, ""source_phase_profile_going"": 393, ""track_distance"": 70, ""track_distance_going"": 59, ""track_distance_going_rail"": 21, ""track_phase_profile_going"": 163}",2025-05-10
expected-tempo-targets-v2.0-walk-forward,2025-05-10|caulfield|6,2025-05-10,racing-com-rv-authorised,VIC,caulfield,6,1600,good,out_4_6m,handicap_unspecified,,13,1.0,0.7953900465525869,2.2857742404484633,-1.6719770939138094,very_fast_or_collapse,pace_collapse,50.465,23.87,23.87,0.7857780000000016,0.26686799999999955,0.5263230000000007,track_distance_going_rail,11,"{""source_distance"": 106, ""source_distance_going"": 90, ""source_phase_profile"": 475, ""source_phase_profile_going"": 393, ""track_distance"": 32, ""track_distance_going"": 30, ""track_distance_going_rail"": 11, ""track_phase_profile_going"": 163}",2025-05-10
expected-tempo-targets-v2.0-walk-forward,2025-05-10|caulfield|7,2025-05-10,racing-com-rv-authorised,VIC,caulfield,7,1600,good,out_4_6m,benchmark,,12,1.0,0.10180992595872897,1.1241512657943298,-0.12349830807317493,even,even,50.465,23.87,23.87,0.7857780000000016,0.26686799999999955,0.5263230000000007,track_distance_going_rail,11,"{""source_distance"": 106, ""source_distance_going"": 90, ""source_phase_profile"": 475, ""source_phase_profile_going"": 393, ""track_distance"": 32, ""track_distance_going"": 30, ""track_distance_going_rail"": 11, ""track_phase_profile_going"": 163}",2025-05-10
expected-tempo-targets-v2.0-walk-forward,2025-05-10|caulfield|8,2025-05-10,racing-com-rv-authorised,VIC,caulfield,8,1400,good,out_4_6m,benchmark,,11,1.0,0.11730274077852923,0.9998333611064875,-0.06423721518825007,even,even,37.41,23.29,23.43,0.5114969999999983,0.6301049999999957,0.4670189999999966,track_distance_going_rail,21,"{""source_distance"": 126, ""source_distance_going"": 101, ""source_phase_profile"": 475, ""source_phase_profile_going"": 393, ""track_distance"": 70, ""track_distance_going"": 59, ""track_distance_going_rail"": 21, ""track_phase_profile_going"": 163}",2025-05-10
expected-tempo-targets-v2.0-walk-forward,2025-05-10|caulfield|9,2025-05-10,racing-com-rv-authorised,VIC,caulfield,9,1200,good,out_4_6m,benchmark,,14,1.0,-0.2834816235481314,1.207809034411572,0.7219901087355075,even,even,24.66,22.43,23.3,0.5114970000000035,0.3187589999999998,0.5263230000000007,track_distance_going_rail,19,"{""source_distance"": 136, ""source_distance_going"": 109, ""source_phase_profile"": 475, ""source_phase_profile_going"": 393, ""track_distance"": 47, ""track_distance_going"": 40, ""track_distance_going_rail"": 19, ""track_phase_profile_going"": 163}",2025-05-10
expected-tempo-targets-v2.0-walk-forward,2025-05-17|flemington|1,2025-05-17,racing-com-rv-authorised,VIC,flemington,1,1100,soft,out_4_6m,handicap_unspecified,,9,1.0,0.32836247220563647,0.3590234548112383,-0.1412996817325487,even,even,19.601451843043996,22.054910344827586,24.158362663495843,0.40032541526754,0.45933028223543193,0.5777602292033301,track_distance_going,5,"{""source_distance"": 78, ""source_distance_going"": 9, ""source_phase_profile"": 78, ""source_phase_profile_going"": 9, ""track_distance"": 33, ""track_distance_going"": 5, ""track_distance_going_rail"": 0, ""track_phase_profile_going"": 5}",2025-05-17
expected-tempo-targets-v2.0-walk-forward,2025-05-17|flemington|2,2025-05-17,racing-com-rv-authorised,VIC,flemington,2,1400,soft,out_4_6m,handicap_unspecified,,12,1.0,-0.013356252662909828,-0.20753561830049083,-0.4382284595469364,even,even,37.46,23.215,24.4575,0.3743564999999966,0.33729150000000135,0.6560505000000011,track_distance_going,10,"{""source_distance"": 129, ""source_distance_going"": 25, ""source_phase_profile"": 483, ""source_phase_profile_going"": 82, ""track_distance"": 42, ""track_distance_going"": 10, ""track_distance_going_rail"": 2, ""track_phase_profile_going"": 26}",2025-05-17
expected-tempo-targets-v2.0-walk-forward,2025-05-17|flemington|3,2025-05-17,racing-com-rv-authorised,VIC,flemington,3,1200,soft,out_4_6m,benchmark,,12,1.0,0.6715247113165291,0.4103108783554623,0.1277627242754164,fast,sustained_high_pressure,34.07928571428572,22.816785714285714,24.07464285714286,12.522675,0.6867614999999987,0.7407704999999967,track_distance_going,8,"{""source_distance"": 137, ""source_distance_going"": 27, ""source_phase_profile"": 483, ""source_phase_profile_going"": 82, ""track_distance"": 39, ""track_distance_going"": 8, ""track_distance_going_rail"": 2, ""track_phase_profile_going"": 26}",2025-05-17
expected-tempo-targets-v2.0-walk-forward,2025-05-17|flemington|4,2025-05-17,racing-com-rv-authorised,VIC,flemington,4,1400,soft,out_4_6m,handicap_unspecified,,10,1.0,1.2554877503128976,0.6819027458444684,0.156237972534125,very_fast_or_collapse,sustained_high_pressure,37.46,23.215,24.4575,0.3743564999999966,0.33729150000000135,0.6560505000000011,track_distance_going,10,"{""source_distance"": 129, ""source_distance_going"": 25, ""source_phase_profile"": 483, ""source_phase_profile_going"": 82, ""track_distance"": 42, ""track_distance_going"": 10, ""track_distance_going_rail"": 2, ""track_phase_profile_going"": 26}",2025-05-17
expected-tempo-targets-v2.0-walk-forward,2025-05-17|flemington|5,2025-05-17,racing-com-rv-authorised,VIC,flemington,5,2000,soft,out_4_6m,handicap_unspecified,,17,1.0,-2.2067484873422467,-1.1392116655274573,-1.6609001705688549,slow,very_slow_early,37.46,23.0475,24.3425,17.487267000000003,0.7746584999999986,0.9377444999999951,track_phase_profile_going,26,"{""source_distance"": 54, ""source_distance_going"": 8, ""source_phase_profile"": 483, ""source_phase_profile_going"": 82, ""track_distance"": 24, ""track_distance_going"": 2, ""track_distance_going_rail"": 0, ""track_phase_profile_going"": 26}",2025-05-17
expected-tempo-targets-v2.0-walk-forward,2025-05-17|flemington|6,2025-05-17,racing-com-rv-authorised,VIC,flemington,6,1200,soft,out_4_6m,listed,,15,1.0,0.6978769084309636,0.9854741628436002,-0.12872697125107352,fast,fast_early,34.07928571428572,22.816785714285714,24.07464285714286,12.522675,0.6867614999999987,0.7407704999999967,track_distance_going,8,"{""source_distance"": 137, ""source_distance_going"": 27, ""source_phase_profile"": 483, ""source_phase_profile_going"": 82, ""track_distance"": 39, ""track_distance_going"": 8, ""track_distance_going_rail"": 2, ""track_phase_profile_going"": 26}",2025-05-17
expected-tempo-targets-v2.0-walk-forward,2025-05-17|flemington|8,2025-05-17,racing-com-rv-authorised,VIC,flemington,8,1600,soft,out_4_6m,benchmark,,11,1.0,-0.7529232070239934,0.396588987331729,-0.33600550701866955,slow,slow_early,40.074000000000005,23.163999999999998,24.389000000000003,14.139556200000005,0.6908915999999985,0.8065343999999964,track_distance_going,5,"{""source_distance"": 108, ""source_distance_going"": 16, ""source_phase_profile"": 483, ""source_phase_profile_going"": 82, ""track_distance"": 41, ""track_distance_going"": 5, ""track_distance_going_rail"": 1, ""track_phase_profile_going"": 26}",2025-05-17
expected-tempo-targets-v2.0-walk-forward,2025-05-24|randwick|1,2025-05-24,racing-com-nsw-authorised-v2,NSW,randwick,1,1200,heavy,out_7m_plus,,,9,1.0,-2.0547650302668776,-3.0958159114675343,-1.5095876079630601,slow,very_slow_early,24.463571428571427,22.933214285714286,23.552857142857146,0.9472755000000006,0.48025650000000264,1.3030994999999983,source_phase_profile_going,8,"{""source_distance"": 70, ""source_distance_going"": 0, ""source_phase_profile"": 200, ""source_phase_profile_going"": 8, ""track_distance"": 42, ""track_distance_going"": 0, ""track_distance_going_rail"": 0, ""track_phase_profile_going"": 3}",2025-05-24
expected-tempo-targets-v2.0-walk-forward,2025-05-24|randwick|2,2025-05-24,racing-com-nsw-authorised-v2,NSW,randwick,2,1400,heavy,out_7m_plus,,,11,0.9090909090909091,-1.0719915528741455,-2.321538088032864,-0.7951258294822339,slow,slow_early,23.214395604395598,23.530054945054943,24.17598901098901,1.4557991538461525,0.6934820769230763,1.8097902692307706,source_distance_going,6,"{""source_distance"": 63, ""source_distance_going"": 6, ""source_phase_profile"": 200, ""source_phase_profile_going"": 8, ""track_distance"": 38, ""track_distance_going"": 2, ""track_distance_going_rail"": 1, ""track_phase_profile_going"": 3}",2025-05-24
expected-tempo-targets-v2.0-walk-forward,2025-05-24|randwick|3,2025-05-24,racing-com-nsw-authorised-v2,NSW,randwick,3,1200,heavy,out_7m_plus,,,12,0.9166666666666666,-1.4108129804144334,-3.4289712149355682,-2.484187014992222,slow,very_slow_early,24.463571428571427,22.933214285714286,23.552857142857146,0.9472755000000006,0.48025650000000264,1.3030994999999983,source_phase_profile_going,8,"{""source_distance"": 70, ""source_distance_going"": 0, ""source_phase_profile"": 200, ""source_phase_profile_going"": 8, ""track_distance"": 42, ""track_distance_going"": 0, ""track_distance_going_rail"": 0, ""track_phase_profile_going"": 3}",2025-05-24
expected-tempo-targets-v2.0-walk-forward,2025-05-24|randwick|7,2025-05-24,racing-com-nsw-authorised-v2,NSW,randwick,7,2000,heavy,out_7m_plus,,,10,1.0,-1.6445590298249761,-4.0,-3.0097434021030445,slow,very_slow_early,24.24214285714286,23.520714285714284,24.32071428571429,1.418530500000001,0.8032515000000003,1.6128570000000009,source_phase_profile_going,8,"{""source_distance"": 22, ""source_distance_going"": 2, ""source_phase_profile"": 200, ""source_phase_profile_going"": 8, ""track_distance"": 12, ""track_distance_going"": 1, ""track_distance_going_rail"": 0, ""track_phase_profile_going"": 3}",2025-05-24
expected-tempo-targets-v2.0-walk-forward,2025-05-24|randwick|9,2025-05-24,racing-com-nsw-authorised-v2,NSW,randwick,9,1400,heavy,out_7m_plus,,,11,1.0,-0.9723899013572336,-2.638777721645489,-1.3891173092004399,slow,slow_early,23.214395604395598,23.530054945054943,24.17598901098901,1.4557991538461525,0.6934820769230763,1.8097902692307706,source_distance_going,6,"{""source_distance"": 63, ""source_distance_going"": 6, ""source_phase_profile"": 200, ""source_phase_profile_going"": 8, ""track_distance"": 38, ""track_distance_going"": 2, ""track_distance_going_rail"": 1, ""track_phase_profile_going"": 3}",2025-05-24
expected-tempo-targets-v2.0-walk-forward,2025-05-24|randwick|10,2025-05-24,racing-com-nsw-authorised-v2,NSW,randwick,10,1400,heavy,out_7m_plus,,,10,0.9,-1.2196767602957737,-2.23501818795669,-1.786953463058218,slow,slow_early,23.214395604395598,23.530054945054943,24.17598901098901,1.4557991538461525,0.6934820769230763,1.8097902692307706,source_distance_going,6,"{""source_distance"": 63, ""source_distance_going"": 6, ""source_phase_profile"": 200, ""source_phase_profile_going"": 8, ""track_distance"": 38, ""track_distance_going"": 2, ""track_distance_going_rail"": 1, ""track_phase_profile_going"": 3}",2025-05-24
expected-tempo-targets-v2.0-walk-forward,2025-05-24|sportsbet-sandown-hillside|1,2025-05-24,racing-com-rv-authorised,VIC,sportsbet-sandown-hillside,1,1000,soft,out_1_3m,handicap_unspecified,,8,1.0,0.18606641640733318,2.3645940418432407,2.405683708799872,even,even,13.64,22.33,23.689999999999998,0.21497699999999936,0.644930999999998,0.44477999999999573,source_distance_going,13,"{""source_distance"": 50, ""source_distance_going"": 13, ""source_phase_profile"": 50, ""source_phase_profile_going"": 13, ""track_distance"": 3, ""track_distance_going"": 2, ""track_distance_going_rail"": 0, ""track_phase_profile_going"": 2}",2025-05-24
expected-tempo-targets-v2.0-walk-forward,2025-05-24|sportsbet-sandown-hillside|2,2025-05-24,racing-com-rv-authorised,VIC,sportsbet-sandown-hillside,2,1000,soft,out_1_3m,benchmark,,9,1.0,-1.8141475599715315,1.4110036577556349,3.17010656954002,slow,sprint_home,13.64,22.33,23.689999999999998,0.21497699999999936,0.644930999999998,0.44477999999999573,source_distance_going,13,"{""source_distance"": 50, ""source_distance_going"": 13, ""source_phase_profile"": 50, ""source_phase_profile_going"": 13, ""track_distance"": 3, ""track_distance_going"": 2, ""track_distance_going_rail"": 0, ""track_phase_profile_going"": 2}",2025-05-24
expected-tempo-targets-v2.0-walk-forward,2025-05-24|sportsbet-sandown-hillside|3,2025-05-24,racing-com-rv-authorised,VIC,sportsbet-sandown-hillside,3,1400,soft,out_1_3m,benchmark,,12,1.0,0.5575638622182592,-1.0199253206213357,1.1558073654390983,fast,fast_early,39.69571428571429,23.485714285714288,24.29,3.1399349999999973,0.47972700000000235,0.6618749999999977,track_phase_profile_going,8,"{""source_distance"": 131, ""source_distance_going"": 27, ""source_phase_profile"": 489, ""source_phase_profile_going"": 88, ""track_distance"": 10, ""track_distance_going"": 4, ""track_distance_going_rail"": 0, ""track_phase_profile_going"": 8}",2025-05-24
expected-tempo-targets-v2.0-walk-forward,2025-05-24|sportsbet-sandown-hillside|4,2025-05-24,racing-com-rv-authorised,VIC,sportsbet-sandown-hillside,4,1600,soft,out_1_3m,handicap_unspecified,,13,1.0,-0.6525398767717338,-1.0872127895314825,2.9010355246304838,slow,slow_early,48.824285714285715,23.6,24.518571428571427,3.579420000000004,0.8186069999999989,0.49243500000000506,track_phase_profile_going,8,"{""source_distance"": 109, ""source_distance_going"": 17, ""source_phase_profile"": 489, ""source_phase_profile_going"": 88, ""track_distance"": 5, ""track_distance_going"": 4, ""track_distance_going_rail"": 0, ""track_phase_profile_going"": 8}",2025-05-24
expected-tempo-targets-v2.0-walk-forward,2025-05-24|sportsbet-sandown-hillside|5,2025-05-24,racing-com-rv-authorised,VIC,sportsbet-sandown-hillside,5,1600,soft,out_1_3m,benchmark,,12,1.0,-0.7768616942728931,-0.8001397495990165,2.1598209480873978,slow,sprint_home,48.824285714285715,23.6,24.518571428571427,3.579420000000004,0.8186069999999989,0.49243500000000506,track_phase_profile_going,8,"{""source_distance"": 109, ""source_distance_going"": 17, ""source_phase_profile"": 489, ""source_phase_profile_going"": 88, ""track_distance"": 5, ""track_distance_going"": 4, ""track_distance_going_rail"": 0, ""track_phase_profile_going"": 8}",2025-05-24
expected-tempo-targets-v2.0-walk-forward,2025-05-24|sportsbet-sandown-hillside|6,2025-05-24,racing-com-rv-authorised,VIC,sportsbet-sandown-hillside,6,1800,good,out_1_3m,benchmark,,10,1.0,-4.0,-0.5855469230620954,0.20684383290615305,slow,very_slow_early,39.9525,23.0475,22.939999999999998,2.568604499999997,0.3372914999999987,0.555975,track_phase_profile_going,10,"{""source_distance"": 17, ""source_distance_going"": 15, ""source_phase_profile"": 489, ""source_phase_profile_going"": 401, ""track_distance"": 3, ""track_distance_going"": 3, ""track_distance_going_rail"": 0, ""track_phase_profile_going"": 10}",2025-05-24
expected-tempo-targets-v2.0-walk-forward,2025-05-24|sportsbet-sandown-hillside|7,2025-05-24,racing-com-rv-authorised,VIC,sportsbet-sandown-hillside,7,1600,good,out_1_3m,benchmark,,16,1.0,-4.0,-1.2822736416423157,0.07194568101083529,slow,very_slow_early,39.9525,23.0475,22.939999999999998,2.568604499999997,0.3372914999999987,0.555975,track_phase_profile_going,10,"{""source_distance"": 109, ""source_distance_going"": 92, ""source_phase_profile"": 489, ""source_phase_profile_going"": 401, ""track_distance"": 5, ""track_distance_going"": 1, ""track_distance_going_rail"": 0, ""track_phase_profile_going"": 10}",2025-05-24
expected-tempo-targets-v2.0-walk-forward,2025-05-24|sportsbet-sandown-hillside|8,2025-05-24,racing-com-rv-authorised,VIC,sportsbet-sandown-hillside,8,1400,good,out_1_3m,benchmark,,12,1.0,1.0312469207510977,0.769031287933752,-1.50229042826091,very_fast_or_collapse,pace_collapse,39.74192307692307,23.02096153846154,22.885769230769228,2.2127804999999974,0.37834811538461444,0.561962423076923,track_distance_going,6,"{""source_distance"": 131, ""source_distance_going"": 104, ""source_phase_profile"": 489, ""source_phase_profile_going"": 401, ""track_distance"": 10, ""track_distance_going"": 6, ""track_distance_going_rail"": 0, ""track_phase_profile_going"": 10}",2025-05-24
expected-tempo-targets-v2.0-walk-forward,2025-05-24|sportsbet-sandown-hillside|9,2025-05-24,racing-com-rv-authorised,VIC,sportsbet-sandown-hillside,9,1400,good,out_1_3m,benchmark,,14,1.0,0.3465879588703348,0.22720223774381504,-0.28334771630981137,even,even,39.74192307692307,23.02096153846154,22.885769230769228,2.2127804999999974,0.37834811538461444,0.561962423076923,track_distance_going,6,"{""source_distance"": 131, ""source_distance_going"": 104, ""source_phase_profile"": 489, ""source_phase_profile_going"": 401, ""track_distance"": 10, ""track_distance_going"": 6, ""track_distance_going_rail"": 0, ""track_phase_profile_going"": 10}",2025-05-24
expected-tempo-targets-v2.0-walk-forward,2025-05-31|caulfield|1,2025-05-31,racing-com-rv-authorised,VIC,caulfield,1,1200,good,out_7m_plus,handicap_unspecified,,8,1.0,-0.8009577768784406,-2.266288951841378,-1.8647685703176415,slow,slow_early,24.545,22.125,23.182499999999997,0.3558240000000029,0.27798749999999733,0.4410735000000018,track_distance_going_rail,10,"{""source_distance"": 139, ""source_distance_going"": 110, ""source_phase_profile"": 496, ""source_phase_profile_going"": 405, ""track_distance"": 48, ""track_distance_going"": 41, ""track_distance_going_rail"": 10, ""track_phase_profile_going"": 171}",2025-05-31
expected-tempo-targets-v2.0-walk-forward,2025-05-31|caulfield|2,2025-05-31,racing-com-rv-authorised,VIC,caulfield,2,1200,good,out_7m_plus,benchmark,,10,1.0,-2.0094203876073298,-3.147623544224141,1.3659854876794837,slow,sprint_home,24.545,22.125,23.182499999999997,0.3558240000000029,0.27798749999999733,0.4410735000000018,track_distance_going_rail,10,"{""source_distance"": 139, ""source_distance_going"": 110, ""source_phase_profile"": 496, ""source_phase_profile_going"": 405, ""track_distance"": 48, ""track_distance_going"": 41, ""track_distance_going_rail"": 10, ""track_phase_profile_going"": 171}",2025-05-31
expected-tempo-targets-v2.0-walk-forward,2025-05-31|caulfield|3,2025-05-31,racing-com-rv-authorised,VIC,caulfield,3,1200,good,out_7m_plus,handicap_unspecified,,8,1.0,0.43560861549530067,-0.6834839696029481,-0.8785383841922066,even,even,24.545,22.125,23.182499999999997,0.3558240000000029,0.27798749999999733,0.4410735000000018,track_distance_going_rail,10,"{""source_distance"": 139, ""source_distance_going"": 110, ""source_phase_profile"": 496, ""source_phase_profile_going"": 405, ""track_distance"": 48, ""track_distance_going"": 41, ""track_distance_going_rail"": 10, ""track_phase_profile_going"": 171}",2025-05-31
expected-tempo-targets-v2.0-walk-forward,2025-05-31|caulfield|4,2025-05-31,racing-com-rv-authorised,VIC,caulfield,4,1400,good,out_7m_plus,benchmark,,10,1.0,-1.6637438733755856,-1.900837594888568,0.38834316454713524,slow,very_slow_early,36.935,23.015,23.155,0.7783650000000084,0.40771500000000316,0.4892579999999974,track_distance_going_rail,15,"{""source_distance"": 134, ""source_distance_going"": 106, ""source_phase_profile"": 496, ""source_phase_profile_going"": 405, ""track_distance"": 73, ""track_distance_going"": 62, ""track_distance_going_rail"": 15, ""track_phase_profile_going"": 171}",2025-05-31
expected-tempo-targets-v2.0-walk-forward,2025-05-31|caulfield|5,2025-05-31,racing-com-rv-authorised,VIC,caulfield,5,1600,good,out_7m_plus,benchmark,,10,1.0,1.0887219146123888,-2.0854659144111065,-0.7469231863963379,fast,fast_early,50.731153846153845,23.43307692307692,23.649230769230766,1.2502309615384601,0.31020553846153603,0.663748615384615,track_distance_going_rail,6,"{""source_distance"": 112, ""source_distance_going"": 93, ""source_phase_profile"": 496, ""source_phase_profile_going"": 405, ""track_distance"": 34, ""track_distance_going"": 32, ""track_distance_going_rail"": 6, ""track_phase_profile_going"": 171}",2025-05-31
expected-tempo-targets-v2.0-walk-forward,2025-05-31|caulfield|6,2025-05-31,racing-com-rv-authorised,VIC,caulfield,6,1600,good,out_7m_plus,benchmark,,10,1.0,0.44484088401512434,0.7030078320279958,0.2323632255585161,even,even,50.731153846153845,23.43307692307692,23.649230769230766,1.2502309615384601,0.31020553846153603,0.663748615384615,track_distance_going_rail,6,"{""source_distance"": 112, ""source_distance_going"": 93, ""source_phase_profile"": 496, ""source_phase_profile_going"": 405, ""track_distance"": 34, ""track_distance_going"": 32, ""track_distance_going_rail"": 6, ""track_phase_profile_going"": 171}",2025-05-31
expected-tempo-targets-v2.0-walk-forward,2025-05-31|caulfield|7,2025-05-31,racing-com-rv-authorised,VIC,caulfield,7,2000,good,out_7m_plus,benchmark,,12,1.0,0.10939862049949392,-0.9252941826754689,-0.40706203394020146,even,even,75.99192307692309,23.339615384615385,24.019038461538464,1.434415500000008,0.39488480769230727,0.7147842692307701,track_distance_going_rail,6,"{""source_distance"": 55, ""source_distance_going"": 46, ""source_phase_profile"": 496, ""source_phase_profile_going"": 405, ""track_distance"": 30, ""track_distance_going"": 24, ""track_distance_going_rail"": 6, ""track_phase_profile_going"": 171}",2025-05-31
expected-tempo-targets-v2.0-walk-forward,2025-05-31|caulfield|8,2025-05-31,racing-com-rv-authorised,VIC,caulfield,8,1100,good,out_7m_plus,listed,,13,1.0,0.044966050631764495,-0.322582537140978,0.5230744665328537,even,even,18.7,21.84,22.97,0.22238999999999787,0.34099800000000063,0.36323700000000675,track_distance_going_rail,13,"{""source_distance"": 79, ""source_distance_going"": 69, ""source_phase_profile"": 79, ""source_phase_profile_going"": 69, ""track_distance"": 44, ""track_distance_going"": 40, ""track_distance_going_rail"": 13, ""track_phase_profile_going"": 40}",2025-05-31
expected-tempo-targets-v2.0-walk-forward,2025-05-31|caulfield|9,2025-05-31,racing-com-rv-authorised,VIC,caulfield,9,1200,good,out_7m_plus,benchmark,,16,1.0,-0.7588021044111521,0.2877827240433439,-0.447771176459254,slow,slow_early,24.545,22.125,23.182499999999997,0.3558240000000029,0.27798749999999733,0.4410735000000018,track_distance_going_rail,10,"{""source_distance"": 139, ""source_distance_going"": 110, ""source_phase_profile"": 496, ""source_phase_profile_going"": 405, ""track_distance"": 48, ""track_distance_going"": 41, ""track_distance_going_rail"": 10, ""track_phase_profile_going"": 171}",2025-05-31
expected-tempo-targets-v2.0-walk-forward,2025-05-31|rosehill|1,2025-05-31,racing-com-nsw-authorised-v2,NSW,rosehill,1,1300,heavy,true,,,7,1.0,-0.2030020732405269,-0.1348981518953149,1.2987314393301326,even,even,24.559,24.359,25.587000000000003,1.679785800000002,0.8228430000000038,1.930345199999994,track_phase_profile_going,5,"{""source_distance"": 18, ""source_distance_going"": 0, ""source_phase_profile"": 206, ""source_phase_profile_going"": 14, ""track_distance"": 15, ""track_distance_going"": 0, ""track_distance_going_rail"": 0, ""track_phase_profile_going"": 5}",2025-05-31
expected-tempo-targets-v2.0-walk-forward,2025-05-31|rosehill|7,2025-05-31,racing-com-nsw-authorised-v2,NSW,rosehill,7,1200,heavy,true,,,8,1.0,-1.2745672692315864,0.4484452076520042,1.0267593588960198,slow,sprint_home,24.559,24.359,25.587000000000003,1.679785800000002,0.8228430000000038,1.930345199999994,track_phase_profile_going,5,"{""source_distance"": 72, ""source_distance_going"": 2, ""source_phase_profile"": 206, ""source_phase_profile_going"": 14, ""track_distance"": 28, ""track_distance_going"": 0, ""track_distance_going_rail"": 0, ""track_phase_profile_going"": 5}",2025-05-31
expected-tempo-targets-v2.0-walk-forward,2025-05-31|rosehill|8,2025-05-31,racing-com-nsw-authorised-v2,NSW,rosehill,8,2000,heavy,true,,,14,1.0,-0.8489177608240268,0.41806274100891616,0.5734725581725001,slow,slow_early,24.559,24.359,25.587000000000003,1.679785800000002,0.8228430000000038,1.930345199999994,track_phase_profile_going,5,"{""source_distance"": 23, ""source_distance_going"": 3, ""source_phase_profile"": 206, ""source_phase_profile_going"": 14, ""track_distance"": 10, ""track_distance_going"": 1, ""track_distance_going_rail"": 1, ""track_phase_profile_going"": 5}",2025-05-31
expected-tempo-targets-v2.0-walk-forward,2025-05-31|rosehill|10,2025-05-31,racing-com-nsw-authorised-v2,NSW,rosehill,10,1200,heavy,true,,,14,1.0,-1.1316919097661127,0.247920927807613,0.8713467415050983,slow,sprint_home,24.559,24.359,25.587000000000003,1.679785800000002,0.8228430000000038,1.930345199999994,track_phase_profile_going,5,"{""source_distance"": 72, ""source_distance_going"": 2, ""source_phase_profile"": 206, ""source_phase_profile_going"": 14, ""track_distance"": 28, ""track_distance_going"": 0, ""track_distance_going_rail"": 0, ""track_phase_profile_going"": 5}",2025-05-31
expected-tempo-targets-v2.0-walk-forward,2025-06-07|flemington|2,2025-06-07,racing-com-rv-authorised,VIC,flemington,2,1100,soft,out_7m_plus,handicap_unspecified,,10,1.0,-2.1637922555903675,-0.8311545065645719,2.825696028953001,slow,sprint_home,19.55616863905325,22.13497041420118,24.513121301775143,0.45236845562130257,0.4632467041420125,0.5177914704142021,track_distance_going,6,"{""source_distance"": 80, ""source_distance_going"": 10, ""source_phase_profile"": 80, ""source_phase_profile_going"": 10, ""track_distance"": 34, ""track_distance_going"": 6, ""track_distance_going_rail"": 2, ""track_phase_profile_going"": 6}",2025-06-07
expected-tempo-targets-v2.0-walk-forward,2025-06-07|flemington|3,2025-06-07,racing-com-rv-authorised,VIC,flemington,3,1400,soft,out_7m_plus,benchmark,,11,1.0,-3.0251912281475293,1.2562390395251595,2.1351121282741956,slow,sprint_home,37.4575,23.2025,24.4575,0.3743564999999966,0.29652000000000156,0.5374424999999984,track_distance_going,12,"{""source_distance"": 135, ""source_distance_going"": 28, ""source_phase_profile"": 504, ""source_phase_profile_going"": 91, ""track_distance"": 44, ""track_distance_going"": 12, ""track_distance_going_rail"": 2, ""track_phase_profile_going"": 32}",2025-06-07
expected-tempo-targets-v2.0-walk-forward,2025-06-07|flemington|4,2025-06-07,racing-com-rv-authorised,VIC,flemington,4,1100,soft,out_7m_plus,open_or_quality,,10,1.0,-0.27374004400168345,0.2589773723773809,2.3525325760980915,even,even,19.55616863905325,22.13497041420118,24.513121301775143,0.45236845562130257,0.4632467041420125,0.5177914704142021,track_distance_going,6,"{""source_distance"": 80, ""source_distance_going"": 10, ""source_phase_profile"": 80, ""source_phase_profile_going"": 10, ""track_distance"": 34, ""track_distance_going"": 6, ""track_distance_going_rail"": 2, ""track_phase_profile_going"": 6}",2025-06-07
expected-tempo-targets-v2.0-walk-forward,2025-06-07|flemington|5,2025-06-07,racing-com-rv-authorised,VIC,flemington,5,1600,soft,out_7m_plus,unclassified,,9,1.0,-0.5992835062510767,-0.8777431599532785,-1.445650185316022,slow,slow_early,40.496153846153845,23.144615384615385,24.42134615384615,13.60599126923077,0.70109873076923,0.6147087692307704,track_distance_going,6,"{""source_distance"": 114, ""source_distance_going"": 19, ""source_phase_profile"": 504, ""source_phase_profile_going"": 91, ""track_distance"": 42, ""track_distance_going"": 6, ""track_distance_going_rail"": 1, ""track_phase_profile_going"": 32}",2025-06-07
expected-tempo-targets-v2.0-walk-forward,2025-06-07|flemington|6,2025-06-07,racing-com-rv-authorised,VIC,flemington,6,1600,soft,out_7m_plus,open_or_quality,,11,1.0,-0.7720015356470239,0.20626964258902025,1.710315854387072,slow,sprint_home,40.496153846153845,23.144615384615385,24.42134615384615,13.60599126923077,0.70109873076923,0.6147087692307704,track_distance_going,6,"{""source_distance"": 114, ""source_distance_going"": 19, ""source_phase_profile"": 504, ""source_phase_profile_going"": 91, ""track_distance"": 42, ""track_distance_going"": 6, ""track_distance_going_rail"": 1, ""track_phase_profile_going"": 32}",2025-06-07
expected-tempo-targets-v2.0-walk-forward,2025-06-07|flemington|7,2025-06-07,racing-com-rv-authorised,VIC,flemington,7,2000,soft,out_7m_plus,benchmark,,15,1.0,-2.3950925315849334,-0.1711905480905065,1.1160388339793148,slow,sprint_home,37.4575,23.035,24.3625,17.490973500000003,0.7301804999999996,0.7190610000000017,track_phase_profile_going,32,"{""source_distance"": 56, ""source_distance_going"": 9, ""source_phase_profile"": 504, ""source_phase_profile_going"": 91, ""track_distance"": 25, ""track_distance_going"": 3, ""track_distance_going_rail"": 2, ""track_phase_profile_going"": 32}",2025-06-07
expected-tempo-targets-v2.0-walk-forward,2025-06-07|flemington|8,2025-06-07,racing-com-rv-authorised,VIC,flemington,8,2000,soft,out_7m_plus,open_or_quality,,16,1.0,-2.1861276046184615,-0.8080193869871904,-0.4067805095812452,slow,very_slow_early,37.4575,23.035,24.3625,17.490973500000003,0.7301804999999996,0.7190610000000017,track_phase_profile_going,32,"{""source_distance"": 56, ""source_distance_going"": 9, ""source_phase_profile"": 504, ""source_phase_profile_going"": 91, ""track_distance"": 25, ""track_distance_going"": 3, ""track_distance_going_rail"": 2, ""track_phase_profile_going"": 32}",2025-06-07
expected-tempo-targets-v2.0-walk-forward,2025-06-07|flemington|9,2025-06-07,racing-com-rv-authorised,VIC,flemington,9,1200,soft,out_7m_plus,benchmark,,14,1.0,2.8103781644859063,0.22297215189309363,-0.36790405062360354,very_fast_or_collapse,very_fast_early,25.627499999999998,22.240000000000002,23.485,0.11119499999999631,0.4484864999999977,0.3669434999999981,track_distance_going,10,"{""source_distance"": 143, ""source_distance_going"": 29, ""source_phase_profile"": 504, ""source_phase_profile_going"": 91, ""track_distance"": 41, ""track_distance_going"": 10, ""track_distance_going_rail"": 3, ""track_phase_profile_going"": 32}",2025-06-07
expected-tempo-targets-v2.0-walk-forward,2025-06-07|randwick|5,2025-06-07,racing-com-nsw-authorised-v2,NSW,randwick,5,2000,soft,true,,,13,1.0,-1.7598388343704008,-0.8743398733955855,-0.8609353596571149,slow,very_slow_early,24.130000000000003,23.119999999999997,23.615,1.4603610000000042,0.800604000000004,0.9117990000000029,track_phase_profile_going,39,"{""source_distance"": 24, ""source_distance_going"": 4, ""source_phase_profile"": 210, ""source_phase_profile_going"": 62, ""track_distance"": 13, ""track_distance_going"": 3, ""track_distance_going_rail"": 1, ""track_phase_profile_going"": 39}",2025-06-07
expected-tempo-targets-v2.0-walk-forward,2025-06-07|randwick|6,2025-06-07,racing-com-nsw-authorised-v2,NSW,randwick,6,1400,soft,true,,,14,1.0,-0.6999432409662752,-0.7241465209104634,0.02535679546904706,slow,slow_early,23.065,23.377499999999998,23.92,0.785777999999999,0.604159499999993,0.9859290000000013,track_distance_going,20,"{""source_distance"": 66, ""source_distance_going"": 29, ""source_phase_profile"": 210, ""source_phase_profile_going"": 62, ""track_distance"": 41, ""track_distance_going"": 20, ""track_distance_going_rail"": 4, ""track_phase_profile_going"": 39}",2025-06-07
expected-tempo-targets-v2.0-walk-forward,2025-06-07|randwick|9,2025-06-07,racing-com-nsw-authorised-v2,NSW,randwick,9,1300,soft,true,,,14,0.9285714285714286,0.6573717046675432,-0.9992455695949561,-0.3016015591155521,fast,fast_early,24.130000000000003,23.119999999999997,23.615,1.4603610000000042,0.800604000000004,0.9117990000000029,track_phase_profile_going,39,"{""source_distance"": 19, ""source_distance_going"": 5, ""source_phase_profile"": 210, ""source_phase_profile_going"": 62, ""track_distance"": 3, ""track_distance_going"": 0, ""track_distance_going_rail"": 0, ""track_phase_profile_going"": 39}",2025-06-07
expected-tempo-targets-v2.0-walk-forward,2025-06-07|randwick|10,2025-06-07,racing-com-nsw-authorised-v2,NSW,randwick,10,1000,soft,true,,,11,1.0,-0.8474985747757577,-0.25716269010291426,0.36087798298759405,slow,slow_early,13.718080000000002,21.814704,23.433680000000003,0.27365237759999944,0.37056697439999764,0.6198216864000017,track_distance_going,5,"{""source_distance"": 12, ""source_distance_going"": 5, ""source_phase_profile"": 12, ""source_phase_profile_going"": 5, ""track_distance"": 12, ""track_distance_going"": 5, ""track_distance_going_rail"": 2, ""track_phase_profile_going"": 5}",2025-06-07
expected-tempo-targets-v2.0-walk-forward,2025-06-14|rosehill|1,2025-06-14,racing-com-nsw-authorised-v2,NSW,rosehill,1,1400,soft,out_1_3m,,,12,0.9166666666666666,-0.0026422986137731373,-1.1944969278256266,-0.6005475398962249,even,even,23.89741379310345,23.451379310344826,23.23793103448276,0.978771620689654,0.24999703448275956,0.5362922068965482,track_distance_going,9,"{""source_distance"": 67, ""source_distance_going"": 30, ""source_phase_profile"": 213, ""source_phase_profile_going"": 65, ""track_distance"": 25, ""track_distance_going"": 9, ""track_distance_going_rail"": 0, ""track_phase_profile_going"": 23}",2025-06-14
expected-tempo-targets-v2.0-walk-forward,2025-06-14|rosehill|3,2025-06-14,racing-com-nsw-authorised-v2,NSW,rosehill,3,1200,soft,out_1_3m,,,14,1.0,-1.0875726650213295,-0.9300872578045736,0.8210693965105667,slow,sprint_home,24.298571428571428,23.47285714285714,23.267142857142858,1.0219349999999998,0.20121000000000133,0.6237509999999955,track_distance_going,8,"{""source_distance"": 74, ""source_distance_going"": 24, ""source_phase_profile"": 213, ""source_phase_profile_going"": 65, ""track_distance"": 30, ""track_distance_going"": 8, ""track_distance_going_rail"": 3, ""track_phase_profile_going"": 23}",2025-06-14
expected-tempo-targets-v2.0-walk-forward,2025-06-14|rosehill|4,2025-06-14,racing-com-nsw-authorised-v2,NSW,rosehill,4,1400,soft,out_1_3m,,,9,1.0,0.42646699626347434,1.245532015965971,-0.2276165194039214,even,even,23.89741379310345,23.451379310344826,23.23793103448276,0.978771620689654,0.24999703448275956,0.5362922068965482,track_distance_going,9,"{""source_distance"": 67, ""source_distance_going"": 30, ""source_phase_profile"": 213, ""source_phase_profile_going"": 65, ""track_distance"": 25, ""track_distance_going"": 9, ""track_distance_going_rail"": 0, ""track_phase_profile_going"": 23}",2025-06-14
expected-tempo-targets-v2.0-walk-forward,2025-06-14|rosehill|7,2025-06-14,racing-com-nsw-authorised-v2,NSW,rosehill,7,1300,soft,out_1_3m,,,11,1.0,0.7163326180049241,-1.211505695365593,0.7260031802480881,fast,fast_early,23.796000000000003,23.488,23.461000000000002,1.1949756000000002,0.23276820000000215,0.6212093999999965,track_distance_going,5,"{""source_distance"": 20, ""source_distance_going"": 6, ""source_phase_profile"": 213, ""source_phase_profile_going"": 65, ""track_distance"": 16, ""track_distance_going"": 5, ""track_distance_going_rail"": 1, ""track_phase_profile_going"": 23}",2025-06-14
expected-tempo-targets-v2.0-walk-forward,2025-06-14|rosehill|8,2025-06-14,racing-com-nsw-authorised-v2,NSW,rosehill,8,2400,soft,out_1_3m,,,14,1.0,-1.734404810082673,0.4721435316336119,-0.1254866529258822,slow,very_slow_early,23.93,23.47,23.3,1.349166,0.22239000000000314,0.6375179999999943,track_phase_profile_going,23,"{""source_distance"": 4, ""source_distance_going"": 0, ""source_phase_profile"": 213, ""source_phase_profile_going"": 65, ""track_distance"": 2, ""track_distance_going"": 0, ""track_distance_going_rail"": 0, ""track_phase_profile_going"": 23}",2025-06-14
expected-tempo-targets-v2.0-walk-forward,2025-06-14|rosehill|9,2025-06-14,racing-com-nsw-authorised-v2,NSW,rosehill,9,2000,soft,out_1_3m,,,11,1.0,-1.1710938461241969,-1.9785062277979744,-0.4705749484720485,slow,slow_early,23.93,23.47,23.3,1.349166,0.22239000000000314,0.6375179999999943,track_phase_profile_going,23,"{""source_distance"": 25, ""source_distance_going"": 5, ""source_phase_profile"": 213, ""source_phase_profile_going"": 65, ""track_distance"": 11, ""track_distance_going"": 1, ""track_distance_going_rail"": 0, ""track_phase_profile_going"": 23}",2025-06-14
expected-tempo-targets-v2.0-walk-forward,2025-06-14|rosehill|10,2025-06-14,racing-com-nsw-authorised-v2,NSW,rosehill,10,1300,soft,out_1_3m,,,12,1.0,0.28954566101600737,-1.3618698774145148,1.4584454130926021,even,even,23.796000000000003,23.488,23.461000000000002,1.1949756000000002,0.23276820000000215,0.6212093999999965,track_distance_going,5,"{""source_distance"": 20, ""source_distance_going"": 6, ""source_phase_profile"": 213, ""source_phase_profile_going"": 65, ""track_distance"": 16, ""track_distance_going"": 5, ""track_distance_going_rail"": 1, ""track_phase_profile_going"": 23}",2025-06-14
expected-tempo-targets-v2.0-walk-forward,2025-06-14|sportsbet-sandown-hillside|1,2025-06-14,racing-com-rv-authorised,VIC,sportsbet-sandown-hillside,1,1000,soft,out_4_6m,handicap_unspecified,,11,1.0,0.37213283281467463,1.1080919619972553,1.6909768336173785,even,even,13.64,22.08,23.68,0.21497699999999936,0.6226920000000025,0.5263230000000007,source_distance_going,15,"{""source_distance"": 52, ""source_distance_going"": 15, ""source_phase_profile"": 52, ""source_phase_profile_going"": 15, ""track_distance"": 5, ""track_distance_going"": 4, ""track_distance_going_rail"": 2, ""track_phase_profile_going"": 4}",2025-06-14
expected-tempo-targets-v2.0-walk-forward,2025-06-14|sportsbet-sandown-hillside|3,2025-06-14,racing-com-rv-authorised,VIC,sportsbet-sandown-hillside,3,1400,soft,out_4_6m,handicap_unspecified,,10,1.0,4.0,-0.44228902260760217,2.4739533331166914,very_fast_or_collapse,very_fast_early,47.558,23.125,23.82,2.0015099999999997,0.4521929999999996,0.4062324000000024,track_distance_going,5,"{""source_distance"": 136, ""source_distance_going"": 29, ""source_phase_profile"": 510, ""source_phase_profile_going"": 97, ""track_distance"": 13, ""track_distance_going"": 5, ""track_distance_going_rail"": 3, ""track_phase_profile_going"": 11}",2025-06-14
expected-tempo-targets-v2.0-walk-forward,2025-06-14|sportsbet-sandown-hillside|4,2025-06-14,racing-com-rv-authorised,VIC,sportsbet-sandown-hillside,4,1400,soft,out_4_6m,benchmark,,16,1.0,4.0,0.022114451130375787,2.2400970478967084,very_fast_or_collapse,very_fast_early,47.558,23.125,23.82,2.0015099999999997,0.4521929999999996,0.4062324000000024,track_distance_going,5,"{""source_distance"": 136, ""source_distance_going"": 29, ""source_phase_profile"": 510, ""source_phase_profile_going"": 97, ""track_distance"": 13, ""track_distance_going"": 5, ""track_distance_going_rail"": 3, ""track_phase_profile_going"": 11}",2025-06-14
expected-tempo-targets-v2.0-walk-forward,2025-06-14|sportsbet-sandown-hillside|5,2025-06-14,racing-com-rv-authorised,VIC,sportsbet-sandown-hillside,5,1600,soft,out_4_6m,benchmark,,15,1.0,-1.0989530879859062,0.22767456918502688,0.8694124009767075,slow,sprint_home,50.22615384615384,23.172884615384614,23.822307692307692,1.9690068461538455,0.4958156538461538,0.4972412307692329,track_distance_going,6,"{""source_distance"": 116, ""source_distance_going"": 21, ""source_phase_profile"": 510, ""source_phase_profile_going"": 97, ""track_distance"": 8, ""track_distance_going"": 6, ""track_distance_going_rail"": 2, ""track_phase_profile_going"": 11}",2025-06-14
expected-tempo-targets-v2.0-walk-forward,2025-06-14|sportsbet-sandown-hillside|6,2025-06-14,racing-com-rv-authorised,VIC,sportsbet-sandown-hillside,6,1600,good,out_4_6m,benchmark,,13,1.0,-3.5861845087670665,-0.09635582278236775,-3.5124424455762306,slow,very_slow_early,39.9525,23.0475,22.939999999999998,3.2283614999999974,0.3372914999999987,0.3928890000000008,track_phase_profile_going,14,"{""source_distance"": 116, ""source_distance_going"": 95, ""source_phase_profile"": 510, ""source_phase_profile_going"": 413, ""track_distance"": 8, ""track_distance_going"": 2, ""track_distance_going_rail"": 0, ""track_phase_profile_going"": 14}",2025-06-14
expected-tempo-targets-v2.0-walk-forward,2025-06-14|sportsbet-sandown-hillside|7,2025-06-14,racing-com-rv-authorised,VIC,sportsbet-sandown-hillside,7,1800,good,out_4_6m,handicap_unspecified,,13,1.0,-4.0,-0.09635582278236775,-2.748868000885745,slow,very_slow_early,39.9525,23.0475,22.939999999999998,3.2283614999999974,0.3372914999999987,0.3928890000000008,track_phase_profile_going,14,"{""source_distance"": 18, ""source_distance_going"": 16, ""source_phase_profile"": 510, ""source_phase_profile_going"": 413, ""track_distance"": 4, ""track_distance_going"": 4, ""track_distance_going_rail"": 0, ""track_phase_profile_going"": 14}",2025-06-14
expected-tempo-targets-v2.0-walk-forward,2025-06-14|sportsbet-sandown-hillside|8,2025-06-14,racing-com-rv-authorised,VIC,sportsbet-sandown-hillside,8,1000,good,out_4_6m,benchmark,,14,1.0,0.5571880186980543,1.0679437025046075,0.3142513765743247,fast,sustained_high_pressure,13.81,21.560000000000002,22.73,0.34099800000000063,0.3558240000000029,0.6523440000000018,source_distance_going,37,"{""source_distance"": 52, ""source_distance_going"": 37, ""source_phase_profile"": 52, ""source_phase_profile_going"": 37, ""track_distance"": 5, ""track_distance_going"": 1, ""track_distance_going_rail"": 0, ""track_phase_profile_going"": 1}",2025-06-14
expected-tempo-targets-v2.0-walk-forward,2025-06-14|sportsbet-sandown-hillside|9,2025-06-14,racing-com-rv-authorised,VIC,sportsbet-sandown-hillside,9,1400,good,out_4_6m,handicap_unspecified,,13,1.0,0.6033181757713847,0.6155648896939208,-2.051286330366968,fast,fast_early,39.67821428571428,22.998928571428568,22.95642857142857,2.599315499999998,0.3394094999999998,0.5136150000000002,track_distance_going,8,"{""source_distance"": 136, ""source_distance_going"": 107, ""source_phase_profile"": 510, ""source_phase_profile_going"": 413, ""track_distance"": 13, ""track_distance_going"": 8, ""track_distance_going_rail"": 0, ""track_phase_profile_going"": 14}",2025-06-14
expected-tempo-targets-v2.0-walk-forward,2025-06-21|flemington|2,2025-06-21,racing-com-rv-authorised,VIC,flemington,2,2000,good,out_7m_plus,open_or_quality,,14,1.0,-0.8551418678897457,-0.2379453512597953,0.6637127032369547,slow,slow_early,75.58344827586208,23.309310344827587,24.275862068965516,1.5337241379310265,0.2760703448275874,0.7998371379310331,track_distance_going_rail,9,"{""source_distance"": 58, ""source_distance_going"": 47, ""source_phase_profile"": 516, ""source_phase_profile_going"": 416, ""track_distance"": 27, ""track_distance_going"": 22, ""track_distance_going_rail"": 9, ""track_phase_profile_going"": 127}",2025-06-21
expected-tempo-targets-v2.0-walk-forward,2025-06-21|flemington|3,2025-06-21,racing-com-rv-authorised,VIC,flemington,3,1100,good,out_7m_plus,open_or_quality,,8,1.0,-0.22736712484471047,0.6128437545782084,0.8202047988290013,even,even,19.542586206896555,21.628965517241383,23.095689655172414,0.36247013793103466,0.3328181379310331,0.5738684482758616,track_distance_going_rail,9,"{""source_distance"": 82, ""source_distance_going"": 70, ""source_phase_profile"": 82, ""source_phase_profile_going"": 70, ""track_distance"": 36, ""track_distance_going"": 28, ""track_distance_going_rail"": 9, ""track_phase_profile_going"": 28}",2025-06-21
expected-tempo-targets-v2.0-walk-forward,2025-06-21|flemington|7,2025-06-21,racing-com-rv-authorised,VIC,flemington,7,1420,good,out_7m_plus,benchmark,,12,1.0,0.5326927454557243,0.13489815189531904,0.08053621008676287,fast,fast_early,48.335,22.77,23.425,17.101791000000006,0.6671699999999989,0.49667100000000125,track_phase_profile_going,127,"{""source_distance"": 0, ""source_distance_going"": 0, ""source_phase_profile"": 516, ""source_phase_profile_going"": 416, ""track_distance"": 0, ""track_distance_going"": 0, ""track_distance_going_rail"": 0, ""track_phase_profile_going"": 127}",2025-06-21
expected-tempo-targets-v2.0-walk-forward,2025-06-21|flemington|9,2025-06-21,racing-com-rv-authorised,VIC,flemington,9,1100,good,out_7m_plus,handicap_unspecified,,11,1.0,-0.15839592588554216,0.9884242466062679,0.7069384218478515,even,even,19.542586206896555,21.628965517241383,23.095689655172414,0.36247013793103466,0.3328181379310331,0.5738684482758616,track_distance_going_rail,9,"{""source_distance"": 82, ""source_distance_going"": 70, ""source_phase_profile"": 82, ""source_phase_profile_going"": 70, ""track_distance"": 36, ""track_distance_going"": 28, ""track_distance_going_rail"": 9, ""track_phase_profile_going"": 28}",2025-06-21
expected-tempo-targets-v2.0-walk-forward,2025-06-21|randwick|2,2025-06-21,racing-com-nsw-authorised-v2,NSW,randwick,2,1200,soft,out_1_3m,,,14,1.0,-0.4794572868568429,-0.9352938531408804,-0.2779017721448658,even,even,24.895000000000003,22.545,23.345,0.6152790000000066,0.27798749999999733,0.8636144999999993,track_distance_going,16,"{""source_distance"": 75, ""source_distance_going"": 25, ""source_phase_profile"": 220, ""source_phase_profile_going"": 72, ""track_distance"": 44, ""track_distance_going"": 16, ""track_distance_going_rail"": 0, ""track_phase_profile_going"": 42}",2025-06-21
expected-tempo-targets-v2.0-walk-forward,2025-06-21|randwick|3,2025-06-21,racing-com-nsw-authorised-v2,NSW,randwick,3,1300,soft,out_1_3m,,,12,1.0,0.8726658795289998,-0.694081777386714,1.0641965316186246,fast,fast_early,24.060000000000002,23.174999999999997,23.884999999999998,1.4381219999999981,0.8932664999999934,1.000755000000001,track_phase_profile_going,42,"{""source_distance"": 22, ""source_distance_going"": 8, ""source_phase_profile"": 220, ""source_phase_profile_going"": 72, ""track_distance"": 4, ""track_distance_going"": 1, ""track_distance_going_rail"": 0, ""track_phase_profile_going"": 42}",2025-06-21
expected-tempo-targets-v2.0-walk-forward,2025-06-21|randwick|7,2025-06-21,racing-com-nsw-authorised-v2,NSW,randwick,7,1000,soft,out_1_3m,,,11,1.0,0.49003817246259157,0.4868437638878645,1.2227901463153952,even,even,13.756976996603761,21.85148594236896,23.393840814397247,0.23870996827842092,0.31115925396519856,0.6001363493225003,track_distance_going,6,"{""source_distance"": 13, ""source_distance_going"": 6, ""source_phase_profile"": 13, ""source_phase_profile_going"": 6, ""track_distance"": 13, ""track_distance_going"": 6, ""track_distance_going_rail"": 0, ""track_phase_profile_going"": 6}",2025-06-21
expected-tempo-targets-v2.0-walk-forward,2025-06-21|randwick|8,2025-06-21,racing-com-nsw-authorised-v2,NSW,randwick,8,1400,soft,out_1_3m,,,15,1.0,0.6615197833328126,1.210832809180874,-0.4548891168563074,fast,fast_early,23.14,23.455,23.895,0.7709520000000046,0.6152789999999987,0.9562769999999993,track_distance_going,21,"{""source_distance"": 69, ""source_distance_going"": 32, ""source_phase_profile"": 220, ""source_phase_profile_going"": 72, ""track_distance"": 42, ""track_distance_going"": 21, ""track_distance_going_rail"": 0, ""track_phase_profile_going"": 42}",2025-06-21
expected-tempo-targets-v2.0-walk-forward,2025-06-21|randwick|9,2025-06-21,racing-com-nsw-authorised-v2,NSW,randwick,9,1400,soft,out_1_3m,,,16,1.0,0.8106860089862874,1.0239257312536212,-0.439203285240572,very_fast_or_collapse,fast_early,23.14,23.455,23.895,0.7709520000000046,0.6152789999999987,0.9562769999999993,track_distance_going,21,"{""source_distance"": 69, ""source_distance_going"": 32, ""source_phase_profile"": 220, ""source_phase_profile_going"": 72, ""track_distance"": 42, ""track_distance_going"": 21, ""track_distance_going_rail"": 0, ""track_phase_profile_going"": 42}",2025-06-21
expected-tempo-targets-v2.0-walk-forward,2025-06-21|randwick|10,2025-06-21,racing-com-nsw-authorised-v2,NSW,randwick,10,1200,soft,out_1_3m,,,13,1.0,-0.9995465471761459,-1.6007914024911356,0.573172405048778,slow,slow_early,24.895000000000003,22.545,23.345,0.6152790000000066,0.27798749999999733,0.8636144999999993,track_distance_going,16,"{""source_distance"": 75, ""source_distance_going"": 25, ""source_phase_profile"": 220, ""source_phase_profile_going"": 72, ""track_distance"": 44, ""track_distance_going"": 16, ""track_distance_going_rail"": 0, ""track_phase_profile_going"": 42}",2025-06-21
expected-tempo-targets-v2.0-walk-forward,2025-06-28|caulfield|1,2025-06-28,racing-com-rv-authorised,VIC,caulfield,1,1000,soft,out_7m_plus,handicap_unspecified,,12,1.0,0.0,-0.08431134493457773,-0.60613020952965,even,even,13.620000000000001,21.987499999999997,23.6575,0.185325,0.8006039999999987,0.5485619999999988,source_distance_going,16,"{""source_distance"": 54, ""source_distance_going"": 16, ""source_phase_profile"": 54, ""source_phase_profile_going"": 16, ""track_distance"": 9, ""track_distance_going"": 3, ""track_distance_going_rail"": 1, ""track_phase_profile_going"": 3}",2025-06-28
expected-tempo-targets-v2.0-walk-forward,2025-06-28|caulfield|2,2025-06-28,racing-com-rv-authorised,VIC,caulfield,2,1000,soft,out_7m_plus,handicap_unspecified,,8,1.0,0.4316740860650309,-0.533971851252308,1.1530146091052638,even,even,13.620000000000001,21.987499999999997,23.6575,0.185325,0.8006039999999987,0.5485619999999988,source_distance_going,16,"{""source_distance"": 54, ""source_distance_going"": 16, ""source_phase_profile"": 54, ""source_phase_profile_going"": 16, ""track_distance"": 9, ""track_distance_going"": 3, ""track_distance_going_rail"": 1, ""track_phase_profile_going"": 3}",2025-06-28
expected-tempo-targets-v2.0-walk-forward,2025-06-28|caulfield|3,2025-06-28,racing-com-rv-authorised,VIC,caulfield,3,1200,soft,out_7m_plus,handicap_unspecified,,10,1.0,0.6280919157690859,-0.34636998416844533,1.388029860928582,fast,fast_early,35.2137037037037,23.70925925925926,24.71962962962963,15.346008222222219,0.5073786666666636,0.8678701111111116,track_distance_going,7,"{""source_distance"": 144, ""source_distance_going"": 30, ""source_phase_profile"": 518, ""source_phase_profile_going"": 100, ""track_distance"": 52, ""track_distance_going"": 7, ""track_distance_going_rail"": 2, ""track_phase_profile_going"": 31}",2025-06-28
expected-tempo-targets-v2.0-walk-forward,2025-06-28|caulfield|5,2025-06-28,racing-com-rv-authorised,VIC,caulfield,5,2000,soft,out_7m_plus,benchmark,,13,1.0,-1.7645585990213932,-1.6378096534136204,-0.152769274582302,slow,very_slow_early,47.83846153846154,24.07,24.927500000000002,16.084214192307687,0.5739372692307664,0.8673209999999999,track_distance_going,6,"{""source_distance"": 59, ""source_distance_going"": 11, ""source_phase_profile"": 518, ""source_phase_profile_going"": 100, ""track_distance"": 31, ""track_distance_going"": 6, ""track_distance_going_rail"": 2, ""track_phase_profile_going"": 31}",2025-06-28
expected-tempo-targets-v2.0-walk-forward,2025-06-28|caulfield|6,2025-06-28,racing-com-rv-authorised,VIC,caulfield,6,1100,soft,out_7m_plus,benchmark,,12,1.0,0.39261402417294516,-0.07494341771962465,0.49462655694950686,even,even,19.575,22.235,24.4925,0.4966709999999986,0.4003019999999993,0.6115724999999994,source_distance_going,12,"{""source_distance"": 84, ""source_distance_going"": 12, ""source_phase_profile"": 84, ""source_phase_profile_going"": 12, ""track_distance"": 45, ""track_distance_going"": 4, ""track_distance_going_rail"": 0, ""track_phase_profile_going"": 4}",2025-06-28
expected-tempo-targets-v2.0-walk-forward,2025-06-28|caulfield|7,2025-06-28,racing-com-rv-authorised,VIC,caulfield,7,1200,soft,out_7m_plus,benchmark,,14,1.0,0.634608268331389,1.555562563251763,0.46623293560783546,fast,sustained_high_pressure,35.2137037037037,23.70925925925926,24.71962962962963,15.346008222222219,0.5073786666666636,0.8678701111111116,track_distance_going,7,"{""source_distance"": 144, ""source_distance_going"": 30, ""source_phase_profile"": 518, ""source_phase_profile_going"": 100, ""track_distance"": 52, ""track_distance_going"": 7, ""track_distance_going_rail"": 2, ""track_phase_profile_going"": 31}",2025-06-28
expected-tempo-targets-v2.0-walk-forward,2025-06-28|caulfield|8,2025-06-28,racing-com-rv-authorised,VIC,caulfield,8,2000,soft,out_7m_plus,open_or_quality,,12,0.8333333333333334,-1.8724283388331004,0.5836874828654931,0.0028824391430638473,slow,very_slow_early,47.83846153846154,24.07,24.927500000000002,16.084214192307687,0.5739372692307664,0.8673209999999999,track_distance_going,6,"{""source_distance"": 59, ""source_distance_going"": 11, ""source_phase_profile"": 518, ""source_phase_profile_going"": 100, ""track_distance"": 31, ""track_distance_going"": 6, ""track_distance_going_rail"": 2, ""track_phase_profile_going"": 31}",2025-06-28
expected-tempo-targets-v2.0-walk-forward,2025-06-28|rosehill|1,2025-06-28,racing-com-nsw-authorised-v2,NSW,rosehill,1,1300,good,out_4_6m,,,12,1.0,0.19875276298056377,0.45951362498206405,-0.13489815189531748,even,even,23.455,23.3425,22.9725,1.182373499999999,0.9303315000000019,0.908092500000001,track_distance_going,10,"{""source_distance"": 23, ""source_distance_going"": 13, ""source_phase_profile"": 225, ""source_phase_profile_going"": 130, ""track_distance"": 18, ""track_distance_going"": 10, ""track_distance_going_rail"": 3, ""track_phase_profile_going"": 66}",2025-06-28
expected-tempo-targets-v2.0-walk-forward,2025-06-28|rosehill|3,2025-06-28,racing-com-nsw-authorised-v2,NSW,rosehill,3,1400,good,out_4_6m,,,9,1.0,-0.7093236155997947,0.22024188064542086,1.1926970746842251,slow,slow_early,22.96,23.27,23.345,0.7894845000000036,0.5448554999999995,0.6078660000000001,track_distance_going,12,"{""source_distance"": 71, ""source_distance_going"": 28, ""source_phase_profile"": 225, ""source_phase_profile_going"": 130, ""track_distance"": 27, ""track_distance_going"": 12, ""track_distance_going_rail"": 4, ""track_phase_profile_going"": 66}",2025-06-28
expected-tempo-targets-v2.0-walk-forward,2025-06-28|rosehill|4,2025-06-28,racing-com-nsw-authorised-v2,NSW,rosehill,4,1400,good,out_4_6m,,,10,1.0,-0.1076651916535371,0.5597814466404395,-0.3043433914711503,even,even,22.96,23.27,23.345,0.7894845000000036,0.5448554999999995,0.6078660000000001,track_distance_going,12,"{""source_distance"": 71, ""source_distance_going"": 28, ""source_phase_profile"": 225, ""source_phase_profile_going"": 130, ""track_distance"": 27, ""track_distance_going"": 12, ""track_distance_going_rail"": 4, ""track_phase_profile_going"": 66}",2025-06-28
expected-tempo-targets-v2.0-walk-forward,2025-06-28|rosehill|7,2025-06-28,racing-com-nsw-authorised-v2,NSW,rosehill,7,2400,good,out_4_6m,,,8,1.0,-0.9005169182373706,0.13626075949022293,-0.7279746082456623,slow,slow_early,24.495,23.195,23.2425,1.3936439999999966,0.7338870000000014,0.8413754999999985,track_phase_profile_going,66,"{""source_distance"": 5, ""source_distance_going"": 4, ""source_phase_profile"": 225, ""source_phase_profile_going"": 130, ""track_distance"": 3, ""track_distance_going"": 2, ""track_distance_going_rail"": 1, ""track_phase_profile_going"": 66}",2025-06-28
expected-tempo-targets-v2.0-walk-forward,2025-06-28|rosehill|9,2025-06-28,racing-com-nsw-authorised-v2,NSW,rosehill,9,2000,good,out_4_6m,,,9,1.0,-0.15547583608273932,-0.4206964048265991,0.08572009145753062,even,even,24.69571428571429,23.300714285714285,23.479642857142856,1.2496199999999966,0.8302560000000011,1.0457624999999993,track_distance_going,8,"{""source_distance"": 26, ""source_distance_going"": 16, ""source_phase_profile"": 225, ""source_phase_profile_going"": 130, ""track_distance"": 12, ""track_distance_going"": 8, ""track_distance_going_rail"": 0, ""track_phase_profile_going"": 66}",2025-06-28
expected-tempo-targets-v2.0-walk-forward,2025-06-28|rosehill|10,2025-06-28,racing-com-nsw-authorised-v2,NSW,rosehill,10,1200,good,out_4_6m,,,11,1.0,-1.640329598490428,0.16995042758465082,0.9512049172105851,slow,sprint_home,24.7325,22.729999999999997,22.877499999999998,0.6263984999999939,0.4707254999999985,0.7227674999999983,track_distance_going,20,"{""source_distance"": 77, ""source_distance_going"": 46, ""source_phase_profile"": 225, ""source_phase_profile_going"": 130, ""track_distance"": 31, ""track_distance_going"": 20, ""track_distance_going_rail"": 4, ""track_phase_profile_going"": 66}",2025-06-28
expected-tempo-targets-v2.0-walk-forward,2025-07-05|flemington|1,2025-07-05,racing-com-rv-authorised,VIC,flemington,1,1200,soft,true,open_or_quality,,8,1.0,2.2932685822204366,-1.29709761437806,0.5733171455551012,very_fast_or_collapse,very_fast_early,25.605,22.17,23.549999999999997,0.11119499999999893,0.3854760000000023,0.44477999999999573,track_distance_going,11,"{""source_distance"": 146, ""source_distance_going"": 32, ""source_phase_profile"": 522, ""source_phase_profile_going"": 104, ""track_distance"": 42, ""track_distance_going"": 11, ""track_distance_going_rail"": 2, ""track_phase_profile_going"": 38}",2025-07-05
expected-tempo-targets-v2.0-walk-forward,2025-07-05|flemington|2,2025-07-05,racing-com-rv-authorised,VIC,flemington,2,1600,soft,true,listed,,10,1.0,-0.8354856931750837,-0.5391810190171432,0.746377274631345,slow,slow_early,41.30714285714286,23.170714285714286,24.415714285714287,12.864202499999998,0.6941744999999991,0.8048399999999971,track_distance_going,8,"{""source_distance"": 118, ""source_distance_going"": 22, ""source_phase_profile"": 522, ""source_phase_profile_going"": 104, ""track_distance"": 44, ""track_distance_going"": 8, ""track_distance_going_rail"": 2, ""track_phase_profile_going"": 38}",2025-07-05
expected-tempo-targets-v2.0-walk-forward,2025-07-05|flemington|3,2025-07-05,racing-com-rv-authorised,VIC,flemington,3,1200,soft,true,listed,,6,1.0,-3.237555645487683,-0.6226068549014646,3.248797158145624,slow,sprint_home,25.605,22.17,23.549999999999997,0.11119499999999893,0.3854760000000023,0.44477999999999573,track_distance_going,11,"{""source_distance"": 146, ""source_distance_going"": 32, ""source_phase_profile"": 522, ""source_phase_profile_going"": 104, ""track_distance"": 42, ""track_distance_going"": 11, ""track_distance_going_rail"": 2, ""track_phase_profile_going"": 38}",2025-07-05
expected-tempo-targets-v2.0-walk-forward,2025-07-05|flemington|4,2025-07-05,racing-com-rv-authorised,VIC,flemington,4,1600,soft,true,open_or_quality,,9,1.0,-0.7083888132868824,0.8221481568601059,0.2307468387683111,slow,slow_early,41.30714285714286,23.170714285714286,24.415714285714287,12.864202499999998,0.6941744999999991,0.8048399999999971,track_distance_going,8,"{""source_distance"": 118, ""source_distance_going"": 22, ""source_phase_profile"": 522, ""source_phase_profile_going"": 104, ""track_distance"": 44, ""track_distance_going"": 8, ""track_distance_going_rail"": 2, ""track_phase_profile_going"": 38}",2025-07-05
expected-tempo-targets-v2.0-walk-forward,2025-07-05|flemington|6,2025-07-05,racing-com-rv-authorised,VIC,flemington,6,1200,soft,true,listed,,8,1.0,-2.428166734115762,0.012970976143787234,2.8441027024596717,slow,sprint_home,25.605,22.17,23.549999999999997,0.11119499999999893,0.3854760000000023,0.44477999999999573,track_distance_going,11,"{""source_distance"": 146, ""source_distance_going"": 32, ""source_phase_profile"": 522, ""source_phase_profile_going"": 104, ""track_distance"": 42, ""track_distance_going"": 11, ""track_distance_going_rail"": 2, ""track_phase_profile_going"": 38}",2025-07-05
expected-tempo-targets-v2.0-walk-forward,2025-07-05|flemington|8,2025-07-05,racing-com-rv-authorised,VIC,flemington,8,1600,soft,true,listed,,14,1.0,-0.7907880137036982,0.2891409663049963,1.914311273935556,slow,sprint_home,41.30714285714286,23.170714285714286,24.415714285714287,12.864202499999998,0.6941744999999991,0.8048399999999971,track_distance_going,8,"{""source_distance"": 118, ""source_distance_going"": 22, ""source_phase_profile"": 522, ""source_phase_profile_going"": 104, ""track_distance"": 44, ""track_distance_going"": 8, ""track_distance_going_rail"": 2, ""track_phase_profile_going"": 38}",2025-07-05
expected-tempo-targets-v2.0-walk-forward,2025-07-05|flemington|9,2025-07-05,racing-com-rv-authorised,VIC,flemington,9,1400,soft,true,open_or_quality,,11,1.0,-3.3474726581430714,1.380722260575609,2.9240707356854645,slow,sprint_home,37.510000000000005,23.158,24.456000000000003,0.40030200000000254,0.25204200000000354,0.5218752000000015,track_distance_going_rail,5,"{""source_distance"": 139, ""source_distance_going"": 31, ""source_phase_profile"": 522, ""source_phase_profile_going"": 104, ""track_distance"": 45, ""track_distance_going"": 13, ""track_distance_going_rail"": 5, ""track_phase_profile_going"": 38}",2025-07-05
expected-tempo-targets-v2.0-walk-forward,2025-07-05|rosehill|2,2025-07-05,racing-com-nsw-authorised-v2,NSW,rosehill,2,1200,soft,out_7m_plus,,,9,1.0,-1.0664793772084793,-2.9934757117907926,-0.2089264005526929,slow,slow_early,24.34172413793104,23.484827586206897,23.19655172413793,1.0204377931034492,0.3057223448275837,0.6865971724137923,track_distance_going,9,"{""source_distance"": 78, ""source_distance_going"": 27, ""source_phase_profile"": 231, ""source_phase_profile_going"": 77, ""track_distance"": 32, ""track_distance_going"": 9, ""track_distance_going_rail"": 0, ""track_phase_profile_going"": 30}",2025-07-05
expected-tempo-targets-v2.0-walk-forward,2025-07-05|rosehill|3,2025-07-05,racing-com-nsw-authorised-v2,NSW,rosehill,3,1200,soft,out_7m_plus,,,14,1.0,-0.8459857797342905,0.22840197122744965,-1.8401594510217762,slow,slow_early,24.34172413793104,23.484827586206897,23.19655172413793,1.0204377931034492,0.3057223448275837,0.6865971724137923,track_distance_going,9,"{""source_distance"": 78, ""source_distance_going"": 27, ""source_phase_profile"": 231, ""source_phase_profile_going"": 77, ""track_distance"": 32, ""track_distance_going"": 9, ""track_distance_going_rail"": 0, ""track_phase_profile_going"": 30}",2025-07-05
expected-tempo-targets-v2.0-walk-forward,2025-07-05|rosehill|4,2025-07-05,racing-com-nsw-authorised-v2,NSW,rosehill,4,1300,soft,out_7m_plus,,,12,1.0,0.6089421111702454,-0.33871294013750414,-0.19316155602131996,fast,fast_early,23.745185185185182,23.51814814814815,23.4337037037037,1.1498386666666671,0.315464333333331,0.7056077777777763,track_distance_going,7,"{""source_distance"": 24, ""source_distance_going"": 9, ""source_phase_profile"": 231, ""source_phase_profile_going"": 77, ""track_distance"": 19, ""track_distance_going"": 7, ""track_distance_going_rail"": 0, ""track_phase_profile_going"": 30}",2025-07-05
expected-tempo-targets-v2.0-walk-forward,2025-07-05|rosehill|7,2025-07-05,racing-com-nsw-authorised-v2,NSW,rosehill,7,2000,soft,out_7m_plus,,,13,0.9230769230769231,-0.7826978331894182,-3.084468978730065,-2.275390513896956,slow,slow_early,23.915,23.4825,23.33,1.3862310000000007,0.3298784999999976,0.6152789999999987,track_phase_profile_going,30,"{""source_distance"": 27, ""source_distance_going"": 6, ""source_phase_profile"": 231, ""source_phase_profile_going"": 77, ""track_distance"": 13, ""track_distance_going"": 2, ""track_distance_going_rail"": 0, ""track_phase_profile_going"": 30}",2025-07-05
expected-tempo-targets-v2.0-walk-forward,2025-07-05|rosehill|8,2025-07-05,racing-com-nsw-authorised-v2,NSW,rosehill,8,1200,soft,out_7m_plus,,,14,1.0,-0.6646910440332967,0.8335262061090446,-1.4105043171928675,slow,slow_early,24.34172413793104,23.484827586206897,23.19655172413793,1.0204377931034492,0.3057223448275837,0.6865971724137923,track_distance_going,9,"{""source_distance"": 78, ""source_distance_going"": 27, ""source_phase_profile"": 231, ""source_phase_profile_going"": 77, ""track_distance"": 32, ""track_distance_going"": 9, ""track_distance_going_rail"": 0, ""track_phase_profile_going"": 30}",2025-07-05
expected-tempo-targets-v2.0-walk-forward,2025-07-05|rosehill|9,2025-07-05,racing-com-nsw-authorised-v2,NSW,rosehill,9,1400,soft,out_7m_plus,,,13,0.9230769230769231,2.023472278429854,-0.965748132886952,-1.5176042088223438,very_fast_or_collapse,pace_collapse,23.825000000000003,23.41,23.16,0.15567299999999534,0.3261719999999983,0.38547599999999704,track_distance_going,11,"{""source_distance"": 73, ""source_distance_going"": 34, ""source_phase_profile"": 231, ""source_phase_profile_going"": 77, ""track_distance"": 29, ""track_distance_going"": 11, ""track_distance_going_rail"": 0, ""track_phase_profile_going"": 30}",2025-07-05
expected-tempo-targets-v2.0-walk-forward,2025-07-05|rosehill|10,2025-07-05,racing-com-nsw-authorised-v2,NSW,rosehill,10,1400,soft,out_7m_plus,,,13,1.0,4.0,-2.1154482910856998,-4.0,very_fast_or_collapse,pace_collapse,23.825000000000003,23.41,23.16,0.15567299999999534,0.3261719999999983,0.38547599999999704,track_distance_going,11,"{""source_distance"": 73, ""source_distance_going"": 34, ""source_phase_profile"": 231, ""source_phase_profile_going"": 77, ""track_distance"": 29, ""track_distance_going"": 11, ""track_distance_going_rail"": 0, ""track_phase_profile_going"": 30}",2025-07-05
expected-tempo-targets-v2.0-walk-forward,2025-07-12|caulfield|1,2025-07-12,racing-com-rv-authorised,VIC,caulfield,1,1100,soft,true,handicap_unspecified,,8,1.0,0.4073892483795176,-3.2990881358258775,1.6749501461819598,even,even,19.1856,22.329800000000002,24.495600000000003,0.5046770400000017,0.33803279999999886,0.5675392799999983,track_distance_going,5,"{""source_distance"": 85, ""source_distance_going"": 13, ""source_phase_profile"": 85, ""source_phase_profile_going"": 13, ""track_distance"": 46, ""track_distance_going"": 5, ""track_distance_going_rail"": 2, ""track_phase_profile_going"": 5}",2025-07-12
expected-tempo-targets-v2.0-walk-forward,2025-07-12|caulfield|2,2025-07-12,racing-com-rv-authorised,VIC,caulfield,2,1100,soft,true,handicap_unspecified,,12,1.0,0.5361844874100095,-0.4443355792692266,0.4415553404515065,fast,fast_early,19.1856,22.329800000000002,24.495600000000003,0.5046770400000017,0.33803279999999886,0.5675392799999983,track_distance_going,5,"{""source_distance"": 85, ""source_distance_going"": 13, ""source_phase_profile"": 85, ""source_phase_profile_going"": 13, ""track_distance"": 46, ""track_distance_going"": 5, ""track_distance_going_rail"": 2, ""track_phase_profile_going"": 5}",2025-07-12
expected-tempo-targets-v2.0-walk-forward,2025-07-12|caulfield|3,2025-07-12,racing-com-rv-authorised,VIC,caulfield,3,1400,soft,true,handicap_unspecified,,8,1.0,2.7187318149577253,2.445500016202835,-0.9900622716224591,very_fast_or_collapse,pace_collapse,38.10857142857142,23.923571428571428,24.964285714285715,0.7222379999999962,0.18956100000000065,0.8239019999999986,track_distance_going_rail,8,"{""source_distance"": 140, ""source_distance_going"": 32, ""source_phase_profile"": 529, ""source_phase_profile_going"": 111, ""track_distance"": 74, ""track_distance_going"": 11, ""track_distance_going_rail"": 8, ""track_phase_profile_going"": 35}",2025-07-12
expected-tempo-targets-v2.0-walk-forward,2025-07-12|caulfield|4,2025-07-12,racing-com-rv-authorised,VIC,caulfield,4,2000,soft,true,unclassified,,8,1.0,-1.9172367710448617,0.40901119654660495,0.0530498350150121,slow,very_slow_early,49.95285714285714,24.055714285714284,24.93,15.007088999999995,0.661875,0.7540079999999982,track_distance_going,8,"{""source_distance"": 61, ""source_distance_going"": 13, ""source_phase_profile"": 529, ""source_phase_profile_going"": 111, ""track_distance"": 33, ""track_distance_going"": 8, ""track_distance_going_rail"": 2, ""track_phase_profile_going"": 35}",2025-07-12
expected-tempo-targets-v2.0-walk-forward,2025-07-12|caulfield|5,2025-07-12,racing-com-rv-authorised,VIC,caulfield,5,2000,soft,true,handicap_unspecified,,12,0.9166666666666666,-1.7156653670237358,-1.1094024011871046,-1.9761063543092454,slow,very_slow_early,49.95285714285714,24.055714285714284,24.93,15.007088999999995,0.661875,0.7540079999999982,track_distance_going,8,"{""source_distance"": 61, ""source_distance_going"": 13, ""source_phase_profile"": 529, ""source_phase_profile_going"": 111, ""track_distance"": 33, ""track_distance_going"": 8, ""track_distance_going_rail"": 2, ""track_phase_profile_going"": 35}",2025-07-12
expected-tempo-targets-v2.0-walk-forward,2025-07-12|caulfield|6,2025-07-12,racing-com-rv-authorised,VIC,caulfield,6,1400,soft,true,benchmark,,15,1.0,0.9672316169620406,1.4959376062134433,-0.14044666199897948,very_fast_or_collapse,fast_early,38.10857142857142,23.923571428571428,24.964285714285715,0.7222379999999962,0.18956100000000065,0.8239019999999986,track_distance_going_rail,8,"{""source_distance"": 140, ""source_distance_going"": 32, ""source_phase_profile"": 529, ""source_phase_profile_going"": 111, ""track_distance"": 74, ""track_distance_going"": 11, ""track_distance_going_rail"": 8, ""track_phase_profile_going"": 35}",2025-07-12
expected-tempo-targets-v2.0-walk-forward,2025-07-12|caulfield|7,2025-07-12,racing-com-rv-authorised,VIC,caulfield,7,1400,soft,true,benchmark,,12,1.0,1.264917421364464,-1.7220238943061645,0.6848942159209683,very_fast_or_collapse,very_fast_early,38.10857142857142,23.923571428571428,24.964285714285715,0.7222379999999962,0.18956100000000065,0.8239019999999986,track_distance_going_rail,8,"{""source_distance"": 140, ""source_distance_going"": 32, ""source_phase_profile"": 529, ""source_phase_profile_going"": 111, ""track_distance"": 74, ""track_distance_going"": 11, ""track_distance_going_rail"": 8, ""track_phase_profile_going"": 35}",2025-07-12
expected-tempo-targets-v2.0-walk-forward,2025-07-12|caulfield|8,2025-07-12,racing-com-rv-authorised,VIC,caulfield,8,1100,soft,true,group,3,10,1.0,-0.5833433595473227,-2.722221038905103,2.34450732643564,slow,slow_early,19.1856,22.329800000000002,24.495600000000003,0.5046770400000017,0.33803279999999886,0.5675392799999983,track_distance_going,5,"{""source_distance"": 85, ""source_distance_going"": 13, ""source_phase_profile"": 85, ""source_phase_profile_going"": 13, ""track_distance"": 46, ""track_distance_going"": 5, ""track_distance_going_rail"": 2, ""track_phase_profile_going"": 5}",2025-07-12
expected-tempo-targets-v2.0-walk-forward,2025-07-12|randwick|1,2025-07-12,racing-com-nsw-authorised-v2,NSW,randwick,1,1400,soft,out_4_6m,,,8,1.0,-1.107584826087881,-0.4827933857306175,1.0431078024463671,slow,sprint_home,22.990000000000002,23.3,23.96,0.704235000000002,0.7042349999999968,0.6375179999999996,track_distance_going,23,"{""source_distance"": 75, ""source_distance_going"": 36, ""source_phase_profile"": 238, ""source_phase_profile_going"": 84, ""track_distance"": 44, ""track_distance_going"": 23, ""track_distance_going_rail"": 1, ""track_phase_profile_going"": 47}",2025-07-12
expected-tempo-targets-v2.0-walk-forward,2025-07-12|randwick|7,2025-07-12,racing-com-nsw-authorised-v2,NSW,randwick,7,1000,soft,out_4_6m,,,8,1.0,1.034037187770513,1.757704566321788,0.39681662052309236,very_fast_or_collapse,sustained_high_pressure,13.751829083567129,21.83086113039829,23.403711578519534,0.24837509385990159,0.2565056375439549,0.6015664822830757,track_distance_going,7,"{""source_distance"": 14, ""source_distance_going"": 7, ""source_phase_profile"": 14, ""source_phase_profile_going"": 7, ""track_distance"": 14, ""track_distance_going"": 7, ""track_distance_going_rail"": 1, ""track_phase_profile_going"": 7}",2025-07-12
expected-tempo-targets-v2.0-walk-forward,2025-07-12|randwick|9,2025-07-12,racing-com-nsw-authorised-v2,NSW,randwick,9,1400,soft,out_4_6m,,,14,1.0,0.5182928993872797,0.17039766555198413,0.1490154003494842,fast,fast_early,22.990000000000002,23.3,23.96,0.704235000000002,0.7042349999999968,0.6375179999999996,track_distance_going,23,"{""source_distance"": 75, ""source_distance_going"": 36, ""source_phase_profile"": 238, ""source_phase_profile_going"": 84, ""track_distance"": 44, ""track_distance_going"": 23, ""track_distance_going_rail"": 1, ""track_phase_profile_going"": 47}",2025-07-12
expected-tempo-targets-v2.0-walk-forward,2025-07-12|randwick|10,2025-07-12,racing-com-nsw-authorised-v2,NSW,randwick,10,1400,soft,out_4_6m,,,13,1.0,-0.3691949420292903,-0.9655867714612298,0.5176324433192451,even,even,22.990000000000002,23.3,23.96,0.704235000000002,0.7042349999999968,0.6375179999999996,track_distance_going,23,"{""source_distance"": 75, ""source_distance_going"": 36, ""source_phase_profile"": 238, ""source_phase_profile_going"": 84, ""track_distance"": 44, ""track_distance_going"": 23, ""track_distance_going_rail"": 1, ""track_phase_profile_going"": 47}",2025-07-12
expected-tempo-targets-v2.0-walk-forward,2025-07-19|flemington|1,2025-07-19,racing-com-rv-authorised,VIC,flemington,1,1400,soft,out_1_3m,handicap_unspecified,,8,1.0,-1.7298164375692204,1.3248925632575856,1.681730293628307,slow,sprint_home,37.4675,23.0875,24.39,0.5448554999999995,0.31134600000000123,0.5559750000000026,track_distance_going,14,"{""source_distance"": 143, ""source_distance_going"": 35, ""source_phase_profile"": 534, ""source_phase_profile_going"": 116, ""track_distance"": 46, ""track_distance_going"": 14, ""track_distance_going_rail"": 1, ""track_phase_profile_going"": 45}",2025-07-19
expected-tempo-targets-v2.0-walk-forward,2025-07-19|flemington|2,2025-07-19,racing-com-rv-authorised,VIC,flemington,2,1800,soft,out_1_3m,handicap_unspecified,,8,1.0,-1.6831457531955403,-1.1522550474391828,1.0993668284382274,slow,sprint_home,37.69,23.02,24.02,17.850503999999997,0.7116480000000006,0.9414510000000023,track_phase_profile_going,45,"{""source_distance"": 19, ""source_distance_going"": 2, ""source_phase_profile"": 534, ""source_phase_profile_going"": 116, ""track_distance"": 4, ""track_distance_going"": 1, ""track_distance_going_rail"": 1, ""track_phase_profile_going"": 45}",2025-07-19
expected-tempo-targets-v2.0-walk-forward,2025-07-19|flemington|4,2025-07-19,racing-com-rv-authorised,VIC,flemington,4,1000,soft,out_1_3m,handicap_unspecified,,9,1.0,-4.0,-0.2810378164485834,3.3496669474006633,slow,sprint_home,13.610000000000001,22.0675,23.6575,0.16308599999999915,0.5782140000000008,0.5485619999999988,source_distance_going,18,"{""source_distance"": 56, ""source_distance_going"": 18, ""source_phase_profile"": 56, ""source_phase_profile_going"": 18, ""track_distance"": 16, ""track_distance_going"": 2, ""track_distance_going_rail"": 1, ""track_phase_profile_going"": 2}",2025-07-19
expected-tempo-targets-v2.0-walk-forward,2025-07-19|flemington|5,2025-07-19,racing-com-rv-authorised,VIC,flemington,5,1600,soft,out_1_3m,benchmark,,10,1.0,-1.2858996493618564,0.6917853943349721,0.5857419753349347,slow,very_slow_early,50.72,23.39,24.384999999999998,1.0304070000000003,0.5782140000000008,0.8450820000000003,track_distance_going,11,"{""source_distance"": 121, ""source_distance_going"": 25, ""source_phase_profile"": 534, ""source_phase_profile_going"": 116, ""track_distance"": 47, ""track_distance_going"": 11, ""track_distance_going_rail"": 1, ""track_phase_profile_going"": 45}",2025-07-19
expected-tempo-targets-v2.0-walk-forward,2025-07-19|flemington|6,2025-07-19,racing-com-rv-authorised,VIC,flemington,6,1200,soft,out_1_3m,benchmark,,12,1.0,0.031616754350451595,0.23574434311804357,1.4409575316091046,even,even,25.627499999999998,22.240000000000002,23.405,0.2372160000000002,0.38176949999999776,0.3261719999999983,track_distance_going,14,"{""source_distance"": 149, ""source_distance_going"": 35, ""source_phase_profile"": 534, ""source_phase_profile_going"": 116, ""track_distance"": 45, ""track_distance_going"": 14, ""track_distance_going_rail"": 1, ""track_phase_profile_going"": 45}",2025-07-19
expected-tempo-targets-v2.0-walk-forward,2025-07-19|flemington|8,2025-07-19,racing-com-rv-authorised,VIC,flemington,8,2000,good,out_1_3m,handicap_unspecified,,18,1.0,-1.1138142426605793,-1.1531616210406246,1.4212483860399756,slow,sprint_home,75.59,23.365000000000002,24.23,1.93479300000001,0.22980300000000167,0.8302559999999981,track_distance_going,23,"{""source_distance"": 63, ""source_distance_going"": 48, ""source_phase_profile"": 534, ""source_phase_profile_going"": 418, ""track_distance"": 28, ""track_distance_going"": 23, ""track_distance_going_rail"": 2, ""track_phase_profile_going"": 129}",2025-07-19
expected-tempo-targets-v2.0-walk-forward,2025-07-19|flemington|9,2025-07-19,racing-com-rv-authorised,VIC,flemington,9,1000,good,out_1_3m,benchmark,,12,1.0,-1.1723291771855109,0.9646786443677002,0.7995618936841795,slow,sprint_home,13.9825,21.6475,22.5925,0.1556729999999993,0.31875899999999713,0.5596814999999993,track_distance_going,14,"{""source_distance"": 56, ""source_distance_going"": 38, ""source_phase_profile"": 56, ""source_phase_profile_going"": 38, ""track_distance"": 16, ""track_distance_going"": 14, ""track_distance_going_rail"": 3, ""track_phase_profile_going"": 14}",2025-07-19
expected-tempo-targets-v2.0-walk-forward,2025-07-19|rosehill|1,2025-07-19,racing-com-nsw-authorised-v2,NSW,rosehill,1,1200,soft,true,,,9,1.0,1.4869455379370413,-0.3603381905749644,-0.5007136642402671,very_fast_or_collapse,very_fast_early,25.228,23.478,23.29,0.26093760000000077,0.2275639999999987,0.6790307999999998,track_distance_going_rail,5,"{""source_distance"": 81, ""source_distance_going"": 30, ""source_phase_profile"": 241, ""source_phase_profile_going"": 87, ""track_distance"": 35, ""track_distance_going"": 12, ""track_distance_going_rail"": 5, ""track_phase_profile_going"": 37}",2025-07-19
expected-tempo-targets-v2.0-walk-forward,2025-07-19|rosehill|2,2025-07-19,racing-com-nsw-authorised-v2,NSW,rosehill,2,1300,soft,true,,,10,1.0,-0.5985178992058794,-0.5105958085757315,1.9614747125824907,slow,slow_early,23.70785714285714,23.531428571428574,23.485714285714284,1.1564280000000031,0.3399389999999978,0.6682290000000009,track_distance_going,8,"{""source_distance"": 25, ""source_distance_going"": 10, ""source_phase_profile"": 241, ""source_phase_profile_going"": 87, ""track_distance"": 20, ""track_distance_going"": 8, ""track_distance_going_rail"": 4, ""track_phase_profile_going"": 37}",2025-07-19
expected-tempo-targets-v2.0-walk-forward,2025-07-19|rosehill|5,2025-07-19,racing-com-nsw-authorised-v2,NSW,rosehill,5,1200,soft,true,,,9,1.0,-0.12263468354118526,1.6610711711870165,0.9277929660922585,even,even,25.228,23.478,23.29,0.26093760000000077,0.2275639999999987,0.6790307999999998,track_distance_going_rail,5,"{""source_distance"": 81, ""source_distance_going"": 30, ""source_phase_profile"": 241, ""source_phase_profile_going"": 87, ""track_distance"": 35, ""track_distance_going"": 12, ""track_distance_going_rail"": 5, ""track_phase_profile_going"": 37}",2025-07-19
expected-tempo-targets-v2.0-walk-forward,2025-07-19|rosehill|6,2025-07-19,racing-com-nsw-authorised-v2,NSW,rosehill,6,1200,soft,true,,,8,1.0,-4.0,0.8700848991932006,1.7377709523632803,slow,sprint_home,25.228,23.478,23.29,0.26093760000000077,0.2275639999999987,0.6790307999999998,track_distance_going_rail,5,"{""source_distance"": 81, ""source_distance_going"": 30, ""source_phase_profile"": 241, ""source_phase_profile_going"": 87, ""track_distance"": 35, ""track_distance_going"": 12, ""track_distance_going_rail"": 5, ""track_phase_profile_going"": 37}",2025-07-19
expected-tempo-targets-v2.0-walk-forward,2025-07-19|rosehill|7,2025-07-19,racing-com-nsw-authorised-v2,NSW,rosehill,7,2400,soft,true,,,11,1.0,-0.7698732911197503,-1.4944599180559854,-2.1715312256319708,slow,slow_early,23.93,23.495,23.419999999999998,1.4677740000000028,0.3780629999999985,0.6078660000000001,track_phase_profile_going,37,"{""source_distance"": 6, ""source_distance_going"": 1, ""source_phase_profile"": 241, ""source_phase_profile_going"": 87, ""track_distance"": 4, ""track_distance_going"": 1, ""track_distance_going_rail"": 0, ""track_phase_profile_going"": 37}",2025-07-19
expected-tempo-targets-v2.0-walk-forward,2025-07-19|rosehill|10,2025-07-19,racing-com-nsw-authorised-v2,NSW,rosehill,10,1300,soft,true,,,11,1.0,0.6985797151721848,2.828238511699392,0.6969381540075038,fast,sustained_high_pressure,23.70785714285714,23.531428571428574,23.485714285714284,1.1564280000000031,0.3399389999999978,0.6682290000000009,track_distance_going,8,"{""source_distance"": 25, ""source_distance_going"": 10, ""source_phase_profile"": 241, ""source_phase_profile_going"": 87, ""track_distance"": 20, ""track_distance_going"": 8, ""track_distance_going_rail"": 4, ""track_phase_profile_going"": 37}",2025-07-19
expected-tempo-targets-v2.0-walk-forward,2025-07-26|caulfield|1,2025-07-26,racing-com-rv-authorised,VIC,caulfield,1,1200,soft,out_4_6m,handicap_unspecified,,8,1.0,0.6274592724035517,-0.43997882077500977,2.2454191908380903,fast,fast_early,34.30793103448276,23.623448275862067,24.689999999999998,14.02948593103448,0.4808225172413788,0.8172193448275882,track_distance_going,9,"{""source_distance"": 150, ""source_distance_going"": 36, ""source_phase_profile"": 539, ""source_phase_profile_going"": 120, ""track_distance"": 54, ""track_distance_going"": 9, ""track_distance_going_rail"": 2, ""track_phase_profile_going"": 40}",2025-07-26
expected-tempo-targets-v2.0-walk-forward,2025-07-26|caulfield|2,2025-07-26,racing-com-rv-authorised,VIC,caulfield,2,1100,soft,out_4_6m,benchmark,,10,1.0,-0.2345812554643999,0.41393884979477796,2.025295591456002,even,even,19.191122448979588,22.46515306122449,24.355153061224488,0.5493940714285717,0.4956120000000003,0.7555208571428574,track_distance_going,8,"{""source_distance"": 88, ""source_distance_going"": 16, ""source_phase_profile"": 88, ""source_phase_profile_going"": 16, ""track_distance"": 49, ""track_distance_going"": 8, ""track_distance_going_rail"": 1, ""track_phase_profile_going"": 8}",2025-07-26
expected-tempo-targets-v2.0-walk-forward,2025-07-26|caulfield|3,2025-07-26,racing-com-rv-authorised,VIC,caulfield,3,2400,soft,out_4_6m,unclassified,,5,1.0,-3.296671101440315,0.1419980546266463,0.07157861120975854,slow,very_slow_early,38.5325,23.939999999999998,24.915,20.189305499999996,0.6338114999999976,0.908092500000001,track_phase_profile_going,40,"{""source_distance"": 10, ""source_distance_going"": 4, ""source_phase_profile"": 539, ""source_phase_profile_going"": 120, ""track_distance"": 8, ""track_distance_going"": 4, ""track_distance_going_rail"": 2, ""track_phase_profile_going"": 40}",2025-07-26
expected-tempo-targets-v2.0-walk-forward,2025-07-26|caulfield|4,2025-07-26,racing-com-rv-authorised,VIC,caulfield,4,2400,soft,out_4_6m,handicap_unspecified,,16,1.0,-3.2773539436510095,-0.24455220519034715,0.19271164556473813,slow,very_slow_early,38.5325,23.939999999999998,24.915,20.189305499999996,0.6338114999999976,0.908092500000001,track_phase_profile_going,40,"{""source_distance"": 10, ""source_distance_going"": 4, ""source_phase_profile"": 539, ""source_phase_profile_going"": 120, ""track_distance"": 8, ""track_distance_going"": 4, ""track_distance_going_rail"": 2, ""track_phase_profile_going"": 40}",2025-07-26
expected-tempo-targets-v2.0-walk-forward,2025-07-26|caulfield|5,2025-07-26,racing-com-rv-authorised,VIC,caulfield,5,1200,soft,out_4_6m,handicap_unspecified,,10,0.9,0.6855512084877633,1.1510448367463395,0.6485406927216263,fast,sustained_high_pressure,34.30793103448276,23.623448275862067,24.689999999999998,14.02948593103448,0.4808225172413788,0.8172193448275882,track_distance_going,9,"{""source_distance"": 150, ""source_distance_going"": 36, ""source_phase_profile"": 539, ""source_phase_profile_going"": 120, ""track_distance"": 54, ""track_distance_going"": 9, ""track_distance_going_rail"": 2, ""track_phase_profile_going"": 40}",2025-07-26
expected-tempo-targets-v2.0-walk-forward,2025-07-26|caulfield|6,2025-07-26,racing-com-rv-authorised,VIC,caulfield,6,1100,soft,out_4_6m,handicap_unspecified,,11,1.0,0.4206860994670122,-0.13084214824400928,0.8274464633426802,even,even,19.191122448979588,22.46515306122449,24.355153061224488,0.5493940714285717,0.4956120000000003,0.7555208571428574,track_distance_going,8,"{""source_distance"": 88, ""source_distance_going"": 16, ""source_phase_profile"": 88, ""source_phase_profile_going"": 16, ""track_distance"": 49, ""track_distance_going"": 8, ""track_distance_going_rail"": 1, ""track_phase_profile_going"": 8}",2025-07-26
expected-tempo-targets-v2.0-walk-forward,2025-07-26|caulfield|7,2025-07-26,racing-com-rv-authorised,VIC,caulfield,7,1600,soft,out_4_6m,benchmark,,11,1.0,-0.6408095612798569,-0.8835434510102836,1.6022596816954184,slow,slow_early,38.5325,23.939999999999998,24.915,20.189305499999996,0.6338114999999976,0.908092500000001,track_phase_profile_going,40,"{""source_distance"": 122, ""source_distance_going"": 26, ""source_phase_profile"": 539, ""source_phase_profile_going"": 120, ""track_distance"": 36, ""track_distance_going"": 2, ""track_distance_going_rail"": 0, ""track_phase_profile_going"": 40}",2025-07-26
expected-tempo-targets-v2.0-walk-forward,2025-07-26|caulfield|8,2025-07-26,racing-com-rv-authorised,VIC,caulfield,8,1200,soft,out_4_6m,group,3,8,1.0,0.6442097079615761,1.3070275482680462,1.780427750773527,fast,sustained_high_pressure,34.30793103448276,23.623448275862067,24.689999999999998,14.02948593103448,0.4808225172413788,0.8172193448275882,track_distance_going,9,"{""source_distance"": 150, ""source_distance_going"": 36, ""source_phase_profile"": 539, ""source_phase_profile_going"": 120, ""track_distance"": 54, ""track_distance_going"": 9, ""track_distance_going_rail"": 2, ""track_phase_profile_going"": 40}",2025-07-26
expected-tempo-targets-v2.0-walk-forward,2025-07-26|caulfield|9,2025-07-26,racing-com-rv-authorised,VIC,caulfield,9,1400,soft,out_4_6m,benchmark,,13,1.0,0.7494341771962281,0.1798642025270946,1.1219252236838397,fast,fast_early,37.715,23.91,25.04,0.6338114999999924,0.2779875,0.7487130000000011,track_distance_going,14,"{""source_distance"": 144, ""source_distance_going"": 36, ""source_phase_profile"": 539, ""source_phase_profile_going"": 120, ""track_distance"": 77, ""track_distance_going"": 14, ""track_distance_going_rail"": 0, ""track_phase_profile_going"": 40}",2025-07-26
expected-tempo-targets-v2.0-walk-forward,2025-07-26|randwick|4,2025-07-26,racing-com-nsw-authorised-v2,NSW,randwick,4,1300,soft,out_7m_plus,,,8,1.0,1.155561374691522,-0.5547213722798154,-2.153290583600999,very_fast_or_collapse,pace_collapse,23.777500000000003,23.17,23.747500000000002,1.512252000000002,0.7931909999999975,0.8858535000000054,track_phase_profile_going,50,"{""source_distance"": 27, ""source_distance_going"": 12, ""source_phase_profile"": 247, ""source_phase_profile_going"": 93, ""track_distance"": 5, ""track_distance_going"": 2, ""track_distance_going_rail"": 0, ""track_phase_profile_going"": 50}",2025-07-26
expected-tempo-targets-v2.0-walk-forward,2025-07-26|randwick|7,2025-07-26,racing-com-nsw-authorised-v2,NSW,randwick,7,1300,soft,out_7m_plus,,,11,1.0,0.3554301796261474,-0.6303651957725208,-0.5333839060296016,even,even,23.777500000000003,23.17,23.747500000000002,1.512252000000002,0.7931909999999975,0.8858535000000054,track_phase_profile_going,50,"{""source_distance"": 27, ""source_distance_going"": 12, ""source_phase_profile"": 247, ""source_phase_profile_going"": 93, ""track_distance"": 5, ""track_distance_going"": 2, ""track_distance_going_rail"": 0, ""track_phase_profile_going"": 50}",2025-07-26
expected-tempo-targets-v2.0-walk-forward,2025-08-02|flemington|3,2025-08-02,racing-com-rv-authorised,VIC,flemington,3,1200,good,out_7m_plus,benchmark,,16,1.0,-0.439347191952651,-0.6428740051261286,0.04215567246728458,even,even,25.3275,21.8825,23.1675,0.4040084999999986,0.2372160000000002,0.29652000000000156,track_distance_going_rail,12,"{""source_distance"": 153, ""source_distance_going"": 114, ""source_phase_profile"": 546, ""source_phase_profile_going"": 419, ""track_distance"": 46, ""track_distance_going"": 31, ""track_distance_going_rail"": 12, ""track_phase_profile_going"": 130}",2025-08-02
expected-tempo-targets-v2.0-walk-forward,2025-08-02|flemington|4,2025-08-02,racing-com-rv-authorised,VIC,flemington,4,1100,good,out_7m_plus,benchmark,,10,1.0,-1.7623790812130156,-0.4777642879625962,1.329431062156771,slow,sprint_home,19.490000000000002,21.61,22.97,0.22980300000000167,0.35582399999999764,0.5114969999999983,track_distance_going_rail,11,"{""source_distance"": 90, ""source_distance_going"": 72, ""source_phase_profile"": 90, ""source_phase_profile_going"": 72, ""track_distance"": 38, ""track_distance_going"": 30, ""track_distance_going_rail"": 11, ""track_phase_profile_going"": 30}",2025-08-02
expected-tempo-targets-v2.0-walk-forward,2025-08-02|flemington|5,2025-08-02,racing-com-rv-authorised,VIC,flemington,5,2000,good,out_7m_plus,benchmark,,12,1.0,-1.1684091896444802,-0.84822322782663,0.8782431764018191,slow,sprint_home,75.58500000000001,23.2775,24.265,0.9414510000000076,0.2446289999999987,0.711647999999998,track_distance_going_rail,10,"{""source_distance"": 64, ""source_distance_going"": 49, ""source_phase_profile"": 546, ""source_phase_profile_going"": 419, ""track_distance"": 29, ""track_distance_going"": 24, ""track_distance_going_rail"": 10, ""track_phase_profile_going"": 130}",2025-08-02
expected-tempo-targets-v2.0-walk-forward,2025-08-02|flemington|7,2025-08-02,racing-com-rv-authorised,VIC,flemington,7,1200,good,out_7m_plus,group,3,10,1.0,0.8230024863338378,0.7693410225279799,0.6491973559962161,very_fast_or_collapse,sustained_high_pressure,25.3275,21.8825,23.1675,0.4040084999999986,0.2372160000000002,0.29652000000000156,track_distance_going_rail,12,"{""source_distance"": 153, ""source_distance_going"": 114, ""source_phase_profile"": 546, ""source_phase_profile_going"": 419, ""track_distance"": 46, ""track_distance_going"": 31, ""track_distance_going_rail"": 12, ""track_phase_profile_going"": 130}",2025-08-02
expected-tempo-targets-v2.0-walk-forward,2025-08-02|rosehill|2,2025-08-02,racing-com-nsw-authorised-v2,NSW,rosehill,2,1400,heavy,out_4_6m,,,12,1.0,0.3466711070382855,-0.3350438301150716,-0.0641564997514216,even,even,24.730915576694414,24.321183115338883,25.07456004756243,1.5314676242568392,0.742639804994053,1.7993492925089194,track_phase_profile_going,9,"{""source_distance"": 78, ""source_distance_going"": 9, ""source_phase_profile"": 249, ""source_phase_profile_going"": 18, ""track_distance"": 31, ""track_distance_going"": 4, ""track_distance_going_rail"": 2, ""track_phase_profile_going"": 9}",2025-08-02
expected-tempo-targets-v2.0-walk-forward,2025-08-02|rosehill|3,2025-08-02,racing-com-nsw-authorised-v2,NSW,rosehill,3,1200,heavy,out_4_6m,,,13,1.0,-0.5975790804538328,0.2775509949045547,-0.10095414838152825,slow,slow_early,24.93103448275862,24.31155172413793,25.051551724137934,1.5378140689655195,0.6180908275862056,1.7676170689655175,track_phase_profile_going,9,"{""source_distance"": 84, ""source_distance_going"": 4, ""source_phase_profile"": 249, ""source_phase_profile_going"": 18, ""track_distance"": 38, ""track_distance_going"": 2, ""track_distance_going_rail"": 0, ""track_phase_profile_going"": 9}",2025-08-02
expected-tempo-targets-v2.0-walk-forward,2025-08-02|rosehill|4,2025-08-02,racing-com-nsw-authorised-v2,NSW,rosehill,4,1400,heavy,out_4_6m,,,6,1.0,-0.27038405301354246,-0.4293021765291328,0.850062883249137,even,even,24.730915576694414,24.321183115338883,25.07456004756243,1.5314676242568392,0.742639804994053,1.7993492925089194,track_phase_profile_going,9,"{""source_distance"": 78, ""source_distance_going"": 9, ""source_phase_profile"": 249, ""source_phase_profile_going"": 18, ""track_distance"": 31, ""track_distance_going"": 4, ""track_distance_going_rail"": 2, ""track_phase_profile_going"": 9}",2025-08-02
expected-tempo-targets-v2.0-walk-forward,2025-08-02|rosehill|5,2025-08-02,racing-com-nsw-authorised-v2,NSW,rosehill,5,1200,heavy,out_4_6m,,,7,1.0,-0.8511858121586298,0.13194132722598448,0.617527259327018,slow,slow_early,24.93103448275862,24.31155172413793,25.051551724137934,1.5378140689655195,0.6180908275862056,1.7676170689655175,track_phase_profile_going,9,"{""source_distance"": 84, ""source_distance_going"": 4, ""source_phase_profile"": 249, ""source_phase_profile_going"": 18, ""track_distance"": 38, ""track_distance_going"": 2, ""track_distance_going_rail"": 0, ""track_phase_profile_going"": 9}",2025-08-02
expected-tempo-targets-v2.0-walk-forward,2025-08-02|rosehill|7,2025-08-02,racing-com-nsw-authorised-v2,NSW,rosehill,7,2000,heavy,out_4_6m,,,9,1.0,-0.890202232420903,-1.9551305761668576,-0.31027550338323134,slow,slow_early,24.93103448275862,24.31155172413793,25.051551724137934,1.5378140689655195,0.6180908275862056,1.7676170689655175,track_phase_profile_going,9,"{""source_distance"": 28, ""source_distance_going"": 4, ""source_phase_profile"": 249, ""source_phase_profile_going"": 18, ""track_distance"": 14, ""track_distance_going"": 2, ""track_distance_going_rail"": 0, ""track_phase_profile_going"": 9}",2025-08-02
expected-tempo-targets-v2.0-walk-forward,2025-08-02|rosehill|9,2025-08-02,racing-com-nsw-authorised-v2,NSW,rosehill,9,1300,heavy,out_4_6m,,,4,1.0,0.3290609007752319,0.7062905719581243,0.2158565510805073,even,even,24.93103448275862,24.31155172413793,25.051551724137934,1.5378140689655195,0.6180908275862056,1.7676170689655175,track_phase_profile_going,9,"{""source_distance"": 29, ""source_distance_going"": 1, ""source_phase_profile"": 249, ""source_phase_profile_going"": 18, ""track_distance"": 22, ""track_distance_going"": 1, ""track_distance_going_rail"": 0, ""track_phase_profile_going"": 9}",2025-08-02
expected-tempo-targets-v2.0-walk-forward,2025-08-09|the-valley|1,2025-08-09,racing-com-rv-authorised,VIC,the-valley,1,2040,soft,true,,,8,1.0,-4.0,-0.7869058860560236,-0.8390007008123525,slow,very_slow_early,25.14,23.62,24.91,0.5189100000000021,0.5782140000000008,0.6078660000000001,track_phase_profile_going,17,"{""source_distance"": 17, ""source_distance_going"": 0, ""source_phase_profile"": 549, ""source_phase_profile_going"": 127, ""track_distance"": 17, ""track_distance_going"": 0, ""track_distance_going_rail"": 0, ""track_phase_profile_going"": 17}",2025-08-09
expected-tempo-targets-v2.0-walk-forward,2025-08-09|the-valley|3,2025-08-09,racing-com-rv-authorised,VIC,the-valley,3,1200,soft,true,,,11,1.0,-0.036817181194145655,1.0006181596630865,-0.31858537897004907,even,even,25.050384615384612,23.40346153846154,24.815384615384616,0.2611656923076924,0.3632369999999988,0.42254099999999917,track_distance_going_rail,6,"{""source_distance"": 155, ""source_distance_going"": 39, ""source_phase_profile"": 549, ""source_phase_profile_going"": 127, ""track_distance"": 43, ""track_distance_going"": 12, ""track_distance_going_rail"": 6, ""track_phase_profile_going"": 17}",2025-08-09
expected-tempo-targets-v2.0-walk-forward,2025-08-09|the-valley|4,2025-08-09,racing-com-rv-authorised,VIC,the-valley,4,1000,soft,true,,,5,1.0,0.270666971096179,-0.5122279832723551,0.1989233453580632,even,even,13.567943786982248,22.288224852071,23.754423076923075,0.21407778994082852,0.4134392396449721,0.5249412869822512,track_distance_going,6,"{""source_distance"": 58, ""source_distance_going"": 19, ""source_phase_profile"": 58, ""source_phase_profile_going"": 19, ""track_distance"": 16, ""track_distance_going"": 6, ""track_distance_going_rail"": 3, ""track_phase_profile_going"": 6}",2025-08-09
expected-tempo-targets-v2.0-walk-forward,2025-08-09|the-valley|5,2025-08-09,racing-com-rv-authorised,VIC,the-valley,5,1000,soft,true,,,11,1.0,0.5042269308370705,-0.7299141421315977,-1.1917083654692135,fast,fast_early,13.567943786982248,22.288224852071,23.754423076923075,0.21407778994082852,0.4134392396449721,0.5249412869822512,track_distance_going,6,"{""source_distance"": 58, ""source_distance_going"": 19, ""source_phase_profile"": 58, ""source_phase_profile_going"": 19, ""track_distance"": 16, ""track_distance_going"": 6, ""track_distance_going_rail"": 3, ""track_phase_profile_going"": 6}",2025-08-09
expected-tempo-targets-v2.0-walk-forward,2025-08-09|the-valley|6,2025-08-09,racing-com-rv-authorised,VIC,the-valley,6,1000,soft,true,,,8,1.0,0.4808709348629855,-0.9838813274673821,-1.0297854950304264,even,even,13.567943786982248,22.288224852071,23.754423076923075,0.21407778994082852,0.4134392396449721,0.5249412869822512,track_distance_going,6,"{""source_distance"": 58, ""source_distance_going"": 19, ""source_phase_profile"": 58, ""source_phase_profile_going"": 19, ""track_distance"": 16, ""track_distance_going"": 6, ""track_distance_going_rail"": 3, ""track_phase_profile_going"": 6}",2025-08-09
expected-tempo-targets-v2.0-walk-forward,2025-08-09|the-valley|7,2025-08-09,racing-com-rv-authorised,VIC,the-valley,7,2040,soft,true,,,8,1.0,-4.0,-0.9684995520689537,-1.0610891216156184,slow,very_slow_early,25.14,23.62,24.91,0.5189100000000021,0.5782140000000008,0.6078660000000001,track_phase_profile_going,17,"{""source_distance"": 17, ""source_distance_going"": 0, ""source_phase_profile"": 549, ""source_phase_profile_going"": 127, ""track_distance"": 17, ""track_distance_going"": 0, ""track_distance_going_rail"": 0, ""track_phase_profile_going"": 17}",2025-08-09
expected-tempo-targets-v2.0-walk-forward,2025-08-09|the-valley|8,2025-08-09,racing-com-rv-authorised,VIC,the-valley,8,1600,soft,true,,,10,1.0,-4.0,-1.1129097531363754,0.9635582278237084,slow,sprint_home,30.017000000000003,23.809,25.19,0.47887980000000063,0.5040839999999998,0.539666399999999,track_distance_going,5,"{""source_distance"": 123, ""source_distance_going"": 27, ""source_phase_profile"": 549, ""source_phase_profile_going"": 127, ""track_distance"": 25, ""track_distance_going"": 5, ""track_distance_going_rail"": 4, ""track_phase_profile_going"": 17}",2025-08-09
expected-tempo-targets-v2.0-walk-forward,2025-08-09|the-valley|9,2025-08-09,racing-com-rv-authorised,VIC,the-valley,9,1200,soft,true,,,13,1.0,1.4947775564819599,0.5326041632915653,-0.5789151457855762,very_fast_or_collapse,very_fast_early,25.050384615384612,23.40346153846154,24.815384615384616,0.2611656923076924,0.3632369999999988,0.42254099999999917,track_distance_going_rail,6,"{""source_distance"": 155, ""source_distance_going"": 39, ""source_phase_profile"": 549, ""source_phase_profile_going"": 127, ""track_distance"": 43, ""track_distance_going"": 12, ""track_distance_going_rail"": 6, ""track_phase_profile_going"": 17}",2025-08-09
expected-tempo-targets-v2.0-walk-forward,2025-08-16|caulfield|1,2025-08-16,racing-com-rv-authorised,VIC,caulfield,1,1100,soft,out_7m_plus,benchmark,,12,1.0,0.5796404964251954,0.2503264674346206,0.5239606328981287,fast,fast_early,18.97,22.505000000000003,24.2175,0.4744320000000004,0.3595305000000022,0.8636144999999993,track_distance_going,10,"{""source_distance"": 91, ""source_distance_going"": 18, ""source_phase_profile"": 91, ""source_phase_profile_going"": 18, ""track_distance"": 51, ""track_distance_going"": 10, ""track_distance_going_rail"": 1, ""track_phase_profile_going"": 10}",2025-08-16
expected-tempo-targets-v2.0-walk-forward,2025-08-16|caulfield|2,2025-08-16,racing-com-rv-authorised,VIC,caulfield,2,1800,soft,out_7m_plus,benchmark,,13,1.0,-1.3340490781242529,0.5162768776240615,0.4186494369165095,slow,very_slow_early,38.245,23.91,24.740000000000002,19.755644999999994,0.6004529999999964,0.8599080000000027,track_phase_profile_going,47,"{""source_distance"": 20, ""source_distance_going"": 3, ""source_phase_profile"": 554, ""source_phase_profile_going"": 132, ""track_distance"": 7, ""track_distance_going"": 1, ""track_distance_going_rail"": 0, ""track_phase_profile_going"": 47}",2025-08-16
expected-tempo-targets-v2.0-walk-forward,2025-08-16|caulfield|3,2025-08-16,racing-com-rv-authorised,VIC,caulfield,3,1400,soft,out_7m_plus,benchmark,,12,1.0,-1.6402388923635474,-0.18606641640734972,1.606514354389705,slow,sprint_home,37.68,23.91,25.0,0.6523439999999966,0.21497699999999936,0.815430000000001,track_distance_going,15,"{""source_distance"": 145, ""source_distance_going"": 37, ""source_phase_profile"": 554, ""source_phase_profile_going"": 132, ""track_distance"": 78, ""track_distance_going"": 15, ""track_distance_going_rail"": 0, ""track_phase_profile_going"": 47}",2025-08-16
expected-tempo-targets-v2.0-walk-forward,2025-08-16|caulfield|4,2025-08-16,racing-com-rv-authorised,VIC,caulfield,4,1400,soft,out_7m_plus,benchmark,,10,1.0,0.4828740664434706,3.395712099433905,0.17168855695767926,even,even,37.68,23.91,25.0,0.6523439999999966,0.21497699999999936,0.815430000000001,track_distance_going,15,"{""source_distance"": 145, ""source_distance_going"": 37, ""source_phase_profile"": 554, ""source_phase_profile_going"": 132, ""track_distance"": 78, ""track_distance_going"": 15, ""track_distance_going_rail"": 0, ""track_phase_profile_going"": 47}",2025-08-16
expected-tempo-targets-v2.0-walk-forward,2025-08-16|caulfield|5,2025-08-16,racing-com-rv-authorised,VIC,caulfield,5,1100,soft,out_7m_plus,group,3,7,1.0,-0.5058680696074501,-1.0430269476442031,1.1434499999710537,slow,slow_early,18.97,22.505000000000003,24.2175,0.4744320000000004,0.3595305000000022,0.8636144999999993,track_distance_going,10,"{""source_distance"": 91, ""source_distance_going"": 18, ""source_phase_profile"": 91, ""source_phase_profile_going"": 18, ""track_distance"": 51, ""track_distance_going"": 10, ""track_distance_going_rail"": 1, ""track_phase_profile_going"": 10}",2025-08-16
expected-tempo-targets-v2.0-walk-forward,2025-08-16|caulfield|6,2025-08-16,racing-com-rv-authorised,VIC,caulfield,6,1100,soft,out_7m_plus,group,3,10,1.0,-0.3267064616214779,-0.5284669868063949,0.48343329112700667,even,even,18.97,22.505000000000003,24.2175,0.4744320000000004,0.3595305000000022,0.8636144999999993,track_distance_going,10,"{""source_distance"": 91, ""source_distance_going"": 18, ""source_phase_profile"": 91, ""source_phase_profile_going"": 18, ""track_distance"": 51, ""track_distance_going"": 10, ""track_distance_going_rail"": 1, ""track_phase_profile_going"": 10}",2025-08-16
expected-tempo-targets-v2.0-walk-forward,2025-08-16|caulfield|7,2025-08-16,racing-com-rv-authorised,VIC,caulfield,7,1200,soft,out_7m_plus,listed,,8,1.0,-0.37213283281466636,0.29095679820558973,0.46308320799885533,even,even,24.975,22.965,24.155,0.4299539999999987,0.18903149999999924,0.7450064999999992,track_distance_going,12,"{""source_distance"": 157, ""source_distance_going"": 41, ""source_phase_profile"": 554, ""source_phase_profile_going"": 132, ""track_distance"": 57, ""track_distance_going"": 12, ""track_distance_going_rail"": 4, ""track_phase_profile_going"": 47}",2025-08-16
expected-tempo-targets-v2.0-walk-forward,2025-08-16|caulfield|8,2025-08-16,racing-com-rv-authorised,VIC,caulfield,8,1400,soft,out_7m_plus,group,2,9,1.0,-2.5906576898078413,-1.860664164073365,2.7470169113228553,slow,sprint_home,37.68,23.91,25.0,0.6523439999999966,0.21497699999999936,0.815430000000001,track_distance_going,15,"{""source_distance"": 145, ""source_distance_going"": 37, ""source_phase_profile"": 554, ""source_phase_profile_going"": 132, ""track_distance"": 78, ""track_distance_going"": 15, ""track_distance_going_rail"": 0, ""track_phase_profile_going"": 47}",2025-08-16
expected-tempo-targets-v2.0-walk-forward,2025-08-16|caulfield|9,2025-08-16,racing-com-rv-authorised,VIC,caulfield,9,1600,soft,out_7m_plus,benchmark,,11,0.9090909090909091,-0.7013185345251957,0.16654092826582934,0.976848686138518,slow,slow_early,38.245,23.91,24.740000000000002,19.755644999999994,0.6004529999999964,0.8599080000000027,track_phase_profile_going,47,"{""source_distance"": 124, ""source_distance_going"": 28, ""source_phase_profile"": 554, ""source_phase_profile_going"": 132, ""track_distance"": 37, ""track_distance_going"": 3, ""track_distance_going_rail"": 0, ""track_phase_profile_going"": 47}",2025-08-16
expected-tempo-targets-v2.0-walk-forward,2025-08-16|rosehill|2,2025-08-16,racing-com-nsw-authorised-v2,NSW,rosehill,2,1300,heavy,out_1_3m,,,14,1.0,1.3347065822446964,0.7051494303618964,0.01790683432238377,very_fast_or_collapse,sustained_high_pressure,25.145,24.14,24.104999999999997,1.4010569999999951,0.4892579999999974,0.8376690000000071,track_phase_profile_going,15,"{""source_distance"": 30, ""source_distance_going"": 2, ""source_phase_profile"": 255, ""source_phase_profile_going"": 24, ""track_distance"": 23, ""track_distance_going"": 2, ""track_distance_going_rail"": 0, ""track_phase_profile_going"": 15}",2025-08-16
expected-tempo-targets-v2.0-walk-forward,2025-08-16|rosehill|3,2025-08-16,racing-com-nsw-authorised-v2,NSW,rosehill,3,1300,heavy,out_1_3m,,,9,1.0,0.738727974664845,1.2059077214884641,0.6028634221870347,fast,sustained_high_pressure,25.145,24.14,24.104999999999997,1.4010569999999951,0.4892579999999974,0.8376690000000071,track_phase_profile_going,15,"{""source_distance"": 30, ""source_distance_going"": 2, ""source_phase_profile"": 255, ""source_phase_profile_going"": 24, ""track_distance"": 23, ""track_distance_going"": 2, ""track_distance_going_rail"": 0, ""track_phase_profile_going"": 15}",2025-08-16
expected-tempo-targets-v2.0-walk-forward,2025-08-16|rosehill|4,2025-08-16,racing-com-nsw-authorised-v2,NSW,rosehill,4,1400,heavy,out_1_3m,,,9,1.0,0.4170746560484787,1.0580045602155757,0.4451711812411561,even,even,24.902115384615385,24.133653846153845,24.04038461538461,1.587522461538458,0.5611070769230753,1.0566376153846209,track_distance_going,6,"{""source_distance"": 80, ""source_distance_going"": 11, ""source_phase_profile"": 255, ""source_phase_profile_going"": 24, ""track_distance"": 33, ""track_distance_going"": 6, ""track_distance_going_rail"": 0, ""track_phase_profile_going"": 15}",2025-08-16
expected-tempo-targets-v2.0-walk-forward,2025-08-16|rosehill|7,2025-08-16,racing-com-nsw-authorised-v2,NSW,rosehill,7,1400,heavy,out_1_3m,,,12,1.0,0.3162886804945044,-0.08259769971232951,0.8426584501825707,even,even,24.902115384615385,24.133653846153845,24.04038461538461,1.587522461538458,0.5611070769230753,1.0566376153846209,track_distance_going,6,"{""source_distance"": 80, ""source_distance_going"": 11, ""source_phase_profile"": 255, ""source_phase_profile_going"": 24, ""track_distance"": 33, ""track_distance_going"": 6, ""track_distance_going_rail"": 0, ""track_phase_profile_going"": 15}",2025-08-16
expected-tempo-targets-v2.0-walk-forward,2025-08-16|rosehill|8,2025-08-16,racing-com-nsw-authorised-v2,NSW,rosehill,8,1400,heavy,out_1_3m,,,10,1.0,0.3288869274387509,0.27384050651513925,0.4924910942103726,even,even,24.902115384615385,24.133653846153845,24.04038461538461,1.587522461538458,0.5611070769230753,1.0566376153846209,track_distance_going,6,"{""source_distance"": 80, ""source_distance_going"": 11, ""source_phase_profile"": 255, ""source_phase_profile_going"": 24, ""track_distance"": 33, ""track_distance_going"": 6, ""track_distance_going_rail"": 0, ""track_phase_profile_going"": 15}",2025-08-16
expected-tempo-targets-v2.0-walk-forward,2025-08-16|rosehill|10,2025-08-16,racing-com-nsw-authorised-v2,NSW,rosehill,10,1200,heavy,out_1_3m,,,8,1.0,-0.760140379727595,-0.8993210126354604,1.5698324755959532,slow,sprint_home,25.145,24.14,24.104999999999997,1.4010569999999951,0.4892579999999974,0.8376690000000071,track_phase_profile_going,15,"{""source_distance"": 86, ""source_distance_going"": 6, ""source_phase_profile"": 255, ""source_phase_profile_going"": 24, ""track_distance"": 40, ""track_distance_going"": 4, ""track_distance_going_rail"": 0, ""track_phase_profile_going"": 15}",2025-08-16
expected-tempo-targets-v2.0-walk-forward,2025-08-23|randwick|1,2025-08-23,racing-com-nsw-authorised-v2,NSW,randwick,1,1200,heavy,true,,,13,0.9230769230769231,-0.5315027839351134,2.4254944788500263,0.20853976936471935,slow,slow_early,25.135593869731803,24.37550446998723,24.980932311621963,1.118349984674329,0.49082959386973046,1.5389501609195435,track_phase_profile_going,9,"{""source_distance"": 87, ""source_distance_going"": 7, ""source_phase_profile"": 261, ""source_phase_profile_going"": 30, ""track_distance"": 46, ""track_distance_going"": 2, ""track_distance_going_rail"": 0, ""track_phase_profile_going"": 9}",2025-08-23
expected-tempo-targets-v2.0-walk-forward,2025-08-23|randwick|4,2025-08-23,racing-com-nsw-authorised-v2,NSW,randwick,4,1200,heavy,true,,,9,1.0,-0.4510270820230609,1.9467132420724136,0.741370539862214,even,even,25.135593869731803,24.37550446998723,24.980932311621963,1.118349984674329,0.49082959386973046,1.5389501609195435,track_phase_profile_going,9,"{""source_distance"": 87, ""source_distance_going"": 7, ""source_phase_profile"": 261, ""source_phase_profile_going"": 30, ""track_distance"": 46, ""track_distance_going"": 2, ""track_distance_going_rail"": 0, ""track_phase_profile_going"": 9}",2025-08-23
expected-tempo-targets-v2.0-walk-forward,2025-08-23|randwick|5,2025-08-23,racing-com-nsw-authorised-v2,NSW,randwick,5,2000,heavy,true,,,7,1.0,-0.45068373047360305,1.0709514650886864,0.5144018252126146,even,even,25.043103448275865,24.4448275862069,25.221034482758625,1.2356704137931036,0.6114446896551711,1.596095586206899,track_phase_profile_going,9,"{""source_distance"": 29, ""source_distance_going"": 5, ""source_phase_profile"": 261, ""source_phase_profile_going"": 30, ""track_distance"": 14, ""track_distance_going"": 2, ""track_distance_going_rail"": 0, ""track_phase_profile_going"": 9}",2025-08-23
expected-tempo-targets-v2.0-walk-forward,2025-08-23|randwick|6,2025-08-23,racing-com-nsw-authorised-v2,NSW,randwick,6,1200,heavy,true,,,8,1.0,-0.38843486942479744,2.578297001225857,0.04284239561245339,even,even,25.135593869731803,24.37550446998723,24.980932311621963,1.118349984674329,0.49082959386973046,1.5389501609195435,track_phase_profile_going,9,"{""source_distance"": 87, ""source_distance_going"": 7, ""source_phase_profile"": 261, ""source_phase_profile_going"": 30, ""track_distance"": 46, ""track_distance_going"": 2, ""track_distance_going_rail"": 0, ""track_phase_profile_going"": 9}",2025-08-23
expected-tempo-targets-v2.0-walk-forward,2025-08-23|randwick|8,2025-08-23,racing-com-nsw-authorised-v2,NSW,randwick,8,1400,heavy,true,,,11,1.0,0.41596754562665017,0.6252292187444003,1.0178832750527629,even,even,24.5428275862069,24.58455172413793,25.47310344827586,0.7280077241379315,0.7909926620689633,1.5061682275862067,track_distance_going,5,"{""source_distance"": 83, ""source_distance_going"": 14, ""source_phase_profile"": 261, ""source_phase_profile_going"": 30, ""track_distance"": 47, ""track_distance_going"": 5, ""track_distance_going_rail"": 0, ""track_phase_profile_going"": 9}",2025-08-23
expected-tempo-targets-v2.0-walk-forward,2025-08-23|randwick|9,2025-08-23,racing-com-nsw-authorised-v2,NSW,randwick,9,1200,heavy,true,,,8,1.0,-0.5538571455773522,2.2115709475238607,0.7088808587343177,slow,slow_early,25.135593869731803,24.37550446998723,24.980932311621963,1.118349984674329,0.49082959386973046,1.5389501609195435,track_phase_profile_going,9,"{""source_distance"": 87, ""source_distance_going"": 7, ""source_phase_profile"": 261, ""source_phase_profile_going"": 30, ""track_distance"": 46, ""track_distance_going"": 2, ""track_distance_going_rail"": 0, ""track_phase_profile_going"": 9}",2025-08-23
expected-tempo-targets-v2.0-walk-forward,2025-08-23|the-valley|1,2025-08-23,racing-com-rv-authorised,VIC,the-valley,1,1200,soft,out_4_6m,,,6,1.0,-1.5198425631126422,-2.004865636789064,2.558545542110653,slow,sprint_home,25.00826923076923,23.381923076923076,24.80403846153846,0.2577443076923066,0.3307338461538453,0.45105253846153825,track_distance_going_rail,6,"{""source_distance"": 158, ""source_distance_going"": 42, ""source_phase_profile"": 560, ""source_phase_profile_going"": 138, ""track_distance"": 45, ""track_distance_going"": 14, ""track_distance_going_rail"": 6, ""track_phase_profile_going"": 22}",2025-08-23
expected-tempo-targets-v2.0-walk-forward,2025-08-23|the-valley|2,2025-08-23,racing-com-rv-authorised,VIC,the-valley,2,2500,soft,out_4_6m,,,7,1.0,-4.0,0.27424349561136624,1.105415411364416,slow,sprint_home,25.200000000000003,23.675,24.97,0.7338870000000041,0.674583,0.5337360000000018,track_phase_profile_going,22,"{""source_distance"": 5, ""source_distance_going"": 0, ""source_phase_profile"": 560, ""source_phase_profile_going"": 138, ""track_distance"": 2, ""track_distance_going"": 0, ""track_distance_going_rail"": 0, ""track_phase_profile_going"": 22}",2025-08-23
expected-tempo-targets-v2.0-walk-forward,2025-08-23|the-valley|4,2025-08-23,racing-com-rv-authorised,VIC,the-valley,4,2040,good,out_4_6m,,,8,1.0,-0.09854572784560355,-0.8805851582055542,-0.5699185487050322,even,even,78.25,23.71,24.555,2.2832040000000093,0.26686799999999955,0.9562769999999993,track_distance_going,17,"{""source_distance"": 19, ""source_distance_going"": 17, ""source_phase_profile"": 560, ""source_phase_profile_going"": 422, ""track_distance"": 19, ""track_distance_going"": 17, ""track_distance_going_rail"": 0, ""track_phase_profile_going"": 71}",2025-08-23
expected-tempo-targets-v2.0-walk-forward,2025-08-23|the-valley|5,2025-08-23,racing-com-rv-authorised,VIC,the-valley,5,1200,good,out_4_6m,,,9,1.0,0.02366634243777896,-0.14307379746473364,-1.2493408385759746,even,even,24.5,22.82,23.735,0.42254100000000017,0.4892579999999974,0.6523439999999966,track_distance_going,31,"{""source_distance"": 158, ""source_distance_going"": 116, ""source_phase_profile"": 560, ""source_phase_profile_going"": 422, ""track_distance"": 45, ""track_distance_going"": 31, ""track_distance_going_rail"": 2, ""track_phase_profile_going"": 71}",2025-08-23
expected-tempo-targets-v2.0-walk-forward,2025-08-23|the-valley|6,2025-08-23,racing-com-rv-authorised,VIC,the-valley,6,1600,good,out_4_6m,,,12,1.0,-1.6129126857048828,-1.0062075264323027,-0.12094317066477094,slow,very_slow_early,48.722500000000004,23.575,24.37,0.7672455000000027,0.45219299999999957,0.537442500000001,track_distance_going,20,"{""source_distance"": 125, ""source_distance_going"": 96, ""source_phase_profile"": 560, ""source_phase_profile_going"": 422, ""track_distance"": 26, ""track_distance_going"": 20, ""track_distance_going_rail"": 0, ""track_phase_profile_going"": 71}",2025-08-23
expected-tempo-targets-v2.0-walk-forward,2025-08-23|the-valley|7,2025-08-23,racing-com-rv-authorised,VIC,the-valley,7,1000,good,out_4_6m,,,7,1.0,0.14547839910279486,-2.4036397974075077,-2.355001634782718,even,even,13.4375,21.57,23.225,0.18903149999999924,0.20385749999999894,0.21868349999999598,track_distance_going,10,"{""source_distance"": 61, ""source_distance_going"": 39, ""source_phase_profile"": 61, ""source_phase_profile_going"": 39, ""track_distance"": 19, ""track_distance_going"": 10, ""track_distance_going_rail"": 0, ""track_phase_profile_going"": 10}",2025-08-23
expected-tempo-targets-v2.0-walk-forward,2025-08-23|the-valley|9,2025-08-23,racing-com-rv-authorised,VIC,the-valley,9,1200,good,out_4_6m,,,12,1.0,-1.6566439706442666,-0.8686623417501664,-0.030658670885304735,slow,very_slow_early,24.5,22.82,23.735,0.42254100000000017,0.4892579999999974,0.6523439999999966,track_distance_going,31,"{""source_distance"": 158, ""source_distance_going"": 116, ""source_phase_profile"": 560, ""source_phase_profile_going"": 422, ""track_distance"": 45, ""track_distance_going"": 31, ""track_distance_going_rail"": 2, ""track_phase_profile_going"": 71}",2025-08-23
expected-tempo-targets-v2.0-walk-forward,2025-08-30|caulfield|1,2025-08-30,racing-com-rv-authorised,VIC,caulfield,1,1800,soft,true,benchmark,,15,1.0,-1.2404883303190555,0.9832937577911978,0.5408079062470004,slow,slow_early,38.75,23.895000000000003,24.605,20.185599000000003,0.6152789999999935,0.8228429999999995,track_phase_profile_going,53,"{""source_distance"": 21, ""source_distance_going"": 4, ""source_phase_profile"": 566, ""source_phase_profile_going"": 140, ""track_distance"": 8, ""track_distance_going"": 2, ""track_distance_going_rail"": 1, ""track_phase_profile_going"": 53}",2025-08-30
expected-tempo-targets-v2.0-walk-forward,2025-08-30|caulfield|2,2025-08-30,racing-com-rv-authorised,VIC,caulfield,2,1400,soft,true,benchmark,,12,1.0,2.1537716296923226,1.1109259567849739,-0.042155672467289074,very_fast_or_collapse,very_fast_early,37.75,23.895000000000003,25.08,0.6523439999999966,0.37806300000000376,0.7116479999999953,track_distance_going_rail,11,"{""source_distance"": 148, ""source_distance_going"": 40, ""source_phase_profile"": 566, ""source_phase_profile_going"": 140, ""track_distance"": 81, ""track_distance_going"": 18, ""track_distance_going_rail"": 11, ""track_phase_profile_going"": 53}",2025-08-30
expected-tempo-targets-v2.0-walk-forward,2025-08-30|caulfield|3,2025-08-30,racing-com-rv-authorised,VIC,caulfield,3,1400,soft,true,benchmark,,12,1.0,0.6208380854273255,1.7192901712148483,1.6229933899905695,fast,sustained_high_pressure,37.75,23.895000000000003,25.08,0.6523439999999966,0.37806300000000376,0.7116479999999953,track_distance_going_rail,11,"{""source_distance"": 148, ""source_distance_going"": 40, ""source_phase_profile"": 566, ""source_phase_profile_going"": 140, ""track_distance"": 81, ""track_distance_going"": 18, ""track_distance_going_rail"": 11, ""track_phase_profile_going"": 53}",2025-08-30
expected-tempo-targets-v2.0-walk-forward,2025-08-30|caulfield|4,2025-08-30,racing-com-rv-authorised,VIC,caulfield,4,2000,soft,true,open_or_quality,,14,1.0,0.20694602847577154,1.1409296428957314,2.6716841771475512,even,even,77.785,24.27,24.9925,1.3046879999999932,0.7450064999999992,0.28540050000000117,track_distance_going,10,"{""source_distance"": 65, ""source_distance_going"": 15, ""source_phase_profile"": 566, ""source_phase_profile_going"": 140, ""track_distance"": 35, ""track_distance_going"": 10, ""track_distance_going_rail"": 4, ""track_phase_profile_going"": 53}",2025-08-30
expected-tempo-targets-v2.0-walk-forward,2025-08-30|caulfield|6,2025-08-30,racing-com-rv-authorised,VIC,caulfield,6,1200,soft,true,group,3,9,1.0,1.9837963514017514,2.4526936708240084,-0.04447191820724954,very_fast_or_collapse,very_fast_early,25.03,22.96,24.15,0.5040839999999998,0.16308599999999915,0.6745830000000027,track_distance_going,13,"{""source_distance"": 161, ""source_distance_going"": 43, ""source_phase_profile"": 566, ""source_phase_profile_going"": 140, ""track_distance"": 58, ""track_distance_going"": 13, ""track_distance_going_rail"": 3, ""track_phase_profile_going"": 53}",2025-08-30
expected-tempo-targets-v2.0-walk-forward,2025-08-30|caulfield|7,2025-08-30,racing-com-rv-authorised,VIC,caulfield,7,1100,soft,true,group,3,11,1.0,1.3202327324837004,1.9976407174285575,0.24784140323049234,very_fast_or_collapse,sustained_high_pressure,18.967000000000002,22.536,23.889,0.4521929999999995,0.3484110000000002,0.8836295999999959,track_distance_going_rail,5,"{""source_distance"": 94, ""source_distance_going"": 21, ""source_phase_profile"": 94, ""source_phase_profile_going"": 21, ""track_distance"": 54, ""track_distance_going"": 13, ""track_distance_going_rail"": 5, ""track_phase_profile_going"": 13}",2025-08-30
expected-tempo-targets-v2.0-walk-forward,2025-08-30|caulfield|8,2025-08-30,racing-com-rv-authorised,VIC,caulfield,8,1200,soft,true,group,3,13,1.0,1.8846065338316695,1.7782029113473914,0.5040150730154754,very_fast_or_collapse,sustained_high_pressure,25.03,22.96,24.15,0.5040839999999998,0.16308599999999915,0.6745830000000027,track_distance_going,13,"{""source_distance"": 161, ""source_distance_going"": 43, ""source_phase_profile"": 566, ""source_phase_profile_going"": 140, ""track_distance"": 58, ""track_distance_going"": 13, ""track_distance_going_rail"": 3, ""track_phase_profile_going"": 53}",2025-08-30
expected-tempo-targets-v2.0-walk-forward,2025-08-30|caulfield|9,2025-08-30,racing-com-rv-authorised,VIC,caulfield,9,1400,soft,true,group,1,9,1.0,1.9008375948885994,2.4466821667288126,1.4332928638877735,very_fast_or_collapse,sustained_high_pressure,37.75,23.895000000000003,25.08,0.6523439999999966,0.37806300000000376,0.7116479999999953,track_distance_going_rail,11,"{""source_distance"": 148, ""source_distance_going"": 40, ""source_phase_profile"": 566, ""source_phase_profile_going"": 140, ""track_distance"": 81, ""track_distance_going"": 18, ""track_distance_going_rail"": 11, ""track_phase_profile_going"": 53}",2025-08-30
expected-tempo-targets-v2.0-walk-forward,2025-08-30|caulfield|10,2025-08-30,racing-com-rv-authorised,VIC,caulfield,10,1400,soft,true,benchmark,,14,1.0,-1.6479035600848762,2.393780930691425,1.8899793156167204,slow,sprint_home,37.75,23.895000000000003,25.08,0.6523439999999966,0.37806300000000376,0.7116479999999953,track_distance_going_rail,11,"{""source_distance"": 148, ""source_distance_going"": 40, ""source_phase_profile"": 566, ""source_phase_profile_going"": 140, ""track_distance"": 81, ""track_distance_going"": 18, ""track_distance_going_rail"": 11, ""track_phase_profile_going"": 53}",2025-08-30
expected-tempo-targets-v2.0-walk-forward,2025-08-30|rosehill|2,2025-08-30,racing-com-nsw-authorised-v2,NSW,rosehill,2,1400,soft,out_1_3m,,,15,1.0,1.0398399208597606,-1.8696410525842202,-1.2970976143780684,very_fast_or_collapse,pace_collapse,23.75,23.439999999999998,23.3,0.35582399999999764,0.42254100000000544,0.38547599999999704,track_distance_going,13,"{""source_distance"": 84, ""source_distance_going"": 39, ""source_phase_profile"": 267, ""source_phase_profile_going"": 95, ""track_distance"": 36, ""track_distance_going"": 13, ""track_distance_going_rail"": 2, ""track_phase_profile_going"": 43}",2025-08-30
expected-tempo-targets-v2.0-walk-forward,2025-08-30|rosehill|5,2025-08-30,racing-com-nsw-authorised-v2,NSW,rosehill,5,2000,soft,out_1_3m,,,10,1.0,-0.46229141941654206,-1.0977006477756375,-0.7658280498223702,even,even,24.4,23.495,23.380000000000003,1.3195140000000007,0.3780629999999985,0.7116480000000058,track_phase_profile_going,43,"{""source_distance"": 30, ""source_distance_going"": 7, ""source_phase_profile"": 267, ""source_phase_profile_going"": 95, ""track_distance"": 15, ""track_distance_going"": 3, ""track_distance_going_rail"": 1, ""track_phase_profile_going"": 43}",2025-08-30
expected-tempo-targets-v2.0-walk-forward,2025-08-30|rosehill|10,2025-08-30,racing-com-nsw-authorised-v2,NSW,rosehill,10,1200,soft,out_1_3m,,,13,1.0,0.9918981757008652,0.8164888141032455,0.4817791139118531,very_fast_or_collapse,sustained_high_pressure,25.259999999999998,23.47,23.34,0.25204200000000254,0.2816939999999966,0.8302559999999981,track_distance_going,15,"{""source_distance"": 91, ""source_distance_going"": 33, ""source_phase_profile"": 267, ""source_phase_profile_going"": 95, ""track_distance"": 41, ""track_distance_going"": 15, ""track_distance_going_rail"": 4, ""track_phase_profile_going"": 43}",2025-08-30
expected-tempo-targets-v2.0-walk-forward,2025-09-06|randwick|1,2025-09-06,racing-com-nsw-authorised-v2,NSW,randwick,1,1400,good,out_4_6m,,,10,1.0,-1.431062405027079,-1.080810494101051,-0.2275390513896884,slow,very_slow_early,22.307499999999997,22.8,22.755000000000003,0.7005284999999949,0.6152789999999987,0.615279000000004,track_distance_going,16,"{""source_distance"": 85, ""source_distance_going"": 30, ""source_phase_profile"": 270, ""source_phase_profile_going"": 136, ""track_distance"": 48, ""track_distance_going"": 16, ""track_distance_going_rail"": 1, ""track_phase_profile_going"": 64}",2025-09-06
expected-tempo-targets-v2.0-walk-forward,2025-09-06|randwick|2,2025-09-06,racing-com-nsw-authorised-v2,NSW,randwick,2,1200,good,out_4_6m,,,16,0.9375,-0.059866043740528556,-1.3894509645217779,-1.3992095542333678,even,even,24.4625,22.355,22.875,0.6263984999999991,0.3706500000000026,0.6968219999999983,track_distance_going,26,"{""source_distance"": 92, ""source_distance_going"": 47, ""source_phase_profile"": 270, ""source_phase_profile_going"": 136, ""track_distance"": 50, ""track_distance_going"": 26, ""track_distance_going_rail"": 3, ""track_phase_profile_going"": 64}",2025-09-06
expected-tempo-targets-v2.0-walk-forward,2025-09-06|randwick|6,2025-09-06,racing-com-nsw-authorised-v2,NSW,randwick,6,1200,good,out_4_6m,,,13,1.0,0.11574101789834765,-0.8498583569405074,-0.4807540519673628,even,even,24.4625,22.355,22.875,0.6263984999999991,0.3706500000000026,0.6968219999999983,track_distance_going,26,"{""source_distance"": 92, ""source_distance_going"": 47, ""source_phase_profile"": 270, ""source_phase_profile_going"": 136, ""track_distance"": 50, ""track_distance_going"": 26, ""track_distance_going_rail"": 3, ""track_phase_profile_going"": 64}",2025-09-06
expected-tempo-targets-v2.0-walk-forward,2025-09-06|randwick|8,2025-09-06,racing-com-nsw-authorised-v2,NSW,randwick,8,1000,good,out_4_6m,,,12,1.0,0.4980778785804661,0.774447850255561,1.0597851994428842,even,even,13.521181598709921,21.672042729108217,23.056235010095193,0.2934914498241563,0.18986782526376092,0.7843429126318854,track_distance_going,7,"{""source_distance"": 15, ""source_distance_going"": 7, ""source_phase_profile"": 15, ""source_phase_profile_going"": 7, ""track_distance"": 15, ""track_distance_going"": 7, ""track_distance_going_rail"": 0, ""track_phase_profile_going"": 7}",2025-09-06
expected-tempo-targets-v2.0-walk-forward,2025-09-06|randwick|9,2025-09-06,racing-com-nsw-authorised-v2,NSW,randwick,9,1400,good,out_4_6m,,,16,1.0,-0.7958277214988471,-1.023925731253627,-0.1869070779272455,slow,slow_early,22.307499999999997,22.8,22.755000000000003,0.7005284999999949,0.6152789999999987,0.615279000000004,track_distance_going,16,"{""source_distance"": 85, ""source_distance_going"": 30, ""source_phase_profile"": 270, ""source_phase_profile_going"": 136, ""track_distance"": 48, ""track_distance_going"": 16, ""track_distance_going_rail"": 1, ""track_phase_profile_going"": 64}",2025-09-06
expected-tempo-targets-v2.0-walk-forward,2025-09-06|randwick|10,2025-09-06,racing-com-nsw-authorised-v2,NSW,randwick,10,1200,good,out_4_6m,,,9,1.0,0.051883904575120966,-0.06744907594765522,-1.4279112886791747,even,even,24.4625,22.355,22.875,0.6263984999999991,0.3706500000000026,0.6968219999999983,track_distance_going,26,"{""source_distance"": 92, ""source_distance_going"": 47, ""source_phase_profile"": 270, ""source_phase_profile_going"": 136, ""track_distance"": 50, ""track_distance_going"": 26, ""track_distance_going_rail"": 3, ""track_phase_profile_going"": 64}",2025-09-06
expected-tempo-targets-v2.0-walk-forward,2025-09-06|the-valley|1,2025-09-06,racing-com-rv-authorised,VIC,the-valley,1,1600,good,true,,,6,1.0,-1.2870717390978332,-1.6143549325177549,0.5209859659405436,slow,very_slow_early,48.722500000000004,23.575,24.37,0.7672455000000027,0.45219299999999957,0.537442500000001,track_distance_going_rail,20,"{""source_distance"": 126, ""source_distance_going"": 97, ""source_phase_profile"": 574, ""source_phase_profile_going"": 426, ""track_distance"": 27, ""track_distance_going"": 21, ""track_distance_going_rail"": 20, ""track_phase_profile_going"": 75}",2025-09-06
expected-tempo-targets-v2.0-walk-forward,2025-09-06|the-valley|2,2025-09-06,racing-com-rv-authorised,VIC,the-valley,2,1600,good,true,,,11,1.0,-1.4956099449263498,0.23220173686899295,1.0047586485996207,slow,sprint_home,48.722500000000004,23.575,24.37,0.7672455000000027,0.45219299999999957,0.537442500000001,track_distance_going_rail,20,"{""source_distance"": 126, ""source_distance_going"": 97, ""source_phase_profile"": 574, ""source_phase_profile_going"": 426, ""track_distance"": 27, ""track_distance_going"": 21, ""track_distance_going_rail"": 20, ""track_phase_profile_going"": 75}",2025-09-06
expected-tempo-targets-v2.0-walk-forward,2025-09-06|the-valley|3,2025-09-06,racing-com-rv-authorised,VIC,the-valley,3,1600,good,true,,,8,1.0,-0.7461757677301412,-0.08845780452151887,2.0839438637621677,slow,slow_early,48.722500000000004,23.575,24.37,0.7672455000000027,0.45219299999999957,0.537442500000001,track_distance_going_rail,20,"{""source_distance"": 126, ""source_distance_going"": 97, ""source_phase_profile"": 574, ""source_phase_profile_going"": 426, ""track_distance"": 27, ""track_distance_going"": 21, ""track_distance_going_rail"": 20, ""track_phase_profile_going"": 75}",2025-09-06
expected-tempo-targets-v2.0-walk-forward,2025-09-06|the-valley|4,2025-09-06,racing-com-rv-authorised,VIC,the-valley,4,2040,good,true,,,14,1.0,0.1182548734147255,0.8431134493457507,0.2300588636974423,even,even,78.25,23.71,24.555,2.2832040000000093,0.26686799999999955,0.9562769999999993,track_distance_going_rail,17,"{""source_distance"": 20, ""source_distance_going"": 18, ""source_phase_profile"": 574, ""source_phase_profile_going"": 426, ""track_distance"": 20, ""track_distance_going"": 18, ""track_distance_going_rail"": 17, ""track_phase_profile_going"": 75}",2025-09-06
expected-tempo-targets-v2.0-walk-forward,2025-09-06|the-valley|5,2025-09-06,racing-com-rv-authorised,VIC,the-valley,5,1200,good,true,,,7,1.0,0.2839961092533055,0.6413190827810237,0.1803094109491865,even,even,24.5,22.82,23.735,0.42254100000000017,0.45219299999999957,0.7487129999999985,track_distance_going_rail,29,"{""source_distance"": 163, ""source_distance_going"": 118, ""source_phase_profile"": 574, ""source_phase_profile_going"": 426, ""track_distance"": 48, ""track_distance_going"": 33, ""track_distance_going_rail"": 29, ""track_phase_profile_going"": 75}",2025-09-06
expected-tempo-targets-v2.0-walk-forward,2025-09-06|the-valley|6,2025-09-06,racing-com-rv-authorised,VIC,the-valley,6,1200,good,true,,,8,1.0,0.011833171218893684,-0.7740057895633098,0.02003437899435511,even,even,24.5,22.82,23.735,0.42254100000000017,0.45219299999999957,0.7487129999999985,track_distance_going_rail,29,"{""source_distance"": 163, ""source_distance_going"": 118, ""source_phase_profile"": 574, ""source_phase_profile_going"": 426, ""track_distance"": 48, ""track_distance_going"": 33, ""track_distance_going_rail"": 29, ""track_phase_profile_going"": 75}",2025-09-06
expected-tempo-targets-v2.0-walk-forward,2025-09-06|the-valley|7,2025-09-06,racing-com-rv-authorised,VIC,the-valley,7,1200,good,true,,,11,1.0,-0.544325876068832,-0.995150300867107,0.8214095387685263,slow,slow_early,24.5,22.82,23.735,0.42254100000000017,0.45219299999999957,0.7487129999999985,track_distance_going_rail,29,"{""source_distance"": 163, ""source_distance_going"": 118, ""source_phase_profile"": 574, ""source_phase_profile_going"": 426, ""track_distance"": 48, ""track_distance_going"": 33, ""track_distance_going_rail"": 29, ""track_phase_profile_going"": 75}",2025-09-06
expected-tempo-targets-v2.0-walk-forward,2025-09-06|the-valley|8,2025-09-06,racing-com-rv-authorised,VIC,the-valley,8,1500,good,true,,,10,1.0,0.11514307331010039,-0.9380848493869922,1.4324236747647314,even,even,48.225,23.23,24.065,35.130207,0.644930999999998,0.7190609999999991,track_phase_profile_going,75,"{""source_distance"": 4, ""source_distance_going"": 4, ""source_phase_profile"": 574, ""source_phase_profile_going"": 426, ""track_distance"": 1, ""track_distance_going"": 1, ""track_distance_going_rail"": 1, ""track_phase_profile_going"": 75}",2025-09-06
expected-tempo-targets-v2.0-walk-forward,2025-09-06|the-valley|9,2025-09-06,racing-com-rv-authorised,VIC,the-valley,9,1000,good,true,,,14,1.0,0.8067438495700476,-1.8149933164097438,1.55475836082745,fast,fast_early,13.4375,21.57,23.225,0.18903149999999924,0.20385749999999894,0.21868349999999598,track_distance_going_rail,10,"{""source_distance"": 62, ""source_distance_going"": 40, ""source_phase_profile"": 62, ""source_phase_profile_going"": 40, ""track_distance"": 20, ""track_distance_going"": 11, ""track_distance_going_rail"": 10, ""track_phase_profile_going"": 11}",2025-09-06
expected-tempo-targets-v2.0-walk-forward,2025-09-06|the-valley|10,2025-09-06,racing-com-rv-authorised,VIC,the-valley,10,1200,good,true,,,9,1.0,-0.425994163879954,-1.6806982859088901,1.1953846133298092,even,even,24.5,22.82,23.735,0.42254100000000017,0.45219299999999957,0.7487129999999985,track_distance_going_rail,29,"{""source_distance"": 163, ""source_distance_going"": 118, ""source_phase_profile"": 574, ""source_phase_profile_going"": 426, ""track_distance"": 48, ""track_distance_going"": 33, ""track_distance_going_rail"": 29, ""track_phase_profile_going"": 75}",2025-09-06
expected-tempo-targets-v2.0-walk-forward,2025-09-13|flemington|1,2025-09-13,racing-com-rv-authorised,VIC,flemington,1,1100,good,true,benchmark,,19,1.0,0.8190244936501476,0.885269121813019,0.7832795916502386,very_fast_or_collapse,sustained_high_pressure,19.57,21.58,23.41,0.41512800000000166,0.2372160000000002,0.6894089999999997,track_distance_going_rail,13,"{""source_distance"": 95, ""source_distance_going"": 73, ""source_phase_profile"": 95, ""source_phase_profile_going"": 73, ""track_distance"": 39, ""track_distance_going"": 31, ""track_distance_going_rail"": 13, ""track_phase_profile_going"": 31}",2025-09-13
expected-tempo-targets-v2.0-walk-forward,2025-09-13|flemington|2,2025-09-13,racing-com-rv-authorised,VIC,flemington,2,1100,good,true,listed,,8,1.0,-0.6142683702376172,-1.433292863887778,1.5810643609236321,slow,slow_early,19.57,21.58,23.41,0.41512800000000166,0.2372160000000002,0.6894089999999997,track_distance_going_rail,13,"{""source_distance"": 95, ""source_distance_going"": 73, ""source_phase_profile"": 95, ""source_phase_profile_going"": 73, ""track_distance"": 39, ""track_distance_going"": 31, ""track_distance_going_rail"": 13, ""track_phase_profile_going"": 31}",2025-09-13
expected-tempo-targets-v2.0-walk-forward,2025-09-13|flemington|3,2025-09-13,racing-com-rv-authorised,VIC,flemington,3,1400,good,true,listed,,11,1.0,-0.7977847692733925,-1.1933298052278167,1.511789633309611,slow,sprint_home,37.349999999999994,22.795,23.11,0.689409000000005,0.2891070000000004,0.4299539999999987,track_distance_going_rail,15,"{""source_distance"": 152, ""source_distance_going"": 108, ""source_phase_profile"": 583, ""source_phase_profile_going"": 435, ""track_distance"": 47, ""track_distance_going"": 32, ""track_distance_going_rail"": 15, ""track_phase_profile_going"": 133}",2025-09-13
expected-tempo-targets-v2.0-walk-forward,2025-09-13|flemington|4,2025-09-13,racing-com-rv-authorised,VIC,flemington,4,1100,good,true,listed,,18,1.0,0.7226686708677708,0.0,0.5874596937376816,fast,fast_early,19.57,21.58,23.41,0.41512800000000166,0.2372160000000002,0.6894089999999997,track_distance_going_rail,13,"{""source_distance"": 95, ""source_distance_going"": 73, ""source_phase_profile"": 95, ""source_phase_profile_going"": 73, ""track_distance"": 39, ""track_distance_going"": 31, ""track_distance_going_rail"": 13, ""track_phase_profile_going"": 31}",2025-09-13
expected-tempo-targets-v2.0-walk-forward,2025-09-13|flemington|5,2025-09-13,racing-com-rv-authorised,VIC,flemington,5,1400,good,true,listed,,12,1.0,0.6672381706650049,-1.0030888217857012,1.2094317066476905,fast,fast_early,37.349999999999994,22.795,23.11,0.689409000000005,0.2891070000000004,0.4299539999999987,track_distance_going_rail,15,"{""source_distance"": 152, ""source_distance_going"": 108, ""source_phase_profile"": 583, ""source_phase_profile_going"": 435, ""track_distance"": 47, ""track_distance_going"": 32, ""track_distance_going_rail"": 15, ""track_phase_profile_going"": 133}",2025-09-13
expected-tempo-targets-v2.0-walk-forward,2025-09-13|flemington|6,2025-09-13,racing-com-rv-authorised,VIC,flemington,6,1200,good,true,group,2,11,1.0,-0.2085257691511537,0.24456726011557273,2.0016264238718393,even,even,25.128275862068968,21.81827586206897,23.25827586206897,0.5357809655172425,0.40183572413792773,0.37882986206896785,track_distance_going_rail,9,"{""source_distance"": 167, ""source_distance_going"": 122, ""source_phase_profile"": 583, ""source_phase_profile_going"": 435, ""track_distance"": 48, ""track_distance_going"": 33, ""track_distance_going_rail"": 9, ""track_phase_profile_going"": 133}",2025-09-13
expected-tempo-targets-v2.0-walk-forward,2025-09-13|flemington|7,2025-09-13,racing-com-rv-authorised,VIC,flemington,7,2500,good,true,group,3,12,1.0,-3.822590034240612,0.46949846983174676,0.9060323634760197,slow,sprint_home,48.335,22.77,23.415,17.516918999999994,0.7561260000000023,0.49667100000000125,track_phase_profile_going,133,"{""source_distance"": 6, ""source_distance_going"": 5, ""source_phase_profile"": 583, ""source_phase_profile_going"": 435, ""track_distance"": 3, ""track_distance_going"": 3, ""track_distance_going_rail"": 2, ""track_phase_profile_going"": 133}",2025-09-13
expected-tempo-targets-v2.0-walk-forward,2025-09-13|flemington|8,2025-09-13,racing-com-rv-authorised,VIC,flemington,8,1600,good,true,group,1,6,1.0,-3.1307913327576617,0.06744907594765832,2.380952380952382,slow,sprint_home,49.81,23.01,23.69,1.3862310000000033,0.29651999999999895,0.7413,track_distance_going_rail,11,"{""source_distance"": 129, ""source_distance_going"": 100, ""source_phase_profile"": 583, ""source_phase_profile_going"": 435, ""track_distance"": 48, ""track_distance_going"": 36, ""track_distance_going_rail"": 11, ""track_phase_profile_going"": 133}",2025-09-13
expected-tempo-targets-v2.0-walk-forward,2025-09-13|flemington|9,2025-09-13,racing-com-rv-authorised,VIC,flemington,9,1400,good,true,group,2,13,1.0,-0.7107537035344846,-1.1241512657943213,2.0932471845825398,slow,slow_early,37.349999999999994,22.795,23.11,0.689409000000005,0.2891070000000004,0.4299539999999987,track_distance_going_rail,15,"{""source_distance"": 152, ""source_distance_going"": 108, ""source_phase_profile"": 583, ""source_phase_profile_going"": 435, ""track_distance"": 47, ""track_distance_going"": 32, ""track_distance_going_rail"": 15, ""track_phase_profile_going"": 133}",2025-09-13
expected-tempo-targets-v2.0-walk-forward,2025-09-13|flemington|10,2025-09-13,racing-com-rv-authorised,VIC,flemington,10,1700,good,true,handicap_unspecified,,16,1.0,-0.49295198544903934,0.18515432613082553,0.12080431513013357,even,even,48.335,22.77,23.415,17.516918999999994,0.7561260000000023,0.49667100000000125,track_phase_profile_going,133,"{""source_distance"": 2, ""source_distance_going"": 2, ""source_phase_profile"": 583, ""source_phase_profile_going"": 435, ""track_distance"": 0, ""track_distance_going"": 0, ""track_distance_going_rail"": 0, ""track_phase_profile_going"": 133}",2025-09-13
expected-tempo-targets-v2.0-walk-forward,2025-09-13|rosehill|1,2025-09-13,racing-com-nsw-authorised-v2,NSW,rosehill,1,1200,soft,out_4_6m,,,14,0.9285714285714286,-3.4443994783937915,0.14199805462664897,0.7076624361721667,slow,very_slow_early,25.232499999999998,23.46,23.14,0.2779875000000026,0.2816939999999992,0.6782894999999993,track_distance_going,16,"{""source_distance"": 95, ""source_distance_going"": 34, ""source_phase_profile"": 275, ""source_phase_profile_going"": 98, ""track_distance"": 42, ""track_distance_going"": 16, ""track_distance_going_rail"": 0, ""track_phase_profile_going"": 46}",2025-09-13
expected-tempo-targets-v2.0-walk-forward,2025-09-13|rosehill|2,2025-09-13,racing-com-nsw-authorised-v2,NSW,rosehill,2,1400,soft,out_4_6m,,,12,1.0,0.7846116997993116,0.7467576265633719,-1.89856658223043,very_fast_or_collapse,pace_collapse,23.740000000000002,23.474999999999998,23.33,0.3632370000000015,0.41512799999999905,0.5003774999999978,track_distance_going,14,"{""source_distance"": 87, ""source_distance_going"": 40, ""source_phase_profile"": 275, ""source_phase_profile_going"": 98, ""track_distance"": 37, ""track_distance_going"": 14, ""track_distance_going_rail"": 0, ""track_phase_profile_going"": 46}",2025-09-13
expected-tempo-targets-v2.0-walk-forward,2025-09-13|rosehill|3,2025-09-13,racing-com-nsw-authorised-v2,NSW,rosehill,3,2400,soft,out_4_6m,,,9,1.0,-0.9767106546723402,1.406249602304979,-0.871217230990606,slow,slow_early,24.48,23.502499999999998,23.4,1.2490905000000017,0.3928889999999982,0.711647999999998,track_phase_profile_going,46,"{""source_distance"": 7, ""source_distance_going"": 2, ""source_phase_profile"": 275, ""source_phase_profile_going"": 98, ""track_distance"": 5, ""track_distance_going"": 2, ""track_distance_going_rail"": 0, ""track_phase_profile_going"": 46}",2025-09-13
expected-tempo-targets-v2.0-walk-forward,2025-09-13|rosehill|6,2025-09-13,racing-com-nsw-authorised-v2,NSW,rosehill,6,1400,soft,out_4_6m,,,12,1.0,0.6194302893152419,1.0960474841494656,-0.019984911391902328,fast,fast_early,23.740000000000002,23.474999999999998,23.33,0.3632370000000015,0.41512799999999905,0.5003774999999978,track_distance_going,14,"{""source_distance"": 87, ""source_distance_going"": 40, ""source_phase_profile"": 275, ""source_phase_profile_going"": 98, ""track_distance"": 37, ""track_distance_going"": 14, ""track_distance_going_rail"": 0, ""track_phase_profile_going"": 46}",2025-09-13
expected-tempo-targets-v2.0-walk-forward,2025-09-13|rosehill|7,2025-09-13,racing-com-nsw-authorised-v2,NSW,rosehill,7,1200,soft,out_4_6m,,,8,1.0,0.08093889113718095,1.4377303030948556,0.7592628221430541,even,even,25.232499999999998,23.46,23.14,0.2779875000000026,0.2816939999999992,0.6782894999999993,track_distance_going,16,"{""source_distance"": 95, ""source_distance_going"": 34, ""source_phase_profile"": 275, ""source_phase_profile_going"": 98, ""track_distance"": 42, ""track_distance_going"": 16, ""track_distance_going_rail"": 0, ""track_phase_profile_going"": 46}",2025-09-13
expected-tempo-targets-v2.0-walk-forward,2025-09-13|rosehill|8,2025-09-13,racing-com-nsw-authorised-v2,NSW,rosehill,8,1200,soft,out_4_6m,,,12,1.0,0.7104635999819997,4.0,-0.014742967420250528,fast,fast_early,25.232499999999998,23.46,23.14,0.2779875000000026,0.2816939999999992,0.6782894999999993,track_distance_going,16,"{""source_distance"": 95, ""source_distance_going"": 34, ""source_phase_profile"": 275, ""source_phase_profile_going"": 98, ""track_distance"": 42, ""track_distance_going"": 16, ""track_distance_going_rail"": 0, ""track_phase_profile_going"": 46}",2025-09-13
expected-tempo-targets-v2.0-walk-forward,2025-09-13|rosehill|9,2025-09-13,racing-com-nsw-authorised-v2,NSW,rosehill,9,1300,soft,out_4_6m,,,9,1.0,-0.7051494303618843,3.6075036075036664,0.9586379304901388,slow,slow_early,23.1525,23.622500000000002,23.325,0.40771500000000316,0.2446289999999961,0.8710274999999978,track_distance_going,10,"{""source_distance"": 32, ""source_distance_going"": 14, ""source_phase_profile"": 275, ""source_phase_profile_going"": 98, ""track_distance"": 25, ""track_distance_going"": 10, ""track_distance_going_rail"": 0, ""track_phase_profile_going"": 46}",2025-09-13
expected-tempo-targets-v2.0-walk-forward,2025-09-20|caulfield|1,2025-09-20,racing-com-rv-authorised,VIC,caulfield,1,1600,good,out_4_6m,benchmark,,9,1.0,-0.408782278470662,1.4774559493296815,1.079185215162557,even,even,50.43,23.78,23.93,0.7338869999999962,0.31134600000000123,0.5930399999999979,track_distance_going_rail,13,"{""source_distance"": 130, ""source_distance_going"": 101, ""source_phase_profile"": 590, ""source_phase_profile_going"": 442, ""track_distance"": 38, ""track_distance_going"": 34, ""track_distance_going_rail"": 13, ""track_phase_profile_going"": 179}",2025-09-20
expected-tempo-targets-v2.0-walk-forward,2025-09-20|caulfield|2,2025-09-20,racing-com-rv-authorised,VIC,caulfield,2,1400,good,out_4_6m,benchmark,,10,1.0,-1.005123484710217,1.0546582784543128,0.3461987968994895,slow,slow_early,37.425,23.31,23.425,0.37806300000000376,0.6115724999999994,0.41883450000000094,track_distance_going_rail,24,"{""source_distance"": 155, ""source_distance_going"": 111, ""source_phase_profile"": 590, ""source_phase_profile_going"": 442, ""track_distance"": 85, ""track_distance_going"": 63, ""track_distance_going_rail"": 24, ""track_phase_profile_going"": 179}",2025-09-20
expected-tempo-targets-v2.0-walk-forward,2025-09-20|caulfield|3,2025-09-20,racing-com-rv-authorised,VIC,caulfield,3,1200,good,out_4_6m,unclassified,,9,1.0,0.26653263882543327,-0.06501115753991098,0.08861922387283432,even,even,24.7325,22.42,23.275,0.45960600000000074,0.307639500000002,0.5077904999999964,track_distance_going_rail,20,"{""source_distance"": 168, ""source_distance_going"": 123, ""source_phase_profile"": 590, ""source_phase_profile_going"": 442, ""track_distance"": 60, ""track_distance_going"": 45, ""track_distance_going_rail"": 20, ""track_phase_profile_going"": 179}",2025-09-20
expected-tempo-targets-v2.0-walk-forward,2025-09-20|caulfield|4,2025-09-20,racing-com-rv-authorised,VIC,caulfield,4,1100,good,out_4_6m,benchmark,,8,1.0,0.5354204997907022,0.851253855063571,-0.998246324025354,fast,fast_early,19.07,22.2375,22.725,0.7190609999999991,0.5374424999999957,0.37065,track_distance_going_rail,12,"{""source_distance"": 98, ""source_distance_going"": 76, ""source_phase_profile"": 98, ""source_phase_profile_going"": 76, ""track_distance"": 55, ""track_distance_going"": 41, ""track_distance_going_rail"": 12, ""track_phase_profile_going"": 41}",2025-09-20
expected-tempo-targets-v2.0-walk-forward,2025-09-20|caulfield|5,2025-09-20,racing-com-rv-authorised,VIC,caulfield,5,1400,good,out_4_6m,group,3,7,1.0,-3.451805651439011,-0.16351291138826798,2.1368822291382337,slow,sprint_home,37.425,23.31,23.425,0.37806300000000376,0.6115724999999994,0.41883450000000094,track_distance_going_rail,24,"{""source_distance"": 155, ""source_distance_going"": 111, ""source_phase_profile"": 590, ""source_phase_profile_going"": 442, ""track_distance"": 85, ""track_distance_going"": 63, ""track_distance_going_rail"": 24, ""track_phase_profile_going"": 179}",2025-09-20
expected-tempo-targets-v2.0-walk-forward,2025-09-20|caulfield|6,2025-09-20,racing-com-rv-authorised,VIC,caulfield,6,1400,good,out_4_6m,listed,,11,1.0,2.4995834027661816,0.6377003544142311,-0.2984472387064574,very_fast_or_collapse,very_fast_early,37.425,23.31,23.425,0.37806300000000376,0.6115724999999994,0.41883450000000094,track_distance_going_rail,24,"{""source_distance"": 155, ""source_distance_going"": 111, ""source_phase_profile"": 590, ""source_phase_profile_going"": 442, ""track_distance"": 85, ""track_distance_going"": 63, ""track_distance_going_rail"": 24, ""track_phase_profile_going"": 179}",2025-09-20
expected-tempo-targets-v2.0-walk-forward,2025-09-20|caulfield|7,2025-09-20,racing-com-rv-authorised,VIC,caulfield,7,1800,good,out_4_6m,group,1,11,1.0,-1.3496372443934495,0.9228333812790659,0.34808137360727753,slow,very_slow_early,47.39076923076924,23.216769230769234,23.681384615384616,11.965608415384615,0.47329153846153893,0.5785561384615405,track_distance_going_rail,5,"{""source_distance"": 22, ""source_distance_going"": 17, ""source_phase_profile"": 590, ""source_phase_profile_going"": 442, ""track_distance"": 9, ""track_distance_going"": 6, ""track_distance_going_rail"": 5, ""track_phase_profile_going"": 179}",2025-09-20
expected-tempo-targets-v2.0-walk-forward,2025-09-20|caulfield|8,2025-09-20,racing-com-rv-authorised,VIC,caulfield,8,1400,good,out_4_6m,group,1,15,0.9333333333333333,4.0,0.8339158480801574,-0.11937889548258464,very_fast_or_collapse,very_fast_early,37.425,23.31,23.425,0.37806300000000376,0.6115724999999994,0.41883450000000094,track_distance_going_rail,24,"{""source_distance"": 155, ""source_distance_going"": 111, ""source_phase_profile"": 590, ""source_phase_profile_going"": 442, ""track_distance"": 85, ""track_distance_going"": 63, ""track_distance_going_rail"": 24, ""track_phase_profile_going"": 179}",2025-09-20
expected-tempo-targets-v2.0-walk-forward,2025-09-20|caulfield|9,2025-09-20,racing-com-rv-authorised,VIC,caulfield,9,2000,good,out_4_6m,group,3,16,1.0,0.3012109419032453,1.7351150495626526,0.9809738917387671,even,even,76.35571428571428,23.407857142857146,24.12,1.5461400000000023,0.43101299999999926,0.6269280000000002,track_distance_going_rail,8,"{""source_distance"": 66, ""source_distance_going"": 50, ""source_phase_profile"": 590, ""source_phase_profile_going"": 442, ""track_distance"": 36, ""track_distance_going"": 25, ""track_distance_going_rail"": 8, ""track_phase_profile_going"": 179}",2025-09-20
expected-tempo-targets-v2.0-walk-forward,2025-09-20|caulfield|10,2025-09-20,racing-com-rv-authorised,VIC,caulfield,10,2000,good,out_4_6m,benchmark,,13,1.0,1.0579341364393158,-1.35063874440644,0.6539825944925096,fast,fast_early,76.35571428571428,23.407857142857146,24.12,1.5461400000000023,0.43101299999999926,0.6269280000000002,track_distance_going_rail,8,"{""source_distance"": 66, ""source_distance_going"": 50, ""source_phase_profile"": 590, ""source_phase_profile_going"": 442, ""track_distance"": 36, ""track_distance_going"": 25, ""track_distance_going_rail"": 8, ""track_phase_profile_going"": 179}",2025-09-20
expected-tempo-targets-v2.0-walk-forward,2025-09-20|randwick|2,2025-09-20,racing-com-nsw-authorised-v2,NSW,randwick,2,1000,good,out_7m_plus,,,14,1.0,-0.2722525605617319,2.2186000888959376,-0.16392488667971153,even,even,13.468704706372344,21.628427738442316,22.974838608912947,0.29860249416909707,0.15704846501457853,0.7330271413994154,track_distance_going,8,"{""source_distance"": 16, ""source_distance_going"": 8, ""source_phase_profile"": 16, ""source_phase_profile_going"": 8, ""track_distance"": 16, ""track_distance_going"": 8, ""track_distance_going_rail"": 1, ""track_phase_profile_going"": 8}",2025-09-20
expected-tempo-targets-v2.0-walk-forward,2025-09-20|randwick|3,2025-09-20,racing-com-nsw-authorised-v2,NSW,randwick,3,1200,good,out_7m_plus,,,10,1.0,-0.14111125959385973,-0.2141404711835162,0.562075632897162,even,even,24.431923076923074,22.370384615384616,23.06346153846154,0.730465615384613,0.3717904615384635,0.7355976923076897,track_distance_going_rail,6,"{""source_distance"": 98, ""source_distance_going"": 50, ""source_phase_profile"": 282, ""source_phase_profile_going"": 141, ""track_distance"": 53, ""track_distance_going"": 29, ""track_distance_going_rail"": 6, ""track_phase_profile_going"": 69}",2025-09-20
expected-tempo-targets-v2.0-walk-forward,2025-09-20|randwick|4,2025-09-20,racing-com-nsw-authorised-v2,NSW,randwick,4,1400,good,out_7m_plus,,,13,1.0,-2.2127178872038065,-1.8340085819475946,1.2686849999678749,slow,sprint_home,22.346,22.852,22.84,0.8243255999999961,0.5278056000000003,0.6226920000000026,track_distance_going_rail,5,"{""source_distance"": 89, ""source_distance_going"": 32, ""source_phase_profile"": 282, ""source_phase_profile_going"": 141, ""track_distance"": 50, ""track_distance_going"": 18, ""track_distance_going_rail"": 5, ""track_phase_profile_going"": 69}",2025-09-20
expected-tempo-targets-v2.0-walk-forward,2025-09-20|randwick|5,2025-09-20,racing-com-nsw-authorised-v2,NSW,randwick,5,2000,good,out_7m_plus,,,14,1.0,0.0854354962003665,-0.27004519336978294,-1.0874442856867468,even,even,23.905714285714282,22.8,23.254285714285714,1.5885000000000045,0.5739779999999994,0.9340380000000037,track_distance_going,8,"{""source_distance"": 31, ""source_distance_going"": 17, ""source_phase_profile"": 282, ""source_phase_profile_going"": 141, ""track_distance"": 15, ""track_distance_going"": 8, ""track_distance_going_rail"": 2, ""track_phase_profile_going"": 69}",2025-09-20
expected-tempo-targets-v2.0-walk-forward,2025-09-20|randwick|6,2025-09-20,racing-com-nsw-authorised-v2,NSW,randwick,6,1400,good,out_7m_plus,,,11,1.0,-0.6841956624906459,-1.0761537960188392,-0.5138977215059756,slow,slow_early,22.346,22.852,22.84,0.8243255999999961,0.5278056000000003,0.6226920000000026,track_distance_going_rail,5,"{""source_distance"": 89, ""source_distance_going"": 32, ""source_phase_profile"": 282, ""source_phase_profile_going"": 141, ""track_distance"": 50, ""track_distance_going"": 18, ""track_distance_going_rail"": 5, ""track_phase_profile_going"": 69}",2025-09-20
expected-tempo-targets-v2.0-walk-forward,2025-09-20|randwick|7,2025-09-20,racing-com-nsw-authorised-v2,NSW,randwick,7,1400,good,out_7m_plus,,,10,1.0,-0.7569824350960369,-0.41303085833117315,0.3693639873324203,slow,slow_early,22.346,22.852,22.84,0.8243255999999961,0.5278056000000003,0.6226920000000026,track_distance_going_rail,5,"{""source_distance"": 89, ""source_distance_going"": 32, ""source_phase_profile"": 282, ""source_phase_profile_going"": 141, ""track_distance"": 50, ""track_distance_going"": 18, ""track_distance_going_rail"": 5, ""track_phase_profile_going"": 69}",2025-09-20
expected-tempo-targets-v2.0-walk-forward,2025-09-27|rosehill|1,2025-09-27,racing-com-nsw-authorised-v2,NSW,rosehill,1,1300,good,true,,,8,0.625,-1.2572140686842646,0.6897048367580191,-0.1809609354693289,slow,very_slow_early,23.43,23.009999999999998,23.095,1.089710999999999,0.9859290000000039,0.9117990000000029,track_distance_going,11,"{""source_distance"": 33, ""source_distance_going"": 14, ""source_phase_profile"": 287, ""source_phase_profile_going"": 146, ""track_distance"": 26, ""track_distance_going"": 11, ""track_distance_going_rail"": 4, ""track_phase_profile_going"": 72}",2025-09-27
expected-tempo-targets-v2.0-walk-forward,2025-09-27|rosehill|2,2025-09-27,racing-com-nsw-authorised-v2,NSW,rosehill,2,1500,good,true,,,16,0.5625,4.0,1.4506171128469163,0.8476983563210396,very_fast_or_collapse,sustained_high_pressure,24.895000000000003,23.625,23.69,0.6523439999999939,0.5411490000000029,1.2268515000000009,track_distance_going,14,"{""source_distance"": 14, ""source_distance_going"": 14, ""source_phase_profile"": 287, ""source_phase_profile_going"": 146, ""track_distance"": 14, ""track_distance_going"": 14, ""track_distance_going_rail"": 3, ""track_phase_profile_going"": 72}",2025-09-27
expected-tempo-targets-v2.0-walk-forward,2025-09-27|rosehill|3,2025-09-27,racing-com-nsw-authorised-v2,NSW,rosehill,3,2400,good,true,,,9,1.0,-0.5863663386404555,-0.37356411294088376,-1.3876087430641877,slow,slow_early,24.495,23.16,23.2425,1.4751870000000014,0.7227674999999983,0.8413754999999985,track_phase_profile_going,72,"{""source_distance"": 8, ""source_distance_going"": 5, ""source_phase_profile"": 287, ""source_phase_profile_going"": 146, ""track_distance"": 6, ""track_distance_going"": 3, ""track_distance_going_rail"": 0, ""track_phase_profile_going"": 72}",2025-09-27
expected-tempo-targets-v2.0-walk-forward,2025-09-27|rosehill|5,2025-09-27,racing-com-nsw-authorised-v2,NSW,rosehill,5,1400,good,true,,,8,0.875,4.0,2.5743922117427394,1.1268930981499188,very_fast_or_collapse,sustained_high_pressure,23.0375,23.2,23.345,0.600452999999999,0.4855514999999982,0.6078660000000001,track_distance_going,14,"{""source_distance"": 92, ""source_distance_going"": 35, ""source_phase_profile"": 287, ""source_phase_profile_going"": 146, ""track_distance"": 39, ""track_distance_going"": 14, ""track_distance_going_rail"": 1, ""track_phase_profile_going"": 72}",2025-09-27
expected-tempo-targets-v2.0-walk-forward,2025-09-27|rosehill|8,2025-09-27,racing-com-nsw-authorised-v2,NSW,rosehill,8,1400,good,true,,,9,0.8888888888888888,-2.54391267926049,-0.2574392211742739,0.5099808181408381,slow,very_slow_early,23.0375,23.2,23.345,0.600452999999999,0.4855514999999982,0.6078660000000001,track_distance_going,14,"{""source_distance"": 92, ""source_distance_going"": 35, ""source_phase_profile"": 287, ""source_phase_profile_going"": 146, ""track_distance"": 39, ""track_distance_going"": 14, ""track_distance_going_rail"": 1, ""track_phase_profile_going"": 72}",2025-09-27
expected-tempo-targets-v2.0-walk-forward,2025-09-27|sportsbet-sandown-hillside|1,2025-09-27,racing-com-rv-authorised,VIC,sportsbet-sandown-hillside,1,1400,good,out_1_3m,benchmark,,10,1.0,0.24967429079904668,-1.8027768345244175,1.2153800193932833,even,even,39.79913793103449,22.978620689655173,23.045,3.120617379310348,0.33358499999999847,0.7446230689655211,track_distance_going,9,"{""source_distance"": 159, ""source_distance_going"": 115, ""source_phase_profile"": 599, ""source_phase_profile_going"": 451, ""track_distance"": 16, ""track_distance_going"": 9, ""track_distance_going_rail"": 2, ""track_phase_profile_going"": 17}",2025-09-27
expected-tempo-targets-v2.0-walk-forward,2025-09-27|sportsbet-sandown-hillside|2,2025-09-27,racing-com-rv-authorised,VIC,sportsbet-sandown-hillside,2,1800,good,out_1_3m,benchmark,,9,1.0,-4.0,-0.8228787265614513,1.086510001690808,slow,sprint_home,45.074000000000005,23.056,23.022000000000006,3.4603884000000007,0.29651999999999784,0.6553092000000045,track_distance_going,5,"{""source_distance"": 23, ""source_distance_going"": 18, ""source_phase_profile"": 599, ""source_phase_profile_going"": 451, ""track_distance"": 5, ""track_distance_going"": 5, ""track_distance_going_rail"": 1, ""track_phase_profile_going"": 17}",2025-09-27
expected-tempo-targets-v2.0-walk-forward,2025-09-27|sportsbet-sandown-hillside|3,2025-09-27,racing-com-rv-authorised,VIC,sportsbet-sandown-hillside,3,1000,good,out_1_3m,open_or_quality,,6,1.0,-0.38353396127100753,0.07935185405607224,2.2840709809548247,even,even,13.795,21.560000000000002,22.73,0.37806300000000115,0.37806300000000376,0.6523440000000018,source_distance_going,41,"{""source_distance"": 63, ""source_distance_going"": 41, ""source_phase_profile"": 63, ""source_phase_profile_going"": 41, ""track_distance"": 7, ""track_distance_going"": 2, ""track_distance_going_rail"": 0, ""track_phase_profile_going"": 2}",2025-09-27
expected-tempo-targets-v2.0-walk-forward,2025-09-27|sportsbet-sandown-hillside|4,2025-09-27,racing-com-rv-authorised,VIC,sportsbet-sandown-hillside,4,1400,good,out_1_3m,benchmark,,9,1.0,0.1214945265472674,0.4755030641520862,1.6316980370860126,even,even,39.79913793103449,22.978620689655173,23.045,3.120617379310348,0.33358499999999847,0.7446230689655211,track_distance_going,9,"{""source_distance"": 159, ""source_distance_going"": 115, ""source_phase_profile"": 599, ""source_phase_profile_going"": 451, ""track_distance"": 16, ""track_distance_going"": 9, ""track_distance_going_rail"": 2, ""track_phase_profile_going"": 17}",2025-09-27
expected-tempo-targets-v2.0-walk-forward,2025-09-27|sportsbet-sandown-hillside|5,2025-09-27,racing-com-rv-authorised,VIC,sportsbet-sandown-hillside,5,1400,good,out_1_3m,open_or_quality,,7,1.0,0.5156473016214843,-0.6336595180983228,1.2825280867630788,fast,fast_early,39.79913793103449,22.978620689655173,23.045,3.120617379310348,0.33358499999999847,0.7446230689655211,track_distance_going,9,"{""source_distance"": 159, ""source_distance_going"": 115, ""source_phase_profile"": 599, ""source_phase_profile_going"": 451, ""track_distance"": 16, ""track_distance_going"": 9, ""track_distance_going_rail"": 2, ""track_phase_profile_going"": 17}",2025-09-27
expected-tempo-targets-v2.0-walk-forward,2025-09-27|sportsbet-sandown-hillside|6,2025-09-27,racing-com-rv-authorised,VIC,sportsbet-sandown-hillside,6,1400,good,out_1_3m,group,2,11,1.0,0.6278045953417878,-0.8135237206254119,0.04700364715885639,fast,fast_early,39.79913793103449,22.978620689655173,23.045,3.120617379310348,0.33358499999999847,0.7446230689655211,track_distance_going,9,"{""source_distance"": 159, ""source_distance_going"": 115, ""source_phase_profile"": 599, ""source_phase_profile_going"": 451, ""track_distance"": 16, ""track_distance_going"": 9, ""track_distance_going_rail"": 2, ""track_phase_profile_going"": 17}",2025-09-27
expected-tempo-targets-v2.0-walk-forward,2025-09-27|sportsbet-sandown-hillside|7,2025-09-27,racing-com-rv-authorised,VIC,sportsbet-sandown-hillside,7,1500,good,out_1_3m,group,3,12,1.0,-1.0851585650619755,2.6080309366428627,0.2393354307820198,slow,slow_early,40.17,23.05,23.045,4.017846000000001,0.3335849999999968,0.689409000000005,track_phase_profile_going,17,"{""source_distance"": 5, ""source_distance_going"": 5, ""source_phase_profile"": 599, ""source_phase_profile_going"": 451, ""track_distance"": 0, ""track_distance_going"": 0, ""track_distance_going_rail"": 0, ""track_phase_profile_going"": 17}",2025-09-27
expected-tempo-targets-v2.0-walk-forward,2025-09-27|sportsbet-sandown-hillside|8,2025-09-27,racing-com-rv-authorised,VIC,sportsbet-sandown-hillside,8,1800,good,out_1_3m,handicap_unspecified,,12,1.0,-4.0,0.8970727101038841,-0.4471171776620718,slow,very_slow_early,45.074000000000005,23.056,23.022000000000006,3.4603884000000007,0.29651999999999784,0.6553092000000045,track_distance_going,5,"{""source_distance"": 23, ""source_distance_going"": 18, ""source_phase_profile"": 599, ""source_phase_profile_going"": 451, ""track_distance"": 5, ""track_distance_going"": 5, ""track_distance_going_rail"": 1, ""track_phase_profile_going"": 17}",2025-09-27
expected-tempo-targets-v2.0-walk-forward,2025-10-04|flemington|1,2025-10-04,racing-com-rv-authorised,VIC,flemington,1,1200,good,out_7m_plus,benchmark,,16,1.0,-0.8755408897051867,-0.45988006327948255,0.9286466978300911,slow,sprint_home,25.3275,21.8825,23.1275,0.3854760000000023,0.24462900000000135,0.25574850000000177,track_distance_going_rail,14,"{""source_distance"": 169, ""source_distance_going"": 124, ""source_phase_profile"": 606, ""source_phase_profile_going"": 458, ""track_distance"": 49, ""track_distance_going"": 34, ""track_distance_going_rail"": 14, ""track_phase_profile_going"": 140}",2025-10-04
expected-tempo-targets-v2.0-walk-forward,2025-10-04|flemington|2,2025-10-04,racing-com-rv-authorised,VIC,flemington,2,1000,good,out_7m_plus,listed,,10,1.0,1.7311929493232765,-0.1538312258455338,-1.8619744909494724,very_fast_or_collapse,pace_collapse,14.015,21.625,22.495,0.22238999999999787,0.42254100000000017,0.5263230000000007,track_distance_going,15,"{""source_distance"": 64, ""source_distance_going"": 42, ""source_phase_profile"": 64, ""source_phase_profile_going"": 42, ""track_distance"": 18, ""track_distance_going"": 15, ""track_distance_going_rail"": 4, ""track_phase_profile_going"": 15}",2025-10-04
expected-tempo-targets-v2.0-walk-forward,2025-10-04|flemington|3,2025-10-04,racing-com-rv-authorised,VIC,flemington,3,1800,good,out_7m_plus,listed,,12,1.0,-1.7622898578005948,-1.1969286887821662,0.44497654271025583,slow,very_slow_early,43.78,22.7825,23.3975,12.653990999999994,0.6412245000000014,0.5337359999999991,track_phase_profile_going,140,"{""source_distance"": 25, ""source_distance_going"": 20, ""source_phase_profile"": 606, ""source_phase_profile_going"": 458, ""track_distance"": 5, ""track_distance_going"": 3, ""track_distance_going_rail"": 2, ""track_phase_profile_going"": 140}",2025-10-04
expected-tempo-targets-v2.0-walk-forward,2025-10-04|flemington|4,2025-10-04,racing-com-rv-authorised,VIC,flemington,4,1600,good,out_7m_plus,group,2,10,1.0,-0.7843111513813902,-0.6723495189703279,0.998517152054986,slow,sprint_home,50.747241379310346,22.945172413793102,23.37896551724138,0.8195199310344857,0.4831231034482767,0.534758482758618,track_distance_going_rail,9,"{""source_distance"": 131, ""source_distance_going"": 102, ""source_phase_profile"": 606, ""source_phase_profile_going"": 458, ""track_distance"": 49, ""track_distance_going"": 37, ""track_distance_going_rail"": 9, ""track_phase_profile_going"": 140}",2025-10-04
expected-tempo-targets-v2.0-walk-forward,2025-10-04|flemington|5,2025-10-04,racing-com-rv-authorised,VIC,flemington,5,1400,good,out_7m_plus,group,2,10,1.0,-1.1127971503384744,1.1109628989889044,1.234596665500018,slow,sprint_home,37.25480769230769,22.745192307692307,23.342499999999998,0.6831364615384601,0.3062139230769245,0.4556143846153845,track_distance_going_rail,6,"{""source_distance"": 163, ""source_distance_going"": 119, ""source_phase_profile"": 606, ""source_phase_profile_going"": 458, ""track_distance"": 50, ""track_distance_going"": 35, ""track_distance_going_rail"": 6, ""track_phase_profile_going"": 140}",2025-10-04
expected-tempo-targets-v2.0-walk-forward,2025-10-04|flemington|6,2025-10-04,racing-com-rv-authorised,VIC,flemington,6,1100,good,out_7m_plus,group,2,9,1.0,-1.3814870977231404,1.0906659089408772,2.509990203298155,slow,sprint_home,19.545,21.61,22.865000000000002,0.30763949999999934,0.34841099999999914,0.45219299999999957,track_distance_going_rail,12,"{""source_distance"": 99, ""source_distance_going"": 77, ""source_phase_profile"": 99, ""source_phase_profile_going"": 77, ""track_distance"": 42, ""track_distance_going"": 34, ""track_distance_going_rail"": 12, ""track_phase_profile_going"": 34}",2025-10-04
expected-tempo-targets-v2.0-walk-forward,2025-10-04|flemington|8,2025-10-04,racing-com-rv-authorised,VIC,flemington,8,2000,good,out_7m_plus,group,1,14,1.0,-2.2030444936150717,3.857244030756772,1.9330766096339564,slow,sprint_home,75.59,23.325,24.23,1.141602000000015,0.2372160000000002,0.7190609999999991,track_distance_going_rail,11,"{""source_distance"": 68, ""source_distance_going"": 52, ""source_phase_profile"": 606, ""source_phase_profile_going"": 458, ""track_distance"": 30, ""track_distance_going"": 25, ""track_distance_going_rail"": 11, ""track_phase_profile_going"": 140}",2025-10-04
expected-tempo-targets-v2.0-walk-forward,2025-10-04|flemington|9,2025-10-04,racing-com-rv-authorised,VIC,flemington,9,1200,good,out_7m_plus,group,2,15,1.0,-0.31778891552262134,1.4818357594561509,3.0400960318437624,even,even,25.3275,21.8825,23.1275,0.3854760000000023,0.24462900000000135,0.25574850000000177,track_distance_going_rail,14,"{""source_distance"": 169, ""source_distance_going"": 124, ""source_phase_profile"": 606, ""source_phase_profile_going"": 458, ""track_distance"": 49, ""track_distance_going"": 34, ""track_distance_going_rail"": 14, ""track_phase_profile_going"": 140}",2025-10-04
expected-tempo-targets-v2.0-walk-forward,2025-10-04|flemington|10,2025-10-04,racing-com-rv-authorised,VIC,flemington,10,1400,good,out_7m_plus,listed,,11,1.0,-1.442160334223125,-0.5382109691540444,1.388235361651133,slow,sprint_home,37.25480769230769,22.745192307692307,23.342499999999998,0.6831364615384601,0.3062139230769245,0.4556143846153845,track_distance_going_rail,6,"{""source_distance"": 163, ""source_distance_going"": 119, ""source_phase_profile"": 606, ""source_phase_profile_going"": 458, ""track_distance"": 50, ""track_distance_going"": 35, ""track_distance_going_rail"": 6, ""track_phase_profile_going"": 140}",2025-10-04
expected-tempo-targets-v2.0-walk-forward,2025-10-11|caulfield|1,2025-10-11,racing-com-rv-authorised,VIC,caulfield,1,1700,good,true,benchmark,,12,1.0,-1.0100741769650492,-0.26979630379063213,-0.6111407986417787,slow,slow_early,37.692499999999995,23.17,23.5,18.8030745,0.5930400000000005,0.6708764999999982,track_phase_profile_going,188,"{""source_distance"": 3, ""source_distance_going"": 3, ""source_phase_profile"": 613, ""source_phase_profile_going"": 465, ""track_distance"": 2, ""track_distance_going"": 2, ""track_distance_going_rail"": 1, ""track_phase_profile_going"": 188}",2025-10-11
expected-tempo-targets-v2.0-walk-forward,2025-10-11|caulfield|2,2025-10-11,racing-com-rv-authorised,VIC,caulfield,2,1200,good,true,unclassified,,13,1.0,-1.1897267562989926,0.2423951166869054,-0.8408035494845217,slow,slow_early,24.7025,22.515,23.174999999999997,0.26686799999999955,0.4744320000000004,0.5411490000000029,track_distance_going_rail,10,"{""source_distance"": 171, ""source_distance_going"": 126, ""source_phase_profile"": 613, ""source_phase_profile_going"": 465, ""track_distance"": 61, ""track_distance_going"": 46, ""track_distance_going_rail"": 10, ""track_phase_profile_going"": 188}",2025-10-11
expected-tempo-targets-v2.0-walk-forward,2025-10-11|caulfield|3,2025-10-11,racing-com-rv-authorised,VIC,caulfield,3,2400,good,true,group,2,11,1.0,-3.663629583555604,0.033724537973835005,-0.298117462752086,slow,very_slow_early,37.692499999999995,23.17,23.5,18.8030745,0.5930400000000005,0.6708764999999982,track_phase_profile_going,188,"{""source_distance"": 12, ""source_distance_going"": 6, ""source_phase_profile"": 613, ""source_phase_profile_going"": 465, ""track_distance"": 10, ""track_distance_going"": 4, ""track_distance_going_rail"": 1, ""track_phase_profile_going"": 188}",2025-10-11
expected-tempo-targets-v2.0-walk-forward,2025-10-11|caulfield|4,2025-10-11,racing-com-rv-authorised,VIC,caulfield,4,1600,good,true,group,3,12,1.0,-2.4144814143582534,-2.4088955695593404,4.0,slow,sprint_home,49.935,23.424999999999997,24.25,1.0229939999999966,0.15567299999999534,0.26686799999999955,track_distance_going_rail,13,"{""source_distance"": 132, ""source_distance_going"": 103, ""source_phase_profile"": 613, ""source_phase_profile_going"": 465, ""track_distance"": 39, ""track_distance_going"": 35, ""track_distance_going_rail"": 13, ""track_phase_profile_going"": 188}",2025-10-11
expected-tempo-targets-v2.0-walk-forward,2025-10-11|caulfield|5,2025-10-11,racing-com-rv-authorised,VIC,caulfield,5,1400,good,true,listed,,9,1.0,-0.1564036543713885,0.653737197646543,0.2539259329794218,even,even,37.08,23.225,23.47,1.0229939999999966,0.4818450000000042,0.6301050000000062,track_distance_going_rail,19,"{""source_distance"": 165, ""source_distance_going"": 121, ""source_phase_profile"": 613, ""source_phase_profile_going"": 465, ""track_distance"": 89, ""track_distance_going"": 67, ""track_distance_going_rail"": 19, ""track_phase_profile_going"": 188}",2025-10-11
expected-tempo-targets-v2.0-walk-forward,2025-10-11|caulfield|6,2025-10-11,racing-com-rv-authorised,VIC,caulfield,6,2000,good,true,group,1,4,1.0,-0.40490183178419425,1.442950819809054,-0.11175580032383084,even,even,75.83714285714285,23.353571428571428,24.044285714285717,1.3777589999999988,0.34205700000000194,0.7222379999999993,track_distance_going_rail,8,"{""source_distance"": 69, ""source_distance_going"": 53, ""source_phase_profile"": 613, ""source_phase_profile_going"": 465, ""track_distance"": 38, ""track_distance_going"": 27, ""track_distance_going_rail"": 8, ""track_phase_profile_going"": 188}",2025-10-11
expected-tempo-targets-v2.0-walk-forward,2025-10-11|caulfield|7,2025-10-11,racing-com-rv-authorised,VIC,caulfield,7,1600,good,true,group,1,10,1.0,1.2658920775683982,-0.5138977215060273,0.6557549050466935,very_fast_or_collapse,very_fast_early,49.935,23.424999999999997,24.25,1.0229939999999966,0.15567299999999534,0.26686799999999955,track_distance_going_rail,13,"{""source_distance"": 132, ""source_distance_going"": 103, ""source_phase_profile"": 613, ""source_phase_profile_going"": 465, ""track_distance"": 39, ""track_distance_going"": 35, ""track_distance_going_rail"": 13, ""track_phase_profile_going"": 188}",2025-10-11
expected-tempo-targets-v2.0-walk-forward,2025-10-11|caulfield|8,2025-10-11,racing-com-rv-authorised,VIC,caulfield,8,1600,good,true,group,1,15,1.0,0.9433095404274185,1.7665234176768405,-2.6604913290465775,very_fast_or_collapse,pace_collapse,49.935,23.424999999999997,24.25,1.0229939999999966,0.15567299999999534,0.26686799999999955,track_distance_going_rail,13,"{""source_distance"": 132, ""source_distance_going"": 103, ""source_phase_profile"": 613, ""source_phase_profile_going"": 465, ""track_distance"": 39, ""track_distance_going"": 35, ""track_distance_going_rail"": 13, ""track_phase_profile_going"": 188}",2025-10-11
expected-tempo-targets-v2.0-walk-forward,2025-10-11|caulfield|9,2025-10-11,racing-com-rv-authorised,VIC,caulfield,9,1100,good,true,group,2,9,1.0,1.0051234847102146,0.8443625063077357,-0.19725673154504303,very_fast_or_collapse,fast_early,18.86,22.1725,23.1525,0.37806300000000115,0.5003775000000005,0.3928890000000008,track_distance_going_rail,14,"{""source_distance"": 100, ""source_distance_going"": 78, ""source_phase_profile"": 100, ""source_phase_profile_going"": 78, ""track_distance"": 56, ""track_distance_going"": 42, ""track_distance_going_rail"": 14, ""track_phase_profile_going"": 42}",2025-10-11
expected-tempo-targets-v2.0-walk-forward,2025-10-11|caulfield|10,2025-10-11,racing-com-rv-authorised,VIC,caulfield,10,1200,good,true,group,3,10,0.9,-1.564443844897107,-0.010538918116819694,0.009239599444876413,slow,very_slow_early,24.7025,22.515,23.174999999999997,0.26686799999999955,0.4744320000000004,0.5411490000000029,track_distance_going_rail,10,"{""source_distance"": 171, ""source_distance_going"": 126, ""source_phase_profile"": 613, ""source_phase_profile_going"": 465, ""track_distance"": 61, ""track_distance_going"": 46, ""track_distance_going_rail"": 10, ""track_phase_profile_going"": 188}",2025-10-11
expected-tempo-targets-v2.0-walk-forward,2025-10-18|caulfield|1,2025-10-18,racing-com-rv-authorised,VIC,caulfield,1,1400,good,out_1_3m,unclassified,,9,1.0,0.8719767926566812,-2.1932741479483546,-0.2517465510722518,fast,fast_early,37.307500000000005,23.2175,23.3875,0.8228429999999995,0.5300295000000025,0.526322999999998,track_distance_going,68,"{""source_distance"": 166, ""source_distance_going"": 122, ""source_phase_profile"": 622, ""source_phase_profile_going"": 474, ""track_distance"": 90, ""track_distance_going"": 68, ""track_distance_going_rail"": 4, ""track_phase_profile_going"": 197}",2025-10-18
expected-tempo-targets-v2.0-walk-forward,2025-10-18|caulfield|2,2025-10-18,racing-com-rv-authorised,VIC,caulfield,2,2000,good,out_1_3m,group,3,8,1.0,-2.6819987595755657,1.283053850733669,-0.29109601198463364,slow,very_slow_early,76.025,23.3575,24.075000000000003,1.2527969999999982,0.49296450000000197,0.7042349999999994,track_distance_going,28,"{""source_distance"": 70, ""source_distance_going"": 54, ""source_phase_profile"": 622, ""source_phase_profile_going"": 474, ""track_distance"": 39, ""track_distance_going"": 28, ""track_distance_going_rail"": 2, ""track_phase_profile_going"": 197}",2025-10-18
expected-tempo-targets-v2.0-walk-forward,2025-10-18|caulfield|3,2025-10-18,racing-com-rv-authorised,VIC,caulfield,3,2000,good,out_1_3m,group,3,13,1.0,-1.0815798569121668,-0.9990577414803657,-1.0578855069685518,slow,slow_early,76.025,23.3575,24.075000000000003,1.2527969999999982,0.49296450000000197,0.7042349999999994,track_distance_going,28,"{""source_distance"": 70, ""source_distance_going"": 54, ""source_phase_profile"": 622, ""source_phase_profile_going"": 474, ""track_distance"": 39, ""track_distance_going"": 28, ""track_distance_going_rail"": 2, ""track_phase_profile_going"": 197}",2025-10-18
expected-tempo-targets-v2.0-walk-forward,2025-10-18|caulfield|4,2025-10-18,racing-com-rv-authorised,VIC,caulfield,4,1200,good,out_1_3m,listed,,7,1.0,1.1305749873131488,0.14730257965580681,0.08431134493458002,fast,fast_early,24.64,22.3975,23.240000000000002,0.38918250000000154,0.322465499999999,0.4744320000000004,track_distance_going,48,"{""source_distance"": 173, ""source_distance_going"": 128, ""source_phase_profile"": 622, ""source_phase_profile_going"": 474, ""track_distance"": 63, ""track_distance_going"": 48, ""track_distance_going_rail"": 1, ""track_phase_profile_going"": 197}",2025-10-18
expected-tempo-targets-v2.0-walk-forward,2025-10-18|caulfield|5,2025-10-18,racing-com-rv-authorised,VIC,caulfield,5,1100,good,out_1_3m,listed,,11,1.0,-0.05620756328971544,-0.11073728886929089,-0.4856333468231478,even,even,18.79,22.045,22.98,0.35582399999999764,0.49667100000000125,0.37065,track_distance_going,43,"{""source_distance"": 101, ""source_distance_going"": 79, ""source_phase_profile"": 101, ""source_phase_profile_going"": 79, ""track_distance"": 57, ""track_distance_going"": 43, ""track_distance_going_rail"": 1, ""track_phase_profile_going"": 43}",2025-10-18
expected-tempo-targets-v2.0-walk-forward,2025-10-18|caulfield|6,2025-10-18,racing-com-rv-authorised,VIC,caulfield,6,1000,good,out_1_3m,group,2,8,1.0,1.3856601112138764,0.8586864893158781,-1.1099936052778017,very_fast_or_collapse,pace_collapse,13.613313609467454,21.615118343195267,22.70958579881657,0.269412106508876,0.41938279881657003,0.4778533846153866,track_distance_going,6,"{""source_distance"": 65, ""source_distance_going"": 43, ""source_phase_profile"": 65, ""source_phase_profile_going"": 43, ""track_distance"": 11, ""track_distance_going"": 6, ""track_distance_going_rail"": 0, ""track_phase_profile_going"": 6}",2025-10-18
expected-tempo-targets-v2.0-walk-forward,2025-10-18|caulfield|7,2025-10-18,racing-com-rv-authorised,VIC,caulfield,7,1600,good,out_1_3m,group,1,12,1.0,-0.7638152114072733,0.5111929966559473,-0.003606902457101054,slow,slow_early,50.377500000000005,23.47,23.932499999999997,1.3714050000000009,0.3521174999999984,0.6931155000000017,track_distance_going,38,"{""source_distance"": 135, ""source_distance_going"": 106, ""source_phase_profile"": 622, ""source_phase_profile_going"": 474, ""track_distance"": 42, ""track_distance_going"": 38, ""track_distance_going_rail"": 0, ""track_phase_profile_going"": 197}",2025-10-18
expected-tempo-targets-v2.0-walk-forward,2025-10-18|caulfield|8,2025-10-18,racing-com-rv-authorised,VIC,caulfield,8,1400,good,out_1_3m,group,3,9,1.0,-0.7200644594412231,-1.0801285588820912,1.3062321046201717,slow,slow_early,37.307500000000005,23.2175,23.3875,0.8228429999999995,0.5300295000000025,0.526322999999998,track_distance_going,68,"{""source_distance"": 166, ""source_distance_going"": 122, ""source_phase_profile"": 622, ""source_phase_profile_going"": 474, ""track_distance"": 90, ""track_distance_going"": 68, ""track_distance_going_rail"": 4, ""track_phase_profile_going"": 197}",2025-10-18
expected-tempo-targets-v2.0-walk-forward,2025-10-18|caulfield|9,2025-10-18,racing-com-rv-authorised,VIC,caulfield,9,2400,good,out_1_3m,group,1,18,1.0,-3.2117082783660513,-1.1956881645266977,-1.751448882508792,slow,very_slow_early,51.16,23.162,23.594,15.6147432,0.5544924000000003,0.6286224000000025,track_distance_going,5,"{""source_distance"": 13, ""source_distance_going"": 7, ""source_phase_profile"": 622, ""source_phase_profile_going"": 474, ""track_distance"": 11, ""track_distance_going"": 5, ""track_distance_going_rail"": 0, ""track_phase_profile_going"": 197}",2025-10-18
expected-tempo-targets-v2.0-walk-forward,2025-10-18|caulfield|10,2025-10-18,racing-com-rv-authorised,VIC,caulfield,10,1400,good,out_1_3m,group,2,8,1.0,-0.6167640728547165,0.3254535832439489,-1.315731974471953,slow,slow_early,37.307500000000005,23.2175,23.3875,0.8228429999999995,0.5300295000000025,0.526322999999998,track_distance_going,68,"{""source_distance"": 166, ""source_distance_going"": 122, ""source_phase_profile"": 622, ""source_phase_profile_going"": 474, ""track_distance"": 90, ""track_distance_going"": 68, ""track_distance_going_rail"": 4, ""track_phase_profile_going"": 197}",2025-10-18
expected-tempo-targets-v2.0-walk-forward,2025-10-25|the-valley|1,2025-10-25,racing-com-rv-authorised,VIC,the-valley,1,1000,good,true,,,6,1.0,4.0,-2.610931972167512,1.036412630415269,very_fast_or_collapse,very_fast_early,13.42,21.58,23.21,0.20015099999999966,0.2298029999999964,0.30393299999999746,track_distance_going_rail,11,"{""source_distance"": 66, ""source_distance_going"": 44, ""source_phase_profile"": 66, ""source_phase_profile_going"": 44, ""track_distance"": 21, ""track_distance_going"": 12, ""track_distance_going_rail"": 11, ""track_phase_profile_going"": 12}",2025-10-25
expected-tempo-targets-v2.0-walk-forward,2025-10-25|the-valley|2,2025-10-25,racing-com-rv-authorised,VIC,the-valley,2,1200,good,true,,,9,1.0,0.8897537678201879,0.15808377175232535,-0.6899962941772091,fast,fast_early,24.5,22.895,23.665,0.34841099999999914,0.4744320000000004,0.644930999999998,track_distance_going_rail,33,"{""source_distance"": 174, ""source_distance_going"": 129, ""source_phase_profile"": 630, ""source_phase_profile_going"": 482, ""track_distance"": 52, ""track_distance_going"": 37, ""track_distance_going_rail"": 33, ""track_phase_profile_going"": 84}",2025-10-25
expected-tempo-targets-v2.0-walk-forward,2025-10-25|the-valley|3,2025-10-25,racing-com-rv-authorised,VIC,the-valley,3,1200,good,true,,,12,1.0,0.04305260166872058,-1.1803588290840379,0.2170774858085609,even,even,24.5,22.895,23.665,0.34841099999999914,0.4744320000000004,0.644930999999998,track_distance_going_rail,33,"{""source_distance"": 174, ""source_distance_going"": 129, ""source_phase_profile"": 630, ""source_phase_profile_going"": 482, ""track_distance"": 52, ""track_distance_going"": 37, ""track_distance_going_rail"": 33, ""track_phase_profile_going"": 84}",2025-10-25
expected-tempo-targets-v2.0-walk-forward,2025-10-25|the-valley|4,2025-10-25,racing-com-rv-authorised,VIC,the-valley,4,1600,good,true,,,10,1.0,-0.6580397653430268,-0.38542329112948176,0.3529312113540348,slow,slow_early,48.8,23.59,24.25,0.9117989999999924,0.41512800000000166,0.6375179999999996,track_distance_going_rail,23,"{""source_distance"": 136, ""source_distance_going"": 107, ""source_phase_profile"": 630, ""source_phase_profile_going"": 482, ""track_distance"": 30, ""track_distance_going"": 24, ""track_distance_going_rail"": 23, ""track_phase_profile_going"": 84}",2025-10-25
expected-tempo-targets-v2.0-walk-forward,2025-10-25|the-valley|5,2025-10-25,racing-com-rv-authorised,VIC,the-valley,5,2040,good,true,,,9,1.0,0.15356181914528627,0.7001043326212831,0.5454577446202019,even,even,78.11500000000001,23.695,24.445,2.1164114999999923,0.29281349999999967,0.8524950000000016,track_distance_going_rail,18,"{""source_distance"": 21, ""source_distance_going"": 19, ""source_phase_profile"": 630, ""source_phase_profile_going"": 482, ""track_distance"": 21, ""track_distance_going"": 19, ""track_distance_going_rail"": 18, ""track_phase_profile_going"": 84}",2025-10-25
expected-tempo-targets-v2.0-walk-forward,2025-10-25|the-valley|6,2025-10-25,racing-com-rv-authorised,VIC,the-valley,6,2040,good,true,,,11,1.0,-0.7536341585745449,1.0416186412170205,0.7683329520994258,slow,sprint_home,78.11500000000001,23.695,24.445,2.1164114999999923,0.29281349999999967,0.8524950000000016,track_distance_going_rail,18,"{""source_distance"": 21, ""source_distance_going"": 19, ""source_phase_profile"": 630, ""source_phase_profile_going"": 482, ""track_distance"": 21, ""track_distance_going"": 19, ""track_distance_going_rail"": 18, ""track_phase_profile_going"": 84}",2025-10-25
expected-tempo-targets-v2.0-walk-forward,2025-10-25|the-valley|7,2025-10-25,racing-com-rv-authorised,VIC,the-valley,7,1600,good,true,,,8,1.0,-0.5373991416968139,1.0840030063016648,0.8313490756339452,slow,slow_early,48.8,23.59,24.25,0.9117989999999924,0.41512800000000166,0.6375179999999996,track_distance_going_rail,23,"{""source_distance"": 136, ""source_distance_going"": 107, ""source_phase_profile"": 630, ""source_phase_profile_going"": 482, ""track_distance"": 30, ""track_distance_going"": 24, ""track_distance_going_rail"": 23, ""track_phase_profile_going"": 84}",2025-10-25
expected-tempo-targets-v2.0-walk-forward,2025-10-25|the-valley|8,2025-10-25,racing-com-rv-authorised,VIC,the-valley,8,1200,good,true,,,7,1.0,1.3489815189531904,0.2423951166868979,0.24033578785947343,very_fast_or_collapse,very_fast_early,24.5,22.895,23.665,0.34841099999999914,0.4744320000000004,0.644930999999998,track_distance_going_rail,33,"{""source_distance"": 174, ""source_distance_going"": 129, ""source_phase_profile"": 630, ""source_phase_profile_going"": 482, ""track_distance"": 52, ""track_distance_going"": 37, ""track_distance_going_rail"": 33, ""track_phase_profile_going"": 84}",2025-10-25
expected-tempo-targets-v2.0-walk-forward,2025-10-25|the-valley|9,2025-10-25,racing-com-rv-authorised,VIC,the-valley,9,2040,good,true,,,9,1.0,-0.8528587186376558,-2.236918721302132,0.28739171490741944,slow,slow_early,78.11500000000001,23.695,24.445,2.1164114999999923,0.29281349999999967,0.8524950000000016,track_distance_going_rail,18,"{""source_distance"": 21, ""source_distance_going"": 19, ""source_phase_profile"": 630, ""source_phase_profile_going"": 482, ""track_distance"": 21, ""track_distance_going"": 19, ""track_distance_going_rail"": 18, ""track_phase_profile_going"": 84}",2025-10-25
expected-tempo-targets-v2.0-walk-forward,2025-10-25|the-valley|10,2025-10-25,racing-com-rv-authorised,VIC,the-valley,10,2040,good,true,,,8,1.0,-0.01653742667718292,1.6563443966893603,0.2522008926738567,even,even,78.11500000000001,23.695,24.445,2.1164114999999923,0.29281349999999967,0.8524950000000016,track_distance_going_rail,18,"{""source_distance"": 21, ""source_distance_going"": 19, ""source_phase_profile"": 630, ""source_phase_profile_going"": 482, ""track_distance"": 21, ""track_distance_going"": 19, ""track_distance_going_rail"": 18, ""track_phase_profile_going"": 84}",2025-10-25
expected-tempo-targets-v2.0-walk-forward,2025-11-01|flemington|1,2025-11-01,racing-com-rv-authorised,VIC,flemington,1,1600,good,true,group,3,8,1.0,1.2983947119924495,1.8647685703176418,-1.6830453385052773,very_fast_or_collapse,pace_collapse,50.195,23.0,23.6875,1.1860799999999958,0.2520419999999999,0.785777999999999,track_distance_going_rail,12,"{""source_distance"": 138, ""source_distance_going"": 109, ""source_phase_profile"": 639, ""source_phase_profile_going"": 491, ""track_distance"": 50, ""track_distance_going"": 38, ""track_distance_going_rail"": 12, ""track_phase_profile_going"": 147}",2025-11-01
expected-tempo-targets-v2.0-walk-forward,2025-11-01|flemington|2,2025-11-01,racing-com-rv-authorised,VIC,flemington,2,1400,good,true,group,3,12,1.0,0.22483025315886176,0.6170872905849666,0.1552784482248227,even,even,37.379999999999995,22.895,23.064999999999998,0.7116479999999953,0.34841100000000175,0.5152035000000055,track_distance_going_rail,18,"{""source_distance"": 169, ""source_distance_going"": 125, ""source_phase_profile"": 639, ""source_phase_profile_going"": 491, ""track_distance"": 52, ""track_distance_going"": 37, ""track_distance_going_rail"": 18, ""track_phase_profile_going"": 147}",2025-11-01
expected-tempo-targets-v2.0-walk-forward,2025-11-01|flemington|3,2025-11-01,racing-com-rv-authorised,VIC,flemington,3,1200,good,true,group,3,13,1.0,-1.9030274999518366,-0.7187196617373546,4.0,slow,sprint_home,25.04,21.745,23.285000000000004,0.4151279999999964,0.45219299999999957,0.38176950000000043,track_distance_going_rail,10,"{""source_distance"": 177, ""source_distance_going"": 132, ""source_phase_profile"": 639, ""source_phase_profile_going"": 491, ""track_distance"": 51, ""track_distance_going"": 36, ""track_distance_going_rail"": 10, ""track_phase_profile_going"": 147}",2025-11-01
expected-tempo-targets-v2.0-walk-forward,2025-11-01|flemington|4,2025-11-01,racing-com-rv-authorised,VIC,flemington,4,2000,good,true,group,2,9,1.0,-0.13847988732693167,-0.3812127489769227,0.581366277165699,even,even,76.06370370370371,23.38685185185185,24.037407407407407,1.778570888888884,0.21811481481481362,0.7695792222222222,track_distance_going_rail,7,"{""source_distance"": 72, ""source_distance_going"": 56, ""source_phase_profile"": 639, ""source_phase_profile_going"": 491, ""track_distance"": 31, ""track_distance_going"": 26, ""track_distance_going_rail"": 7, ""track_phase_profile_going"": 147}",2025-11-01
expected-tempo-targets-v2.0-walk-forward,2025-11-01|flemington|5,2025-11-01,racing-com-rv-authorised,VIC,flemington,5,1400,good,true,group,2,11,1.0,0.5199199604298753,0.7892976972598373,1.0966540405878293,fast,sustained_high_pressure,37.379999999999995,22.895,23.064999999999998,0.7116479999999953,0.34841100000000175,0.5152035000000055,track_distance_going_rail,18,"{""source_distance"": 169, ""source_distance_going"": 125, ""source_phase_profile"": 639, ""source_phase_profile_going"": 491, ""track_distance"": 52, ""track_distance_going"": 37, ""track_distance_going_rail"": 18, ""track_phase_profile_going"": 147}",2025-11-01
expected-tempo-targets-v2.0-walk-forward,2025-11-01|flemington|6,2025-11-01,racing-com-rv-authorised,VIC,flemington,6,1200,good,true,group,1,12,1.0,1.2164922626274473,0.995150300867107,0.7334268452561057,very_fast_or_collapse,sustained_high_pressure,25.04,21.745,23.285000000000004,0.4151279999999964,0.45219299999999957,0.38176950000000043,track_distance_going_rail,10,"{""source_distance"": 177, ""source_distance_going"": 132, ""source_phase_profile"": 639, ""source_phase_profile_going"": 491, ""track_distance"": 51, ""track_distance_going"": 36, ""track_distance_going_rail"": 10, ""track_phase_profile_going"": 147}",2025-11-01
expected-tempo-targets-v2.0-walk-forward,2025-11-01|flemington|7,2025-11-01,racing-com-rv-authorised,VIC,flemington,7,2500,good,true,group,1,16,1.0,-3.7185842214900937,0.05246039240373548,-0.5447809980387899,slow,very_slow_early,39.225,22.77,23.38,19.414647000000002,0.6671699999999989,0.5782140000000008,track_phase_profile_going,147,"{""source_distance"": 7, ""source_distance_going"": 6, ""source_phase_profile"": 639, ""source_phase_profile_going"": 491, ""track_distance"": 4, ""track_distance_going"": 4, ""track_distance_going_rail"": 3, ""track_phase_profile_going"": 147}",2025-11-01
expected-tempo-targets-v2.0-walk-forward,2025-11-01|flemington|8,2025-11-01,racing-com-rv-authorised,VIC,flemington,8,1600,good,true,group,1,11,1.0,-0.10538918116821837,3.6501852865792292,1.0530964216356296,even,even,50.195,23.0,23.6875,1.1860799999999958,0.2520419999999999,0.785777999999999,track_distance_going_rail,12,"{""source_distance"": 138, ""source_distance_going"": 109, ""source_phase_profile"": 639, ""source_phase_profile_going"": 491, ""track_distance"": 50, ""track_distance_going"": 38, ""track_distance_going_rail"": 12, ""track_phase_profile_going"": 147}",2025-11-01
expected-tempo-targets-v2.0-walk-forward,2025-11-01|flemington|9,2025-11-01,racing-com-rv-authorised,VIC,flemington,9,1100,good,true,group,3,12,1.0,-0.8797705558390329,0.04087822784705802,2.5593690462331025,slow,sprint_home,19.53,21.58,23.155,0.4262475000000021,0.24462900000000135,0.5411490000000003,track_distance_going_rail,16,"{""source_distance"": 102, ""source_distance_going"": 80, ""source_phase_profile"": 102, ""source_phase_profile_going"": 80, ""track_distance"": 43, ""track_distance_going"": 35, ""track_distance_going_rail"": 16, ""track_phase_profile_going"": 35}",2025-11-01
expected-tempo-targets-v2.0-walk-forward,2025-11-08|flemington|1,2025-11-08,racing-com-rv-authorised,VIC,flemington,1,1000,soft,out_7m_plus,listed,,11,1.0,-0.9414766851027561,0.29213612512362375,-4.0,slow,slow_early,13.5825,22.28,23.665,0.17791199999999882,0.5819205000000001,0.604159500000001,source_distance_going,22,"{""source_distance"": 67, ""source_distance_going"": 22, ""source_phase_profile"": 67, ""source_phase_profile_going"": 22, ""track_distance"": 19, ""track_distance_going"": 3, ""track_distance_going_rail"": 0, ""track_phase_profile_going"": 3}",2025-11-08
expected-tempo-targets-v2.0-walk-forward,2025-11-08|flemington|2,2025-11-08,racing-com-rv-authorised,VIC,flemington,2,1600,soft,out_7m_plus,benchmark,,14,1.0,1.4110036577556233,-1.009161747003145,-2.498516845588039,very_fast_or_collapse,pace_collapse,50.815,23.21,24.307499999999997,0.967396500000005,0.4855515000000008,0.6894089999999997,track_distance_going,12,"{""source_distance"": 140, ""source_distance_going"": 29, ""source_phase_profile"": 647, ""source_phase_profile_going"": 148, ""track_distance"": 52, ""track_distance_going"": 12, ""track_distance_going_rail"": 3, ""track_phase_profile_going"": 49}",2025-11-08
expected-tempo-targets-v2.0-walk-forward,2025-11-08|flemington|6,2025-11-08,racing-com-rv-authorised,VIC,flemington,6,1200,heavy,out_7m_plus,group,1,9,1.0,-1.1353927784522717,-3.0045497467593956,-3.5009282277594993,slow,slow_early,25.384999999999998,21.93,23.235,0.444780000000001,0.3261719999999983,0.4670189999999966,track_distance,53,"{""source_distance"": 179, ""source_distance_going"": 0, ""source_phase_profile"": 647, ""source_phase_profile_going"": 0, ""track_distance"": 53, ""track_distance_going"": 0, ""track_distance_going_rail"": 0, ""track_phase_profile_going"": 0}",2025-11-08
expected-tempo-targets-v2.0-walk-forward,2025-11-08|flemington|7,2025-11-08,racing-com-rv-authorised,VIC,flemington,7,1600,heavy,out_7m_plus,group,1,9,1.0,1.105635833181238,-2.0649794020898904,-4.0,very_fast_or_collapse,pace_collapse,50.714999999999996,22.985,23.4625,0.9451574999999989,0.4818449999999989,0.7301804999999996,track_distance,52,"{""source_distance"": 140, ""source_distance_going"": 0, ""source_phase_profile"": 647, ""source_phase_profile_going"": 0, ""track_distance"": 52, ""track_distance_going"": 0, ""track_distance_going_rail"": 0, ""track_phase_profile_going"": 0}",2025-11-08
expected-tempo-targets-v2.0-walk-forward,2025-11-15|caulfield|1,2025-11-15,racing-com-rv-authorised,VIC,caulfield,1,1100,good,out_4_6m,benchmark,,11,1.0,0.05324927048499652,0.04163523206645993,-0.5745662025171017,even,even,18.98,22.185000000000002,22.75,0.5633879999999984,0.6004530000000017,0.4003019999999993,track_distance_going_rail,13,"{""source_distance"": 103, ""source_distance_going"": 81, ""source_phase_profile"": 103, ""source_phase_profile_going"": 81, ""track_distance"": 58, ""track_distance_going"": 44, ""track_distance_going_rail"": 13, ""track_phase_profile_going"": 44}",2025-11-15
expected-tempo-targets-v2.0-walk-forward,2025-11-15|caulfield|2,2025-11-15,racing-com-rv-authorised,VIC,caulfield,2,2400,good,out_4_6m,benchmark,,12,1.0,-3.3406260033452355,-1.3855870476081935,-0.9492616155063242,slow,very_slow_early,52.93153846153845,23.198846153846155,23.646153846153844,15.177832384615373,0.5673796153846175,0.6571909615384628,track_distance_going,6,"{""source_distance"": 14, ""source_distance_going"": 8, ""source_phase_profile"": 650, ""source_phase_profile_going"": 499, ""track_distance"": 12, ""track_distance_going"": 6, ""track_distance_going_rail"": 2, ""track_phase_profile_going"": 205}",2025-11-15
expected-tempo-targets-v2.0-walk-forward,2025-11-15|caulfield|3,2025-11-15,racing-com-rv-authorised,VIC,caulfield,3,1700,good,out_4_6m,benchmark,,11,1.0,-1.0134628780634942,-0.6744907594765892,-0.7624678150605021,slow,slow_early,37.815,23.17,23.509999999999998,18.821606999999993,0.5930400000000031,0.6819960000000013,track_phase_profile_going,205,"{""source_distance"": 4, ""source_distance_going"": 4, ""source_phase_profile"": 650, ""source_phase_profile_going"": 499, ""track_distance"": 3, ""track_distance_going"": 3, ""track_distance_going_rail"": 1, ""track_phase_profile_going"": 205}",2025-11-15
expected-tempo-targets-v2.0-walk-forward,2025-11-15|caulfield|4,2025-11-15,racing-com-rv-authorised,VIC,caulfield,4,1100,good,out_4_6m,listed,,11,1.0,-0.17749756828331123,0.6078743881702664,-0.474641645557608,even,even,18.98,22.185000000000002,22.75,0.5633879999999984,0.6004530000000017,0.4003019999999993,track_distance_going_rail,13,"{""source_distance"": 103, ""source_distance_going"": 81, ""source_phase_profile"": 103, ""source_phase_profile_going"": 81, ""track_distance"": 58, ""track_distance_going"": 44, ""track_distance_going_rail"": 13, ""track_phase_profile_going"": 44}",2025-11-15
expected-tempo-targets-v2.0-walk-forward,2025-11-15|caulfield|5,2025-11-15,racing-com-rv-authorised,VIC,caulfield,5,1600,good,out_4_6m,group,3,9,1.0,-1.531390969629255,-0.49984583068354516,0.23400699818575574,slow,very_slow_early,50.447500000000005,23.6925,23.9,0.589333499999996,0.41512800000000166,0.7264739999999976,track_distance_going_rail,14,"{""source_distance"": 142, ""source_distance_going"": 111, ""source_phase_profile"": 650, ""source_phase_profile_going"": 499, ""track_distance"": 43, ""track_distance_going"": 39, ""track_distance_going_rail"": 14, ""track_phase_profile_going"": 205}",2025-11-15
expected-tempo-targets-v2.0-walk-forward,2025-11-15|caulfield|6,2025-11-15,racing-com-rv-authorised,VIC,caulfield,6,1200,good,out_4_6m,group,3,12,1.0,-0.34746493670006223,-1.1450657079486453,0.9730358497367312,even,even,24.66,22.43,23.25,0.4892579999999974,0.3187589999999998,0.45219299999999957,track_distance_going_rail,21,"{""source_distance"": 180, ""source_distance_going"": 134, ""source_phase_profile"": 650, ""source_phase_profile_going"": 499, ""track_distance"": 64, ""track_distance_going"": 49, ""track_distance_going_rail"": 21, ""track_phase_profile_going"": 205}",2025-11-15
expected-tempo-targets-v2.0-walk-forward,2025-11-15|caulfield|7,2025-11-15,racing-com-rv-authorised,VIC,caulfield,7,1600,good,out_4_6m,group,2,10,1.0,-4.0,-0.9334470332042111,1.1218570795376026,slow,sprint_home,50.447500000000005,23.6925,23.9,0.589333499999996,0.41512800000000166,0.7264739999999976,track_distance_going_rail,14,"{""source_distance"": 142, ""source_distance_going"": 111, ""source_phase_profile"": 650, ""source_phase_profile_going"": 499, ""track_distance"": 43, ""track_distance_going"": 39, ""track_distance_going_rail"": 14, ""track_phase_profile_going"": 205}",2025-11-15
expected-tempo-targets-v2.0-walk-forward,2025-11-15|caulfield|8,2025-11-15,racing-com-rv-authorised,VIC,caulfield,8,1400,good,out_4_6m,group,1,7,1.0,1.2122604190592812,0.8569002101526558,-0.0667812633145107,very_fast_or_collapse,fast_early,37.425,23.265,23.425,0.5485620000000014,0.5893334999999986,0.37435649999999926,track_distance_going_rail,28,"{""source_distance"": 171, ""source_distance_going"": 127, ""source_phase_profile"": 650, ""source_phase_profile_going"": 499, ""track_distance"": 93, ""track_distance_going"": 71, ""track_distance_going_rail"": 28, ""track_phase_profile_going"": 205}",2025-11-15
expected-tempo-targets-v2.0-walk-forward,2025-11-15|caulfield|9,2025-11-15,racing-com-rv-authorised,VIC,caulfield,9,1200,good,out_4_6m,group,3,16,1.0,0.18395202531179936,-2.415618068823155,0.6192046316506479,even,even,24.66,22.43,23.25,0.4892579999999974,0.3187589999999998,0.45219299999999957,track_distance_going_rail,21,"{""source_distance"": 180, ""source_distance_going"": 134, ""source_phase_profile"": 650, ""source_phase_profile_going"": 499, ""track_distance"": 64, ""track_distance_going"": 49, ""track_distance_going_rail"": 21, ""track_phase_profile_going"": 205}",2025-11-15
expected-tempo-targets-v2.0-walk-forward,2025-11-15|caulfield|10,2025-11-15,racing-com-rv-authorised,VIC,caulfield,10,1400,good,out_4_6m,benchmark,,13,1.0,-0.7747528993987975,-1.2302032720013363,1.1352814763467485,slow,sprint_home,37.425,23.265,23.425,0.5485620000000014,0.5893334999999986,0.37435649999999926,track_distance_going_rail,28,"{""source_distance"": 171, ""source_distance_going"": 127, ""source_phase_profile"": 650, ""source_phase_profile_going"": 499, ""track_distance"": 93, ""track_distance_going"": 71, ""track_distance_going_rail"": 28, ""track_phase_profile_going"": 205}",2025-11-15
expected-tempo-targets-v2.0-walk-forward,2025-11-29|caulfield|1,2025-11-29,racing-com-rv-authorised,VIC,caulfield,1,2400,soft,out_7m_plus,benchmark,,9,1.0,-3.2453656832296645,0.3513355590915798,-0.23395072569266692,slow,very_slow_early,53.42153846153846,23.970576923076923,24.597884615384615,15.384541038461535,0.6278240769230727,0.9066669230769241,track_distance_going,6,"{""source_distance"": 15, ""source_distance_going"": 6, ""source_phase_profile"": 658, ""source_phase_profile_going"": 149, ""track_distance"": 13, ""track_distance_going"": 6, ""track_distance_going_rail"": 0, ""track_phase_profile_going"": 61}",2025-11-29
expected-tempo-targets-v2.0-walk-forward,2025-11-29|caulfield|2,2025-11-29,racing-com-rv-authorised,VIC,caulfield,2,1000,soft,out_7m_plus,listed,,13,1.0,1.3372716099345043,0.0749434177196342,-0.09410736410781441,very_fast_or_collapse,very_fast_early,13.578400000000004,22.167000000000005,23.692600000000002,0.17079552000000248,0.49370579999999953,0.6099416400000023,track_distance_going,5,"{""source_distance"": 68, ""source_distance_going"": 23, ""source_phase_profile"": 68, ""source_phase_profile_going"": 23, ""track_distance"": 12, ""track_distance_going"": 5, ""track_distance_going_rail"": 3, ""track_phase_profile_going"": 5}",2025-11-29
expected-tempo-targets-v2.0-walk-forward,2025-11-29|caulfield|3,2025-11-29,racing-com-rv-authorised,VIC,caulfield,3,1800,soft,out_7m_plus,benchmark,,11,1.0,-1.3155757384271287,0.40614497344827727,-0.23607176581680872,slow,very_slow_early,38.245,23.85,24.4,19.607385,0.6894089999999945,0.889560000000002,track_phase_profile_going,61,"{""source_distance"": 26, ""source_distance_going"": 5, ""source_phase_profile"": 658, ""source_phase_profile_going"": 149, ""track_distance"": 10, ""track_distance_going"": 3, ""track_distance_going_rail"": 1, ""track_phase_profile_going"": 61}",2025-11-29
expected-tempo-targets-v2.0-walk-forward,2025-11-29|caulfield|4,2025-11-29,racing-com-rv-authorised,VIC,caulfield,4,1200,soft,out_7m_plus,group,3,10,1.0,2.1741759358605415,-1.659148802508114,-0.2849142001237321,very_fast_or_collapse,very_fast_early,24.963000000000005,22.918000000000003,24.158,0.544114199999997,0.20311619999999855,0.5159447999999984,track_distance_going_rail,5,"{""source_distance"": 182, ""source_distance_going"": 45, ""source_phase_profile"": 658, ""source_phase_profile_going"": 149, ""track_distance"": 66, ""track_distance_going"": 15, ""track_distance_going_rail"": 5, ""track_phase_profile_going"": 61}",2025-11-29
expected-tempo-targets-v2.0-walk-forward,2025-11-29|caulfield|5,2025-11-29,racing-com-rv-authorised,VIC,caulfield,5,2000,soft,out_7m_plus,unclassified,,11,1.0,-0.1805455063245374,0.21039161304774373,-3.324275885991778,even,even,77.61500000000001,24.02,24.925,1.4677739999999713,0.8080169999999972,0.31134600000000123,track_distance_going,11,"{""source_distance"": 73, ""source_distance_going"": 16, ""source_phase_profile"": 658, ""source_phase_profile_going"": 149, ""track_distance"": 41, ""track_distance_going"": 11, ""track_distance_going_rail"": 4, ""track_phase_profile_going"": 61}",2025-11-29
expected-tempo-targets-v2.0-walk-forward,2025-11-29|caulfield|6,2025-11-29,racing-com-rv-authorised,VIC,caulfield,6,1400,soft,out_7m_plus,listed,,8,1.0,-1.2550226071853152,1.65170571808836,0.5031915189746023,slow,very_slow_early,37.64,23.8775,24.5,0.7450064999999966,0.4707254999999985,0.9340379999999985,track_distance_going,22,"{""source_distance"": 173, ""source_distance_going"": 44, ""source_phase_profile"": 658, ""source_phase_profile_going"": 149, ""track_distance"": 95, ""track_distance_going"": 22, ""track_distance_going_rail"": 3, ""track_phase_profile_going"": 61}",2025-11-29
expected-tempo-targets-v2.0-walk-forward,2025-11-29|caulfield|7,2025-11-29,racing-com-rv-authorised,VIC,caulfield,7,1800,soft,out_7m_plus,group,3,6,1.0,-1.4741894444363697,1.465022939938425,0.7363190790952827,slow,very_slow_early,38.245,23.85,24.4,19.607385,0.6894089999999945,0.889560000000002,track_phase_profile_going,61,"{""source_distance"": 26, ""source_distance_going"": 5, ""source_phase_profile"": 658, ""source_phase_profile_going"": 149, ""track_distance"": 10, ""track_distance_going"": 3, ""track_distance_going_rail"": 1, ""track_phase_profile_going"": 61}",2025-11-29
expected-tempo-targets-v2.0-walk-forward,2025-11-29|caulfield|8,2025-11-29,racing-com-rv-authorised,VIC,caulfield,8,2400,soft,out_7m_plus,group,2,13,1.0,-3.2395156549594035,0.8132483952817294,-0.6420388455772491,slow,very_slow_early,53.42153846153846,23.970576923076923,24.597884615384615,15.384541038461535,0.6278240769230727,0.9066669230769241,track_distance_going,6,"{""source_distance"": 15, ""source_distance_going"": 6, ""source_phase_profile"": 658, ""source_phase_profile_going"": 149, ""track_distance"": 13, ""track_distance_going"": 6, ""track_distance_going_rail"": 0, ""track_phase_profile_going"": 61}",2025-11-29
expected-tempo-targets-v2.0-walk-forward,2025-11-29|caulfield|9,2025-11-29,racing-com-rv-authorised,VIC,caulfield,9,1100,soft,out_7m_plus,listed,,9,1.0,-0.45363980283382116,0.5423740127750014,0.7077169052636177,even,even,18.97,22.505000000000003,23.7825,0.4188344999999983,0.3595305000000022,0.7524195000000004,track_distance_going,14,"{""source_distance"": 105, ""source_distance_going"": 22, ""source_phase_profile"": 105, ""source_phase_profile_going"": 22, ""track_distance"": 60, ""track_distance_going"": 14, ""track_distance_going_rail"": 4, ""track_phase_profile_going"": 14}",2025-11-29
expected-tempo-targets-v2.0-walk-forward,2025-11-29|caulfield|10,2025-11-29,racing-com-rv-authorised,VIC,caulfield,10,1400,soft,out_7m_plus,listed,,11,1.0,-1.2483112563447487,1.8216561456730183,1.0277954430119571,slow,sprint_home,37.64,23.8775,24.5,0.7450064999999966,0.4707254999999985,0.9340379999999985,track_distance_going,22,"{""source_distance"": 173, ""source_distance_going"": 44, ""source_phase_profile"": 658, ""source_phase_profile_going"": 149, ""track_distance"": 95, ""track_distance_going"": 22, ""track_distance_going_rail"": 3, ""track_phase_profile_going"": 61}",2025-11-29
expected-tempo-targets-v2.0-walk-forward,2025-12-20|caulfield-heath|1,2025-12-20,racing-com-rv-authorised,VIC,caulfield-heath,1,1800,good,out_7m_plus,benchmark,,5,1.0,-0.6946798938928568,-0.2697963037906458,-1.632865287973403,slow,slow_early,57.78857142857143,23.104285714285712,23.47714285714286,6.5806259999999925,0.317700000000003,0.6692879999999992,track_phase_profile_going,8,"{""source_distance"": 28, ""source_distance_going"": 21, ""source_phase_profile"": 666, ""source_phase_profile_going"": 507, ""track_distance"": 1, ""track_distance_going"": 1, ""track_distance_going_rail"": 0, ""track_phase_profile_going"": 8}",2025-12-20
expected-tempo-targets-v2.0-walk-forward,2025-12-20|caulfield-heath|2,2025-12-20,racing-com-rv-authorised,VIC,caulfield-heath,2,1800,good,out_7m_plus,benchmark,,8,1.0,-0.8504401513516467,-3.0711812581500686,0.2422617126601121,slow,slow_early,57.78857142857143,23.104285714285712,23.47714285714286,6.5806259999999925,0.317700000000003,0.6692879999999992,track_phase_profile_going,8,"{""source_distance"": 28, ""source_distance_going"": 21, ""source_phase_profile"": 666, ""source_phase_profile_going"": 507, ""track_distance"": 1, ""track_distance_going"": 1, ""track_distance_going_rail"": 0, ""track_phase_profile_going"": 8}",2025-12-20
expected-tempo-targets-v2.0-walk-forward,2025-12-20|caulfield-heath|3,2025-12-20,racing-com-rv-authorised,VIC,caulfield-heath,3,1600,good,out_7m_plus,benchmark,,10,1.0,-0.41263841063653356,-1.2551393263303627,0.4189176545678365,even,even,48.16714285714286,23.26857142857143,23.659285714285716,6.707705999999997,0.48713999999999935,0.6428130000000009,track_phase_profile_going,8,"{""source_distance"": 144, ""source_distance_going"": 113, ""source_phase_profile"": 666, ""source_phase_profile_going"": 507, ""track_distance"": 1, ""track_distance_going"": 1, ""track_distance_going_rail"": 0, ""track_phase_profile_going"": 8}",2025-12-20
expected-tempo-targets-v2.0-walk-forward,2025-12-20|caulfield-heath|4,2025-12-20,racing-com-rv-authorised,VIC,caulfield-heath,4,1500,good,out_7m_plus,benchmark,,8,1.0,-0.1924308221681674,-0.9815859587392344,0.03799038978234828,even,even,40.97895604395604,23.073241758241757,23.474258241758243,16.686744461538456,0.485701978021976,0.6385362692307668,track_phase_profile_going,8,"{""source_distance"": 6, ""source_distance_going"": 6, ""source_phase_profile"": 666, ""source_phase_profile_going"": 507, ""track_distance"": 3, ""track_distance_going"": 3, ""track_distance_going_rail"": 0, ""track_phase_profile_going"": 8}",2025-12-20
expected-tempo-targets-v2.0-walk-forward,2025-12-20|caulfield-heath|5,2025-12-20,racing-com-rv-authorised,VIC,caulfield-heath,5,1100,good,out_7m_plus,unclassified,,9,1.0,0.08627207388654086,-1.2990192404734437,-1.554758360827415,even,even,19.195,21.84,22.98,0.6375179999999996,0.4003019999999993,0.43736699999999723,source_distance_going,83,"{""source_distance"": 106, ""source_distance_going"": 83, ""source_phase_profile"": 106, ""source_phase_profile_going"": 83, ""track_distance"": 1, ""track_distance_going"": 1, ""track_distance_going_rail"": 0, ""track_phase_profile_going"": 1}",2025-12-20
expected-tempo-targets-v2.0-walk-forward,2025-12-20|caulfield-heath|6,2025-12-20,racing-com-rv-authorised,VIC,caulfield-heath,6,1200,good,out_7m_plus,benchmark,,10,1.0,0.9655108201622273,0.34429229812088874,-1.0877454917598544,very_fast_or_collapse,pace_collapse,29.95821428571429,22.588214285714287,23.348571428571425,6.088191000000002,0.5321474999999998,0.4839630000000004,track_phase_profile_going,8,"{""source_distance"": 183, ""source_distance_going"": 136, ""source_phase_profile"": 666, ""source_phase_profile_going"": 507, ""track_distance"": 3, ""track_distance_going"": 3, ""track_distance_going_rail"": 0, ""track_phase_profile_going"": 8}",2025-12-20
expected-tempo-targets-v2.0-walk-forward,2025-12-20|caulfield-heath|7,2025-12-20,racing-com-rv-authorised,VIC,caulfield-heath,7,1100,good,out_7m_plus,benchmark,,7,1.0,0.8705636546732799,-1.1741135442740722,-0.4344177772900161,fast,fast_early,19.195,21.84,22.98,0.6375179999999996,0.4003019999999993,0.43736699999999723,source_distance_going,83,"{""source_distance"": 106, ""source_distance_going"": 83, ""source_phase_profile"": 106, ""source_phase_profile_going"": 83, ""track_distance"": 1, ""track_distance_going"": 1, ""track_distance_going_rail"": 0, ""track_phase_profile_going"": 1}",2025-12-20
expected-tempo-targets-v2.0-walk-forward,2025-12-20|caulfield-heath|8,2025-12-20,racing-com-rv-authorised,VIC,caulfield-heath,8,1200,good,out_7m_plus,unclassified,,8,1.0,0.8497128762409539,0.23154160399943038,-0.013283187823390769,fast,fast_early,29.95821428571429,22.588214285714287,23.348571428571425,6.088191000000002,0.5321474999999998,0.4839630000000004,track_phase_profile_going,8,"{""source_distance"": 183, ""source_distance_going"": 136, ""source_phase_profile"": 666, ""source_phase_profile_going"": 507, ""track_distance"": 3, ""track_distance_going"": 3, ""track_distance_going_rail"": 0, ""track_phase_profile_going"": 8}",2025-12-20
expected-tempo-targets-v2.0-walk-forward,2025-12-20|caulfield-heath|9,2025-12-20,racing-com-rv-authorised,VIC,caulfield-heath,9,1000,good,out_7m_plus,benchmark,,6,1.0,1.2365663923737567,0.7538426135326675,-0.26230196201867,very_fast_or_collapse,fast_early,13.71,21.560000000000002,22.78,0.444780000000001,0.37806300000000376,0.6671700000000041,source_distance_going,45,"{""source_distance"": 69, ""source_distance_going"": 45, ""source_phase_profile"": 69, ""source_phase_profile_going"": 45, ""track_distance"": 1, ""track_distance_going"": 1, ""track_distance_going_rail"": 0, ""track_phase_profile_going"": 1}",2025-12-20
expected-tempo-targets-v2.0-walk-forward,2025-12-20|caulfield-heath|10,2025-12-20,racing-com-rv-authorised,VIC,caulfield-heath,10,1200,good,out_7m_plus,benchmark,,10,1.0,0.8447853041591981,0.2879169510601562,0.565273437373158,fast,fast_early,29.95821428571429,22.588214285714287,23.348571428571425,6.088191000000002,0.5321474999999998,0.4839630000000004,track_phase_profile_going,8,"{""source_distance"": 183, ""source_distance_going"": 136, ""source_phase_profile"": 666, ""source_phase_profile_going"": 507, ""track_distance"": 3, ""track_distance_going"": 3, ""track_distance_going_rail"": 0, ""track_phase_profile_going"": 8}",2025-12-20
expected-tempo-targets-v2.0-walk-forward,2026-01-03|randwick|1,2026-01-03,racing-com-nsw-authorised-v2,NSW,randwick,1,1000,soft,out_1_3m,,,8,0.875,0.30068652125724726,1.1627282008144517,-0.2707427174657271,even,even,13.678350687213662,21.789858392336523,23.299993752603083,0.26057266180757976,0.27509300291544847,0.5540545976676386,track_distance_going,8,"{""source_distance"": 17, ""source_distance_going"": 8, ""source_phase_profile"": 17, ""source_phase_profile_going"": 8, ""track_distance"": 17, ""track_distance_going"": 8, ""track_distance_going_rail"": 1, ""track_phase_profile_going"": 8}",2026-01-03
expected-tempo-targets-v2.0-walk-forward,2026-01-03|randwick|7,2026-01-03,racing-com-nsw-authorised-v2,NSW,randwick,7,1200,good,out_1_3m,,,8,1.0,-0.07916850873709136,0.951622914427699,-1.145007504491808,even,even,24.539642857142855,22.343571428571426,22.85142857142857,0.5729190000000015,0.35052900000000137,0.570801,track_distance_going_rail,8,"{""source_distance"": 99, ""source_distance_going"": 51, ""source_phase_profile"": 292, ""source_phase_profile_going"": 151, ""track_distance"": 54, ""track_distance_going"": 30, ""track_distance_going_rail"": 8, ""track_phase_profile_going"": 74}",2026-01-03
expected-tempo-targets-v2.0-walk-forward,2026-01-03|randwick|10,2026-01-03,racing-com-nsw-authorised-v2,NSW,randwick,10,2000,good,out_1_3m,,,15,1.0,-0.11173330625143008,-1.7785639555580088,-1.1627355550834608,even,even,23.849310344827586,22.82344827586207,23.29896551724138,1.348654758620689,0.5209549655172409,0.860930482758623,track_distance_going,9,"{""source_distance"": 32, ""source_distance_going"": 18, ""source_phase_profile"": 292, ""source_phase_profile_going"": 151, ""track_distance"": 16, ""track_distance_going"": 9, ""track_distance_going_rail"": 4, ""track_phase_profile_going"": 74}",2026-01-03
expected-tempo-targets-v2.0-walk-forward,2026-01-10|flemington|1,2026-01-10,racing-com-rv-authorised,VIC,flemington,1,1600,good,out_4_6m,benchmark,,6,1.0,1.275209092135438,-1.2890267847774832,-2.798508244287989,very_fast_or_collapse,pace_collapse,50.760000000000005,22.92,23.195,0.948864000000006,0.1667924999999984,0.5967464999999997,track_distance_going_rail,10,"{""source_distance"": 145, ""source_distance_going"": 114, ""source_phase_profile"": 673, ""source_phase_profile_going"": 514, ""track_distance"": 54, ""track_distance_going"": 40, ""track_distance_going_rail"": 10, ""track_phase_profile_going"": 155}",2026-01-10
expected-tempo-targets-v2.0-walk-forward,2026-01-10|flemington|2,2026-01-10,racing-com-rv-authorised,VIC,flemington,2,2000,good,out_4_6m,benchmark,,9,1.0,-0.7141666865046319,1.69644645565326,-0.8639544559587847,slow,slow_early,76.31,23.375,23.93,1.512251999999994,0.2446289999999987,0.6597570000000004,track_distance_going,27,"{""source_distance"": 74, ""source_distance_going"": 57, ""source_phase_profile"": 673, ""source_phase_profile_going"": 514, ""track_distance"": 32, ""track_distance_going"": 27, ""track_distance_going_rail"": 4, ""track_phase_profile_going"": 155}",2026-01-10
expected-tempo-targets-v2.0-walk-forward,2026-01-10|flemington|3,2026-01-10,racing-com-rv-authorised,VIC,flemington,3,1100,good,out_4_6m,handicap_unspecified,,12,1.0,-0.9266368377856018,-2.321503079128754,-0.3431619653477402,slow,slow_early,19.627499999999998,21.61,22.987499999999997,0.3965955000000001,0.3187589999999998,0.6338115000000055,track_distance_going,36,"{""source_distance"": 108, ""source_distance_going"": 85, ""source_phase_profile"": 108, ""source_phase_profile_going"": 85, ""track_distance"": 44, ""track_distance_going"": 36, ""track_distance_going_rail"": 3, ""track_phase_profile_going"": 36}",2026-01-10
expected-tempo-targets-v2.0-walk-forward,2026-01-10|flemington|4,2026-01-10,racing-com-rv-authorised,VIC,flemington,4,1800,good,out_4_6m,benchmark,,9,1.0,-1.3167893292110848,-0.20091214112068922,-0.3372453797382915,slow,very_slow_early,39.225,22.75,23.365000000000002,19.414647000000002,0.6968219999999983,0.5782140000000008,track_phase_profile_going,155,"{""source_distance"": 30, ""source_distance_going"": 23, ""source_phase_profile"": 673, ""source_phase_profile_going"": 514, ""track_distance"": 6, ""track_distance_going"": 4, ""track_distance_going_rail"": 1, ""track_phase_profile_going"": 155}",2026-01-10
expected-tempo-targets-v2.0-walk-forward,2026-01-10|flemington|5,2026-01-10,racing-com-rv-authorised,VIC,flemington,5,1600,good,out_4_6m,benchmark,,10,1.0,0.9643110076891951,-4.0,-1.2065424765792496,very_fast_or_collapse,pace_collapse,50.760000000000005,22.92,23.195,0.948864000000006,0.1667924999999984,0.5967464999999997,track_distance_going_rail,10,"{""source_distance"": 145, ""source_distance_going"": 114, ""source_phase_profile"": 673, ""source_phase_profile_going"": 514, ""track_distance"": 54, ""track_distance_going"": 40, ""track_distance_going_rail"": 10, ""track_phase_profile_going"": 155}",2026-01-10
expected-tempo-targets-v2.0-walk-forward,2026-01-10|flemington|6,2026-01-10,racing-com-rv-authorised,VIC,flemington,6,1000,good,out_4_6m,benchmark,,13,1.0,-1.854849588560638,-0.22744455842815,-0.2736505367019305,slow,very_slow_early,13.9825,21.6475,22.5925,0.19273799999999983,0.31875899999999713,0.6486375,track_distance_going,16,"{""source_distance"": 70, ""source_distance_going"": 46, ""source_phase_profile"": 70, ""source_phase_profile_going"": 46, ""track_distance"": 20, ""track_distance_going"": 16, ""track_distance_going_rail"": 4, ""track_phase_profile_going"": 16}",2026-01-10
expected-tempo-targets-v2.0-walk-forward,2026-01-10|flemington|7,2026-01-10,racing-com-rv-authorised,VIC,flemington,7,1600,good,out_4_6m,benchmark,,9,1.0,2.3291009038176114,-0.35972840505417986,-2.656069201914048,very_fast_or_collapse,pace_collapse,50.760000000000005,22.92,23.195,0.948864000000006,0.1667924999999984,0.5967464999999997,track_distance_going_rail,10,"{""source_distance"": 145, ""source_distance_going"": 114, ""source_phase_profile"": 673, ""source_phase_profile_going"": 514, ""track_distance"": 54, ""track_distance_going"": 40, ""track_distance_going_rail"": 10, ""track_phase_profile_going"": 155}",2026-01-10
expected-tempo-targets-v2.0-walk-forward,2026-01-10|flemington|8,2026-01-10,racing-com-rv-authorised,VIC,flemington,8,1200,good,out_4_6m,group,3,11,1.0,-0.4934863718304794,-1.7277062769480802,-0.3942414258797723,even,even,25.18365384615384,21.79730769230769,23.12173076923077,0.539723423076923,0.31989946153846166,0.4268177307692299,track_distance_going_rail,6,"{""source_distance"": 186, ""source_distance_going"": 139, ""source_phase_profile"": 673, ""source_phase_profile_going"": 514, ""track_distance"": 54, ""track_distance_going"": 38, ""track_distance_going_rail"": 6, ""track_phase_profile_going"": 155}",2026-01-10
expected-tempo-targets-v2.0-walk-forward,2026-01-10|flemington|9,2026-01-10,racing-com-rv-authorised,VIC,flemington,9,1200,good,out_4_6m,benchmark,,12,1.0,-1.2253426951083057,-1.508887527884371,-1.307980410661696,slow,slow_early,25.18365384615384,21.79730769230769,23.12173076923077,0.539723423076923,0.31989946153846166,0.4268177307692299,track_distance_going_rail,6,"{""source_distance"": 186, ""source_distance_going"": 139, ""source_phase_profile"": 673, ""source_phase_profile_going"": 514, ""track_distance"": 54, ""track_distance_going"": 38, ""track_distance_going_rail"": 6, ""track_phase_profile_going"": 155}",2026-01-10
expected-tempo-targets-v2.0-walk-forward,2026-01-10|flemington|10,2026-01-10,racing-com-rv-authorised,VIC,flemington,10,1400,good,out_4_6m,benchmark,,12,1.0,1.0114870658177426,0.7795993429815726,-1.5702021120842728,very_fast_or_collapse,pace_collapse,37.4001724137931,22.734482758620693,23.21,0.6922208275862028,0.3264276206896547,0.445802482758621,track_distance_going_rail,9,"{""source_distance"": 175, ""source_distance_going"": 129, ""source_phase_profile"": 673, ""source_phase_profile_going"": 514, ""track_distance"": 54, ""track_distance_going"": 39, ""track_distance_going_rail"": 9, ""track_phase_profile_going"": 155}",2026-01-10
expected-tempo-targets-v2.0-walk-forward,2026-01-17|flemington|1,2026-01-17,racing-com-rv-authorised,VIC,flemington,1,1000,good,out_7m_plus,handicap_unspecified,,7,1.0,-1.4682551789364386,-1.6816070989690397,-0.22770532033480703,slow,very_slow_early,13.982000000000001,21.656000000000002,22.768,0.2097728000000002,0.21645959999999909,0.5796965999999973,track_distance_going_rail,5,"{""source_distance"": 71, ""source_distance_going"": 47, ""source_phase_profile"": 71, ""source_phase_profile_going"": 47, ""track_distance"": 21, ""track_distance_going"": 17, ""track_distance_going_rail"": 5, ""track_phase_profile_going"": 17}",2026-01-17
expected-tempo-targets-v2.0-walk-forward,2026-01-17|flemington|3,2026-01-17,racing-com-rv-authorised,VIC,flemington,3,2000,good,out_7m_plus,handicap_unspecified,,10,1.0,-1.4830790883446712,0.9372793670648779,1.0649854096998927,slow,sprint_home,76.13250000000001,23.2775,24.225,1.2490905000000017,0.2854004999999985,0.7746584999999986,track_distance_going_rail,12,"{""source_distance"": 75, ""source_distance_going"": 58, ""source_phase_profile"": 681, ""source_phase_profile_going"": 522, ""track_distance"": 33, ""track_distance_going"": 28, ""track_distance_going_rail"": 12, ""track_phase_profile_going"": 163}",2026-01-17
expected-tempo-targets-v2.0-walk-forward,2026-01-17|flemington|4,2026-01-17,racing-com-rv-authorised,VIC,flemington,4,1800,good,out_7m_plus,benchmark,,15,1.0,-0.7580534624476907,0.22592166215477855,-1.6040128508945932,slow,slow_early,51.418000000000006,22.817999999999998,23.424,14.025395999999999,0.6108312000000007,0.5960051999999983,track_distance_going,5,"{""source_distance"": 31, ""source_distance_going"": 24, ""source_phase_profile"": 681, ""source_phase_profile_going"": 522, ""track_distance"": 7, ""track_distance_going"": 5, ""track_distance_going_rail"": 3, ""track_phase_profile_going"": 163}",2026-01-17
expected-tempo-targets-v2.0-walk-forward,2026-01-17|flemington|5,2026-01-17,racing-com-rv-authorised,VIC,flemington,5,1100,good,out_7m_plus,benchmark,,9,1.0,-0.43841899365978504,1.292773955663485,1.1004849233565548,even,even,19.6,21.61,22.76,0.29651999999999895,0.35582399999999764,0.5633879999999984,track_distance_going_rail,13,"{""source_distance"": 109, ""source_distance_going"": 86, ""source_phase_profile"": 109, ""source_phase_profile_going"": 86, ""track_distance"": 45, ""track_distance_going"": 37, ""track_distance_going_rail"": 13, ""track_phase_profile_going"": 37}",2026-01-17
expected-tempo-targets-v2.0-walk-forward,2026-01-17|flemington|6,2026-01-17,racing-com-rv-authorised,VIC,flemington,6,1600,good,out_7m_plus,open_or_quality,,7,1.0,2.805594542078161,0.11730274077853557,0.21613516049526166,very_fast_or_collapse,very_fast_early,50.915,22.93,23.345,0.6968220000000035,0.6819960000000013,0.6708765000000008,track_distance_going_rail,10,"{""source_distance"": 148, ""source_distance_going"": 117, ""source_phase_profile"": 681, ""source_phase_profile_going"": 522, ""track_distance"": 57, ""track_distance_going"": 43, ""track_distance_going_rail"": 10, ""track_phase_profile_going"": 163}",2026-01-17
expected-tempo-targets-v2.0-walk-forward,2026-01-17|flemington|7,2026-01-17,racing-com-rv-authorised,VIC,flemington,7,1200,good,out_7m_plus,benchmark,,12,1.0,0.6487958734013014,1.2161272784502155,1.1626090722557154,fast,sustained_high_pressure,25.4025,21.8825,23.0975,0.38918249999999893,0.24462900000000135,0.2816939999999992,track_distance_going_rail,16,"{""source_distance"": 188, ""source_distance_going"": 141, ""source_phase_profile"": 681, ""source_phase_profile_going"": 522, ""track_distance"": 56, ""track_distance_going"": 40, ""track_distance_going_rail"": 16, ""track_phase_profile_going"": 163}",2026-01-17
expected-tempo-targets-v2.0-walk-forward,2026-01-17|flemington|8,2026-01-17,racing-com-rv-authorised,VIC,flemington,8,2000,good,out_7m_plus,benchmark,,12,1.0,0.21415581977446627,2.0234722784297983,1.245710206497446,even,even,76.13250000000001,23.2775,24.225,1.2490905000000017,0.2854004999999985,0.7746584999999986,track_distance_going_rail,12,"{""source_distance"": 75, ""source_distance_going"": 58, ""source_phase_profile"": 681, ""source_phase_profile_going"": 522, ""track_distance"": 33, ""track_distance_going"": 28, ""track_distance_going_rail"": 12, ""track_phase_profile_going"": 163}",2026-01-17
expected-tempo-targets-v2.0-walk-forward,2026-01-17|flemington|9,2026-01-17,racing-com-rv-authorised,VIC,flemington,9,1400,good,out_7m_plus,benchmark,,10,1.0,-2.830705954259422,0.23504981012062964,2.3775799271550033,slow,sprint_home,37.35107142857143,22.73392857142857,23.16464285714286,0.7291215000000028,0.3145229999999995,0.5718599999999995,track_distance_going_rail,8,"{""source_distance"": 176, ""source_distance_going"": 130, ""source_phase_profile"": 681, ""source_phase_profile_going"": 522, ""track_distance"": 55, ""track_distance_going"": 40, ""track_distance_going_rail"": 8, ""track_phase_profile_going"": 163}",2026-01-17
expected-tempo-targets-v2.0-walk-forward,2026-01-17|flemington|10,2026-01-17,racing-com-rv-authorised,VIC,flemington,10,1400,good,out_7m_plus,benchmark,,10,1.0,-2.1380916231774276,0.6006828480860522,1.7305684208422671,slow,sprint_home,37.35107142857143,22.73392857142857,23.16464285714286,0.7291215000000028,0.3145229999999995,0.5718599999999995,track_distance_going_rail,8,"{""source_distance"": 176, ""source_distance_going"": 130, ""source_phase_profile"": 681, ""source_phase_profile_going"": 522, ""track_distance"": 55, ""track_distance_going"": 40, ""track_distance_going_rail"": 8, ""track_phase_profile_going"": 163}",2026-01-17
expected-tempo-targets-v2.0-walk-forward,2026-01-17|rosehill|3,2026-01-17,racing-com-nsw-authorised-v2,NSW,rosehill,3,1200,heavy,true,,,9,1.0,-1.0369245908135993,0.19976207162199225,0.21402110637238023,slow,slow_early,24.788000000000004,24.135,23.905,1.4292264000000021,0.42550619999999545,0.7709519999999994,track_distance_going,5,"{""source_distance"": 100, ""source_distance_going"": 11, ""source_phase_profile"": 294, ""source_phase_profile_going"": 36, ""track_distance"": 45, ""track_distance_going"": 5, ""track_distance_going_rail"": 2, ""track_phase_profile_going"": 21}",2026-01-17
expected-tempo-targets-v2.0-walk-forward,2026-01-17|rosehill|5,2026-01-17,racing-com-nsw-authorised-v2,NSW,rosehill,5,2000,heavy,true,,,5,1.0,-1.0997131947987924,0.3372453797383046,-0.1231678778174617,slow,slow_early,24.425,24.130000000000003,23.905,1.7049900000000031,0.5040839999999945,0.8524949999999989,track_phase_profile_going,21,"{""source_distance"": 33, ""source_distance_going"": 6, ""source_phase_profile"": 294, ""source_phase_profile_going"": 36, ""track_distance"": 16, ""track_distance_going"": 3, ""track_distance_going_rail"": 2, ""track_phase_profile_going"": 21}",2026-01-17
expected-tempo-targets-v2.0-walk-forward,2026-01-24|caulfield|1,2026-01-24,racing-com-rv-authorised,VIC,caulfield,1,1700,good,true,benchmark,,7,1.0,-1.0154190060763093,-1.300223150798265,0.311861318897788,slow,slow_early,37.85,23.19,23.505000000000003,19.006932,0.6152789999999935,0.6894089999999945,track_phase_profile_going,213,"{""source_distance"": 5, ""source_distance_going"": 5, ""source_phase_profile"": 688, ""source_phase_profile_going"": 529, ""track_distance"": 4, ""track_distance_going"": 4, ""track_distance_going_rail"": 2, ""track_phase_profile_going"": 213}",2026-01-24
expected-tempo-targets-v2.0-walk-forward,2026-01-24|caulfield|2,2026-01-24,racing-com-rv-authorised,VIC,caulfield,2,1000,good,true,listed,,6,1.0,-1.2248637792875807,-1.2682059220380366,-0.17871999656440002,slow,slow_early,13.548285322359394,21.60610425240055,22.761152263374484,0.28714595336076837,0.44858310288065817,0.4411802716049392,track_distance_going,7,"{""source_distance"": 72, ""source_distance_going"": 48, ""source_phase_profile"": 72, ""source_phase_profile_going"": 48, ""track_distance"": 13, ""track_distance_going"": 7, ""track_distance_going_rail"": 1, ""track_phase_profile_going"": 7}",2026-01-24
expected-tempo-targets-v2.0-walk-forward,2026-01-24|caulfield|3,2026-01-24,racing-com-rv-authorised,VIC,caulfield,3,1000,good,true,group,3,9,1.0,-1.0855617987726571,-1.7920776383173784,0.7732718014190165,slow,sprint_home,13.548285322359394,21.60610425240055,22.761152263374484,0.28714595336076837,0.44858310288065817,0.4411802716049392,track_distance_going,7,"{""source_distance"": 72, ""source_distance_going"": 48, ""source_phase_profile"": 72, ""source_phase_profile_going"": 48, ""track_distance"": 13, ""track_distance_going"": 7, ""track_distance_going_rail"": 1, ""track_phase_profile_going"": 7}",2026-01-24
expected-tempo-targets-v2.0-walk-forward,2026-01-24|caulfield|4,2026-01-24,racing-com-rv-authorised,VIC,caulfield,4,1400,good,true,benchmark,,11,1.0,0.9733827430877822,0.3170683057368652,-1.7327435027933127,very_fast_or_collapse,pace_collapse,37.16,23.1975,23.4225,0.9451575000000042,0.4336605000000032,0.6449310000000034,track_distance_going_rail,20,"{""source_distance"": 178, ""source_distance_going"": 132, ""source_phase_profile"": 688, ""source_phase_profile_going"": 529, ""track_distance"": 97, ""track_distance_going"": 73, ""track_distance_going_rail"": 20, ""track_phase_profile_going"": 213}",2026-01-24
expected-tempo-targets-v2.0-walk-forward,2026-01-24|caulfield|5,2026-01-24,racing-com-rv-authorised,VIC,caulfield,5,1100,good,true,benchmark,,7,1.0,-0.7210073635784197,-0.4614936775366174,2.304510094878383,slow,slow_early,18.85,22.15,23.17,0.429954000000004,0.5633880000000038,0.35582399999999764,track_distance_going_rail,15,"{""source_distance"": 110, ""source_distance_going"": 87, ""source_phase_profile"": 110, ""source_phase_profile_going"": 87, ""track_distance"": 61, ""track_distance_going"": 46, ""track_distance_going_rail"": 15, ""track_phase_profile_going"": 46}",2026-01-24
expected-tempo-targets-v2.0-walk-forward,2026-01-24|caulfield|6,2026-01-24,racing-com-rv-authorised,VIC,caulfield,6,2000,good,true,benchmark,,8,1.0,-0.24624829306503207,0.5485559399331343,-0.005468843995749895,even,even,76.18620689655174,23.321034482758623,24.11637931034483,1.4570379310344914,0.3847091379310335,0.6620575862068981,track_distance_going_rail,9,"{""source_distance"": 77, ""source_distance_going"": 60, ""source_phase_profile"": 688, ""source_phase_profile_going"": 529, ""track_distance"": 42, ""track_distance_going"": 30, ""track_distance_going_rail"": 9, ""track_phase_profile_going"": 213}",2026-01-24
expected-tempo-targets-v2.0-walk-forward,2026-01-24|caulfield|7,2026-01-24,racing-com-rv-authorised,VIC,caulfield,7,1000,good,true,listed,,7,1.0,0.586061967406383,1.2619830055238548,-0.5867164814144369,fast,fast_early,13.548285322359394,21.60610425240055,22.761152263374484,0.28714595336076837,0.44858310288065817,0.4411802716049392,track_distance_going,7,"{""source_distance"": 72, ""source_distance_going"": 48, ""source_phase_profile"": 72, ""source_phase_profile_going"": 48, ""track_distance"": 13, ""track_distance_going"": 7, ""track_distance_going_rail"": 1, ""track_phase_profile_going"": 7}",2026-01-24
expected-tempo-targets-v2.0-walk-forward,2026-01-24|caulfield|8,2026-01-24,racing-com-rv-authorised,VIC,caulfield,8,1200,good,true,group,3,9,1.0,0.6879805746661293,0.0749434177196282,-0.10752751238032657,fast,fast_early,24.825,22.475,23.195,0.37064999999999737,0.33358499999999947,0.5114969999999983,track_distance_going_rail,12,"{""source_distance"": 189, ""source_distance_going"": 142, ""source_phase_profile"": 688, ""source_phase_profile_going"": 529, ""track_distance"": 67, ""track_distance_going"": 51, ""track_distance_going_rail"": 12, ""track_phase_profile_going"": 213}",2026-01-24
expected-tempo-targets-v2.0-walk-forward,2026-01-24|caulfield|9,2026-01-24,racing-com-rv-authorised,VIC,caulfield,9,1400,good,true,listed,,8,1.0,0.12696296648970876,0.8935561343493353,0.3217398450376839,even,even,37.16,23.1975,23.4225,0.9451575000000042,0.4336605000000032,0.6449310000000034,track_distance_going_rail,20,"{""source_distance"": 178, ""source_distance_going"": 132, ""source_phase_profile"": 688, ""source_phase_profile_going"": 529, ""track_distance"": 97, ""track_distance_going"": 73, ""track_distance_going_rail"": 20, ""track_phase_profile_going"": 213}",2026-01-24
expected-tempo-targets-v2.0-walk-forward,2026-01-24|caulfield|10,2026-01-24,racing-com-rv-authorised,VIC,caulfield,10,1600,good,true,benchmark,,7,1.0,-1.2886104324568244,3.8430287458550674,2.244100096950183,slow,sprint_home,49.7325,23.432499999999997,24.240000000000002,1.2009060000000034,0.15937949999999726,0.39659549999999744,track_distance_going_rail,16,"{""source_distance"": 149, ""source_distance_going"": 118, ""source_phase_profile"": 688, ""source_phase_profile_going"": 529, ""track_distance"": 45, ""track_distance_going"": 41, ""track_distance_going_rail"": 16, ""track_phase_profile_going"": 213}",2026-01-24
expected-tempo-targets-v2.0-walk-forward,2026-01-24|randwick|1,2026-01-24,racing-com-nsw-authorised-v2,NSW,randwick,1,1000,good,out_4_6m,,,9,1.0,-0.5118416629052627,-1.3251615175720883,-0.5951009984328909,slow,slow_early,13.494884027706107,21.578277304211483,23.034678140654147,0.22490543587343678,0.22768748698749197,0.7483130771390759,track_distance_going,9,"{""source_distance"": 18, ""source_distance_going"": 9, ""source_phase_profile"": 18, ""source_phase_profile_going"": 9, ""track_distance"": 18, ""track_distance_going"": 9, ""track_distance_going_rail"": 1, ""track_phase_profile_going"": 9}",2026-01-24
expected-tempo-targets-v2.0-walk-forward,2026-01-24|randwick|3,2026-01-24,racing-com-nsw-authorised-v2,NSW,randwick,3,1200,good,out_4_6m,,,14,0.9285714285714286,-0.543607433530541,-1.314599681138784,0.015306144314898762,slow,slow_early,24.399615384615384,22.45,23.22153846153846,0.47899384615384843,0.3803439230769252,0.7538450769230792,track_distance_going_rail,6,"{""source_distance"": 101, ""source_distance_going"": 52, ""source_phase_profile"": 296, ""source_phase_profile_going"": 153, ""track_distance"": 55, ""track_distance_going"": 31, ""track_distance_going_rail"": 6, ""track_phase_profile_going"": 76}",2026-01-24
expected-tempo-targets-v2.0-walk-forward,2026-01-24|randwick|5,2026-01-24,racing-com-nsw-authorised-v2,NSW,randwick,5,2000,good,out_4_6m,,,7,1.0,-1.4358477531282072,1.0117361392148991,1.704456378677335,slow,sprint_home,23.884999999999998,23.200000000000003,24.224999999999998,0.9785160000000002,0.41512799999999905,0.5485620000000014,track_distance_going,10,"{""source_distance"": 34, ""source_distance_going"": 19, ""source_phase_profile"": 296, ""source_phase_profile_going"": 153, ""track_distance"": 17, ""track_distance_going"": 10, ""track_distance_going_rail"": 0, ""track_phase_profile_going"": 76}",2026-01-24
expected-tempo-targets-v2.0-walk-forward,2026-01-24|randwick|6,2026-01-24,racing-com-nsw-authorised-v2,NSW,randwick,6,1200,good,out_4_6m,,,10,1.0,0.2705992689804891,-0.18404395535943982,0.28724530830961975,even,even,24.399615384615384,22.45,23.22153846153846,0.47899384615384843,0.3803439230769252,0.7538450769230792,track_distance_going_rail,6,"{""source_distance"": 101, ""source_distance_going"": 52, ""source_phase_profile"": 296, ""source_phase_profile_going"": 153, ""track_distance"": 55, ""track_distance_going"": 31, ""track_distance_going_rail"": 6, ""track_phase_profile_going"": 76}",2026-01-24
expected-tempo-targets-v2.0-walk-forward,2026-01-24|randwick|9,2026-01-24,racing-com-nsw-authorised-v2,NSW,randwick,9,1200,good,out_4_6m,,,11,1.0,-0.41834486391346226,-0.2366279426049807,0.32040862099190587,even,even,24.399615384615384,22.45,23.22153846153846,0.47899384615384843,0.3803439230769252,0.7538450769230792,track_distance_going_rail,6,"{""source_distance"": 101, ""source_distance_going"": 52, ""source_phase_profile"": 296, ""source_phase_profile_going"": 153, ""track_distance"": 55, ""track_distance_going"": 31, ""track_distance_going_rail"": 6, ""track_phase_profile_going"": 76}",2026-01-24
expected-tempo-targets-v2.0-walk-forward,2026-01-31|caulfield|1,2026-01-31,racing-com-rv-authorised,VIC,caulfield,1,2000,good,out_4_6m,benchmark,,7,1.0,-0.9760278048896618,0.337245379738299,0.0939164348638354,slow,slow_early,76.345,23.4525,24.075000000000003,1.8903149999999977,0.6597569999999977,0.5856269999999993,track_distance_going_rail,10,"{""source_distance"": 78, ""source_distance_going"": 61, ""source_phase_profile"": 694, ""source_phase_profile_going"": 535, ""track_distance"": 43, ""track_distance_going"": 31, ""track_distance_going_rail"": 10, ""track_phase_profile_going"": 219}",2026-01-31
expected-tempo-targets-v2.0-walk-forward,2026-01-31|caulfield|2,2026-01-31,racing-com-rv-authorised,VIC,caulfield,2,1000,good,out_4_6m,benchmark,,9,1.0,0.19271164556474515,0.0910355626287423,-1.8332312949876581,even,even,13.39,21.695,22.78,0.20756400000000083,0.604159500000001,0.2891070000000004,track_distance_going,10,"{""source_distance"": 75, ""source_distance_going"": 51, ""source_phase_profile"": 75, ""source_phase_profile_going"": 51, ""track_distance"": 16, ""track_distance_going"": 10, ""track_distance_going_rail"": 1, ""track_phase_profile_going"": 10}",2026-01-31
expected-tempo-targets-v2.0-walk-forward,2026-01-31|caulfield|3,2026-01-31,racing-com-rv-authorised,VIC,caulfield,3,1400,good,out_4_6m,benchmark,,9,1.0,-0.0251363015954018,0.36253878321867095,-2.738031795895091,even,even,37.425,23.265,23.425,0.5967465000000051,0.5930399999999979,0.37435649999999926,track_distance_going_rail,30,"{""source_distance"": 180, ""source_distance_going"": 134, ""source_phase_profile"": 694, ""source_phase_profile_going"": 535, ""track_distance"": 99, ""track_distance_going"": 75, ""track_distance_going_rail"": 30, ""track_phase_profile_going"": 219}",2026-01-31
expected-tempo-targets-v2.0-walk-forward,2026-01-31|caulfield|4,2026-01-31,racing-com-rv-authorised,VIC,caulfield,4,2400,good,out_4_6m,benchmark,,8,1.0,-3.458694686427918,0.40015370443001075,-0.24472673573929524,slow,very_slow_early,54.90537037037036,23.240000000000002,23.69814814814815,14.98386944444444,0.5872743333333362,0.6204955555555567,track_distance_going,7,"{""source_distance"": 17, ""source_distance_going"": 9, ""source_phase_profile"": 694, ""source_phase_profile_going"": 535, ""track_distance"": 15, ""track_distance_going"": 7, ""track_distance_going_rail"": 3, ""track_phase_profile_going"": 219}",2026-01-31
expected-tempo-targets-v2.0-walk-forward,2026-01-31|caulfield|5,2026-01-31,racing-com-rv-authorised,VIC,caulfield,5,1800,good,out_4_6m,benchmark,,10,1.0,-1.3126829064368835,-0.7997114842399531,-1.5417394910825355,slow,very_slow_early,48.770441595441596,23.170527065527065,23.660719373219372,11.270473876068374,0.5057735726495742,0.5930188803418813,track_distance_going_rail,6,"{""source_distance"": 32, ""source_distance_going"": 25, ""source_phase_profile"": 694, ""source_phase_profile_going"": 535, ""track_distance"": 12, ""track_distance_going"": 7, ""track_distance_going_rail"": 6, ""track_phase_profile_going"": 219}",2026-01-31
expected-tempo-targets-v2.0-walk-forward,2026-01-31|caulfield|6,2026-01-31,racing-com-rv-authorised,VIC,caulfield,6,1000,good,out_4_6m,group,3,7,1.0,-0.9153803164325159,-0.4220739721878057,-1.625695676687172,slow,slow_early,13.39,21.695,22.78,0.20756400000000083,0.604159500000001,0.2891070000000004,track_distance_going,10,"{""source_distance"": 75, ""source_distance_going"": 51, ""source_phase_profile"": 75, ""source_phase_profile_going"": 51, ""track_distance"": 16, ""track_distance_going"": 10, ""track_distance_going_rail"": 1, ""track_phase_profile_going"": 10}",2026-01-31
expected-tempo-targets-v2.0-walk-forward,2026-01-31|caulfield|7,2026-01-31,racing-com-rv-authorised,VIC,caulfield,7,1200,good,out_4_6m,group,3,10,1.0,-0.6985797151721915,0.38970577214202734,0.3786614790044045,slow,slow_early,24.66,22.44,23.23,0.41512800000000166,0.3335850000000021,0.42254100000000017,track_distance_going_rail,23,"{""source_distance"": 190, ""source_distance_going"": 143, ""source_phase_profile"": 694, ""source_phase_profile_going"": 535, ""track_distance"": 68, ""track_distance_going"": 52, ""track_distance_going_rail"": 23, ""track_phase_profile_going"": 219}",2026-01-31
expected-tempo-targets-v2.0-walk-forward,2026-01-31|caulfield|8,2026-01-31,racing-com-rv-authorised,VIC,caulfield,8,1100,good,out_4_6m,benchmark,,10,1.0,0.7033975063113078,0.41507123660098455,-1.7572259260048257,fast,fast_early,18.98,22.17,22.905,0.5189099999999968,0.5782140000000008,0.2816939999999966,track_distance_going_rail,15,"{""source_distance"": 111, ""source_distance_going"": 88, ""source_phase_profile"": 111, ""source_phase_profile_going"": 88, ""track_distance"": 62, ""track_distance_going"": 47, ""track_distance_going_rail"": 15, ""track_phase_profile_going"": 47}",2026-01-31
expected-tempo-targets-v2.0-walk-forward,2026-01-31|caulfield|9,2026-01-31,racing-com-rv-authorised,VIC,caulfield,9,1800,good,out_4_6m,benchmark,,10,1.0,-1.2607773693287962,-1.5609216795119571,-1.6935053167306395,slow,very_slow_early,48.770441595441596,23.170527065527065,23.660719373219372,11.270473876068374,0.5057735726495742,0.5930188803418813,track_distance_going_rail,6,"{""source_distance"": 32, ""source_distance_going"": 25, ""source_phase_profile"": 694, ""source_phase_profile_going"": 535, ""track_distance"": 12, ""track_distance_going"": 7, ""track_distance_going_rail"": 6, ""track_phase_profile_going"": 219}",2026-01-31
expected-tempo-targets-v2.0-walk-forward,2026-01-31|caulfield|10,2026-01-31,racing-com-rv-authorised,VIC,caulfield,10,1400,good,out_4_6m,benchmark,,12,1.0,0.6032712382896194,-0.35410764872521516,-1.4959002982451215,fast,fast_early,37.425,23.265,23.425,0.5967465000000051,0.5930399999999979,0.37435649999999926,track_distance_going_rail,30,"{""source_distance"": 180, ""source_distance_going"": 134, ""source_phase_profile"": 694, ""source_phase_profile_going"": 535, ""track_distance"": 99, ""track_distance_going"": 75, ""track_distance_going_rail"": 30, ""track_phase_profile_going"": 219}",2026-01-31
expected-tempo-targets-v2.0-walk-forward,2026-01-31|rosehill|7,2026-01-31,racing-com-nsw-authorised-v2,NSW,rosehill,7,1200,good,out_1_3m,,,9,1.0,-0.036576480320494806,0.06969203809318245,0.48383529529099106,even,even,24.735344827586207,22.689999999999998,22.836724137931036,0.6740717586206872,0.4304652413793062,0.7786206206896569,track_distance_going_rail,9,"{""source_distance"": 104, ""source_distance_going"": 55, ""source_phase_profile"": 300, ""source_phase_profile_going"": 157, ""track_distance"": 46, ""track_distance_going"": 21, ""track_distance_going_rail"": 9, ""track_phase_profile_going"": 77}",2026-01-31
expected-tempo-targets-v2.0-walk-forward,2026-01-31|rosehill|8,2026-01-31,racing-com-nsw-authorised-v2,NSW,rosehill,8,1200,good,out_1_3m,,,7,1.0,-0.1107525592921406,1.1150726094910017,0.7150133494254503,even,even,24.735344827586207,22.689999999999998,22.836724137931036,0.6740717586206872,0.4304652413793062,0.7786206206896569,track_distance_going_rail,9,"{""source_distance"": 104, ""source_distance_going"": 55, ""source_phase_profile"": 300, ""source_phase_profile_going"": 157, ""track_distance"": 46, ""track_distance_going"": 21, ""track_distance_going_rail"": 9, ""track_phase_profile_going"": 77}",2026-01-31
expected-tempo-targets-v2.0-walk-forward,2026-01-31|rosehill|9,2026-01-31,racing-com-nsw-authorised-v2,NSW,rosehill,9,2000,good,out_1_3m,,,9,1.0,-0.4991528574233375,-0.05397586871773677,-1.192194897749353,even,even,24.662413793103454,23.305172413793102,23.286551724137933,1.2773365862068957,0.8305116206896554,0.7829661724137944,track_distance_going,9,"{""source_distance"": 35, ""source_distance_going"": 20, ""source_phase_profile"": 300, ""source_phase_profile_going"": 157, ""track_distance"": 17, ""track_distance_going"": 9, ""track_distance_going_rail"": 4, ""track_phase_profile_going"": 77}",2026-01-31
expected-tempo-targets-v2.0-walk-forward,2026-01-31|rosehill|10,2026-01-31,racing-com-nsw-authorised-v2,NSW,rosehill,10,1200,good,out_1_3m,,,9,1.0,-0.06624691190915524,0.1393840761863649,0.5223649709800691,even,even,24.735344827586207,22.689999999999998,22.836724137931036,0.6740717586206872,0.4304652413793062,0.7786206206896569,track_distance_going_rail,9,"{""source_distance"": 104, ""source_distance_going"": 55, ""source_phase_profile"": 300, ""source_phase_profile_going"": 157, ""track_distance"": 46, ""track_distance_going"": 21, ""track_distance_going_rail"": 9, ""track_phase_profile_going"": 77}",2026-01-31
expected-tempo-targets-v2.0-walk-forward,2026-02-07|caulfield|1,2026-02-07,racing-com-rv-authorised,VIC,caulfield,1,2000,good,out_7m_plus,benchmark,,6,1.0,-2.6921682363215114,0.775802346376353,1.5780159927406117,slow,sprint_home,76.09037037037035,23.334444444444443,24.05944444444444,1.533941888888874,0.46976455555555546,0.6460292222222203,track_distance_going_rail,7,"{""source_distance"": 79, ""source_distance_going"": 62, ""source_phase_profile"": 701, ""source_phase_profile_going"": 542, ""track_distance"": 44, ""track_distance_going"": 32, ""track_distance_going_rail"": 7, ""track_phase_profile_going"": 226}",2026-02-07
expected-tempo-targets-v2.0-walk-forward,2026-02-07|caulfield|2,2026-02-07,racing-com-rv-authorised,VIC,caulfield,2,2000,good,out_7m_plus,open_or_quality,,7,1.0,0.47613953022653477,0.0946100422410183,-0.8367354555512979,even,even,76.09037037037035,23.334444444444443,24.05944444444444,1.533941888888874,0.46976455555555546,0.6460292222222203,track_distance_going_rail,7,"{""source_distance"": 79, ""source_distance_going"": 62, ""source_phase_profile"": 701, ""source_phase_profile_going"": 542, ""track_distance"": 44, ""track_distance_going"": 32, ""track_distance_going_rail"": 7, ""track_phase_profile_going"": 226}",2026-02-07
expected-tempo-targets-v2.0-walk-forward,2026-02-07|caulfield|3,2026-02-07,racing-com-rv-authorised,VIC,caulfield,3,1100,good,out_7m_plus,group,3,8,1.0,-0.3308822593658871,0.2732114468766046,0.19704224434146864,even,even,18.695,21.895,22.96,0.19644449999999777,0.292813499999997,0.32987850000000285,track_distance_going_rail,14,"{""source_distance"": 112, ""source_distance_going"": 89, ""source_phase_profile"": 112, ""source_phase_profile_going"": 89, ""track_distance"": 63, ""track_distance_going"": 48, ""track_distance_going_rail"": 14, ""track_phase_profile_going"": 48}",2026-02-07
expected-tempo-targets-v2.0-walk-forward,2026-02-07|caulfield|4,2026-02-07,racing-com-rv-authorised,VIC,caulfield,4,1100,good,out_7m_plus,group,2,11,1.0,-0.4835971483039736,-1.3148300880936348,0.5759696373058555,even,even,18.695,21.895,22.96,0.19644449999999777,0.292813499999997,0.32987850000000285,track_distance_going_rail,14,"{""source_distance"": 112, ""source_distance_going"": 89, ""source_phase_profile"": 112, ""source_phase_profile_going"": 89, ""track_distance"": 63, ""track_distance_going"": 48, ""track_distance_going_rail"": 14, ""track_phase_profile_going"": 48}",2026-02-07
expected-tempo-targets-v2.0-walk-forward,2026-02-07|caulfield|5,2026-02-07,racing-com-rv-authorised,VIC,caulfield,5,1400,good,out_7m_plus,group,2,12,1.0,1.0824488801277647,0.28665857277755347,-1.7699402908250892,very_fast_or_collapse,pace_collapse,37.155,23.1125,23.1,0.9192120000000015,0.4447800000000037,0.5226165000000039,track_distance_going_rail,16,"{""source_distance"": 182, ""source_distance_going"": 136, ""source_phase_profile"": 701, ""source_phase_profile_going"": 542, ""track_distance"": 101, ""track_distance_going"": 77, ""track_distance_going_rail"": 16, ""track_phase_profile_going"": 226}",2026-02-07
expected-tempo-targets-v2.0-walk-forward,2026-02-07|caulfield|6,2026-02-07,racing-com-rv-authorised,VIC,caulfield,6,1100,good,out_7m_plus,group,2,6,1.0,-3.3342750751484953,-0.10245429257872825,2.349349836379127,slow,sprint_home,18.695,21.895,22.96,0.19644449999999777,0.292813499999997,0.32987850000000285,track_distance_going_rail,14,"{""source_distance"": 112, ""source_distance_going"": 89, ""source_phase_profile"": 112, ""source_phase_profile_going"": 89, ""track_distance"": 63, ""track_distance_going"": 48, ""track_distance_going_rail"": 14, ""track_phase_profile_going"": 48}",2026-02-07
expected-tempo-targets-v2.0-walk-forward,2026-02-07|caulfield|7,2026-02-07,racing-com-rv-authorised,VIC,caulfield,7,1400,good,out_7m_plus,group,3,8,1.0,0.435155328694583,0.7925266423849988,-0.11480693778324694,even,even,37.155,23.1125,23.1,0.9192120000000015,0.4447800000000037,0.5226165000000039,track_distance_going_rail,16,"{""source_distance"": 182, ""source_distance_going"": 136, ""source_phase_profile"": 701, ""source_phase_profile_going"": 542, ""track_distance"": 101, ""track_distance_going"": 77, ""track_distance_going_rail"": 16, ""track_phase_profile_going"": 226}",2026-02-07
expected-tempo-targets-v2.0-walk-forward,2026-02-07|caulfield|8,2026-02-07,racing-com-rv-authorised,VIC,caulfield,8,1100,good,out_7m_plus,group,3,12,1.0,0.8399318891595388,0.939164348638314,0.015157095718582796,very_fast_or_collapse,sustained_high_pressure,18.695,21.895,22.96,0.19644449999999777,0.292813499999997,0.32987850000000285,track_distance_going_rail,14,"{""source_distance"": 112, ""source_distance_going"": 89, ""source_phase_profile"": 112, ""source_phase_profile_going"": 89, ""track_distance"": 63, ""track_distance_going"": 48, ""track_distance_going_rail"": 14, ""track_phase_profile_going"": 48}",2026-02-07
expected-tempo-targets-v2.0-walk-forward,2026-02-07|caulfield|9,2026-02-07,racing-com-rv-authorised,VIC,caulfield,9,1600,good,out_7m_plus,group,3,14,1.0,0.8259842315094341,1.862243228427585,-0.04132547322832691,very_fast_or_collapse,fast_early,50.83607142857143,23.432142857142853,23.65,1.6054439999999994,0.3743565000000015,0.7259444999999993,track_distance_going_rail,8,"{""source_distance"": 150, ""source_distance_going"": 119, ""source_phase_profile"": 701, ""source_phase_profile_going"": 542, ""track_distance"": 46, ""track_distance_going"": 42, ""track_distance_going_rail"": 8, ""track_phase_profile_going"": 226}",2026-02-07
expected-tempo-targets-v2.0-walk-forward,2026-02-07|caulfield|10,2026-02-07,racing-com-rv-authorised,VIC,caulfield,10,1600,good,out_7m_plus,benchmark,,8,1.0,0.4055397937090471,0.6067554781147227,0.433917468897413,even,even,50.83607142857143,23.432142857142853,23.65,1.6054439999999994,0.3743565000000015,0.7259444999999993,track_distance_going_rail,8,"{""source_distance"": 150, ""source_distance_going"": 119, ""source_phase_profile"": 701, ""source_phase_profile_going"": 542, ""track_distance"": 46, ""track_distance_going"": 42, ""track_distance_going_rail"": 8, ""track_phase_profile_going"": 226}",2026-02-07
expected-tempo-targets-v2.0-walk-forward,2026-02-07|randwick|2,2026-02-07,racing-com-nsw-authorised-v2,NSW,randwick,2,1200,good,true,,,16,0.25,4.0,-4.0,-1.2857555515174546,very_fast_or_collapse,pace_collapse,24.523793103448277,22.396379310344827,23.02137931034483,0.4805668965517226,0.3678381724137953,0.7144598275862084,track_distance_going_rail,9,"{""source_distance"": 107, ""source_distance_going"": 58, ""source_phase_profile"": 304, ""source_phase_profile_going"": 161, ""track_distance"": 58, ""track_distance_going"": 34, ""track_distance_going_rail"": 9, ""track_phase_profile_going"": 80}",2026-02-07
expected-tempo-targets-v2.0-walk-forward,2026-02-07|randwick|3,2026-02-07,racing-com-nsw-authorised-v2,NSW,randwick,3,1000,good,true,,,10,0.6,4.0,-2.8291140189156914,-1.2387924344842378,very_fast_or_collapse,pace_collapse,13.510000000000002,21.605,23.0425,0.22609649999999978,0.2668680000000022,0.7487130000000011,track_distance_going,10,"{""source_distance"": 19, ""source_distance_going"": 10, ""source_phase_profile"": 19, ""source_phase_profile_going"": 10, ""track_distance"": 19, ""track_distance_going"": 10, ""track_distance_going_rail"": 4, ""track_phase_profile_going"": 10}",2026-02-07
expected-tempo-targets-v2.0-walk-forward,2026-02-07|randwick|6,2026-02-07,racing-com-nsw-authorised-v2,NSW,randwick,6,1300,good,true,,,9,0.7777777777777778,-0.9020898581177129,-3.230894008357011,-1.9593803963075793,slow,slow_early,24.1025,22.69,22.955,1.5048390000000007,0.6004530000000017,0.8191365000000003,track_phase_profile_going,80,"{""source_distance"": 34, ""source_distance_going"": 15, ""source_phase_profile"": 304, ""source_phase_profile_going"": 161, ""track_distance"": 7, ""track_distance_going"": 3, ""track_distance_going_rail"": 1, ""track_phase_profile_going"": 80}",2026-02-07
expected-tempo-targets-v2.0-walk-forward,2026-02-14|flemington|1,2026-02-14,racing-com-rv-authorised,VIC,flemington,1,1100,good,true,listed,,7,1.0,0.02366634243777896,-1.6862268986914954,-0.25191823546716224,even,even,19.57,21.58,23.005,0.42254100000000017,0.2372160000000002,0.615279000000004,track_distance_going_rail,17,"{""source_distance"": 116, ""source_distance_going"": 93, ""source_phase_profile"": 116, ""source_phase_profile_going"": 93, ""track_distance"": 46, ""track_distance_going"": 38, ""track_distance_going_rail"": 17, ""track_phase_profile_going"": 38}",2026-02-14
expected-tempo-targets-v2.0-walk-forward,2026-02-14|flemington|2,2026-02-14,racing-com-rv-authorised,VIC,flemington,2,2000,good,true,benchmark,,14,1.0,0.7500691173299415,-0.8405048382563515,0.3734866742773387,fast,fast_early,76.24821428571428,23.375714285714288,23.925,1.9374405000000015,0.2668464285714282,0.7095300000000011,track_distance_going_rail,8,"{""source_distance"": 81, ""source_distance_going"": 64, ""source_phase_profile"": 707, ""source_phase_profile_going"": 548, ""track_distance"": 35, ""track_distance_going"": 30, ""track_distance_going_rail"": 8, ""track_phase_profile_going"": 170}",2026-02-14
expected-tempo-targets-v2.0-walk-forward,2026-02-14|flemington|3,2026-02-14,racing-com-rv-authorised,VIC,flemington,3,1400,good,true,listed,,6,1.0,-3.2230157249241214,2.1231129588069946,1.3152569809793573,slow,sprint_home,37.285,22.817500000000003,23.0125,0.6189854999999953,0.32617200000000357,0.5189100000000021,track_distance_going_rail,20,"{""source_distance"": 184, ""source_distance_going"": 138, ""source_phase_profile"": 707, ""source_phase_profile_going"": 548, ""track_distance"": 57, ""track_distance_going"": 42, ""track_distance_going_rail"": 20, ""track_phase_profile_going"": 170}",2026-02-14
expected-tempo-targets-v2.0-walk-forward,2026-02-14|flemington|4,2026-02-14,racing-com-rv-authorised,VIC,flemington,4,1100,good,true,open_or_quality,,8,1.0,-0.023666342437770552,-0.8009577768784615,0.5282156550117868,even,even,19.57,21.58,23.005,0.42254100000000017,0.2372160000000002,0.615279000000004,track_distance_going_rail,17,"{""source_distance"": 116, ""source_distance_going"": 93, ""source_phase_profile"": 116, ""source_phase_profile_going"": 93, ""track_distance"": 46, ""track_distance_going"": 38, ""track_distance_going_rail"": 17, ""track_phase_profile_going"": 38}",2026-02-14
expected-tempo-targets-v2.0-walk-forward,2026-02-14|flemington|5,2026-02-14,racing-com-rv-authorised,VIC,flemington,5,1200,good,true,benchmark,,9,1.0,-2.4181742784198055,-1.5738117721120601,1.8574437837893858,slow,sprint_home,25.04,21.745,23.205,0.5003774999999978,0.5114969999999983,0.4818450000000016,track_distance_going_rail,12,"{""source_distance"": 191, ""source_distance_going"": 144, ""source_phase_profile"": 707, ""source_phase_profile_going"": 548, ""track_distance"": 57, ""track_distance_going"": 41, ""track_distance_going_rail"": 12, ""track_phase_profile_going"": 170}",2026-02-14
expected-tempo-targets-v2.0-walk-forward,2026-02-14|flemington|6,2026-02-14,racing-com-rv-authorised,VIC,flemington,6,2500,good,true,handicap_unspecified,,10,1.0,-3.569050837909982,0.4670769343793296,0.4132638054989791,slow,very_slow_early,60.836999999999996,22.95,23.509,14.486484599999988,0.6315875999999997,0.7235087999999993,track_distance_going,5,"{""source_distance"": 8, ""source_distance_going"": 7, ""source_phase_profile"": 707, ""source_phase_profile_going"": 548, ""track_distance"": 5, ""track_distance_going"": 5, ""track_distance_going_rail"": 4, ""track_phase_profile_going"": 170}",2026-02-14
expected-tempo-targets-v2.0-walk-forward,2026-02-14|flemington|7,2026-02-14,racing-com-rv-authorised,VIC,flemington,7,1400,good,true,listed,,8,1.0,0.056544135524978945,-0.6514967563126088,1.758493765778255,even,even,37.285,22.817500000000003,23.0125,0.6189854999999953,0.32617200000000357,0.5189100000000021,track_distance_going_rail,20,"{""source_distance"": 184, ""source_distance_going"": 138, ""source_phase_profile"": 707, ""source_phase_profile_going"": 548, ""track_distance"": 57, ""track_distance_going"": 42, ""track_distance_going_rail"": 20, ""track_phase_profile_going"": 170}",2026-02-14
expected-tempo-targets-v2.0-walk-forward,2026-02-14|flemington|8,2026-02-14,racing-com-rv-authorised,VIC,flemington,8,1000,good,true,group,1,8,1.0,0.10752751238032657,0.39214579039337283,1.6457574531228907,even,even,14.0275,21.68,22.71,0.25574849999999916,0.31875899999999713,0.555975,track_distance_going,18,"{""source_distance"": 77, ""source_distance_going"": 53, ""source_phase_profile"": 77, ""source_phase_profile_going"": 53, ""track_distance"": 22, ""track_distance_going"": 18, ""track_distance_going_rail"": 3, ""track_phase_profile_going"": 18}",2026-02-14
expected-tempo-targets-v2.0-walk-forward,2026-02-14|flemington|9,2026-02-14,racing-com-rv-authorised,VIC,flemington,9,1400,good,true,group,3,11,1.0,-0.02423320093927997,-0.43688606011551184,0.8720201961804528,even,even,37.285,22.817500000000003,23.0125,0.6189854999999953,0.32617200000000357,0.5189100000000021,track_distance_going_rail,20,"{""source_distance"": 184, ""source_distance_going"": 138, ""source_phase_profile"": 707, ""source_phase_profile_going"": 548, ""track_distance"": 57, ""track_distance_going"": 42, ""track_distance_going_rail"": 20, ""track_phase_profile_going"": 170}",2026-02-14
expected-tempo-targets-v2.0-walk-forward,2026-02-14|flemington|10,2026-02-14,racing-com-rv-authorised,VIC,flemington,10,1400,good,true,group,3,10,1.0,-0.5008194860784374,1.5099395411010077,0.3324275885991766,slow,slow_early,37.285,22.817500000000003,23.0125,0.6189854999999953,0.32617200000000357,0.5189100000000021,track_distance_going_rail,20,"{""source_distance"": 184, ""source_distance_going"": 138, ""source_phase_profile"": 707, ""source_phase_profile_going"": 548, ""track_distance"": 57, ""track_distance_going"": 42, ""track_distance_going_rail"": 20, ""track_phase_profile_going"": 170}",2026-02-14
expected-tempo-targets-v2.0-walk-forward,2026-02-14|randwick|2,2026-02-14,racing-com-nsw-authorised-v2,NSW,randwick,2,1000,good,out_4_6m,,,12,1.0,-1.0342191645307708,-0.015329335442646672,0.4154863078375805,slow,slow_early,13.47,21.66,23.095,0.2223900000000005,0.32617200000000357,0.9266249999999999,track_distance_going,11,"{""source_distance"": 20, ""source_distance_going"": 11, ""source_phase_profile"": 20, ""source_phase_profile_going"": 11, ""track_distance"": 20, ""track_distance_going"": 11, ""track_distance_going_rail"": 2, ""track_phase_profile_going"": 11}",2026-02-14
expected-tempo-targets-v2.0-walk-forward,2026-02-14|randwick|6,2026-02-14,racing-com-nsw-authorised-v2,NSW,randwick,6,1200,good,out_4_6m,,,9,1.0,-2.022583621302658,0.07722430434587602,0.73088260985907,slow,very_slow_early,24.445172413793102,22.487241379310348,23.08586206896552,0.3880322068965559,0.3527565517241402,0.6237144827586188,track_distance_going_rail,9,"{""source_distance"": 108, ""source_distance_going"": 59, ""source_phase_profile"": 306, ""source_phase_profile_going"": 163, ""track_distance"": 59, ""track_distance_going"": 35, ""track_distance_going_rail"": 9, ""track_phase_profile_going"": 82}",2026-02-14
expected-tempo-targets-v2.0-walk-forward,2026-02-14|randwick|7,2026-02-14,racing-com-nsw-authorised-v2,NSW,randwick,7,1200,good,out_4_6m,,,6,1.0,-1.3138795624323334,0.9134950938128713,0.9713772659019585,slow,sprint_home,24.445172413793102,22.487241379310348,23.08586206896552,0.3880322068965559,0.3527565517241402,0.6237144827586188,track_distance_going_rail,9,"{""source_distance"": 108, ""source_distance_going"": 59, ""source_phase_profile"": 306, ""source_phase_profile_going"": 163, ""track_distance"": 59, ""track_distance_going"": 35, ""track_distance_going_rail"": 9, ""track_phase_profile_going"": 82}",2026-02-14
expected-tempo-targets-v2.0-walk-forward,2026-02-14|randwick|9,2026-02-14,racing-com-nsw-authorised-v2,NSW,randwick,9,1200,good,out_4_6m,,,10,0.8,-0.7469163153360648,-0.4472166992181652,1.099641082458161,slow,slow_early,24.445172413793102,22.487241379310348,23.08586206896552,0.3880322068965559,0.3527565517241402,0.6237144827586188,track_distance_going_rail,9,"{""source_distance"": 108, ""source_distance_going"": 59, ""source_phase_profile"": 306, ""source_phase_profile_going"": 163, ""track_distance"": 59, ""track_distance_going"": 35, ""track_distance_going_rail"": 9, ""track_phase_profile_going"": 82}",2026-02-14
expected-tempo-targets-v2.0-walk-forward,2026-02-21|caulfield|1,2026-02-21,racing-com-rv-authorised,VIC,caulfield,1,1100,good,true,benchmark,,9,1.0,0.7194568101083672,0.48463410125355255,0.5154127501660778,fast,sustained_high_pressure,18.86,22.1725,23.1525,0.444780000000001,0.5003775000000005,0.3928890000000008,track_distance_going_rail,16,"{""source_distance"": 118, ""source_distance_going"": 95, ""source_phase_profile"": 118, ""source_phase_profile_going"": 95, ""track_distance"": 67, ""track_distance_going"": 52, ""track_distance_going_rail"": 16, ""track_phase_profile_going"": 52}",2026-02-21
expected-tempo-targets-v2.0-walk-forward,2026-02-21|caulfield|2,2026-02-21,racing-com-rv-authorised,VIC,caulfield,2,1200,good,true,group,3,7,1.0,0.24396474278940983,0.8093889113719118,0.2790996246109998,even,even,24.805,22.45,23.22,0.34841099999999914,0.29651999999999895,0.4299539999999987,track_distance_going_rail,13,"{""source_distance"": 192, ""source_distance_going"": 145, ""source_phase_profile"": 714, ""source_phase_profile_going"": 555, ""track_distance"": 69, ""track_distance_going"": 53, ""track_distance_going_rail"": 13, ""track_phase_profile_going"": 232}",2026-02-21
expected-tempo-targets-v2.0-walk-forward,2026-02-21|caulfield|3,2026-02-21,racing-com-rv-authorised,VIC,caulfield,3,2000,good,true,listed,,7,1.0,0.9215814337403037,0.38783218669903324,-0.5545812911251967,fast,fast_early,76.28999999999999,23.237499999999997,24.1225,1.4974259999999864,0.14825999999999684,0.5003775000000031,track_distance_going_rail,10,"{""source_distance"": 82, ""source_distance_going"": 65, ""source_phase_profile"": 714, ""source_phase_profile_going"": 555, ""track_distance"": 46, ""track_distance_going"": 34, ""track_distance_going_rail"": 10, ""track_phase_profile_going"": 232}",2026-02-21
expected-tempo-targets-v2.0-walk-forward,2026-02-21|caulfield|4,2026-02-21,racing-com-rv-authorised,VIC,caulfield,4,1800,good,true,group,2,13,1.0,-1.2941920042356199,0.02669991696326039,-1.3742233465838458,slow,very_slow_early,45.726551724137934,23.26448275862069,23.683793103448274,13.323717206896552,0.5424271034482758,0.7103698965517211,track_distance_going,9,"{""source_distance"": 34, ""source_distance_going"": 27, ""source_phase_profile"": 714, ""source_phase_profile_going"": 555, ""track_distance"": 14, ""track_distance_going"": 9, ""track_distance_going_rail"": 1, ""track_phase_profile_going"": 232}",2026-02-21
expected-tempo-targets-v2.0-walk-forward,2026-02-21|caulfield|5,2026-02-21,racing-com-rv-authorised,VIC,caulfield,5,1400,good,true,group,2,9,1.0,0.3399008551693092,0.4232098882990392,-0.49230072674440734,even,even,37.06,23.16,23.4225,0.941450999999997,0.37806300000000115,0.6449310000000034,track_distance_going_rail,22,"{""source_distance"": 188, ""source_distance_going"": 142, ""source_phase_profile"": 714, ""source_phase_profile_going"": 555, ""track_distance"": 103, ""track_distance_going"": 79, ""track_distance_going_rail"": 22, ""track_phase_profile_going"": 232}",2026-02-21
expected-tempo-targets-v2.0-walk-forward,2026-02-21|caulfield|6,2026-02-21,racing-com-rv-authorised,VIC,caulfield,6,1400,good,true,group,3,9,1.0,-1.1684091896444933,-0.5290123603737966,1.7715073395448386,slow,sprint_home,37.06,23.16,23.4225,0.941450999999997,0.37806300000000115,0.6449310000000034,track_distance_going_rail,22,"{""source_distance"": 188, ""source_distance_going"": 142, ""source_phase_profile"": 714, ""source_phase_profile_going"": 555, ""track_distance"": 103, ""track_distance_going"": 79, ""track_distance_going_rail"": 22, ""track_phase_profile_going"": 232}",2026-02-21
expected-tempo-targets-v2.0-walk-forward,2026-02-21|caulfield|7,2026-02-21,racing-com-rv-authorised,VIC,caulfield,7,1400,good,true,group,1,8,1.0,0.1965051818947591,0.9654475576821782,0.08915682452851102,even,even,37.06,23.16,23.4225,0.941450999999997,0.37806300000000115,0.6449310000000034,track_distance_going_rail,22,"{""source_distance"": 188, ""source_distance_going"": 142, ""source_phase_profile"": 714, ""source_phase_profile_going"": 555, ""track_distance"": 103, ""track_distance_going"": 79, ""track_distance_going_rail"": 22, ""track_phase_profile_going"": 232}",2026-02-21
expected-tempo-targets-v2.0-walk-forward,2026-02-21|caulfield|8,2026-02-21,racing-com-rv-authorised,VIC,caulfield,8,1200,good,true,group,1,16,1.0,1.4924901911822557,-0.10117361392149347,-1.430385576131409,very_fast_or_collapse,pace_collapse,24.805,22.45,23.22,0.34841099999999914,0.29651999999999895,0.4299539999999987,track_distance_going_rail,13,"{""source_distance"": 192, ""source_distance_going"": 145, ""source_phase_profile"": 714, ""source_phase_profile_going"": 555, ""track_distance"": 69, ""track_distance_going"": 53, ""track_distance_going_rail"": 13, ""track_phase_profile_going"": 232}",2026-02-21
expected-tempo-targets-v2.0-walk-forward,2026-02-21|caulfield|9,2026-02-21,racing-com-rv-authorised,VIC,caulfield,9,1100,good,true,group,1,13,1.0,1.2590494176896385,1.4439098480647101,-0.4263290649521877,very_fast_or_collapse,very_fast_early,18.86,22.1725,23.1525,0.444780000000001,0.5003775000000005,0.3928890000000008,track_distance_going_rail,16,"{""source_distance"": 118, ""source_distance_going"": 95, ""source_phase_profile"": 118, ""source_phase_profile_going"": 95, ""track_distance"": 67, ""track_distance_going"": 52, ""track_distance_going_rail"": 16, ""track_phase_profile_going"": 52}",2026-02-21
expected-tempo-targets-v2.0-walk-forward,2026-02-21|caulfield|10,2026-02-21,racing-com-rv-authorised,VIC,caulfield,10,1400,good,true,benchmark,,10,1.0,-1.1312325336103537,1.3886574459812269,0.12016789392973848,slow,slow_early,37.06,23.16,23.4225,0.941450999999997,0.37806300000000115,0.6449310000000034,track_distance_going_rail,22,"{""source_distance"": 188, ""source_distance_going"": 142, ""source_phase_profile"": 714, ""source_phase_profile_going"": 555, ""track_distance"": 103, ""track_distance_going"": 79, ""track_distance_going_rail"": 22, ""track_phase_profile_going"": 232}",2026-02-21
expected-tempo-targets-v2.0-walk-forward,2026-02-28|flemington|1,2026-02-28,racing-com-rv-authorised,VIC,flemington,1,1000,good,out_1_3m,listed,,8,1.0,-1.0960474841494579,1.5808377175232686,0.786905886056037,slow,sprint_home,14.015,21.67,22.69,0.2372160000000002,0.2372160000000002,0.5782139999999956,track_distance_going,19,"{""source_distance"": 78, ""source_distance_going"": 54, ""source_phase_profile"": 78, ""source_phase_profile_going"": 54, ""track_distance"": 23, ""track_distance_going"": 19, ""track_distance_going_rail"": 4, ""track_phase_profile_going"": 19}",2026-02-28
expected-tempo-targets-v2.0-walk-forward,2026-02-28|flemington|2,2026-02-28,racing-com-rv-authorised,VIC,flemington,2,1200,good,out_1_3m,benchmark,,11,1.0,-1.4821612230536725,-0.1927116455647345,2.4667090632286905,slow,sprint_home,25.2675,21.880000000000003,23.15,0.5819204999999974,0.3632369999999962,0.38918249999999893,track_distance_going,42,"{""source_distance"": 194, ""source_distance_going"": 147, ""source_phase_profile"": 722, ""source_phase_profile_going"": 563, ""track_distance"": 58, ""track_distance_going"": 42, ""track_distance_going_rail"": 4, ""track_phase_profile_going"": 177}",2026-02-28
expected-tempo-targets-v2.0-walk-forward,2026-02-28|flemington|3,2026-02-28,racing-com-rv-authorised,VIC,flemington,3,1400,good,out_1_3m,benchmark,,7,1.0,-1.3489815189531804,-1.3868742582496372,1.031574102728912,slow,sprint_home,37.324999999999996,22.7325,23.1,0.7227675000000063,0.3298784999999976,0.630105000000001,track_distance_going,46,"{""source_distance"": 192, ""source_distance_going"": 146, ""source_phase_profile"": 722, ""source_phase_profile_going"": 563, ""track_distance"": 61, ""track_distance_going"": 46, ""track_distance_going_rail"": 2, ""track_phase_profile_going"": 177}",2026-02-28
expected-tempo-targets-v2.0-walk-forward,2026-02-28|flemington|4,2026-02-28,racing-com-rv-authorised,VIC,flemington,4,1600,good,out_1_3m,benchmark,,8,1.0,0.13624066944089563,-0.049962278479765476,1.1419435879867534,even,even,50.37038461538461,22.901923076923072,23.388076923076923,0.7735180384615358,0.36181142307691994,0.47557246153846267,track_distance_going_rail,6,"{""source_distance"": 152, ""source_distance_going"": 121, ""source_phase_profile"": 722, ""source_phase_profile_going"": 563, ""track_distance"": 58, ""track_distance_going"": 44, ""track_distance_going_rail"": 6, ""track_phase_profile_going"": 177}",2026-02-28
expected-tempo-targets-v2.0-walk-forward,2026-02-28|flemington|5,2026-02-28,racing-com-rv-authorised,VIC,flemington,5,1000,good,out_1_3m,handicap_unspecified,,8,1.0,0.5269459058410895,2.9508970727101134,1.3057449318072631,fast,sustained_high_pressure,14.015,21.67,22.69,0.2372160000000002,0.2372160000000002,0.5782139999999956,track_distance_going,19,"{""source_distance"": 78, ""source_distance_going"": 54, ""source_phase_profile"": 78, ""source_phase_profile_going"": 54, ""track_distance"": 23, ""track_distance_going"": 19, ""track_distance_going_rail"": 4, ""track_phase_profile_going"": 19}",2026-02-28
expected-tempo-targets-v2.0-walk-forward,2026-02-28|flemington|6,2026-02-28,racing-com-rv-authorised,VIC,flemington,6,1100,good,out_1_3m,handicap_unspecified,,11,1.0,1.8613350766325225,0.7107537035344852,-1.8258507820226195,very_fast_or_collapse,pace_collapse,19.627499999999998,21.615000000000002,22.987499999999997,0.38547599999999965,0.34470449999999725,0.5819205000000054,track_distance_going,40,"{""source_distance"": 120, ""source_distance_going"": 97, ""source_phase_profile"": 120, ""source_phase_profile_going"": 97, ""track_distance"": 48, ""track_distance_going"": 40, ""track_distance_going_rail"": 3, ""track_phase_profile_going"": 40}",2026-02-28
expected-tempo-targets-v2.0-walk-forward,2026-02-28|flemington|7,2026-02-28,racing-com-rv-authorised,VIC,flemington,7,1600,good,out_1_3m,group,2,10,1.0,-0.21281389241134505,1.4425279127025081,1.3942710663520923,even,even,50.37038461538461,22.901923076923072,23.388076923076923,0.7735180384615358,0.36181142307691994,0.47557246153846267,track_distance_going_rail,6,"{""source_distance"": 152, ""source_distance_going"": 121, ""source_phase_profile"": 722, ""source_phase_profile_going"": 563, ""track_distance"": 58, ""track_distance_going"": 44, ""track_distance_going_rail"": 6, ""track_phase_profile_going"": 177}",2026-02-28
expected-tempo-targets-v2.0-walk-forward,2026-02-28|flemington|8,2026-02-28,racing-com-rv-authorised,VIC,flemington,8,1600,good,out_1_3m,group,1,10,1.0,0.6210386720134593,-1.901755663835535,1.5835166751261078,fast,fast_early,50.37038461538461,22.901923076923072,23.388076923076923,0.7735180384615358,0.36181142307691994,0.47557246153846267,track_distance_going_rail,6,"{""source_distance"": 152, ""source_distance_going"": 121, ""source_phase_profile"": 722, ""source_phase_profile_going"": 563, ""track_distance"": 58, ""track_distance_going"": 44, ""track_distance_going_rail"": 6, ""track_phase_profile_going"": 177}",2026-02-28
expected-tempo-targets-v2.0-walk-forward,2026-02-28|flemington|9,2026-02-28,racing-com-rv-authorised,VIC,flemington,9,1200,good,out_1_3m,unclassified,,15,1.0,0.45968478512099076,0.5506047016135607,0.6423721518824733,even,even,25.2675,21.880000000000003,23.15,0.5819204999999974,0.3632369999999962,0.38918249999999893,track_distance_going,42,"{""source_distance"": 194, ""source_distance_going"": 147, ""source_phase_profile"": 722, ""source_phase_profile_going"": 563, ""track_distance"": 58, ""track_distance_going"": 42, ""track_distance_going_rail"": 4, ""track_phase_profile_going"": 177}",2026-02-28
expected-tempo-targets-v2.0-walk-forward,2026-02-28|flemington|10,2026-02-28,racing-com-rv-authorised,VIC,flemington,10,2000,good,out_1_3m,benchmark,,11,1.0,-0.7001856455518981,-0.36077412716190105,1.401882754990579,slow,slow_early,76.31,23.365000000000002,23.92,1.5567299999999957,0.3187589999999945,0.756125999999997,track_distance_going,31,"{""source_distance"": 83, ""source_distance_going"": 66, ""source_phase_profile"": 722, ""source_phase_profile_going"": 563, ""track_distance"": 36, ""track_distance_going"": 31, ""track_distance_going_rail"": 3, ""track_phase_profile_going"": 177}",2026-02-28
expected-tempo-targets-v2.0-walk-forward,2026-02-28|randwick|2,2026-02-28,racing-com-nsw-authorised-v2,NSW,randwick,2,1000,soft,true,,,15,1.0,0.43321238362001235,1.571217788620152,0.6382441579027116,even,even,13.63095126265233,21.75964034096774,23.39570757591396,0.20994612825312836,0.2989021282531297,0.4946501617051782,track_distance_going,9,"{""source_distance"": 21, ""source_distance_going"": 9, ""source_phase_profile"": 21, ""source_phase_profile_going"": 9, ""track_distance"": 21, ""track_distance_going"": 9, ""track_distance_going_rail"": 3, ""track_phase_profile_going"": 9}",2026-02-28
expected-tempo-targets-v2.0-walk-forward,2026-02-28|randwick|3,2026-02-28,racing-com-nsw-authorised-v2,NSW,randwick,3,2000,soft,true,,,13,1.0,-0.5547686496694962,0.30211565268222335,-0.29947389720760814,slow,slow_early,23.747500000000002,23.185,23.8725,1.4826000000000052,0.7116480000000033,0.9266249999999999,track_phase_profile_going,52,"{""source_distance"": 36, ""source_distance_going"": 8, ""source_phase_profile"": 309, ""source_phase_profile_going"": 105, ""track_distance"": 18, ""track_distance_going"": 4, ""track_distance_going_rail"": 2, ""track_phase_profile_going"": 52}",2026-02-28
expected-tempo-targets-v2.0-walk-forward,2026-02-28|randwick|4,2026-02-28,racing-com-nsw-authorised-v2,NSW,randwick,4,1200,soft,true,,,8,0.75,1.6712185964518105,0.8439711435973669,-0.3558034674547953,very_fast_or_collapse,very_fast_early,25.01807692307692,22.616538461538457,23.25788461538461,0.43565630769230945,0.28026842307691957,0.5961588461538435,track_distance_going_rail,6,"{""source_distance"": 111, ""source_distance_going"": 37, ""source_phase_profile"": 309, ""source_phase_profile_going"": 105, ""track_distance"": 62, ""track_distance_going"": 18, ""track_distance_going_rail"": 6, ""track_phase_profile_going"": 52}",2026-02-28
expected-tempo-targets-v2.0-walk-forward,2026-02-28|randwick|5,2026-02-28,racing-com-nsw-authorised-v2,NSW,randwick,5,1200,soft,true,,,10,0.8,0.9022638169961645,1.7894932865869517,-0.875799106201057,very_fast_or_collapse,pace_collapse,25.01807692307692,22.616538461538457,23.25788461538461,0.43565630769230945,0.28026842307691957,0.5961588461538435,track_distance_going_rail,6,"{""source_distance"": 111, ""source_distance_going"": 37, ""source_phase_profile"": 309, ""source_phase_profile_going"": 105, ""track_distance"": 62, ""track_distance_going"": 18, ""track_distance_going_rail"": 6, ""track_phase_profile_going"": 52}",2026-02-28
expected-tempo-targets-v2.0-walk-forward,2026-02-28|randwick|10,2026-02-28,racing-com-nsw-authorised-v2,NSW,randwick,10,1200,soft,true,,,12,0.9166666666666666,1.1203256201253744,2.2354942974310816,-0.22161104455253802,very_fast_or_collapse,fast_early,25.01807692307692,22.616538461538457,23.25788461538461,0.43565630769230945,0.28026842307691957,0.5961588461538435,track_distance_going_rail,6,"{""source_distance"": 111, ""source_distance_going"": 37, ""source_phase_profile"": 309, ""source_phase_profile_going"": 105, ""track_distance"": 62, ""track_distance_going"": 18, ""track_distance_going_rail"": 6, ""track_phase_profile_going"": 52}",2026-02-28
expected-tempo-targets-v2.0-walk-forward,2026-03-07|flemington|1,2026-03-07,racing-com-rv-authorised,VIC,flemington,1,1100,good,out_4_6m,open_or_quality,,7,1.0,-0.7508482039456464,-0.11241512657943088,1.357308565366474,slow,sprint_home,19.625,21.61,23.005,0.3928890000000008,0.35582399999999764,0.6004530000000017,track_distance_going,41,"{""source_distance"": 121, ""source_distance_going"": 98, ""source_phase_profile"": 121, ""source_phase_profile_going"": 98, ""track_distance"": 49, ""track_distance_going"": 41, ""track_distance_going_rail"": 4, ""track_phase_profile_going"": 41}",2026-03-07
expected-tempo-targets-v2.0-walk-forward,2026-03-07|flemington|2,2026-03-07,racing-com-rv-authorised,VIC,flemington,2,1100,good,out_4_6m,benchmark,,8,1.0,-0.4581446668142894,0.4215567246728708,0.6245284809968457,even,even,19.625,21.61,23.005,0.3928890000000008,0.35582399999999764,0.6004530000000017,track_distance_going,41,"{""source_distance"": 121, ""source_distance_going"": 98, ""source_phase_profile"": 121, ""source_phase_profile_going"": 98, ""track_distance"": 49, ""track_distance_going"": 41, ""track_distance_going_rail"": 4, ""track_phase_profile_going"": 41}",2026-03-07
expected-tempo-targets-v2.0-walk-forward,2026-03-07|flemington|3,2026-03-07,racing-com-rv-authorised,VIC,flemington,3,1000,good,out_4_6m,group,3,8,1.0,-0.02309899861220755,-0.5395926075812709,0.8510486347513608,even,even,14.080000000000002,21.644000000000002,22.534000000000002,0.21645960000000014,0.4003019999999993,0.5040839999999965,track_distance_going_rail,5,"{""source_distance"": 80, ""source_distance_going"": 56, ""source_phase_profile"": 80, ""source_phase_profile_going"": 56, ""track_distance"": 25, ""track_distance_going"": 21, ""track_distance_going_rail"": 5, ""track_phase_profile_going"": 21}",2026-03-07
expected-tempo-targets-v2.0-walk-forward,2026-03-07|flemington|4,2026-03-07,racing-com-rv-authorised,VIC,flemington,4,1400,good,out_4_6m,group,3,9,1.0,0.34222930160635145,1.9271164556474094,3.019879082202018,even,even,37.4675,22.650000000000002,23.455,0.7524195000000004,0.28540050000000117,0.3261720000000009,track_distance_going_rail,10,"{""source_distance"": 193, ""source_distance_going"": 147, ""source_phase_profile"": 729, ""source_phase_profile_going"": 570, ""track_distance"": 62, ""track_distance_going"": 47, ""track_distance_going_rail"": 10, ""track_phase_profile_going"": 184}",2026-03-07
expected-tempo-targets-v2.0-walk-forward,2026-03-07|flemington|5,2026-03-07,racing-com-rv-authorised,VIC,flemington,5,1600,good,out_4_6m,group,2,8,1.0,0.6902991366518285,2.912573734103481,-0.43255385662086165,fast,fast_early,50.14,22.98,23.25,0.9488640000000008,0.16308599999999915,0.6819960000000013,track_distance_going_rail,13,"{""source_distance"": 155, ""source_distance_going"": 124, ""source_phase_profile"": 729, ""source_phase_profile_going"": 570, ""track_distance"": 61, ""track_distance_going"": 47, ""track_distance_going_rail"": 13, ""track_phase_profile_going"": 184}",2026-03-07
expected-tempo-targets-v2.0-walk-forward,2026-03-07|flemington|6,2026-03-07,racing-com-rv-authorised,VIC,flemington,6,1400,good,out_4_6m,group,2,10,1.0,0.9535903840876011,1.1212313923766866,-2.759280379676979,very_fast_or_collapse,pace_collapse,37.4675,22.650000000000002,23.455,0.7524195000000004,0.28540050000000117,0.3261720000000009,track_distance_going_rail,10,"{""source_distance"": 193, ""source_distance_going"": 147, ""source_phase_profile"": 729, ""source_phase_profile_going"": 570, ""track_distance"": 62, ""track_distance_going"": 47, ""track_distance_going_rail"": 10, ""track_phase_profile_going"": 184}",2026-03-07
expected-tempo-targets-v2.0-walk-forward,2026-03-07|flemington|7,2026-03-07,racing-com-rv-authorised,VIC,flemington,7,1600,good,out_4_6m,group,1,9,1.0,2.423951166869009,2.636645696135793,-0.8211191854497646,very_fast_or_collapse,pace_collapse,50.14,22.98,23.25,0.9488640000000008,0.16308599999999915,0.6819960000000013,track_distance_going_rail,13,"{""source_distance"": 155, ""source_distance_going"": 124, ""source_phase_profile"": 729, ""source_phase_profile_going"": 570, ""track_distance"": 61, ""track_distance_going"": 47, ""track_distance_going_rail"": 13, ""track_phase_profile_going"": 184}",2026-03-07
expected-tempo-targets-v2.0-walk-forward,2026-03-07|flemington|8,2026-03-07,racing-com-rv-authorised,VIC,flemington,8,1600,good,out_4_6m,group,3,11,1.0,-0.2213172804532585,1.4102988607237998,0.7478049724631824,even,even,50.14,22.98,23.25,0.9488640000000008,0.16308599999999915,0.6819960000000013,track_distance_going_rail,13,"{""source_distance"": 155, ""source_distance_going"": 124, ""source_phase_profile"": 729, ""source_phase_profile_going"": 570, ""track_distance"": 61, ""track_distance_going"": 47, ""track_distance_going_rail"": 13, ""track_phase_profile_going"": 184}",2026-03-07
expected-tempo-targets-v2.0-walk-forward,2026-03-07|flemington|9,2026-03-07,racing-com-rv-authorised,VIC,flemington,9,1200,good,out_4_6m,group,1,14,1.0,-0.09150773107004993,0.8783088394430498,1.6395821888867936,even,even,25.25107142857143,21.84857142857143,23.159285714285712,0.5893334999999982,0.3399389999999967,0.4326015000000015,track_distance_going_rail,8,"{""source_distance"": 196, ""source_distance_going"": 149, ""source_phase_profile"": 729, ""source_phase_profile_going"": 570, ""track_distance"": 60, ""track_distance_going"": 44, ""track_distance_going_rail"": 8, ""track_phase_profile_going"": 184}",2026-03-07
expected-tempo-targets-v2.0-walk-forward,2026-03-07|flemington|10,2026-03-07,racing-com-rv-authorised,VIC,flemington,10,2000,good,out_4_6m,unclassified,,9,1.0,2.3243989249654975,1.310183377921371,-1.0614936542582458,very_fast_or_collapse,pace_collapse,76.59400000000001,23.369000000000003,23.966,1.541904000000001,0.3350675999999976,0.8139473999999992,track_distance_going_rail,5,"{""source_distance"": 84, ""source_distance_going"": 67, ""source_phase_profile"": 729, ""source_phase_profile_going"": 570, ""track_distance"": 37, ""track_distance_going"": 32, ""track_distance_going_rail"": 5, ""track_phase_profile_going"": 184}",2026-03-07
expected-tempo-targets-v2.0-walk-forward,2026-03-07|randwick|1,2026-03-07,racing-com-nsw-authorised-v2,NSW,randwick,1,1600,good,out_7m_plus,,,13,0.6153846153846154,-0.7441191270542256,1.4095236730907916,-0.07010099024124043,slow,slow_early,24.217586206896552,22.715000000000003,22.981206896551726,1.5822920689655202,0.6065878965517246,0.8386914827586216,track_distance_going,9,"{""source_distance"": 9, ""source_distance_going"": 9, ""source_phase_profile"": 313, ""source_phase_profile_going"": 166, ""track_distance"": 9, ""track_distance_going"": 9, ""track_distance_going_rail"": 1, ""track_phase_profile_going"": 85}",2026-03-07
expected-tempo-targets-v2.0-walk-forward,2026-03-07|randwick|2,2026-03-07,racing-com-nsw-authorised-v2,NSW,randwick,2,2000,good,out_7m_plus,,,9,0.4444444444444444,-1.5253867945086097,2.8467477642615107,0.7574199512155201,slow,sprint_home,24.0,23.12,24.18,0.9636899999999978,0.5040839999999998,0.9043859999999991,track_distance_going,11,"{""source_distance"": 37, ""source_distance_going"": 21, ""source_phase_profile"": 313, ""source_phase_profile_going"": 166, ""track_distance"": 19, ""track_distance_going"": 11, ""track_distance_going_rail"": 3, ""track_phase_profile_going"": 85}",2026-03-07
expected-tempo-targets-v2.0-walk-forward,2026-03-07|randwick|3,2026-03-07,racing-com-nsw-authorised-v2,NSW,randwick,3,1200,good,out_7m_plus,,,9,0.6666666666666666,0.4790910759372342,-1.0149429098621563,-0.9351131549466848,even,even,24.50518518518518,22.433333333333334,23.025555555555556,0.5117715555555533,0.346489111111111,0.7105497777777758,track_distance_going_rail,7,"{""source_distance"": 114, ""source_distance_going"": 62, ""source_phase_profile"": 313, ""source_phase_profile_going"": 166, ""track_distance"": 65, ""track_distance_going"": 38, ""track_distance_going_rail"": 7, ""track_phase_profile_going"": 85}",2026-03-07
expected-tempo-targets-v2.0-walk-forward,2026-03-07|randwick|4,2026-03-07,racing-com-nsw-authorised-v2,NSW,randwick,4,1200,good,out_7m_plus,,,8,0.5,4.0,3.3863498035211594,-0.28069031992129,very_fast_or_collapse,very_fast_early,24.50518518518518,22.433333333333334,23.025555555555556,0.5117715555555533,0.346489111111111,0.7105497777777758,track_distance_going_rail,7,"{""source_distance"": 114, ""source_distance_going"": 62, ""source_phase_profile"": 313, ""source_phase_profile_going"": 166, ""track_distance"": 65, ""track_distance_going"": 38, ""track_distance_going_rail"": 7, ""track_phase_profile_going"": 85}",2026-03-07
expected-tempo-targets-v2.0-walk-forward,2026-03-07|randwick|8,2026-03-07,racing-com-nsw-authorised-v2,NSW,randwick,8,1600,good,out_7m_plus,,,9,0.7777777777777778,-1.1075160063521963,-0.28849899741623786,-0.11779433257545761,slow,slow_early,24.217586206896552,22.715000000000003,22.981206896551726,1.5822920689655202,0.6065878965517246,0.8386914827586216,track_distance_going,9,"{""source_distance"": 9, ""source_distance_going"": 9, ""source_phase_profile"": 313, ""source_phase_profile_going"": 166, ""track_distance"": 9, ""track_distance_going"": 9, ""track_distance_going_rail"": 1, ""track_phase_profile_going"": 85}",2026-03-07
expected-tempo-targets-v2.0-walk-forward,2026-03-14|caulfield|1,2026-03-14,racing-com-rv-authorised,VIC,caulfield,1,2000,good,out_7m_plus,benchmark,,7,1.0,-0.7165490747326395,-0.44228902260760217,0.9085743156019528,slow,slow_early,75.98896551724138,23.29,24.056379310344827,1.4388888620689595,0.4521929999999996,0.6894090000000006,track_distance_going_rail,9,"{""source_distance"": 85, ""source_distance_going"": 68, ""source_phase_profile"": 736, ""source_phase_profile_going"": 577, ""track_distance"": 47, ""track_distance_going"": 35, ""track_distance_going_rail"": 9, ""track_phase_profile_going"": 240}",2026-03-14
expected-tempo-targets-v2.0-walk-forward,2026-03-14|caulfield|2,2026-03-14,racing-com-rv-authorised,VIC,caulfield,2,1100,good,out_7m_plus,unclassified,,5,1.0,-4.0,-2.0585107594415626,4.0,slow,sprint_home,18.73,21.8825,22.9225,0.22609649999999715,0.2854004999999985,0.22609649999999978,track_distance_going_rail,18,"{""source_distance"": 123, ""source_distance_going"": 100, ""source_phase_profile"": 123, ""source_phase_profile_going"": 100, ""track_distance"": 69, ""track_distance_going"": 54, ""track_distance_going_rail"": 18, ""track_phase_profile_going"": 54}",2026-03-14
expected-tempo-targets-v2.0-walk-forward,2026-03-14|caulfield|3,2026-03-14,racing-com-rv-authorised,VIC,caulfield,3,1400,good,out_7m_plus,open_or_quality,,6,1.0,-0.5268410409842026,1.4126127226773935,-0.617418464443957,slow,slow_early,36.9075,23.01,23.1575,0.7450065000000019,0.39288900000000343,0.4818450000000016,track_distance_going_rail,18,"{""source_distance"": 195, ""source_distance_going"": 149, ""source_phase_profile"": 736, ""source_phase_profile_going"": 577, ""track_distance"": 107, ""track_distance_going"": 83, ""track_distance_going_rail"": 18, ""track_phase_profile_going"": 240}",2026-03-14
expected-tempo-targets-v2.0-walk-forward,2026-03-14|caulfield|4,2026-03-14,racing-com-rv-authorised,VIC,caulfield,4,1400,good,out_7m_plus,open_or_quality,,8,1.0,-0.6610680577954764,0.7890269261801578,-0.8042005209144052,slow,slow_early,36.9075,23.01,23.1575,0.7450065000000019,0.39288900000000343,0.4818450000000016,track_distance_going_rail,18,"{""source_distance"": 195, ""source_distance_going"": 149, ""source_phase_profile"": 736, ""source_phase_profile_going"": 577, ""track_distance"": 107, ""track_distance_going"": 83, ""track_distance_going_rail"": 18, ""track_phase_profile_going"": 240}",2026-03-14
expected-tempo-targets-v2.0-walk-forward,2026-03-14|caulfield|5,2026-03-14,racing-com-rv-authorised,VIC,caulfield,5,1200,good,out_7m_plus,open_or_quality,,10,1.0,1.4569000404694536,-0.6414274869532345,0.21899050632356998,very_fast_or_collapse,very_fast_early,24.595,22.2675,23.265,0.37064999999999737,0.3780629999999985,0.5708009999999997,track_distance_going_rail,14,"{""source_distance"": 197, ""source_distance_going"": 150, ""source_phase_profile"": 736, ""source_phase_profile_going"": 577, ""track_distance"": 71, ""track_distance_going"": 55, ""track_distance_going_rail"": 14, ""track_phase_profile_going"": 240}",2026-03-14
expected-tempo-targets-v2.0-walk-forward,2026-03-14|caulfield|6,2026-03-14,racing-com-rv-authorised,VIC,caulfield,6,1600,good,out_7m_plus,benchmark,,13,1.0,0.1826412032786988,-1.6862268986914901,-0.20303548371999317,even,even,50.995000000000005,23.21,23.262500000000003,1.5604365000000133,0.41512799999999905,0.726473999999995,track_distance_going_rail,10,"{""source_distance"": 158, ""source_distance_going"": 127, ""source_phase_profile"": 736, ""source_phase_profile_going"": 577, ""track_distance"": 48, ""track_distance_going"": 44, ""track_distance_going_rail"": 10, ""track_phase_profile_going"": 240}",2026-03-14
expected-tempo-targets-v2.0-walk-forward,2026-03-14|caulfield|7,2026-03-14,racing-com-rv-authorised,VIC,caulfield,7,1200,good,out_7m_plus,unclassified,,12,1.0,0.5261027923917487,-0.2711188346915808,-1.603010506288531,fast,fast_early,24.595,22.2675,23.265,0.37064999999999737,0.3780629999999985,0.5708009999999997,track_distance_going_rail,14,"{""source_distance"": 197, ""source_distance_going"": 150, ""source_phase_profile"": 736, ""source_phase_profile_going"": 577, ""track_distance"": 71, ""track_distance_going"": 55, ""track_distance_going_rail"": 14, ""track_phase_profile_going"": 240}",2026-03-14
expected-tempo-targets-v2.0-walk-forward,2026-03-14|caulfield|8,2026-03-14,racing-com-rv-authorised,VIC,caulfield,8,1800,good,out_7m_plus,group,2,7,1.0,-0.3863916913584534,2.612584460757473,1.209190687973588,even,even,63.05500000000001,23.365000000000002,24.175,0.7375934999999876,0.292813499999997,0.7153544999999999,track_distance_going,10,"{""source_distance"": 35, ""source_distance_going"": 28, ""source_phase_profile"": 736, ""source_phase_profile_going"": 577, ""track_distance"": 15, ""track_distance_going"": 10, ""track_distance_going_rail"": 0, ""track_phase_profile_going"": 240}",2026-03-14
expected-tempo-targets-v2.0-walk-forward,2026-03-14|caulfield|9,2026-03-14,racing-com-rv-authorised,VIC,caulfield,9,1600,good,out_7m_plus,unclassified,,16,1.0,0.0897184858211144,-1.2887591297142118,0.01720639692542738,even,even,50.995000000000005,23.21,23.262500000000003,1.5604365000000133,0.41512799999999905,0.726473999999995,track_distance_going_rail,10,"{""source_distance"": 158, ""source_distance_going"": 127, ""source_phase_profile"": 736, ""source_phase_profile_going"": 577, ""track_distance"": 48, ""track_distance_going"": 44, ""track_distance_going_rail"": 10, ""track_phase_profile_going"": 240}",2026-03-14
expected-tempo-targets-v2.0-walk-forward,2026-03-14|caulfield|10,2026-03-14,racing-com-rv-authorised,VIC,caulfield,10,1200,good,out_7m_plus,open_or_quality,,7,1.0,-1.1196546607311633,0.9456095941681667,1.2000679746531675,slow,sprint_home,24.595,22.2675,23.265,0.37064999999999737,0.3780629999999985,0.5708009999999997,track_distance_going_rail,14,"{""source_distance"": 197, ""source_distance_going"": 150, ""source_phase_profile"": 736, ""source_phase_profile_going"": 577, ""track_distance"": 71, ""track_distance_going"": 55, ""track_distance_going_rail"": 14, ""track_phase_profile_going"": 240}",2026-03-14
expected-tempo-targets-v2.0-walk-forward,2026-03-14|rosehill|1,2026-03-14,racing-com-nsw-authorised-v2,NSW,rosehill,1,1200,good,true,,,14,0.8571428571428571,-1.984371364836947,-3.763824978807653,-2.625560075024724,slow,very_slow_early,24.77,22.655,22.752499999999998,0.5114969999999983,0.30022650000000084,0.6560504999999985,track_distance_going,24,"{""source_distance"": 116, ""source_distance_going"": 64, ""source_phase_profile"": 318, ""source_phase_profile_going"": 171, ""track_distance"": 49, ""track_distance_going"": 24, ""track_distance_going_rail"": 4, ""track_phase_profile_going"": 81}",2026-03-14
expected-tempo-targets-v2.0-walk-forward,2026-03-14|rosehill|3,2026-03-14,racing-com-nsw-authorised-v2,NSW,rosehill,3,1200,good,true,,,8,1.0,-0.39100913592846087,-4.0,-2.663666897594021,even,even,24.77,22.655,22.752499999999998,0.5114969999999983,0.30022650000000084,0.6560504999999985,track_distance_going,24,"{""source_distance"": 116, ""source_distance_going"": 64, ""source_phase_profile"": 318, ""source_phase_profile_going"": 171, ""track_distance"": 49, ""track_distance_going"": 24, ""track_distance_going_rail"": 4, ""track_phase_profile_going"": 81}",2026-03-14
expected-tempo-targets-v2.0-walk-forward,2026-03-14|rosehill|4,2026-03-14,racing-com-nsw-authorised-v2,NSW,rosehill,4,1200,good,true,,,9,0.7777777777777778,4.0,-1.1158242193810337,-2.8770651039820976,very_fast_or_collapse,pace_collapse,24.77,22.655,22.752499999999998,0.5114969999999983,0.30022650000000084,0.6560504999999985,track_distance_going,24,"{""source_distance"": 116, ""source_distance_going"": 64, ""source_phase_profile"": 318, ""source_phase_profile_going"": 171, ""track_distance"": 49, ""track_distance_going"": 24, ""track_distance_going_rail"": 4, ""track_phase_profile_going"": 81}",2026-03-14
expected-tempo-targets-v2.0-walk-forward,2026-03-14|rosehill|8,2026-03-14,racing-com-nsw-authorised-v2,NSW,rosehill,8,1500,good,true,,,14,0.6428571428571429,-2.8044615788763694,-2.732552307623129,-2.1239283489901335,slow,very_slow_early,24.77,23.61,23.53,0.8450820000000003,0.5782140000000008,1.0452329999999974,track_distance_going,15,"{""source_distance"": 15, ""source_distance_going"": 15, ""source_phase_profile"": 318, ""source_phase_profile_going"": 171, ""track_distance"": 15, ""track_distance_going"": 15, ""track_distance_going_rail"": 4, ""track_phase_profile_going"": 81}",2026-03-14
expected-tempo-targets-v2.0-walk-forward,2026-03-21|caulfield|1,2026-03-21,racing-com-rv-authorised,VIC,caulfield,1,1200,good,true,benchmark,,7,1.0,-2.187537598302449,0.843113449345747,0.5814575512729286,slow,very_slow_early,24.72,22.45,23.22,0.2742810000000034,0.29651999999999895,0.4299539999999987,track_distance_going_rail,15,"{""source_distance"": 200, ""source_distance_going"": 153, ""source_phase_profile"": 745, ""source_phase_profile_going"": 586, ""track_distance"": 74, ""track_distance_going"": 58, ""track_distance_going_rail"": 15, ""track_phase_profile_going"": 249}",2026-03-21
expected-tempo-targets-v2.0-walk-forward,2026-03-21|caulfield|2,2026-03-21,racing-com-rv-authorised,VIC,caulfield,2,2400,good,true,benchmark,,8,1.0,-3.241483295017744,0.41109473296566246,-1.0256911204454322,slow,very_slow_early,56.80928571428571,23.19857142857143,23.675000000000004,14.621613000000004,0.5803320000000012,0.614220000000002,track_distance_going,8,"{""source_distance"": 18, ""source_distance_going"": 10, ""source_phase_profile"": 745, ""source_phase_profile_going"": 586, ""track_distance"": 16, ""track_distance_going"": 8, ""track_distance_going_rail"": 2, ""track_phase_profile_going"": 249}",2026-03-21
expected-tempo-targets-v2.0-walk-forward,2026-03-21|caulfield|3,2026-03-21,racing-com-rv-authorised,VIC,caulfield,3,1200,good,true,listed,,6,1.0,-0.27344219978781586,-0.7250775664373419,-1.883922466124294,even,even,24.72,22.45,23.22,0.2742810000000034,0.29651999999999895,0.4299539999999987,track_distance_going_rail,15,"{""source_distance"": 200, ""source_distance_going"": 153, ""source_phase_profile"": 745, ""source_phase_profile_going"": 586, ""track_distance"": 74, ""track_distance_going"": 58, ""track_distance_going_rail"": 15, ""track_phase_profile_going"": 249}",2026-03-21
expected-tempo-targets-v2.0-walk-forward,2026-03-21|caulfield|4,2026-03-21,racing-com-rv-authorised,VIC,caulfield,4,1600,good,true,group,3,7,1.0,-1.2196750002970496,0.5460163291000628,1.7099765733209475,slow,sprint_home,49.935,23.424999999999997,24.23,1.430709000000005,0.1556730000000059,0.5263230000000007,track_distance_going_rail,17,"{""source_distance"": 160, ""source_distance_going"": 129, ""source_phase_profile"": 745, ""source_phase_profile_going"": 586, ""track_distance"": 50, ""track_distance_going"": 46, ""track_distance_going_rail"": 17, ""track_phase_profile_going"": 249}",2026-03-21
expected-tempo-targets-v2.0-walk-forward,2026-03-21|caulfield|5,2026-03-21,racing-com-rv-authorised,VIC,caulfield,5,1200,good,true,benchmark,,8,1.0,-0.5651138795614689,2.360717658168089,0.7558948166547973,slow,slow_early,24.72,22.45,23.22,0.2742810000000034,0.29651999999999895,0.4299539999999987,track_distance_going_rail,15,"{""source_distance"": 200, ""source_distance_going"": 153, ""source_phase_profile"": 745, ""source_phase_profile_going"": 586, ""track_distance"": 74, ""track_distance_going"": 58, ""track_distance_going_rail"": 15, ""track_phase_profile_going"": 249}",2026-03-21
expected-tempo-targets-v2.0-walk-forward,2026-03-21|caulfield|6,2026-03-21,racing-com-rv-authorised,VIC,caulfield,6,1200,good,true,group,3,9,1.0,0.2552127198019528,0.843113449345747,0.8838154779348492,even,even,24.72,22.45,23.22,0.2742810000000034,0.29651999999999895,0.4299539999999987,track_distance_going_rail,15,"{""source_distance"": 200, ""source_distance_going"": 153, ""source_phase_profile"": 745, ""source_phase_profile_going"": 586, ""track_distance"": 74, ""track_distance_going"": 58, ""track_distance_going_rail"": 15, ""track_phase_profile_going"": 249}",2026-03-21
expected-tempo-targets-v2.0-walk-forward,2026-03-21|caulfield|7,2026-03-21,racing-com-rv-authorised,VIC,caulfield,7,1600,good,true,group,2,10,1.0,-1.9011553013226237,0.5460163291000628,3.4674524959008006,slow,sprint_home,49.935,23.424999999999997,24.23,1.430709000000005,0.1556730000000059,0.5263230000000007,track_distance_going_rail,17,"{""source_distance"": 160, ""source_distance_going"": 129, ""source_phase_profile"": 745, ""source_phase_profile_going"": 586, ""track_distance"": 50, ""track_distance_going"": 46, ""track_distance_going_rail"": 17, ""track_phase_profile_going"": 249}",2026-03-21
expected-tempo-targets-v2.0-walk-forward,2026-03-21|caulfield|8,2026-03-21,racing-com-rv-authorised,VIC,caulfield,8,1200,good,true,group,1,11,1.0,0.619802319519019,2.326993120194254,1.0931401963931031,fast,sustained_high_pressure,24.72,22.45,23.22,0.2742810000000034,0.29651999999999895,0.4299539999999987,track_distance_going_rail,15,"{""source_distance"": 200, ""source_distance_going"": 153, ""source_phase_profile"": 745, ""source_phase_profile_going"": 586, ""track_distance"": 74, ""track_distance_going"": 58, ""track_distance_going_rail"": 15, ""track_phase_profile_going"": 249}",2026-03-21
expected-tempo-targets-v2.0-walk-forward,2026-03-21|caulfield|9,2026-03-21,racing-com-rv-authorised,VIC,caulfield,9,2000,good,true,group,2,12,1.0,-0.01686226898690913,3.516987531556537,0.39243098733183956,even,even,76.2,23.235,24.125,1.4826,0.10378200000000042,0.4077149999999979,track_distance_going_rail,11,"{""source_distance"": 86, ""source_distance_going"": 69, ""source_phase_profile"": 745, ""source_phase_profile_going"": 586, ""track_distance"": 48, ""track_distance_going"": 36, ""track_distance_going_rail"": 11, ""track_phase_profile_going"": 249}",2026-03-21
expected-tempo-targets-v2.0-walk-forward,2026-03-21|caulfield|10,2026-03-21,racing-com-rv-authorised,VIC,caulfield,10,1400,good,true,benchmark,,11,1.0,0.25492564137698376,2.0952266145443077,-0.962431259136197,even,even,37.06,23.14,23.37,0.941450999999997,0.34841100000000175,0.6338114999999976,track_distance_going_rail,26,"{""source_distance"": 197, ""source_distance_going"": 151, ""source_phase_profile"": 745, ""source_phase_profile_going"": 586, ""track_distance"": 109, ""track_distance_going"": 85, ""track_distance_going_rail"": 26, ""track_phase_profile_going"": 249}",2026-03-21
expected-tempo-targets-v2.0-walk-forward,2026-03-21|rosehill|2,2026-03-21,racing-com-nsw-authorised-v2,NSW,rosehill,2,2400,soft,out_1_3m,,,14,0.6428571428571429,-1.6823505150163387,0.7708465822589635,0.18656127389778576,slow,very_slow_early,24.560000000000002,23.47,23.36,1.289861999999996,0.41512800000000166,0.6968219999999983,track_phase_profile_going,53,"{""source_distance"": 9, ""source_distance_going"": 3, ""source_phase_profile"": 322, ""source_phase_profile_going"": 109, ""track_distance"": 7, ""track_distance_going"": 3, ""track_distance_going_rail"": 1, ""track_phase_profile_going"": 53}",2026-03-21
expected-tempo-targets-v2.0-walk-forward,2026-03-21|rosehill|4,2026-03-21,racing-com-nsw-authorised-v2,NSW,rosehill,4,1200,soft,out_1_3m,,,14,0.42857142857142855,-3.253651447702456,1.0722673612192128,0.4730674915781066,slow,very_slow_early,25.226000000000003,23.435000000000002,23.046,0.2609375999999976,0.28910699999999934,0.5411489999999988,track_distance_going_rail,5,"{""source_distance"": 119, ""source_distance_going"": 40, ""source_phase_profile"": 322, ""source_phase_profile_going"": 109, ""track_distance"": 52, ""track_distance_going"": 19, ""track_distance_going_rail"": 5, ""track_phase_profile_going"": 53}",2026-03-21
expected-tempo-targets-v2.0-walk-forward,2026-03-21|rosehill|6,2026-03-21,racing-com-nsw-authorised-v2,NSW,rosehill,6,2000,soft,out_1_3m,,,8,1.0,-1.050499975966422,-1.8548495885606369,0.15068410584051184,slow,slow_early,24.560000000000002,23.47,23.36,1.289861999999996,0.41512800000000166,0.6968219999999983,track_phase_profile_going,53,"{""source_distance"": 38, ""source_distance_going"": 9, ""source_phase_profile"": 322, ""source_phase_profile_going"": 109, ""track_distance"": 18, ""track_distance_going"": 4, ""track_distance_going_rail"": 2, ""track_phase_profile_going"": 53}",2026-03-21
expected-tempo-targets-v2.0-walk-forward,2026-03-21|rosehill|8,2026-03-21,racing-com-nsw-authorised-v2,NSW,rosehill,8,1200,soft,out_1_3m,,,16,0.8125,4.0,4.0,1.175277049389356,very_fast_or_collapse,sustained_high_pressure,25.226000000000003,23.435000000000002,23.046,0.2609375999999976,0.28910699999999934,0.5411489999999988,track_distance_going_rail,5,"{""source_distance"": 119, ""source_distance_going"": 40, ""source_phase_profile"": 322, ""source_phase_profile_going"": 109, ""track_distance"": 52, ""track_distance_going"": 19, ""track_distance_going_rail"": 5, ""track_phase_profile_going"": 53}",2026-03-21
expected-tempo-targets-v2.0-walk-forward,2026-03-28|flemington|2,2026-03-28,racing-com-rv-authorised,VIC,flemington,2,1400,heavy,true,handicap_unspecified,,10,1.0,-0.2768962065219723,-1.0346557281291437,-0.38542329112948176,even,even,37.43,22.82,23.365000000000002,0.7042349999999968,0.38176950000000043,0.8302560000000033,track_distance,64,"{""source_distance"": 198, ""source_distance_going"": 0, ""source_phase_profile"": 755, ""source_phase_profile_going"": 2, ""track_distance"": 64, ""track_distance_going"": 0, ""track_distance_going_rail"": 0, ""track_phase_profile_going"": 2}",2026-03-28
expected-tempo-targets-v2.0-walk-forward,2026-03-28|flemington|3,2026-03-28,racing-com-rv-authorised,VIC,flemington,3,1200,heavy,true,group,3,6,1.0,-0.9111541838543428,-3.548407908550779,-2.8847450943767985,slow,slow_early,25.425,21.95,23.225,0.42254100000000017,0.34099800000000063,0.4818450000000042,track_distance,61,"{""source_distance"": 205, ""source_distance_going"": 1, ""source_phase_profile"": 755, ""source_phase_profile_going"": 2, ""track_distance"": 61, ""track_distance_going"": 1, ""track_distance_going_rail"": 0, ""track_phase_profile_going"": 2}",2026-03-28
expected-tempo-targets-v2.0-walk-forward,2026-03-28|flemington|8,2026-03-28,racing-com-rv-authorised,VIC,flemington,8,2000,soft,true,group,1,12,1.0,-1.8975619385755105,-0.953084768825625,-3.4315160355157786,slow,very_slow_early,45.663000000000004,23.04,24.07,14.820069600000002,0.6137964,0.8465646000000001,track_distance_going,5,"{""source_distance"": 87, ""source_distance_going"": 17, ""source_phase_profile"": 755, ""source_phase_profile_going"": 157, ""track_distance"": 38, ""track_distance_going"": 5, ""track_distance_going_rail"": 0, ""track_phase_profile_going"": 50}",2026-03-28
expected-tempo-targets-v2.0-walk-forward,2026-03-28|flemington|9,2026-03-28,racing-com-rv-authorised,VIC,flemington,9,1000,soft,true,listed,,10,1.0,-0.9918981757008792,1.0414930844859167,0.24455220519034154,slow,slow_early,13.5825,22.18,23.685,0.18903149999999924,0.5040839999999998,0.6338114999999976,source_distance_going,24,"{""source_distance"": 81, ""source_distance_going"": 24, ""source_phase_profile"": 81, ""source_phase_profile_going"": 24, ""track_distance"": 26, ""track_distance_going"": 4, ""track_distance_going_rail"": 1, ""track_phase_profile_going"": 4}",2026-03-28
expected-tempo-targets-v2.0-walk-forward,2026-03-28|flemington|10,2026-03-28,racing-com-rv-authorised,VIC,flemington,10,1600,soft,true,handicap_unspecified,,13,1.0,0.5592176212044686,0.259959980214937,-0.021394531602761616,fast,fast_early,50.867000000000004,23.318,24.271,1.0496807999999995,0.5693184000000004,0.8880773999999991,track_distance_going_rail,5,"{""source_distance"": 162, ""source_distance_going"": 30, ""source_phase_profile"": 755, ""source_phase_profile_going"": 157, ""track_distance"": 64, ""track_distance_going"": 13, ""track_distance_going_rail"": 5, ""track_phase_profile_going"": 50}",2026-03-28
expected-tempo-targets-v2.0-walk-forward,2026-03-28|rosehill|1,2026-03-28,racing-com-nsw-authorised-v2,NSW,rosehill,1,1300,soft,out_4_6m,,,12,0.5833333333333334,-1.2225145015513317,-1.6771121586985627,-0.571602338539491,slow,slow_early,23.259999999999998,23.62,23.08,0.4744320000000004,0.2742809999999981,0.8747339999999945,track_distance_going,11,"{""source_distance"": 35, ""source_distance_going"": 15, ""source_phase_profile"": 326, ""source_phase_profile_going"": 113, ""track_distance"": 27, ""track_distance_going"": 11, ""track_distance_going_rail"": 1, ""track_phase_profile_going"": 57}",2026-03-28
expected-tempo-targets-v2.0-walk-forward,2026-03-28|rosehill|2,2026-03-28,racing-com-nsw-authorised-v2,NSW,rosehill,2,2000,soft,out_4_6m,,,7,0.8571428571428571,0.8740276091550883,-2.332062821981132,-3.1790212853136413,very_fast_or_collapse,pace_collapse,24.874,23.542,23.425,1.4232959999999992,0.45367560000000556,0.5945225999999966,track_distance_going,5,"{""source_distance"": 39, ""source_distance_going"": 10, ""source_phase_profile"": 326, ""source_phase_profile_going"": 113, ""track_distance"": 19, ""track_distance_going"": 5, ""track_distance_going_rail"": 0, ""track_phase_profile_going"": 57}",2026-03-28
expected-tempo-targets-v2.0-walk-forward,2026-03-28|rosehill|3,2026-03-28,racing-com-nsw-authorised-v2,NSW,rosehill,3,1400,soft,out_4_6m,,,13,0.5384615384615384,-4.0,-3.401278188813598,-2.817872506257781,slow,very_slow_early,23.622500000000002,23.424999999999997,23.35,0.33729150000000396,0.4336605000000006,0.5003774999999978,track_distance_going,16,"{""source_distance"": 94, ""source_distance_going"": 42, ""source_phase_profile"": 326, ""source_phase_profile_going"": 113, ""track_distance"": 41, ""track_distance_going"": 16, ""track_distance_going_rail"": 2, ""track_phase_profile_going"": 57}",2026-03-28
expected-tempo-targets-v2.0-walk-forward,2026-03-28|rosehill|4,2026-03-28,racing-com-nsw-authorised-v2,NSW,rosehill,4,1400,soft,out_4_6m,,,13,0.6153846153846154,-4.0,-1.279802979519699,-1.868589215142573,slow,very_slow_early,23.622500000000002,23.424999999999997,23.35,0.33729150000000396,0.4336605000000006,0.5003774999999978,track_distance_going,16,"{""source_distance"": 94, ""source_distance_going"": 42, ""source_phase_profile"": 326, ""source_phase_profile_going"": 113, ""track_distance"": 41, ""track_distance_going"": 16, ""track_distance_going_rail"": 2, ""track_phase_profile_going"": 57}",2026-03-28
expected-tempo-targets-v2.0-walk-forward,2026-03-28|rosehill|5,2026-03-28,racing-com-nsw-authorised-v2,NSW,rosehill,5,2000,soft,out_4_6m,,,11,0.9090909090909091,-0.2044550114663433,1.0514120662429156,-0.6812188468529202,even,even,24.874,23.542,23.425,1.4232959999999992,0.45367560000000556,0.5945225999999966,track_distance_going,5,"{""source_distance"": 39, ""source_distance_going"": 10, ""source_phase_profile"": 326, ""source_phase_profile_going"": 113, ""track_distance"": 19, ""track_distance_going"": 5, ""track_distance_going_rail"": 0, ""track_phase_profile_going"": 57}",2026-03-28
expected-tempo-targets-v2.0-walk-forward,2026-03-28|rosehill|6,2026-03-28,racing-com-nsw-authorised-v2,NSW,rosehill,6,2000,soft,out_4_6m,,,9,1.0,0.05199199604298622,-0.2600977438504454,-2.514622656901537,even,even,24.874,23.542,23.425,1.4232959999999992,0.45367560000000556,0.5945225999999966,track_distance_going,5,"{""source_distance"": 39, ""source_distance_going"": 10, ""source_phase_profile"": 326, ""source_phase_profile_going"": 113, ""track_distance"": 19, ""track_distance_going"": 5, ""track_distance_going_rail"": 0, ""track_phase_profile_going"": 57}",2026-03-28
expected-tempo-targets-v2.0-walk-forward,2026-04-04|caulfield|1,2026-04-04,racing-com-rv-authorised,VIC,caulfield,1,1800,good,out_4_6m,benchmark,,10,1.0,1.174919387475376,-0.4185205820575,0.9687988411765213,fast,fast_early,63.18571428571429,23.28,24.05,0.5580929999999951,0.3822989999999999,0.8567309999999996,track_distance_going_rail,8,"{""source_distance"": 36, ""source_distance_going"": 29, ""source_phase_profile"": 759, ""source_phase_profile_going"": 596, ""track_distance"": 16, ""track_distance_going"": 11, ""track_distance_going_rail"": 8, ""track_phase_profile_going"": 259}",2026-04-04
expected-tempo-targets-v2.0-walk-forward,2026-04-04|caulfield|2,2026-04-04,racing-com-rv-authorised,VIC,caulfield,2,1600,good,out_4_6m,benchmark,,7,1.0,-2.155383755375408,1.0257880300373416,2.8566667460185147,slow,sprint_home,50.565,23.825000000000003,23.8,1.0044614999999923,0.35582399999999503,0.6931155000000017,track_distance_going_rail,16,"{""source_distance"": 163, ""source_distance_going"": 131, ""source_phase_profile"": 759, ""source_phase_profile_going"": 596, ""track_distance"": 52, ""track_distance_going"": 48, ""track_distance_going_rail"": 16, ""track_phase_profile_going"": 259}",2026-04-04
expected-tempo-targets-v2.0-walk-forward,2026-04-04|caulfield|3,2026-04-04,racing-com-rv-authorised,VIC,caulfield,3,1400,good,out_4_6m,benchmark,,6,1.0,-0.6471465394978199,-0.28846145688307573,3.139664951191926,slow,slow_early,37.425,23.265,23.439999999999998,0.5485620000000014,0.5893334999999986,0.41883450000000094,track_distance_going_rail,32,"{""source_distance"": 199, ""source_distance_going"": 152, ""source_phase_profile"": 759, ""source_phase_profile_going"": 596, ""track_distance"": 110, ""track_distance_going"": 86, ""track_distance_going_rail"": 32, ""track_phase_profile_going"": 259}",2026-04-04
expected-tempo-targets-v2.0-walk-forward,2026-04-04|caulfield|4,2026-04-04,racing-com-rv-authorised,VIC,caulfield,4,2400,good,out_4_6m,benchmark,,8,1.0,-3.1263523635879893,1.0223433019448604,0.7843765457079925,slow,sprint_home,58.44293103448276,23.15,23.736206896551728,14.165731758620687,0.5526519310344841,0.6134896551724139,track_distance_going,9,"{""source_distance"": 19, ""source_distance_going"": 11, ""source_phase_profile"": 759, ""source_phase_profile_going"": 596, ""track_distance"": 17, ""track_distance_going"": 9, ""track_distance_going_rail"": 4, ""track_phase_profile_going"": 259}",2026-04-04
expected-tempo-targets-v2.0-walk-forward,2026-04-04|caulfield|5,2026-04-04,racing-com-rv-authorised,VIC,caulfield,5,1700,good,out_4_6m,handicap_unspecified,,7,0.8571428571428571,-0.8411549976631757,-1.192337490113,-0.4530818362571056,slow,slow_early,41.7,23.317999999999998,23.586,15.318223199999993,0.5426316000000005,0.6819960000000002,track_distance_going,5,"{""source_distance"": 6, ""source_distance_going"": 6, ""source_phase_profile"": 759, ""source_phase_profile_going"": 596, ""track_distance"": 5, ""track_distance_going"": 5, ""track_distance_going_rail"": 2, ""track_phase_profile_going"": 259}",2026-04-04
expected-tempo-targets-v2.0-walk-forward,2026-04-04|caulfield|6,2026-04-04,racing-com-rv-authorised,VIC,caulfield,6,1200,good,out_4_6m,handicap_unspecified,,12,1.0,-1.1834246961725579,0.48067157571895786,3.440521672192554,slow,sprint_home,24.7325,22.435000000000002,23.225,0.40771500000000316,0.322465499999999,0.4040084999999986,track_distance_going_rail,24,"{""source_distance"": 206, ""source_distance_going"": 158, ""source_phase_profile"": 759, ""source_phase_profile_going"": 596, ""track_distance"": 79, ""track_distance_going"": 63, ""track_distance_going_rail"": 24, ""track_phase_profile_going"": 259}",2026-04-04
expected-tempo-targets-v2.0-walk-forward,2026-04-04|caulfield|7,2026-04-04,racing-com-rv-authorised,VIC,caulfield,7,1200,good,out_4_6m,benchmark,,14,1.0,1.1711612278184405,2.031225045780101,1.5098692230485289,very_fast_or_collapse,sustained_high_pressure,24.7325,22.435000000000002,23.225,0.40771500000000316,0.322465499999999,0.4040084999999986,track_distance_going_rail,24,"{""source_distance"": 206, ""source_distance_going"": 158, ""source_phase_profile"": 759, ""source_phase_profile_going"": 596, ""track_distance"": 79, ""track_distance_going"": 63, ""track_distance_going_rail"": 24, ""track_phase_profile_going"": 259}",2026-04-04
expected-tempo-targets-v2.0-walk-forward,2026-04-04|caulfield|8,2026-04-04,racing-com-rv-authorised,VIC,caulfield,8,2000,good,out_4_6m,group,3,14,1.0,0.2523274783653524,0.463083207998861,2.724942668285472,even,even,76.80000000000001,23.435,24.05,2.0608139999999797,0.496670999999996,0.5559749999999947,track_distance_going_rail,11,"{""source_distance"": 88, ""source_distance_going"": 70, ""source_phase_profile"": 759, ""source_phase_profile_going"": 596, ""track_distance"": 49, ""track_distance_going"": 37, ""track_distance_going_rail"": 11, ""track_phase_profile_going"": 259}",2026-04-04
expected-tempo-targets-v2.0-walk-forward,2026-04-04|caulfield|9,2026-04-04,racing-com-rv-authorised,VIC,caulfield,9,1400,good,out_4_6m,group,3,15,1.0,2.123734418351975,1.2302032720013425,0.6685218147024587,very_fast_or_collapse,sustained_high_pressure,37.425,23.265,23.439999999999998,0.5485620000000014,0.5893334999999986,0.41883450000000094,track_distance_going_rail,32,"{""source_distance"": 199, ""source_distance_going"": 152, ""source_phase_profile"": 759, ""source_phase_profile_going"": 596, ""track_distance"": 110, ""track_distance_going"": 86, ""track_distance_going_rail"": 32, ""track_phase_profile_going"": 259}",2026-04-04
expected-tempo-targets-v2.0-walk-forward,2026-04-04|caulfield|10,2026-04-04,racing-com-rv-authorised,VIC,caulfield,10,1400,good,out_4_6m,benchmark,,11,1.0,1.4127846989036728,0.7550902841939264,1.2654162921153735,very_fast_or_collapse,sustained_high_pressure,37.425,23.265,23.439999999999998,0.5485620000000014,0.5893334999999986,0.41883450000000094,track_distance_going_rail,32,"{""source_distance"": 199, ""source_distance_going"": 152, ""source_phase_profile"": 759, ""source_phase_profile_going"": 596, ""track_distance"": 110, ""track_distance_going"": 86, ""track_distance_going_rail"": 32, ""track_phase_profile_going"": 259}",2026-04-04
expected-tempo-targets-v2.0-walk-forward,2026-04-04|randwick|4,2026-04-04,racing-com-nsw-authorised-v2,NSW,randwick,4,1600,soft,true,,,12,0.75,-1.1066393616538075,-1.9892815026037833,-2.8133364572905397,slow,slow_early,23.887500000000003,23.14,23.822499999999998,1.4751870000000014,0.8043105000000006,0.8450820000000003,track_phase_profile_going,56,"{""source_distance"": 11, ""source_distance_going"": 0, ""source_phase_profile"": 332, ""source_phase_profile_going"": 119, ""track_distance"": 11, ""track_distance_going"": 0, ""track_distance_going_rail"": 0, ""track_phase_profile_going"": 56}",2026-04-04
expected-tempo-targets-v2.0-walk-forward,2026-04-04|randwick|5,2026-04-04,racing-com-nsw-authorised-v2,NSW,randwick,5,1400,soft,true,,,16,0.75,-2.6347295292054502,-3.1627675509135957,-3.273812856273744,slow,very_slow_early,23.175,23.299999999999997,23.684,0.7590911999999985,0.5722835999999957,0.7501956000000014,track_distance_going_rail,5,"{""source_distance"": 96, ""source_distance_going"": 44, ""source_phase_profile"": 332, ""source_phase_profile_going"": 119, ""track_distance"": 53, ""track_distance_going"": 26, ""track_distance_going_rail"": 5, ""track_phase_profile_going"": 56}",2026-04-04
expected-tempo-targets-v2.0-walk-forward,2026-04-04|randwick|6,2026-04-04,racing-com-nsw-authorised-v2,NSW,randwick,6,1400,soft,true,,,13,0.7692307692307693,-0.13173647646026995,-2.1318101724389997,-2.8405925068075484,even,even,23.175,23.299999999999997,23.684,0.7590911999999985,0.5722835999999957,0.7501956000000014,track_distance_going_rail,5,"{""source_distance"": 96, ""source_distance_going"": 44, ""source_phase_profile"": 332, ""source_phase_profile_going"": 119, ""track_distance"": 53, ""track_distance_going"": 26, ""track_distance_going_rail"": 5, ""track_phase_profile_going"": 56}",2026-04-04
expected-tempo-targets-v2.0-walk-forward,2026-04-04|randwick|7,2026-04-04,racing-com-nsw-authorised-v2,NSW,randwick,7,1200,soft,true,,,9,1.0,-2.2537115208838756,-4.0,-4.0,slow,very_slow_early,24.80086206896552,22.49586206896552,23.324137931034482,0.5631323793103474,0.3343518620689671,0.6426304137931033,track_distance_going_rail,9,"{""source_distance"": 121, ""source_distance_going"": 42, ""source_phase_profile"": 332, ""source_phase_profile_going"": 119, ""track_distance"": 67, ""track_distance_going"": 21, ""track_distance_going_rail"": 9, ""track_phase_profile_going"": 56}",2026-04-04
expected-tempo-targets-v2.0-walk-forward,2026-04-04|randwick|8,2026-04-04,racing-com-nsw-authorised-v2,NSW,randwick,8,1600,soft,true,,,16,0.75,-0.5406094278216899,0.5035368803465836,-0.7188651515474256,slow,slow_early,23.887500000000003,23.14,23.822499999999998,1.4751870000000014,0.8043105000000006,0.8450820000000003,track_phase_profile_going,56,"{""source_distance"": 11, ""source_distance_going"": 0, ""source_phase_profile"": 332, ""source_phase_profile_going"": 119, ""track_distance"": 11, ""track_distance_going"": 0, ""track_distance_going_rail"": 0, ""track_phase_profile_going"": 56}",2026-04-04
expected-tempo-targets-v2.0-walk-forward,2026-04-04|randwick|10,2026-04-04,racing-com-nsw-authorised-v2,NSW,randwick,10,1200,soft,true,,,17,0.5294117647058824,-1.2770317556862734,-3.8406782695578414,-2.14098498831473,slow,very_slow_early,24.80086206896552,22.49586206896552,23.324137931034482,0.5631323793103474,0.3343518620689671,0.6426304137931033,track_distance_going_rail,9,"{""source_distance"": 121, ""source_distance_going"": 42, ""source_phase_profile"": 332, ""source_phase_profile_going"": 119, ""track_distance"": 67, ""track_distance_going"": 21, ""track_distance_going_rail"": 9, ""track_phase_profile_going"": 56}",2026-04-04
expected-tempo-targets-v2.0-walk-forward,2026-04-11|caulfield|1,2026-04-11,racing-com-rv-authorised,VIC,caulfield,1,2000,good,out_7m_plus,benchmark,,10,1.0,0.2701541238221903,-0.6686256224376694,-0.47425131525698355,even,even,75.6775,23.34,23.8325,1.3973504999999933,0.42624749999999945,0.7116480000000006,track_distance_going_rail,10,"{""source_distance"": 89, ""source_distance_going"": 71, ""source_phase_profile"": 769, ""source_phase_profile_going"": 606, ""track_distance"": 50, ""track_distance_going"": 38, ""track_distance_going_rail"": 10, ""track_phase_profile_going"": 269}",2026-04-11
expected-tempo-targets-v2.0-walk-forward,2026-04-11|caulfield|2,2026-04-11,racing-com-rv-authorised,VIC,caulfield,2,1200,good,out_7m_plus,benchmark,,12,1.0,-2.269920825161636,-1.5501454296742823,-0.12463416207719795,slow,very_slow_early,24.57,22.31,23.22,0.38547599999999704,0.42254100000000017,0.6819960000000013,track_distance_going_rail,17,"{""source_distance"": 208, ""source_distance_going"": 160, ""source_phase_profile"": 769, ""source_phase_profile_going"": 606, ""track_distance"": 81, ""track_distance_going"": 65, ""track_distance_going_rail"": 17, ""track_phase_profile_going"": 269}",2026-04-11
expected-tempo-targets-v2.0-walk-forward,2026-04-11|caulfield|3,2026-04-11,racing-com-rv-authorised,VIC,caulfield,3,1200,good,out_7m_plus,listed,,5,1.0,-2.3607176581681015,-0.6863239306954889,-0.13196558337585512,slow,very_slow_early,24.57,22.31,23.22,0.38547599999999704,0.42254100000000017,0.6819960000000013,track_distance_going_rail,17,"{""source_distance"": 208, ""source_distance_going"": 160, ""source_phase_profile"": 769, ""source_phase_profile_going"": 606, ""track_distance"": 81, ""track_distance_going"": 65, ""track_distance_going_rail"": 17, ""track_phase_profile_going"": 269}",2026-04-11
expected-tempo-targets-v2.0-walk-forward,2026-04-11|caulfield|4,2026-04-11,racing-com-rv-authorised,VIC,caulfield,4,1400,good,out_7m_plus,class,,12,1.0,-1.4059385164201021,-2.8044615788763654,0.016585838347785868,slow,very_slow_early,37.1175,22.995,23.177500000000002,0.8339624999999999,0.42254100000000017,0.4521929999999969,track_distance_going_rail,20,"{""source_distance"": 202, ""source_distance_going"": 155, ""source_phase_profile"": 769, ""source_phase_profile_going"": 606, ""track_distance"": 113, ""track_distance_going"": 89, ""track_distance_going_rail"": 20, ""track_phase_profile_going"": 269}",2026-04-11
expected-tempo-targets-v2.0-walk-forward,2026-04-11|caulfield|5,2026-04-11,racing-com-rv-authorised,VIC,caulfield,5,1400,soft,out_7m_plus,benchmark,,9,1.0,-0.5677581557791954,-0.26821854762811864,1.0738058410072135,slow,slow_early,37.88700000000001,23.724,24.177999999999997,0.6745829999999975,0.5070491999999992,0.9666552000000005,track_distance_going_rail,5,"{""source_distance"": 202, ""source_distance_going"": 46, ""source_phase_profile"": 769, ""source_phase_profile_going"": 159, ""track_distance"": 113, ""track_distance_going"": 24, ""track_distance_going_rail"": 5, ""track_phase_profile_going"": 69}",2026-04-11
expected-tempo-targets-v2.0-walk-forward,2026-04-11|caulfield|6,2026-04-11,racing-com-rv-authorised,VIC,caulfield,6,1200,soft,out_7m_plus,benchmark,,8,1.0,-1.2539132093200696,0.3071282751689232,2.030072799623437,slow,sprint_home,24.91557692307692,22.934230769230766,24.176346153846154,0.6614676923076916,0.2905325769230758,0.4661636538461546,track_distance_going_rail,6,"{""source_distance"": 208, ""source_distance_going"": 46, ""source_phase_profile"": 769, ""source_phase_profile_going"": 159, ""track_distance"": 81, ""track_distance_going"": 16, ""track_distance_going_rail"": 6, ""track_phase_profile_going"": 69}",2026-04-11
expected-tempo-targets-v2.0-walk-forward,2026-04-11|caulfield|7,2026-04-11,racing-com-rv-authorised,VIC,caulfield,7,2400,soft,out_7m_plus,listed,,14,1.0,-3.517053296361219,1.137199450129443,-0.03522817979432171,slow,very_slow_early,57.20285714285714,23.919285714285714,24.575714285714284,14.740220999999995,0.7116479999999968,0.8313150000000008,track_distance_going,8,"{""source_distance"": 20, ""source_distance_going"": 8, ""source_phase_profile"": 769, ""source_phase_profile_going"": 159, ""track_distance"": 18, ""track_distance_going"": 8, ""track_distance_going_rail"": 2, ""track_phase_profile_going"": 69}",2026-04-11
expected-tempo-targets-v2.0-walk-forward,2026-04-11|caulfield|8,2026-04-11,racing-com-rv-authorised,VIC,caulfield,8,1600,soft,out_7m_plus,listed,,13,1.0,-0.5467130450999735,0.3636959977569872,-0.7419398354242531,slow,slow_early,38.75,23.805,24.4,20.504357999999996,0.756125999999997,0.889560000000002,track_phase_profile_going,69,"{""source_distance"": 164, ""source_distance_going"": 31, ""source_phase_profile"": 769, ""source_phase_profile_going"": 159, ""track_distance"": 53, ""track_distance_going"": 4, ""track_distance_going_rail"": 1, ""track_phase_profile_going"": 69}",2026-04-11
expected-tempo-targets-v2.0-walk-forward,2026-04-11|caulfield|9,2026-04-11,racing-com-rv-authorised,VIC,caulfield,9,1200,soft,out_7m_plus,handicap_unspecified,,7,1.0,-1.049821608823275,-1.2933807105174484,2.094427881261573,slow,sprint_home,24.91557692307692,22.934230769230766,24.176346153846154,0.6614676923076916,0.2905325769230758,0.4661636538461546,track_distance_going_rail,6,"{""source_distance"": 208, ""source_distance_going"": 46, ""source_phase_profile"": 769, ""source_phase_profile_going"": 159, ""track_distance"": 81, ""track_distance_going"": 16, ""track_distance_going_rail"": 6, ""track_phase_profile_going"": 69}",2026-04-11
expected-tempo-targets-v2.0-walk-forward,2026-04-11|caulfield|10,2026-04-11,racing-com-rv-authorised,VIC,caulfield,10,1600,soft,out_7m_plus,benchmark,,12,1.0,-0.7405742720645048,-1.1638271928223682,1.2590494176896385,slow,slow_early,38.75,23.805,24.4,20.504357999999996,0.756125999999997,0.889560000000002,track_phase_profile_going,69,"{""source_distance"": 164, ""source_distance_going"": 31, ""source_phase_profile"": 769, ""source_phase_profile_going"": 159, ""track_distance"": 53, ""track_distance_going"": 4, ""track_distance_going_rail"": 1, ""track_phase_profile_going"": 69}",2026-04-11
expected-tempo-targets-v2.0-walk-forward,2026-04-11|randwick|2,2026-04-11,racing-com-nsw-authorised-v2,NSW,randwick,2,1400,good,out_4_6m,,,10,0.7,-0.3427739925208915,-1.6300193354017762,-4.0,even,even,22.59,23.07,22.78,0.9043859999999991,0.5337359999999991,0.5633879999999984,track_distance_going,21,"{""source_distance"": 98, ""source_distance_going"": 37, ""source_phase_profile"": 338, ""source_phase_profile_going"": 175, ""track_distance"": 55, ""track_distance_going"": 21, ""track_distance_going_rail"": 3, ""track_phase_profile_going"": 90}",2026-04-11
expected-tempo-targets-v2.0-walk-forward,2026-04-11|randwick|3,2026-04-11,racing-com-nsw-authorised-v2,NSW,randwick,3,1200,good,out_4_6m,,,9,1.0,2.9445510574999774,-4.0,-2.6765990771989583,very_fast_or_collapse,pace_collapse,24.465,22.5925,23.1075,0.34470449999999986,0.33358499999999947,0.8191365000000055,track_distance_going_rail,12,"{""source_distance"": 123, ""source_distance_going"": 67, ""source_phase_profile"": 338, ""source_phase_profile_going"": 175, ""track_distance"": 69, ""track_distance_going"": 40, ""track_distance_going_rail"": 12, ""track_phase_profile_going"": 90}",2026-04-11
expected-tempo-targets-v2.0-walk-forward,2026-04-11|randwick|4,2026-04-11,racing-com-nsw-authorised-v2,NSW,randwick,4,1400,good,out_4_6m,,,15,0.8666666666666667,-2.2556740152987826,-0.4121887974579178,-3.8339474749196043,slow,very_slow_early,22.59,23.07,22.78,0.9043859999999991,0.5337359999999991,0.5633879999999984,track_distance_going,21,"{""source_distance"": 98, ""source_distance_going"": 37, ""source_phase_profile"": 338, ""source_phase_profile_going"": 175, ""track_distance"": 55, ""track_distance_going"": 21, ""track_distance_going_rail"": 3, ""track_phase_profile_going"": 90}",2026-04-11
expected-tempo-targets-v2.0-walk-forward,2026-04-11|randwick|5,2026-04-11,racing-com-nsw-authorised-v2,NSW,randwick,5,2400,good,out_4_6m,,,12,0.8333333333333334,-0.26747047358554615,-0.6544166297302719,-2.472101453311014,even,even,24.2075,22.6575,23.0025,1.5048390000000007,0.6226919999999999,0.8080169999999972,track_phase_profile_going,90,"{""source_distance"": 10, ""source_distance_going"": 6, ""source_phase_profile"": 338, ""source_phase_profile_going"": 175, ""track_distance"": 2, ""track_distance_going"": 2, ""track_distance_going_rail"": 0, ""track_phase_profile_going"": 90}",2026-04-11
expected-tempo-targets-v2.0-walk-forward,2026-04-11|randwick|6,2026-04-11,racing-com-nsw-authorised-v2,NSW,randwick,6,1200,good,out_4_6m,,,9,1.0,-2.5093957288053934,-4.0,-3.201542111723721,slow,very_slow_early,24.465,22.5925,23.1075,0.34470449999999986,0.33358499999999947,0.8191365000000055,track_distance_going_rail,12,"{""source_distance"": 123, ""source_distance_going"": 67, ""source_phase_profile"": 338, ""source_phase_profile_going"": 175, ""track_distance"": 69, ""track_distance_going"": 40, ""track_distance_going_rail"": 12, ""track_phase_profile_going"": 90}",2026-04-11
expected-tempo-targets-v2.0-walk-forward,2026-04-11|randwick|8,2026-04-11,racing-com-nsw-authorised-v2,NSW,randwick,8,1600,good,out_4_6m,,,11,1.0,-0.8353784635719314,-2.356337848041585,-3.1417069586147104,slow,slow_early,24.450000000000003,22.814999999999998,23.08,1.6160339999999944,0.5708010000000076,0.5633879999999932,track_distance_going,11,"{""source_distance"": 13, ""source_distance_going"": 11, ""source_phase_profile"": 338, ""source_phase_profile_going"": 175, ""track_distance"": 13, ""track_distance_going"": 11, ""track_distance_going_rail"": 3, ""track_phase_profile_going"": 90}",2026-04-11
expected-tempo-targets-v2.0-walk-forward,2026-04-11|randwick|10,2026-04-11,racing-com-nsw-authorised-v2,NSW,randwick,10,1200,good,out_4_6m,,,12,0.9166666666666666,-3.4957478071797796,-1.5213513797083236,-0.5035790738173614,slow,very_slow_early,24.465,22.5925,23.1075,0.34470449999999986,0.33358499999999947,0.8191365000000055,track_distance_going_rail,12,"{""source_distance"": 123, ""source_distance_going"": 67, ""source_phase_profile"": 338, ""source_phase_profile_going"": 175, ""track_distance"": 69, ""track_distance_going"": 40, ""track_distance_going_rail"": 12, ""track_phase_profile_going"": 90}",2026-04-11
expected-tempo-targets-v2.0-walk-forward,2026-04-18|randwick|1,2026-04-18,racing-com-nsw-authorised-v2,NSW,randwick,1,1400,good,out_7m_plus,,,11,0.7272727272727273,-2.420901891722241,-0.2776003291068964,-0.07714763588784132,slow,very_slow_early,22.637142857142855,23.042142857142856,22.85,1.0028729999999946,0.6406949999999981,0.6481080000000012,track_distance_going_rail,8,"{""source_distance"": 100, ""source_distance_going"": 39, ""source_phase_profile"": 345, ""source_phase_profile_going"": 182, ""track_distance"": 57, ""track_distance_going"": 23, ""track_distance_going_rail"": 8, ""track_phase_profile_going"": 97}",2026-04-18
expected-tempo-targets-v2.0-walk-forward,2026-04-18|randwick|2,2026-04-18,racing-com-nsw-authorised-v2,NSW,randwick,2,1400,good,out_7m_plus,,,13,0.7692307692307693,-1.9971194187670385,0.9554356708618897,-0.7791911224672401,slow,very_slow_early,22.637142857142855,23.042142857142856,22.85,1.0028729999999946,0.6406949999999981,0.6481080000000012,track_distance_going_rail,8,"{""source_distance"": 100, ""source_distance_going"": 39, ""source_phase_profile"": 345, ""source_phase_profile_going"": 182, ""track_distance"": 57, ""track_distance_going"": 23, ""track_distance_going_rail"": 8, ""track_phase_profile_going"": 97}",2026-04-18
expected-tempo-targets-v2.0-walk-forward,2026-04-18|randwick|3,2026-04-18,racing-com-nsw-authorised-v2,NSW,randwick,3,1200,good,out_7m_plus,,,11,0.6363636363636364,2.670117089120647,-1.8472116269986232,-1.215514172779014,very_fast_or_collapse,pace_collapse,24.42551724137931,22.45689655172414,23.15258620689655,0.6687037241379316,0.44017882758620724,0.771207620689648,track_distance_going_rail,9,"{""source_distance"": 126, ""source_distance_going"": 70, ""source_phase_profile"": 345, ""source_phase_profile_going"": 182, ""track_distance"": 72, ""track_distance_going"": 43, ""track_distance_going_rail"": 9, ""track_phase_profile_going"": 97}",2026-04-18
expected-tempo-targets-v2.0-walk-forward,2026-04-18|randwick|4,2026-04-18,racing-com-nsw-authorised-v2,NSW,randwick,4,1400,good,out_7m_plus,,,10,0.9,-2.3959735109601685,-1.2296914176903897,-2.4224357668783556,slow,very_slow_early,22.637142857142855,23.042142857142856,22.85,1.0028729999999946,0.6406949999999981,0.6481080000000012,track_distance_going_rail,8,"{""source_distance"": 100, ""source_distance_going"": 39, ""source_phase_profile"": 345, ""source_phase_profile_going"": 182, ""track_distance"": 57, ""track_distance_going"": 23, ""track_distance_going_rail"": 8, ""track_phase_profile_going"": 97}",2026-04-18
expected-tempo-targets-v2.0-walk-forward,2026-04-18|randwick|6,2026-04-18,racing-com-nsw-authorised-v2,NSW,randwick,6,2000,good,out_7m_plus,,,13,0.7692307692307693,-0.20932471845825312,0.2122523368982317,0.3697980225701806,even,even,24.12,23.0375,24.115,1.2898620000000014,0.5300294999999973,0.9599834999999985,track_distance_going,12,"{""source_distance"": 42, ""source_distance_going"": 22, ""source_phase_profile"": 345, ""source_phase_profile_going"": 182, ""track_distance"": 20, ""track_distance_going"": 12, ""track_distance_going_rail"": 4, ""track_phase_profile_going"": 97}",2026-04-18
expected-tempo-targets-v2.0-walk-forward,2026-04-18|randwick|7,2026-04-18,racing-com-nsw-authorised-v2,NSW,randwick,7,1600,good,out_7m_plus,,,12,0.9166666666666666,1.5207857690085493,0.4350265845144905,-0.6744907594766022,very_fast_or_collapse,very_fast_early,24.61,22.8425,23.0875,1.5715560000000006,0.6263985000000017,0.7598324999999962,track_distance_going,12,"{""source_distance"": 14, ""source_distance_going"": 12, ""source_phase_profile"": 345, ""source_phase_profile_going"": 182, ""track_distance"": 14, ""track_distance_going"": 12, ""track_distance_going_rail"": 3, ""track_phase_profile_going"": 97}",2026-04-18
expected-tempo-targets-v2.0-walk-forward,2026-04-18|randwick|8,2026-04-18,racing-com-nsw-authorised-v2,NSW,randwick,8,1200,good,out_7m_plus,,,9,0.7777777777777778,-0.5151500525360222,-1.233824560018159,0.43125378688444144,slow,slow_early,24.42551724137931,22.45689655172414,23.15258620689655,0.6687037241379316,0.44017882758620724,0.771207620689648,track_distance_going_rail,9,"{""source_distance"": 126, ""source_distance_going"": 70, ""source_phase_profile"": 345, ""source_phase_profile_going"": 182, ""track_distance"": 72, ""track_distance_going"": 43, ""track_distance_going_rail"": 9, ""track_phase_profile_going"": 97}",2026-04-18
expected-tempo-targets-v2.0-walk-forward,2026-04-18|randwick|9,2026-04-18,racing-com-nsw-authorised-v2,NSW,randwick,9,1400,good,out_7m_plus,,,13,0.9230769230769231,0.47577595283037954,-0.19956007594431938,-2.252710967925096,even,even,22.637142857142855,23.042142857142856,22.85,1.0028729999999946,0.6406949999999981,0.6481080000000012,track_distance_going_rail,8,"{""source_distance"": 100, ""source_distance_going"": 39, ""source_phase_profile"": 345, ""source_phase_profile_going"": 182, ""track_distance"": 57, ""track_distance_going"": 23, ""track_distance_going_rail"": 8, ""track_phase_profile_going"": 97}",2026-04-18
expected-tempo-targets-v2.0-walk-forward,2026-04-25|flemington|1,2026-04-25,racing-com-rv-authorised,VIC,flemington,1,2500,good,true,benchmark,,9,1.0,-3.5383764374916864,-0.060711439183933624,-0.6351298084709297,slow,very_slow_early,72.20107692307693,22.83146153846154,23.499923076923075,10.91147981538462,0.6347808923076932,0.8188513846153844,track_distance_going_rail,5,"{""source_distance"": 9, ""source_distance_going"": 8, ""source_phase_profile"": 779, ""source_phase_profile_going"": 610, ""track_distance"": 6, ""track_distance_going"": 6, ""track_distance_going_rail"": 5, ""track_phase_profile_going"": 191}",2026-04-25
expected-tempo-targets-v2.0-walk-forward,2026-04-25|flemington|2,2026-04-25,racing-com-rv-authorised,VIC,flemington,2,1400,good,true,benchmark,,12,1.0,0.5713333492036958,-0.8715330038180654,-0.763827283910576,fast,fast_early,37.324999999999996,22.817500000000003,22.9525,0.6301049999999957,0.3298785000000002,0.5596815000000018,track_distance_going_rail,24,"{""source_distance"": 204, ""source_distance_going"": 156, ""source_phase_profile"": 779, ""source_phase_profile_going"": 610, ""track_distance"": 65, ""track_distance_going"": 49, ""track_distance_going_rail"": 24, ""track_phase_profile_going"": 191}",2026-04-25
expected-tempo-targets-v2.0-walk-forward,2026-04-25|flemington|3,2026-04-25,racing-com-rv-authorised,VIC,flemington,3,1400,good,true,listed,,10,1.0,-0.6268796470429624,-2.1295719484598123,-0.4243484910614276,slow,slow_early,37.324999999999996,22.817500000000003,22.9525,0.6301049999999957,0.3298785000000002,0.5596815000000018,track_distance_going_rail,24,"{""source_distance"": 204, ""source_distance_going"": 156, ""source_phase_profile"": 779, ""source_phase_profile_going"": 610, ""track_distance"": 65, ""track_distance_going"": 49, ""track_distance_going_rail"": 24, ""track_phase_profile_going"": 191}",2026-04-25
expected-tempo-targets-v2.0-walk-forward,2026-04-25|flemington|4,2026-04-25,racing-com-rv-authorised,VIC,flemington,4,1800,good,true,benchmark,,14,1.0,-0.9027803997339937,-1.2154459746527635,0.5875591350833537,slow,slow_early,51.510384615384616,22.793846153846154,23.38653846153846,12.859844307692311,0.5645284615384636,0.6238324615384607,track_distance_going,6,"{""source_distance"": 37, ""source_distance_going"": 30, ""source_phase_profile"": 779, ""source_phase_profile_going"": 610, ""track_distance"": 8, ""track_distance_going"": 6, ""track_distance_going_rail"": 0, ""track_phase_profile_going"": 191}",2026-04-25
expected-tempo-targets-v2.0-walk-forward,2026-04-25|flemington|5,2026-04-25,racing-com-rv-authorised,VIC,flemington,5,1400,good,true,benchmark,,11,1.0,-1.1664722546242476,0.659333663758023,0.022334131108495185,slow,slow_early,37.324999999999996,22.817500000000003,22.9525,0.6301049999999957,0.3298785000000002,0.5596815000000018,track_distance_going_rail,24,"{""source_distance"": 204, ""source_distance_going"": 156, ""source_phase_profile"": 779, ""source_phase_profile_going"": 610, ""track_distance"": 65, ""track_distance_going"": 49, ""track_distance_going_rail"": 24, ""track_phase_profile_going"": 191}",2026-04-25
expected-tempo-targets-v2.0-walk-forward,2026-04-25|flemington|7,2026-04-25,racing-com-rv-authorised,VIC,flemington,7,2000,good,true,benchmark,,14,1.0,0.24199120968018226,1.824009852677222,1.1484504218013964,even,even,75.9841379310345,23.397586206896552,23.92,1.5874044827586176,0.25086827586206517,0.6835297241379351,track_distance_going_rail,9,"{""source_distance"": 90, ""source_distance_going"": 72, ""source_phase_profile"": 779, ""source_phase_profile_going"": 610, ""track_distance"": 39, ""track_distance_going"": 33, ""track_distance_going_rail"": 9, ""track_phase_profile_going"": 191}",2026-04-25
expected-tempo-targets-v2.0-walk-forward,2026-04-25|flemington|8,2026-04-25,racing-com-rv-authorised,VIC,flemington,8,1400,good,true,benchmark,,15,1.0,-1.2299537378691028,-0.18946369648217878,1.0765051194295276,slow,sprint_home,37.324999999999996,22.817500000000003,22.9525,0.6301049999999957,0.3298785000000002,0.5596815000000018,track_distance_going_rail,24,"{""source_distance"": 204, ""source_distance_going"": 156, ""source_phase_profile"": 779, ""source_phase_profile_going"": 610, ""track_distance"": 65, ""track_distance_going"": 49, ""track_distance_going_rail"": 24, ""track_phase_profile_going"": 191}",2026-04-25
expected-tempo-targets-v2.0-walk-forward,2026-05-09|caulfield|1,2026-05-09,racing-com-rv-authorised,VIC,caulfield,1,1100,soft,out_7m_plus,handicap_unspecified,,9,1.0,0.5195054754759995,-0.010017189497165693,-0.02035686396810727,fast,fast_early,19.016000000000002,22.467000000000002,23.765,0.35803280000000015,0.2994851999999994,0.7368521999999998,track_distance_going_rail,5,"{""source_distance"": 124, ""source_distance_going"": 23, ""source_phase_profile"": 124, ""source_phase_profile_going"": 23, ""track_distance"": 70, ""track_distance_going"": 15, ""track_distance_going_rail"": 5, ""track_phase_profile_going"": 15}",2026-05-09
expected-tempo-targets-v2.0-walk-forward,2026-05-09|caulfield|2,2026-05-09,racing-com-rv-authorised,VIC,caulfield,2,2000,soft,out_7m_plus,benchmark,,11,1.0,2.3673519935072274,0.22879201973435756,-2.1946732968902083,very_fast_or_collapse,pace_collapse,77.721,24.014000000000003,25.006,0.9043859999999907,0.6731003999999978,0.4848101999999994,track_distance_going_rail,5,"{""source_distance"": 91, ""source_distance_going"": 18, ""source_phase_profile"": 786, ""source_phase_profile_going"": 165, ""track_distance"": 51, ""track_distance_going"": 12, ""track_distance_going_rail"": 5, ""track_phase_profile_going"": 75}",2026-05-09
expected-tempo-targets-v2.0-walk-forward,2026-05-09|caulfield|3,2026-05-09,racing-com-rv-authorised,VIC,caulfield,3,1600,soft,out_7m_plus,handicap_unspecified,,12,1.0,-0.44657416076163853,-0.9034321944075078,-1.1731476654282469,even,even,41.75807692307692,23.888846153846153,24.40307692307692,15.992692153846148,0.7484278846153836,0.9733839230769238,track_distance_going,6,"{""source_distance"": 166, ""source_distance_going"": 33, ""source_phase_profile"": 786, ""source_phase_profile_going"": 165, ""track_distance"": 55, ""track_distance_going"": 6, ""track_distance_going_rail"": 3, ""track_phase_profile_going"": 75}",2026-05-09
expected-tempo-targets-v2.0-walk-forward,2026-05-09|caulfield|5,2026-05-09,racing-com-rv-authorised,VIC,caulfield,5,1600,soft,out_7m_plus,benchmark,,9,1.0,-0.5960174175322137,0.15879439594534628,0.0956220057371606,slow,slow_early,41.75807692307692,23.888846153846153,24.40307692307692,15.992692153846148,0.7484278846153836,0.9733839230769238,track_distance_going,6,"{""source_distance"": 166, ""source_distance_going"": 33, ""source_phase_profile"": 786, ""source_phase_profile_going"": 165, ""track_distance"": 55, ""track_distance_going"": 6, ""track_distance_going_rail"": 3, ""track_phase_profile_going"": 75}",2026-05-09
expected-tempo-targets-v2.0-walk-forward,2026-05-09|caulfield|6,2026-05-09,racing-com-rv-authorised,VIC,caulfield,6,1000,soft,out_7m_plus,benchmark,,12,1.0,0.463604438063574,0.6001130156111275,0.6863114379049203,even,even,13.566316568047336,22.114689349112425,23.7014349112426,0.1969708668639061,0.49105642011834416,0.519348639053253,track_distance_going,6,"{""source_distance"": 82, ""source_distance_going"": 25, ""source_phase_profile"": 82, ""source_phase_profile_going"": 25, ""track_distance"": 18, ""track_distance_going"": 6, ""track_distance_going_rail"": 4, ""track_phase_profile_going"": 6}",2026-05-09
expected-tempo-targets-v2.0-walk-forward,2026-05-09|caulfield|7,2026-05-09,racing-com-rv-authorised,VIC,caulfield,7,1440,soft,out_7m_plus,benchmark,,10,1.0,-0.07521653513113641,0.8029651898530917,0.705862422708066,even,even,38.75,23.785,24.38,20.341271999999996,0.7783649999999979,0.9562769999999993,track_phase_profile_going,75,"{""source_distance"": 0, ""source_distance_going"": 0, ""source_phase_profile"": 786, ""source_phase_profile_going"": 165, ""track_distance"": 0, ""track_distance_going"": 0, ""track_distance_going_rail"": 0, ""track_phase_profile_going"": 75}",2026-05-09
expected-tempo-targets-v2.0-walk-forward,2026-05-09|caulfield|8,2026-05-09,racing-com-rv-authorised,VIC,caulfield,8,2000,soft,out_7m_plus,benchmark,,12,1.0,-0.9995731910931899,0.949338315650986,1.0746473568419175,slow,sprint_home,77.721,24.014000000000003,25.006,0.9043859999999907,0.6731003999999978,0.4848101999999994,track_distance_going_rail,5,"{""source_distance"": 91, ""source_distance_going"": 18, ""source_phase_profile"": 786, ""source_phase_profile_going"": 165, ""track_distance"": 51, ""track_distance_going"": 12, ""track_distance_going_rail"": 5, ""track_phase_profile_going"": 75}",2026-05-09
expected-tempo-targets-v2.0-walk-forward,2026-05-09|caulfield|9,2026-05-09,racing-com-rv-authorised,VIC,caulfield,9,1100,soft,out_7m_plus,benchmark,,14,1.0,-0.3603021846043192,1.4257799717648953,-0.9771294704691104,even,even,19.016000000000002,22.467000000000002,23.765,0.35803280000000015,0.2994851999999994,0.7368521999999998,track_distance_going_rail,5,"{""source_distance"": 124, ""source_distance_going"": 23, ""source_phase_profile"": 124, ""source_phase_profile_going"": 23, ""track_distance"": 70, ""track_distance_going"": 15, ""track_distance_going_rail"": 5, ""track_phase_profile_going"": 15}",2026-05-09
expected-tempo-targets-v2.0-walk-forward,2026-05-16|flemington|1,2026-05-16,racing-com-rv-authorised,VIC,flemington,1,1400,good,out_4_6m,handicap_unspecified,,11,1.0,-1.189424565098513,-0.4683963607476363,-2.09724470524755,slow,slow_early,37.25,22.585,23.455,0.6894089999999997,0.26686799999999955,0.47443199999999774,track_distance_going_rail,12,"{""source_distance"": 208, ""source_distance_going"": 160, ""source_phase_profile"": 791, ""source_phase_profile_going"": 617, ""track_distance"": 69, ""track_distance_going"": 53, ""track_distance_going_rail"": 12, ""track_phase_profile_going"": 198}",2026-05-16
expected-tempo-targets-v2.0-walk-forward,2026-05-16|flemington|2,2026-05-16,racing-com-rv-authorised,VIC,flemington,2,2000,good,out_4_6m,handicap_unspecified,,17,1.0,-0.09116879962068493,-1.325539502036154,-0.310816254637821,even,even,76.125,23.31153846153846,24.024615384615387,1.7001430384615244,0.36095607692307596,0.7894844999999981,track_distance_going_rail,6,"{""source_distance"": 93, ""source_distance_going"": 73, ""source_phase_profile"": 791, ""source_phase_profile_going"": 617, ""track_distance"": 40, ""track_distance_going"": 34, ""track_distance_going_rail"": 6, ""track_phase_profile_going"": 198}",2026-05-16
expected-tempo-targets-v2.0-walk-forward,2026-05-16|flemington|3,2026-05-16,racing-com-rv-authorised,VIC,flemington,3,1400,good,out_4_6m,benchmark,,13,1.0,-1.5230436504310179,-1.892321297420447,0.13700593551867926,slow,very_slow_early,37.25,22.585,23.455,0.6894089999999997,0.26686799999999955,0.47443199999999774,track_distance_going_rail,12,"{""source_distance"": 208, ""source_distance_going"": 160, ""source_phase_profile"": 791, ""source_phase_profile_going"": 617, ""track_distance"": 69, ""track_distance_going"": 53, ""track_distance_going_rail"": 12, ""track_phase_profile_going"": 198}",2026-05-16
expected-tempo-targets-v2.0-walk-forward,2026-05-16|flemington|4,2026-05-16,racing-com-rv-authorised,VIC,flemington,4,1400,good,out_4_6m,handicap_unspecified,,11,1.0,-2.378849130197026,-0.58081148732706,0.5164069877242652,slow,very_slow_early,37.25,22.585,23.455,0.6894089999999997,0.26686799999999955,0.47443199999999774,track_distance_going_rail,12,"{""source_distance"": 208, ""source_distance_going"": 160, ""source_phase_profile"": 791, ""source_phase_profile_going"": 617, ""track_distance"": 69, ""track_distance_going"": 53, ""track_distance_going_rail"": 12, ""track_phase_profile_going"": 198}",2026-05-16
expected-tempo-targets-v2.0-walk-forward,2026-05-16|flemington|5,2026-05-16,racing-com-rv-authorised,VIC,flemington,5,1200,good,out_4_6m,handicap_unspecified,,15,1.0,0.3292377268860582,0.3553557992598101,-0.6360242264877579,even,even,25.284310344827585,21.815172413793107,23.129310344827587,0.5598093103448288,0.35224531034482637,0.5199324827586245,track_distance_going_rail,9,"{""source_distance"": 212, ""source_distance_going"": 162, ""source_phase_profile"": 791, ""source_phase_profile_going"": 617, ""track_distance"": 62, ""track_distance_going"": 45, ""track_distance_going_rail"": 9, ""track_phase_profile_going"": 198}",2026-05-16
expected-tempo-targets-v2.0-walk-forward,2026-05-16|flemington|6,2026-05-16,racing-com-rv-authorised,VIC,flemington,6,1600,good,out_4_6m,benchmark,,11,1.0,-1.9687838384722145,-0.5956541772001067,0.373508323796181,slow,very_slow_early,50.120000000000005,22.92,23.3975,0.9599835000000012,0.2854004999999985,0.6894089999999972,track_distance_going_rail,16,"{""source_distance"": 168, ""source_distance_going"": 132, ""source_phase_profile"": 791, ""source_phase_profile_going"": 617, ""track_distance"": 65, ""track_distance_going"": 50, ""track_distance_going_rail"": 16, ""track_phase_profile_going"": 198}",2026-05-16
expected-tempo-targets-v2.0-walk-forward,2026-05-16|flemington|8,2026-05-16,racing-com-rv-authorised,VIC,flemington,8,1200,good,out_4_6m,listed,,14,1.0,-0.5192654888025295,1.0934777624606193,-0.0013264321720248945,slow,slow_early,25.284310344827585,21.815172413793107,23.129310344827587,0.5598093103448288,0.35224531034482637,0.5199324827586245,track_distance_going_rail,9,"{""source_distance"": 212, ""source_distance_going"": 162, ""source_phase_profile"": 791, ""source_phase_profile_going"": 617, ""track_distance"": 62, ""track_distance_going"": 45, ""track_distance_going_rail"": 9, ""track_phase_profile_going"": 198}",2026-05-16
expected-tempo-targets-v2.0-walk-forward,2026-05-16|flemington|9,2026-05-16,racing-com-rv-authorised,VIC,flemington,9,1800,good,out_4_6m,benchmark,,10,1.0,-1.7469680561857914,-0.7655438394247578,-0.7985002713086122,slow,very_slow_early,48.84185185185184,22.838148148148147,23.371111111111112,8.911524222222223,0.5837051111111095,0.6122588888888888,track_distance_going,7,"{""source_distance"": 38, ""source_distance_going"": 31, ""source_phase_profile"": 791, ""source_phase_profile_going"": 617, ""track_distance"": 9, ""track_distance_going"": 7, ""track_distance_going_rail"": 2, ""track_phase_profile_going"": 198}",2026-05-16
expected-tempo-targets-v2.0-walk-forward,2026-05-23|randwick|1,2026-05-23,racing-com-nsw-authorised-v2,NSW,randwick,1,1200,soft,true,,,8,0.5,3.127858247243123,-4.0,-2.918469632350644,very_fast_or_collapse,pace_collapse,25.08,22.5,23.13,0.6745829999999974,0.3558240000000029,0.3854760000000023,track_distance_going_rail,11,"{""source_distance"": 128, ""source_distance_going"": 44, ""source_phase_profile"": 353, ""source_phase_profile_going"": 125, ""track_distance"": 74, ""track_distance_going"": 23, ""track_distance_going_rail"": 11, ""track_phase_profile_going"": 62}",2026-05-23
expected-tempo-targets-v2.0-walk-forward,2026-05-23|randwick|3,2026-05-23,racing-com-nsw-authorised-v2,NSW,randwick,3,1200,soft,true,,,18,0.4444444444444444,-0.1260037682538712,-4.0,-4.0,even,even,25.08,22.5,23.13,0.6745829999999974,0.3558240000000029,0.3854760000000023,track_distance_going_rail,11,"{""source_distance"": 128, ""source_distance_going"": 44, ""source_phase_profile"": 353, ""source_phase_profile_going"": 125, ""track_distance"": 74, ""track_distance_going"": 23, ""track_distance_going_rail"": 11, ""track_phase_profile_going"": 62}",2026-05-23
expected-tempo-targets-v2.0-walk-forward,2026-05-23|randwick|4,2026-05-23,racing-com-nsw-authorised-v2,NSW,randwick,4,2400,soft,true,,,8,0.75,-0.829623634156213,-2.8221370689397283,-3.0513961958721176,slow,slow_early,24.185000000000002,23.185,23.8925,1.4825999999999946,0.8858535000000002,0.9266249999999999,track_phase_profile_going,62,"{""source_distance"": 11, ""source_distance_going"": 4, ""source_phase_profile"": 353, ""source_phase_profile_going"": 125, ""track_distance"": 3, ""track_distance_going"": 0, ""track_distance_going_rail"": 0, ""track_phase_profile_going"": 62}",2026-05-23
expected-tempo-targets-v2.0-walk-forward,2026-05-23|sportsbet-sandown-hillside|1,2026-05-23,racing-com-rv-authorised,VIC,sportsbet-sandown-hillside,1,1000,soft,true,handicap_unspecified,,13,1.0,0.027530235080684765,0.7370401343894115,-0.7540691173977219,even,even,13.6248,21.842799999999997,23.349999999999998,0.1743537599999984,0.38369688000000035,0.6232850399999982,track_distance_going,5,"{""source_distance"": 83, ""source_distance_going"": 26, ""source_phase_profile"": 83, ""source_phase_profile_going"": 26, ""track_distance"": 8, ""track_distance_going"": 5, ""track_distance_going_rail"": 0, ""track_phase_profile_going"": 5}",2026-05-23
expected-tempo-targets-v2.0-walk-forward,2026-05-23|sportsbet-sandown-hillside|2,2026-05-23,racing-com-rv-authorised,VIC,sportsbet-sandown-hillside,2,2400,soft,true,benchmark,,11,1.0,-4.0,-1.6245798937930864,-1.7319182082044158,slow,very_slow_early,44.56,23.12,23.605,9.796279499999997,0.34470449999999986,0.5745075000000015,track_phase_profile_going,14,"{""source_distance"": 21, ""source_distance_going"": 9, ""source_phase_profile"": 799, ""source_phase_profile_going"": 170, ""track_distance"": 0, ""track_distance_going"": 0, ""track_distance_going_rail"": 0, ""track_phase_profile_going"": 14}",2026-05-23
expected-tempo-targets-v2.0-walk-forward,2026-05-23|sportsbet-sandown-hillside|3,2026-05-23,racing-com-rv-authorised,VIC,sportsbet-sandown-hillside,3,1400,soft,true,benchmark,,13,1.0,0.6469729123823046,-2.193488544248271,-2.1260636929557504,fast,fast_early,42.867037037037036,23.121296296296297,23.584259259259255,7.3218475555555536,0.3322122222222218,0.5812341111111127,track_distance_going,7,"{""source_distance"": 211, ""source_distance_going"": 47, ""source_phase_profile"": 799, ""source_phase_profile_going"": 170, ""track_distance"": 20, ""track_distance_going"": 7, ""track_distance_going_rail"": 1, ""track_phase_profile_going"": 14}",2026-05-23
expected-tempo-targets-v2.0-walk-forward,2026-05-23|sportsbet-sandown-hillside|4,2026-05-23,racing-com-rv-authorised,VIC,sportsbet-sandown-hillside,4,1800,soft,true,benchmark,,9,1.0,-2.429493768527123,-0.754269236403929,-0.68754541933743,slow,very_slow_early,44.56,23.12,23.605,9.796279499999997,0.34470449999999986,0.5745075000000015,track_phase_profile_going,14,"{""source_distance"": 39, ""source_distance_going"": 7, ""source_phase_profile"": 799, ""source_phase_profile_going"": 170, ""track_distance"": 7, ""track_distance_going"": 0, ""track_distance_going_rail"": 0, ""track_phase_profile_going"": 14}",2026-05-23
expected-tempo-targets-v2.0-walk-forward,2026-05-23|sportsbet-sandown-hillside|5,2026-05-23,racing-com-rv-authorised,VIC,sportsbet-sandown-hillside,5,1000,soft,true,benchmark,,13,1.0,-1.5784001446255156,0.7631023739364154,0.5134087607814198,slow,very_slow_early,13.6248,21.842799999999997,23.349999999999998,0.1743537599999984,0.38369688000000035,0.6232850399999982,track_distance_going,5,"{""source_distance"": 83, ""source_distance_going"": 26, ""source_phase_profile"": 83, ""source_phase_profile_going"": 26, ""track_distance"": 8, ""track_distance_going"": 5, ""track_distance_going_rail"": 0, ""track_phase_profile_going"": 5}",2026-05-23
expected-tempo-targets-v2.0-walk-forward,2026-05-23|sportsbet-sandown-hillside|6,2026-05-23,racing-com-rv-authorised,VIC,sportsbet-sandown-hillside,6,1600,soft,true,handicap_unspecified,,13,1.0,-0.860749078918769,-2.4248221518373434,-1.0655098548838107,slow,slow_early,46.28148148148148,23.104444444444447,23.62574074074074,7.387191777777774,0.3322122222222218,0.5389525555555573,track_distance_going,7,"{""source_distance"": 169, ""source_distance_going"": 35, ""source_phase_profile"": 799, ""source_phase_profile_going"": 170, ""track_distance"": 10, ""track_distance_going"": 7, ""track_distance_going_rail"": 2, ""track_phase_profile_going"": 14}",2026-05-23
expected-tempo-targets-v2.0-walk-forward,2026-05-23|sportsbet-sandown-hillside|7,2026-05-23,racing-com-rv-authorised,VIC,sportsbet-sandown-hillside,7,1600,soft,true,benchmark,,13,1.0,-0.901359910344922,-3.2375556454876535,-0.7686377121493345,slow,slow_early,46.28148148148148,23.104444444444447,23.62574074074074,7.387191777777774,0.3322122222222218,0.5389525555555573,track_distance_going,7,"{""source_distance"": 169, ""source_distance_going"": 35, ""source_phase_profile"": 799, ""source_phase_profile_going"": 170, ""track_distance"": 10, ""track_distance_going"": 7, ""track_distance_going_rail"": 2, ""track_phase_profile_going"": 14}",2026-05-23
expected-tempo-targets-v2.0-walk-forward,2026-05-23|sportsbet-sandown-hillside|8,2026-05-23,racing-com-rv-authorised,VIC,sportsbet-sandown-hillside,8,1400,soft,true,benchmark,,16,1.0,0.5998536576611081,-1.0646920252895054,-2.2120875498564034,fast,fast_early,42.867037037037036,23.121296296296297,23.584259259259255,7.3218475555555536,0.3322122222222218,0.5812341111111127,track_distance_going,7,"{""source_distance"": 211, ""source_distance_going"": 47, ""source_phase_profile"": 799, ""source_phase_profile_going"": 170, ""track_distance"": 20, ""track_distance_going"": 7, ""track_distance_going_rail"": 1, ""track_phase_profile_going"": 14}",2026-05-23
expected-tempo-targets-v2.0-walk-forward,2026-05-23|sportsbet-sandown-hillside|9,2026-05-23,racing-com-rv-authorised,VIC,sportsbet-sandown-hillside,9,1400,soft,true,benchmark,,11,1.0,0.4557643424991841,-2.885817075876305,-1.4894871518909238,even,even,42.867037037037036,23.121296296296297,23.584259259259255,7.3218475555555536,0.3322122222222218,0.5812341111111127,track_distance_going,7,"{""source_distance"": 211, ""source_distance_going"": 47, ""source_phase_profile"": 799, ""source_phase_profile_going"": 170, ""track_distance"": 20, ""track_distance_going"": 7, ""track_distance_going_rail"": 1, ""track_phase_profile_going"": 14}",2026-05-23
expected-tempo-targets-v2.0-walk-forward,2026-05-30|caulfield|1,2026-05-30,racing-com-rv-authorised,VIC,caulfield,1,1200,heavy,true,handicap_unspecified,,8,1.0,-2.678125074392388,-4.0,-1.0639854233997132,slow,very_slow_early,24.795,22.45,23.25,0.5040839999999945,0.38547599999999704,0.5263229999999953,track_distance,85,"{""source_distance"": 214, ""source_distance_going"": 2, ""source_phase_profile"": 806, ""source_phase_profile_going"": 4, ""track_distance"": 85, ""track_distance_going"": 0, ""track_distance_going_rail"": 0, ""track_phase_profile_going"": 0}",2026-05-30
expected-tempo-targets-v2.0-walk-forward,2026-05-30|caulfield|2,2026-05-30,racing-com-rv-authorised,VIC,caulfield,2,1200,heavy,true,benchmark,,9,1.0,-0.3670023250093253,-0.8301424732019704,-4.0,even,even,24.795,22.45,23.25,0.5040839999999945,0.38547599999999704,0.5263229999999953,track_distance,85,"{""source_distance"": 214, ""source_distance_going"": 2, ""source_phase_profile"": 806, ""source_phase_profile_going"": 4, ""track_distance"": 85, ""track_distance_going"": 0, ""track_distance_going_rail"": 0, ""track_phase_profile_going"": 0}",2026-05-30
expected-tempo-targets-v2.0-walk-forward,2026-05-30|caulfield|3,2026-05-30,racing-com-rv-authorised,VIC,caulfield,3,1400,heavy,true,handicap_unspecified,,8,1.0,-1.7772296202081608,-0.7869058860560277,-0.7667894949839209,slow,very_slow_early,37.39,23.24,23.505000000000003,0.9340380000000037,0.6226920000000025,0.7042349999999968,track_distance,115,"{""source_distance"": 214, ""source_distance_going"": 1, ""source_phase_profile"": 806, ""source_phase_profile_going"": 4, ""track_distance"": 115, ""track_distance_going"": 0, ""track_distance_going_rail"": 0, ""track_phase_profile_going"": 0}",2026-05-30
expected-tempo-targets-v2.0-walk-forward,2026-05-30|caulfield|4,2026-05-30,racing-com-rv-authorised,VIC,caulfield,4,1600,heavy,true,benchmark,,7,1.0,-0.26423349340320434,-1.4536438781822953,-2.27812695292606,even,even,50.71,23.505000000000003,23.825,1.4381219999999981,0.429954000000004,0.7264739999999976,track_distance,57,"{""source_distance"": 171, ""source_distance_going"": 1, ""source_phase_profile"": 806, ""source_phase_profile_going"": 4, ""track_distance"": 57, ""track_distance_going"": 0, ""track_distance_going_rail"": 0, ""track_phase_profile_going"": 0}",2026-05-30
expected-tempo-targets-v2.0-walk-forward,2026-05-30|caulfield|5,2026-05-30,racing-com-rv-authorised,VIC,caulfield,5,1600,heavy,true,benchmark,,7,1.0,-0.4033037530890975,-1.593193690487802,-2.002824602119287,even,even,50.71,23.505000000000003,23.825,1.4381219999999981,0.429954000000004,0.7264739999999976,track_distance,57,"{""source_distance"": 171, ""source_distance_going"": 1, ""source_phase_profile"": 806, ""source_phase_profile_going"": 4, ""track_distance"": 57, ""track_distance_going"": 0, ""track_distance_going_rail"": 0, ""track_phase_profile_going"": 0}",2026-05-30
expected-tempo-targets-v2.0-walk-forward,2026-05-30|caulfield|8,2026-05-30,racing-com-rv-authorised,VIC,caulfield,8,1100,heavy,true,listed,,11,1.0,-0.891699648121602,-1.2414540065728707,-3.158865056882068,slow,slow_early,18.84,22.125,23.075,0.4373669999999999,0.5114969999999983,0.4447799999999984,track_distance,72,"{""source_distance"": 126, ""source_distance_going"": 0, ""source_phase_profile"": 126, ""source_phase_profile_going"": 0, ""track_distance"": 72, ""track_distance_going"": 0, ""track_distance_going_rail"": 0, ""track_phase_profile_going"": 0}",2026-05-30
expected-tempo-targets-v2.0-walk-forward,2026-05-30|caulfield|9,2026-05-30,racing-com-rv-authorised,VIC,caulfield,9,1200,heavy,true,benchmark,,10,1.0,-0.694328722990616,-2.17912399215517,-4.0,slow,slow_early,24.795,22.45,23.25,0.5040839999999945,0.38547599999999704,0.5263229999999953,track_distance,85,"{""source_distance"": 214, ""source_distance_going"": 2, ""source_phase_profile"": 806, ""source_phase_profile_going"": 4, ""track_distance"": 85, ""track_distance_going"": 0, ""track_distance_going_rail"": 0, ""track_phase_profile_going"": 0}",2026-05-30
expected-tempo-targets-v2.0-walk-forward,2026-05-30|rosehill|1,2026-05-30,racing-com-nsw-authorised-v2,NSW,rosehill,1,1300,heavy,true,,,9,0.5555555555555556,3.922614462946831,2.3541050036634217,-0.1489135443000284,very_fast_or_collapse,very_fast_early,24.9,24.05,23.905,1.6086210000000012,0.3780629999999985,0.5708010000000023,track_phase_profile_going,23,"{""source_distance"": 36, ""source_distance_going"": 4, ""source_phase_profile"": 356, ""source_phase_profile_going"": 38, ""track_distance"": 28, ""track_distance_going"": 4, ""track_distance_going_rail"": 1, ""track_phase_profile_going"": 23}",2026-05-30
expected-tempo-targets-v2.0-walk-forward,2026-05-30|rosehill|5,2026-05-30,racing-com-nsw-authorised-v2,NSW,rosehill,5,1500,heavy,true,,,11,0.36363636363636365,0.10257232747800696,3.1740741622428117,-0.5606156961883371,even,even,24.9,24.05,23.905,1.6086210000000012,0.3780629999999985,0.5708010000000023,track_phase_profile_going,23,"{""source_distance"": 16, ""source_distance_going"": 0, ""source_phase_profile"": 356, ""source_phase_profile_going"": 38, ""track_distance"": 16, ""track_distance_going"": 0, ""track_distance_going_rail"": 0, ""track_phase_profile_going"": 23}",2026-05-30
expected-tempo-targets-v2.0-walk-forward,2026-05-30|rosehill|6,2026-05-30,racing-com-nsw-authorised-v2,NSW,rosehill,6,1500,heavy,true,,,9,0.7777777777777778,0.9138261902586114,1.084475338766295,-0.254028987335333,very_fast_or_collapse,fast_early,24.9,24.05,23.905,1.6086210000000012,0.3780629999999985,0.5708010000000023,track_phase_profile_going,23,"{""source_distance"": 16, ""source_distance_going"": 0, ""source_phase_profile"": 356, ""source_phase_profile_going"": 38, ""track_distance"": 16, ""track_distance_going"": 0, ""track_distance_going_rail"": 0, ""track_phase_profile_going"": 23}",2026-05-30
expected-tempo-targets-v2.0-walk-forward,2026-05-30|rosehill|8,2026-05-30,racing-com-nsw-authorised-v2,NSW,rosehill,8,1200,heavy,true,,,13,0.6923076923076923,1.5175290984927727,1.7179183971420855,-0.14813402304534934,very_fast_or_collapse,very_fast_early,25.212692307692304,24.0725,23.885961538461537,1.2801680769230777,0.3216101538461526,0.49980726923077107,track_distance_going,6,"{""source_distance"": 130, ""source_distance_going"": 12, ""source_phase_profile"": 356, ""source_phase_profile_going"": 38, ""track_distance"": 54, ""track_distance_going"": 6, ""track_distance_going_rail"": 3, ""track_phase_profile_going"": 23}",2026-05-30
expected-tempo-targets-v2.0-walk-forward,2026-05-30|rosehill|9,2026-05-30,racing-com-nsw-authorised-v2,NSW,rosehill,9,2000,heavy,true,,,18,0.3333333333333333,3.3786703020786115,3.6369599775698904,1.6292893670473525,very_fast_or_collapse,sustained_high_pressure,24.9,24.05,23.905,1.6086210000000012,0.3780629999999985,0.5708010000000023,track_phase_profile_going,23,"{""source_distance"": 43, ""source_distance_going"": 7, ""source_phase_profile"": 356, ""source_phase_profile_going"": 38, ""track_distance"": 22, ""track_distance_going"": 4, ""track_distance_going_rail"": 3, ""track_phase_profile_going"": 23}",2026-05-30
expected-tempo-targets-v2.0-walk-forward,2026-06-06|flemington|1,2026-06-06,racing-com-rv-authorised,VIC,flemington,1,1100,heavy,out_7m_plus,handicap_unspecified,,6,1.0,-1.3339928354092796,-3.5410764872521523,-1.6609334952111205,slow,very_slow_early,19.67,21.65,23.025,0.3335849999999968,0.35582399999999764,0.5930399999999979,track_distance,51,"{""source_distance"": 127, ""source_distance_going"": 1, ""source_phase_profile"": 127, ""source_phase_profile_going"": 1, ""track_distance"": 51, ""track_distance_going"": 0, ""track_distance_going_rail"": 0, ""track_phase_profile_going"": 0}",2026-06-06
expected-tempo-targets-v2.0-walk-forward,2026-06-06|flemington|2,2026-06-06,racing-com-rv-authorised,VIC,flemington,2,1600,heavy,out_7m_plus,benchmark,,13,1.0,-2.0795768597420574,0.2521460783090066,1.617287235430079,slow,sprint_home,31.884999999999998,23.509999999999998,25.075000000000003,10.115038499999997,0.7931910000000002,0.6708764999999982,source_phase_profile_going,10,"{""source_distance"": 173, ""source_distance_going"": 3, ""source_phase_profile"": 812, ""source_phase_profile_going"": 10, ""track_distance"": 66, ""track_distance_going"": 1, ""track_distance_going_rail"": 1, ""track_phase_profile_going"": 4}",2026-06-06
expected-tempo-targets-v2.0-walk-forward,2026-06-06|flemington|3,2026-06-06,racing-com-rv-authorised,VIC,flemington,3,1600,heavy,out_7m_plus,open_or_quality,,12,1.0,-1.9426520225306116,-0.3277899018017117,0.6111407986417839,slow,very_slow_early,31.884999999999998,23.509999999999998,25.075000000000003,10.115038499999997,0.7931910000000002,0.6708764999999982,source_phase_profile_going,10,"{""source_distance"": 173, ""source_distance_going"": 3, ""source_phase_profile"": 812, ""source_phase_profile_going"": 10, ""track_distance"": 66, ""track_distance_going"": 1, ""track_distance_going_rail"": 1, ""track_phase_profile_going"": 4}",2026-06-06
expected-tempo-targets-v2.0-walk-forward,2026-06-06|flemington|4,2026-06-06,racing-com-rv-authorised,VIC,flemington,4,1200,heavy,out_7m_plus,open_or_quality,,11,1.0,0.6653347763162795,1.142965512920593,0.7598693366255368,fast,sustained_high_pressure,30.669999999999998,23.44,25.034000000000002,8.191364999999998,0.7086828000000003,0.7027523999999982,source_distance_going,5,"{""source_distance"": 217, ""source_distance_going"": 5, ""source_phase_profile"": 812, ""source_phase_profile_going"": 10, ""track_distance"": 64, ""track_distance_going"": 2, ""track_distance_going_rail"": 1, ""track_phase_profile_going"": 4}",2026-06-06
expected-tempo-targets-v2.0-walk-forward,2026-06-06|flemington|5,2026-06-06,racing-com-rv-authorised,VIC,flemington,5,1400,heavy,out_7m_plus,benchmark,,8,1.0,-0.7810153169461491,-0.44125563704076487,2.6606983550623826,slow,sprint_home,31.884999999999998,23.509999999999998,25.075000000000003,10.115038499999997,0.7931910000000002,0.6708764999999982,source_phase_profile_going,10,"{""source_distance"": 215, ""source_distance_going"": 2, ""source_phase_profile"": 812, ""source_phase_profile_going"": 10, ""track_distance"": 72, ""track_distance_going"": 1, ""track_distance_going_rail"": 0, ""track_phase_profile_going"": 4}",2026-06-06
expected-tempo-targets-v2.0-walk-forward,2026-06-06|flemington|6,2026-06-06,racing-com-rv-authorised,VIC,flemington,6,1400,heavy,out_7m_plus,benchmark,,13,1.0,-0.6500222416355612,0.4412556370407604,-0.42481738442171896,slow,slow_early,31.884999999999998,23.509999999999998,25.075000000000003,10.115038499999997,0.7931910000000002,0.6708764999999982,source_phase_profile_going,10,"{""source_distance"": 215, ""source_distance_going"": 2, ""source_phase_profile"": 812, ""source_phase_profile_going"": 10, ""track_distance"": 72, ""track_distance_going"": 1, ""track_distance_going_rail"": 0, ""track_phase_profile_going"": 4}",2026-06-06
expected-tempo-targets-v2.0-walk-forward,2026-06-06|flemington|7,2026-06-06,racing-com-rv-authorised,VIC,flemington,7,2000,heavy,out_7m_plus,benchmark,,14,1.0,-4.0,-0.30887894592853543,1.6321931085676855,slow,sprint_home,31.884999999999998,23.509999999999998,25.075000000000003,10.115038499999997,0.7931910000000002,0.6708764999999982,source_phase_profile_going,10,"{""source_distance"": 94, ""source_distance_going"": 0, ""source_phase_profile"": 812, ""source_phase_profile_going"": 10, ""track_distance"": 41, ""track_distance_going"": 0, ""track_distance_going_rail"": 0, ""track_phase_profile_going"": 4}",2026-06-06
expected-tempo-targets-v2.0-walk-forward,2026-06-06|flemington|8,2026-06-06,racing-com-rv-authorised,VIC,flemington,8,2000,heavy,out_7m_plus,open_or_quality,,16,1.0,-4.0,-0.4664702448716651,-1.468228504054028,slow,very_slow_early,31.884999999999998,23.509999999999998,25.075000000000003,10.115038499999997,0.7931910000000002,0.6708764999999982,source_phase_profile_going,10,"{""source_distance"": 94, ""source_distance_going"": 0, ""source_phase_profile"": 812, ""source_phase_profile_going"": 10, ""track_distance"": 41, ""track_distance_going"": 0, ""track_distance_going_rail"": 0, ""track_phase_profile_going"": 4}",2026-06-06
expected-tempo-targets-v2.0-walk-forward,2026-06-06|flemington|9,2026-06-06,racing-com-rv-authorised,VIC,flemington,9,1200,heavy,out_7m_plus,benchmark,,11,1.0,0.5664501581848689,1.8908318361896173,0.774099099483695,fast,sustained_high_pressure,30.669999999999998,23.44,25.034000000000002,8.191364999999998,0.7086828000000003,0.7027523999999982,source_distance_going,5,"{""source_distance"": 217, ""source_distance_going"": 5, ""source_phase_profile"": 812, ""source_phase_profile_going"": 10, ""track_distance"": 64, ""track_distance_going"": 2, ""track_distance_going_rail"": 1, ""track_phase_profile_going"": 4}",2026-06-06
expected-tempo-targets-v2.0-walk-forward,2026-06-06|randwick|4,2026-06-06,racing-com-nsw-authorised-v2,NSW,randwick,4,1600,soft,out_1_3m,,,11,0.7272727272727273,-0.9746391474436779,-1.4404378931195105,-2.444395083215922,slow,slow_early,24.240000000000002,23.224999999999998,23.96,1.4826,0.8747339999999998,0.9859290000000039,track_phase_profile_going,65,"{""source_distance"": 15, ""source_distance_going"": 2, ""source_phase_profile"": 361, ""source_phase_profile_going"": 128, ""track_distance"": 15, ""track_distance_going"": 2, ""track_distance_going_rail"": 0, ""track_phase_profile_going"": 65}",2026-06-06
expected-tempo-targets-v2.0-walk-forward,2026-06-06|randwick|5,2026-06-06,racing-com-nsw-authorised-v2,NSW,randwick,5,2000,soft,out_1_3m,,,10,0.7,-0.04764614636478734,0.22178170735332012,-1.9751299373068822,even,even,24.626000000000005,23.343999999999998,23.994000000000003,1.3432356000000003,0.8747339999999998,0.868803600000002,track_distance_going,5,"{""source_distance"": 44, ""source_distance_going"": 13, ""source_phase_profile"": 361, ""source_phase_profile_going"": 128, ""track_distance"": 21, ""track_distance_going"": 5, ""track_distance_going_rail"": 0, ""track_phase_profile_going"": 65}",2026-06-06
expected-tempo-targets-v2.0-walk-forward,2026-06-06|randwick|6,2026-06-06,racing-com-nsw-authorised-v2,NSW,randwick,6,1000,soft,out_1_3m,,,13,0.7692307692307693,4.0,-4.0,-4.0,very_fast_or_collapse,pace_collapse,13.64,21.740000000000002,23.33,0.21497700000000067,0.3261720000000009,0.30763949999999934,track_distance_going,10,"{""source_distance"": 22, ""source_distance_going"": 10, ""source_phase_profile"": 22, ""source_phase_profile_going"": 10, ""track_distance"": 22, ""track_distance_going"": 10, ""track_distance_going_rail"": 2, ""track_phase_profile_going"": 10}",2026-06-06
expected-tempo-targets-v2.0-walk-forward,2026-06-06|randwick|7,2026-06-06,racing-com-nsw-authorised-v2,NSW,randwick,7,1300,soft,out_1_3m,,,14,0.7857142857142857,3.311749629030085,0.3143812861967165,-0.4462796002551867,very_fast_or_collapse,very_fast_early,24.240000000000002,23.224999999999998,23.96,1.4826,0.8747339999999998,0.9859290000000039,track_phase_profile_going,65,"{""source_distance"": 37, ""source_distance_going"": 16, ""source_phase_profile"": 361, ""source_phase_profile_going"": 128, ""track_distance"": 8, ""track_distance_going"": 4, ""track_distance_going_rail"": 1, ""track_phase_profile_going"": 65}",2026-06-06
expected-tempo-targets-v2.0-walk-forward,2026-06-13|rosehill|1,2026-06-13,racing-com-nsw-authorised-v2,NSW,rosehill,1,1400,soft,out_1_3m,,,6,0.8333333333333334,4.0,1.629569674895452,-1.4106996276634802,very_fast_or_collapse,pace_collapse,23.740000000000002,23.474999999999998,23.39,0.4040085000000039,0.46331249999999996,0.5670944999999952,track_distance_going,18,"{""source_distance"": 104, ""source_distance_going"": 46, ""source_phase_profile"": 364, ""source_phase_profile_going"": 131, ""track_distance"": 43, ""track_distance_going"": 18, ""track_distance_going_rail"": 3, ""track_phase_profile_going"": 63}",2026-06-13
expected-tempo-targets-v2.0-walk-forward,2026-06-13|rosehill|4,2026-06-13,racing-com-nsw-authorised-v2,NSW,rosehill,4,2000,soft,out_1_3m,,,9,0.6666666666666666,-1.2219977069676706,0.14675112758487288,-0.29026360959544045,slow,slow_early,24.887142857142855,23.599285714285717,23.52214285714286,1.2093779999999994,0.5062020000000031,0.7677749999999924,track_distance_going,8,"{""source_distance"": 45, ""source_distance_going"": 14, ""source_phase_profile"": 364, ""source_phase_profile_going"": 131, ""track_distance"": 23, ""track_distance_going"": 8, ""track_distance_going_rail"": 3, ""track_phase_profile_going"": 63}",2026-06-13
expected-tempo-targets-v2.0-walk-forward,2026-06-13|rosehill|5,2026-06-13,racing-com-nsw-authorised-v2,NSW,rosehill,5,1400,soft,out_1_3m,,,8,0.875,-3.316761899811473,0.4640496425198972,-0.705349813831737,slow,very_slow_early,23.740000000000002,23.474999999999998,23.39,0.4040085000000039,0.46331249999999996,0.5670944999999952,track_distance_going,18,"{""source_distance"": 104, ""source_distance_going"": 46, ""source_phase_profile"": 364, ""source_phase_profile_going"": 131, ""track_distance"": 43, ""track_distance_going"": 18, ""track_distance_going_rail"": 3, ""track_phase_profile_going"": 63}",2026-06-13
expected-tempo-targets-v2.0-walk-forward,2026-06-13|rosehill|7,2026-06-13,racing-com-nsw-authorised-v2,NSW,rosehill,7,1300,soft,out_1_3m,,,13,0.6923076923076923,4.0,3.0508942492604265,-0.4305260166871895,very_fast_or_collapse,very_fast_early,23.349999999999998,23.622500000000002,23.325,0.5485619999999988,0.3187589999999998,0.8710274999999978,track_distance_going,12,"{""source_distance"": 38, ""source_distance_going"": 17, ""source_phase_profile"": 364, ""source_phase_profile_going"": 131, ""track_distance"": 29, ""track_distance_going"": 12, ""track_distance_going_rail"": 3, ""track_phase_profile_going"": 63}",2026-06-13
expected-tempo-targets-v2.0-walk-forward,2026-06-13|rosehill|8,2026-06-13,racing-com-nsw-authorised-v2,NSW,rosehill,8,2400,soft,out_1_3m,,,9,0.8888888888888888,0.5901794145420208,1.2555904907179594,-0.8910703611433992,fast,fast_early,24.84,23.475,23.380000000000003,1.4826,0.4818450000000042,0.808016999999992,track_phase_profile_going,63,"{""source_distance"": 12, ""source_distance_going"": 5, ""source_phase_profile"": 364, ""source_phase_profile_going"": 131, ""track_distance"": 8, ""track_distance_going"": 4, ""track_distance_going_rail"": 2, ""track_phase_profile_going"": 63}",2026-06-13
expected-tempo-targets-v2.0-walk-forward,2026-06-13|rosehill|9,2026-06-13,racing-com-nsw-authorised-v2,NSW,rosehill,9,1300,soft,out_1_3m,,,13,0.6923076923076923,-1.4583583988683184,-0.3999887062012298,-0.46496809802216593,slow,very_slow_early,23.349999999999998,23.622500000000002,23.325,0.5485619999999988,0.3187589999999998,0.8710274999999978,track_distance_going,12,"{""source_distance"": 38, ""source_distance_going"": 17, ""source_phase_profile"": 364, ""source_phase_profile_going"": 131, ""track_distance"": 29, ""track_distance_going"": 12, ""track_distance_going_rail"": 3, ""track_phase_profile_going"": 63}",2026-06-13
expected-tempo-targets-v2.0-walk-forward,2026-06-13|sportsbet-sandown-hillside|1,2026-06-13,racing-com-rv-authorised,VIC,sportsbet-sandown-hillside,1,1000,soft,out_4_6m,handicap_unspecified,,7,1.0,-2.1781677700230597,0.8632564132305947,1.3605604143562393,slow,sprint_home,13.650617283950616,21.776831275720163,23.378422496570643,0.1787661728395056,0.4365229958847746,0.6823824115226331,track_distance_going,7,"{""source_distance"": 85, ""source_distance_going"": 28, ""source_phase_profile"": 85, ""source_phase_profile_going"": 28, ""track_distance"": 10, ""track_distance_going"": 7, ""track_distance_going_rail"": 3, ""track_phase_profile_going"": 7}",2026-06-13
expected-tempo-targets-v2.0-walk-forward,2026-06-13|sportsbet-sandown-hillside|2,2026-06-13,racing-com-rv-authorised,VIC,sportsbet-sandown-hillside,2,1200,soft,out_4_6m,benchmark,,12,1.0,1.4984852793018597,1.5815645394623707,0.41179435841729034,very_fast_or_collapse,sustained_high_pressure,49.94,23.475,23.975,15.952775999999997,0.644930999999998,0.7042349999999968,track_phase_profile_going,21,"{""source_distance"": 219, ""source_distance_going"": 48, ""source_phase_profile"": 820, ""source_phase_profile_going"": 177, ""track_distance"": 0, ""track_distance_going"": 0, ""track_distance_going_rail"": 0, ""track_phase_profile_going"": 21}",2026-06-13
expected-tempo-targets-v2.0-walk-forward,2026-06-13|sportsbet-sandown-hillside|3,2026-06-13,racing-com-rv-authorised,VIC,sportsbet-sandown-hillside,3,1600,soft,out_4_6m,benchmark,,9,1.0,-0.17724294616060055,-0.08110526090314418,-0.537611798874982,even,even,50.43655172413793,23.54948275862069,23.975,11.190562551724136,0.7461567931034474,0.6789285517241349,track_distance_going,9,"{""source_distance"": 175, ""source_distance_going"": 37, ""source_phase_profile"": 820, ""source_phase_profile_going"": 177, ""track_distance"": 12, ""track_distance_going"": 9, ""track_distance_going_rail"": 3, ""track_phase_profile_going"": 21}",2026-06-13
expected-tempo-targets-v2.0-walk-forward,2026-06-13|sportsbet-sandown-hillside|4,2026-06-13,racing-com-rv-authorised,VIC,sportsbet-sandown-hillside,4,1400,soft,out_4_6m,handicap_unspecified,,10,1.0,-1.7476952683974813,0.4496605063177317,0.47214353163361805,slow,very_slow_early,38.388,23.343,23.864,0.6019356000000003,0.46257120000000274,0.8450819999999993,track_distance_going_rail,5,"{""source_distance"": 217, ""source_distance_going"": 50, ""source_phase_profile"": 820, ""source_phase_profile_going"": 177, ""track_distance"": 23, ""track_distance_going"": 10, ""track_distance_going_rail"": 5, ""track_phase_profile_going"": 21}",2026-06-13
expected-tempo-targets-v2.0-walk-forward,2026-06-13|sportsbet-sandown-hillside|5,2026-06-13,racing-com-rv-authorised,VIC,sportsbet-sandown-hillside,5,1400,soft,out_4_6m,handicap_unspecified,,7,1.0,-3.874168598767043,0.5253245338231112,0.9395537947796795,slow,sprint_home,38.388,23.343,23.864,0.6019356000000003,0.46257120000000274,0.8450819999999993,track_distance_going_rail,5,"{""source_distance"": 217, ""source_distance_going"": 50, ""source_phase_profile"": 820, ""source_phase_profile_going"": 177, ""track_distance"": 23, ""track_distance_going"": 10, ""track_distance_going_rail"": 5, ""track_phase_profile_going"": 21}",2026-06-13
expected-tempo-targets-v2.0-walk-forward,2026-06-13|sportsbet-sandown-hillside|6,2026-06-13,racing-com-rv-authorised,VIC,sportsbet-sandown-hillside,6,1000,soft,out_4_6m,benchmark,,12,1.0,0.36705649009740793,1.2985141242588367,0.796360643818584,even,even,13.650617283950616,21.776831275720163,23.378422496570643,0.1787661728395056,0.4365229958847746,0.6823824115226331,track_distance_going,7,"{""source_distance"": 85, ""source_distance_going"": 28, ""source_phase_profile"": 85, ""source_phase_profile_going"": 28, ""track_distance"": 10, ""track_distance_going"": 7, ""track_distance_going_rail"": 3, ""track_phase_profile_going"": 7}",2026-06-13
expected-tempo-targets-v2.0-walk-forward,2026-06-13|sportsbet-sandown-hillside|7,2026-06-13,racing-com-rv-authorised,VIC,sportsbet-sandown-hillside,7,2400,soft,out_4_6m,benchmark,,9,1.0,-3.7165945287516116,-0.30235792666192335,0.2058971792086502,slow,very_slow_early,49.94,23.475,23.975,15.952775999999997,0.644930999999998,0.7042349999999968,track_phase_profile_going,21,"{""source_distance"": 22, ""source_distance_going"": 10, ""source_phase_profile"": 820, ""source_phase_profile_going"": 177, ""track_distance"": 1, ""track_distance_going"": 1, ""track_distance_going_rail"": 0, ""track_phase_profile_going"": 21}",2026-06-13
expected-tempo-targets-v2.0-walk-forward,2026-06-13|sportsbet-sandown-hillside|8,2026-06-13,racing-com-rv-authorised,VIC,sportsbet-sandown-hillside,8,1800,soft,out_4_6m,handicap_unspecified,,8,1.0,-0.9073655895375198,-0.41864943691650247,-1.1856837561325475,slow,slow_early,49.94,23.475,23.975,15.952775999999997,0.644930999999998,0.7042349999999968,track_phase_profile_going,21,"{""source_distance"": 40, ""source_distance_going"": 8, ""source_phase_profile"": 820, ""source_phase_profile_going"": 177, ""track_distance"": 8, ""track_distance_going"": 1, ""track_distance_going_rail"": 0, ""track_phase_profile_going"": 21}",2026-06-13
expected-tempo-targets-v2.0-walk-forward,2026-06-13|sportsbet-sandown-hillside|9,2026-06-13,racing-com-rv-authorised,VIC,sportsbet-sandown-hillside,9,1400,heavy,out_4_6m,benchmark,,12,1.0,-0.06399794698817375,-2.1265194777942718,-0.5229747193043158,even,even,38.754999999999995,23.52,24.64,18.906856499999996,0.5337359999999991,1.0229940000000017,source_phase_profile_going,18,"{""source_distance"": 217, ""source_distance_going"": 4, ""source_phase_profile"": 820, ""source_phase_profile_going"": 18, ""track_distance"": 23, ""track_distance_going"": 0, ""track_distance_going_rail"": 0, ""track_phase_profile_going"": 0}",2026-06-13
expected-tempo-targets-v2.0-walk-forward,2026-06-20|flemington|2,2026-06-20,racing-com-rv-authorised,VIC,flemington,2,2000,heavy,out_7m_plus,open_or_quality,,15,1.0,-2.0680540038424833,-0.9004451639012552,0.37406256093243573,slow,very_slow_early,39.1225,23.2625,24.5575,19.5147225,0.7413,0.8487885000000049,track_phase_profile_going,12,"{""source_distance"": 96, ""source_distance_going"": 2, ""source_phase_profile"": 827, ""source_phase_profile_going"": 19, ""track_distance"": 43, ""track_distance_going"": 2, ""track_distance_going_rail"": 2, ""track_phase_profile_going"": 12}",2026-06-20
expected-tempo-targets-v2.0-walk-forward,2026-06-20|flemington|4,2026-06-20,racing-com-rv-authorised,VIC,flemington,4,1100,heavy,out_7m_plus,handicap_unspecified,,11,1.0,-0.10492078480747095,-1.5667858267008423,-2.309619873359255,even,even,19.675,21.6525,23.037499999999998,0.33358499999999947,0.3558240000000003,0.6115724999999994,track_distance,52,"{""source_distance"": 128, ""source_distance_going"": 2, ""source_phase_profile"": 128, ""source_phase_profile_going"": 2, ""track_distance"": 52, ""track_distance_going"": 1, ""track_distance_going_rail"": 1, ""track_phase_profile_going"": 1}",2026-06-20
expected-tempo-targets-v2.0-walk-forward,2026-06-20|flemington|7,2026-06-20,racing-com-rv-authorised,VIC,flemington,7,1100,soft,out_7m_plus,open_or_quality,,12,1.0,-1.1752401871539249,-0.1311747574743538,0.06840839230045441,slow,slow_early,19.470000000000002,22.237448979591836,23.846122448979592,0.34886485714285537,0.4768525714285724,0.8934934285714281,track_distance_going,8,"{""source_distance"": 128, ""source_distance_going"": 25, ""source_phase_profile"": 128, ""source_phase_profile_going"": 25, ""track_distance"": 52, ""track_distance_going"": 8, ""track_distance_going_rail"": 4, ""track_phase_profile_going"": 8}",2026-06-20
expected-tempo-targets-v2.0-walk-forward,2026-06-20|randwick|2,2026-06-20,racing-com-nsw-authorised-v2,NSW,randwick,2,1600,soft,out_7m_plus,,,14,0.5714285714285714,-0.4160714082554431,-0.33583431120382906,-1.3105763511538122,even,even,24.265,23.207499999999996,24.0,1.5381974999999968,0.8858535000000054,1.0415265000000007,track_phase_profile_going,68,"{""source_distance"": 16, ""source_distance_going"": 3, ""source_phase_profile"": 370, ""source_phase_profile_going"": 137, ""track_distance"": 16, ""track_distance_going"": 3, ""track_distance_going_rail"": 0, ""track_phase_profile_going"": 68}",2026-06-20
expected-tempo-targets-v2.0-walk-forward,2026-06-20|randwick|4,2026-06-20,racing-com-nsw-authorised-v2,NSW,randwick,4,1300,soft,out_7m_plus,,,10,1.0,-0.3545305845885702,-1.8504915468741454,-2.374680046501192,even,even,23.973000000000003,23.3,24.044000000000004,1.3595441999999982,0.7457478000000044,0.9310728,track_distance_going,5,"{""source_distance"": 40, ""source_distance_going"": 19, ""source_phase_profile"": 370, ""source_phase_profile_going"": 137, ""track_distance"": 9, ""track_distance_going"": 5, ""track_distance_going_rail"": 2, ""track_phase_profile_going"": 68}",2026-06-20
expected-tempo-targets-v2.0-walk-forward,2026-06-20|randwick|7,2026-06-20,racing-com-nsw-authorised-v2,NSW,randwick,7,1000,soft,out_7m_plus,,,13,0.6923076923076923,4.0,-2.8720251693841914,-3.992256116902001,very_fast_or_collapse,pace_collapse,13.64,21.78,23.45,0.214977000000002,0.45960600000000335,0.5485620000000014,track_distance_going,11,"{""source_distance"": 23, ""source_distance_going"": 11, ""source_phase_profile"": 23, ""source_phase_profile_going"": 11, ""track_distance"": 23, ""track_distance_going"": 11, ""track_distance_going_rail"": 2, ""track_phase_profile_going"": 11}",2026-06-20
expected-tempo-targets-v2.0-walk-forward,2026-06-20|randwick|9,2026-06-20,racing-com-nsw-authorised-v2,NSW,randwick,9,1400,soft,out_7m_plus,,,15,0.7333333333333333,-1.9984911391898816,-0.9409562447019245,-1.6399383171587734,slow,very_slow_early,22.89,23.605,24.07,0.4003020000000046,0.6004529999999964,0.7561260000000023,track_distance_going_rail,15,"{""source_distance"": 106, ""source_distance_going"": 48, ""source_phase_profile"": 370, ""source_phase_profile_going"": 137, ""track_distance"": 61, ""track_distance_going"": 28, ""track_distance_going_rail"": 15, ""track_phase_profile_going"": 68}",2026-06-20
expected-tempo-targets-v2.0-walk-forward,2026-06-27|caulfield|1,2026-06-27,racing-com-rv-authorised,VIC,caulfield,1,1000,soft,out_1_3m,handicap_unspecified,,12,1.0,0.29719694270617436,-0.22224795893826269,0.05504874106239764,even,even,13.558100137174211,22.06185871056241,23.675219478737993,0.19549372427983625,0.5090768436213995,0.5489585802469159,track_distance_going,7,"{""source_distance"": 87, ""source_distance_going"": 30, ""source_phase_profile"": 87, ""source_phase_profile_going"": 30, ""track_distance"": 19, ""track_distance_going"": 7, ""track_distance_going_rail"": 1, ""track_phase_profile_going"": 7}",2026-06-27
expected-tempo-targets-v2.0-walk-forward,2026-06-27|caulfield|2,2026-06-27,racing-com-rv-authorised,VIC,caulfield,2,1100,soft,out_1_3m,benchmark,,12,1.0,-1.1290388799934334,0.17665234176768108,0.29270353713135255,slow,slow_early,18.98,22.47,23.78,0.34099800000000063,0.31134599999999596,0.7857780000000016,track_distance_going,17,"{""source_distance"": 130, ""source_distance_going"": 26, ""source_phase_profile"": 130, ""source_phase_profile_going"": 26, ""track_distance"": 73, ""track_distance_going"": 17, ""track_distance_going_rail"": 1, ""track_phase_profile_going"": 17}",2026-06-27
expected-tempo-targets-v2.0-walk-forward,2026-06-27|caulfield|3,2026-06-27,racing-com-rv-authorised,VIC,caulfield,3,1200,soft,out_1_3m,handicap_unspecified,,9,1.0,-1.4995959603897093,-3.035208417644684,1.6980186951858467,slow,sprint_home,24.975,22.94,23.98,0.7635390000000009,0.29651999999999895,0.5300294999999973,track_distance_going,18,"{""source_distance"": 220, ""source_distance_going"": 49, ""source_phase_profile"": 828, ""source_phase_profile_going"": 183, ""track_distance"": 88, ""track_distance_going"": 18, ""track_distance_going_rail"": 0, ""track_phase_profile_going"": 80}",2026-06-27
expected-tempo-targets-v2.0-walk-forward,2026-06-27|caulfield|4,2026-06-27,racing-com-rv-authorised,VIC,caulfield,4,2000,soft,out_1_3m,benchmark,,14,1.0,-0.48400057380309586,-0.5521412728738597,1.2698320930962417,even,even,77.7475,23.935000000000002,24.9925,1.286155499999989,0.796897500000002,0.7264740000000003,track_distance_going,14,"{""source_distance"": 97, ""source_distance_going"": 20, ""source_phase_profile"": 828, ""source_phase_profile_going"": 183, ""track_distance"": 53, ""track_distance_going"": 14, ""track_distance_going_rail"": 2, ""track_phase_profile_going"": 80}",2026-06-27
expected-tempo-targets-v2.0-walk-forward,2026-06-27|caulfield|5,2026-06-27,racing-com-rv-authorised,VIC,caulfield,5,2000,soft,out_1_3m,open_or_quality,,9,1.0,0.2701850592716041,-0.1694069814499326,-0.12044477847796142,even,even,77.7475,23.935000000000002,24.9925,1.286155499999989,0.796897500000002,0.7264740000000003,track_distance_going,14,"{""source_distance"": 97, ""source_distance_going"": 20, ""source_phase_profile"": 828, ""source_phase_profile_going"": 183, ""track_distance"": 53, ""track_distance_going"": 14, ""track_distance_going_rail"": 2, ""track_phase_profile_going"": 80}",2026-06-27
expected-tempo-targets-v2.0-walk-forward,2026-06-27|caulfield|6,2026-06-27,racing-com-rv-authorised,VIC,caulfield,6,1000,soft,out_1_3m,handicap_unspecified,,14,1.0,0.8854511202949321,0.8090305338435554,-0.9195238756172845,very_fast_or_collapse,pace_collapse,13.558100137174211,22.06185871056241,23.675219478737993,0.19549372427983625,0.5090768436213995,0.5489585802469159,track_distance_going,7,"{""source_distance"": 87, ""source_distance_going"": 30, ""source_phase_profile"": 87, ""source_phase_profile_going"": 30, ""track_distance"": 19, ""track_distance_going"": 7, ""track_distance_going_rail"": 1, ""track_phase_profile_going"": 7}",2026-06-27
expected-tempo-targets-v2.0-walk-forward,2026-06-27|caulfield|7,2026-06-27,racing-com-rv-authorised,VIC,caulfield,7,1700,soft,out_1_3m,benchmark,,15,1.0,-0.9148462708946585,-0.9110420210939778,-0.14253389634222455,slow,slow_early,38.95,23.7775,24.39,20.396869499999998,0.7820714999999997,0.9822224999999994,track_phase_profile_going,80,"{""source_distance"": 7, ""source_distance_going"": 0, ""source_phase_profile"": 828, ""source_phase_profile_going"": 183, ""track_distance"": 6, ""track_distance_going"": 0, ""track_distance_going_rail"": 0, ""track_phase_profile_going"": 80}",2026-06-27
expected-tempo-targets-v2.0-walk-forward,2026-06-27|caulfield|8,2026-06-27,racing-com-rv-authorised,VIC,caulfield,8,1400,soft,out_1_3m,handicap_unspecified,,14,1.0,-0.6096358787576867,0.7620869620060249,-0.828234976710232,slow,slow_early,37.75,23.86,24.2,0.7709520000000046,0.570800999999997,1.0081679999999995,track_distance_going,25,"{""source_distance"": 220, ""source_distance_going"": 52, ""source_phase_profile"": 828, ""source_phase_profile_going"": 183, ""track_distance"": 116, ""track_distance_going"": 25, ""track_distance_going_rail"": 3, ""track_phase_profile_going"": 80}",2026-06-27
expected-tempo-targets-v2.0-walk-forward,2026-06-27|caulfield|9,2026-06-27,racing-com-rv-authorised,VIC,caulfield,9,1100,soft,out_1_3m,benchmark,,12,1.0,-0.6744907594765952,0.12847443037649325,-0.5217758705384927,slow,slow_early,18.98,22.47,23.78,0.34099800000000063,0.31134599999999596,0.7857780000000016,track_distance_going,17,"{""source_distance"": 130, ""source_distance_going"": 26, ""source_phase_profile"": 130, ""source_phase_profile_going"": 26, ""track_distance"": 73, ""track_distance_going"": 17, ""track_distance_going_rail"": 1, ""track_phase_profile_going"": 17}",2026-06-27
expected-tempo-targets-v2.0-walk-forward,2026-06-27|rosehill|1,2026-06-27,racing-com-nsw-authorised-v2,NSW,rosehill,1,1300,soft,out_4_6m,,,13,0.5384615384615384,-0.5019466117035191,0.4156745378169726,-0.4786708615640385,slow,slow_early,23.349999999999998,23.622500000000002,23.575,0.6375179999999996,0.3187589999999998,0.8043104999999979,track_distance_going,14,"{""source_distance"": 41, ""source_distance_going"": 20, ""source_phase_profile"": 373, ""source_phase_profile_going"": 140, ""track_distance"": 31, ""track_distance_going"": 14, ""track_distance_going_rail"": 2, ""track_phase_profile_going"": 69}",2026-06-27
expected-tempo-targets-v2.0-walk-forward,2026-06-27|rosehill|2,2026-06-27,racing-com-nsw-authorised-v2,NSW,rosehill,2,1500,soft,out_4_6m,,,16,0.75,0.8009577768784565,-0.6323350870093164,-1.0679437025046044,very_fast_or_collapse,pace_collapse,24.8,23.47,23.56,1.4232960000000012,0.4744320000000004,0.800604000000004,track_phase_profile_going,69,"{""source_distance"": 18, ""source_distance_going"": 0, ""source_phase_profile"": 373, ""source_phase_profile_going"": 140, ""track_distance"": 18, ""track_distance_going"": 0, ""track_distance_going_rail"": 0, ""track_phase_profile_going"": 69}",2026-06-27
expected-tempo-targets-v2.0-walk-forward,2026-06-27|rosehill|5,2026-06-27,racing-com-nsw-authorised-v2,NSW,rosehill,5,1400,soft,out_4_6m,,,12,0.6666666666666666,4.0,1.133144475920664,0.04996227847974407,very_fast_or_collapse,sustained_high_pressure,23.740000000000002,23.424999999999997,23.49,0.45589950000000407,0.46331250000000523,0.6004529999999964,track_distance_going,20,"{""source_distance"": 107, ""source_distance_going"": 49, ""source_phase_profile"": 373, ""source_phase_profile_going"": 140, ""track_distance"": 45, ""track_distance_going"": 20, ""track_distance_going_rail"": 4, ""track_phase_profile_going"": 69}",2026-06-27
expected-tempo-targets-v2.0-walk-forward,2026-06-27|rosehill|6,2026-06-27,racing-com-nsw-authorised-v2,NSW,rosehill,6,2400,soft,out_4_6m,,,11,0.8181818181818182,-0.8807524426201025,-1.1143760373961125,0.3155653196122638,slow,slow_early,24.980000000000004,23.406,23.652,1.3284096000000014,0.44329740000000034,0.8302560000000023,track_distance_going,5,"{""source_distance"": 13, ""source_distance_going"": 6, ""source_phase_profile"": 373, ""source_phase_profile_going"": 140, ""track_distance"": 9, ""track_distance_going"": 5, ""track_distance_going_rail"": 1, ""track_phase_profile_going"": 69}",2026-06-27
expected-tempo-targets-v2.0-walk-forward,2026-06-27|rosehill|7,2026-06-27,racing-com-nsw-authorised-v2,NSW,rosehill,7,1800,soft,out_4_6m,,,13,0.5384615384615384,1.081995593327039,0.885269121813034,0.1124151265794318,very_fast_or_collapse,sustained_high_pressure,24.8,23.47,23.56,1.4232960000000012,0.4744320000000004,0.800604000000004,track_phase_profile_going,69,"{""source_distance"": 0, ""source_distance_going"": 0, ""source_phase_profile"": 373, ""source_phase_profile_going"": 140, ""track_distance"": 0, ""track_distance_going"": 0, ""track_distance_going_rail"": 0, ""track_phase_profile_going"": 69}",2026-06-27
expected-tempo-targets-v2.0-walk-forward,2026-06-27|rosehill|9,2026-06-27,racing-com-nsw-authorised-v2,NSW,rosehill,9,1200,soft,out_4_6m,,,13,0.5384615384615384,-0.20234722784297496,1.6588826787127122,-1.0423948101001892,even,even,25.21,23.415,22.9,0.29651999999999895,0.2742809999999981,0.6523440000000018,track_distance_going,21,"{""source_distance"": 131, ""source_distance_going"": 46, ""source_phase_profile"": 373, ""source_phase_profile_going"": 140, ""track_distance"": 55, ""track_distance_going"": 21, ""track_distance_going_rail"": 3, ""track_phase_profile_going"": 69}",2026-06-27
expected-tempo-targets-v2.0-walk-forward,2026-07-04|flemington|1,2026-07-04,racing-com-rv-authorised,VIC,flemington,1,1200,soft,true,open_or_quality,,7,1.0,-2.37132285878879,-2.8484692404342096,-0.972317848076661,slow,very_slow_early,25.671000000000003,22.228,23.357,0.23573339999999837,0.35878920000000025,0.3424805999999982,track_distance_going_rail,5,"{""source_distance"": 221, ""source_distance_going"": 50, ""source_phase_profile"": 833, ""source_phase_profile_going"": 188, ""track_distance"": 66, ""track_distance_going"": 15, ""track_distance_going_rail"": 5, ""track_phase_profile_going"": 52}",2026-07-04
expected-tempo-targets-v2.0-walk-forward,2026-07-04|flemington|2,2026-07-04,racing-com-rv-authorised,VIC,flemington,2,1600,soft,true,listed,,8,1.0,-0.7777094540761385,-0.7620200946758415,0.1381455028288688,slow,slow_early,50.709807692307685,23.23846153846154,24.26480769230769,0.9967633846153847,0.44820138461538495,0.7224823846153829,track_distance_going_rail,6,"{""source_distance"": 176, ""source_distance_going"": 38, ""source_phase_profile"": 833, ""source_phase_profile_going"": 188, ""track_distance"": 68, ""track_distance_going"": 14, ""track_distance_going_rail"": 6, ""track_phase_profile_going"": 52}",2026-07-04
expected-tempo-targets-v2.0-walk-forward,2026-07-04|flemington|3,2026-07-04,racing-com-rv-authorised,VIC,flemington,3,1400,soft,true,open_or_quality,,10,1.0,-0.6732655264893511,0.2814100519670435,1.2852990292847186,slow,slow_early,37.54730769230769,23.091923076923074,24.396538461538462,0.6278240769230804,0.3444193846153851,0.4952454230769193,track_distance_going_rail,6,"{""source_distance"": 221, ""source_distance_going"": 53, ""source_phase_profile"": 833, ""source_phase_profile_going"": 188, ""track_distance"": 74, ""track_distance_going"": 15, ""track_distance_going_rail"": 6, ""track_phase_profile_going"": 52}",2026-07-04
expected-tempo-targets-v2.0-walk-forward,2026-07-04|flemington|4,2026-07-04,racing-com-rv-authorised,VIC,flemington,4,2500,soft,true,open_or_quality,,15,1.0,-3.9606314536347997,-2.1387997139879618,-2.3672788523264146,slow,very_slow_early,38.1,23.02,24.015,18.421305,0.7153544999999999,0.9525705000000001,track_phase_profile_going,52,"{""source_distance"": 10, ""source_distance_going"": 1, ""source_phase_profile"": 833, ""source_phase_profile_going"": 188, ""track_distance"": 7, ""track_distance_going"": 0, ""track_distance_going_rail"": 0, ""track_phase_profile_going"": 52}",2026-07-04
expected-tempo-targets-v2.0-walk-forward,2026-07-04|flemington|5,2026-07-04,racing-com-rv-authorised,VIC,flemington,5,1200,soft,true,listed,,9,1.0,-4.0,-3.2386705062471175,1.976754303747433,slow,sprint_home,25.671000000000003,22.228,23.357,0.23573339999999837,0.35878920000000025,0.3424805999999982,track_distance_going_rail,5,"{""source_distance"": 221, ""source_distance_going"": 50, ""source_phase_profile"": 833, ""source_phase_profile_going"": 188, ""track_distance"": 66, ""track_distance_going"": 15, ""track_distance_going_rail"": 5, ""track_phase_profile_going"": 52}",2026-07-04
expected-tempo-targets-v2.0-walk-forward,2026-07-04|flemington|7,2026-07-04,racing-com-rv-authorised,VIC,flemington,7,1600,soft,true,listed,,13,1.0,-0.00019293213944698338,0.13043587206163423,0.43573061296889826,even,even,50.709807692307685,23.23846153846154,24.26480769230769,0.9967633846153847,0.44820138461538495,0.7224823846153829,track_distance_going_rail,6,"{""source_distance"": 176, ""source_distance_going"": 38, ""source_phase_profile"": 833, ""source_phase_profile_going"": 188, ""track_distance"": 68, ""track_distance_going"": 14, ""track_distance_going_rail"": 6, ""track_phase_profile_going"": 52}",2026-07-04
expected-tempo-targets-v2.0-walk-forward,2026-07-04|flemington|8,2026-07-04,racing-com-rv-authorised,VIC,flemington,8,1200,soft,true,listed,,14,1.0,-0.4623867470625671,-1.1622423417427217,-0.5343368354295128,even,even,25.671000000000003,22.228,23.357,0.23573339999999837,0.35878920000000025,0.3424805999999982,track_distance_going_rail,5,"{""source_distance"": 221, ""source_distance_going"": 50, ""source_phase_profile"": 833, ""source_phase_profile_going"": 188, ""track_distance"": 66, ""track_distance_going"": 15, ""track_distance_going_rail"": 5, ""track_phase_profile_going"": 52}",2026-07-04
expected-tempo-targets-v2.0-walk-forward,2026-07-04|flemington|9,2026-07-04,racing-com-rv-authorised,VIC,flemington,9,1600,soft,true,open_or_quality,,12,1.0,0.08508307349232018,-1.498296267234266,0.29731893383399877,even,even,50.709807692307685,23.23846153846154,24.26480769230769,0.9967633846153847,0.44820138461538495,0.7224823846153829,track_distance_going_rail,6,"{""source_distance"": 176, ""source_distance_going"": 38, ""source_phase_profile"": 833, ""source_phase_profile_going"": 188, ""track_distance"": 68, ""track_distance_going"": 14, ""track_distance_going_rail"": 6, ""track_phase_profile_going"": 52}",2026-07-04
expected-tempo-targets-v2.0-walk-forward,2026-07-04|rosehill|1,2026-07-04,racing-com-nsw-authorised-v2,NSW,rosehill,1,1200,soft,out_1_3m,,,11,1.0,-1.5228067237548046,0.150619778399811,-0.11872281623377144,slow,very_slow_early,25.249259259259254,23.330740740740737,22.925185185185185,0.3025602222222213,0.33687966666666747,0.7143935555555544,track_distance_going_rail,7,"{""source_distance"": 132, ""source_distance_going"": 47, ""source_phase_profile"": 379, ""source_phase_profile_going"": 146, ""track_distance"": 56, ""track_distance_going"": 22, ""track_distance_going_rail"": 7, ""track_phase_profile_going"": 75}",2026-07-04
expected-tempo-targets-v2.0-walk-forward,2026-07-04|rosehill|2,2026-07-04,racing-com-nsw-authorised-v2,NSW,rosehill,2,1200,soft,out_1_3m,,,16,1.0,0.6420515487213556,0.8333561461829762,-1.2455526899635037,fast,fast_early,25.249259259259254,23.330740740740737,22.925185185185185,0.3025602222222213,0.33687966666666747,0.7143935555555544,track_distance_going_rail,7,"{""source_distance"": 132, ""source_distance_going"": 47, ""source_phase_profile"": 379, ""source_phase_profile_going"": 146, ""track_distance"": 56, ""track_distance_going"": 22, ""track_distance_going_rail"": 7, ""track_phase_profile_going"": 75}",2026-07-04
expected-tempo-targets-v2.0-walk-forward,2026-07-04|rosehill|5,2026-07-04,racing-com-nsw-authorised-v2,NSW,rosehill,5,1300,soft,out_1_3m,,,7,1.0,1.247345925059456,4.0,-0.725371106903261,very_fast_or_collapse,fast_early,23.34,23.646,23.604,0.6493787999999994,0.2394247999999985,0.7665042000000033,track_distance_going_rail,5,"{""source_distance"": 42, ""source_distance_going"": 21, ""source_phase_profile"": 379, ""source_phase_profile_going"": 146, ""track_distance"": 32, ""track_distance_going"": 15, ""track_distance_going_rail"": 5, ""track_phase_profile_going"": 75}",2026-07-04
expected-tempo-targets-v2.0-walk-forward,2026-07-04|rosehill|7,2026-07-04,racing-com-nsw-authorised-v2,NSW,rosehill,7,2000,soft,out_1_3m,,,17,1.0,-0.7809574623177415,-1.580848188380827,-0.7023341016959387,slow,slow_early,24.699655172413795,23.60655172413793,23.643793103448274,1.1400682758620695,0.5145644482758593,0.6068435172413762,track_distance_going,9,"{""source_distance"": 46, ""source_distance_going"": 15, ""source_phase_profile"": 379, ""source_phase_profile_going"": 146, ""track_distance"": 24, ""track_distance_going"": 9, ""track_distance_going_rail"": 4, ""track_phase_profile_going"": 75}",2026-07-04
expected-tempo-targets-v2.0-walk-forward,2026-07-04|rosehill|8,2026-07-04,racing-com-nsw-authorised-v2,NSW,rosehill,8,1200,soft,out_1_3m,,,12,1.0,0.1462824786886527,2.673775920207121,-1.1545664268673173,even,even,25.249259259259254,23.330740740740737,22.925185185185185,0.3025602222222213,0.33687966666666747,0.7143935555555544,track_distance_going_rail,7,"{""source_distance"": 132, ""source_distance_going"": 47, ""source_phase_profile"": 379, ""source_phase_profile_going"": 146, ""track_distance"": 56, ""track_distance_going"": 22, ""track_distance_going_rail"": 7, ""track_phase_profile_going"": 75}",2026-07-04
expected-tempo-targets-v2.0-walk-forward,2026-07-04|rosehill|9,2026-07-04,racing-com-nsw-authorised-v2,NSW,rosehill,9,1400,soft,out_1_3m,,,12,1.0,0.8331944675887388,0.3007864197665944,0.8097927980542361,fast,fast_early,23.680000000000003,23.380000000000003,23.526,0.5040839999999999,0.5485620000000004,0.4951883999999994,track_distance_going_rail,5,"{""source_distance"": 108, ""source_distance_going"": 50, ""source_phase_profile"": 379, ""source_phase_profile_going"": 146, ""track_distance"": 46, ""track_distance_going"": 21, ""track_distance_going_rail"": 5, ""track_phase_profile_going"": 75}",2026-07-04
expected-tempo-targets-v2.0-walk-forward,2026-07-04|rosehill|10,2026-07-04,racing-com-nsw-authorised-v2,NSW,rosehill,10,1400,soft,out_1_3m,,,10,1.0,0.15870370811214374,-0.21875375983024226,0.587655122777514,even,even,23.680000000000003,23.380000000000003,23.526,0.5040839999999999,0.5485620000000004,0.4951883999999994,track_distance_going_rail,5,"{""source_distance"": 108, ""source_distance_going"": 50, ""source_phase_profile"": 379, ""source_phase_profile_going"": 146, ""track_distance"": 46, ""track_distance_going"": 21, ""track_distance_going_rail"": 5, ""track_phase_profile_going"": 75}",2026-07-04
expected-tempo-targets-v2.0-walk-forward,2026-07-11|caulfield|1,2026-07-11,racing-com-rv-authorised,VIC,caulfield,1,1100,soft,out_4_6m,handicap_unspecified,,10,1.0,-1.4292780379384946,-3.1850952530839325,-0.5729545161145267,slow,very_slow_early,19.125,22.445,23.78,0.31134600000000123,0.26686799999999955,0.6894089999999997,track_distance_going,19,"{""source_distance"": 132, ""source_distance_going"": 28, ""source_phase_profile"": 132, ""source_phase_profile_going"": 28, ""track_distance"": 75, ""track_distance_going"": 19, ""track_distance_going_rail"": 3, ""track_phase_profile_going"": 19}",2026-07-11
expected-tempo-targets-v2.0-walk-forward,2026-07-11|caulfield|2,2026-07-11,racing-com-rv-authorised,VIC,caulfield,2,1100,soft,out_4_6m,benchmark,,12,1.0,-1.4132187341414246,-1.6674910442615865,0.485923450375613,slow,very_slow_early,19.125,22.445,23.78,0.31134600000000123,0.26686799999999955,0.6894089999999997,track_distance_going,19,"{""source_distance"": 132, ""source_distance_going"": 28, ""source_phase_profile"": 132, ""source_phase_profile_going"": 28, ""track_distance"": 75, ""track_distance_going"": 19, ""track_distance_going_rail"": 3, ""track_phase_profile_going"": 19}",2026-07-11
expected-tempo-targets-v2.0-walk-forward,2026-07-11|caulfield|3,2026-07-11,racing-com-rv-authorised,VIC,caulfield,3,1400,soft,out_4_6m,handicap_unspecified,,10,1.0,1.2526256961708213,-0.09573417231280673,-0.7263746640517172,very_fast_or_collapse,very_fast_early,37.9225,23.86,24.299999999999997,0.908092500000001,0.574507499999999,1.1082435000000006,track_distance_going,26,"{""source_distance"": 222, ""source_distance_going"": 54, ""source_phase_profile"": 841, ""source_phase_profile_going"": 196, ""track_distance"": 117, ""track_distance_going"": 26, ""track_distance_going_rail"": 1, ""track_phase_profile_going"": 85}",2026-07-11
expected-tempo-targets-v2.0-walk-forward,2026-07-11|caulfield|4,2026-07-11,racing-com-rv-authorised,VIC,caulfield,4,1100,soft,out_4_6m,handicap_unspecified,,8,1.0,-1.0117361392148814,-1.5550759176821494,-0.1087888321736434,slow,slow_early,19.125,22.445,23.78,0.31134600000000123,0.26686799999999955,0.6894089999999997,track_distance_going,19,"{""source_distance"": 132, ""source_distance_going"": 28, ""source_phase_profile"": 132, ""source_phase_profile_going"": 28, ""track_distance"": 75, ""track_distance_going"": 19, ""track_distance_going_rail"": 3, ""track_phase_profile_going"": 19}",2026-07-11
expected-tempo-targets-v2.0-walk-forward,2026-07-11|caulfield|5,2026-07-11,racing-com-rv-authorised,VIC,caulfield,5,2000,soft,out_4_6m,benchmark,,12,0.9166666666666666,-0.3759830247082346,-0.31970082241086967,0.4301599231355835,even,even,77.7475,24.015,24.9925,1.0971239999999924,0.6412244999999988,0.7264740000000003,track_distance_going,16,"{""source_distance"": 99, ""source_distance_going"": 22, ""source_phase_profile"": 841, ""source_phase_profile_going"": 196, ""track_distance"": 55, ""track_distance_going"": 16, ""track_distance_going_rail"": 0, ""track_phase_profile_going"": 85}",2026-07-11
expected-tempo-targets-v2.0-walk-forward,2026-07-11|caulfield|6,2026-07-11,racing-com-rv-authorised,VIC,caulfield,6,2000,soft,out_4_6m,handicap_unspecified,,10,1.0,-2.4222421531203557,-2.206715432738459,2.2609205560006242,slow,sprint_home,77.7475,24.015,24.9925,1.0971239999999924,0.6412244999999988,0.7264740000000003,track_distance_going,16,"{""source_distance"": 99, ""source_distance_going"": 22, ""source_phase_profile"": 841, ""source_phase_profile_going"": 196, ""track_distance"": 55, ""track_distance_going"": 16, ""track_distance_going_rail"": 0, ""track_phase_profile_going"": 85}",2026-07-11
expected-tempo-targets-v2.0-walk-forward,2026-07-11|caulfield|7,2026-07-11,racing-com-rv-authorised,VIC,caulfield,7,1100,soft,out_4_6m,group,3,11,1.0,-1.011736139214893,-1.3677173733830923,0.40614497344827416,slow,slow_early,19.125,22.445,23.78,0.31134600000000123,0.26686799999999955,0.6894089999999997,track_distance_going,19,"{""source_distance"": 132, ""source_distance_going"": 28, ""source_phase_profile"": 132, ""source_phase_profile_going"": 28, ""track_distance"": 75, ""track_distance_going"": 19, ""track_distance_going_rail"": 3, ""track_phase_profile_going"": 19}",2026-07-11
expected-tempo-targets-v2.0-walk-forward,2026-07-11|caulfield|8,2026-07-11,racing-com-rv-authorised,VIC,caulfield,8,1400,soft,out_4_6m,benchmark,,11,1.0,-1.4948917648807807,-1.7058088884827478,0.8120958976975711,slow,sprint_home,37.9225,23.86,24.299999999999997,0.908092500000001,0.574507499999999,1.1082435000000006,track_distance_going,26,"{""source_distance"": 222, ""source_distance_going"": 54, ""source_phase_profile"": 841, ""source_phase_profile_going"": 196, ""track_distance"": 117, ""track_distance_going"": 26, ""track_distance_going_rail"": 1, ""track_phase_profile_going"": 85}",2026-07-11
expected-tempo-targets-v2.0-walk-forward,2026-07-11|caulfield|9,2026-07-11,racing-com-rv-authorised,VIC,caulfield,9,1700,soft,out_4_6m,benchmark,,11,1.0,-1.0076233906814984,-0.9950408233862674,0.7664667721324944,slow,sprint_home,39.075,23.805,24.4,20.667444000000007,0.7487129999999985,0.9785160000000002,track_phase_profile_going,85,"{""source_distance"": 8, ""source_distance_going"": 1, ""source_phase_profile"": 841, ""source_phase_profile_going"": 196, ""track_distance"": 7, ""track_distance_going"": 1, ""track_distance_going_rail"": 0, ""track_phase_profile_going"": 85}",2026-07-11
expected-tempo-targets-v2.0-walk-forward,2026-07-11|randwick|1,2026-07-11,racing-com-nsw-authorised-v2,NSW,randwick,1,1400,heavy,out_7m_plus,,,10,1.0,1.2849061103523256,0.22398661243407042,0.4291755047670551,very_fast_or_collapse,very_fast_early,25.308076923076925,24.50423076923077,25.69403846153846,0.7923356538461519,0.9117989999999971,1.5239417307692267,track_distance_going,6,"{""source_distance"": 110, ""source_distance_going"": 15, ""source_phase_profile"": 386, ""source_phase_profile_going"": 43, ""track_distance"": 62, ""track_distance_going"": 6, ""track_distance_going_rail"": 4, ""track_phase_profile_going"": 15}",2026-07-11
expected-tempo-targets-v2.0-walk-forward,2026-07-11|randwick|3,2026-07-11,racing-com-nsw-authorised-v2,NSW,randwick,3,1600,heavy,out_7m_plus,,,10,1.0,1.0233652902403574,-0.08175645569413144,-0.2755366506797995,fast,fast_early,25.57,24.42,25.615000000000002,0.8599079999999975,0.9785159999999948,1.7420549999999957,track_phase_profile_going,15,"{""source_distance"": 17, ""source_distance_going"": 0, ""source_phase_profile"": 386, ""source_phase_profile_going"": 43, ""track_distance"": 17, ""track_distance_going"": 0, ""track_distance_going_rail"": 0, ""track_phase_profile_going"": 15}",2026-07-11
expected-tempo-targets-v2.0-walk-forward,2026-07-11|randwick|8,2026-07-11,racing-com-nsw-authorised-v2,NSW,randwick,8,1600,heavy,out_7m_plus,,,12,1.0,0.3546891062764861,-0.9759676898487131,-0.04305260166871854,even,even,25.57,24.42,25.615000000000002,0.8599079999999975,0.9785159999999948,1.7420549999999957,track_phase_profile_going,15,"{""source_distance"": 17, ""source_distance_going"": 0, ""source_phase_profile"": 386, ""source_phase_profile_going"": 43, ""track_distance"": 17, ""track_distance_going"": 0, ""track_distance_going_rail"": 0, ""track_phase_profile_going"": 15}",2026-07-11
expected-tempo-targets-v2.0-walk-forward,2026-07-11|randwick|9,2026-07-11,racing-com-nsw-authorised-v2,NSW,randwick,9,1400,heavy,out_7m_plus,,,11,1.0,1.6887753524426667,-0.18180457619413132,0.21263179227653417,very_fast_or_collapse,very_fast_early,25.308076923076925,24.50423076923077,25.69403846153846,0.7923356538461519,0.9117989999999971,1.5239417307692267,track_distance_going,6,"{""source_distance"": 110, ""source_distance_going"": 15, ""source_phase_profile"": 386, ""source_phase_profile_going"": 43, ""track_distance"": 62, ""track_distance_going"": 6, ""track_distance_going_rail"": 4, ""track_phase_profile_going"": 15}",2026-07-11
expected-tempo-targets-v2.0-walk-forward,2026-07-11|randwick|10,2026-07-11,racing-com-nsw-authorised-v2,NSW,randwick,10,1400,heavy,out_7m_plus,,,10,1.0,1.720327636980973,-0.8891973239378753,0.46526612351547525,very_fast_or_collapse,very_fast_early,25.308076923076925,24.50423076923077,25.69403846153846,0.7923356538461519,0.9117989999999971,1.5239417307692267,track_distance_going,6,"{""source_distance"": 110, ""source_distance_going"": 15, ""source_phase_profile"": 386, ""source_phase_profile_going"": 43, ""track_distance"": 62, ""track_distance_going"": 6, ""track_distance_going_rail"": 4, ""track_phase_profile_going"": 15}",2026-07-11
expected-tempo-targets-v2.0-walk-forward,2026-07-18|flemington|1,2026-07-18,racing-com-rv-authorised,VIC,flemington,1,1800,soft,out_1_3m,handicap_unspecified,,5,1.0,-1.577521245101799,-0.09229873550732545,0.3570833432523132,slow,very_slow_early,38.1,23.035,23.994999999999997,18.421305,0.7042349999999994,0.8821469999999982,track_phase_profile_going,60,"{""source_distance"": 41, ""source_distance_going"": 9, ""source_phase_profile"": 846, ""source_phase_profile_going"": 201, ""track_distance"": 10, ""track_distance_going"": 2, ""track_distance_going_rail"": 2, ""track_phase_profile_going"": 60}",2026-07-18
expected-tempo-targets-v2.0-walk-forward,2026-07-18|flemington|2,2026-07-18,racing-com-rv-authorised,VIC,flemington,2,1000,soft,out_1_3m,handicap_unspecified,,8,1.0,-0.28144659872704314,1.6945277294463577,-0.3347097001913841,even,even,13.793200000000002,22.082800000000002,23.605200000000004,0.3261720000000012,0.5180204400000006,0.5521202400000018,track_distance_going,5,"{""source_distance"": 89, ""source_distance_going"": 32, ""source_phase_profile"": 89, ""source_phase_profile_going"": 32, ""track_distance"": 27, ""track_distance_going"": 5, ""track_distance_going_rail"": 2, ""track_phase_profile_going"": 5}",2026-07-18
expected-tempo-targets-v2.0-walk-forward,2026-07-18|flemington|3,2026-07-18,racing-com-rv-authorised,VIC,flemington,3,1600,soft,out_1_3m,benchmark,,11,1.0,-1.8610037013295782,0.346360119731226,2.3729072502068025,slow,sprint_home,50.71,23.39,24.23,1.0155810000000034,0.5485620000000014,0.615279000000004,track_distance_going,17,"{""source_distance"": 179, ""source_distance_going"": 41, ""source_phase_profile"": 846, ""source_phase_profile_going"": 201, ""track_distance"": 71, ""track_distance_going"": 17, ""track_distance_going_rail"": 2, ""track_phase_profile_going"": 60}",2026-07-18
expected-tempo-targets-v2.0-walk-forward,2026-07-18|flemington|4,2026-07-18,racing-com-rv-authorised,VIC,flemington,4,1400,soft,out_1_3m,handicap_unspecified,,14,1.0,0.4382041876854254,-0.8227304868340849,0.9931721733577447,even,even,37.58,23.0475,24.1875,0.5819204999999974,0.33729150000000135,0.8080169999999972,track_distance_going,16,"{""source_distance"": 224, ""source_distance_going"": 56, ""source_phase_profile"": 846, ""source_phase_profile_going"": 201, ""track_distance"": 75, ""track_distance_going"": 16, ""track_distance_going_rail"": 2, ""track_phase_profile_going"": 60}",2026-07-18
expected-tempo-targets-v2.0-walk-forward,2026-07-18|flemington|5,2026-07-18,racing-com-rv-authorised,VIC,flemington,5,1700,soft,out_1_3m,handicap_unspecified,,15,1.0,-0.9597582798829941,-0.759689592252587,-0.2550595308945129,slow,slow_early,38.1,23.035,23.994999999999997,18.421305,0.7042349999999994,0.8821469999999982,track_phase_profile_going,60,"{""source_distance"": 9, ""source_distance_going"": 2, ""source_phase_profile"": 846, ""source_phase_profile_going"": 201, ""track_distance"": 1, ""track_distance_going"": 0, ""track_distance_going_rail"": 0, ""track_phase_profile_going"": 60}",2026-07-18
expected-tempo-targets-v2.0-walk-forward,2026-07-18|flemington|7,2026-07-18,racing-com-rv-authorised,VIC,flemington,7,1200,soft,out_1_3m,benchmark,,14,1.0,0.2657084810059352,1.6555682278061943,-0.7670679225420111,even,even,25.66,22.36,23.405,0.24462900000000135,0.3261719999999983,0.3780629999999985,track_distance_going,18,"{""source_distance"": 224, ""source_distance_going"": 53, ""source_phase_profile"": 846, ""source_phase_profile_going"": 201, ""track_distance"": 69, ""track_distance_going"": 18, ""track_distance_going_rail"": 2, ""track_phase_profile_going"": 60}",2026-07-18
expected-tempo-targets-v2.0-walk-forward,2026-07-18|flemington|8,2026-07-18,racing-com-rv-authorised,VIC,flemington,8,2000,soft,out_1_3m,benchmark,,13,1.0,-1.9882850341883564,0.21596994761565763,-0.8860655481984099,slow,very_slow_early,46.89288461538462,23.1175,24.114423076923075,14.488423384615386,0.6366626538461533,0.8753042307692309,track_distance_going,6,"{""source_distance"": 101, ""source_distance_going"": 24, ""source_phase_profile"": 846, ""source_phase_profile_going"": 201, ""track_distance"": 44, ""track_distance_going"": 6, ""track_distance_going_rail"": 0, ""track_phase_profile_going"": 60}",2026-07-18
expected-tempo-targets-v2.0-walk-forward,2026-07-18|flemington|9,2026-07-18,racing-com-rv-authorised,VIC,flemington,9,1000,soft,out_1_3m,benchmark,,12,1.0,-0.8026440037771373,1.366355350765699,1.458377979405356,slow,sprint_home,13.793200000000002,22.082800000000002,23.605200000000004,0.3261720000000012,0.5180204400000006,0.5521202400000018,track_distance_going,5,"{""source_distance"": 89, ""source_distance_going"": 32, ""source_phase_profile"": 89, ""source_phase_profile_going"": 32, ""track_distance"": 27, ""track_distance_going"": 5, ""track_distance_going_rail"": 2, ""track_phase_profile_going"": 5}",2026-07-18
expected-tempo-targets-v2.0-walk-forward,2026-07-18|rosehill|1,2026-07-18,racing-com-nsw-authorised-v2,NSW,rosehill,1,1200,heavy,out_4_6m,,,9,1.0,-0.36882358647311986,0.2736829252137915,-1.670289718877678,even,even,24.886296296296294,24.025185185185183,23.94574074074074,1.5012697777777781,0.45740955555555524,0.5054567777777772,track_distance_going,7,"{""source_distance"": 135, ""source_distance_going"": 13, ""source_phase_profile"": 391, ""source_phase_profile_going"": 48, ""track_distance"": 59, ""track_distance_going"": 7, ""track_distance_going_rail"": 2, ""track_phase_profile_going"": 28}",2026-07-18
expected-tempo-targets-v2.0-walk-forward,2026-07-18|rosehill|2,2026-07-18,racing-com-nsw-authorised-v2,NSW,rosehill,2,1300,heavy,out_4_6m,,,12,1.0,0.6161104668496289,0.9295502903711076,-1.2967084850937454,fast,fast_early,24.352,23.947,23.966000000000005,1.764294000000001,0.5292882,0.59304,track_distance_going,5,"{""source_distance"": 43, ""source_distance_going"": 5, ""source_phase_profile"": 391, ""source_phase_profile_going"": 48, ""track_distance"": 33, ""track_distance_going"": 5, ""track_distance_going_rail"": 1, ""track_phase_profile_going"": 28}",2026-07-18
expected-tempo-targets-v2.0-walk-forward,2026-07-18|rosehill|4,2026-07-18,racing-com-nsw-authorised-v2,NSW,rosehill,4,1500,heavy,out_4_6m,,,7,1.0,-0.014378678981088267,0.7095292404883687,-0.4692109631141553,even,even,24.4125,23.985,23.96,1.9125540000000012,0.5708009999999997,0.5967464999999997,track_phase_profile_going,28,"{""source_distance"": 19, ""source_distance_going"": 2, ""source_phase_profile"": 391, ""source_phase_profile_going"": 48, ""track_distance"": 19, ""track_distance_going"": 2, ""track_distance_going_rail"": 0, ""track_phase_profile_going"": 28}",2026-07-18
expected-tempo-targets-v2.0-walk-forward,2026-07-18|rosehill|5,2026-07-18,racing-com-nsw-authorised-v2,NSW,rosehill,5,2400,heavy,out_4_6m,,,12,0.9166666666666666,-0.8038988703064054,-1.830760632865048,-3.9715356520733653,slow,slow_early,24.4125,23.985,23.96,1.9125540000000012,0.5708009999999997,0.5967464999999997,track_phase_profile_going,28,"{""source_distance"": 14, ""source_distance_going"": 0, ""source_phase_profile"": 391, ""source_phase_profile_going"": 48, ""track_distance"": 10, ""track_distance_going"": 0, ""track_distance_going_rail"": 0, ""track_phase_profile_going"": 28}",2026-07-18
expected-tempo-targets-v2.0-walk-forward,2026-07-18|rosehill|6,2026-07-18,racing-com-nsw-authorised-v2,NSW,rosehill,6,1200,heavy,out_4_6m,,,9,1.0,-0.7285190975619569,1.0607237634025668,0.1894142980170493,slow,slow_early,24.886296296296294,24.025185185185183,23.94574074074074,1.5012697777777781,0.45740955555555524,0.5054567777777772,track_distance_going,7,"{""source_distance"": 135, ""source_distance_going"": 13, ""source_phase_profile"": 391, ""source_phase_profile_going"": 48, ""track_distance"": 59, ""track_distance_going"": 7, ""track_distance_going_rail"": 2, ""track_phase_profile_going"": 28}",2026-07-18
expected-tempo-targets-v2.0-walk-forward,2026-07-18|rosehill|8,2026-07-18,racing-com-nsw-authorised-v2,NSW,rosehill,8,1300,heavy,out_4_6m,,,12,1.0,0.5764345398215938,0.25883819061146063,-0.7318224740320955,fast,fast_early,24.352,23.947,23.966000000000005,1.764294000000001,0.5292882,0.59304,track_distance_going,5,"{""source_distance"": 43, ""source_distance_going"": 5, ""source_phase_profile"": 391, ""source_phase_profile_going"": 48, ""track_distance"": 33, ""track_distance_going"": 5, ""track_distance_going_rail"": 1, ""track_phase_profile_going"": 28}",2026-07-18
expected-tempo-targets-v2.0-walk-forward,2026-07-18|rosehill|9,2026-07-18,racing-com-nsw-authorised-v2,NSW,rosehill,9,1500,heavy,out_4_6m,,,13,1.0,0.01699298425037873,0.04379810126471151,-0.35190822233561647,even,even,24.4125,23.985,23.96,1.9125540000000012,0.5708009999999997,0.5967464999999997,track_phase_profile_going,28,"{""source_distance"": 19, ""source_distance_going"": 2, ""source_phase_profile"": 391, ""source_phase_profile_going"": 48, ""track_distance"": 19, ""track_distance_going"": 2, ""track_distance_going_rail"": 0, ""track_phase_profile_going"": 28}",2026-07-18
expected-tempo-targets-v2.0-walk-forward,2026-07-18|rosehill|10,2026-07-18,racing-com-nsw-authorised-v2,NSW,rosehill,10,1200,heavy,out_4_6m,,,10,1.0,-0.678561387688508,1.4323819369917152,-0.29529579149274976,slow,slow_early,24.886296296296294,24.025185185185183,23.94574074074074,1.5012697777777781,0.45740955555555524,0.5054567777777772,track_distance_going,7,"{""source_distance"": 135, ""source_distance_going"": 13, ""source_phase_profile"": 391, ""source_phase_profile_going"": 48, ""track_distance"": 59, ""track_distance_going"": 7, ""track_distance_going_rail"": 2, ""track_phase_profile_going"": 28}",2026-07-18
expected-tempo-targets-v2.0-walk-forward,2026-07-25|caulfield|1,2026-07-25,racing-com-rv-authorised,VIC,caulfield,1,1200,soft,out_7m_plus,benchmark,,10,1.0,0.2248302531588661,0.6625175507284881,0.8927992190323861,even,even,25.10857142857143,22.947142857142858,23.864285714285717,0.660816000000001,0.35794200000000026,0.6936449999999966,track_distance_going_rail,8,"{""source_distance"": 225, ""source_distance_going"": 54, ""source_phase_profile"": 852, ""source_phase_profile_going"": 207, ""track_distance"": 89, ""track_distance_going"": 19, ""track_distance_going_rail"": 8, ""track_phase_profile_going"": 90}",2026-07-25
expected-tempo-targets-v2.0-walk-forward,2026-07-25|caulfield|2,2026-07-25,racing-com-rv-authorised,VIC,caulfield,2,1100,soft,out_7m_plus,handicap_unspecified,,9,1.0,0.800402775231818,1.2802948452817287,0.11515695893502988,very_fast_or_collapse,sustained_high_pressure,19.15611111111111,22.463148148148147,23.78,0.29499037037037146,0.29926555555555373,0.6078659999999949,track_distance_going_rail,7,"{""source_distance"": 136, ""source_distance_going"": 32, ""source_phase_profile"": 136, ""source_phase_profile_going"": 32, ""track_distance"": 79, ""track_distance_going"": 23, ""track_distance_going_rail"": 7, ""track_phase_profile_going"": 23}",2026-07-25
expected-tempo-targets-v2.0-walk-forward,2026-07-25|caulfield|3,2026-07-25,racing-com-rv-authorised,VIC,caulfield,3,1100,soft,out_7m_plus,benchmark,,7,1.0,-2.5895383904559384,0.01051958065237908,1.7602563722925928,slow,sprint_home,19.15611111111111,22.463148148148147,23.78,0.29499037037037146,0.29926555555555373,0.6078659999999949,track_distance_going_rail,7,"{""source_distance"": 136, ""source_distance_going"": 32, ""source_phase_profile"": 136, ""source_phase_profile_going"": 32, ""track_distance"": 79, ""track_distance_going"": 23, ""track_distance_going_rail"": 7, ""track_phase_profile_going"": 23}",2026-07-25
expected-tempo-targets-v2.0-walk-forward,2026-07-25|caulfield|4,2026-07-25,racing-com-rv-authorised,VIC,caulfield,4,1100,soft,out_7m_plus,handicap_unspecified,,13,1.0,2.258077476477564,2.1156733088536637,-0.7402947360109021,very_fast_or_collapse,very_fast_early,19.15611111111111,22.463148148148147,23.78,0.29499037037037146,0.29926555555555373,0.6078659999999949,track_distance_going_rail,7,"{""source_distance"": 136, ""source_distance_going"": 32, ""source_phase_profile"": 136, ""source_phase_profile_going"": 32, ""track_distance"": 79, ""track_distance_going"": 23, ""track_distance_going_rail"": 7, ""track_phase_profile_going"": 23}",2026-07-25
expected-tempo-targets-v2.0-walk-forward,2026-07-25|caulfield|5,2026-07-25,racing-com-rv-authorised,VIC,caulfield,5,1600,soft,out_7m_plus,benchmark,,9,1.0,-0.5918612200551695,0.750158968470103,0.8004821382839705,slow,slow_early,44.44628571428572,23.922857142857143,24.441428571428574,12.762644400000003,0.6570035999999995,1.0136747999999984,track_distance_going_rail,5,"{""source_distance"": 180, ""source_distance_going"": 42, ""source_phase_profile"": 852, ""source_phase_profile_going"": 207, ""track_distance"": 59, ""track_distance_going"": 8, ""track_distance_going_rail"": 5, ""track_phase_profile_going"": 90}",2026-07-25
expected-tempo-targets-v2.0-walk-forward,2026-07-25|caulfield|6,2026-07-25,racing-com-rv-authorised,VIC,caulfield,6,2400,soft,out_7m_plus,handicap_unspecified,,10,1.0,-3.1456010773112446,0.85855931337405,0.17057982554875437,slow,very_slow_early,59.16206896551725,23.91741379310345,24.532758620689656,14.691287896551723,0.6725380344827576,0.8369021379310317,track_distance_going,9,"{""source_distance"": 23, ""source_distance_going"": 11, ""source_phase_profile"": 852, ""source_phase_profile_going"": 207, ""track_distance"": 19, ""track_distance_going"": 9, ""track_distance_going_rail"": 3, ""track_phase_profile_going"": 90}",2026-07-25
expected-tempo-targets-v2.0-walk-forward,2026-07-25|caulfield|7,2026-07-25,racing-com-rv-authorised,VIC,caulfield,7,1200,soft,out_7m_plus,group,3,9,1.0,-0.5015444108928514,1.8358920080428054,0.28009387263761243,slow,slow_early,25.10857142857143,22.947142857142858,23.864285714285717,0.660816000000001,0.35794200000000026,0.6936449999999966,track_distance_going_rail,8,"{""source_distance"": 225, ""source_distance_going"": 54, ""source_phase_profile"": 852, ""source_phase_profile_going"": 207, ""track_distance"": 89, ""track_distance_going"": 19, ""track_distance_going_rail"": 8, ""track_phase_profile_going"": 90}",2026-07-25
expected-tempo-targets-v2.0-walk-forward,2026-07-25|caulfield|8,2026-07-25,racing-com-rv-authorised,VIC,caulfield,8,2000,soft,out_7m_plus,benchmark,,14,1.0,1.0192595569976055,1.3248925632575963,0.2764122563773512,very_fast_or_collapse,sustained_high_pressure,77.83907407407406,23.997037037037035,24.952592592592588,1.1322671111111018,0.4996911111111097,0.6605806666666658,track_distance_going_rail,7,"{""source_distance"": 102, ""source_distance_going"": 25, ""source_phase_profile"": 852, ""source_phase_profile_going"": 207, ""track_distance"": 57, ""track_distance_going"": 18, ""track_distance_going_rail"": 7, ""track_phase_profile_going"": 90}",2026-07-25
expected-tempo-targets-v2.0-walk-forward,2026-07-25|caulfield|9,2026-07-25,racing-com-rv-authorised,VIC,caulfield,9,1400,soft,out_7m_plus,handicap_unspecified,,11,1.0,0.7317103703047662,0.9901262410957395,0.4871114782052869,fast,sustained_high_pressure,38.0725,23.78153846153846,24.141923076923074,0.8234132307692327,0.5873376923076917,1.0304069999999974,track_distance_going_rail,6,"{""source_distance"": 225, ""source_distance_going"": 57, ""source_phase_profile"": 852, ""source_phase_profile_going"": 207, ""track_distance"": 119, ""track_distance_going"": 28, ""track_distance_going_rail"": 6, ""track_phase_profile_going"": 90}",2026-07-25
expected-tempo-targets-v2.0-walk-forward,2026-07-25|randwick|2,2026-07-25,racing-com-nsw-authorised-v2,NSW,randwick,2,1800,soft,out_7m_plus,,,11,1.0,-0.8225497066787758,-1.4081473750476339,-0.18479198889769655,slow,slow_early,24.29,23.3,24.07,1.5196649999999978,0.8450819999999951,1.0822980000000006,track_phase_profile_going,71,"{""source_distance"": 1, ""source_distance_going"": 1, ""source_phase_profile"": 399, ""source_phase_profile_going"": 153, ""track_distance"": 0, ""track_distance_going"": 0, ""track_distance_going_rail"": 0, ""track_phase_profile_going"": 71}",2026-07-25
expected-tempo-targets-v2.0-walk-forward,2026-07-25|randwick|3,2026-07-25,racing-com-nsw-authorised-v2,NSW,randwick,3,1600,soft,out_7m_plus,,,12,1.0,-0.32572968384479584,-0.8401551565410237,-0.1524533908405994,even,even,24.29,23.3,24.07,1.5196649999999978,0.8450819999999951,1.0822980000000006,track_phase_profile_going,71,"{""source_distance"": 19, ""source_distance_going"": 4, ""source_phase_profile"": 399, ""source_phase_profile_going"": 153, ""track_distance"": 19, ""track_distance_going"": 4, ""track_distance_going_rail"": 1, ""track_phase_profile_going"": 71}",2026-07-25
expected-tempo-targets-v2.0-walk-forward,2026-07-25|randwick|4,2026-07-25,racing-com-nsw-authorised-v2,NSW,randwick,4,1300,soft,out_7m_plus,,,11,1.0,1.126061344613123,0.042394999074973266,-0.453615801045331,fast,fast_early,23.989423076923075,23.399807692307693,24.125384615384615,1.375966846153845,0.703094538461535,1.1344741153846158,track_distance_going,6,"{""source_distance"": 45, ""source_distance_going"": 22, ""source_phase_profile"": 399, ""source_phase_profile_going"": 153, ""track_distance"": 10, ""track_distance_going"": 6, ""track_distance_going_rail"": 3, ""track_phase_profile_going"": 71}",2026-07-25
expected-tempo-targets-v2.0-walk-forward,2026-07-25|randwick|5,2026-07-25,racing-com-nsw-authorised-v2,NSW,randwick,5,1800,soft,out_7m_plus,,,10,1.0,-0.5724945958484285,-1.585644943330952,0.10163559389373293,slow,slow_early,24.29,23.3,24.07,1.5196649999999978,0.8450819999999951,1.0822980000000006,track_phase_profile_going,71,"{""source_distance"": 1, ""source_distance_going"": 1, ""source_phase_profile"": 399, ""source_phase_profile_going"": 153, ""track_distance"": 0, ""track_distance_going"": 0, ""track_distance_going_rail"": 0, ""track_phase_profile_going"": 71}",2026-07-25
expected-tempo-targets-v2.0-walk-forward,2026-07-25|randwick|6,2026-07-25,racing-com-nsw-authorised-v2,NSW,randwick,6,1800,soft,out_7m_plus,,,11,1.0,-1.0265420339351137,-0.35499513656663195,-0.20327118778746586,slow,slow_early,24.29,23.3,24.07,1.5196649999999978,0.8450819999999951,1.0822980000000006,track_phase_profile_going,71,"{""source_distance"": 1, ""source_distance_going"": 1, ""source_phase_profile"": 399, ""source_phase_profile_going"": 153, ""track_distance"": 0, ""track_distance_going"": 0, ""track_distance_going_rail"": 0, ""track_phase_profile_going"": 71}",2026-07-25
expected-tempo-targets-v2.0-walk-forward,2026-07-25|randwick|8,2026-07-25,racing-com-nsw-authorised-v2,NSW,randwick,8,1600,soft,out_7m_plus,,,12,1.0,0.30269829205779003,-1.0945683377471092,-0.42502157446470434,even,even,24.29,23.3,24.07,1.5196649999999978,0.8450819999999951,1.0822980000000006,track_phase_profile_going,71,"{""source_distance"": 19, ""source_distance_going"": 4, ""source_phase_profile"": 399, ""source_phase_profile_going"": 153, ""track_distance"": 19, ""track_distance_going"": 4, ""track_distance_going_rail"": 1, ""track_phase_profile_going"": 71}",2026-07-25
expected-tempo-targets-v2.0-walk-forward,2026-07-25|randwick|10,2026-07-25,racing-com-nsw-authorised-v2,NSW,randwick,10,1300,soft,out_7m_plus,,,12,1.0,0.7917509640354121,-0.3273987993079866,0.0091536820838752,fast,fast_early,23.989423076923075,23.399807692307693,24.125384615384615,1.375966846153845,0.703094538461535,1.1344741153846158,track_distance_going,6,"{""source_distance"": 45, ""source_distance_going"": 22, ""source_phase_profile"": 399, ""source_phase_profile_going"": 153, ""track_distance"": 10, ""track_distance_going"": 6, ""track_distance_going_rail"": 3, ""track_phase_profile_going"": 71}",2026-07-25
expected-tempo-targets-v2.0-walk-forward,2026-08-01|flemington|1,2026-08-01,racing-com-rv-authorised,VIC,flemington,1,2520,good,out_7m_plus,benchmark,,7,1.0,-4.0,-0.5464228937531921,0.5781349366942212,slow,very_slow_early,39.3475,22.75,23.32,18.3582945,0.5856269999999993,0.6226920000000025,track_phase_profile_going,206,"{""source_distance"": 0, ""source_distance_going"": 0, ""source_phase_profile"": 858, ""source_phase_profile_going"": 625, ""track_distance"": 0, ""track_distance_going"": 0, ""track_distance_going_rail"": 0, ""track_phase_profile_going"": 206}",2026-08-01
expected-tempo-targets-v2.0-walk-forward,2026-08-01|flemington|2,2026-08-01,racing-com-rv-authorised,VIC,flemington,2,1000,good,out_7m_plus,handicap_unspecified,,10,1.0,-0.42511328264778836,0.6612889830455577,0.5040380559189329,even,even,13.99230769230769,21.646923076923077,22.598076923076917,0.22980299999999904,0.3204696923076893,0.5516982692307686,track_distance_going_rail,6,"{""source_distance"": 91, ""source_distance_going"": 57, ""source_phase_profile"": 91, ""source_phase_profile_going"": 57, ""track_distance"": 29, ""track_distance_going"": 22, ""track_distance_going_rail"": 6, ""track_phase_profile_going"": 22}",2026-08-01
expected-tempo-targets-v2.0-walk-forward,2026-08-01|flemington|3,2026-08-01,racing-com-rv-authorised,VIC,flemington,3,2000,good,out_7m_plus,benchmark,,8,1.0,1.3034637376388594,-0.8651077132417233,-1.0575753170433946,very_fast_or_collapse,pace_collapse,76.27000000000001,23.22,23.9825,1.2083189999999755,0.34099800000000063,0.7635390000000009,track_distance_going_rail,14,"{""source_distance"": 103, ""source_distance_going"": 74, ""source_phase_profile"": 858, ""source_phase_profile_going"": 625, ""track_distance"": 45, ""track_distance_going"": 35, ""track_distance_going_rail"": 14, ""track_phase_profile_going"": 206}",2026-08-01
expected-tempo-targets-v2.0-walk-forward,2026-08-01|flemington|6,2026-08-01,racing-com-rv-authorised,VIC,flemington,6,1620,good,out_7m_plus,benchmark,,14,1.0,-0.7349538923672897,-0.5037336051787265,1.0679437025046035,slow,slow_early,39.3475,22.75,23.32,18.3582945,0.5856269999999993,0.6226920000000025,track_phase_profile_going,206,"{""source_distance"": 0, ""source_distance_going"": 0, ""source_phase_profile"": 858, ""source_phase_profile_going"": 625, ""track_distance"": 0, ""track_distance_going"": 0, ""track_distance_going_rail"": 0, ""track_phase_profile_going"": 206}",2026-08-01
expected-tempo-targets-v2.0-walk-forward,2026-08-01|flemington|7,2026-08-01,racing-com-rv-authorised,VIC,flemington,7,1200,good,out_7m_plus,group,3,8,1.0,-0.18267458069158266,1.8594069585571187,2.187982219765556,even,even,25.38,21.84,23.095,0.35582399999999764,0.2742809999999981,0.30393299999999746,track_distance_going_rail,17,"{""source_distance"": 227, ""source_distance_going"": 164, ""source_phase_profile"": 858, ""source_phase_profile_going"": 625, ""track_distance"": 70, ""track_distance_going"": 47, ""track_distance_going_rail"": 17, ""track_phase_profile_going"": 206}",2026-08-01
expected-tempo-targets-v2.0-walk-forward,2026-08-01|flemington|8,2026-08-01,racing-com-rv-authorised,VIC,flemington,8,1410,good,out_7m_plus,benchmark,,6,1.0,-0.02601004140117734,-0.02561357314468183,2.1198281012121485,even,even,39.3475,22.75,23.32,18.3582945,0.5856269999999993,0.6226920000000025,track_phase_profile_going,206,"{""source_distance"": 0, ""source_distance_going"": 0, ""source_phase_profile"": 858, ""source_phase_profile_going"": 625, ""track_distance"": 0, ""track_distance_going"": 0, ""track_distance_going_rail"": 0, ""track_phase_profile_going"": 206}",2026-08-01
expected-tempo-targets-v2.0-walk-forward,2026-08-01|flemington|9,2026-08-01,racing-com-rv-authorised,VIC,flemington,9,1100,good,out_7m_plus,benchmark,,11,1.0,-0.13139430379413392,0.0491816178784969,0.7919826982241323,even,even,19.6125,21.5275,22.725,0.28540050000000117,0.3558240000000003,0.5745075000000015,track_distance_going_rail,14,"{""source_distance"": 139, ""source_distance_going"": 101, ""source_phase_profile"": 139, ""source_phase_profile_going"": 101, ""track_distance"": 54, ""track_distance_going"": 43, ""track_distance_going_rail"": 14, ""track_phase_profile_going"": 43}",2026-08-01
expected-tempo-targets-v2.0-walk-forward,2026-08-01|rosehill|1,2026-08-01,racing-com-nsw-authorised-v2,NSW,rosehill,1,1400,soft,out_7m_plus,,,11,1.0,0.2697963037906429,-0.6637845569452153,0.385423291129484,even,even,23.6,23.41,23.419999999999998,0.44477999999999573,0.46701900000000185,0.5189099999999968,track_distance_going,23,"{""source_distance"": 113, ""source_distance_going"": 52, ""source_phase_profile"": 406, ""source_phase_profile_going"": 160, ""track_distance"": 48, ""track_distance_going"": 23, ""track_distance_going_rail"": 2, ""track_phase_profile_going"": 82}",2026-08-01
expected-tempo-targets-v2.0-walk-forward,2026-08-01|rosehill|2,2026-08-01,racing-com-nsw-authorised-v2,NSW,rosehill,2,1200,soft,out_7m_plus,,,15,1.0,2.058971792086467,1.1241512657943253,-0.8651077132417233,very_fast_or_collapse,pace_collapse,25.21,23.28,23.009999999999998,0.2816939999999966,0.31134600000000123,0.6819960000000013,track_distance_going,25,"{""source_distance"": 138, ""source_distance_going"": 50, ""source_phase_profile"": 406, ""source_phase_profile_going"": 160, ""track_distance"": 62, ""track_distance_going"": 25, ""track_distance_going_rail"": 3, ""track_phase_profile_going"": 82}",2026-08-01
expected-tempo-targets-v2.0-walk-forward,2026-08-01|rosehill|3,2026-08-01,racing-com-nsw-authorised-v2,NSW,rosehill,3,1500,soft,out_7m_plus,,,9,1.0,0.13765117540338648,-1.8221317532128891,1.2732733724813279,even,even,24.68,23.445,23.564999999999998,1.452947999999998,0.49667100000000125,0.7264739999999976,track_phase_profile_going,82,"{""source_distance"": 21, ""source_distance_going"": 1, ""source_phase_profile"": 406, ""source_phase_profile_going"": 160, ""track_distance"": 21, ""track_distance_going"": 1, ""track_distance_going_rail"": 0, ""track_phase_profile_going"": 82}",2026-08-01
expected-tempo-targets-v2.0-walk-forward,2026-08-01|rosehill|4,2026-08-01,racing-com-nsw-authorised-v2,NSW,rosehill,4,1200,soft,out_7m_plus,,,10,1.0,1.8459747101465043,0.9314396202295774,-0.7844620789564788,very_fast_or_collapse,pace_collapse,25.21,23.28,23.009999999999998,0.2816939999999966,0.31134600000000123,0.6819960000000013,track_distance_going,25,"{""source_distance"": 138, ""source_distance_going"": 50, ""source_phase_profile"": 406, ""source_phase_profile_going"": 160, ""track_distance"": 62, ""track_distance_going"": 25, ""track_distance_going_rail"": 3, ""track_phase_profile_going"": 82}",2026-08-01
expected-tempo-targets-v2.0-walk-forward,2026-08-01|rosehill|5,2026-08-01,racing-com-nsw-authorised-v2,NSW,rosehill,5,2000,soft,out_7m_plus,,,10,1.0,-0.2515668238047832,0.7238437418773239,-0.8538765997629344,even,even,25.0875,23.909999999999997,23.877499999999998,0.6857025000000004,0.6078659999999949,0.34841099999999914,track_distance_going,10,"{""source_distance"": 47, ""source_distance_going"": 16, ""source_phase_profile"": 406, ""source_phase_profile_going"": 160, ""track_distance"": 25, ""track_distance_going"": 10, ""track_distance_going_rail"": 1, ""track_phase_profile_going"": 82}",2026-08-01
expected-tempo-targets-v2.0-walk-forward,2026-08-01|rosehill|6,2026-08-01,racing-com-nsw-authorised-v2,NSW,rosehill,6,1400,soft,out_7m_plus,,,7,1.0,0.9442870632672461,0.7708465822589616,-0.038542329112947714,very_fast_or_collapse,fast_early,23.6,23.41,23.419999999999998,0.44477999999999573,0.46701900000000185,0.5189099999999968,track_distance_going,23,"{""source_distance"": 113, ""source_distance_going"": 52, ""source_phase_profile"": 406, ""source_phase_profile_going"": 160, ""track_distance"": 48, ""track_distance_going"": 23, ""track_distance_going_rail"": 2, ""track_phase_profile_going"": 82}",2026-08-01
expected-tempo-targets-v2.0-walk-forward,2026-08-01|rosehill|7,2026-08-01,racing-com-nsw-authorised-v2,NSW,rosehill,7,1400,soft,out_7m_plus,,,13,1.0,1.1691173164261166,1.0063830379492067,0.15416931645179086,very_fast_or_collapse,sustained_high_pressure,23.6,23.41,23.419999999999998,0.44477999999999573,0.46701900000000185,0.5189099999999968,track_distance_going,23,"{""source_distance"": 113, ""source_distance_going"": 52, ""source_phase_profile"": 406, ""source_phase_profile_going"": 160, ""track_distance"": 48, ""track_distance_going"": 23, ""track_distance_going_rail"": 2, ""track_phase_profile_going"": 82}",2026-08-01
expected-tempo-targets-v2.0-walk-forward,2026-08-01|rosehill|8,2026-08-01,racing-com-nsw-authorised-v2,NSW,rosehill,8,1500,soft,out_7m_plus,,,10,1.0,0.4886616726820243,-0.36241294539040786,0.9497931102833687,even,even,24.68,23.445,23.564999999999998,1.452947999999998,0.49667100000000125,0.7264739999999976,track_phase_profile_going,82,"{""source_distance"": 21, ""source_distance_going"": 1, ""source_phase_profile"": 406, ""source_phase_profile_going"": 160, ""track_distance"": 21, ""track_distance_going"": 1, ""track_distance_going_rail"": 0, ""track_phase_profile_going"": 82}",2026-08-01
expected-tempo-targets-v2.0-walk-forward,2026-08-01|rosehill|9,2026-08-01,racing-com-nsw-authorised-v2,NSW,rosehill,9,1300,soft,out_7m_plus,,,11,1.0,0.5646899381664456,0.34508829554617454,0.8993210126354603,fast,fast_early,23.349999999999998,23.59,23.64,0.6375179999999996,0.3187589999999998,0.7894845000000009,track_distance_going,16,"{""source_distance"": 47, ""source_distance_going"": 24, ""source_phase_profile"": 406, ""source_phase_profile_going"": 160, ""track_distance"": 35, ""track_distance_going"": 16, ""track_distance_going_rail"": 1, ""track_phase_profile_going"": 82}",2026-08-01
expected-tempo-targets-v2.0-walk-forward,2026-08-08|caulfield-heath|1,2026-08-08,racing-com-rv-authorised,VIC,caulfield-heath,1,1200,soft,out_1_3m,handicap_unspecified,,9,1.0,1.5831796993270086,-1.1428871202242383,-0.9738820659789555,very_fast_or_collapse,pace_collapse,25.345,22.9,23.692500000000003,0.5337359999999991,0.5337359999999991,0.7264740000000003,source_distance_going,56,"{""source_distance"": 228, ""source_distance_going"": 56, ""source_phase_profile"": 863, ""source_phase_profile_going"": 213, ""track_distance"": 6, ""track_distance_going"": 0, ""track_distance_going_rail"": 0, ""track_phase_profile_going"": 0}",2026-08-08
expected-tempo-targets-v2.0-walk-forward,2026-08-08|caulfield-heath|3,2026-08-08,racing-com-rv-authorised,VIC,caulfield-heath,3,1000,soft,out_1_3m,benchmark,,6,1.0,-0.23666342437775595,-0.2729153362043988,0.9227695666458942,even,even,13.61,21.975,23.6475,0.21127050000000008,0.6412244999999988,0.604159500000001,source_distance_going,34,"{""source_distance"": 92, ""source_distance_going"": 34, ""source_phase_profile"": 92, ""source_phase_profile_going"": 34, ""track_distance"": 2, ""track_distance_going"": 0, ""track_distance_going_rail"": 0, ""track_phase_profile_going"": 0}",2026-08-08
expected-tempo-targets-v2.0-walk-forward,2026-08-08|caulfield-heath|4,2026-08-08,racing-com-rv-authorised,VIC,caulfield-heath,4,1600,soft,out_1_3m,benchmark,,11,1.0,0.41143936328072267,0.03122642404984044,-0.8807399999777064,even,even,51.0,23.715,24.29,1.4826,0.800604000000004,0.8969729999999954,source_distance_going,43,"{""source_distance"": 181, ""source_distance_going"": 43, ""source_phase_profile"": 863, ""source_phase_profile_going"": 213, ""track_distance"": 2, ""track_distance_going"": 0, ""track_distance_going_rail"": 0, ""track_phase_profile_going"": 0}",2026-08-08
expected-tempo-targets-v2.0-walk-forward,2026-08-08|caulfield-heath|5,2026-08-08,racing-com-rv-authorised,VIC,caulfield-heath,5,1100,soft,out_1_3m,benchmark,,12,1.0,0.06557549050466935,-0.28765047095325313,-0.3812339075302488,even,even,19.32,22.43,23.78,0.5337359999999991,0.5040839999999998,0.6819959999999959,source_distance_going,35,"{""source_distance"": 140, ""source_distance_going"": 35, ""source_phase_profile"": 140, ""source_phase_profile_going"": 35, ""track_distance"": 3, ""track_distance_going"": 0, ""track_distance_going_rail"": 0, ""track_phase_profile_going"": 0}",2026-08-08
expected-tempo-targets-v2.0-walk-forward,2026-08-08|caulfield-heath|6,2026-08-08,racing-com-rv-authorised,VIC,caulfield-heath,6,1200,soft,out_1_3m,benchmark,,8,1.0,-0.711962468336412,-0.7681700316261305,0.0653843083166128,slow,slow_early,25.345,22.9,23.692500000000003,0.5337359999999991,0.5337359999999991,0.7264740000000003,source_distance_going,56,"{""source_distance"": 228, ""source_distance_going"": 56, ""source_phase_profile"": 863, ""source_phase_profile_going"": 213, ""track_distance"": 6, ""track_distance_going"": 0, ""track_distance_going_rail"": 0, ""track_phase_profile_going"": 0}",2026-08-08
expected-tempo-targets-v2.0-walk-forward,2026-08-08|caulfield-heath|7,2026-08-08,racing-com-rv-authorised,VIC,caulfield-heath,7,1800,soft,out_1_3m,benchmark,,12,1.0,2.8142545481609824,-3.7280943796524477,-2.584898112907412,very_fast_or_collapse,pace_collapse,64.785,23.585,24.182499999999997,1.289861999999991,0.4077150000000005,0.6412245000000014,source_distance_going,10,"{""source_distance"": 42, ""source_distance_going"": 10, ""source_phase_profile"": 863, ""source_phase_profile_going"": 213, ""track_distance"": 3, ""track_distance_going"": 0, ""track_distance_going_rail"": 0, ""track_phase_profile_going"": 0}",2026-08-08
expected-tempo-targets-v2.0-walk-forward,2026-08-08|caulfield-heath|8,2026-08-08,racing-com-rv-authorised,VIC,caulfield-heath,8,1800,soft,out_1_3m,benchmark,,10,1.0,0.17443726538187487,-0.08584427847883963,-0.3781826801689622,even,even,64.785,23.585,24.182499999999997,1.289861999999991,0.4077150000000005,0.6412245000000014,source_distance_going,10,"{""source_distance"": 42, ""source_distance_going"": 10, ""source_phase_profile"": 863, ""source_phase_profile_going"": 213, ""track_distance"": 3, ""track_distance_going"": 0, ""track_distance_going_rail"": 0, ""track_phase_profile_going"": 0}",2026-08-08
expected-tempo-targets-v2.0-walk-forward,2026-08-08|randwick|2,2026-08-08,racing-com-nsw-authorised-v2,NSW,randwick,2,1000,soft,out_4_6m,,,13,1.0,0.13268670678228542,0.716646431943883,0.9980640292254986,even,even,13.620000000000001,21.825,23.4675,0.2260965000000011,0.5930400000000005,0.5485620000000014,track_distance_going,12,"{""source_distance"": 24, ""source_distance_going"": 12, ""source_phase_profile"": 24, ""source_phase_profile_going"": 12, ""track_distance"": 24, ""track_distance_going"": 12, ""track_distance_going_rail"": 2, ""track_phase_profile_going"": 12}",2026-08-08
expected-tempo-targets-v2.0-walk-forward,2026-08-08|randwick|3,2026-08-08,racing-com-nsw-authorised-v2,NSW,randwick,3,1400,soft,out_4_6m,,,9,1.0,0.05781349366941984,0.24777211572610328,1.6209535993873008,even,even,23.145,23.520000000000003,23.96,0.7783650000000031,0.7264739999999924,0.9192120000000015,track_distance_going,29,"{""source_distance"": 116, ""source_distance_going"": 55, ""source_phase_profile"": 415, ""source_phase_profile_going"": 169, ""track_distance"": 65, ""track_distance_going"": 29, ""track_distance_going_rail"": 4, ""track_phase_profile_going"": 78}",2026-08-08
expected-tempo-targets-v2.0-walk-forward,2026-08-08|randwick|4,2026-08-08,racing-com-nsw-authorised-v2,NSW,randwick,4,2400,soft,out_4_6m,,,9,1.0,0.25313817849605813,0.34619879689948846,-0.6056065968066441,even,even,24.3075,23.479999999999997,24.122500000000002,1.5307845000000009,0.8376690000000044,0.8710274999999952,track_phase_profile_going,78,"{""source_distance"": 15, ""source_distance_going"": 7, ""source_phase_profile"": 415, ""source_phase_profile_going"": 169, ""track_distance"": 4, ""track_distance_going"": 1, ""track_distance_going_rail"": 0, ""track_phase_profile_going"": 78}",2026-08-08
expected-tempo-targets-v2.0-walk-forward,2026-08-08|randwick|5,2026-08-08,racing-com-nsw-authorised-v2,NSW,randwick,5,1600,good,out_4_6m,,,11,1.0,0.4846341012535556,-0.0788365822764871,-0.7279157701282053,even,even,24.450000000000003,22.814999999999998,23.095,2.0015099999999966,0.5708010000000076,0.7487130000000037,track_distance_going,13,"{""source_distance"": 21, ""source_distance_going"": 13, ""source_phase_profile"": 415, ""source_phase_profile_going"": 190, ""track_distance"": 21, ""track_distance_going"": 13, ""track_distance_going_rail"": 4, ""track_phase_profile_going"": 105}",2026-08-08
expected-tempo-targets-v2.0-walk-forward,2026-08-08|randwick|6,2026-08-08,racing-com-nsw-authorised-v2,NSW,randwick,6,1000,good,out_4_6m,,,10,1.0,0.2060943987289676,2.669463428351004,0.5576235486761948,even,even,13.510000000000002,21.6625,23.0425,0.26686799999999694,0.26316150000000293,0.7487130000000011,track_distance_going,12,"{""source_distance"": 24, ""source_distance_going"": 12, ""source_phase_profile"": 24, ""source_phase_profile_going"": 12, ""track_distance"": 24, ""track_distance_going"": 12, ""track_distance_going_rail"": 3, ""track_phase_profile_going"": 12}",2026-08-08
expected-tempo-targets-v2.0-walk-forward,2026-08-08|randwick|8,2026-08-08,racing-com-nsw-authorised-v2,NSW,randwick,8,1200,good,out_4_6m,,,7,1.0,0.0,2.649785126515222,0.6112572507756658,even,even,24.5,22.67,23.21,0.6745830000000027,0.4151279999999964,0.9488640000000008,track_distance_going_rail,15,"{""source_distance"": 140, ""source_distance_going"": 72, ""source_phase_profile"": 415, ""source_phase_profile_going"": 190, ""track_distance"": 76, ""track_distance_going"": 45, ""track_distance_going_rail"": 15, ""track_phase_profile_going"": 105}",2026-08-08
expected-tempo-targets-v2.0-walk-forward,2026-08-08|randwick|9,2026-08-08,racing-com-nsw-authorised-v2,NSW,randwick,9,1200,good,out_4_6m,,,10,1.0,0.08153185004662064,-0.09635582278236952,0.1159280992850391,even,even,24.5,22.67,23.21,0.6745830000000027,0.4151279999999964,0.9488640000000008,track_distance_going_rail,15,"{""source_distance"": 140, ""source_distance_going"": 72, ""source_phase_profile"": 415, ""source_phase_profile_going"": 190, ""track_distance"": 76, ""track_distance_going"": 45, ""track_distance_going_rail"": 15, ""track_phase_profile_going"": 105}",2026-08-08
expected-tempo-targets-v2.0-walk-forward,2026-08-08|randwick|10,2026-08-08,racing-com-nsw-authorised-v2,NSW,randwick,10,1200,good,out_4_6m,,,10,1.0,-0.06670787731087431,1.0117361392149056,-0.27401187103736446,even,even,24.5,22.67,23.21,0.6745830000000027,0.4151279999999964,0.9488640000000008,track_distance_going_rail,15,"{""source_distance"": 140, ""source_distance_going"": 72, ""source_phase_profile"": 415, ""source_phase_profile_going"": 190, ""track_distance"": 76, ""track_distance_going"": 45, ""track_distance_going_rail"": 15, ""track_phase_profile_going"": 105}",2026-08-08
expected-tempo-targets-v2.0-walk-forward,2026-08-15|caulfield|1,2026-08-15,racing-com-rv-authorised,VIC,caulfield,1,1100,soft,true,benchmark,,12,1.0,-0.2519813642394923,0.08247048587486618,1.4697219299809603,even,even,19.05326923076923,22.47769230769231,23.815192307692307,0.40372338461538365,0.45703996153846094,0.6737276538461497,track_distance_going_rail,6,"{""source_distance"": 141, ""source_distance_going"": 36, ""source_phase_profile"": 141, ""source_phase_profile_going"": 36, ""track_distance"": 82, ""track_distance_going"": 26, ""track_distance_going_rail"": 6, ""track_phase_profile_going"": 26}",2026-08-15
expected-tempo-targets-v2.0-walk-forward,2026-08-15|caulfield|2,2026-08-15,racing-com-rv-authorised,VIC,caulfield,2,2000,soft,true,benchmark,,15,1.0,2.2738084846781117,0.7428312329037394,-0.29572705005128624,very_fast_or_collapse,very_fast_early,77.807,24.12,25.137000000000004,1.0585763999999938,0.6731003999999998,0.6864438000000025,track_distance_going_rail,5,"{""source_distance"": 104, ""source_distance_going"": 26, ""source_phase_profile"": 868, ""source_phase_profile_going"": 218, ""track_distance"": 58, ""track_distance_going"": 19, ""track_distance_going_rail"": 5, ""track_phase_profile_going"": 96}",2026-08-15
expected-tempo-targets-v2.0-walk-forward,2026-08-15|caulfield|3,2026-08-15,racing-com-rv-authorised,VIC,caulfield,3,1400,soft,true,benchmark,,12,1.0,0.1486166080202706,1.7888667968727132,0.18181924820673478,even,even,37.6,23.805,24.6,0.8747339999999945,0.5114969999999983,0.8524950000000042,track_distance_going_rail,15,"{""source_distance"": 226, ""source_distance_going"": 58, ""source_phase_profile"": 868, ""source_phase_profile_going"": 218, ""track_distance"": 120, ""track_distance_going"": 29, ""track_distance_going_rail"": 15, ""track_phase_profile_going"": 96}",2026-08-15
expected-tempo-targets-v2.0-walk-forward,2026-08-15|caulfield|4,2026-08-15,racing-com-rv-authorised,VIC,caulfield,4,1400,soft,true,benchmark,,10,1.0,0.9088477182777928,2.179875932801181,-0.18768438524565634,very_fast_or_collapse,fast_early,37.6,23.805,24.6,0.8747339999999945,0.5114969999999983,0.8524950000000042,track_distance_going_rail,15,"{""source_distance"": 226, ""source_distance_going"": 58, ""source_phase_profile"": 868, ""source_phase_profile_going"": 218, ""track_distance"": 120, ""track_distance_going"": 29, ""track_distance_going_rail"": 15, ""track_phase_profile_going"": 96}",2026-08-15
expected-tempo-targets-v2.0-walk-forward,2026-08-15|caulfield|5,2026-08-15,racing-com-rv-authorised,VIC,caulfield,5,1100,soft,true,group,3,9,1.0,0.9741056519277137,0.4763091327058661,0.06707800612653385,fast,sustained_high_pressure,19.05326923076923,22.47769230769231,23.815192307692307,0.40372338461538365,0.45703996153846094,0.6737276538461497,track_distance_going_rail,6,"{""source_distance"": 141, ""source_distance_going"": 36, ""source_phase_profile"": 141, ""source_phase_profile_going"": 36, ""track_distance"": 82, ""track_distance_going"": 26, ""track_distance_going_rail"": 6, ""track_phase_profile_going"": 26}",2026-08-15
expected-tempo-targets-v2.0-walk-forward,2026-08-15|caulfield|6,2026-08-15,racing-com-rv-authorised,VIC,caulfield,6,1100,soft,true,group,3,16,1.0,0.4911016758618449,0.005890748991060205,0.27487710595681475,even,even,19.05326923076923,22.47769230769231,23.815192307692307,0.40372338461538365,0.45703996153846094,0.6737276538461497,track_distance_going_rail,6,"{""source_distance"": 141, ""source_distance_going"": 36, ""source_phase_profile"": 141, ""source_phase_profile_going"": 36, ""track_distance"": 82, ""track_distance_going"": 26, ""track_distance_going_rail"": 6, ""track_phase_profile_going"": 26}",2026-08-15
expected-tempo-targets-v2.0-walk-forward,2026-08-15|caulfield|7,2026-08-15,racing-com-rv-authorised,VIC,caulfield,7,1400,soft,true,group,2,11,1.0,-0.5601702917687035,1.0263989818122106,1.2551393263303539,slow,slow_early,37.6,23.805,24.6,0.8747339999999945,0.5114969999999983,0.8524950000000042,track_distance_going_rail,15,"{""source_distance"": 226, ""source_distance_going"": 58, ""source_phase_profile"": 868, ""source_phase_profile_going"": 218, ""track_distance"": 120, ""track_distance_going"": 29, ""track_distance_going_rail"": 15, ""track_phase_profile_going"": 96}",2026-08-15
expected-tempo-targets-v2.0-walk-forward,2026-08-15|caulfield|8,2026-08-15,racing-com-rv-authorised,VIC,caulfield,8,1200,soft,true,listed,,11,1.0,0.22741450894230253,1.9140953985146754,-0.24396474278940872,even,even,25.006,22.870000000000005,23.81,0.7739172000000009,0.3291372000000009,0.6968220000000014,track_distance_going_rail,5,"{""source_distance"": 230, ""source_distance_going"": 58, ""source_phase_profile"": 868, ""source_phase_profile_going"": 218, ""track_distance"": 91, ""track_distance_going"": 21, ""track_distance_going_rail"": 5, ""track_phase_profile_going"": 96}",2026-08-15
expected-tempo-targets-v2.0-walk-forward,2026-08-15|caulfield|9,2026-08-15,racing-com-rv-authorised,VIC,caulfield,9,1600,soft,true,benchmark,,8,1.0,-0.4673369807949663,0.2586965222146488,-0.3220469399493325,even,even,43.06137931034483,23.849310344827586,24.34793103448276,14.900641241379311,0.7704407586206872,1.0776968275862073,track_distance_going,9,"{""source_distance"": 182, ""source_distance_going"": 44, ""source_phase_profile"": 868, ""source_phase_profile_going"": 218, ""track_distance"": 60, ""track_distance_going"": 9, ""track_distance_going_rail"": 2, ""track_phase_profile_going"": 96}",2026-08-15
expected-tempo-targets-v2.0-walk-forward,2026-08-15|rosehill|1,2026-08-15,racing-com-nsw-authorised-v2,NSW,rosehill,1,1500,good,true,,,9,1.0,0.036988202939041974,-2.7092045505643245,1.2493206151782879,even,even,24.944000000000003,23.544000000000004,23.564000000000004,0.9192119999999953,0.5337359999999991,1.1238107999999998,track_distance_going_rail,5,"{""source_distance"": 23, ""source_distance_going"": 16, ""source_phase_profile"": 421, ""source_phase_profile_going"": 194, ""track_distance"": 23, ""track_distance_going"": 16, ""track_distance_going_rail"": 5, ""track_phase_profile_going"": 85}",2026-08-15
expected-tempo-targets-v2.0-walk-forward,2026-08-15|rosehill|2,2026-08-15,racing-com-nsw-authorised-v2,NSW,rosehill,2,1300,good,true,,,7,1.0,0.6013532072441922,-0.28986379746101404,-0.28187673530365087,fast,fast_early,23.45,22.92,22.976,1.2305579999999996,0.8969729999999995,0.7946736000000031,track_distance_going_rail,5,"{""source_distance"": 48, ""source_distance_going"": 16, ""source_phase_profile"": 421, ""source_phase_profile_going"": 194, ""track_distance"": 36, ""track_distance_going"": 12, ""track_distance_going_rail"": 5, ""track_phase_profile_going"": 85}",2026-08-15
expected-tempo-targets-v2.0-walk-forward,2026-08-15|rosehill|3,2026-08-15,racing-com-nsw-authorised-v2,NSW,rosehill,3,1300,soft,true,,,16,1.0,1.1886568816031304,1.8811125111457856,-0.5403391902275396,very_fast_or_collapse,fast_early,23.304999999999996,23.566923076923075,23.53961538461538,0.6141385384615388,0.3917485384615389,0.8242685769230709,track_distance_going_rail,6,"{""source_distance"": 48, ""source_distance_going"": 25, ""source_phase_profile"": 421, ""source_phase_profile_going"": 171, ""track_distance"": 36, ""track_distance_going"": 17, ""track_distance_going_rail"": 6, ""track_phase_profile_going"": 91}",2026-08-15
expected-tempo-targets-v2.0-walk-forward,2026-08-15|rosehill|5,2026-08-15,racing-com-nsw-authorised-v2,NSW,rosehill,5,1400,soft,true,,,9,1.0,2.058995162404847,1.2139186562496989,-1.2730063395378026,very_fast_or_collapse,pace_collapse,23.609482758620693,23.358275862068968,23.3,0.38828782758620867,0.4187066896551725,0.40848186206896564,track_distance_going_rail,9,"{""source_distance"": 117, ""source_distance_going"": 56, ""source_phase_profile"": 421, ""source_phase_profile_going"": 171, ""track_distance"": 51, ""track_distance_going"": 26, ""track_distance_going_rail"": 9, ""track_phase_profile_going"": 91}",2026-08-15
expected-tempo-targets-v2.0-walk-forward,2026-08-15|rosehill|7,2026-08-15,racing-com-nsw-authorised-v2,NSW,rosehill,7,1200,soft,true,,,8,1.0,-0.8005201747421213,4.0,-0.6452159869298681,slow,slow_early,25.205,23.331428571428575,23.05142857142857,0.306051,0.28063499999999986,0.6099840000000027,track_distance_going_rail,8,"{""source_distance"": 143, ""source_distance_going"": 52, ""source_phase_profile"": 421, ""source_phase_profile_going"": 171, ""track_distance"": 64, ""track_distance_going"": 27, ""track_distance_going_rail"": 8, ""track_phase_profile_going"": 91}",2026-08-15
expected-tempo-targets-v2.0-walk-forward,2026-08-15|rosehill|9,2026-08-15,racing-com-nsw-authorised-v2,NSW,rosehill,9,1400,soft,true,,,10,1.0,0.9902003908050091,1.070620253137467,0.6487436153413821,very_fast_or_collapse,sustained_high_pressure,23.609482758620693,23.358275862068968,23.3,0.38828782758620867,0.4187066896551725,0.40848186206896564,track_distance_going_rail,9,"{""source_distance"": 117, ""source_distance_going"": 56, ""source_phase_profile"": 421, ""source_phase_profile_going"": 171, ""track_distance"": 51, ""track_distance_going"": 26, ""track_distance_going_rail"": 9, ""track_phase_profile_going"": 91}",2026-08-15
expected-tempo-targets-v2.0-walk-forward,2026-08-15|rosehill|10,2026-08-15,racing-com-nsw-authorised-v2,NSW,rosehill,10,1400,soft,true,,,13,1.0,2.084749253286784,0.6646081109861057,-0.19584712915966665,very_fast_or_collapse,very_fast_early,23.609482758620693,23.358275862068968,23.3,0.38828782758620867,0.4187066896551725,0.40848186206896564,track_distance_going_rail,9,"{""source_distance"": 117, ""source_distance_going"": 56, ""source_phase_profile"": 421, ""source_phase_profile_going"": 171, ""track_distance"": 51, ""track_distance_going"": 26, ""track_distance_going_rail"": 9, ""track_phase_profile_going"": 91}",2026-08-15
