game_id,season,week,margin,total,spread_home_close,total_line_close,margin_t1_core,margin_t1_plus_t4a,margin_t1_plus_shuffled_t4a,total_t1_core,total_t1_plus_t4a,total_t1_plus_shuffled_t4a
2019_01_ATL_MIN,2019,1,16.0,40.0,-3.5,47.0,2.3700805454073626,2.3555489653084924,2.6879548021147723,46.608746050006054,48.69676556248946,46.43267122264159
2019_01_BAL_MIA,2019,1,-49.0,69.0,7.0,40.5,-0.9607713102833612,-1.0180479437489538,-0.7247478270773755,45.069121462998716,45.540039594815475,46.03538835977841
2019_01_BUF_NYJ,2019,1,-1.0,33.0,-2.5,41.0,-1.5008981638510148,-1.516978742807366,-1.2769100759721883,44.263300201476284,44.89222244897668,44.092701104022154
2019_01_CIN_SEA,2019,1,1.0,41.0,-9.0,44.0,5.683612837069657,5.753745989950113,0.8303546711463117,46.91501815138623,47.77959513865532,47.40857306952139
2019_01_DEN_OAK,2019,1,8.0,40.0,3.0,42.5,-0.3090459278211428,-0.3040648007997323,0.08085092406249683,46.01477293469154,46.0813020785947,45.95799357489186
2019_01_DET_ARI,2019,1,0.0,54.0,3.0,45.5,0.19503486666664083,0.10695470071562135,-0.04851488172283963,43.91071260597204,43.17421100537716,43.79323727899365
2019_01_GB_CHI,2019,1,-7.0,13.0,-3.0,46.5,4.389168848782773,4.396434414261138,4.191935320222621,44.86264109707755,44.850966351263274,45.78503088740886
2019_01_HOU_NO,2019,1,2.0,58.0,-6.5,51.5,4.152072349801122,4.229865451330675,4.038073218430933,47.14081313599575,50.42228250385198,47.06853462810334
2019_01_IND_LAC,2019,1,6.0,54.0,-6.0,44.5,2.1948691562000775,2.1290832415828427,2.488690572616239,47.69586049840153,45.93650226671019,43.00578065613522
2019_01_KC_JAX,2019,1,-14.0,66.0,3.5,49.0,-1.5877573081297869,-1.5701738898435518,-0.5307575708475145,46.41652687749439,46.57324255292123,45.84193676255995
2019_01_LA_CAR,2019,1,-3.0,57.0,2.0,49.5,1.5063447647639387,1.7524673915897848,1.2142444197450866,48.22701548985752,47.59299596282667,48.0655304776154
2019_01_NYG_DAL,2019,1,18.0,52.0,-7.0,44.0,2.3629517956313255,2.3399075989949227,2.9482417416545452,46.38520989847262,45.98012905405333,46.270542224599836
2019_01_PIT_NE,2019,1,30.0,36.0,-5.5,49.0,3.520150712469712,3.489974110712893,4.683337821689501,49.26889143913503,49.3162720637896,49.157564228834936
2019_01_SF_TB,2019,1,-14.0,48.0,-1.0,51.0,4.636023401874005,4.676970826045444,4.849697350587204,47.95501964578885,47.79173828931111,47.82809084792015
2019_01_TEN_CLE,2019,1,-30.0,56.0,-5.5,44.0,3.489197101236747,3.452381556186265,3.2256082549808323,46.76571442187983,47.08986467539732,47.69868749373888
2019_01_WAS_PHI,2019,1,5.0,59.0,-10.0,44.5,3.2765969872153664,3.2753446110693356,3.7628517948722733,45.1396910790511,45.039811403211736,44.62071395388592
2019_02_ARI_BAL,2019,2,6.0,40.0,-13.0,45.5,12.421111422244902,12.518890984589024,12.235586357344653,45.46626833532351,45.246765128011646,46.40802046501755
2019_02_BUF_NYG,2019,2,-14.0,42.0,1.0,44.5,1.7777923448247877,1.5901076177157063,2.3552426505139508,46.45401916674902,47.65109569019628,46.40277144049551
2019_02_CHI_DEN,2019,2,-2.0,30.0,3.0,40.5,0.8895913204146579,0.9619131399616241,1.9353690390864844,46.66530028697043,46.38661234141693,47.602423545942
2019_02_CLE_NYJ,2019,2,-20.0,26.0,6.5,45.0,3.80158125296593,3.7503985911086932,4.302435035431242,47.045306642616616,47.79562096048447,46.88510690096552
2019_02_DAL_WAS,2019,2,-10.0,52.0,6.0,46.0,-1.9949537372109771,-1.986974270341142,-1.82873604608976,47.30138748337339,47.13239164853488,47.084804445763815
2019_02_IND_TEN,2019,2,-2.0,36.0,-3.5,43.5,-0.49759852883533007,-0.47178140210249886,0.025237183561741705,46.43300924551421,46.4874317862745,46.12879664423568
2019_02_JAX_HOU,2019,2,1.0,25.0,-7.0,43.0,4.217624343732728,4.218982415540218,4.08548359572811,45.60900491330992,44.64102418479783,45.58403770471977
2019_02_KC_OAK,2019,2,-18.0,38.0,7.0,53.0,-2.2721828801283803,-2.267193980048428,-2.1304424278219574,52.04890815160654,51.91796317648596,53.11402112234829
2019_02_LAC_DET,2019,2,3.0,23.0,1.0,46.5,2.1923097747065503,2.4194284442278047,1.8646200690158081,47.99331891671956,50.799250511426095,47.87799343419405
2019_02_MIN_GB,2019,2,5.0,37.0,-3.0,43.0,-2.8362189521669383,-2.8428098224916143,-2.377189937898457,45.11945994785122,45.153001411994765,44.53597545495158
2019_02_NE_MIA,2019,2,-43.0,43.0,18.0,48.5,-9.286292056522022,-9.283466322473624,-9.186728537347834,48.32393387443523,48.28700437309803,47.814413273177315
2019_02_NO_LA,2019,2,18.0,36.0,-2.0,52.0,3.9535664285096686,3.837370481495344,4.552204728864074,48.62874435053247,47.34980697928903,48.5858796115072
2019_02_PHI_ATL,2019,2,4.0,44.0,1.0,53.0,-0.9063987221422933,-0.9654530798953255,-0.31014013465222023,48.97939109779635,48.536915846506496,49.511428611113715
2019_02_SEA_PIT,2019,2,-2.0,54.0,-4.0,47.0,2.8698523891271117,2.95320540781397,3.096439914694053,47.873175501791806,47.521763700661076,47.296230189634606
2019_02_SF_CIN,2019,2,-24.0,58.0,-1.0,46.0,0.6535510260174087,0.7236028992424264,0.31007345255670055,47.218009781249904,47.04628241949346,48.16201920245091
2019_02_TB_CAR,2019,2,-6.0,34.0,-6.5,48.0,2.653353001063675,2.6839833341062533,3.1107838835285784,43.41210028355157,43.46055923889615,43.29048399312027
2019_03_ATL_IND,2019,3,3.0,51.0,-1.5,48.0,7.6900777743382065,7.734624185426462,7.512267920231739,47.30540952865995,46.721910411758486,47.12866861331499
2019_03_BAL_KC,2019,3,5.0,61.0,-5.0,52.0,2.270015336715037,2.320400548646395,2.882980483967234,54.056083787000325,54.798246501626075,53.95663631374962
2019_03_CAR_ARI,2019,3,-18.0,58.0,-2.5,45.5,-0.7574510685864612,-0.7901742598676531,-1.0617016657829803,46.49310089785504,45.531744195246084,46.27446307892665
2019_03_CHI_WAS,2019,3,-16.0,46.0,5.0,41.0,1.931194846895138,1.9308590724938501,1.6270004396684432,45.834240401221926,45.7423864490573,45.65445006730501
2019_03_CIN_BUF,2019,3,4.0,38.0,-6.0,43.5,8.297219032685511,8.292970412404145,8.561849935065023,46.47314114033927,47.715075582606595,46.291580061759866
2019_03_DEN_GB,2019,3,11.0,43.0,-7.0,41.5,2.2320801750440395,2.3177426924317053,2.8994494550964403,47.057726989268424,46.85152031988431,46.831969920386506
2019_03_DET_PHI,2019,3,-3.0,51.0,-4.0,45.0,4.165343863505619,4.176171203176702,3.7934188586273434,48.47474731008053,48.00007901498327,48.39401546830878
2019_03_HOU_LAC,2019,3,-7.0,47.0,-3.0,49.0,3.1226025803996498,3.0561818969950787,3.666583669044785,48.147543387186985,46.5258902438206,49.17707799802236
2019_03_LA_CLE,2019,3,-7.0,33.0,4.0,48.0,-3.382673531420174,-3.134395266261175,-3.6433200831326995,46.931773784613355,46.354970472065325,46.83430310902428
2019_03_MIA_DAL,2019,3,25.0,37.0,-21.5,46.5,18.01982447955718,18.070252291987725,18.591287873603086,47.61373854566176,46.85234142711915,48.63261447887866
2019_03_NO_SEA,2019,3,-6.0,60.0,-5.0,44.0,2.347647141012934,2.3740102229786144,2.499386789207066,48.0723371090753,48.85797374396719,47.56175423393857
2019_03_NYG_TB,2019,3,-1.0,63.0,-5.0,48.0,4.454886166913554,4.4262389007400165,4.6433144276113145,46.963644076875774,46.96715784030968,46.47446134871172
2019_03_NYJ_NE,2019,3,16.0,44.0,-21.0,43.0,12.136118047806562,12.134210354357734,12.590173036313596,46.41848767050346,46.35352111702871,46.3785108710468
2019_03_OAK_MIN,2019,3,20.0,48.0,-9.0,43.5,6.251523643582891,6.255247477422826,6.8266958347385645,47.109872895796755,48.999177403277535,47.12157220621241
2019_03_PIT_SF,2019,3,4.0,44.0,-6.0,44.5,6.443441973622815,6.507374070833273,7.0558973909717855,49.044721066996125,47.514794494939075,48.978819432444624
2019_03_TEN_JAX,2019,3,13.0,27.0,2.0,38.0,-2.444360880258228,-2.450122794891537,-2.090129035665874,41.930514358472294,42.08163014877609,41.72392736116057
2019_04_CAR_HOU,2019,4,-6.0,26.0,-5.0,47.5,3.3346080248838925,3.387387466650307,3.6137873309482758,49.028223267982945,47.87546514546231,49.95704274826736
2019_04_CIN_PIT,2019,4,24.0,30.0,-3.5,45.0,4.458415324545647,4.451765030351405,4.931640350058138,46.95306573878784,46.71931790857471,46.85721852855902
2019_04_CLE_BAL,2019,4,-15.0,65.0,-7.0,47.5,8.50339672353457,8.48781940974799,8.274503031352285,47.68400735866025,47.68234959485155,47.43116184624892
2019_04_DAL_NO,2019,4,2.0,22.0,2.5,47.0,-0.1963494278552813,-0.201718938188376,-0.618967239738333,51.21286223707904,54.41931488692827,51.152392012325556
2019_04_JAX_DEN,2019,4,-2.0,50.0,-2.5,37.5,3.395399097606825,3.4290373778608987,3.6853872601477455,46.22427300951921,46.12625702336437,46.09398577880001
2019_04_KC_DET,2019,4,-4.0,64.0,7.0,54.5,-0.910851049993538,-0.8396387200311435,-0.5854194222836442,54.561084918413144,57.756242733303644,53.84306651163182
2019_04_LAC_MIA,2019,4,-20.0,40.0,15.0,43.5,-7.379638261179926,-7.1407754804671635,-7.8159327743258125,47.250052958082385,46.439171129469756,46.795216867882495
2019_04_MIN_CHI,2019,4,10.0,22.0,-1.0,38.5,0.5651657903504617,0.5501738291188535,0.6437044008312827,43.68352958569733,43.56738024754566,43.5405955421015
2019_04_NE_BUF,2019,4,-6.0,26.0,7.0,41.5,-3.7973666034763207,-3.796138117644607,-3.231703823534799,45.535932777947274,46.749641409253094,45.30433419424554
2019_04_OAK_IND,2019,4,-7.0,55.0,-6.0,46.5,8.4245441952125,8.480498740845666,8.159632590135287,49.642203038509294,48.84140818187791,50.744385485077075
2019_04_PHI_GB,2019,4,-7.0,61.0,-3.5,46.5,3.779716093534555,3.776872629377775,3.609937457020134,46.63555583386226,46.645338253478954,46.58822573568506
2019_04_SEA_ARI,2019,4,-17.0,37.0,5.5,48.5,-3.829477223830094,-3.826964241312285,-4.08431983252297,42.97389550956358,41.61744216378348,43.35749904195046
2019_04_TB_LA,2019,4,-15.0,95.0,-9.0,48.5,7.861091545006378,7.8395699831818915,8.453786367617386,45.658804528618155,43.99568941618035,45.59623582476041
2019_04_TEN_ATL,2019,4,-14.0,34.0,-3.5,46.5,3.282332829754649,3.2238784422030613,2.6834278718392257,46.83838727751937,45.14415884472467,46.684548904677
2019_04_WAS_NYG,2019,4,21.0,27.0,-3.0,48.0,0.5284853666852247,0.5293337520185379,0.7177593115482656,46.08123874675262,46.30576670679252,45.5439743998874
2019_05_ARI_CIN,2019,5,-3.0,49.0,-3.0,46.5,1.919133615831766,1.9565109622366483,1.6125482962691613,41.93708355358762,41.88276572949823,41.80322637273068
2019_05_ATL_HOU,2019,5,21.0,85.0,-4.0,49.0,4.954190678190265,5.011570119784332,5.516078148368596,46.87228282468822,45.52972228969059,46.769108390627274
2019_05_BAL_PIT,2019,5,-3.0,49.0,3.0,44.0,-0.4030885274078848,-0.4076168156749577,-0.815030394001439,48.18209697490523,47.82933903248165,49.17423916005084
2019_05_BUF_TEN,2019,5,-7.0,21.0,-3.0,39.5,3.4010613119091904,3.4301177148633726,3.8299747276314333,43.7265365664547,44.010598671738336,43.54031814466735
2019_05_CHI_OAK,2019,5,3.0,45.0,6.5,39.5,-1.5001455699710706,-1.8075143003551533,-1.8290909904636177,47.586947275309875,45.279164964539525,48.676468666401746
2019_05_CLE_SF,2019,5,28.0,34.0,-4.5,48.0,6.869365709928136,6.9470173661447525,7.975815325573985,49.17021929200751,47.849610047106,50.07133137502924
2019_05_DEN_LAC,2019,5,-7.0,33.0,-4.5,45.5,6.439533123940557,6.376380038967154,6.2009831234990695,48.777601348071535,46.7049893556222,48.580938348968516
2019_05_GB_DAL,2019,5,-10.0,58.0,-3.0,46.5,6.7949630396772065,6.770627494452119,7.23295516307406,48.30817366710675,47.777838299748794,47.58812457232117
2019_05_IND_KC,2019,5,-6.0,32.0,-10.5,55.5,5.526399379205026,5.523163339760304,5.366156304101032,53.43118261136265,54.37071346459051,54.312366754748886
2019_05_JAX_CAR,2019,5,7.0,61.0,-3.0,40.5,6.931219228861275,6.983527727213205,6.61030207833253,46.651385717718526,46.815344099601724,46.13213029365462
2019_05_LA_SEA,2019,5,1.0,59.0,-1.5,48.5,0.1915663737496318,0.3892496343639415,-0.10064257491525924,43.74930593271371,43.74348163227376,43.54399172823893
2019_05_MIN_NYG,2019,5,-18.0,38.0,5.5,43.5,1.8685418169289951,1.8127743848255062,2.0209243557045613,45.13241178538976,45.75101758477298,45.07458193921678
2019_05_NE_WAS,2019,5,-26.0,40.0,16.5,41.5,-6.328234500726456,-6.259634924021462,-6.315182189952933,45.178944446278976,44.9404651748286,46.1871654559739
2019_05_NYJ_PHI,2019,5,25.0,37.0,-14.0,43.0,12.425204537513816,12.455750658428437,12.702159014210887,46.593537787292505,46.131368712686516,47.655579871865456
2019_05_TB_NO,2019,5,7.0,55.0,-3.0,46.5,1.7207193576055149,1.7340691416793832,1.4127936336080908,47.56786235892914,50.76616891714457,47.54708067749832
2019_06_ATL_ARI,2019,6,1.0,67.0,3.0,52.0,2.3066341806112196,2.319862092484774,2.8579448635614884,46.45750572480048,44.80664588397105,47.20993268298232
2019_06_CAR_TB,2019,6,-11.0,63.0,2.0,47.5,-0.23693019438733232,-0.38342553244958816,-0.5522938079155149,46.2809060102651,43.611894660750394,46.117892478808784
2019_06_CIN_BAL,2019,6,6.0,40.0,-10.5,46.5,8.823593182433667,8.837053601176814,9.316901176849985,46.56858886608074,46.43193468561444,46.59166351833532
2019_06_DAL_NYJ,2019,6,2.0,46.0,7.0,43.5,-12.40757823461545,-12.552741102566321,-11.938640548069552,43.11287209660552,44.315652714534416,42.95602788738805
2019_06_DET_GB,2019,6,1.0,45.0,-3.5,47.0,2.774197982515719,2.7283939990489285,3.253411738651448,49.882025213668676,49.995120009776855,49.750887232238284
2019_06_HOU_KC,2019,6,-7.0,55.0,-3.5,54.5,4.224237259424264,4.308840461053989,4.48577986158625,52.23331173884565,53.06062320096578,51.64885763530335
2019_06_NO_JAX,2019,6,-7.0,19.0,-2.5,42.5,-2.8429471561808084,-2.791309830302423,-2.4858397275644393,48.778568206719385,48.6155432278518,49.320397054252204
2019_06_NYG_NE,2019,6,21.0,49.0,-16.5,43.0,11.524790877417432,11.59424190400568,12.235039353997365,47.54162076325852,47.43463766534465,47.45423887349853
2019_06_PHI_MIN,2019,6,18.0,58.0,-3.5,44.5,3.20475225945612,3.2112116516550526,3.102013208946992,44.28643128193561,46.03044335849876,45.159292803428315
2019_06_PIT_LAC,2019,6,-7.0,41.0,-6.0,42.5,3.5380192644666284,3.467074458076951,4.018317679683361,48.27486332695543,46.3877134837292,47.72135313655914
2019_06_SEA_CLE,2019,6,-4.0,60.0,-1.0,45.5,-4.2505247495125715,-4.180780468585592,-3.6681174963717598,47.30674685107161,47.24328342965265,48.1786813313662
2019_06_SF_LA,2019,6,-13.0,27.0,-3.0,50.0,-0.9592724405944617,-1.027324310005662,-0.7353209928959682,47.56134660716953,45.804422595957234,48.50839288991758
2019_06_TEN_DEN,2019,6,16.0,16.0,-1.5,41.0,1.0489738762988745,1.1285139041361991,0.7144509493991867,44.738498260022794,44.586139092701615,45.24234241230263
2019_06_WAS_MIA,2019,6,-1.0,33.0,5.5,42.5,-0.8342396265139973,-0.7230057743461369,-0.24522878743423138,42.280654840973796,42.01738525235807,42.276764027710556
2019_07_ARI_NYG,2019,7,-6.0,48.0,-3.5,50.0,2.836259026246206,2.8379836520237616,3.357032013970717,46.002746136785554,46.44324058933114,41.34948073826873
2019_07_BAL_SEA,2019,7,-14.0,46.0,-3.0,48.5,3.080337623856926,3.136520241126626,2.7174931453225795,49.842544850680575,50.365515372936706,50.83489989599381
2019_07_HOU_IND,2019,7,7.0,53.0,-1.0,46.5,0.12320282856720843,0.13047142731745856,0.5142572284884983,48.01294807508342,48.95475312775334,47.85881249688363
2019_07_JAX_CIN,2019,7,-10.0,44.0,4.0,44.0,1.2232231121257024,1.1934958821909614,0.83540374137793,46.53596152736578,46.6908074425059,46.40830627722229
2019_07_KC_DEN,2019,7,-24.0,36.0,3.0,49.5,-2.8660548814014395,-2.868024738495705,-3.1275865801759934,47.37543520983601,47.263256617006945,47.03885146711722
2019_07_LAC_TEN,2019,7,3.0,43.0,-2.5,42.5,0.5654797278855296,0.8044036498430285,0.9736265650614597,44.16668215832202,43.25712747786896,43.92089875768702
2019_07_LA_ATL,2019,7,-27.0,47.0,3.0,54.5,1.7058622709676619,1.6657378258507314,1.3225846329025523,49.95535935954619,49.30721487298148,49.482909221422936
2019_07_MIA_BUF,2019,7,10.0,52.0,-17.0,42.5,14.164218007106037,14.186313393586536,14.14275989698555,41.21397895641008,42.595205992407536,40.652746206265796
2019_07_MIN_DET,2019,7,-12.0,72.0,2.5,43.5,-4.1109160461118455,-4.087740602110245,-5.403137267595197,46.84479101763152,50.159389918777464,47.704796969588344
2019_07_NE_NYJ,2019,7,-33.0,33.0,10.0,43.0,-15.509653075400594,-15.513999630076041,-15.557767424309477,42.56240979976823,43.47572486934394,42.34417876568505
2019_07_NO_CHI,2019,7,-11.0,61.0,-4.0,37.0,3.582968437373368,3.5932710523019864,4.245320916262231,47.7341643052298,47.65434289271894,48.72033782115289
2019_07_OAK_GB,2019,7,18.0,66.0,-5.5,47.5,3.2176887735870396,3.2364709184203613,3.2962488803125685,49.55422878831998,49.399780318202524,48.97653980016829
2019_07_PHI_DAL,2019,7,27.0,47.0,-3.0,50.0,4.582038732187955,4.56268664150902,4.907863951622343,47.166996765352124,46.300599347272296,46.83884727564971
2019_07_SF_WAS,2019,7,-9.0,9.0,10.0,39.0,-8.883968565336996,-8.884137153337678,-8.886866043889746,43.41006225912475,43.515238176727394,44.27615933363954
2019_08_ARI_NO,2019,8,22.0,40.0,-12.5,48.0,10.430250595712497,10.48967338614118,10.935807120713612,44.96197926493086,47.77196657887431,44.83491935935828
2019_08_CAR_SF,2019,8,38.0,64.0,-4.0,40.5,5.8800446790092575,5.82670651788927,5.857853687922942,46.582156774494,45.720169751037105,46.40888463427049
2019_08_CIN_LA,2019,8,14.0,34.0,-12.0,48.5,12.131653437398741,11.729246927971973,11.825919369010158,45.82193907698531,43.82114946764017,46.282036223802045
2019_08_CLE_NE,2019,8,14.0,40.0,-10.0,43.0,16.37534322924071,16.381786856018703,16.172019411310067,46.24558753704992,46.668386067720405,46.98013050854507
2019_08_DEN_IND,2019,8,2.0,28.0,-6.0,42.0,8.246466011964817,8.188010735568662,7.78087967491458,45.30057766903473,46.60081960964382,45.18754475970027
2019_08_GB_KC,2019,8,-7.0,55.0,5.0,47.5,5.927485954687037,6.013953239454419,6.29739558823496,53.253755708379884,53.97610604319937,48.48783182382404
2019_08_LAC_CHI,2019,8,-1.0,33.0,-3.5,41.0,2.482956855793308,2.7502077362542043,-2.779277261613349,47.87034735483877,46.51735239916493,47.744662588682104
2019_08_MIA_PIT,2019,8,13.0,41.0,-14.0,44.0,17.42077303415453,17.47146923056547,17.281965256112805,45.43389875876885,45.129524112721754,45.022228991867934
2019_08_NYG_DET,2019,8,5.0,57.0,-6.5,49.0,6.5860758853815975,6.610604672610924,6.201982695429449,48.66502080742224,52.24570119844147,48.72670561621405
2019_08_NYJ_JAX,2019,8,14.0,44.0,-6.5,40.0,11.730953291558599,11.732682235179658,11.518253100816466,41.324752080555356,41.72747360262329,42.34291752393393
2019_08_OAK_HOU,2019,8,3.0,51.0,-6.0,52.0,7.621193743681215,7.592152761772989,7.580746264674733,51.17123532150626,49.622357826986324,51.367089633920884
2019_08_PHI_BUF,2019,8,-18.0,44.0,-1.0,39.5,4.480538764521241,4.564033670213089,4.355376015746867,44.65110359503592,45.721278006416135,44.39599215228409
2019_08_SEA_ATL,2019,8,-7.0,47.0,7.5,48.5,-1.8010778146310324,-1.8567218483751362,-2.2685739906787132,50.70842778113733,50.139439416918286,50.705807430286434
2019_08_TB_TEN,2019,8,4.0,50.0,-2.0,45.5,3.7259948529850893,3.741405793260716,4.070351952504916,44.10347449645268,43.809681095768575,44.05680560798817
2019_08_WAS_MIN,2019,8,10.0,28.0,-16.5,42.0,15.162226421410821,15.151541777599567,14.98608110993864,43.57339386729792,45.31838125776326,44.47443059696397
2019_09_CHI_PHI,2019,9,8.0,36.0,-5.0,41.0,3.5829579773064726,3.542013457234425,3.3079321854319033,44.52059185827356,44.07556927902506,44.307390111124825
2019_09_CLE_DEN,2019,9,5.0,43.0,4.0,39.0,6.939798652691099,6.922759676945546,7.557974883724698,42.00913115175294,42.33845738290593,41.27893803560429
2019_09_DAL_NYG,2019,9,-19.0,55.0,6.5,48.5,-10.546583359459756,-10.575192922443694,-10.18488505795231,46.7069858975068,47.1161725275979,47.517993852857735
2019_09_DET_OAK,2019,9,7.0,55.0,-2.5,51.0,4.258744139697124,4.320539121749864,3.763445254456326,53.039523867832166,52.20470353494417,53.050515850317566
2019_09_GB_LAC,2019,9,15.0,37.0,4.0,50.0,0.937890878667602,0.8703659045180644,0.4185608344484024,52.209689942379285,50.04312406920753,51.99598404978376
2019_09_HOU_JAX,2019,9,-23.0,29.0,-1.0,46.0,-3.8291754965672538,-3.6913624528772373,-3.3923483523047278,47.704146090943574,45.788528705327636,48.67129823605317
2019_09_IND_PIT,2019,9,2.0,50.0,-1.0,40.0,3.2620005315954117,3.279976866706045,2.9569922987033737,45.41057927150386,45.0757564597311,45.27599076472217
2019_09_MIN_KC,2019,9,3.0,49.0,5.5,45.5,-0.5902423923498773,-0.5453998880480573,-0.31424512466041715,49.42536029838777,50.07318236552797,48.6371427481374
2019_09_NE_BAL,2019,9,17.0,57.0,3.0,44.5,-1.4679821297788633,-1.4070701753274502,-1.0007297681253386,47.50207421706495,47.80178562227332,47.34020004957781
2019_09_NYJ_MIA,2019,9,8.0,44.0,3.0,42.5,2.4349958395668914,2.4257979378960393,2.7413593328738948,37.46186913060074,37.69353232922127,37.43945927875923
2019_09_SF_ARI,2019,9,-3.0,53.0,10.0,43.0,-8.89864359749319,-8.934504917344185,-8.555354909444384,43.09757161108077,41.873244523040206,42.40461810928874
2019_09_TB_SEA,2019,9,6.0,74.0,-4.0,51.0,7.5830331030576055,7.598905193330477,7.3557176702010105,47.30085492042691,47.86058887794939,48.33284985704066
2019_09_TEN_CAR,2019,9,10.0,50.0,-3.5,43.0,1.4965452427679642,1.6197604776896557,1.2294931247034335,44.07595317960403,44.033302748592405,43.99193918220995
2019_09_WAS_BUF,2019,9,15.0,33.0,-10.5,37.0,8.108768808643822,8.265842167007294,8.714910716500876,42.29046034998439,43.30697536257954,43.20208637668454
2019_10_ARI_TB,2019,10,3.0,57.0,-5.5,51.5,5.404464540020221,5.475962470308334,5.884660289818171,46.33521041616021,45.75174962252458,47.323225293212
2019_10_ATL_NO,2019,10,-17.0,35.0,-13.5,51.5,11.012325096126892,10.995797727262497,11.681210252627071,47.89024241847068,50.53539234091268,47.749737153985386
2019_10_BAL_CIN,2019,10,-36.0,62.0,10.5,44.0,-12.589651623073037,-12.600360094520148,-12.21353848906524,47.661658066846265,47.57587641308025,47.5678349788274
2019_10_BUF_CLE,2019,10,3.0,35.0,-3.0,42.0,-3.6166663057556008,-3.5797399457866956,-3.1462978619567394,44.76668122687214,45.089353338442,44.51811189357428
2019_10_CAR_GB,2019,10,8.0,40.0,-5.0,49.0,7.326978821486588,7.2900041005680976,6.925640770931719,49.017980731502284,49.27200288951065,48.84210420708685
2019_10_DET_CHI,2019,10,7.0,33.0,-6.0,38.0,1.6112225015234012,1.5952636063565455,1.7656845117607025,47.337697079453186,47.03228332870834,47.18807027759915
2019_10_KC_TEN,2019,10,3.0,67.0,6.0,49.0,-1.0626506432863083,-1.0445809256882093,-0.6330549324412389,46.85973762853498,46.56605062642049,46.61885774101422
2019_10_LAC_OAK,2019,10,2.0,50.0,1.0,49.0,-1.8715950042850764,-1.591535087784496,-2.1764978303945277,50.69212187436285,48.998539920492114,50.655227369630076
2019_10_LA_PIT,2019,10,5.0,29.0,4.5,43.5,2.3445431930639864,2.5602991068366547,2.520753983829508,47.57482233913188,46.50316592102146,47.28949432458402
2019_10_MIA_IND,2019,10,-4.0,28.0,-11.0,44.0,13.313507573990496,13.27715759016638,13.339195238819785,43.39809002434019,43.02637734634909,38.82903902103167
2019_10_MIN_DAL,2019,10,-4.0,52.0,-3.0,48.0,4.158555556636655,4.188393555715743,4.60885904061757,47.0053382148372,45.99754298327722,46.603174153729825
2019_10_NYG_NYJ,2019,10,7.0,61.0,3.0,43.0,-2.9419497921078563,-3.372136477444432,-2.7555697316714465,39.07719591123178,41.26645366927394,39.16153409815126
2019_10_SEA_SF,2019,10,-3.0,51.0,-6.5,46.5,4.560497367849316,4.583916729915833,5.06299457676542,48.7675245100442,47.4384884450731,48.539410122462144
2019_11_ARI_SF,2019,11,10.0,62.0,-10.0,44.0,10.189819548541799,10.185670904929331,9.935689187597315,44.498120335381785,43.442604234801465,44.83045199019142
2019_11_ATL_CAR,2019,11,-26.0,32.0,-4.0,49.0,1.6344450707127338,1.6414946503223424,1.5070478572176662,46.29801325951676,46.20616647720768,46.162298949941366
2019_11_BUF_MIA,2019,11,-17.0,57.0,7.0,41.0,-6.945220028014344,-6.971563588319546,-7.4444397594934415,41.23171905578482,41.4765247609226,40.70005976164847
2019_11_CHI_LA,2019,11,10.0,24.0,-5.5,40.0,5.0833932660356,5.052428255173092,4.791525649538735,43.89501333390096,42.07849777589637,43.647849871199796
2019_11_CIN_OAK,2019,11,7.0,27.0,-13.0,48.0,17.18691786610262,17.24045848603301,17.7143897398501,50.29093357097478,49.76407981114702,50.387810705444686
2019_11_DAL_DET,2019,11,-8.0,62.0,7.0,46.5,-5.091382310132541,-5.067489163018923,-4.582221527988445,50.20694037810782,53.335811669389386,49.561780966351336
2019_11_DEN_MIN,2019,11,4.0,50.0,-10.0,40.0,12.262943352441596,12.238106869276418,12.695956961536481,44.92496702264804,46.80299156761116,45.73325568875298
2019_11_HOU_BAL,2019,11,34.0,48.0,-4.5,51.0,6.371934681795474,6.390176928527388,6.6082451061196394,51.709862034041635,51.48686398120877,52.34038958138211
2019_11_JAX_IND,2019,11,20.0,46.0,-2.5,41.5,4.48222946827689,4.456407789833383,4.022793144656473,43.230597682836404,43.024600619274985,44.070265014407674
2019_11_KC_LAC,2019,11,-7.0,41.0,5.5,52.5,0.24811875522494653,0.09544392263445317,-0.23778578999104322,48.489364275025814,45.40480742011022,48.16167912265142
2019_11_NE_PHI,2019,11,-7.0,27.0,4.5,45.0,-3.3235172810675953,-3.284271869469821,-3.278638119154635,45.13754242155863,44.93750461826028,44.942910135545866
2019_11_NO_TB,2019,11,-17.0,51.0,5.0,50.5,-5.0462048430347775,-5.037421614081503,-5.373940389550789,41.92641457832959,41.38614268116756,37.35799650933686
2019_11_NYJ_WAS,2019,11,-17.0,51.0,-2.0,37.5,6.336053643708056,6.423305113255307,6.049565264953024,38.12400052084822,38.02508290444157,39.13432530419398
2019_11_PIT_CLE,2019,11,14.0,28.0,-3.0,41.5,-6.012835575498056,-6.010879192633087,-6.342668046304122,42.98644438778784,43.09369840234112,42.75437734073848
2019_12_BAL_LA,2019,12,-39.0,51.0,3.5,47.0,-8.10838185472851,-8.129814826995352,-8.155562652552035,48.446554763826285,46.65666175234575,48.84955620787002
2019_12_CAR_NO,2019,12,3.0,65.0,-10.0,46.5,10.574396325953769,10.550897328741886,10.981522068686953,43.1108257794989,46.61563207027194,43.06487050798774
2019_12_DAL_NE,2019,12,4.0,22.0,-5.5,44.5,3.647876816364309,3.7380169123686304,3.4261026833372905,47.262739137532606,46.95099815080119,46.99500519652771
2019_12_DEN_BUF,2019,12,17.0,23.0,-3.5,37.0,9.068835230576342,9.094423367039361,9.606138288478057,42.157086820295056,43.555821200673805,41.90115461013164
2019_12_DET_WAS,2019,12,3.0,35.0,4.0,40.0,-3.6272761713070043,-3.548972471182799,-3.1627903724192326,45.26865142255326,45.0178398182511,45.258729722617126
2019_12_GB_SF,2019,12,29.0,45.0,-3.0,48.0,4.170945322549389,4.1396875562836035,4.209735536352448,48.204529512919834,47.15157251441379,47.95828076468374
2019_12_IND_HOU,2019,12,3.0,37.0,-3.5,46.0,0.8453471713739331,0.8349993492200991,1.0232237056520175,43.13396050938397,42.00774255715938,43.119862710305874
2019_12_JAX_TEN,2019,12,22.0,62.0,-4.0,42.5,5.217218067100234,5.168102001236901,5.019698998851483,43.17935933087215,43.2254614407293,43.5416208079101
2019_12_MIA_CLE,2019,12,17.0,65.0,-11.0,46.0,9.38019194784362,9.408334733221231,10.07287951578208,43.35313363229069,43.602004917375275,43.12918221891471
2019_12_NYG_CHI,2019,12,5.0,33.0,-6.0,41.0,6.269636360887758,6.302471878841476,5.816906529591255,42.74975725054011,42.58295098501625,43.77894232618813
2019_12_OAK_NYJ,2019,12,31.0,37.0,3.0,44.5,-6.176960792697895,-6.224624663708205,-5.700438849856258,45.34478598471773,45.824792795192614,45.32338410949742
2019_12_PIT_CIN,2019,12,-6.0,26.0,6.5,37.0,-11.190113565798141,-11.22356388597382,-10.883322445209092,41.79254159862977,41.82271156106679,41.24599228011967
2019_12_SEA_PHI,2019,12,-8.0,26.0,2.0,45.5,-1.2275178363544335,-1.2024284086941428,-1.4402868910356388,45.09894092214578,44.82865610239262,44.94841296609269
2019_12_TB_ATL,2019,12,-13.0,57.0,-3.5,51.5,4.052860218205494,4.032213090897354,4.286169601642113,44.68936390406015,42.47752404030635,44.63254360911259
2019_13_BUF_DAL,2019,13,-11.0,41.0,-6.5,46.5,5.04943050725102,5.058084833539055,4.987478233826599,46.26727201006544,45.75148446001698,45.971645874126025
2019_13_CHI_DET,2019,13,-4.0,44.0,5.5,37.0,0.7848156620526738,0.768661934654084,1.0368880981740412,43.72328956185106,47.10529709991258,43.44225287907142
2019_13_CLE_PIT,2019,13,7.0,33.0,1.0,40.0,2.178521866807484,2.167043519212745,2.5354117473648756,41.95970272067012,42.168038147354835,41.29593925386844
2019_13_GB_NYG,2019,13,-18.0,44.0,6.5,43.5,-4.600536792281958,-4.689127812762894,-5.064651854121771,44.85132393692077,45.668657708523355,44.85701140735484
2019_13_LAC_DEN,2019,13,3.0,43.0,4.5,38.5,-6.487418044956894,-6.240381312258509,-5.936066057038984,41.627166383066324,40.818052630300016,41.26968915433189
2019_13_LA_ARI,2019,13,-27.0,41.0,2.5,47.0,-0.49532790900095347,-0.3478316197313674,-0.021854668631296037,45.018846571425016,42.89009741231903,45.76649941520138
2019_13_MIN_SEA,2019,13,7.0,67.0,-2.5,48.5,-1.2762287007696478,-1.3306481235074283,-1.0575618802992957,47.754746346265044,48.61284044861655,47.0794717258629
2019_13_NE_HOU,2019,13,6.0,50.0,3.0,47.0,-0.6470136171464858,-0.664219249123112,-0.1642965245859066,45.26732455628037,44.41488196299979,45.04569758987282
2019_13_NO_ATL,2019,13,-8.0,44.0,7.0,48.0,-6.171805935143366,-6.1746267843293765,-6.673288358101099,44.42179055523959,42.119188219424885,44.92851835524451
2019_13_NYJ_CIN,2019,13,16.0,28.0,3.0,43.0,-5.672237108277588,-5.624250083686238,-5.677301798914948,40.33029889415737,40.28908854011059,40.88713316489952
2019_13_OAK_KC,2019,13,31.0,49.0,-10.5,49.5,5.4734167606457085,5.471080367197494,6.166917780750875,51.21231607201888,52.04271638879045,51.031792572907904
2019_13_PHI_MIA,2019,13,6.0,68.0,10.0,44.5,-5.253408707880123,-5.206068797139092,-5.683092136307568,40.08351625444868,39.99220962233863,39.640566209880014
2019_13_SF_BAL,2019,13,3.0,37.0,-5.5,45.0,12.076618874301072,12.162672362832494,12.519958072762035,48.73997361419121,48.5662189632172,48.46157872383508
2019_13_TB_JAX,2019,13,-17.0,39.0,3.0,46.5,-0.5957951119635929,-0.5063304095277987,0.3280612056427379,45.80321209185374,45.502693961054014,46.69334865731781
2019_13_TEN_IND,2019,13,-14.0,48.0,1.0,41.5,3.1985022287440867,3.2136697176875235,4.198773266224157,42.886549055509526,42.44455652861482,42.760177349717495
2019_13_WAS_CAR,2019,13,-8.0,50.0,-10.5,38.5,9.99527744496257,9.987918316035431,9.716280229137956,41.87009540912714,42.22812470980398,41.37254410021347
2019_14_BAL_BUF,2019,14,-7.0,41.0,6.0,44.0,-5.736830619580404,-5.65365965688823,-5.111845473272736,48.46632843165362,49.42134007766621,48.230767859728616
2019_14_CAR_ATL,2019,14,20.0,60.0,-3.5,48.0,1.3854187062566168,1.3746165759502025,1.5616700264410126,45.128682951026036,43.522147323063855,46.12285694561422
2019_14_CIN_CLE,2019,14,8.0,46.0,-6.5,43.5,9.943057229065388,9.955802612735832,9.665980990337946,42.382250484347445,42.758807218301804,42.309122878506585
2019_14_DAL_CHI,2019,14,7.0,55.0,3.0,43.0,-1.808620769174131,-1.742590931137848,-1.7044412338972184,45.80684469215651,45.39884558279318,45.72652849671619
2019_14_DEN_HOU,2019,14,-14.0,62.0,-8.0,42.5,10.32105770580003,10.382902019981955,10.833936840001911,43.47686965115038,42.286261228605404,44.052396201004434
2019_14_DET_MIN,2019,14,13.0,27.0,-11.5,44.0,7.644546809960364,7.624052889129502,7.918894852110919,47.00328145318613,48.64733172981118,46.694944788913496
2019_14_IND_TB,2019,14,3.0,73.0,-3.0,46.5,0.7905623611907848,0.8785020556770489,1.3459731076313954,43.28389469274858,43.10335674073315,42.77754964583343
2019_14_KC_NE,2019,14,-7.0,39.0,-3.0,48.5,2.2985237219765695,2.285500603767248,2.641973415674093,45.76680914967508,45.920303473533245,46.502940165795344
2019_14_LAC_JAX,2019,14,-35.0,55.0,3.0,42.0,-5.483291080018663,-5.346960401805535,-10.518623435457975,43.62629160489773,43.21574249584008,43.49272646306462
2019_14_MIA_NYJ,2019,14,1.0,43.0,-5.0,47.0,4.547141175233418,4.5468622045890275,4.847051147346899,37.50218365203041,37.84880484153632,36.83646364436792
2019_14_NYG_PHI,2019,14,6.0,40.0,-9.5,45.0,7.683841620887866,7.649415250207829,8.048864354354448,40.936790084882226,40.73193221418941,40.91999965762217
2019_14_PIT_ARI,2019,14,-6.0,40.0,2.5,43.5,-4.949320279975659,-4.953540181212582,-4.779140760891761,42.43253818589845,41.18854353769516,41.91571754205512
2019_14_SEA_LA,2019,14,16.0,40.0,-1.0,47.5,-0.5405587892150108,-0.5400106303089166,-0.33210066947960776,43.96442088275437,42.2482687923482,43.11514192408179
2019_14_SF_NO,2019,14,-2.0,94.0,-1.5,45.0,3.5580305542608026,3.430988880889226,3.3347859066122036,43.85604217933255,47.6354447378476,43.51873904071441
2019_14_TEN_OAK,2019,14,-21.0,63.0,2.5,47.0,3.2672494101044656,3.290737752333669,3.4647566086347172,46.24756205629389,45.95835715851269,46.220013870008096
2019_14_WAS_GB,2019,14,5.0,35.0,-13.0,42.0,14.032433689805565,14.038117341260431,13.65452187949786,42.60489766466731,42.71807670209592,42.49686244932191
2019_15_ATL_SF,2019,15,-7.0,51.0,-10.0,49.5,9.15405963888454,9.133786493431526,9.71363942700556,45.428545101524655,44.25591041687985,45.143646139217765
2019_15_BUF_PIT,2019,15,-7.0,27.0,-1.0,37.0,2.6290194195896825,2.681369964071966,2.934921080933636,40.414261009287806,40.416504878207924,39.6048675249853
2019_15_CHI_GB,2019,15,8.0,34.0,-4.5,41.0,2.747986391589037,2.7299068923532785,-1.3118742106428463,45.122721769425496,45.01811513858452,44.55003210830481
2019_15_CLE_ARI,2019,15,14.0,62.0,3.0,49.0,-2.017692555680817,-2.0231882642478105,-2.4733980618628073,43.383231042575154,42.25344857460379,43.133442554406265
2019_15_DEN_KC,2019,15,20.0,26.0,-9.0,43.0,9.771513953233866,9.738964013804909,9.794389883310624,44.18577687536445,45.50238699362441,43.449607604914604
2019_15_HOU_TEN,2019,15,-3.0,45.0,-3.0,50.0,3.793315575192152,3.7746927027143418,3.533082669429384,45.74709502331015,45.464271376905,46.33540236147023
2019_15_IND_NO,2019,15,27.0,41.0,-8.5,49.0,6.2624746386965,6.278997025285872,6.630952106283768,43.935539511750285,47.07565009653356,44.48342970331188
2019_15_JAX_OAK,2019,15,-4.0,36.0,-6.5,46.0,9.817870574966907,9.830410719508906,9.42934207975736,46.28208349603814,46.00432940697975,46.8207751405341
2019_15_LA_DAL,2019,15,23.0,65.0,1.0,48.5,5.386468388970883,5.409854238964657,5.852373750013768,47.449033881206184,46.51710404556497,48.19950261974939
2019_15_MIA_NYG,2019,15,16.0,56.0,-3.5,46.5,3.2989804882584353,3.115248576528301,4.038539346307277,40.63581721722183,41.666629998947705,40.68636327803827
2019_15_MIN_LAC,2019,15,-29.0,49.0,1.0,45.0,2.1145174842635104,2.0639504945574583,2.405922121026976,47.47623858448822,45.3526525579787,47.77670198988184
2019_15_NE_CIN,2019,15,-21.0,47.0,10.5,41.5,-8.94368570685204,-8.96090385323168,-9.000131105332017,42.117448018418855,42.62389233208305,42.65671466799144
2019_15_NYJ_BAL,2019,15,21.0,63.0,-17.0,44.0,20.17246494748328,20.161326456768144,20.672023870656414,43.303984436212424,43.296344281667785,42.64290200302592
2019_15_PHI_WAS,2019,15,-10.0,64.0,6.5,38.5,-6.574976165561344,-6.561481380266542,-6.37668098057494,38.222321105461866,38.547738218806415,38.10074104958132
2019_15_SEA_CAR,2019,15,-6.0,54.0,6.0,48.5,-0.6690059510634769,-0.6950709892747771,-1.1752230428132457,44.344888286438774,44.8416583540753,44.1765099216783
2019_15_TB_DET,2019,15,-21.0,55.0,6.0,46.0,-0.3378591903045293,-0.38325304060496557,0.5344025000491452,45.848152675335726,49.24517947469231,45.77270542194574
2019_16_ARI_SEA,2019,16,-14.0,40.0,-8.0,51.0,9.234376945253114,9.221890325414561,9.894438884176498,43.803432724956146,44.747370481104646,43.22472509650639
2019_16_BAL_CLE,2019,16,-16.0,46.0,10.0,49.0,-15.42313323825866,-15.447581238657927,-15.118086643338895,47.43269907870842,47.664396247043015,46.70883835464622
2019_16_BUF_NE,2019,16,7.0,41.0,-6.5,38.5,0.9768898565876598,0.9677689986543597,1.1902618778297525,38.191849793124874,38.5751244579595,38.73067855076093
2019_16_CAR_IND,2019,16,32.0,44.0,-7.0,46.5,4.303340473015512,4.37239170724477,3.8776131161301053,41.3595769302099,40.9272115337065,41.302898068326336
2019_16_CIN_MIA,2019,16,3.0,73.0,1.5,45.0,4.7591182470180335,4.824762388146365,4.3097221853311165,42.45871268890291,42.4865914057265,42.0901916092946
2019_16_DAL_PHI,2019,16,8.0,26.0,2.0,46.5,-3.0738050067889633,-3.075239665310026,-3.1069945706191815,44.0648092532504,43.61044819471363,43.966809642996836
2019_16_DET_DEN,2019,16,10.0,44.0,-7.5,40.0,3.5437221933936502,3.634507969889389,4.127400565939463,42.31195102690364,42.05993511057435,42.20820766706003
2019_16_GB_MIN,2019,16,-13.0,33.0,-4.0,46.5,8.00200624834533,7.979587961227517,8.429157189897142,45.163809619893016,46.903827392665626,44.98593729783789
2019_16_HOU_TB,2019,16,-3.0,43.0,3.0,50.5,4.004058925041123,4.082234992727447,3.688532239328564,48.09291784264629,47.78131680754293,47.66092738385571
2019_16_JAX_ATL,2019,16,12.0,36.0,-7.0,48.0,10.921632114985693,10.864744988977009,10.954021787041027,43.56491556000556,41.87729072429478,43.456073382753786
2019_16_KC_CHI,2019,16,-23.0,29.0,7.0,45.5,-3.785046792753297,-3.7467215502405646,-3.7551411570962117,46.01346268584901,45.92026771794387,45.78915505158993
2019_16_LA_SF,2019,16,3.0,65.0,-7.0,45.5,5.182929687165011,5.2316884823297825,5.5264512682496605,44.462809297269914,42.96811414413769,45.0474196075449
2019_16_NO_TEN,2019,16,-10.0,66.0,3.0,49.0,-1.9595434863298913,-1.883613406471087,-1.3868130461985857,47.83119163412677,47.24645369048876,47.76756662570824
2019_16_NYG_WAS,2019,16,-6.0,76.0,1.0,42.0,0.4252998955130135,0.4220770084347424,0.024173361237338542,38.93469401447917,39.29461227498835,38.88419522884205
2019_16_OAK_LAC,2019,16,-7.0,41.0,-7.5,45.0,5.355556179961854,5.349271557932332,5.048605497128388,46.14725420930338,43.892948637401716,45.9951952421931
2019_16_PIT_NYJ,2019,16,6.0,26.0,3.0,36.5,-2.2439601772250026,-2.2962458280541505,-2.05763920615356,38.90286074586132,39.52038789352278,38.72885130455837
2019_17_ARI_LA,2019,17,7.0,55.0,-7.0,45.5,5.875924432623007,5.906174628420741,6.183962374647967,43.446240604493646,41.70869525225822,43.09604167018241
2019_17_ATL_TB,2019,17,-6.0,50.0,-1.0,48.5,0.9524399927352738,0.978764334497667,1.4335599732125894,44.899434789410286,44.70006297995911,44.685554287824516
2019_17_CHI_MIN,2019,17,-2.0,40.0,4.5,36.0,8.70113098291064,8.670645449851046,8.376850855073583,39.3567203931578,41.27216838280501,39.083582554671914
2019_17_CLE_CIN,2019,17,10.0,56.0,2.5,43.5,-4.981623262437532,-4.996914364412901,-5.533456195066539,42.830794383780066,43.159254475471556,42.677433335748844
2019_17_GB_DET,2019,17,-3.0,43.0,13.0,44.0,-7.139124190537393,-7.153067435513103,-7.046057015065759,41.49398919599548,44.919574477322726,41.403114516644465
2019_17_IND_JAX,2019,17,18.0,58.0,5.5,41.5,-6.56101322917117,-6.529293470839691,-7.082022301187468,38.66199999161936,38.63727892039724,38.50140419701449
2019_17_LAC_KC,2019,17,10.0,52.0,-9.5,46.0,6.892239392447901,7.151876219975658,6.623127031448945,45.21072197910357,45.122874438024326,45.95772685087547
2019_17_MIA_NE,2019,17,-3.0,51.0,-17.0,45.5,10.662268659868703,10.66476138702365,10.54886704588931,40.293244894311385,40.228004078307926,40.11148672948948
2019_17_NO_CAR,2019,17,-32.0,52.0,14.0,44.5,-7.845834006745609,-7.859795045608647,-8.304883710458327,45.206264953845746,45.25853919261475,45.12761404650194
2019_17_NYJ_BUF,2019,17,-7.0,19.0,1.0,37.0,9.250384574346942,9.248832509911,4.413394640369033,37.7933644328307,38.945092814929744,37.500181948842695
2019_17_OAK_DEN,2019,17,1.0,31.0,-4.5,41.0,-0.980212981084621,-0.9523326104440916,-0.8291945989102768,43.32776080838755,43.04195662678893,43.06104952857389
2019_17_PHI_NYG,2019,17,-17.0,51.0,3.5,44.5,-5.391773721458048,-5.384319155810301,-5.744190947632765,42.095024800856265,42.35318532418536,42.01763577564426
2019_17_PIT_BAL,2019,17,18.0,38.0,1.0,35.0,16.53860478541701,16.52576459768315,17.184326673967988,43.503927266097335,43.517115873995095,43.34556970936842
2019_17_SF_SEA,2019,17,-5.0,47.0,3.5,47.0,-0.8793206590025433,-0.9033096704771537,-0.9307475496101645,43.477668769988,44.64610348864937,43.771659280389
2019_17_TEN_HOU,2019,17,-21.0,49.0,10.0,43.0,0.3336854224385932,0.34571774297356594,-0.1511026922248156,44.14776209028455,43.018233857041686,43.97438381062567
2019_17_WAS_DAL,2019,17,31.0,63.0,-12.5,47.5,12.648712409399458,12.599301853600897,12.30946822256339,43.4914416932606,43.06301972200491,43.32777469295631
2020_01_ARI_SF,2020,1,-4.0,44.0,-6.5,48.0,4.199032271640238,4.234155940324816,3.8484703466992904,45.47990075573442,44.50636047539517,46.09062888813712
2020_01_CHI_DET,2020,1,-4.0,50.0,-2.5,42.5,-1.1055767133465615,-1.0666097788317785,-1.4200414894099689,44.052689335082825,47.67188839823253,43.84882979166506
2020_01_CLE_BAL,2020,1,32.0,44.0,-7.0,47.5,6.207528018629764,6.222181232792192,6.475844810336868,46.08066443669295,46.36892066569063,45.97224981222528
2020_01_DAL_LA,2020,1,3.0,37.0,2.0,51.5,1.167529782109499,1.4828136525106614,1.2055673998909848,47.19767320087934,47.45085508282753,47.07821752972814
2020_01_GB_MIN,2020,1,-9.0,77.0,-2.5,44.5,0.023982870760808295,0.06327807028987857,0.6458454601687331,44.25911540435259,46.494752526172206,44.1698028591372
2020_01_HOU_KC,2020,1,14.0,54.0,-9.0,54.0,6.701245086969527,6.701911646080866,7.377554894391841,48.5486109919573,48.602967776522455,48.47987604376061
2020_01_IND_JAX,2020,1,7.0,47.0,8.0,45.0,-1.4329968024939261,-1.424055542880935,-0.35800540338162,43.621571487020574,43.69413848154969,43.55186253909492
2020_01_LAC_CIN,2020,1,-3.0,29.0,3.0,41.5,-1.3936775450754926,-1.5022309929558975,-0.7234320638729534,46.947681594663294,46.31560589300688,46.520890292875364
2020_01_LV_CAR,2020,1,-4.0,64.0,3.0,48.0,5.442358662731599,5.380365175959353,5.722814754601372,44.93457796847862,44.40334007877181,44.729074277872506
2020_01_MIA_NE,2020,1,10.0,32.0,-7.0,41.5,3.463549088514282,3.4921676239506994,3.1199070424149795,44.64154484034666,44.700260697648964,44.51141344696811
2020_01_NYJ_BUF,2020,1,10.0,44.0,-6.5,39.5,2.6592037122109002,2.681291693632825,2.673581723959296,43.37663729505286,44.13176439819132,43.41918082894313
2020_01_PHI_WAS,2020,1,10.0,44.0,5.0,42.0,-2.924552885388929,-2.900783240028785,-2.1064659983314504,44.90422982822541,45.18208339238601,41.11263475829337
2020_01_PIT_NYG,2020,1,-10.0,42.0,5.5,45.0,1.1690257893728653,1.2624840883055732,0.7562339393475916,44.92152468222316,45.363057927891965,44.84633991143091
2020_01_SEA_ATL,2020,1,-13.0,63.0,1.0,49.0,2.0459592355363374,2.1408625646210124,1.5907526807652355,48.02995211076661,47.503606707354294,47.849822288808944
2020_01_TB_NO,2020,1,11.0,57.0,-3.5,47.5,3.467055503130142,3.472622921355405,4.093936802762994,45.95126083415523,49.602562483441794,45.80536924438086
2020_01_TEN_DEN,2020,1,-2.0,30.0,3.0,41.0,0.12926139928429692,0.1276743738296749,-0.3632000990687364,47.17102180738301,47.18662736387087,47.059058625133034
2020_02_ATL_DAL,2020,2,1.0,79.0,-3.5,53.5,5.01674933502442,5.044191137721001,4.676422360432842,48.034083987133265,48.21258587712568,47.89193587885462
2020_02_BAL_HOU,2020,2,-17.0,49.0,7.0,49.0,-3.305080180293826,-3.2431279922252534,-3.7888751472857853,49.361714570314774,49.58539815296646,49.17847494250857
2020_02_BUF_MIA,2020,2,-3.0,59.0,5.5,42.0,-2.137806006661741,-2.090820149245774,-0.8280130195249975,44.30537442321198,44.55783360527818,44.739830744415
2020_02_CAR_TB,2020,2,14.0,48.0,-8.0,47.0,1.6449064828265798,1.6738801957217462,2.2283939788944287,43.55619367092141,43.62031162819863,43.06749476077981
2020_02_CIN_CLE,2020,2,5.0,65.0,-6.0,43.0,0.029498326279641107,0.0704273540103283,0.8596852035698093,44.571681190560966,44.79764848647006,44.99973255067292
2020_02_DEN_PIT,2020,2,5.0,47.0,-6.5,40.5,4.369715342199403,4.333151772910805,4.77329862825818,43.80861666342977,43.55490261766892,43.858061884432765
2020_02_DET_GB,2020,2,21.0,63.0,-6.0,50.0,5.108178506709486,5.119257259176353,4.657361216785329,46.8514216838707,47.04371005089268,46.817317693921744
2020_02_JAX_TEN,2020,2,3.0,63.0,-7.5,44.0,4.304001278029787,4.329670673702452,5.469260740135489,46.80864330315964,46.893510824168615,46.273913411699155
2020_02_KC_LAC,2020,2,-3.0,43.0,8.5,47.5,-2.6060079248453407,-2.4117855908123333,-3.374658971261565,46.15401439470338,45.72970218615254,45.997566794853014
2020_02_LA_PHI,2020,2,-18.0,56.0,-1.5,45.5,-0.4705591914552746,-0.5761315068194472,-0.16133645970851124,45.37973737221259,44.58487131501944,45.17188512628047
2020_02_MIN_IND,2020,2,17.0,39.0,-3.0,49.0,1.2444637913628958,1.2349705186031212,0.12932673066446343,45.23851795605409,45.30305586700975,45.17611637136405
2020_02_NE_SEA,2020,2,5.0,65.0,-4.0,44.5,1.2665791667028756,1.2491194376061672,2.3124659913509467,46.91818652591793,47.27309329689896,46.65399120254609
2020_02_NO_LV,2020,2,10.0,58.0,5.5,48.5,-2.4313214724166743,-2.1511836811840332,-1.7997592907860254,46.53357875005026,46.220619038395114,46.63712063938412
2020_02_NYG_CHI,2020,2,4.0,30.0,-5.5,42.0,6.0512097879901425,6.058142396302107,7.621111209879313,46.34711991739258,46.382211681652606,46.28349052489302
2020_02_SF_NYJ,2020,2,-18.0,44.0,7.0,41.5,-2.1156777501139445,-2.04338828365843,-2.569507960374951,44.518671609379254,44.76798962464698,44.42985316727591
2020_02_WAS_ARI,2020,2,15.0,45.0,-7.0,46.5,5.5704528498450046,5.62476076190673,6.025512399377406,45.06808642399836,45.13723385232722,44.87979896933489
2020_03_CAR_LAC,2020,3,-5.0,37.0,-6.5,43.5,5.241026453213411,5.49783469683769,4.817002749885334,45.95338785626766,46.61942981040888,46.435709399434586
2020_03_CHI_ATL,2020,3,-4.0,56.0,-3.0,47.0,1.4837037162668256,1.5319684388608044,1.278242140418665,47.39299088749282,46.34189884816121,47.23698481507012
2020_03_CIN_PHI,2020,3,0.0,46.0,-4.5,47.5,2.80807047490719,2.811937081499765,2.3936038918948155,46.67533988746212,46.39952039147289,46.55520305849542
2020_03_DAL_SEA,2020,3,7.0,69.0,-5.0,56.5,3.731983047939801,3.769182647426376,2.0351672695796967,49.94926684629804,50.43399660419195,50.45281104046309
2020_03_DET_ARI,2020,3,-3.0,49.0,-5.5,55.5,6.352682348031011,6.428198778188044,6.773694514481263,46.18524674779571,46.55813404645939,46.14903014114682
2020_03_GB_NO,2020,3,-7.0,67.0,-3.0,53.0,1.6417395247789512,1.6474126958080237,1.7102716529056496,49.599932591998666,53.08554988729561,50.33792342607991
2020_03_HOU_PIT,2020,3,7.0,49.0,-4.0,46.0,5.6590137646087335,5.646378495013626,6.399812363687337,46.26084048069676,46.200479084394495,46.2895603195367
2020_03_KC_BAL,2020,3,-14.0,54.0,-3.0,54.0,3.7742747099025196,3.804321079972152,4.311717384807194,49.4315015204758,49.55243535347426,49.347775540093245
2020_03_LA_BUF,2020,3,3.0,67.0,-2.0,47.0,0.1113710114134403,-0.015967400707319057,0.6218614995393962,48.79087598765398,48.688203027218925,48.587541066745125
2020_03_LV_NE,2020,3,16.0,56.0,-6.5,47.0,7.4578081740446684,7.404592935999323,7.111277516918327,45.88565787941177,45.04789216929673,45.65906552304277
2020_03_MIA_JAX,2020,3,-18.0,44.0,-3.0,48.0,4.627143789750389,4.647609196898271,6.074666503432162,46.97191546192902,46.80852615172526,46.82432708274112
2020_03_NYJ_IND,2020,3,29.0,43.0,-11.5,44.0,7.192907414835841,7.208890409754634,7.919474855163185,42.99289266946948,43.20825839634781,43.50187590232066
2020_03_SF_NYG,2020,3,-27.0,45.0,3.0,43.0,-3.5537782669839935,-3.4633940345363974,-2.328647109412884,46.02602970027636,46.411715738627144,45.89281842337124
2020_03_TB_DEN,2020,3,-18.0,38.0,6.0,42.5,-0.04953037897129531,-0.07701993521162384,0.5767911366989147,43.72093089120639,43.53799081851241,44.31607602014931
2020_03_TEN_MIN,2020,3,-1.0,61.0,2.5,50.0,-3.211532640262534,-3.1781761188700846,-3.6168912673781977,47.685978571169706,49.73650894796022,47.53574425065326
2020_03_WAS_CLE,2020,3,14.0,54.0,-7.0,44.5,5.548203235886358,5.551488963018352,5.051070112317706,46.45464331332701,46.516327667931186,46.31841466640397
2020_04_ARI_CAR,2020,4,10.0,52.0,3.0,51.5,0.6203067275072043,0.6459529119414285,0.0370878282495305,45.595161208634046,45.83565687831677,46.07775599474938
2020_04_ATL_GB,2020,4,14.0,46.0,-7.0,56.5,8.188723672329118,8.219665051042854,7.886763161519711,50.700884208000126,50.811531571587686,51.249195925486546
2020_04_BAL_WAS,2020,4,-14.0,48.0,14.0,45.0,-5.583477593598131,-5.582861128693527,-4.873045771947587,45.672394670764135,45.770070211623725,45.612579118755995
2020_04_BUF_LV,2020,4,-7.0,53.0,3.0,53.0,-0.9502253573757036,-0.7319518317412852,-0.40031353913148204,49.320442460075206,49.551681328036686,49.13951230924538
2020_04_CLE_DAL,2020,4,-11.0,87.0,-3.5,56.0,3.6564775010369797,3.6566030121885693,3.1929487761843425,49.12843386143953,49.12913726599096,49.64212103773212
2020_04_DEN_NYJ,2020,4,-9.0,65.0,-1.5,41.0,1.0501054274878294,1.1173621474328201,1.547973678221836,41.339765200981404,41.52041613794493,41.29317216814854
2020_04_IND_CHI,2020,4,-8.0,30.0,3.0,43.0,-0.7493790959321578,-0.7596002216558367,-0.35265387428864503,45.285378411409994,45.30473270604642,45.305265121392424
2020_04_JAX_CIN,2020,4,8.0,58.0,-2.5,49.0,-0.25032213580958473,-0.22695591747539406,0.18850038658835694,46.97851090020245,47.081522787733775,46.88305195939898
2020_04_LAC_TB,2020,4,7.0,69.0,-7.0,42.5,3.348198424568807,3.239741776118319,3.9318069945507625,44.695942006147774,43.91830538986753,44.5544954710808
2020_04_MIN_HOU,2020,4,-8.0,54.0,-3.5,53.5,-0.9967881281466451,-1.0099571046596412,-1.4820177807905206,47.00204357537028,47.03838351095533,46.77849305319231
2020_04_NE_KC,2020,4,16.0,36.0,-7.0,53.0,5.276869713902397,5.275745819177987,5.849982888483206,48.18190121583865,48.845244282849166,48.763281313537554
2020_04_NO_DET,2020,4,-6.0,64.0,3.0,54.5,-3.9864366897925363,-3.9555378128943817,-3.6191176224248585,47.546753722897144,50.93866045607801,47.41204256217332
2020_04_NYG_LA,2020,4,8.0,26.0,-13.0,48.5,12.846691016737108,13.0971451772653,13.36537358566222,47.4032262771412,47.94008789667753,47.48321574463826
2020_04_PHI_SF,2020,4,-5.0,45.0,-7.5,45.0,10.53043320609596,10.541770072369925,10.217818090998204,45.69343240368097,44.54975459346816,45.52800186477347
2020_04_SEA_MIA,2020,4,-8.0,54.0,5.5,54.5,1.3403022559453674,1.3445464638693918,0.8646684565278262,50.47661848490693,50.224167856503996,50.33412352438658
2020_05_ARI_NYJ,2020,5,-20.0,40.0,7.0,47.5,-4.208764231685687,-4.145144545084886,-3.5941267101731187,44.589220830024665,44.89366010247912,45.0357010175942
2020_05_BUF_TEN,2020,5,26.0,58.0,3.5,53.0,2.9487792401415307,2.962495071507354,3.0586369453755453,52.13139824533176,52.167148958570124,51.96443079411596
2020_05_CAR_ATL,2020,5,-7.0,39.0,-2.5,54.0,-0.665640574477912,-0.6259386754665909,-1.152162452177714,46.392146592899024,45.24023671606613,46.21690476943597
2020_05_CIN_BAL,2020,5,24.0,30.0,-11.0,50.5,7.9418656976768265,7.9627691047953695,9.582655479168249,48.18193425816387,48.27909844485952,48.63768394363727
2020_05_IND_CLE,2020,5,9.0,55.0,-1.0,48.0,0.8643705227937419,0.8994448203040951,1.5377810557721212,47.42583551730503,47.44337525262749,47.20051650558837
2020_05_JAX_HOU,2020,5,16.0,44.0,-5.5,54.5,-2.1997104135814447,-2.175351659481425,-2.192082489206855,48.546608247725274,48.58857248523137,48.540261567970546
2020_05_LAC_NO,2020,5,3.0,57.0,-7.0,49.5,6.951083498302478,6.823462875328442,7.765194389903735,48.14749688140928,50.66403229843133,48.08848569889689
2020_05_LA_WAS,2020,5,-20.0,40.0,7.0,46.0,-7.598086311009892,-7.72879533194434,-8.173272705615895,45.69392533196279,45.09923208129084,45.50436634362047
2020_05_LV_KC,2020,5,-8.0,72.0,-10.5,54.5,9.347742250388373,9.129124530885829,10.285976837925114,46.8780182971576,46.12145033933351,46.79513973368601
2020_05_MIA_SF,2020,5,-26.0,60.0,-7.5,51.0,6.442418042073726,6.4076413576317055,6.1883710623641806,47.660173668073526,46.11458563080326,47.585471479626385
2020_05_MIN_SEA,2020,5,1.0,53.0,-6.5,56.5,4.878376358735276,4.919861477614695,4.475981465210235,49.75518508914324,50.42305478699864,49.629111645323185
2020_05_NYG_DAL,2020,5,3.0,71.0,-8.0,53.0,7.362040018251594,7.4030834185807795,7.909175030249973,44.7580305355953,45.04391244632578,44.67175500881061
2020_05_PHI_PIT,2020,5,9.0,67.0,-7.0,43.5,5.5622369155727975,5.520032129494428,6.64017595379647,44.97371745217557,44.723251007695005,44.8999514390394
2020_05_TB_CHI,2020,5,1.0,39.0,3.5,44.5,-0.30016392716615925,-0.27039833452477646,0.15223329591889623,44.92072465422336,45.19981427534349,44.77032787765837
2020_06_ARI_DAL,2020,6,-28.0,48.0,1.0,55.0,3.0580789958161603,3.0560677244535746,3.1285693207852545,48.19502466407466,48.27167633778083,48.70599691053976
2020_06_ATL_MIN,2020,6,-17.0,63.0,-4.0,54.0,5.446711008229576,5.515001916932925,5.13150048548254,48.19720869703022,50.361492821714606,48.24121035136295
2020_06_BAL_PHI,2020,6,-2.0,58.0,10.0,46.5,-5.634709774056334,-5.638914351124891,-5.229878310762029,45.00035693603944,44.74210910372615,44.87058863698667
2020_06_CHI_CAR,2020,6,-7.0,39.0,-1.5,44.5,5.215836445920136,5.225996831150298,5.569096770274519,47.32019155584352,47.51257997510233,47.81821012807246
2020_06_CIN_IND,2020,6,4.0,58.0,-7.5,45.5,11.266605388556362,11.329864930971148,11.635986927279335,45.801972461624096,46.40718087351033,45.623895720457895
2020_06_CLE_PIT,2020,6,31.0,45.0,-3.0,51.0,-1.3443079534006184,-1.3430921074743893,-3.0851638709160376,46.73093113143499,46.652442239571066,46.579055360510594
2020_06_DEN_NE,2020,6,-6.0,30.0,-8.0,45.0,7.595760331806312,7.645252544791377,7.63945255784623,44.77622863220205,45.14149741356586,44.549229006955635
2020_06_DET_JAX,2020,6,-18.0,50.0,3.0,54.5,3.6858492128402878,3.655870774743387,3.7301192575773987,48.1632937930119,47.88877625734723,47.95719589576791
2020_06_GB_TB,2020,6,28.0,48.0,1.0,55.0,-1.2226329183585307,-1.1329748813631013,-1.115516930950575,49.32727835193657,49.58062040734453,49.964276964157605
2020_06_HOU_TEN,2020,6,6.0,78.0,-3.5,53.5,9.113862515392855,9.074110903658973,8.721179267994055,49.51954270549181,49.53786656194644,49.63523486083556
2020_06_KC_BUF,2020,6,-9.0,43.0,5.0,57.5,0.844931400125455,0.8648063288417026,1.0190150502738056,50.65010692013013,51.273280889019276,51.1198136796535
2020_06_LA_SF,2020,6,8.0,40.0,2.5,51.5,-3.6307632101060783,-3.6521077234513353,-3.993130095259376,45.437435801183625,44.1927867196449,44.87705471786466
2020_06_NYJ_MIA,2020,6,24.0,24.0,-9.0,47.0,11.456676325714449,11.47995808921318,11.035739513081532,45.0524642415145,45.03317105619051,45.156176730772614
2020_06_WAS_NYG,2020,6,1.0,39.0,-2.5,43.0,4.493886798951346,4.535366770557189,4.4931111119733345,41.116971288592,41.36621311924003,40.976183719627294
2020_07_BUF_NYJ,2020,7,-8.0,28.0,10.0,46.0,-9.279389151391412,-9.22813412198054,-8.98910444970883,43.360222009066575,43.384153710374534,43.2261778304251
2020_07_CAR_NO,2020,7,3.0,51.0,-6.5,50.0,5.4295213664409285,5.448982854384292,5.004265150792237,46.418923750625666,49.98228031910658,46.453952867319664
2020_07_CHI_LA,2020,7,14.0,34.0,-6.0,45.0,7.987962575964299,8.23501627275855,6.247950730788294,45.18514155446469,46.01835733135768,45.19385638932863
2020_07_CLE_CIN,2020,7,-3.0,71.0,3.0,51.0,-3.295554536288237,-3.286105571281748,-2.5111639939429478,47.51137768949644,47.70527721717261,47.429374341400454
2020_07_DAL_WAS,2020,7,22.0,28.0,-1.0,45.0,-6.6338599698545755,-6.6426799892915005,-6.979064651996027,44.411034314936316,44.770579920324685,44.35602114908071
2020_07_DET_ATL,2020,7,-1.0,45.0,-2.0,55.0,5.069948790130885,5.109958898121143,4.575469960360463,48.12339441223431,46.910994069526225,48.01051630476961
2020_07_GB_HOU,2020,7,-15.0,55.0,3.0,57.0,-2.731926914583625,-2.7274033552890247,-3.2203322035925988,52.45972982766035,52.36996742955862,53.15574157986767
2020_07_JAX_LAC,2020,7,10.0,68.0,-7.5,48.5,6.334656498180504,6.54329852685783,7.047896659196637,47.67591907350034,48.22528137158841,48.22233279291735
2020_07_KC_DEN,2020,7,-27.0,59.0,7.0,46.0,-10.064739441266111,-10.034263595999176,-10.15692637355116,45.236282429845,45.4102377127363,45.00715691399325
2020_07_NYG_PHI,2020,7,1.0,43.0,-4.5,45.0,0.34989459422903213,0.37315639953347507,0.9183821848364968,40.91897601648659,40.918827645888975,40.92303432423331
2020_07_PIT_TEN,2020,7,-3.0,51.0,-1.0,51.0,5.692768184446916,5.7515848515057515,5.141573687313897,49.0536955919077,49.19513123028161,49.56907214111854
2020_07_SEA_ARI,2020,7,3.0,71.0,3.5,56.0,1.6442256262654218,1.6765336505018098,1.2220044977863274,48.27211111252651,48.10757811156028,48.36118036869292
2020_07_SF_NE,2020,7,-27.0,39.0,-3.0,44.5,-0.026443533655613694,-0.02926499840547074,0.5176132625065969,45.071423496162666,44.8597786303188,44.93969929826955
2020_07_TB_LV,2020,7,-25.0,65.0,3.5,52.0,-2.0085603123720253,-1.8265855822079087,-1.733183071175828,47.506810672500734,47.64967046275977,47.312909165999706
2020_08_ATL_CAR,2020,8,-8.0,42.0,-2.0,51.0,1.115812439439574,1.123829567162663,-0.11859074186803742,48.420936058967094,48.042210181598,48.30047760938033
2020_08_DAL_PHI,2020,8,14.0,32.0,-11.5,42.5,-0.35599795885239505,-0.34898509776575304,0.04045979679803202,44.696422696990226,44.82632432814508,44.548453455886914
2020_08_IND_DET,2020,8,-20.0,62.0,3.0,49.5,-2.1858737389898852,-2.2129076051676795,-1.4758316965959073,46.68067126518604,49.9305789017127,46.62990570847378
2020_08_LAC_DEN,2020,8,1.0,61.0,3.5,44.5,-4.98840129715429,-5.086824626350244,-5.3309031738009,42.23993007781148,41.45901822026751,42.13033170918079
2020_08_LA_MIA,2020,8,11.0,45.0,3.5,45.5,0.2565240294033707,0.1242318852841921,1.7541979628913238,47.401701077129744,46.536446381691086,47.21851214161898
2020_08_LV_CLE,2020,8,-10.0,22.0,-1.5,48.0,7.516646880545694,7.424231098370545,6.674136474893494,50.29826339902012,49.480419557779314,50.17432707640744
2020_08_MIN_GB,2020,8,-6.0,50.0,-6.5,50.0,5.760459898888538,5.753109359895513,5.321697866046523,48.339903304370914,48.216084763026714,48.90793045381227
2020_08_NE_BUF,2020,8,3.0,45.0,-4.5,40.5,7.721163110561302,7.729184673740564,7.305015272506616,42.93349659504134,43.657826635213276,42.81954165708384
2020_08_NO_CHI,2020,8,-3.0,49.0,4.0,43.0,-3.8634512677356025,-3.805453674164642,-3.1192521689719164,44.99918745489991,45.006086977247676,44.93198266881571
2020_08_NYJ_KC,2020,8,26.0,44.0,-19.5,49.0,18.42752887594749,18.39863349739344,19.25570273514751,45.28080377600372,46.0277973466683,45.74917849133501
2020_08_PIT_BAL,2020,8,-4.0,52.0,-4.0,46.0,1.9568532652020216,1.9959426214131484,1.757150589019846,44.88205601465317,44.91790998926268,40.98593237366643
2020_08_SF_SEA,2020,8,10.0,64.0,-3.0,53.5,-2.5060393098870635,-2.471211592735405,-2.548299476885849,48.47088542947196,48.88379918056011,49.19696307718492
2020_08_TB_NYG,2020,8,-2.0,48.0,12.5,45.0,-5.699847424722645,-5.647405063386466,-6.232817599506923,44.13218564645906,44.270679282437946,43.98236933945796
2020_08_TEN_CIN,2020,8,11.0,51.0,7.0,50.5,-6.79883248009364,-6.7355567814725665,-7.304602963670432,52.60665386827437,52.641482605156966,53.18196186139207
2020_09_BAL_IND,2020,9,-14.0,34.0,1.0,48.0,3.9877687019778643,3.98964231019777,4.037838713465891,45.05276651641876,45.27649953762836,44.92215514069677
2020_09_CAR_KC,2020,9,2.0,64.0,-10.0,51.5,11.72390481249197,11.704286016345202,12.495424989573849,50.91094071953777,51.5335764748021,50.62393313470207
2020_09_CHI_TEN,2020,9,7.0,41.0,-6.5,47.0,10.778222726025271,10.741166563797092,10.428718708885139,46.39920122995898,46.09380548026835,46.360746862346105
2020_09_DEN_ATL,2020,9,7.0,61.0,-4.0,49.0,8.811787509681078,8.833904561876462,8.313724271812477,46.85581161557366,45.76210854634647,47.46426458628323
2020_09_DET_MIN,2020,9,14.0,54.0,-4.0,52.0,6.498434970554685,6.526986773769151,7.139791420543418,45.97226445684235,47.888846771722825,45.71828646351578
2020_09_GB_SF,2020,9,-17.0,51.0,7.5,48.5,4.553144156585787,4.615793894462744,4.920734899908863,49.9143052184767,48.8072729492408,49.43493973044629
2020_09_HOU_JAX,2020,9,-2.0,52.0,6.5,49.5,-0.5084360122281617,-0.5039993834778367,0.2672052705417127,50.78002220930754,50.71375458658378,51.2102948049768
2020_09_LV_LAC,2020,9,-5.0,57.0,1.0,52.5,2.9818939090723524,3.0808997357109,3.561321319924203,47.26019393659059,47.38261086038441,47.17337601307866
2020_09_MIA_ARI,2020,9,-3.0,65.0,-5.5,49.0,4.0332541234126325,4.06472610712996,2.8571677891077814,46.08597976350745,45.87686942321185,45.83820753725737
2020_09_NE_NYJ,2020,9,-3.0,57.0,9.5,41.5,-6.508438311870931,-6.4744991602603505,-6.16957946282748,39.46837764677646,39.622312438485686,39.368897100229994
2020_09_NO_TB,2020,9,-35.0,41.0,-4.0,50.5,0.9300764760150344,0.968126289393185,0.5191811088531701,45.84138532646479,45.53765991408886,45.72843825925649
2020_09_NYG_WAS,2020,9,-3.0,43.0,-2.5,43.0,-0.7676128961322314,-0.7641875392592941,-1.0244311651943194,40.71472826504838,40.946889095211006,41.41787686207241
2020_09_PIT_DAL,2020,9,-5.0,43.0,14.0,44.0,-2.5656388379711705,-2.5419189495882515,-3.23954752473754,43.99223347132063,44.0899769999764,43.8870824589055
2020_09_SEA_BUF,2020,9,10.0,78.0,3.0,55.0,3.507411889888928,3.488818380207442,3.6975610010284816,49.4564676595094,49.637959039998265,49.93483895379695
2020_10_BAL_NE,2020,10,6.0,40.0,7.0,43.5,-3.025376957738061,-2.991862643992316,-2.9138667068715756,43.72093439957273,43.67662600698111,43.61573154210303
2020_10_BUF_ARI,2020,10,2.0,62.0,-2.5,56.0,2.3881969033654684,2.3815103184927904,1.7983724884019967,47.98559768928018,47.65998184226104,47.929405020584
2020_10_CIN_PIT,2020,10,26.0,46.0,-7.0,46.5,6.428168892848988,6.4396015554982835,5.961947660605261,49.64319402472478,49.553008302984956,50.28949220912133
2020_10_DEN_LV,2020,10,25.0,49.0,-3.5,50.5,4.895249621272962,4.9383891796443455,4.372482316503414,43.05481386797544,42.75279210911614,43.18618954848816
2020_10_HOU_CLE,2020,10,3.0,17.0,-4.0,45.5,6.426162247723789,6.444569271056483,5.451773926921871,50.53029174587762,50.54753530982322,50.9357295066828
2020_10_IND_TEN,2020,10,-17.0,51.0,-1.0,48.5,2.5044148660433057,2.5019681911787797,2.251525099942472,44.609348941948504,44.33211531227915,44.39985427764719
2020_10_JAX_GB,2020,10,4.0,44.0,-14.0,47.5,12.08092493709763,12.037829362648045,10.86082630013994,50.774225526797736,50.25592165769472,50.549730626666296
2020_10_LAC_MIA,2020,10,8.0,50.0,-2.0,48.5,4.064167833603967,3.990700158087829,4.839325635442638,47.65226205798223,47.060419260579714,47.48113907741377
2020_10_MIN_CHI,2020,10,-6.0,32.0,3.0,43.5,-6.168375590022747,-6.167602395397075,-5.552310407505591,44.529743817428376,44.46155018809613,44.38048938665078
2020_10_PHI_NYG,2020,10,10.0,44.0,4.0,44.5,1.142998937545954,1.1681733531629508,-4.4834494738468695,40.39385802383121,40.58705224029624,40.21725044624871
2020_10_SEA_LA,2020,10,7.0,39.0,-3.0,54.5,5.8011877310119875,5.888589402482488,5.293729954299815,46.07814581022755,46.14217132724513,45.9417995627951
2020_10_SF_NO,2020,10,14.0,40.0,-9.5,49.5,5.504689754873911,5.560603640936513,4.46225882855176,49.39127380829815,53.11739297022593,49.27610256576356
2020_10_TB_CAR,2020,10,-23.0,69.0,6.0,51.0,0.2013115315620312,0.18450170758982526,0.8061404318276949,45.960583256952766,45.946517189785034,46.50510714176595
2020_10_WAS_DET,2020,10,3.0,57.0,-3.0,46.0,2.8656786725288366,2.9170416378937416,3.0909296234285937,44.84823901969974,48.65397317300486,44.773757312321045
2020_11_ARI_SEA,2020,11,7.0,49.0,-3.0,57.5,-2.2641174614042896,-2.25113398907786,-2.7371675434209575,46.83228495985414,47.20861703559902,47.48716293106744
2020_11_ATL_NO,2020,11,15.0,33.0,-3.5,49.0,5.720596735819408,5.709741245355016,6.148482854966326,49.35717251897237,52.390194609338955,49.90254777949215
2020_11_CIN_WAS,2020,11,11.0,29.0,-1.5,47.0,2.3400315712120383,2.325996715624222,1.8699033068129092,47.2177785770499,47.06310378726987,47.2686229589817
2020_11_DAL_MIN,2020,11,-3.0,59.0,-7.0,48.5,8.695706786333925,8.733752516957994,8.818762288256218,44.75347393187547,47.04506422232361,44.77487553556441
2020_11_DET_CAR,2020,11,20.0,20.0,1.5,46.5,3.6282750337256537,3.647447477122271,3.9490385687164595,49.48708101691106,49.615397484270794,49.95555482092086
2020_11_GB_IND,2020,11,3.0,65.0,-1.5,51.5,2.3544271435468533,2.337858425826345,1.9084226870749823,48.75398229329316,48.50850961971727,48.4268400487237
2020_11_KC_LV,2020,11,-4.0,66.0,7.5,57.0,-6.387804241453502,-6.35600170225979,-7.292949216952953,49.177855389156214,49.008961012181835,49.254895119396636
2020_11_LA_TB,2020,11,-3.0,51.0,-4.5,48.0,-1.502234663828041,-1.556590642470194,-1.0647896066448819,42.19992975541661,41.61705632578513,41.913269017937296
2020_11_MIA_DEN,2020,11,7.0,33.0,3.5,46.0,-7.301383742248483,-7.248744119007314,-7.721243204574412,42.890520021096464,42.89401061393747,42.609141728248204
2020_11_NE_HOU,2020,11,7.0,47.0,2.5,49.0,0.07808447308077382,0.09797849469820492,-0.33337317273949985,47.922109357378424,48.03528997608201,47.80329861539737
2020_11_NYJ_LAC,2020,11,6.0,62.0,-9.5,46.5,11.106100191110134,11.247881781184253,12.57147860316149,45.406257204503135,46.205941395906464,45.246926581828546
2020_11_PHI_CLE,2020,11,5.0,39.0,-3.0,47.0,6.705424867791597,6.702830068842244,6.868280063639354,43.496720942474795,43.657519402246336,43.26946708311429
2020_11_PIT_JAX,2020,11,-24.0,30.0,10.5,46.0,-6.18293733996576,-6.082973526781683,-5.637807284588123,46.91710162103708,47.170813031607466,46.713610880665215
2020_11_TEN_BAL,2020,11,-6.0,54.0,-6.0,50.0,3.682656130522532,3.7203288117245177,4.487875925837573,46.52084160117703,46.560061354834545,46.40962769958231
2020_12_ARI_NE,2020,12,3.0,37.0,2.0,49.0,-1.3912502453269935,-1.403845925707608,-0.8113177039931292,47.16767818132266,46.654332094445785,46.96445424332165
2020_12_BAL_PIT,2020,12,5.0,33.0,-5.0,44.5,1.64771114059525,1.642172950282631,1.8691083139951945,44.48620139285393,44.42539411151437,44.23468840221845
2020_12_CAR_MIN,2020,12,1.0,55.0,-3.0,50.0,7.163873432792687,7.178148636562377,6.089008817947918,47.79536172731002,49.72883511577337,47.65486070041256
2020_12_CHI_GB,2020,12,16.0,66.0,-9.5,44.0,10.461868368520452,10.488258826683074,10.000588556161414,45.444691642305216,45.53670533282976,45.25786850092405
2020_12_CLE_JAX,2020,12,-2.0,52.0,7.0,48.5,-5.0114900739632215,-4.959350389922331,-4.571036613316806,44.32782573489382,44.591710667165884,44.188344720048356
2020_12_HOU_DET,2020,12,-16.0,66.0,3.0,51.0,-1.2433844583514198,-1.2669222792936106,-1.1607161437613043,49.407402372152,52.55206273305547,49.16170928610964
2020_12_KC_TB,2020,12,-3.0,51.0,3.5,56.0,-3.53743690865086,-3.5287108724402523,-2.87499209562004,47.822320788471366,47.46333470535772,48.1961970667346
2020_12_LAC_BUF,2020,12,10.0,44.0,-4.5,52.0,5.28975601428928,5.26391097961831,4.919607984392949,49.00111607178805,49.026047555186764,48.6893797001827
2020_12_LV_ATL,2020,12,37.0,49.0,3.0,53.5,-0.96680015723908,-0.9322776410648639,-0.23788169009704252,49.34169103886824,48.09254404537891,49.89336830460472
2020_12_MIA_NYJ,2020,12,-17.0,23.0,7.0,44.5,-7.924010394328606,-7.847291260540255,-7.898909198882108,42.38607861495433,42.25374793944814,42.9354142974736
2020_12_NO_DEN,2020,12,-28.0,34.0,14.5,36.5,-9.567222315185921,-9.558004430160743,-8.958178340062075,43.64534545915572,43.372687459578465,43.42925402742747
2020_12_NYG_CIN,2020,12,-2.0,36.0,6.0,44.5,0.49277960222896205,0.4331494937320821,-0.029187916800723246,45.99774694996452,45.730596889369224,46.596952853304906
2020_12_SEA_PHI,2020,12,-6.0,40.0,6.5,49.0,-3.6036230873079633,-3.5876549424958832,-2.990290374686849,45.85427280411739,45.81414914710979,45.655223170916386
2020_12_SF_LA,2020,12,-3.0,43.0,-6.5,44.5,5.2694424835340525,5.317819205175989,0.32135715218171246,42.14928524151878,42.282117324791855,42.572094373321995
2020_12_TEN_IND,2020,12,-19.0,71.0,-3.0,51.5,1.669432776340101,1.6878979417641804,1.763141330453329,45.48181450356493,45.43597669573279,45.293563473340654
2020_12_WAS_DAL,2020,12,-25.0,57.0,-3.0,46.0,1.735555384563153,1.7706032496733293,1.23022175200134,39.876088453695246,40.250465508792885,39.792847733583365
2020_13_BUF_SF,2020,13,-10.0,58.0,-1.5,48.0,1.7545868406247052,0.5524638220750919,1.7645049169571114,46.314955921271306,45.85116561858181,46.08318989126048
2020_13_CIN_MIA,2020,13,12.0,26.0,-10.0,43.0,8.798411674793984,8.784734529697747,9.16651906324806,45.094808871646016,44.91233778697997,45.48564431614409
2020_13_CLE_TEN,2020,13,-6.0,76.0,-3.5,53.5,6.556995164829713,6.596119111873677,6.0695744999408925,48.00126025401101,48.215026601244816,48.422038642213344
2020_13_DAL_BAL,2020,13,17.0,51.0,-8.5,45.5,7.2664169446693085,7.22751278888898,6.8155713196566,41.08959104057817,41.16594708720622,40.91988296315528
2020_13_DEN_KC,2020,13,6.0,38.0,-13.0,51.5,17.944487888568336,17.93446088670352,17.146502107101437,44.5499357529459,45.509381428072224,44.41452507791062
2020_13_DET_CHI,2020,13,-4.0,64.0,-3.0,44.0,1.3366544973729688,1.3311343879933075,2.1175255659890637,42.513740816472286,42.47887881825315,41.95267824620305
2020_13_IND_HOU,2020,13,-6.0,46.0,3.5,50.0,-0.4438819297563912,-0.4211130300092705,0.3774740709601101,48.23221941963312,47.919048641653085,47.934747226873135
2020_13_JAX_MIN,2020,13,3.0,51.0,-10.0,51.5,12.382932869966085,12.388784826171973,11.90659560561111,46.385790707372436,48.290434925168945,46.86832586782093
2020_13_LA_ARI,2020,13,-10.0,66.0,2.5,48.5,1.0454248094675798,0.955660429721733,0.6401509235383952,39.02742929070147,38.15589965259884,38.74339672240476
2020_13_LV_NYJ,2020,13,-3.0,59.0,7.5,48.5,-3.8771814953955195,-3.9058249337845554,-4.329877509449881,41.49057865246575,40.84298057785729,41.25145676144
2020_13_NE_LAC,2020,13,-45.0,45.0,-2.0,47.0,3.674164626532136,3.7944723475103124,3.8596943917425994,45.48419171286631,46.31706458563281,46.09699603686878
2020_13_NO_ATL,2020,13,-5.0,37.0,2.5,46.0,-6.212100448856534,-6.190006242499316,-6.15765466871059,43.4011704069739,42.145791061631776,43.21860624398901
2020_13_NYG_SEA,2020,13,-5.0,29.0,-11.0,48.0,4.5941390018306505,4.619578032954164,5.998418462833732,44.09566878841698,44.587159287499745,43.81666823951575
2020_13_PHI_GB,2020,13,14.0,46.0,-8.5,49.5,12.68884499950127,12.717514196811535,14.030019256832382,45.13402758348321,45.40468683599463,44.9025479317136
2020_13_WAS_PIT,2020,13,-6.0,40.0,-6.0,43.5,8.614931764403662,8.540523460994228,8.95295774159963,42.13312307617586,42.0753961823555,42.59354838930125
2020_14_ARI_NYG,2020,14,-19.0,33.0,3.0,47.5,-0.6671811919483229,-0.6057237294431652,0.026331640809014734,40.22143146195752,40.44742776784128,36.340437801289596
2020_14_ATL_LAC,2020,14,3.0,37.0,-1.0,49.0,2.5647617248293053,2.6959915239465584,2.948948635235599,45.17590630683492,46.08107373794162,45.10643683847479
2020_14_BAL_CLE,2020,14,-5.0,89.0,3.0,45.5,2.6675396055737135,2.6685289401023606,2.079747313980895,42.29482523101026,42.24448072843681,42.07303484426448
2020_14_DAL_CIN,2020,14,-23.0,37.0,3.0,44.0,0.0518512655174157,0.00013427851958527914,-0.8541410471170207,42.95306393897521,42.909841074437125,42.77821708131988
2020_14_DEN_CAR,2020,14,-5.0,59.0,-4.0,45.5,11.711556183884596,11.673574869564977,11.16204097576295,42.873582686983205,42.880292253511044,43.36206460554805
2020_14_GB_DET,2020,14,-7.0,55.0,9.0,55.5,-10.932562796612142,-10.895494253443017,-10.587815438825492,48.45169088126043,51.690082648068035,48.883424099138246
2020_14_HOU_CHI,2020,14,29.0,43.0,1.0,46.5,-2.407800333663741,-2.4622581159134094,-3.2023269790941433,47.85414461360334,47.431813425810866,48.294908350451244
2020_14_IND_LV,2020,14,-17.0,71.0,2.5,52.0,-2.0427266116585554,-1.9157676391972605,-2.6101941933043813,44.63209742992434,44.898558286234405,44.38351442057895
2020_14_KC_MIA,2020,14,-6.0,60.0,7.0,51.5,-2.059370820205216,-2.0898608223611257,-1.6596597583676753,50.502473764237216,50.33266561386198,50.38198418851457
2020_14_MIN_TB,2020,14,12.0,40.0,-7.0,52.5,0.947825956074093,1.0053953236369453,1.6082203161154673,45.5256384215189,45.397071296024954,46.00200960222821
2020_14_NE_LA,2020,14,21.0,27.0,-5.0,43.5,8.420732636763356,8.631030181197115,8.813242694467819,39.93811126334992,41.27843984981192,39.779466144982436
2020_14_NO_PHI,2020,14,3.0,45.0,7.5,42.5,-11.176946062543513,-11.148071571796564,-16.0999272082638,42.01459237250621,41.99105882200894,41.959821480017105
2020_14_NYJ_SEA,2020,14,37.0,43.0,-16.5,49.0,10.902762337838503,10.85948631595455,10.57553746004772,43.77075154218265,44.000499746657766,43.67991754912134
2020_14_PIT_BUF,2020,14,11.0,41.0,-2.0,48.5,2.5096367541502973,2.5829603014920717,2.117589786950655,46.220214360746304,46.767587613734676,45.93783524046741
2020_14_TEN_JAX,2020,14,-21.0,41.0,7.5,53.0,-7.476787147988942,-7.455194054068448,-6.718904896662482,46.42385589123346,46.237063938805086,46.23449858165042
2020_14_WAS_SF,2020,14,-8.0,38.0,-3.0,43.5,5.48536585182228,4.318374720101309,5.553391002087584,42.500583419411065,42.09457220569019,42.24411400484512
2020_15_BUF_DEN,2020,15,-29.0,67.0,6.0,48.0,-9.07383047730271,-9.078493215341902,-9.529083386631967,43.19456861781963,43.197565109861905,43.580072487180075
2020_15_CAR_GB,2020,15,8.0,40.0,-9.0,53.0,11.450955167151365,11.476881957568938,12.889976787952815,49.54228284654412,49.51059524642667,49.99492223036158
2020_15_CHI_MIN,2020,15,-6.0,60.0,-3.0,47.0,6.2435938173341246,6.271078419489653,6.990758731050374,43.53866040222081,45.54381716456486,44.01447862028417
2020_15_CLE_NYG,2020,15,-14.0,26.0,6.5,44.5,-2.901107953693877,-2.8448835223908393,-2.231385595449546,42.806224347564836,43.173328985380415,43.231574523980875
2020_15_DET_TEN,2020,15,21.0,71.0,-8.5,54.0,12.082531975121828,12.029198482852204,12.514316458541785,49.520890218755255,48.962809904371234,49.565528497964905
2020_15_HOU_IND,2020,15,7.0,47.0,-7.5,52.5,6.103081640585667,6.109412968426223,6.789344894003277,47.38946692504637,47.26712616975363,47.16069375397794
2020_15_JAX_BAL,2020,15,26.0,54.0,-12.5,49.0,10.120133750032732,10.180607820409994,10.96942174503712,42.55119723828372,42.918432261827625,42.3406490748761
2020_15_KC_NO,2020,15,-3.0,61.0,2.5,54.0,3.032955077836925,2.9761498055503335,2.575957900273637,49.37896044862093,52.74827411139182,49.86905434575154
2020_15_LAC_LV,2020,15,-3.0,57.0,-3.5,52.5,-2.094522642364537,-2.0596447154110757,-2.634850604205374,43.76201817297931,43.54695749852946,43.68060034514264
2020_15_NE_MIA,2020,15,10.0,34.0,1.0,40.0,4.907156249689612,4.886598859287683,5.489538217532263,42.206855896116274,42.368867967662,42.68858961838501
2020_15_NYJ_LA,2020,15,-3.0,43.0,-17.0,44.5,18.58761713378378,18.77761439712666,18.837115094660618,38.18197440883027,39.57728269170234,37.98188835057728
2020_15_PHI_ARI,2020,15,7.0,59.0,-6.0,49.5,12.391403907385868,12.379114110492047,11.793690551623731,40.994099814571406,40.85098298512693,40.85969196542487
2020_15_PIT_CIN,2020,15,10.0,44.0,14.5,40.5,-8.490587473650525,-8.464778345719315,-8.053180199823945,41.16269495382074,41.13396980595079,40.96998046731751
2020_15_SEA_WAS,2020,15,-5.0,35.0,6.0,44.0,-1.5881247986095137,-1.584887000230249,-1.5686822008995263,41.494661519829734,41.46153540284389,41.43377107289738
2020_15_SF_DAL,2020,15,8.0,74.0,4.0,45.5,0.012455600338802109,-0.016029495457201642,0.5560174811096532,41.9777574319535,41.86986809890238,41.78649801848303
2020_15_TB_ATL,2020,15,-4.0,58.0,6.0,49.5,-2.1806412246911364,-2.1813020340144105,-1.8921828243294128,42.00208506761563,40.745271803944064,41.791206253472446
2020_16_ATL_KC,2020,16,3.0,31.0,-11.0,54.0,10.273248664712657,10.237945089095556,10.465385768579155,48.953099206989826,49.175263849208996,48.84691562455113
2020_16_BUF_NE,2020,16,-29.0,47.0,7.0,47.0,-8.982151423246947,-8.970309530287212,-7.5828439437057344,42.117931077295964,42.221731310296825,42.539345140524084
2020_16_CAR_WAS,2020,16,-7.0,33.0,1.0,42.0,2.9950739245223,3.0234955345485885,2.518872099010327,40.72055059773811,41.09950643393863,41.18010206401164
2020_16_CHI_JAX,2020,16,-24.0,58.0,9.5,47.0,-3.9042986727795577,-3.9254997699337166,-4.458288237059551,44.090787502712764,43.76857544309892,43.917565299471015
2020_16_CIN_HOU,2020,16,-6.0,68.0,-7.5,46.0,6.572598061367123,6.625968269200963,5.9852488006691615,46.564490222031765,46.38650700032052,46.4545588760772
2020_16_CLE_NYJ,2020,16,7.0,39.0,6.5,45.0,-8.382561375842274,-8.290092762727756,-8.05176576223286,44.444100584370304,44.569397072714956,44.23171972236342
2020_16_DEN_LAC,2020,16,3.0,35.0,-2.0,47.5,10.576528118393986,10.548597460769352,10.947531098745825,43.510524264939974,44.22174899867624,43.85814861627592
2020_16_IND_PIT,2020,16,4.0,52.0,1.0,42.5,-0.48901585168248163,-0.4839231671377822,-1.219155572153848,43.93325560969173,43.82153234701553,43.796975051844555
2020_16_LA_SEA,2020,16,11.0,29.0,-1.5,48.0,0.3288070231431144,0.22815992403521285,-0.5781474761848178,39.176153317236476,39.00674807046484,39.050949888098714
2020_16_MIA_LV,2020,16,-1.0,51.0,2.5,50.0,-2.863391651139644,-2.7110086241841085,-2.815613241173263,46.597431466942936,47.15382920277434,46.04268560411182
2020_16_MIN_NO,2020,16,19.0,85.0,-6.5,49.5,4.14518846692739,4.16930285138822,3.783449196036067,44.732420550503576,48.38529088487696,44.61945774112685
2020_16_NYG_BAL,2020,16,14.0,40.0,-9.5,43.5,9.918165512439733,9.88875598138266,10.37626552135432,40.446569711171826,40.23018445000325,40.870092070150044
2020_16_PHI_DAL,2020,16,20.0,54.0,3.0,50.5,5.271471822323115,5.2799020092889775,4.628119380741861,41.45650435328426,41.84989987282117,41.31362720580019
2020_16_SF_ARI,2020,16,-8.0,32.0,-6.0,49.0,2.6243956545798515,2.648274645014833,2.2130260428348487,40.929865047680615,40.69369920610626,40.59208092847229
2020_16_TB_DET,2020,16,-40.0,54.0,12.0,55.0,-4.526199147785957,-4.483122640967154,-5.208449366801387,46.85358647803708,50.06770112584228,46.568537944103326
2020_16_TEN_GB,2020,16,26.0,54.0,-3.0,52.5,3.14826743687596,3.1046493488178077,3.572673037338351,51.89093192029012,51.260292196219815,51.85020195101474
2020_17_ARI_LA,2020,17,11.0,25.0,-1.0,42.0,2.9609892093148047,2.9661145493006007,3.444958521754548,37.544314690410104,38.15134289635969,37.969428371315715
2020_17_ATL_TB,2020,17,17.0,71.0,-7.0,51.0,7.931601149960815,7.959638852549095,8.150192434469796,44.379620890885946,44.08511112097731,44.07684680084369
2020_17_BAL_CIN,2020,17,-35.0,41.0,13.5,45.0,-7.844746504170683,-7.866463211070853,-7.236917142850212,44.00803679948901,43.9359337919111,44.50312112389139
2020_17_DAL_NYG,2020,17,4.0,42.0,1.5,43.5,-3.2687026351303192,-3.242275402319482,-3.075050558974916,40.76305587415491,40.8824386198179,40.6065182472571
2020_17_GB_CHI,2020,17,-19.0,51.0,4.5,48.5,-7.2236453628283375,-7.215856178147511,-7.8254616032228865,46.315215426608724,46.259393145548806,46.192614076574024
2020_17_JAX_IND,2020,17,14.0,42.0,-15.5,48.0,13.172284020226323,13.202699731169362,12.73059637475098,44.16936219144377,44.26864260792778,43.9285979612958
2020_17_LAC_KC,2020,17,-17.0,59.0,6.5,43.0,6.459443010097539,6.366382814367772,6.838762667192818,48.3659346154252,48.15098674657798,48.7052271133085
2020_17_LV_DEN,2020,17,-1.0,63.0,2.5,50.5,-3.4259146145043258,-3.656083613973941,-3.3065417285752834,43.813685113790456,42.62970916040003,43.538273692787094
2020_17_MIA_BUF,2020,17,30.0,82.0,3.0,42.5,6.822543053803534,6.8589760987240425,8.23394556187379,46.21322473460986,46.77604257060904,46.00502134913831
2020_17_MIN_DET,2020,17,-2.0,72.0,3.0,53.5,-10.492424680206181,-10.454971343675044,-11.278152672929878,47.017321865631544,50.22788875863978,46.44436258863645
2020_17_NO_CAR,2020,17,-26.0,40.0,6.0,46.5,-6.3925224412999695,-6.3893381725524705,-6.372511704469523,43.60786376278926,43.90217059375351,43.48718605297163
2020_17_NYJ_NE,2020,17,14.0,42.0,-3.0,41.0,0.4733134210640809,0.49669840467227044,1.279446231445922,37.266708998767896,37.36070939952464,37.10606400329665
2020_17_PIT_CLE,2020,17,2.0,46.0,-10.5,44.5,3.006924904003956,3.03429035268224,2.5327604459211224,43.46056210349337,43.54360814300555,43.15163943029661
2020_17_SEA_SF,2020,17,-3.0,49.0,7.0,45.0,-0.5009958188036476,-1.679430080712707,0.18293838759037406,42.57430777697306,42.388295237488045,43.08127620871282
2020_17_TEN_HOU,2020,17,-3.0,79.0,7.0,55.5,-5.498892658539049,-5.450838137471041,-5.996065182984249,50.715781201605346,50.46480619047175,50.559954866426565
2020_17_WAS_PHI,2020,17,-6.0,34.0,6.5,43.5,-5.102775775962404,-5.07820171724198,-5.044788272704133,37.39266172719227,37.56722860504441,37.27551495188356
2021_01_ARI_TEN,2021,1,-25.0,51.0,-3.0,51.5,2.9049241390191622,2.9180876146307266,3.2860930235808286,47.99870528014715,47.66686360054783,48.75755232120137
2021_01_BAL_LV,2021,1,6.0,60.0,4.5,51.0,-1.2848851620838493,-1.2098546705429754,-0.4790138685683727,47.83804394978228,49.44999010142231,47.94854713783073
2021_01_CHI_LA,2021,1,20.0,48.0,-7.5,44.5,3.3147932057671206,3.4061961474907223,-0.9766269207542773,45.308957011376094,47.47676978722118,45.45019608188991
2021_01_CLE_KC,2021,1,4.0,62.0,-6.0,53.0,2.3123237588137426,2.3519571783568285,2.6005113065458163,50.56708460209022,50.538649257291965,50.348754471320056
2021_01_DAL_TB,2021,1,2.0,60.0,-7.5,51.5,5.4277842358682635,5.471688966101855,6.109625994683005,47.935836063113186,47.97198566408912,47.98416595504188
2021_01_DEN_NYG,2021,1,-14.0,40.0,2.5,42.5,3.4188823760600893,3.4595698166667,3.7557076492659744,45.751042453151456,45.81852232777298,45.47006540067037
2021_01_GB_NO,2021,1,35.0,41.0,4.0,49.5,0.23960633308166934,-1.4224737013168873,0.8949300514269739,48.16436587817089,47.07447661888986,48.8507043596461
2021_01_JAX_HOU,2021,1,16.0,58.0,3.0,44.5,3.304247123847033,3.3431727455348095,3.314151896018791,48.12649833183245,50.05921144772789,48.54570702032168
2021_01_LAC_WAS,2021,1,-4.0,36.0,1.0,44.5,1.3965755029994873,1.3736005601426435,1.0024598275851542,46.12674478364077,45.23055234240566,46.15498649849545
2021_01_MIA_NE,2021,1,-1.0,33.0,-2.5,44.5,-0.8827584678561662,-0.8466967835143504,-0.37773651938833774,45.574676325196826,45.87250037875642,45.70592372484315
2021_01_MIN_CIN,2021,1,3.0,51.0,3.0,48.0,-1.487823931251559,-1.4699840810691256,-1.1301033388993331,48.77768991842379,48.76354775374288,49.177405462480266
2021_01_NYJ_CAR,2021,1,5.0,33.0,-5.0,44.5,2.536141672606745,2.55798774125255,2.9077696316074144,45.80395539411514,45.70076082296426,45.502573915965236
2021_01_PHI_ATL,2021,1,-26.0,38.0,-3.5,48.0,3.243853363327114,3.2964371564238992,2.836492542013148,46.078297902312336,44.85921151134643,46.55427951689105
2021_01_PIT_BUF,2021,1,-7.0,39.0,-6.5,48.5,4.05492750304352,4.0830533727671146,3.7091037012071064,47.26825059077022,47.64574209472935,47.660230098104336
2021_01_SEA_IND,2021,1,-12.0,44.0,2.5,48.5,2.865652010635247,2.9122114923664233,2.4954433902593136,47.13668474299947,48.47024403913625,46.50732296341861
2021_01_SF_DET,2021,1,-8.0,74.0,7.5,46.0,-1.2757296701944891,-1.2471333707096237,-1.1358229519436662,48.25585667200662,52.26911753649317,48.182687000790295
2021_02_ATL_TB,2021,2,23.0,73.0,-12.5,52.0,6.223473658939075,6.27600337577212,6.666434521937678,47.0148684713158,46.76376438518267,46.93206701390962
2021_02_BUF_MIA,2021,2,-35.0,35.0,3.0,48.0,-0.2424936069182989,-0.21817708956039622,0.27000376770794804,46.98608133946867,46.9653823555975,46.94870080421048
2021_02_CIN_CHI,2021,2,3.0,37.0,-3.0,45.0,4.04340330818699,4.062093858883714,3.6577598473620885,46.98053410591489,46.51125928278156,47.33765614387916
2021_02_DAL_LAC,2021,2,-3.0,37.0,-3.0,55.0,3.182663013908411,3.2671902726521376,3.5099827118163525,48.36804771897323,50.245917537214375,48.56494738996034
2021_02_DEN_JAX,2021,2,-10.0,36.0,6.0,45.5,-0.9789637641217411,-0.9276841044180074,-1.3632314436480273,47.52581131575704,47.56754321006865,47.75195552697965
2021_02_DET_GB,2021,2,18.0,52.0,-10.5,48.0,6.385325375411773,6.389527873504862,6.10661762886094,48.31329234803984,48.08835009939817,48.706369199145676
2021_02_HOU_CLE,2021,2,10.0,52.0,-12.5,48.0,4.529715909879792,4.556949663968006,4.993964139740383,52.425417162956535,52.36347268483906,52.47554193848772
2021_02_KC_BAL,2021,2,1.0,71.0,4.0,55.5,0.7769076071874395,0.8303439573209322,0.42447130646161224,50.13471665545301,50.15524598405745,50.11032796068613
2021_02_LA_IND,2021,2,-3.0,51.0,4.0,47.5,-0.7489417058062545,-0.7410401876147005,-1.1456897825062642,47.1597739345753,47.73256463181452,46.87753825944873
2021_02_LV_PIT,2021,2,-9.0,43.0,-6.0,47.5,3.7312826222711957,3.713534915737389,4.375562196140784,47.20842099100249,46.289874161841574,43.15570214739318
2021_02_MIN_ARI,2021,2,1.0,67.0,-4.0,51.0,3.8288280493165963,3.854821277014803,4.252152861411834,47.28439680426216,48.49686388849309,46.868691152160324
2021_02_NE_NYJ,2021,2,-19.0,31.0,5.5,42.5,-1.516931810456797,-1.480308584089398,-1.9616747249208557,44.638478472852356,44.29060983300294,44.686661507288626
2021_02_NO_CAR,2021,2,19.0,33.0,3.5,44.0,-5.543660193812048,-5.501254143386774,-5.312449559569019,45.87467305986598,45.86133689483849,45.82870269604976
2021_02_NYG_WAS,2021,2,1.0,59.0,-3.0,41.0,2.3364874282308548,2.357668743327561,2.7029743098765158,43.219832493425216,43.11359525281003,43.3267176707178
2021_02_SF_PHI,2021,2,-6.0,28.0,3.5,50.0,1.1976947434914955,1.235784282715805,1.5846704302851211,48.44088650223778,48.487169410285084,48.165627574371065
2021_02_TEN_SEA,2021,2,-3.0,63.0,-5.5,54.0,5.617792280536373,5.634221080639328,5.383914384667426,48.10570399266159,47.867912412335706,48.45609998667586
2021_03_ARI_JAX,2021,3,-12.0,50.0,8.0,51.5,-4.569376831931883,-4.531701365167605,-4.1798218573376245,45.982322076037754,45.72167232886857,45.995951079585204
2021_03_ATL_NYG,2021,3,-3.0,31.0,-2.5,48.0,4.201187859914951,4.244576440920656,4.926175724046017,46.78368240511765,46.5280360660894,46.70632207545786
2021_03_BAL_DET,2021,3,-2.0,36.0,7.5,51.0,-3.0061469144106057,-2.9887131100813464,-3.5070991396588074,49.6982451358505,53.30304723466261,50.13956391112801
2021_03_CAR_HOU,2021,3,-15.0,33.0,8.0,43.0,-0.06125583624274189,-0.020972570266199208,0.4659722198540183,48.936417822025085,50.620238544274585,48.55019087968529
2021_03_CHI_CLE,2021,3,20.0,32.0,-7.5,45.0,5.269328105041957,5.297927059193678,4.970381568818558,48.532269432683314,48.0248495154448,48.56297950022048
2021_03_CIN_PIT,2021,3,-14.0,34.0,-2.5,42.5,2.775612948653495,2.8208815245552867,2.4272677114289043,43.40367869195416,43.21662826540883,43.45110632679772
2021_03_GB_SF,2021,3,-2.0,58.0,-3.0,50.5,2.3794316555400745,2.44235722152039,2.4871293120015485,50.81218194857184,49.72846970238757,50.842390737356155
2021_03_IND_TEN,2021,3,9.0,41.0,-5.0,47.0,0.017210428727800098,0.03202338547808081,0.4762050056539043,47.67932073096015,47.30370136363851,47.244168188627796
2021_03_LAC_KC,2021,3,-6.0,54.0,-7.0,55.0,2.4384352326260355,2.4164683575979957,2.095199939698412,51.8219320268164,50.795875494308426,51.73851060510933
2021_03_MIA_LV,2021,3,3.0,59.0,-3.5,45.0,3.7032750729517527,3.8319929507661166,3.3133267501692902,48.55614430907685,50.523453748687594,48.46909729557024
2021_03_NO_NE,2021,3,-15.0,41.0,-3.0,43.5,-0.6073609285375552,-0.5797516474551913,-0.016230500032437645,45.306225406210906,45.25695895612564,45.26101777454785
2021_03_NYJ_DEN,2021,3,26.0,26.0,-10.0,41.5,7.710318983111221,7.71011788055421,8.229775898737266,45.33070518852052,45.3796485160096,45.036048868268594
2021_03_PHI_DAL,2021,3,20.0,62.0,-3.5,51.5,0.6247152362728562,0.6467812673738605,0.2798127420814652,46.700388859840416,46.239665569236735,47.13380081705583
2021_03_SEA_MIN,2021,3,13.0,47.0,2.0,54.0,1.9707111510598856,1.988330119352335,1.5772344694293898,49.515971431969376,51.87532890647412,49.18801727323203
2021_03_TB_LA,2021,3,10.0,58.0,1.0,55.0,3.578449121071046,3.611307977961903,3.5086657849656744,48.621134947215005,50.222758578065246,48.318905924112364
2021_03_WAS_BUF,2021,3,22.0,64.0,-7.0,45.5,5.1189560446550155,5.133214235063038,5.275099837071685,45.39526106902986,45.29726540324612,45.81122613984869
2021_04_ARI_LA,2021,4,-17.0,57.0,-4.0,54.0,0.9853341006223937,1.0188273581594338,1.8953207322356351,47.06359937013652,48.31083548237724,47.12149072581459
2021_04_BAL_DEN,2021,4,-16.0,30.0,-1.0,44.0,4.360590406347877,4.343970864111903,4.03633337285101,49.080548826402485,49.11609419575602,48.80538632531734
2021_04_CAR_DAL,2021,4,8.0,64.0,-4.5,51.5,0.6575155690094432,0.6663581419892142,0.8385353384403449,47.67975226750545,48.92552196782517,47.76579904639777
2021_04_CLE_MIN,2021,4,-7.0,21.0,1.0,52.0,-1.0532435573426298,-1.0316692335261903,-1.4621153649907483,50.570803119501946,52.996948301286935,50.76581434747446
2021_04_DET_CHI,2021,4,10.0,38.0,-3.0,41.5,1.1010342164594376,1.0732116502805427,0.8437948082551829,43.81131618084245,43.60567752435971,43.73197235080204
2021_04_HOU_BUF,2021,4,40.0,40.0,-19.0,47.5,9.302117910335356,9.330479098351368,9.8406345373198,49.54223714444399,49.545704659544235,50.01171898975805
2021_04_IND_MIA,2021,4,-10.0,44.0,-2.5,41.5,-0.6244417640905121,-0.6125200108481486,-0.9660122273364928,46.46527559408203,46.428584733694514,46.84470512047185
2021_04_JAX_CIN,2021,4,3.0,45.0,-7.5,46.0,6.33108664200873,6.345233671897455,6.335384285483833,44.76812064511537,44.99645659006816,44.7556110233744
2021_04_KC_PHI,2021,4,-12.0,72.0,7.0,54.0,-2.0409268266372917,-2.0040073379857724,-2.27175296421909,50.37311895568426,49.65373599609382,50.01412554218678
2021_04_LV_LAC,2021,4,14.0,42.0,-3.0,51.5,4.256831253219472,4.257600971883621,3.9379467177972733,50.03897274825638,51.3147411406424,49.92245606590813
2021_04_NYG_NO,2021,4,-6.0,48.0,-7.0,42.5,7.092718583259408,7.107343451481761,7.430776301609541,45.348202823641564,49.225483780582216,45.39461879743312
2021_04_PIT_GB,2021,4,10.0,44.0,-6.0,45.0,8.707869314051669,8.692678993676761,8.425133601737828,47.80048102364834,47.030082448816714,47.47135191588393
2021_04_SEA_SF,2021,4,-7.0,49.0,-2.5,52.0,2.6023121206357134,2.607392723819849,2.1559491379227196,49.152932622245956,47.73047572138304,48.72767524804899
2021_04_TB_NE,2021,4,-2.0,36.0,6.5,49.0,-1.681657121678409,-1.682908330334355,-1.6053551023339026,47.96133140823572,47.80356810942608,47.68012798755346
2021_04_TEN_NYJ,2021,4,3.0,51.0,6.0,44.5,-4.561895785833271,-4.497750076256287,-3.9456415147531776,45.11800810010633,44.95692200519786,44.49003638822882
2021_04_WAS_ATL,2021,4,-4.0,64.0,2.0,47.5,-0.39464582986472563,-0.35656188336051153,-0.2645917315067048,45.586258189415815,43.757399148573334,45.59588166804546
2021_05_BUF_KC,2021,5,-18.0,58.0,-3.0,57.0,-0.7718083514459457,-0.7346761866131123,-0.3065440223857281,51.5700467558412,51.446952230122,51.66091259964643
2021_05_CHI_LV,2021,5,-11.0,29.0,-5.5,46.0,2.6692592600951714,2.780480143384048,2.9039000686768874,46.08155415723533,47.77790779579321,45.975858305795654
2021_05_CLE_LAC,2021,5,5.0,89.0,-2.5,47.0,0.8350287578280374,0.9032074025940126,0.3576299958909348,47.89175540694643,49.54573391524833,48.335176203624364
2021_05_DEN_PIT,2021,5,8.0,46.0,1.5,40.0,-2.280231278140482,-2.229985995963289,-2.092069739606549,45.31341115635299,44.98232129823276,45.76113777436649
2021_05_DET_MIN,2021,5,2.0,36.0,-10.0,49.5,6.807781131465183,6.804263004549394,6.55082115290713,49.91468325122453,52.467246829074114,49.965232119427846
2021_05_GB_CIN,2021,5,-3.0,47.0,2.0,50.0,-1.5428288799971237,-1.5116914651759723,-1.4047124362299668,49.70440114300108,49.36119151940171,49.716013128971646
2021_05_IND_BAL,2021,5,6.0,56.0,-7.5,46.5,2.4501627813939546,2.520025649729979,2.1052715819567944,49.344164704912004,49.412770486035136,48.97544321342251
2021_05_LA_SEA,2021,5,-9.0,43.0,2.5,53.5,-2.8991866938867004,-2.9002336085042795,-2.2949790134335704,47.63638861797586,46.700318462228246,48.3288105555452
2021_05_MIA_TB,2021,5,28.0,62.0,-11.0,48.0,10.094006004164232,10.140061297801388,10.609248056045999,48.11378494224315,47.57412973500542,48.604209612618696
2021_05_NE_HOU,2021,5,-3.0,47.0,8.0,39.0,-1.837368587274896,-1.8070322216101273,-6.16410876314589,46.044159693513414,48.24056605936518,46.038133658137994
2021_05_NO_WAS,2021,5,-11.0,55.0,2.5,43.5,-1.8324971889599566,-1.779610173325601,-1.2046611307550725,47.19670008524794,46.73085770328659,47.21365781539614
2021_05_NYG_DAL,2021,5,24.0,64.0,-7.0,52.5,5.531791595582568,5.537188866736528,6.161444363697231,49.305438996402394,50.458232838362605,50.06859482886242
2021_05_NYJ_ATL,2021,5,7.0,47.0,-3.0,45.5,4.885737231343689,3.194212195279092,5.4950052599844526,44.38371918998366,41.499981532495845,44.60671346543159
2021_05_PHI_CAR,2021,5,-3.0,39.0,-2.5,46.0,5.531112624293254,5.544966144697094,5.724049126690093,47.13769565369609,47.05611115454095,47.57974505595491
2021_05_SF_ARI,2021,5,7.0,27.0,-6.0,48.5,3.0397454834925286,3.067132363461765,3.048227438057051,48.424087941311356,49.51306520056436,48.75387365946285
2021_05_TEN_JAX,2021,5,-18.0,56.0,4.5,49.0,-2.9582628873452297,-2.894135118024959,-3.183338923680266,48.29805937497454,48.17151278064961,48.72435561992814
2021_06_ARI_CLE,2021,6,-23.0,51.0,-3.0,48.0,1.07589574895699,1.0902453197520208,1.478653541976403,49.455135825579916,49.05900855148281,49.03326390355674
2021_06_BUF_TEN,2021,6,3.0,65.0,6.0,53.5,-6.711053970638471,-6.70039515838349,-7.125892071801251,49.09839684075995,48.97972869865454,49.37986134584429
2021_06_CIN_DET,2021,6,-23.0,45.0,3.5,46.5,-3.0324954129633928,-2.9929132973656785,-2.6346373201882463,49.02706578929505,52.55565769538205,48.7567281472568
2021_06_DAL_NE,2021,6,-6.0,64.0,3.5,50.5,-4.576529967646876,-4.535180957887634,-5.060750226186355,49.16358132103915,49.048395250012035,48.80262798218001
2021_06_GB_CHI,2021,6,-10.0,38.0,5.5,44.0,-3.2542927824026284,-3.266927753436819,-3.6099268628630012,45.60902517004432,45.396055429197986,45.76040828127585
2021_06_HOU_IND,2021,6,28.0,34.0,-11.5,45.0,7.8690724715688285,7.914118810420177,8.491054742226764,47.884538004387416,47.07040065750833,47.540323673908844
2021_06_KC_WAS,2021,6,-18.0,44.0,6.5,54.0,-2.014565324285367,-1.9873097370284465,-2.376473139337273,52.9170098336116,52.3074364936648,53.12493786018469
2021_06_LAC_BAL,2021,6,28.0,40.0,-3.0,51.0,0.9483979632995123,0.9444246544992388,1.2200787281272487,52.53324193883664,51.34753845336636,48.71686220771348
2021_06_LA_NYG,2021,6,-27.0,49.0,7.5,49.0,-4.244649866436698,-4.221227567555326,-3.5654749209273513,50.37505176613528,49.565288788439005,50.39202671249996
2021_06_LV_DEN,2021,6,-10.0,58.0,-5.0,45.0,4.154009440638148,4.07088759716371,3.925477144134783,46.841411800657454,45.49681746184856,46.467892582114736
2021_06_MIA_JAX,2021,6,3.0,43.0,1.5,47.5,3.160764852021458,1.5209517776773913,3.473803412343581,48.61000169598055,46.01969252504451,49.41099178524649
2021_06_MIN_CAR,2021,6,-6.0,62.0,2.5,45.5,2.9127913880738645,2.9451956113082756,4.178668815868792,47.03807162687782,47.13556756315193,46.69440840506393
2021_06_SEA_PIT,2021,6,3.0,43.0,-5.5,43.0,0.9622086533061278,0.9755570483440867,0.536384288171184,48.71692321871361,48.24679737501877,49.11886380839018
2021_06_TB_PHI,2021,6,-6.0,50.0,7.0,53.0,-4.382959812521314,-4.368679333874763,-4.363434673114408,48.30830480558423,47.592226333205254,48.336838202605755
2021_07_ATL_MIA,2021,7,-2.0,58.0,1.5,47.5,-1.5590787428540058,-1.536222944883793,-0.8548393336311227,49.172958437638556,48.73554188846711,49.16257063030382
2021_07_CAR_NYG,2021,7,22.0,28.0,3.0,43.0,-0.3095665594826222,-0.2703114049285238,0.8110874314964678,45.47697946584798,45.15024101086154,45.90059937440527
2021_07_CHI_TB,2021,7,35.0,41.0,-12.0,47.0,10.127855450095385,10.221292885171799,9.731800569165207,48.62707342398628,48.6899506120168,48.7362775304336
2021_07_CIN_BAL,2021,7,-24.0,58.0,-6.5,46.0,3.011851211010943,3.0613903683432153,3.4549026382440844,49.60300406141209,49.40332890267819,49.82290451965381
2021_07_DEN_CLE,2021,7,3.0,31.0,-2.0,40.0,4.268077489907831,4.289518514969896,3.950486095633909,49.259157556956545,49.17252408504497,49.326227343006245
2021_07_DET_LA,2021,7,9.0,47.0,-16.0,51.0,14.878117222385514,14.914786248195583,15.579147152426595,49.297624841822866,50.667327991621235,49.253198989537104
2021_07_HOU_ARI,2021,7,26.0,36.0,-20.0,47.5,15.5131488903087,15.533268941499626,16.23292225408983,47.642561709825266,48.45466180518112,47.86225327224902
2021_07_IND_SF,2021,7,-12.0,48.0,-3.5,41.5,1.2610682696357982,1.279179265466264,1.3310203045392055,50.17772265100484,48.41193629417408,50.259037583554644
2021_07_KC_TEN,2021,7,24.0,30.0,4.0,58.5,-0.026191366780042413,-0.011694209026010753,-0.3664922255380529,54.184420285398936,53.59486047264274,54.16361608673887
2021_07_NO_SEA,2021,7,-3.0,23.0,6.0,42.0,-3.6321970263061694,-3.5877564475714023,-3.9138397626710124,49.231985841935774,49.27764219566393,49.2122730369456
2021_07_NYJ_NE,2021,7,41.0,67.0,-7.0,42.5,3.4699567124671864,3.481311513496486,3.6039596074720937,43.77762054553194,43.9813409015898,43.80821927957395
2021_07_PHI_LV,2021,7,11.0,55.0,-1.0,48.0,2.9250229862076833,2.9894006600799297,2.499790039034226,48.01771319290987,49.61680666760606,48.14675813496912
2021_07_WAS_GB,2021,7,14.0,34.0,-8.5,48.0,7.60897107250994,7.641288216258636,7.573202565279475,49.27035283958965,49.04498997303194,49.68554286344804
2021_08_CAR_ATL,2021,8,-6.0,32.0,-2.5,47.0,1.0611981105273554,1.0802254263399655,1.2225977160441728,43.9694574473442,42.36431808957626,43.88738411573328
2021_08_CIN_NYJ,2021,8,3.0,65.0,11.5,43.0,-7.2221726480624096,-7.175623057999613,-7.117419485007281,47.8839990136781,47.567843931821336,47.909261805094495
2021_08_DAL_MIN,2021,8,-4.0,36.0,-4.0,49.0,-1.0430651615598316,-0.9815234146768601,-0.19580189471562992,52.771093253222276,56.07732169730017,52.95477124671244
2021_08_GB_ARI,2021,8,-3.0,45.0,-6.5,51.0,6.432205524159244,6.443331878893964,7.6325683723458555,48.52802583215029,47.41159962802657,48.52016702518334
2021_08_JAX_SEA,2021,8,24.0,38.0,-4.0,44.5,4.747458779305704,4.723378754011592,5.381311301611006,50.12393657565162,50.15581054622981,50.270565650795106
2021_08_LA_HOU,2021,8,-16.0,60.0,16.5,47.0,-12.238922202311334,-12.25849357149509,-11.147077687525979,48.2160690828728,48.74846655512632,48.50752581611694
2021_08_MIA_BUF,2021,8,15.0,37.0,-15.0,48.5,12.277167893832203,12.321269813617509,12.381339490298055,48.660901087175866,48.70146394458476,48.34573282045834
2021_08_NE_LAC,2021,8,-3.0,51.0,-3.5,50.5,3.924090889295608,3.99900612903167,3.5307862861657715,49.84581408939384,52.233213094515634,49.26713188248746
2021_08_NYG_KC,2021,8,3.0,37.0,-10.5,53.0,6.439824795053445,6.471957995002707,6.043611889829481,50.38267592417709,49.564610264633515,50.39864151840528
2021_08_PHI_DET,2021,8,-38.0,50.0,3.0,48.0,-1.209540762685359,-1.1795467781748774,-0.9253962277797787,47.685683634456275,51.38464063120496,47.265598877430776
2021_08_PIT_CLE,2021,8,-5.0,25.0,-5.5,43.0,6.128488357615853,6.134735652632453,7.243953358114524,47.23611311459667,47.26879213952118,47.39615168083128
2021_08_SF_CHI,2021,8,-11.0,55.0,4.5,40.0,-2.1056490692108882,-2.072895541229007,-2.535124178139368,44.79033975057705,45.19376702164986,44.82269069174998
2021_08_TB_NO,2021,8,9.0,63.0,4.0,48.0,-4.391114029142412,-4.3844848770533265,-3.957863008122688,47.55077031553301,51.27732551988163,47.28021884785898
2021_08_TEN_IND,2021,8,-3.0,65.0,-3.0,51.0,-0.9375893660167106,-0.8911952941246668,-0.4662454860572145,49.12007860420221,48.34344884506525,49.18511205113609
2021_08_WAS_DEN,2021,8,7.0,27.0,-4.0,45.0,2.9079982669450115,2.9154793106625014,2.6049965711924385,47.68008707133775,47.212249410398925,47.26626138615045
2021_09_ARI_SF,2021,9,-14.0,48.0,-5.5,44.5,-5.183178663169092,-5.1554448056534055,-5.595218197360921,47.93261473955042,46.749080544449974,47.9989382684883
2021_09_ATL_NO,2021,9,-2.0,52.0,-6.5,43.0,6.047442943633252,6.064852331071086,6.272668314443959,44.995449580376174,48.68202440586408,44.978133302880046
2021_09_BUF_JAX,2021,9,3.0,15.0,14.5,48.5,-10.120664845643168,-10.073242669063218,-10.62731522405059,48.4796200070357,48.242842484322374,48.929112789695715
2021_09_CHI_PIT,2021,9,2.0,56.0,-7.0,40.0,6.1524295478575235,6.18032746735853,5.692670619207223,44.82227783281252,44.426862216485006,45.15545998486268
2021_09_CLE_CIN,2021,9,-25.0,57.0,-2.0,47.5,-0.08846743576110305,-0.04596594711420824,0.3923352171320015,49.513290903329924,49.80819321290173,49.64349807473742
2021_09_DEN_DAL,2021,9,-14.0,46.0,-10.0,50.0,5.6753863703686,5.713148532795162,6.282604643678826,50.96106942691711,51.93645170125381,50.65160266971322
2021_09_GB_KC,2021,9,6.0,20.0,-7.0,48.0,0.7733527127141496,0.799643911719498,0.9619401964696596,52.573857641841165,51.82085465073093,53.34748680058562
2021_09_HOU_MIA,2021,9,8.0,26.0,-4.0,45.0,7.214090217739711,7.239266014924256,7.6836418772587285,46.81904559482977,46.448096949655664,46.72880547234928
2021_09_LAC_PHI,2021,9,-3.0,51.0,1.0,49.5,2.809410653918585,2.796047687610787,3.016803832531363,46.734400747885964,45.5223018441726,46.98344174285654
2021_09_LV_NYG,2021,9,7.0,39.0,3.0,47.0,-0.9916728172120592,-1.020238746290901,-1.3168676271385553,48.41872374508812,47.550876396350695,48.91629252239529
2021_09_MIN_BAL,2021,9,3.0,65.0,-7.0,51.0,2.6778721109788934,2.7385247534791275,3.5084559715780306,50.699218116137274,50.79408624554686,50.76962177539997
2021_09_NE_CAR,2021,9,-18.0,30.0,3.5,41.5,3.0688620053790974,3.059364167477668,3.707949177939486,44.69466192074302,44.67763487477947,44.75844220952061
2021_09_NYJ_IND,2021,9,15.0,75.0,-10.0,45.5,10.75455988358297,10.774361323444149,11.38111394517205,45.0378883594846,46.188453290150896,44.74744201986392
2021_09_TEN_LA,2021,9,-12.0,44.0,-7.0,53.0,4.501815597214867,4.57359345924196,4.178493219781762,51.775737509081516,53.20456696898553,51.81929940669035
2021_10_ATL_DAL,2021,10,40.0,46.0,-7.5,55.0,5.413866450981938,5.470651240808881,5.615592908823864,50.34544348464171,51.490730594357615,50.18065063114675
2021_10_BAL_MIA,2021,10,12.0,32.0,8.5,47.0,-0.8013260272652769,-0.7830503294086736,-0.9613168551526947,49.024855316547544,49.17376209566724,49.283476872871
2021_10_BUF_NYJ,2021,10,-28.0,62.0,13.5,48.5,-12.18778912995175,-12.140841340570475,-12.660564262363513,46.15667334096866,45.585393728832976,46.09634531954415
2021_10_CAR_ARI,2021,10,-24.0,44.0,-7.0,41.5,12.280257428133128,12.307765258802299,11.964216746173218,42.63353401992134,44.097308504135775,42.95631768218885
2021_10_CLE_NE,2021,10,38.0,52.0,-2.5,45.0,-0.5191375812873689,-0.46723336005905547,0.5132610387179757,49.129161899441996,49.595571457230946,49.10039057483833
2021_10_DET_PIT,2021,10,0.0,32.0,-6.0,40.5,7.383825521480854,7.357761797703392,8.077277064882418,46.00372531469,45.516985884754526,46.2908982073087
2021_10_JAX_IND,2021,10,6.0,40.0,-10.5,48.0,9.52318867578531,9.551653928496343,9.207948287301203,46.8375409701021,47.88325266445517,46.99510755052342
2021_10_KC_LV,2021,10,-27.0,55.0,2.5,54.0,0.017331721208954154,0.06565266413372894,0.5388751303401045,50.22703945626206,51.10086146075891,46.38241967154362
2021_10_LA_SF,2021,10,21.0,41.0,3.5,50.0,-5.972542064656206,-5.930657722963794,-5.84097784845193,48.795598842495146,47.41604840918638,48.560445236282874
2021_10_MIN_LAC,2021,10,-7.0,47.0,-3.0,53.5,3.751101198293052,3.7995319540102264,3.333237598845816,49.67551171351101,51.527157797799674,49.71059183864949
2021_10_NO_TEN,2021,10,2.0,44.0,-3.0,42.5,4.855010130594911,4.845160249755433,5.107637193020471,46.34466530541557,45.64622807464256,46.5095366478323
2021_10_PHI_DEN,2021,10,-17.0,43.0,-1.0,44.5,1.2686588237294751,1.2369161883336215,1.397490783093929,48.547328574692884,47.86678946629565,48.15048325823294
2021_10_SEA_GB,2021,10,17.0,17.0,-3.0,49.0,7.09696712368111,7.098719389168543,6.8245680115553515,49.58545265433358,49.75796493637756,49.95670075239498
2021_10_TB_WAS,2021,10,10.0,48.0,10.0,50.5,-5.431559743788903,-5.412537389605885,-6.111103328186839,49.42540802645571,49.580727483759134,49.65039077820182
2021_11_ARI_SEA,2021,11,-10.0,36.0,-4.5,45.0,-5.998257714059859,-5.977849441249866,-5.779748896508325,44.20368428886491,44.18580630328483,44.54189145830919
2021_11_BAL_CHI,2021,11,-3.0,29.0,1.0,40.5,-1.4885197632507186,-1.4991048042517447,-1.8513385538769274,48.52753595315463,48.61585450205412,48.985981629315205
2021_11_CIN_LV,2021,11,-19.0,45.0,2.0,50.5,2.9600406949040234,3.000719672501451,2.6824561322383222,51.511536226925145,53.33707249558716,51.9570597722945
2021_11_DAL_KC,2021,11,10.0,28.0,-2.5,56.0,2.0881716817692513,2.0994805901313875,2.410068305059373,52.38996105090625,51.57956806875137,52.44612539776204
2021_11_DET_CLE,2021,11,3.0,23.0,-13.5,42.5,11.444604818035087,11.426265496934272,12.152627468058586,47.8938459506361,47.89441013488886,47.65353215091592
2021_11_GB_MIN,2021,11,3.0,65.0,1.0,47.0,-3.080513073117257,-3.037736706077574,-2.7942809481113833,47.92842057496522,50.80345279734888,47.58908857038312
2021_11_HOU_TEN,2021,11,-9.0,35.0,-10.0,44.5,13.335474458199016,13.291043073049599,13.971906277454957,43.972164265029434,43.70330563305764,43.68301973346582
2021_11_IND_BUF,2021,11,-26.0,56.0,-7.0,49.5,6.942910714852469,6.979968500131052,6.540470700041548,49.14183815471967,49.26970600645665,48.76994249274108
2021_11_MIA_NYJ,2021,11,-7.0,41.0,3.5,44.5,-4.641473228666001,-4.60032108544915,-4.4045459795233945,45.37403794488915,44.84729309751881,45.34463499042697
2021_11_NE_ATL,2021,11,-25.0,25.0,7.0,47.0,-6.219549521481938,-6.230107709680944,-6.2595761917257216,47.14483955414236,47.04657939314134,46.98162172085499
2021_11_NO_PHI,2021,11,11.0,69.0,-3.0,42.0,2.48373329431462,2.5437950721686113,2.91162431950006,45.883077843905546,45.09935863814758,46.06505183886657
2021_11_NYG_TB,2021,11,20.0,40.0,-11.5,50.0,9.890669590535135,9.93934914672765,10.254479581146036,47.959487295848916,47.89910629973846,48.031976769588944
2021_11_PIT_LAC,2021,11,4.0,78.0,-6.0,47.5,4.641172536653622,4.694077703440869,4.2543755588357355,46.81316930561033,48.6306628562009,46.52125206138191
2021_11_SF_JAX,2021,11,-20.0,40.0,6.5,45.5,-3.621191596467062,-3.601577398349036,-3.7608903387944146,48.42897751227977,47.921110812100515,48.4475545902237
2021_11_WAS_CAR,2021,11,-6.0,48.0,-3.0,43.0,5.472166196829619,5.498596968929534,5.083222047251382,40.612472300454066,40.62931645349727,40.55421762222278
2021_12_ATL_JAX,2021,12,-7.0,35.0,1.5,46.0,2.9248329110075013,2.9543592803893013,3.0589521183817716,43.70902562607361,43.01036911234649,43.684978270685676
2021_12_BUF_NO,2021,12,-25.0,37.0,7.0,45.0,-4.760932830772629,-4.76574130042684,-5.2402921877743776,46.49084386067983,49.75888335696041,46.136719601907544
2021_12_CAR_MIA,2021,12,23.0,43.0,1.0,41.0,-1.8839199865415497,-1.8647899386278937,-1.4176336940069274,42.380363244355486,42.04728674267741,42.703388802659155
2021_12_CHI_DET,2021,12,-2.0,30.0,2.0,41.5,-3.27950479463205,-3.234238784858206,-3.7655019529645184,42.585594403443615,47.039755981521125,43.08351781045494
2021_12_CLE_BAL,2021,12,6.0,26.0,-3.0,47.5,-1.5820137322604895,-1.5364769752627088,-1.4593599796104002,48.55314364433258,49.05536330228789,48.374685718623375
2021_12_LAC_DEN,2021,12,15.0,41.0,3.0,47.0,-2.8097169323006335,-2.832166478668332,-2.80489450522624,49.17665838553147,48.217151793432265,49.32531362479282
2021_12_LA_GB,2021,12,8.0,64.0,2.0,46.5,3.6069064511086504,3.5586249609596,3.208490561263589,50.53922988476173,49.33582833032286,50.56226426991478
2021_12_LV_DAL,2021,12,-3.0,69.0,-7.0,51.0,6.468095489473549,6.420151915674427,6.654302396299386,48.97715393605541,49.73025361109667,48.94810630033815
2021_12_MIN_SF,2021,12,8.0,60.0,-4.0,49.0,4.754812391235145,4.770179961100512,4.375461100763901,51.19503902441702,49.91869405813531,51.18933929414115
2021_12_NYJ_HOU,2021,12,-7.0,35.0,-3.0,44.5,2.87144228276659,2.8495428919615162,3.1818981454618003,43.909590992359874,45.21734704279327,43.5591321686912
2021_12_PHI_NYG,2021,12,6.0,20.0,4.0,45.0,-5.0765994263845595,-5.0842836233041,-5.8020843195743605,43.609673227379105,42.93623545986228,43.64188902873483
2021_12_PIT_CIN,2021,12,31.0,51.0,-3.5,43.5,2.3947276870598806,2.4284603956943913,1.6590590776666847,46.18527691073789,46.397178798374455,46.250273719443314
2021_12_SEA_WAS,2021,12,2.0,32.0,1.5,46.5,4.869762424911288,4.893955154203613,5.178009069793052,46.61146829203833,46.5470713684346,46.5520064765343
2021_12_TB_IND,2021,12,-7.0,69.0,3.0,53.0,-0.43360313803195727,-0.42965802910590684,0.43757227158089795,49.51765234393649,50.374007824337454,49.237147733338986
2021_12_TEN_NE,2021,12,23.0,49.0,-7.0,43.0,4.4551110977335,4.529966204110496,4.951742580236273,45.95535890676101,45.77267361944298,46.02684850455629
2021_13_ARI_CHI,2021,13,-11.0,55.0,7.5,43.0,-7.556236563343096,-7.55368851139356,-7.069556574924725,45.18106803139271,45.08589065658633,45.22163329342997
2021_13_BAL_PIT,2021,13,1.0,39.0,4.0,44.0,-2.0324843780706154,-2.017898627020391,-2.5269296459713044,43.20507209826181,43.21444505587822,43.21878294668696
2021_13_DAL_NO,2021,13,-10.0,44.0,6.5,45.5,-0.8114697181040148,-0.7821722774456066,0.003715813232906373,46.078440304659125,50.112802960587345,46.1111541380862
2021_13_DEN_KC,2021,13,13.0,31.0,-8.5,46.5,5.091502264765127,5.179709894251855,5.509457854422405,48.81169574639555,48.612636632284065,48.907623788432055
2021_13_IND_HOU,2021,13,-31.0,31.0,10.0,45.5,-11.452871312857331,-11.435151544708843,-11.063463787802675,41.83572163368081,43.40741360481403,41.76310844406483
2021_13_JAX_LA,2021,13,30.0,44.0,-14.0,48.0,8.91187348822296,8.960960986293278,9.437498765339418,46.06302310157942,48.020923781315624,45.750044826327645
2021_13_LAC_CIN,2021,13,-19.0,63.0,-2.5,49.5,1.1068194651141299,1.0976714025691015,1.776892036490223,48.95478990104828,48.48120616638557,49.757332736211566
2021_13_MIN_DET,2021,13,2.0,56.0,7.0,47.0,-6.130819567115621,-6.094544287654378,-6.552429340389555,46.213729600380475,50.37128907508989,46.24199089518415
2021_13_NE_BUF,2021,13,-4.0,24.0,-3.0,39.5,3.6054368122022766,3.64094777518141,3.6563242426747062,47.13161339021454,47.26042989749325,47.53970184003436
2021_13_NYG_MIA,2021,13,11.0,29.0,-7.0,40.0,4.978846911425823,4.962830947110038,4.635520294611269,43.87022418844142,43.125257303755625,43.73154839114007
2021_13_PHI_NYJ,2021,13,-15.0,51.0,5.0,44.0,-6.3604689858050945,-6.28447958000652,-5.921263155941707,45.60855974400439,45.853788572996216,45.35997614865812
2021_13_SF_SEA,2021,13,7.0,53.0,3.0,45.0,-6.714235995994716,-6.698494076301956,-6.154961082603369,47.35730320232952,47.447046586966415,47.751160917131294
2021_13_TB_ATL,2021,13,-13.0,47.0,10.5,51.0,-11.114243913321552,-11.123713235223745,-10.8628507925855,45.654670948944485,45.8376776500135,45.55710864241883
2021_13_WAS_LV,2021,13,-2.0,32.0,-1.5,47.5,-1.6046137187164904,-1.4910847038130404,-2.0055085724306516,48.47980620481931,50.03350496873472,48.42643765461923
2021_14_ATL_CAR,2021,14,-8.0,50.0,-2.5,41.5,5.740192686525905,5.783657716763496,5.439113458500208,39.23838089175756,39.198915638820985,39.15391690416335
2021_14_BAL_CLE,2021,14,2.0,46.0,-3.0,44.0,2.5322612094331474,2.5621476207318494,2.8991810601981687,46.1396210555416,46.65187555722804,46.16969254212422
2021_14_BUF_TB,2021,14,6.0,60.0,-3.5,52.5,3.344195717367044,3.352263377511296,3.956391208285293,48.67530339874942,48.30351083152139,49.09754366151893
2021_14_CHI_GB,2021,14,15.0,75.0,-12.0,43.0,11.457864767824491,11.481455501151652,12.120558719639474,46.58217932828671,46.586926165623446,47.355440079513436
2021_14_DAL_WAS,2021,14,-7.0,47.0,6.5,48.0,1.581455986201472,1.5862780980057143,1.8670273740279029,46.98284810745818,46.91531528308075,47.066678477055966
2021_14_DET_DEN,2021,14,28.0,48.0,-12.5,42.0,9.818432679801141,9.780115307609229,9.31280619298614,44.840053545984695,44.538986342943666,44.74763551177324
2021_14_JAX_TEN,2021,14,20.0,20.0,-8.5,44.5,9.533315296882632,9.525162042589283,9.286046651416385,44.11668823399176,43.827286614035394,44.119908423530006
2021_14_LA_ARI,2021,14,-7.0,53.0,-3.0,51.0,2.606559620266181,2.5940556701588253,2.8093895288911623,45.2213320813573,43.699185593575265,45.96908660692265
2021_14_LV_KC,2021,14,39.0,57.0,-9.5,48.0,7.104622675800652,7.0248693229633705,7.538088376854784,48.422405357254945,46.953303712903356,48.328751103303645
2021_14_NO_NYJ,2021,14,-21.0,39.0,4.5,42.0,-1.295752602405741,-1.2664263392858859,-0.4299569058796645,44.373569473669235,44.17486334827647,44.41913439741937
2021_14_NYG_LAC,2021,14,16.0,58.0,-9.0,43.5,8.204505008474843,8.274733261311676,7.961470619316913,43.51646619949358,45.55489893598018,44.21831925849287
2021_14_PIT_MIN,2021,14,8.0,64.0,-3.5,45.0,4.727385379990638,4.754968301284799,4.312299900420637,45.93371212345664,48.30773711626939,45.93271471485105
2021_14_SEA_HOU,2021,14,-20.0,46.0,9.5,41.0,-4.478719592848385,-4.464450553411969,-3.978205813001685,39.09884597555538,38.80640524111466,39.11164692470783
2021_14_SF_CIN,2021,14,-3.0,49.0,1.5,49.0,-2.0975740049408262,-2.0918774433277205,-0.9507833042743228,48.9511695222712,49.10732435530143,48.68531740272434
2021_15_ARI_DET,2021,15,18.0,42.0,13.0,48.5,-10.149841233043482,-10.097577585507834,-10.6429039434221,43.31891062978381,47.2354473702997,43.4563157103679
2021_15_ATL_SF,2021,15,18.0,44.0,-9.0,47.5,7.7906914000923635,7.85629869185698,8.304026186399641,47.32735027933223,46.194362595990754,47.188109115851084
2021_15_CAR_BUF,2021,15,17.0,45.0,-14.5,43.0,8.593570931662905,8.635764038036665,9.100715878387764,42.71867848734155,42.7758244024866,42.82730905322878
2021_15_CIN_DEN,2021,15,-5.0,25.0,-3.0,44.0,6.169614903580563,6.152987766513993,7.37100433020513,47.29019973879486,47.15919888547585,46.93328779894845
2021_15_DAL_NYG,2021,15,-15.0,27.0,12.0,43.5,-3.3980540203366734,-3.3677018429264987,-3.006827029991573,41.78333999247651,41.66985635479898,42.23121108252406
2021_15_GB_BAL,2021,15,-1.0,61.0,9.0,45.5,-6.586550181980968,-6.554497676901356,-6.458103468168786,48.67262493650526,48.34177541646838,48.762065559262524
2021_15_HOU_JAX,2021,15,-14.0,46.0,-6.0,40.0,3.7892032330100585,3.834698742443578,4.05872402225339,37.289264111556115,36.89783982969995,36.89860134624905
2021_15_KC_LAC,2021,15,-6.0,62.0,3.0,54.0,-1.6039676998106738,-1.594741557210678,-1.3751067947348945,47.3416035492792,48.55786142292888,47.258912470578565
2021_15_LV_CLE,2021,15,-2.0,30.0,1.0,40.5,6.3965072139094845,6.340826025199709,6.891934607729446,46.61084582109202,46.226893350199624,47.05455221265581
2021_15_MIN_CHI,2021,15,-8.0,26.0,7.0,47.0,-5.681163424804809,-5.667570685240977,-6.077592923691161,45.93562367049863,46.23733191045325,45.650332740878845
2021_15_NE_IND,2021,15,10.0,44.0,-1.5,46.0,3.2258773607123645,3.232617488970823,4.090743914713422,46.351468074878035,48.00422227313211,46.46820653176354
2021_15_NO_TB,2021,15,-9.0,9.0,-11.5,45.5,9.201734524093965,9.208319555182708,9.501835045382984,45.112849468345985,45.09245012096003,45.63350548147304
2021_15_NYJ_MIA,2021,15,7.0,55.0,-10.0,42.0,10.202620585627791,10.195104905620227,10.869171462892409,44.083927128002315,44.09893052648325,44.11784634603806
2021_15_SEA_LA,2021,15,10.0,30.0,-7.0,47.0,8.082954605457521,8.090662073286516,8.44827243882569,45.89618689108508,47.18155814673358,45.86463915737381
2021_15_TEN_PIT,2021,15,6.0,32.0,-1.0,44.0,-5.056749171129127,-4.95727853179673,-5.523227660937713,42.8200494704756,42.7906087060376,42.540208477915094
2021_15_WAS_PHI,2021,15,10.0,44.0,-10.0,39.5,4.434179473062105,4.499535982179239,3.9958895807000685,42.97092506281107,42.42022610528413,43.73136041095779
2021_16_BAL_CIN,2021,16,20.0,62.0,-7.5,43.5,0.9128292280344562,0.9232352105855767,0.3684545360211371,44.74989043994992,45.11855709896895,44.739263278378544
2021_16_BUF_NE,2021,16,-12.0,54.0,-1.0,43.5,-0.14995260717616876,-0.12457704082366458,-0.033815425764909146,44.92358688969139,45.05387992767992,45.35187297281921
2021_16_CHI_SEA,2021,16,-1.0,49.0,-7.0,41.0,5.081217781955356,5.100899497964342,4.666734357170433,42.807615103022975,43.10895655573289,42.82522480446248
2021_16_CLE_GB,2021,16,2.0,46.0,-7.5,46.5,8.780541369842817,8.798360785868303,8.61429046953257,49.61424345784071,49.51450091563794,49.75144072200436
2021_16_DEN_LV,2021,16,4.0,30.0,1.0,41.5,-4.102686138334647,-4.0297325885868025,-4.627496499013567,44.461056604594084,45.68212057391592,44.446481097166476
2021_16_DET_ATL,2021,16,4.0,36.0,-7.5,42.5,2.052998857900302,2.068695720011807,1.6376554539761936,44.02458736804826,42.49422032371582,43.50533143533119
2021_16_IND_ARI,2021,16,-6.0,38.0,-3.0,48.0,-0.633622125890409,-0.5864535442180062,-1.1807757306437496,43.94405079395774,44.830927983571556,43.625032647518054
2021_16_JAX_NYJ,2021,16,5.0,47.0,-2.5,43.0,1.0989492926738236,1.1347904013229733,0.816223606890303,42.03562240231095,41.988166513058594,41.9920444856673
2021_16_LAC_HOU,2021,16,12.0,70.0,13.0,45.5,-12.217700927475464,-12.232388691366745,-12.215492682179054,42.70137631201515,43.477110489624884,43.143517830092904
2021_16_LA_MIN,2021,16,-7.0,53.0,3.0,48.5,-1.862108634425758,-1.8446025656314244,-2.5073082137892557,46.366391911897054,49.22041222201145,46.521218298690194
2021_16_MIA_NO,2021,16,-17.0,23.0,3.0,37.5,-0.6641453434075757,-0.6280454673326293,-0.37513284998407453,41.45089905140363,45.13957439117171,41.36909771197945
2021_16_NYG_PHI,2021,16,24.0,44.0,-11.0,41.0,8.299064844004846,8.33681559346793,8.816351397201714,40.400973774664,39.82131280497793,40.052085084609594
2021_16_PIT_KC,2021,16,26.0,46.0,-10.0,44.5,12.704380736898031,12.74938682399463,12.94055494368806,45.04065703418391,45.06566958457324,45.082746403968336
2021_16_SF_TEN,2021,16,3.0,37.0,3.5,45.5,1.0709429869496963,1.0293044104182525,0.6259748808190299,45.36145018438872,44.8504352764733,46.13877193123115
2021_16_TB_CAR,2021,16,-26.0,38.0,11.0,44.5,-6.282151800512938,-6.280493887418483,-6.667708981756712,40.57020747858986,40.65639408988757,40.95802642692656
2021_16_WAS_DAL,2021,16,42.0,70.0,-10.0,46.0,5.125235197823954,5.127966314243957,5.689980269990869,42.32685066446796,43.84931222241283,42.36140193552606
2021_17_ARI_DAL,2021,17,-3.0,47.0,-6.5,52.5,3.962125142695374,3.93051973310228,4.5078630866666245,44.89102939946598,46.27014022434877,44.50770930458112
2021_17_ATL_BUF,2021,17,14.0,44.0,-14.0,46.0,14.427931714013189,14.448827760449129,14.170264540556788,47.40769976072598,46.86295210119017,48.06058775522738
2021_17_CAR_NO,2021,17,8.0,28.0,-7.0,37.0,-0.11131003818062823,-0.074392953311639,-0.3350076779259394,34.07501990359851,38.52940530747401,34.094233973703176
2021_17_CLE_PIT,2021,17,12.0,40.0,-1.0,43.5,-4.070118886212127,-4.03070682063592,-3.664335969030197,41.08206830003144,41.191398037131506,41.03577240303422
2021_17_DEN_LAC,2021,17,21.0,47.0,-7.5,46.0,3.653487562272674,3.6924456153939875,3.2328918597413696,45.847551843117884,47.399065796449314,45.88788399220825
2021_17_DET_SEA,2021,17,22.0,80.0,-8.5,41.5,4.416320766279385,4.422540502817893,4.152384728975565,43.749980251126274,43.63419215049155,43.30151035143873
2021_17_HOU_SF,2021,17,16.0,30.0,-13.5,44.5,14.376518085005348,14.395985292724594,14.067943414848004,44.88765394518459,43.18085101753853,44.95267710438394
2021_17_JAX_NE,2021,17,40.0,60.0,-17.5,41.5,13.189200855349297,13.21016061806779,13.104958115854036,43.22532100708501,43.08855964740046,43.34829898513215
2021_17_KC_CIN,2021,17,3.0,65.0,3.5,51.0,-5.930897183227213,-5.9063998244481715,-5.523444098757109,48.911315276782574,48.81528768811901,48.82995528538047
2021_17_LA_BAL,2021,17,-1.0,39.0,7.0,46.5,-4.655826047312363,-4.682828937655747,-4.444339336348737,45.517301276133054,44.20270680237507,45.47820068592006
2021_17_LV_IND,2021,17,-3.0,43.0,-8.5,46.5,8.991027147773277,8.941582113697047,8.868476059457315,45.14461741718173,45.82544751234988,44.88491433674845
2021_17_MIA_TEN,2021,17,31.0,37.0,-3.0,41.0,1.9331091643366733,1.9585615589631233,1.514318942471461,40.03218845591497,39.933115360580246,39.66889607605813
2021_17_MIN_GB,2021,17,27.0,47.0,-13.0,42.5,8.000506499206594,8.016351320424128,8.13190386878439,49.340520182265664,49.436459425187685,49.33680612506705
2021_17_NYG_CHI,2021,17,26.0,32.0,-6.5,36.5,1.7377118395162803,1.7615391625568557,2.9314844794085597,38.82985528454168,38.83236019465196,38.52146006200389
2021_17_PHI_WAS,2021,17,-4.0,36.0,6.0,44.5,-8.011333302751387,-8.016660566645692,-8.452110555810103,41.2595451782478,40.97917160655639,40.855327282324204
2021_17_TB_NYJ,2021,17,-4.0,52.0,14.0,47.5,-12.29686474555554,-12.256919990106756,-12.774354768128092,45.36124319648275,45.460693478510194,45.82723026402693
2021_18_CAR_TB,2021,18,24.0,58.0,-10.5,43.5,12.505327919434945,12.5484642784407,13.021255300687333,40.61882755803413,40.82634874963192,40.73322386316772
2021_18_CHI_MIN,2021,18,14.0,48.0,-3.5,44.5,0.12241375051616576,0.14963740191146468,0.7091927689476539,40.471384084277894,43.73883280038456,39.771546814938276
2021_18_CIN_CLE,2021,18,5.0,37.0,-6.5,38.0,-1.3688778113609918,-1.3571333996067136,-0.4820670055933264,46.67806882741141,47.07291936114692,46.596722151177914
2021_18_DAL_PHI,2021,18,-25.0,77.0,6.0,46.5,2.5314414001698875,2.5799900030394136,2.1368405136966975,44.849342620234935,44.584210731270886,45.601022143354704
2021_18_GB_DET,2021,18,7.0,67.0,4.0,45.0,-13.439646040552777,-13.374197992860863,-14.058617158152577,48.336869680484845,52.23229183523376,48.344622438142665
2021_18_IND_JAX,2021,18,15.0,37.0,14.0,43.0,-11.718134093324121,-11.661449731516157,-11.634633483140576,42.14989404003424,41.942423610987895,42.22217352464274
2021_18_KC_DEN,2021,18,-4.0,52.0,11.5,44.5,-9.013403177243475,-9.012283591717724,-8.230960864602237,46.2479864524777,45.78946496007089,46.24999754092081
2021_18_LAC_LV,2021,18,3.0,67.0,3.0,49.5,-5.0638043859841755,-5.0089100620806954,-4.865912126578296,46.11111253948029,47.04341622495048,46.08436815698953
2021_18_NE_MIA,2021,18,9.0,57.0,6.0,41.0,-7.343089764781899,-7.3469537552901265,-7.7978812392511125,42.26513739117965,42.46821948397934,42.59573301702291
2021_18_NO_ATL,2021,18,-10.0,50.0,4.5,40.0,-0.25830284288443384,-0.2753612256108063,-0.15303172888757188,37.88330210334206,38.389995977804446,37.81506226767238
2021_18_NYJ_BUF,2021,18,17.0,37.0,-16.0,42.0,16.179952656053064,16.18469177787099,15.748530576363503,45.269836747320554,45.55590402821865,45.261704625142116
2021_18_PIT_BAL,2021,18,-3.0,29.0,-3.0,41.0,2.168156568969689,2.186193742937943,2.389681863952392,39.67553068225311,39.572038926390526,39.503351243322975
2021_18_SEA_ARI,2021,18,-8.0,68.0,-5.0,48.5,4.642857070298914,4.674749294846014,4.988435223763022,44.5674646749612,43.64972547351169,44.710316034231724
2021_18_SF_LA,2021,18,-3.0,51.0,-3.5,46.5,0.5924627307928524,0.6080949885181813,0.6593684209779809,45.83510276924984,47.334353655152626,45.29507040164531
2021_18_TEN_HOU,2021,18,-3.0,53.0,10.5,43.0,-10.6813890497598,-10.64106413268985,-15.022363332799737,37.462460021333776,38.972688318999815,37.010453407248136
2021_18_WAS_NYG,2021,18,-15.0,29.0,6.0,36.0,-5.081959800175241,-5.0307513261379855,-4.533424454418386,32.90113904445249,32.707685950204024,32.976371780545406
2022_01_BAL_NYJ,2022,1,-15.0,33.0,6.5,44.0,-0.9982044080830395,-0.9647866513737072,-1.2513158475973845,46.100028658576846,46.191532224348016,46.06876298183368
2022_01_BUF_LA,2022,1,-21.0,41.0,2.0,52.0,-1.2224841864419316,-1.1243678354781086,-0.33832548650625227,47.99887985299983,50.13651401579402,48.00770947650226
2022_01_CLE_CAR,2022,1,-2.0,50.0,-1.0,42.0,-0.5320033146815357,-0.6468746546781331,-0.831546540039122,44.73372209415333,44.523730004672984,45.07700635679796
2022_01_DEN_SEA,2022,1,1.0,33.0,6.0,44.0,2.3025617191617163,2.20952465337706,2.5555153056705477,47.31374722137231,47.39449611140009,47.17181580586974
2022_01_GB_MIN,2022,1,16.0,30.0,-2.0,46.5,-2.713287395824935,-2.693011082175854,-2.630026605998816,46.74941574318747,49.74726086791212,46.86918365019997
2022_01_IND_HOU,2022,1,0.0,40.0,7.0,45.5,-3.049824865065979,-3.0442601118460297,-3.344904629488222,44.999143605639645,47.24138936348787,45.12910505848458
2022_01_JAX_WAS,2022,1,6.0,50.0,-3.0,43.0,2.6857223613699968,2.561908465250912,2.3991776709096833,44.73975712912148,44.21022305735238,44.85919212911036
2022_01_KC_ARI,2022,1,-23.0,65.0,6.0,54.0,-1.5595936508565333,-1.6224624795428553,-1.8702936606290037,48.17259845054525,49.29958451979165,48.36466990591871
2022_01_LV_LAC,2022,1,5.0,43.0,-3.5,52.5,2.5684086672424087,2.6194588193729467,2.298609477312012,46.34600261890655,48.26980826867949,45.9533436346922
2022_01_NE_MIA,2022,1,13.0,27.0,-3.0,46.5,-1.153244415167845,-1.1477664341188185,-1.3778290115539114,45.601378175985815,45.42567529776312,45.436160614307454
2022_01_NO_ATL,2022,1,-1.0,53.0,5.5,44.0,-1.605742384220668,-1.575351499188301,-1.156499916567268,43.92952671270993,45.080685144612154,43.91001309637795
2022_01_NYG_TEN,2022,1,-1.0,41.0,-5.5,44.0,6.378798691787948,6.296842405014799,6.716373098631146,42.921888121507315,42.6200538207385,43.06948034018978
2022_01_PHI_DET,2022,1,-3.0,73.0,5.5,48.5,-0.5747965893342641,-0.5576420886773447,-0.9334668964784696,47.169690840645934,51.074336498211906,47.32289060804196
2022_01_PIT_CIN,2022,1,-3.0,43.0,-7.0,44.5,1.4934109135563198,1.5040605498211752,1.8026020336625381,44.56064640166396,44.97956740299914,44.21516944852948
2022_01_SF_CHI,2022,1,9.0,29.0,6.5,38.0,-0.8944230218434692,-0.8053814770908598,-0.690476739802378,45.59037874450919,45.73071808498086,45.426318742838205
2022_01_TB_DAL,2022,1,-16.0,22.0,2.5,49.5,1.135961327817176,1.1489424852530639,1.100441558556993,48.20817621011815,50.176507587988645,48.239883433138836
2022_02_ARI_LV,2022,2,-6.0,52.0,-5.5,52.0,1.2485267899808616,1.3400558787711714,0.9453800189986776,46.688245983540185,48.02420229767126,46.981520471735685
2022_02_ATL_LA,2022,2,4.0,58.0,-10.0,46.0,3.7815672790627897,3.9957353352164,3.4817302797352303,45.806973746699505,48.33234682198796,45.94966351606119
2022_02_CAR_NYG,2022,2,3.0,35.0,1.0,43.5,0.43005383867759683,0.5421082711403246,0.5868845504765954,42.749735010153124,43.13383394891156,42.96533554445381
2022_02_CHI_GB,2022,2,17.0,37.0,-10.0,42.0,2.500575317066156,2.5199968850323633,2.6685031200283533,45.16014456380738,45.13034043542745,44.94228793086721
2022_02_CIN_DAL,2022,2,3.0,37.0,7.0,42.0,3.500526361369128,3.4002933524743573,3.9648429227387187,46.322090052287706,48.057051294504674,46.500606411979255
2022_02_HOU_DEN,2022,2,7.0,25.0,-10.0,45.5,4.5796627780504675,4.581314580244889,4.843706987367385,46.22102349529581,45.81078342844014,46.381033573512426
2022_02_IND_JAX,2022,2,24.0,24.0,3.0,43.5,-2.3084298170721427,-2.328523797235757,-1.4847639975020233,45.07974800145156,44.6574878743802,41.026022510016396
2022_02_LAC_KC,2022,2,3.0,51.0,-4.0,52.5,2.7880427791095816,2.555398212085144,3.263250909101375,49.71280251372621,48.48472263261185,49.87737708429417
2022_02_MIA_BAL,2022,2,-4.0,80.0,-3.5,44.0,0.4375822658708769,0.3981994480270096,0.4913343565435022,45.19186191055415,44.847723039947304,45.16673274452216
2022_02_MIN_PHI,2022,2,17.0,31.0,-2.5,49.5,3.298781147784572,3.293932197007903,3.692921777073821,48.70986955944695,48.42266323010959,48.766812394320205
2022_02_NE_PIT,2022,2,-3.0,31.0,3.0,40.0,-0.3909742094375961,-0.33507421841921226,-3.371337714559616,44.421673513329424,44.208159637886155,44.64591339559241
2022_02_NYJ_CLE,2022,2,-1.0,61.0,-6.5,38.5,5.382502779060342,5.4036188841142785,5.490189832301583,44.92398322054805,45.09913567824101,45.02177842063801
2022_02_SEA_SF,2022,2,20.0,34.0,-8.5,39.5,1.1006649028827178,1.0941451364789128,1.4015393704740369,45.524740301669304,44.26050769158748,45.169918765858206
2022_02_TB_NO,2022,2,-10.0,30.0,2.5,43.5,-3.2664382498502587,-3.276891711816378,-3.030445485012117,45.35908054595101,49.477468022473104,45.73802086570722
2022_02_TEN_BUF,2022,2,34.0,48.0,-10.0,47.5,7.179269067714671,7.184209832288237,7.320319668518407,47.514502112377784,48.027505610800894,48.120475849600545
2022_02_WAS_DET,2022,2,9.0,63.0,-1.0,48.0,1.5655015683169087,1.6106994576974007,1.2988115431399452,47.221956729875586,51.31756035327858,42.95201350389153
2022_03_ATL_SEA,2022,3,-4.0,50.0,-1.0,43.5,2.7775433078854666,2.8195209361535234,2.554365046861968,45.4629423386815,45.654056786372124,45.611598523255815
2022_03_BAL_NE,2022,3,-11.0,63.0,2.5,44.5,4.113315025991576,4.164985130544728,3.81920182372617,47.66781818821706,47.68683715035129,47.66280904407558
2022_03_BUF_MIA,2022,3,2.0,40.0,4.0,54.5,-5.2260562164851985,-5.212617159104725,-4.8793974889039555,47.31213514007787,46.78194239494138,47.31824124237048
2022_03_CIN_NYJ,2022,3,-15.0,39.0,6.5,46.0,-0.4338323037137848,-0.3702612533019094,-0.7483730220070015,46.125903304867364,46.10707100743295,45.76725217122113
2022_03_DAL_NYG,2022,3,-7.0,39.0,-1.0,38.5,-4.40675582015351,-4.351031134005377,-3.904172786972383,42.17778069916767,42.21568685603752,42.15744568413525
2022_03_DET_MIN,2022,3,4.0,52.0,-6.5,51.5,2.0117197245514524,2.0549457779171707,2.5102582662443074,46.78703623532324,49.800465192849835,46.968310743862
2022_03_GB_TB,2022,3,-2.0,26.0,-1.5,42.0,2.5174248261482313,2.5925162622468867,2.176599937764824,47.1281505985431,47.17446952586739,47.30043880339652
2022_03_HOU_CHI,2022,3,3.0,43.0,-3.0,39.0,2.5082681476153392,2.461897329996306,2.83614413547191,43.797705692058884,43.60014771567433,43.48726274898796
2022_03_JAX_LAC,2022,3,-28.0,48.0,-6.5,46.5,3.565629989045984,3.8564194524311732,3.227115038607463,47.8711451150434,50.42857336712893,47.57737016980842
2022_03_KC_IND,2022,3,3.0,37.0,5.0,51.0,-5.190903255765927,-5.176386045836392,-5.030896890708429,48.84954374533328,50.233728829641265,48.51322564808211
2022_03_LA_ARI,2022,3,-8.0,32.0,3.5,48.5,-1.0515335532927195,-1.197512450304437,-0.8676170417287805,45.11159249353237,45.849131757977375,45.15302364208637
2022_03_LV_TEN,2022,3,2.0,46.0,2.0,45.5,2.3004222833308297,1.9860873400462586,2.457613515189563,45.48575016034182,44.391572689237194,45.484574543427996
2022_03_NO_CAR,2022,3,8.0,36.0,2.0,41.0,-0.20379256150326763,-0.21381110741681897,-0.46512362034872146,41.879543833960746,41.91991573754865,41.99093518662879
2022_03_PHI_WAS,2022,3,-16.0,32.0,6.0,47.5,-4.869772276854316,-4.85371672870912,-4.657167953854737,47.27115935852796,47.01650430288783,47.301166463076704
2022_03_PIT_CLE,2022,3,12.0,46.0,-4.5,38.0,2.9503237308099797,2.937216060585092,3.4648478305949895,44.201013612070675,43.968607497322274,43.991081515877084
2022_03_SF_DEN,2022,3,1.0,21.0,1.5,45.0,-0.8247915355423356,-0.9316450967096384,-0.3311040086580115,46.35127960919432,45.85208739868025,46.332868877768696
2022_04_ARI_CAR,2022,4,-10.0,42.0,-1.0,43.5,0.5029346525650202,0.5276743965418639,1.0005347250922416,44.99881205516287,44.88648543450327,45.274541741124715
2022_04_BUF_BAL,2022,4,-3.0,43.0,3.0,50.0,-5.552647649149737,-5.525116500450332,-5.843789601488578,49.722356920055645,49.41965428901186,49.69038865510673
2022_04_CHI_NYG,2022,4,8.0,32.0,-3.0,39.5,0.5896554266080843,0.6530327211872626,1.0502048679833411,42.457173486579144,42.937464688765715,42.50690393020627
2022_04_CLE_ATL,2022,4,3.0,43.0,1.0,48.5,-1.0496655040310572,-1.070178525874934,-0.727322103020043,48.634768884321886,48.96974728319079,48.81093503080913
2022_04_DEN_LV,2022,4,9.0,55.0,-2.5,45.5,-0.38102860876788913,-0.32901749247213585,-0.156435032218035,45.25763975111782,46.57413671018733,45.79483218460039
2022_04_JAX_PHI,2022,4,8.0,50.0,-6.5,44.0,2.4314081197761883,2.3341195699695465,2.190375670566973,48.09384426278454,47.22335879406424,48.222255381683865
2022_04_KC_TB,2022,4,-10.0,72.0,-1.5,47.5,-0.7911220079949106,-0.8182688171518377,-1.1607695999445502,47.77000260348166,47.18017464219236,48.09448679652032
2022_04_LAC_HOU,2022,4,-10.0,58.0,5.5,45.0,-2.2171051019184387,-2.3728776180219366,-2.5291408152714574,45.97645381396947,47.7292172305038,45.654387808055546
2022_04_LA_SF,2022,4,15.0,33.0,-1.5,42.5,-0.7617991003613485,-0.7908257652969017,-0.48968045336276717,44.54596686893737,43.3824636053502,44.49749809959607
2022_04_MIA_CIN,2022,4,12.0,42.0,-4.0,49.0,-0.0998568485898696,-0.06360014081479075,-0.3765512152222986,47.28012076253268,47.38453991522259,47.22509512064527
2022_04_MIN_NO,2022,4,-3.0,53.0,4.0,42.0,0.4067754649232389,0.18696075875134927,1.2554835459866691,45.0867665927524,43.22339808501638,44.741211714856156
2022_04_NE_GB,2022,4,3.0,51.0,-9.5,40.0,3.7215223662812056,3.5953783392106873,4.1853927324104605,47.900597743686426,47.42233214942009,47.60538555400814
2022_04_NYJ_PIT,2022,4,-4.0,44.0,-3.0,41.0,5.103734327378146,5.137031040526337,5.62559318123712,43.83136533292062,43.56789161220807,44.011270782559016
2022_04_SEA_DET,2022,4,-3.0,93.0,-3.5,48.5,1.8719055222521104,1.7945214884931275,1.6123754737482974,48.05347047232066,51.64102074424067,48.3409023641969
2022_04_TEN_IND,2022,4,-7.0,41.0,-3.5,43.0,-1.550580041981939,-1.534855905436734,-1.0117890437064885,44.99018391958806,46.472667709595555,44.971332192079615
2022_04_WAS_DAL,2022,4,15.0,35.0,-3.0,41.0,6.088926797190483,6.088259663422401,6.605681410691017,43.94206257534266,45.830449543623274,44.135952590118464
2022_05_ATL_TB,2022,5,6.0,36.0,-10.5,46.0,4.716248096703347,4.704036782262329,4.407318044641243,46.32954208662974,45.908845137933916,46.55777040792203
2022_05_CHI_MIN,2022,5,7.0,51.0,-8.5,44.0,5.319559854921776,5.3416467582705325,4.983440047614934,43.806009897334675,46.908959788105726,43.66502637080743
2022_05_CIN_BAL,2022,5,2.0,36.0,-3.0,48.0,0.4522217067661176,0.4872084616219286,0.20456296603219465,47.91020549616933,47.56250388434971,47.915421204159834
2022_05_DAL_LA,2022,5,-12.0,32.0,-5.0,41.5,0.9108978767299103,1.2103219619137497,1.0201258694898252,46.225342651539115,48.930064945348924,46.29096104527567
2022_05_DET_NE,2022,5,29.0,29.0,-3.0,47.0,4.981536244668417,4.935852375880319,5.611065143398571,50.00965092212687,50.08733537204271,50.05919156635865
2022_05_HOU_JAX,2022,5,-7.0,19.0,-7.0,43.5,7.655398473089936,7.635539169302557,7.317382868281827,44.86246782670346,44.738620944740035,44.862062824218434
2022_05_IND_DEN,2022,5,-3.0,21.0,-3.0,42.0,2.496793433191541,2.5363256271747527,2.1961840753069772,44.9334195236895,44.749025826474266,44.44898932811052
2022_05_LAC_CLE,2022,5,-2.0,58.0,1.5,46.5,2.618882410155044,2.4353972491585947,3.0974687504475,49.686032737199696,49.051332818842745,49.83644970127457
2022_05_LV_KC,2022,5,1.0,59.0,-7.0,51.5,7.986560765929773,7.631800979185839,7.743463939403984,48.54255004301596,46.98136581179128,49.45176393949958
2022_05_MIA_NYJ,2022,5,23.0,57.0,3.0,46.0,-3.9274108468206643,-3.897127255897267,-3.4898896922418934,46.06924751023957,45.77547703389804,46.20502971648979
2022_05_NYG_GB,2022,5,-5.0,49.0,-9.0,42.0,8.481444804499786,8.290662107181912,9.00188879579676,44.098637326313586,42.5623879742937,44.30592046146862
2022_05_PHI_ARI,2022,5,-3.0,37.0,5.5,49.0,-1.3742812036984766,-1.363587577116468,-1.160222039924267,45.77946550147783,46.91839697785238,45.90212491584464
2022_05_PIT_BUF,2022,5,35.0,41.0,-14.0,44.5,11.42248192002269,11.47599452618936,11.140115353933531,45.97111284477867,46.38852269211565,46.01171974549909
2022_05_SEA_NO,2022,5,7.0,71.0,-5.5,45.0,1.9752763111989098,1.9134483547726742,2.156640795180319,48.04155184202561,51.6677719311586,48.200705521168345
2022_05_SF_CAR,2022,5,-22.0,52.0,6.0,40.0,-4.790741912006039,-4.745403332708995,-7.3181961098250365,42.297995687321205,42.34468009532413,42.37606716960525
2022_05_TEN_WAS,2022,5,-4.0,38.0,1.0,43.0,-2.757912551552046,-2.834752303993327,-2.07771273079815,44.4636978846885,44.00765211210404,44.50130164141527
2022_06_ARI_SEA,2022,6,10.0,28.0,2.5,50.5,-1.1408577801260853,-1.1589572035139226,-0.8845993212984219,48.399527686966884,48.2341329987269,47.93005323497939
2022_06_BAL_NYG,2022,6,4.0,44.0,5.5,45.5,-0.6772504657976819,-0.6067249477497634,-0.9539411445015924,45.341329780967925,45.3747937574726,45.091594814678864
2022_06_BUF_KC,2022,6,-4.0,44.0,2.5,54.0,-0.9321782861866639,-0.824472187216542,-0.0700130387930662,51.782823488713845,51.38285190066962,51.80933498599791
2022_06_CAR_LA,2022,6,14.0,34.0,-10.0,41.0,7.188489497300032,7.385860915956636,7.915250445716657,42.72044235037121,45.430074823833955,43.48108809958714
2022_06_CIN_NO,2022,6,-4.0,56.0,3.0,42.5,2.298996214701579,2.213182663007573,2.339300267433137,45.53481986670174,49.02588460333548,45.36072721190329
2022_06_DAL_PHI,2022,6,9.0,43.0,-6.5,42.5,4.916620461772931,4.953427246436998,5.46201176417821,44.07780682735459,43.76571971438185,43.775676869373946
2022_06_DEN_LAC,2022,6,3.0,35.0,-4.0,45.5,4.200270338112448,4.227121729436473,3.8921308333864295,46.61951996589648,48.88261000281425,46.2466789349168
2022_06_JAX_IND,2022,6,7.0,61.0,-1.0,41.0,-3.8361940728617587,-3.8201552345202865,-3.3298847065220487,43.798186805712696,45.303263510485884,43.92276635462538
2022_06_MIN_MIA,2022,6,-8.0,40.0,3.0,45.0,0.24940281207318657,0.12936386360009802,0.674186806706431,47.48823736478565,46.5668187762399,47.00538265891442
2022_06_NE_CLE,2022,6,-23.0,53.0,-2.5,43.0,0.629682955101362,0.5865901744313873,0.316894800318547,49.907714418037855,49.948996192105305,49.78105151428407
2022_06_NYJ_GB,2022,6,-17.0,37.0,-7.5,45.0,6.0893368800891405,6.050287084366133,6.533383940623196,46.80048414751675,46.36085323649828,46.80288868674005
2022_06_SF_ATL,2022,6,14.0,42.0,4.0,45.5,-3.6689639415383852,-3.6761185115006687,-3.2942640572240043,47.073274594836626,47.415024822714074,47.826129061791804
2022_06_TB_PIT,2022,6,2.0,38.0,10.0,46.5,-5.758399861711772,-5.858624095995645,-5.2694802002094585,45.661535891910276,45.07732642261649,45.261466623568744
2022_06_WAS_CHI,2022,6,-5.0,19.0,1.0,38.0,1.2813176960199426,1.295703442507351,1.0756777289215411,43.09440274997675,43.0720929387655,43.14221284353691
2022_07_ATL_CIN,2022,7,18.0,52.0,-6.5,47.5,3.709619369912266,3.5623416838054847,3.416896678329127,48.93559490731549,48.49427703682023,49.0460664860678
2022_07_CHI_NE,2022,7,-19.0,47.0,-8.5,40.0,9.893218221105737,9.811473791806883,10.123785952695119,45.45907536458925,45.96929803192173,45.34848680464266
2022_07_CLE_BAL,2022,7,3.0,43.0,-6.5,46.5,4.305768593393859,4.341637314945748,4.142771409262,47.65033621936061,47.599059234104274,47.7094070783917
2022_07_DET_DAL,2022,7,18.0,30.0,-7.0,49.5,8.494397302125511,8.58911058993653,8.641188531468467,46.52239549238309,48.793957751990554,47.296532837732926
2022_07_GB_WAS,2022,7,2.0,44.0,4.0,41.5,-2.5962773443189815,-2.6487447447834835,-2.877769266114443,43.97673658118529,43.99302433898843,43.91235220775352
2022_07_HOU_LV,2022,7,18.0,58.0,-7.0,46.0,6.027005612628817,6.108572505504167,5.691423366651236,46.73378440230644,48.66829318372405,47.29802594310864
2022_07_IND_TEN,2022,7,9.0,29.0,-2.5,42.5,3.1774044757241473,3.145155514955019,3.6355795707422405,44.16471963880574,43.935171578974014,44.168146328113984
2022_07_KC_SF,2022,7,-21.0,67.0,1.0,49.0,0.5702084477104853,0.5489148753721443,0.6060071783336466,49.02069171156034,48.12865298814089,49.095294493842395
2022_07_NO_ARI,2022,7,8.0,76.0,-2.5,43.5,1.4980847938934725,1.5087836601669304,1.7204384624434665,44.27898268371139,44.612046820946595,44.27029743327274
2022_07_NYG_JAX,2022,7,-6.0,40.0,-3.0,43.5,4.559044537645698,4.452129916990645,4.739762330263282,45.766103334364146,45.135398533334566,45.971922529890676
2022_07_NYJ_DEN,2022,7,-7.0,25.0,2.0,37.0,-0.5304945537535347,-0.5390532413806773,-0.9033442081273434,43.102916419012644,43.07768577011699,43.48760676807582
2022_07_PIT_MIA,2022,7,6.0,26.0,-7.0,44.0,5.000625544954996,4.9800955546754215,5.005653031523232,46.273259692582855,45.88555872730327,46.36200620095717
2022_07_SEA_LAC,2022,7,-14.0,60.0,-4.5,51.0,3.433831677466778,3.6850384962066816,3.0818488772586736,49.89633610880403,52.674843973356566,49.90595284064149
2022_07_TB_CAR,2022,7,18.0,24.0,13.0,39.5,-10.023709106863656,-10.035149446713755,-10.273259407759836,41.53626711576458,41.222880375241104,41.562347204545894
2022_08_ARI_MIN,2022,8,8.0,60.0,-4.0,48.5,1.6211751245311714,1.6900393292682179,1.9654457188461727,45.545651881532,48.419199567953235,45.25781295732058
2022_08_BAL_TB,2022,8,-5.0,49.0,-2.0,46.0,2.428310513034617,2.3361678165478597,2.4640211613352303,45.57650860532716,44.86098326947072,45.67479293651017
2022_08_CAR_ATL,2022,8,3.0,71.0,-4.0,41.0,5.479821276968434,5.552130098066003,5.982151198425721,44.54817517011118,45.39325827169234,44.05460248851084
2022_08_CHI_DAL,2022,8,20.0,78.0,-10.0,42.5,8.101567225458215,8.123453636815125,7.682846103582818,42.24458081671508,43.917046381835455,42.22382689368757
2022_08_CIN_CLE,2022,8,19.0,45.0,3.0,45.0,-3.3743581059501877,-3.3597399449707153,-2.8895115381069427,49.53571763417789,49.56392086806577,49.589289602658226
2022_08_DEN_JAX,2022,8,-4.0,38.0,-1.0,40.5,6.656753291530427,6.224533146534511,7.082815176655283,45.20612105495509,44.92376115195224,45.289834174844074
2022_08_GB_BUF,2022,8,10.0,44.0,-10.5,47.0,9.81208608851426,9.709877469912064,10.390954325152244,49.19371181470934,49.506966645630136,48.95673509361608
2022_08_LV_NO,2022,8,24.0,24.0,1.0,48.5,2.8241830015579663,2.5578237081241335,3.7043260333139387,47.63083716127602,50.55543868801962,47.752673719165415
2022_08_MIA_DET,2022,8,-4.0,58.0,3.5,52.0,-3.877637324541824,-3.993559950440586,-3.4106444559307523,48.18020460768865,51.90953683313921,48.33788537296597
2022_08_NE_NYJ,2022,8,-5.0,39.0,3.0,40.0,-2.018293760144095,-2.03064629350635,-1.6031753865060405,44.10775033995429,44.192532733914945,43.72475980278802
2022_08_NYG_SEA,2022,8,14.0,40.0,-3.0,44.5,2.885455840306791,2.9133801883142736,3.3926372183168434,47.74583272291253,48.01332412178802,47.93597695118742
2022_08_PIT_PHI,2022,8,22.0,48.0,-11.5,43.0,10.67407926043378,10.553705451829615,10.71118706561866,46.403030661430115,45.732465704633455,46.55745682361246
2022_08_SF_LA,2022,8,-17.0,45.0,-1.0,42.0,0.7518010319999779,0.7554937787533387,0.4151963018667885,44.6568194305761,46.93478853011659,44.77870817344352
2022_08_TEN_HOU,2022,8,-7.0,27.0,1.0,39.5,-4.441139370349969,-4.429934901321129,-4.30538696893441,45.00441039736525,47.30763506049408,45.01815240819643
2022_08_WAS_IND,2022,8,-1.0,33.0,-3.0,40.0,3.3943543731070895,3.3051063738841315,3.0793467903348732,42.108216617669555,43.84203698003016,42.231341034778346
2022_09_BAL_NO,2022,9,-14.0,40.0,1.5,46.0,4.543041537179175,4.4140573377419,4.077842595034847,44.9984853677449,48.454157195438064,45.277161202524155
2022_09_BUF_NYJ,2022,9,3.0,37.0,10.5,46.0,-8.159302233982428,-8.117506615947258,-7.803073748845762,46.529218684530605,46.68831637427071,46.709454340734936
2022_09_CAR_CIN,2022,9,21.0,63.0,-7.0,42.5,8.657442849551085,8.551262991150578,9.163109453164633,46.31934543452481,46.37897782246733,45.930816371045225
2022_09_GB_DET,2022,9,6.0,24.0,4.0,49.5,-4.048243685208153,-4.079842542112444,-3.549878247122158,48.13279697283121,52.23619527048367,48.266867913022416
2022_09_IND_NE,2022,9,23.0,29.0,-5.0,40.0,5.747569894374963,5.8430720304783685,5.956465479419649,44.53895359408802,45.08157073430429,44.65670196552302
2022_09_LAC_ATL,2022,9,-3.0,37.0,2.5,49.5,2.0787384982502086,2.0920129825793734,2.506519766935087,49.59292390736444,49.79279341993024,49.32252969382735
2022_09_LA_TB,2022,9,3.0,29.0,-3.0,42.5,4.699531888830725,4.6100571352546895,4.759349209663829,45.47149967388796,44.79634205906783,45.51402223860033
2022_09_LV_JAX,2022,9,7.0,47.0,2.5,48.0,5.03556343166521,4.7676710559325635,5.504951265271131,47.21956381242551,45.87630501936244,47.229539137106066
2022_09_MIA_CHI,2022,9,-3.0,67.0,4.0,46.0,-2.956002947477518,-3.049963706852375,-2.7507085417970907,46.357632060907896,45.95654523191107,46.5396251592245
2022_09_MIN_WAS,2022,9,-3.0,37.0,3.0,43.5,-2.635931271326059,-2.5821947506740464,-2.940949778798249,43.51299713937213,43.39702861977447,43.795453327211604
2022_09_PHI_HOU,2022,9,-12.0,46.0,14.0,45.5,-10.266767419010304,-10.33872762114292,-10.57228486008678,46.96109708959081,49.24326567051255,46.97562693671981
2022_09_SEA_ARI,2022,9,-10.0,52.0,-2.0,49.0,1.078214311907344,1.1421499035850347,1.359380031185955,45.252233997965824,45.931743843524586,45.3553654873413
2022_09_TEN_KC,2022,9,3.0,37.0,-14.0,45.0,8.827102055911226,8.812873298467618,8.582016955533048,49.02289203562023,48.736274855065524,49.20528007967305
2022_10_ARI_LA,2022,10,-10.0,44.0,-3.5,38.0,-1.0309945050623832,-1.0669122293783668,-0.5061718634510244,42.050462889748424,43.87432141053036,41.67865877981271
2022_10_ATL_CAR,2022,10,10.0,40.0,2.5,41.5,-4.00573721177757,-4.026058552985935,-4.292650510977787,45.23670804743282,44.55091317683385,44.89370682671892
2022_10_CLE_MIA,2022,10,22.0,56.0,-3.0,49.5,2.0207255624726517,1.9565635203463105,1.649795065128676,50.85116536982955,50.671139006687795,50.800624813610185
2022_10_DAL_GB,2022,10,3.0,59.0,3.5,44.5,-3.2889536357645284,-3.2122694457692536,-2.8689569419475203,45.18722001567413,45.140752181841044,45.27535349559077
2022_10_DEN_TEN,2022,10,7.0,27.0,-2.5,39.5,2.032818183291476,2.0368707347089186,2.212880670022597,42.09226381798362,42.4962292837646,42.663752580045504
2022_10_DET_CHI,2022,10,-1.0,61.0,-3.0,48.5,1.1488332665479366,1.200774301189783,1.2249830866367646,46.12386929187625,46.02840561257346,46.14367893964121
2022_10_HOU_NYG,2022,10,8.0,40.0,-4.5,41.0,8.208476209664914,8.248254170272702,8.247743117526026,44.17474395980022,44.61481483715328,44.24632915854929
2022_10_IND_LV,2022,10,-5.0,45.0,-4.0,41.0,4.62551606894148,4.7788164192141664,4.32108914085241,43.43364306575564,45.209416439209576,43.47069801391252
2022_10_JAX_KC,2022,10,10.0,44.0,-9.5,51.5,4.965332739024194,4.966781052501514,1.9921941956760536,51.33097932643834,50.80269425806365,51.53051067234833
2022_10_LAC_SF,2022,10,6.0,38.0,-8.0,45.5,5.574358087875622,5.453844693501295,5.307155022595468,48.71791960302631,47.27571300181899,48.99696966069697
2022_10_MIN_BUF,2022,10,-3.0,63.0,-6.0,46.0,7.817640022336641,7.717653267998531,4.866762788005181,47.224434722606354,47.181847375079094,47.26274703523251
2022_10_NO_PIT,2022,10,10.0,30.0,-1.0,39.5,-5.724119309703531,-5.836690592729758,-5.49202670240937,44.16815338115159,43.37261402162383,44.15019565658506
2022_10_SEA_TB,2022,10,5.0,37.0,-2.5,45.0,1.0720745084605388,0.8553708996142513,1.036079846421136,45.65132894081656,43.82013291728538,45.64524792598038
2022_10_WAS_PHI,2022,10,-11.0,53.0,-11.0,43.0,11.226634427213625,11.23104097384995,10.894264325559359,44.32155442983745,44.22895237672667,44.46247535637653
2022_11_CAR_BAL,2022,11,10.0,16.0,-12.5,41.5,10.146257928787964,10.034118336978251,10.592642189684664,43.34363641312949,42.782192533673765,43.99743125854012
2022_11_CHI_ATL,2022,11,3.0,51.0,-2.5,48.5,4.500043882389564,4.575239961960671,4.614700773839028,46.67087693787222,47.88739122220856,46.736973103699505
2022_11_CIN_PIT,2022,11,-7.0,67.0,3.5,39.5,-7.086751766708514,-7.056443755237495,-7.14195536923231,46.567408834438474,46.28816136366485,46.70851399096699
2022_11_CLE_BUF,2022,11,8.0,54.0,-7.5,50.5,8.526683581127749,8.294632310950544,8.231179813455476,49.822552855729214,53.13800742698403,49.483306335753994
2022_11_DAL_MIN,2022,11,-37.0,43.0,2.0,48.5,-0.7131937312610866,-0.530171610865305,-1.8179383002676552,44.32817122660717,47.43390429659606,44.44418527029188
2022_11_DET_NYG,2022,11,-13.0,49.0,-3.0,44.5,4.69785061409308,4.767292796697527,4.979397590413096,48.3223337899706,48.093205393358744,48.622728332700845
2022_11_KC_LAC,2022,11,-3.0,57.0,5.5,53.0,-7.903158541930349,-7.887515550766771,-8.289340764408378,49.92324662419233,51.74253401259793,50.09707531589736
2022_11_LA_NO,2022,11,7.0,47.0,-2.5,39.5,5.809295967497227,5.739916654351979,5.891438562203004,40.99447902426887,44.34356581923723,41.10145405063631
2022_11_LV_DEN,2022,11,-6.0,38.0,-2.5,41.5,1.3379091762236441,0.9903535894370833,1.0199804863779203,43.66812535949735,42.358799998764155,43.95278056571252
2022_11_NYJ_NE,2022,11,7.0,13.0,-3.5,38.0,2.415386579560758,2.466920317883175,2.5812452872350504,40.685982986897976,41.70791098168411,41.097477972953726
2022_11_PHI_IND,2022,11,-1.0,33.0,6.0,45.0,-7.360412278688151,-7.452512122379206,-7.697456111055114,43.76586740023515,45.57543421319454,43.92702240215874
2022_11_SF_ARI,2022,11,-28.0,48.0,10.0,43.0,-1.5104935656512284,-1.906556781834463,-1.394014760966856,45.166691894951626,43.232078905835664,45.60488292119454
2022_11_TEN_GB,2022,11,-10.0,44.0,-3.0,40.5,4.988414790592068,4.9608741866694235,5.00461749439704,44.568148442004286,44.334507790696534,44.86078622883087
2022_11_WAS_HOU,2022,11,-13.0,33.0,3.0,41.0,-3.9096395791036276,-4.002907455113663,-4.165652548847531,43.138008608269026,45.524205659899394,43.328147409391086
2022_12_ATL_WAS,2022,12,6.0,32.0,-3.5,40.0,3.493962289717138,3.390627791840566,3.11723905004373,43.74618257455192,43.204337156206854,43.37792309975141
2022_12_BAL_JAX,2022,12,1.0,55.0,3.5,43.0,-0.24303455546394204,-0.2250177495894693,-0.6041075450243047,45.723970052237185,45.38695391400522,45.7996515786364
2022_12_BUF_DET,2022,12,-3.0,53.0,9.5,55.0,-5.140723959253849,-5.1873209530201665,-4.741689630552539,51.115569605231855,54.890231684738005,51.0740939047887
2022_12_CHI_NYJ,2022,12,21.0,41.0,-7.5,37.5,2.327691447579822,2.409724822869339,2.4602223168386423,41.263164950196284,41.71062223870451,41.44710749380403
2022_12_CIN_TEN,2022,12,-4.0,36.0,1.0,42.0,-1.9547761061836821,-1.9004201381600845,-1.8417747335900336,48.24096636935353,48.376618805486544,48.59279956148121
2022_12_DEN_CAR,2022,12,13.0,33.0,1.0,36.0,-0.23979495829523856,-0.25303781359523525,-0.007767696009351344,41.18116300703162,41.03559664105394,41.14756524722305
2022_12_GB_PHI,2022,12,7.0,73.0,-6.5,46.5,7.891174356788729,7.932046962097958,8.130483522254991,46.593501056873414,46.420897822030845,46.611754580642895
2022_12_HOU_MIA,2022,12,15.0,45.0,-14.0,47.5,15.747457134093366,15.729050831538888,15.916078896426946,47.84774583297399,47.79873871267458,48.027301635593126
2022_12_LAC_ARI,2022,12,-1.0,49.0,2.5,48.5,3.1043666115883966,2.8802098947683645,3.272374298798452,45.39831722811735,45.814244556752655,45.3497394304175
2022_12_LA_KC,2022,12,16.0,36.0,-15.5,42.0,12.058754239039768,11.766752356576298,11.963096465682927,47.49248564683156,45.984848926724496,47.6387296669125
2022_12_LV_SEA,2022,12,-6.0,74.0,-4.0,47.5,6.509738243758245,6.231838388065575,6.707989882924088,48.04762598226318,47.41273469143668,47.57212042836056
2022_12_NE_MIN,2022,12,7.0,59.0,-2.5,41.5,-1.158547681084703,-1.2565654274865274,-1.4406418344271787,41.16861586446088,43.953747830769004,41.122279847072946
2022_12_NO_SF,2022,12,13.0,13.0,-8.5,43.5,6.878063809276991,6.8353467382912605,7.295629369343035,46.00069578061858,44.427428743134584,46.15348215173525
2022_12_NYG_DAL,2022,12,8.0,48.0,-10.0,45.5,8.270690095949456,8.294262197875662,8.744993710031162,43.71140742478474,45.096819705400996,43.553425238533876
2022_12_PIT_IND,2022,12,-7.0,41.0,-2.5,39.5,3.089511078596302,3.123413730725826,2.8341112710941867,41.64260227923982,43.72141666486294,41.32370034891714
2022_12_TB_CLE,2022,12,6.0,40.0,3.0,42.0,-0.7779498018967088,-0.879787152744272,-0.9912630731903047,47.92114194623487,47.38179304350135,47.51233872516217
2022_13_BUF_NE,2022,13,-14.0,34.0,4.0,44.0,-5.11000920712695,-5.105350741737789,-5.461607873005142,44.9829473308423,45.539184188268514,44.976824390660994
2022_13_CLE_HOU,2022,13,-13.0,41.0,7.5,46.5,-7.006294115963641,-6.926696274627446,-7.0442478372864645,43.90065963827245,46.51539367115644,44.17664843179241
2022_13_DEN_BAL,2022,13,1.0,19.0,-9.0,40.0,12.140207809391203,12.236597490778099,11.85044294761461,41.75599950218361,41.5751399611087,41.879763197293784
2022_13_GB_CHI,2022,13,-9.0,47.0,3.5,45.0,-3.191753306956245,-3.1727309233531544,-2.8952559276033947,46.22042391206023,46.079311622923456,46.403130424194316
2022_13_IND_DAL,2022,13,35.0,73.0,-11.0,44.5,13.42294728293594,13.287766036013286,13.114183741356126,42.232853427809566,43.85704249616057,42.39821863649978
2022_13_JAX_DET,2022,13,26.0,54.0,-1.0,51.0,1.5053065202679237,1.4071627081467601,1.2751305785567877,50.4818683988909,53.94931762808569,50.089907163330544
2022_13_KC_CIN,2022,13,3.0,51.0,2.5,53.5,-2.493956047827551,-2.4837551636351627,-2.395959544727157,53.602544487268744,53.80263434183293,53.52198165390066
2022_13_LAC_LV,2022,13,7.0,47.0,-2.5,49.5,1.5465914748429102,1.5876873396272055,1.9238830654419337,47.98808514299234,49.09141588497287,48.03837098455244
2022_13_MIA_SF,2022,13,16.0,50.0,-5.0,45.5,4.953738055873206,4.9524648436671725,4.503918752228654,50.26248741710613,49.001675637291235,50.28494638369286
2022_13_NO_TB,2022,13,1.0,33.0,-3.0,40.5,2.3222739741273752,2.2990975741582926,2.527192996525685,42.2106334675385,41.634518890572814,37.95052169408664
2022_13_NYJ_MIN,2022,13,5.0,49.0,-3.0,44.0,1.5265259160611802,1.461101693550439,1.5793274759661644,42.7448911713232,45.57203481411848,42.91975328473565
2022_13_PIT_ATL,2022,13,-3.0,35.0,1.5,43.0,3.541323892634908,3.5037461123087024,3.203717335003077,45.18487942742828,45.72018166524982,44.88139633402591
2022_13_SEA_LA,2022,13,-4.0,50.0,6.5,41.0,-3.213592059582906,-3.152479011030505,-2.2964551145853696,42.73154282659793,44.78953590336963,42.1924267697816
2022_13_TEN_PHI,2022,13,25.0,45.0,-4.5,44.5,8.117076506464604,8.098739026113552,8.444787818989296,45.46749176804194,45.14435145696208,45.01469739697264
2022_13_WAS_NYG,2022,13,0.0,40.0,2.5,40.5,-1.8256601679664024,-1.8239287474883747,-1.3219115815616418,42.56948813011505,42.32534739445497,42.59372320668369
2022_14_BAL_PIT,2022,14,-2.0,30.0,-2.0,37.0,-2.5093671376153006,-2.5025343120212793,-2.7335564225356936,41.26329670638899,40.48362830830254,41.33217284281995
2022_14_CAR_SEA,2022,14,-6.0,54.0,-4.0,44.0,6.765837395928819,6.771240991988223,6.7961686112742346,44.750160301767245,45.18833649720365,44.96643745087782
2022_14_CLE_CIN,2022,14,13.0,33.0,-4.0,47.0,6.721188961177668,6.710261373784328,6.62268013768727,49.44583841881804,49.85036083250524,49.239392686091975
2022_14_HOU_DAL,2022,14,4.0,50.0,-17.0,44.5,19.782129646296873,19.65271407134194,19.489961754779472,41.26338302045375,42.86467088543286,40.91071327600422
2022_14_JAX_TEN,2022,14,-14.0,58.0,-3.0,41.5,-1.6130529246229464,-1.607432626294876,-1.202682473836282,45.35945258419136,44.99190736840099,45.32149217129985
2022_14_KC_DEN,2022,14,-6.0,62.0,9.0,44.0,-11.989033242942586,-12.004417287337713,-12.426840132957613,46.13202529001597,45.67054666641374,46.21055877958968
2022_14_LV_LA,2022,14,1.0,33.0,6.5,41.5,-1.0412790838257444,-0.7363876089830855,-0.8121912199294579,43.25889650141707,45.78117879721579,43.30602996122689
2022_14_MIA_LAC,2022,14,6.0,40.0,3.0,55.0,-2.3300976686823254,-2.250506574945392,-1.8730038929226533,48.23028363425862,50.679413659155735,48.463581944121756
2022_14_MIN_DET,2022,14,11.0,57.0,-2.0,51.5,4.716336228396402,4.711263471690663,5.176288103108664,47.303597839340824,51.03959624709821,47.38064861040573
2022_14_NE_ARI,2022,14,-14.0,40.0,2.5,44.0,1.8738390516415981,1.7413435636737185,1.5841485729825044,42.530985804126686,43.74372020539016,42.95537688132287
2022_14_NYJ_BUF,2022,14,8.0,32.0,-10.0,43.5,9.616473925053167,9.651594430136985,9.966675987257663,44.960998186243806,45.467072706546155,44.97671538079022
2022_14_PHI_NYG,2022,14,-26.0,70.0,7.0,44.5,-7.36163445687939,-7.367478943259774,-7.0672533140529,44.76547040677013,44.81344410365894,44.83313353649061
2022_14_TB_SF,2022,14,28.0,42.0,-3.5,38.5,7.227340668488247,7.219242388965676,6.959893978577923,45.735462319095845,44.17424265828418,45.35139323881885
2022_15_ARI_DEN,2022,15,9.0,39.0,-1.5,37.0,-0.36334220585710564,-0.4974166704653256,-0.04609728707854699,41.2541775222956,40.768408336080114,41.33916122221946
2022_15_ATL_NO,2022,15,3.0,39.0,-5.0,43.5,1.8800571373446162,1.8527070946328412,2.0516311729662244,43.88501969553997,47.72800676736505,43.43864689837826
2022_15_BAL_CLE,2022,15,10.0,16.0,-3.0,39.0,-3.461119092505118,-3.464818131415761,-2.97807651818219,42.2511113415643,41.946637428188296,42.44164671266775
2022_15_CIN_TB,2022,15,-11.0,57.0,3.5,47.5,-2.575436889105864,-2.678532487916881,-2.6199026914369408,48.77550080973827,48.00197972361463,48.55420327221238
2022_15_DAL_JAX,2022,15,6.0,74.0,4.0,48.0,-4.885452835348751,-5.055544949288909,-4.436953951310527,47.40679670674877,46.187397949840275,47.71263236971906
2022_15_DET_NYJ,2022,15,-3.0,37.0,-2.0,44.0,-2.1003952696680956,-1.9906148212860406,-1.7652292413204569,45.77259345273753,45.88662216414576,45.54237973184377
2022_15_IND_MIN,2022,15,3.0,75.0,-3.5,47.0,3.8975408644902987,3.9116160087904785,3.5944197976092154,42.71110581203763,45.931553619059954,43.1251067097107
2022_15_KC_HOU,2022,15,-6.0,54.0,14.5,48.5,-14.556121902010604,-14.453487050020815,-14.307626707868563,45.58514211655965,47.85288578022432,45.755140408535574
2022_15_LA_GB,2022,15,12.0,36.0,-7.5,39.5,7.748515186862576,7.580364518701953,7.4257427392435655,45.83113168345575,45.32281744614233,46.288356139766805
2022_15_MIA_BUF,2022,15,3.0,61.0,-7.0,43.5,6.093112350837111,6.144910743819134,6.288956698538415,46.464061314419595,46.9062925483346,46.09317830693137
2022_15_NE_LV,2022,15,6.0,54.0,-2.5,45.5,1.675573384869411,1.7417722674414706,1.3154720107114577,43.70058060130732,45.44642052666201,39.523874494442765
2022_15_NYG_WAS,2022,15,-8.0,32.0,-4.0,40.5,6.363284722571562,6.389718649138662,6.528256841947284,41.91951806627728,41.919425178199916,41.650143580651836
2022_15_PHI_CHI,2022,15,-5.0,45.0,8.5,48.0,-10.030648636203134,-10.016993189608906,-9.685555857915281,46.17272966302714,46.49391965282914,42.23696689737452
2022_15_PIT_CAR,2022,15,-8.0,40.0,-2.5,37.0,0.3051039068430549,0.17939612967454632,0.02425385438578148,42.125305336582315,41.38462021573425,42.48363778241412
2022_15_SF_SEA,2022,15,-8.0,34.0,3.0,42.5,-6.459667349327801,-6.418803872221268,-5.791604978402476,47.119626301556515,47.04888420161088,47.08378626125641
2022_15_TEN_LAC,2022,15,3.0,31.0,-3.0,46.5,4.898782174019044,5.0556736812794725,4.632680179782488,45.49153871863197,48.242578655880074,45.489240907653304
2022_16_ATL_BAL,2022,16,8.0,26.0,-6.5,35.0,6.986546466909436,6.874088592125028,4.077476930359307,41.99589406072613,41.08057180389155,42.02656339761602
2022_16_BUF_CHI,2022,16,-22.0,48.0,8.0,40.5,-8.978376121315167,-9.075312216458448,-8.471151895418187,47.89712342686394,47.52061528096632,48.0886109574376
2022_16_CIN_NE,2022,16,-4.0,40.0,3.0,41.5,-2.7372032976201632,-2.7157435856252947,-3.04577450114261,45.64448454601752,46.01829800228662,45.27498457126565
2022_16_DEN_LA,2022,16,37.0,65.0,3.0,36.0,1.1785047222516358,1.4969770805507085,1.5359672255521541,38.84033695170283,41.95895644429278,38.560814239995366
2022_16_DET_CAR,2022,16,14.0,60.0,2.5,43.5,-4.210329940850574,-4.180013518606052,-3.7096502955890585,46.11107485664162,45.593638923511215,46.31951432754458
2022_16_GB_MIA,2022,16,-6.0,46.0,-3.5,49.5,2.112600768978746,2.025538327409054,1.8114119858406366,48.26138358439888,48.200231912966444,48.351459440168554
2022_16_HOU_TEN,2022,16,-5.0,33.0,-3.0,34.0,5.864160951030052,5.86165920402247,5.551007446952381,39.61252170212939,39.310700041704514,39.668512825372666
2022_16_JAX_NYJ,2022,16,-16.0,22.0,-2.5,36.5,-1.4979782614575385,-1.3932000327801284,-1.7688240840250937,45.03430927258305,44.98585665363749,44.80491046156686
2022_16_LAC_IND,2022,16,-17.0,23.0,3.5,44.5,-0.966408244541564,-1.158343803320268,-0.9368149645533456,41.199854456370105,42.80689501325771,41.16352990779602
2022_16_LV_PIT,2022,16,3.0,23.0,-2.0,38.0,5.250119008139943,5.091052318676565,4.832298453108039,45.36601767520555,44.04732461054583,44.89133374675555
2022_16_NO_CLE,2022,16,-7.0,27.0,-3.0,32.0,1.6467617542444006,1.5801129500159512,2.283801061284482,43.85178112166192,43.178289779107395,44.16721886366461
2022_16_NYG_MIN,2022,16,3.0,51.0,-4.5,48.0,-0.2023158286314548,-0.1678230375332183,-0.17559264495294039,44.59495354022995,47.42558018203599,44.565629432193894
2022_16_PHI_DAL,2022,16,6.0,74.0,-4.0,48.0,0.8710224787181043,0.839055982021917,0.4647379028325837,44.21431991049215,46.06475366730189,44.01660692657892
2022_16_SEA_KC,2022,16,14.0,34.0,-10.0,50.5,13.736145742826054,13.731823968386923,13.833086239925965,49.22108532027565,48.6983014267033,45.17973182444926
2022_16_TB_ARI,2022,16,-3.0,35.0,7.5,41.5,-1.2981795557240188,-1.2737224245188221,-4.200580772676068,40.95107360931124,41.50879032033435,40.533552193134696
2022_16_WAS_SF,2022,16,17.0,57.0,-6.5,37.0,9.759025845031946,9.724843712062837,9.796627025391746,44.564896175873045,43.32426474138321,44.918861430040565
2022_17_ARI_ATL,2022,17,1.0,39.0,-6.5,40.5,4.592615172462037,4.6830625942137045,5.035561657008868,41.60956252228167,42.575121123993405,41.76162419967544
2022_17_CAR_TB,2022,17,6.0,54.0,-3.5,40.5,2.635223569220946,2.622936387724597,2.5978611945270593,43.47944721314278,42.93613725529849,43.004701280674475
2022_17_CHI_DET,2022,17,31.0,51.0,-4.5,52.5,8.828180306913495,8.825187288089731,8.42839390931842,48.08206238724876,52.09230732032245,48.333676206355214
2022_17_CLE_WAS,2022,17,-14.0,34.0,-2.0,41.5,2.5318685185034595,2.400121901642353,2.8384867223634047,41.52907248479947,41.22747066444106,41.18614838232488
2022_17_DAL_TEN,2022,17,-14.0,40.0,14.0,40.5,-8.400281521796161,-8.45887667833343,-8.258947508760546,43.34115683554165,42.71113646851176,42.8599536079804
2022_17_DEN_KC,2022,17,3.0,51.0,-12.5,45.5,16.903354928980814,16.919521630854796,16.95698489856401,44.681282819967606,44.645319500794045,45.14164612139904
2022_17_IND_NYG,2022,17,28.0,48.0,-5.5,38.5,8.618649610811095,8.669165487766826,8.277216108578749,38.5998009045348,38.91728182857824,38.651210769183955
2022_17_JAX_HOU,2022,17,-28.0,34.0,3.5,43.0,-8.044744659203923,-8.027598860881387,-8.32267289509917,42.080015193641756,44.03117825840722,42.82562335574205
2022_17_LA_LAC,2022,17,21.0,41.0,-6.5,41.0,5.379925675629772,6.015112516085335,5.528255897296044,40.511888616238316,44.2200511067784,40.654735759310405
2022_17_MIA_NE,2022,17,2.0,44.0,-3.0,41.5,-0.29618091451255657,-0.25669876274917436,-0.6116406885449481,43.12768344561428,43.94510447162941,42.60745274562548
2022_17_MIN_GB,2022,17,24.0,58.0,-3.5,47.5,6.0879650661623135,6.113605140853054,5.842042584275842,45.407314334670154,45.15525324350817,45.797758618809375
2022_17_NO_PHI,2022,17,-10.0,30.0,-5.0,42.0,8.081444116290946,8.210701998655058,8.887802431201926,43.39453235552764,43.137060562315376,43.4711109377765
2022_17_NYJ_SEA,2022,17,17.0,29.0,1.5,43.0,3.1989568605734764,3.1883215882417293,3.2640140388737993,42.561787602210586,43.03015701191194,42.98088571256293
2022_17_PIT_BAL,2022,17,-3.0,29.0,-1.0,35.5,1.3821427084169098,1.4280703156586887,1.6194981799121826,40.16660407584456,39.51333386968759,39.87977955108754
2022_17_SF_LV,2022,17,-3.0,71.0,10.0,41.0,-6.185682137357713,-6.091490701114285,-6.437393828583511,47.01915413871049,48.32487296551273,46.75438191951009
2022_18_ARI_SF,2022,18,25.0,51.0,-14.5,40.0,12.618189384721417,12.632697280151936,12.240957055211924,43.855407806157565,42.4386806369313,43.95201011486647
2022_18_BAL_CIN,2022,18,11.0,43.0,-11.0,39.0,4.44539587627987,4.429639309801798,4.6318047169301915,43.73634513714269,43.67742328944689,43.547869127171865
2022_18_CAR_NO,2022,18,-3.0,17.0,-3.5,41.5,4.790012547351609,4.803378603363196,4.374686600177115,41.595900838710556,45.513604712779696,41.864049221139574
2022_18_CLE_PIT,2022,18,14.0,42.0,-2.5,40.0,5.541278269858456,5.56605697777552,5.063948619221372,42.41280347886487,41.86753594346496,41.95566539024122
2022_18_DAL_WAS,2022,18,20.0,32.0,7.5,41.0,-6.865456293284516,-6.849994470487177,-6.892370632712459,42.19028939211595,41.87849851527574,41.84755536627042
2022_18_DET_GB,2022,18,-4.0,36.0,-4.0,48.0,2.2150215920365413,2.250708048995048,2.730426223193043,48.60409076957035,48.40230307716825,48.79005229977784
2022_18_HOU_IND,2022,18,-1.0,63.0,-3.0,37.5,2.5923498263349924,2.6344992548537576,2.8497849523900256,33.65610603658777,35.75533682709234,33.20253405862615
2022_18_KC_LV,2022,18,-18.0,44.0,8.5,52.0,-9.495344623899738,-9.457372413082043,-9.020156933192087,48.80096508988277,50.104566661129496,48.92676759200802
2022_18_LAC_DEN,2022,18,3.0,59.0,-6.5,39.0,-8.880589771669747,-9.111532137056429,-8.454402717133924,40.31940673054874,39.72096340028008,40.478357727872634
2022_18_LA_SEA,2022,18,3.0,35.0,-4.5,43.0,2.721170395516512,2.5358297447188507,2.3678322809715,40.997835187229924,40.88652595523178,40.76064291334249
2022_18_MIN_CHI,2022,18,-16.0,42.0,6.5,42.5,-4.698592545560823,-4.658993750153875,-4.368931701787061,42.06540543887772,42.15410813203222,42.14977762037482
2022_18_NE_BUF,2022,18,12.0,58.0,-8.0,44.0,11.072437441371198,11.111859726665008,10.77213478916293,43.1783463735616,43.806997622402896,43.11555091850493
2022_18_NYG_PHI,2022,18,6.0,38.0,-17.0,43.0,4.123556081214654,4.199443005887826,4.7165815570334315,42.32503931672239,42.20616032535578,42.586130237053645
2022_18_NYJ_MIA,2022,18,5.0,17.0,-3.5,37.5,7.47688530959388,7.49203409526212,7.80672479952273,41.541068301477615,41.81666666527297,41.14305262472246
2022_18_TB_ATL,2022,18,13.0,47.0,-6.0,40.5,-1.4884931410070137,-1.4399727230821389,-1.2433440654987151,43.21440989510248,43.79021311290796,43.65924596134484
2022_18_TEN_JAX,2022,18,4.0,36.0,,,10.217277356813288,10.241878492977895,9.89120030383481,42.31465815762132,42.033324617221304,41.88875615310364
2023_01_ARI_WAS,2023,1,4.0,36.0,-7.0,38.0,2.5505305964848857,2.6473937412773245,2.8126851912334874,43.594595889490584,43.896037439568836,43.74100222255713
2023_01_BUF_NYJ,2023,1,6.0,38.0,2.0,45.5,-3.138167421917482,-3.09844770316895,-2.5154549321996367,44.36664475977102,44.1392326931612,44.11268304968962
2023_01_CAR_ATL,2023,1,14.0,34.0,-3.5,39.5,1.1792527175845924,1.2234285924224073,1.804038510263651,45.00929235919774,46.16694674821304,44.77297609763791
2023_01_CIN_CLE,2023,1,21.0,27.0,2.0,47.5,-1.6801489977912132,-1.651854488117564,-1.408152763557449,45.384106936084386,45.49797331827338,45.27631961263075
2023_01_DAL_NYG,2023,1,-40.0,40.0,3.5,45.0,-0.855978049151628,-0.7979227571426977,-0.7297051146098905,45.11706380227434,44.70401235715135,45.209292530198404
2023_01_DET_KC,2023,1,-1.0,41.0,-4.5,53.0,3.956254305128697,3.862098569121636,3.4511201511321445,48.41802750382867,48.17670588613715,48.37251780557749
2023_01_GB_CHI,2023,1,-18.0,58.0,-1.0,41.5,-3.6186676159127833,-3.5823904911176903,-3.077126707977734,44.98119702298004,45.21878275289163,44.945271840212015
2023_01_HOU_BAL,2023,1,16.0,34.0,-9.5,43.5,5.012077394668817,5.039851684663745,5.3704663625737314,43.91981609349509,43.926580402105756,44.00845965027562
2023_01_JAX_IND,2023,1,-10.0,52.0,4.5,46.0,-2.8752672078691153,-2.849208666219675,-2.199122947699563,43.4386120422581,45.29108171268206,44.051715452621636
2023_01_LA_SEA,2023,1,-17.0,43.0,-5.0,46.0,1.195455095507494,1.05172394705148,0.74516720470157,44.10641983243363,43.878870221545796,43.395637709206305
2023_01_LV_DEN,2023,1,-1.0,33.0,-3.5,43.0,-0.2377591518681349,-0.5272733221566969,0.46841727698791846,45.001534288411136,44.44457098077226,45.48287001409136
2023_01_MIA_LAC,2023,1,-2.0,70.0,-3.0,51.0,2.21054757348675,2.409937229134308,2.463744935892863,45.97159555253472,49.13190870393102,45.87291678764667
2023_01_PHI_NE,2023,1,-5.0,45.0,3.5,44.5,-1.9844554852017136,-2.0640481355124183,-2.4485603500895925,45.10166959141155,45.03378621996104,44.878337461219125
2023_01_SF_PIT,2023,1,-23.0,37.0,2.0,41.5,1.1025276879938852,1.0136637640125443,1.2748912411451994,47.012106088083314,46.67587321945618,47.05900975659601
2023_01_TB_MIN,2023,1,-3.0,37.0,-5.0,46.0,1.595484523368607,1.6462099525459393,2.13092423091244,46.418387236314686,49.50584175082391,46.137721231015554
2023_01_TEN_NO,2023,1,1.0,31.0,-3.0,41.5,3.8694243241406365,3.8217815674002824,4.142356571823474,44.157244085408806,48.13744286020917,44.11028378548051
2023_02_BAL_CIN,2023,2,-3.0,51.0,-3.0,45.5,-0.3980343239353592,-0.3737455866000937,-0.824895528824527,42.052408882036914,42.16586056144898,41.73546906004054
2023_02_CHI_TB,2023,2,10.0,44.0,-2.5,41.0,5.750196384385487,5.86787065987022,6.408736271550016,44.708378813438955,44.91595422692622,45.00916217979913
2023_02_CLE_PIT,2023,2,4.0,48.0,2.0,38.0,-0.37997564319858657,-0.3330825145083714,-0.05760272394491084,42.87762631612808,43.0108869144654,42.995106979561
2023_02_GB_ATL,2023,2,1.0,49.0,-1.5,40.0,-0.6931136903940402,-0.6046967571451227,-0.6007302023434054,46.65823786620024,48.17597823807933,46.61367204288141
2023_02_IND_HOU,2023,2,-11.0,51.0,-1.0,39.5,0.40793195443675756,0.4243005440089489,0.5693823243041657,40.10717653419043,42.63449297774491,39.808953461537115
2023_02_KC_JAX,2023,2,-8.0,26.0,3.0,51.0,0.4748234188142961,0.5314207711994432,-0.06216234816370514,46.552978567792124,46.58261324146862,46.62981982088433
2023_02_LAC_TEN,2023,2,3.0,51.0,2.5,45.5,-2.079294258873455,-2.2751255621915285,-2.505374870348977,45.20490912028731,45.007361264202935,45.20901620349561
2023_02_LV_BUF,2023,2,28.0,48.0,-8.0,47.0,3.5437293648692343,3.2692014217335426,4.305350223346339,47.02474677219679,46.244230889746056,46.745364337912726
2023_02_MIA_NE,2023,2,-7.0,41.0,2.5,46.5,-0.3753775932153308,-0.3475749181559375,-0.8127760546878784,44.61360911246055,44.67962841509311,44.468367275593025
2023_02_MIN_PHI,2023,2,6.0,62.0,-6.0,49.0,4.748068206507232,4.802576293529581,5.226733751188366,45.49441511402692,45.25551255315915,44.93660392987798
2023_02_NO_CAR,2023,2,-3.0,37.0,3.0,39.5,-0.5733125163219637,-0.5189530321921132,0.3623274197745261,42.41757608749605,42.58303619127682,42.49307418830443
2023_02_NYG_ARI,2023,2,-3.0,59.0,4.0,39.5,1.456517707248321,1.4755303683949055,1.0188185510438126,41.76386539757047,43.625906991013174,41.48527717010859
2023_02_NYJ_DAL,2023,2,20.0,40.0,-8.5,38.5,7.604104310996946,7.522833953173755,8.919573995593185,43.39892682977711,45.305564923887474,42.714781199651
2023_02_SEA_DET,2023,2,-6.0,68.0,-4.5,47.0,5.4101324690979045,5.426919274535431,4.980345701861683,47.663822034739944,51.632264751114754,47.54263726089949
2023_02_SF_LA,2023,2,-7.0,53.0,7.5,45.0,-1.652339235837161,-1.5947061113796666,-0.9642109831053736,46.11521513781179,48.84606842602481,45.709211414271664
2023_02_WAS_DEN,2023,2,-2.0,68.0,-3.5,38.5,0.3389081141660549,0.34046790850172415,0.8519391242146221,43.36563065572001,43.40659320969642,43.25682033558517
2023_03_ATL_DET,2023,3,14.0,26.0,-3.0,46.0,2.112541832473998,2.1605481536056543,2.170417268632306,47.97711320998296,51.60288663858732,48.26662972959013
2023_03_BUF_WAS,2023,3,-34.0,40.0,6.0,43.0,-3.1321692750131924,-3.2004922867198253,-3.5400702946104707,44.56970129055226,44.05242388374909,44.15186200159487
2023_03_CAR_SEA,2023,3,10.0,64.0,-5.0,42.0,3.1415223114069857,3.1878808531508067,3.4945798404051365,44.61043065517809,44.53616995310036,45.516537460206145
2023_03_CHI_KC,2023,3,31.0,51.0,-12.5,48.0,11.933937597400273,11.832417866004285,8.220722378897076,46.55238042294048,46.02352579198362,45.89072205998198
2023_03_DAL_ARI,2023,3,12.0,44.0,13.0,43.0,-5.89307896428998,-5.8086516518296,-5.643216783272591,43.157495112338914,44.78962657620462,43.27345720935734
2023_03_DEN_MIA,2023,3,50.0,90.0,-6.0,47.0,6.510518958781906,6.515674996622602,7.209041108357262,47.803203236779375,47.18123485589123,47.3439591282858
2023_03_HOU_JAX,2023,3,-20.0,54.0,-7.5,43.5,5.609561483502416,5.640503803488725,6.201195573604737,42.23837932664953,41.464676433225776,42.814071520890764
2023_03_IND_BAL,2023,3,-3.0,41.0,-8.0,43.0,5.916951402803503,5.979870466619825,5.891353185417135,43.07171807553362,42.70189160327614,42.794547977624816
2023_03_LAC_MIN,2023,3,-4.0,52.0,-1.0,54.0,-1.1395386516926722,-1.220637519312762,-1.1548595039157485,47.42531950547699,50.2229372319987,48.47046672832164
2023_03_LA_CIN,2023,3,3.0,35.0,-2.0,43.5,1.3091062509027176,1.0114893472166828,0.9086628767919176,45.51663610539801,44.5973390361296,45.93742636054325
2023_03_NE_NYJ,2023,3,-5.0,25.0,2.5,36.0,-2.8773627404722335,-2.830668257640423,-3.2949441990247523,40.40272575469837,40.16055879003179,40.97978263803075
2023_03_NO_GB,2023,3,1.0,35.0,-1.0,42.0,2.6456316961072526,2.6722702436807637,2.244024679960568,45.81336709069091,45.16960135327924,45.72120553764486
2023_03_NYG_SF,2023,3,18.0,42.0,-10.0,44.5,6.705261389437404,6.787429321300419,6.3667516549772145,47.388538342732666,46.28068743200344,47.0394905182191
2023_03_PHI_TB,2023,3,-14.0,36.0,5.0,45.0,-0.6942125419296155,-0.6803069519176164,-0.004454926030003747,44.82250777584572,44.20815610503927,44.46253855830912
2023_03_PIT_LV,2023,3,-5.0,41.0,-2.5,43.0,2.4581541300082153,2.5073675057748455,2.0082929514208616,45.109403206932015,47.079848762192064,46.30474293943406
2023_03_TEN_CLE,2023,3,24.0,30.0,-3.5,38.5,4.48145088164552,4.579541907286901,4.6816110073178105,42.54476112603631,42.55945859882678,42.63700607056963
2023_04_ARI_SF,2023,4,19.0,51.0,-14.0,43.5,6.698127213036327,6.726412575982445,3.326697022206713,46.19177647015311,45.00667306985345,45.31441759027973
2023_04_ATL_JAX,2023,4,16.0,30.0,-3.0,42.5,2.8688724457031527,1.0379447183599506,2.382246318503276,44.526360251393015,44.02541871917366,44.04946437795646
2023_04_BAL_CLE,2023,4,-25.0,31.0,-2.5,38.5,-0.023923379233751096,-0.0021815187475369424,0.21054681374972167,40.304590858735345,40.02264179750468,40.93771326937225
2023_04_CIN_TEN,2023,4,24.0,30.0,2.5,41.0,-3.2759657540099596,-3.1610233845401794,-2.6377320041852257,41.81262114512307,41.47778559090391,41.25072816234802
2023_04_DEN_CHI,2023,4,-3.0,59.0,3.0,46.5,-0.01910834510467524,-0.09634207248003868,1.2624929117638888,45.661226438726025,45.136759563221815,44.932653286702404
2023_04_DET_GB,2023,4,-14.0,54.0,1.5,46.0,1.0791809514277373,1.0928288475726957,1.3037742457409407,46.45411650841819,45.4734249007986,46.16677477963695
2023_04_KC_NYJ,2023,4,-3.0,43.0,8.5,41.5,-10.969706171287848,-10.914052368017087,-10.409189751163229,43.62121362429511,43.292664172456334,43.729625894692894
2023_04_LA_IND,2023,4,-6.0,52.0,-1.0,45.5,1.03628955788959,0.9589793519668628,1.34933882912828,43.46416738180639,45.566962756954425,43.42885133645268
2023_04_LV_LAC,2023,4,7.0,41.0,-6.0,48.0,3.2499733779704125,3.37931567645353,2.8559606255866754,46.97580454804024,49.496338924493976,46.79326709147118
2023_04_MIA_BUF,2023,4,28.0,68.0,-2.5,53.5,0.8553565203235307,0.9197716360328867,1.5289912934275325,48.756175634078964,48.614833231358645,45.628133107887365
2023_04_MIN_CAR,2023,4,-8.0,34.0,4.5,46.5,1.3033699166101873,1.3296520904891729,2.084184240742936,45.419979017756305,44.63013485793675,45.31756578276496
2023_04_NE_DAL,2023,4,35.0,41.0,-6.0,43.5,5.7444686021171085,5.6939559777959765,5.4809863857473955,43.28858958762486,44.51542531560711,43.93481705857409
2023_04_PIT_HOU,2023,4,24.0,36.0,3.0,42.0,-0.41910217228677127,-0.4531026736819478,-0.9582511980171702,43.92345381666732,45.85808942244168,43.62723726145127
2023_04_SEA_NYG,2023,4,-21.0,27.0,1.5,47.0,-2.0972301190847458,-2.0200155884440685,-2.6060092463496325,46.42259709592553,46.277411521080836,46.396020428892456
2023_04_TB_NO,2023,4,-17.0,35.0,-3.5,40.0,1.8156196227320835,1.8133734091736393,2.0229980502177622,43.063656950912616,46.82267597305392,43.0966000331328
2023_04_WAS_PHI,2023,4,3.0,65.0,-9.0,43.0,9.581752887909909,9.619520982282207,9.000551262784786,41.14123353371261,40.904877026804044,41.59173737439744
2023_05_BAL_PIT,2023,5,7.0,27.0,4.5,38.5,-7.050589653522085,-7.007690508864329,-6.862030396872055,40.821881418346564,40.171520290951754,40.90421229562397
2023_05_CAR_DET,2023,5,18.0,66.0,-9.0,43.5,8.30738989483942,8.308905330897087,7.9102835246136545,44.07809003236427,47.865949972069515,44.89118051931171
2023_05_CHI_WAS,2023,5,-20.0,60.0,-6.0,44.5,6.182050174954481,6.210559974404808,6.480753846314813,43.85171763836093,43.834574720158614,43.552813223337544
2023_05_CIN_ARI,2023,5,-14.0,54.0,3.0,45.0,1.5857838046844555,1.4819431798888463,2.015072233916158,44.086457406624376,44.95511344689938,43.76789899196558
2023_05_DAL_SF,2023,5,32.0,52.0,-3.5,45.5,2.9063998225483063,2.9469492248201234,3.1635089184921816,49.26312416138977,47.85469105551504,49.331284854097206
2023_05_GB_LV,2023,5,4.0,30.0,-2.0,45.0,-0.669206871235396,-0.6166318010584323,-0.5122469749987459,45.8131396814444,47.61798196918833,45.10149246445751
2023_05_HOU_ATL,2023,5,2.0,40.0,-2.5,42.0,-0.26122040263164137,-0.2901822968559009,-0.033649469202457094,44.76920376242589,45.851266133812004,45.59135435243434
2023_05_JAX_BUF,2023,5,-5.0,45.0,-5.0,48.5,9.888266934177649,8.447525788168935,9.524827733647927,46.466857805649596,45.37687268956959,46.067861830713866
2023_05_KC_MIN,2023,5,-7.0,47.0,3.5,52.5,-5.982272875673287,-6.017518580630981,-5.383632076641815,46.274480128003006,49.08666830634345,46.34439255516426
2023_05_NO_NE,2023,5,-34.0,34.0,-1.5,38.5,1.0538147594323075,1.0640641222166367,0.5358210073885945,40.790350087840224,40.48217397101164,40.31975492519082
2023_05_NYG_MIA,2023,5,15.0,47.0,-13.0,47.5,10.846359422455302,10.77153907916675,10.391986944918802,47.67621625844445,46.85925870178051,47.64337339011014
2023_05_NYJ_DEN,2023,5,-10.0,52.0,-2.0,42.5,3.7761616442951147,3.862368495814754,4.471816794934936,45.19715256190601,44.66689186584183,44.948388647795646
2023_05_PHI_LA,2023,5,-9.0,37.0,3.5,50.5,-3.0759163062887565,-3.0261006246206197,-3.60429728559107,46.53537549210193,49.31391950885442,46.53607065217784
2023_05_TEN_IND,2023,5,7.0,39.0,2.5,43.5,2.0139776407108747,2.051265311859399,1.6075402797416944,41.76802724477378,44.153393925671715,41.403466346187585
2023_06_ARI_LA,2023,6,17.0,35.0,-7.0,48.0,3.376100659144184,3.3847986882250485,3.9706305085347613,44.623393469947246,47.087287435914625,44.88373077766916
2023_06_BAL_TEN,2023,6,-8.0,40.0,5.5,42.5,-4.315829418795161,-5.909009531387941,-3.682728086579687,42.9495222074876,41.82495388955594,42.54083331296833
2023_06_CAR_MIA,2023,6,21.0,63.0,-14.0,47.5,10.975626170316758,10.97482266638465,12.251231629767227,47.10848042407461,46.288228750287956,47.04917171407389
2023_06_DAL_LAC,2023,6,-3.0,37.0,1.0,50.0,-0.2370553695617995,0.05189782541862384,0.405326607002907,45.46563428509522,48.77415319667055,45.77068575365715
2023_06_DEN_KC,2023,6,11.0,27.0,-10.5,47.5,13.063036000588406,13.05322911980826,12.666360960715922,46.99529323096158,46.176006129971434,47.10754518190406
2023_06_DET_TB,2023,6,-14.0,26.0,3.0,43.0,-2.2066662588451225,-2.152804543119858,-2.0675790935669034,46.50775621034725,45.86760964157872,46.785907171423254
2023_06_IND_JAX,2023,6,17.0,57.0,-4.0,44.0,2.1805554252550925,2.1926267697711324,2.4814282472394185,44.65798598721006,43.92117994356897,44.331301646228894
2023_06_MIN_CHI,2023,6,-6.0,32.0,3.0,44.5,-3.563441907728301,-3.5451385394384114,-3.9535446941115016,44.462238764646585,43.97706322124742,43.77502561846997
2023_06_NE_LV,2023,6,4.0,38.0,-3.0,41.5,6.800054627462335,6.964397730962024,6.446320241359164,40.89119807473275,43.071861050609904,40.78753547242141
2023_06_NO_HOU,2023,6,7.0,33.0,2.5,41.5,-0.4746281144582475,-0.5334379707176585,-0.9712816215848952,44.42184108666353,45.912554281839185,44.805194827017864
2023_06_NYG_BUF,2023,6,5.0,23.0,-15.0,43.5,15.961411955709876,15.941114046166188,16.656068247304333,45.91605043180812,45.78417282410716,47.102262832967256
2023_06_PHI_NYJ,2023,6,6.0,34.0,6.5,43.5,-8.937108611054503,-8.627474403809675,-9.38011328312251,42.77948584163858,43.13161010092662,42.52735196293742
2023_06_SEA_CIN,2023,6,4.0,30.0,-3.0,45.5,0.0834326703454889,-0.0028519583587231223,-0.3858628688072987,43.03615581657737,43.08344768834631,42.51855504660302
2023_06_SF_CLE,2023,6,2.0,36.0,9.5,36.0,-9.938851276234137,-10.02529728053758,-9.331582746895585,45.72645450618126,45.04803471137114,46.5150988364719
2023_06_WAS_ATL,2023,6,-8.0,40.0,-1.5,42.0,4.32414676330566,4.405870287306137,4.909658382667925,43.509485561266665,45.00614370148233,43.120313376858206
2023_07_ARI_SEA,2023,7,10.0,30.0,-9.0,43.5,7.126975764474553,7.107827091980579,7.867710514843253,42.181710741853465,42.12788283942949,41.94702850772795
2023_07_ATL_TB,2023,7,-3.0,29.0,-3.0,37.5,2.975553676993382,2.952125070917277,3.339946051846936,41.5984372338836,40.62897062226464,41.23397938666181
2023_07_BUF_NE,2023,7,4.0,54.0,7.5,41.0,-12.510922311326922,-12.501847623836595,-13.12543796397226,41.65701631613068,41.411345377883926,41.912260940115445
2023_07_CLE_IND,2023,7,-1.0,77.0,3.5,39.5,1.9014266738973236,1.9682772665126427,2.3423792594979074,40.0180245986777,42.39648191234274,39.771361217000084
2023_07_DET_BAL,2023,7,32.0,44.0,-3.0,43.5,0.38138842218961233,0.29702756988031104,0.5505611281917955,44.95354574123274,44.21214348815767,44.90563046708461
2023_07_GB_DEN,2023,7,2.0,36.0,-1.5,44.0,-3.9050086842206633,-3.9320663724865397,-3.622902492512683,43.936271005166994,43.03903836673568,43.64823910641919
2023_07_JAX_NO,2023,7,-7.0,55.0,-2.5,41.0,2.61715586064307,2.5051470243769143,2.7754455404739353,43.18798007435034,46.92059103303346,43.202370091501855
2023_07_LAC_KC,2023,7,14.0,48.0,-5.5,48.5,9.808738991322455,9.61683699320746,9.291368229658366,45.1986545608015,44.255669831027284,45.31027364578002
2023_07_LV_CHI,2023,7,18.0,42.0,2.5,38.5,-3.0535965853084366,-3.287320948925018,-2.3570131921504167,43.62885879040986,42.36447199616722,39.91493566833515
2023_07_MIA_PHI,2023,7,14.0,48.0,-3.0,52.0,1.0562729512943614,0.9455101771257268,2.408407808229504,48.08560728398307,47.3435233281414,48.07683032308117
2023_07_PIT_LA,2023,7,-7.0,41.0,-3.5,44.0,6.258314364921195,6.428778600468399,6.483477229801578,45.25856520150382,48.446212714122815,45.379007638998296
2023_07_SF_MIN,2023,7,5.0,39.0,7.0,44.0,-6.377149831024219,-6.267838060561174,-6.218388290061528,46.69632836994045,49.70679049211605,47.33233475478264
2023_07_WAS_NYG,2023,7,7.0,21.0,3.0,37.0,0.11712208946872726,0.17573811675656975,0.7892530174931864,41.00173965115998,40.913996130843834,40.518399242793585
2023_08_ATL_TEN,2023,8,5.0,51.0,2.5,35.5,-1.2431945061771994,-1.3039951093174362,-1.5910302610745397,43.45740998846548,43.01536266134278,39.82901292708581
2023_08_BAL_ARI,2023,8,-7.0,55.0,9.5,45.0,-9.704966789813472,-9.790064721811216,-9.353017899012338,43.36637524753359,44.447648475998065,44.32346681654132
2023_08_CHI_LAC,2023,8,17.0,43.0,-9.5,46.0,2.476113385666305,2.681522580854063,3.0628327797374584,45.167708066026606,48.5336410071865,44.89035466016133
2023_08_CIN_SF,2023,8,-14.0,48.0,-4.0,44.0,10.19959037585305,10.181625931566595,9.786132321460288,46.808803555563024,45.55605242212764,46.51658956307581
2023_08_CLE_SEA,2023,8,4.0,44.0,-4.0,38.5,7.220355023969832,7.149349974319058,6.8089560501256745,40.02804385552354,40.24546491237231,39.558936232769206
2023_08_HOU_CAR,2023,8,2.0,28.0,3.5,43.0,-1.2730291574461599,-1.3430451017519918,-0.8187993991866824,44.78149140739035,43.7081901474061,44.4662293877472
2023_08_JAX_PIT,2023,8,-10.0,30.0,2.5,40.5,-1.780468681822607,-1.7581755606371627,-1.4623334956770222,44.05909857762481,43.66037795967453,43.784529809365864
2023_08_KC_DEN,2023,8,15.0,33.0,7.0,45.5,-12.012008892570952,-11.937702363545938,-11.99533866171175,45.873521558667484,45.15142652505324,46.401999819091024
2023_08_LA_DAL,2023,8,23.0,63.0,-7.0,45.5,3.9658755017012512,3.9489536272114227,4.571337009822258,46.58075789153401,48.24740537462918,46.5647408962787
2023_08_LV_DET,2023,8,12.0,40.0,-7.0,46.0,6.185234901090563,5.945677143668104,6.879341650324665,46.23714551976634,49.09416288960744,45.93874022479449
2023_08_MIN_GB,2023,8,-14.0,34.0,1.5,41.5,0.7943360647240518,0.7589381325637266,1.3773185777750077,42.86289008243533,41.71072115774981,42.9086983856589
2023_08_NE_MIA,2023,8,14.0,48.0,-8.0,47.0,9.363486058279118,9.428882638418596,9.561591673697352,45.02407116794846,44.5646630450882,44.987127202357804
2023_08_NO_IND,2023,8,-11.0,65.0,2.0,43.5,-1.1077020051374777,-1.1735602649510906,-0.35569171637932995,43.04397803617919,44.521139292670874,42.94714345634493
2023_08_NYJ_NYG,2023,8,-3.0,23.0,3.0,34.5,2.222342087514183,2.909683288913792,1.7790014263745308,40.92935956602019,42.09479077386433,41.82643402968203
2023_08_PHI_WAS,2023,8,-7.0,69.0,7.0,43.0,-10.283401448660427,-10.269313121314816,-10.22295722806608,40.57320087004606,40.41995442566335,40.26427818157085
2023_08_TB_BUF,2023,8,6.0,42.0,-10.0,43.0,11.89185383124456,11.851542107092715,11.54931308666904,45.95074632011592,45.06342751629653,45.5710803885581
2023_09_ARI_CLE,2023,9,27.0,27.0,-13.0,38.0,3.4886263298269595,3.39075968324367,0.9437199196942148,38.71469770901916,38.29914758194384,38.68319087840382
2023_09_BUF_CIN,2023,9,6.0,42.0,-1.5,51.0,-6.227508552904439,-6.204484285727415,-5.628138432200292,45.97926232094033,46.015715696755564,46.06362530282654
2023_09_CHI_NO,2023,9,7.0,41.0,-9.0,42.0,7.140139213619136,7.024755033060574,7.384550471346764,43.446179075359,47.3219801014176,42.953775082942215
2023_09_DAL_PHI,2023,9,5.0,51.0,-3.0,46.5,3.0110923000667698,3.066069204632196,3.5199589958221913,44.16055729959961,43.34103112333991,44.066259406605226
2023_09_IND_CAR,2023,9,-14.0,40.0,1.5,45.0,-1.0432775495460382,-1.1697815539426837,-0.3542485739655967,43.48449852559217,42.43038222384489,43.365683352516754
2023_09_LAC_NYJ,2023,9,-21.0,33.0,3.0,41.0,-1.9870992297572843,-2.000224171365995,-1.678234865134546,42.64302570901843,42.75015346922736,42.8288227949495
2023_09_LA_GB,2023,9,17.0,23.0,-3.5,37.5,1.509415251302694,1.3481417768813853,1.1253018384301958,45.268357529554336,44.14476993505104,45.470427551671875
2023_09_MIA_KC,2023,9,7.0,35.0,-1.0,51.0,3.4599479550702625,1.8558117383156196,3.7761421358151517,47.978495234402985,46.22555500817344,47.776765750170895
2023_09_MIN_ATL,2023,9,-3.0,59.0,-3.5,39.0,-2.2888685964837507,-2.252745555438537,-2.786387215477839,43.65421740358027,44.96264650306493,43.53684650900208
2023_09_NYG_LV,2023,9,24.0,36.0,-1.5,38.5,5.275334902067799,5.290550766236597,5.942833733629324,38.24132624380931,40.383843390638965,38.70269891607504
2023_09_SEA_BAL,2023,9,34.0,40.0,-6.0,44.5,5.834782190743666,5.737695141222894,6.442466661327847,44.609550578485546,44.13883413621636,45.10582899898635
2023_09_TB_HOU,2023,9,2.0,76.0,-2.5,40.0,3.0794403566034605,2.99391749699682,2.712520374081291,44.04558652100355,45.16109066918872,43.50023404023304
2023_09_TEN_PIT,2023,9,4.0,36.0,-3.0,37.0,2.9022886172259805,3.0289159656122004,2.6128462514240223,42.27544235001161,42.09965303645781,41.54185752634378
2023_09_WAS_NE,2023,9,-3.0,37.0,-3.0,40.5,1.9441216933758483,1.8685840211656761,2.1238607118753157,40.51401554841802,40.419235355201145,40.1487914709203
2023_10_ATL_ARI,2023,10,2.0,48.0,2.0,43.5,-4.515490719521313,-4.478059481839451,-4.129386225769533,38.60764267752826,39.782059381580986,37.926254799289545
2023_10_CAR_CHI,2023,10,3.0,29.0,-3.5,38.0,6.045756116445188,6.095288087993269,6.27178334828216,40.198332518866515,39.23774708338644,40.53772064485919
2023_10_CLE_BAL,2023,10,-2.0,64.0,-6.0,38.0,10.030607629053685,10.105910302609585,10.25969193563403,37.315905543979504,37.365500882751085,36.72261651217651
2023_10_DEN_BUF,2023,10,-2.0,46.0,-7.5,47.5,15.211747107511929,15.254467724865576,15.400075537453795,46.202620617691736,46.14151454856202,46.71284402295878
2023_10_DET_LAC,2023,10,-3.0,79.0,2.5,48.5,-2.713220101107792,-2.6021517912355634,-3.1801676001215013,45.17228332660106,48.20871207436132,44.91130436535424
2023_10_GB_PIT,2023,10,4.0,42.0,-3.0,38.5,0.3669978053616002,0.30731071458473663,0.01085643983495499,42.56106730864826,41.689528465502356,42.82681372907982
2023_10_HOU_CIN,2023,10,-3.0,57.0,-5.5,45.5,4.914045568567841,4.9942596736091405,5.7183077827382025,46.45190839372075,46.226420525123395,43.28222514681894
2023_10_IND_NE,2023,10,-4.0,16.0,1.5,42.5,-0.26054966817700886,-1.8252266734628484,-0.33231827087552473,41.437141384227445,39.35619504342021,40.7553165616305
2023_10_NO_MIN,2023,10,8.0,46.0,3.0,40.5,0.7128260547032389,0.8821885442177315,0.9081070141736418,44.33119262014604,47.36943999831003,43.81644340357167
2023_10_NYG_DAL,2023,10,32.0,66.0,-17.5,39.0,12.174915967905392,12.14675524287255,12.18391989347351,40.19763647511985,41.95164738612547,39.60185087559936
2023_10_NYJ_LV,2023,10,4.0,28.0,1.0,35.5,8.072090160360027,8.140717991462317,8.366142434107116,36.61321474969058,39.28129547396741,36.03393356092599
2023_10_SF_JAX,2023,10,-31.0,37.0,3.0,44.5,-3.465903990049761,-3.5174501177182047,-2.8488365419314583,48.76631230438473,48.21205131230425,49.001508538166384
2023_10_TEN_TB,2023,10,14.0,26.0,-2.5,39.0,3.598445463105555,3.4928329943854015,3.661042139853002,45.217781225495195,44.402312219066594,45.35258415333199
2023_10_WAS_SEA,2023,10,3.0,55.0,-6.0,44.0,4.779030065441207,4.784386089969355,5.032121374623177,43.184418045351656,43.55798088173324,42.88577552479578
2023_11_ARI_HOU,2023,11,5.0,37.0,-5.0,48.0,8.385909424655706,8.26376532094377,7.937937855551554,41.52351809518892,43.17927953321138,41.21778622186433
2023_11_CHI_DET,2023,11,5.0,57.0,-8.0,48.0,6.657012117078478,6.672653042349361,6.353424971644868,43.63714020249742,47.370386813940286,43.66839056337311
2023_11_CIN_BAL,2023,11,14.0,54.0,-4.0,46.5,7.99286832686666,8.03665502893834,7.612312205212317,43.057072793903956,42.685875470324454,43.11782579321943
2023_11_DAL_CAR,2023,11,-23.0,43.0,11.0,43.0,-9.000962943555319,-8.94918784852523,-8.199691807953736,43.03710263055919,42.51590226502055,43.5010746393357
2023_11_LAC_GB,2023,11,3.0,43.0,3.0,44.0,3.374267457269473,3.0838971013758085,4.034287826463735,46.304305616224646,44.917986702305676,46.02358268984342
2023_11_LV_MIA,2023,11,7.0,33.0,-14.0,44.5,6.3323581639177675,6.069594649502677,5.9363484101950235,43.44284728617538,42.474614205023244,43.71360764085832
2023_11_MIN_DEN,2023,11,1.0,41.0,-2.5,43.0,-4.755636792464598,-4.854142899095686,-4.523636740027326,44.87594620158978,43.83485624550581,44.71943491968447
2023_11_NYG_WAS,2023,11,-12.0,50.0,-8.5,39.0,8.151337121830764,8.13097135445567,8.799945328185768,39.31026222050908,38.94668554487659,39.21021768268616
2023_11_NYJ_BUF,2023,11,26.0,38.0,-8.5,39.0,14.90268923308426,15.002384967079717,14.482346478407937,39.536627266929806,39.78510683432714,40.74803538306858
2023_11_PHI_KC,2023,11,-4.0,38.0,-2.5,46.0,2.945872637878955,2.892548817044016,3.441707002945349,45.28226463841089,44.72042333665711,45.07948212653689
2023_11_PIT_CLE,2023,11,3.0,23.0,-2.0,34.5,3.216118154538633,3.220832790364799,3.717365898172445,37.31301098107193,37.40148691018137,37.664286010850525
2023_11_SEA_LA,2023,11,1.0,33.0,-2.0,46.0,-1.7844016562948195,-1.6721361281140654,-2.162043340109757,42.46090643993148,45.472875019222954,41.94630245753243
2023_11_TB_SF,2023,11,13.0,41.0,-13.5,41.5,11.951717529424402,12.048237262467493,11.555032006886554,49.078128511622864,47.72146669967338,49.05912581637817
2023_11_TEN_JAX,2023,11,20.0,48.0,-6.5,40.0,3.6626218563023607,3.7141639710288548,3.1515580178587284,42.03021902592806,41.90995112662496,41.71112070928024
2023_12_BAL_LAC,2023,12,-10.0,30.0,3.0,49.0,-6.231005453894442,-6.238168418177349,-5.974791880205747,45.57029922767738,48.51794919915476,46.067975602221054
2023_12_BUF_PHI,2023,12,3.0,71.0,-2.5,48.5,-2.7676739936092276,-2.8900360396615112,-3.091005880581477,45.429146483715286,44.407624984328486,45.17191114480481
2023_12_CAR_TEN,2023,12,7.0,27.0,-3.5,35.5,4.19694388919576,4.102500388560997,3.7652104177751404,41.08744304457858,40.296911152361695,40.946446761064635
2023_12_CHI_MIN,2023,12,-2.0,22.0,-3.0,43.5,4.429052375668788,4.459594369191902,4.616431919764766,41.430436783770396,44.25790163483903,41.51861846950711
2023_12_CLE_DEN,2023,12,17.0,41.0,-1.5,37.5,-2.432830895237667,-2.369400762419152,-2.4906415232477808,38.92898512078004,38.67784236193346,38.50396686911636
2023_12_GB_DET,2023,12,-7.0,51.0,-8.5,47.0,7.071135334224733,7.135424205456346,7.309643674423057,46.270173711559586,49.72125326163296,46.33296720854478
2023_12_JAX_HOU,2023,12,-3.0,45.0,1.5,47.5,2.025828188435384,2.0836020068844334,2.377086760076615,45.13103182859384,47.10742493946599,45.00795046357545
2023_12_KC_LV,2023,12,-14.0,48.0,9.0,42.5,-5.373523475327178,-5.313362862057786,-4.762565973030319,38.516468847609026,40.82110967200484,38.3827809186844
2023_12_LA_ARI,2023,12,-23.0,51.0,3.0,45.0,-1.5730182173923182,-1.6607567362523614,-1.4578732116752162,37.33982851505508,38.3634148640844,37.13744486171056
2023_12_MIA_NYJ,2023,12,-21.0,47.0,9.5,40.0,-9.208229435828953,-9.218133844735389,-9.097970172144716,39.68451249381229,39.79717679504828,39.55231847762491
2023_12_NE_NYG,2023,12,3.0,17.0,4.5,36.0,-5.673367505911618,-5.337183643029707,-5.5114494853270495,39.146636137659655,39.48703677112763,39.073083460540545
2023_12_NO_ATL,2023,12,9.0,39.0,2.0,42.0,-3.0120588582842696,-2.9492919154980664,-3.402208554959287,41.665089052879324,42.95794051467419,41.36653676616419
2023_12_PIT_CIN,2023,12,-6.0,26.0,2.0,37.0,2.606006409010613,2.6528888715889365,2.251117170855922,42.344127083798355,42.688621614925786,41.663100305848495
2023_12_SF_SEA,2023,12,-18.0,44.0,7.0,43.0,-7.236097857023257,-7.204403962607652,-7.72112311368064,47.62490801796439,47.65659168229968,47.1654344332139
2023_12_TB_IND,2023,12,7.0,47.0,-2.5,45.0,3.6881559421110532,3.666508574666577,3.3152811668516637,43.16989148220874,44.37055853263435,43.0949857114459
2023_12_WAS_DAL,2023,12,35.0,55.0,-13.0,48.0,11.565100996159122,11.559499699705897,12.289068083371781,41.96796410874029,44.01807050658776,41.75338117539777
2023_13_ARI_PIT,2023,13,-14.0,34.0,-6.0,41.0,8.757428230086862,8.64455902472006,9.424269761954633,38.7299239692849,38.20049437407719,39.5127494290978
2023_13_ATL_NYJ,2023,13,-5.0,21.0,2.0,33.0,-4.243081596762057,-4.1937254413892635,-4.611933955389478,36.54382174297038,36.53195313665651,36.46583440591566
2023_13_CAR_TB,2023,13,3.0,39.0,-3.5,36.5,6.871336668273447,6.9040430432184,6.452243773371937,39.32777851686244,38.262660859972186,39.02344027894054
2023_13_CIN_JAX,2023,13,-3.0,65.0,-10.0,41.0,3.206242608076333,3.2637593718868003,3.3108530159068397,45.83141237705994,45.66809271117123,45.80208129470639
2023_13_CLE_LA,2023,13,17.0,55.0,-3.5,39.5,2.638535414915012,2.8290837745959894,2.2566801831208636,38.9176262551615,42.2083448907504,38.31112677403661
2023_13_DEN_HOU,2023,13,5.0,39.0,-3.0,47.0,3.6489057993235465,3.6356158396506477,3.911505852223851,46.230966325669336,47.97214496965269,42.11563784347341
2023_13_DET_NO,2023,13,-5.0,61.0,4.0,47.5,-0.043537952014701425,-0.054794677803571876,0.2376270416848626,47.04294618239275,50.82860800260431,47.16527643820968
2023_13_IND_TEN,2023,13,-3.0,59.0,1.0,42.0,-2.874051649711415,-2.8691794357374816,-3.3783337622453997,41.34521517382971,40.80505450385975,40.8602140663807
2023_13_KC_GB,2023,13,8.0,46.0,6.0,44.0,-2.717892682962643,-2.8028100279882677,-3.1452319940265476,45.53522100268402,44.702875789808566,45.62140707130741
2023_13_LAC_NE,2023,13,-6.0,6.0,4.5,39.0,2.801803423302677,2.649599734241478,2.3018020206403436,40.837676853581286,40.38281329412927,40.41091299713858
2023_13_MIA_WAS,2023,13,-30.0,60.0,9.0,49.5,-8.098186949309365,-8.126408416787024,-8.206077856652877,43.556455552064165,43.34074524322353,43.469408644708025
2023_13_SEA_DAL,2023,13,6.0,76.0,-9.5,47.5,12.410124504182068,12.483576009111232,12.144985475871533,45.477008191452605,47.55287209282399,46.241048866855785
2023_13_SF_PHI,2023,13,-23.0,61.0,3.0,46.5,-3.7295008990183347,-3.6913467060124026,-3.239666499889099,49.148350122041954,48.771104173864764,49.107350708882144
2023_14_BUF_KC,2023,14,-3.0,37.0,-2.0,49.5,-1.346298027178936,-1.2408414072206122,-1.0581068926918753,45.182429527957126,44.77354693789469,45.407968942922984
2023_14_CAR_NO,2023,14,22.0,34.0,-5.0,39.0,9.449852382149315,9.488807583932092,9.542119845597258,41.27166199758781,45.14113057725823,41.37401498840321
2023_14_DEN_LAC,2023,14,-17.0,31.0,-3.0,46.0,2.3082157517737953,2.37167664000291,3.0021363216236265,41.6658038633633,44.56931100228611,41.78052346973846
2023_14_DET_CHI,2023,14,15.0,41.0,3.0,44.5,-1.9153176318432683,-1.894633161987692,-2.422187634095618,43.49101293711128,42.71997104152568,43.677050729884826
2023_14_GB_NYG,2023,14,2.0,46.0,5.5,37.0,-10.861107238183507,-10.657708732478746,-10.27281863196767,43.45926854319292,43.48355858693596,42.95091977255236
2023_14_HOU_NYJ,2023,14,24.0,36.0,3.0,33.5,-5.6107787752920135,-5.548116825014305,-4.909682913738839,39.31785754597748,39.405424503727374,39.37078461340846
2023_14_IND_CIN,2023,14,20.0,48.0,-3.0,44.5,0.5881900164236269,0.6159279084106318,0.814666892203358,44.281899809863546,44.30728836634498,44.01150367889272
2023_14_JAX_CLE,2023,14,4.0,58.0,-2.0,37.5,1.705377165749125,1.7969649383824449,2.416665836156013,41.234208649504865,41.20083492853445,41.203305248509864
2023_14_LA_BAL,2023,14,6.0,68.0,-7.5,42.0,9.504299718428442,9.34682168942674,10.252157719817573,43.81313964022104,43.233894061486254,43.80257247891317
2023_14_MIN_LV,2023,14,-3.0,3.0,3.0,40.5,-1.0382363570756588,-1.0347652494226827,-0.644105107106562,40.36228531966973,42.68390737777666,40.21085329423659
2023_14_NE_PIT,2023,14,-3.0,39.0,-5.0,30.5,5.666671245019077,5.756087744795345,5.326006085289544,38.4504709408533,38.12706625795403,38.682094673729345
2023_14_PHI_DAL,2023,14,20.0,46.0,-3.5,52.5,8.760102617147973,8.82017794020847,8.345994069475791,46.72532407361418,48.29655874608853,46.83588569716604
2023_14_SEA_SF,2023,14,12.0,44.0,-14.5,44.5,14.00267809342101,14.009959961739915,13.650654643672173,47.67411039537134,46.666993852757386,47.6845941505205
2023_14_TB_ATL,2023,14,-4.0,54.0,-1.5,41.5,2.3895982694650133,2.401398004291398,1.8916470121832816,39.73743238640496,40.65240091380586,39.78205286018024
2023_14_TEN_MIA,2023,14,-1.0,55.0,-13.5,45.0,14.059828445273277,14.172306137414314,13.721475287896164,45.39957003845653,45.163760028607435,45.41069461846699
2023_15_ATL_CAR,2023,15,2.0,16.0,2.5,32.0,-4.66200866416189,-4.632204414113325,-3.9816017477032117,36.75861199765194,36.25685229438537,36.21866496674491
2023_15_BAL_JAX,2023,15,-16.0,30.0,4.0,42.5,-5.785992589681071,-5.726595216291001,-5.229978403224821,44.80705294763125,44.63037109513433,44.584688725277935
2023_15_CHI_CLE,2023,15,3.0,37.0,-3.0,37.5,1.0484912167331375,0.9924098155480869,1.6162915440612076,36.87750331189345,36.420937207881735,37.558795141872785
2023_15_DAL_BUF,2023,15,21.0,41.0,-2.5,49.0,1.9711468560177317,1.8778378234019495,1.5022449308384096,47.266180686149006,46.87747672134867,47.95505717974052
2023_15_DEN_DET,2023,15,25.0,59.0,-5.0,49.0,6.346516809553683,6.2651772756060815,7.56324048390214,43.66467894562933,47.29989087644945,44.85745649772584
2023_15_HOU_TEN,2023,15,-3.0,35.0,-3.0,38.0,2.747993117063894,2.7320735110520658,3.008365031303617,43.19282457004323,42.982830004096336,43.01789087968524
2023_15_KC_NE,2023,15,-10.0,44.0,9.5,39.5,-5.82355290462146,-5.7235195660041525,-5.583998332774496,39.8016556469277,39.87393319052135,39.90719736501923
2023_15_LAC_LV,2023,15,42.0,84.0,-3.0,35.5,0.9072092519977688,0.8970583726536504,0.43009829530044563,37.541475864570074,39.839250825832835,37.21442228027884
2023_15_MIN_CIN,2023,15,3.0,51.0,-3.0,41.0,1.0619214912210262,1.0334187164518365,1.3849789382513993,42.994636059004726,42.914601580209,42.67527210922312
2023_15_NYG_NO,2023,15,18.0,30.0,-6.0,39.5,12.786817211795023,12.79032498584777,13.317480739580056,41.78222472390066,45.881843322547304,41.946394581444
2023_15_NYJ_MIA,2023,15,30.0,30.0,-7.0,35.5,15.764164778435687,15.825132331658862,15.946972269393072,37.53462806232396,37.282159917873585,37.27238291738554
2023_15_PHI_SEA,2023,15,3.0,37.0,4.0,46.5,-2.148456355501337,-2.0675625932988475,-1.8544095300502008,45.917188731097816,46.115130220685245,45.51680460860895
2023_15_PIT_IND,2023,15,17.0,43.0,-1.0,41.5,2.6409113985227957,2.683959381388663,3.101623659687891,41.15138199294663,43.13923225490864,41.69047441467083
2023_15_SF_ARI,2023,15,-16.0,74.0,11.5,48.5,-15.2351915123985,-15.178999064860534,-15.729577649875681,45.280668721269436,47.46407028588444,44.80055447357316
2023_15_TB_GB,2023,15,-14.0,54.0,-4.0,41.5,5.907427052849406,5.947447957202017,5.39194511724956,45.74585364363736,44.841132498265665,45.441184256657515
2023_15_WAS_LA,2023,15,8.0,48.0,-6.5,48.5,9.349189592003526,9.366328137475094,9.273148822292914,43.80954082649656,47.00337906638491,44.33343997245377
2023_16_ARI_CHI,2023,16,11.0,43.0,-4.5,42.0,9.07167178411868,9.086781456570352,9.311918828630683,37.68009953150098,37.11167592720223,37.8054289671981
2023_16_BAL_SF,2023,16,-14.0,52.0,-6.5,47.5,7.482178966938818,7.478016223929486,8.36931666288932,50.87587813837911,50.22131403656274,50.72475041791855
2023_16_BUF_LAC,2023,16,-2.0,46.0,12.5,44.5,-11.750441242103022,-11.572681459182709,-10.575278018342292,43.015060851432835,45.99111541409871,42.40274505538259
2023_16_CIN_PIT,2023,16,23.0,45.0,3.0,39.0,-1.076067939283322,-1.0673052116001889,-0.6153242926521787,42.15331944574298,41.7891180675831,41.43481383971244
2023_16_CLE_HOU,2023,16,-14.0,58.0,3.0,40.0,1.5496701733796985,1.6647797429124043,1.1682591309192245,37.942566302965844,40.752403939485355,38.7155246754123
2023_16_DAL_MIA,2023,16,2.0,42.0,-1.5,48.5,3.936853284852279,3.7994384623419695,4.263936068559424,45.629058530957984,44.88290799185234,45.783695738186005
2023_16_DET_MIN,2023,16,-6.0,54.0,2.5,47.5,-1.5213597821513416,-1.501566317434262,-2.0052900378757625,43.450340827822764,46.654196716017005,43.9663157597193
2023_16_GB_CAR,2023,16,-3.0,63.0,3.5,38.5,-4.911398778379992,-4.85404764137071,-5.425201801038992,42.621069725377296,42.181599911230926,42.32555289778474
2023_16_IND_ATL,2023,16,19.0,39.0,-2.5,44.5,-0.2947952250578183,-0.3663703346631719,-0.003204665006205809,40.20055559641573,41.14544512087153,40.844281937033614
2023_16_JAX_TB,2023,16,18.0,42.0,2.0,43.0,3.4417455356534843,3.357377431084515,4.167547418444069,45.5065224217872,44.56121572798439,45.17050224049737
2023_16_LV_KC,2023,16,-6.0,34.0,-11.0,40.5,7.6416162603673135,7.334901860786296,7.974072709723735,38.85360748710577,37.81788230835924,38.56307554510115
2023_16_NE_DEN,2023,16,-3.0,49.0,-7.0,37.5,3.524822289512478,3.646143094706778,3.8545677354693546,37.12269285100258,36.78682156511973,37.109710899264606
2023_16_NO_LA,2023,16,8.0,52.0,-4.0,45.0,-0.477789685587495,-0.4203124137263695,-0.8384623200622208,44.30777318357108,46.9889678403145,44.50797865345358
2023_16_NYG_PHI,2023,16,8.0,58.0,-14.0,41.5,13.826892422104306,13.830495612588757,14.00721357814824,40.69427940149095,39.913218321830676,41.36829905512111
2023_16_SEA_TEN,2023,16,-3.0,37.0,3.0,42.0,1.7744907501270482,1.6633532292735957,1.3183023938183742,44.4592780066794,44.053425751211414,44.29752740204096
2023_16_WAS_NYJ,2023,16,2.0,58.0,-3.0,37.0,-0.7944507285278646,-0.5463710346846674,-0.7591303839126299,34.26495569125004,34.88028515451233,34.08511897412405
2023_17_ARI_PHI,2023,17,-4.0,66.0,-12.5,48.0,13.545955136570717,13.566842173955157,13.742339555018301,42.64627729324254,41.84802579031802,42.78590642668379
2023_17_ATL_CHI,2023,17,20.0,54.0,-2.5,39.0,2.020045301622106,1.9830262324034331,1.6204368306532835,38.47096018030817,37.82367610671798,38.17072759464832
2023_17_CAR_JAX,2023,17,26.0,26.0,-3.5,37.5,6.208690872668428,6.128750499368824,5.807059357448533,40.794143499460496,39.90785160469709,40.81185432746143
2023_17_CIN_KC,2023,17,8.0,42.0,-7.0,46.5,8.598196979241324,8.577435645759392,9.110655799921727,44.20056606777015,43.73657058034606,44.27894311356624
2023_17_DET_DAL,2023,17,1.0,39.0,-4.0,53.0,3.715223773191211,3.8193795804653097,3.5832119103219857,48.682177435834426,50.37483568197682,49.22525391673079
2023_17_GB_MIN,2023,17,-23.0,43.0,-1.0,42.5,0.0887345985210733,0.12131892886717707,0.3785951159540321,45.82254069777449,49.10321662066353,46.03689725413083
2023_17_LAC_DEN,2023,17,7.0,25.0,-3.5,39.0,5.205408956063106,5.03402096490107,4.815913283471211,39.3150368340783,38.4168425881086,39.37050916422024
2023_17_LA_NYG,2023,17,-1.0,51.0,6.0,43.5,-9.693451245024047,-9.664623340705035,-9.488894425689079,43.32336408327201,42.97527327133326,43.40282708725549
2023_17_LV_IND,2023,17,3.0,43.0,-3.5,42.0,2.6862811135787577,2.581796835541103,3.2109851755075045,37.29478961054978,38.88492499613664,37.02826964072543
2023_17_MIA_BAL,2023,17,37.0,75.0,-3.0,46.5,0.5633413622480206,0.6144869691181842,0.1266090126519171,44.022634056376894,43.86260622821083,44.425845537861036
2023_17_NE_BUF,2023,17,6.0,48.0,-14.5,40.0,14.39278509960612,14.405140554110666,14.98954075688349,38.90887588005843,38.88286260121912,39.85974057625876
2023_17_NO_TB,2023,17,-10.0,36.0,-2.5,42.5,0.3798956519701556,0.3957504857567121,1.0084076283477508,43.70812760076101,43.044367085720545,42.98833768324915
2023_17_NYJ_CLE,2023,17,17.0,57.0,-7.0,33.5,11.167130907450739,11.267084798026437,10.75754998349865,31.779540495466772,31.843167516134976,31.487496293460428
2023_17_PIT_SEA,2023,17,-7.0,53.0,-4.0,40.5,0.1444086732369244,0.061343649346018714,-3.1598725513705634,42.84426657633914,42.93400521334604,42.944265421246534
2023_17_SF_WAS,2023,17,-17.0,37.0,14.0,48.5,-13.338966741441698,-13.34212876987149,-14.9492111155554,47.190497911683345,47.08726642952408,47.843889312477415
2023_17_TEN_HOU,2023,17,23.0,29.0,-5.0,44.0,0.07356428970843593,0.11400295328894866,-0.039821859474702744,40.30524338591317,42.64641224088693,39.73542527360264
2023_18_ATL_NO,2023,18,31.0,65.0,-3.0,41.5,4.597610748564495,4.592031443932019,4.112136693890043,40.5255670860146,44.575586450401346,40.700152834135196
2023_18_BUF_MIA,2023,18,-7.0,35.0,2.5,48.0,-3.2134289333731227,-3.189279483871777,-3.6770996102044293,43.107162587565384,42.50002326514308,43.106891221140174
2023_18_CHI_GB,2023,18,8.0,26.0,-2.5,46.0,5.072317399368686,5.102230263659327,5.025595302800137,44.504262946599475,44.23700990949634,44.495806733634126
2023_18_CLE_CIN,2023,18,17.0,45.0,-7.0,37.0,-1.301136248168156,-1.2567972923316948,-1.7435880027196542,40.87885286958236,41.407753727614654,41.34493856833556
2023_18_DAL_WAS,2023,18,-28.0,48.0,13.0,47.5,-10.224536499338283,-10.194348897203014,-10.237554428901152,42.558162801272175,42.086809376931754,43.747706202525826
2023_18_DEN_LV,2023,18,13.0,41.0,-3.5,37.5,2.455688071307901,2.429618555206943,2.0923956890215107,36.71998112515184,38.917612896365924,36.96434748853133
2023_18_HOU_IND,2023,18,-4.0,42.0,,,2.828453817093128,2.83030605300891,3.2024150574320234,39.23017389355826,41.14496985951344,38.91710872746036
2023_18_JAX_TEN,2023,18,8.0,48.0,3.5,41.5,-2.9986904908439818,-2.9602990288920474,-2.7890650443573866,39.25111767965607,38.57088570629385,39.502392575419464
2023_18_KC_LAC,2023,18,-1.0,25.0,-3.5,35.0,-8.307154412968586,-8.27686035040359,-8.515351767384058,39.84240075056605,42.812167445961535,39.384830473072014
2023_18_LA_SF,2023,18,-1.0,41.0,-5.5,40.0,10.468261373821592,10.48461672497284,10.994892331717713,49.86743110569822,48.825156824218624,50.06270865104973
2023_18_MIN_DET,2023,18,10.0,50.0,-4.0,47.5,9.787933172253583,9.829274928772113,9.48590531495702,44.21311996686102,48.22044690575288,44.3084557574
2023_18_NYJ_NE,2023,18,-14.0,20.0,-2.0,28.5,6.41968983140339,6.479591133406543,5.963649127279971,30.676735844492022,31.011182309330884,30.593481257454854
2023_18_PHI_NYG,2023,18,17.0,37.0,5.0,43.5,-12.034106764460919,-11.953427442754355,-15.40653243665107,42.160588554973444,41.579031226897044,42.06415509115233
2023_18_PIT_BAL,2023,18,-7.0,27.0,3.0,34.0,10.787393582230866,10.805592656170331,10.42939997407901,45.52655505987163,45.37239026942401,45.29527911143222
2023_18_SEA_ARI,2023,18,-1.0,41.0,3.0,48.0,-1.0536445603173612,-1.0117948662044198,-1.5249752796779514,43.719214726965475,45.15399126718351,44.27276909091176
2023_18_TB_CAR,2023,18,-9.0,9.0,4.5,36.5,-4.993829377346386,-4.992446238300659,-4.397368737496304,39.93618050669301,39.22995772553153,39.50370645995642
2024_01_ARI_BUF,2024,1,6.0,62.0,-6.5,46.5,6.253647000395576,6.236523962931452,5.1221750615698145,46.59051982757826,46.11619923489874,46.505049578423936
2024_01_BAL_KC,2024,1,7.0,47.0,-3.0,47.0,0.37767847272565586,0.4107324172884168,1.0096628511271164,46.70808977876992,46.232463847510104,46.30534598716051
2024_01_CAR_NO,2024,1,37.0,57.0,-4.0,41.5,4.974926900533966,5.0115616365191595,4.458261372615081,43.19153295452506,47.14494974864841,43.329469423828634
2024_01_DAL_CLE,2024,1,-16.0,50.0,-2.5,41.0,-2.3443790982346826,-2.3567711556076825,-2.819484973848492,45.749291437162995,45.05850080879905,45.63969437698799
2024_01_DEN_SEA,2024,1,6.0,46.0,-6.0,42.0,1.5496035736833322,1.5642209619510448,1.1118442102334603,46.436241116164965,46.21615394106718,46.30977524624134
2024_01_GB_PHI,2024,1,5.0,63.0,-2.0,49.5,-1.003591901582972,-2.7322702256885876,-0.6423822474787654,48.01954034489522,45.15492535729578,48.13001370011136
2024_01_HOU_IND,2024,1,-2.0,56.0,3.0,48.5,0.5109918872363239,0.5380912036189913,0.046647539033853935,44.48098836918894,46.83032630580795,44.32101839280169
2024_01_JAX_MIA,2024,1,3.0,37.0,-3.5,49.0,2.5354432674201632,2.543984989498157,2.514850239795162,45.823836985826745,45.281090907145476,46.069146708887175
2024_01_LA_DET,2024,1,6.0,46.0,-4.5,52.5,2.254408158160762,2.2508528591909305,2.820168555928036,48.50321031521482,52.16095197165199,48.69336487320664
2024_01_LV_LAC,2024,1,12.0,32.0,-3.0,40.0,-1.2260512865374604,-1.1623786985118745,-0.6414218772034787,42.98382276234875,45.63642817990634,43.059169112436685
2024_01_MIN_NYG,2024,1,-22.0,34.0,1.5,41.0,0.6073035756205478,0.6556585600859138,0.6460968708577127,45.01763257010148,44.67034090943229,44.88587520545985
2024_01_NE_CIN,2024,1,-6.0,26.0,-8.0,41.0,3.243226603751653,3.279828899162232,3.213762430342531,44.07526687530544,44.10747542945309,43.98482186487768
2024_01_NYJ_SF,2024,1,13.0,51.0,-3.5,43.5,7.675813054666458,7.712232497772212,8.006895674025923,45.200365766873304,44.03850607634563,45.359272815915645
2024_01_PIT_ATL,2024,1,-8.0,28.0,-3.5,42.0,0.2600884656723411,0.3171554886787261,0.3198425485798023,44.90280785869432,46.69688202414375,44.49554663280119
2024_01_TEN_CHI,2024,1,7.0,41.0,-4.0,44.5,2.651808090971767,2.637323967064508,2.2117861203974285,44.92749870643712,44.22238592951179,45.00606245660438
2024_01_WAS_TB,2024,1,17.0,57.0,-3.5,42.5,4.50479429557495,4.542951757125004,4.048280626781012,45.45549633842522,45.03046115409518,45.7513010344276
2024_02_ATL_PHI,2024,2,-1.0,43.0,-5.5,46.5,2.9513317336214624,3.0007122442855034,3.4880858481737502,45.062216195393596,44.68501139651502,45.088490900155875
2024_02_BUF_MIA,2024,2,-21.0,41.0,-2.5,48.5,-3.241898063326176,-3.203689472730206,-2.606125842254187,46.65580192406932,46.20838279261123,46.07119040274483
2024_02_CHI_HOU,2024,2,6.0,32.0,-6.0,45.5,2.572484999281298,2.5578832857782374,2.9679530379788663,44.51499021029067,46.78803737842604,44.24424738332632
2024_02_CIN_KC,2024,2,1.0,51.0,-6.5,47.5,4.243928772878142,4.313790232616887,4.897854223730568,46.61296968989829,46.292642673543696,46.365599215614004
2024_02_CLE_JAX,2024,2,-5.0,31.0,-3.0,41.5,2.783453524326369,2.859445926197681,2.229630460927991,43.68137919247455,43.38658104625604,43.802726026401785
2024_02_IND_GB,2024,2,6.0,26.0,2.5,41.5,4.520113552872486,4.54090659702569,4.151346518275091,47.946770597254066,47.35195719714293,48.02928537009127
2024_02_LAC_CAR,2024,2,-23.0,29.0,4.5,38.5,-3.2621874716224886,-3.378319988478882,-2.992341359657485,41.65548868009031,40.29520726440239,42.01151952424377
2024_02_LA_ARI,2024,2,31.0,51.0,-1.0,47.5,-2.6341620267379207,-2.6633890123287647,-2.566246420653572,46.08168074887066,47.62280320657455,46.917376091904615
2024_02_LV_BAL,2024,2,-3.0,49.0,-8.5,41.5,6.784179573849522,6.698799974644348,5.658644773293432,45.1983793006815,44.106240721346374,45.272186342810556
2024_02_NO_DAL,2024,2,-25.0,63.0,-6.5,47.0,-0.4691177573366603,-0.39968100631272213,-1.8275414463078488,46.161152875871295,48.478982785269665,46.30854804596013
2024_02_NYG_WAS,2024,2,3.0,39.0,-1.5,42.5,2.6261609827198766,2.663678009203165,3.0286901606570376,42.26695247194456,41.64972025620276,41.67572234853397
2024_02_NYJ_TEN,2024,2,-7.0,41.0,4.0,41.5,2.9495662250259667,3.010893206456128,3.214831008613838,41.73334372764504,41.23716572757161,41.22007067823049
2024_02_PIT_DEN,2024,2,-7.0,19.0,2.5,36.5,-2.1515974256780392,-2.100881692590796,-2.635525961089526,43.368879805114496,42.824136678675906,43.22163629205894
2024_02_SEA_NE,2024,2,-3.0,43.0,3.0,38.5,0.8703021535296509,0.8560137365122751,1.0905955631160424,43.51899802197775,43.14421918814145,43.683351816074634
2024_02_SF_MIN,2024,2,6.0,40.0,4.5,46.5,-1.1295869766864701,-1.0591811085975245,-0.7068580844523935,48.52637787856964,51.83991223904124,47.94405306791696
2024_02_TB_DET,2024,2,-4.0,36.0,-7.5,51.5,2.3260407017261144,2.41146841341127,2.5169486874425173,49.04813594738016,52.90911223658542,48.90434956795534
2024_03_BAL_DAL,2024,3,-3.0,53.0,1.5,47.5,-2.113791265694514,-2.1366246465630834,-1.628839014082026,45.623627895183894,47.504844475032755,45.52710517384536
2024_03_CAR_LV,2024,3,-14.0,58.0,-5.5,40.0,6.360239008248944,6.394993682082405,6.268922850101813,40.621219303306596,42.53617007658262,40.11921934920426
2024_03_CHI_IND,2024,3,5.0,37.0,-1.5,43.5,2.2623859730249865,2.278572649453093,2.8129633033450467,42.95050564931958,45.09103345771113,42.99877040244419
2024_03_DEN_TB,2024,3,-19.0,33.0,-6.0,40.5,5.265401150169283,5.2470244717051,4.658394274186046,45.193286334711594,44.4298525150437,45.322235959545445
2024_03_DET_ARI,2024,3,-7.0,33.0,3.0,51.5,0.00476086462854125,0.08270566910652907,-0.1731540331034746,48.155284417359525,50.38037409900033,48.457192739345665
2024_03_GB_TEN,2024,3,-16.0,44.0,-3.0,37.0,-3.720275158255572,-3.708525973741689,-3.1379916039145295,47.64961718021886,46.830145300549106,47.39464580747379
2024_03_HOU_MIN,2024,3,27.0,41.0,2.0,46.5,2.757907675121061,2.8137994918101543,2.784062934486036,44.84063475474905,47.996679518946735,45.55663806986857
2024_03_JAX_BUF,2024,3,37.0,57.0,-4.0,46.5,9.907116647418786,9.947199760583628,9.490619279897318,47.686710204755,47.61074459328329,47.31588598148458
2024_03_KC_ATL,2024,3,-5.0,39.0,3.5,46.5,-0.5332052727716251,-0.5447847363872974,-1.0828967300736194,45.079711596905895,46.11086502694338,45.240727598643495
2024_03_LAC_PIT,2024,3,10.0,30.0,-2.5,35.5,1.364601474051113,1.294817156795282,0.9380590070659728,43.00491446181936,41.921935394206756,43.1524224578438
2024_03_MIA_SEA,2024,3,21.0,27.0,-4.0,41.5,2.2523830091462913,2.2233828869851195,2.847064198339118,45.808519220951005,45.540117031312754,45.52570927692397
2024_03_NE_NYJ,2024,3,21.0,27.0,-6.0,39.0,-1.2484002205504934,-1.2020628564533897,-1.0525009480005794,39.61765536208874,38.71901133333282,39.783002425326956
2024_03_NYG_CLE,2024,3,-6.0,36.0,-6.5,38.0,3.3298976291310343,3.3355654892493845,2.9126898149932465,43.034448056498825,42.2789110118526,42.94068283773104
2024_03_PHI_NO,2024,3,-3.0,27.0,-2.5,49.5,9.489184904607566,9.506532094580336,9.098444592890921,48.71034604379506,52.50140362317092,48.644676409229305
2024_03_SF_LA,2024,3,3.0,51.0,6.0,44.5,-5.117051107645947,-5.061328505721862,-4.953199936776686,47.79475656713626,50.52137078694478,47.798622344356026
2024_03_WAS_CIN,2024,3,-5.0,71.0,-7.5,46.0,4.610975520434297,4.551074727486021,4.693051770349141,45.38266619090732,44.75821490770502,45.26243026444897
2024_04_BUF_BAL,2024,4,25.0,45.0,-2.5,47.5,-1.1961304103578545,-1.103998598040976,-1.6988035238134336,50.34734272132996,49.85067311825133,49.78229882726464
2024_04_CIN_CAR,2024,4,-10.0,58.0,4.5,47.0,-4.4725957073179305,-4.434770025935378,-4.954446237374176,43.3236547609186,42.444320896533625,43.37120165288634
2024_04_CLE_LV,2024,4,4.0,36.0,2.5,37.0,2.1650579582157174,2.1996864892448906,2.928703524343971,42.47004647040825,44.653939375889394,42.630037879461895
2024_04_DAL_NYG,2024,4,-5.0,35.0,5.0,44.5,1.5653205024461283,1.595852022592888,1.6148133921684988,44.000403528598845,43.01103056056161,43.8552008688207
2024_04_DEN_NYJ,2024,4,-1.0,19.0,-8.0,39.5,4.095430482758118,4.165081027063859,3.657838959719935,40.67137958629095,40.058362846571264,40.704381723280164
2024_04_JAX_HOU,2024,4,4.0,44.0,-5.5,44.5,2.3336939712055518,2.3413048344930236,2.5516924729029626,43.218515028034325,45.564432598912866,43.49632090560418
2024_04_KC_LAC,2024,4,-7.0,27.0,7.0,41.5,-2.6423458503723136,-2.6340813616671577,-3.1015833213045974,42.77681672663972,45.00709326027363,42.38095667256761
2024_04_LA_CHI,2024,4,6.0,42.0,-3.0,40.5,1.9812345163814657,1.921478266689548,1.5561026857590996,44.45189429364307,43.524731620336,44.61293881832393
2024_04_MIN_GB,2024,4,-2.0,60.0,-2.5,44.5,1.8358629896853778,1.85605534371512,1.707528238185416,47.092439472965474,46.63652952150098,47.43047970789663
2024_04_NE_SF,2024,4,17.0,43.0,-10.5,41.5,8.853187853604194,8.868788671512904,9.129849475747157,44.45121568415076,43.10953201693917,43.78178114134558
2024_04_NO_ATL,2024,4,2.0,50.0,-2.5,42.5,-5.583341143439056,-5.512341319219176,-6.116463106005005,45.19063721473403,46.60777162324108,45.288739160270616
2024_04_PHI_TB,2024,4,17.0,49.0,1.0,42.5,0.4279348063675493,0.4525019879836626,0.8278710878654745,47.618304795802665,47.226368898385296,47.896122742101944
2024_04_PIT_IND,2024,4,3.0,51.0,2.5,40.5,-2.201722865063252,-2.1089829636623096,-1.8447289075169306,43.59509981013104,45.908612375080914,43.69667542711626
2024_04_SEA_DET,2024,4,13.0,71.0,-4.0,47.0,4.810556666318818,4.879119707400812,5.41459401847236,45.34543818235679,49.13767412274711,45.21832128047238
2024_04_TEN_MIA,2024,4,-19.0,43.0,-2.5,38.0,3.0610568113323384,3.1485610025579773,3.0857865656682115,42.45855955806046,42.650122452528,42.45267087426717
2024_04_WAS_ARI,2024,4,-28.0,56.0,-3.5,48.5,1.5945228363854602,1.673395079071176,1.7919749485270813,49.134788462074624,50.981594378249845,49.343039179339634
2024_05_ARI_SF,2024,5,-1.0,47.0,-7.0,49.0,8.04303813166235,8.068637637744425,8.695272425284877,47.77565298841139,46.46974041669089,47.622218666858075
2024_05_BAL_CIN,2024,5,-3.0,79.0,2.5,48.0,-3.995795330137088,-3.973837942411094,-3.8449144177514376,48.44706440913895,48.23180142717591,49.37806858920209
2024_05_BUF_HOU,2024,5,3.0,43.0,-1.0,47.5,-4.508165525290172,-4.45338956664469,-5.003864458388323,48.06319772221828,50.29354262498066,47.38776542292521
2024_05_CAR_CHI,2024,5,26.0,46.0,-4.0,40.5,5.409962475514661,5.436280199223327,4.984497314019197,40.80037674963849,39.99627251927419,40.78518301725819
2024_05_CLE_WAS,2024,5,21.0,47.0,-3.0,44.0,8.914549773473675,8.913196782597732,9.440822041444113,45.06756736590932,44.14452812716553,45.44759235410139
2024_05_DAL_PIT,2024,5,-3.0,37.0,-2.5,44.0,3.6384261011512407,3.6134462076896248,3.748938080509112,45.49378548505381,44.48185922952311,43.30501899554769
2024_05_GB_LA,2024,5,-5.0,43.0,3.0,49.5,-2.26163919038013,-2.2322442279030112,-2.2868209723917348,49.30038375499716,51.40943257717074,49.731706147479414
2024_05_IND_JAX,2024,5,3.0,71.0,-3.5,45.0,-1.6091460937307807,-1.5890168879830062,-2.1081901813544053,44.6123782736953,44.06662479975622,44.62819465848954
2024_05_LV_DEN,2024,5,16.0,52.0,-3.0,36.0,2.8651335881635,2.794213817834404,3.0226773658830286,38.952433127990375,37.70441145554104,38.28290492100267
2024_05_MIA_NE,2024,5,-5.0,25.0,2.0,37.0,-0.5319199864033874,-0.5157536758662732,-0.9620181033737072,38.11182103593418,37.88417999220071,37.936216301325096
2024_05_NO_KC,2024,5,13.0,39.0,-5.5,43.0,-0.46822069760813695,-0.4300631965938091,-1.0454058939437507,46.38022551039471,45.366043991326094,46.505163790475294
2024_05_NYG_SEA,2024,5,-9.0,49.0,-7.0,42.5,3.9223896118507633,3.9915916791643764,4.726590900600737,44.065273571620516,43.613516454284465,44.24084537470601
2024_05_NYJ_MIN,2024,5,6.0,40.0,-2.5,42.0,5.465502245808534,3.7260929822310294,5.9425418544223625,43.643429485992975,41.27500636048317,43.67024395464913
2024_05_TB_ATL,2024,5,6.0,66.0,-2.5,44.0,-0.4626033927291727,-0.40774801447026815,-0.37871956606546764,44.611676431958024,45.80168596048468,44.549810969772324
2024_06_ARI_GB,2024,6,21.0,47.0,-5.5,47.0,5.265047993945502,5.281372218475598,5.919580317029458,48.87966042211846,47.872596627769674,49.82557114982188
2024_06_ATL_CAR,2024,6,-18.0,58.0,6.0,46.0,-5.2905883150875495,-5.2568182300997455,-5.528503549078529,42.51830177458791,41.732533095539914,42.55995390819604
2024_06_BUF_NYJ,2024,6,-3.0,43.0,1.0,41.0,-4.419260265851999,-4.361599723242501,-4.285583954636305,42.93595526644598,42.20122427502469,43.06250841759376
2024_06_CIN_NYG,2024,6,-10.0,24.0,4.0,46.5,-1.9519749378344897,-1.866506721895383,-1.915477871804761,46.4896831566467,45.52220482850042,43.940412705968676
2024_06_CLE_PHI,2024,6,4.0,36.0,-8.5,42.0,7.000324873223933,7.01948859519779,6.550957632267676,42.91324484591225,42.42908020985903,42.496320036077854
2024_06_DET_DAL,2024,6,-38.0,56.0,3.5,53.5,-2.792582005854668,-2.7302012933244986,-1.6176478283714577,49.13040376055386,51.394567713835784,49.115620682634514
2024_06_HOU_NE,2024,6,-20.0,62.0,6.5,38.0,-2.2950676550727778,-2.2337444677857166,-1.7373624724421186,41.707413720539996,41.3195648722322,42.05210748948816
2024_06_IND_TEN,2024,6,-3.0,37.0,-2.5,42.5,-1.5491639361451315,-1.537506911663352,-0.3469339532293849,42.540578595498076,42.36142633788549,42.41369903323505
2024_06_JAX_CHI,2024,6,19.0,51.0,1.5,44.5,4.827967067488139,3.1151500611250054,4.871263147254867,46.01616215168053,43.777916356033664,46.127028502364674
2024_06_LAC_DEN,2024,6,-7.0,39.0,3.0,36.5,1.8417814393051188,1.806898689852187,1.917813272608675,38.98247198729118,38.15974017273332,39.13015065412228
2024_06_PIT_LV,2024,6,-19.0,45.0,3.0,36.5,-4.106073157046778,-4.016869005502446,-3.514660173960517,42.53673158728091,44.798624969319214,42.868410406185745
2024_06_SF_SEA,2024,6,-12.0,60.0,3.5,48.5,-4.071131395866563,-4.020856717935767,-4.588057712839713,47.447226453009606,47.292838420430556,47.50921732560434
2024_06_TB_NO,2024,6,-24.0,78.0,3.5,42.5,3.437867993895732,3.4274230095817564,3.8271896945070862,46.544941791699294,50.31207427025039,46.41633749139874
2024_06_WAS_BAL,2024,6,7.0,53.0,-7.0,51.0,5.64760386657786,5.631578780953167,5.650605486652732,50.68092107672413,49.8008218068343,51.252326997484545
2024_07_BAL_TB,2024,7,-10.0,72.0,4.0,51.0,-1.404750408660583,-1.3998321296058311,-0.8640579494557582,50.800565051459316,50.31888559169234,50.689670567201375
2024_07_CAR_WAS,2024,7,33.0,47.0,-10.0,51.0,11.24467585414548,11.29110656847615,11.31518844486336,45.94736760094816,45.3640430984903,46.118643567874884
2024_07_CIN_CLE,2024,7,-7.0,35.0,5.5,41.5,-7.581843007293859,-7.562390183003676,-7.01096918811803,43.73381093120171,43.100901346876526,43.6573495675805
2024_07_DEN_NO,2024,7,-23.0,43.0,3.0,37.0,4.094076433495544,4.039186362827857,4.569156586737443,43.74812527424511,47.17149915823858,43.85429256574309
2024_07_DET_MIN,2024,7,-2.0,60.0,-1.0,50.5,-2.6554185708762246,-2.6137115772884165,-3.09153685268408,46.78904080723851,50.161843275081694,46.865917726667305
2024_07_HOU_GB,2024,7,2.0,46.0,-3.0,48.0,6.427055917123549,6.434526815115342,6.5280229250246675,48.51776236368863,47.2254504911111,49.007204164820486
2024_07_KC_SF,2024,7,-10.0,46.0,-2.5,48.0,3.959806729864717,3.979449839007826,4.331814943515261,48.059036466197085,46.81733730981319,48.661384545027055
2024_07_LAC_ARI,2024,7,2.0,32.0,1.0,44.5,1.7968520597821278,1.8110245537271072,1.2991395254659757,45.4748816067905,47.08390929052989,45.16991276271275
2024_07_LV_LA,2024,7,5.0,35.0,-7.0,43.5,5.332294528873362,5.5389562999885715,4.927060510049233,42.85941915713087,46.2015206566677,43.78725024057919
2024_07_MIA_IND,2024,7,6.0,26.0,-3.0,44.0,5.21359667378522,5.262686294110898,5.634853443089315,43.8697006019458,46.35282741080844,44.38820419090277
2024_07_NE_JAX,2024,7,16.0,48.0,-7.0,42.5,5.396881958540739,3.5565302763592297,4.991506331530327,42.89455693691642,41.19125079696645,42.93281022051151
2024_07_NYJ_PIT,2024,7,22.0,52.0,2.5,40.5,6.456229572960525,6.5086287495050295,6.7483657512389685,42.739490820535195,42.012356821576844,42.07205962266415
2024_07_PHI_NYG,2024,7,-25.0,31.0,3.0,42.0,-0.9054496915594011,-0.8716085438209915,-1.3138768618425707,43.37015105412495,42.701729153741574,44.0863649671904
2024_07_SEA_ATL,2024,7,-20.0,48.0,-3.0,51.5,4.556406399810312,4.60967795140391,4.597382804598441,46.74235772970627,48.20927634636865,46.600469484718154
2024_07_TEN_BUF,2024,7,24.0,44.0,-9.5,41.0,10.491141860449753,10.518337395495976,11.382879567953397,45.862283315606305,45.75330175436717,45.844055222967455
2024_08_ARI_MIA,2024,8,-1.0,55.0,-4.0,46.5,-2.256220235647489,-2.2735481623697473,-1.7154317538824708,43.64069605100015,42.89630757136505,43.56895290470442
2024_08_ATL_TB,2024,8,-5.0,57.0,1.5,46.5,2.106429293468102,2.115963123985631,2.5789893454006867,47.42392067781587,46.63610889813834,47.64647685069764
2024_08_BAL_CLE,2024,8,5.0,53.0,7.5,44.5,-13.70834914483562,-13.693936478462552,-13.271064199579136,47.14314942170754,46.870684668042735,47.088068742892084
2024_08_BUF_SEA,2024,8,-21.0,41.0,3.0,45.0,-4.955012183535484,-4.936220380954225,-5.458674541731212,49.83471045517496,49.113455890655466,49.96371668753859
2024_08_CAR_DEN,2024,8,14.0,42.0,-13.0,40.5,13.008032966040412,12.99369709658361,13.037422995073644,39.73412642204049,38.993774340868534,39.65734668213328
2024_08_CHI_WAS,2024,8,3.0,33.0,-1.5,46.5,5.8208068979302325,5.873380034649209,5.877502815980431,47.12546731498258,46.75586671858434,47.145363160728955
2024_08_DAL_SF,2024,8,6.0,54.0,-5.5,47.5,10.553339413770857,10.618840728112156,10.04341249998199,47.5652536795142,46.628056726396906,47.58582992748922
2024_08_GB_JAX,2024,8,-3.0,57.0,3.5,49.0,-3.044155840153061,-3.0361957005166547,-2.428581665679194,49.50033280773699,48.627833610862204,48.937752921282005
2024_08_IND_HOU,2024,8,3.0,43.0,-4.5,45.0,1.5259241774577066,1.5222697139055463,1.579773409465608,43.75091649078761,46.056154574148565,43.77050322769441
2024_08_KC_LV,2024,8,-7.0,47.0,8.5,43.0,-7.842685342598772,-7.837394638485836,-8.277415812831146,40.30652681578602,42.24328766919587,40.16494377731318
2024_08_MIN_LA,2024,8,10.0,50.0,3.0,47.0,-0.5195252706767409,-0.42355390421822064,-0.47558097092159046,45.217687392154765,48.1456682504404,45.32953977581425
2024_08_NO_LAC,2024,8,18.0,34.0,-7.0,41.5,1.3401816231428059,1.4073841836601753,0.8614492228576386,44.46399542251228,46.983147215558716,44.35038936985118
2024_08_NYG_PIT,2024,8,8.0,44.0,-6.0,37.5,9.389584768136999,9.389231024144147,9.546160379207407,41.78500157967852,40.71789859139066,41.83118395170409
2024_08_NYJ_NE,2024,8,3.0,47.0,7.0,41.0,-4.574056987213866,-4.547398545277732,-4.215874000160854,39.841244264919936,39.396100272950285,39.41383326474087
2024_08_PHI_CIN,2024,8,-20.0,54.0,-2.5,47.5,1.7085187845366576,1.6724439623967393,1.2898732644595547,46.7897466111914,46.33991764635758,46.708421162668316
2024_08_TEN_DET,2024,8,38.0,66.0,-12.0,45.0,12.804786762221632,12.787371080670594,12.83684855662541,47.00412463234189,50.75028413035498,46.8615784548695
2024_09_CHI_ARI,2024,9,20.0,38.0,-1.5,44.5,3.2270846337170656,3.2699667880575487,3.18539759870618,46.6936630615783,48.662409732543935,46.266414062204255
2024_09_DAL_ATL,2024,9,6.0,48.0,-3.0,52.0,9.118016913814365,9.205790800972942,9.44711268458666,47.65265680074574,49.05749710025766,47.52975342876714
2024_09_DEN_BAL,2024,9,31.0,51.0,-9.0,46.5,7.27669735777286,7.316501065978737,6.829533654810005,49.83045985315715,49.600979903256665,49.78210722459492
2024_09_DET_GB,2024,9,-10.0,38.0,2.5,48.5,-0.8176603319735635,-0.7713719018157797,-0.15793294647167744,50.213703451450606,49.58193955548762,50.12510411300556
2024_09_HOU_NYJ,2024,9,8.0,34.0,-2.5,43.0,2.1093647861642797,2.213453127968811,1.6535376075226256,44.06787931874109,43.7461565468953,43.768484190776654
2024_09_IND_MIN,2024,9,8.0,34.0,-6.0,47.0,5.24503757595594,5.299019034188717,5.491816653711458,45.82710177261937,49.16909627538795,45.959640381832145
2024_09_JAX_PHI,2024,9,5.0,51.0,-7.5,46.0,6.660071709314,6.648627047557134,6.812887829649252,49.975723491618076,49.542440806368575,50.05072866818973
2024_09_LAC_CLE,2024,9,-17.0,37.0,2.0,42.5,-1.841435683980417,-1.850470979234033,-1.8361750473335652,43.15883381777949,42.67331309668634,43.18535479341946
2024_09_LA_SEA,2024,9,-6.0,46.0,1.5,48.5,-0.9231099417080647,-0.9802109309620748,-0.2518179747361242,44.79816832874003,43.92320569924541,44.27770841961506
2024_09_LV_CIN,2024,9,17.0,65.0,-7.5,45.0,5.671618194512198,5.550856125246446,6.00222862077864,43.835906095600166,42.43906362511375,43.66071738917817
2024_09_MIA_BUF,2024,9,3.0,57.0,-6.0,49.0,13.327872886795772,13.345040893968463,13.344441264916172,45.8696401980714,45.30457396332648,45.714296426494386
2024_09_NE_TEN,2024,9,3.0,37.0,-3.5,38.0,3.855153840144788,3.8735156005282287,4.496089832890683,39.278944690866226,38.67758408676381,38.801066783556
2024_09_NO_CAR,2024,9,1.0,45.0,7.0,43.5,-4.7113499780246215,-4.641840454004664,-4.453838613651441,40.41670243995358,39.88742089105352,40.44103230598335
2024_09_TB_KC,2024,9,6.0,54.0,-9.0,45.5,6.518544861482372,6.504483951781498,6.06492236284891,46.7970133368864,45.50230793399421,46.9048184653298
2024_09_WAS_NYG,2024,9,-5.0,49.0,4.0,44.0,-8.735170215598195,-8.724724174672376,-8.573215771619191,43.81505853179868,43.07889470245726,44.07390859527673
2024_10_ATL_NO,2024,10,3.0,37.0,3.5,47.5,-3.116997651928336,-3.1141378072383574,-3.5105023656576986,46.22383596430451,49.76405124598017,46.35382223450948
2024_10_BUF_IND,2024,10,-10.0,50.0,4.5,47.0,-9.135437887971568,-9.115188084222341,-9.50923353483696,47.98714823088232,49.7003161189145,47.60630439025312
2024_10_CIN_BAL,2024,10,1.0,69.0,-6.0,52.5,9.59084172876111,9.630853887566005,9.207859662641308,53.71427849501372,53.212952740970316,53.73690441301133
2024_10_DEN_KC,2024,10,2.0,30.0,-7.0,42.5,8.596273845555686,8.603633799751048,9.010742879622617,42.27127673547806,41.3728427980986,42.36299554547485
2024_10_DET_HOU,2024,10,-3.0,49.0,4.0,49.0,-5.298835304866971,-5.307915119562645,-5.277277294049241,47.22563980046384,49.701385346008806,47.35351016554104
2024_10_MIA_LA,2024,10,-8.0,38.0,-2.0,49.5,3.652701625764572,3.7851265046819402,4.146086904767505,44.49557924586998,47.17388500935441,44.60855759501634
2024_10_MIN_JAX,2024,10,-5.0,19.0,7.0,42.5,-1.394670995806377,-1.4186997877007634,-1.3548809682866074,48.02565137867964,47.635269557749595,47.721281031978386
2024_10_NE_CHI,2024,10,-16.0,22.0,-6.0,37.5,7.396801447485495,7.3706039781391866,7.001745272248657,41.0983050912308,40.38362561509287,40.99914615145614
2024_10_NYG_CAR,2024,10,3.0,37.0,6.5,40.5,-1.4272167794113884,-3.126600972439907,-1.869072184688621,40.38582232366476,37.40970050243055,40.50939537162246
2024_10_NYJ_ARI,2024,10,25.0,37.0,2.0,46.0,3.6051240630782178,3.5843158452122634,3.8137606797564017,44.906003206599614,46.61602574022144,44.94567540528168
2024_10_PHI_DAL,2024,10,-28.0,40.0,7.0,44.5,-6.625043929000052,-6.595157681816656,-6.295302397991106,45.72184327222174,47.899019911511445,45.89889257024664
2024_10_PIT_WAS,2024,10,-1.0,55.0,-2.0,45.0,6.232716135700097,6.202621303986471,6.763111285482806,48.862436991140314,47.89685458066239,48.98470301463771
2024_10_SF_TB,2024,10,-3.0,43.0,6.5,50.0,-1.6066501172660796,-1.6161497934298428,-1.250710957132745,49.96507422836344,49.292341595973674,49.859081718557775
2024_10_TEN_LAC,2024,10,10.0,44.0,-8.0,40.0,4.84755149019889,4.92404020313173,5.171517147482385,42.26568674009257,45.39681792463869,41.852197028854704
2024_11_ATL_DEN,2024,11,32.0,44.0,-2.0,44.5,-1.062540024880284,-1.0856795542984834,-0.6263102542759409,47.01219234102532,46.089491414587386,46.870798790111564
2024_11_BAL_PIT,2024,11,2.0,34.0,3.0,48.0,-7.458220718007859,-7.462825653522676,-7.062507055270895,51.75359097727321,51.030357374428235,51.288298403156595
2024_11_CIN_LAC,2024,11,7.0,61.0,-1.0,48.0,1.837875159257516,1.8238062059744664,2.1632527817673144,46.70526804824282,49.06086580273658,46.553779497246545
2024_11_CLE_NO,2024,11,21.0,49.0,1.0,44.0,6.142397071445097,6.152257654053283,6.398427048981565,42.52862242719907,46.70039854853408,42.41250998523897
2024_11_GB_CHI,2024,11,-1.0,39.0,6.0,41.0,-5.600904317282284,-5.645091196846743,-5.342933240501758,43.270576059979625,42.8235907236154,43.17176782029463
2024_11_HOU_DAL,2024,11,-24.0,44.0,7.0,41.5,-1.1151180706253112,-1.086664798366678,-0.29645055530357545,41.31285079096239,43.46701128072707,41.1900521807784
2024_11_IND_NYJ,2024,11,-1.0,55.0,-4.0,43.0,4.812420920381836,4.865477203878611,4.8921043532043225,42.8639372653515,42.38095971812851,43.09006416460461
2024_11_JAX_DET,2024,11,46.0,58.0,-13.5,47.5,11.658943018676673,11.655916784366822,11.302695667176335,49.139372140660385,52.79797589323084,49.33513346914405
2024_11_KC_BUF,2024,11,9.0,51.0,-2.5,47.0,5.876554873205207,5.894998561096386,5.567330490535371,47.584246703537964,46.61967711774295,47.13843168555005
2024_11_LA_NE,2024,11,-6.0,50.0,4.0,43.0,-1.5938523508774245,-1.6533237636011116,-2.068705025070042,40.652277488672695,39.79138677395914,38.20275435911774
2024_11_LV_MIA,2024,11,15.0,53.0,-7.5,43.5,7.137815627439729,7.0631554055217345,6.720563853093151,39.92502951868047,38.539515862756936,40.036728869343
2024_11_MIN_TEN,2024,11,-10.0,36.0,6.0,40.0,-5.48464937173353,-5.532813278548576,-5.948228735598761,42.36127744426813,41.98000102789586,41.95858497356015
2024_11_SEA_SF,2024,11,-3.0,37.0,-6.0,49.0,11.192753037151494,11.168898396127057,10.859213847718674,47.902574313240564,46.66781839683068,47.94681362270233
2024_11_WAS_PHI,2024,11,8.0,44.0,-4.0,49.5,0.9013629233870336,0.9123499976495617,1.069081727862268,47.42573256507051,46.653330275395376,47.31256655276387
2024_12_ARI_SEA,2024,12,10.0,22.0,1.0,46.5,-6.822422120915656,-6.803322441883177,-7.318703869079729,45.1615600632199,44.70110658364251,45.25244624284496
2024_12_BAL_LAC,2024,12,-7.0,53.0,3.0,51.0,-7.615834994173112,-7.578677581054532,-7.230484429005098,52.7080197976751,55.73025531486863,52.82905257678102
2024_12_DAL_WAS,2024,12,-8.0,60.0,-10.5,44.5,14.156019090008101,14.182502182299226,13.813613146756822,43.60056906853169,43.119068890505844,43.66660338238491
2024_12_DEN_LV,2024,12,-10.0,48.0,5.5,41.5,-7.466090755361066,-7.463688426026838,-8.026853846293097,40.82112299379558,42.73226610739507,40.91291038776036
2024_12_DET_IND,2024,12,-18.0,30.0,7.0,50.5,-10.582559492404986,-10.573171644754087,-11.079808245557098,49.37595534645251,51.36254510912642,49.23728006972223
2024_12_KC_CAR,2024,12,-3.0,57.0,10.5,43.0,-9.112514494853828,-9.096016674498426,-9.543186183336543,42.07551380946658,40.92291722684502,41.59783305963066
2024_12_MIN_CHI,2024,12,-3.0,57.0,3.0,39.5,-5.261165656768044,-5.26477276839421,-5.694608003492412,41.56080358955529,41.48694634588747,41.596217776676895
2024_12_NE_MIA,2024,12,19.0,49.0,-7.5,45.5,6.5573617843012695,6.55993093917407,7.161459308084361,41.13549422354199,40.05657142738238,41.270417476965775
2024_12_PHI_LA,2024,12,-17.0,57.0,3.0,48.5,-2.406217155844108,-2.3247158793656064,-1.6586173214309867,45.80933207328948,48.55240618158049,45.83459111067734
2024_12_PIT_CLE,2024,12,5.0,43.0,3.5,36.5,-6.198987989256976,-6.18841610910808,-6.5950636153721245,42.28018044239197,42.07063556458711,42.475509093988585
2024_12_SF_GB,2024,12,28.0,48.0,-6.0,44.5,-0.6179897895133881,-0.5637272231289355,-0.30422952144345755,51.55476522189676,50.790035352772875,49.33979370629562
2024_12_TB_NYG,2024,12,-23.0,37.0,6.0,40.0,-2.927661837760005,-2.859165649814989,-2.251379649225382,43.04476562571459,42.68351846978123,43.36391515702933
2024_12_TEN_HOU,2024,12,-5.0,59.0,-8.0,40.5,6.570213457041273,6.589013055612791,6.903946660395989,40.829805715570984,43.58035818036192,41.07693408679694
2024_13_ARI_MIN,2024,13,1.0,45.0,-3.5,45.0,2.972557361074906,3.0620546909296986,3.2614810749793497,45.71997193020385,49.13293505571709,46.07292777144539
2024_13_CHI_DET,2024,13,3.0,43.0,-10.0,48.0,14.435896593738454,14.469581403627444,15.113082263445902,48.08728615770376,52.00336833101891,47.97126314134977
2024_13_CLE_DEN,2024,13,9.0,73.0,-6.5,41.5,10.824974207786004,10.886530704550895,10.40953926372236,42.53809786302389,42.54889428494692,42.41196065458415
2024_13_HOU_JAX,2024,13,-3.0,43.0,3.0,45.0,-3.9426444219252055,-3.889762512485666,-3.31129588519121,42.477006223511005,42.301147129118036,42.77643136763502
2024_13_IND_NE,2024,13,-1.0,49.0,2.5,41.5,1.9215222097652984,1.9933745319398397,1.3949335049446143,41.1843900247115,40.83054406109103,41.366031943932924
2024_13_LAC_ATL,2024,13,-4.0,30.0,1.0,47.0,4.182298018522944,4.27624741812814,4.144369652693193,47.933090360018724,49.737874970211124,47.96520458211125
2024_13_LA_NO,2024,13,-7.0,35.0,2.5,49.0,2.4642293822206174,2.4656247031896643,3.75671313857492,46.615527649298194,50.37761591783312,46.6963034622409
2024_13_LV_KC,2024,13,2.0,36.0,-13.5,42.0,13.561341043169396,13.445680093264222,13.880495387882487,41.67770005195793,39.839332050173724,41.49164920601818
2024_13_MIA_GB,2024,13,13.0,47.0,-3.5,47.5,6.523647919120117,6.537579938371455,7.293429437047763,48.88876000667217,47.60517023164186,48.51404184789791
2024_13_NYG_DAL,2024,13,7.0,47.0,-4.0,38.5,0.846534245043725,0.8653554625691919,0.36076256279713786,39.52422315761564,41.47978611552781,38.82596819799562
2024_13_PHI_BAL,2024,13,-5.0,43.0,-3.0,50.0,4.88271241827697,4.8577963621999,5.383134310499293,52.07875213041404,51.14887524449204,52.313708856714406
2024_13_PIT_CIN,2024,13,-6.0,82.0,-3.0,46.0,1.0462162202463947,1.087832000740755,1.270606788851435,46.18693929068421,46.05293073532893,46.16182145273896
2024_13_SEA_NYJ,2024,13,-5.0,47.0,-1.5,41.5,3.660588163544107,3.721199445079518,4.390081435214269,43.328104107534045,43.067963378432204,43.44842286766517
2024_13_SF_BUF,2024,13,25.0,45.0,-6.5,45.5,7.359044193592967,7.341342845054246,7.882458997659775,49.11136185748506,48.44665889996177,48.849142218521514
2024_13_TB_CAR,2024,13,-3.0,49.0,6.5,46.0,-8.615693911894919,-8.568507468426267,-8.257933912435421,43.672397155920734,42.83453776437388,43.91023034278722
2024_13_TEN_WAS,2024,13,23.0,61.0,-6.0,45.0,11.939964125546737,11.971125832365178,12.447179038908134,44.38854506422462,43.99543224211201,44.55862676894854
2024_14_ATL_MIN,2024,14,21.0,63.0,-6.0,46.5,5.127064982325055,5.1718309846683885,5.55214660099411,45.393032042508935,48.7435874440665,45.47393627871735
2024_14_BUF_LA,2024,14,2.0,86.0,3.5,50.5,-6.111987201124951,-5.9960491861194685,-6.145865627170751,48.86376864753974,51.52674805924502,49.55324911913325
2024_14_CAR_PHI,2024,14,6.0,38.0,-14.0,45.0,14.545239230640524,14.557023380264889,14.858959201260241,43.395924731381626,42.721182775043786,43.31014721552224
2024_14_CHI_SF,2024,14,25.0,51.0,-3.0,43.5,6.024500379796009,6.07878282965389,6.531966070763712,44.93761732731999,44.066139164586346,44.996840907432706
2024_14_CIN_DAL,2024,14,-7.0,47.0,4.5,50.5,-1.1020386181879414,-1.1059506904626881,-0.930044861152148,44.89259686425918,47.0991973695443,44.715551698280926
2024_14_CLE_PIT,2024,14,13.0,41.0,-6.0,43.0,8.449478563362323,8.476440890087158,8.905029604631364,44.01213660721813,43.828498774997065,43.57764890663135
2024_14_GB_DET,2024,14,3.0,65.0,-3.5,52.5,4.809314016545266,4.81591579759415,4.348894226422836,51.53776904430559,55.0882330767959,51.65194882870099
2024_14_JAX_TEN,2024,14,-4.0,16.0,-3.0,40.5,0.8229504935196905,0.8180744523250076,1.2397636345959746,42.749798360730246,42.343367870246134,40.16006522693665
2024_14_LAC_KC,2024,14,2.0,36.0,-4.5,43.0,7.497197682934797,7.457754892432486,8.065397165452232,44.75905179065882,43.84609044791966,45.118154968547564
2024_14_LV_TB,2024,14,15.0,41.0,-6.5,47.0,11.360047667802213,11.230026155695572,11.003016316162686,44.298672489558726,42.95458055678851,44.34321553156343
2024_14_NO_NYG,2024,14,-3.0,25.0,5.5,41.0,-2.1429996808717293,-2.0767474021519554,-2.047943606602293,42.62850260965497,42.091561322569916,42.83317099587016
2024_14_NYJ_MIA,2024,14,6.0,58.0,-6.5,45.0,5.520360226976709,5.546032647876994,5.041938395622819,41.82759673947155,41.237444065275305,41.50807889110385
2024_14_SEA_ARI,2024,14,-12.0,48.0,-3.0,45.5,7.209821858053738,7.224142884422028,7.888316749644021,43.20560374353896,45.07804592389181,42.891923003395874
2024_15_ATL_LV,2024,15,-6.0,24.0,6.0,44.5,-3.1775545909098257,-3.1829815799345673,-3.574487079378228,43.35604810728805,45.52651343789282,43.180178360490466
2024_15_BAL_NYG,2024,15,-21.0,49.0,17.0,43.5,-12.318502882991885,-12.276240684669112,-11.689200634505621,46.601476684122744,46.18362963680929,45.938850351621376
2024_15_BUF_DET,2024,15,-6.0,90.0,-2.0,55.5,1.952540084251559,1.9932808188546118,2.0812391546594693,53.79872585012491,57.4344954491186,53.86676616918254
2024_15_CHI_MIN,2024,15,18.0,42.0,-7.0,43.5,10.814700688117512,10.854647679924676,11.006262675863436,44.80813602591576,48.20692519422923,44.08376595761331
2024_15_CIN_TEN,2024,15,-10.0,64.0,6.0,46.0,-4.51896600271024,-4.464842461702674,-4.97000628567113,45.32160281849028,45.21517224114915,45.300573094256485
2024_15_DAL_CAR,2024,15,-16.0,44.0,-2.5,42.0,3.691536564499346,3.7578980150556633,3.8493430702935387,40.16300310298994,39.56031478247303,40.37045156742763
2024_15_GB_SEA,2024,15,-17.0,43.0,3.0,48.0,-4.616917218633861,-4.605864137992789,-4.058943897179042,48.94798475021739,48.42413895004867,48.46407747407378
2024_15_IND_DEN,2024,15,18.0,44.0,-4.5,44.0,9.04852151782692,9.086482749314683,8.63962731838455,42.51636838272698,42.06957094165302,42.351586368916294
2024_15_KC_CLE,2024,15,-14.0,28.0,4.0,41.0,-6.303647569904064,-6.2879356618235205,-6.771748759651745,43.532927997760126,43.05362626938925,43.4964783005283
2024_15_LA_SF,2024,15,-6.0,18.0,-3.0,48.5,3.2668115143061858,3.2710541063130183,2.9000448861560235,49.19000629518481,47.80988646723769,48.862446584779725
2024_15_MIA_HOU,2024,15,8.0,32.0,-2.5,46.0,0.15229616917093924,0.19287016216473335,0.5198998835288801,43.89992583824076,46.442466029075014,43.18501492497212
2024_15_NE_ARI,2024,15,13.0,47.0,-6.0,46.5,7.197553641368112,7.171123231057601,8.067560139272311,41.69438830862355,43.303098420385346,41.97518331005187
2024_15_NYJ_JAX,2024,15,-7.0,57.0,3.5,41.5,-0.7625660273910482,-0.7182802058193405,-0.5864375563055142,45.267873046882606,44.74714017716443,45.16842812037676
2024_15_PIT_PHI,2024,15,14.0,40.0,-5.5,43.0,8.010124204872895,8.020886298383791,8.57974849140138,46.68791123252616,46.10147513511411,46.29119378525889
2024_15_TB_LAC,2024,15,-23.0,57.0,-3.0,46.0,-3.77809072815291,-3.7386129565216764,-3.587146167430962,47.368887758964945,50.18098197414673,47.259939578666405
2024_15_WAS_NO,2024,15,-1.0,39.0,7.5,44.5,-5.28773992295645,-5.273651700686735,-5.772004597526958,47.10153552379312,51.01473559920573,47.19797226603433
2024_16_ARI_CAR,2024,16,6.0,66.0,5.5,47.0,-6.623820061502153,-6.563111966785283,-7.090234935536923,42.368612976523394,41.55806826287455,42.54289316629041
2024_16_CLE_CIN,2024,16,18.0,30.0,-10.0,46.5,10.048422727387075,10.057481794397189,10.23153670674923,43.30496877228383,43.054917759931996,43.165302577812625
2024_16_DEN_LAC,2024,16,7.0,61.0,-2.5,41.5,-6.088343433739469,-6.079919759388723,-6.5360123157107815,42.603498592362776,45.316060833507656,41.90479917291039
2024_16_DET_CHI,2024,16,-17.0,51.0,7.0,47.5,-10.912072308315063,-10.920989951690279,-10.928477424904932,47.601909335671884,47.32357730163709,47.6759363159326
2024_16_HOU_KC,2024,16,8.0,46.0,-3.5,42.5,9.805838003049532,9.825263641910277,9.301113943651357,42.145630066676176,41.64805329185376,42.3701355774139
2024_16_JAX_LV,2024,16,5.0,33.0,-2.5,41.5,2.229800512508535,2.234743869233045,1.7111767968982448,43.92155202196034,46.11912618625227,43.847963959193464
2024_16_LA_NYJ,2024,16,-10.0,28.0,3.0,47.0,-0.9768415328677978,-0.9480408787685972,-1.4464343399060584,46.5433888601138,46.02257317041559,46.16126327318152
2024_16_MIN_SEA,2024,16,-3.0,51.0,2.5,43.0,-4.903772562718905,-4.845319609377459,-5.3616895202172365,46.031090387273814,45.91431727277339,46.32404518339152
2024_16_NE_BUF,2024,16,3.0,45.0,-14.0,48.0,15.040679844902217,15.055654910485796,15.591146227147252,48.50749964091321,48.00114175456717,47.787297017998185
2024_16_NO_GB,2024,16,34.0,34.0,-14.0,43.5,11.502235010693814,11.554517268319293,12.173445211690543,48.30096636515472,47.82114525824285,47.82454138184104
2024_16_NYG_ATL,2024,16,27.0,41.0,-9.5,43.0,9.850909271201012,9.904712882985836,10.143320142323669,41.19378855378744,42.82509139672671,40.820745844972194
2024_16_PHI_WAS,2024,16,3.0,69.0,4.0,47.0,-0.5302949168148479,-0.5104422278539116,-0.17815199215523203,46.39246272440592,46.02366544649616,46.00417767122353
2024_16_PIT_BAL,2024,16,17.0,51.0,-7.0,44.0,12.975456813217082,13.004283518198749,13.069207893816245,50.50974623465777,49.9805159617946,50.150149584397525
2024_16_SF_MIA,2024,16,12.0,46.0,1.5,44.0,2.3512848763930707,2.315127238393727,1.7957888028335045,44.52931807206657,43.43178613185928,44.5412857026216
2024_16_TB_DAL,2024,16,2.0,50.0,4.5,47.5,-5.132286501433697,-5.100438494299281,-5.601855604329355,44.52895491282813,46.6057659028039,43.98890130931267
2024_16_TEN_IND,2024,16,8.0,68.0,-4.0,42.5,4.255103946363123,4.295092208108021,4.398378057044233,38.51761027101559,40.43492017375912,38.25995041743296
2024_17_ARI_LA,2024,17,4.0,22.0,-6.5,48.0,2.5957758593334828,2.6139709638190283,2.106086576085112,45.69515948175832,47.915308294677544,45.609515105589736
2024_17_ATL_WAS,2024,17,6.0,54.0,-3.5,46.5,5.34461927982828,5.340026115391982,5.624398907278003,45.09130100854434,44.534745244340584,44.6885126729327
2024_17_BAL_HOU,2024,17,-29.0,33.0,6.5,47.0,-11.304966927305886,-11.28397800707588,-11.087685389878509,49.127417278635086,51.60652477497656,48.806517624953614
2024_17_CAR_TB,2024,17,34.0,62.0,-10.0,47.5,13.987473515999605,13.994090739409682,14.211647266043524,44.20444527101911,43.393037926652774,44.30157971983832
2024_17_DAL_PHI,2024,17,34.0,48.0,-7.5,37.5,11.196026039822932,11.209675025763536,11.22001997121184,42.167876913113574,41.474874201455336,42.24200746242787
2024_17_DEN_CIN,2024,17,6.0,54.0,-3.0,50.5,1.9251769611077707,1.9853447618823612,2.069737786501612,46.25033594092112,46.13992667330413,45.822452260645605
2024_17_DET_SF,2024,17,-6.0,74.0,4.0,50.0,-4.377624613845981,-4.380464141872915,-4.792907109429139,52.035756589095534,50.85813891342971,51.593588083752266
2024_17_GB_MIN,2024,17,2.0,52.0,-1.0,49.0,-3.120091524043862,-3.1142478557459676,-2.8216311036294504,48.463687904226624,51.41540923121661,48.42581455366093
2024_17_IND_NYG,2024,17,12.0,78.0,,,-2.8174008916760878,-2.755574986455096,-2.4187756438058226,39.25734415447052,38.44418846081883,39.52628401495555
2024_17_KC_PIT,2024,17,-19.0,39.0,2.0,46.0,-4.414328075758595,-4.38550374483229,-4.81321673242317,45.450500984622586,44.81424514381644,45.543082005247285
2024_17_LAC_NE,2024,17,-33.0,47.0,6.0,42.0,3.090961402002697,3.097634241086307,3.40469955002569,44.37431122953632,43.77724543969499,44.18969254004456
2024_17_LV_NO,2024,17,-15.0,35.0,1.5,37.5,2.982602996930028,2.9126796507404373,3.5414356789799317,41.36976852439943,44.79124377456967,41.218265070733544
2024_17_MIA_CLE,2024,17,-17.0,23.0,3.0,32.5,-7.8839805304383725,-7.867213402493649,-7.21905178301952,40.4269399766815,39.7855674461851,40.55940547044082
2024_17_NYJ_BUF,2024,17,26.0,54.0,-10.0,44.5,13.07241536236333,13.099072969186398,13.523983252268177,49.08646097691931,48.581727127440274,49.188680011270705
2024_17_SEA_CHI,2024,17,-3.0,9.0,4.5,42.0,-1.910274944697978,-1.8948984708077339,-2.3522523566797235,43.93792773680437,43.459236845087624,44.031393046583
2024_17_TEN_JAX,2024,17,7.0,33.0,-1.0,38.0,2.1311829373688496,2.1619814114452613,2.1644163692351843,42.81509694940314,42.24224112240581,42.89782188381359
2024_18_BUF_NE,2024,18,7.0,39.0,3.5,36.5,-15.027265491493607,-14.988001499555049,-14.976218805697219,46.52561805305978,45.83596688651798,46.0892275923517
2024_18_CAR_ATL,2024,18,-6.0,82.0,-8.0,49.0,12.649117967403418,12.664432676938459,13.167685688899384,41.30195462934586,42.86945639074021,41.43758902625535
2024_18_CHI_GB,2024,18,-2.0,46.0,-10.0,41.5,16.60854190978631,16.649230044332576,16.78512608475638,44.2389539279273,43.76447354719102,43.684383057386206
2024_18_CIN_PIT,2024,18,-2.0,36.0,,,-4.09635932940856,-4.066821758173774,-5.210287708947176,45.478323749737875,45.059203118647176,46.39680631652229
2024_18_CLE_BAL,2024,18,25.0,45.0,-20.0,42.0,23.636206496525244,23.661830986379886,24.89985855020492,43.4357971368826,43.08412416348039,43.30447585230533
2024_18_HOU_TEN,2024,18,-9.0,37.0,-2.5,36.5,1.925326885389735,1.9364853947783351,1.4506712682558807,39.40634502564275,39.10483243429297,38.7985557589047
2024_18_JAX_IND,2024,18,3.0,49.0,-3.5,45.5,2.2018357642229804,2.238989946988481,1.67870102013751,44.44243471700395,46.43856893421671,43.82995112278771
2024_18_KC_DEN,2024,18,38.0,38.0,-11.0,40.5,-1.3404100713661158,-1.3283072577350796,-1.7720695173163188,42.839412952074184,42.21724762421626,42.13719007647121
2024_18_LAC_LV,2024,18,-14.0,54.0,7.0,42.0,-1.7298998109021237,-1.706585895420216,-2.14947142077504,41.24119649885159,43.61191314428911,41.120968991309454
2024_18_MIA_NYJ,2024,18,12.0,52.0,-2.0,39.5,-2.9641222069892788,-2.9377126298216822,-3.3771722842770022,42.419383848897354,41.46325567533991,42.2007642816982
2024_18_MIN_DET,2024,18,22.0,40.0,-3.0,56.5,5.391801304635348,5.410150978211474,4.920773439803686,51.67498907256511,55.41648971724861,51.22091096127118
2024_18_NO_TB,2024,18,8.0,46.0,-14.5,44.5,15.292496617945664,15.315899919672784,14.90104868642541,45.74631781627116,45.32637331229496,45.816281002148344
2024_18_NYG_PHI,2024,18,7.0,33.0,-3.0,36.0,16.766027375452932,16.772759050501474,16.970522961611398,44.503026848331395,43.316451133144184,44.41081038723199
2024_18_SEA_LA,2024,18,-5.0,55.0,7.5,38.5,7.206164239025788,7.225385430979958,6.731421255847393,41.86500562044962,44.35753545926182,41.33770789000242
2024_18_SF_ARI,2024,18,23.0,71.0,-5.0,43.0,2.7895597523529894,2.814817648164576,2.325808040228726,47.07127820977145,49.04959221454251,46.934619406741874
2024_18_WAS_DAL,2024,18,-4.0,42.0,7.0,43.5,-8.155824922139525,-8.138167981391216,-7.588447626842052,42.14931155734406,44.369364490632165,42.23104776582042
