Traceback (most recent call last):
  File "/usr/local/Cellar/python@3.14/3.14.0/Frameworks/Python.framework/Versions/3.14/lib/python3.14/urllib/request.py", line 1321, in do_open
    h.request(req.get_method(), req.selector, req.data, headers,
    ~~~~~~~~~^^^^^^^^^^^^^^^^^^^^^^^^^^^^^^^^^^^^^^^^^^^^^^^^^^^
              encode_chunked=req.has_header('Transfer-encoding'))
              ^^^^^^^^^^^^^^^^^^^^^^^^^^^^^^^^^^^^^^^^^^^^^^^^^^^
  File "/usr/local/Cellar/python@3.14/3.14.0/Frameworks/Python.framework/Versions/3.14/lib/python3.14/http/client.py", line 1338, in request
    self._send_request(method, url, body, headers, encode_chunked)
    ~~~~~~~~~~~~~~~~~~^^^^^^^^^^^^^^^^^^^^^^^^^^^^^^^^^^^^^^^^^^^^
  File "/usr/local/Cellar/python@3.14/3.14.0/Frameworks/Python.framework/Versions/3.14/lib/python3.14/http/client.py", line 1384, in _send_request
    self.endheaders(body, encode_chunked=encode_chunked)
    ~~~~~~~~~~~~~~~^^^^^^^^^^^^^^^^^^^^^^^^^^^^^^^^^^^^^
  File "/usr/local/Cellar/python@3.14/3.14.0/Frameworks/Python.framework/Versions/3.14/lib/python3.14/http/client.py", line 1333, in endheaders
    self._send_output(message_body, encode_chunked=encode_chunked)
    ~~~~~~~~~~~~~~~~~^^^^^^^^^^^^^^^^^^^^^^^^^^^^^^^^^^^^^^^^^^^^^
  File "/usr/local/Cellar/python@3.14/3.14.0/Frameworks/Python.framework/Versions/3.14/lib/python3.14/http/client.py", line 1093, in _send_output
    self.send(msg)
    ~~~~~~~~~^^^^^
  File "/usr/local/Cellar/python@3.14/3.14.0/Frameworks/Python.framework/Versions/3.14/lib/python3.14/http/client.py", line 1037, in send
    self.connect()
    ~~~~~~~~~~~~^^
  File "/usr/local/Cellar/python@3.14/3.14.0/Frameworks/Python.framework/Versions/3.14/lib/python3.14/http/client.py", line 1472, in connect
    super().connect()
    ~~~~~~~~~~~~~~~^^
  File "/usr/local/Cellar/python@3.14/3.14.0/Frameworks/Python.framework/Versions/3.14/lib/python3.14/http/client.py", line 1003, in connect
    self.sock = self._create_connection(
                ~~~~~~~~~~~~~~~~~~~~~~~^
        (self.host,self.port), self.timeout, self.source_address)
        ^^^^^^^^^^^^^^^^^^^^^^^^^^^^^^^^^^^^^^^^^^^^^^^^^^^^^^^^^
  File "/usr/local/Cellar/python@3.14/3.14.0/Frameworks/Python.framework/Versions/3.14/lib/python3.14/socket.py", line 846, in create_connection
    for res in getaddrinfo(host, port, 0, SOCK_STREAM):
               ~~~~~~~~~~~^^^^^^^^^^^^^^^^^^^^^^^^^^^^
  File "/usr/local/Cellar/python@3.14/3.14.0/Frameworks/Python.framework/Versions/3.14/lib/python3.14/socket.py", line 983, in getaddrinfo
    for res in _socket.getaddrinfo(host, port, family, type, proto, flags):
               ~~~~~~~~~~~~~~~~~~~^^^^^^^^^^^^^^^^^^^^^^^^^^^^^^^^^^^^^^^^
socket.gaierror: [Errno 8] nodename nor servname provided, or not known

During handling of the above exception, another exception occurred:

Traceback (most recent call last):
  File "<frozen runpy>", line 198, in _run_module_as_main
  File "<frozen runpy>", line 88, in _run_code
  File "/Users/elliotbladen/BetMate/BettingEngine/ml/football/player_layer/fetch_espn_match_snapshots.py", line 88, in <module>
    main()
    ~~~~^^
  File "/Users/elliotbladen/BetMate/BettingEngine/ml/football/player_layer/fetch_espn_match_snapshots.py", line 83, in main
    results = collect(args.date)
  File "/Users/elliotbladen/BetMate/BettingEngine/ml/football/player_layer/fetch_espn_match_snapshots.py", line 49, in collect
    board = fetch(f"{BASE}/scoreboard?dates={day.replace('-', '')}")
  File "/Users/elliotbladen/BetMate/BettingEngine/ml/football/player_layer/fetch_espn_match_snapshots.py", line 24, in fetch
    with urlopen(req, timeout=30) as response:
         ~~~~~~~^^^^^^^^^^^^^^^^^
  File "/usr/local/Cellar/python@3.14/3.14.0/Frameworks/Python.framework/Versions/3.14/lib/python3.14/urllib/request.py", line 187, in urlopen
    return opener.open(url, data, timeout)
           ~~~~~~~~~~~^^^^^^^^^^^^^^^^^^^^
  File "/usr/local/Cellar/python@3.14/3.14.0/Frameworks/Python.framework/Versions/3.14/lib/python3.14/urllib/request.py", line 487, in open
    response = self._open(req, data)
  File "/usr/local/Cellar/python@3.14/3.14.0/Frameworks/Python.framework/Versions/3.14/lib/python3.14/urllib/request.py", line 504, in _open
    result = self._call_chain(self.handle_open, protocol, protocol +
                              '_open', req)
  File "/usr/local/Cellar/python@3.14/3.14.0/Frameworks/Python.framework/Versions/3.14/lib/python3.14/urllib/request.py", line 464, in _call_chain
    result = func(*args)
  File "/usr/local/Cellar/python@3.14/3.14.0/Frameworks/Python.framework/Versions/3.14/lib/python3.14/urllib/request.py", line 1369, in https_open
    return self.do_open(http.client.HTTPSConnection, req,
           ~~~~~~~~~~~~^^^^^^^^^^^^^^^^^^^^^^^^^^^^^^^^^^
                        context=self._context)
                        ^^^^^^^^^^^^^^^^^^^^^^
  File "/usr/local/Cellar/python@3.14/3.14.0/Frameworks/Python.framework/Versions/3.14/lib/python3.14/urllib/request.py", line 1324, in do_open
    raise URLError(err)
urllib.error.URLError: <urlopen error [Errno 8] nodename nor servname provided, or not known>
Traceback (most recent call last):
  File "/usr/local/Cellar/python@3.14/3.14.0/Frameworks/Python.framework/Versions/3.14/lib/python3.14/urllib/request.py", line 1321, in do_open
    h.request(req.get_method(), req.selector, req.data, headers,
    ~~~~~~~~~^^^^^^^^^^^^^^^^^^^^^^^^^^^^^^^^^^^^^^^^^^^^^^^^^^^
              encode_chunked=req.has_header('Transfer-encoding'))
              ^^^^^^^^^^^^^^^^^^^^^^^^^^^^^^^^^^^^^^^^^^^^^^^^^^^
  File "/usr/local/Cellar/python@3.14/3.14.0/Frameworks/Python.framework/Versions/3.14/lib/python3.14/http/client.py", line 1338, in request
    self._send_request(method, url, body, headers, encode_chunked)
    ~~~~~~~~~~~~~~~~~~^^^^^^^^^^^^^^^^^^^^^^^^^^^^^^^^^^^^^^^^^^^^
  File "/usr/local/Cellar/python@3.14/3.14.0/Frameworks/Python.framework/Versions/3.14/lib/python3.14/http/client.py", line 1384, in _send_request
    self.endheaders(body, encode_chunked=encode_chunked)
    ~~~~~~~~~~~~~~~^^^^^^^^^^^^^^^^^^^^^^^^^^^^^^^^^^^^^
  File "/usr/local/Cellar/python@3.14/3.14.0/Frameworks/Python.framework/Versions/3.14/lib/python3.14/http/client.py", line 1333, in endheaders
    self._send_output(message_body, encode_chunked=encode_chunked)
    ~~~~~~~~~~~~~~~~~^^^^^^^^^^^^^^^^^^^^^^^^^^^^^^^^^^^^^^^^^^^^^
  File "/usr/local/Cellar/python@3.14/3.14.0/Frameworks/Python.framework/Versions/3.14/lib/python3.14/http/client.py", line 1093, in _send_output
    self.send(msg)
    ~~~~~~~~~^^^^^
  File "/usr/local/Cellar/python@3.14/3.14.0/Frameworks/Python.framework/Versions/3.14/lib/python3.14/http/client.py", line 1037, in send
    self.connect()
    ~~~~~~~~~~~~^^
  File "/usr/local/Cellar/python@3.14/3.14.0/Frameworks/Python.framework/Versions/3.14/lib/python3.14/http/client.py", line 1472, in connect
    super().connect()
    ~~~~~~~~~~~~~~~^^
  File "/usr/local/Cellar/python@3.14/3.14.0/Frameworks/Python.framework/Versions/3.14/lib/python3.14/http/client.py", line 1003, in connect
    self.sock = self._create_connection(
                ~~~~~~~~~~~~~~~~~~~~~~~^
        (self.host,self.port), self.timeout, self.source_address)
        ^^^^^^^^^^^^^^^^^^^^^^^^^^^^^^^^^^^^^^^^^^^^^^^^^^^^^^^^^
  File "/usr/local/Cellar/python@3.14/3.14.0/Frameworks/Python.framework/Versions/3.14/lib/python3.14/socket.py", line 846, in create_connection
    for res in getaddrinfo(host, port, 0, SOCK_STREAM):
               ~~~~~~~~~~~^^^^^^^^^^^^^^^^^^^^^^^^^^^^
  File "/usr/local/Cellar/python@3.14/3.14.0/Frameworks/Python.framework/Versions/3.14/lib/python3.14/socket.py", line 983, in getaddrinfo
    for res in _socket.getaddrinfo(host, port, family, type, proto, flags):
               ~~~~~~~~~~~~~~~~~~~^^^^^^^^^^^^^^^^^^^^^^^^^^^^^^^^^^^^^^^^
socket.gaierror: [Errno 8] nodename nor servname provided, or not known

During handling of the above exception, another exception occurred:

Traceback (most recent call last):
  File "<frozen runpy>", line 198, in _run_module_as_main
  File "<frozen runpy>", line 88, in _run_code
  File "/Users/elliotbladen/BetMate/BettingEngine/ml/football/player_layer/fetch_espn_match_snapshots.py", line 88, in <module>
    main()
    ~~~~^^
  File "/Users/elliotbladen/BetMate/BettingEngine/ml/football/player_layer/fetch_espn_match_snapshots.py", line 83, in main
    results = collect(args.date)
  File "/Users/elliotbladen/BetMate/BettingEngine/ml/football/player_layer/fetch_espn_match_snapshots.py", line 49, in collect
    board = fetch(f"{BASE}/scoreboard?dates={day.replace('-', '')}")
  File "/Users/elliotbladen/BetMate/BettingEngine/ml/football/player_layer/fetch_espn_match_snapshots.py", line 24, in fetch
    with urlopen(req, timeout=30) as response:
         ~~~~~~~^^^^^^^^^^^^^^^^^
  File "/usr/local/Cellar/python@3.14/3.14.0/Frameworks/Python.framework/Versions/3.14/lib/python3.14/urllib/request.py", line 187, in urlopen
    return opener.open(url, data, timeout)
           ~~~~~~~~~~~^^^^^^^^^^^^^^^^^^^^
  File "/usr/local/Cellar/python@3.14/3.14.0/Frameworks/Python.framework/Versions/3.14/lib/python3.14/urllib/request.py", line 487, in open
    response = self._open(req, data)
  File "/usr/local/Cellar/python@3.14/3.14.0/Frameworks/Python.framework/Versions/3.14/lib/python3.14/urllib/request.py", line 504, in _open
    result = self._call_chain(self.handle_open, protocol, protocol +
                              '_open', req)
  File "/usr/local/Cellar/python@3.14/3.14.0/Frameworks/Python.framework/Versions/3.14/lib/python3.14/urllib/request.py", line 464, in _call_chain
    result = func(*args)
  File "/usr/local/Cellar/python@3.14/3.14.0/Frameworks/Python.framework/Versions/3.14/lib/python3.14/urllib/request.py", line 1369, in https_open
    return self.do_open(http.client.HTTPSConnection, req,
           ~~~~~~~~~~~~^^^^^^^^^^^^^^^^^^^^^^^^^^^^^^^^^^
                        context=self._context)
                        ^^^^^^^^^^^^^^^^^^^^^^
  File "/usr/local/Cellar/python@3.14/3.14.0/Frameworks/Python.framework/Versions/3.14/lib/python3.14/urllib/request.py", line 1324, in do_open
    raise URLError(err)
urllib.error.URLError: <urlopen error [Errno 8] nodename nor servname provided, or not known>
Traceback (most recent call last):
  File "/usr/local/Cellar/python@3.14/3.14.0/Frameworks/Python.framework/Versions/3.14/lib/python3.14/urllib/request.py", line 1321, in do_open
    h.request(req.get_method(), req.selector, req.data, headers,
    ~~~~~~~~~^^^^^^^^^^^^^^^^^^^^^^^^^^^^^^^^^^^^^^^^^^^^^^^^^^^
              encode_chunked=req.has_header('Transfer-encoding'))
              ^^^^^^^^^^^^^^^^^^^^^^^^^^^^^^^^^^^^^^^^^^^^^^^^^^^
  File "/usr/local/Cellar/python@3.14/3.14.0/Frameworks/Python.framework/Versions/3.14/lib/python3.14/http/client.py", line 1338, in request
    self._send_request(method, url, body, headers, encode_chunked)
    ~~~~~~~~~~~~~~~~~~^^^^^^^^^^^^^^^^^^^^^^^^^^^^^^^^^^^^^^^^^^^^
  File "/usr/local/Cellar/python@3.14/3.14.0/Frameworks/Python.framework/Versions/3.14/lib/python3.14/http/client.py", line 1384, in _send_request
    self.endheaders(body, encode_chunked=encode_chunked)
    ~~~~~~~~~~~~~~~^^^^^^^^^^^^^^^^^^^^^^^^^^^^^^^^^^^^^
  File "/usr/local/Cellar/python@3.14/3.14.0/Frameworks/Python.framework/Versions/3.14/lib/python3.14/http/client.py", line 1333, in endheaders
    self._send_output(message_body, encode_chunked=encode_chunked)
    ~~~~~~~~~~~~~~~~~^^^^^^^^^^^^^^^^^^^^^^^^^^^^^^^^^^^^^^^^^^^^^
  File "/usr/local/Cellar/python@3.14/3.14.0/Frameworks/Python.framework/Versions/3.14/lib/python3.14/http/client.py", line 1093, in _send_output
    self.send(msg)
    ~~~~~~~~~^^^^^
  File "/usr/local/Cellar/python@3.14/3.14.0/Frameworks/Python.framework/Versions/3.14/lib/python3.14/http/client.py", line 1037, in send
    self.connect()
    ~~~~~~~~~~~~^^
  File "/usr/local/Cellar/python@3.14/3.14.0/Frameworks/Python.framework/Versions/3.14/lib/python3.14/http/client.py", line 1472, in connect
    super().connect()
    ~~~~~~~~~~~~~~~^^
  File "/usr/local/Cellar/python@3.14/3.14.0/Frameworks/Python.framework/Versions/3.14/lib/python3.14/http/client.py", line 1003, in connect
    self.sock = self._create_connection(
                ~~~~~~~~~~~~~~~~~~~~~~~^
        (self.host,self.port), self.timeout, self.source_address)
        ^^^^^^^^^^^^^^^^^^^^^^^^^^^^^^^^^^^^^^^^^^^^^^^^^^^^^^^^^
  File "/usr/local/Cellar/python@3.14/3.14.0/Frameworks/Python.framework/Versions/3.14/lib/python3.14/socket.py", line 846, in create_connection
    for res in getaddrinfo(host, port, 0, SOCK_STREAM):
               ~~~~~~~~~~~^^^^^^^^^^^^^^^^^^^^^^^^^^^^
  File "/usr/local/Cellar/python@3.14/3.14.0/Frameworks/Python.framework/Versions/3.14/lib/python3.14/socket.py", line 983, in getaddrinfo
    for res in _socket.getaddrinfo(host, port, family, type, proto, flags):
               ~~~~~~~~~~~~~~~~~~~^^^^^^^^^^^^^^^^^^^^^^^^^^^^^^^^^^^^^^^^
socket.gaierror: [Errno 8] nodename nor servname provided, or not known

During handling of the above exception, another exception occurred:

Traceback (most recent call last):
  File "<frozen runpy>", line 198, in _run_module_as_main
  File "<frozen runpy>", line 88, in _run_code
  File "/Users/elliotbladen/BetMate/BettingEngine/ml/football/player_layer/fetch_espn_match_snapshots.py", line 88, in <module>
    main()
    ~~~~^^
  File "/Users/elliotbladen/BetMate/BettingEngine/ml/football/player_layer/fetch_espn_match_snapshots.py", line 83, in main
    results = collect(args.date)
  File "/Users/elliotbladen/BetMate/BettingEngine/ml/football/player_layer/fetch_espn_match_snapshots.py", line 49, in collect
    board = fetch(f"{BASE}/scoreboard?dates={day.replace('-', '')}")
  File "/Users/elliotbladen/BetMate/BettingEngine/ml/football/player_layer/fetch_espn_match_snapshots.py", line 24, in fetch
    with urlopen(req, timeout=30) as response:
         ~~~~~~~^^^^^^^^^^^^^^^^^
  File "/usr/local/Cellar/python@3.14/3.14.0/Frameworks/Python.framework/Versions/3.14/lib/python3.14/urllib/request.py", line 187, in urlopen
    return opener.open(url, data, timeout)
           ~~~~~~~~~~~^^^^^^^^^^^^^^^^^^^^
  File "/usr/local/Cellar/python@3.14/3.14.0/Frameworks/Python.framework/Versions/3.14/lib/python3.14/urllib/request.py", line 487, in open
    response = self._open(req, data)
  File "/usr/local/Cellar/python@3.14/3.14.0/Frameworks/Python.framework/Versions/3.14/lib/python3.14/urllib/request.py", line 504, in _open
    result = self._call_chain(self.handle_open, protocol, protocol +
                              '_open', req)
  File "/usr/local/Cellar/python@3.14/3.14.0/Frameworks/Python.framework/Versions/3.14/lib/python3.14/urllib/request.py", line 464, in _call_chain
    result = func(*args)
  File "/usr/local/Cellar/python@3.14/3.14.0/Frameworks/Python.framework/Versions/3.14/lib/python3.14/urllib/request.py", line 1369, in https_open
    return self.do_open(http.client.HTTPSConnection, req,
           ~~~~~~~~~~~~^^^^^^^^^^^^^^^^^^^^^^^^^^^^^^^^^^
                        context=self._context)
                        ^^^^^^^^^^^^^^^^^^^^^^
  File "/usr/local/Cellar/python@3.14/3.14.0/Frameworks/Python.framework/Versions/3.14/lib/python3.14/urllib/request.py", line 1324, in do_open
    raise URLError(err)
urllib.error.URLError: <urlopen error [Errno 8] nodename nor servname provided, or not known>
Traceback (most recent call last):
  File "/usr/local/Cellar/python@3.14/3.14.0/Frameworks/Python.framework/Versions/3.14/lib/python3.14/urllib/request.py", line 1321, in do_open
    h.request(req.get_method(), req.selector, req.data, headers,
    ~~~~~~~~~^^^^^^^^^^^^^^^^^^^^^^^^^^^^^^^^^^^^^^^^^^^^^^^^^^^
              encode_chunked=req.has_header('Transfer-encoding'))
              ^^^^^^^^^^^^^^^^^^^^^^^^^^^^^^^^^^^^^^^^^^^^^^^^^^^
  File "/usr/local/Cellar/python@3.14/3.14.0/Frameworks/Python.framework/Versions/3.14/lib/python3.14/http/client.py", line 1338, in request
    self._send_request(method, url, body, headers, encode_chunked)
    ~~~~~~~~~~~~~~~~~~^^^^^^^^^^^^^^^^^^^^^^^^^^^^^^^^^^^^^^^^^^^^
  File "/usr/local/Cellar/python@3.14/3.14.0/Frameworks/Python.framework/Versions/3.14/lib/python3.14/http/client.py", line 1384, in _send_request
    self.endheaders(body, encode_chunked=encode_chunked)
    ~~~~~~~~~~~~~~~^^^^^^^^^^^^^^^^^^^^^^^^^^^^^^^^^^^^^
  File "/usr/local/Cellar/python@3.14/3.14.0/Frameworks/Python.framework/Versions/3.14/lib/python3.14/http/client.py", line 1333, in endheaders
    self._send_output(message_body, encode_chunked=encode_chunked)
    ~~~~~~~~~~~~~~~~~^^^^^^^^^^^^^^^^^^^^^^^^^^^^^^^^^^^^^^^^^^^^^
  File "/usr/local/Cellar/python@3.14/3.14.0/Frameworks/Python.framework/Versions/3.14/lib/python3.14/http/client.py", line 1093, in _send_output
    self.send(msg)
    ~~~~~~~~~^^^^^
  File "/usr/local/Cellar/python@3.14/3.14.0/Frameworks/Python.framework/Versions/3.14/lib/python3.14/http/client.py", line 1037, in send
    self.connect()
    ~~~~~~~~~~~~^^
  File "/usr/local/Cellar/python@3.14/3.14.0/Frameworks/Python.framework/Versions/3.14/lib/python3.14/http/client.py", line 1472, in connect
    super().connect()
    ~~~~~~~~~~~~~~~^^
  File "/usr/local/Cellar/python@3.14/3.14.0/Frameworks/Python.framework/Versions/3.14/lib/python3.14/http/client.py", line 1003, in connect
    self.sock = self._create_connection(
                ~~~~~~~~~~~~~~~~~~~~~~~^
        (self.host,self.port), self.timeout, self.source_address)
        ^^^^^^^^^^^^^^^^^^^^^^^^^^^^^^^^^^^^^^^^^^^^^^^^^^^^^^^^^
  File "/usr/local/Cellar/python@3.14/3.14.0/Frameworks/Python.framework/Versions/3.14/lib/python3.14/socket.py", line 846, in create_connection
    for res in getaddrinfo(host, port, 0, SOCK_STREAM):
               ~~~~~~~~~~~^^^^^^^^^^^^^^^^^^^^^^^^^^^^
  File "/usr/local/Cellar/python@3.14/3.14.0/Frameworks/Python.framework/Versions/3.14/lib/python3.14/socket.py", line 983, in getaddrinfo
    for res in _socket.getaddrinfo(host, port, family, type, proto, flags):
               ~~~~~~~~~~~~~~~~~~~^^^^^^^^^^^^^^^^^^^^^^^^^^^^^^^^^^^^^^^^
socket.gaierror: [Errno 8] nodename nor servname provided, or not known

During handling of the above exception, another exception occurred:

Traceback (most recent call last):
  File "<frozen runpy>", line 198, in _run_module_as_main
  File "<frozen runpy>", line 88, in _run_code
  File "/Users/elliotbladen/BetMate/BettingEngine/ml/football/player_layer/fetch_espn_match_snapshots.py", line 88, in <module>
    main()
    ~~~~^^
  File "/Users/elliotbladen/BetMate/BettingEngine/ml/football/player_layer/fetch_espn_match_snapshots.py", line 83, in main
    results = collect(args.date)
  File "/Users/elliotbladen/BetMate/BettingEngine/ml/football/player_layer/fetch_espn_match_snapshots.py", line 49, in collect
    board = fetch(f"{BASE}/scoreboard?dates={day.replace('-', '')}")
  File "/Users/elliotbladen/BetMate/BettingEngine/ml/football/player_layer/fetch_espn_match_snapshots.py", line 24, in fetch
    with urlopen(req, timeout=30) as response:
         ~~~~~~~^^^^^^^^^^^^^^^^^
  File "/usr/local/Cellar/python@3.14/3.14.0/Frameworks/Python.framework/Versions/3.14/lib/python3.14/urllib/request.py", line 187, in urlopen
    return opener.open(url, data, timeout)
           ~~~~~~~~~~~^^^^^^^^^^^^^^^^^^^^
  File "/usr/local/Cellar/python@3.14/3.14.0/Frameworks/Python.framework/Versions/3.14/lib/python3.14/urllib/request.py", line 487, in open
    response = self._open(req, data)
  File "/usr/local/Cellar/python@3.14/3.14.0/Frameworks/Python.framework/Versions/3.14/lib/python3.14/urllib/request.py", line 504, in _open
    result = self._call_chain(self.handle_open, protocol, protocol +
                              '_open', req)
  File "/usr/local/Cellar/python@3.14/3.14.0/Frameworks/Python.framework/Versions/3.14/lib/python3.14/urllib/request.py", line 464, in _call_chain
    result = func(*args)
  File "/usr/local/Cellar/python@3.14/3.14.0/Frameworks/Python.framework/Versions/3.14/lib/python3.14/urllib/request.py", line 1369, in https_open
    return self.do_open(http.client.HTTPSConnection, req,
           ~~~~~~~~~~~~^^^^^^^^^^^^^^^^^^^^^^^^^^^^^^^^^^
                        context=self._context)
                        ^^^^^^^^^^^^^^^^^^^^^^
  File "/usr/local/Cellar/python@3.14/3.14.0/Frameworks/Python.framework/Versions/3.14/lib/python3.14/urllib/request.py", line 1324, in do_open
    raise URLError(err)
urllib.error.URLError: <urlopen error [Errno 8] nodename nor servname provided, or not known>
Traceback (most recent call last):
  File "/usr/local/Cellar/python@3.14/3.14.0/Frameworks/Python.framework/Versions/3.14/lib/python3.14/urllib/request.py", line 1321, in do_open
    h.request(req.get_method(), req.selector, req.data, headers,
    ~~~~~~~~~^^^^^^^^^^^^^^^^^^^^^^^^^^^^^^^^^^^^^^^^^^^^^^^^^^^
              encode_chunked=req.has_header('Transfer-encoding'))
              ^^^^^^^^^^^^^^^^^^^^^^^^^^^^^^^^^^^^^^^^^^^^^^^^^^^
  File "/usr/local/Cellar/python@3.14/3.14.0/Frameworks/Python.framework/Versions/3.14/lib/python3.14/http/client.py", line 1338, in request
    self._send_request(method, url, body, headers, encode_chunked)
    ~~~~~~~~~~~~~~~~~~^^^^^^^^^^^^^^^^^^^^^^^^^^^^^^^^^^^^^^^^^^^^
  File "/usr/local/Cellar/python@3.14/3.14.0/Frameworks/Python.framework/Versions/3.14/lib/python3.14/http/client.py", line 1384, in _send_request
    self.endheaders(body, encode_chunked=encode_chunked)
    ~~~~~~~~~~~~~~~^^^^^^^^^^^^^^^^^^^^^^^^^^^^^^^^^^^^^
  File "/usr/local/Cellar/python@3.14/3.14.0/Frameworks/Python.framework/Versions/3.14/lib/python3.14/http/client.py", line 1333, in endheaders
    self._send_output(message_body, encode_chunked=encode_chunked)
    ~~~~~~~~~~~~~~~~~^^^^^^^^^^^^^^^^^^^^^^^^^^^^^^^^^^^^^^^^^^^^^
  File "/usr/local/Cellar/python@3.14/3.14.0/Frameworks/Python.framework/Versions/3.14/lib/python3.14/http/client.py", line 1093, in _send_output
    self.send(msg)
    ~~~~~~~~~^^^^^
  File "/usr/local/Cellar/python@3.14/3.14.0/Frameworks/Python.framework/Versions/3.14/lib/python3.14/http/client.py", line 1037, in send
    self.connect()
    ~~~~~~~~~~~~^^
  File "/usr/local/Cellar/python@3.14/3.14.0/Frameworks/Python.framework/Versions/3.14/lib/python3.14/http/client.py", line 1472, in connect
    super().connect()
    ~~~~~~~~~~~~~~~^^
  File "/usr/local/Cellar/python@3.14/3.14.0/Frameworks/Python.framework/Versions/3.14/lib/python3.14/http/client.py", line 1003, in connect
    self.sock = self._create_connection(
                ~~~~~~~~~~~~~~~~~~~~~~~^
        (self.host,self.port), self.timeout, self.source_address)
        ^^^^^^^^^^^^^^^^^^^^^^^^^^^^^^^^^^^^^^^^^^^^^^^^^^^^^^^^^
  File "/usr/local/Cellar/python@3.14/3.14.0/Frameworks/Python.framework/Versions/3.14/lib/python3.14/socket.py", line 846, in create_connection
    for res in getaddrinfo(host, port, 0, SOCK_STREAM):
               ~~~~~~~~~~~^^^^^^^^^^^^^^^^^^^^^^^^^^^^
  File "/usr/local/Cellar/python@3.14/3.14.0/Frameworks/Python.framework/Versions/3.14/lib/python3.14/socket.py", line 983, in getaddrinfo
    for res in _socket.getaddrinfo(host, port, family, type, proto, flags):
               ~~~~~~~~~~~~~~~~~~~^^^^^^^^^^^^^^^^^^^^^^^^^^^^^^^^^^^^^^^^
socket.gaierror: [Errno 8] nodename nor servname provided, or not known

During handling of the above exception, another exception occurred:

Traceback (most recent call last):
  File "<frozen runpy>", line 198, in _run_module_as_main
  File "<frozen runpy>", line 88, in _run_code
  File "/Users/elliotbladen/BetMate/BettingEngine/ml/football/player_layer/fetch_espn_match_snapshots.py", line 88, in <module>
    main()
    ~~~~^^
  File "/Users/elliotbladen/BetMate/BettingEngine/ml/football/player_layer/fetch_espn_match_snapshots.py", line 83, in main
    results = collect(args.date)
  File "/Users/elliotbladen/BetMate/BettingEngine/ml/football/player_layer/fetch_espn_match_snapshots.py", line 49, in collect
    board = fetch(f"{BASE}/scoreboard?dates={day.replace('-', '')}")
  File "/Users/elliotbladen/BetMate/BettingEngine/ml/football/player_layer/fetch_espn_match_snapshots.py", line 24, in fetch
    with urlopen(req, timeout=30) as response:
         ~~~~~~~^^^^^^^^^^^^^^^^^
  File "/usr/local/Cellar/python@3.14/3.14.0/Frameworks/Python.framework/Versions/3.14/lib/python3.14/urllib/request.py", line 187, in urlopen
    return opener.open(url, data, timeout)
           ~~~~~~~~~~~^^^^^^^^^^^^^^^^^^^^
  File "/usr/local/Cellar/python@3.14/3.14.0/Frameworks/Python.framework/Versions/3.14/lib/python3.14/urllib/request.py", line 487, in open
    response = self._open(req, data)
  File "/usr/local/Cellar/python@3.14/3.14.0/Frameworks/Python.framework/Versions/3.14/lib/python3.14/urllib/request.py", line 504, in _open
    result = self._call_chain(self.handle_open, protocol, protocol +
                              '_open', req)
  File "/usr/local/Cellar/python@3.14/3.14.0/Frameworks/Python.framework/Versions/3.14/lib/python3.14/urllib/request.py", line 464, in _call_chain
    result = func(*args)
  File "/usr/local/Cellar/python@3.14/3.14.0/Frameworks/Python.framework/Versions/3.14/lib/python3.14/urllib/request.py", line 1369, in https_open
    return self.do_open(http.client.HTTPSConnection, req,
           ~~~~~~~~~~~~^^^^^^^^^^^^^^^^^^^^^^^^^^^^^^^^^^
                        context=self._context)
                        ^^^^^^^^^^^^^^^^^^^^^^
  File "/usr/local/Cellar/python@3.14/3.14.0/Frameworks/Python.framework/Versions/3.14/lib/python3.14/urllib/request.py", line 1324, in do_open
    raise URLError(err)
urllib.error.URLError: <urlopen error [Errno 8] nodename nor servname provided, or not known>
Traceback (most recent call last):
  File "/usr/local/Cellar/python@3.14/3.14.0/Frameworks/Python.framework/Versions/3.14/lib/python3.14/urllib/request.py", line 1321, in do_open
    h.request(req.get_method(), req.selector, req.data, headers,
    ~~~~~~~~~^^^^^^^^^^^^^^^^^^^^^^^^^^^^^^^^^^^^^^^^^^^^^^^^^^^
              encode_chunked=req.has_header('Transfer-encoding'))
              ^^^^^^^^^^^^^^^^^^^^^^^^^^^^^^^^^^^^^^^^^^^^^^^^^^^
  File "/usr/local/Cellar/python@3.14/3.14.0/Frameworks/Python.framework/Versions/3.14/lib/python3.14/http/client.py", line 1338, in request
    self._send_request(method, url, body, headers, encode_chunked)
    ~~~~~~~~~~~~~~~~~~^^^^^^^^^^^^^^^^^^^^^^^^^^^^^^^^^^^^^^^^^^^^
  File "/usr/local/Cellar/python@3.14/3.14.0/Frameworks/Python.framework/Versions/3.14/lib/python3.14/http/client.py", line 1384, in _send_request
    self.endheaders(body, encode_chunked=encode_chunked)
    ~~~~~~~~~~~~~~~^^^^^^^^^^^^^^^^^^^^^^^^^^^^^^^^^^^^^
  File "/usr/local/Cellar/python@3.14/3.14.0/Frameworks/Python.framework/Versions/3.14/lib/python3.14/http/client.py", line 1333, in endheaders
    self._send_output(message_body, encode_chunked=encode_chunked)
    ~~~~~~~~~~~~~~~~~^^^^^^^^^^^^^^^^^^^^^^^^^^^^^^^^^^^^^^^^^^^^^
  File "/usr/local/Cellar/python@3.14/3.14.0/Frameworks/Python.framework/Versions/3.14/lib/python3.14/http/client.py", line 1093, in _send_output
    self.send(msg)
    ~~~~~~~~~^^^^^
  File "/usr/local/Cellar/python@3.14/3.14.0/Frameworks/Python.framework/Versions/3.14/lib/python3.14/http/client.py", line 1037, in send
    self.connect()
    ~~~~~~~~~~~~^^
  File "/usr/local/Cellar/python@3.14/3.14.0/Frameworks/Python.framework/Versions/3.14/lib/python3.14/http/client.py", line 1472, in connect
    super().connect()
    ~~~~~~~~~~~~~~~^^
  File "/usr/local/Cellar/python@3.14/3.14.0/Frameworks/Python.framework/Versions/3.14/lib/python3.14/http/client.py", line 1003, in connect
    self.sock = self._create_connection(
                ~~~~~~~~~~~~~~~~~~~~~~~^
        (self.host,self.port), self.timeout, self.source_address)
        ^^^^^^^^^^^^^^^^^^^^^^^^^^^^^^^^^^^^^^^^^^^^^^^^^^^^^^^^^
  File "/usr/local/Cellar/python@3.14/3.14.0/Frameworks/Python.framework/Versions/3.14/lib/python3.14/socket.py", line 846, in create_connection
    for res in getaddrinfo(host, port, 0, SOCK_STREAM):
               ~~~~~~~~~~~^^^^^^^^^^^^^^^^^^^^^^^^^^^^
  File "/usr/local/Cellar/python@3.14/3.14.0/Frameworks/Python.framework/Versions/3.14/lib/python3.14/socket.py", line 983, in getaddrinfo
    for res in _socket.getaddrinfo(host, port, family, type, proto, flags):
               ~~~~~~~~~~~~~~~~~~~^^^^^^^^^^^^^^^^^^^^^^^^^^^^^^^^^^^^^^^^
socket.gaierror: [Errno 8] nodename nor servname provided, or not known

During handling of the above exception, another exception occurred:

Traceback (most recent call last):
  File "<frozen runpy>", line 198, in _run_module_as_main
  File "<frozen runpy>", line 88, in _run_code
  File "/Users/elliotbladen/BetMate/BettingEngine/ml/football/player_layer/fetch_espn_match_snapshots.py", line 88, in <module>
    main()
    ~~~~^^
  File "/Users/elliotbladen/BetMate/BettingEngine/ml/football/player_layer/fetch_espn_match_snapshots.py", line 83, in main
    results = collect(args.date)
  File "/Users/elliotbladen/BetMate/BettingEngine/ml/football/player_layer/fetch_espn_match_snapshots.py", line 49, in collect
    board = fetch(f"{BASE}/scoreboard?dates={day.replace('-', '')}")
  File "/Users/elliotbladen/BetMate/BettingEngine/ml/football/player_layer/fetch_espn_match_snapshots.py", line 24, in fetch
    with urlopen(req, timeout=30) as response:
         ~~~~~~~^^^^^^^^^^^^^^^^^
  File "/usr/local/Cellar/python@3.14/3.14.0/Frameworks/Python.framework/Versions/3.14/lib/python3.14/urllib/request.py", line 187, in urlopen
    return opener.open(url, data, timeout)
           ~~~~~~~~~~~^^^^^^^^^^^^^^^^^^^^
  File "/usr/local/Cellar/python@3.14/3.14.0/Frameworks/Python.framework/Versions/3.14/lib/python3.14/urllib/request.py", line 487, in open
    response = self._open(req, data)
  File "/usr/local/Cellar/python@3.14/3.14.0/Frameworks/Python.framework/Versions/3.14/lib/python3.14/urllib/request.py", line 504, in _open
    result = self._call_chain(self.handle_open, protocol, protocol +
                              '_open', req)
  File "/usr/local/Cellar/python@3.14/3.14.0/Frameworks/Python.framework/Versions/3.14/lib/python3.14/urllib/request.py", line 464, in _call_chain
    result = func(*args)
  File "/usr/local/Cellar/python@3.14/3.14.0/Frameworks/Python.framework/Versions/3.14/lib/python3.14/urllib/request.py", line 1369, in https_open
    return self.do_open(http.client.HTTPSConnection, req,
           ~~~~~~~~~~~~^^^^^^^^^^^^^^^^^^^^^^^^^^^^^^^^^^
                        context=self._context)
                        ^^^^^^^^^^^^^^^^^^^^^^
  File "/usr/local/Cellar/python@3.14/3.14.0/Frameworks/Python.framework/Versions/3.14/lib/python3.14/urllib/request.py", line 1324, in do_open
    raise URLError(err)
urllib.error.URLError: <urlopen error [Errno 8] nodename nor servname provided, or not known>
Traceback (most recent call last):
  File "/usr/local/Cellar/python@3.14/3.14.0/Frameworks/Python.framework/Versions/3.14/lib/python3.14/urllib/request.py", line 1321, in do_open
    h.request(req.get_method(), req.selector, req.data, headers,
    ~~~~~~~~~^^^^^^^^^^^^^^^^^^^^^^^^^^^^^^^^^^^^^^^^^^^^^^^^^^^
              encode_chunked=req.has_header('Transfer-encoding'))
              ^^^^^^^^^^^^^^^^^^^^^^^^^^^^^^^^^^^^^^^^^^^^^^^^^^^
  File "/usr/local/Cellar/python@3.14/3.14.0/Frameworks/Python.framework/Versions/3.14/lib/python3.14/http/client.py", line 1338, in request
    self._send_request(method, url, body, headers, encode_chunked)
    ~~~~~~~~~~~~~~~~~~^^^^^^^^^^^^^^^^^^^^^^^^^^^^^^^^^^^^^^^^^^^^
  File "/usr/local/Cellar/python@3.14/3.14.0/Frameworks/Python.framework/Versions/3.14/lib/python3.14/http/client.py", line 1384, in _send_request
    self.endheaders(body, encode_chunked=encode_chunked)
    ~~~~~~~~~~~~~~~^^^^^^^^^^^^^^^^^^^^^^^^^^^^^^^^^^^^^
  File "/usr/local/Cellar/python@3.14/3.14.0/Frameworks/Python.framework/Versions/3.14/lib/python3.14/http/client.py", line 1333, in endheaders
    self._send_output(message_body, encode_chunked=encode_chunked)
    ~~~~~~~~~~~~~~~~~^^^^^^^^^^^^^^^^^^^^^^^^^^^^^^^^^^^^^^^^^^^^^
  File "/usr/local/Cellar/python@3.14/3.14.0/Frameworks/Python.framework/Versions/3.14/lib/python3.14/http/client.py", line 1093, in _send_output
    self.send(msg)
    ~~~~~~~~~^^^^^
  File "/usr/local/Cellar/python@3.14/3.14.0/Frameworks/Python.framework/Versions/3.14/lib/python3.14/http/client.py", line 1037, in send
    self.connect()
    ~~~~~~~~~~~~^^
  File "/usr/local/Cellar/python@3.14/3.14.0/Frameworks/Python.framework/Versions/3.14/lib/python3.14/http/client.py", line 1472, in connect
    super().connect()
    ~~~~~~~~~~~~~~~^^
  File "/usr/local/Cellar/python@3.14/3.14.0/Frameworks/Python.framework/Versions/3.14/lib/python3.14/http/client.py", line 1003, in connect
    self.sock = self._create_connection(
                ~~~~~~~~~~~~~~~~~~~~~~~^
        (self.host,self.port), self.timeout, self.source_address)
        ^^^^^^^^^^^^^^^^^^^^^^^^^^^^^^^^^^^^^^^^^^^^^^^^^^^^^^^^^
  File "/usr/local/Cellar/python@3.14/3.14.0/Frameworks/Python.framework/Versions/3.14/lib/python3.14/socket.py", line 846, in create_connection
    for res in getaddrinfo(host, port, 0, SOCK_STREAM):
               ~~~~~~~~~~~^^^^^^^^^^^^^^^^^^^^^^^^^^^^
  File "/usr/local/Cellar/python@3.14/3.14.0/Frameworks/Python.framework/Versions/3.14/lib/python3.14/socket.py", line 983, in getaddrinfo
    for res in _socket.getaddrinfo(host, port, family, type, proto, flags):
               ~~~~~~~~~~~~~~~~~~~^^^^^^^^^^^^^^^^^^^^^^^^^^^^^^^^^^^^^^^^
socket.gaierror: [Errno 8] nodename nor servname provided, or not known

During handling of the above exception, another exception occurred:

Traceback (most recent call last):
  File "<frozen runpy>", line 198, in _run_module_as_main
  File "<frozen runpy>", line 88, in _run_code
  File "/Users/elliotbladen/BetMate/BettingEngine/ml/football/player_layer/fetch_espn_match_snapshots.py", line 88, in <module>
    main()
    ~~~~^^
  File "/Users/elliotbladen/BetMate/BettingEngine/ml/football/player_layer/fetch_espn_match_snapshots.py", line 83, in main
    results = collect(args.date)
  File "/Users/elliotbladen/BetMate/BettingEngine/ml/football/player_layer/fetch_espn_match_snapshots.py", line 49, in collect
    board = fetch(f"{BASE}/scoreboard?dates={day.replace('-', '')}")
  File "/Users/elliotbladen/BetMate/BettingEngine/ml/football/player_layer/fetch_espn_match_snapshots.py", line 24, in fetch
    with urlopen(req, timeout=30) as response:
         ~~~~~~~^^^^^^^^^^^^^^^^^
  File "/usr/local/Cellar/python@3.14/3.14.0/Frameworks/Python.framework/Versions/3.14/lib/python3.14/urllib/request.py", line 187, in urlopen
    return opener.open(url, data, timeout)
           ~~~~~~~~~~~^^^^^^^^^^^^^^^^^^^^
  File "/usr/local/Cellar/python@3.14/3.14.0/Frameworks/Python.framework/Versions/3.14/lib/python3.14/urllib/request.py", line 487, in open
    response = self._open(req, data)
  File "/usr/local/Cellar/python@3.14/3.14.0/Frameworks/Python.framework/Versions/3.14/lib/python3.14/urllib/request.py", line 504, in _open
    result = self._call_chain(self.handle_open, protocol, protocol +
                              '_open', req)
  File "/usr/local/Cellar/python@3.14/3.14.0/Frameworks/Python.framework/Versions/3.14/lib/python3.14/urllib/request.py", line 464, in _call_chain
    result = func(*args)
  File "/usr/local/Cellar/python@3.14/3.14.0/Frameworks/Python.framework/Versions/3.14/lib/python3.14/urllib/request.py", line 1369, in https_open
    return self.do_open(http.client.HTTPSConnection, req,
           ~~~~~~~~~~~~^^^^^^^^^^^^^^^^^^^^^^^^^^^^^^^^^^
                        context=self._context)
                        ^^^^^^^^^^^^^^^^^^^^^^
  File "/usr/local/Cellar/python@3.14/3.14.0/Frameworks/Python.framework/Versions/3.14/lib/python3.14/urllib/request.py", line 1324, in do_open
    raise URLError(err)
urllib.error.URLError: <urlopen error [Errno 8] nodename nor servname provided, or not known>
Traceback (most recent call last):
  File "/usr/local/Cellar/python@3.14/3.14.0/Frameworks/Python.framework/Versions/3.14/lib/python3.14/urllib/request.py", line 1321, in do_open
    h.request(req.get_method(), req.selector, req.data, headers,
    ~~~~~~~~~^^^^^^^^^^^^^^^^^^^^^^^^^^^^^^^^^^^^^^^^^^^^^^^^^^^
              encode_chunked=req.has_header('Transfer-encoding'))
              ^^^^^^^^^^^^^^^^^^^^^^^^^^^^^^^^^^^^^^^^^^^^^^^^^^^
  File "/usr/local/Cellar/python@3.14/3.14.0/Frameworks/Python.framework/Versions/3.14/lib/python3.14/http/client.py", line 1338, in request
    self._send_request(method, url, body, headers, encode_chunked)
    ~~~~~~~~~~~~~~~~~~^^^^^^^^^^^^^^^^^^^^^^^^^^^^^^^^^^^^^^^^^^^^
  File "/usr/local/Cellar/python@3.14/3.14.0/Frameworks/Python.framework/Versions/3.14/lib/python3.14/http/client.py", line 1384, in _send_request
    self.endheaders(body, encode_chunked=encode_chunked)
    ~~~~~~~~~~~~~~~^^^^^^^^^^^^^^^^^^^^^^^^^^^^^^^^^^^^^
  File "/usr/local/Cellar/python@3.14/3.14.0/Frameworks/Python.framework/Versions/3.14/lib/python3.14/http/client.py", line 1333, in endheaders
    self._send_output(message_body, encode_chunked=encode_chunked)
    ~~~~~~~~~~~~~~~~~^^^^^^^^^^^^^^^^^^^^^^^^^^^^^^^^^^^^^^^^^^^^^
  File "/usr/local/Cellar/python@3.14/3.14.0/Frameworks/Python.framework/Versions/3.14/lib/python3.14/http/client.py", line 1093, in _send_output
    self.send(msg)
    ~~~~~~~~~^^^^^
  File "/usr/local/Cellar/python@3.14/3.14.0/Frameworks/Python.framework/Versions/3.14/lib/python3.14/http/client.py", line 1037, in send
    self.connect()
    ~~~~~~~~~~~~^^
  File "/usr/local/Cellar/python@3.14/3.14.0/Frameworks/Python.framework/Versions/3.14/lib/python3.14/http/client.py", line 1472, in connect
    super().connect()
    ~~~~~~~~~~~~~~~^^
  File "/usr/local/Cellar/python@3.14/3.14.0/Frameworks/Python.framework/Versions/3.14/lib/python3.14/http/client.py", line 1003, in connect
    self.sock = self._create_connection(
                ~~~~~~~~~~~~~~~~~~~~~~~^
        (self.host,self.port), self.timeout, self.source_address)
        ^^^^^^^^^^^^^^^^^^^^^^^^^^^^^^^^^^^^^^^^^^^^^^^^^^^^^^^^^
  File "/usr/local/Cellar/python@3.14/3.14.0/Frameworks/Python.framework/Versions/3.14/lib/python3.14/socket.py", line 846, in create_connection
    for res in getaddrinfo(host, port, 0, SOCK_STREAM):
               ~~~~~~~~~~~^^^^^^^^^^^^^^^^^^^^^^^^^^^^
  File "/usr/local/Cellar/python@3.14/3.14.0/Frameworks/Python.framework/Versions/3.14/lib/python3.14/socket.py", line 983, in getaddrinfo
    for res in _socket.getaddrinfo(host, port, family, type, proto, flags):
               ~~~~~~~~~~~~~~~~~~~^^^^^^^^^^^^^^^^^^^^^^^^^^^^^^^^^^^^^^^^
socket.gaierror: [Errno 8] nodename nor servname provided, or not known

During handling of the above exception, another exception occurred:

Traceback (most recent call last):
  File "<frozen runpy>", line 198, in _run_module_as_main
  File "<frozen runpy>", line 88, in _run_code
  File "/Users/elliotbladen/BetMate/BettingEngine/ml/football/player_layer/fetch_espn_match_snapshots.py", line 88, in <module>
    main()
    ~~~~^^
  File "/Users/elliotbladen/BetMate/BettingEngine/ml/football/player_layer/fetch_espn_match_snapshots.py", line 83, in main
    results = collect(args.date)
  File "/Users/elliotbladen/BetMate/BettingEngine/ml/football/player_layer/fetch_espn_match_snapshots.py", line 49, in collect
    board = fetch(f"{BASE}/scoreboard?dates={day.replace('-', '')}")
  File "/Users/elliotbladen/BetMate/BettingEngine/ml/football/player_layer/fetch_espn_match_snapshots.py", line 24, in fetch
    with urlopen(req, timeout=30) as response:
         ~~~~~~~^^^^^^^^^^^^^^^^^
  File "/usr/local/Cellar/python@3.14/3.14.0/Frameworks/Python.framework/Versions/3.14/lib/python3.14/urllib/request.py", line 187, in urlopen
    return opener.open(url, data, timeout)
           ~~~~~~~~~~~^^^^^^^^^^^^^^^^^^^^
  File "/usr/local/Cellar/python@3.14/3.14.0/Frameworks/Python.framework/Versions/3.14/lib/python3.14/urllib/request.py", line 487, in open
    response = self._open(req, data)
  File "/usr/local/Cellar/python@3.14/3.14.0/Frameworks/Python.framework/Versions/3.14/lib/python3.14/urllib/request.py", line 504, in _open
    result = self._call_chain(self.handle_open, protocol, protocol +
                              '_open', req)
  File "/usr/local/Cellar/python@3.14/3.14.0/Frameworks/Python.framework/Versions/3.14/lib/python3.14/urllib/request.py", line 464, in _call_chain
    result = func(*args)
  File "/usr/local/Cellar/python@3.14/3.14.0/Frameworks/Python.framework/Versions/3.14/lib/python3.14/urllib/request.py", line 1369, in https_open
    return self.do_open(http.client.HTTPSConnection, req,
           ~~~~~~~~~~~~^^^^^^^^^^^^^^^^^^^^^^^^^^^^^^^^^^
                        context=self._context)
                        ^^^^^^^^^^^^^^^^^^^^^^
  File "/usr/local/Cellar/python@3.14/3.14.0/Frameworks/Python.framework/Versions/3.14/lib/python3.14/urllib/request.py", line 1324, in do_open
    raise URLError(err)
urllib.error.URLError: <urlopen error [Errno 8] nodename nor servname provided, or not known>
Traceback (most recent call last):
  File "/usr/local/Cellar/python@3.14/3.14.0/Frameworks/Python.framework/Versions/3.14/lib/python3.14/urllib/request.py", line 1321, in do_open
    h.request(req.get_method(), req.selector, req.data, headers,
    ~~~~~~~~~^^^^^^^^^^^^^^^^^^^^^^^^^^^^^^^^^^^^^^^^^^^^^^^^^^^
              encode_chunked=req.has_header('Transfer-encoding'))
              ^^^^^^^^^^^^^^^^^^^^^^^^^^^^^^^^^^^^^^^^^^^^^^^^^^^
  File "/usr/local/Cellar/python@3.14/3.14.0/Frameworks/Python.framework/Versions/3.14/lib/python3.14/http/client.py", line 1338, in request
    self._send_request(method, url, body, headers, encode_chunked)
    ~~~~~~~~~~~~~~~~~~^^^^^^^^^^^^^^^^^^^^^^^^^^^^^^^^^^^^^^^^^^^^
  File "/usr/local/Cellar/python@3.14/3.14.0/Frameworks/Python.framework/Versions/3.14/lib/python3.14/http/client.py", line 1384, in _send_request
    self.endheaders(body, encode_chunked=encode_chunked)
    ~~~~~~~~~~~~~~~^^^^^^^^^^^^^^^^^^^^^^^^^^^^^^^^^^^^^
  File "/usr/local/Cellar/python@3.14/3.14.0/Frameworks/Python.framework/Versions/3.14/lib/python3.14/http/client.py", line 1333, in endheaders
    self._send_output(message_body, encode_chunked=encode_chunked)
    ~~~~~~~~~~~~~~~~~^^^^^^^^^^^^^^^^^^^^^^^^^^^^^^^^^^^^^^^^^^^^^
  File "/usr/local/Cellar/python@3.14/3.14.0/Frameworks/Python.framework/Versions/3.14/lib/python3.14/http/client.py", line 1093, in _send_output
    self.send(msg)
    ~~~~~~~~~^^^^^
  File "/usr/local/Cellar/python@3.14/3.14.0/Frameworks/Python.framework/Versions/3.14/lib/python3.14/http/client.py", line 1037, in send
    self.connect()
    ~~~~~~~~~~~~^^
  File "/usr/local/Cellar/python@3.14/3.14.0/Frameworks/Python.framework/Versions/3.14/lib/python3.14/http/client.py", line 1472, in connect
    super().connect()
    ~~~~~~~~~~~~~~~^^
  File "/usr/local/Cellar/python@3.14/3.14.0/Frameworks/Python.framework/Versions/3.14/lib/python3.14/http/client.py", line 1003, in connect
    self.sock = self._create_connection(
                ~~~~~~~~~~~~~~~~~~~~~~~^
        (self.host,self.port), self.timeout, self.source_address)
        ^^^^^^^^^^^^^^^^^^^^^^^^^^^^^^^^^^^^^^^^^^^^^^^^^^^^^^^^^
  File "/usr/local/Cellar/python@3.14/3.14.0/Frameworks/Python.framework/Versions/3.14/lib/python3.14/socket.py", line 846, in create_connection
    for res in getaddrinfo(host, port, 0, SOCK_STREAM):
               ~~~~~~~~~~~^^^^^^^^^^^^^^^^^^^^^^^^^^^^
  File "/usr/local/Cellar/python@3.14/3.14.0/Frameworks/Python.framework/Versions/3.14/lib/python3.14/socket.py", line 983, in getaddrinfo
    for res in _socket.getaddrinfo(host, port, family, type, proto, flags):
               ~~~~~~~~~~~~~~~~~~~^^^^^^^^^^^^^^^^^^^^^^^^^^^^^^^^^^^^^^^^
socket.gaierror: [Errno 8] nodename nor servname provided, or not known

During handling of the above exception, another exception occurred:

Traceback (most recent call last):
  File "<frozen runpy>", line 198, in _run_module_as_main
  File "<frozen runpy>", line 88, in _run_code
  File "/Users/elliotbladen/BetMate/BettingEngine/ml/football/player_layer/fetch_espn_match_snapshots.py", line 88, in <module>
    main()
    ~~~~^^
  File "/Users/elliotbladen/BetMate/BettingEngine/ml/football/player_layer/fetch_espn_match_snapshots.py", line 83, in main
    results = collect(args.date)
  File "/Users/elliotbladen/BetMate/BettingEngine/ml/football/player_layer/fetch_espn_match_snapshots.py", line 49, in collect
    board = fetch(f"{BASE}/scoreboard?dates={day.replace('-', '')}")
  File "/Users/elliotbladen/BetMate/BettingEngine/ml/football/player_layer/fetch_espn_match_snapshots.py", line 24, in fetch
    with urlopen(req, timeout=30) as response:
         ~~~~~~~^^^^^^^^^^^^^^^^^
  File "/usr/local/Cellar/python@3.14/3.14.0/Frameworks/Python.framework/Versions/3.14/lib/python3.14/urllib/request.py", line 187, in urlopen
    return opener.open(url, data, timeout)
           ~~~~~~~~~~~^^^^^^^^^^^^^^^^^^^^
  File "/usr/local/Cellar/python@3.14/3.14.0/Frameworks/Python.framework/Versions/3.14/lib/python3.14/urllib/request.py", line 487, in open
    response = self._open(req, data)
  File "/usr/local/Cellar/python@3.14/3.14.0/Frameworks/Python.framework/Versions/3.14/lib/python3.14/urllib/request.py", line 504, in _open
    result = self._call_chain(self.handle_open, protocol, protocol +
                              '_open', req)
  File "/usr/local/Cellar/python@3.14/3.14.0/Frameworks/Python.framework/Versions/3.14/lib/python3.14/urllib/request.py", line 464, in _call_chain
    result = func(*args)
  File "/usr/local/Cellar/python@3.14/3.14.0/Frameworks/Python.framework/Versions/3.14/lib/python3.14/urllib/request.py", line 1369, in https_open
    return self.do_open(http.client.HTTPSConnection, req,
           ~~~~~~~~~~~~^^^^^^^^^^^^^^^^^^^^^^^^^^^^^^^^^^
                        context=self._context)
                        ^^^^^^^^^^^^^^^^^^^^^^
  File "/usr/local/Cellar/python@3.14/3.14.0/Frameworks/Python.framework/Versions/3.14/lib/python3.14/urllib/request.py", line 1324, in do_open
    raise URLError(err)
urllib.error.URLError: <urlopen error [Errno 8] nodename nor servname provided, or not known>
Traceback (most recent call last):
  File "/usr/local/Cellar/python@3.14/3.14.0/Frameworks/Python.framework/Versions/3.14/lib/python3.14/urllib/request.py", line 1321, in do_open
    h.request(req.get_method(), req.selector, req.data, headers,
    ~~~~~~~~~^^^^^^^^^^^^^^^^^^^^^^^^^^^^^^^^^^^^^^^^^^^^^^^^^^^
              encode_chunked=req.has_header('Transfer-encoding'))
              ^^^^^^^^^^^^^^^^^^^^^^^^^^^^^^^^^^^^^^^^^^^^^^^^^^^
  File "/usr/local/Cellar/python@3.14/3.14.0/Frameworks/Python.framework/Versions/3.14/lib/python3.14/http/client.py", line 1338, in request
    self._send_request(method, url, body, headers, encode_chunked)
    ~~~~~~~~~~~~~~~~~~^^^^^^^^^^^^^^^^^^^^^^^^^^^^^^^^^^^^^^^^^^^^
  File "/usr/local/Cellar/python@3.14/3.14.0/Frameworks/Python.framework/Versions/3.14/lib/python3.14/http/client.py", line 1384, in _send_request
    self.endheaders(body, encode_chunked=encode_chunked)
    ~~~~~~~~~~~~~~~^^^^^^^^^^^^^^^^^^^^^^^^^^^^^^^^^^^^^
  File "/usr/local/Cellar/python@3.14/3.14.0/Frameworks/Python.framework/Versions/3.14/lib/python3.14/http/client.py", line 1333, in endheaders
    self._send_output(message_body, encode_chunked=encode_chunked)
    ~~~~~~~~~~~~~~~~~^^^^^^^^^^^^^^^^^^^^^^^^^^^^^^^^^^^^^^^^^^^^^
  File "/usr/local/Cellar/python@3.14/3.14.0/Frameworks/Python.framework/Versions/3.14/lib/python3.14/http/client.py", line 1093, in _send_output
    self.send(msg)
    ~~~~~~~~~^^^^^
  File "/usr/local/Cellar/python@3.14/3.14.0/Frameworks/Python.framework/Versions/3.14/lib/python3.14/http/client.py", line 1037, in send
    self.connect()
    ~~~~~~~~~~~~^^
  File "/usr/local/Cellar/python@3.14/3.14.0/Frameworks/Python.framework/Versions/3.14/lib/python3.14/http/client.py", line 1472, in connect
    super().connect()
    ~~~~~~~~~~~~~~~^^
  File "/usr/local/Cellar/python@3.14/3.14.0/Frameworks/Python.framework/Versions/3.14/lib/python3.14/http/client.py", line 1003, in connect
    self.sock = self._create_connection(
                ~~~~~~~~~~~~~~~~~~~~~~~^
        (self.host,self.port), self.timeout, self.source_address)
        ^^^^^^^^^^^^^^^^^^^^^^^^^^^^^^^^^^^^^^^^^^^^^^^^^^^^^^^^^
  File "/usr/local/Cellar/python@3.14/3.14.0/Frameworks/Python.framework/Versions/3.14/lib/python3.14/socket.py", line 846, in create_connection
    for res in getaddrinfo(host, port, 0, SOCK_STREAM):
               ~~~~~~~~~~~^^^^^^^^^^^^^^^^^^^^^^^^^^^^
  File "/usr/local/Cellar/python@3.14/3.14.0/Frameworks/Python.framework/Versions/3.14/lib/python3.14/socket.py", line 983, in getaddrinfo
    for res in _socket.getaddrinfo(host, port, family, type, proto, flags):
               ~~~~~~~~~~~~~~~~~~~^^^^^^^^^^^^^^^^^^^^^^^^^^^^^^^^^^^^^^^^
socket.gaierror: [Errno 8] nodename nor servname provided, or not known

During handling of the above exception, another exception occurred:

Traceback (most recent call last):
  File "<frozen runpy>", line 198, in _run_module_as_main
  File "<frozen runpy>", line 88, in _run_code
  File "/Users/elliotbladen/BetMate/BettingEngine/ml/football/player_layer/fetch_espn_match_snapshots.py", line 88, in <module>
    main()
    ~~~~^^
  File "/Users/elliotbladen/BetMate/BettingEngine/ml/football/player_layer/fetch_espn_match_snapshots.py", line 83, in main
    results = collect(args.date)
  File "/Users/elliotbladen/BetMate/BettingEngine/ml/football/player_layer/fetch_espn_match_snapshots.py", line 49, in collect
    board = fetch(f"{BASE}/scoreboard?dates={day.replace('-', '')}")
  File "/Users/elliotbladen/BetMate/BettingEngine/ml/football/player_layer/fetch_espn_match_snapshots.py", line 24, in fetch
    with urlopen(req, timeout=30) as response:
         ~~~~~~~^^^^^^^^^^^^^^^^^
  File "/usr/local/Cellar/python@3.14/3.14.0/Frameworks/Python.framework/Versions/3.14/lib/python3.14/urllib/request.py", line 187, in urlopen
    return opener.open(url, data, timeout)
           ~~~~~~~~~~~^^^^^^^^^^^^^^^^^^^^
  File "/usr/local/Cellar/python@3.14/3.14.0/Frameworks/Python.framework/Versions/3.14/lib/python3.14/urllib/request.py", line 487, in open
    response = self._open(req, data)
  File "/usr/local/Cellar/python@3.14/3.14.0/Frameworks/Python.framework/Versions/3.14/lib/python3.14/urllib/request.py", line 504, in _open
    result = self._call_chain(self.handle_open, protocol, protocol +
                              '_open', req)
  File "/usr/local/Cellar/python@3.14/3.14.0/Frameworks/Python.framework/Versions/3.14/lib/python3.14/urllib/request.py", line 464, in _call_chain
    result = func(*args)
  File "/usr/local/Cellar/python@3.14/3.14.0/Frameworks/Python.framework/Versions/3.14/lib/python3.14/urllib/request.py", line 1369, in https_open
    return self.do_open(http.client.HTTPSConnection, req,
           ~~~~~~~~~~~~^^^^^^^^^^^^^^^^^^^^^^^^^^^^^^^^^^
                        context=self._context)
                        ^^^^^^^^^^^^^^^^^^^^^^
  File "/usr/local/Cellar/python@3.14/3.14.0/Frameworks/Python.framework/Versions/3.14/lib/python3.14/urllib/request.py", line 1324, in do_open
    raise URLError(err)
urllib.error.URLError: <urlopen error [Errno 8] nodename nor servname provided, or not known>
Traceback (most recent call last):
  File "/usr/local/Cellar/python@3.14/3.14.0/Frameworks/Python.framework/Versions/3.14/lib/python3.14/urllib/request.py", line 1321, in do_open
    h.request(req.get_method(), req.selector, req.data, headers,
    ~~~~~~~~~^^^^^^^^^^^^^^^^^^^^^^^^^^^^^^^^^^^^^^^^^^^^^^^^^^^
              encode_chunked=req.has_header('Transfer-encoding'))
              ^^^^^^^^^^^^^^^^^^^^^^^^^^^^^^^^^^^^^^^^^^^^^^^^^^^
  File "/usr/local/Cellar/python@3.14/3.14.0/Frameworks/Python.framework/Versions/3.14/lib/python3.14/http/client.py", line 1338, in request
    self._send_request(method, url, body, headers, encode_chunked)
    ~~~~~~~~~~~~~~~~~~^^^^^^^^^^^^^^^^^^^^^^^^^^^^^^^^^^^^^^^^^^^^
  File "/usr/local/Cellar/python@3.14/3.14.0/Frameworks/Python.framework/Versions/3.14/lib/python3.14/http/client.py", line 1384, in _send_request
    self.endheaders(body, encode_chunked=encode_chunked)
    ~~~~~~~~~~~~~~~^^^^^^^^^^^^^^^^^^^^^^^^^^^^^^^^^^^^^
  File "/usr/local/Cellar/python@3.14/3.14.0/Frameworks/Python.framework/Versions/3.14/lib/python3.14/http/client.py", line 1333, in endheaders
    self._send_output(message_body, encode_chunked=encode_chunked)
    ~~~~~~~~~~~~~~~~~^^^^^^^^^^^^^^^^^^^^^^^^^^^^^^^^^^^^^^^^^^^^^
  File "/usr/local/Cellar/python@3.14/3.14.0/Frameworks/Python.framework/Versions/3.14/lib/python3.14/http/client.py", line 1093, in _send_output
    self.send(msg)
    ~~~~~~~~~^^^^^
  File "/usr/local/Cellar/python@3.14/3.14.0/Frameworks/Python.framework/Versions/3.14/lib/python3.14/http/client.py", line 1037, in send
    self.connect()
    ~~~~~~~~~~~~^^
  File "/usr/local/Cellar/python@3.14/3.14.0/Frameworks/Python.framework/Versions/3.14/lib/python3.14/http/client.py", line 1472, in connect
    super().connect()
    ~~~~~~~~~~~~~~~^^
  File "/usr/local/Cellar/python@3.14/3.14.0/Frameworks/Python.framework/Versions/3.14/lib/python3.14/http/client.py", line 1003, in connect
    self.sock = self._create_connection(
                ~~~~~~~~~~~~~~~~~~~~~~~^
        (self.host,self.port), self.timeout, self.source_address)
        ^^^^^^^^^^^^^^^^^^^^^^^^^^^^^^^^^^^^^^^^^^^^^^^^^^^^^^^^^
  File "/usr/local/Cellar/python@3.14/3.14.0/Frameworks/Python.framework/Versions/3.14/lib/python3.14/socket.py", line 846, in create_connection
    for res in getaddrinfo(host, port, 0, SOCK_STREAM):
               ~~~~~~~~~~~^^^^^^^^^^^^^^^^^^^^^^^^^^^^
  File "/usr/local/Cellar/python@3.14/3.14.0/Frameworks/Python.framework/Versions/3.14/lib/python3.14/socket.py", line 983, in getaddrinfo
    for res in _socket.getaddrinfo(host, port, family, type, proto, flags):
               ~~~~~~~~~~~~~~~~~~~^^^^^^^^^^^^^^^^^^^^^^^^^^^^^^^^^^^^^^^^
socket.gaierror: [Errno 8] nodename nor servname provided, or not known

During handling of the above exception, another exception occurred:

Traceback (most recent call last):
  File "<frozen runpy>", line 198, in _run_module_as_main
  File "<frozen runpy>", line 88, in _run_code
  File "/Users/elliotbladen/BetMate/BettingEngine/ml/football/player_layer/fetch_espn_match_snapshots.py", line 88, in <module>
    main()
    ~~~~^^
  File "/Users/elliotbladen/BetMate/BettingEngine/ml/football/player_layer/fetch_espn_match_snapshots.py", line 83, in main
    results = collect(args.date)
  File "/Users/elliotbladen/BetMate/BettingEngine/ml/football/player_layer/fetch_espn_match_snapshots.py", line 49, in collect
    board = fetch(f"{BASE}/scoreboard?dates={day.replace('-', '')}")
  File "/Users/elliotbladen/BetMate/BettingEngine/ml/football/player_layer/fetch_espn_match_snapshots.py", line 24, in fetch
    with urlopen(req, timeout=30) as response:
         ~~~~~~~^^^^^^^^^^^^^^^^^
  File "/usr/local/Cellar/python@3.14/3.14.0/Frameworks/Python.framework/Versions/3.14/lib/python3.14/urllib/request.py", line 187, in urlopen
    return opener.open(url, data, timeout)
           ~~~~~~~~~~~^^^^^^^^^^^^^^^^^^^^
  File "/usr/local/Cellar/python@3.14/3.14.0/Frameworks/Python.framework/Versions/3.14/lib/python3.14/urllib/request.py", line 487, in open
    response = self._open(req, data)
  File "/usr/local/Cellar/python@3.14/3.14.0/Frameworks/Python.framework/Versions/3.14/lib/python3.14/urllib/request.py", line 504, in _open
    result = self._call_chain(self.handle_open, protocol, protocol +
                              '_open', req)
  File "/usr/local/Cellar/python@3.14/3.14.0/Frameworks/Python.framework/Versions/3.14/lib/python3.14/urllib/request.py", line 464, in _call_chain
    result = func(*args)
  File "/usr/local/Cellar/python@3.14/3.14.0/Frameworks/Python.framework/Versions/3.14/lib/python3.14/urllib/request.py", line 1369, in https_open
    return self.do_open(http.client.HTTPSConnection, req,
           ~~~~~~~~~~~~^^^^^^^^^^^^^^^^^^^^^^^^^^^^^^^^^^
                        context=self._context)
                        ^^^^^^^^^^^^^^^^^^^^^^
  File "/usr/local/Cellar/python@3.14/3.14.0/Frameworks/Python.framework/Versions/3.14/lib/python3.14/urllib/request.py", line 1324, in do_open
    raise URLError(err)
urllib.error.URLError: <urlopen error [Errno 8] nodename nor servname provided, or not known>
Traceback (most recent call last):
  File "/usr/local/Cellar/python@3.14/3.14.0/Frameworks/Python.framework/Versions/3.14/lib/python3.14/urllib/request.py", line 1321, in do_open
    h.request(req.get_method(), req.selector, req.data, headers,
    ~~~~~~~~~^^^^^^^^^^^^^^^^^^^^^^^^^^^^^^^^^^^^^^^^^^^^^^^^^^^
              encode_chunked=req.has_header('Transfer-encoding'))
              ^^^^^^^^^^^^^^^^^^^^^^^^^^^^^^^^^^^^^^^^^^^^^^^^^^^
  File "/usr/local/Cellar/python@3.14/3.14.0/Frameworks/Python.framework/Versions/3.14/lib/python3.14/http/client.py", line 1338, in request
    self._send_request(method, url, body, headers, encode_chunked)
    ~~~~~~~~~~~~~~~~~~^^^^^^^^^^^^^^^^^^^^^^^^^^^^^^^^^^^^^^^^^^^^
  File "/usr/local/Cellar/python@3.14/3.14.0/Frameworks/Python.framework/Versions/3.14/lib/python3.14/http/client.py", line 1384, in _send_request
    self.endheaders(body, encode_chunked=encode_chunked)
    ~~~~~~~~~~~~~~~^^^^^^^^^^^^^^^^^^^^^^^^^^^^^^^^^^^^^
  File "/usr/local/Cellar/python@3.14/3.14.0/Frameworks/Python.framework/Versions/3.14/lib/python3.14/http/client.py", line 1333, in endheaders
    self._send_output(message_body, encode_chunked=encode_chunked)
    ~~~~~~~~~~~~~~~~~^^^^^^^^^^^^^^^^^^^^^^^^^^^^^^^^^^^^^^^^^^^^^
  File "/usr/local/Cellar/python@3.14/3.14.0/Frameworks/Python.framework/Versions/3.14/lib/python3.14/http/client.py", line 1093, in _send_output
    self.send(msg)
    ~~~~~~~~~^^^^^
  File "/usr/local/Cellar/python@3.14/3.14.0/Frameworks/Python.framework/Versions/3.14/lib/python3.14/http/client.py", line 1037, in send
    self.connect()
    ~~~~~~~~~~~~^^
  File "/usr/local/Cellar/python@3.14/3.14.0/Frameworks/Python.framework/Versions/3.14/lib/python3.14/http/client.py", line 1472, in connect
    super().connect()
    ~~~~~~~~~~~~~~~^^
  File "/usr/local/Cellar/python@3.14/3.14.0/Frameworks/Python.framework/Versions/3.14/lib/python3.14/http/client.py", line 1003, in connect
    self.sock = self._create_connection(
                ~~~~~~~~~~~~~~~~~~~~~~~^
        (self.host,self.port), self.timeout, self.source_address)
        ^^^^^^^^^^^^^^^^^^^^^^^^^^^^^^^^^^^^^^^^^^^^^^^^^^^^^^^^^
  File "/usr/local/Cellar/python@3.14/3.14.0/Frameworks/Python.framework/Versions/3.14/lib/python3.14/socket.py", line 846, in create_connection
    for res in getaddrinfo(host, port, 0, SOCK_STREAM):
               ~~~~~~~~~~~^^^^^^^^^^^^^^^^^^^^^^^^^^^^
  File "/usr/local/Cellar/python@3.14/3.14.0/Frameworks/Python.framework/Versions/3.14/lib/python3.14/socket.py", line 983, in getaddrinfo
    for res in _socket.getaddrinfo(host, port, family, type, proto, flags):
               ~~~~~~~~~~~~~~~~~~~^^^^^^^^^^^^^^^^^^^^^^^^^^^^^^^^^^^^^^^^
socket.gaierror: [Errno 8] nodename nor servname provided, or not known

During handling of the above exception, another exception occurred:

Traceback (most recent call last):
  File "<frozen runpy>", line 198, in _run_module_as_main
  File "<frozen runpy>", line 88, in _run_code
  File "/Users/elliotbladen/BetMate/BettingEngine/ml/football/player_layer/fetch_espn_match_snapshots.py", line 88, in <module>
    main()
    ~~~~^^
  File "/Users/elliotbladen/BetMate/BettingEngine/ml/football/player_layer/fetch_espn_match_snapshots.py", line 83, in main
    results = collect(args.date)
  File "/Users/elliotbladen/BetMate/BettingEngine/ml/football/player_layer/fetch_espn_match_snapshots.py", line 49, in collect
    board = fetch(f"{BASE}/scoreboard?dates={day.replace('-', '')}")
  File "/Users/elliotbladen/BetMate/BettingEngine/ml/football/player_layer/fetch_espn_match_snapshots.py", line 24, in fetch
    with urlopen(req, timeout=30) as response:
         ~~~~~~~^^^^^^^^^^^^^^^^^
  File "/usr/local/Cellar/python@3.14/3.14.0/Frameworks/Python.framework/Versions/3.14/lib/python3.14/urllib/request.py", line 187, in urlopen
    return opener.open(url, data, timeout)
           ~~~~~~~~~~~^^^^^^^^^^^^^^^^^^^^
  File "/usr/local/Cellar/python@3.14/3.14.0/Frameworks/Python.framework/Versions/3.14/lib/python3.14/urllib/request.py", line 487, in open
    response = self._open(req, data)
  File "/usr/local/Cellar/python@3.14/3.14.0/Frameworks/Python.framework/Versions/3.14/lib/python3.14/urllib/request.py", line 504, in _open
    result = self._call_chain(self.handle_open, protocol, protocol +
                              '_open', req)
  File "/usr/local/Cellar/python@3.14/3.14.0/Frameworks/Python.framework/Versions/3.14/lib/python3.14/urllib/request.py", line 464, in _call_chain
    result = func(*args)
  File "/usr/local/Cellar/python@3.14/3.14.0/Frameworks/Python.framework/Versions/3.14/lib/python3.14/urllib/request.py", line 1369, in https_open
    return self.do_open(http.client.HTTPSConnection, req,
           ~~~~~~~~~~~~^^^^^^^^^^^^^^^^^^^^^^^^^^^^^^^^^^
                        context=self._context)
                        ^^^^^^^^^^^^^^^^^^^^^^
  File "/usr/local/Cellar/python@3.14/3.14.0/Frameworks/Python.framework/Versions/3.14/lib/python3.14/urllib/request.py", line 1324, in do_open
    raise URLError(err)
urllib.error.URLError: <urlopen error [Errno 8] nodename nor servname provided, or not known>
Traceback (most recent call last):
  File "/usr/local/Cellar/python@3.14/3.14.0/Frameworks/Python.framework/Versions/3.14/lib/python3.14/urllib/request.py", line 1321, in do_open
    h.request(req.get_method(), req.selector, req.data, headers,
    ~~~~~~~~~^^^^^^^^^^^^^^^^^^^^^^^^^^^^^^^^^^^^^^^^^^^^^^^^^^^
              encode_chunked=req.has_header('Transfer-encoding'))
              ^^^^^^^^^^^^^^^^^^^^^^^^^^^^^^^^^^^^^^^^^^^^^^^^^^^
  File "/usr/local/Cellar/python@3.14/3.14.0/Frameworks/Python.framework/Versions/3.14/lib/python3.14/http/client.py", line 1338, in request
    self._send_request(method, url, body, headers, encode_chunked)
    ~~~~~~~~~~~~~~~~~~^^^^^^^^^^^^^^^^^^^^^^^^^^^^^^^^^^^^^^^^^^^^
  File "/usr/local/Cellar/python@3.14/3.14.0/Frameworks/Python.framework/Versions/3.14/lib/python3.14/http/client.py", line 1384, in _send_request
    self.endheaders(body, encode_chunked=encode_chunked)
    ~~~~~~~~~~~~~~~^^^^^^^^^^^^^^^^^^^^^^^^^^^^^^^^^^^^^
  File "/usr/local/Cellar/python@3.14/3.14.0/Frameworks/Python.framework/Versions/3.14/lib/python3.14/http/client.py", line 1333, in endheaders
    self._send_output(message_body, encode_chunked=encode_chunked)
    ~~~~~~~~~~~~~~~~~^^^^^^^^^^^^^^^^^^^^^^^^^^^^^^^^^^^^^^^^^^^^^
  File "/usr/local/Cellar/python@3.14/3.14.0/Frameworks/Python.framework/Versions/3.14/lib/python3.14/http/client.py", line 1093, in _send_output
    self.send(msg)
    ~~~~~~~~~^^^^^
  File "/usr/local/Cellar/python@3.14/3.14.0/Frameworks/Python.framework/Versions/3.14/lib/python3.14/http/client.py", line 1037, in send
    self.connect()
    ~~~~~~~~~~~~^^
  File "/usr/local/Cellar/python@3.14/3.14.0/Frameworks/Python.framework/Versions/3.14/lib/python3.14/http/client.py", line 1472, in connect
    super().connect()
    ~~~~~~~~~~~~~~~^^
  File "/usr/local/Cellar/python@3.14/3.14.0/Frameworks/Python.framework/Versions/3.14/lib/python3.14/http/client.py", line 1003, in connect
    self.sock = self._create_connection(
                ~~~~~~~~~~~~~~~~~~~~~~~^
        (self.host,self.port), self.timeout, self.source_address)
        ^^^^^^^^^^^^^^^^^^^^^^^^^^^^^^^^^^^^^^^^^^^^^^^^^^^^^^^^^
  File "/usr/local/Cellar/python@3.14/3.14.0/Frameworks/Python.framework/Versions/3.14/lib/python3.14/socket.py", line 846, in create_connection
    for res in getaddrinfo(host, port, 0, SOCK_STREAM):
               ~~~~~~~~~~~^^^^^^^^^^^^^^^^^^^^^^^^^^^^
  File "/usr/local/Cellar/python@3.14/3.14.0/Frameworks/Python.framework/Versions/3.14/lib/python3.14/socket.py", line 983, in getaddrinfo
    for res in _socket.getaddrinfo(host, port, family, type, proto, flags):
               ~~~~~~~~~~~~~~~~~~~^^^^^^^^^^^^^^^^^^^^^^^^^^^^^^^^^^^^^^^^
socket.gaierror: [Errno 8] nodename nor servname provided, or not known

During handling of the above exception, another exception occurred:

Traceback (most recent call last):
  File "<frozen runpy>", line 198, in _run_module_as_main
  File "<frozen runpy>", line 88, in _run_code
  File "/Users/elliotbladen/BetMate/BettingEngine/ml/football/player_layer/fetch_espn_match_snapshots.py", line 88, in <module>
    main()
    ~~~~^^
  File "/Users/elliotbladen/BetMate/BettingEngine/ml/football/player_layer/fetch_espn_match_snapshots.py", line 83, in main
    results = collect(args.date)
  File "/Users/elliotbladen/BetMate/BettingEngine/ml/football/player_layer/fetch_espn_match_snapshots.py", line 49, in collect
    board = fetch(f"{BASE}/scoreboard?dates={day.replace('-', '')}")
  File "/Users/elliotbladen/BetMate/BettingEngine/ml/football/player_layer/fetch_espn_match_snapshots.py", line 24, in fetch
    with urlopen(req, timeout=30) as response:
         ~~~~~~~^^^^^^^^^^^^^^^^^
  File "/usr/local/Cellar/python@3.14/3.14.0/Frameworks/Python.framework/Versions/3.14/lib/python3.14/urllib/request.py", line 187, in urlopen
    return opener.open(url, data, timeout)
           ~~~~~~~~~~~^^^^^^^^^^^^^^^^^^^^
  File "/usr/local/Cellar/python@3.14/3.14.0/Frameworks/Python.framework/Versions/3.14/lib/python3.14/urllib/request.py", line 487, in open
    response = self._open(req, data)
  File "/usr/local/Cellar/python@3.14/3.14.0/Frameworks/Python.framework/Versions/3.14/lib/python3.14/urllib/request.py", line 504, in _open
    result = self._call_chain(self.handle_open, protocol, protocol +
                              '_open', req)
  File "/usr/local/Cellar/python@3.14/3.14.0/Frameworks/Python.framework/Versions/3.14/lib/python3.14/urllib/request.py", line 464, in _call_chain
    result = func(*args)
  File "/usr/local/Cellar/python@3.14/3.14.0/Frameworks/Python.framework/Versions/3.14/lib/python3.14/urllib/request.py", line 1369, in https_open
    return self.do_open(http.client.HTTPSConnection, req,
           ~~~~~~~~~~~~^^^^^^^^^^^^^^^^^^^^^^^^^^^^^^^^^^
                        context=self._context)
                        ^^^^^^^^^^^^^^^^^^^^^^
  File "/usr/local/Cellar/python@3.14/3.14.0/Frameworks/Python.framework/Versions/3.14/lib/python3.14/urllib/request.py", line 1324, in do_open
    raise URLError(err)
urllib.error.URLError: <urlopen error [Errno 8] nodename nor servname provided, or not known>
Traceback (most recent call last):
  File "/usr/local/Cellar/python@3.14/3.14.0/Frameworks/Python.framework/Versions/3.14/lib/python3.14/urllib/request.py", line 1321, in do_open
    h.request(req.get_method(), req.selector, req.data, headers,
    ~~~~~~~~~^^^^^^^^^^^^^^^^^^^^^^^^^^^^^^^^^^^^^^^^^^^^^^^^^^^
              encode_chunked=req.has_header('Transfer-encoding'))
              ^^^^^^^^^^^^^^^^^^^^^^^^^^^^^^^^^^^^^^^^^^^^^^^^^^^
  File "/usr/local/Cellar/python@3.14/3.14.0/Frameworks/Python.framework/Versions/3.14/lib/python3.14/http/client.py", line 1338, in request
    self._send_request(method, url, body, headers, encode_chunked)
    ~~~~~~~~~~~~~~~~~~^^^^^^^^^^^^^^^^^^^^^^^^^^^^^^^^^^^^^^^^^^^^
  File "/usr/local/Cellar/python@3.14/3.14.0/Frameworks/Python.framework/Versions/3.14/lib/python3.14/http/client.py", line 1384, in _send_request
    self.endheaders(body, encode_chunked=encode_chunked)
    ~~~~~~~~~~~~~~~^^^^^^^^^^^^^^^^^^^^^^^^^^^^^^^^^^^^^
  File "/usr/local/Cellar/python@3.14/3.14.0/Frameworks/Python.framework/Versions/3.14/lib/python3.14/http/client.py", line 1333, in endheaders
    self._send_output(message_body, encode_chunked=encode_chunked)
    ~~~~~~~~~~~~~~~~~^^^^^^^^^^^^^^^^^^^^^^^^^^^^^^^^^^^^^^^^^^^^^
  File "/usr/local/Cellar/python@3.14/3.14.0/Frameworks/Python.framework/Versions/3.14/lib/python3.14/http/client.py", line 1093, in _send_output
    self.send(msg)
    ~~~~~~~~~^^^^^
  File "/usr/local/Cellar/python@3.14/3.14.0/Frameworks/Python.framework/Versions/3.14/lib/python3.14/http/client.py", line 1037, in send
    self.connect()
    ~~~~~~~~~~~~^^
  File "/usr/local/Cellar/python@3.14/3.14.0/Frameworks/Python.framework/Versions/3.14/lib/python3.14/http/client.py", line 1472, in connect
    super().connect()
    ~~~~~~~~~~~~~~~^^
  File "/usr/local/Cellar/python@3.14/3.14.0/Frameworks/Python.framework/Versions/3.14/lib/python3.14/http/client.py", line 1003, in connect
    self.sock = self._create_connection(
                ~~~~~~~~~~~~~~~~~~~~~~~^
        (self.host,self.port), self.timeout, self.source_address)
        ^^^^^^^^^^^^^^^^^^^^^^^^^^^^^^^^^^^^^^^^^^^^^^^^^^^^^^^^^
  File "/usr/local/Cellar/python@3.14/3.14.0/Frameworks/Python.framework/Versions/3.14/lib/python3.14/socket.py", line 846, in create_connection
    for res in getaddrinfo(host, port, 0, SOCK_STREAM):
               ~~~~~~~~~~~^^^^^^^^^^^^^^^^^^^^^^^^^^^^
  File "/usr/local/Cellar/python@3.14/3.14.0/Frameworks/Python.framework/Versions/3.14/lib/python3.14/socket.py", line 983, in getaddrinfo
    for res in _socket.getaddrinfo(host, port, family, type, proto, flags):
               ~~~~~~~~~~~~~~~~~~~^^^^^^^^^^^^^^^^^^^^^^^^^^^^^^^^^^^^^^^^
socket.gaierror: [Errno 8] nodename nor servname provided, or not known

During handling of the above exception, another exception occurred:

Traceback (most recent call last):
  File "<frozen runpy>", line 198, in _run_module_as_main
  File "<frozen runpy>", line 88, in _run_code
  File "/Users/elliotbladen/BetMate/BettingEngine/ml/football/player_layer/fetch_espn_match_snapshots.py", line 88, in <module>
    main()
    ~~~~^^
  File "/Users/elliotbladen/BetMate/BettingEngine/ml/football/player_layer/fetch_espn_match_snapshots.py", line 83, in main
    results = collect(args.date)
  File "/Users/elliotbladen/BetMate/BettingEngine/ml/football/player_layer/fetch_espn_match_snapshots.py", line 49, in collect
    board = fetch(f"{BASE}/scoreboard?dates={day.replace('-', '')}")
  File "/Users/elliotbladen/BetMate/BettingEngine/ml/football/player_layer/fetch_espn_match_snapshots.py", line 24, in fetch
    with urlopen(req, timeout=30) as response:
         ~~~~~~~^^^^^^^^^^^^^^^^^
  File "/usr/local/Cellar/python@3.14/3.14.0/Frameworks/Python.framework/Versions/3.14/lib/python3.14/urllib/request.py", line 187, in urlopen
    return opener.open(url, data, timeout)
           ~~~~~~~~~~~^^^^^^^^^^^^^^^^^^^^
  File "/usr/local/Cellar/python@3.14/3.14.0/Frameworks/Python.framework/Versions/3.14/lib/python3.14/urllib/request.py", line 487, in open
    response = self._open(req, data)
  File "/usr/local/Cellar/python@3.14/3.14.0/Frameworks/Python.framework/Versions/3.14/lib/python3.14/urllib/request.py", line 504, in _open
    result = self._call_chain(self.handle_open, protocol, protocol +
                              '_open', req)
  File "/usr/local/Cellar/python@3.14/3.14.0/Frameworks/Python.framework/Versions/3.14/lib/python3.14/urllib/request.py", line 464, in _call_chain
    result = func(*args)
  File "/usr/local/Cellar/python@3.14/3.14.0/Frameworks/Python.framework/Versions/3.14/lib/python3.14/urllib/request.py", line 1369, in https_open
    return self.do_open(http.client.HTTPSConnection, req,
           ~~~~~~~~~~~~^^^^^^^^^^^^^^^^^^^^^^^^^^^^^^^^^^
                        context=self._context)
                        ^^^^^^^^^^^^^^^^^^^^^^
  File "/usr/local/Cellar/python@3.14/3.14.0/Frameworks/Python.framework/Versions/3.14/lib/python3.14/urllib/request.py", line 1324, in do_open
    raise URLError(err)
urllib.error.URLError: <urlopen error [Errno 8] nodename nor servname provided, or not known>
Traceback (most recent call last):
  File "/usr/local/Cellar/python@3.14/3.14.0/Frameworks/Python.framework/Versions/3.14/lib/python3.14/urllib/request.py", line 1321, in do_open
    h.request(req.get_method(), req.selector, req.data, headers,
    ~~~~~~~~~^^^^^^^^^^^^^^^^^^^^^^^^^^^^^^^^^^^^^^^^^^^^^^^^^^^
              encode_chunked=req.has_header('Transfer-encoding'))
              ^^^^^^^^^^^^^^^^^^^^^^^^^^^^^^^^^^^^^^^^^^^^^^^^^^^
  File "/usr/local/Cellar/python@3.14/3.14.0/Frameworks/Python.framework/Versions/3.14/lib/python3.14/http/client.py", line 1338, in request
    self._send_request(method, url, body, headers, encode_chunked)
    ~~~~~~~~~~~~~~~~~~^^^^^^^^^^^^^^^^^^^^^^^^^^^^^^^^^^^^^^^^^^^^
  File "/usr/local/Cellar/python@3.14/3.14.0/Frameworks/Python.framework/Versions/3.14/lib/python3.14/http/client.py", line 1384, in _send_request
    self.endheaders(body, encode_chunked=encode_chunked)
    ~~~~~~~~~~~~~~~^^^^^^^^^^^^^^^^^^^^^^^^^^^^^^^^^^^^^
  File "/usr/local/Cellar/python@3.14/3.14.0/Frameworks/Python.framework/Versions/3.14/lib/python3.14/http/client.py", line 1333, in endheaders
    self._send_output(message_body, encode_chunked=encode_chunked)
    ~~~~~~~~~~~~~~~~~^^^^^^^^^^^^^^^^^^^^^^^^^^^^^^^^^^^^^^^^^^^^^
  File "/usr/local/Cellar/python@3.14/3.14.0/Frameworks/Python.framework/Versions/3.14/lib/python3.14/http/client.py", line 1093, in _send_output
    self.send(msg)
    ~~~~~~~~~^^^^^
  File "/usr/local/Cellar/python@3.14/3.14.0/Frameworks/Python.framework/Versions/3.14/lib/python3.14/http/client.py", line 1037, in send
    self.connect()
    ~~~~~~~~~~~~^^
  File "/usr/local/Cellar/python@3.14/3.14.0/Frameworks/Python.framework/Versions/3.14/lib/python3.14/http/client.py", line 1472, in connect
    super().connect()
    ~~~~~~~~~~~~~~~^^
  File "/usr/local/Cellar/python@3.14/3.14.0/Frameworks/Python.framework/Versions/3.14/lib/python3.14/http/client.py", line 1003, in connect
    self.sock = self._create_connection(
                ~~~~~~~~~~~~~~~~~~~~~~~^
        (self.host,self.port), self.timeout, self.source_address)
        ^^^^^^^^^^^^^^^^^^^^^^^^^^^^^^^^^^^^^^^^^^^^^^^^^^^^^^^^^
  File "/usr/local/Cellar/python@3.14/3.14.0/Frameworks/Python.framework/Versions/3.14/lib/python3.14/socket.py", line 846, in create_connection
    for res in getaddrinfo(host, port, 0, SOCK_STREAM):
               ~~~~~~~~~~~^^^^^^^^^^^^^^^^^^^^^^^^^^^^
  File "/usr/local/Cellar/python@3.14/3.14.0/Frameworks/Python.framework/Versions/3.14/lib/python3.14/socket.py", line 983, in getaddrinfo
    for res in _socket.getaddrinfo(host, port, family, type, proto, flags):
               ~~~~~~~~~~~~~~~~~~~^^^^^^^^^^^^^^^^^^^^^^^^^^^^^^^^^^^^^^^^
socket.gaierror: [Errno 8] nodename nor servname provided, or not known

During handling of the above exception, another exception occurred:

Traceback (most recent call last):
  File "<frozen runpy>", line 198, in _run_module_as_main
  File "<frozen runpy>", line 88, in _run_code
  File "/Users/elliotbladen/BetMate/BettingEngine/ml/football/player_layer/fetch_espn_match_snapshots.py", line 88, in <module>
    main()
    ~~~~^^
  File "/Users/elliotbladen/BetMate/BettingEngine/ml/football/player_layer/fetch_espn_match_snapshots.py", line 83, in main
    results = collect(args.date)
  File "/Users/elliotbladen/BetMate/BettingEngine/ml/football/player_layer/fetch_espn_match_snapshots.py", line 49, in collect
    board = fetch(f"{BASE}/scoreboard?dates={day.replace('-', '')}")
  File "/Users/elliotbladen/BetMate/BettingEngine/ml/football/player_layer/fetch_espn_match_snapshots.py", line 24, in fetch
    with urlopen(req, timeout=30) as response:
         ~~~~~~~^^^^^^^^^^^^^^^^^
  File "/usr/local/Cellar/python@3.14/3.14.0/Frameworks/Python.framework/Versions/3.14/lib/python3.14/urllib/request.py", line 187, in urlopen
    return opener.open(url, data, timeout)
           ~~~~~~~~~~~^^^^^^^^^^^^^^^^^^^^
  File "/usr/local/Cellar/python@3.14/3.14.0/Frameworks/Python.framework/Versions/3.14/lib/python3.14/urllib/request.py", line 487, in open
    response = self._open(req, data)
  File "/usr/local/Cellar/python@3.14/3.14.0/Frameworks/Python.framework/Versions/3.14/lib/python3.14/urllib/request.py", line 504, in _open
    result = self._call_chain(self.handle_open, protocol, protocol +
                              '_open', req)
  File "/usr/local/Cellar/python@3.14/3.14.0/Frameworks/Python.framework/Versions/3.14/lib/python3.14/urllib/request.py", line 464, in _call_chain
    result = func(*args)
  File "/usr/local/Cellar/python@3.14/3.14.0/Frameworks/Python.framework/Versions/3.14/lib/python3.14/urllib/request.py", line 1369, in https_open
    return self.do_open(http.client.HTTPSConnection, req,
           ~~~~~~~~~~~~^^^^^^^^^^^^^^^^^^^^^^^^^^^^^^^^^^
                        context=self._context)
                        ^^^^^^^^^^^^^^^^^^^^^^
  File "/usr/local/Cellar/python@3.14/3.14.0/Frameworks/Python.framework/Versions/3.14/lib/python3.14/urllib/request.py", line 1324, in do_open
    raise URLError(err)
urllib.error.URLError: <urlopen error [Errno 8] nodename nor servname provided, or not known>
Traceback (most recent call last):
  File "/usr/local/Cellar/python@3.14/3.14.0/Frameworks/Python.framework/Versions/3.14/lib/python3.14/urllib/request.py", line 1321, in do_open
    h.request(req.get_method(), req.selector, req.data, headers,
    ~~~~~~~~~^^^^^^^^^^^^^^^^^^^^^^^^^^^^^^^^^^^^^^^^^^^^^^^^^^^
              encode_chunked=req.has_header('Transfer-encoding'))
              ^^^^^^^^^^^^^^^^^^^^^^^^^^^^^^^^^^^^^^^^^^^^^^^^^^^
  File "/usr/local/Cellar/python@3.14/3.14.0/Frameworks/Python.framework/Versions/3.14/lib/python3.14/http/client.py", line 1338, in request
    self._send_request(method, url, body, headers, encode_chunked)
    ~~~~~~~~~~~~~~~~~~^^^^^^^^^^^^^^^^^^^^^^^^^^^^^^^^^^^^^^^^^^^^
  File "/usr/local/Cellar/python@3.14/3.14.0/Frameworks/Python.framework/Versions/3.14/lib/python3.14/http/client.py", line 1384, in _send_request
    self.endheaders(body, encode_chunked=encode_chunked)
    ~~~~~~~~~~~~~~~^^^^^^^^^^^^^^^^^^^^^^^^^^^^^^^^^^^^^
  File "/usr/local/Cellar/python@3.14/3.14.0/Frameworks/Python.framework/Versions/3.14/lib/python3.14/http/client.py", line 1333, in endheaders
    self._send_output(message_body, encode_chunked=encode_chunked)
    ~~~~~~~~~~~~~~~~~^^^^^^^^^^^^^^^^^^^^^^^^^^^^^^^^^^^^^^^^^^^^^
  File "/usr/local/Cellar/python@3.14/3.14.0/Frameworks/Python.framework/Versions/3.14/lib/python3.14/http/client.py", line 1093, in _send_output
    self.send(msg)
    ~~~~~~~~~^^^^^
  File "/usr/local/Cellar/python@3.14/3.14.0/Frameworks/Python.framework/Versions/3.14/lib/python3.14/http/client.py", line 1037, in send
    self.connect()
    ~~~~~~~~~~~~^^
  File "/usr/local/Cellar/python@3.14/3.14.0/Frameworks/Python.framework/Versions/3.14/lib/python3.14/http/client.py", line 1472, in connect
    super().connect()
    ~~~~~~~~~~~~~~~^^
  File "/usr/local/Cellar/python@3.14/3.14.0/Frameworks/Python.framework/Versions/3.14/lib/python3.14/http/client.py", line 1003, in connect
    self.sock = self._create_connection(
                ~~~~~~~~~~~~~~~~~~~~~~~^
        (self.host,self.port), self.timeout, self.source_address)
        ^^^^^^^^^^^^^^^^^^^^^^^^^^^^^^^^^^^^^^^^^^^^^^^^^^^^^^^^^
  File "/usr/local/Cellar/python@3.14/3.14.0/Frameworks/Python.framework/Versions/3.14/lib/python3.14/socket.py", line 846, in create_connection
    for res in getaddrinfo(host, port, 0, SOCK_STREAM):
               ~~~~~~~~~~~^^^^^^^^^^^^^^^^^^^^^^^^^^^^
  File "/usr/local/Cellar/python@3.14/3.14.0/Frameworks/Python.framework/Versions/3.14/lib/python3.14/socket.py", line 983, in getaddrinfo
    for res in _socket.getaddrinfo(host, port, family, type, proto, flags):
               ~~~~~~~~~~~~~~~~~~~^^^^^^^^^^^^^^^^^^^^^^^^^^^^^^^^^^^^^^^^
socket.gaierror: [Errno 8] nodename nor servname provided, or not known

During handling of the above exception, another exception occurred:

Traceback (most recent call last):
  File "<frozen runpy>", line 198, in _run_module_as_main
  File "<frozen runpy>", line 88, in _run_code
  File "/Users/elliotbladen/BetMate/BettingEngine/ml/football/player_layer/fetch_espn_match_snapshots.py", line 88, in <module>
    main()
    ~~~~^^
  File "/Users/elliotbladen/BetMate/BettingEngine/ml/football/player_layer/fetch_espn_match_snapshots.py", line 83, in main
    results = collect(args.date)
  File "/Users/elliotbladen/BetMate/BettingEngine/ml/football/player_layer/fetch_espn_match_snapshots.py", line 49, in collect
    board = fetch(f"{BASE}/scoreboard?dates={day.replace('-', '')}")
  File "/Users/elliotbladen/BetMate/BettingEngine/ml/football/player_layer/fetch_espn_match_snapshots.py", line 24, in fetch
    with urlopen(req, timeout=30) as response:
         ~~~~~~~^^^^^^^^^^^^^^^^^
  File "/usr/local/Cellar/python@3.14/3.14.0/Frameworks/Python.framework/Versions/3.14/lib/python3.14/urllib/request.py", line 187, in urlopen
    return opener.open(url, data, timeout)
           ~~~~~~~~~~~^^^^^^^^^^^^^^^^^^^^
  File "/usr/local/Cellar/python@3.14/3.14.0/Frameworks/Python.framework/Versions/3.14/lib/python3.14/urllib/request.py", line 487, in open
    response = self._open(req, data)
  File "/usr/local/Cellar/python@3.14/3.14.0/Frameworks/Python.framework/Versions/3.14/lib/python3.14/urllib/request.py", line 504, in _open
    result = self._call_chain(self.handle_open, protocol, protocol +
                              '_open', req)
  File "/usr/local/Cellar/python@3.14/3.14.0/Frameworks/Python.framework/Versions/3.14/lib/python3.14/urllib/request.py", line 464, in _call_chain
    result = func(*args)
  File "/usr/local/Cellar/python@3.14/3.14.0/Frameworks/Python.framework/Versions/3.14/lib/python3.14/urllib/request.py", line 1369, in https_open
    return self.do_open(http.client.HTTPSConnection, req,
           ~~~~~~~~~~~~^^^^^^^^^^^^^^^^^^^^^^^^^^^^^^^^^^
                        context=self._context)
                        ^^^^^^^^^^^^^^^^^^^^^^
  File "/usr/local/Cellar/python@3.14/3.14.0/Frameworks/Python.framework/Versions/3.14/lib/python3.14/urllib/request.py", line 1324, in do_open
    raise URLError(err)
urllib.error.URLError: <urlopen error [Errno 8] nodename nor servname provided, or not known>
Traceback (most recent call last):
  File "/usr/local/Cellar/python@3.14/3.14.0/Frameworks/Python.framework/Versions/3.14/lib/python3.14/urllib/request.py", line 1321, in do_open
    h.request(req.get_method(), req.selector, req.data, headers,
    ~~~~~~~~~^^^^^^^^^^^^^^^^^^^^^^^^^^^^^^^^^^^^^^^^^^^^^^^^^^^
              encode_chunked=req.has_header('Transfer-encoding'))
              ^^^^^^^^^^^^^^^^^^^^^^^^^^^^^^^^^^^^^^^^^^^^^^^^^^^
  File "/usr/local/Cellar/python@3.14/3.14.0/Frameworks/Python.framework/Versions/3.14/lib/python3.14/http/client.py", line 1338, in request
    self._send_request(method, url, body, headers, encode_chunked)
    ~~~~~~~~~~~~~~~~~~^^^^^^^^^^^^^^^^^^^^^^^^^^^^^^^^^^^^^^^^^^^^
  File "/usr/local/Cellar/python@3.14/3.14.0/Frameworks/Python.framework/Versions/3.14/lib/python3.14/http/client.py", line 1384, in _send_request
    self.endheaders(body, encode_chunked=encode_chunked)
    ~~~~~~~~~~~~~~~^^^^^^^^^^^^^^^^^^^^^^^^^^^^^^^^^^^^^
  File "/usr/local/Cellar/python@3.14/3.14.0/Frameworks/Python.framework/Versions/3.14/lib/python3.14/http/client.py", line 1333, in endheaders
    self._send_output(message_body, encode_chunked=encode_chunked)
    ~~~~~~~~~~~~~~~~~^^^^^^^^^^^^^^^^^^^^^^^^^^^^^^^^^^^^^^^^^^^^^
  File "/usr/local/Cellar/python@3.14/3.14.0/Frameworks/Python.framework/Versions/3.14/lib/python3.14/http/client.py", line 1093, in _send_output
    self.send(msg)
    ~~~~~~~~~^^^^^
  File "/usr/local/Cellar/python@3.14/3.14.0/Frameworks/Python.framework/Versions/3.14/lib/python3.14/http/client.py", line 1037, in send
    self.connect()
    ~~~~~~~~~~~~^^
  File "/usr/local/Cellar/python@3.14/3.14.0/Frameworks/Python.framework/Versions/3.14/lib/python3.14/http/client.py", line 1472, in connect
    super().connect()
    ~~~~~~~~~~~~~~~^^
  File "/usr/local/Cellar/python@3.14/3.14.0/Frameworks/Python.framework/Versions/3.14/lib/python3.14/http/client.py", line 1003, in connect
    self.sock = self._create_connection(
                ~~~~~~~~~~~~~~~~~~~~~~~^
        (self.host,self.port), self.timeout, self.source_address)
        ^^^^^^^^^^^^^^^^^^^^^^^^^^^^^^^^^^^^^^^^^^^^^^^^^^^^^^^^^
  File "/usr/local/Cellar/python@3.14/3.14.0/Frameworks/Python.framework/Versions/3.14/lib/python3.14/socket.py", line 846, in create_connection
    for res in getaddrinfo(host, port, 0, SOCK_STREAM):
               ~~~~~~~~~~~^^^^^^^^^^^^^^^^^^^^^^^^^^^^
  File "/usr/local/Cellar/python@3.14/3.14.0/Frameworks/Python.framework/Versions/3.14/lib/python3.14/socket.py", line 983, in getaddrinfo
    for res in _socket.getaddrinfo(host, port, family, type, proto, flags):
               ~~~~~~~~~~~~~~~~~~~^^^^^^^^^^^^^^^^^^^^^^^^^^^^^^^^^^^^^^^^
socket.gaierror: [Errno 8] nodename nor servname provided, or not known

During handling of the above exception, another exception occurred:

Traceback (most recent call last):
  File "<frozen runpy>", line 198, in _run_module_as_main
  File "<frozen runpy>", line 88, in _run_code
  File "/Users/elliotbladen/BetMate/BettingEngine/ml/football/player_layer/fetch_espn_match_snapshots.py", line 88, in <module>
    main()
    ~~~~^^
  File "/Users/elliotbladen/BetMate/BettingEngine/ml/football/player_layer/fetch_espn_match_snapshots.py", line 83, in main
    results = collect(args.date)
  File "/Users/elliotbladen/BetMate/BettingEngine/ml/football/player_layer/fetch_espn_match_snapshots.py", line 49, in collect
    board = fetch(f"{BASE}/scoreboard?dates={day.replace('-', '')}")
  File "/Users/elliotbladen/BetMate/BettingEngine/ml/football/player_layer/fetch_espn_match_snapshots.py", line 24, in fetch
    with urlopen(req, timeout=30) as response:
         ~~~~~~~^^^^^^^^^^^^^^^^^
  File "/usr/local/Cellar/python@3.14/3.14.0/Frameworks/Python.framework/Versions/3.14/lib/python3.14/urllib/request.py", line 187, in urlopen
    return opener.open(url, data, timeout)
           ~~~~~~~~~~~^^^^^^^^^^^^^^^^^^^^
  File "/usr/local/Cellar/python@3.14/3.14.0/Frameworks/Python.framework/Versions/3.14/lib/python3.14/urllib/request.py", line 487, in open
    response = self._open(req, data)
  File "/usr/local/Cellar/python@3.14/3.14.0/Frameworks/Python.framework/Versions/3.14/lib/python3.14/urllib/request.py", line 504, in _open
    result = self._call_chain(self.handle_open, protocol, protocol +
                              '_open', req)
  File "/usr/local/Cellar/python@3.14/3.14.0/Frameworks/Python.framework/Versions/3.14/lib/python3.14/urllib/request.py", line 464, in _call_chain
    result = func(*args)
  File "/usr/local/Cellar/python@3.14/3.14.0/Frameworks/Python.framework/Versions/3.14/lib/python3.14/urllib/request.py", line 1369, in https_open
    return self.do_open(http.client.HTTPSConnection, req,
           ~~~~~~~~~~~~^^^^^^^^^^^^^^^^^^^^^^^^^^^^^^^^^^
                        context=self._context)
                        ^^^^^^^^^^^^^^^^^^^^^^
  File "/usr/local/Cellar/python@3.14/3.14.0/Frameworks/Python.framework/Versions/3.14/lib/python3.14/urllib/request.py", line 1324, in do_open
    raise URLError(err)
urllib.error.URLError: <urlopen error [Errno 8] nodename nor servname provided, or not known>
Traceback (most recent call last):
  File "/usr/local/Cellar/python@3.14/3.14.0/Frameworks/Python.framework/Versions/3.14/lib/python3.14/urllib/request.py", line 1321, in do_open
    h.request(req.get_method(), req.selector, req.data, headers,
    ~~~~~~~~~^^^^^^^^^^^^^^^^^^^^^^^^^^^^^^^^^^^^^^^^^^^^^^^^^^^
              encode_chunked=req.has_header('Transfer-encoding'))
              ^^^^^^^^^^^^^^^^^^^^^^^^^^^^^^^^^^^^^^^^^^^^^^^^^^^
  File "/usr/local/Cellar/python@3.14/3.14.0/Frameworks/Python.framework/Versions/3.14/lib/python3.14/http/client.py", line 1338, in request
    self._send_request(method, url, body, headers, encode_chunked)
    ~~~~~~~~~~~~~~~~~~^^^^^^^^^^^^^^^^^^^^^^^^^^^^^^^^^^^^^^^^^^^^
  File "/usr/local/Cellar/python@3.14/3.14.0/Frameworks/Python.framework/Versions/3.14/lib/python3.14/http/client.py", line 1384, in _send_request
    self.endheaders(body, encode_chunked=encode_chunked)
    ~~~~~~~~~~~~~~~^^^^^^^^^^^^^^^^^^^^^^^^^^^^^^^^^^^^^
  File "/usr/local/Cellar/python@3.14/3.14.0/Frameworks/Python.framework/Versions/3.14/lib/python3.14/http/client.py", line 1333, in endheaders
    self._send_output(message_body, encode_chunked=encode_chunked)
    ~~~~~~~~~~~~~~~~~^^^^^^^^^^^^^^^^^^^^^^^^^^^^^^^^^^^^^^^^^^^^^
  File "/usr/local/Cellar/python@3.14/3.14.0/Frameworks/Python.framework/Versions/3.14/lib/python3.14/http/client.py", line 1093, in _send_output
    self.send(msg)
    ~~~~~~~~~^^^^^
  File "/usr/local/Cellar/python@3.14/3.14.0/Frameworks/Python.framework/Versions/3.14/lib/python3.14/http/client.py", line 1037, in send
    self.connect()
    ~~~~~~~~~~~~^^
  File "/usr/local/Cellar/python@3.14/3.14.0/Frameworks/Python.framework/Versions/3.14/lib/python3.14/http/client.py", line 1472, in connect
    super().connect()
    ~~~~~~~~~~~~~~~^^
  File "/usr/local/Cellar/python@3.14/3.14.0/Frameworks/Python.framework/Versions/3.14/lib/python3.14/http/client.py", line 1003, in connect
    self.sock = self._create_connection(
                ~~~~~~~~~~~~~~~~~~~~~~~^
        (self.host,self.port), self.timeout, self.source_address)
        ^^^^^^^^^^^^^^^^^^^^^^^^^^^^^^^^^^^^^^^^^^^^^^^^^^^^^^^^^
  File "/usr/local/Cellar/python@3.14/3.14.0/Frameworks/Python.framework/Versions/3.14/lib/python3.14/socket.py", line 846, in create_connection
    for res in getaddrinfo(host, port, 0, SOCK_STREAM):
               ~~~~~~~~~~~^^^^^^^^^^^^^^^^^^^^^^^^^^^^
  File "/usr/local/Cellar/python@3.14/3.14.0/Frameworks/Python.framework/Versions/3.14/lib/python3.14/socket.py", line 983, in getaddrinfo
    for res in _socket.getaddrinfo(host, port, family, type, proto, flags):
               ~~~~~~~~~~~~~~~~~~~^^^^^^^^^^^^^^^^^^^^^^^^^^^^^^^^^^^^^^^^
socket.gaierror: [Errno 8] nodename nor servname provided, or not known

During handling of the above exception, another exception occurred:

Traceback (most recent call last):
  File "<frozen runpy>", line 198, in _run_module_as_main
  File "<frozen runpy>", line 88, in _run_code
  File "/Users/elliotbladen/BetMate/BettingEngine/ml/football/player_layer/fetch_espn_match_snapshots.py", line 88, in <module>
    main()
    ~~~~^^
  File "/Users/elliotbladen/BetMate/BettingEngine/ml/football/player_layer/fetch_espn_match_snapshots.py", line 83, in main
    results = collect(args.date)
  File "/Users/elliotbladen/BetMate/BettingEngine/ml/football/player_layer/fetch_espn_match_snapshots.py", line 49, in collect
    board = fetch(f"{BASE}/scoreboard?dates={day.replace('-', '')}")
  File "/Users/elliotbladen/BetMate/BettingEngine/ml/football/player_layer/fetch_espn_match_snapshots.py", line 24, in fetch
    with urlopen(req, timeout=30) as response:
         ~~~~~~~^^^^^^^^^^^^^^^^^
  File "/usr/local/Cellar/python@3.14/3.14.0/Frameworks/Python.framework/Versions/3.14/lib/python3.14/urllib/request.py", line 187, in urlopen
    return opener.open(url, data, timeout)
           ~~~~~~~~~~~^^^^^^^^^^^^^^^^^^^^
  File "/usr/local/Cellar/python@3.14/3.14.0/Frameworks/Python.framework/Versions/3.14/lib/python3.14/urllib/request.py", line 487, in open
    response = self._open(req, data)
  File "/usr/local/Cellar/python@3.14/3.14.0/Frameworks/Python.framework/Versions/3.14/lib/python3.14/urllib/request.py", line 504, in _open
    result = self._call_chain(self.handle_open, protocol, protocol +
                              '_open', req)
  File "/usr/local/Cellar/python@3.14/3.14.0/Frameworks/Python.framework/Versions/3.14/lib/python3.14/urllib/request.py", line 464, in _call_chain
    result = func(*args)
  File "/usr/local/Cellar/python@3.14/3.14.0/Frameworks/Python.framework/Versions/3.14/lib/python3.14/urllib/request.py", line 1369, in https_open
    return self.do_open(http.client.HTTPSConnection, req,
           ~~~~~~~~~~~~^^^^^^^^^^^^^^^^^^^^^^^^^^^^^^^^^^
                        context=self._context)
                        ^^^^^^^^^^^^^^^^^^^^^^
  File "/usr/local/Cellar/python@3.14/3.14.0/Frameworks/Python.framework/Versions/3.14/lib/python3.14/urllib/request.py", line 1324, in do_open
    raise URLError(err)
urllib.error.URLError: <urlopen error [Errno 8] nodename nor servname provided, or not known>
Traceback (most recent call last):
  File "/usr/local/Cellar/python@3.14/3.14.0/Frameworks/Python.framework/Versions/3.14/lib/python3.14/urllib/request.py", line 1321, in do_open
    h.request(req.get_method(), req.selector, req.data, headers,
    ~~~~~~~~~^^^^^^^^^^^^^^^^^^^^^^^^^^^^^^^^^^^^^^^^^^^^^^^^^^^
              encode_chunked=req.has_header('Transfer-encoding'))
              ^^^^^^^^^^^^^^^^^^^^^^^^^^^^^^^^^^^^^^^^^^^^^^^^^^^
  File "/usr/local/Cellar/python@3.14/3.14.0/Frameworks/Python.framework/Versions/3.14/lib/python3.14/http/client.py", line 1338, in request
    self._send_request(method, url, body, headers, encode_chunked)
    ~~~~~~~~~~~~~~~~~~^^^^^^^^^^^^^^^^^^^^^^^^^^^^^^^^^^^^^^^^^^^^
  File "/usr/local/Cellar/python@3.14/3.14.0/Frameworks/Python.framework/Versions/3.14/lib/python3.14/http/client.py", line 1384, in _send_request
    self.endheaders(body, encode_chunked=encode_chunked)
    ~~~~~~~~~~~~~~~^^^^^^^^^^^^^^^^^^^^^^^^^^^^^^^^^^^^^
  File "/usr/local/Cellar/python@3.14/3.14.0/Frameworks/Python.framework/Versions/3.14/lib/python3.14/http/client.py", line 1333, in endheaders
    self._send_output(message_body, encode_chunked=encode_chunked)
    ~~~~~~~~~~~~~~~~~^^^^^^^^^^^^^^^^^^^^^^^^^^^^^^^^^^^^^^^^^^^^^
  File "/usr/local/Cellar/python@3.14/3.14.0/Frameworks/Python.framework/Versions/3.14/lib/python3.14/http/client.py", line 1093, in _send_output
    self.send(msg)
    ~~~~~~~~~^^^^^
  File "/usr/local/Cellar/python@3.14/3.14.0/Frameworks/Python.framework/Versions/3.14/lib/python3.14/http/client.py", line 1037, in send
    self.connect()
    ~~~~~~~~~~~~^^
  File "/usr/local/Cellar/python@3.14/3.14.0/Frameworks/Python.framework/Versions/3.14/lib/python3.14/http/client.py", line 1472, in connect
    super().connect()
    ~~~~~~~~~~~~~~~^^
  File "/usr/local/Cellar/python@3.14/3.14.0/Frameworks/Python.framework/Versions/3.14/lib/python3.14/http/client.py", line 1003, in connect
    self.sock = self._create_connection(
                ~~~~~~~~~~~~~~~~~~~~~~~^
        (self.host,self.port), self.timeout, self.source_address)
        ^^^^^^^^^^^^^^^^^^^^^^^^^^^^^^^^^^^^^^^^^^^^^^^^^^^^^^^^^
  File "/usr/local/Cellar/python@3.14/3.14.0/Frameworks/Python.framework/Versions/3.14/lib/python3.14/socket.py", line 846, in create_connection
    for res in getaddrinfo(host, port, 0, SOCK_STREAM):
               ~~~~~~~~~~~^^^^^^^^^^^^^^^^^^^^^^^^^^^^
  File "/usr/local/Cellar/python@3.14/3.14.0/Frameworks/Python.framework/Versions/3.14/lib/python3.14/socket.py", line 983, in getaddrinfo
    for res in _socket.getaddrinfo(host, port, family, type, proto, flags):
               ~~~~~~~~~~~~~~~~~~~^^^^^^^^^^^^^^^^^^^^^^^^^^^^^^^^^^^^^^^^
socket.gaierror: [Errno 8] nodename nor servname provided, or not known

During handling of the above exception, another exception occurred:

Traceback (most recent call last):
  File "<frozen runpy>", line 198, in _run_module_as_main
  File "<frozen runpy>", line 88, in _run_code
  File "/Users/elliotbladen/BetMate/BettingEngine/ml/football/player_layer/fetch_espn_match_snapshots.py", line 88, in <module>
    main()
    ~~~~^^
  File "/Users/elliotbladen/BetMate/BettingEngine/ml/football/player_layer/fetch_espn_match_snapshots.py", line 83, in main
    results = collect(args.date)
  File "/Users/elliotbladen/BetMate/BettingEngine/ml/football/player_layer/fetch_espn_match_snapshots.py", line 49, in collect
    board = fetch(f"{BASE}/scoreboard?dates={day.replace('-', '')}")
  File "/Users/elliotbladen/BetMate/BettingEngine/ml/football/player_layer/fetch_espn_match_snapshots.py", line 24, in fetch
    with urlopen(req, timeout=30) as response:
         ~~~~~~~^^^^^^^^^^^^^^^^^
  File "/usr/local/Cellar/python@3.14/3.14.0/Frameworks/Python.framework/Versions/3.14/lib/python3.14/urllib/request.py", line 187, in urlopen
    return opener.open(url, data, timeout)
           ~~~~~~~~~~~^^^^^^^^^^^^^^^^^^^^
  File "/usr/local/Cellar/python@3.14/3.14.0/Frameworks/Python.framework/Versions/3.14/lib/python3.14/urllib/request.py", line 487, in open
    response = self._open(req, data)
  File "/usr/local/Cellar/python@3.14/3.14.0/Frameworks/Python.framework/Versions/3.14/lib/python3.14/urllib/request.py", line 504, in _open
    result = self._call_chain(self.handle_open, protocol, protocol +
                              '_open', req)
  File "/usr/local/Cellar/python@3.14/3.14.0/Frameworks/Python.framework/Versions/3.14/lib/python3.14/urllib/request.py", line 464, in _call_chain
    result = func(*args)
  File "/usr/local/Cellar/python@3.14/3.14.0/Frameworks/Python.framework/Versions/3.14/lib/python3.14/urllib/request.py", line 1369, in https_open
    return self.do_open(http.client.HTTPSConnection, req,
           ~~~~~~~~~~~~^^^^^^^^^^^^^^^^^^^^^^^^^^^^^^^^^^
                        context=self._context)
                        ^^^^^^^^^^^^^^^^^^^^^^
  File "/usr/local/Cellar/python@3.14/3.14.0/Frameworks/Python.framework/Versions/3.14/lib/python3.14/urllib/request.py", line 1324, in do_open
    raise URLError(err)
urllib.error.URLError: <urlopen error [Errno 8] nodename nor servname provided, or not known>
Traceback (most recent call last):
  File "/usr/local/Cellar/python@3.14/3.14.0/Frameworks/Python.framework/Versions/3.14/lib/python3.14/urllib/request.py", line 1321, in do_open
    h.request(req.get_method(), req.selector, req.data, headers,
    ~~~~~~~~~^^^^^^^^^^^^^^^^^^^^^^^^^^^^^^^^^^^^^^^^^^^^^^^^^^^
              encode_chunked=req.has_header('Transfer-encoding'))
              ^^^^^^^^^^^^^^^^^^^^^^^^^^^^^^^^^^^^^^^^^^^^^^^^^^^
  File "/usr/local/Cellar/python@3.14/3.14.0/Frameworks/Python.framework/Versions/3.14/lib/python3.14/http/client.py", line 1338, in request
    self._send_request(method, url, body, headers, encode_chunked)
    ~~~~~~~~~~~~~~~~~~^^^^^^^^^^^^^^^^^^^^^^^^^^^^^^^^^^^^^^^^^^^^
  File "/usr/local/Cellar/python@3.14/3.14.0/Frameworks/Python.framework/Versions/3.14/lib/python3.14/http/client.py", line 1384, in _send_request
    self.endheaders(body, encode_chunked=encode_chunked)
    ~~~~~~~~~~~~~~~^^^^^^^^^^^^^^^^^^^^^^^^^^^^^^^^^^^^^
  File "/usr/local/Cellar/python@3.14/3.14.0/Frameworks/Python.framework/Versions/3.14/lib/python3.14/http/client.py", line 1333, in endheaders
    self._send_output(message_body, encode_chunked=encode_chunked)
    ~~~~~~~~~~~~~~~~~^^^^^^^^^^^^^^^^^^^^^^^^^^^^^^^^^^^^^^^^^^^^^
  File "/usr/local/Cellar/python@3.14/3.14.0/Frameworks/Python.framework/Versions/3.14/lib/python3.14/http/client.py", line 1093, in _send_output
    self.send(msg)
    ~~~~~~~~~^^^^^
  File "/usr/local/Cellar/python@3.14/3.14.0/Frameworks/Python.framework/Versions/3.14/lib/python3.14/http/client.py", line 1037, in send
    self.connect()
    ~~~~~~~~~~~~^^
  File "/usr/local/Cellar/python@3.14/3.14.0/Frameworks/Python.framework/Versions/3.14/lib/python3.14/http/client.py", line 1472, in connect
    super().connect()
    ~~~~~~~~~~~~~~~^^
  File "/usr/local/Cellar/python@3.14/3.14.0/Frameworks/Python.framework/Versions/3.14/lib/python3.14/http/client.py", line 1003, in connect
    self.sock = self._create_connection(
                ~~~~~~~~~~~~~~~~~~~~~~~^
        (self.host,self.port), self.timeout, self.source_address)
        ^^^^^^^^^^^^^^^^^^^^^^^^^^^^^^^^^^^^^^^^^^^^^^^^^^^^^^^^^
  File "/usr/local/Cellar/python@3.14/3.14.0/Frameworks/Python.framework/Versions/3.14/lib/python3.14/socket.py", line 846, in create_connection
    for res in getaddrinfo(host, port, 0, SOCK_STREAM):
               ~~~~~~~~~~~^^^^^^^^^^^^^^^^^^^^^^^^^^^^
  File "/usr/local/Cellar/python@3.14/3.14.0/Frameworks/Python.framework/Versions/3.14/lib/python3.14/socket.py", line 983, in getaddrinfo
    for res in _socket.getaddrinfo(host, port, family, type, proto, flags):
               ~~~~~~~~~~~~~~~~~~~^^^^^^^^^^^^^^^^^^^^^^^^^^^^^^^^^^^^^^^^
socket.gaierror: [Errno 8] nodename nor servname provided, or not known

During handling of the above exception, another exception occurred:

Traceback (most recent call last):
  File "<frozen runpy>", line 198, in _run_module_as_main
  File "<frozen runpy>", line 88, in _run_code
  File "/Users/elliotbladen/BetMate/BettingEngine/ml/football/player_layer/fetch_espn_match_snapshots.py", line 88, in <module>
    main()
    ~~~~^^
  File "/Users/elliotbladen/BetMate/BettingEngine/ml/football/player_layer/fetch_espn_match_snapshots.py", line 83, in main
    results = collect(args.date)
  File "/Users/elliotbladen/BetMate/BettingEngine/ml/football/player_layer/fetch_espn_match_snapshots.py", line 49, in collect
    board = fetch(f"{BASE}/scoreboard?dates={day.replace('-', '')}")
  File "/Users/elliotbladen/BetMate/BettingEngine/ml/football/player_layer/fetch_espn_match_snapshots.py", line 24, in fetch
    with urlopen(req, timeout=30) as response:
         ~~~~~~~^^^^^^^^^^^^^^^^^
  File "/usr/local/Cellar/python@3.14/3.14.0/Frameworks/Python.framework/Versions/3.14/lib/python3.14/urllib/request.py", line 187, in urlopen
    return opener.open(url, data, timeout)
           ~~~~~~~~~~~^^^^^^^^^^^^^^^^^^^^
  File "/usr/local/Cellar/python@3.14/3.14.0/Frameworks/Python.framework/Versions/3.14/lib/python3.14/urllib/request.py", line 487, in open
    response = self._open(req, data)
  File "/usr/local/Cellar/python@3.14/3.14.0/Frameworks/Python.framework/Versions/3.14/lib/python3.14/urllib/request.py", line 504, in _open
    result = self._call_chain(self.handle_open, protocol, protocol +
                              '_open', req)
  File "/usr/local/Cellar/python@3.14/3.14.0/Frameworks/Python.framework/Versions/3.14/lib/python3.14/urllib/request.py", line 464, in _call_chain
    result = func(*args)
  File "/usr/local/Cellar/python@3.14/3.14.0/Frameworks/Python.framework/Versions/3.14/lib/python3.14/urllib/request.py", line 1369, in https_open
    return self.do_open(http.client.HTTPSConnection, req,
           ~~~~~~~~~~~~^^^^^^^^^^^^^^^^^^^^^^^^^^^^^^^^^^
                        context=self._context)
                        ^^^^^^^^^^^^^^^^^^^^^^
  File "/usr/local/Cellar/python@3.14/3.14.0/Frameworks/Python.framework/Versions/3.14/lib/python3.14/urllib/request.py", line 1324, in do_open
    raise URLError(err)
urllib.error.URLError: <urlopen error [Errno 8] nodename nor servname provided, or not known>
Traceback (most recent call last):
  File "/usr/local/Cellar/python@3.14/3.14.0/Frameworks/Python.framework/Versions/3.14/lib/python3.14/urllib/request.py", line 1321, in do_open
    h.request(req.get_method(), req.selector, req.data, headers,
    ~~~~~~~~~^^^^^^^^^^^^^^^^^^^^^^^^^^^^^^^^^^^^^^^^^^^^^^^^^^^
              encode_chunked=req.has_header('Transfer-encoding'))
              ^^^^^^^^^^^^^^^^^^^^^^^^^^^^^^^^^^^^^^^^^^^^^^^^^^^
  File "/usr/local/Cellar/python@3.14/3.14.0/Frameworks/Python.framework/Versions/3.14/lib/python3.14/http/client.py", line 1338, in request
    self._send_request(method, url, body, headers, encode_chunked)
    ~~~~~~~~~~~~~~~~~~^^^^^^^^^^^^^^^^^^^^^^^^^^^^^^^^^^^^^^^^^^^^
  File "/usr/local/Cellar/python@3.14/3.14.0/Frameworks/Python.framework/Versions/3.14/lib/python3.14/http/client.py", line 1384, in _send_request
    self.endheaders(body, encode_chunked=encode_chunked)
    ~~~~~~~~~~~~~~~^^^^^^^^^^^^^^^^^^^^^^^^^^^^^^^^^^^^^
  File "/usr/local/Cellar/python@3.14/3.14.0/Frameworks/Python.framework/Versions/3.14/lib/python3.14/http/client.py", line 1333, in endheaders
    self._send_output(message_body, encode_chunked=encode_chunked)
    ~~~~~~~~~~~~~~~~~^^^^^^^^^^^^^^^^^^^^^^^^^^^^^^^^^^^^^^^^^^^^^
  File "/usr/local/Cellar/python@3.14/3.14.0/Frameworks/Python.framework/Versions/3.14/lib/python3.14/http/client.py", line 1093, in _send_output
    self.send(msg)
    ~~~~~~~~~^^^^^
  File "/usr/local/Cellar/python@3.14/3.14.0/Frameworks/Python.framework/Versions/3.14/lib/python3.14/http/client.py", line 1037, in send
    self.connect()
    ~~~~~~~~~~~~^^
  File "/usr/local/Cellar/python@3.14/3.14.0/Frameworks/Python.framework/Versions/3.14/lib/python3.14/http/client.py", line 1472, in connect
    super().connect()
    ~~~~~~~~~~~~~~~^^
  File "/usr/local/Cellar/python@3.14/3.14.0/Frameworks/Python.framework/Versions/3.14/lib/python3.14/http/client.py", line 1003, in connect
    self.sock = self._create_connection(
                ~~~~~~~~~~~~~~~~~~~~~~~^
        (self.host,self.port), self.timeout, self.source_address)
        ^^^^^^^^^^^^^^^^^^^^^^^^^^^^^^^^^^^^^^^^^^^^^^^^^^^^^^^^^
  File "/usr/local/Cellar/python@3.14/3.14.0/Frameworks/Python.framework/Versions/3.14/lib/python3.14/socket.py", line 846, in create_connection
    for res in getaddrinfo(host, port, 0, SOCK_STREAM):
               ~~~~~~~~~~~^^^^^^^^^^^^^^^^^^^^^^^^^^^^
  File "/usr/local/Cellar/python@3.14/3.14.0/Frameworks/Python.framework/Versions/3.14/lib/python3.14/socket.py", line 983, in getaddrinfo
    for res in _socket.getaddrinfo(host, port, family, type, proto, flags):
               ~~~~~~~~~~~~~~~~~~~^^^^^^^^^^^^^^^^^^^^^^^^^^^^^^^^^^^^^^^^
socket.gaierror: [Errno 8] nodename nor servname provided, or not known

During handling of the above exception, another exception occurred:

Traceback (most recent call last):
  File "<frozen runpy>", line 198, in _run_module_as_main
  File "<frozen runpy>", line 88, in _run_code
  File "/Users/elliotbladen/BetMate/BettingEngine/ml/football/player_layer/fetch_espn_match_snapshots.py", line 88, in <module>
    main()
    ~~~~^^
  File "/Users/elliotbladen/BetMate/BettingEngine/ml/football/player_layer/fetch_espn_match_snapshots.py", line 83, in main
    results = collect(args.date)
  File "/Users/elliotbladen/BetMate/BettingEngine/ml/football/player_layer/fetch_espn_match_snapshots.py", line 49, in collect
    board = fetch(f"{BASE}/scoreboard?dates={day.replace('-', '')}")
  File "/Users/elliotbladen/BetMate/BettingEngine/ml/football/player_layer/fetch_espn_match_snapshots.py", line 24, in fetch
    with urlopen(req, timeout=30) as response:
         ~~~~~~~^^^^^^^^^^^^^^^^^
  File "/usr/local/Cellar/python@3.14/3.14.0/Frameworks/Python.framework/Versions/3.14/lib/python3.14/urllib/request.py", line 187, in urlopen
    return opener.open(url, data, timeout)
           ~~~~~~~~~~~^^^^^^^^^^^^^^^^^^^^
  File "/usr/local/Cellar/python@3.14/3.14.0/Frameworks/Python.framework/Versions/3.14/lib/python3.14/urllib/request.py", line 487, in open
    response = self._open(req, data)
  File "/usr/local/Cellar/python@3.14/3.14.0/Frameworks/Python.framework/Versions/3.14/lib/python3.14/urllib/request.py", line 504, in _open
    result = self._call_chain(self.handle_open, protocol, protocol +
                              '_open', req)
  File "/usr/local/Cellar/python@3.14/3.14.0/Frameworks/Python.framework/Versions/3.14/lib/python3.14/urllib/request.py", line 464, in _call_chain
    result = func(*args)
  File "/usr/local/Cellar/python@3.14/3.14.0/Frameworks/Python.framework/Versions/3.14/lib/python3.14/urllib/request.py", line 1369, in https_open
    return self.do_open(http.client.HTTPSConnection, req,
           ~~~~~~~~~~~~^^^^^^^^^^^^^^^^^^^^^^^^^^^^^^^^^^
                        context=self._context)
                        ^^^^^^^^^^^^^^^^^^^^^^
  File "/usr/local/Cellar/python@3.14/3.14.0/Frameworks/Python.framework/Versions/3.14/lib/python3.14/urllib/request.py", line 1324, in do_open
    raise URLError(err)
urllib.error.URLError: <urlopen error [Errno 8] nodename nor servname provided, or not known>
Traceback (most recent call last):
  File "/usr/local/Cellar/python@3.14/3.14.0/Frameworks/Python.framework/Versions/3.14/lib/python3.14/urllib/request.py", line 1321, in do_open
    h.request(req.get_method(), req.selector, req.data, headers,
    ~~~~~~~~~^^^^^^^^^^^^^^^^^^^^^^^^^^^^^^^^^^^^^^^^^^^^^^^^^^^
              encode_chunked=req.has_header('Transfer-encoding'))
              ^^^^^^^^^^^^^^^^^^^^^^^^^^^^^^^^^^^^^^^^^^^^^^^^^^^
  File "/usr/local/Cellar/python@3.14/3.14.0/Frameworks/Python.framework/Versions/3.14/lib/python3.14/http/client.py", line 1338, in request
    self._send_request(method, url, body, headers, encode_chunked)
    ~~~~~~~~~~~~~~~~~~^^^^^^^^^^^^^^^^^^^^^^^^^^^^^^^^^^^^^^^^^^^^
  File "/usr/local/Cellar/python@3.14/3.14.0/Frameworks/Python.framework/Versions/3.14/lib/python3.14/http/client.py", line 1384, in _send_request
    self.endheaders(body, encode_chunked=encode_chunked)
    ~~~~~~~~~~~~~~~^^^^^^^^^^^^^^^^^^^^^^^^^^^^^^^^^^^^^
  File "/usr/local/Cellar/python@3.14/3.14.0/Frameworks/Python.framework/Versions/3.14/lib/python3.14/http/client.py", line 1333, in endheaders
    self._send_output(message_body, encode_chunked=encode_chunked)
    ~~~~~~~~~~~~~~~~~^^^^^^^^^^^^^^^^^^^^^^^^^^^^^^^^^^^^^^^^^^^^^
  File "/usr/local/Cellar/python@3.14/3.14.0/Frameworks/Python.framework/Versions/3.14/lib/python3.14/http/client.py", line 1093, in _send_output
    self.send(msg)
    ~~~~~~~~~^^^^^
  File "/usr/local/Cellar/python@3.14/3.14.0/Frameworks/Python.framework/Versions/3.14/lib/python3.14/http/client.py", line 1037, in send
    self.connect()
    ~~~~~~~~~~~~^^
  File "/usr/local/Cellar/python@3.14/3.14.0/Frameworks/Python.framework/Versions/3.14/lib/python3.14/http/client.py", line 1472, in connect
    super().connect()
    ~~~~~~~~~~~~~~~^^
  File "/usr/local/Cellar/python@3.14/3.14.0/Frameworks/Python.framework/Versions/3.14/lib/python3.14/http/client.py", line 1003, in connect
    self.sock = self._create_connection(
                ~~~~~~~~~~~~~~~~~~~~~~~^
        (self.host,self.port), self.timeout, self.source_address)
        ^^^^^^^^^^^^^^^^^^^^^^^^^^^^^^^^^^^^^^^^^^^^^^^^^^^^^^^^^
  File "/usr/local/Cellar/python@3.14/3.14.0/Frameworks/Python.framework/Versions/3.14/lib/python3.14/socket.py", line 846, in create_connection
    for res in getaddrinfo(host, port, 0, SOCK_STREAM):
               ~~~~~~~~~~~^^^^^^^^^^^^^^^^^^^^^^^^^^^^
  File "/usr/local/Cellar/python@3.14/3.14.0/Frameworks/Python.framework/Versions/3.14/lib/python3.14/socket.py", line 983, in getaddrinfo
    for res in _socket.getaddrinfo(host, port, family, type, proto, flags):
               ~~~~~~~~~~~~~~~~~~~^^^^^^^^^^^^^^^^^^^^^^^^^^^^^^^^^^^^^^^^
socket.gaierror: [Errno 8] nodename nor servname provided, or not known

During handling of the above exception, another exception occurred:

Traceback (most recent call last):
  File "<frozen runpy>", line 198, in _run_module_as_main
  File "<frozen runpy>", line 88, in _run_code
  File "/Users/elliotbladen/BetMate/BettingEngine/ml/football/player_layer/fetch_espn_match_snapshots.py", line 88, in <module>
    main()
    ~~~~^^
  File "/Users/elliotbladen/BetMate/BettingEngine/ml/football/player_layer/fetch_espn_match_snapshots.py", line 83, in main
    results = collect(args.date)
  File "/Users/elliotbladen/BetMate/BettingEngine/ml/football/player_layer/fetch_espn_match_snapshots.py", line 49, in collect
    board = fetch(f"{BASE}/scoreboard?dates={day.replace('-', '')}")
  File "/Users/elliotbladen/BetMate/BettingEngine/ml/football/player_layer/fetch_espn_match_snapshots.py", line 24, in fetch
    with urlopen(req, timeout=30) as response:
         ~~~~~~~^^^^^^^^^^^^^^^^^
  File "/usr/local/Cellar/python@3.14/3.14.0/Frameworks/Python.framework/Versions/3.14/lib/python3.14/urllib/request.py", line 187, in urlopen
    return opener.open(url, data, timeout)
           ~~~~~~~~~~~^^^^^^^^^^^^^^^^^^^^
  File "/usr/local/Cellar/python@3.14/3.14.0/Frameworks/Python.framework/Versions/3.14/lib/python3.14/urllib/request.py", line 487, in open
    response = self._open(req, data)
  File "/usr/local/Cellar/python@3.14/3.14.0/Frameworks/Python.framework/Versions/3.14/lib/python3.14/urllib/request.py", line 504, in _open
    result = self._call_chain(self.handle_open, protocol, protocol +
                              '_open', req)
  File "/usr/local/Cellar/python@3.14/3.14.0/Frameworks/Python.framework/Versions/3.14/lib/python3.14/urllib/request.py", line 464, in _call_chain
    result = func(*args)
  File "/usr/local/Cellar/python@3.14/3.14.0/Frameworks/Python.framework/Versions/3.14/lib/python3.14/urllib/request.py", line 1369, in https_open
    return self.do_open(http.client.HTTPSConnection, req,
           ~~~~~~~~~~~~^^^^^^^^^^^^^^^^^^^^^^^^^^^^^^^^^^
                        context=self._context)
                        ^^^^^^^^^^^^^^^^^^^^^^
  File "/usr/local/Cellar/python@3.14/3.14.0/Frameworks/Python.framework/Versions/3.14/lib/python3.14/urllib/request.py", line 1324, in do_open
    raise URLError(err)
urllib.error.URLError: <urlopen error [Errno 8] nodename nor servname provided, or not known>
Traceback (most recent call last):
  File "/usr/local/Cellar/python@3.14/3.14.0/Frameworks/Python.framework/Versions/3.14/lib/python3.14/urllib/request.py", line 1321, in do_open
    h.request(req.get_method(), req.selector, req.data, headers,
    ~~~~~~~~~^^^^^^^^^^^^^^^^^^^^^^^^^^^^^^^^^^^^^^^^^^^^^^^^^^^
              encode_chunked=req.has_header('Transfer-encoding'))
              ^^^^^^^^^^^^^^^^^^^^^^^^^^^^^^^^^^^^^^^^^^^^^^^^^^^
  File "/usr/local/Cellar/python@3.14/3.14.0/Frameworks/Python.framework/Versions/3.14/lib/python3.14/http/client.py", line 1338, in request
    self._send_request(method, url, body, headers, encode_chunked)
    ~~~~~~~~~~~~~~~~~~^^^^^^^^^^^^^^^^^^^^^^^^^^^^^^^^^^^^^^^^^^^^
  File "/usr/local/Cellar/python@3.14/3.14.0/Frameworks/Python.framework/Versions/3.14/lib/python3.14/http/client.py", line 1384, in _send_request
    self.endheaders(body, encode_chunked=encode_chunked)
    ~~~~~~~~~~~~~~~^^^^^^^^^^^^^^^^^^^^^^^^^^^^^^^^^^^^^
  File "/usr/local/Cellar/python@3.14/3.14.0/Frameworks/Python.framework/Versions/3.14/lib/python3.14/http/client.py", line 1333, in endheaders
    self._send_output(message_body, encode_chunked=encode_chunked)
    ~~~~~~~~~~~~~~~~~^^^^^^^^^^^^^^^^^^^^^^^^^^^^^^^^^^^^^^^^^^^^^
  File "/usr/local/Cellar/python@3.14/3.14.0/Frameworks/Python.framework/Versions/3.14/lib/python3.14/http/client.py", line 1093, in _send_output
    self.send(msg)
    ~~~~~~~~~^^^^^
  File "/usr/local/Cellar/python@3.14/3.14.0/Frameworks/Python.framework/Versions/3.14/lib/python3.14/http/client.py", line 1037, in send
    self.connect()
    ~~~~~~~~~~~~^^
  File "/usr/local/Cellar/python@3.14/3.14.0/Frameworks/Python.framework/Versions/3.14/lib/python3.14/http/client.py", line 1472, in connect
    super().connect()
    ~~~~~~~~~~~~~~~^^
  File "/usr/local/Cellar/python@3.14/3.14.0/Frameworks/Python.framework/Versions/3.14/lib/python3.14/http/client.py", line 1003, in connect
    self.sock = self._create_connection(
                ~~~~~~~~~~~~~~~~~~~~~~~^
        (self.host,self.port), self.timeout, self.source_address)
        ^^^^^^^^^^^^^^^^^^^^^^^^^^^^^^^^^^^^^^^^^^^^^^^^^^^^^^^^^
  File "/usr/local/Cellar/python@3.14/3.14.0/Frameworks/Python.framework/Versions/3.14/lib/python3.14/socket.py", line 846, in create_connection
    for res in getaddrinfo(host, port, 0, SOCK_STREAM):
               ~~~~~~~~~~~^^^^^^^^^^^^^^^^^^^^^^^^^^^^
  File "/usr/local/Cellar/python@3.14/3.14.0/Frameworks/Python.framework/Versions/3.14/lib/python3.14/socket.py", line 983, in getaddrinfo
    for res in _socket.getaddrinfo(host, port, family, type, proto, flags):
               ~~~~~~~~~~~~~~~~~~~^^^^^^^^^^^^^^^^^^^^^^^^^^^^^^^^^^^^^^^^
socket.gaierror: [Errno 8] nodename nor servname provided, or not known

During handling of the above exception, another exception occurred:

Traceback (most recent call last):
  File "<frozen runpy>", line 198, in _run_module_as_main
  File "<frozen runpy>", line 88, in _run_code
  File "/Users/elliotbladen/BetMate/BettingEngine/ml/football/player_layer/fetch_espn_match_snapshots.py", line 88, in <module>
    main()
    ~~~~^^
  File "/Users/elliotbladen/BetMate/BettingEngine/ml/football/player_layer/fetch_espn_match_snapshots.py", line 83, in main
    results = collect(args.date)
  File "/Users/elliotbladen/BetMate/BettingEngine/ml/football/player_layer/fetch_espn_match_snapshots.py", line 49, in collect
    board = fetch(f"{BASE}/scoreboard?dates={day.replace('-', '')}")
  File "/Users/elliotbladen/BetMate/BettingEngine/ml/football/player_layer/fetch_espn_match_snapshots.py", line 24, in fetch
    with urlopen(req, timeout=30) as response:
         ~~~~~~~^^^^^^^^^^^^^^^^^
  File "/usr/local/Cellar/python@3.14/3.14.0/Frameworks/Python.framework/Versions/3.14/lib/python3.14/urllib/request.py", line 187, in urlopen
    return opener.open(url, data, timeout)
           ~~~~~~~~~~~^^^^^^^^^^^^^^^^^^^^
  File "/usr/local/Cellar/python@3.14/3.14.0/Frameworks/Python.framework/Versions/3.14/lib/python3.14/urllib/request.py", line 487, in open
    response = self._open(req, data)
  File "/usr/local/Cellar/python@3.14/3.14.0/Frameworks/Python.framework/Versions/3.14/lib/python3.14/urllib/request.py", line 504, in _open
    result = self._call_chain(self.handle_open, protocol, protocol +
                              '_open', req)
  File "/usr/local/Cellar/python@3.14/3.14.0/Frameworks/Python.framework/Versions/3.14/lib/python3.14/urllib/request.py", line 464, in _call_chain
    result = func(*args)
  File "/usr/local/Cellar/python@3.14/3.14.0/Frameworks/Python.framework/Versions/3.14/lib/python3.14/urllib/request.py", line 1369, in https_open
    return self.do_open(http.client.HTTPSConnection, req,
           ~~~~~~~~~~~~^^^^^^^^^^^^^^^^^^^^^^^^^^^^^^^^^^
                        context=self._context)
                        ^^^^^^^^^^^^^^^^^^^^^^
  File "/usr/local/Cellar/python@3.14/3.14.0/Frameworks/Python.framework/Versions/3.14/lib/python3.14/urllib/request.py", line 1324, in do_open
    raise URLError(err)
urllib.error.URLError: <urlopen error [Errno 8] nodename nor servname provided, or not known>
Traceback (most recent call last):
  File "/usr/local/Cellar/python@3.14/3.14.0/Frameworks/Python.framework/Versions/3.14/lib/python3.14/urllib/request.py", line 1321, in do_open
    h.request(req.get_method(), req.selector, req.data, headers,
    ~~~~~~~~~^^^^^^^^^^^^^^^^^^^^^^^^^^^^^^^^^^^^^^^^^^^^^^^^^^^
              encode_chunked=req.has_header('Transfer-encoding'))
              ^^^^^^^^^^^^^^^^^^^^^^^^^^^^^^^^^^^^^^^^^^^^^^^^^^^
  File "/usr/local/Cellar/python@3.14/3.14.0/Frameworks/Python.framework/Versions/3.14/lib/python3.14/http/client.py", line 1338, in request
    self._send_request(method, url, body, headers, encode_chunked)
    ~~~~~~~~~~~~~~~~~~^^^^^^^^^^^^^^^^^^^^^^^^^^^^^^^^^^^^^^^^^^^^
  File "/usr/local/Cellar/python@3.14/3.14.0/Frameworks/Python.framework/Versions/3.14/lib/python3.14/http/client.py", line 1384, in _send_request
    self.endheaders(body, encode_chunked=encode_chunked)
    ~~~~~~~~~~~~~~~^^^^^^^^^^^^^^^^^^^^^^^^^^^^^^^^^^^^^
  File "/usr/local/Cellar/python@3.14/3.14.0/Frameworks/Python.framework/Versions/3.14/lib/python3.14/http/client.py", line 1333, in endheaders
    self._send_output(message_body, encode_chunked=encode_chunked)
    ~~~~~~~~~~~~~~~~~^^^^^^^^^^^^^^^^^^^^^^^^^^^^^^^^^^^^^^^^^^^^^
  File "/usr/local/Cellar/python@3.14/3.14.0/Frameworks/Python.framework/Versions/3.14/lib/python3.14/http/client.py", line 1093, in _send_output
    self.send(msg)
    ~~~~~~~~~^^^^^
  File "/usr/local/Cellar/python@3.14/3.14.0/Frameworks/Python.framework/Versions/3.14/lib/python3.14/http/client.py", line 1037, in send
    self.connect()
    ~~~~~~~~~~~~^^
  File "/usr/local/Cellar/python@3.14/3.14.0/Frameworks/Python.framework/Versions/3.14/lib/python3.14/http/client.py", line 1472, in connect
    super().connect()
    ~~~~~~~~~~~~~~~^^
  File "/usr/local/Cellar/python@3.14/3.14.0/Frameworks/Python.framework/Versions/3.14/lib/python3.14/http/client.py", line 1003, in connect
    self.sock = self._create_connection(
                ~~~~~~~~~~~~~~~~~~~~~~~^
        (self.host,self.port), self.timeout, self.source_address)
        ^^^^^^^^^^^^^^^^^^^^^^^^^^^^^^^^^^^^^^^^^^^^^^^^^^^^^^^^^
  File "/usr/local/Cellar/python@3.14/3.14.0/Frameworks/Python.framework/Versions/3.14/lib/python3.14/socket.py", line 846, in create_connection
    for res in getaddrinfo(host, port, 0, SOCK_STREAM):
               ~~~~~~~~~~~^^^^^^^^^^^^^^^^^^^^^^^^^^^^
  File "/usr/local/Cellar/python@3.14/3.14.0/Frameworks/Python.framework/Versions/3.14/lib/python3.14/socket.py", line 983, in getaddrinfo
    for res in _socket.getaddrinfo(host, port, family, type, proto, flags):
               ~~~~~~~~~~~~~~~~~~~^^^^^^^^^^^^^^^^^^^^^^^^^^^^^^^^^^^^^^^^
socket.gaierror: [Errno 8] nodename nor servname provided, or not known

During handling of the above exception, another exception occurred:

Traceback (most recent call last):
  File "<frozen runpy>", line 198, in _run_module_as_main
  File "<frozen runpy>", line 88, in _run_code
  File "/Users/elliotbladen/BetMate/BettingEngine/ml/football/player_layer/fetch_espn_match_snapshots.py", line 88, in <module>
    main()
    ~~~~^^
  File "/Users/elliotbladen/BetMate/BettingEngine/ml/football/player_layer/fetch_espn_match_snapshots.py", line 83, in main
    results = collect(args.date)
  File "/Users/elliotbladen/BetMate/BettingEngine/ml/football/player_layer/fetch_espn_match_snapshots.py", line 49, in collect
    board = fetch(f"{BASE}/scoreboard?dates={day.replace('-', '')}")
  File "/Users/elliotbladen/BetMate/BettingEngine/ml/football/player_layer/fetch_espn_match_snapshots.py", line 24, in fetch
    with urlopen(req, timeout=30) as response:
         ~~~~~~~^^^^^^^^^^^^^^^^^
  File "/usr/local/Cellar/python@3.14/3.14.0/Frameworks/Python.framework/Versions/3.14/lib/python3.14/urllib/request.py", line 187, in urlopen
    return opener.open(url, data, timeout)
           ~~~~~~~~~~~^^^^^^^^^^^^^^^^^^^^
  File "/usr/local/Cellar/python@3.14/3.14.0/Frameworks/Python.framework/Versions/3.14/lib/python3.14/urllib/request.py", line 487, in open
    response = self._open(req, data)
  File "/usr/local/Cellar/python@3.14/3.14.0/Frameworks/Python.framework/Versions/3.14/lib/python3.14/urllib/request.py", line 504, in _open
    result = self._call_chain(self.handle_open, protocol, protocol +
                              '_open', req)
  File "/usr/local/Cellar/python@3.14/3.14.0/Frameworks/Python.framework/Versions/3.14/lib/python3.14/urllib/request.py", line 464, in _call_chain
    result = func(*args)
  File "/usr/local/Cellar/python@3.14/3.14.0/Frameworks/Python.framework/Versions/3.14/lib/python3.14/urllib/request.py", line 1369, in https_open
    return self.do_open(http.client.HTTPSConnection, req,
           ~~~~~~~~~~~~^^^^^^^^^^^^^^^^^^^^^^^^^^^^^^^^^^
                        context=self._context)
                        ^^^^^^^^^^^^^^^^^^^^^^
  File "/usr/local/Cellar/python@3.14/3.14.0/Frameworks/Python.framework/Versions/3.14/lib/python3.14/urllib/request.py", line 1324, in do_open
    raise URLError(err)
urllib.error.URLError: <urlopen error [Errno 8] nodename nor servname provided, or not known>
Traceback (most recent call last):
  File "/usr/local/Cellar/python@3.14/3.14.0/Frameworks/Python.framework/Versions/3.14/lib/python3.14/urllib/request.py", line 1321, in do_open
    h.request(req.get_method(), req.selector, req.data, headers,
    ~~~~~~~~~^^^^^^^^^^^^^^^^^^^^^^^^^^^^^^^^^^^^^^^^^^^^^^^^^^^
              encode_chunked=req.has_header('Transfer-encoding'))
              ^^^^^^^^^^^^^^^^^^^^^^^^^^^^^^^^^^^^^^^^^^^^^^^^^^^
  File "/usr/local/Cellar/python@3.14/3.14.0/Frameworks/Python.framework/Versions/3.14/lib/python3.14/http/client.py", line 1338, in request
    self._send_request(method, url, body, headers, encode_chunked)
    ~~~~~~~~~~~~~~~~~~^^^^^^^^^^^^^^^^^^^^^^^^^^^^^^^^^^^^^^^^^^^^
  File "/usr/local/Cellar/python@3.14/3.14.0/Frameworks/Python.framework/Versions/3.14/lib/python3.14/http/client.py", line 1384, in _send_request
    self.endheaders(body, encode_chunked=encode_chunked)
    ~~~~~~~~~~~~~~~^^^^^^^^^^^^^^^^^^^^^^^^^^^^^^^^^^^^^
  File "/usr/local/Cellar/python@3.14/3.14.0/Frameworks/Python.framework/Versions/3.14/lib/python3.14/http/client.py", line 1333, in endheaders
    self._send_output(message_body, encode_chunked=encode_chunked)
    ~~~~~~~~~~~~~~~~~^^^^^^^^^^^^^^^^^^^^^^^^^^^^^^^^^^^^^^^^^^^^^
  File "/usr/local/Cellar/python@3.14/3.14.0/Frameworks/Python.framework/Versions/3.14/lib/python3.14/http/client.py", line 1093, in _send_output
    self.send(msg)
    ~~~~~~~~~^^^^^
  File "/usr/local/Cellar/python@3.14/3.14.0/Frameworks/Python.framework/Versions/3.14/lib/python3.14/http/client.py", line 1037, in send
    self.connect()
    ~~~~~~~~~~~~^^
  File "/usr/local/Cellar/python@3.14/3.14.0/Frameworks/Python.framework/Versions/3.14/lib/python3.14/http/client.py", line 1472, in connect
    super().connect()
    ~~~~~~~~~~~~~~~^^
  File "/usr/local/Cellar/python@3.14/3.14.0/Frameworks/Python.framework/Versions/3.14/lib/python3.14/http/client.py", line 1003, in connect
    self.sock = self._create_connection(
                ~~~~~~~~~~~~~~~~~~~~~~~^
        (self.host,self.port), self.timeout, self.source_address)
        ^^^^^^^^^^^^^^^^^^^^^^^^^^^^^^^^^^^^^^^^^^^^^^^^^^^^^^^^^
  File "/usr/local/Cellar/python@3.14/3.14.0/Frameworks/Python.framework/Versions/3.14/lib/python3.14/socket.py", line 846, in create_connection
    for res in getaddrinfo(host, port, 0, SOCK_STREAM):
               ~~~~~~~~~~~^^^^^^^^^^^^^^^^^^^^^^^^^^^^
  File "/usr/local/Cellar/python@3.14/3.14.0/Frameworks/Python.framework/Versions/3.14/lib/python3.14/socket.py", line 983, in getaddrinfo
    for res in _socket.getaddrinfo(host, port, family, type, proto, flags):
               ~~~~~~~~~~~~~~~~~~~^^^^^^^^^^^^^^^^^^^^^^^^^^^^^^^^^^^^^^^^
socket.gaierror: [Errno 8] nodename nor servname provided, or not known

During handling of the above exception, another exception occurred:

Traceback (most recent call last):
  File "<frozen runpy>", line 198, in _run_module_as_main
  File "<frozen runpy>", line 88, in _run_code
  File "/Users/elliotbladen/BetMate/BettingEngine/ml/football/player_layer/fetch_espn_match_snapshots.py", line 88, in <module>
    main()
    ~~~~^^
  File "/Users/elliotbladen/BetMate/BettingEngine/ml/football/player_layer/fetch_espn_match_snapshots.py", line 83, in main
    results = collect(args.date)
  File "/Users/elliotbladen/BetMate/BettingEngine/ml/football/player_layer/fetch_espn_match_snapshots.py", line 49, in collect
    board = fetch(f"{BASE}/scoreboard?dates={day.replace('-', '')}")
  File "/Users/elliotbladen/BetMate/BettingEngine/ml/football/player_layer/fetch_espn_match_snapshots.py", line 24, in fetch
    with urlopen(req, timeout=30) as response:
         ~~~~~~~^^^^^^^^^^^^^^^^^
  File "/usr/local/Cellar/python@3.14/3.14.0/Frameworks/Python.framework/Versions/3.14/lib/python3.14/urllib/request.py", line 187, in urlopen
    return opener.open(url, data, timeout)
           ~~~~~~~~~~~^^^^^^^^^^^^^^^^^^^^
  File "/usr/local/Cellar/python@3.14/3.14.0/Frameworks/Python.framework/Versions/3.14/lib/python3.14/urllib/request.py", line 487, in open
    response = self._open(req, data)
  File "/usr/local/Cellar/python@3.14/3.14.0/Frameworks/Python.framework/Versions/3.14/lib/python3.14/urllib/request.py", line 504, in _open
    result = self._call_chain(self.handle_open, protocol, protocol +
                              '_open', req)
  File "/usr/local/Cellar/python@3.14/3.14.0/Frameworks/Python.framework/Versions/3.14/lib/python3.14/urllib/request.py", line 464, in _call_chain
    result = func(*args)
  File "/usr/local/Cellar/python@3.14/3.14.0/Frameworks/Python.framework/Versions/3.14/lib/python3.14/urllib/request.py", line 1369, in https_open
    return self.do_open(http.client.HTTPSConnection, req,
           ~~~~~~~~~~~~^^^^^^^^^^^^^^^^^^^^^^^^^^^^^^^^^^
                        context=self._context)
                        ^^^^^^^^^^^^^^^^^^^^^^
  File "/usr/local/Cellar/python@3.14/3.14.0/Frameworks/Python.framework/Versions/3.14/lib/python3.14/urllib/request.py", line 1324, in do_open
    raise URLError(err)
urllib.error.URLError: <urlopen error [Errno 8] nodename nor servname provided, or not known>
Traceback (most recent call last):
  File "/usr/local/Cellar/python@3.14/3.14.0/Frameworks/Python.framework/Versions/3.14/lib/python3.14/urllib/request.py", line 1321, in do_open
    h.request(req.get_method(), req.selector, req.data, headers,
    ~~~~~~~~~^^^^^^^^^^^^^^^^^^^^^^^^^^^^^^^^^^^^^^^^^^^^^^^^^^^
              encode_chunked=req.has_header('Transfer-encoding'))
              ^^^^^^^^^^^^^^^^^^^^^^^^^^^^^^^^^^^^^^^^^^^^^^^^^^^
  File "/usr/local/Cellar/python@3.14/3.14.0/Frameworks/Python.framework/Versions/3.14/lib/python3.14/http/client.py", line 1338, in request
    self._send_request(method, url, body, headers, encode_chunked)
    ~~~~~~~~~~~~~~~~~~^^^^^^^^^^^^^^^^^^^^^^^^^^^^^^^^^^^^^^^^^^^^
  File "/usr/local/Cellar/python@3.14/3.14.0/Frameworks/Python.framework/Versions/3.14/lib/python3.14/http/client.py", line 1384, in _send_request
    self.endheaders(body, encode_chunked=encode_chunked)
    ~~~~~~~~~~~~~~~^^^^^^^^^^^^^^^^^^^^^^^^^^^^^^^^^^^^^
  File "/usr/local/Cellar/python@3.14/3.14.0/Frameworks/Python.framework/Versions/3.14/lib/python3.14/http/client.py", line 1333, in endheaders
    self._send_output(message_body, encode_chunked=encode_chunked)
    ~~~~~~~~~~~~~~~~~^^^^^^^^^^^^^^^^^^^^^^^^^^^^^^^^^^^^^^^^^^^^^
  File "/usr/local/Cellar/python@3.14/3.14.0/Frameworks/Python.framework/Versions/3.14/lib/python3.14/http/client.py", line 1093, in _send_output
    self.send(msg)
    ~~~~~~~~~^^^^^
  File "/usr/local/Cellar/python@3.14/3.14.0/Frameworks/Python.framework/Versions/3.14/lib/python3.14/http/client.py", line 1037, in send
    self.connect()
    ~~~~~~~~~~~~^^
  File "/usr/local/Cellar/python@3.14/3.14.0/Frameworks/Python.framework/Versions/3.14/lib/python3.14/http/client.py", line 1472, in connect
    super().connect()
    ~~~~~~~~~~~~~~~^^
  File "/usr/local/Cellar/python@3.14/3.14.0/Frameworks/Python.framework/Versions/3.14/lib/python3.14/http/client.py", line 1003, in connect
    self.sock = self._create_connection(
                ~~~~~~~~~~~~~~~~~~~~~~~^
        (self.host,self.port), self.timeout, self.source_address)
        ^^^^^^^^^^^^^^^^^^^^^^^^^^^^^^^^^^^^^^^^^^^^^^^^^^^^^^^^^
  File "/usr/local/Cellar/python@3.14/3.14.0/Frameworks/Python.framework/Versions/3.14/lib/python3.14/socket.py", line 846, in create_connection
    for res in getaddrinfo(host, port, 0, SOCK_STREAM):
               ~~~~~~~~~~~^^^^^^^^^^^^^^^^^^^^^^^^^^^^
  File "/usr/local/Cellar/python@3.14/3.14.0/Frameworks/Python.framework/Versions/3.14/lib/python3.14/socket.py", line 983, in getaddrinfo
    for res in _socket.getaddrinfo(host, port, family, type, proto, flags):
               ~~~~~~~~~~~~~~~~~~~^^^^^^^^^^^^^^^^^^^^^^^^^^^^^^^^^^^^^^^^
socket.gaierror: [Errno 8] nodename nor servname provided, or not known

During handling of the above exception, another exception occurred:

Traceback (most recent call last):
  File "<frozen runpy>", line 198, in _run_module_as_main
  File "<frozen runpy>", line 88, in _run_code
  File "/Users/elliotbladen/BetMate/BettingEngine/ml/football/player_layer/fetch_espn_match_snapshots.py", line 88, in <module>
    main()
    ~~~~^^
  File "/Users/elliotbladen/BetMate/BettingEngine/ml/football/player_layer/fetch_espn_match_snapshots.py", line 83, in main
    results = collect(args.date)
  File "/Users/elliotbladen/BetMate/BettingEngine/ml/football/player_layer/fetch_espn_match_snapshots.py", line 49, in collect
    board = fetch(f"{BASE}/scoreboard?dates={day.replace('-', '')}")
  File "/Users/elliotbladen/BetMate/BettingEngine/ml/football/player_layer/fetch_espn_match_snapshots.py", line 24, in fetch
    with urlopen(req, timeout=30) as response:
         ~~~~~~~^^^^^^^^^^^^^^^^^
  File "/usr/local/Cellar/python@3.14/3.14.0/Frameworks/Python.framework/Versions/3.14/lib/python3.14/urllib/request.py", line 187, in urlopen
    return opener.open(url, data, timeout)
           ~~~~~~~~~~~^^^^^^^^^^^^^^^^^^^^
  File "/usr/local/Cellar/python@3.14/3.14.0/Frameworks/Python.framework/Versions/3.14/lib/python3.14/urllib/request.py", line 487, in open
    response = self._open(req, data)
  File "/usr/local/Cellar/python@3.14/3.14.0/Frameworks/Python.framework/Versions/3.14/lib/python3.14/urllib/request.py", line 504, in _open
    result = self._call_chain(self.handle_open, protocol, protocol +
                              '_open', req)
  File "/usr/local/Cellar/python@3.14/3.14.0/Frameworks/Python.framework/Versions/3.14/lib/python3.14/urllib/request.py", line 464, in _call_chain
    result = func(*args)
  File "/usr/local/Cellar/python@3.14/3.14.0/Frameworks/Python.framework/Versions/3.14/lib/python3.14/urllib/request.py", line 1369, in https_open
    return self.do_open(http.client.HTTPSConnection, req,
           ~~~~~~~~~~~~^^^^^^^^^^^^^^^^^^^^^^^^^^^^^^^^^^
                        context=self._context)
                        ^^^^^^^^^^^^^^^^^^^^^^
  File "/usr/local/Cellar/python@3.14/3.14.0/Frameworks/Python.framework/Versions/3.14/lib/python3.14/urllib/request.py", line 1324, in do_open
    raise URLError(err)
urllib.error.URLError: <urlopen error [Errno 8] nodename nor servname provided, or not known>
Traceback (most recent call last):
  File "/usr/local/Cellar/python@3.14/3.14.0/Frameworks/Python.framework/Versions/3.14/lib/python3.14/urllib/request.py", line 1321, in do_open
    h.request(req.get_method(), req.selector, req.data, headers,
    ~~~~~~~~~^^^^^^^^^^^^^^^^^^^^^^^^^^^^^^^^^^^^^^^^^^^^^^^^^^^
              encode_chunked=req.has_header('Transfer-encoding'))
              ^^^^^^^^^^^^^^^^^^^^^^^^^^^^^^^^^^^^^^^^^^^^^^^^^^^
  File "/usr/local/Cellar/python@3.14/3.14.0/Frameworks/Python.framework/Versions/3.14/lib/python3.14/http/client.py", line 1338, in request
    self._send_request(method, url, body, headers, encode_chunked)
    ~~~~~~~~~~~~~~~~~~^^^^^^^^^^^^^^^^^^^^^^^^^^^^^^^^^^^^^^^^^^^^
  File "/usr/local/Cellar/python@3.14/3.14.0/Frameworks/Python.framework/Versions/3.14/lib/python3.14/http/client.py", line 1384, in _send_request
    self.endheaders(body, encode_chunked=encode_chunked)
    ~~~~~~~~~~~~~~~^^^^^^^^^^^^^^^^^^^^^^^^^^^^^^^^^^^^^
  File "/usr/local/Cellar/python@3.14/3.14.0/Frameworks/Python.framework/Versions/3.14/lib/python3.14/http/client.py", line 1333, in endheaders
    self._send_output(message_body, encode_chunked=encode_chunked)
    ~~~~~~~~~~~~~~~~~^^^^^^^^^^^^^^^^^^^^^^^^^^^^^^^^^^^^^^^^^^^^^
  File "/usr/local/Cellar/python@3.14/3.14.0/Frameworks/Python.framework/Versions/3.14/lib/python3.14/http/client.py", line 1093, in _send_output
    self.send(msg)
    ~~~~~~~~~^^^^^
  File "/usr/local/Cellar/python@3.14/3.14.0/Frameworks/Python.framework/Versions/3.14/lib/python3.14/http/client.py", line 1037, in send
    self.connect()
    ~~~~~~~~~~~~^^
  File "/usr/local/Cellar/python@3.14/3.14.0/Frameworks/Python.framework/Versions/3.14/lib/python3.14/http/client.py", line 1472, in connect
    super().connect()
    ~~~~~~~~~~~~~~~^^
  File "/usr/local/Cellar/python@3.14/3.14.0/Frameworks/Python.framework/Versions/3.14/lib/python3.14/http/client.py", line 1003, in connect
    self.sock = self._create_connection(
                ~~~~~~~~~~~~~~~~~~~~~~~^
        (self.host,self.port), self.timeout, self.source_address)
        ^^^^^^^^^^^^^^^^^^^^^^^^^^^^^^^^^^^^^^^^^^^^^^^^^^^^^^^^^
  File "/usr/local/Cellar/python@3.14/3.14.0/Frameworks/Python.framework/Versions/3.14/lib/python3.14/socket.py", line 846, in create_connection
    for res in getaddrinfo(host, port, 0, SOCK_STREAM):
               ~~~~~~~~~~~^^^^^^^^^^^^^^^^^^^^^^^^^^^^
  File "/usr/local/Cellar/python@3.14/3.14.0/Frameworks/Python.framework/Versions/3.14/lib/python3.14/socket.py", line 983, in getaddrinfo
    for res in _socket.getaddrinfo(host, port, family, type, proto, flags):
               ~~~~~~~~~~~~~~~~~~~^^^^^^^^^^^^^^^^^^^^^^^^^^^^^^^^^^^^^^^^
socket.gaierror: [Errno 8] nodename nor servname provided, or not known

During handling of the above exception, another exception occurred:

Traceback (most recent call last):
  File "<frozen runpy>", line 198, in _run_module_as_main
  File "<frozen runpy>", line 88, in _run_code
  File "/Users/elliotbladen/BetMate/BettingEngine/ml/football/player_layer/fetch_espn_match_snapshots.py", line 88, in <module>
    main()
    ~~~~^^
  File "/Users/elliotbladen/BetMate/BettingEngine/ml/football/player_layer/fetch_espn_match_snapshots.py", line 83, in main
    results = collect(args.date)
  File "/Users/elliotbladen/BetMate/BettingEngine/ml/football/player_layer/fetch_espn_match_snapshots.py", line 49, in collect
    board = fetch(f"{BASE}/scoreboard?dates={day.replace('-', '')}")
  File "/Users/elliotbladen/BetMate/BettingEngine/ml/football/player_layer/fetch_espn_match_snapshots.py", line 24, in fetch
    with urlopen(req, timeout=30) as response:
         ~~~~~~~^^^^^^^^^^^^^^^^^
  File "/usr/local/Cellar/python@3.14/3.14.0/Frameworks/Python.framework/Versions/3.14/lib/python3.14/urllib/request.py", line 187, in urlopen
    return opener.open(url, data, timeout)
           ~~~~~~~~~~~^^^^^^^^^^^^^^^^^^^^
  File "/usr/local/Cellar/python@3.14/3.14.0/Frameworks/Python.framework/Versions/3.14/lib/python3.14/urllib/request.py", line 487, in open
    response = self._open(req, data)
  File "/usr/local/Cellar/python@3.14/3.14.0/Frameworks/Python.framework/Versions/3.14/lib/python3.14/urllib/request.py", line 504, in _open
    result = self._call_chain(self.handle_open, protocol, protocol +
                              '_open', req)
  File "/usr/local/Cellar/python@3.14/3.14.0/Frameworks/Python.framework/Versions/3.14/lib/python3.14/urllib/request.py", line 464, in _call_chain
    result = func(*args)
  File "/usr/local/Cellar/python@3.14/3.14.0/Frameworks/Python.framework/Versions/3.14/lib/python3.14/urllib/request.py", line 1369, in https_open
    return self.do_open(http.client.HTTPSConnection, req,
           ~~~~~~~~~~~~^^^^^^^^^^^^^^^^^^^^^^^^^^^^^^^^^^
                        context=self._context)
                        ^^^^^^^^^^^^^^^^^^^^^^
  File "/usr/local/Cellar/python@3.14/3.14.0/Frameworks/Python.framework/Versions/3.14/lib/python3.14/urllib/request.py", line 1324, in do_open
    raise URLError(err)
urllib.error.URLError: <urlopen error [Errno 8] nodename nor servname provided, or not known>
Traceback (most recent call last):
  File "/usr/local/Cellar/python@3.14/3.14.0/Frameworks/Python.framework/Versions/3.14/lib/python3.14/urllib/request.py", line 1321, in do_open
    h.request(req.get_method(), req.selector, req.data, headers,
    ~~~~~~~~~^^^^^^^^^^^^^^^^^^^^^^^^^^^^^^^^^^^^^^^^^^^^^^^^^^^
              encode_chunked=req.has_header('Transfer-encoding'))
              ^^^^^^^^^^^^^^^^^^^^^^^^^^^^^^^^^^^^^^^^^^^^^^^^^^^
  File "/usr/local/Cellar/python@3.14/3.14.0/Frameworks/Python.framework/Versions/3.14/lib/python3.14/http/client.py", line 1338, in request
    self._send_request(method, url, body, headers, encode_chunked)
    ~~~~~~~~~~~~~~~~~~^^^^^^^^^^^^^^^^^^^^^^^^^^^^^^^^^^^^^^^^^^^^
  File "/usr/local/Cellar/python@3.14/3.14.0/Frameworks/Python.framework/Versions/3.14/lib/python3.14/http/client.py", line 1384, in _send_request
    self.endheaders(body, encode_chunked=encode_chunked)
    ~~~~~~~~~~~~~~~^^^^^^^^^^^^^^^^^^^^^^^^^^^^^^^^^^^^^
  File "/usr/local/Cellar/python@3.14/3.14.0/Frameworks/Python.framework/Versions/3.14/lib/python3.14/http/client.py", line 1333, in endheaders
    self._send_output(message_body, encode_chunked=encode_chunked)
    ~~~~~~~~~~~~~~~~~^^^^^^^^^^^^^^^^^^^^^^^^^^^^^^^^^^^^^^^^^^^^^
  File "/usr/local/Cellar/python@3.14/3.14.0/Frameworks/Python.framework/Versions/3.14/lib/python3.14/http/client.py", line 1093, in _send_output
    self.send(msg)
    ~~~~~~~~~^^^^^
  File "/usr/local/Cellar/python@3.14/3.14.0/Frameworks/Python.framework/Versions/3.14/lib/python3.14/http/client.py", line 1037, in send
    self.connect()
    ~~~~~~~~~~~~^^
  File "/usr/local/Cellar/python@3.14/3.14.0/Frameworks/Python.framework/Versions/3.14/lib/python3.14/http/client.py", line 1472, in connect
    super().connect()
    ~~~~~~~~~~~~~~~^^
  File "/usr/local/Cellar/python@3.14/3.14.0/Frameworks/Python.framework/Versions/3.14/lib/python3.14/http/client.py", line 1003, in connect
    self.sock = self._create_connection(
                ~~~~~~~~~~~~~~~~~~~~~~~^
        (self.host,self.port), self.timeout, self.source_address)
        ^^^^^^^^^^^^^^^^^^^^^^^^^^^^^^^^^^^^^^^^^^^^^^^^^^^^^^^^^
  File "/usr/local/Cellar/python@3.14/3.14.0/Frameworks/Python.framework/Versions/3.14/lib/python3.14/socket.py", line 846, in create_connection
    for res in getaddrinfo(host, port, 0, SOCK_STREAM):
               ~~~~~~~~~~~^^^^^^^^^^^^^^^^^^^^^^^^^^^^
  File "/usr/local/Cellar/python@3.14/3.14.0/Frameworks/Python.framework/Versions/3.14/lib/python3.14/socket.py", line 983, in getaddrinfo
    for res in _socket.getaddrinfo(host, port, family, type, proto, flags):
               ~~~~~~~~~~~~~~~~~~~^^^^^^^^^^^^^^^^^^^^^^^^^^^^^^^^^^^^^^^^
socket.gaierror: [Errno 8] nodename nor servname provided, or not known

During handling of the above exception, another exception occurred:

Traceback (most recent call last):
  File "<frozen runpy>", line 198, in _run_module_as_main
  File "<frozen runpy>", line 88, in _run_code
  File "/Users/elliotbladen/BetMate/BettingEngine/ml/football/player_layer/fetch_espn_match_snapshots.py", line 88, in <module>
    main()
    ~~~~^^
  File "/Users/elliotbladen/BetMate/BettingEngine/ml/football/player_layer/fetch_espn_match_snapshots.py", line 83, in main
    results = collect(args.date)
  File "/Users/elliotbladen/BetMate/BettingEngine/ml/football/player_layer/fetch_espn_match_snapshots.py", line 49, in collect
    board = fetch(f"{BASE}/scoreboard?dates={day.replace('-', '')}")
  File "/Users/elliotbladen/BetMate/BettingEngine/ml/football/player_layer/fetch_espn_match_snapshots.py", line 24, in fetch
    with urlopen(req, timeout=30) as response:
         ~~~~~~~^^^^^^^^^^^^^^^^^
  File "/usr/local/Cellar/python@3.14/3.14.0/Frameworks/Python.framework/Versions/3.14/lib/python3.14/urllib/request.py", line 187, in urlopen
    return opener.open(url, data, timeout)
           ~~~~~~~~~~~^^^^^^^^^^^^^^^^^^^^
  File "/usr/local/Cellar/python@3.14/3.14.0/Frameworks/Python.framework/Versions/3.14/lib/python3.14/urllib/request.py", line 487, in open
    response = self._open(req, data)
  File "/usr/local/Cellar/python@3.14/3.14.0/Frameworks/Python.framework/Versions/3.14/lib/python3.14/urllib/request.py", line 504, in _open
    result = self._call_chain(self.handle_open, protocol, protocol +
                              '_open', req)
  File "/usr/local/Cellar/python@3.14/3.14.0/Frameworks/Python.framework/Versions/3.14/lib/python3.14/urllib/request.py", line 464, in _call_chain
    result = func(*args)
  File "/usr/local/Cellar/python@3.14/3.14.0/Frameworks/Python.framework/Versions/3.14/lib/python3.14/urllib/request.py", line 1369, in https_open
    return self.do_open(http.client.HTTPSConnection, req,
           ~~~~~~~~~~~~^^^^^^^^^^^^^^^^^^^^^^^^^^^^^^^^^^
                        context=self._context)
                        ^^^^^^^^^^^^^^^^^^^^^^
  File "/usr/local/Cellar/python@3.14/3.14.0/Frameworks/Python.framework/Versions/3.14/lib/python3.14/urllib/request.py", line 1324, in do_open
    raise URLError(err)
urllib.error.URLError: <urlopen error [Errno 8] nodename nor servname provided, or not known>
Traceback (most recent call last):
  File "/usr/local/Cellar/python@3.14/3.14.0/Frameworks/Python.framework/Versions/3.14/lib/python3.14/urllib/request.py", line 1321, in do_open
    h.request(req.get_method(), req.selector, req.data, headers,
    ~~~~~~~~~^^^^^^^^^^^^^^^^^^^^^^^^^^^^^^^^^^^^^^^^^^^^^^^^^^^
              encode_chunked=req.has_header('Transfer-encoding'))
              ^^^^^^^^^^^^^^^^^^^^^^^^^^^^^^^^^^^^^^^^^^^^^^^^^^^
  File "/usr/local/Cellar/python@3.14/3.14.0/Frameworks/Python.framework/Versions/3.14/lib/python3.14/http/client.py", line 1338, in request
    self._send_request(method, url, body, headers, encode_chunked)
    ~~~~~~~~~~~~~~~~~~^^^^^^^^^^^^^^^^^^^^^^^^^^^^^^^^^^^^^^^^^^^^
  File "/usr/local/Cellar/python@3.14/3.14.0/Frameworks/Python.framework/Versions/3.14/lib/python3.14/http/client.py", line 1384, in _send_request
    self.endheaders(body, encode_chunked=encode_chunked)
    ~~~~~~~~~~~~~~~^^^^^^^^^^^^^^^^^^^^^^^^^^^^^^^^^^^^^
  File "/usr/local/Cellar/python@3.14/3.14.0/Frameworks/Python.framework/Versions/3.14/lib/python3.14/http/client.py", line 1333, in endheaders
    self._send_output(message_body, encode_chunked=encode_chunked)
    ~~~~~~~~~~~~~~~~~^^^^^^^^^^^^^^^^^^^^^^^^^^^^^^^^^^^^^^^^^^^^^
  File "/usr/local/Cellar/python@3.14/3.14.0/Frameworks/Python.framework/Versions/3.14/lib/python3.14/http/client.py", line 1093, in _send_output
    self.send(msg)
    ~~~~~~~~~^^^^^
  File "/usr/local/Cellar/python@3.14/3.14.0/Frameworks/Python.framework/Versions/3.14/lib/python3.14/http/client.py", line 1037, in send
    self.connect()
    ~~~~~~~~~~~~^^
  File "/usr/local/Cellar/python@3.14/3.14.0/Frameworks/Python.framework/Versions/3.14/lib/python3.14/http/client.py", line 1472, in connect
    super().connect()
    ~~~~~~~~~~~~~~~^^
  File "/usr/local/Cellar/python@3.14/3.14.0/Frameworks/Python.framework/Versions/3.14/lib/python3.14/http/client.py", line 1003, in connect
    self.sock = self._create_connection(
                ~~~~~~~~~~~~~~~~~~~~~~~^
        (self.host,self.port), self.timeout, self.source_address)
        ^^^^^^^^^^^^^^^^^^^^^^^^^^^^^^^^^^^^^^^^^^^^^^^^^^^^^^^^^
  File "/usr/local/Cellar/python@3.14/3.14.0/Frameworks/Python.framework/Versions/3.14/lib/python3.14/socket.py", line 846, in create_connection
    for res in getaddrinfo(host, port, 0, SOCK_STREAM):
               ~~~~~~~~~~~^^^^^^^^^^^^^^^^^^^^^^^^^^^^
  File "/usr/local/Cellar/python@3.14/3.14.0/Frameworks/Python.framework/Versions/3.14/lib/python3.14/socket.py", line 983, in getaddrinfo
    for res in _socket.getaddrinfo(host, port, family, type, proto, flags):
               ~~~~~~~~~~~~~~~~~~~^^^^^^^^^^^^^^^^^^^^^^^^^^^^^^^^^^^^^^^^
socket.gaierror: [Errno 8] nodename nor servname provided, or not known

During handling of the above exception, another exception occurred:

Traceback (most recent call last):
  File "<frozen runpy>", line 198, in _run_module_as_main
  File "<frozen runpy>", line 88, in _run_code
  File "/Users/elliotbladen/BetMate/BettingEngine/ml/football/player_layer/fetch_espn_match_snapshots.py", line 88, in <module>
    main()
    ~~~~^^
  File "/Users/elliotbladen/BetMate/BettingEngine/ml/football/player_layer/fetch_espn_match_snapshots.py", line 83, in main
    results = collect(args.date)
  File "/Users/elliotbladen/BetMate/BettingEngine/ml/football/player_layer/fetch_espn_match_snapshots.py", line 49, in collect
    board = fetch(f"{BASE}/scoreboard?dates={day.replace('-', '')}")
  File "/Users/elliotbladen/BetMate/BettingEngine/ml/football/player_layer/fetch_espn_match_snapshots.py", line 24, in fetch
    with urlopen(req, timeout=30) as response:
         ~~~~~~~^^^^^^^^^^^^^^^^^
  File "/usr/local/Cellar/python@3.14/3.14.0/Frameworks/Python.framework/Versions/3.14/lib/python3.14/urllib/request.py", line 187, in urlopen
    return opener.open(url, data, timeout)
           ~~~~~~~~~~~^^^^^^^^^^^^^^^^^^^^
  File "/usr/local/Cellar/python@3.14/3.14.0/Frameworks/Python.framework/Versions/3.14/lib/python3.14/urllib/request.py", line 487, in open
    response = self._open(req, data)
  File "/usr/local/Cellar/python@3.14/3.14.0/Frameworks/Python.framework/Versions/3.14/lib/python3.14/urllib/request.py", line 504, in _open
    result = self._call_chain(self.handle_open, protocol, protocol +
                              '_open', req)
  File "/usr/local/Cellar/python@3.14/3.14.0/Frameworks/Python.framework/Versions/3.14/lib/python3.14/urllib/request.py", line 464, in _call_chain
    result = func(*args)
  File "/usr/local/Cellar/python@3.14/3.14.0/Frameworks/Python.framework/Versions/3.14/lib/python3.14/urllib/request.py", line 1369, in https_open
    return self.do_open(http.client.HTTPSConnection, req,
           ~~~~~~~~~~~~^^^^^^^^^^^^^^^^^^^^^^^^^^^^^^^^^^
                        context=self._context)
                        ^^^^^^^^^^^^^^^^^^^^^^
  File "/usr/local/Cellar/python@3.14/3.14.0/Frameworks/Python.framework/Versions/3.14/lib/python3.14/urllib/request.py", line 1324, in do_open
    raise URLError(err)
urllib.error.URLError: <urlopen error [Errno 8] nodename nor servname provided, or not known>
Traceback (most recent call last):
  File "/usr/local/Cellar/python@3.14/3.14.0/Frameworks/Python.framework/Versions/3.14/lib/python3.14/urllib/request.py", line 1321, in do_open
    h.request(req.get_method(), req.selector, req.data, headers,
    ~~~~~~~~~^^^^^^^^^^^^^^^^^^^^^^^^^^^^^^^^^^^^^^^^^^^^^^^^^^^
              encode_chunked=req.has_header('Transfer-encoding'))
              ^^^^^^^^^^^^^^^^^^^^^^^^^^^^^^^^^^^^^^^^^^^^^^^^^^^
  File "/usr/local/Cellar/python@3.14/3.14.0/Frameworks/Python.framework/Versions/3.14/lib/python3.14/http/client.py", line 1338, in request
    self._send_request(method, url, body, headers, encode_chunked)
    ~~~~~~~~~~~~~~~~~~^^^^^^^^^^^^^^^^^^^^^^^^^^^^^^^^^^^^^^^^^^^^
  File "/usr/local/Cellar/python@3.14/3.14.0/Frameworks/Python.framework/Versions/3.14/lib/python3.14/http/client.py", line 1384, in _send_request
    self.endheaders(body, encode_chunked=encode_chunked)
    ~~~~~~~~~~~~~~~^^^^^^^^^^^^^^^^^^^^^^^^^^^^^^^^^^^^^
  File "/usr/local/Cellar/python@3.14/3.14.0/Frameworks/Python.framework/Versions/3.14/lib/python3.14/http/client.py", line 1333, in endheaders
    self._send_output(message_body, encode_chunked=encode_chunked)
    ~~~~~~~~~~~~~~~~~^^^^^^^^^^^^^^^^^^^^^^^^^^^^^^^^^^^^^^^^^^^^^
  File "/usr/local/Cellar/python@3.14/3.14.0/Frameworks/Python.framework/Versions/3.14/lib/python3.14/http/client.py", line 1093, in _send_output
    self.send(msg)
    ~~~~~~~~~^^^^^
  File "/usr/local/Cellar/python@3.14/3.14.0/Frameworks/Python.framework/Versions/3.14/lib/python3.14/http/client.py", line 1037, in send
    self.connect()
    ~~~~~~~~~~~~^^
  File "/usr/local/Cellar/python@3.14/3.14.0/Frameworks/Python.framework/Versions/3.14/lib/python3.14/http/client.py", line 1472, in connect
    super().connect()
    ~~~~~~~~~~~~~~~^^
  File "/usr/local/Cellar/python@3.14/3.14.0/Frameworks/Python.framework/Versions/3.14/lib/python3.14/http/client.py", line 1003, in connect
    self.sock = self._create_connection(
                ~~~~~~~~~~~~~~~~~~~~~~~^
        (self.host,self.port), self.timeout, self.source_address)
        ^^^^^^^^^^^^^^^^^^^^^^^^^^^^^^^^^^^^^^^^^^^^^^^^^^^^^^^^^
  File "/usr/local/Cellar/python@3.14/3.14.0/Frameworks/Python.framework/Versions/3.14/lib/python3.14/socket.py", line 846, in create_connection
    for res in getaddrinfo(host, port, 0, SOCK_STREAM):
               ~~~~~~~~~~~^^^^^^^^^^^^^^^^^^^^^^^^^^^^
  File "/usr/local/Cellar/python@3.14/3.14.0/Frameworks/Python.framework/Versions/3.14/lib/python3.14/socket.py", line 983, in getaddrinfo
    for res in _socket.getaddrinfo(host, port, family, type, proto, flags):
               ~~~~~~~~~~~~~~~~~~~^^^^^^^^^^^^^^^^^^^^^^^^^^^^^^^^^^^^^^^^
socket.gaierror: [Errno 8] nodename nor servname provided, or not known

During handling of the above exception, another exception occurred:

Traceback (most recent call last):
  File "<frozen runpy>", line 198, in _run_module_as_main
  File "<frozen runpy>", line 88, in _run_code
  File "/Users/elliotbladen/BetMate/BettingEngine/ml/football/player_layer/fetch_espn_match_snapshots.py", line 88, in <module>
    main()
    ~~~~^^
  File "/Users/elliotbladen/BetMate/BettingEngine/ml/football/player_layer/fetch_espn_match_snapshots.py", line 83, in main
    results = collect(args.date)
  File "/Users/elliotbladen/BetMate/BettingEngine/ml/football/player_layer/fetch_espn_match_snapshots.py", line 49, in collect
    board = fetch(f"{BASE}/scoreboard?dates={day.replace('-', '')}")
  File "/Users/elliotbladen/BetMate/BettingEngine/ml/football/player_layer/fetch_espn_match_snapshots.py", line 24, in fetch
    with urlopen(req, timeout=30) as response:
         ~~~~~~~^^^^^^^^^^^^^^^^^
  File "/usr/local/Cellar/python@3.14/3.14.0/Frameworks/Python.framework/Versions/3.14/lib/python3.14/urllib/request.py", line 187, in urlopen
    return opener.open(url, data, timeout)
           ~~~~~~~~~~~^^^^^^^^^^^^^^^^^^^^
  File "/usr/local/Cellar/python@3.14/3.14.0/Frameworks/Python.framework/Versions/3.14/lib/python3.14/urllib/request.py", line 487, in open
    response = self._open(req, data)
  File "/usr/local/Cellar/python@3.14/3.14.0/Frameworks/Python.framework/Versions/3.14/lib/python3.14/urllib/request.py", line 504, in _open
    result = self._call_chain(self.handle_open, protocol, protocol +
                              '_open', req)
  File "/usr/local/Cellar/python@3.14/3.14.0/Frameworks/Python.framework/Versions/3.14/lib/python3.14/urllib/request.py", line 464, in _call_chain
    result = func(*args)
  File "/usr/local/Cellar/python@3.14/3.14.0/Frameworks/Python.framework/Versions/3.14/lib/python3.14/urllib/request.py", line 1369, in https_open
    return self.do_open(http.client.HTTPSConnection, req,
           ~~~~~~~~~~~~^^^^^^^^^^^^^^^^^^^^^^^^^^^^^^^^^^
                        context=self._context)
                        ^^^^^^^^^^^^^^^^^^^^^^
  File "/usr/local/Cellar/python@3.14/3.14.0/Frameworks/Python.framework/Versions/3.14/lib/python3.14/urllib/request.py", line 1324, in do_open
    raise URLError(err)
urllib.error.URLError: <urlopen error [Errno 8] nodename nor servname provided, or not known>
Traceback (most recent call last):
  File "/usr/local/Cellar/python@3.14/3.14.0/Frameworks/Python.framework/Versions/3.14/lib/python3.14/urllib/request.py", line 1321, in do_open
    h.request(req.get_method(), req.selector, req.data, headers,
    ~~~~~~~~~^^^^^^^^^^^^^^^^^^^^^^^^^^^^^^^^^^^^^^^^^^^^^^^^^^^
              encode_chunked=req.has_header('Transfer-encoding'))
              ^^^^^^^^^^^^^^^^^^^^^^^^^^^^^^^^^^^^^^^^^^^^^^^^^^^
  File "/usr/local/Cellar/python@3.14/3.14.0/Frameworks/Python.framework/Versions/3.14/lib/python3.14/http/client.py", line 1338, in request
    self._send_request(method, url, body, headers, encode_chunked)
    ~~~~~~~~~~~~~~~~~~^^^^^^^^^^^^^^^^^^^^^^^^^^^^^^^^^^^^^^^^^^^^
  File "/usr/local/Cellar/python@3.14/3.14.0/Frameworks/Python.framework/Versions/3.14/lib/python3.14/http/client.py", line 1384, in _send_request
    self.endheaders(body, encode_chunked=encode_chunked)
    ~~~~~~~~~~~~~~~^^^^^^^^^^^^^^^^^^^^^^^^^^^^^^^^^^^^^
  File "/usr/local/Cellar/python@3.14/3.14.0/Frameworks/Python.framework/Versions/3.14/lib/python3.14/http/client.py", line 1333, in endheaders
    self._send_output(message_body, encode_chunked=encode_chunked)
    ~~~~~~~~~~~~~~~~~^^^^^^^^^^^^^^^^^^^^^^^^^^^^^^^^^^^^^^^^^^^^^
  File "/usr/local/Cellar/python@3.14/3.14.0/Frameworks/Python.framework/Versions/3.14/lib/python3.14/http/client.py", line 1093, in _send_output
    self.send(msg)
    ~~~~~~~~~^^^^^
  File "/usr/local/Cellar/python@3.14/3.14.0/Frameworks/Python.framework/Versions/3.14/lib/python3.14/http/client.py", line 1037, in send
    self.connect()
    ~~~~~~~~~~~~^^
  File "/usr/local/Cellar/python@3.14/3.14.0/Frameworks/Python.framework/Versions/3.14/lib/python3.14/http/client.py", line 1472, in connect
    super().connect()
    ~~~~~~~~~~~~~~~^^
  File "/usr/local/Cellar/python@3.14/3.14.0/Frameworks/Python.framework/Versions/3.14/lib/python3.14/http/client.py", line 1003, in connect
    self.sock = self._create_connection(
                ~~~~~~~~~~~~~~~~~~~~~~~^
        (self.host,self.port), self.timeout, self.source_address)
        ^^^^^^^^^^^^^^^^^^^^^^^^^^^^^^^^^^^^^^^^^^^^^^^^^^^^^^^^^
  File "/usr/local/Cellar/python@3.14/3.14.0/Frameworks/Python.framework/Versions/3.14/lib/python3.14/socket.py", line 846, in create_connection
    for res in getaddrinfo(host, port, 0, SOCK_STREAM):
               ~~~~~~~~~~~^^^^^^^^^^^^^^^^^^^^^^^^^^^^
  File "/usr/local/Cellar/python@3.14/3.14.0/Frameworks/Python.framework/Versions/3.14/lib/python3.14/socket.py", line 983, in getaddrinfo
    for res in _socket.getaddrinfo(host, port, family, type, proto, flags):
               ~~~~~~~~~~~~~~~~~~~^^^^^^^^^^^^^^^^^^^^^^^^^^^^^^^^^^^^^^^^
socket.gaierror: [Errno 8] nodename nor servname provided, or not known

During handling of the above exception, another exception occurred:

Traceback (most recent call last):
  File "<frozen runpy>", line 198, in _run_module_as_main
  File "<frozen runpy>", line 88, in _run_code
  File "/Users/elliotbladen/BetMate/BettingEngine/ml/football/player_layer/fetch_espn_match_snapshots.py", line 88, in <module>
    main()
    ~~~~^^
  File "/Users/elliotbladen/BetMate/BettingEngine/ml/football/player_layer/fetch_espn_match_snapshots.py", line 83, in main
    results = collect(args.date)
  File "/Users/elliotbladen/BetMate/BettingEngine/ml/football/player_layer/fetch_espn_match_snapshots.py", line 49, in collect
    board = fetch(f"{BASE}/scoreboard?dates={day.replace('-', '')}")
  File "/Users/elliotbladen/BetMate/BettingEngine/ml/football/player_layer/fetch_espn_match_snapshots.py", line 24, in fetch
    with urlopen(req, timeout=30) as response:
         ~~~~~~~^^^^^^^^^^^^^^^^^
  File "/usr/local/Cellar/python@3.14/3.14.0/Frameworks/Python.framework/Versions/3.14/lib/python3.14/urllib/request.py", line 187, in urlopen
    return opener.open(url, data, timeout)
           ~~~~~~~~~~~^^^^^^^^^^^^^^^^^^^^
  File "/usr/local/Cellar/python@3.14/3.14.0/Frameworks/Python.framework/Versions/3.14/lib/python3.14/urllib/request.py", line 487, in open
    response = self._open(req, data)
  File "/usr/local/Cellar/python@3.14/3.14.0/Frameworks/Python.framework/Versions/3.14/lib/python3.14/urllib/request.py", line 504, in _open
    result = self._call_chain(self.handle_open, protocol, protocol +
                              '_open', req)
  File "/usr/local/Cellar/python@3.14/3.14.0/Frameworks/Python.framework/Versions/3.14/lib/python3.14/urllib/request.py", line 464, in _call_chain
    result = func(*args)
  File "/usr/local/Cellar/python@3.14/3.14.0/Frameworks/Python.framework/Versions/3.14/lib/python3.14/urllib/request.py", line 1369, in https_open
    return self.do_open(http.client.HTTPSConnection, req,
           ~~~~~~~~~~~~^^^^^^^^^^^^^^^^^^^^^^^^^^^^^^^^^^
                        context=self._context)
                        ^^^^^^^^^^^^^^^^^^^^^^
  File "/usr/local/Cellar/python@3.14/3.14.0/Frameworks/Python.framework/Versions/3.14/lib/python3.14/urllib/request.py", line 1324, in do_open
    raise URLError(err)
urllib.error.URLError: <urlopen error [Errno 8] nodename nor servname provided, or not known>
