[
  {
    "event_id": "401880340",
    "home": "Wolves",
    "away": "Blackburn",
    "kickoff": "2026-08-14T19:00Z",
    "status": "WAITING_FOR_OFFICIAL_XI",
    "snapshot_id": null
  }
]
[
  {
    "event_id": "401880340",
    "home": "Wolves",
    "away": "Blackburn",
    "kickoff": "2026-08-14T19:00Z",
    "status": "WAITING_FOR_OFFICIAL_XI",
    "snapshot_id": null
  }
]
[
  {
    "event_id": "401880340",
    "home": "Wolves",
    "away": "Blackburn",
    "kickoff": "2026-08-14T19:00Z",
    "status": "WAITING_FOR_OFFICIAL_XI",
    "snapshot_id": null
  }
]
[
  {
    "event_id": "401880340",
    "home": "Wolves",
    "away": "Blackburn",
    "kickoff": "2026-08-14T19:00Z",
    "status": "NOT_FROZEN:snapshot cutoff cannot be after kickoff",
    "snapshot_id": null
  }
]
[
  {
    "event_id": "401880340",
    "home": "Wolves",
    "away": "Blackburn",
    "kickoff": "2026-08-14T19:00Z",
    "status": "NOT_FROZEN:snapshot cutoff cannot be after kickoff",
    "snapshot_id": null
  }
]
[
  {
    "event_id": "401880339",
    "home": "Bolton",
    "away": "Preston",
    "kickoff": "2026-08-15T11:30Z",
    "status": "WAITING_FOR_OFFICIAL_XI",
    "snapshot_id": null
  },
  {
    "event_id": "401880338",
    "home": "Bristol City",
    "away": "Millwall",
    "kickoff": "2026-08-15T14:00Z",
    "status": "WAITING_FOR_OFFICIAL_XI",
    "snapshot_id": null
  },
  {
    "event_id": "401880337",
    "home": "Charlton",
    "away": "Derby",
    "kickoff": "2026-08-15T14:00Z",
    "status": "WAITING_FOR_OFFICIAL_XI",
    "snapshot_id": null
  },
  {
    "event_id": "401880336",
    "home": "Middlesbrough",
    "away": "Lincoln",
    "kickoff": "2026-08-15T14:00Z",
    "status": "WAITING_FOR_OFFICIAL_XI",
    "snapshot_id": null
  },
  {
    "event_id": "401880335",
    "home": "Norwich",
    "away": "West Brom",
    "kickoff": "2026-08-15T14:00Z",
    "status": "WAITING_FOR_OFFICIAL_XI",
    "snapshot_id": null
  },
  {
    "event_id": "401880334",
    "home": "Portsmouth",
    "away": "QPR",
    "kickoff": "2026-08-15T14:00Z",
    "status": "WAITING_FOR_OFFICIAL_XI",
    "snapshot_id": null
  },
  {
    "event_id": "401880333",
    "home": "Stoke",
    "away": "Swansea",
    "kickoff": "2026-08-15T14:00Z",
    "status": "WAITING_FOR_OFFICIAL_XI",
    "snapshot_id": null
  },
  {
    "event_id": "401880332",
    "home": "Sheffield United",
    "away": "Birmingham",
    "kickoff": "2026-08-15T16:30Z",
    "status": "WAITING_FOR_OFFICIAL_XI",
    "snapshot_id": null
  }
]
[
  {
    "event_id": "401880339",
    "home": "Bolton",
    "away": "Preston",
    "kickoff": "2026-08-15T11:30Z",
    "status": "WAITING_FOR_OFFICIAL_XI",
    "snapshot_id": null
  },
  {
    "event_id": "401880338",
    "home": "Bristol City",
    "away": "Millwall",
    "kickoff": "2026-08-15T14:00Z",
    "status": "WAITING_FOR_OFFICIAL_XI",
    "snapshot_id": null
  },
  {
    "event_id": "401880337",
    "home": "Charlton",
    "away": "Derby",
    "kickoff": "2026-08-15T14:00Z",
    "status": "WAITING_FOR_OFFICIAL_XI",
    "snapshot_id": null
  },
  {
    "event_id": "401880336",
    "home": "Middlesbrough",
    "away": "Lincoln",
    "kickoff": "2026-08-15T14:00Z",
    "status": "WAITING_FOR_OFFICIAL_XI",
    "snapshot_id": null
  },
  {
    "event_id": "401880335",
    "home": "Norwich",
    "away": "West Brom",
    "kickoff": "2026-08-15T14:00Z",
    "status": "WAITING_FOR_OFFICIAL_XI",
    "snapshot_id": null
  },
  {
    "event_id": "401880334",
    "home": "Portsmouth",
    "away": "QPR",
    "kickoff": "2026-08-15T14:00Z",
    "status": "WAITING_FOR_OFFICIAL_XI",
    "snapshot_id": null
  },
  {
    "event_id": "401880333",
    "home": "Stoke",
    "away": "Swansea",
    "kickoff": "2026-08-15T14:00Z",
    "status": "WAITING_FOR_OFFICIAL_XI",
    "snapshot_id": null
  },
  {
    "event_id": "401880332",
    "home": "Sheffield United",
    "away": "Birmingham",
    "kickoff": "2026-08-15T16:30Z",
    "status": "WAITING_FOR_OFFICIAL_XI",
    "snapshot_id": null
  }
]
[
  {
    "event_id": "401880339",
    "home": "Bolton",
    "away": "Preston",
    "kickoff": "2026-08-15T11:30Z",
    "status": "WAITING_FOR_OFFICIAL_XI",
    "snapshot_id": null
  },
  {
    "event_id": "401880338",
    "home": "Bristol City",
    "away": "Millwall",
    "kickoff": "2026-08-15T14:00Z",
    "status": "WAITING_FOR_OFFICIAL_XI",
    "snapshot_id": null
  },
  {
    "event_id": "401880337",
    "home": "Charlton",
    "away": "Derby",
    "kickoff": "2026-08-15T14:00Z",
    "status": "WAITING_FOR_OFFICIAL_XI",
    "snapshot_id": null
  },
  {
    "event_id": "401880336",
    "home": "Middlesbrough",
    "away": "Lincoln",
    "kickoff": "2026-08-15T14:00Z",
    "status": "WAITING_FOR_OFFICIAL_XI",
    "snapshot_id": null
  },
  {
    "event_id": "401880335",
    "home": "Norwich",
    "away": "West Brom",
    "kickoff": "2026-08-15T14:00Z",
    "status": "WAITING_FOR_OFFICIAL_XI",
    "snapshot_id": null
  },
  {
    "event_id": "401880334",
    "home": "Portsmouth",
    "away": "QPR",
    "kickoff": "2026-08-15T14:00Z",
    "status": "WAITING_FOR_OFFICIAL_XI",
    "snapshot_id": null
  },
  {
    "event_id": "401880333",
    "home": "Stoke",
    "away": "Swansea",
    "kickoff": "2026-08-15T14:00Z",
    "status": "WAITING_FOR_OFFICIAL_XI",
    "snapshot_id": null
  },
  {
    "event_id": "401880332",
    "home": "Sheffield United",
    "away": "Birmingham",
    "kickoff": "2026-08-15T16:30Z",
    "status": "WAITING_FOR_OFFICIAL_XI",
    "snapshot_id": null
  }
]
[
  {
    "event_id": "401880339",
    "home": "Bolton",
    "away": "Preston",
    "kickoff": "2026-08-15T11:30Z",
    "status": "WAITING_FOR_OFFICIAL_XI",
    "snapshot_id": null
  },
  {
    "event_id": "401880338",
    "home": "Bristol City",
    "away": "Millwall",
    "kickoff": "2026-08-15T14:00Z",
    "status": "WAITING_FOR_OFFICIAL_XI",
    "snapshot_id": null
  },
  {
    "event_id": "401880337",
    "home": "Charlton",
    "away": "Derby",
    "kickoff": "2026-08-15T14:00Z",
    "status": "WAITING_FOR_OFFICIAL_XI",
    "snapshot_id": null
  },
  {
    "event_id": "401880336",
    "home": "Middlesbrough",
    "away": "Lincoln",
    "kickoff": "2026-08-15T14:00Z",
    "status": "WAITING_FOR_OFFICIAL_XI",
    "snapshot_id": null
  },
  {
    "event_id": "401880335",
    "home": "Norwich",
    "away": "West Brom",
    "kickoff": "2026-08-15T14:00Z",
    "status": "WAITING_FOR_OFFICIAL_XI",
    "snapshot_id": null
  },
  {
    "event_id": "401880334",
    "home": "Portsmouth",
    "away": "QPR",
    "kickoff": "2026-08-15T14:00Z",
    "status": "WAITING_FOR_OFFICIAL_XI",
    "snapshot_id": null
  },
  {
    "event_id": "401880333",
    "home": "Stoke",
    "away": "Swansea",
    "kickoff": "2026-08-15T14:00Z",
    "status": "WAITING_FOR_OFFICIAL_XI",
    "snapshot_id": null
  },
  {
    "event_id": "401880332",
    "home": "Sheffield United",
    "away": "Birmingham",
    "kickoff": "2026-08-15T16:30Z",
    "status": "WAITING_FOR_OFFICIAL_XI",
    "snapshot_id": null
  }
]
[
  {
    "event_id": "401880339",
    "home": "Bolton",
    "away": "Preston",
    "kickoff": "2026-08-15T11:30Z",
    "status": "WAITING_FOR_OFFICIAL_XI",
    "snapshot_id": null
  },
  {
    "event_id": "401880338",
    "home": "Bristol City",
    "away": "Millwall",
    "kickoff": "2026-08-15T14:00Z",
    "status": "WAITING_FOR_OFFICIAL_XI",
    "snapshot_id": null
  },
  {
    "event_id": "401880337",
    "home": "Charlton",
    "away": "Derby",
    "kickoff": "2026-08-15T14:00Z",
    "status": "WAITING_FOR_OFFICIAL_XI",
    "snapshot_id": null
  },
  {
    "event_id": "401880336",
    "home": "Middlesbrough",
    "away": "Lincoln",
    "kickoff": "2026-08-15T14:00Z",
    "status": "WAITING_FOR_OFFICIAL_XI",
    "snapshot_id": null
  },
  {
    "event_id": "401880335",
    "home": "Norwich",
    "away": "West Brom",
    "kickoff": "2026-08-15T14:00Z",
    "status": "WAITING_FOR_OFFICIAL_XI",
    "snapshot_id": null
  },
  {
    "event_id": "401880334",
    "home": "Portsmouth",
    "away": "QPR",
    "kickoff": "2026-08-15T14:00Z",
    "status": "WAITING_FOR_OFFICIAL_XI",
    "snapshot_id": null
  },
  {
    "event_id": "401880333",
    "home": "Stoke",
    "away": "Swansea",
    "kickoff": "2026-08-15T14:00Z",
    "status": "WAITING_FOR_OFFICIAL_XI",
    "snapshot_id": null
  },
  {
    "event_id": "401880332",
    "home": "Sheffield United",
    "away": "Birmingham",
    "kickoff": "2026-08-15T16:30Z",
    "status": "WAITING_FOR_OFFICIAL_XI",
    "snapshot_id": null
  }
]
[
  {
    "event_id": "401880339",
    "home": "Bolton",
    "away": "Preston",
    "kickoff": "2026-08-15T11:30Z",
    "status": "WAITING_FOR_OFFICIAL_XI",
    "snapshot_id": null
  },
  {
    "event_id": "401880338",
    "home": "Bristol City",
    "away": "Millwall",
    "kickoff": "2026-08-15T14:00Z",
    "status": "WAITING_FOR_OFFICIAL_XI",
    "snapshot_id": null
  },
  {
    "event_id": "401880337",
    "home": "Charlton",
    "away": "Derby",
    "kickoff": "2026-08-15T14:00Z",
    "status": "WAITING_FOR_OFFICIAL_XI",
    "snapshot_id": null
  },
  {
    "event_id": "401880336",
    "home": "Middlesbrough",
    "away": "Lincoln",
    "kickoff": "2026-08-15T14:00Z",
    "status": "WAITING_FOR_OFFICIAL_XI",
    "snapshot_id": null
  },
  {
    "event_id": "401880335",
    "home": "Norwich",
    "away": "West Brom",
    "kickoff": "2026-08-15T14:00Z",
    "status": "WAITING_FOR_OFFICIAL_XI",
    "snapshot_id": null
  },
  {
    "event_id": "401880334",
    "home": "Portsmouth",
    "away": "QPR",
    "kickoff": "2026-08-15T14:00Z",
    "status": "WAITING_FOR_OFFICIAL_XI",
    "snapshot_id": null
  },
  {
    "event_id": "401880333",
    "home": "Stoke",
    "away": "Swansea",
    "kickoff": "2026-08-15T14:00Z",
    "status": "WAITING_FOR_OFFICIAL_XI",
    "snapshot_id": null
  },
  {
    "event_id": "401880332",
    "home": "Sheffield United",
    "away": "Birmingham",
    "kickoff": "2026-08-15T16:30Z",
    "status": "WAITING_FOR_OFFICIAL_XI",
    "snapshot_id": null
  }
]
[
  {
    "event_id": "401880339",
    "home": "Bolton",
    "away": "Preston",
    "kickoff": "2026-08-15T11:30Z",
    "status": "WAITING_FOR_OFFICIAL_XI",
    "snapshot_id": null
  },
  {
    "event_id": "401880338",
    "home": "Bristol City",
    "away": "Millwall",
    "kickoff": "2026-08-15T14:00Z",
    "status": "WAITING_FOR_OFFICIAL_XI",
    "snapshot_id": null
  },
  {
    "event_id": "401880337",
    "home": "Charlton",
    "away": "Derby",
    "kickoff": "2026-08-15T14:00Z",
    "status": "WAITING_FOR_OFFICIAL_XI",
    "snapshot_id": null
  },
  {
    "event_id": "401880336",
    "home": "Middlesbrough",
    "away": "Lincoln",
    "kickoff": "2026-08-15T14:00Z",
    "status": "WAITING_FOR_OFFICIAL_XI",
    "snapshot_id": null
  },
  {
    "event_id": "401880335",
    "home": "Norwich",
    "away": "West Brom",
    "kickoff": "2026-08-15T14:00Z",
    "status": "WAITING_FOR_OFFICIAL_XI",
    "snapshot_id": null
  },
  {
    "event_id": "401880334",
    "home": "Portsmouth",
    "away": "QPR",
    "kickoff": "2026-08-15T14:00Z",
    "status": "WAITING_FOR_OFFICIAL_XI",
    "snapshot_id": null
  },
  {
    "event_id": "401880333",
    "home": "Stoke",
    "away": "Swansea",
    "kickoff": "2026-08-15T14:00Z",
    "status": "WAITING_FOR_OFFICIAL_XI",
    "snapshot_id": null
  },
  {
    "event_id": "401880332",
    "home": "Sheffield United",
    "away": "Birmingham",
    "kickoff": "2026-08-15T16:30Z",
    "status": "WAITING_FOR_OFFICIAL_XI",
    "snapshot_id": null
  }
]
[
  {
    "event_id": "401880339",
    "home": "Bolton",
    "away": "Preston",
    "kickoff": "2026-08-15T11:30Z",
    "status": "WAITING_FOR_OFFICIAL_XI",
    "snapshot_id": null
  },
  {
    "event_id": "401880338",
    "home": "Bristol City",
    "away": "Millwall",
    "kickoff": "2026-08-15T14:00Z",
    "status": "WAITING_FOR_OFFICIAL_XI",
    "snapshot_id": null
  },
  {
    "event_id": "401880337",
    "home": "Charlton",
    "away": "Derby",
    "kickoff": "2026-08-15T14:00Z",
    "status": "WAITING_FOR_OFFICIAL_XI",
    "snapshot_id": null
  },
  {
    "event_id": "401880336",
    "home": "Middlesbrough",
    "away": "Lincoln",
    "kickoff": "2026-08-15T14:00Z",
    "status": "WAITING_FOR_OFFICIAL_XI",
    "snapshot_id": null
  },
  {
    "event_id": "401880335",
    "home": "Norwich",
    "away": "West Brom",
    "kickoff": "2026-08-15T14:00Z",
    "status": "WAITING_FOR_OFFICIAL_XI",
    "snapshot_id": null
  },
  {
    "event_id": "401880334",
    "home": "Portsmouth",
    "away": "QPR",
    "kickoff": "2026-08-15T14:00Z",
    "status": "WAITING_FOR_OFFICIAL_XI",
    "snapshot_id": null
  },
  {
    "event_id": "401880333",
    "home": "Stoke",
    "away": "Swansea",
    "kickoff": "2026-08-15T14:00Z",
    "status": "WAITING_FOR_OFFICIAL_XI",
    "snapshot_id": null
  },
  {
    "event_id": "401880332",
    "home": "Sheffield United",
    "away": "Birmingham",
    "kickoff": "2026-08-15T16:30Z",
    "status": "WAITING_FOR_OFFICIAL_XI",
    "snapshot_id": null
  }
]
[
  {
    "event_id": "401880339",
    "home": "Bolton",
    "away": "Preston",
    "kickoff": "2026-08-15T11:30Z",
    "status": "WAITING_FOR_OFFICIAL_XI",
    "snapshot_id": null
  },
  {
    "event_id": "401880338",
    "home": "Bristol City",
    "away": "Millwall",
    "kickoff": "2026-08-15T14:00Z",
    "status": "WAITING_FOR_OFFICIAL_XI",
    "snapshot_id": null
  },
  {
    "event_id": "401880337",
    "home": "Charlton",
    "away": "Derby",
    "kickoff": "2026-08-15T14:00Z",
    "status": "WAITING_FOR_OFFICIAL_XI",
    "snapshot_id": null
  },
  {
    "event_id": "401880336",
    "home": "Middlesbrough",
    "away": "Lincoln",
    "kickoff": "2026-08-15T14:00Z",
    "status": "WAITING_FOR_OFFICIAL_XI",
    "snapshot_id": null
  },
  {
    "event_id": "401880335",
    "home": "Norwich",
    "away": "West Brom",
    "kickoff": "2026-08-15T14:00Z",
    "status": "WAITING_FOR_OFFICIAL_XI",
    "snapshot_id": null
  },
  {
    "event_id": "401880334",
    "home": "Portsmouth",
    "away": "QPR",
    "kickoff": "2026-08-15T14:00Z",
    "status": "WAITING_FOR_OFFICIAL_XI",
    "snapshot_id": null
  },
  {
    "event_id": "401880333",
    "home": "Stoke",
    "away": "Swansea",
    "kickoff": "2026-08-15T14:00Z",
    "status": "WAITING_FOR_OFFICIAL_XI",
    "snapshot_id": null
  },
  {
    "event_id": "401880332",
    "home": "Sheffield United",
    "away": "Birmingham",
    "kickoff": "2026-08-15T16:30Z",
    "status": "WAITING_FOR_OFFICIAL_XI",
    "snapshot_id": null
  }
]
[
  {
    "event_id": "401880339",
    "home": "Bolton",
    "away": "Preston",
    "kickoff": "2026-08-15T11:30Z",
    "status": "WAITING_FOR_OFFICIAL_XI",
    "snapshot_id": null
  },
  {
    "event_id": "401880338",
    "home": "Bristol City",
    "away": "Millwall",
    "kickoff": "2026-08-15T14:00Z",
    "status": "WAITING_FOR_OFFICIAL_XI",
    "snapshot_id": null
  },
  {
    "event_id": "401880337",
    "home": "Charlton",
    "away": "Derby",
    "kickoff": "2026-08-15T14:00Z",
    "status": "WAITING_FOR_OFFICIAL_XI",
    "snapshot_id": null
  },
  {
    "event_id": "401880336",
    "home": "Middlesbrough",
    "away": "Lincoln",
    "kickoff": "2026-08-15T14:00Z",
    "status": "WAITING_FOR_OFFICIAL_XI",
    "snapshot_id": null
  },
  {
    "event_id": "401880335",
    "home": "Norwich",
    "away": "West Brom",
    "kickoff": "2026-08-15T14:00Z",
    "status": "WAITING_FOR_OFFICIAL_XI",
    "snapshot_id": null
  },
  {
    "event_id": "401880334",
    "home": "Portsmouth",
    "away": "QPR",
    "kickoff": "2026-08-15T14:00Z",
    "status": "WAITING_FOR_OFFICIAL_XI",
    "snapshot_id": null
  },
  {
    "event_id": "401880333",
    "home": "Stoke",
    "away": "Swansea",
    "kickoff": "2026-08-15T14:00Z",
    "status": "WAITING_FOR_OFFICIAL_XI",
    "snapshot_id": null
  },
  {
    "event_id": "401880332",
    "home": "Sheffield United",
    "away": "Birmingham",
    "kickoff": "2026-08-15T16:30Z",
    "status": "WAITING_FOR_OFFICIAL_XI",
    "snapshot_id": null
  }
]
[
  {
    "event_id": "401880339",
    "home": "Bolton",
    "away": "Preston",
    "kickoff": "2026-08-15T11:30Z",
    "status": "WAITING_FOR_OFFICIAL_XI",
    "snapshot_id": null
  },
  {
    "event_id": "401880338",
    "home": "Bristol City",
    "away": "Millwall",
    "kickoff": "2026-08-15T14:00Z",
    "status": "WAITING_FOR_OFFICIAL_XI",
    "snapshot_id": null
  },
  {
    "event_id": "401880337",
    "home": "Charlton",
    "away": "Derby",
    "kickoff": "2026-08-15T14:00Z",
    "status": "WAITING_FOR_OFFICIAL_XI",
    "snapshot_id": null
  },
  {
    "event_id": "401880336",
    "home": "Middlesbrough",
    "away": "Lincoln",
    "kickoff": "2026-08-15T14:00Z",
    "status": "WAITING_FOR_OFFICIAL_XI",
    "snapshot_id": null
  },
  {
    "event_id": "401880335",
    "home": "Norwich",
    "away": "West Brom",
    "kickoff": "2026-08-15T14:00Z",
    "status": "WAITING_FOR_OFFICIAL_XI",
    "snapshot_id": null
  },
  {
    "event_id": "401880334",
    "home": "Portsmouth",
    "away": "QPR",
    "kickoff": "2026-08-15T14:00Z",
    "status": "WAITING_FOR_OFFICIAL_XI",
    "snapshot_id": null
  },
  {
    "event_id": "401880333",
    "home": "Stoke",
    "away": "Swansea",
    "kickoff": "2026-08-15T14:00Z",
    "status": "WAITING_FOR_OFFICIAL_XI",
    "snapshot_id": null
  },
  {
    "event_id": "401880332",
    "home": "Sheffield United",
    "away": "Birmingham",
    "kickoff": "2026-08-15T16:30Z",
    "status": "WAITING_FOR_OFFICIAL_XI",
    "snapshot_id": null
  }
]
[
  {
    "event_id": "401880339",
    "home": "Bolton",
    "away": "Preston",
    "kickoff": "2026-08-15T11:30Z",
    "status": "WAITING_FOR_OFFICIAL_XI",
    "snapshot_id": null
  },
  {
    "event_id": "401880338",
    "home": "Bristol City",
    "away": "Millwall",
    "kickoff": "2026-08-15T14:00Z",
    "status": "WAITING_FOR_OFFICIAL_XI",
    "snapshot_id": null
  },
  {
    "event_id": "401880337",
    "home": "Charlton",
    "away": "Derby",
    "kickoff": "2026-08-15T14:00Z",
    "status": "WAITING_FOR_OFFICIAL_XI",
    "snapshot_id": null
  },
  {
    "event_id": "401880336",
    "home": "Middlesbrough",
    "away": "Lincoln",
    "kickoff": "2026-08-15T14:00Z",
    "status": "WAITING_FOR_OFFICIAL_XI",
    "snapshot_id": null
  },
  {
    "event_id": "401880335",
    "home": "Norwich",
    "away": "West Brom",
    "kickoff": "2026-08-15T14:00Z",
    "status": "WAITING_FOR_OFFICIAL_XI",
    "snapshot_id": null
  },
  {
    "event_id": "401880334",
    "home": "Portsmouth",
    "away": "QPR",
    "kickoff": "2026-08-15T14:00Z",
    "status": "WAITING_FOR_OFFICIAL_XI",
    "snapshot_id": null
  },
  {
    "event_id": "401880333",
    "home": "Stoke",
    "away": "Swansea",
    "kickoff": "2026-08-15T14:00Z",
    "status": "WAITING_FOR_OFFICIAL_XI",
    "snapshot_id": null
  },
  {
    "event_id": "401880332",
    "home": "Sheffield United",
    "away": "Birmingham",
    "kickoff": "2026-08-15T16:30Z",
    "status": "WAITING_FOR_OFFICIAL_XI",
    "snapshot_id": null
  }
]
[
  {
    "event_id": "401880339",
    "home": "Bolton",
    "away": "Preston",
    "kickoff": "2026-08-15T11:30Z",
    "status": "WAITING_FOR_OFFICIAL_XI",
    "snapshot_id": null
  },
  {
    "event_id": "401880338",
    "home": "Bristol City",
    "away": "Millwall",
    "kickoff": "2026-08-15T14:00Z",
    "status": "WAITING_FOR_OFFICIAL_XI",
    "snapshot_id": null
  },
  {
    "event_id": "401880337",
    "home": "Charlton",
    "away": "Derby",
    "kickoff": "2026-08-15T14:00Z",
    "status": "WAITING_FOR_OFFICIAL_XI",
    "snapshot_id": null
  },
  {
    "event_id": "401880336",
    "home": "Middlesbrough",
    "away": "Lincoln",
    "kickoff": "2026-08-15T14:00Z",
    "status": "WAITING_FOR_OFFICIAL_XI",
    "snapshot_id": null
  },
  {
    "event_id": "401880335",
    "home": "Norwich",
    "away": "West Brom",
    "kickoff": "2026-08-15T14:00Z",
    "status": "WAITING_FOR_OFFICIAL_XI",
    "snapshot_id": null
  },
  {
    "event_id": "401880334",
    "home": "Portsmouth",
    "away": "QPR",
    "kickoff": "2026-08-15T14:00Z",
    "status": "WAITING_FOR_OFFICIAL_XI",
    "snapshot_id": null
  },
  {
    "event_id": "401880333",
    "home": "Stoke",
    "away": "Swansea",
    "kickoff": "2026-08-15T14:00Z",
    "status": "WAITING_FOR_OFFICIAL_XI",
    "snapshot_id": null
  },
  {
    "event_id": "401880332",
    "home": "Sheffield United",
    "away": "Birmingham",
    "kickoff": "2026-08-15T16:30Z",
    "status": "WAITING_FOR_OFFICIAL_XI",
    "snapshot_id": null
  }
]
[
  {
    "event_id": "401880339",
    "home": "Bolton",
    "away": "Preston",
    "kickoff": "2026-08-15T11:30Z",
    "status": "NOT_FROZEN:snapshot cutoff cannot be after kickoff",
    "snapshot_id": null
  },
  {
    "event_id": "401880338",
    "home": "Bristol City",
    "away": "Millwall",
    "kickoff": "2026-08-15T14:00Z",
    "status": "NOT_FROZEN:snapshot cutoff cannot be after kickoff",
    "snapshot_id": null
  },
  {
    "event_id": "401880337",
    "home": "Charlton",
    "away": "Derby",
    "kickoff": "2026-08-15T14:00Z",
    "status": "NOT_FROZEN:snapshot cutoff cannot be after kickoff",
    "snapshot_id": null
  },
  {
    "event_id": "401880336",
    "home": "Middlesbrough",
    "away": "Lincoln",
    "kickoff": "2026-08-15T14:00Z",
    "status": "NOT_FROZEN:snapshot cutoff cannot be after kickoff",
    "snapshot_id": null
  },
  {
    "event_id": "401880335",
    "home": "Norwich",
    "away": "West Brom",
    "kickoff": "2026-08-15T14:00Z",
    "status": "NOT_FROZEN:snapshot cutoff cannot be after kickoff",
    "snapshot_id": null
  },
  {
    "event_id": "401880334",
    "home": "Portsmouth",
    "away": "QPR",
    "kickoff": "2026-08-15T14:00Z",
    "status": "NOT_FROZEN:snapshot cutoff cannot be after kickoff",
    "snapshot_id": null
  },
  {
    "event_id": "401880333",
    "home": "Stoke",
    "away": "Swansea",
    "kickoff": "2026-08-15T14:00Z",
    "status": "NOT_FROZEN:snapshot cutoff cannot be after kickoff",
    "snapshot_id": null
  },
  {
    "event_id": "401880332",
    "home": "Sheffield United",
    "away": "Birmingham",
    "kickoff": "2026-08-15T16:30Z",
    "status": "NOT_FROZEN:snapshot cutoff cannot be after kickoff",
    "snapshot_id": null
  }
]
[
  {
    "event_id": "401880339",
    "home": "Bolton",
    "away": "Preston",
    "kickoff": "2026-08-15T11:30Z",
    "status": "NOT_FROZEN:snapshot cutoff cannot be after kickoff",
    "snapshot_id": null
  },
  {
    "event_id": "401880338",
    "home": "Bristol City",
    "away": "Millwall",
    "kickoff": "2026-08-15T14:00Z",
    "status": "NOT_FROZEN:snapshot cutoff cannot be after kickoff",
    "snapshot_id": null
  },
  {
    "event_id": "401880337",
    "home": "Charlton",
    "away": "Derby",
    "kickoff": "2026-08-15T14:00Z",
    "status": "NOT_FROZEN:snapshot cutoff cannot be after kickoff",
    "snapshot_id": null
  },
  {
    "event_id": "401880336",
    "home": "Middlesbrough",
    "away": "Lincoln",
    "kickoff": "2026-08-15T14:00Z",
    "status": "NOT_FROZEN:snapshot cutoff cannot be after kickoff",
    "snapshot_id": null
  },
  {
    "event_id": "401880335",
    "home": "Norwich",
    "away": "West Brom",
    "kickoff": "2026-08-15T14:00Z",
    "status": "NOT_FROZEN:snapshot cutoff cannot be after kickoff",
    "snapshot_id": null
  },
  {
    "event_id": "401880334",
    "home": "Portsmouth",
    "away": "QPR",
    "kickoff": "2026-08-15T14:00Z",
    "status": "NOT_FROZEN:snapshot cutoff cannot be after kickoff",
    "snapshot_id": null
  },
  {
    "event_id": "401880333",
    "home": "Stoke",
    "away": "Swansea",
    "kickoff": "2026-08-15T14:00Z",
    "status": "NOT_FROZEN:snapshot cutoff cannot be after kickoff",
    "snapshot_id": null
  },
  {
    "event_id": "401880332",
    "home": "Sheffield United",
    "away": "Birmingham",
    "kickoff": "2026-08-15T16:30Z",
    "status": "NOT_FROZEN:snapshot cutoff cannot be after kickoff",
    "snapshot_id": null
  }
]
[
  {
    "event_id": "401880339",
    "home": "Bolton",
    "away": "Preston",
    "kickoff": "2026-08-15T11:30Z",
    "status": "NOT_FROZEN:snapshot cutoff cannot be after kickoff",
    "snapshot_id": null
  },
  {
    "event_id": "401880338",
    "home": "Bristol City",
    "away": "Millwall",
    "kickoff": "2026-08-15T14:00Z",
    "status": "NOT_FROZEN:snapshot cutoff cannot be after kickoff",
    "snapshot_id": null
  },
  {
    "event_id": "401880337",
    "home": "Charlton",
    "away": "Derby",
    "kickoff": "2026-08-15T14:00Z",
    "status": "NOT_FROZEN:snapshot cutoff cannot be after kickoff",
    "snapshot_id": null
  },
  {
    "event_id": "401880336",
    "home": "Middlesbrough",
    "away": "Lincoln",
    "kickoff": "2026-08-15T14:00Z",
    "status": "NOT_FROZEN:snapshot cutoff cannot be after kickoff",
    "snapshot_id": null
  },
  {
    "event_id": "401880335",
    "home": "Norwich",
    "away": "West Brom",
    "kickoff": "2026-08-15T14:00Z",
    "status": "NOT_FROZEN:snapshot cutoff cannot be after kickoff",
    "snapshot_id": null
  },
  {
    "event_id": "401880334",
    "home": "Portsmouth",
    "away": "QPR",
    "kickoff": "2026-08-15T14:00Z",
    "status": "NOT_FROZEN:snapshot cutoff cannot be after kickoff",
    "snapshot_id": null
  },
  {
    "event_id": "401880333",
    "home": "Stoke",
    "away": "Swansea",
    "kickoff": "2026-08-15T14:00Z",
    "status": "NOT_FROZEN:snapshot cutoff cannot be after kickoff",
    "snapshot_id": null
  },
  {
    "event_id": "401880332",
    "home": "Sheffield United",
    "away": "Birmingham",
    "kickoff": "2026-08-15T16:30Z",
    "status": "NOT_FROZEN:snapshot cutoff cannot be after kickoff",
    "snapshot_id": null
  }
]
[
  {
    "event_id": "401880331",
    "home": "Watford",
    "away": "Southampton",
    "kickoff": "2026-08-16T12:30Z",
    "status": "WAITING_FOR_OFFICIAL_XI",
    "snapshot_id": null
  },
  {
    "event_id": "401880330",
    "home": "Burnley",
    "away": "West Ham",
    "kickoff": "2026-08-16T15:00Z",
    "status": "WAITING_FOR_OFFICIAL_XI",
    "snapshot_id": null
  }
]
[
  {
    "event_id": "401880331",
    "home": "Watford",
    "away": "Southampton",
    "kickoff": "2026-08-16T12:30Z",
    "status": "WAITING_FOR_OFFICIAL_XI",
    "snapshot_id": null
  },
  {
    "event_id": "401880330",
    "home": "Burnley",
    "away": "West Ham",
    "kickoff": "2026-08-16T15:00Z",
    "status": "WAITING_FOR_OFFICIAL_XI",
    "snapshot_id": null
  }
]
[
  {
    "event_id": "401880331",
    "home": "Watford",
    "away": "Southampton",
    "kickoff": "2026-08-16T12:30Z",
    "status": "WAITING_FOR_OFFICIAL_XI",
    "snapshot_id": null
  },
  {
    "event_id": "401880330",
    "home": "Burnley",
    "away": "West Ham",
    "kickoff": "2026-08-16T15:00Z",
    "status": "WAITING_FOR_OFFICIAL_XI",
    "snapshot_id": null
  }
]
[
  {
    "event_id": "401880331",
    "home": "Watford",
    "away": "Southampton",
    "kickoff": "2026-08-16T12:30Z",
    "status": "WAITING_FOR_OFFICIAL_XI",
    "snapshot_id": null
  },
  {
    "event_id": "401880330",
    "home": "Burnley",
    "away": "West Ham",
    "kickoff": "2026-08-16T15:00Z",
    "status": "WAITING_FOR_OFFICIAL_XI",
    "snapshot_id": null
  }
]
[
  {
    "event_id": "401880331",
    "home": "Watford",
    "away": "Southampton",
    "kickoff": "2026-08-16T12:30Z",
    "status": "WAITING_FOR_OFFICIAL_XI",
    "snapshot_id": null
  },
  {
    "event_id": "401880330",
    "home": "Burnley",
    "away": "West Ham",
    "kickoff": "2026-08-16T15:00Z",
    "status": "WAITING_FOR_OFFICIAL_XI",
    "snapshot_id": null
  }
]
[
  {
    "event_id": "401880331",
    "home": "Watford",
    "away": "Southampton",
    "kickoff": "2026-08-16T12:30Z",
    "status": "WAITING_FOR_OFFICIAL_XI",
    "snapshot_id": null
  },
  {
    "event_id": "401880330",
    "home": "Burnley",
    "away": "West Ham",
    "kickoff": "2026-08-16T15:00Z",
    "status": "WAITING_FOR_OFFICIAL_XI",
    "snapshot_id": null
  }
]
[
  {
    "event_id": "401880331",
    "home": "Watford",
    "away": "Southampton",
    "kickoff": "2026-08-16T12:30Z",
    "status": "WAITING_FOR_OFFICIAL_XI",
    "snapshot_id": null
  },
  {
    "event_id": "401880330",
    "home": "Burnley",
    "away": "West Ham",
    "kickoff": "2026-08-16T15:00Z",
    "status": "WAITING_FOR_OFFICIAL_XI",
    "snapshot_id": null
  }
]
[
  {
    "event_id": "401880331",
    "home": "Watford",
    "away": "Southampton",
    "kickoff": "2026-08-16T12:30Z",
    "status": "WAITING_FOR_OFFICIAL_XI",
    "snapshot_id": null
  },
  {
    "event_id": "401880330",
    "home": "Burnley",
    "away": "West Ham",
    "kickoff": "2026-08-16T15:00Z",
    "status": "WAITING_FOR_OFFICIAL_XI",
    "snapshot_id": null
  }
]
[
  {
    "event_id": "401880331",
    "home": "Watford",
    "away": "Southampton",
    "kickoff": "2026-08-16T12:30Z",
    "status": "WAITING_FOR_OFFICIAL_XI",
    "snapshot_id": null
  },
  {
    "event_id": "401880330",
    "home": "Burnley",
    "away": "West Ham",
    "kickoff": "2026-08-16T15:00Z",
    "status": "WAITING_FOR_OFFICIAL_XI",
    "snapshot_id": null
  }
]
[
  {
    "event_id": "401880331",
    "home": "Watford",
    "away": "Southampton",
    "kickoff": "2026-08-16T12:30Z",
    "status": "WAITING_FOR_OFFICIAL_XI",
    "snapshot_id": null
  },
  {
    "event_id": "401880330",
    "home": "Burnley",
    "away": "West Ham",
    "kickoff": "2026-08-16T15:00Z",
    "status": "WAITING_FOR_OFFICIAL_XI",
    "snapshot_id": null
  }
]
[
  {
    "event_id": "401880331",
    "home": "Watford",
    "away": "Southampton",
    "kickoff": "2026-08-16T12:30Z",
    "status": "NOT_FROZEN:snapshot cutoff cannot be after kickoff",
    "snapshot_id": null
  },
  {
    "event_id": "401880330",
    "home": "Burnley",
    "away": "West Ham",
    "kickoff": "2026-08-16T15:00Z",
    "status": "NOT_FROZEN:snapshot cutoff cannot be after kickoff",
    "snapshot_id": null
  }
]
[
  {
    "event_id": "401880331",
    "home": "Watford",
    "away": "Southampton",
    "kickoff": "2026-08-16T12:30Z",
    "status": "NOT_FROZEN:snapshot cutoff cannot be after kickoff",
    "snapshot_id": null
  },
  {
    "event_id": "401880330",
    "home": "Burnley",
    "away": "West Ham",
    "kickoff": "2026-08-16T15:00Z",
    "status": "NOT_FROZEN:snapshot cutoff cannot be after kickoff",
    "snapshot_id": null
  }
]
[
  {
    "event_id": "401880331",
    "home": "Watford",
    "away": "Southampton",
    "kickoff": "2026-08-16T12:30Z",
    "status": "NOT_FROZEN:snapshot cutoff cannot be after kickoff",
    "snapshot_id": null
  },
  {
    "event_id": "401880330",
    "home": "Burnley",
    "away": "West Ham",
    "kickoff": "2026-08-16T15:00Z",
    "status": "NOT_FROZEN:snapshot cutoff cannot be after kickoff",
    "snapshot_id": null
  }
]
[
  {
    "event_id": "401880331",
    "home": "Watford",
    "away": "Southampton",
    "kickoff": "2026-08-16T12:30Z",
    "status": "NOT_FROZEN:snapshot cutoff cannot be after kickoff",
    "snapshot_id": null
  },
  {
    "event_id": "401880330",
    "home": "Burnley",
    "away": "West Ham",
    "kickoff": "2026-08-16T15:00Z",
    "status": "NOT_FROZEN:snapshot cutoff cannot be after kickoff",
    "snapshot_id": null
  }
]
[
  {
    "event_id": "401880329",
    "home": "Cardiff",
    "away": "Wrexham",
    "kickoff": "2026-08-17T19:00Z",
    "status": "WAITING_FOR_OFFICIAL_XI",
    "snapshot_id": null
  }
]
[
  {
    "event_id": "401880329",
    "home": "Cardiff",
    "away": "Wrexham",
    "kickoff": "2026-08-17T19:00Z",
    "status": "WAITING_FOR_OFFICIAL_XI",
    "snapshot_id": null
  }
]
[
  {
    "event_id": "401880329",
    "home": "Cardiff",
    "away": "Wrexham",
    "kickoff": "2026-08-17T19:00Z",
    "status": "WAITING_FOR_OFFICIAL_XI",
    "snapshot_id": null
  }
]
[
  {
    "event_id": "401880329",
    "home": "Cardiff",
    "away": "Wrexham",
    "kickoff": "2026-08-17T19:00Z",
    "status": "WAITING_FOR_OFFICIAL_XI",
    "snapshot_id": null
  }
]
[
  {
    "event_id": "401880329",
    "home": "Cardiff",
    "away": "Wrexham",
    "kickoff": "2026-08-17T19:00Z",
    "status": "WAITING_FOR_OFFICIAL_XI",
    "snapshot_id": null
  }
]
[
  {
    "event_id": "401880329",
    "home": "Cardiff",
    "away": "Wrexham",
    "kickoff": "2026-08-17T19:00Z",
    "status": "WAITING_FOR_OFFICIAL_XI",
    "snapshot_id": null
  }
]
[
  {
    "event_id": "401880329",
    "home": "Cardiff",
    "away": "Wrexham",
    "kickoff": "2026-08-17T19:00Z",
    "status": "WAITING_FOR_OFFICIAL_XI",
    "snapshot_id": null
  }
]
[
  {
    "event_id": "401880329",
    "home": "Cardiff",
    "away": "Wrexham",
    "kickoff": "2026-08-17T19:00Z",
    "status": "WAITING_FOR_OFFICIAL_XI",
    "snapshot_id": null
  }
]
[
  {
    "event_id": "401880329",
    "home": "Cardiff",
    "away": "Wrexham",
    "kickoff": "2026-08-17T19:00Z",
    "status": "WAITING_FOR_OFFICIAL_XI",
    "snapshot_id": null
  }
]
[
  {
    "event_id": "401880329",
    "home": "Cardiff",
    "away": "Wrexham",
    "kickoff": "2026-08-17T19:00Z",
    "status": "WAITING_FOR_OFFICIAL_XI",
    "snapshot_id": null
  }
]
[
  {
    "event_id": "401880329",
    "home": "Cardiff",
    "away": "Wrexham",
    "kickoff": "2026-08-17T19:00Z",
    "status": "WAITING_FOR_OFFICIAL_XI",
    "snapshot_id": null
  }
]
[
  {
    "event_id": "401880329",
    "home": "Cardiff",
    "away": "Wrexham",
    "kickoff": "2026-08-17T19:00Z",
    "status": "WAITING_FOR_OFFICIAL_XI",
    "snapshot_id": null
  }
]
[
  {
    "event_id": "401880329",
    "home": "Cardiff",
    "away": "Wrexham",
    "kickoff": "2026-08-17T19:00Z",
    "status": "WAITING_FOR_OFFICIAL_XI",
    "snapshot_id": null
  }
]
[
  {
    "event_id": "401880329",
    "home": "Cardiff",
    "away": "Wrexham",
    "kickoff": "2026-08-17T19:00Z",
    "status": "NOT_FROZEN:snapshot cutoff cannot be after kickoff",
    "snapshot_id": null
  }
]
[
  {
    "event_id": "401880329",
    "home": "Cardiff",
    "away": "Wrexham",
    "kickoff": "2026-08-17T19:00Z",
    "status": "NOT_FROZEN:snapshot cutoff cannot be after kickoff",
    "snapshot_id": null
  }
]
[
  {
    "event_id": "401880329",
    "home": "Cardiff",
    "away": "Wrexham",
    "kickoff": "2026-08-17T19:00Z",
    "status": "NOT_FROZEN:snapshot cutoff cannot be after kickoff",
    "snapshot_id": null
  }
]
[]
[]
[]
[]
[]
[]
[]
[]
[]
[]
[]
[]
[]
[]
[]
[]
[]
[]
[]
[]
[]
[]
[]
[]
[]
[]
[]
[]
[]
[]
[]
[]
[]
[]
[]
[]
[]
[]
[]
[]
[]
[]
[]
[]
[]
[]
[]
[]
[]
[]
[]
[]
[]
[]
[]
[]
[]
[]
[]
[]
[
  {
    "event_id": "401880328",
    "home": "Birmingham",
    "away": "Bristol City",
    "kickoff": "2026-08-22T11:30Z",
    "status": "WAITING_FOR_OFFICIAL_XI",
    "snapshot_id": null
  },
  {
    "event_id": "401880325",
    "home": "Lincoln",
    "away": "Portsmouth",
    "kickoff": "2026-08-22T11:30Z",
    "status": "WAITING_FOR_OFFICIAL_XI",
    "snapshot_id": null
  },
  {
    "event_id": "401880324",
    "home": "Millwall",
    "away": "Norwich",
    "kickoff": "2026-08-22T11:30Z",
    "status": "WAITING_FOR_OFFICIAL_XI",
    "snapshot_id": null
  },
  {
    "event_id": "401880327",
    "home": "Blackburn",
    "away": "Middlesbrough",
    "kickoff": "2026-08-22T14:00Z",
    "status": "WAITING_FOR_OFFICIAL_XI",
    "snapshot_id": null
  },
  {
    "event_id": "401880326",
    "home": "Derby",
    "away": "Cardiff",
    "kickoff": "2026-08-22T14:00Z",
    "status": "WAITING_FOR_OFFICIAL_XI",
    "snapshot_id": null
  },
  {
    "event_id": "401880323",
    "home": "Preston",
    "away": "Wolves",
    "kickoff": "2026-08-22T14:00Z",
    "status": "WAITING_FOR_OFFICIAL_XI",
    "snapshot_id": null
  },
  {
    "event_id": "401880322",
    "home": "QPR",
    "away": "Bolton",
    "kickoff": "2026-08-22T14:00Z",
    "status": "WAITING_FOR_OFFICIAL_XI",
    "snapshot_id": null
  },
  {
    "event_id": "401880321",
    "home": "Southampton",
    "away": "Stoke",
    "kickoff": "2026-08-22T14:00Z",
    "status": "WAITING_FOR_OFFICIAL_XI",
    "snapshot_id": null
  },
  {
    "event_id": "401880320",
    "home": "Swansea",
    "away": "Sheffield United",
    "kickoff": "2026-08-22T14:00Z",
    "status": "WAITING_FOR_OFFICIAL_XI",
    "snapshot_id": null
  },
  {
    "event_id": "401880318",
    "home": "West Ham",
    "away": "Charlton",
    "kickoff": "2026-08-22T14:00Z",
    "status": "WAITING_FOR_OFFICIAL_XI",
    "snapshot_id": null
  },
  {
    "event_id": "401880317",
    "home": "Wrexham",
    "away": "Watford",
    "kickoff": "2026-08-22T14:00Z",
    "status": "WAITING_FOR_OFFICIAL_XI",
    "snapshot_id": null
  }
]
[
  {
    "event_id": "401880328",
    "home": "Birmingham",
    "away": "Bristol City",
    "kickoff": "2026-08-22T11:30Z",
    "status": "WAITING_FOR_OFFICIAL_XI",
    "snapshot_id": null
  },
  {
    "event_id": "401880325",
    "home": "Lincoln",
    "away": "Portsmouth",
    "kickoff": "2026-08-22T11:30Z",
    "status": "WAITING_FOR_OFFICIAL_XI",
    "snapshot_id": null
  },
  {
    "event_id": "401880324",
    "home": "Millwall",
    "away": "Norwich",
    "kickoff": "2026-08-22T11:30Z",
    "status": "WAITING_FOR_OFFICIAL_XI",
    "snapshot_id": null
  },
  {
    "event_id": "401880327",
    "home": "Blackburn",
    "away": "Middlesbrough",
    "kickoff": "2026-08-22T14:00Z",
    "status": "WAITING_FOR_OFFICIAL_XI",
    "snapshot_id": null
  },
  {
    "event_id": "401880326",
    "home": "Derby",
    "away": "Cardiff",
    "kickoff": "2026-08-22T14:00Z",
    "status": "WAITING_FOR_OFFICIAL_XI",
    "snapshot_id": null
  },
  {
    "event_id": "401880323",
    "home": "Preston",
    "away": "Wolves",
    "kickoff": "2026-08-22T14:00Z",
    "status": "WAITING_FOR_OFFICIAL_XI",
    "snapshot_id": null
  },
  {
    "event_id": "401880322",
    "home": "QPR",
    "away": "Bolton",
    "kickoff": "2026-08-22T14:00Z",
    "status": "WAITING_FOR_OFFICIAL_XI",
    "snapshot_id": null
  },
  {
    "event_id": "401880321",
    "home": "Southampton",
    "away": "Stoke",
    "kickoff": "2026-08-22T14:00Z",
    "status": "WAITING_FOR_OFFICIAL_XI",
    "snapshot_id": null
  },
  {
    "event_id": "401880320",
    "home": "Swansea",
    "away": "Sheffield United",
    "kickoff": "2026-08-22T14:00Z",
    "status": "WAITING_FOR_OFFICIAL_XI",
    "snapshot_id": null
  },
  {
    "event_id": "401880318",
    "home": "West Ham",
    "away": "Charlton",
    "kickoff": "2026-08-22T14:00Z",
    "status": "WAITING_FOR_OFFICIAL_XI",
    "snapshot_id": null
  },
  {
    "event_id": "401880317",
    "home": "Wrexham",
    "away": "Watford",
    "kickoff": "2026-08-22T14:00Z",
    "status": "WAITING_FOR_OFFICIAL_XI",
    "snapshot_id": null
  }
]
[
  {
    "event_id": "401880328",
    "home": "Birmingham",
    "away": "Bristol City",
    "kickoff": "2026-08-22T11:30Z",
    "status": "WAITING_FOR_OFFICIAL_XI",
    "snapshot_id": null
  },
  {
    "event_id": "401880325",
    "home": "Lincoln",
    "away": "Portsmouth",
    "kickoff": "2026-08-22T11:30Z",
    "status": "WAITING_FOR_OFFICIAL_XI",
    "snapshot_id": null
  },
  {
    "event_id": "401880324",
    "home": "Millwall",
    "away": "Norwich",
    "kickoff": "2026-08-22T11:30Z",
    "status": "WAITING_FOR_OFFICIAL_XI",
    "snapshot_id": null
  },
  {
    "event_id": "401880327",
    "home": "Blackburn",
    "away": "Middlesbrough",
    "kickoff": "2026-08-22T14:00Z",
    "status": "WAITING_FOR_OFFICIAL_XI",
    "snapshot_id": null
  },
  {
    "event_id": "401880326",
    "home": "Derby",
    "away": "Cardiff",
    "kickoff": "2026-08-22T14:00Z",
    "status": "WAITING_FOR_OFFICIAL_XI",
    "snapshot_id": null
  },
  {
    "event_id": "401880323",
    "home": "Preston",
    "away": "Wolves",
    "kickoff": "2026-08-22T14:00Z",
    "status": "WAITING_FOR_OFFICIAL_XI",
    "snapshot_id": null
  },
  {
    "event_id": "401880322",
    "home": "QPR",
    "away": "Bolton",
    "kickoff": "2026-08-22T14:00Z",
    "status": "WAITING_FOR_OFFICIAL_XI",
    "snapshot_id": null
  },
  {
    "event_id": "401880321",
    "home": "Southampton",
    "away": "Stoke",
    "kickoff": "2026-08-22T14:00Z",
    "status": "WAITING_FOR_OFFICIAL_XI",
    "snapshot_id": null
  },
  {
    "event_id": "401880320",
    "home": "Swansea",
    "away": "Sheffield United",
    "kickoff": "2026-08-22T14:00Z",
    "status": "WAITING_FOR_OFFICIAL_XI",
    "snapshot_id": null
  },
  {
    "event_id": "401880318",
    "home": "West Ham",
    "away": "Charlton",
    "kickoff": "2026-08-22T14:00Z",
    "status": "WAITING_FOR_OFFICIAL_XI",
    "snapshot_id": null
  },
  {
    "event_id": "401880317",
    "home": "Wrexham",
    "away": "Watford",
    "kickoff": "2026-08-22T14:00Z",
    "status": "WAITING_FOR_OFFICIAL_XI",
    "snapshot_id": null
  }
]
[
  {
    "event_id": "401880328",
    "home": "Birmingham",
    "away": "Bristol City",
    "kickoff": "2026-08-22T11:30Z",
    "status": "WAITING_FOR_OFFICIAL_XI",
    "snapshot_id": null
  },
  {
    "event_id": "401880325",
    "home": "Lincoln",
    "away": "Portsmouth",
    "kickoff": "2026-08-22T11:30Z",
    "status": "WAITING_FOR_OFFICIAL_XI",
    "snapshot_id": null
  },
  {
    "event_id": "401880324",
    "home": "Millwall",
    "away": "Norwich",
    "kickoff": "2026-08-22T11:30Z",
    "status": "WAITING_FOR_OFFICIAL_XI",
    "snapshot_id": null
  },
  {
    "event_id": "401880327",
    "home": "Blackburn",
    "away": "Middlesbrough",
    "kickoff": "2026-08-22T14:00Z",
    "status": "WAITING_FOR_OFFICIAL_XI",
    "snapshot_id": null
  },
  {
    "event_id": "401880326",
    "home": "Derby",
    "away": "Cardiff",
    "kickoff": "2026-08-22T14:00Z",
    "status": "WAITING_FOR_OFFICIAL_XI",
    "snapshot_id": null
  },
  {
    "event_id": "401880323",
    "home": "Preston",
    "away": "Wolves",
    "kickoff": "2026-08-22T14:00Z",
    "status": "WAITING_FOR_OFFICIAL_XI",
    "snapshot_id": null
  },
  {
    "event_id": "401880322",
    "home": "QPR",
    "away": "Bolton",
    "kickoff": "2026-08-22T14:00Z",
    "status": "WAITING_FOR_OFFICIAL_XI",
    "snapshot_id": null
  },
  {
    "event_id": "401880321",
    "home": "Southampton",
    "away": "Stoke",
    "kickoff": "2026-08-22T14:00Z",
    "status": "WAITING_FOR_OFFICIAL_XI",
    "snapshot_id": null
  },
  {
    "event_id": "401880320",
    "home": "Swansea",
    "away": "Sheffield United",
    "kickoff": "2026-08-22T14:00Z",
    "status": "WAITING_FOR_OFFICIAL_XI",
    "snapshot_id": null
  },
  {
    "event_id": "401880318",
    "home": "West Ham",
    "away": "Charlton",
    "kickoff": "2026-08-22T14:00Z",
    "status": "WAITING_FOR_OFFICIAL_XI",
    "snapshot_id": null
  },
  {
    "event_id": "401880317",
    "home": "Wrexham",
    "away": "Watford",
    "kickoff": "2026-08-22T14:00Z",
    "status": "WAITING_FOR_OFFICIAL_XI",
    "snapshot_id": null
  }
]
[
  {
    "event_id": "401880328",
    "home": "Birmingham",
    "away": "Bristol City",
    "kickoff": "2026-08-22T11:30Z",
    "status": "WAITING_FOR_OFFICIAL_XI",
    "snapshot_id": null
  },
  {
    "event_id": "401880325",
    "home": "Lincoln",
    "away": "Portsmouth",
    "kickoff": "2026-08-22T11:30Z",
    "status": "WAITING_FOR_OFFICIAL_XI",
    "snapshot_id": null
  },
  {
    "event_id": "401880324",
    "home": "Millwall",
    "away": "Norwich",
    "kickoff": "2026-08-22T11:30Z",
    "status": "WAITING_FOR_OFFICIAL_XI",
    "snapshot_id": null
  },
  {
    "event_id": "401880327",
    "home": "Blackburn",
    "away": "Middlesbrough",
    "kickoff": "2026-08-22T14:00Z",
    "status": "WAITING_FOR_OFFICIAL_XI",
    "snapshot_id": null
  },
  {
    "event_id": "401880326",
    "home": "Derby",
    "away": "Cardiff",
    "kickoff": "2026-08-22T14:00Z",
    "status": "WAITING_FOR_OFFICIAL_XI",
    "snapshot_id": null
  },
  {
    "event_id": "401880323",
    "home": "Preston",
    "away": "Wolves",
    "kickoff": "2026-08-22T14:00Z",
    "status": "WAITING_FOR_OFFICIAL_XI",
    "snapshot_id": null
  },
  {
    "event_id": "401880322",
    "home": "QPR",
    "away": "Bolton",
    "kickoff": "2026-08-22T14:00Z",
    "status": "WAITING_FOR_OFFICIAL_XI",
    "snapshot_id": null
  },
  {
    "event_id": "401880321",
    "home": "Southampton",
    "away": "Stoke",
    "kickoff": "2026-08-22T14:00Z",
    "status": "WAITING_FOR_OFFICIAL_XI",
    "snapshot_id": null
  },
  {
    "event_id": "401880320",
    "home": "Swansea",
    "away": "Sheffield United",
    "kickoff": "2026-08-22T14:00Z",
    "status": "WAITING_FOR_OFFICIAL_XI",
    "snapshot_id": null
  },
  {
    "event_id": "401880318",
    "home": "West Ham",
    "away": "Charlton",
    "kickoff": "2026-08-22T14:00Z",
    "status": "WAITING_FOR_OFFICIAL_XI",
    "snapshot_id": null
  },
  {
    "event_id": "401880317",
    "home": "Wrexham",
    "away": "Watford",
    "kickoff": "2026-08-22T14:00Z",
    "status": "WAITING_FOR_OFFICIAL_XI",
    "snapshot_id": null
  }
]
[
  {
    "event_id": "401880328",
    "home": "Birmingham",
    "away": "Bristol City",
    "kickoff": "2026-08-22T11:30Z",
    "status": "WAITING_FOR_OFFICIAL_XI",
    "snapshot_id": null
  },
  {
    "event_id": "401880325",
    "home": "Lincoln",
    "away": "Portsmouth",
    "kickoff": "2026-08-22T11:30Z",
    "status": "WAITING_FOR_OFFICIAL_XI",
    "snapshot_id": null
  },
  {
    "event_id": "401880324",
    "home": "Millwall",
    "away": "Norwich",
    "kickoff": "2026-08-22T11:30Z",
    "status": "WAITING_FOR_OFFICIAL_XI",
    "snapshot_id": null
  },
  {
    "event_id": "401880327",
    "home": "Blackburn",
    "away": "Middlesbrough",
    "kickoff": "2026-08-22T14:00Z",
    "status": "WAITING_FOR_OFFICIAL_XI",
    "snapshot_id": null
  },
  {
    "event_id": "401880326",
    "home": "Derby",
    "away": "Cardiff",
    "kickoff": "2026-08-22T14:00Z",
    "status": "WAITING_FOR_OFFICIAL_XI",
    "snapshot_id": null
  },
  {
    "event_id": "401880323",
    "home": "Preston",
    "away": "Wolves",
    "kickoff": "2026-08-22T14:00Z",
    "status": "WAITING_FOR_OFFICIAL_XI",
    "snapshot_id": null
  },
  {
    "event_id": "401880322",
    "home": "QPR",
    "away": "Bolton",
    "kickoff": "2026-08-22T14:00Z",
    "status": "WAITING_FOR_OFFICIAL_XI",
    "snapshot_id": null
  },
  {
    "event_id": "401880321",
    "home": "Southampton",
    "away": "Stoke",
    "kickoff": "2026-08-22T14:00Z",
    "status": "WAITING_FOR_OFFICIAL_XI",
    "snapshot_id": null
  },
  {
    "event_id": "401880320",
    "home": "Swansea",
    "away": "Sheffield United",
    "kickoff": "2026-08-22T14:00Z",
    "status": "WAITING_FOR_OFFICIAL_XI",
    "snapshot_id": null
  },
  {
    "event_id": "401880318",
    "home": "West Ham",
    "away": "Charlton",
    "kickoff": "2026-08-22T14:00Z",
    "status": "WAITING_FOR_OFFICIAL_XI",
    "snapshot_id": null
  },
  {
    "event_id": "401880317",
    "home": "Wrexham",
    "away": "Watford",
    "kickoff": "2026-08-22T14:00Z",
    "status": "WAITING_FOR_OFFICIAL_XI",
    "snapshot_id": null
  }
]
[
  {
    "event_id": "401880328",
    "home": "Birmingham",
    "away": "Bristol City",
    "kickoff": "2026-08-22T11:30Z",
    "status": "WAITING_FOR_OFFICIAL_XI",
    "snapshot_id": null
  },
  {
    "event_id": "401880325",
    "home": "Lincoln",
    "away": "Portsmouth",
    "kickoff": "2026-08-22T11:30Z",
    "status": "WAITING_FOR_OFFICIAL_XI",
    "snapshot_id": null
  },
  {
    "event_id": "401880324",
    "home": "Millwall",
    "away": "Norwich",
    "kickoff": "2026-08-22T11:30Z",
    "status": "WAITING_FOR_OFFICIAL_XI",
    "snapshot_id": null
  },
  {
    "event_id": "401880327",
    "home": "Blackburn",
    "away": "Middlesbrough",
    "kickoff": "2026-08-22T14:00Z",
    "status": "WAITING_FOR_OFFICIAL_XI",
    "snapshot_id": null
  },
  {
    "event_id": "401880326",
    "home": "Derby",
    "away": "Cardiff",
    "kickoff": "2026-08-22T14:00Z",
    "status": "WAITING_FOR_OFFICIAL_XI",
    "snapshot_id": null
  },
  {
    "event_id": "401880323",
    "home": "Preston",
    "away": "Wolves",
    "kickoff": "2026-08-22T14:00Z",
    "status": "WAITING_FOR_OFFICIAL_XI",
    "snapshot_id": null
  },
  {
    "event_id": "401880322",
    "home": "QPR",
    "away": "Bolton",
    "kickoff": "2026-08-22T14:00Z",
    "status": "WAITING_FOR_OFFICIAL_XI",
    "snapshot_id": null
  },
  {
    "event_id": "401880321",
    "home": "Southampton",
    "away": "Stoke",
    "kickoff": "2026-08-22T14:00Z",
    "status": "WAITING_FOR_OFFICIAL_XI",
    "snapshot_id": null
  },
  {
    "event_id": "401880320",
    "home": "Swansea",
    "away": "Sheffield United",
    "kickoff": "2026-08-22T14:00Z",
    "status": "WAITING_FOR_OFFICIAL_XI",
    "snapshot_id": null
  },
  {
    "event_id": "401880318",
    "home": "West Ham",
    "away": "Charlton",
    "kickoff": "2026-08-22T14:00Z",
    "status": "WAITING_FOR_OFFICIAL_XI",
    "snapshot_id": null
  },
  {
    "event_id": "401880317",
    "home": "Wrexham",
    "away": "Watford",
    "kickoff": "2026-08-22T14:00Z",
    "status": "WAITING_FOR_OFFICIAL_XI",
    "snapshot_id": null
  }
]
[
  {
    "event_id": "401880328",
    "home": "Birmingham",
    "away": "Bristol City",
    "kickoff": "2026-08-22T11:30Z",
    "status": "WAITING_FOR_OFFICIAL_XI",
    "snapshot_id": null
  },
  {
    "event_id": "401880325",
    "home": "Lincoln",
    "away": "Portsmouth",
    "kickoff": "2026-08-22T11:30Z",
    "status": "WAITING_FOR_OFFICIAL_XI",
    "snapshot_id": null
  },
  {
    "event_id": "401880324",
    "home": "Millwall",
    "away": "Norwich",
    "kickoff": "2026-08-22T11:30Z",
    "status": "WAITING_FOR_OFFICIAL_XI",
    "snapshot_id": null
  },
  {
    "event_id": "401880327",
    "home": "Blackburn",
    "away": "Middlesbrough",
    "kickoff": "2026-08-22T14:00Z",
    "status": "WAITING_FOR_OFFICIAL_XI",
    "snapshot_id": null
  },
  {
    "event_id": "401880326",
    "home": "Derby",
    "away": "Cardiff",
    "kickoff": "2026-08-22T14:00Z",
    "status": "WAITING_FOR_OFFICIAL_XI",
    "snapshot_id": null
  },
  {
    "event_id": "401880323",
    "home": "Preston",
    "away": "Wolves",
    "kickoff": "2026-08-22T14:00Z",
    "status": "WAITING_FOR_OFFICIAL_XI",
    "snapshot_id": null
  },
  {
    "event_id": "401880322",
    "home": "QPR",
    "away": "Bolton",
    "kickoff": "2026-08-22T14:00Z",
    "status": "WAITING_FOR_OFFICIAL_XI",
    "snapshot_id": null
  },
  {
    "event_id": "401880321",
    "home": "Southampton",
    "away": "Stoke",
    "kickoff": "2026-08-22T14:00Z",
    "status": "WAITING_FOR_OFFICIAL_XI",
    "snapshot_id": null
  },
  {
    "event_id": "401880320",
    "home": "Swansea",
    "away": "Sheffield United",
    "kickoff": "2026-08-22T14:00Z",
    "status": "WAITING_FOR_OFFICIAL_XI",
    "snapshot_id": null
  },
  {
    "event_id": "401880318",
    "home": "West Ham",
    "away": "Charlton",
    "kickoff": "2026-08-22T14:00Z",
    "status": "WAITING_FOR_OFFICIAL_XI",
    "snapshot_id": null
  },
  {
    "event_id": "401880317",
    "home": "Wrexham",
    "away": "Watford",
    "kickoff": "2026-08-22T14:00Z",
    "status": "WAITING_FOR_OFFICIAL_XI",
    "snapshot_id": null
  }
]
[
  {
    "event_id": "401880328",
    "home": "Birmingham",
    "away": "Bristol City",
    "kickoff": "2026-08-22T11:30Z",
    "status": "WAITING_FOR_OFFICIAL_XI",
    "snapshot_id": null
  },
  {
    "event_id": "401880325",
    "home": "Lincoln",
    "away": "Portsmouth",
    "kickoff": "2026-08-22T11:30Z",
    "status": "WAITING_FOR_OFFICIAL_XI",
    "snapshot_id": null
  },
  {
    "event_id": "401880324",
    "home": "Millwall",
    "away": "Norwich",
    "kickoff": "2026-08-22T11:30Z",
    "status": "WAITING_FOR_OFFICIAL_XI",
    "snapshot_id": null
  },
  {
    "event_id": "401880327",
    "home": "Blackburn",
    "away": "Middlesbrough",
    "kickoff": "2026-08-22T14:00Z",
    "status": "WAITING_FOR_OFFICIAL_XI",
    "snapshot_id": null
  },
  {
    "event_id": "401880326",
    "home": "Derby",
    "away": "Cardiff",
    "kickoff": "2026-08-22T14:00Z",
    "status": "WAITING_FOR_OFFICIAL_XI",
    "snapshot_id": null
  },
  {
    "event_id": "401880323",
    "home": "Preston",
    "away": "Wolves",
    "kickoff": "2026-08-22T14:00Z",
    "status": "WAITING_FOR_OFFICIAL_XI",
    "snapshot_id": null
  },
  {
    "event_id": "401880322",
    "home": "QPR",
    "away": "Bolton",
    "kickoff": "2026-08-22T14:00Z",
    "status": "WAITING_FOR_OFFICIAL_XI",
    "snapshot_id": null
  },
  {
    "event_id": "401880321",
    "home": "Southampton",
    "away": "Stoke",
    "kickoff": "2026-08-22T14:00Z",
    "status": "WAITING_FOR_OFFICIAL_XI",
    "snapshot_id": null
  },
  {
    "event_id": "401880320",
    "home": "Swansea",
    "away": "Sheffield United",
    "kickoff": "2026-08-22T14:00Z",
    "status": "WAITING_FOR_OFFICIAL_XI",
    "snapshot_id": null
  },
  {
    "event_id": "401880318",
    "home": "West Ham",
    "away": "Charlton",
    "kickoff": "2026-08-22T14:00Z",
    "status": "WAITING_FOR_OFFICIAL_XI",
    "snapshot_id": null
  },
  {
    "event_id": "401880317",
    "home": "Wrexham",
    "away": "Watford",
    "kickoff": "2026-08-22T14:00Z",
    "status": "WAITING_FOR_OFFICIAL_XI",
    "snapshot_id": null
  }
]
[
  {
    "event_id": "401880328",
    "home": "Birmingham",
    "away": "Bristol City",
    "kickoff": "2026-08-22T11:30Z",
    "status": "WAITING_FOR_OFFICIAL_XI",
    "snapshot_id": null
  },
  {
    "event_id": "401880325",
    "home": "Lincoln",
    "away": "Portsmouth",
    "kickoff": "2026-08-22T11:30Z",
    "status": "WAITING_FOR_OFFICIAL_XI",
    "snapshot_id": null
  },
  {
    "event_id": "401880324",
    "home": "Millwall",
    "away": "Norwich",
    "kickoff": "2026-08-22T11:30Z",
    "status": "WAITING_FOR_OFFICIAL_XI",
    "snapshot_id": null
  },
  {
    "event_id": "401880327",
    "home": "Blackburn",
    "away": "Middlesbrough",
    "kickoff": "2026-08-22T14:00Z",
    "status": "WAITING_FOR_OFFICIAL_XI",
    "snapshot_id": null
  },
  {
    "event_id": "401880326",
    "home": "Derby",
    "away": "Cardiff",
    "kickoff": "2026-08-22T14:00Z",
    "status": "WAITING_FOR_OFFICIAL_XI",
    "snapshot_id": null
  },
  {
    "event_id": "401880323",
    "home": "Preston",
    "away": "Wolves",
    "kickoff": "2026-08-22T14:00Z",
    "status": "WAITING_FOR_OFFICIAL_XI",
    "snapshot_id": null
  },
  {
    "event_id": "401880322",
    "home": "QPR",
    "away": "Bolton",
    "kickoff": "2026-08-22T14:00Z",
    "status": "WAITING_FOR_OFFICIAL_XI",
    "snapshot_id": null
  },
  {
    "event_id": "401880321",
    "home": "Southampton",
    "away": "Stoke",
    "kickoff": "2026-08-22T14:00Z",
    "status": "WAITING_FOR_OFFICIAL_XI",
    "snapshot_id": null
  },
  {
    "event_id": "401880320",
    "home": "Swansea",
    "away": "Sheffield United",
    "kickoff": "2026-08-22T14:00Z",
    "status": "WAITING_FOR_OFFICIAL_XI",
    "snapshot_id": null
  },
  {
    "event_id": "401880318",
    "home": "West Ham",
    "away": "Charlton",
    "kickoff": "2026-08-22T14:00Z",
    "status": "WAITING_FOR_OFFICIAL_XI",
    "snapshot_id": null
  },
  {
    "event_id": "401880317",
    "home": "Wrexham",
    "away": "Watford",
    "kickoff": "2026-08-22T14:00Z",
    "status": "WAITING_FOR_OFFICIAL_XI",
    "snapshot_id": null
  }
]
[
  {
    "event_id": "401880328",
    "home": "Birmingham",
    "away": "Bristol City",
    "kickoff": "2026-08-22T11:30Z",
    "status": "WAITING_FOR_OFFICIAL_XI",
    "snapshot_id": null
  },
  {
    "event_id": "401880325",
    "home": "Lincoln",
    "away": "Portsmouth",
    "kickoff": "2026-08-22T11:30Z",
    "status": "WAITING_FOR_OFFICIAL_XI",
    "snapshot_id": null
  },
  {
    "event_id": "401880324",
    "home": "Millwall",
    "away": "Norwich",
    "kickoff": "2026-08-22T11:30Z",
    "status": "WAITING_FOR_OFFICIAL_XI",
    "snapshot_id": null
  },
  {
    "event_id": "401880327",
    "home": "Blackburn",
    "away": "Middlesbrough",
    "kickoff": "2026-08-22T14:00Z",
    "status": "WAITING_FOR_OFFICIAL_XI",
    "snapshot_id": null
  },
  {
    "event_id": "401880326",
    "home": "Derby",
    "away": "Cardiff",
    "kickoff": "2026-08-22T14:00Z",
    "status": "WAITING_FOR_OFFICIAL_XI",
    "snapshot_id": null
  },
  {
    "event_id": "401880323",
    "home": "Preston",
    "away": "Wolves",
    "kickoff": "2026-08-22T14:00Z",
    "status": "WAITING_FOR_OFFICIAL_XI",
    "snapshot_id": null
  },
  {
    "event_id": "401880322",
    "home": "QPR",
    "away": "Bolton",
    "kickoff": "2026-08-22T14:00Z",
    "status": "WAITING_FOR_OFFICIAL_XI",
    "snapshot_id": null
  },
  {
    "event_id": "401880321",
    "home": "Southampton",
    "away": "Stoke",
    "kickoff": "2026-08-22T14:00Z",
    "status": "WAITING_FOR_OFFICIAL_XI",
    "snapshot_id": null
  },
  {
    "event_id": "401880320",
    "home": "Swansea",
    "away": "Sheffield United",
    "kickoff": "2026-08-22T14:00Z",
    "status": "WAITING_FOR_OFFICIAL_XI",
    "snapshot_id": null
  },
  {
    "event_id": "401880318",
    "home": "West Ham",
    "away": "Charlton",
    "kickoff": "2026-08-22T14:00Z",
    "status": "WAITING_FOR_OFFICIAL_XI",
    "snapshot_id": null
  },
  {
    "event_id": "401880317",
    "home": "Wrexham",
    "away": "Watford",
    "kickoff": "2026-08-22T14:00Z",
    "status": "WAITING_FOR_OFFICIAL_XI",
    "snapshot_id": null
  }
]
[
  {
    "event_id": "401880328",
    "home": "Birmingham",
    "away": "Bristol City",
    "kickoff": "2026-08-22T11:30Z",
    "status": "WAITING_FOR_OFFICIAL_XI",
    "snapshot_id": null
  },
  {
    "event_id": "401880325",
    "home": "Lincoln",
    "away": "Portsmouth",
    "kickoff": "2026-08-22T11:30Z",
    "status": "WAITING_FOR_OFFICIAL_XI",
    "snapshot_id": null
  },
  {
    "event_id": "401880324",
    "home": "Millwall",
    "away": "Norwich",
    "kickoff": "2026-08-22T11:30Z",
    "status": "WAITING_FOR_OFFICIAL_XI",
    "snapshot_id": null
  },
  {
    "event_id": "401880327",
    "home": "Blackburn",
    "away": "Middlesbrough",
    "kickoff": "2026-08-22T14:00Z",
    "status": "WAITING_FOR_OFFICIAL_XI",
    "snapshot_id": null
  },
  {
    "event_id": "401880326",
    "home": "Derby",
    "away": "Cardiff",
    "kickoff": "2026-08-22T14:00Z",
    "status": "WAITING_FOR_OFFICIAL_XI",
    "snapshot_id": null
  },
  {
    "event_id": "401880323",
    "home": "Preston",
    "away": "Wolves",
    "kickoff": "2026-08-22T14:00Z",
    "status": "WAITING_FOR_OFFICIAL_XI",
    "snapshot_id": null
  },
  {
    "event_id": "401880322",
    "home": "QPR",
    "away": "Bolton",
    "kickoff": "2026-08-22T14:00Z",
    "status": "WAITING_FOR_OFFICIAL_XI",
    "snapshot_id": null
  },
  {
    "event_id": "401880321",
    "home": "Southampton",
    "away": "Stoke",
    "kickoff": "2026-08-22T14:00Z",
    "status": "WAITING_FOR_OFFICIAL_XI",
    "snapshot_id": null
  },
  {
    "event_id": "401880320",
    "home": "Swansea",
    "away": "Sheffield United",
    "kickoff": "2026-08-22T14:00Z",
    "status": "WAITING_FOR_OFFICIAL_XI",
    "snapshot_id": null
  },
  {
    "event_id": "401880318",
    "home": "West Ham",
    "away": "Charlton",
    "kickoff": "2026-08-22T14:00Z",
    "status": "WAITING_FOR_OFFICIAL_XI",
    "snapshot_id": null
  },
  {
    "event_id": "401880317",
    "home": "Wrexham",
    "away": "Watford",
    "kickoff": "2026-08-22T14:00Z",
    "status": "WAITING_FOR_OFFICIAL_XI",
    "snapshot_id": null
  }
]
[
  {
    "event_id": "401880328",
    "home": "Birmingham",
    "away": "Bristol City",
    "kickoff": "2026-08-22T11:30Z",
    "status": "WAITING_FOR_OFFICIAL_XI",
    "snapshot_id": null
  },
  {
    "event_id": "401880325",
    "home": "Lincoln",
    "away": "Portsmouth",
    "kickoff": "2026-08-22T11:30Z",
    "status": "WAITING_FOR_OFFICIAL_XI",
    "snapshot_id": null
  },
  {
    "event_id": "401880324",
    "home": "Millwall",
    "away": "Norwich",
    "kickoff": "2026-08-22T11:30Z",
    "status": "WAITING_FOR_OFFICIAL_XI",
    "snapshot_id": null
  },
  {
    "event_id": "401880327",
    "home": "Blackburn",
    "away": "Middlesbrough",
    "kickoff": "2026-08-22T14:00Z",
    "status": "WAITING_FOR_OFFICIAL_XI",
    "snapshot_id": null
  },
  {
    "event_id": "401880326",
    "home": "Derby",
    "away": "Cardiff",
    "kickoff": "2026-08-22T14:00Z",
    "status": "WAITING_FOR_OFFICIAL_XI",
    "snapshot_id": null
  },
  {
    "event_id": "401880323",
    "home": "Preston",
    "away": "Wolves",
    "kickoff": "2026-08-22T14:00Z",
    "status": "WAITING_FOR_OFFICIAL_XI",
    "snapshot_id": null
  },
  {
    "event_id": "401880322",
    "home": "QPR",
    "away": "Bolton",
    "kickoff": "2026-08-22T14:00Z",
    "status": "WAITING_FOR_OFFICIAL_XI",
    "snapshot_id": null
  },
  {
    "event_id": "401880321",
    "home": "Southampton",
    "away": "Stoke",
    "kickoff": "2026-08-22T14:00Z",
    "status": "WAITING_FOR_OFFICIAL_XI",
    "snapshot_id": null
  },
  {
    "event_id": "401880320",
    "home": "Swansea",
    "away": "Sheffield United",
    "kickoff": "2026-08-22T14:00Z",
    "status": "WAITING_FOR_OFFICIAL_XI",
    "snapshot_id": null
  },
  {
    "event_id": "401880318",
    "home": "West Ham",
    "away": "Charlton",
    "kickoff": "2026-08-22T14:00Z",
    "status": "WAITING_FOR_OFFICIAL_XI",
    "snapshot_id": null
  },
  {
    "event_id": "401880317",
    "home": "Wrexham",
    "away": "Watford",
    "kickoff": "2026-08-22T14:00Z",
    "status": "WAITING_FOR_OFFICIAL_XI",
    "snapshot_id": null
  }
]
[
  {
    "event_id": "401880328",
    "home": "Birmingham",
    "away": "Bristol City",
    "kickoff": "2026-08-22T11:30Z",
    "status": "WAITING_FOR_OFFICIAL_XI",
    "snapshot_id": null
  },
  {
    "event_id": "401880325",
    "home": "Lincoln",
    "away": "Portsmouth",
    "kickoff": "2026-08-22T11:30Z",
    "status": "WAITING_FOR_OFFICIAL_XI",
    "snapshot_id": null
  },
  {
    "event_id": "401880324",
    "home": "Millwall",
    "away": "Norwich",
    "kickoff": "2026-08-22T11:30Z",
    "status": "WAITING_FOR_OFFICIAL_XI",
    "snapshot_id": null
  },
  {
    "event_id": "401880327",
    "home": "Blackburn",
    "away": "Middlesbrough",
    "kickoff": "2026-08-22T14:00Z",
    "status": "WAITING_FOR_OFFICIAL_XI",
    "snapshot_id": null
  },
  {
    "event_id": "401880326",
    "home": "Derby",
    "away": "Cardiff",
    "kickoff": "2026-08-22T14:00Z",
    "status": "WAITING_FOR_OFFICIAL_XI",
    "snapshot_id": null
  },
  {
    "event_id": "401880323",
    "home": "Preston",
    "away": "Wolves",
    "kickoff": "2026-08-22T14:00Z",
    "status": "WAITING_FOR_OFFICIAL_XI",
    "snapshot_id": null
  },
  {
    "event_id": "401880322",
    "home": "QPR",
    "away": "Bolton",
    "kickoff": "2026-08-22T14:00Z",
    "status": "WAITING_FOR_OFFICIAL_XI",
    "snapshot_id": null
  },
  {
    "event_id": "401880321",
    "home": "Southampton",
    "away": "Stoke",
    "kickoff": "2026-08-22T14:00Z",
    "status": "WAITING_FOR_OFFICIAL_XI",
    "snapshot_id": null
  },
  {
    "event_id": "401880320",
    "home": "Swansea",
    "away": "Sheffield United",
    "kickoff": "2026-08-22T14:00Z",
    "status": "WAITING_FOR_OFFICIAL_XI",
    "snapshot_id": null
  },
  {
    "event_id": "401880318",
    "home": "West Ham",
    "away": "Charlton",
    "kickoff": "2026-08-22T14:00Z",
    "status": "WAITING_FOR_OFFICIAL_XI",
    "snapshot_id": null
  },
  {
    "event_id": "401880317",
    "home": "Wrexham",
    "away": "Watford",
    "kickoff": "2026-08-22T14:00Z",
    "status": "WAITING_FOR_OFFICIAL_XI",
    "snapshot_id": null
  }
]
[
  {
    "event_id": "401880328",
    "home": "Birmingham",
    "away": "Bristol City",
    "kickoff": "2026-08-22T11:30Z",
    "status": "WAITING_FOR_OFFICIAL_XI",
    "snapshot_id": null
  },
  {
    "event_id": "401880325",
    "home": "Lincoln",
    "away": "Portsmouth",
    "kickoff": "2026-08-22T11:30Z",
    "status": "WAITING_FOR_OFFICIAL_XI",
    "snapshot_id": null
  },
  {
    "event_id": "401880324",
    "home": "Millwall",
    "away": "Norwich",
    "kickoff": "2026-08-22T11:30Z",
    "status": "WAITING_FOR_OFFICIAL_XI",
    "snapshot_id": null
  },
  {
    "event_id": "401880327",
    "home": "Blackburn",
    "away": "Middlesbrough",
    "kickoff": "2026-08-22T14:00Z",
    "status": "WAITING_FOR_OFFICIAL_XI",
    "snapshot_id": null
  },
  {
    "event_id": "401880326",
    "home": "Derby",
    "away": "Cardiff",
    "kickoff": "2026-08-22T14:00Z",
    "status": "WAITING_FOR_OFFICIAL_XI",
    "snapshot_id": null
  },
  {
    "event_id": "401880323",
    "home": "Preston",
    "away": "Wolves",
    "kickoff": "2026-08-22T14:00Z",
    "status": "WAITING_FOR_OFFICIAL_XI",
    "snapshot_id": null
  },
  {
    "event_id": "401880322",
    "home": "QPR",
    "away": "Bolton",
    "kickoff": "2026-08-22T14:00Z",
    "status": "WAITING_FOR_OFFICIAL_XI",
    "snapshot_id": null
  },
  {
    "event_id": "401880321",
    "home": "Southampton",
    "away": "Stoke",
    "kickoff": "2026-08-22T14:00Z",
    "status": "WAITING_FOR_OFFICIAL_XI",
    "snapshot_id": null
  },
  {
    "event_id": "401880320",
    "home": "Swansea",
    "away": "Sheffield United",
    "kickoff": "2026-08-22T14:00Z",
    "status": "WAITING_FOR_OFFICIAL_XI",
    "snapshot_id": null
  },
  {
    "event_id": "401880318",
    "home": "West Ham",
    "away": "Charlton",
    "kickoff": "2026-08-22T14:00Z",
    "status": "WAITING_FOR_OFFICIAL_XI",
    "snapshot_id": null
  },
  {
    "event_id": "401880317",
    "home": "Wrexham",
    "away": "Watford",
    "kickoff": "2026-08-22T14:00Z",
    "status": "WAITING_FOR_OFFICIAL_XI",
    "snapshot_id": null
  }
]
[
  {
    "event_id": "401880328",
    "home": "Birmingham",
    "away": "Bristol City",
    "kickoff": "2026-08-22T11:30Z",
    "status": "WAITING_FOR_OFFICIAL_XI",
    "snapshot_id": null
  },
  {
    "event_id": "401880325",
    "home": "Lincoln",
    "away": "Portsmouth",
    "kickoff": "2026-08-22T11:30Z",
    "status": "WAITING_FOR_OFFICIAL_XI",
    "snapshot_id": null
  },
  {
    "event_id": "401880324",
    "home": "Millwall",
    "away": "Norwich",
    "kickoff": "2026-08-22T11:30Z",
    "status": "WAITING_FOR_OFFICIAL_XI",
    "snapshot_id": null
  },
  {
    "event_id": "401880327",
    "home": "Blackburn",
    "away": "Middlesbrough",
    "kickoff": "2026-08-22T14:00Z",
    "status": "WAITING_FOR_OFFICIAL_XI",
    "snapshot_id": null
  },
  {
    "event_id": "401880326",
    "home": "Derby",
    "away": "Cardiff",
    "kickoff": "2026-08-22T14:00Z",
    "status": "WAITING_FOR_OFFICIAL_XI",
    "snapshot_id": null
  },
  {
    "event_id": "401880323",
    "home": "Preston",
    "away": "Wolves",
    "kickoff": "2026-08-22T14:00Z",
    "status": "WAITING_FOR_OFFICIAL_XI",
    "snapshot_id": null
  },
  {
    "event_id": "401880322",
    "home": "QPR",
    "away": "Bolton",
    "kickoff": "2026-08-22T14:00Z",
    "status": "WAITING_FOR_OFFICIAL_XI",
    "snapshot_id": null
  },
  {
    "event_id": "401880321",
    "home": "Southampton",
    "away": "Stoke",
    "kickoff": "2026-08-22T14:00Z",
    "status": "WAITING_FOR_OFFICIAL_XI",
    "snapshot_id": null
  },
  {
    "event_id": "401880320",
    "home": "Swansea",
    "away": "Sheffield United",
    "kickoff": "2026-08-22T14:00Z",
    "status": "WAITING_FOR_OFFICIAL_XI",
    "snapshot_id": null
  },
  {
    "event_id": "401880318",
    "home": "West Ham",
    "away": "Charlton",
    "kickoff": "2026-08-22T14:00Z",
    "status": "WAITING_FOR_OFFICIAL_XI",
    "snapshot_id": null
  },
  {
    "event_id": "401880317",
    "home": "Wrexham",
    "away": "Watford",
    "kickoff": "2026-08-22T14:00Z",
    "status": "WAITING_FOR_OFFICIAL_XI",
    "snapshot_id": null
  }
]
[
  {
    "event_id": "401880328",
    "home": "Birmingham",
    "away": "Bristol City",
    "kickoff": "2026-08-22T11:30Z",
    "status": "WAITING_FOR_OFFICIAL_XI",
    "snapshot_id": null
  },
  {
    "event_id": "401880325",
    "home": "Lincoln",
    "away": "Portsmouth",
    "kickoff": "2026-08-22T11:30Z",
    "status": "WAITING_FOR_OFFICIAL_XI",
    "snapshot_id": null
  },
  {
    "event_id": "401880324",
    "home": "Millwall",
    "away": "Norwich",
    "kickoff": "2026-08-22T11:30Z",
    "status": "WAITING_FOR_OFFICIAL_XI",
    "snapshot_id": null
  },
  {
    "event_id": "401880327",
    "home": "Blackburn",
    "away": "Middlesbrough",
    "kickoff": "2026-08-22T14:00Z",
    "status": "WAITING_FOR_OFFICIAL_XI",
    "snapshot_id": null
  },
  {
    "event_id": "401880326",
    "home": "Derby",
    "away": "Cardiff",
    "kickoff": "2026-08-22T14:00Z",
    "status": "WAITING_FOR_OFFICIAL_XI",
    "snapshot_id": null
  },
  {
    "event_id": "401880323",
    "home": "Preston",
    "away": "Wolves",
    "kickoff": "2026-08-22T14:00Z",
    "status": "WAITING_FOR_OFFICIAL_XI",
    "snapshot_id": null
  },
  {
    "event_id": "401880322",
    "home": "QPR",
    "away": "Bolton",
    "kickoff": "2026-08-22T14:00Z",
    "status": "WAITING_FOR_OFFICIAL_XI",
    "snapshot_id": null
  },
  {
    "event_id": "401880321",
    "home": "Southampton",
    "away": "Stoke",
    "kickoff": "2026-08-22T14:00Z",
    "status": "WAITING_FOR_OFFICIAL_XI",
    "snapshot_id": null
  },
  {
    "event_id": "401880320",
    "home": "Swansea",
    "away": "Sheffield United",
    "kickoff": "2026-08-22T14:00Z",
    "status": "WAITING_FOR_OFFICIAL_XI",
    "snapshot_id": null
  },
  {
    "event_id": "401880318",
    "home": "West Ham",
    "away": "Charlton",
    "kickoff": "2026-08-22T14:00Z",
    "status": "WAITING_FOR_OFFICIAL_XI",
    "snapshot_id": null
  },
  {
    "event_id": "401880317",
    "home": "Wrexham",
    "away": "Watford",
    "kickoff": "2026-08-22T14:00Z",
    "status": "WAITING_FOR_OFFICIAL_XI",
    "snapshot_id": null
  }
]
[
  {
    "event_id": "401880328",
    "home": "Birmingham",
    "away": "Bristol City",
    "kickoff": "2026-08-22T11:30Z",
    "status": "WAITING_FOR_OFFICIAL_XI",
    "snapshot_id": null
  },
  {
    "event_id": "401880325",
    "home": "Lincoln",
    "away": "Portsmouth",
    "kickoff": "2026-08-22T11:30Z",
    "status": "WAITING_FOR_OFFICIAL_XI",
    "snapshot_id": null
  },
  {
    "event_id": "401880324",
    "home": "Millwall",
    "away": "Norwich",
    "kickoff": "2026-08-22T11:30Z",
    "status": "WAITING_FOR_OFFICIAL_XI",
    "snapshot_id": null
  },
  {
    "event_id": "401880327",
    "home": "Blackburn",
    "away": "Middlesbrough",
    "kickoff": "2026-08-22T14:00Z",
    "status": "WAITING_FOR_OFFICIAL_XI",
    "snapshot_id": null
  },
  {
    "event_id": "401880326",
    "home": "Derby",
    "away": "Cardiff",
    "kickoff": "2026-08-22T14:00Z",
    "status": "WAITING_FOR_OFFICIAL_XI",
    "snapshot_id": null
  },
  {
    "event_id": "401880323",
    "home": "Preston",
    "away": "Wolves",
    "kickoff": "2026-08-22T14:00Z",
    "status": "WAITING_FOR_OFFICIAL_XI",
    "snapshot_id": null
  },
  {
    "event_id": "401880322",
    "home": "QPR",
    "away": "Bolton",
    "kickoff": "2026-08-22T14:00Z",
    "status": "WAITING_FOR_OFFICIAL_XI",
    "snapshot_id": null
  },
  {
    "event_id": "401880321",
    "home": "Southampton",
    "away": "Stoke",
    "kickoff": "2026-08-22T14:00Z",
    "status": "WAITING_FOR_OFFICIAL_XI",
    "snapshot_id": null
  },
  {
    "event_id": "401880320",
    "home": "Swansea",
    "away": "Sheffield United",
    "kickoff": "2026-08-22T14:00Z",
    "status": "WAITING_FOR_OFFICIAL_XI",
    "snapshot_id": null
  },
  {
    "event_id": "401880318",
    "home": "West Ham",
    "away": "Charlton",
    "kickoff": "2026-08-22T14:00Z",
    "status": "WAITING_FOR_OFFICIAL_XI",
    "snapshot_id": null
  },
  {
    "event_id": "401880317",
    "home": "Wrexham",
    "away": "Watford",
    "kickoff": "2026-08-22T14:00Z",
    "status": "WAITING_FOR_OFFICIAL_XI",
    "snapshot_id": null
  }
]
[
  {
    "event_id": "401880328",
    "home": "Birmingham",
    "away": "Bristol City",
    "kickoff": "2026-08-22T11:30Z",
    "status": "WAITING_FOR_OFFICIAL_XI",
    "snapshot_id": null
  },
  {
    "event_id": "401880325",
    "home": "Lincoln",
    "away": "Portsmouth",
    "kickoff": "2026-08-22T11:30Z",
    "status": "WAITING_FOR_OFFICIAL_XI",
    "snapshot_id": null
  },
  {
    "event_id": "401880324",
    "home": "Millwall",
    "away": "Norwich",
    "kickoff": "2026-08-22T11:30Z",
    "status": "WAITING_FOR_OFFICIAL_XI",
    "snapshot_id": null
  },
  {
    "event_id": "401880327",
    "home": "Blackburn",
    "away": "Middlesbrough",
    "kickoff": "2026-08-22T14:00Z",
    "status": "WAITING_FOR_OFFICIAL_XI",
    "snapshot_id": null
  },
  {
    "event_id": "401880326",
    "home": "Derby",
    "away": "Cardiff",
    "kickoff": "2026-08-22T14:00Z",
    "status": "WAITING_FOR_OFFICIAL_XI",
    "snapshot_id": null
  },
  {
    "event_id": "401880323",
    "home": "Preston",
    "away": "Wolves",
    "kickoff": "2026-08-22T14:00Z",
    "status": "WAITING_FOR_OFFICIAL_XI",
    "snapshot_id": null
  },
  {
    "event_id": "401880322",
    "home": "QPR",
    "away": "Bolton",
    "kickoff": "2026-08-22T14:00Z",
    "status": "WAITING_FOR_OFFICIAL_XI",
    "snapshot_id": null
  },
  {
    "event_id": "401880321",
    "home": "Southampton",
    "away": "Stoke",
    "kickoff": "2026-08-22T14:00Z",
    "status": "WAITING_FOR_OFFICIAL_XI",
    "snapshot_id": null
  },
  {
    "event_id": "401880320",
    "home": "Swansea",
    "away": "Sheffield United",
    "kickoff": "2026-08-22T14:00Z",
    "status": "WAITING_FOR_OFFICIAL_XI",
    "snapshot_id": null
  },
  {
    "event_id": "401880318",
    "home": "West Ham",
    "away": "Charlton",
    "kickoff": "2026-08-22T14:00Z",
    "status": "WAITING_FOR_OFFICIAL_XI",
    "snapshot_id": null
  },
  {
    "event_id": "401880317",
    "home": "Wrexham",
    "away": "Watford",
    "kickoff": "2026-08-22T14:00Z",
    "status": "WAITING_FOR_OFFICIAL_XI",
    "snapshot_id": null
  }
]
[
  {
    "event_id": "401880328",
    "home": "Birmingham",
    "away": "Bristol City",
    "kickoff": "2026-08-22T11:30Z",
    "status": "WAITING_FOR_OFFICIAL_XI",
    "snapshot_id": null
  },
  {
    "event_id": "401880325",
    "home": "Lincoln",
    "away": "Portsmouth",
    "kickoff": "2026-08-22T11:30Z",
    "status": "WAITING_FOR_OFFICIAL_XI",
    "snapshot_id": null
  },
  {
    "event_id": "401880324",
    "home": "Millwall",
    "away": "Norwich",
    "kickoff": "2026-08-22T11:30Z",
    "status": "WAITING_FOR_OFFICIAL_XI",
    "snapshot_id": null
  },
  {
    "event_id": "401880327",
    "home": "Blackburn",
    "away": "Middlesbrough",
    "kickoff": "2026-08-22T14:00Z",
    "status": "WAITING_FOR_OFFICIAL_XI",
    "snapshot_id": null
  },
  {
    "event_id": "401880326",
    "home": "Derby",
    "away": "Cardiff",
    "kickoff": "2026-08-22T14:00Z",
    "status": "WAITING_FOR_OFFICIAL_XI",
    "snapshot_id": null
  },
  {
    "event_id": "401880323",
    "home": "Preston",
    "away": "Wolves",
    "kickoff": "2026-08-22T14:00Z",
    "status": "WAITING_FOR_OFFICIAL_XI",
    "snapshot_id": null
  },
  {
    "event_id": "401880322",
    "home": "QPR",
    "away": "Bolton",
    "kickoff": "2026-08-22T14:00Z",
    "status": "WAITING_FOR_OFFICIAL_XI",
    "snapshot_id": null
  },
  {
    "event_id": "401880321",
    "home": "Southampton",
    "away": "Stoke",
    "kickoff": "2026-08-22T14:00Z",
    "status": "WAITING_FOR_OFFICIAL_XI",
    "snapshot_id": null
  },
  {
    "event_id": "401880320",
    "home": "Swansea",
    "away": "Sheffield United",
    "kickoff": "2026-08-22T14:00Z",
    "status": "WAITING_FOR_OFFICIAL_XI",
    "snapshot_id": null
  },
  {
    "event_id": "401880318",
    "home": "West Ham",
    "away": "Charlton",
    "kickoff": "2026-08-22T14:00Z",
    "status": "WAITING_FOR_OFFICIAL_XI",
    "snapshot_id": null
  },
  {
    "event_id": "401880317",
    "home": "Wrexham",
    "away": "Watford",
    "kickoff": "2026-08-22T14:00Z",
    "status": "WAITING_FOR_OFFICIAL_XI",
    "snapshot_id": null
  }
]
[
  {
    "event_id": "401880328",
    "home": "Birmingham",
    "away": "Bristol City",
    "kickoff": "2026-08-22T11:30Z",
    "status": "WAITING_FOR_OFFICIAL_XI",
    "snapshot_id": null
  },
  {
    "event_id": "401880325",
    "home": "Lincoln",
    "away": "Portsmouth",
    "kickoff": "2026-08-22T11:30Z",
    "status": "WAITING_FOR_OFFICIAL_XI",
    "snapshot_id": null
  },
  {
    "event_id": "401880324",
    "home": "Millwall",
    "away": "Norwich",
    "kickoff": "2026-08-22T11:30Z",
    "status": "WAITING_FOR_OFFICIAL_XI",
    "snapshot_id": null
  },
  {
    "event_id": "401880327",
    "home": "Blackburn",
    "away": "Middlesbrough",
    "kickoff": "2026-08-22T14:00Z",
    "status": "WAITING_FOR_OFFICIAL_XI",
    "snapshot_id": null
  },
  {
    "event_id": "401880326",
    "home": "Derby",
    "away": "Cardiff",
    "kickoff": "2026-08-22T14:00Z",
    "status": "WAITING_FOR_OFFICIAL_XI",
    "snapshot_id": null
  },
  {
    "event_id": "401880323",
    "home": "Preston",
    "away": "Wolves",
    "kickoff": "2026-08-22T14:00Z",
    "status": "WAITING_FOR_OFFICIAL_XI",
    "snapshot_id": null
  },
  {
    "event_id": "401880322",
    "home": "QPR",
    "away": "Bolton",
    "kickoff": "2026-08-22T14:00Z",
    "status": "WAITING_FOR_OFFICIAL_XI",
    "snapshot_id": null
  },
  {
    "event_id": "401880321",
    "home": "Southampton",
    "away": "Stoke",
    "kickoff": "2026-08-22T14:00Z",
    "status": "WAITING_FOR_OFFICIAL_XI",
    "snapshot_id": null
  },
  {
    "event_id": "401880320",
    "home": "Swansea",
    "away": "Sheffield United",
    "kickoff": "2026-08-22T14:00Z",
    "status": "WAITING_FOR_OFFICIAL_XI",
    "snapshot_id": null
  },
  {
    "event_id": "401880318",
    "home": "West Ham",
    "away": "Charlton",
    "kickoff": "2026-08-22T14:00Z",
    "status": "WAITING_FOR_OFFICIAL_XI",
    "snapshot_id": null
  },
  {
    "event_id": "401880317",
    "home": "Wrexham",
    "away": "Watford",
    "kickoff": "2026-08-22T14:00Z",
    "status": "WAITING_FOR_OFFICIAL_XI",
    "snapshot_id": null
  }
]
[
  {
    "event_id": "401880328",
    "home": "Birmingham",
    "away": "Bristol City",
    "kickoff": "2026-08-22T11:30Z",
    "status": "FINAL_XI_FROZEN",
    "snapshot_id": 1
  },
  {
    "event_id": "401880325",
    "home": "Lincoln",
    "away": "Portsmouth",
    "kickoff": "2026-08-22T11:30Z",
    "status": "FINAL_XI_FROZEN",
    "snapshot_id": 2
  },
  {
    "event_id": "401880324",
    "home": "Millwall",
    "away": "Norwich",
    "kickoff": "2026-08-22T11:30Z",
    "status": "FINAL_XI_FROZEN",
    "snapshot_id": 3
  },
  {
    "event_id": "401880327",
    "home": "Blackburn",
    "away": "Middlesbrough",
    "kickoff": "2026-08-22T14:00Z",
    "status": "WAITING_FOR_OFFICIAL_XI",
    "snapshot_id": null
  },
  {
    "event_id": "401880326",
    "home": "Derby",
    "away": "Cardiff",
    "kickoff": "2026-08-22T14:00Z",
    "status": "WAITING_FOR_OFFICIAL_XI",
    "snapshot_id": null
  },
  {
    "event_id": "401880323",
    "home": "Preston",
    "away": "Wolves",
    "kickoff": "2026-08-22T14:00Z",
    "status": "WAITING_FOR_OFFICIAL_XI",
    "snapshot_id": null
  },
  {
    "event_id": "401880322",
    "home": "QPR",
    "away": "Bolton",
    "kickoff": "2026-08-22T14:00Z",
    "status": "WAITING_FOR_OFFICIAL_XI",
    "snapshot_id": null
  },
  {
    "event_id": "401880321",
    "home": "Southampton",
    "away": "Stoke",
    "kickoff": "2026-08-22T14:00Z",
    "status": "WAITING_FOR_OFFICIAL_XI",
    "snapshot_id": null
  },
  {
    "event_id": "401880320",
    "home": "Swansea",
    "away": "Sheffield United",
    "kickoff": "2026-08-22T14:00Z",
    "status": "WAITING_FOR_OFFICIAL_XI",
    "snapshot_id": null
  },
  {
    "event_id": "401880318",
    "home": "West Ham",
    "away": "Charlton",
    "kickoff": "2026-08-22T14:00Z",
    "status": "WAITING_FOR_OFFICIAL_XI",
    "snapshot_id": null
  },
  {
    "event_id": "401880317",
    "home": "Wrexham",
    "away": "Watford",
    "kickoff": "2026-08-22T14:00Z",
    "status": "WAITING_FOR_OFFICIAL_XI",
    "snapshot_id": null
  }
]
[
  {
    "event_id": "401880328",
    "home": "Birmingham",
    "away": "Bristol City",
    "kickoff": "2026-08-22T11:30Z",
    "status": "FINAL_XI_ALREADY_FROZEN",
    "snapshot_id": null
  },
  {
    "event_id": "401880325",
    "home": "Lincoln",
    "away": "Portsmouth",
    "kickoff": "2026-08-22T11:30Z",
    "status": "FINAL_XI_ALREADY_FROZEN",
    "snapshot_id": null
  },
  {
    "event_id": "401880324",
    "home": "Millwall",
    "away": "Norwich",
    "kickoff": "2026-08-22T11:30Z",
    "status": "FINAL_XI_ALREADY_FROZEN",
    "snapshot_id": null
  },
  {
    "event_id": "401880327",
    "home": "Blackburn",
    "away": "Middlesbrough",
    "kickoff": "2026-08-22T14:00Z",
    "status": "WAITING_FOR_OFFICIAL_XI",
    "snapshot_id": null
  },
  {
    "event_id": "401880326",
    "home": "Derby",
    "away": "Cardiff",
    "kickoff": "2026-08-22T14:00Z",
    "status": "WAITING_FOR_OFFICIAL_XI",
    "snapshot_id": null
  },
  {
    "event_id": "401880323",
    "home": "Preston",
    "away": "Wolves",
    "kickoff": "2026-08-22T14:00Z",
    "status": "WAITING_FOR_OFFICIAL_XI",
    "snapshot_id": null
  },
  {
    "event_id": "401880322",
    "home": "QPR",
    "away": "Bolton",
    "kickoff": "2026-08-22T14:00Z",
    "status": "WAITING_FOR_OFFICIAL_XI",
    "snapshot_id": null
  },
  {
    "event_id": "401880321",
    "home": "Southampton",
    "away": "Stoke",
    "kickoff": "2026-08-22T14:00Z",
    "status": "WAITING_FOR_OFFICIAL_XI",
    "snapshot_id": null
  },
  {
    "event_id": "401880320",
    "home": "Swansea",
    "away": "Sheffield United",
    "kickoff": "2026-08-22T14:00Z",
    "status": "WAITING_FOR_OFFICIAL_XI",
    "snapshot_id": null
  },
  {
    "event_id": "401880318",
    "home": "West Ham",
    "away": "Charlton",
    "kickoff": "2026-08-22T14:00Z",
    "status": "WAITING_FOR_OFFICIAL_XI",
    "snapshot_id": null
  },
  {
    "event_id": "401880317",
    "home": "Wrexham",
    "away": "Watford",
    "kickoff": "2026-08-22T14:00Z",
    "status": "WAITING_FOR_OFFICIAL_XI",
    "snapshot_id": null
  }
]
[
  {
    "event_id": "401880328",
    "home": "Birmingham",
    "away": "Bristol City",
    "kickoff": "2026-08-22T11:30Z",
    "status": "FINAL_XI_ALREADY_FROZEN",
    "snapshot_id": null
  },
  {
    "event_id": "401880325",
    "home": "Lincoln",
    "away": "Portsmouth",
    "kickoff": "2026-08-22T11:30Z",
    "status": "FINAL_XI_ALREADY_FROZEN",
    "snapshot_id": null
  },
  {
    "event_id": "401880324",
    "home": "Millwall",
    "away": "Norwich",
    "kickoff": "2026-08-22T11:30Z",
    "status": "FINAL_XI_ALREADY_FROZEN",
    "snapshot_id": null
  },
  {
    "event_id": "401880327",
    "home": "Blackburn",
    "away": "Middlesbrough",
    "kickoff": "2026-08-22T14:00Z",
    "status": "WAITING_FOR_OFFICIAL_XI",
    "snapshot_id": null
  },
  {
    "event_id": "401880326",
    "home": "Derby",
    "away": "Cardiff",
    "kickoff": "2026-08-22T14:00Z",
    "status": "WAITING_FOR_OFFICIAL_XI",
    "snapshot_id": null
  },
  {
    "event_id": "401880323",
    "home": "Preston",
    "away": "Wolves",
    "kickoff": "2026-08-22T14:00Z",
    "status": "WAITING_FOR_OFFICIAL_XI",
    "snapshot_id": null
  },
  {
    "event_id": "401880322",
    "home": "QPR",
    "away": "Bolton",
    "kickoff": "2026-08-22T14:00Z",
    "status": "WAITING_FOR_OFFICIAL_XI",
    "snapshot_id": null
  },
  {
    "event_id": "401880321",
    "home": "Southampton",
    "away": "Stoke",
    "kickoff": "2026-08-22T14:00Z",
    "status": "WAITING_FOR_OFFICIAL_XI",
    "snapshot_id": null
  },
  {
    "event_id": "401880320",
    "home": "Swansea",
    "away": "Sheffield United",
    "kickoff": "2026-08-22T14:00Z",
    "status": "WAITING_FOR_OFFICIAL_XI",
    "snapshot_id": null
  },
  {
    "event_id": "401880318",
    "home": "West Ham",
    "away": "Charlton",
    "kickoff": "2026-08-22T14:00Z",
    "status": "WAITING_FOR_OFFICIAL_XI",
    "snapshot_id": null
  },
  {
    "event_id": "401880317",
    "home": "Wrexham",
    "away": "Watford",
    "kickoff": "2026-08-22T14:00Z",
    "status": "WAITING_FOR_OFFICIAL_XI",
    "snapshot_id": null
  }
]
[
  {
    "event_id": "401880328",
    "home": "Birmingham",
    "away": "Bristol City",
    "kickoff": "2026-08-22T11:30Z",
    "status": "FINAL_XI_ALREADY_FROZEN",
    "snapshot_id": null
  },
  {
    "event_id": "401880325",
    "home": "Lincoln",
    "away": "Portsmouth",
    "kickoff": "2026-08-22T11:30Z",
    "status": "FINAL_XI_ALREADY_FROZEN",
    "snapshot_id": null
  },
  {
    "event_id": "401880324",
    "home": "Millwall",
    "away": "Norwich",
    "kickoff": "2026-08-22T11:30Z",
    "status": "FINAL_XI_ALREADY_FROZEN",
    "snapshot_id": null
  },
  {
    "event_id": "401880327",
    "home": "Blackburn",
    "away": "Middlesbrough",
    "kickoff": "2026-08-22T14:00Z",
    "status": "WAITING_FOR_OFFICIAL_XI",
    "snapshot_id": null
  },
  {
    "event_id": "401880326",
    "home": "Derby",
    "away": "Cardiff",
    "kickoff": "2026-08-22T14:00Z",
    "status": "WAITING_FOR_OFFICIAL_XI",
    "snapshot_id": null
  },
  {
    "event_id": "401880323",
    "home": "Preston",
    "away": "Wolves",
    "kickoff": "2026-08-22T14:00Z",
    "status": "WAITING_FOR_OFFICIAL_XI",
    "snapshot_id": null
  },
  {
    "event_id": "401880322",
    "home": "QPR",
    "away": "Bolton",
    "kickoff": "2026-08-22T14:00Z",
    "status": "WAITING_FOR_OFFICIAL_XI",
    "snapshot_id": null
  },
  {
    "event_id": "401880321",
    "home": "Southampton",
    "away": "Stoke",
    "kickoff": "2026-08-22T14:00Z",
    "status": "WAITING_FOR_OFFICIAL_XI",
    "snapshot_id": null
  },
  {
    "event_id": "401880320",
    "home": "Swansea",
    "away": "Sheffield United",
    "kickoff": "2026-08-22T14:00Z",
    "status": "WAITING_FOR_OFFICIAL_XI",
    "snapshot_id": null
  },
  {
    "event_id": "401880318",
    "home": "West Ham",
    "away": "Charlton",
    "kickoff": "2026-08-22T14:00Z",
    "status": "WAITING_FOR_OFFICIAL_XI",
    "snapshot_id": null
  },
  {
    "event_id": "401880317",
    "home": "Wrexham",
    "away": "Watford",
    "kickoff": "2026-08-22T14:00Z",
    "status": "WAITING_FOR_OFFICIAL_XI",
    "snapshot_id": null
  }
]
[
  {
    "event_id": "401880328",
    "home": "Birmingham",
    "away": "Bristol City",
    "kickoff": "2026-08-22T11:30Z",
    "status": "FINAL_XI_ALREADY_FROZEN",
    "snapshot_id": null
  },
  {
    "event_id": "401880325",
    "home": "Lincoln",
    "away": "Portsmouth",
    "kickoff": "2026-08-22T11:30Z",
    "status": "FINAL_XI_ALREADY_FROZEN",
    "snapshot_id": null
  },
  {
    "event_id": "401880324",
    "home": "Millwall",
    "away": "Norwich",
    "kickoff": "2026-08-22T11:30Z",
    "status": "FINAL_XI_ALREADY_FROZEN",
    "snapshot_id": null
  },
  {
    "event_id": "401880327",
    "home": "Blackburn",
    "away": "Middlesbrough",
    "kickoff": "2026-08-22T14:00Z",
    "status": "FINAL_XI_FROZEN",
    "snapshot_id": 4
  },
  {
    "event_id": "401880326",
    "home": "Derby",
    "away": "Cardiff",
    "kickoff": "2026-08-22T14:00Z",
    "status": "FINAL_XI_FROZEN",
    "snapshot_id": 5
  },
  {
    "event_id": "401880323",
    "home": "Preston",
    "away": "Wolves",
    "kickoff": "2026-08-22T14:00Z",
    "status": "FINAL_XI_FROZEN",
    "snapshot_id": 6
  },
  {
    "event_id": "401880322",
    "home": "QPR",
    "away": "Bolton",
    "kickoff": "2026-08-22T14:00Z",
    "status": "FINAL_XI_FROZEN",
    "snapshot_id": 7
  },
  {
    "event_id": "401880321",
    "home": "Southampton",
    "away": "Stoke",
    "kickoff": "2026-08-22T14:00Z",
    "status": "FINAL_XI_FROZEN",
    "snapshot_id": 8
  },
  {
    "event_id": "401880320",
    "home": "Swansea",
    "away": "Sheffield United",
    "kickoff": "2026-08-22T14:00Z",
    "status": "FINAL_XI_FROZEN",
    "snapshot_id": 9
  },
  {
    "event_id": "401880318",
    "home": "West Ham",
    "away": "Charlton",
    "kickoff": "2026-08-22T14:00Z",
    "status": "FINAL_XI_FROZEN",
    "snapshot_id": 10
  },
  {
    "event_id": "401880317",
    "home": "Wrexham",
    "away": "Watford",
    "kickoff": "2026-08-22T14:00Z",
    "status": "FINAL_XI_FROZEN",
    "snapshot_id": 11
  }
]
[
  {
    "event_id": "401880328",
    "home": "Birmingham",
    "away": "Bristol City",
    "kickoff": "2026-08-22T11:30Z",
    "status": "FINAL_XI_ALREADY_FROZEN",
    "snapshot_id": null
  },
  {
    "event_id": "401880325",
    "home": "Lincoln",
    "away": "Portsmouth",
    "kickoff": "2026-08-22T11:30Z",
    "status": "FINAL_XI_ALREADY_FROZEN",
    "snapshot_id": null
  },
  {
    "event_id": "401880324",
    "home": "Millwall",
    "away": "Norwich",
    "kickoff": "2026-08-22T11:30Z",
    "status": "FINAL_XI_ALREADY_FROZEN",
    "snapshot_id": null
  },
  {
    "event_id": "401880327",
    "home": "Blackburn",
    "away": "Middlesbrough",
    "kickoff": "2026-08-22T14:00Z",
    "status": "FINAL_XI_ALREADY_FROZEN",
    "snapshot_id": null
  },
  {
    "event_id": "401880326",
    "home": "Derby",
    "away": "Cardiff",
    "kickoff": "2026-08-22T14:00Z",
    "status": "FINAL_XI_ALREADY_FROZEN",
    "snapshot_id": null
  },
  {
    "event_id": "401880323",
    "home": "Preston",
    "away": "Wolves",
    "kickoff": "2026-08-22T14:00Z",
    "status": "FINAL_XI_ALREADY_FROZEN",
    "snapshot_id": null
  },
  {
    "event_id": "401880322",
    "home": "QPR",
    "away": "Bolton",
    "kickoff": "2026-08-22T14:00Z",
    "status": "FINAL_XI_ALREADY_FROZEN",
    "snapshot_id": null
  },
  {
    "event_id": "401880321",
    "home": "Southampton",
    "away": "Stoke",
    "kickoff": "2026-08-22T14:00Z",
    "status": "FINAL_XI_ALREADY_FROZEN",
    "snapshot_id": null
  },
  {
    "event_id": "401880320",
    "home": "Swansea",
    "away": "Sheffield United",
    "kickoff": "2026-08-22T14:00Z",
    "status": "FINAL_XI_ALREADY_FROZEN",
    "snapshot_id": null
  },
  {
    "event_id": "401880318",
    "home": "West Ham",
    "away": "Charlton",
    "kickoff": "2026-08-22T14:00Z",
    "status": "FINAL_XI_ALREADY_FROZEN",
    "snapshot_id": null
  },
  {
    "event_id": "401880317",
    "home": "Wrexham",
    "away": "Watford",
    "kickoff": "2026-08-22T14:00Z",
    "status": "FINAL_XI_ALREADY_FROZEN",
    "snapshot_id": null
  }
]
[
  {
    "event_id": "401880328",
    "home": "Birmingham",
    "away": "Bristol City",
    "kickoff": "2026-08-22T11:30Z",
    "status": "FINAL_XI_ALREADY_FROZEN",
    "snapshot_id": null
  },
  {
    "event_id": "401880325",
    "home": "Lincoln",
    "away": "Portsmouth",
    "kickoff": "2026-08-22T11:30Z",
    "status": "FINAL_XI_ALREADY_FROZEN",
    "snapshot_id": null
  },
  {
    "event_id": "401880324",
    "home": "Millwall",
    "away": "Norwich",
    "kickoff": "2026-08-22T11:30Z",
    "status": "FINAL_XI_ALREADY_FROZEN",
    "snapshot_id": null
  },
  {
    "event_id": "401880327",
    "home": "Blackburn",
    "away": "Middlesbrough",
    "kickoff": "2026-08-22T14:00Z",
    "status": "FINAL_XI_ALREADY_FROZEN",
    "snapshot_id": null
  },
  {
    "event_id": "401880326",
    "home": "Derby",
    "away": "Cardiff",
    "kickoff": "2026-08-22T14:00Z",
    "status": "FINAL_XI_ALREADY_FROZEN",
    "snapshot_id": null
  },
  {
    "event_id": "401880323",
    "home": "Preston",
    "away": "Wolves",
    "kickoff": "2026-08-22T14:00Z",
    "status": "FINAL_XI_ALREADY_FROZEN",
    "snapshot_id": null
  },
  {
    "event_id": "401880322",
    "home": "QPR",
    "away": "Bolton",
    "kickoff": "2026-08-22T14:00Z",
    "status": "FINAL_XI_ALREADY_FROZEN",
    "snapshot_id": null
  },
  {
    "event_id": "401880321",
    "home": "Southampton",
    "away": "Stoke",
    "kickoff": "2026-08-22T14:00Z",
    "status": "FINAL_XI_ALREADY_FROZEN",
    "snapshot_id": null
  },
  {
    "event_id": "401880320",
    "home": "Swansea",
    "away": "Sheffield United",
    "kickoff": "2026-08-22T14:00Z",
    "status": "FINAL_XI_ALREADY_FROZEN",
    "snapshot_id": null
  },
  {
    "event_id": "401880318",
    "home": "West Ham",
    "away": "Charlton",
    "kickoff": "2026-08-22T14:00Z",
    "status": "FINAL_XI_ALREADY_FROZEN",
    "snapshot_id": null
  },
  {
    "event_id": "401880317",
    "home": "Wrexham",
    "away": "Watford",
    "kickoff": "2026-08-22T14:00Z",
    "status": "FINAL_XI_ALREADY_FROZEN",
    "snapshot_id": null
  }
]
[
  {
    "event_id": "401880328",
    "home": "Birmingham",
    "away": "Bristol City",
    "kickoff": "2026-08-22T11:30Z",
    "status": "FINAL_XI_ALREADY_FROZEN",
    "snapshot_id": null
  },
  {
    "event_id": "401880325",
    "home": "Lincoln",
    "away": "Portsmouth",
    "kickoff": "2026-08-22T11:30Z",
    "status": "FINAL_XI_ALREADY_FROZEN",
    "snapshot_id": null
  },
  {
    "event_id": "401880324",
    "home": "Millwall",
    "away": "Norwich",
    "kickoff": "2026-08-22T11:30Z",
    "status": "FINAL_XI_ALREADY_FROZEN",
    "snapshot_id": null
  },
  {
    "event_id": "401880327",
    "home": "Blackburn",
    "away": "Middlesbrough",
    "kickoff": "2026-08-22T14:00Z",
    "status": "FINAL_XI_ALREADY_FROZEN",
    "snapshot_id": null
  },
  {
    "event_id": "401880326",
    "home": "Derby",
    "away": "Cardiff",
    "kickoff": "2026-08-22T14:00Z",
    "status": "FINAL_XI_ALREADY_FROZEN",
    "snapshot_id": null
  },
  {
    "event_id": "401880323",
    "home": "Preston",
    "away": "Wolves",
    "kickoff": "2026-08-22T14:00Z",
    "status": "FINAL_XI_ALREADY_FROZEN",
    "snapshot_id": null
  },
  {
    "event_id": "401880322",
    "home": "QPR",
    "away": "Bolton",
    "kickoff": "2026-08-22T14:00Z",
    "status": "FINAL_XI_ALREADY_FROZEN",
    "snapshot_id": null
  },
  {
    "event_id": "401880321",
    "home": "Southampton",
    "away": "Stoke",
    "kickoff": "2026-08-22T14:00Z",
    "status": "FINAL_XI_ALREADY_FROZEN",
    "snapshot_id": null
  },
  {
    "event_id": "401880320",
    "home": "Swansea",
    "away": "Sheffield United",
    "kickoff": "2026-08-22T14:00Z",
    "status": "FINAL_XI_ALREADY_FROZEN",
    "snapshot_id": null
  },
  {
    "event_id": "401880318",
    "home": "West Ham",
    "away": "Charlton",
    "kickoff": "2026-08-22T14:00Z",
    "status": "FINAL_XI_ALREADY_FROZEN",
    "snapshot_id": null
  },
  {
    "event_id": "401880317",
    "home": "Wrexham",
    "away": "Watford",
    "kickoff": "2026-08-22T14:00Z",
    "status": "FINAL_XI_ALREADY_FROZEN",
    "snapshot_id": null
  }
]
[
  {
    "event_id": "401880328",
    "home": "Birmingham",
    "away": "Bristol City",
    "kickoff": "2026-08-22T11:30Z",
    "status": "FINAL_XI_ALREADY_FROZEN",
    "snapshot_id": null
  },
  {
    "event_id": "401880325",
    "home": "Lincoln",
    "away": "Portsmouth",
    "kickoff": "2026-08-22T11:30Z",
    "status": "FINAL_XI_ALREADY_FROZEN",
    "snapshot_id": null
  },
  {
    "event_id": "401880324",
    "home": "Millwall",
    "away": "Norwich",
    "kickoff": "2026-08-22T11:30Z",
    "status": "FINAL_XI_ALREADY_FROZEN",
    "snapshot_id": null
  },
  {
    "event_id": "401880327",
    "home": "Blackburn",
    "away": "Middlesbrough",
    "kickoff": "2026-08-22T14:00Z",
    "status": "FINAL_XI_ALREADY_FROZEN",
    "snapshot_id": null
  },
  {
    "event_id": "401880326",
    "home": "Derby",
    "away": "Cardiff",
    "kickoff": "2026-08-22T14:00Z",
    "status": "FINAL_XI_ALREADY_FROZEN",
    "snapshot_id": null
  },
  {
    "event_id": "401880323",
    "home": "Preston",
    "away": "Wolves",
    "kickoff": "2026-08-22T14:00Z",
    "status": "FINAL_XI_ALREADY_FROZEN",
    "snapshot_id": null
  },
  {
    "event_id": "401880322",
    "home": "QPR",
    "away": "Bolton",
    "kickoff": "2026-08-22T14:00Z",
    "status": "FINAL_XI_ALREADY_FROZEN",
    "snapshot_id": null
  },
  {
    "event_id": "401880321",
    "home": "Southampton",
    "away": "Stoke",
    "kickoff": "2026-08-22T14:00Z",
    "status": "FINAL_XI_ALREADY_FROZEN",
    "snapshot_id": null
  },
  {
    "event_id": "401880320",
    "home": "Swansea",
    "away": "Sheffield United",
    "kickoff": "2026-08-22T14:00Z",
    "status": "FINAL_XI_ALREADY_FROZEN",
    "snapshot_id": null
  },
  {
    "event_id": "401880318",
    "home": "West Ham",
    "away": "Charlton",
    "kickoff": "2026-08-22T14:00Z",
    "status": "FINAL_XI_ALREADY_FROZEN",
    "snapshot_id": null
  },
  {
    "event_id": "401880317",
    "home": "Wrexham",
    "away": "Watford",
    "kickoff": "2026-08-22T14:00Z",
    "status": "FINAL_XI_ALREADY_FROZEN",
    "snapshot_id": null
  }
]
[
  {
    "event_id": "401880328",
    "home": "Birmingham",
    "away": "Bristol City",
    "kickoff": "2026-08-22T11:30Z",
    "status": "FINAL_XI_ALREADY_FROZEN",
    "snapshot_id": null
  },
  {
    "event_id": "401880325",
    "home": "Lincoln",
    "away": "Portsmouth",
    "kickoff": "2026-08-22T11:30Z",
    "status": "FINAL_XI_ALREADY_FROZEN",
    "snapshot_id": null
  },
  {
    "event_id": "401880324",
    "home": "Millwall",
    "away": "Norwich",
    "kickoff": "2026-08-22T11:30Z",
    "status": "FINAL_XI_ALREADY_FROZEN",
    "snapshot_id": null
  },
  {
    "event_id": "401880327",
    "home": "Blackburn",
    "away": "Middlesbrough",
    "kickoff": "2026-08-22T14:00Z",
    "status": "FINAL_XI_ALREADY_FROZEN",
    "snapshot_id": null
  },
  {
    "event_id": "401880326",
    "home": "Derby",
    "away": "Cardiff",
    "kickoff": "2026-08-22T14:00Z",
    "status": "FINAL_XI_ALREADY_FROZEN",
    "snapshot_id": null
  },
  {
    "event_id": "401880323",
    "home": "Preston",
    "away": "Wolves",
    "kickoff": "2026-08-22T14:00Z",
    "status": "FINAL_XI_ALREADY_FROZEN",
    "snapshot_id": null
  },
  {
    "event_id": "401880322",
    "home": "QPR",
    "away": "Bolton",
    "kickoff": "2026-08-22T14:00Z",
    "status": "FINAL_XI_ALREADY_FROZEN",
    "snapshot_id": null
  },
  {
    "event_id": "401880321",
    "home": "Southampton",
    "away": "Stoke",
    "kickoff": "2026-08-22T14:00Z",
    "status": "FINAL_XI_ALREADY_FROZEN",
    "snapshot_id": null
  },
  {
    "event_id": "401880320",
    "home": "Swansea",
    "away": "Sheffield United",
    "kickoff": "2026-08-22T14:00Z",
    "status": "FINAL_XI_ALREADY_FROZEN",
    "snapshot_id": null
  },
  {
    "event_id": "401880318",
    "home": "West Ham",
    "away": "Charlton",
    "kickoff": "2026-08-22T14:00Z",
    "status": "FINAL_XI_ALREADY_FROZEN",
    "snapshot_id": null
  },
  {
    "event_id": "401880317",
    "home": "Wrexham",
    "away": "Watford",
    "kickoff": "2026-08-22T14:00Z",
    "status": "FINAL_XI_ALREADY_FROZEN",
    "snapshot_id": null
  }
]
[
  {
    "event_id": "401880328",
    "home": "Birmingham",
    "away": "Bristol City",
    "kickoff": "2026-08-22T11:30Z",
    "status": "FINAL_XI_ALREADY_FROZEN",
    "snapshot_id": null
  },
  {
    "event_id": "401880325",
    "home": "Lincoln",
    "away": "Portsmouth",
    "kickoff": "2026-08-22T11:30Z",
    "status": "FINAL_XI_ALREADY_FROZEN",
    "snapshot_id": null
  },
  {
    "event_id": "401880324",
    "home": "Millwall",
    "away": "Norwich",
    "kickoff": "2026-08-22T11:30Z",
    "status": "FINAL_XI_ALREADY_FROZEN",
    "snapshot_id": null
  },
  {
    "event_id": "401880327",
    "home": "Blackburn",
    "away": "Middlesbrough",
    "kickoff": "2026-08-22T14:00Z",
    "status": "FINAL_XI_ALREADY_FROZEN",
    "snapshot_id": null
  },
  {
    "event_id": "401880326",
    "home": "Derby",
    "away": "Cardiff",
    "kickoff": "2026-08-22T14:00Z",
    "status": "FINAL_XI_ALREADY_FROZEN",
    "snapshot_id": null
  },
  {
    "event_id": "401880323",
    "home": "Preston",
    "away": "Wolves",
    "kickoff": "2026-08-22T14:00Z",
    "status": "FINAL_XI_ALREADY_FROZEN",
    "snapshot_id": null
  },
  {
    "event_id": "401880322",
    "home": "QPR",
    "away": "Bolton",
    "kickoff": "2026-08-22T14:00Z",
    "status": "FINAL_XI_ALREADY_FROZEN",
    "snapshot_id": null
  },
  {
    "event_id": "401880321",
    "home": "Southampton",
    "away": "Stoke",
    "kickoff": "2026-08-22T14:00Z",
    "status": "FINAL_XI_ALREADY_FROZEN",
    "snapshot_id": null
  },
  {
    "event_id": "401880320",
    "home": "Swansea",
    "away": "Sheffield United",
    "kickoff": "2026-08-22T14:00Z",
    "status": "FINAL_XI_ALREADY_FROZEN",
    "snapshot_id": null
  },
  {
    "event_id": "401880318",
    "home": "West Ham",
    "away": "Charlton",
    "kickoff": "2026-08-22T14:00Z",
    "status": "FINAL_XI_ALREADY_FROZEN",
    "snapshot_id": null
  },
  {
    "event_id": "401880317",
    "home": "Wrexham",
    "away": "Watford",
    "kickoff": "2026-08-22T14:00Z",
    "status": "FINAL_XI_ALREADY_FROZEN",
    "snapshot_id": null
  }
]
[
  {
    "event_id": "401880328",
    "home": "Birmingham",
    "away": "Bristol City",
    "kickoff": "2026-08-22T11:30Z",
    "status": "FINAL_XI_ALREADY_FROZEN",
    "snapshot_id": null
  },
  {
    "event_id": "401880325",
    "home": "Lincoln",
    "away": "Portsmouth",
    "kickoff": "2026-08-22T11:30Z",
    "status": "FINAL_XI_ALREADY_FROZEN",
    "snapshot_id": null
  },
  {
    "event_id": "401880324",
    "home": "Millwall",
    "away": "Norwich",
    "kickoff": "2026-08-22T11:30Z",
    "status": "FINAL_XI_ALREADY_FROZEN",
    "snapshot_id": null
  },
  {
    "event_id": "401880327",
    "home": "Blackburn",
    "away": "Middlesbrough",
    "kickoff": "2026-08-22T14:00Z",
    "status": "FINAL_XI_ALREADY_FROZEN",
    "snapshot_id": null
  },
  {
    "event_id": "401880326",
    "home": "Derby",
    "away": "Cardiff",
    "kickoff": "2026-08-22T14:00Z",
    "status": "FINAL_XI_ALREADY_FROZEN",
    "snapshot_id": null
  },
  {
    "event_id": "401880323",
    "home": "Preston",
    "away": "Wolves",
    "kickoff": "2026-08-22T14:00Z",
    "status": "FINAL_XI_ALREADY_FROZEN",
    "snapshot_id": null
  },
  {
    "event_id": "401880322",
    "home": "QPR",
    "away": "Bolton",
    "kickoff": "2026-08-22T14:00Z",
    "status": "FINAL_XI_ALREADY_FROZEN",
    "snapshot_id": null
  },
  {
    "event_id": "401880321",
    "home": "Southampton",
    "away": "Stoke",
    "kickoff": "2026-08-22T14:00Z",
    "status": "FINAL_XI_ALREADY_FROZEN",
    "snapshot_id": null
  },
  {
    "event_id": "401880320",
    "home": "Swansea",
    "away": "Sheffield United",
    "kickoff": "2026-08-22T14:00Z",
    "status": "FINAL_XI_ALREADY_FROZEN",
    "snapshot_id": null
  },
  {
    "event_id": "401880318",
    "home": "West Ham",
    "away": "Charlton",
    "kickoff": "2026-08-22T14:00Z",
    "status": "FINAL_XI_ALREADY_FROZEN",
    "snapshot_id": null
  },
  {
    "event_id": "401880317",
    "home": "Wrexham",
    "away": "Watford",
    "kickoff": "2026-08-22T14:00Z",
    "status": "FINAL_XI_ALREADY_FROZEN",
    "snapshot_id": null
  }
]
[
  {
    "event_id": "401880328",
    "home": "Birmingham",
    "away": "Bristol City",
    "kickoff": "2026-08-22T11:30Z",
    "status": "FINAL_XI_ALREADY_FROZEN",
    "snapshot_id": null
  },
  {
    "event_id": "401880325",
    "home": "Lincoln",
    "away": "Portsmouth",
    "kickoff": "2026-08-22T11:30Z",
    "status": "FINAL_XI_ALREADY_FROZEN",
    "snapshot_id": null
  },
  {
    "event_id": "401880324",
    "home": "Millwall",
    "away": "Norwich",
    "kickoff": "2026-08-22T11:30Z",
    "status": "FINAL_XI_ALREADY_FROZEN",
    "snapshot_id": null
  },
  {
    "event_id": "401880327",
    "home": "Blackburn",
    "away": "Middlesbrough",
    "kickoff": "2026-08-22T14:00Z",
    "status": "FINAL_XI_ALREADY_FROZEN",
    "snapshot_id": null
  },
  {
    "event_id": "401880326",
    "home": "Derby",
    "away": "Cardiff",
    "kickoff": "2026-08-22T14:00Z",
    "status": "FINAL_XI_ALREADY_FROZEN",
    "snapshot_id": null
  },
  {
    "event_id": "401880323",
    "home": "Preston",
    "away": "Wolves",
    "kickoff": "2026-08-22T14:00Z",
    "status": "FINAL_XI_ALREADY_FROZEN",
    "snapshot_id": null
  },
  {
    "event_id": "401880322",
    "home": "QPR",
    "away": "Bolton",
    "kickoff": "2026-08-22T14:00Z",
    "status": "FINAL_XI_ALREADY_FROZEN",
    "snapshot_id": null
  },
  {
    "event_id": "401880321",
    "home": "Southampton",
    "away": "Stoke",
    "kickoff": "2026-08-22T14:00Z",
    "status": "FINAL_XI_ALREADY_FROZEN",
    "snapshot_id": null
  },
  {
    "event_id": "401880320",
    "home": "Swansea",
    "away": "Sheffield United",
    "kickoff": "2026-08-22T14:00Z",
    "status": "FINAL_XI_ALREADY_FROZEN",
    "snapshot_id": null
  },
  {
    "event_id": "401880318",
    "home": "West Ham",
    "away": "Charlton",
    "kickoff": "2026-08-22T14:00Z",
    "status": "FINAL_XI_ALREADY_FROZEN",
    "snapshot_id": null
  },
  {
    "event_id": "401880317",
    "home": "Wrexham",
    "away": "Watford",
    "kickoff": "2026-08-22T14:00Z",
    "status": "FINAL_XI_ALREADY_FROZEN",
    "snapshot_id": null
  }
]
[
  {
    "event_id": "401880328",
    "home": "Birmingham",
    "away": "Bristol City",
    "kickoff": "2026-08-22T11:30Z",
    "status": "FINAL_XI_ALREADY_FROZEN",
    "snapshot_id": null
  },
  {
    "event_id": "401880325",
    "home": "Lincoln",
    "away": "Portsmouth",
    "kickoff": "2026-08-22T11:30Z",
    "status": "FINAL_XI_ALREADY_FROZEN",
    "snapshot_id": null
  },
  {
    "event_id": "401880324",
    "home": "Millwall",
    "away": "Norwich",
    "kickoff": "2026-08-22T11:30Z",
    "status": "FINAL_XI_ALREADY_FROZEN",
    "snapshot_id": null
  },
  {
    "event_id": "401880327",
    "home": "Blackburn",
    "away": "Middlesbrough",
    "kickoff": "2026-08-22T14:00Z",
    "status": "FINAL_XI_ALREADY_FROZEN",
    "snapshot_id": null
  },
  {
    "event_id": "401880326",
    "home": "Derby",
    "away": "Cardiff",
    "kickoff": "2026-08-22T14:00Z",
    "status": "FINAL_XI_ALREADY_FROZEN",
    "snapshot_id": null
  },
  {
    "event_id": "401880323",
    "home": "Preston",
    "away": "Wolves",
    "kickoff": "2026-08-22T14:00Z",
    "status": "FINAL_XI_ALREADY_FROZEN",
    "snapshot_id": null
  },
  {
    "event_id": "401880322",
    "home": "QPR",
    "away": "Bolton",
    "kickoff": "2026-08-22T14:00Z",
    "status": "FINAL_XI_ALREADY_FROZEN",
    "snapshot_id": null
  },
  {
    "event_id": "401880321",
    "home": "Southampton",
    "away": "Stoke",
    "kickoff": "2026-08-22T14:00Z",
    "status": "FINAL_XI_ALREADY_FROZEN",
    "snapshot_id": null
  },
  {
    "event_id": "401880320",
    "home": "Swansea",
    "away": "Sheffield United",
    "kickoff": "2026-08-22T14:00Z",
    "status": "FINAL_XI_ALREADY_FROZEN",
    "snapshot_id": null
  },
  {
    "event_id": "401880318",
    "home": "West Ham",
    "away": "Charlton",
    "kickoff": "2026-08-22T14:00Z",
    "status": "FINAL_XI_ALREADY_FROZEN",
    "snapshot_id": null
  },
  {
    "event_id": "401880317",
    "home": "Wrexham",
    "away": "Watford",
    "kickoff": "2026-08-22T14:00Z",
    "status": "FINAL_XI_ALREADY_FROZEN",
    "snapshot_id": null
  }
]
[
  {
    "event_id": "401880319",
    "home": "West Brom",
    "away": "Burnley",
    "kickoff": "2026-08-23T11:00Z",
    "status": "WAITING_FOR_OFFICIAL_XI",
    "snapshot_id": null
  }
]
[
  {
    "event_id": "401880319",
    "home": "West Brom",
    "away": "Burnley",
    "kickoff": "2026-08-23T11:00Z",
    "status": "WAITING_FOR_OFFICIAL_XI",
    "snapshot_id": null
  }
]
[
  {
    "event_id": "401880319",
    "home": "West Brom",
    "away": "Burnley",
    "kickoff": "2026-08-23T11:00Z",
    "status": "WAITING_FOR_OFFICIAL_XI",
    "snapshot_id": null
  }
]
[
  {
    "event_id": "401880319",
    "home": "West Brom",
    "away": "Burnley",
    "kickoff": "2026-08-23T11:00Z",
    "status": "WAITING_FOR_OFFICIAL_XI",
    "snapshot_id": null
  }
]
[
  {
    "event_id": "401880319",
    "home": "West Brom",
    "away": "Burnley",
    "kickoff": "2026-08-23T11:00Z",
    "status": "WAITING_FOR_OFFICIAL_XI",
    "snapshot_id": null
  }
]
[
  {
    "event_id": "401880319",
    "home": "West Brom",
    "away": "Burnley",
    "kickoff": "2026-08-23T11:00Z",
    "status": "WAITING_FOR_OFFICIAL_XI",
    "snapshot_id": null
  }
]
[
  {
    "event_id": "401880319",
    "home": "West Brom",
    "away": "Burnley",
    "kickoff": "2026-08-23T11:00Z",
    "status": "WAITING_FOR_OFFICIAL_XI",
    "snapshot_id": null
  }
]
[
  {
    "event_id": "401880319",
    "home": "West Brom",
    "away": "Burnley",
    "kickoff": "2026-08-23T11:00Z",
    "status": "WAITING_FOR_OFFICIAL_XI",
    "snapshot_id": null
  }
]
[
  {
    "event_id": "401880319",
    "home": "West Brom",
    "away": "Burnley",
    "kickoff": "2026-08-23T11:00Z",
    "status": "WAITING_FOR_OFFICIAL_XI",
    "snapshot_id": null
  }
]
[
  {
    "event_id": "401880319",
    "home": "West Brom",
    "away": "Burnley",
    "kickoff": "2026-08-23T11:00Z",
    "status": "WAITING_FOR_OFFICIAL_XI",
    "snapshot_id": null
  }
]
[
  {
    "event_id": "401880319",
    "home": "West Brom",
    "away": "Burnley",
    "kickoff": "2026-08-23T11:00Z",
    "status": "WAITING_FOR_OFFICIAL_XI",
    "snapshot_id": null
  }
]
[
  {
    "event_id": "401880319",
    "home": "West Brom",
    "away": "Burnley",
    "kickoff": "2026-08-23T11:00Z",
    "status": "WAITING_FOR_OFFICIAL_XI",
    "snapshot_id": null
  }
]
[
  {
    "event_id": "401880319",
    "home": "West Brom",
    "away": "Burnley",
    "kickoff": "2026-08-23T11:00Z",
    "status": "NOT_FROZEN:snapshot cutoff cannot be after kickoff",
    "snapshot_id": null
  }
]
[]
[]
[]
[
  {
    "event_id": "401880305",
    "home": "Wrexham",
    "away": "Birmingham",
    "kickoff": "2026-08-28T19:00Z",
    "status": "WAITING_FOR_OFFICIAL_XI",
    "snapshot_id": null
  }
]
[
  {
    "event_id": "401880305",
    "home": "Wrexham",
    "away": "Birmingham",
    "kickoff": "2026-08-28T19:00Z",
    "status": "WAITING_FOR_OFFICIAL_XI",
    "snapshot_id": null
  }
]
[
  {
    "event_id": "401880311",
    "home": "Derby",
    "away": "Swansea",
    "kickoff": "2026-08-29T11:30Z",
    "status": "WAITING_FOR_OFFICIAL_XI",
    "snapshot_id": null
  },
  {
    "event_id": "401880310",
    "home": "Middlesbrough",
    "away": "West Brom",
    "kickoff": "2026-08-29T11:30Z",
    "status": "WAITING_FOR_OFFICIAL_XI",
    "snapshot_id": null
  },
  {
    "event_id": "401880306",
    "home": "Wolves",
    "away": "Stoke",
    "kickoff": "2026-08-29T11:30Z",
    "status": "WAITING_FOR_OFFICIAL_XI",
    "snapshot_id": null
  },
  {
    "event_id": "401880316",
    "home": "Blackburn",
    "away": "QPR",
    "kickoff": "2026-08-29T14:00Z",
    "status": "WAITING_FOR_OFFICIAL_XI",
    "snapshot_id": null
  },
  {
    "event_id": "401880315",
    "home": "Bolton",
    "away": "Lincoln",
    "kickoff": "2026-08-29T14:00Z",
    "status": "WAITING_FOR_OFFICIAL_XI",
    "snapshot_id": null
  },
  {
    "event_id": "401880314",
    "home": "Bristol City",
    "away": "Portsmouth",
    "kickoff": "2026-08-29T14:00Z",
    "status": "WAITING_FOR_OFFICIAL_XI",
    "snapshot_id": null
  },
  {
    "event_id": "401880313",
    "home": "Cardiff",
    "away": "Sheffield United",
    "kickoff": "2026-08-29T14:00Z",
    "status": "WAITING_FOR_OFFICIAL_XI",
    "snapshot_id": null
  },
  {
    "event_id": "401880312",
    "home": "Charlton",
    "away": "Preston",
    "kickoff": "2026-08-29T14:00Z",
    "status": "WAITING_FOR_OFFICIAL_XI",
    "snapshot_id": null
  },
  {
    "event_id": "401880309",
    "home": "Norwich",
    "away": "Burnley",
    "kickoff": "2026-08-29T14:00Z",
    "status": "WAITING_FOR_OFFICIAL_XI",
    "snapshot_id": null
  },
  {
    "event_id": "401880308",
    "home": "Southampton",
    "away": "Millwall",
    "kickoff": "2026-08-29T14:00Z",
    "status": "WAITING_FOR_OFFICIAL_XI",
    "snapshot_id": null
  },
  {
    "event_id": "401880307",
    "home": "Watford",
    "away": "West Ham",
    "kickoff": "2026-08-29T14:00Z",
    "status": "WAITING_FOR_OFFICIAL_XI",
    "snapshot_id": null
  }
]
[]
[]
[
  {
    "event_id": "401880295",
    "home": "Millwall",
    "away": "Wrexham",
    "kickoff": "2026-09-02T18:45Z",
    "status": "WAITING_FOR_OFFICIAL_XI",
    "snapshot_id": null
  },
  {
    "event_id": "401880294",
    "home": "QPR",
    "away": "Cardiff",
    "kickoff": "2026-09-02T18:45Z",
    "status": "WAITING_FOR_OFFICIAL_XI",
    "snapshot_id": null
  },
  {
    "event_id": "401880293",
    "home": "West Brom",
    "away": "Charlton",
    "kickoff": "2026-09-02T18:45Z",
    "status": "WAITING_FOR_OFFICIAL_XI",
    "snapshot_id": null
  },
  {
    "event_id": "401880296",
    "home": "Burnley",
    "away": "Middlesbrough",
    "kickoff": "2026-09-02T19:00Z",
    "status": "WAITING_FOR_OFFICIAL_XI",
    "snapshot_id": null
  }
]
[
  {
    "event_id": "401880290",
    "home": "Lincoln",
    "away": "Southampton",
    "kickoff": "2026-09-05T11:30Z",
    "status": "WAITING_FOR_OFFICIAL_XI",
    "snapshot_id": null
  },
  {
    "event_id": "401880287",
    "home": "Preston",
    "away": "Blackburn",
    "kickoff": "2026-09-05T11:30Z",
    "status": "WAITING_FOR_OFFICIAL_XI",
    "snapshot_id": null
  },
  {
    "event_id": "401880284",
    "home": "Stoke",
    "away": "Charlton",
    "kickoff": "2026-09-05T11:30Z",
    "status": "WAITING_FOR_OFFICIAL_XI",
    "snapshot_id": null
  },
  {
    "event_id": "401880291",
    "home": "Burnley",
    "away": "Bristol City",
    "kickoff": "2026-09-05T14:00Z",
    "status": "WAITING_FOR_OFFICIAL_XI",
    "snapshot_id": null
  },
  {
    "event_id": "401880289",
    "home": "Millwall",
    "away": "Bolton",
    "kickoff": "2026-09-05T14:00Z",
    "status": "WAITING_FOR_OFFICIAL_XI",
    "snapshot_id": null
  },
  {
    "event_id": "401880288",
    "home": "Portsmouth",
    "away": "Cardiff",
    "kickoff": "2026-09-05T14:00Z",
    "status": "WAITING_FOR_OFFICIAL_XI",
    "snapshot_id": null
  },
  {
    "event_id": "401880286",
    "home": "QPR",
    "away": "Middlesbrough",
    "kickoff": "2026-09-05T14:00Z",
    "status": "WAITING_FOR_OFFICIAL_XI",
    "snapshot_id": null
  },
  {
    "event_id": "401880285",
    "home": "Sheffield United",
    "away": "Norwich",
    "kickoff": "2026-09-05T14:00Z",
    "status": "WAITING_FOR_OFFICIAL_XI",
    "snapshot_id": null
  },
  {
    "event_id": "401880282",
    "home": "West Brom",
    "away": "Watford",
    "kickoff": "2026-09-05T14:00Z",
    "status": "WAITING_FOR_OFFICIAL_XI",
    "snapshot_id": null
  },
  {
    "event_id": "401880281",
    "home": "West Ham",
    "away": "Derby",
    "kickoff": "2026-09-05T14:00Z",
    "status": "WAITING_FOR_OFFICIAL_XI",
    "snapshot_id": null
  },
  {
    "event_id": "401880283",
    "home": "Swansea",
    "away": "Wrexham",
    "kickoff": "2026-09-05T19:00Z",
    "status": "WAITING_FOR_OFFICIAL_XI",
    "snapshot_id": null
  }
]
[
  {
    "event_id": "401880290",
    "home": "Lincoln",
    "away": "Southampton",
    "kickoff": "2026-09-05T11:30Z",
    "status": "WAITING_FOR_OFFICIAL_XI",
    "snapshot_id": null
  },
  {
    "event_id": "401880287",
    "home": "Preston",
    "away": "Blackburn",
    "kickoff": "2026-09-05T11:30Z",
    "status": "WAITING_FOR_OFFICIAL_XI",
    "snapshot_id": null
  },
  {
    "event_id": "401880284",
    "home": "Stoke",
    "away": "Charlton",
    "kickoff": "2026-09-05T11:30Z",
    "status": "WAITING_FOR_OFFICIAL_XI",
    "snapshot_id": null
  },
  {
    "event_id": "401880291",
    "home": "Burnley",
    "away": "Bristol City",
    "kickoff": "2026-09-05T14:00Z",
    "status": "WAITING_FOR_OFFICIAL_XI",
    "snapshot_id": null
  },
  {
    "event_id": "401880289",
    "home": "Millwall",
    "away": "Bolton",
    "kickoff": "2026-09-05T14:00Z",
    "status": "WAITING_FOR_OFFICIAL_XI",
    "snapshot_id": null
  },
  {
    "event_id": "401880288",
    "home": "Portsmouth",
    "away": "Cardiff",
    "kickoff": "2026-09-05T14:00Z",
    "status": "WAITING_FOR_OFFICIAL_XI",
    "snapshot_id": null
  },
  {
    "event_id": "401880286",
    "home": "QPR",
    "away": "Middlesbrough",
    "kickoff": "2026-09-05T14:00Z",
    "status": "WAITING_FOR_OFFICIAL_XI",
    "snapshot_id": null
  },
  {
    "event_id": "401880285",
    "home": "Sheffield United",
    "away": "Norwich",
    "kickoff": "2026-09-05T14:00Z",
    "status": "WAITING_FOR_OFFICIAL_XI",
    "snapshot_id": null
  },
  {
    "event_id": "401880282",
    "home": "West Brom",
    "away": "Watford",
    "kickoff": "2026-09-05T14:00Z",
    "status": "WAITING_FOR_OFFICIAL_XI",
    "snapshot_id": null
  },
  {
    "event_id": "401880281",
    "home": "West Ham",
    "away": "Derby",
    "kickoff": "2026-09-05T14:00Z",
    "status": "WAITING_FOR_OFFICIAL_XI",
    "snapshot_id": null
  },
  {
    "event_id": "401880283",
    "home": "Swansea",
    "away": "Wrexham",
    "kickoff": "2026-09-05T19:00Z",
    "status": "WAITING_FOR_OFFICIAL_XI",
    "snapshot_id": null
  }
]
[
  {
    "event_id": "401880292",
    "home": "Birmingham",
    "away": "Wolves",
    "kickoff": "2026-09-06T11:00Z",
    "status": "WAITING_FOR_OFFICIAL_XI",
    "snapshot_id": null
  }
]
[]
[
  {
    "event_id": "401880276",
    "home": "Blackburn",
    "away": "Sheffield United",
    "kickoff": "2026-09-08T18:45Z",
    "status": "WAITING_FOR_OFFICIAL_XI",
    "snapshot_id": null
  },
  {
    "event_id": "401880273",
    "home": "Cardiff",
    "away": "Stoke",
    "kickoff": "2026-09-08T18:45Z",
    "status": "WAITING_FOR_OFFICIAL_XI",
    "snapshot_id": null
  },
  {
    "event_id": "401880279",
    "home": "Southampton",
    "away": "Swansea",
    "kickoff": "2026-09-08T18:45Z",
    "status": "WAITING_FOR_OFFICIAL_XI",
    "snapshot_id": null
  },
  {
    "event_id": "401880278",
    "home": "Watford",
    "away": "Preston",
    "kickoff": "2026-09-08T18:45Z",
    "status": "WAITING_FOR_OFFICIAL_XI",
    "snapshot_id": null
  },
  {
    "event_id": "401880269",
    "home": "Wrexham",
    "away": "Burnley",
    "kickoff": "2026-09-08T18:45Z",
    "status": "WAITING_FOR_OFFICIAL_XI",
    "snapshot_id": null
  },
  {
    "event_id": "401880275",
    "home": "Bolton",
    "away": "West Ham",
    "kickoff": "2026-09-08T19:00Z",
    "status": "WAITING_FOR_OFFICIAL_XI",
    "snapshot_id": null
  }
]
