[2026-08-12T09:42:47] NRL injuries
2026-08-12 09:42:47 [INFO] Targeting season=2026 round=24
2026-08-12 09:42:47 [INFO] Attempt 1/3 -- Zero Tackle injuries R24 2026
2026-08-12 09:42:47 [INFO]   Brisbane Broncos                         4 injuries
2026-08-12 09:42:48 [INFO]   Canberra Raiders                         3 injuries
2026-08-12 09:42:48 [INFO]   Canterbury-Bankstown Bulldogs            2 injuries
2026-08-12 09:42:48 [INFO]   Cronulla-Sutherland Sharks               4 injuries
2026-08-12 09:42:48 [INFO]   Dolphins                                 2 injuries
2026-08-12 09:42:48 [INFO]   Gold Coast Titans                        4 injuries
2026-08-12 09:42:49 [INFO]   Manly-Warringah Sea Eagles               9 injuries
2026-08-12 09:42:49 [INFO]   Melbourne Storm                          9 injuries
2026-08-12 09:42:49 [INFO]   Newcastle Knights                        6 injuries
2026-08-12 09:42:49 [INFO]   New Zealand Warriors                     4 injuries
2026-08-12 09:42:49 [INFO]   North Queensland Cowboys                 3 injuries
2026-08-12 09:42:50 [INFO]   Parramatta Eels                          6 injuries
2026-08-12 09:42:50 [INFO]   Penrith Panthers                         4 injuries
2026-08-12 09:42:50 [INFO]   South Sydney Rabbitohs                   6 injuries
2026-08-12 09:42:50 [INFO]   St. George Illawarra Dragons             5 injuries
2026-08-12 09:42:51 [INFO]   Sydney Roosters                          4 injuries
2026-08-12 09:42:51 [INFO]   Wests Tigers                             4 injuries
2026-08-12 09:42:51 [INFO] Zero Tackle total: 79 records across 17 teams
2026-08-12 09:42:51 [INFO] Wrote latest-injuries.json -- 79 player records, round 24
2026-08-12 09:42:51 [INFO] Injuries scraped -- 79 records
[2026-08-12T09:42:51] NRL team news
Written /Users/elliotbladen/BetMate/data/nrl/team-news/latest.json
  Round 24 | Teams: 17 | Injuries: 79 | Suspensions preserved: 0
[2026-08-12T09:42:52] NRL market-moving news
2026-08-12 09:42:52 [INFO] Targeting season=2026 round=24
2026-08-12 09:42:53 [INFO] Fetched NRL Casualty Ward                904 bytes
2026-08-12 09:42:53 [INFO] Fetched NRL Judiciary Report             862 bytes
2026-08-12 09:42:54 [INFO] Fetched NRL News                         798 bytes
2026-08-12 09:42:55 [INFO] Fetched Brisbane Broncos News            805 bytes
2026-08-12 09:42:55 [INFO] Fetched Canterbury-Bankstown Bulldogs News 806 bytes
2026-08-12 09:42:56 [INFO] Fetched Canberra Raiders News            805 bytes
2026-08-12 09:42:56 [INFO] Fetched Cronulla-Sutherland Sharks News  804 bytes
2026-08-12 09:42:57 [INFO] Fetched Dolphins News                    809 bytes
2026-08-12 09:42:58 [INFO] Fetched Gold Coast Titans News           804 bytes
2026-08-12 09:42:58 [INFO] Fetched Manly-Warringah Sea Eagles News  807 bytes
2026-08-12 09:42:59 [INFO] Fetched Melbourne Storm News             812 bytes
2026-08-12 09:42:59 [INFO] Fetched Newcastle Knights News           814 bytes
2026-08-12 09:43:00 [INFO] Fetched New Zealand Warriors News        804 bytes
2026-08-12 09:43:01 [INFO] Fetched North Queensland Cowboys News    805 bytes
2026-08-12 09:43:01 [INFO] Fetched Parramatta Eels News             807 bytes
2026-08-12 09:43:02 [INFO] Fetched Penrith Panthers News            813 bytes
2026-08-12 09:43:03 [INFO] Fetched South Sydney Rabbitohs News      180768 bytes
2026-08-12 09:43:03 [INFO] Fetched St. George Illawarra Dragons News 805 bytes
2026-08-12 09:43:04 [INFO] Fetched Sydney Roosters News             806 bytes
2026-08-12 09:43:04 [INFO] Fetched Wests Tigers News                809 bytes
2026-08-12 09:43:05 [INFO] Wrote 0 flags
2026-08-12 09:43:05 [INFO] JSON: /Users/elliotbladen/BetMate/data/nrl/news_flags/processed/2026/2026-08-12.json
2026-08-12 09:43:05 [INFO] CSV:  /Users/elliotbladen/BetMate/data/nrl/news_flags/processed/2026/2026-08-12.csv
2026-08-12 09:43:05 [INFO] News flags complete -- 0 total, 0 HIGH
[2026-08-12T09:43:05] AFL injuries
2026-08-12 09:43:05 [INFO] Targeting season=2026 round=23
2026-08-12 09:43:05 [INFO] Attempt 1/3 -- AFL injuries R23 2026
2026-08-12 09:43:06 [INFO] Parsed 154 player records across all teams
2026-08-12 09:43:06 [INFO] Wrote latest-injuries.json -- 154 records, round 23
[2026-08-12T09:43:06] Market event log
Wrote 502 events -> /Users/elliotbladen/BetMate/data/market_events/2026_events.csv
  injury: 502
[2026-08-12T09:43:21] NRL injuries
2026-08-12 09:43:22 [INFO] Targeting season=2026 round=24
2026-08-12 09:43:22 [INFO] Attempt 1/3 -- Zero Tackle injuries R24 2026
2026-08-12 09:43:22 [INFO]   Brisbane Broncos                         4 injuries
2026-08-12 09:43:22 [INFO]   Canberra Raiders                         3 injuries
2026-08-12 09:43:22 [INFO]   Canterbury-Bankstown Bulldogs            2 injuries
2026-08-12 09:43:23 [INFO]   Cronulla-Sutherland Sharks               4 injuries
2026-08-12 09:43:23 [INFO]   Dolphins                                 2 injuries
2026-08-12 09:43:23 [INFO]   Gold Coast Titans                        4 injuries
2026-08-12 09:43:23 [INFO]   Manly-Warringah Sea Eagles               9 injuries
2026-08-12 09:43:24 [INFO]   Melbourne Storm                          9 injuries
2026-08-12 09:43:24 [INFO]   Newcastle Knights                        6 injuries
2026-08-12 09:43:24 [INFO]   New Zealand Warriors                     4 injuries
2026-08-12 09:43:24 [INFO]   North Queensland Cowboys                 3 injuries
2026-08-12 09:43:24 [INFO]   Parramatta Eels                          6 injuries
2026-08-12 09:43:25 [INFO]   Penrith Panthers                         4 injuries
2026-08-12 09:43:25 [INFO]   South Sydney Rabbitohs                   6 injuries
2026-08-12 09:43:25 [INFO]   St. George Illawarra Dragons             5 injuries
2026-08-12 09:43:25 [INFO]   Sydney Roosters                          4 injuries
2026-08-12 09:43:25 [INFO]   Wests Tigers                             4 injuries
2026-08-12 09:43:25 [INFO] Zero Tackle total: 79 records across 17 teams
2026-08-12 09:43:25 [INFO] Wrote latest-injuries.json -- 79 player records, round 24
2026-08-12 09:43:25 [INFO] Injuries scraped -- 79 records
[2026-08-12T09:43:26] NRL team news
Written /Users/elliotbladen/BetMate/data/nrl/team-news/latest.json
  Round 24 | Teams: 17 | Injuries: 79 | Suspensions preserved: 0
[2026-08-12T09:43:26] NRL market-moving news
2026-08-12 09:43:26 [INFO] Targeting season=2026 round=24
2026-08-12 09:43:27 [INFO] Fetched NRL Casualty Ward                904 bytes
2026-08-12 09:43:27 [INFO] Fetched NRL Judiciary Report             862 bytes
2026-08-12 09:43:28 [INFO] Fetched NRL News                         798 bytes
2026-08-12 09:43:28 [INFO] Fetched Brisbane Broncos News            805 bytes
2026-08-12 09:43:29 [INFO] Fetched Canterbury-Bankstown Bulldogs News 806 bytes
2026-08-12 09:43:30 [INFO] Fetched Canberra Raiders News            805 bytes
2026-08-12 09:43:30 [INFO] Fetched Cronulla-Sutherland Sharks News  804 bytes
2026-08-12 09:43:31 [INFO] Fetched Dolphins News                    809 bytes
2026-08-12 09:43:32 [INFO] Fetched Gold Coast Titans News           804 bytes
2026-08-12 09:43:32 [INFO] Fetched Manly-Warringah Sea Eagles News  807 bytes
2026-08-12 09:43:33 [INFO] Fetched Melbourne Storm News             812 bytes
2026-08-12 09:43:33 [INFO] Fetched Newcastle Knights News           814 bytes
2026-08-12 09:43:34 [INFO] Fetched New Zealand Warriors News        804 bytes
2026-08-12 09:43:35 [INFO] Fetched North Queensland Cowboys News    805 bytes
2026-08-12 09:43:35 [INFO] Fetched Parramatta Eels News             807 bytes
2026-08-12 09:43:36 [INFO] Fetched Penrith Panthers News            813 bytes
2026-08-12 09:43:37 [INFO] Fetched South Sydney Rabbitohs News      180768 bytes
2026-08-12 09:43:37 [INFO] Fetched St. George Illawarra Dragons News 805 bytes
2026-08-12 09:43:38 [INFO] Fetched Sydney Roosters News             806 bytes
2026-08-12 09:43:39 [INFO] Fetched Wests Tigers News                809 bytes
2026-08-12 09:43:39 [INFO] Wrote 0 flags
2026-08-12 09:43:39 [INFO] JSON: /Users/elliotbladen/BetMate/data/nrl/news_flags/processed/2026/2026-08-12.json
2026-08-12 09:43:39 [INFO] CSV:  /Users/elliotbladen/BetMate/data/nrl/news_flags/processed/2026/2026-08-12.csv
2026-08-12 09:43:39 [INFO] News flags complete -- 0 total, 0 HIGH
[2026-08-12T09:43:39] AFL injuries
2026-08-12 09:43:39 [INFO] Targeting season=2026 round=23
2026-08-12 09:43:39 [INFO] Attempt 1/3 -- AFL injuries R23 2026
2026-08-12 09:43:41 [INFO] Parsed 154 player records across all teams
2026-08-12 09:43:41 [INFO] Wrote latest-injuries.json -- 154 records, round 23
[2026-08-12T09:43:41] Market event log
Wrote 502 events -> /Users/elliotbladen/BetMate/data/market_events/2026_events.csv
  injury: 502
[2026-08-12T10:43:41] NRL injuries
2026-08-12 10:43:42 [INFO] Targeting season=2026 round=24
2026-08-12 10:43:42 [INFO] Attempt 1/3 -- Zero Tackle injuries R24 2026
2026-08-12 10:43:42 [INFO]   Brisbane Broncos                         4 injuries
2026-08-12 10:43:42 [INFO]   Canberra Raiders                         3 injuries
2026-08-12 10:43:42 [INFO]   Canterbury-Bankstown Bulldogs            2 injuries
2026-08-12 10:43:43 [INFO]   Cronulla-Sutherland Sharks               4 injuries
2026-08-12 10:43:43 [INFO]   Dolphins                                 2 injuries
2026-08-12 10:43:43 [INFO]   Gold Coast Titans                        4 injuries
2026-08-12 10:43:43 [INFO]   Manly-Warringah Sea Eagles               9 injuries
2026-08-12 10:43:43 [INFO]   Melbourne Storm                          9 injuries
2026-08-12 10:43:44 [INFO]   Newcastle Knights                        6 injuries
2026-08-12 10:43:44 [INFO]   New Zealand Warriors                     4 injuries
2026-08-12 10:43:44 [INFO]   North Queensland Cowboys                 3 injuries
2026-08-12 10:43:44 [INFO]   Parramatta Eels                          6 injuries
2026-08-12 10:43:44 [INFO]   Penrith Panthers                         4 injuries
2026-08-12 10:43:45 [INFO]   South Sydney Rabbitohs                   6 injuries
2026-08-12 10:43:45 [INFO]   St. George Illawarra Dragons             5 injuries
2026-08-12 10:43:45 [INFO]   Sydney Roosters                          4 injuries
2026-08-12 10:43:45 [INFO]   Wests Tigers                             4 injuries
2026-08-12 10:43:45 [INFO] Zero Tackle total: 79 records across 17 teams
2026-08-12 10:43:45 [INFO] Wrote latest-injuries.json -- 79 player records, round 24
2026-08-12 10:43:45 [INFO] Injuries scraped -- 79 records
[2026-08-12T10:43:45] NRL team news
Written /Users/elliotbladen/BetMate/data/nrl/team-news/latest.json
  Round 24 | Teams: 17 | Injuries: 79 | Suspensions preserved: 0
[2026-08-12T10:43:47] NRL market-moving news
2026-08-12 10:43:47 [INFO] Targeting season=2026 round=24
2026-08-12 10:43:47 [INFO] Fetched NRL Casualty Ward                904 bytes
2026-08-12 10:43:48 [INFO] Fetched NRL Judiciary Report             862 bytes
2026-08-12 10:43:49 [INFO] Fetched NRL News                         798 bytes
2026-08-12 10:43:49 [INFO] Fetched Brisbane Broncos News            805 bytes
2026-08-12 10:43:50 [INFO] Fetched Canterbury-Bankstown Bulldogs News 806 bytes
2026-08-12 10:43:50 [INFO] Fetched Canberra Raiders News            805 bytes
2026-08-12 10:43:51 [INFO] Fetched Cronulla-Sutherland Sharks News  804 bytes
2026-08-12 10:43:52 [INFO] Fetched Dolphins News                    809 bytes
2026-08-12 10:43:52 [INFO] Fetched Gold Coast Titans News           804 bytes
2026-08-12 10:43:53 [INFO] Fetched Manly-Warringah Sea Eagles News  807 bytes
2026-08-12 10:43:53 [INFO] Fetched Melbourne Storm News             812 bytes
2026-08-12 10:43:54 [INFO] Fetched Newcastle Knights News           814 bytes
2026-08-12 10:43:55 [INFO] Fetched New Zealand Warriors News        804 bytes
2026-08-12 10:43:55 [INFO] Fetched North Queensland Cowboys News    805 bytes
2026-08-12 10:43:56 [INFO] Fetched Parramatta Eels News             807 bytes
2026-08-12 10:43:57 [INFO] Fetched Penrith Panthers News            813 bytes
2026-08-12 10:43:57 [INFO] Fetched South Sydney Rabbitohs News      181066 bytes
2026-08-12 10:43:58 [INFO] Fetched St. George Illawarra Dragons News 805 bytes
2026-08-12 10:43:59 [INFO] Fetched Sydney Roosters News             806 bytes
2026-08-12 10:43:59 [INFO] Fetched Wests Tigers News                809 bytes
2026-08-12 10:44:00 [INFO] Wrote 0 flags
2026-08-12 10:44:00 [INFO] JSON: /Users/elliotbladen/BetMate/data/nrl/news_flags/processed/2026/2026-08-12.json
2026-08-12 10:44:00 [INFO] CSV:  /Users/elliotbladen/BetMate/data/nrl/news_flags/processed/2026/2026-08-12.csv
2026-08-12 10:44:00 [INFO] News flags complete -- 0 total, 0 HIGH
[2026-08-12T10:44:00] AFL injuries
2026-08-12 10:44:00 [INFO] Targeting season=2026 round=23
2026-08-12 10:44:00 [INFO] Attempt 1/3 -- AFL injuries R23 2026
2026-08-12 10:44:01 [INFO] Parsed 154 player records across all teams
2026-08-12 10:44:01 [INFO] Wrote latest-injuries.json -- 154 records, round 23
[2026-08-12T10:44:01] Market event log
Wrote 502 events -> /Users/elliotbladen/BetMate/data/market_events/2026_events.csv
  injury: 502
[2026-08-12T15:14:24] NRL injuries
2026-08-12 15:14:24 [INFO] Targeting season=2026 round=24
2026-08-12 15:14:24 [INFO] Attempt 1/3 -- Zero Tackle injuries R24 2026
2026-08-12 15:14:25 [INFO]   Brisbane Broncos                         4 injuries
2026-08-12 15:14:25 [INFO]   Canberra Raiders                         3 injuries
2026-08-12 15:14:25 [INFO]   Canterbury-Bankstown Bulldogs            2 injuries
2026-08-12 15:14:25 [INFO]   Cronulla-Sutherland Sharks               4 injuries
2026-08-12 15:14:25 [INFO]   Dolphins                                 2 injuries
2026-08-12 15:14:26 [INFO]   Gold Coast Titans                        4 injuries
2026-08-12 15:14:26 [INFO]   Manly-Warringah Sea Eagles               9 injuries
2026-08-12 15:14:26 [INFO]   Melbourne Storm                          8 injuries
2026-08-12 15:14:26 [INFO]   Newcastle Knights                        6 injuries
2026-08-12 15:14:26 [INFO]   New Zealand Warriors                     4 injuries
2026-08-12 15:14:27 [INFO]   North Queensland Cowboys                 3 injuries
2026-08-12 15:14:27 [INFO]   Parramatta Eels                          6 injuries
2026-08-12 15:14:27 [INFO]   Penrith Panthers                         4 injuries
2026-08-12 15:14:27 [INFO]   South Sydney Rabbitohs                   6 injuries
2026-08-12 15:14:27 [INFO]   St. George Illawarra Dragons             5 injuries
2026-08-12 15:14:28 [INFO]   Sydney Roosters                          4 injuries
2026-08-12 15:14:28 [INFO]   Wests Tigers                             4 injuries
2026-08-12 15:14:28 [INFO] Zero Tackle total: 78 records across 17 teams
2026-08-12 15:14:28 [INFO] Wrote latest-injuries.json -- 78 player records, round 24
2026-08-12 15:14:28 [INFO] Injuries scraped -- 78 records
[2026-08-12T15:14:28] NRL team news
Written /Users/elliotbladen/BetMate/data/nrl/team-news/latest.json
  Round 24 | Teams: 17 | Injuries: 78 | Suspensions preserved: 0
[2026-08-12T15:14:29] NRL market-moving news
2026-08-12 15:14:30 [INFO] Targeting season=2026 round=24
2026-08-12 15:14:30 [INFO] Fetched NRL Casualty Ward                904 bytes
2026-08-12 15:14:31 [INFO] Fetched NRL Judiciary Report             862 bytes
2026-08-12 15:14:31 [INFO] Fetched NRL News                         798 bytes
2026-08-12 15:14:32 [INFO] Fetched Brisbane Broncos News            805 bytes
2026-08-12 15:14:33 [INFO] Fetched Canterbury-Bankstown Bulldogs News 806 bytes
2026-08-12 15:14:33 [INFO] Fetched Canberra Raiders News            805 bytes
2026-08-12 15:14:34 [INFO] Fetched Cronulla-Sutherland Sharks News  804 bytes
2026-08-12 15:14:34 [INFO] Fetched Dolphins News                    809 bytes
2026-08-12 15:14:35 [INFO] Fetched Gold Coast Titans News           804 bytes
2026-08-12 15:14:36 [INFO] Fetched Manly-Warringah Sea Eagles News  807 bytes
2026-08-12 15:14:36 [INFO] Fetched Melbourne Storm News             812 bytes
2026-08-12 15:14:37 [INFO] Fetched Newcastle Knights News           814 bytes
2026-08-12 15:14:37 [INFO] Fetched New Zealand Warriors News        804 bytes
2026-08-12 15:14:38 [INFO] Fetched North Queensland Cowboys News    805 bytes
2026-08-12 15:14:39 [INFO] Fetched Parramatta Eels News             807 bytes
2026-08-12 15:14:39 [INFO] Fetched Penrith Panthers News            813 bytes
2026-08-12 15:14:40 [INFO] Fetched South Sydney Rabbitohs News      180926 bytes
2026-08-12 15:14:41 [INFO] Fetched St. George Illawarra Dragons News 805 bytes
2026-08-12 15:14:41 [INFO] Fetched Sydney Roosters News             806 bytes
2026-08-12 15:14:42 [INFO] Fetched Wests Tigers News                809 bytes
2026-08-12 15:14:42 [INFO] Wrote 0 flags
2026-08-12 15:14:42 [INFO] JSON: /Users/elliotbladen/BetMate/data/nrl/news_flags/processed/2026/2026-08-12.json
2026-08-12 15:14:42 [INFO] CSV:  /Users/elliotbladen/BetMate/data/nrl/news_flags/processed/2026/2026-08-12.csv
2026-08-12 15:14:42 [INFO] News flags complete -- 0 total, 0 HIGH
[2026-08-12T15:14:42] AFL injuries
2026-08-12 15:14:43 [INFO] Targeting season=2026 round=23
2026-08-12 15:14:43 [INFO] Attempt 1/3 -- AFL injuries R23 2026
2026-08-12 15:14:44 [INFO] Parsed 154 player records across all teams
2026-08-12 15:14:44 [INFO] Wrote latest-injuries.json -- 154 records, round 23
[2026-08-12T15:14:44] Market event log
Wrote 501 events -> /Users/elliotbladen/BetMate/data/market_events/2026_events.csv
  injury: 501
[2026-08-12T16:14:44] NRL injuries
2026-08-12 16:14:45 [INFO] Targeting season=2026 round=24
2026-08-12 16:14:45 [INFO] Attempt 1/3 -- Zero Tackle injuries R24 2026
2026-08-12 16:14:45 [INFO]   Brisbane Broncos                         4 injuries
2026-08-12 16:14:45 [INFO]   Canberra Raiders                         3 injuries
2026-08-12 16:14:46 [INFO]   Canterbury-Bankstown Bulldogs            2 injuries
2026-08-12 16:14:46 [INFO]   Cronulla-Sutherland Sharks               4 injuries
2026-08-12 16:14:46 [INFO]   Dolphins                                 2 injuries
2026-08-12 16:14:46 [INFO]   Gold Coast Titans                        4 injuries
2026-08-12 16:14:47 [INFO]   Manly-Warringah Sea Eagles               9 injuries
2026-08-12 16:14:47 [INFO]   Melbourne Storm                          8 injuries
2026-08-12 16:14:47 [INFO]   Newcastle Knights                        6 injuries
2026-08-12 16:14:47 [INFO]   New Zealand Warriors                     4 injuries
2026-08-12 16:14:48 [INFO]   North Queensland Cowboys                 3 injuries
2026-08-12 16:14:48 [INFO]   Parramatta Eels                          6 injuries
2026-08-12 16:14:48 [INFO]   Penrith Panthers                         4 injuries
2026-08-12 16:14:49 [INFO]   South Sydney Rabbitohs                   6 injuries
2026-08-12 16:14:49 [INFO]   St. George Illawarra Dragons             5 injuries
2026-08-12 16:14:49 [INFO]   Sydney Roosters                          4 injuries
2026-08-12 16:14:49 [INFO]   Wests Tigers                             4 injuries
2026-08-12 16:14:49 [INFO] Zero Tackle total: 78 records across 17 teams
2026-08-12 16:14:49 [INFO] Wrote latest-injuries.json -- 78 player records, round 24
2026-08-12 16:14:49 [INFO] Injuries scraped -- 78 records
[2026-08-12T16:14:50] NRL team news
Written /Users/elliotbladen/BetMate/data/nrl/team-news/latest.json
  Round 24 | Teams: 17 | Injuries: 78 | Suspensions preserved: 0
[2026-08-12T16:14:51] NRL market-moving news
2026-08-12 16:14:51 [INFO] Targeting season=2026 round=24
2026-08-12 16:14:52 [INFO] Fetched NRL Casualty Ward                904 bytes
2026-08-12 16:14:52 [INFO] Fetched NRL Judiciary Report             862 bytes
2026-08-12 16:14:53 [INFO] Fetched NRL News                         798 bytes
2026-08-12 16:14:54 [INFO] Fetched Brisbane Broncos News            805 bytes
2026-08-12 16:14:54 [INFO] Fetched Canterbury-Bankstown Bulldogs News 806 bytes
2026-08-12 16:14:55 [INFO] Fetched Canberra Raiders News            805 bytes
2026-08-12 16:14:55 [INFO] Fetched Cronulla-Sutherland Sharks News  804 bytes
2026-08-12 16:14:56 [INFO] Fetched Dolphins News                    809 bytes
2026-08-12 16:14:57 [INFO] Fetched Gold Coast Titans News           804 bytes
2026-08-12 16:14:57 [INFO] Fetched Manly-Warringah Sea Eagles News  807 bytes
2026-08-12 16:14:58 [INFO] Fetched Melbourne Storm News             812 bytes
2026-08-12 16:14:59 [INFO] Fetched Newcastle Knights News           814 bytes
2026-08-12 16:14:59 [INFO] Fetched New Zealand Warriors News        804 bytes
2026-08-12 16:15:00 [INFO] Fetched North Queensland Cowboys News    805 bytes
2026-08-12 16:15:01 [INFO] Fetched Parramatta Eels News             807 bytes
2026-08-12 16:15:01 [INFO] Fetched Penrith Panthers News            813 bytes
2026-08-12 16:15:02 [INFO] Fetched South Sydney Rabbitohs News      180541 bytes
2026-08-12 16:15:03 [INFO] Fetched St. George Illawarra Dragons News 805 bytes
2026-08-12 16:15:03 [INFO] Fetched Sydney Roosters News             806 bytes
2026-08-12 16:15:04 [INFO] Fetched Wests Tigers News                809 bytes
2026-08-12 16:15:04 [INFO] Wrote 0 flags
2026-08-12 16:15:04 [INFO] JSON: /Users/elliotbladen/BetMate/data/nrl/news_flags/processed/2026/2026-08-12.json
2026-08-12 16:15:04 [INFO] CSV:  /Users/elliotbladen/BetMate/data/nrl/news_flags/processed/2026/2026-08-12.csv
2026-08-12 16:15:04 [INFO] News flags complete -- 0 total, 0 HIGH
[2026-08-12T16:15:04] AFL injuries
2026-08-12 16:15:05 [INFO] Targeting season=2026 round=23
2026-08-12 16:15:05 [INFO] Attempt 1/3 -- AFL injuries R23 2026
2026-08-12 16:15:06 [INFO] Parsed 154 player records across all teams
2026-08-12 16:15:06 [INFO] Wrote latest-injuries.json -- 154 records, round 23
[2026-08-12T16:15:06] Market event log
Wrote 501 events -> /Users/elliotbladen/BetMate/data/market_events/2026_events.csv
  injury: 501
[2026-08-12T19:03:55] NRL injuries
2026-08-12 19:03:55 [INFO] Targeting season=2026 round=24
2026-08-12 19:03:55 [INFO] Attempt 1/3 -- Zero Tackle injuries R24 2026
2026-08-12 19:03:55 [INFO]   Brisbane Broncos                         4 injuries
2026-08-12 19:03:56 [INFO]   Canberra Raiders                         3 injuries
2026-08-12 19:03:56 [INFO]   Canterbury-Bankstown Bulldogs            2 injuries
2026-08-12 19:03:56 [INFO]   Cronulla-Sutherland Sharks               4 injuries
2026-08-12 19:03:56 [INFO]   Dolphins                                 2 injuries
2026-08-12 19:03:57 [INFO]   Gold Coast Titans                        4 injuries
2026-08-12 19:03:57 [INFO]   Manly-Warringah Sea Eagles               9 injuries
2026-08-12 19:03:57 [INFO]   Melbourne Storm                          8 injuries
2026-08-12 19:03:57 [INFO]   Newcastle Knights                        6 injuries
2026-08-12 19:03:57 [INFO]   New Zealand Warriors                     4 injuries
2026-08-12 19:03:58 [INFO]   North Queensland Cowboys                 3 injuries
2026-08-12 19:03:58 [INFO]   Parramatta Eels                          6 injuries
2026-08-12 19:03:58 [INFO]   Penrith Panthers                         4 injuries
2026-08-12 19:03:58 [INFO]   South Sydney Rabbitohs                   6 injuries
2026-08-12 19:03:59 [INFO]   St. George Illawarra Dragons             5 injuries
2026-08-12 19:03:59 [INFO]   Sydney Roosters                          4 injuries
2026-08-12 19:03:59 [INFO]   Wests Tigers                             4 injuries
2026-08-12 19:03:59 [INFO] Zero Tackle total: 78 records across 17 teams
2026-08-12 19:03:59 [INFO] Wrote latest-injuries.json -- 78 player records, round 24
2026-08-12 19:03:59 [INFO] Injuries scraped -- 78 records
[2026-08-12T19:03:59] NRL team news
Written /Users/elliotbladen/BetMate/data/nrl/team-news/latest.json
  Round 24 | Teams: 17 | Injuries: 78 | Suspensions preserved: 0
[2026-08-12T19:04:01] NRL market-moving news
2026-08-12 19:04:01 [INFO] Targeting season=2026 round=24
2026-08-12 19:04:01 [INFO] Fetched NRL Casualty Ward                904 bytes
2026-08-12 19:04:02 [INFO] Fetched NRL Judiciary Report             862 bytes
2026-08-12 19:04:03 [INFO] Fetched NRL News                         798 bytes
2026-08-12 19:04:03 [INFO] Fetched Brisbane Broncos News            805 bytes
2026-08-12 19:04:04 [INFO] Fetched Canterbury-Bankstown Bulldogs News 806 bytes
2026-08-12 19:04:05 [INFO] Fetched Canberra Raiders News            805 bytes
2026-08-12 19:04:05 [INFO] Fetched Cronulla-Sutherland Sharks News  804 bytes
2026-08-12 19:04:06 [INFO] Fetched Dolphins News                    809 bytes
2026-08-12 19:04:07 [INFO] Fetched Gold Coast Titans News           804 bytes
2026-08-12 19:04:08 [INFO] Fetched Manly-Warringah Sea Eagles News  807 bytes
2026-08-12 19:04:08 [INFO] Fetched Melbourne Storm News             812 bytes
2026-08-12 19:04:09 [INFO] Fetched Newcastle Knights News           814 bytes
2026-08-12 19:04:10 [INFO] Fetched New Zealand Warriors News        804 bytes
2026-08-12 19:04:10 [INFO] Fetched North Queensland Cowboys News    805 bytes
2026-08-12 19:04:11 [INFO] Fetched Parramatta Eels News             807 bytes
2026-08-12 19:04:11 [INFO] Fetched Penrith Panthers News            813 bytes
2026-08-12 19:04:12 [INFO] Fetched South Sydney Rabbitohs News      180541 bytes
2026-08-12 19:04:13 [INFO] Fetched St. George Illawarra Dragons News 805 bytes
2026-08-12 19:04:13 [INFO] Fetched Sydney Roosters News             806 bytes
2026-08-12 19:04:14 [INFO] Fetched Wests Tigers News                809 bytes
2026-08-12 19:04:15 [INFO] Wrote 0 flags
2026-08-12 19:04:15 [INFO] JSON: /Users/elliotbladen/BetMate/data/nrl/news_flags/processed/2026/2026-08-12.json
2026-08-12 19:04:15 [INFO] CSV:  /Users/elliotbladen/BetMate/data/nrl/news_flags/processed/2026/2026-08-12.csv
2026-08-12 19:04:15 [INFO] News flags complete -- 0 total, 0 HIGH
[2026-08-12T19:04:15] AFL injuries
2026-08-12 19:04:15 [INFO] Targeting season=2026 round=23
2026-08-12 19:04:15 [INFO] Attempt 1/3 -- AFL injuries R23 2026
2026-08-12 19:04:16 [INFO] Parsed 154 player records across all teams
2026-08-12 19:04:16 [INFO] Wrote latest-injuries.json -- 154 records, round 23
[2026-08-12T19:04:16] Market event log
Wrote 501 events -> /Users/elliotbladen/BetMate/data/market_events/2026_events.csv
  injury: 501
[2026-08-13T08:02:20] NRL injuries
2026-08-13 08:02:25 [INFO] Targeting season=2026 round=24
2026-08-13 08:02:25 [INFO] Attempt 1/3 -- Zero Tackle injuries R24 2026
2026-08-13 08:02:27 [INFO]   Brisbane Broncos                         4 injuries
2026-08-13 08:02:29 [INFO]   Canberra Raiders                         3 injuries
2026-08-13 08:02:30 [INFO]   Canterbury-Bankstown Bulldogs            2 injuries
2026-08-13 08:02:32 [INFO]   Cronulla-Sutherland Sharks               4 injuries
2026-08-13 08:02:33 [INFO]   Dolphins                                 2 injuries
2026-08-13 08:02:34 [INFO]   Gold Coast Titans                        4 injuries
2026-08-13 08:02:35 [INFO]   Manly-Warringah Sea Eagles               9 injuries
2026-08-13 08:02:36 [INFO]   Melbourne Storm                          8 injuries
2026-08-13 08:02:37 [INFO]   Newcastle Knights                        6 injuries
2026-08-13 09:03:06 [INFO]   New Zealand Warriors                     4 injuries
2026-08-13 09:03:08 [WARNING] Fetch failed https://www.zerotackle.com/nrl/teams/north-queensland-cowboys/ -- HTTPSConnectionPool(host='www.zerotackle.com', port=443): Max retries exceeded with url: /nrl/teams/north-queensland-cowboys/ (Caused by NameResolutionError("HTTPSConnection(host='www.zerotackle.com', port=443): Failed to resolve 'www.zerotackle.com' ([Errno 8] nodename nor servname provided, or not known)"))
2026-08-13 09:03:08 [WARNING] Failed to fetch Zero Tackle page for North Queensland Cowboys
2026-08-13 09:03:08 [WARNING] Fetch failed https://www.zerotackle.com/nrl/teams/parramatta-eels/ -- HTTPSConnectionPool(host='www.zerotackle.com', port=443): Max retries exceeded with url: /nrl/teams/parramatta-eels/ (Caused by NameResolutionError("HTTPSConnection(host='www.zerotackle.com', port=443): Failed to resolve 'www.zerotackle.com' ([Errno 8] nodename nor servname provided, or not known)"))
2026-08-13 09:03:08 [WARNING] Failed to fetch Zero Tackle page for Parramatta Eels
2026-08-13 09:03:08 [WARNING] Fetch failed https://www.zerotackle.com/nrl/teams/penrith-panthers/ -- HTTPSConnectionPool(host='www.zerotackle.com', port=443): Max retries exceeded with url: /nrl/teams/penrith-panthers/ (Caused by NameResolutionError("HTTPSConnection(host='www.zerotackle.com', port=443): Failed to resolve 'www.zerotackle.com' ([Errno 8] nodename nor servname provided, or not known)"))
2026-08-13 09:03:08 [WARNING] Failed to fetch Zero Tackle page for Penrith Panthers
2026-08-13 09:03:08 [WARNING] Fetch failed https://www.zerotackle.com/nrl/teams/south-sydney-rabbitohs/ -- HTTPSConnectionPool(host='www.zerotackle.com', port=443): Max retries exceeded with url: /nrl/teams/south-sydney-rabbitohs/ (Caused by NameResolutionError("HTTPSConnection(host='www.zerotackle.com', port=443): Failed to resolve 'www.zerotackle.com' ([Errno 8] nodename nor servname provided, or not known)"))
2026-08-13 09:03:08 [WARNING] Failed to fetch Zero Tackle page for South Sydney Rabbitohs
2026-08-13 09:03:08 [WARNING] Fetch failed https://www.zerotackle.com/nrl/teams/st-george-illawarra-dragons/ -- HTTPSConnectionPool(host='www.zerotackle.com', port=443): Max retries exceeded with url: /nrl/teams/st-george-illawarra-dragons/ (Caused by NameResolutionError("HTTPSConnection(host='www.zerotackle.com', port=443): Failed to resolve 'www.zerotackle.com' ([Errno 8] nodename nor servname provided, or not known)"))
2026-08-13 09:03:08 [WARNING] Failed to fetch Zero Tackle page for St. George Illawarra Dragons
2026-08-13 09:03:08 [WARNING] Fetch failed https://www.zerotackle.com/nrl/teams/sydney-roosters/ -- HTTPSConnectionPool(host='www.zerotackle.com', port=443): Max retries exceeded with url: /nrl/teams/sydney-roosters/ (Caused by NameResolutionError("HTTPSConnection(host='www.zerotackle.com', port=443): Failed to resolve 'www.zerotackle.com' ([Errno 8] nodename nor servname provided, or not known)"))
2026-08-13 09:03:08 [WARNING] Failed to fetch Zero Tackle page for Sydney Roosters
2026-08-13 09:03:08 [WARNING] Fetch failed https://www.zerotackle.com/nrl/teams/wests-tigers/ -- HTTPSConnectionPool(host='www.zerotackle.com', port=443): Max retries exceeded with url: /nrl/teams/wests-tigers/ (Caused by NameResolutionError("HTTPSConnection(host='www.zerotackle.com', port=443): Failed to resolve 'www.zerotackle.com' ([Errno 8] nodename nor servname provided, or not known)"))
2026-08-13 09:03:08 [WARNING] Failed to fetch Zero Tackle page for Wests Tigers
2026-08-13 09:03:08 [INFO] Zero Tackle total: 46 records across 17 teams
2026-08-13 09:03:08 [INFO] Wrote latest-injuries.json -- 46 player records, round 24
2026-08-13 09:03:08 [INFO] Injuries scraped -- 46 records
[2026-08-13T09:03:08] NRL team news
Written /Users/elliotbladen/BetMate/data/nrl/team-news/latest.json
  Round 24 | Teams: 10 | Injuries: 46 | Suspensions preserved: 0
[2026-08-13T09:03:09] NRL market-moving news
2026-08-13 09:03:10 [INFO] Targeting season=2026 round=24
2026-08-13 09:03:10 [WARNING] Fetch failed NRL Casualty Ward                https://www.nrl.com/news/2026/01/01/nrl-casualty-ward-how-your-club-is-shaping-heading-into-2026/ -- HTTPSConnectionPool(host='www.nrl.com', port=443): Max retries exceeded with url: /news/2026/01/01/nrl-casualty-ward-how-your-club-is-shaping-heading-into-2026/ (Caused by NameResolutionError("HTTPSConnection(host='www.nrl.com', port=443): Failed to resolve 'www.nrl.com' ([Errno 8] nodename nor servname provided, or not known)"))
2026-08-13 09:03:10 [WARNING] Fetch failed NRL Judiciary Report             https://www.nrl.com/news/2026/01/01/nrl-judiciary-report-2026/ -- HTTPSConnectionPool(host='www.nrl.com', port=443): Max retries exceeded with url: /news/2026/01/01/nrl-judiciary-report-2026/ (Caused by NameResolutionError("HTTPSConnection(host='www.nrl.com', port=443): Failed to resolve 'www.nrl.com' ([Errno 8] nodename nor servname provided, or not known)"))
2026-08-13 09:03:10 [WARNING] Fetch failed NRL News                         https://www.nrl.com/news/ -- HTTPSConnectionPool(host='www.nrl.com', port=443): Max retries exceeded with url: /news/ (Caused by NameResolutionError("HTTPSConnection(host='www.nrl.com', port=443): Failed to resolve 'www.nrl.com' ([Errno 8] nodename nor servname provided, or not known)"))
2026-08-13 09:03:10 [WARNING] Fetch failed Brisbane Broncos News            https://www.broncos.com.au/news/ -- HTTPSConnectionPool(host='www.broncos.com.au', port=443): Max retries exceeded with url: /news/ (Caused by NameResolutionError("HTTPSConnection(host='www.broncos.com.au', port=443): Failed to resolve 'www.broncos.com.au' ([Errno 8] nodename nor servname provided, or not known)"))
2026-08-13 09:03:10 [WARNING] Fetch failed Canterbury-Bankstown Bulldogs News https://www.bulldogs.com.au/news/ -- HTTPSConnectionPool(host='www.bulldogs.com.au', port=443): Max retries exceeded with url: /news/ (Caused by NameResolutionError("HTTPSConnection(host='www.bulldogs.com.au', port=443): Failed to resolve 'www.bulldogs.com.au' ([Errno 8] nodename nor servname provided, or not known)"))
2026-08-13 09:03:10 [WARNING] Fetch failed Canberra Raiders News            https://www.raiders.com.au/news/ -- HTTPSConnectionPool(host='www.raiders.com.au', port=443): Max retries exceeded with url: /news/ (Caused by NameResolutionError("HTTPSConnection(host='www.raiders.com.au', port=443): Failed to resolve 'www.raiders.com.au' ([Errno 8] nodename nor servname provided, or not known)"))
2026-08-13 09:03:10 [WARNING] Fetch failed Cronulla-Sutherland Sharks News  https://www.sharks.com.au/news/ -- HTTPSConnectionPool(host='www.sharks.com.au', port=443): Max retries exceeded with url: /news/ (Caused by NameResolutionError("HTTPSConnection(host='www.sharks.com.au', port=443): Failed to resolve 'www.sharks.com.au' ([Errno 8] nodename nor servname provided, or not known)"))
2026-08-13 09:03:10 [WARNING] Fetch failed Dolphins News                    https://www.dolphinsnrl.com.au/news/ -- HTTPSConnectionPool(host='www.dolphinsnrl.com.au', port=443): Max retries exceeded with url: /news/ (Caused by NameResolutionError("HTTPSConnection(host='www.dolphinsnrl.com.au', port=443): Failed to resolve 'www.dolphinsnrl.com.au' ([Errno 8] nodename nor servname provided, or not known)"))
2026-08-13 09:03:10 [WARNING] Fetch failed Gold Coast Titans News           https://www.titans.com.au/news/ -- HTTPSConnectionPool(host='www.titans.com.au', port=443): Max retries exceeded with url: /news/ (Caused by NameResolutionError("HTTPSConnection(host='www.titans.com.au', port=443): Failed to resolve 'www.titans.com.au' ([Errno 8] nodename nor servname provided, or not known)"))
2026-08-13 09:03:10 [WARNING] Fetch failed Manly-Warringah Sea Eagles News  https://www.seaeagles.com.au/news/ -- HTTPSConnectionPool(host='www.seaeagles.com.au', port=443): Max retries exceeded with url: /news/ (Caused by NameResolutionError("HTTPSConnection(host='www.seaeagles.com.au', port=443): Failed to resolve 'www.seaeagles.com.au' ([Errno 8] nodename nor servname provided, or not known)"))
2026-08-13 09:03:10 [WARNING] Fetch failed Melbourne Storm News             https://www.melbournestorm.com.au/news/ -- HTTPSConnectionPool(host='www.melbournestorm.com.au', port=443): Max retries exceeded with url: /news/ (Caused by NameResolutionError("HTTPSConnection(host='www.melbournestorm.com.au', port=443): Failed to resolve 'www.melbournestorm.com.au' ([Errno 8] nodename nor servname provided, or not known)"))
2026-08-13 09:03:10 [WARNING] Fetch failed Newcastle Knights News           https://www.newcastleknights.com.au/news/ -- HTTPSConnectionPool(host='www.newcastleknights.com.au', port=443): Max retries exceeded with url: /news/ (Caused by NameResolutionError("HTTPSConnection(host='www.newcastleknights.com.au', port=443): Failed to resolve 'www.newcastleknights.com.au' ([Errno 8] nodename nor servname provided, or not known)"))
2026-08-13 09:03:10 [WARNING] Fetch failed New Zealand Warriors News        https://www.warriors.kiwi/news/ -- HTTPSConnectionPool(host='www.warriors.kiwi', port=443): Max retries exceeded with url: /news/ (Caused by NameResolutionError("HTTPSConnection(host='www.warriors.kiwi', port=443): Failed to resolve 'www.warriors.kiwi' ([Errno 8] nodename nor servname provided, or not known)"))
2026-08-13 09:03:10 [WARNING] Fetch failed North Queensland Cowboys News    https://www.cowboys.com.au/news/ -- HTTPSConnectionPool(host='www.cowboys.com.au', port=443): Max retries exceeded with url: /news/ (Caused by NameResolutionError("HTTPSConnection(host='www.cowboys.com.au', port=443): Failed to resolve 'www.cowboys.com.au' ([Errno 8] nodename nor servname provided, or not known)"))
2026-08-13 09:03:10 [WARNING] Fetch failed Parramatta Eels News             https://www.parraeels.com.au/news/ -- HTTPSConnectionPool(host='www.parraeels.com.au', port=443): Max retries exceeded with url: /news/ (Caused by NameResolutionError("HTTPSConnection(host='www.parraeels.com.au', port=443): Failed to resolve 'www.parraeels.com.au' ([Errno 8] nodename nor servname provided, or not known)"))
2026-08-13 09:03:10 [WARNING] Fetch failed Penrith Panthers News            https://www.penrithpanthers.com.au/news/ -- HTTPSConnectionPool(host='www.penrithpanthers.com.au', port=443): Max retries exceeded with url: /news/ (Caused by NameResolutionError("HTTPSConnection(host='www.penrithpanthers.com.au', port=443): Failed to resolve 'www.penrithpanthers.com.au' ([Errno 8] nodename nor servname provided, or not known)"))
2026-08-13 09:03:10 [WARNING] Fetch failed South Sydney Rabbitohs News      https://www.rabbitohs.com.au/news/ -- HTTPSConnectionPool(host='www.rabbitohs.com.au', port=443): Max retries exceeded with url: /news/ (Caused by NameResolutionError("HTTPSConnection(host='www.rabbitohs.com.au', port=443): Failed to resolve 'www.rabbitohs.com.au' ([Errno 8] nodename nor servname provided, or not known)"))
2026-08-13 09:03:10 [WARNING] Fetch failed St. George Illawarra Dragons News https://www.dragons.com.au/news/ -- HTTPSConnectionPool(host='www.dragons.com.au', port=443): Max retries exceeded with url: /news/ (Caused by NameResolutionError("HTTPSConnection(host='www.dragons.com.au', port=443): Failed to resolve 'www.dragons.com.au' ([Errno 8] nodename nor servname provided, or not known)"))
2026-08-13 09:03:10 [WARNING] Fetch failed Sydney Roosters News             https://www.roosters.com.au/news/ -- HTTPSConnectionPool(host='www.roosters.com.au', port=443): Max retries exceeded with url: /news/ (Caused by NameResolutionError("HTTPSConnection(host='www.roosters.com.au', port=443): Failed to resolve 'www.roosters.com.au' ([Errno 8] nodename nor servname provided, or not known)"))
2026-08-13 09:03:10 [WARNING] Fetch failed Wests Tigers News                https://www.weststigers.com.au/news/ -- HTTPSConnectionPool(host='www.weststigers.com.au', port=443): Max retries exceeded with url: /news/ (Caused by NameResolutionError("HTTPSConnection(host='www.weststigers.com.au', port=443): Failed to resolve 'www.weststigers.com.au' ([Errno 8] nodename nor servname provided, or not known)"))
2026-08-13 09:03:10 [INFO] Wrote 0 flags
2026-08-13 09:03:10 [INFO] JSON: /Users/elliotbladen/BetMate/data/nrl/news_flags/processed/2026/2026-08-13.json
2026-08-13 09:03:10 [INFO] CSV:  /Users/elliotbladen/BetMate/data/nrl/news_flags/processed/2026/2026-08-13.csv
2026-08-13 09:03:10 [INFO] News flags complete -- 0 total, 0 HIGH
[2026-08-13T09:03:10] AFL injuries
2026-08-13 09:03:11 [INFO] Targeting season=2026 round=23
2026-08-13 09:03:11 [INFO] Attempt 1/3 -- AFL injuries R23 2026
2026-08-13 09:03:11 [WARNING] Fetch failed https://www.footywire.com/afl/footy/injury_list -- HTTPSConnectionPool(host='www.footywire.com', port=443): Max retries exceeded with url: /afl/footy/injury_list (Caused by NameResolutionError("HTTPSConnection(host='www.footywire.com', port=443): Failed to resolve 'www.footywire.com' ([Errno 8] nodename nor servname provided, or not known)"))
2026-08-13 09:03:11 [WARNING] Fetch failed, retrying in 30s
2026-08-13 09:59:08 [INFO] Attempt 2/3 -- AFL injuries R23 2026
2026-08-13 09:59:08 [WARNING] Fetch failed https://www.footywire.com/afl/footy/injury_list -- HTTPSConnectionPool(host='www.footywire.com', port=443): Max retries exceeded with url: /afl/footy/injury_list (Caused by NameResolutionError("HTTPSConnection(host='www.footywire.com', port=443): Failed to resolve 'www.footywire.com' ([Errno 8] nodename nor servname provided, or not known)"))
2026-08-13 09:59:08 [WARNING] Fetch failed, retrying in 30s
2026-08-13 10:04:09 [INFO] Attempt 3/3 -- AFL injuries R23 2026
2026-08-13 10:04:10 [WARNING] Fetch failed https://www.footywire.com/afl/footy/injury_list -- HTTPSConnectionPool(host='www.footywire.com', port=443): Max retries exceeded with url: /afl/footy/injury_list (Caused by NameResolutionError("HTTPSConnection(host='www.footywire.com', port=443): Failed to resolve 'www.footywire.com' ([Errno 8] nodename nor servname provided, or not known)"))
2026-08-13 10:04:10 [ERROR] All attempts exhausted -- no AFL injury data
[2026-08-13T10:04:10] Market event log
Wrote 469 events -> /Users/elliotbladen/BetMate/data/market_events/2026_events.csv
  injury: 469
[2026-08-13T11:47:21] NRL injuries
2026-08-13 11:47:22 [INFO] Targeting season=2026 round=24
2026-08-13 11:47:22 [INFO] Attempt 1/3 -- Zero Tackle injuries R24 2026
2026-08-13 11:47:22 [INFO]   Brisbane Broncos                         4 injuries
2026-08-13 11:47:22 [INFO]   Canberra Raiders                         3 injuries
2026-08-13 11:47:23 [INFO]   Canterbury-Bankstown Bulldogs            2 injuries
2026-08-13 11:47:23 [INFO]   Cronulla-Sutherland Sharks               4 injuries
2026-08-13 11:47:23 [INFO]   Dolphins                                 2 injuries
2026-08-13 11:47:23 [INFO]   Gold Coast Titans                        4 injuries
2026-08-13 11:47:23 [INFO]   Manly-Warringah Sea Eagles               9 injuries
2026-08-13 11:47:24 [INFO]   Melbourne Storm                          8 injuries
2026-08-13 11:47:24 [INFO]   Newcastle Knights                        6 injuries
2026-08-13 11:47:24 [INFO]   New Zealand Warriors                     4 injuries
2026-08-13 11:47:24 [INFO]   North Queensland Cowboys                 3 injuries
2026-08-13 11:47:24 [INFO]   Parramatta Eels                          6 injuries
2026-08-13 11:47:25 [INFO]   Penrith Panthers                         4 injuries
2026-08-13 11:47:25 [INFO]   South Sydney Rabbitohs                   6 injuries
2026-08-13 11:47:25 [INFO]   St. George Illawarra Dragons             5 injuries
2026-08-13 11:47:25 [INFO]   Sydney Roosters                          4 injuries
2026-08-13 11:47:25 [INFO]   Wests Tigers                             4 injuries
2026-08-13 11:47:25 [INFO] Zero Tackle total: 78 records across 17 teams
2026-08-13 11:47:25 [INFO] Wrote latest-injuries.json -- 78 player records, round 24
2026-08-13 11:47:25 [INFO] Injuries scraped -- 78 records
[2026-08-13T11:47:26] NRL team news
Written /Users/elliotbladen/BetMate/data/nrl/team-news/latest.json
  Round 24 | Teams: 17 | Injuries: 78 | Suspensions preserved: 0
[2026-08-13T11:47:27] NRL market-moving news
2026-08-13 11:47:28 [INFO] Targeting season=2026 round=24
2026-08-13 11:47:28 [INFO] Fetched NRL Casualty Ward                904 bytes
2026-08-13 11:47:29 [INFO] Fetched NRL Judiciary Report             862 bytes
2026-08-13 11:47:29 [INFO] Fetched NRL News                         798 bytes
2026-08-13 11:47:30 [INFO] Fetched Brisbane Broncos News            805 bytes
2026-08-13 11:47:30 [INFO] Fetched Canterbury-Bankstown Bulldogs News 806 bytes
2026-08-13 11:47:31 [INFO] Fetched Canberra Raiders News            805 bytes
2026-08-13 11:47:32 [INFO] Fetched Cronulla-Sutherland Sharks News  804 bytes
2026-08-13 11:47:32 [INFO] Fetched Dolphins News                    809 bytes
2026-08-13 11:47:33 [INFO] Fetched Gold Coast Titans News           804 bytes
2026-08-13 11:47:34 [INFO] Fetched Manly-Warringah Sea Eagles News  807 bytes
2026-08-13 11:47:34 [INFO] Fetched Melbourne Storm News             812 bytes
2026-08-13 11:47:35 [INFO] Fetched Newcastle Knights News           814 bytes
2026-08-13 11:47:36 [INFO] Fetched New Zealand Warriors News        804 bytes
2026-08-13 11:47:36 [INFO] Fetched North Queensland Cowboys News    805 bytes
2026-08-13 11:47:37 [INFO] Fetched Parramatta Eels News             807 bytes
2026-08-13 11:47:38 [INFO] Fetched Penrith Panthers News            813 bytes
2026-08-13 11:47:38 [INFO] Fetched South Sydney Rabbitohs News      180568 bytes
2026-08-13 11:47:39 [INFO] Fetched St. George Illawarra Dragons News 805 bytes
2026-08-13 11:47:40 [INFO] Fetched Sydney Roosters News             806 bytes
2026-08-13 11:47:40 [INFO] Fetched Wests Tigers News                809 bytes
2026-08-13 11:47:41 [INFO] Wrote 0 flags
2026-08-13 11:47:41 [INFO] JSON: /Users/elliotbladen/BetMate/data/nrl/news_flags/processed/2026/2026-08-13.json
2026-08-13 11:47:41 [INFO] CSV:  /Users/elliotbladen/BetMate/data/nrl/news_flags/processed/2026/2026-08-13.csv
2026-08-13 11:47:41 [INFO] News flags complete -- 0 total, 0 HIGH
[2026-08-13T11:47:41] AFL injuries
2026-08-13 11:47:41 [INFO] Targeting season=2026 round=23
2026-08-13 11:47:41 [INFO] Attempt 1/3 -- AFL injuries R23 2026
2026-08-13 11:47:43 [INFO] Parsed 154 player records across all teams
2026-08-13 11:47:43 [INFO] Wrote latest-injuries.json -- 154 records, round 23
[2026-08-13T11:47:43] Market event log
Wrote 501 events -> /Users/elliotbladen/BetMate/data/market_events/2026_events.csv
  injury: 501
[2026-08-13T12:57:55] NRL injuries
2026-08-13 12:57:56 [INFO] Targeting season=2026 round=24
2026-08-13 12:57:56 [INFO] Attempt 1/3 -- Zero Tackle injuries R24 2026
2026-08-13 12:57:56 [INFO]   Brisbane Broncos                         4 injuries
2026-08-13 12:57:56 [INFO]   Canberra Raiders                         3 injuries
2026-08-13 12:57:57 [INFO]   Canterbury-Bankstown Bulldogs            2 injuries
2026-08-13 12:57:57 [INFO]   Cronulla-Sutherland Sharks               4 injuries
2026-08-13 12:57:57 [INFO]   Dolphins                                 2 injuries
2026-08-13 12:57:57 [INFO]   Gold Coast Titans                        4 injuries
2026-08-13 12:57:57 [INFO]   Manly-Warringah Sea Eagles               9 injuries
2026-08-13 12:57:58 [INFO]   Melbourne Storm                          8 injuries
2026-08-13 12:57:58 [INFO]   Newcastle Knights                        6 injuries
2026-08-13 12:57:58 [INFO]   New Zealand Warriors                     4 injuries
2026-08-13 12:57:58 [INFO]   North Queensland Cowboys                 3 injuries
2026-08-13 12:57:58 [INFO]   Parramatta Eels                          6 injuries
2026-08-13 12:57:59 [INFO]   Penrith Panthers                         4 injuries
2026-08-13 12:57:59 [INFO]   South Sydney Rabbitohs                   6 injuries
2026-08-13 12:57:59 [INFO]   St. George Illawarra Dragons             5 injuries
2026-08-13 12:57:59 [INFO]   Sydney Roosters                          4 injuries
2026-08-13 12:57:59 [INFO]   Wests Tigers                             4 injuries
2026-08-13 12:57:59 [INFO] Zero Tackle total: 78 records across 17 teams
2026-08-13 12:57:59 [INFO] Wrote latest-injuries.json -- 78 player records, round 24
2026-08-13 12:57:59 [INFO] Injuries scraped -- 78 records
[2026-08-13T12:58:00] NRL team news
Written /Users/elliotbladen/BetMate/data/nrl/team-news/latest.json
  Round 24 | Teams: 17 | Injuries: 78 | Suspensions preserved: 0
[2026-08-13T12:58:01] NRL market-moving news
2026-08-13 12:58:01 [INFO] Targeting season=2026 round=24
2026-08-13 12:58:01 [INFO] Fetched NRL Casualty Ward                904 bytes
2026-08-13 12:58:02 [INFO] Fetched NRL Judiciary Report             862 bytes
2026-08-13 12:58:03 [INFO] Fetched NRL News                         798 bytes
2026-08-13 12:58:03 [INFO] Fetched Brisbane Broncos News            805 bytes
2026-08-13 12:58:04 [INFO] Fetched Canterbury-Bankstown Bulldogs News 806 bytes
2026-08-13 12:58:04 [INFO] Fetched Canberra Raiders News            805 bytes
2026-08-13 12:58:05 [INFO] Fetched Cronulla-Sutherland Sharks News  804 bytes
2026-08-13 12:58:06 [INFO] Fetched Dolphins News                    809 bytes
2026-08-13 12:58:06 [INFO] Fetched Gold Coast Titans News           804 bytes
2026-08-13 12:58:07 [INFO] Fetched Manly-Warringah Sea Eagles News  807 bytes
2026-08-13 12:58:08 [INFO] Fetched Melbourne Storm News             812 bytes
2026-08-13 12:58:08 [INFO] Fetched Newcastle Knights News           814 bytes
2026-08-13 12:58:09 [INFO] Fetched New Zealand Warriors News        804 bytes
2026-08-13 12:58:10 [INFO] Fetched North Queensland Cowboys News    805 bytes
2026-08-13 12:58:10 [INFO] Fetched Parramatta Eels News             807 bytes
2026-08-13 12:58:11 [INFO] Fetched Penrith Panthers News            813 bytes
2026-08-13 12:58:11 [INFO] Fetched South Sydney Rabbitohs News      180564 bytes
2026-08-13 12:58:12 [INFO] Fetched St. George Illawarra Dragons News 805 bytes
2026-08-13 12:58:13 [INFO] Fetched Sydney Roosters News             806 bytes
2026-08-13 12:58:14 [INFO] Fetched Wests Tigers News                809 bytes
2026-08-13 12:58:14 [INFO] Wrote 0 flags
2026-08-13 12:58:14 [INFO] JSON: /Users/elliotbladen/BetMate/data/nrl/news_flags/processed/2026/2026-08-13.json
2026-08-13 12:58:14 [INFO] CSV:  /Users/elliotbladen/BetMate/data/nrl/news_flags/processed/2026/2026-08-13.csv
2026-08-13 12:58:14 [INFO] News flags complete -- 0 total, 0 HIGH
[2026-08-13T12:58:14] AFL injuries
2026-08-13 12:58:14 [INFO] Targeting season=2026 round=23
2026-08-13 12:58:14 [INFO] Attempt 1/3 -- AFL injuries R23 2026
2026-08-13 12:58:16 [INFO] Parsed 154 player records across all teams
2026-08-13 12:58:16 [INFO] Wrote latest-injuries.json -- 154 records, round 23
[2026-08-13T12:58:16] Market event log
Wrote 501 events -> /Users/elliotbladen/BetMate/data/market_events/2026_events.csv
  injury: 501
[2026-08-13T16:01:52] NRL injuries
2026-08-13 16:01:52 [INFO] Targeting season=2026 round=24
2026-08-13 16:01:52 [INFO] Attempt 1/3 -- Zero Tackle injuries R24 2026
2026-08-13 16:01:52 [INFO]   Brisbane Broncos                         4 injuries
2026-08-13 16:01:53 [INFO]   Canberra Raiders                         3 injuries
2026-08-13 16:01:53 [INFO]   Canterbury-Bankstown Bulldogs            2 injuries
2026-08-13 16:01:53 [INFO]   Cronulla-Sutherland Sharks               4 injuries
2026-08-13 16:01:53 [INFO]   Dolphins                                 2 injuries
2026-08-13 16:01:53 [INFO]   Gold Coast Titans                        4 injuries
2026-08-13 16:01:54 [INFO]   Manly-Warringah Sea Eagles               9 injuries
2026-08-13 16:01:54 [INFO]   Melbourne Storm                          8 injuries
2026-08-13 16:01:54 [INFO]   Newcastle Knights                        6 injuries
2026-08-13 16:01:54 [INFO]   New Zealand Warriors                     4 injuries
2026-08-13 16:01:55 [INFO]   North Queensland Cowboys                 3 injuries
2026-08-13 16:01:55 [INFO]   Parramatta Eels                          6 injuries
2026-08-13 16:01:55 [INFO]   Penrith Panthers                         4 injuries
2026-08-13 16:01:55 [INFO]   South Sydney Rabbitohs                   6 injuries
2026-08-13 16:01:56 [INFO]   St. George Illawarra Dragons             5 injuries
2026-08-13 16:01:56 [INFO]   Sydney Roosters                          4 injuries
2026-08-13 16:01:56 [INFO]   Wests Tigers                             4 injuries
2026-08-13 16:01:56 [INFO] Zero Tackle total: 78 records across 17 teams
2026-08-13 16:01:56 [INFO] Wrote latest-injuries.json -- 78 player records, round 24
2026-08-13 16:01:56 [INFO] Injuries scraped -- 78 records
[2026-08-13T16:01:56] NRL team news
Written /Users/elliotbladen/BetMate/data/nrl/team-news/latest.json
  Round 24 | Teams: 17 | Injuries: 78 | Suspensions preserved: 0
[2026-08-13T16:01:57] NRL market-moving news
2026-08-13 16:01:58 [INFO] Targeting season=2026 round=24
2026-08-13 16:01:58 [INFO] Fetched NRL Casualty Ward                904 bytes
2026-08-13 16:01:58 [INFO] Fetched NRL Judiciary Report             862 bytes
2026-08-13 16:01:59 [INFO] Fetched NRL News                         798 bytes
2026-08-13 16:02:00 [INFO] Fetched Brisbane Broncos News            805 bytes
2026-08-13 16:02:00 [INFO] Fetched Canterbury-Bankstown Bulldogs News 806 bytes
2026-08-13 16:02:01 [INFO] Fetched Canberra Raiders News            805 bytes
2026-08-13 16:02:02 [INFO] Fetched Cronulla-Sutherland Sharks News  804 bytes
2026-08-13 16:02:02 [INFO] Fetched Dolphins News                    809 bytes
2026-08-13 16:02:03 [INFO] Fetched Gold Coast Titans News           804 bytes
2026-08-13 16:02:05 [INFO] Fetched Manly-Warringah Sea Eagles News  807 bytes
2026-08-13 16:02:06 [INFO] Fetched Melbourne Storm News             812 bytes
2026-08-13 16:02:06 [INFO] Fetched Newcastle Knights News           814 bytes
2026-08-13 16:02:07 [INFO] Fetched New Zealand Warriors News        804 bytes
2026-08-13 16:02:08 [INFO] Fetched North Queensland Cowboys News    805 bytes
2026-08-13 16:02:08 [INFO] Fetched Parramatta Eels News             807 bytes
2026-08-13 16:02:09 [INFO] Fetched Penrith Panthers News            813 bytes
2026-08-13 16:02:10 [INFO] Fetched South Sydney Rabbitohs News      180565 bytes
2026-08-13 16:02:11 [INFO] Fetched St. George Illawarra Dragons News 805 bytes
2026-08-13 16:02:11 [INFO] Fetched Sydney Roosters News             806 bytes
2026-08-13 16:02:12 [INFO] Fetched Wests Tigers News                809 bytes
2026-08-13 16:02:12 [INFO] Wrote 0 flags
2026-08-13 16:02:12 [INFO] JSON: /Users/elliotbladen/BetMate/data/nrl/news_flags/processed/2026/2026-08-13.json
2026-08-13 16:02:12 [INFO] CSV:  /Users/elliotbladen/BetMate/data/nrl/news_flags/processed/2026/2026-08-13.csv
2026-08-13 16:02:12 [INFO] News flags complete -- 0 total, 0 HIGH
[2026-08-13T16:02:12] AFL injuries
2026-08-13 16:02:13 [INFO] Targeting season=2026 round=23
2026-08-13 16:02:13 [INFO] Attempt 1/3 -- AFL injuries R23 2026
2026-08-13 16:02:14 [INFO] Parsed 154 player records across all teams
2026-08-13 16:02:14 [INFO] Wrote latest-injuries.json -- 154 records, round 23
[2026-08-13T16:02:14] Market event log
Wrote 501 events -> /Users/elliotbladen/BetMate/data/market_events/2026_events.csv
  injury: 501
[2026-08-14T08:46:15] NRL injuries
2026-08-14 08:46:16 [INFO] Targeting season=2026 round=24
2026-08-14 08:46:16 [INFO] Attempt 1/3 -- Zero Tackle injuries R24 2026
2026-08-14 08:46:16 [INFO]   Brisbane Broncos                         4 injuries
2026-08-14 08:46:16 [INFO]   Canberra Raiders                         3 injuries
2026-08-14 08:46:16 [INFO]   Canterbury-Bankstown Bulldogs            2 injuries
2026-08-14 08:46:16 [INFO]   Cronulla-Sutherland Sharks               2 injuries
2026-08-14 08:46:17 [INFO]   Dolphins                                 1 injuries
2026-08-14 08:46:17 [INFO]   Gold Coast Titans                        4 injuries
2026-08-14 08:46:17 [INFO]   Manly-Warringah Sea Eagles               7 injuries
2026-08-14 08:46:17 [INFO]   Melbourne Storm                          8 injuries
2026-08-14 08:46:18 [INFO]   Newcastle Knights                        5 injuries
2026-08-14 08:46:18 [INFO]   New Zealand Warriors                     3 injuries
2026-08-14 08:46:18 [INFO]   North Queensland Cowboys                 2 injuries
2026-08-14 08:46:18 [INFO]   Parramatta Eels                          5 injuries
2026-08-14 08:46:18 [INFO]   Penrith Panthers                         3 injuries
2026-08-14 08:46:19 [INFO]   South Sydney Rabbitohs                   5 injuries
2026-08-14 08:46:19 [INFO]   St. George Illawarra Dragons             3 injuries
2026-08-14 08:46:19 [INFO]   Sydney Roosters                          4 injuries
2026-08-14 08:46:19 [INFO]   Wests Tigers                             4 injuries
2026-08-14 08:46:19 [INFO] Zero Tackle total: 65 records across 17 teams
2026-08-14 08:46:19 [INFO] Wrote latest-injuries.json -- 65 player records, round 24
2026-08-14 08:46:19 [INFO] Injuries scraped -- 65 records
[2026-08-14T08:46:20] NRL team news
Written /Users/elliotbladen/BetMate/data/nrl/team-news/latest.json
  Round 24 | Teams: 17 | Injuries: 65 | Suspensions preserved: 0
[2026-08-14T08:46:21] NRL market-moving news
2026-08-14 08:46:21 [INFO] Targeting season=2026 round=24
2026-08-14 08:46:21 [INFO] Fetched NRL Casualty Ward                904 bytes
2026-08-14 08:46:22 [INFO] Fetched NRL Judiciary Report             862 bytes
2026-08-14 08:46:23 [INFO] Fetched NRL News                         798 bytes
2026-08-14 08:46:23 [INFO] Fetched Brisbane Broncos News            805 bytes
2026-08-14 08:46:24 [INFO] Fetched Canterbury-Bankstown Bulldogs News 806 bytes
2026-08-14 08:46:24 [INFO] Fetched Canberra Raiders News            805 bytes
2026-08-14 08:46:25 [INFO] Fetched Cronulla-Sutherland Sharks News  804 bytes
2026-08-14 08:46:26 [INFO] Fetched Dolphins News                    809 bytes
2026-08-14 08:46:26 [INFO] Fetched Gold Coast Titans News           804 bytes
2026-08-14 08:46:27 [INFO] Fetched Manly-Warringah Sea Eagles News  807 bytes
2026-08-14 08:46:28 [INFO] Fetched Melbourne Storm News             812 bytes
2026-08-14 08:46:28 [INFO] Fetched Newcastle Knights News           814 bytes
2026-08-14 08:46:29 [INFO] Fetched New Zealand Warriors News        804 bytes
2026-08-14 08:46:29 [INFO] Fetched North Queensland Cowboys News    805 bytes
2026-08-14 08:46:30 [INFO] Fetched Parramatta Eels News             807 bytes
2026-08-14 08:46:30 [INFO] Fetched Penrith Panthers News            813 bytes
2026-08-14 08:46:31 [INFO] Fetched South Sydney Rabbitohs News      180591 bytes
2026-08-14 08:46:32 [INFO] Fetched St. George Illawarra Dragons News 805 bytes
2026-08-14 08:46:33 [INFO] Fetched Sydney Roosters News             806 bytes
2026-08-14 08:46:33 [INFO] Fetched Wests Tigers News                809 bytes
2026-08-14 08:46:34 [INFO] Wrote 0 flags
2026-08-14 08:46:34 [INFO] JSON: /Users/elliotbladen/BetMate/data/nrl/news_flags/processed/2026/2026-08-14.json
2026-08-14 08:46:34 [INFO] CSV:  /Users/elliotbladen/BetMate/data/nrl/news_flags/processed/2026/2026-08-14.csv
2026-08-14 08:46:34 [INFO] News flags complete -- 0 total, 0 HIGH
[2026-08-14T08:46:34] AFL injuries
2026-08-14 08:46:34 [INFO] Targeting season=2026 round=24
2026-08-14 08:46:34 [INFO] Attempt 1/3 -- AFL injuries R24 2026
2026-08-14 08:46:35 [INFO] Parsed 154 player records across all teams
2026-08-14 08:46:35 [INFO] Wrote latest-injuries.json -- 154 records, round 24
[2026-08-14T08:46:35] Market event log
Wrote 642 events -> /Users/elliotbladen/BetMate/data/market_events/2026_events.csv
  injury: 642
AFL injury refresh pinned to prepared round 23
[2026-08-14T09:16:31] NRL injuries
2026-08-14 09:16:31 [INFO] Targeting season=2026 round=24
2026-08-14 09:16:31 [INFO] Attempt 1/3 -- Zero Tackle injuries R24 2026
2026-08-14 09:16:32 [INFO]   Brisbane Broncos                         4 injuries
2026-08-14 09:16:32 [INFO]   Canberra Raiders                         3 injuries
2026-08-14 09:16:32 [INFO]   Canterbury-Bankstown Bulldogs            2 injuries
2026-08-14 09:16:32 [INFO]   Cronulla-Sutherland Sharks               2 injuries
2026-08-14 09:16:32 [INFO]   Dolphins                                 1 injuries
2026-08-14 09:16:33 [INFO]   Gold Coast Titans                        4 injuries
2026-08-14 09:16:33 [INFO]   Manly-Warringah Sea Eagles               7 injuries
2026-08-14 09:16:33 [INFO]   Melbourne Storm                          8 injuries
2026-08-14 09:16:33 [INFO]   Newcastle Knights                        5 injuries
2026-08-14 09:16:34 [INFO]   New Zealand Warriors                     3 injuries
2026-08-14 09:16:34 [INFO]   North Queensland Cowboys                 2 injuries
2026-08-14 09:16:34 [INFO]   Parramatta Eels                          5 injuries
2026-08-14 09:16:34 [INFO]   Penrith Panthers                         3 injuries
2026-08-14 09:16:34 [INFO]   South Sydney Rabbitohs                   5 injuries
2026-08-14 09:16:35 [INFO]   St. George Illawarra Dragons             3 injuries
2026-08-14 09:16:35 [INFO]   Sydney Roosters                          4 injuries
2026-08-14 09:16:35 [INFO]   Wests Tigers                             4 injuries
2026-08-14 09:16:35 [INFO] Zero Tackle total: 65 records across 17 teams
2026-08-14 09:16:35 [INFO] Wrote latest-injuries.json -- 65 player records, round 24
2026-08-14 09:16:35 [INFO] Injuries scraped -- 65 records
[2026-08-14T09:16:35] NRL team news
Written /Users/elliotbladen/BetMate/data/nrl/team-news/latest.json
  Round 24 | Teams: 17 | Injuries: 65 | Suspensions preserved: 0
[2026-08-14T09:16:36] NRL market-moving news
2026-08-14 09:16:37 [INFO] Targeting season=2026 round=24
2026-08-14 09:16:37 [INFO] Fetched NRL Casualty Ward                904 bytes
2026-08-14 09:16:38 [INFO] Fetched NRL Judiciary Report             862 bytes
2026-08-14 09:16:38 [INFO] Fetched NRL News                         798 bytes
2026-08-14 09:16:39 [INFO] Fetched Brisbane Broncos News            805 bytes
2026-08-14 09:16:40 [INFO] Fetched Canterbury-Bankstown Bulldogs News 806 bytes
2026-08-14 09:16:40 [INFO] Fetched Canberra Raiders News            805 bytes
2026-08-14 09:16:41 [INFO] Fetched Cronulla-Sutherland Sharks News  804 bytes
2026-08-14 09:16:41 [INFO] Fetched Dolphins News                    809 bytes
2026-08-14 09:16:42 [INFO] Fetched Gold Coast Titans News           804 bytes
2026-08-14 09:16:43 [INFO] Fetched Manly-Warringah Sea Eagles News  807 bytes
2026-08-14 09:16:43 [INFO] Fetched Melbourne Storm News             812 bytes
2026-08-14 09:16:44 [INFO] Fetched Newcastle Knights News           814 bytes
2026-08-14 09:16:45 [INFO] Fetched New Zealand Warriors News        804 bytes
2026-08-14 09:16:45 [INFO] Fetched North Queensland Cowboys News    805 bytes
2026-08-14 09:16:46 [INFO] Fetched Parramatta Eels News             807 bytes
2026-08-14 09:16:46 [INFO] Fetched Penrith Panthers News            813 bytes
2026-08-14 09:16:47 [INFO] Fetched South Sydney Rabbitohs News      180588 bytes
2026-08-14 09:16:48 [INFO] Fetched St. George Illawarra Dragons News 805 bytes
2026-08-14 09:16:48 [INFO] Fetched Sydney Roosters News             806 bytes
2026-08-14 09:16:49 [INFO] Fetched Wests Tigers News                809 bytes
2026-08-14 09:16:49 [INFO] Wrote 0 flags
2026-08-14 09:16:49 [INFO] JSON: /Users/elliotbladen/BetMate/data/nrl/news_flags/processed/2026/2026-08-14.json
2026-08-14 09:16:49 [INFO] CSV:  /Users/elliotbladen/BetMate/data/nrl/news_flags/processed/2026/2026-08-14.csv
2026-08-14 09:16:49 [INFO] News flags complete -- 0 total, 0 HIGH
[2026-08-14T09:16:49] AFL injuries
2026-08-14 09:16:50 [INFO] Targeting season=2026 round=23
2026-08-14 09:16:50 [INFO] Attempt 1/3 -- AFL injuries R23 2026
2026-08-14 09:16:51 [INFO] Parsed 154 player records across all teams
2026-08-14 09:16:51 [INFO] Wrote latest-injuries.json -- 154 records, round 23
[2026-08-14T09:16:51] Market event log
Wrote 642 events -> /Users/elliotbladen/BetMate/data/market_events/2026_events.csv
  injury: 642
AFL injury refresh pinned to prepared round 23
[2026-08-14T13:03:45] NRL injuries
2026-08-14 13:03:45 [INFO] Targeting season=2026 round=24
2026-08-14 13:03:45 [INFO] Attempt 1/3 -- Zero Tackle injuries R24 2026
2026-08-14 13:03:45 [INFO]   Brisbane Broncos                         4 injuries
2026-08-14 13:03:46 [INFO]   Canberra Raiders                         3 injuries
2026-08-14 13:03:46 [INFO]   Canterbury-Bankstown Bulldogs            2 injuries
2026-08-14 13:03:46 [INFO]   Cronulla-Sutherland Sharks               2 injuries
2026-08-14 13:03:46 [INFO]   Dolphins                                 1 injuries
2026-08-14 13:03:46 [INFO]   Gold Coast Titans                        4 injuries
2026-08-14 13:03:47 [INFO]   Manly-Warringah Sea Eagles               7 injuries
2026-08-14 13:03:47 [INFO]   Melbourne Storm                          8 injuries
2026-08-14 13:03:47 [INFO]   Newcastle Knights                        5 injuries
2026-08-14 13:03:47 [INFO]   New Zealand Warriors                     3 injuries
2026-08-14 13:03:47 [INFO]   North Queensland Cowboys                 2 injuries
2026-08-14 13:03:48 [INFO]   Parramatta Eels                          5 injuries
2026-08-14 13:03:48 [INFO]   Penrith Panthers                         3 injuries
2026-08-14 13:03:48 [INFO]   South Sydney Rabbitohs                   5 injuries
2026-08-14 13:03:48 [INFO]   St. George Illawarra Dragons             3 injuries
2026-08-14 13:03:49 [INFO]   Sydney Roosters                          4 injuries
2026-08-14 13:03:49 [INFO]   Wests Tigers                             4 injuries
2026-08-14 13:03:49 [INFO] Zero Tackle total: 65 records across 17 teams
2026-08-14 13:03:49 [INFO] Wrote latest-injuries.json -- 65 player records, round 24
2026-08-14 13:03:49 [INFO] Injuries scraped -- 65 records
[2026-08-14T13:03:49] NRL team news
Written /Users/elliotbladen/BetMate/data/nrl/team-news/latest.json
  Round 24 | Teams: 17 | Injuries: 65 | Suspensions preserved: 0
[2026-08-14T13:03:50] NRL market-moving news
2026-08-14 13:03:51 [INFO] Targeting season=2026 round=24
2026-08-14 13:03:51 [INFO] Fetched NRL Casualty Ward                904 bytes
2026-08-14 13:03:52 [INFO] Fetched NRL Judiciary Report             862 bytes
2026-08-14 13:03:52 [INFO] Fetched NRL News                         798 bytes
2026-08-14 13:03:53 [INFO] Fetched Brisbane Broncos News            805 bytes
2026-08-14 13:03:53 [INFO] Fetched Canterbury-Bankstown Bulldogs News 806 bytes
2026-08-14 13:03:54 [INFO] Fetched Canberra Raiders News            805 bytes
2026-08-14 13:03:55 [INFO] Fetched Cronulla-Sutherland Sharks News  804 bytes
2026-08-14 13:03:55 [INFO] Fetched Dolphins News                    809 bytes
2026-08-14 13:03:56 [INFO] Fetched Gold Coast Titans News           804 bytes
2026-08-14 13:03:57 [INFO] Fetched Manly-Warringah Sea Eagles News  807 bytes
2026-08-14 13:03:57 [INFO] Fetched Melbourne Storm News             812 bytes
2026-08-14 13:03:58 [INFO] Fetched Newcastle Knights News           814 bytes
2026-08-14 13:03:59 [INFO] Fetched New Zealand Warriors News        804 bytes
2026-08-14 13:03:59 [INFO] Fetched North Queensland Cowboys News    805 bytes
2026-08-14 13:04:00 [INFO] Fetched Parramatta Eels News             807 bytes
2026-08-14 13:04:01 [INFO] Fetched Penrith Panthers News            813 bytes
2026-08-14 13:04:01 [INFO] Fetched South Sydney Rabbitohs News      180586 bytes
2026-08-14 13:04:02 [INFO] Fetched St. George Illawarra Dragons News 805 bytes
2026-08-14 13:04:03 [INFO] Fetched Sydney Roosters News             806 bytes
2026-08-14 13:04:03 [INFO] Fetched Wests Tigers News                809 bytes
2026-08-14 13:04:04 [INFO] Wrote 0 flags
2026-08-14 13:04:04 [INFO] JSON: /Users/elliotbladen/BetMate/data/nrl/news_flags/processed/2026/2026-08-14.json
2026-08-14 13:04:04 [INFO] CSV:  /Users/elliotbladen/BetMate/data/nrl/news_flags/processed/2026/2026-08-14.csv
2026-08-14 13:04:04 [INFO] News flags complete -- 0 total, 0 HIGH
[2026-08-14T13:04:04] AFL injuries
2026-08-14 13:04:04 [INFO] Targeting season=2026 round=23
2026-08-14 13:04:04 [INFO] Attempt 1/3 -- AFL injuries R23 2026
2026-08-14 13:04:05 [INFO] Parsed 154 player records across all teams
2026-08-14 13:04:05 [INFO] Wrote latest-injuries.json -- 154 records, round 23
[2026-08-14T13:04:05] Market event log
Wrote 642 events -> /Users/elliotbladen/BetMate/data/market_events/2026_events.csv
  injury: 642
AFL injury refresh pinned to prepared round 23
[2026-08-14T13:04:11] NRL injuries
2026-08-14 13:04:11 [INFO] Targeting season=2026 round=24
2026-08-14 13:04:11 [INFO] Attempt 1/3 -- Zero Tackle injuries R24 2026
2026-08-14 13:04:12 [INFO]   Brisbane Broncos                         4 injuries
2026-08-14 13:04:12 [INFO]   Canberra Raiders                         3 injuries
2026-08-14 13:04:12 [INFO]   Canterbury-Bankstown Bulldogs            2 injuries
2026-08-14 13:04:12 [INFO]   Cronulla-Sutherland Sharks               2 injuries
2026-08-14 13:04:12 [INFO]   Dolphins                                 1 injuries
2026-08-14 13:04:13 [INFO]   Gold Coast Titans                        4 injuries
2026-08-14 13:04:13 [INFO]   Manly-Warringah Sea Eagles               7 injuries
2026-08-14 13:04:13 [INFO]   Melbourne Storm                          8 injuries
2026-08-14 13:04:13 [INFO]   Newcastle Knights                        5 injuries
2026-08-14 13:04:13 [INFO]   New Zealand Warriors                     3 injuries
2026-08-14 13:04:14 [INFO]   North Queensland Cowboys                 2 injuries
2026-08-14 13:04:14 [INFO]   Parramatta Eels                          5 injuries
2026-08-14 13:04:14 [INFO]   Penrith Panthers                         3 injuries
2026-08-14 13:04:14 [INFO]   South Sydney Rabbitohs                   5 injuries
2026-08-14 13:04:15 [INFO]   St. George Illawarra Dragons             3 injuries
2026-08-14 13:04:15 [INFO]   Sydney Roosters                          4 injuries
2026-08-14 13:04:15 [INFO]   Wests Tigers                             4 injuries
2026-08-14 13:04:15 [INFO] Zero Tackle total: 65 records across 17 teams
2026-08-14 13:04:15 [INFO] Wrote latest-injuries.json -- 65 player records, round 24
2026-08-14 13:04:15 [INFO] Injuries scraped -- 65 records
[2026-08-14T13:04:15] NRL team news
Written /Users/elliotbladen/BetMate/data/nrl/team-news/latest.json
  Round 24 | Teams: 17 | Injuries: 65 | Suspensions preserved: 0
[2026-08-14T13:04:16] NRL market-moving news
2026-08-14 13:04:16 [INFO] Targeting season=2026 round=24
2026-08-14 13:04:16 [INFO] Fetched NRL Casualty Ward                904 bytes
2026-08-14 13:04:17 [INFO] Fetched NRL Judiciary Report             862 bytes
2026-08-14 13:04:17 [INFO] Fetched NRL News                         798 bytes
2026-08-14 13:04:18 [INFO] Fetched Brisbane Broncos News            805 bytes
2026-08-14 13:04:19 [INFO] Fetched Canterbury-Bankstown Bulldogs News 806 bytes
2026-08-14 13:04:19 [INFO] Fetched Canberra Raiders News            805 bytes
2026-08-14 13:04:20 [INFO] Fetched Cronulla-Sutherland Sharks News  804 bytes
2026-08-14 13:04:21 [INFO] Fetched Dolphins News                    809 bytes
2026-08-14 13:04:21 [INFO] Fetched Gold Coast Titans News           804 bytes
2026-08-14 13:04:22 [INFO] Fetched Manly-Warringah Sea Eagles News  807 bytes
2026-08-14 13:04:23 [INFO] Fetched Melbourne Storm News             812 bytes
2026-08-14 13:04:23 [INFO] Fetched Newcastle Knights News           814 bytes
2026-08-14 13:04:24 [INFO] Fetched New Zealand Warriors News        804 bytes
2026-08-14 13:04:24 [INFO] Fetched North Queensland Cowboys News    805 bytes
2026-08-14 13:04:25 [INFO] Fetched Parramatta Eels News             807 bytes
2026-08-14 13:04:26 [INFO] Fetched Penrith Panthers News            813 bytes
2026-08-14 13:04:26 [INFO] Fetched South Sydney Rabbitohs News      180586 bytes
2026-08-14 13:04:27 [INFO] Fetched St. George Illawarra Dragons News 805 bytes
2026-08-14 13:04:28 [INFO] Fetched Sydney Roosters News             806 bytes
2026-08-14 13:04:28 [INFO] Fetched Wests Tigers News                809 bytes
2026-08-14 13:04:29 [INFO] Wrote 0 flags
2026-08-14 13:04:29 [INFO] JSON: /Users/elliotbladen/BetMate/data/nrl/news_flags/processed/2026/2026-08-14.json
2026-08-14 13:04:29 [INFO] CSV:  /Users/elliotbladen/BetMate/data/nrl/news_flags/processed/2026/2026-08-14.csv
2026-08-14 13:04:29 [INFO] News flags complete -- 0 total, 0 HIGH
[2026-08-14T13:04:29] AFL injuries
2026-08-14 13:04:29 [INFO] Targeting season=2026 round=23
2026-08-14 13:04:29 [INFO] Attempt 1/3 -- AFL injuries R23 2026
2026-08-14 13:04:30 [INFO] Parsed 154 player records across all teams
2026-08-14 13:04:30 [INFO] Wrote latest-injuries.json -- 154 records, round 23
[2026-08-14T13:04:30] Market event log
Wrote 642 events -> /Users/elliotbladen/BetMate/data/market_events/2026_events.csv
  injury: 642
AFL injury refresh pinned to prepared round 23
[2026-08-14T14:04:31] NRL injuries
2026-08-14 14:04:31 [INFO] Targeting season=2026 round=24
2026-08-14 14:04:31 [INFO] Attempt 1/3 -- Zero Tackle injuries R24 2026
2026-08-14 14:04:31 [INFO]   Brisbane Broncos                         4 injuries
2026-08-14 14:04:31 [INFO]   Canberra Raiders                         3 injuries
2026-08-14 14:04:32 [INFO]   Canterbury-Bankstown Bulldogs            2 injuries
2026-08-14 14:04:32 [INFO]   Cronulla-Sutherland Sharks               2 injuries
2026-08-14 14:04:32 [INFO]   Dolphins                                 1 injuries
2026-08-14 14:04:33 [INFO]   Gold Coast Titans                        4 injuries
2026-08-14 14:04:33 [INFO]   Manly-Warringah Sea Eagles               7 injuries
2026-08-14 14:04:33 [INFO]   Melbourne Storm                          8 injuries
2026-08-14 14:04:33 [INFO]   Newcastle Knights                        5 injuries
2026-08-14 14:04:33 [INFO]   New Zealand Warriors                     3 injuries
2026-08-14 14:04:34 [INFO]   North Queensland Cowboys                 2 injuries
2026-08-14 14:04:34 [INFO]   Parramatta Eels                          5 injuries
2026-08-14 14:04:34 [INFO]   Penrith Panthers                         3 injuries
2026-08-14 14:04:34 [INFO]   South Sydney Rabbitohs                   5 injuries
2026-08-14 14:04:34 [INFO]   St. George Illawarra Dragons             4 injuries
2026-08-14 14:04:35 [INFO]   Sydney Roosters                          4 injuries
2026-08-14 14:04:35 [INFO]   Wests Tigers                             4 injuries
2026-08-14 14:04:35 [INFO] Zero Tackle total: 66 records across 17 teams
2026-08-14 14:04:35 [INFO] Wrote latest-injuries.json -- 66 player records, round 24
2026-08-14 14:04:35 [INFO] Injuries scraped -- 66 records
[2026-08-14T14:04:35] NRL team news
Written /Users/elliotbladen/BetMate/data/nrl/team-news/latest.json
  Round 24 | Teams: 17 | Injuries: 66 | Suspensions preserved: 0
[2026-08-14T14:04:36] NRL market-moving news
2026-08-14 14:04:37 [INFO] Targeting season=2026 round=24
2026-08-14 14:04:37 [INFO] Fetched NRL Casualty Ward                904 bytes
2026-08-14 14:04:38 [INFO] Fetched NRL Judiciary Report             862 bytes
2026-08-14 14:04:38 [INFO] Fetched NRL News                         798 bytes
2026-08-14 14:04:39 [INFO] Fetched Brisbane Broncos News            805 bytes
2026-08-14 14:04:39 [INFO] Fetched Canterbury-Bankstown Bulldogs News 806 bytes
2026-08-14 14:04:40 [INFO] Fetched Canberra Raiders News            805 bytes
2026-08-14 14:04:41 [INFO] Fetched Cronulla-Sutherland Sharks News  804 bytes
2026-08-14 14:04:41 [INFO] Fetched Dolphins News                    809 bytes
2026-08-14 14:04:42 [INFO] Fetched Gold Coast Titans News           804 bytes
2026-08-14 14:04:43 [INFO] Fetched Manly-Warringah Sea Eagles News  807 bytes
2026-08-14 14:04:43 [INFO] Fetched Melbourne Storm News             812 bytes
2026-08-14 14:04:44 [INFO] Fetched Newcastle Knights News           814 bytes
2026-08-14 14:04:44 [INFO] Fetched New Zealand Warriors News        804 bytes
2026-08-14 14:04:45 [INFO] Fetched North Queensland Cowboys News    805 bytes
2026-08-14 14:04:46 [INFO] Fetched Parramatta Eels News             807 bytes
2026-08-14 14:04:46 [INFO] Fetched Penrith Panthers News            813 bytes
2026-08-14 14:04:47 [INFO] Fetched South Sydney Rabbitohs News      180586 bytes
2026-08-14 14:04:48 [INFO] Fetched St. George Illawarra Dragons News 805 bytes
2026-08-14 14:04:48 [INFO] Fetched Sydney Roosters News             806 bytes
2026-08-14 14:04:49 [INFO] Fetched Wests Tigers News                809 bytes
2026-08-14 14:04:49 [INFO] Wrote 0 flags
2026-08-14 14:04:49 [INFO] JSON: /Users/elliotbladen/BetMate/data/nrl/news_flags/processed/2026/2026-08-14.json
2026-08-14 14:04:49 [INFO] CSV:  /Users/elliotbladen/BetMate/data/nrl/news_flags/processed/2026/2026-08-14.csv
2026-08-14 14:04:49 [INFO] News flags complete -- 0 total, 0 HIGH
[2026-08-14T14:04:49] AFL injuries
2026-08-14 14:04:50 [INFO] Targeting season=2026 round=23
2026-08-14 14:04:50 [INFO] Attempt 1/3 -- AFL injuries R23 2026
2026-08-14 14:04:51 [INFO] Parsed 154 player records across all teams
2026-08-14 14:04:51 [INFO] Wrote latest-injuries.json -- 154 records, round 23
[2026-08-14T14:04:51] Market event log
Wrote 643 events -> /Users/elliotbladen/BetMate/data/market_events/2026_events.csv
  injury: 643
AFL injury refresh pinned to prepared round 23
[2026-08-14T15:04:51] NRL injuries
2026-08-14 15:04:52 [INFO] Targeting season=2026 round=24
2026-08-14 15:04:52 [INFO] Attempt 1/3 -- Zero Tackle injuries R24 2026
2026-08-14 15:04:52 [INFO]   Brisbane Broncos                         4 injuries
2026-08-14 15:04:52 [INFO]   Canberra Raiders                         3 injuries
2026-08-14 15:04:52 [INFO]   Canterbury-Bankstown Bulldogs            2 injuries
2026-08-14 15:04:53 [INFO]   Cronulla-Sutherland Sharks               2 injuries
2026-08-14 15:04:53 [INFO]   Dolphins                                 1 injuries
2026-08-14 15:04:53 [INFO]   Gold Coast Titans                        4 injuries
2026-08-14 15:04:54 [INFO]   Manly-Warringah Sea Eagles               7 injuries
2026-08-14 15:04:54 [INFO]   Melbourne Storm                          8 injuries
2026-08-14 15:04:54 [INFO]   Newcastle Knights                        5 injuries
2026-08-14 15:04:54 [INFO]   New Zealand Warriors                     3 injuries
2026-08-14 15:04:54 [INFO]   North Queensland Cowboys                 2 injuries
2026-08-14 15:04:55 [INFO]   Parramatta Eels                          5 injuries
2026-08-14 15:04:55 [INFO]   Penrith Panthers                         3 injuries
2026-08-14 15:04:55 [INFO]   South Sydney Rabbitohs                   5 injuries
2026-08-14 15:04:55 [INFO]   St. George Illawarra Dragons             4 injuries
2026-08-14 15:04:56 [INFO]   Sydney Roosters                          4 injuries
2026-08-14 15:04:56 [INFO]   Wests Tigers                             4 injuries
2026-08-14 15:04:56 [INFO] Zero Tackle total: 66 records across 17 teams
2026-08-14 15:04:56 [INFO] Wrote latest-injuries.json -- 66 player records, round 24
2026-08-14 15:04:56 [INFO] Injuries scraped -- 66 records
[2026-08-14T15:04:56] NRL team news
Written /Users/elliotbladen/BetMate/data/nrl/team-news/latest.json
  Round 24 | Teams: 17 | Injuries: 66 | Suspensions preserved: 0
[2026-08-14T15:04:57] NRL market-moving news
2026-08-14 15:04:57 [INFO] Targeting season=2026 round=24
2026-08-14 15:04:58 [INFO] Fetched NRL Casualty Ward                904 bytes
2026-08-14 15:04:58 [INFO] Fetched NRL Judiciary Report             862 bytes
2026-08-14 15:04:59 [INFO] Fetched NRL News                         798 bytes
2026-08-14 15:04:59 [INFO] Fetched Brisbane Broncos News            805 bytes
2026-08-14 15:05:00 [INFO] Fetched Canterbury-Bankstown Bulldogs News 806 bytes
2026-08-14 15:05:01 [INFO] Fetched Canberra Raiders News            805 bytes
2026-08-14 15:05:01 [INFO] Fetched Cronulla-Sutherland Sharks News  804 bytes
2026-08-14 15:05:02 [INFO] Fetched Dolphins News                    809 bytes
2026-08-14 15:05:02 [INFO] Fetched Gold Coast Titans News           804 bytes
2026-08-14 15:05:03 [INFO] Fetched Manly-Warringah Sea Eagles News  807 bytes
2026-08-14 15:05:04 [INFO] Fetched Melbourne Storm News             812 bytes
2026-08-14 15:05:04 [INFO] Fetched Newcastle Knights News           814 bytes
2026-08-14 15:05:05 [INFO] Fetched New Zealand Warriors News        804 bytes
2026-08-14 15:05:06 [INFO] Fetched North Queensland Cowboys News    805 bytes
2026-08-14 15:05:06 [INFO] Fetched Parramatta Eels News             807 bytes
2026-08-14 15:05:07 [INFO] Fetched Penrith Panthers News            813 bytes
2026-08-14 15:05:08 [INFO] Fetched South Sydney Rabbitohs News      180586 bytes
2026-08-14 15:05:08 [INFO] Fetched St. George Illawarra Dragons News 805 bytes
2026-08-14 15:05:09 [INFO] Fetched Sydney Roosters News             806 bytes
2026-08-14 15:05:11 [INFO] Fetched Wests Tigers News                809 bytes
2026-08-14 15:05:12 [INFO] Wrote 0 flags
2026-08-14 15:05:12 [INFO] JSON: /Users/elliotbladen/BetMate/data/nrl/news_flags/processed/2026/2026-08-14.json
2026-08-14 15:05:12 [INFO] CSV:  /Users/elliotbladen/BetMate/data/nrl/news_flags/processed/2026/2026-08-14.csv
2026-08-14 15:05:12 [INFO] News flags complete -- 0 total, 0 HIGH
[2026-08-14T15:05:12] AFL injuries
2026-08-14 15:05:12 [INFO] Targeting season=2026 round=23
2026-08-14 15:05:12 [INFO] Attempt 1/3 -- AFL injuries R23 2026
2026-08-14 15:05:13 [INFO] Parsed 154 player records across all teams
2026-08-14 15:05:13 [INFO] Wrote latest-injuries.json -- 154 records, round 23
[2026-08-14T15:05:13] Market event log
Wrote 643 events -> /Users/elliotbladen/BetMate/data/market_events/2026_events.csv
  injury: 643
AFL injury refresh pinned to prepared round 23
[2026-08-14T15:57:26] NRL injuries
2026-08-14 15:57:27 [INFO] Targeting season=2026 round=24
2026-08-14 15:57:27 [INFO] Attempt 1/3 -- Zero Tackle injuries R24 2026
2026-08-14 15:57:27 [INFO]   Brisbane Broncos                         4 injuries
2026-08-14 15:57:27 [INFO]   Canberra Raiders                         3 injuries
2026-08-14 15:57:28 [INFO]   Canterbury-Bankstown Bulldogs            2 injuries
2026-08-14 15:57:28 [INFO]   Cronulla-Sutherland Sharks               2 injuries
2026-08-14 15:57:28 [INFO]   Dolphins                                 1 injuries
2026-08-14 15:57:29 [INFO]   Gold Coast Titans                        4 injuries
2026-08-14 15:57:29 [INFO]   Manly-Warringah Sea Eagles               7 injuries
2026-08-14 15:57:29 [INFO]   Melbourne Storm                          8 injuries
2026-08-14 15:57:30 [INFO]   Newcastle Knights                        5 injuries
2026-08-14 15:57:30 [INFO]   New Zealand Warriors                     3 injuries
2026-08-14 15:57:30 [INFO]   North Queensland Cowboys                 2 injuries
2026-08-14 15:57:30 [INFO]   Parramatta Eels                          5 injuries
2026-08-14 15:57:31 [INFO]   Penrith Panthers                         3 injuries
2026-08-14 15:57:31 [INFO]   South Sydney Rabbitohs                   5 injuries
2026-08-14 15:57:31 [INFO]   St. George Illawarra Dragons             4 injuries
2026-08-14 15:57:32 [INFO]   Sydney Roosters                          4 injuries
2026-08-14 15:57:32 [INFO]   Wests Tigers                             4 injuries
2026-08-14 15:57:32 [INFO] Zero Tackle total: 66 records across 17 teams
2026-08-14 15:57:32 [INFO] Wrote latest-injuries.json -- 66 player records, round 24
2026-08-14 15:57:32 [INFO] Injuries scraped -- 66 records
[2026-08-14T15:57:32] NRL team news
Written /Users/elliotbladen/BetMate/data/nrl/team-news/latest.json
  Round 24 | Teams: 17 | Injuries: 66 | Suspensions preserved: 0
[2026-08-14T15:57:33] NRL market-moving news
2026-08-14 15:57:34 [INFO] Targeting season=2026 round=24
2026-08-14 15:57:34 [INFO] Fetched NRL Casualty Ward                904 bytes
2026-08-14 15:57:35 [INFO] Fetched NRL Judiciary Report             862 bytes
2026-08-14 15:57:35 [INFO] Fetched NRL News                         798 bytes
2026-08-14 15:57:36 [INFO] Fetched Brisbane Broncos News            805 bytes
2026-08-14 15:57:37 [INFO] Fetched Canterbury-Bankstown Bulldogs News 806 bytes
2026-08-14 15:57:37 [INFO] Fetched Canberra Raiders News            805 bytes
2026-08-14 15:57:38 [INFO] Fetched Cronulla-Sutherland Sharks News  804 bytes
2026-08-14 15:57:39 [INFO] Fetched Dolphins News                    809 bytes
2026-08-14 15:57:39 [INFO] Fetched Gold Coast Titans News           804 bytes
2026-08-14 15:57:40 [INFO] Fetched Manly-Warringah Sea Eagles News  807 bytes
2026-08-14 15:57:41 [INFO] Fetched Melbourne Storm News             812 bytes
2026-08-14 15:57:41 [INFO] Fetched Newcastle Knights News           814 bytes
2026-08-14 15:57:42 [INFO] Fetched New Zealand Warriors News        804 bytes
2026-08-14 15:57:42 [INFO] Fetched North Queensland Cowboys News    805 bytes
2026-08-14 15:57:43 [INFO] Fetched Parramatta Eels News             807 bytes
2026-08-14 15:57:44 [INFO] Fetched Penrith Panthers News            813 bytes
2026-08-14 15:57:44 [INFO] Fetched South Sydney Rabbitohs News      180586 bytes
2026-08-14 15:57:45 [INFO] Fetched St. George Illawarra Dragons News 805 bytes
2026-08-14 15:57:46 [INFO] Fetched Sydney Roosters News             806 bytes
2026-08-14 15:57:46 [INFO] Fetched Wests Tigers News                809 bytes
2026-08-14 15:57:47 [INFO] Wrote 0 flags
2026-08-14 15:57:47 [INFO] JSON: /Users/elliotbladen/BetMate/data/nrl/news_flags/processed/2026/2026-08-14.json
2026-08-14 15:57:47 [INFO] CSV:  /Users/elliotbladen/BetMate/data/nrl/news_flags/processed/2026/2026-08-14.csv
2026-08-14 15:57:47 [INFO] News flags complete -- 0 total, 0 HIGH
[2026-08-14T15:57:47] AFL injuries
2026-08-14 15:57:47 [INFO] Targeting season=2026 round=23
2026-08-14 15:57:47 [INFO] Attempt 1/3 -- AFL injuries R23 2026
2026-08-14 15:57:49 [INFO] Parsed 154 player records across all teams
2026-08-14 15:57:49 [INFO] Wrote latest-injuries.json -- 154 records, round 23
[2026-08-14T15:57:49] Market event log
Wrote 643 events -> /Users/elliotbladen/BetMate/data/market_events/2026_events.csv
  injury: 643
AFL injury refresh pinned to prepared round 23
[2026-08-14T16:57:49] NRL injuries
2026-08-14 16:57:49 [INFO] Targeting season=2026 round=24
2026-08-14 16:57:49 [INFO] Attempt 1/3 -- Zero Tackle injuries R24 2026
2026-08-14 16:57:50 [INFO]   Brisbane Broncos                         4 injuries
2026-08-14 16:57:50 [INFO]   Canberra Raiders                         3 injuries
2026-08-14 16:57:50 [INFO]   Canterbury-Bankstown Bulldogs            2 injuries
2026-08-14 16:57:50 [INFO]   Cronulla-Sutherland Sharks               2 injuries
2026-08-14 16:57:50 [INFO]   Dolphins                                 1 injuries
2026-08-14 16:57:51 [INFO]   Gold Coast Titans                        4 injuries
2026-08-14 16:57:51 [INFO]   Manly-Warringah Sea Eagles               7 injuries
2026-08-14 16:57:51 [INFO]   Melbourne Storm                          8 injuries
2026-08-14 16:57:51 [INFO]   Newcastle Knights                        5 injuries
2026-08-14 16:57:51 [INFO]   New Zealand Warriors                     3 injuries
2026-08-14 16:57:52 [INFO]   North Queensland Cowboys                 2 injuries
2026-08-14 16:57:52 [INFO]   Parramatta Eels                          5 injuries
2026-08-14 16:57:52 [INFO]   Penrith Panthers                         3 injuries
2026-08-14 16:57:52 [INFO]   South Sydney Rabbitohs                   5 injuries
2026-08-14 16:57:52 [INFO]   St. George Illawarra Dragons             4 injuries
2026-08-14 16:57:53 [INFO]   Sydney Roosters                          4 injuries
2026-08-14 16:57:53 [INFO]   Wests Tigers                             4 injuries
2026-08-14 16:57:53 [INFO] Zero Tackle total: 66 records across 17 teams
2026-08-14 16:57:53 [INFO] Wrote latest-injuries.json -- 66 player records, round 24
2026-08-14 16:57:53 [INFO] Injuries scraped -- 66 records
[2026-08-14T16:57:53] NRL team news
Written /Users/elliotbladen/BetMate/data/nrl/team-news/latest.json
  Round 24 | Teams: 17 | Injuries: 66 | Suspensions preserved: 0
[2026-08-14T16:57:55] NRL market-moving news
2026-08-14 16:57:55 [INFO] Targeting season=2026 round=24
2026-08-14 16:57:55 [INFO] Fetched NRL Casualty Ward                904 bytes
2026-08-14 16:57:56 [INFO] Fetched NRL Judiciary Report             862 bytes
2026-08-14 16:57:56 [INFO] Fetched NRL News                         798 bytes
2026-08-14 16:57:57 [INFO] Fetched Brisbane Broncos News            805 bytes
2026-08-14 16:57:58 [INFO] Fetched Canterbury-Bankstown Bulldogs News 806 bytes
2026-08-14 16:57:58 [INFO] Fetched Canberra Raiders News            805 bytes
2026-08-14 16:57:59 [INFO] Fetched Cronulla-Sutherland Sharks News  804 bytes
2026-08-14 16:58:00 [INFO] Fetched Dolphins News                    809 bytes
2026-08-14 16:58:00 [INFO] Fetched Gold Coast Titans News           804 bytes
2026-08-14 16:58:01 [INFO] Fetched Manly-Warringah Sea Eagles News  807 bytes
2026-08-14 16:58:01 [INFO] Fetched Melbourne Storm News             812 bytes
2026-08-14 16:58:02 [INFO] Fetched Newcastle Knights News           814 bytes
2026-08-14 16:58:03 [INFO] Fetched New Zealand Warriors News        804 bytes
2026-08-14 16:58:03 [INFO] Fetched North Queensland Cowboys News    805 bytes
2026-08-14 16:58:04 [INFO] Fetched Parramatta Eels News             807 bytes
2026-08-14 16:58:05 [INFO] Fetched Penrith Panthers News            813 bytes
2026-08-14 16:58:05 [INFO] Fetched South Sydney Rabbitohs News      180586 bytes
2026-08-14 16:58:06 [INFO] Fetched St. George Illawarra Dragons News 805 bytes
2026-08-14 16:58:07 [INFO] Fetched Sydney Roosters News             806 bytes
2026-08-14 16:58:07 [INFO] Fetched Wests Tigers News                809 bytes
2026-08-14 16:58:08 [INFO] Wrote 0 flags
2026-08-14 16:58:08 [INFO] JSON: /Users/elliotbladen/BetMate/data/nrl/news_flags/processed/2026/2026-08-14.json
2026-08-14 16:58:08 [INFO] CSV:  /Users/elliotbladen/BetMate/data/nrl/news_flags/processed/2026/2026-08-14.csv
2026-08-14 16:58:08 [INFO] News flags complete -- 0 total, 0 HIGH
[2026-08-14T16:58:08] AFL injuries
2026-08-14 16:58:08 [INFO] Targeting season=2026 round=23
2026-08-14 16:58:08 [INFO] Attempt 1/3 -- AFL injuries R23 2026
2026-08-14 16:58:09 [INFO] Parsed 154 player records across all teams
2026-08-14 16:58:09 [INFO] Wrote latest-injuries.json -- 154 records, round 23
[2026-08-14T16:58:09] Market event log
Wrote 643 events -> /Users/elliotbladen/BetMate/data/market_events/2026_events.csv
  injury: 643
AFL injury refresh pinned to prepared round 23
[2026-08-15T09:57:11] NRL injuries
2026-08-15 09:57:11 [INFO] Targeting season=2026 round=24
2026-08-15 09:57:11 [INFO] Attempt 1/3 -- Zero Tackle injuries R24 2026
2026-08-15 09:57:11 [INFO]   Brisbane Broncos                         4 injuries
2026-08-15 09:57:11 [INFO]   Canberra Raiders                         3 injuries
2026-08-15 09:57:12 [INFO]   Canterbury-Bankstown Bulldogs            3 injuries
2026-08-15 09:57:12 [INFO]   Cronulla-Sutherland Sharks               2 injuries
2026-08-15 09:57:12 [INFO]   Dolphins                                 2 injuries
2026-08-15 09:57:12 [INFO]   Gold Coast Titans                        4 injuries
2026-08-15 09:57:12 [INFO]   Manly-Warringah Sea Eagles               7 injuries
2026-08-15 09:57:13 [INFO]   Melbourne Storm                          8 injuries
2026-08-15 09:57:13 [INFO]   Newcastle Knights                        5 injuries
2026-08-15 09:57:13 [INFO]   New Zealand Warriors                     3 injuries
2026-08-15 09:57:13 [INFO]   North Queensland Cowboys                 2 injuries
2026-08-15 09:57:13 [INFO]   Parramatta Eels                          5 injuries
2026-08-15 09:57:14 [INFO]   Penrith Panthers                         3 injuries
2026-08-15 09:57:14 [INFO]   South Sydney Rabbitohs                   6 injuries
2026-08-15 09:57:14 [INFO]   St. George Illawarra Dragons             4 injuries
2026-08-15 09:57:14 [INFO]   Sydney Roosters                          4 injuries
2026-08-15 09:57:15 [INFO]   Wests Tigers                             4 injuries
2026-08-15 09:57:15 [INFO] Zero Tackle total: 69 records across 17 teams
2026-08-15 09:57:15 [INFO] Wrote latest-injuries.json -- 69 player records, round 24
2026-08-15 09:57:15 [INFO] Injuries scraped -- 69 records
[2026-08-15T09:57:15] NRL team news
Written /Users/elliotbladen/BetMate/data/nrl/team-news/latest.json
  Round 24 | Teams: 17 | Injuries: 69 | Suspensions preserved: 0
[2026-08-15T09:57:16] NRL market-moving news
2026-08-15 09:57:17 [INFO] Targeting season=2026 round=24
2026-08-15 09:57:17 [INFO] Fetched NRL Casualty Ward                904 bytes
2026-08-15 09:57:18 [INFO] Fetched NRL Judiciary Report             862 bytes
2026-08-15 09:57:18 [INFO] Fetched NRL News                         798 bytes
2026-08-15 09:57:19 [INFO] Fetched Brisbane Broncos News            805 bytes
2026-08-15 09:57:19 [INFO] Fetched Canterbury-Bankstown Bulldogs News 806 bytes
2026-08-15 09:57:20 [INFO] Fetched Canberra Raiders News            805 bytes
2026-08-15 09:57:21 [INFO] Fetched Cronulla-Sutherland Sharks News  804 bytes
2026-08-15 09:57:21 [INFO] Fetched Dolphins News                    809 bytes
2026-08-15 09:57:22 [INFO] Fetched Gold Coast Titans News           804 bytes
2026-08-15 09:57:23 [INFO] Fetched Manly-Warringah Sea Eagles News  807 bytes
2026-08-15 09:57:23 [INFO] Fetched Melbourne Storm News             812 bytes
2026-08-15 09:57:24 [INFO] Fetched Newcastle Knights News           814 bytes
2026-08-15 09:57:24 [INFO] Fetched New Zealand Warriors News        804 bytes
2026-08-15 09:57:25 [INFO] Fetched North Queensland Cowboys News    805 bytes
2026-08-15 09:57:26 [INFO] Fetched Parramatta Eels News             807 bytes
2026-08-15 09:57:26 [INFO] Fetched Penrith Panthers News            813 bytes
2026-08-15 09:57:27 [INFO] Fetched South Sydney Rabbitohs News      180768 bytes
2026-08-15 09:57:28 [INFO] Fetched St. George Illawarra Dragons News 805 bytes
2026-08-15 09:57:28 [INFO] Fetched Sydney Roosters News             806 bytes
2026-08-15 09:57:29 [INFO] Fetched Wests Tigers News                809 bytes
2026-08-15 09:57:29 [INFO] Wrote 0 flags
2026-08-15 09:57:29 [INFO] JSON: /Users/elliotbladen/BetMate/data/nrl/news_flags/processed/2026/2026-08-15.json
2026-08-15 09:57:29 [INFO] CSV:  /Users/elliotbladen/BetMate/data/nrl/news_flags/processed/2026/2026-08-15.csv
2026-08-15 09:57:29 [INFO] News flags complete -- 0 total, 0 HIGH
[2026-08-15T09:57:30] AFL injuries
2026-08-15 09:57:30 [INFO] Targeting season=2026 round=23
2026-08-15 09:57:30 [INFO] Attempt 1/3 -- AFL injuries R23 2026
2026-08-15 09:57:31 [INFO] Parsed 152 player records across all teams
2026-08-15 09:57:31 [INFO] Wrote latest-injuries.json -- 152 records, round 23
[2026-08-15T09:57:31] Market event log
Wrote 644 events -> /Users/elliotbladen/BetMate/data/market_events/2026_events.csv
  injury: 644
AFL injury refresh pinned to prepared round 23
[2026-08-15T10:57:31] NRL injuries
2026-08-15 10:57:32 [INFO] Targeting season=2026 round=24
2026-08-15 10:57:32 [INFO] Attempt 1/3 -- Zero Tackle injuries R24 2026
2026-08-15 10:57:32 [INFO]   Brisbane Broncos                         4 injuries
2026-08-15 10:57:32 [INFO]   Canberra Raiders                         3 injuries
2026-08-15 10:57:33 [INFO]   Canterbury-Bankstown Bulldogs            3 injuries
2026-08-15 10:57:33 [INFO]   Cronulla-Sutherland Sharks               2 injuries
2026-08-15 10:57:33 [INFO]   Dolphins                                 2 injuries
2026-08-15 10:57:33 [INFO]   Gold Coast Titans                        4 injuries
2026-08-15 10:57:33 [INFO]   Manly-Warringah Sea Eagles               7 injuries
2026-08-15 10:57:34 [INFO]   Melbourne Storm                          8 injuries
2026-08-15 10:57:34 [INFO]   Newcastle Knights                        5 injuries
2026-08-15 10:57:34 [INFO]   New Zealand Warriors                     3 injuries
2026-08-15 10:57:34 [INFO]   North Queensland Cowboys                 2 injuries
2026-08-15 10:57:35 [INFO]   Parramatta Eels                          5 injuries
2026-08-15 10:57:35 [INFO]   Penrith Panthers                         3 injuries
2026-08-15 10:57:35 [INFO]   South Sydney Rabbitohs                   6 injuries
2026-08-15 10:57:35 [INFO]   St. George Illawarra Dragons             4 injuries
2026-08-15 10:57:35 [INFO]   Sydney Roosters                          4 injuries
2026-08-15 10:57:36 [INFO]   Wests Tigers                             4 injuries
2026-08-15 10:57:36 [INFO] Zero Tackle total: 69 records across 17 teams
2026-08-15 10:57:36 [INFO] Wrote latest-injuries.json -- 69 player records, round 24
2026-08-15 10:57:36 [INFO] Injuries scraped -- 69 records
[2026-08-15T10:57:36] NRL team news
Written /Users/elliotbladen/BetMate/data/nrl/team-news/latest.json
  Round 24 | Teams: 17 | Injuries: 69 | Suspensions preserved: 0
[2026-08-15T10:57:37] NRL market-moving news
2026-08-15 10:57:38 [INFO] Targeting season=2026 round=24
2026-08-15 10:57:38 [INFO] Fetched NRL Casualty Ward                904 bytes
2026-08-15 10:57:39 [INFO] Fetched NRL Judiciary Report             862 bytes
2026-08-15 10:57:39 [INFO] Fetched NRL News                         798 bytes
2026-08-15 10:57:40 [INFO] Fetched Brisbane Broncos News            805 bytes
2026-08-15 10:57:41 [INFO] Fetched Canterbury-Bankstown Bulldogs News 806 bytes
2026-08-15 10:57:41 [INFO] Fetched Canberra Raiders News            805 bytes
2026-08-15 10:57:42 [INFO] Fetched Cronulla-Sutherland Sharks News  804 bytes
2026-08-15 10:57:43 [INFO] Fetched Dolphins News                    809 bytes
2026-08-15 10:57:43 [INFO] Fetched Gold Coast Titans News           804 bytes
2026-08-15 10:57:44 [INFO] Fetched Manly-Warringah Sea Eagles News  807 bytes
2026-08-15 10:57:44 [INFO] Fetched Melbourne Storm News             812 bytes
2026-08-15 10:57:45 [INFO] Fetched Newcastle Knights News           814 bytes
2026-08-15 10:57:46 [INFO] Fetched New Zealand Warriors News        804 bytes
2026-08-15 10:57:46 [INFO] Fetched North Queensland Cowboys News    805 bytes
2026-08-15 10:57:47 [INFO] Fetched Parramatta Eels News             807 bytes
2026-08-15 10:57:48 [INFO] Fetched Penrith Panthers News            813 bytes
2026-08-15 10:57:48 [INFO] Fetched South Sydney Rabbitohs News      180768 bytes
2026-08-15 10:57:49 [INFO] Fetched St. George Illawarra Dragons News 805 bytes
2026-08-15 10:57:50 [INFO] Fetched Sydney Roosters News             806 bytes
2026-08-15 10:57:51 [INFO] Fetched Wests Tigers News                809 bytes
2026-08-15 10:57:51 [INFO] Wrote 0 flags
2026-08-15 10:57:51 [INFO] JSON: /Users/elliotbladen/BetMate/data/nrl/news_flags/processed/2026/2026-08-15.json
2026-08-15 10:57:51 [INFO] CSV:  /Users/elliotbladen/BetMate/data/nrl/news_flags/processed/2026/2026-08-15.csv
2026-08-15 10:57:51 [INFO] News flags complete -- 0 total, 0 HIGH
[2026-08-15T10:57:51] AFL injuries
2026-08-15 10:57:51 [INFO] Targeting season=2026 round=23
2026-08-15 10:57:51 [INFO] Attempt 1/3 -- AFL injuries R23 2026
2026-08-15 10:57:53 [INFO] Parsed 152 player records across all teams
2026-08-15 10:57:53 [INFO] Wrote latest-injuries.json -- 152 records, round 23
[2026-08-15T10:57:53] Market event log
Wrote 644 events -> /Users/elliotbladen/BetMate/data/market_events/2026_events.csv
  injury: 644
AFL injury refresh pinned to prepared round 23
[2026-08-15T11:57:53] NRL injuries
2026-08-15 11:57:53 [INFO] Targeting season=2026 round=24
2026-08-15 11:57:53 [INFO] Attempt 1/3 -- Zero Tackle injuries R24 2026
2026-08-15 11:57:53 [INFO]   Brisbane Broncos                         4 injuries
2026-08-15 11:57:54 [INFO]   Canberra Raiders                         3 injuries
2026-08-15 11:57:54 [INFO]   Canterbury-Bankstown Bulldogs            3 injuries
2026-08-15 11:57:54 [INFO]   Cronulla-Sutherland Sharks               2 injuries
2026-08-15 11:57:54 [INFO]   Dolphins                                 2 injuries
2026-08-15 11:57:55 [INFO]   Gold Coast Titans                        4 injuries
2026-08-15 11:57:55 [INFO]   Manly-Warringah Sea Eagles               7 injuries
2026-08-15 11:57:55 [INFO]   Melbourne Storm                          8 injuries
2026-08-15 11:57:55 [INFO]   Newcastle Knights                        5 injuries
2026-08-15 11:57:55 [INFO]   New Zealand Warriors                     3 injuries
2026-08-15 11:57:56 [INFO]   North Queensland Cowboys                 2 injuries
2026-08-15 11:57:56 [INFO]   Parramatta Eels                          5 injuries
2026-08-15 11:57:56 [INFO]   Penrith Panthers                         3 injuries
2026-08-15 11:57:56 [INFO]   South Sydney Rabbitohs                   6 injuries
2026-08-15 11:57:56 [INFO]   St. George Illawarra Dragons             4 injuries
2026-08-15 11:57:57 [INFO]   Sydney Roosters                          4 injuries
2026-08-15 11:57:57 [INFO]   Wests Tigers                             4 injuries
2026-08-15 11:57:57 [INFO] Zero Tackle total: 69 records across 17 teams
2026-08-15 11:57:57 [INFO] Wrote latest-injuries.json -- 69 player records, round 24
2026-08-15 11:57:57 [INFO] Injuries scraped -- 69 records
[2026-08-15T11:57:57] NRL team news
Written /Users/elliotbladen/BetMate/data/nrl/team-news/latest.json
  Round 24 | Teams: 17 | Injuries: 69 | Suspensions preserved: 0
[2026-08-15T11:57:59] NRL market-moving news
2026-08-15 11:57:59 [INFO] Targeting season=2026 round=24
2026-08-15 11:57:59 [INFO] Fetched NRL Casualty Ward                904 bytes
2026-08-15 11:58:00 [INFO] Fetched NRL Judiciary Report             862 bytes
2026-08-15 11:58:01 [INFO] Fetched NRL News                         798 bytes
2026-08-15 11:58:01 [INFO] Fetched Brisbane Broncos News            805 bytes
2026-08-15 11:58:02 [INFO] Fetched Canterbury-Bankstown Bulldogs News 806 bytes
2026-08-15 11:58:02 [INFO] Fetched Canberra Raiders News            805 bytes
2026-08-15 11:58:03 [INFO] Fetched Cronulla-Sutherland Sharks News  804 bytes
2026-08-15 11:58:04 [INFO] Fetched Dolphins News                    809 bytes
2026-08-15 11:58:04 [INFO] Fetched Gold Coast Titans News           804 bytes
2026-08-15 11:58:05 [INFO] Fetched Manly-Warringah Sea Eagles News  807 bytes
2026-08-15 11:58:06 [INFO] Fetched Melbourne Storm News             812 bytes
2026-08-15 11:58:06 [INFO] Fetched Newcastle Knights News           814 bytes
2026-08-15 11:58:07 [INFO] Fetched New Zealand Warriors News        804 bytes
2026-08-15 11:58:07 [INFO] Fetched North Queensland Cowboys News    805 bytes
2026-08-15 11:58:08 [INFO] Fetched Parramatta Eels News             807 bytes
2026-08-15 11:58:09 [INFO] Fetched Penrith Panthers News            813 bytes
2026-08-15 11:58:10 [INFO] Fetched South Sydney Rabbitohs News      180765 bytes
2026-08-15 11:58:10 [INFO] Fetched St. George Illawarra Dragons News 805 bytes
2026-08-15 11:58:11 [INFO] Fetched Sydney Roosters News             806 bytes
2026-08-15 11:58:12 [INFO] Fetched Wests Tigers News                809 bytes
2026-08-15 11:58:12 [INFO] Wrote 0 flags
2026-08-15 11:58:12 [INFO] JSON: /Users/elliotbladen/BetMate/data/nrl/news_flags/processed/2026/2026-08-15.json
2026-08-15 11:58:12 [INFO] CSV:  /Users/elliotbladen/BetMate/data/nrl/news_flags/processed/2026/2026-08-15.csv
2026-08-15 11:58:12 [INFO] News flags complete -- 0 total, 0 HIGH
[2026-08-15T11:58:12] AFL injuries
2026-08-15 11:58:12 [INFO] Targeting season=2026 round=23
2026-08-15 11:58:12 [INFO] Attempt 1/3 -- AFL injuries R23 2026
2026-08-15 11:58:14 [INFO] Parsed 152 player records across all teams
2026-08-15 11:58:14 [INFO] Wrote latest-injuries.json -- 152 records, round 23
[2026-08-15T11:58:14] Market event log
Wrote 644 events -> /Users/elliotbladen/BetMate/data/market_events/2026_events.csv
  injury: 644
AFL injury refresh pinned to prepared round 23
[2026-08-15T12:58:14] NRL injuries
2026-08-15 12:58:15 [INFO] Targeting season=2026 round=24
2026-08-15 12:58:15 [INFO] Attempt 1/3 -- Zero Tackle injuries R24 2026
2026-08-15 12:58:15 [INFO]   Brisbane Broncos                         4 injuries
2026-08-15 12:58:15 [INFO]   Canberra Raiders                         3 injuries
2026-08-15 12:58:15 [INFO]   Canterbury-Bankstown Bulldogs            3 injuries
2026-08-15 12:58:15 [INFO]   Cronulla-Sutherland Sharks               2 injuries
2026-08-15 12:58:16 [INFO]   Dolphins                                 2 injuries
2026-08-15 12:58:16 [INFO]   Gold Coast Titans                        4 injuries
2026-08-15 12:58:16 [INFO]   Manly-Warringah Sea Eagles               7 injuries
2026-08-15 12:58:16 [INFO]   Melbourne Storm                          8 injuries
2026-08-15 12:58:16 [INFO]   Newcastle Knights                        5 injuries
2026-08-15 12:58:17 [INFO]   New Zealand Warriors                     3 injuries
2026-08-15 12:58:17 [INFO]   North Queensland Cowboys                 2 injuries
2026-08-15 12:58:17 [INFO]   Parramatta Eels                          5 injuries
2026-08-15 12:58:17 [INFO]   Penrith Panthers                         3 injuries
2026-08-15 12:58:18 [INFO]   South Sydney Rabbitohs                   6 injuries
2026-08-15 12:58:18 [INFO]   St. George Illawarra Dragons             4 injuries
2026-08-15 12:58:18 [INFO]   Sydney Roosters                          4 injuries
2026-08-15 12:58:18 [INFO]   Wests Tigers                             4 injuries
2026-08-15 12:58:18 [INFO] Zero Tackle total: 69 records across 17 teams
2026-08-15 12:58:18 [INFO] Wrote latest-injuries.json -- 69 player records, round 24
2026-08-15 12:58:18 [INFO] Injuries scraped -- 69 records
[2026-08-15T12:58:18] NRL team news
Written /Users/elliotbladen/BetMate/data/nrl/team-news/latest.json
  Round 24 | Teams: 17 | Injuries: 69 | Suspensions preserved: 0
[2026-08-15T12:58:20] NRL market-moving news
2026-08-15 12:58:20 [INFO] Targeting season=2026 round=24
2026-08-15 12:58:21 [INFO] Fetched NRL Casualty Ward                904 bytes
2026-08-15 12:58:21 [INFO] Fetched NRL Judiciary Report             862 bytes
2026-08-15 12:58:22 [INFO] Fetched NRL News                         798 bytes
2026-08-15 12:58:23 [INFO] Fetched Brisbane Broncos News            805 bytes
2026-08-15 12:58:23 [INFO] Fetched Canterbury-Bankstown Bulldogs News 806 bytes
2026-08-15 12:58:24 [INFO] Fetched Canberra Raiders News            805 bytes
2026-08-15 12:58:25 [INFO] Fetched Cronulla-Sutherland Sharks News  804 bytes
2026-08-15 12:58:25 [INFO] Fetched Dolphins News                    809 bytes
2026-08-15 12:58:26 [INFO] Fetched Gold Coast Titans News           804 bytes
2026-08-15 12:58:26 [INFO] Fetched Manly-Warringah Sea Eagles News  807 bytes
2026-08-15 12:58:27 [INFO] Fetched Melbourne Storm News             812 bytes
2026-08-15 12:58:28 [INFO] Fetched Newcastle Knights News           814 bytes
2026-08-15 12:58:28 [INFO] Fetched New Zealand Warriors News        804 bytes
2026-08-15 12:58:29 [INFO] Fetched North Queensland Cowboys News    805 bytes
2026-08-15 12:58:29 [INFO] Fetched Parramatta Eels News             807 bytes
2026-08-15 12:58:30 [INFO] Fetched Penrith Panthers News            813 bytes
2026-08-15 12:58:31 [INFO] Fetched South Sydney Rabbitohs News      180765 bytes
2026-08-15 12:58:32 [INFO] Fetched St. George Illawarra Dragons News 805 bytes
2026-08-15 12:58:32 [INFO] Fetched Sydney Roosters News             806 bytes
2026-08-15 12:58:33 [INFO] Fetched Wests Tigers News                809 bytes
2026-08-15 12:58:33 [INFO] Wrote 0 flags
2026-08-15 12:58:33 [INFO] JSON: /Users/elliotbladen/BetMate/data/nrl/news_flags/processed/2026/2026-08-15.json
2026-08-15 12:58:33 [INFO] CSV:  /Users/elliotbladen/BetMate/data/nrl/news_flags/processed/2026/2026-08-15.csv
2026-08-15 12:58:33 [INFO] News flags complete -- 0 total, 0 HIGH
[2026-08-15T12:58:33] AFL injuries
2026-08-15 12:58:34 [INFO] Targeting season=2026 round=23
2026-08-15 12:58:34 [INFO] Attempt 1/3 -- AFL injuries R23 2026
2026-08-15 12:58:35 [INFO] Parsed 152 player records across all teams
2026-08-15 12:58:35 [INFO] Wrote latest-injuries.json -- 152 records, round 23
[2026-08-15T12:58:35] Market event log
Wrote 644 events -> /Users/elliotbladen/BetMate/data/market_events/2026_events.csv
  injury: 644
AFL injury refresh pinned to prepared round 23
[2026-08-15T13:58:35] NRL injuries
2026-08-15 13:58:36 [INFO] Targeting season=2026 round=24
2026-08-15 13:58:36 [INFO] Attempt 1/3 -- Zero Tackle injuries R24 2026
2026-08-15 13:58:36 [INFO]   Brisbane Broncos                         4 injuries
2026-08-15 13:58:36 [INFO]   Canberra Raiders                         3 injuries
2026-08-15 13:58:36 [INFO]   Canterbury-Bankstown Bulldogs            3 injuries
2026-08-15 13:58:37 [INFO]   Cronulla-Sutherland Sharks               2 injuries
2026-08-15 13:58:37 [INFO]   Dolphins                                 2 injuries
2026-08-15 13:58:37 [INFO]   Gold Coast Titans                        4 injuries
2026-08-15 13:58:37 [INFO]   Manly-Warringah Sea Eagles               7 injuries
2026-08-15 13:58:37 [INFO]   Melbourne Storm                          8 injuries
2026-08-15 13:58:38 [INFO]   Newcastle Knights                        5 injuries
2026-08-15 13:58:38 [INFO]   New Zealand Warriors                     3 injuries
2026-08-15 13:58:38 [INFO]   North Queensland Cowboys                 2 injuries
2026-08-15 13:58:38 [INFO]   Parramatta Eels                          5 injuries
2026-08-15 13:58:38 [INFO]   Penrith Panthers                         3 injuries
2026-08-15 13:58:39 [INFO]   South Sydney Rabbitohs                   6 injuries
2026-08-15 13:58:39 [INFO]   St. George Illawarra Dragons             4 injuries
2026-08-15 13:58:39 [INFO]   Sydney Roosters                          4 injuries
2026-08-15 13:58:39 [INFO]   Wests Tigers                             4 injuries
2026-08-15 13:58:39 [INFO] Zero Tackle total: 69 records across 17 teams
2026-08-15 13:58:39 [INFO] Wrote latest-injuries.json -- 69 player records, round 24
2026-08-15 13:58:39 [INFO] Injuries scraped -- 69 records
[2026-08-15T13:58:39] NRL team news
Written /Users/elliotbladen/BetMate/data/nrl/team-news/latest.json
  Round 24 | Teams: 17 | Injuries: 69 | Suspensions preserved: 0
[2026-08-15T13:58:41] NRL market-moving news
2026-08-15 13:58:41 [INFO] Targeting season=2026 round=24
2026-08-15 13:58:42 [INFO] Fetched NRL Casualty Ward                904 bytes
2026-08-15 13:58:42 [INFO] Fetched NRL Judiciary Report             862 bytes
2026-08-15 13:58:43 [INFO] Fetched NRL News                         798 bytes
2026-08-15 13:58:44 [INFO] Fetched Brisbane Broncos News            805 bytes
2026-08-15 13:58:44 [INFO] Fetched Canterbury-Bankstown Bulldogs News 806 bytes
2026-08-15 13:58:45 [INFO] Fetched Canberra Raiders News            805 bytes
2026-08-15 13:58:46 [INFO] Fetched Cronulla-Sutherland Sharks News  804 bytes
2026-08-15 13:58:47 [INFO] Fetched Dolphins News                    809 bytes
2026-08-15 13:58:47 [INFO] Fetched Gold Coast Titans News           804 bytes
2026-08-15 13:58:48 [INFO] Fetched Manly-Warringah Sea Eagles News  807 bytes
2026-08-15 13:58:49 [INFO] Fetched Melbourne Storm News             812 bytes
2026-08-15 13:58:49 [INFO] Fetched Newcastle Knights News           814 bytes
2026-08-15 13:58:50 [INFO] Fetched New Zealand Warriors News        804 bytes
2026-08-15 13:58:51 [INFO] Fetched North Queensland Cowboys News    805 bytes
2026-08-15 13:58:51 [INFO] Fetched Parramatta Eels News             807 bytes
2026-08-15 13:58:52 [INFO] Fetched Penrith Panthers News            813 bytes
2026-08-15 13:58:53 [INFO] Fetched South Sydney Rabbitohs News      180765 bytes
2026-08-15 13:58:54 [INFO] Fetched St. George Illawarra Dragons News 805 bytes
2026-08-15 13:58:54 [INFO] Fetched Sydney Roosters News             806 bytes
2026-08-15 13:58:55 [INFO] Fetched Wests Tigers News                809 bytes
2026-08-15 13:58:55 [INFO] Wrote 0 flags
2026-08-15 13:58:55 [INFO] JSON: /Users/elliotbladen/BetMate/data/nrl/news_flags/processed/2026/2026-08-15.json
2026-08-15 13:58:55 [INFO] CSV:  /Users/elliotbladen/BetMate/data/nrl/news_flags/processed/2026/2026-08-15.csv
2026-08-15 13:58:55 [INFO] News flags complete -- 0 total, 0 HIGH
[2026-08-15T13:58:55] AFL injuries
2026-08-15 13:58:56 [INFO] Targeting season=2026 round=23
2026-08-15 13:58:56 [INFO] Attempt 1/3 -- AFL injuries R23 2026
2026-08-15 13:58:57 [INFO] Parsed 152 player records across all teams
2026-08-15 13:58:57 [INFO] Wrote latest-injuries.json -- 152 records, round 23
[2026-08-15T13:58:57] Market event log
Wrote 644 events -> /Users/elliotbladen/BetMate/data/market_events/2026_events.csv
  injury: 644
AFL injury refresh pinned to prepared round 23
[2026-08-15T14:58:57] NRL injuries
2026-08-15 14:58:58 [INFO] Targeting season=2026 round=24
2026-08-15 14:58:58 [INFO] Attempt 1/3 -- Zero Tackle injuries R24 2026
2026-08-15 14:58:58 [INFO]   Brisbane Broncos                         4 injuries
2026-08-15 14:58:58 [INFO]   Canberra Raiders                         3 injuries
2026-08-15 14:58:58 [INFO]   Canterbury-Bankstown Bulldogs            3 injuries
2026-08-15 14:58:59 [INFO]   Cronulla-Sutherland Sharks               2 injuries
2026-08-15 14:58:59 [INFO]   Dolphins                                 2 injuries
2026-08-15 14:58:59 [INFO]   Gold Coast Titans                        4 injuries
2026-08-15 14:58:59 [INFO]   Manly-Warringah Sea Eagles               7 injuries
2026-08-15 14:58:59 [INFO]   Melbourne Storm                          8 injuries
2026-08-15 14:59:00 [INFO]   Newcastle Knights                        5 injuries
2026-08-15 14:59:00 [INFO]   New Zealand Warriors                     3 injuries
2026-08-15 14:59:00 [INFO]   North Queensland Cowboys                 2 injuries
2026-08-15 14:59:00 [INFO]   Parramatta Eels                          5 injuries
2026-08-15 14:59:00 [INFO]   Penrith Panthers                         3 injuries
2026-08-15 14:59:01 [INFO]   South Sydney Rabbitohs                   6 injuries
2026-08-15 14:59:01 [INFO]   St. George Illawarra Dragons             4 injuries
2026-08-15 14:59:01 [INFO]   Sydney Roosters                          4 injuries
2026-08-15 14:59:01 [INFO]   Wests Tigers                             4 injuries
2026-08-15 14:59:01 [INFO] Zero Tackle total: 69 records across 17 teams
2026-08-15 14:59:01 [INFO] Wrote latest-injuries.json -- 69 player records, round 24
2026-08-15 14:59:01 [INFO] Injuries scraped -- 69 records
[2026-08-15T14:59:01] NRL team news
Written /Users/elliotbladen/BetMate/data/nrl/team-news/latest.json
  Round 24 | Teams: 17 | Injuries: 69 | Suspensions preserved: 0
[2026-08-15T14:59:03] NRL market-moving news
2026-08-15 14:59:03 [INFO] Targeting season=2026 round=24
2026-08-15 14:59:04 [INFO] Fetched NRL Casualty Ward                904 bytes
2026-08-15 14:59:04 [INFO] Fetched NRL Judiciary Report             862 bytes
2026-08-15 14:59:05 [INFO] Fetched NRL News                         798 bytes
2026-08-15 14:59:05 [INFO] Fetched Brisbane Broncos News            805 bytes
2026-08-15 14:59:06 [INFO] Fetched Canterbury-Bankstown Bulldogs News 806 bytes
2026-08-15 14:59:07 [INFO] Fetched Canberra Raiders News            805 bytes
2026-08-15 14:59:07 [INFO] Fetched Cronulla-Sutherland Sharks News  804 bytes
2026-08-15 14:59:08 [INFO] Fetched Dolphins News                    809 bytes
2026-08-15 14:59:09 [INFO] Fetched Gold Coast Titans News           804 bytes
2026-08-15 14:59:09 [INFO] Fetched Manly-Warringah Sea Eagles News  807 bytes
2026-08-15 14:59:10 [INFO] Fetched Melbourne Storm News             812 bytes
2026-08-15 14:59:10 [INFO] Fetched Newcastle Knights News           814 bytes
2026-08-15 14:59:11 [INFO] Fetched New Zealand Warriors News        804 bytes
2026-08-15 14:59:12 [INFO] Fetched North Queensland Cowboys News    805 bytes
2026-08-15 14:59:12 [INFO] Fetched Parramatta Eels News             807 bytes
2026-08-15 14:59:13 [INFO] Fetched Penrith Panthers News            813 bytes
2026-08-15 14:59:13 [INFO] Fetched South Sydney Rabbitohs News      180765 bytes
2026-08-15 14:59:14 [INFO] Fetched St. George Illawarra Dragons News 805 bytes
2026-08-15 14:59:15 [INFO] Fetched Sydney Roosters News             806 bytes
2026-08-15 14:59:15 [INFO] Fetched Wests Tigers News                809 bytes
2026-08-15 14:59:16 [INFO] Wrote 0 flags
2026-08-15 14:59:16 [INFO] JSON: /Users/elliotbladen/BetMate/data/nrl/news_flags/processed/2026/2026-08-15.json
2026-08-15 14:59:16 [INFO] CSV:  /Users/elliotbladen/BetMate/data/nrl/news_flags/processed/2026/2026-08-15.csv
2026-08-15 14:59:16 [INFO] News flags complete -- 0 total, 0 HIGH
[2026-08-15T14:59:16] AFL injuries
2026-08-15 14:59:16 [INFO] Targeting season=2026 round=23
2026-08-15 14:59:16 [INFO] Attempt 1/3 -- AFL injuries R23 2026
2026-08-15 14:59:17 [INFO] Parsed 152 player records across all teams
2026-08-15 14:59:17 [INFO] Wrote latest-injuries.json -- 152 records, round 23
[2026-08-15T14:59:17] Market event log
Wrote 644 events -> /Users/elliotbladen/BetMate/data/market_events/2026_events.csv
  injury: 644
AFL injury refresh pinned to prepared round 23
[2026-08-15T15:59:18] NRL injuries
2026-08-15 15:59:18 [INFO] Targeting season=2026 round=24
2026-08-15 15:59:18 [INFO] Attempt 1/3 -- Zero Tackle injuries R24 2026
2026-08-15 15:59:18 [INFO]   Brisbane Broncos                         4 injuries
2026-08-15 15:59:18 [INFO]   Canberra Raiders                         3 injuries
2026-08-15 15:59:19 [INFO]   Canterbury-Bankstown Bulldogs            3 injuries
2026-08-15 15:59:19 [INFO]   Cronulla-Sutherland Sharks               2 injuries
2026-08-15 15:59:19 [INFO]   Dolphins                                 2 injuries
2026-08-15 15:59:19 [INFO]   Gold Coast Titans                        4 injuries
2026-08-15 15:59:19 [INFO]   Manly-Warringah Sea Eagles               7 injuries
2026-08-15 15:59:20 [INFO]   Melbourne Storm                          8 injuries
2026-08-15 15:59:20 [INFO]   Newcastle Knights                        6 injuries
2026-08-15 15:59:20 [INFO]   New Zealand Warriors                     3 injuries
2026-08-15 15:59:20 [INFO]   North Queensland Cowboys                 2 injuries
2026-08-15 15:59:21 [INFO]   Parramatta Eels                          5 injuries
2026-08-15 15:59:21 [INFO]   Penrith Panthers                         3 injuries
2026-08-15 15:59:21 [INFO]   South Sydney Rabbitohs                   6 injuries
2026-08-15 15:59:21 [INFO]   St. George Illawarra Dragons             4 injuries
2026-08-15 15:59:21 [INFO]   Sydney Roosters                          4 injuries
2026-08-15 15:59:22 [INFO]   Wests Tigers                             4 injuries
2026-08-15 15:59:22 [INFO] Zero Tackle total: 70 records across 17 teams
2026-08-15 15:59:22 [INFO] Wrote latest-injuries.json -- 70 player records, round 24
2026-08-15 15:59:22 [INFO] Injuries scraped -- 70 records
[2026-08-15T15:59:22] NRL team news
Written /Users/elliotbladen/BetMate/data/nrl/team-news/latest.json
  Round 24 | Teams: 17 | Injuries: 70 | Suspensions preserved: 0
[2026-08-15T15:59:24] NRL market-moving news
2026-08-15 15:59:24 [INFO] Targeting season=2026 round=24
2026-08-15 15:59:24 [INFO] Fetched NRL Casualty Ward                904 bytes
2026-08-15 15:59:25 [INFO] Fetched NRL Judiciary Report             862 bytes
2026-08-15 15:59:26 [INFO] Fetched NRL News                         798 bytes
2026-08-15 15:59:27 [INFO] Fetched Brisbane Broncos News            805 bytes
2026-08-15 15:59:27 [INFO] Fetched Canterbury-Bankstown Bulldogs News 806 bytes
2026-08-15 15:59:28 [INFO] Fetched Canberra Raiders News            805 bytes
2026-08-15 15:59:29 [INFO] Fetched Cronulla-Sutherland Sharks News  804 bytes
2026-08-15 15:59:29 [INFO] Fetched Dolphins News                    809 bytes
2026-08-15 15:59:30 [INFO] Fetched Gold Coast Titans News           804 bytes
2026-08-15 15:59:31 [INFO] Fetched Manly-Warringah Sea Eagles News  807 bytes
2026-08-15 15:59:31 [INFO] Fetched Melbourne Storm News             812 bytes
2026-08-15 15:59:32 [INFO] Fetched Newcastle Knights News           814 bytes
2026-08-15 15:59:33 [INFO] Fetched New Zealand Warriors News        804 bytes
2026-08-15 15:59:33 [INFO] Fetched North Queensland Cowboys News    805 bytes
2026-08-15 15:59:34 [INFO] Fetched Parramatta Eels News             807 bytes
2026-08-15 15:59:35 [INFO] Fetched Penrith Panthers News            813 bytes
2026-08-15 15:59:36 [INFO] Fetched South Sydney Rabbitohs News      180765 bytes
2026-08-15 15:59:36 [INFO] Fetched St. George Illawarra Dragons News 805 bytes
2026-08-15 15:59:37 [INFO] Fetched Sydney Roosters News             806 bytes
2026-08-15 15:59:38 [INFO] Fetched Wests Tigers News                809 bytes
2026-08-15 15:59:38 [INFO] Wrote 0 flags
2026-08-15 15:59:38 [INFO] JSON: /Users/elliotbladen/BetMate/data/nrl/news_flags/processed/2026/2026-08-15.json
2026-08-15 15:59:38 [INFO] CSV:  /Users/elliotbladen/BetMate/data/nrl/news_flags/processed/2026/2026-08-15.csv
2026-08-15 15:59:38 [INFO] News flags complete -- 0 total, 0 HIGH
[2026-08-15T15:59:38] AFL injuries
2026-08-15 15:59:38 [INFO] Targeting season=2026 round=23
2026-08-15 15:59:38 [INFO] Attempt 1/3 -- AFL injuries R23 2026
2026-08-15 15:59:39 [INFO] Parsed 150 player records across all teams
2026-08-15 15:59:39 [INFO] Wrote latest-injuries.json -- 150 records, round 23
[2026-08-15T15:59:39] Market event log
Wrote 643 events -> /Users/elliotbladen/BetMate/data/market_events/2026_events.csv
  injury: 643
AFL injury refresh pinned to prepared round 23
[2026-08-16T08:51:35] NRL injuries
2026-08-16 08:51:35 [INFO] Targeting season=2026 round=24
2026-08-16 08:51:35 [INFO] Attempt 1/3 -- Zero Tackle injuries R24 2026
2026-08-16 08:51:36 [INFO]   Brisbane Broncos                         5 injuries
2026-08-16 08:51:36 [INFO]   Canberra Raiders                         4 injuries
2026-08-16 08:51:36 [INFO]   Canterbury-Bankstown Bulldogs            3 injuries
2026-08-16 08:51:36 [INFO]   Cronulla-Sutherland Sharks               3 injuries
2026-08-16 08:51:37 [INFO]   Dolphins                                 2 injuries
2026-08-16 08:51:37 [INFO]   Gold Coast Titans                        4 injuries
2026-08-16 08:51:37 [INFO]   Manly-Warringah Sea Eagles               7 injuries
2026-08-16 08:51:37 [INFO]   Melbourne Storm                          8 injuries
2026-08-16 08:51:37 [INFO]   Newcastle Knights                        6 injuries
2026-08-16 08:51:38 [INFO]   New Zealand Warriors                     4 injuries
2026-08-16 08:51:38 [INFO]   North Queensland Cowboys                 2 injuries
2026-08-16 08:51:38 [INFO]   Parramatta Eels                          5 injuries
2026-08-16 08:51:38 [INFO]   Penrith Panthers                         3 injuries
2026-08-16 08:51:38 [INFO]   South Sydney Rabbitohs                   6 injuries
2026-08-16 08:51:39 [INFO]   St. George Illawarra Dragons             5 injuries
2026-08-16 08:51:39 [INFO]   Sydney Roosters                          4 injuries
2026-08-16 08:51:39 [INFO]   Wests Tigers                             4 injuries
2026-08-16 08:51:39 [INFO] Zero Tackle total: 75 records across 17 teams
2026-08-16 08:51:39 [INFO] Wrote latest-injuries.json -- 75 player records, round 24
2026-08-16 08:51:39 [INFO] Injuries scraped -- 75 records
[2026-08-16T08:51:39] NRL team news
Written /Users/elliotbladen/BetMate/data/nrl/team-news/latest.json
  Round 24 | Teams: 17 | Injuries: 75 | Suspensions preserved: 0
[2026-08-16T08:51:40] NRL market-moving news
2026-08-16 08:51:41 [INFO] Targeting season=2026 round=24
2026-08-16 08:51:41 [INFO] Fetched NRL Casualty Ward                904 bytes
2026-08-16 08:51:42 [INFO] Fetched NRL Judiciary Report             862 bytes
2026-08-16 08:51:42 [INFO] Fetched NRL News                         798 bytes
2026-08-16 08:51:43 [INFO] Fetched Brisbane Broncos News            805 bytes
2026-08-16 08:51:43 [INFO] Fetched Canterbury-Bankstown Bulldogs News 806 bytes
2026-08-16 08:51:44 [INFO] Fetched Canberra Raiders News            805 bytes
2026-08-16 08:51:45 [INFO] Fetched Cronulla-Sutherland Sharks News  804 bytes
2026-08-16 08:51:45 [INFO] Fetched Dolphins News                    809 bytes
2026-08-16 08:51:46 [INFO] Fetched Gold Coast Titans News           804 bytes
2026-08-16 08:51:46 [INFO] Fetched Manly-Warringah Sea Eagles News  807 bytes
2026-08-16 08:51:47 [INFO] Fetched Melbourne Storm News             812 bytes
2026-08-16 08:51:48 [INFO] Fetched Newcastle Knights News           814 bytes
2026-08-16 08:51:48 [INFO] Fetched New Zealand Warriors News        804 bytes
2026-08-16 08:51:49 [INFO] Fetched North Queensland Cowboys News    805 bytes
2026-08-16 08:51:50 [INFO] Fetched Parramatta Eels News             807 bytes
2026-08-16 08:51:50 [INFO] Fetched Penrith Panthers News            813 bytes
2026-08-16 08:51:51 [INFO] Fetched South Sydney Rabbitohs News      180747 bytes
2026-08-16 08:51:52 [INFO] Fetched St. George Illawarra Dragons News 805 bytes
2026-08-16 08:51:52 [INFO] Fetched Sydney Roosters News             806 bytes
2026-08-16 08:51:53 [INFO] Fetched Wests Tigers News                809 bytes
2026-08-16 08:51:53 [INFO] Wrote 0 flags
2026-08-16 08:51:53 [INFO] JSON: /Users/elliotbladen/BetMate/data/nrl/news_flags/processed/2026/2026-08-16.json
2026-08-16 08:51:53 [INFO] CSV:  /Users/elliotbladen/BetMate/data/nrl/news_flags/processed/2026/2026-08-16.csv
2026-08-16 08:51:53 [INFO] News flags complete -- 0 total, 0 HIGH
[2026-08-16T08:51:53] AFL injuries
2026-08-16 08:51:54 [INFO] Targeting season=2026 round=23
2026-08-16 08:51:54 [INFO] Attempt 1/3 -- AFL injuries R23 2026
2026-08-16 08:51:55 [INFO] Parsed 143 player records across all teams
2026-08-16 08:51:55 [INFO] Wrote latest-injuries.json -- 143 records, round 23
[2026-08-16T08:51:55] Market event log
Wrote 641 events -> /Users/elliotbladen/BetMate/data/market_events/2026_events.csv
  injury: 641
AFL injury refresh pinned to prepared round 23
[2026-08-16T09:51:55] NRL injuries
2026-08-16 09:51:56 [INFO] Targeting season=2026 round=24
2026-08-16 09:51:56 [INFO] Attempt 1/3 -- Zero Tackle injuries R24 2026
2026-08-16 09:51:56 [INFO]   Brisbane Broncos                         5 injuries
2026-08-16 09:51:56 [INFO]   Canberra Raiders                         4 injuries
2026-08-16 09:51:56 [INFO]   Canterbury-Bankstown Bulldogs            3 injuries
2026-08-16 09:51:57 [INFO]   Cronulla-Sutherland Sharks               3 injuries
2026-08-16 09:51:57 [INFO]   Dolphins                                 2 injuries
2026-08-16 09:51:57 [INFO]   Gold Coast Titans                        4 injuries
2026-08-16 09:51:57 [INFO]   Manly-Warringah Sea Eagles               7 injuries
2026-08-16 09:51:58 [INFO]   Melbourne Storm                          8 injuries
2026-08-16 09:51:58 [INFO]   Newcastle Knights                        6 injuries
2026-08-16 09:51:58 [INFO]   New Zealand Warriors                     4 injuries
2026-08-16 09:51:58 [INFO]   North Queensland Cowboys                 2 injuries
2026-08-16 09:51:59 [INFO]   Parramatta Eels                          5 injuries
2026-08-16 09:51:59 [INFO]   Penrith Panthers                         3 injuries
2026-08-16 09:51:59 [INFO]   South Sydney Rabbitohs                   6 injuries
2026-08-16 09:51:59 [INFO]   St. George Illawarra Dragons             5 injuries
2026-08-16 09:51:59 [INFO]   Sydney Roosters                          4 injuries
2026-08-16 09:52:00 [INFO]   Wests Tigers                             4 injuries
2026-08-16 09:52:00 [INFO] Zero Tackle total: 75 records across 17 teams
2026-08-16 09:52:00 [INFO] Wrote latest-injuries.json -- 75 player records, round 24
2026-08-16 09:52:00 [INFO] Injuries scraped -- 75 records
[2026-08-16T09:52:00] NRL team news
Written /Users/elliotbladen/BetMate/data/nrl/team-news/latest.json
  Round 24 | Teams: 17 | Injuries: 75 | Suspensions preserved: 0
[2026-08-16T09:52:02] NRL market-moving news
2026-08-16 09:52:02 [INFO] Targeting season=2026 round=24
2026-08-16 09:52:02 [INFO] Fetched NRL Casualty Ward                904 bytes
2026-08-16 09:52:03 [INFO] Fetched NRL Judiciary Report             862 bytes
2026-08-16 09:52:03 [INFO] Fetched NRL News                         798 bytes
2026-08-16 09:52:04 [INFO] Fetched Brisbane Broncos News            805 bytes
2026-08-16 09:52:05 [INFO] Fetched Canterbury-Bankstown Bulldogs News 806 bytes
2026-08-16 09:52:05 [INFO] Fetched Canberra Raiders News            805 bytes
2026-08-16 09:52:06 [INFO] Fetched Cronulla-Sutherland Sharks News  804 bytes
2026-08-16 09:52:07 [INFO] Fetched Dolphins News                    809 bytes
2026-08-16 09:52:07 [INFO] Fetched Gold Coast Titans News           804 bytes
2026-08-16 09:52:08 [INFO] Fetched Manly-Warringah Sea Eagles News  807 bytes
2026-08-16 09:52:08 [INFO] Fetched Melbourne Storm News             812 bytes
2026-08-16 09:52:09 [INFO] Fetched Newcastle Knights News           814 bytes
2026-08-16 09:52:10 [INFO] Fetched New Zealand Warriors News        804 bytes
2026-08-16 09:52:10 [INFO] Fetched North Queensland Cowboys News    805 bytes
2026-08-16 09:52:11 [INFO] Fetched Parramatta Eels News             807 bytes
2026-08-16 09:52:12 [INFO] Fetched Penrith Panthers News            813 bytes
2026-08-16 09:52:12 [INFO] Fetched South Sydney Rabbitohs News      180749 bytes
2026-08-16 09:52:13 [INFO] Fetched St. George Illawarra Dragons News 805 bytes
2026-08-16 09:52:14 [INFO] Fetched Sydney Roosters News             806 bytes
2026-08-16 09:52:14 [INFO] Fetched Wests Tigers News                809 bytes
2026-08-16 09:52:15 [INFO] Wrote 0 flags
2026-08-16 09:52:15 [INFO] JSON: /Users/elliotbladen/BetMate/data/nrl/news_flags/processed/2026/2026-08-16.json
2026-08-16 09:52:15 [INFO] CSV:  /Users/elliotbladen/BetMate/data/nrl/news_flags/processed/2026/2026-08-16.csv
2026-08-16 09:52:15 [INFO] News flags complete -- 0 total, 0 HIGH
[2026-08-16T09:52:15] AFL injuries
2026-08-16 09:52:15 [INFO] Targeting season=2026 round=23
2026-08-16 09:52:15 [INFO] Attempt 1/3 -- AFL injuries R23 2026
2026-08-16 09:52:16 [INFO] Parsed 143 player records across all teams
2026-08-16 09:52:16 [INFO] Wrote latest-injuries.json -- 143 records, round 23
[2026-08-16T09:52:16] Market event log
Wrote 641 events -> /Users/elliotbladen/BetMate/data/market_events/2026_events.csv
  injury: 641
AFL injury refresh pinned to prepared round 23
[2026-08-16T14:32:24] NRL injuries
2026-08-16 14:32:25 [INFO] Targeting season=2026 round=24
2026-08-16 14:32:25 [INFO] Attempt 1/3 -- Zero Tackle injuries R24 2026
2026-08-16 14:32:25 [INFO]   Brisbane Broncos                         5 injuries
2026-08-16 14:32:25 [INFO]   Canberra Raiders                         4 injuries
2026-08-16 14:32:25 [INFO]   Canterbury-Bankstown Bulldogs            3 injuries
2026-08-16 14:32:27 [INFO]   Cronulla-Sutherland Sharks               3 injuries
2026-08-16 14:32:27 [INFO]   Dolphins                                 2 injuries
2026-08-16 14:32:27 [INFO]   Gold Coast Titans                        5 injuries
2026-08-16 14:32:28 [INFO]   Manly-Warringah Sea Eagles               7 injuries
2026-08-16 14:32:30 [INFO]   Melbourne Storm                          8 injuries
2026-08-16 14:32:30 [INFO]   Newcastle Knights                        6 injuries
2026-08-16 14:32:32 [INFO]   New Zealand Warriors                     4 injuries
2026-08-16 14:32:33 [INFO]   North Queensland Cowboys                 2 injuries
2026-08-16 14:32:35 [INFO]   Parramatta Eels                          5 injuries
2026-08-16 14:32:37 [INFO]   Penrith Panthers                         3 injuries
2026-08-16 14:32:39 [INFO]   South Sydney Rabbitohs                   6 injuries
2026-08-16 14:32:40 [INFO]   St. George Illawarra Dragons             5 injuries
2026-08-16 14:32:40 [INFO]   Sydney Roosters                          4 injuries
2026-08-16 14:32:41 [INFO]   Wests Tigers                             4 injuries
2026-08-16 14:32:41 [INFO] Zero Tackle total: 76 records across 17 teams
2026-08-16 14:32:41 [INFO] Wrote latest-injuries.json -- 76 player records, round 24
2026-08-16 14:32:41 [INFO] Injuries scraped -- 76 records
[2026-08-16T14:32:41] NRL team news
Written /Users/elliotbladen/BetMate/data/nrl/team-news/latest.json
  Round 24 | Teams: 17 | Injuries: 76 | Suspensions preserved: 0
[2026-08-16T14:32:43] NRL market-moving news
2026-08-16 14:32:44 [INFO] Targeting season=2026 round=24
2026-08-16 14:32:44 [INFO] Fetched NRL Casualty Ward                904 bytes
2026-08-16 14:32:45 [INFO] Fetched NRL Judiciary Report             862 bytes
2026-08-16 14:32:45 [INFO] Fetched NRL News                         798 bytes
2026-08-16 14:32:47 [INFO] Fetched Brisbane Broncos News            805 bytes
2026-08-16 14:32:48 [INFO] Fetched Canterbury-Bankstown Bulldogs News 806 bytes
2026-08-16 14:32:48 [INFO] Fetched Canberra Raiders News            805 bytes
2026-08-16 14:32:49 [INFO] Fetched Cronulla-Sutherland Sharks News  804 bytes
2026-08-16 14:32:50 [INFO] Fetched Dolphins News                    809 bytes
2026-08-16 14:32:50 [INFO] Fetched Gold Coast Titans News           804 bytes
2026-08-16 14:32:51 [INFO] Fetched Manly-Warringah Sea Eagles News  807 bytes
2026-08-16 14:32:52 [INFO] Fetched Melbourne Storm News             812 bytes
2026-08-16 14:32:52 [INFO] Fetched Newcastle Knights News           814 bytes
2026-08-16 14:32:53 [INFO] Fetched New Zealand Warriors News        804 bytes
2026-08-16 14:32:54 [INFO] Fetched North Queensland Cowboys News    805 bytes
2026-08-16 14:32:54 [INFO] Fetched Parramatta Eels News             807 bytes
2026-08-16 14:32:55 [INFO] Fetched Penrith Panthers News            813 bytes
2026-08-16 14:32:56 [INFO] Fetched South Sydney Rabbitohs News      180752 bytes
2026-08-16 14:32:57 [INFO] Fetched St. George Illawarra Dragons News 805 bytes
2026-08-16 14:32:57 [INFO] Fetched Sydney Roosters News             806 bytes
2026-08-16 14:32:58 [INFO] Fetched Wests Tigers News                809 bytes
2026-08-16 14:32:58 [INFO] Wrote 0 flags
2026-08-16 14:32:58 [INFO] JSON: /Users/elliotbladen/BetMate/data/nrl/news_flags/processed/2026/2026-08-16.json
2026-08-16 14:32:58 [INFO] CSV:  /Users/elliotbladen/BetMate/data/nrl/news_flags/processed/2026/2026-08-16.csv
2026-08-16 14:32:58 [INFO] News flags complete -- 0 total, 0 HIGH
[2026-08-16T14:32:58] AFL injuries
2026-08-16 14:32:59 [INFO] Targeting season=2026 round=23
2026-08-16 14:32:59 [INFO] Attempt 1/3 -- AFL injuries R23 2026
2026-08-16 14:33:00 [INFO] Parsed 143 player records across all teams
2026-08-16 14:33:00 [INFO] Wrote latest-injuries.json -- 143 records, round 23
[2026-08-16T14:33:00] Market event log
Wrote 642 events -> /Users/elliotbladen/BetMate/data/market_events/2026_events.csv
  injury: 642
AFL injury refresh pinned to prepared round 23
[2026-08-16T15:33:08] NRL injuries
2026-08-16 15:33:24 [INFO] Targeting season=2026 round=24
2026-08-16 15:33:24 [INFO] Attempt 1/3 -- Zero Tackle injuries R24 2026
2026-08-16 15:33:29 [INFO]   Brisbane Broncos                         5 injuries
2026-08-16 15:33:41 [INFO]   Canberra Raiders                         4 injuries
2026-08-16 15:33:54 [INFO]   Canterbury-Bankstown Bulldogs            3 injuries
2026-08-16 15:34:12 [INFO]   Cronulla-Sutherland Sharks               3 injuries
2026-08-16 15:34:20 [INFO]   Dolphins                                 2 injuries
2026-08-16 15:34:26 [INFO]   Gold Coast Titans                        5 injuries
2026-08-16 15:34:31 [INFO]   Manly-Warringah Sea Eagles               7 injuries
2026-08-16 15:34:35 [INFO]   Melbourne Storm                          8 injuries
2026-08-16 15:34:40 [INFO]   Newcastle Knights                        6 injuries
2026-08-16 15:34:45 [INFO]   New Zealand Warriors                     4 injuries
2026-08-16 15:34:50 [INFO]   North Queensland Cowboys                 2 injuries
2026-08-16 15:34:56 [INFO]   Parramatta Eels                          5 injuries
2026-08-16 15:35:04 [INFO]   Penrith Panthers                         3 injuries
2026-08-16 15:35:08 [INFO]   South Sydney Rabbitohs                   6 injuries
2026-08-16 15:35:17 [INFO]   St. George Illawarra Dragons             5 injuries
2026-08-16 15:35:23 [INFO]   Sydney Roosters                          4 injuries
2026-08-16 15:35:28 [INFO]   Wests Tigers                             4 injuries
2026-08-16 15:35:28 [INFO] Zero Tackle total: 76 records across 17 teams
2026-08-16 15:35:28 [INFO] Wrote latest-injuries.json -- 76 player records, round 24
2026-08-16 15:35:28 [INFO] Injuries scraped -- 76 records
[2026-08-16T15:35:30] NRL team news
Written /Users/elliotbladen/BetMate/data/nrl/team-news/latest.json
  Round 24 | Teams: 17 | Injuries: 76 | Suspensions preserved: 0
[2026-08-16T15:35:38] NRL market-moving news
2026-08-16 15:35:48 [INFO] Targeting season=2026 round=24
2026-08-16 15:35:49 [INFO] Fetched NRL Casualty Ward                904 bytes
2026-08-16 15:35:51 [INFO] Fetched NRL Judiciary Report             862 bytes
2026-08-16 15:35:52 [INFO] Fetched NRL News                         798 bytes
2026-08-16 15:35:54 [INFO] Fetched Brisbane Broncos News            805 bytes
2026-08-16 15:35:55 [INFO] Fetched Canterbury-Bankstown Bulldogs News 806 bytes
2026-08-16 15:35:56 [INFO] Fetched Canberra Raiders News            805 bytes
2026-08-16 15:35:58 [INFO] Fetched Cronulla-Sutherland Sharks News  804 bytes
2026-08-16 15:35:59 [INFO] Fetched Dolphins News                    809 bytes
2026-08-16 15:36:01 [INFO] Fetched Gold Coast Titans News           804 bytes
2026-08-16 15:36:02 [INFO] Fetched Manly-Warringah Sea Eagles News  807 bytes
2026-08-16 15:36:04 [INFO] Fetched Melbourne Storm News             812 bytes
2026-08-16 15:36:05 [INFO] Fetched Newcastle Knights News           814 bytes
2026-08-16 15:36:06 [INFO] Fetched New Zealand Warriors News        804 bytes
2026-08-16 15:36:08 [INFO] Fetched North Queensland Cowboys News    805 bytes
2026-08-16 15:36:09 [INFO] Fetched Parramatta Eels News             807 bytes
2026-08-16 15:36:11 [INFO] Fetched Penrith Panthers News            813 bytes
2026-08-16 15:36:12 [INFO] Fetched South Sydney Rabbitohs News      180752 bytes
2026-08-16 15:36:15 [INFO] Fetched St. George Illawarra Dragons News 805 bytes
2026-08-16 15:36:16 [INFO] Fetched Sydney Roosters News             806 bytes
2026-08-16 15:36:17 [INFO] Fetched Wests Tigers News                809 bytes
2026-08-16 15:36:18 [INFO] Wrote 0 flags
2026-08-16 15:36:18 [INFO] JSON: /Users/elliotbladen/BetMate/data/nrl/news_flags/processed/2026/2026-08-16.json
2026-08-16 15:36:18 [INFO] CSV:  /Users/elliotbladen/BetMate/data/nrl/news_flags/processed/2026/2026-08-16.csv
2026-08-16 15:36:18 [INFO] News flags complete -- 0 total, 0 HIGH
[2026-08-16T15:36:18] AFL injuries
2026-08-16 15:36:27 [INFO] Targeting season=2026 round=23
2026-08-16 15:36:27 [INFO] Attempt 1/3 -- AFL injuries R23 2026
2026-08-16 15:36:31 [INFO] Parsed 143 player records across all teams
2026-08-16 15:36:31 [INFO] Wrote latest-injuries.json -- 143 records, round 23
[2026-08-16T15:36:32] Market event log
Wrote 642 events -> /Users/elliotbladen/BetMate/data/market_events/2026_events.csv
  injury: 642
AFL injury refresh pinned to prepared round 23
[2026-08-16T17:54:45] NRL injuries
2026-08-16 17:54:46 [INFO] Targeting season=2026 round=24
2026-08-16 17:54:46 [INFO] Attempt 1/3 -- Zero Tackle injuries R24 2026
2026-08-16 17:54:48 [INFO]   Brisbane Broncos                         5 injuries
2026-08-16 17:54:48 [INFO]   Canberra Raiders                         4 injuries
2026-08-16 17:54:50 [INFO]   Canterbury-Bankstown Bulldogs            3 injuries
2026-08-16 17:54:50 [INFO]   Cronulla-Sutherland Sharks               3 injuries
2026-08-16 17:54:50 [INFO]   Dolphins                                 2 injuries
2026-08-16 17:54:50 [INFO]   Gold Coast Titans                        6 injuries
2026-08-16 17:54:50 [INFO]   Manly-Warringah Sea Eagles               7 injuries
2026-08-16 17:54:51 [INFO]   Melbourne Storm                          8 injuries
2026-08-16 17:54:51 [INFO]   Newcastle Knights                        7 injuries
2026-08-16 17:54:53 [INFO]   New Zealand Warriors                     4 injuries
2026-08-16 17:54:53 [INFO]   North Queensland Cowboys                 2 injuries
2026-08-16 17:54:53 [INFO]   Parramatta Eels                          5 injuries
2026-08-16 17:54:55 [INFO]   Penrith Panthers                         3 injuries
2026-08-16 17:54:55 [INFO]   South Sydney Rabbitohs                   6 injuries
2026-08-16 17:54:55 [INFO]   St. George Illawarra Dragons             5 injuries
2026-08-16 17:54:57 [INFO]   Sydney Roosters                          4 injuries
2026-08-16 17:54:57 [INFO]   Wests Tigers                             5 injuries
2026-08-16 17:54:57 [INFO] Zero Tackle total: 79 records across 17 teams
2026-08-16 17:54:57 [INFO] Wrote latest-injuries.json -- 79 player records, round 24
2026-08-16 17:54:57 [INFO] Injuries scraped -- 79 records
[2026-08-16T17:54:57] NRL team news
Written /Users/elliotbladen/BetMate/data/nrl/team-news/latest.json
  Round 24 | Teams: 17 | Injuries: 79 | Suspensions preserved: 0
[2026-08-16T17:54:58] NRL market-moving news
2026-08-16 17:54:59 [INFO] Targeting season=2026 round=24
2026-08-16 17:54:59 [INFO] Fetched NRL Casualty Ward                904 bytes
2026-08-16 17:55:00 [INFO] Fetched NRL Judiciary Report             862 bytes
2026-08-16 17:55:00 [INFO] Fetched NRL News                         798 bytes
2026-08-16 17:55:01 [INFO] Fetched Brisbane Broncos News            805 bytes
2026-08-16 17:55:01 [INFO] Fetched Canterbury-Bankstown Bulldogs News 806 bytes
2026-08-16 17:55:02 [INFO] Fetched Canberra Raiders News            805 bytes
2026-08-16 17:55:03 [INFO] Fetched Cronulla-Sutherland Sharks News  804 bytes
2026-08-16 17:55:03 [INFO] Fetched Dolphins News                    809 bytes
2026-08-16 17:55:04 [INFO] Fetched Gold Coast Titans News           804 bytes
2026-08-16 17:55:04 [INFO] Fetched Manly-Warringah Sea Eagles News  807 bytes
2026-08-16 17:55:05 [INFO] Fetched Melbourne Storm News             812 bytes
2026-08-16 17:55:06 [INFO] Fetched Newcastle Knights News           814 bytes
2026-08-16 17:55:06 [INFO] Fetched New Zealand Warriors News        804 bytes
2026-08-16 17:55:07 [INFO] Fetched North Queensland Cowboys News    805 bytes
2026-08-16 17:55:08 [INFO] Fetched Parramatta Eels News             807 bytes
2026-08-16 17:55:08 [INFO] Fetched Penrith Panthers News            813 bytes
2026-08-16 17:55:09 [INFO] Fetched South Sydney Rabbitohs News      180752 bytes
2026-08-16 17:55:10 [INFO] Fetched St. George Illawarra Dragons News 805 bytes
2026-08-16 17:55:10 [INFO] Fetched Sydney Roosters News             806 bytes
2026-08-16 17:55:11 [INFO] Fetched Wests Tigers News                809 bytes
2026-08-16 17:55:11 [INFO] Wrote 0 flags
2026-08-16 17:55:11 [INFO] JSON: /Users/elliotbladen/BetMate/data/nrl/news_flags/processed/2026/2026-08-16.json
2026-08-16 17:55:11 [INFO] CSV:  /Users/elliotbladen/BetMate/data/nrl/news_flags/processed/2026/2026-08-16.csv
2026-08-16 17:55:11 [INFO] News flags complete -- 0 total, 0 HIGH
[2026-08-16T17:55:11] AFL injuries
2026-08-16 17:55:12 [INFO] Targeting season=2026 round=23
2026-08-16 17:55:12 [INFO] Attempt 1/3 -- AFL injuries R23 2026
2026-08-16 17:55:13 [INFO] Parsed 143 player records across all teams
2026-08-16 17:55:13 [INFO] Wrote latest-injuries.json -- 143 records, round 23
[2026-08-16T17:55:13] Market event log
Wrote 645 events -> /Users/elliotbladen/BetMate/data/market_events/2026_events.csv
  injury: 645
AFL injury refresh pinned to prepared round 23
[2026-08-16T18:55:13] NRL injuries
2026-08-16 18:55:14 [INFO] Targeting season=2026 round=24
2026-08-16 18:55:14 [INFO] Attempt 1/3 -- Zero Tackle injuries R24 2026
2026-08-16 18:55:16 [INFO]   Brisbane Broncos                         5 injuries
2026-08-16 18:55:18 [INFO]   Canberra Raiders                         4 injuries
2026-08-16 18:55:20 [INFO]   Canterbury-Bankstown Bulldogs            3 injuries
2026-08-16 18:55:22 [INFO]   Cronulla-Sutherland Sharks               3 injuries
2026-08-16 18:55:24 [INFO]   Dolphins                                 2 injuries
2026-08-16 18:55:26 [INFO]   Gold Coast Titans                        6 injuries
2026-08-16 18:55:28 [INFO]   Manly-Warringah Sea Eagles               7 injuries
2026-08-16 18:55:29 [INFO]   Melbourne Storm                          8 injuries
2026-08-16 18:55:30 [INFO]   Newcastle Knights                        7 injuries
2026-08-16 18:55:32 [INFO]   New Zealand Warriors                     4 injuries
2026-08-16 18:55:32 [INFO]   North Queensland Cowboys                 2 injuries
2026-08-16 18:55:34 [INFO]   Parramatta Eels                          5 injuries
2026-08-16 18:55:36 [INFO]   Penrith Panthers                         3 injuries
2026-08-16 18:55:38 [INFO]   South Sydney Rabbitohs                   6 injuries
2026-08-16 18:55:39 [INFO]   St. George Illawarra Dragons             5 injuries
2026-08-16 18:55:41 [INFO]   Sydney Roosters                          4 injuries
2026-08-16 18:55:43 [INFO]   Wests Tigers                             5 injuries
2026-08-16 18:55:43 [INFO] Zero Tackle total: 79 records across 17 teams
2026-08-16 18:55:43 [INFO] Wrote latest-injuries.json -- 79 player records, round 24
2026-08-16 18:55:43 [INFO] Injuries scraped -- 79 records
[2026-08-16T18:55:43] NRL team news
Written /Users/elliotbladen/BetMate/data/nrl/team-news/latest.json
  Round 24 | Teams: 17 | Injuries: 79 | Suspensions preserved: 0
[2026-08-16T18:55:45] NRL market-moving news
2026-08-16 18:55:45 [INFO] Targeting season=2026 round=24
2026-08-16 18:55:45 [INFO] Fetched NRL Casualty Ward                904 bytes
2026-08-16 18:55:46 [INFO] Fetched NRL Judiciary Report             862 bytes
2026-08-16 18:55:47 [INFO] Fetched NRL News                         798 bytes
2026-08-16 18:55:47 [INFO] Fetched Brisbane Broncos News            805 bytes
2026-08-16 18:55:48 [INFO] Fetched Canterbury-Bankstown Bulldogs News 806 bytes
2026-08-16 18:55:49 [INFO] Fetched Canberra Raiders News            805 bytes
2026-08-16 18:55:49 [INFO] Fetched Cronulla-Sutherland Sharks News  804 bytes
2026-08-16 18:55:50 [INFO] Fetched Dolphins News                    809 bytes
2026-08-16 18:55:51 [INFO] Fetched Gold Coast Titans News           804 bytes
2026-08-16 18:55:51 [INFO] Fetched Manly-Warringah Sea Eagles News  807 bytes
2026-08-16 18:55:52 [INFO] Fetched Melbourne Storm News             812 bytes
2026-08-16 18:55:52 [INFO] Fetched Newcastle Knights News           814 bytes
2026-08-16 18:55:53 [INFO] Fetched New Zealand Warriors News        804 bytes
2026-08-16 18:55:54 [INFO] Fetched North Queensland Cowboys News    805 bytes
2026-08-16 18:55:54 [INFO] Fetched Parramatta Eels News             807 bytes
2026-08-16 18:55:55 [INFO] Fetched Penrith Panthers News            813 bytes
2026-08-16 18:55:56 [INFO] Fetched South Sydney Rabbitohs News      180752 bytes
2026-08-16 18:55:56 [INFO] Fetched St. George Illawarra Dragons News 805 bytes
2026-08-16 18:55:57 [INFO] Fetched Sydney Roosters News             806 bytes
2026-08-16 18:55:58 [INFO] Fetched Wests Tigers News                809 bytes
2026-08-16 18:55:58 [INFO] Wrote 0 flags
2026-08-16 18:55:58 [INFO] JSON: /Users/elliotbladen/BetMate/data/nrl/news_flags/processed/2026/2026-08-16.json
2026-08-16 18:55:58 [INFO] CSV:  /Users/elliotbladen/BetMate/data/nrl/news_flags/processed/2026/2026-08-16.csv
2026-08-16 18:55:58 [INFO] News flags complete -- 0 total, 0 HIGH
[2026-08-16T18:55:58] AFL injuries
2026-08-16 18:55:58 [INFO] Targeting season=2026 round=23
2026-08-16 18:55:58 [INFO] Attempt 1/3 -- AFL injuries R23 2026
2026-08-16 18:56:00 [INFO] Parsed 143 player records across all teams
2026-08-16 18:56:00 [INFO] Wrote latest-injuries.json -- 143 records, round 23
[2026-08-16T18:56:00] Market event log
Wrote 645 events -> /Users/elliotbladen/BetMate/data/market_events/2026_events.csv
  injury: 645
AFL injury refresh pinned to prepared round 23
[2026-08-16T19:56:00] NRL injuries
2026-08-16 19:56:00 [INFO] Targeting season=2026 round=24
2026-08-16 19:56:00 [INFO] Attempt 1/3 -- Zero Tackle injuries R24 2026
2026-08-16 19:56:05 [INFO]   Brisbane Broncos                         5 injuries
2026-08-16 19:56:09 [INFO]   Canberra Raiders                         4 injuries
2026-08-16 19:56:09 [INFO]   Canterbury-Bankstown Bulldogs            3 injuries
2026-08-16 19:56:12 [INFO]   Cronulla-Sutherland Sharks               3 injuries
2026-08-16 19:56:14 [INFO]   Dolphins                                 2 injuries
2026-08-16 19:56:14 [INFO]   Gold Coast Titans                        6 injuries
2026-08-16 19:56:14 [INFO]   Manly-Warringah Sea Eagles               7 injuries
2026-08-16 19:56:15 [INFO]   Melbourne Storm                          8 injuries
2026-08-16 19:56:17 [INFO]   Newcastle Knights                        7 injuries
2026-08-16 19:56:17 [INFO]   New Zealand Warriors                     4 injuries
2026-08-16 19:56:19 [INFO]   North Queensland Cowboys                 2 injuries
2026-08-16 19:56:21 [INFO]   Parramatta Eels                          5 injuries
2026-08-16 19:56:23 [INFO]   Penrith Panthers                         3 injuries
2026-08-16 19:56:25 [INFO]   South Sydney Rabbitohs                   6 injuries
2026-08-16 19:56:26 [INFO]   St. George Illawarra Dragons             5 injuries
2026-08-16 19:56:26 [INFO]   Sydney Roosters                          4 injuries
2026-08-16 19:56:26 [INFO]   Wests Tigers                             5 injuries
2026-08-16 19:56:26 [INFO] Zero Tackle total: 79 records across 17 teams
2026-08-16 19:56:26 [INFO] Wrote latest-injuries.json -- 79 player records, round 24
2026-08-16 19:56:26 [INFO] Injuries scraped -- 79 records
[2026-08-16T19:56:27] NRL team news
Written /Users/elliotbladen/BetMate/data/nrl/team-news/latest.json
  Round 24 | Teams: 17 | Injuries: 79 | Suspensions preserved: 0
[2026-08-16T19:56:28] NRL market-moving news
2026-08-16 19:56:29 [INFO] Targeting season=2026 round=24
2026-08-16 19:56:29 [INFO] Fetched NRL Casualty Ward                904 bytes
2026-08-16 19:56:30 [INFO] Fetched NRL Judiciary Report             862 bytes
2026-08-16 19:56:30 [INFO] Fetched NRL News                         798 bytes
2026-08-16 19:56:31 [INFO] Fetched Brisbane Broncos News            805 bytes
2026-08-16 19:56:32 [INFO] Fetched Canterbury-Bankstown Bulldogs News 806 bytes
2026-08-16 19:56:32 [INFO] Fetched Canberra Raiders News            805 bytes
2026-08-16 19:56:33 [INFO] Fetched Cronulla-Sutherland Sharks News  804 bytes
2026-08-16 19:56:34 [INFO] Fetched Dolphins News                    809 bytes
2026-08-16 19:56:34 [INFO] Fetched Gold Coast Titans News           804 bytes
2026-08-16 19:56:35 [INFO] Fetched Manly-Warringah Sea Eagles News  807 bytes
2026-08-16 19:56:35 [INFO] Fetched Melbourne Storm News             812 bytes
2026-08-16 19:56:36 [INFO] Fetched Newcastle Knights News           814 bytes
2026-08-16 19:56:37 [INFO] Fetched New Zealand Warriors News        804 bytes
2026-08-16 19:56:38 [INFO] Fetched North Queensland Cowboys News    805 bytes
2026-08-16 19:56:38 [INFO] Fetched Parramatta Eels News             807 bytes
2026-08-16 19:56:39 [INFO] Fetched Penrith Panthers News            813 bytes
2026-08-16 19:56:40 [INFO] Fetched South Sydney Rabbitohs News      180752 bytes
2026-08-16 19:56:40 [INFO] Fetched St. George Illawarra Dragons News 805 bytes
2026-08-16 19:56:41 [INFO] Fetched Sydney Roosters News             806 bytes
2026-08-16 19:56:42 [INFO] Fetched Wests Tigers News                809 bytes
2026-08-16 19:56:42 [INFO] Wrote 0 flags
2026-08-16 19:56:42 [INFO] JSON: /Users/elliotbladen/BetMate/data/nrl/news_flags/processed/2026/2026-08-16.json
2026-08-16 19:56:42 [INFO] CSV:  /Users/elliotbladen/BetMate/data/nrl/news_flags/processed/2026/2026-08-16.csv
2026-08-16 19:56:42 [INFO] News flags complete -- 0 total, 0 HIGH
[2026-08-16T19:56:42] AFL injuries
2026-08-16 19:56:42 [INFO] Targeting season=2026 round=23
2026-08-16 19:56:42 [INFO] Attempt 1/3 -- AFL injuries R23 2026
2026-08-16 19:56:44 [INFO] Parsed 143 player records across all teams
2026-08-16 19:56:44 [INFO] Wrote latest-injuries.json -- 143 records, round 23
[2026-08-16T19:56:44] Market event log
Wrote 645 events -> /Users/elliotbladen/BetMate/data/market_events/2026_events.csv
  injury: 645
AFL injury refresh pinned to prepared round 23
[2026-08-17T08:37:59] NRL injuries
2026-08-17 08:37:59 [INFO] Targeting season=2026 round=25
2026-08-17 08:37:59 [INFO] Attempt 1/3 -- Zero Tackle injuries R25 2026
2026-08-17 08:37:59 [INFO]   Brisbane Broncos                         5 injuries
2026-08-17 08:37:59 [INFO]   Canberra Raiders                         4 injuries
2026-08-17 08:38:00 [INFO]   Canterbury-Bankstown Bulldogs            3 injuries
2026-08-17 08:38:00 [INFO]   Cronulla-Sutherland Sharks               3 injuries
2026-08-17 08:38:00 [INFO]   Dolphins                                 2 injuries
2026-08-17 08:38:00 [INFO]   Gold Coast Titans                        6 injuries
2026-08-17 08:38:01 [INFO]   Manly-Warringah Sea Eagles               7 injuries
2026-08-17 08:38:01 [INFO]   Melbourne Storm                          8 injuries
2026-08-17 08:38:01 [INFO]   Newcastle Knights                        7 injuries
2026-08-17 08:38:01 [INFO]   New Zealand Warriors                     4 injuries
2026-08-17 08:38:01 [INFO]   North Queensland Cowboys                 2 injuries
2026-08-17 08:38:02 [INFO]   Parramatta Eels                          5 injuries
2026-08-17 08:38:02 [INFO]   Penrith Panthers                         3 injuries
2026-08-17 08:38:02 [INFO]   South Sydney Rabbitohs                   6 injuries
2026-08-17 08:38:02 [INFO]   St. George Illawarra Dragons             5 injuries
2026-08-17 08:38:02 [INFO]   Sydney Roosters                          4 injuries
2026-08-17 08:38:03 [INFO]   Wests Tigers                             5 injuries
2026-08-17 08:38:03 [INFO] Zero Tackle total: 79 records across 17 teams
2026-08-17 08:38:03 [INFO] Wrote latest-injuries.json -- 79 player records, round 25
2026-08-17 08:38:03 [INFO] Injuries scraped -- 79 records
[2026-08-17T08:38:03] NRL team news
Written /Users/elliotbladen/BetMate/data/nrl/team-news/latest.json
  Round 25 | Teams: 17 | Injuries: 79 | Suspensions preserved: 0
[2026-08-17T08:38:03] NRL market-moving news
2026-08-17 08:38:04 [INFO] Targeting season=2026 round=25
2026-08-17 08:38:04 [INFO] Fetched NRL Casualty Ward                904 bytes
2026-08-17 08:38:05 [INFO] Fetched NRL Judiciary Report             862 bytes
2026-08-17 08:38:05 [INFO] Fetched NRL News                         798 bytes
2026-08-17 08:38:06 [INFO] Fetched Brisbane Broncos News            805 bytes
2026-08-17 08:38:07 [INFO] Fetched Canterbury-Bankstown Bulldogs News 806 bytes
2026-08-17 08:38:07 [INFO] Fetched Canberra Raiders News            805 bytes
2026-08-17 08:38:08 [INFO] Fetched Cronulla-Sutherland Sharks News  804 bytes
2026-08-17 08:38:09 [INFO] Fetched Dolphins News                    809 bytes
2026-08-17 08:38:09 [INFO] Fetched Gold Coast Titans News           804 bytes
2026-08-17 08:38:10 [INFO] Fetched Manly-Warringah Sea Eagles News  807 bytes
2026-08-17 08:38:11 [INFO] Fetched Melbourne Storm News             812 bytes
2026-08-17 08:38:11 [INFO] Fetched Newcastle Knights News           814 bytes
2026-08-17 08:38:12 [INFO] Fetched New Zealand Warriors News        804 bytes
2026-08-17 08:38:13 [INFO] Fetched North Queensland Cowboys News    805 bytes
2026-08-17 08:38:13 [INFO] Fetched Parramatta Eels News             807 bytes
2026-08-17 08:38:14 [INFO] Fetched Penrith Panthers News            813 bytes
2026-08-17 08:38:15 [INFO] Fetched South Sydney Rabbitohs News      180752 bytes
2026-08-17 08:38:15 [INFO] Fetched St. George Illawarra Dragons News 805 bytes
2026-08-17 08:38:16 [INFO] Fetched Sydney Roosters News             806 bytes
2026-08-17 08:38:16 [INFO] Fetched Wests Tigers News                809 bytes
2026-08-17 08:38:17 [INFO] Wrote 0 flags
2026-08-17 08:38:17 [INFO] JSON: /Users/elliotbladen/BetMate/data/nrl/news_flags/processed/2026/2026-08-17.json
2026-08-17 08:38:17 [INFO] CSV:  /Users/elliotbladen/BetMate/data/nrl/news_flags/processed/2026/2026-08-17.csv
2026-08-17 08:38:17 [INFO] News flags complete -- 0 total, 0 HIGH
[2026-08-17T08:38:17] AFL injuries
2026-08-17 08:38:17 [INFO] Targeting season=2026 round=23
2026-08-17 08:38:17 [INFO] Attempt 1/3 -- AFL injuries R23 2026
2026-08-17 08:38:18 [INFO] Parsed 143 player records across all teams
2026-08-17 08:38:18 [INFO] Wrote latest-injuries.json -- 143 records, round 23
[2026-08-17T08:38:18] Market event log
Wrote 651 events -> /Users/elliotbladen/BetMate/data/market_events/2026_events.csv
  injury: 651
AFL injury refresh pinned to prepared round 23
[2026-08-17T09:38:19] NRL injuries
2026-08-17 09:38:19 [INFO] Targeting season=2026 round=25
2026-08-17 09:38:19 [INFO] Attempt 1/3 -- Zero Tackle injuries R25 2026
2026-08-17 09:38:19 [INFO]   Brisbane Broncos                         5 injuries
2026-08-17 09:38:20 [INFO]   Canberra Raiders                         4 injuries
2026-08-17 09:38:20 [INFO]   Canterbury-Bankstown Bulldogs            3 injuries
2026-08-17 09:38:20 [INFO]   Cronulla-Sutherland Sharks               3 injuries
2026-08-17 09:38:20 [INFO]   Dolphins                                 2 injuries
2026-08-17 09:38:20 [INFO]   Gold Coast Titans                        6 injuries
2026-08-17 09:38:21 [INFO]   Manly-Warringah Sea Eagles               7 injuries
2026-08-17 09:38:21 [INFO]   Melbourne Storm                          8 injuries
2026-08-17 09:38:21 [INFO]   Newcastle Knights                        7 injuries
2026-08-17 09:38:21 [INFO]   New Zealand Warriors                     4 injuries
2026-08-17 09:38:21 [INFO]   North Queensland Cowboys                 2 injuries
2026-08-17 09:38:22 [INFO]   Parramatta Eels                          5 injuries
2026-08-17 09:38:22 [INFO]   Penrith Panthers                         3 injuries
2026-08-17 09:38:22 [INFO]   South Sydney Rabbitohs                   6 injuries
2026-08-17 09:38:22 [INFO]   St. George Illawarra Dragons             5 injuries
2026-08-17 09:38:22 [INFO]   Sydney Roosters                          4 injuries
2026-08-17 09:38:23 [INFO]   Wests Tigers                             5 injuries
2026-08-17 09:38:23 [INFO] Zero Tackle total: 79 records across 17 teams
2026-08-17 09:38:23 [INFO] Wrote latest-injuries.json -- 79 player records, round 25
2026-08-17 09:38:23 [INFO] Injuries scraped -- 79 records
[2026-08-17T09:38:23] NRL team news
Written /Users/elliotbladen/BetMate/data/nrl/team-news/latest.json
  Round 25 | Teams: 17 | Injuries: 79 | Suspensions preserved: 0
[2026-08-17T09:38:24] NRL market-moving news
2026-08-17 09:38:24 [INFO] Targeting season=2026 round=25
2026-08-17 09:38:24 [INFO] Fetched NRL Casualty Ward                904 bytes
2026-08-17 09:38:25 [INFO] Fetched NRL Judiciary Report             862 bytes
2026-08-17 09:38:25 [INFO] Fetched NRL News                         798 bytes
2026-08-17 09:38:26 [INFO] Fetched Brisbane Broncos News            805 bytes
2026-08-17 09:38:27 [INFO] Fetched Canterbury-Bankstown Bulldogs News 806 bytes
2026-08-17 09:38:27 [INFO] Fetched Canberra Raiders News            805 bytes
2026-08-17 09:38:28 [INFO] Fetched Cronulla-Sutherland Sharks News  804 bytes
2026-08-17 09:38:29 [INFO] Fetched Dolphins News                    809 bytes
2026-08-17 09:38:29 [INFO] Fetched Gold Coast Titans News           804 bytes
2026-08-17 09:38:30 [INFO] Fetched Manly-Warringah Sea Eagles News  807 bytes
2026-08-17 09:38:31 [INFO] Fetched Melbourne Storm News             812 bytes
2026-08-17 09:38:31 [INFO] Fetched Newcastle Knights News           814 bytes
2026-08-17 09:38:32 [INFO] Fetched New Zealand Warriors News        804 bytes
2026-08-17 09:38:33 [INFO] Fetched North Queensland Cowboys News    805 bytes
2026-08-17 09:38:33 [INFO] Fetched Parramatta Eels News             807 bytes
2026-08-17 09:38:34 [INFO] Fetched Penrith Panthers News            813 bytes
2026-08-17 09:38:35 [INFO] Fetched South Sydney Rabbitohs News      181484 bytes
2026-08-17 09:38:35 [INFO] Fetched St. George Illawarra Dragons News 805 bytes
2026-08-17 09:38:36 [INFO] Fetched Sydney Roosters News             806 bytes
2026-08-17 09:38:37 [INFO] Fetched Wests Tigers News                809 bytes
2026-08-17 09:38:37 [INFO] Wrote 0 flags
2026-08-17 09:38:37 [INFO] JSON: /Users/elliotbladen/BetMate/data/nrl/news_flags/processed/2026/2026-08-17.json
2026-08-17 09:38:37 [INFO] CSV:  /Users/elliotbladen/BetMate/data/nrl/news_flags/processed/2026/2026-08-17.csv
2026-08-17 09:38:37 [INFO] News flags complete -- 0 total, 0 HIGH
[2026-08-17T09:38:37] AFL injuries
2026-08-17 09:38:38 [INFO] Targeting season=2026 round=23
2026-08-17 09:38:38 [INFO] Attempt 1/3 -- AFL injuries R23 2026
2026-08-17 09:38:39 [INFO] Parsed 143 player records across all teams
2026-08-17 09:38:39 [INFO] Wrote latest-injuries.json -- 143 records, round 23
[2026-08-17T09:38:39] Market event log
Wrote 651 events -> /Users/elliotbladen/BetMate/data/market_events/2026_events.csv
  injury: 651
AFL injury refresh pinned to prepared round 23
[2026-08-17T12:57:53] NRL injuries
2026-08-17 12:57:54 [INFO] Targeting season=2026 round=25
2026-08-17 12:57:54 [INFO] Attempt 1/3 -- Zero Tackle injuries R25 2026
2026-08-17 12:57:54 [INFO]   Brisbane Broncos                         5 injuries
2026-08-17 12:57:54 [INFO]   Canberra Raiders                         4 injuries
2026-08-17 12:57:54 [INFO]   Canterbury-Bankstown Bulldogs            3 injuries
2026-08-17 12:57:55 [INFO]   Cronulla-Sutherland Sharks               3 injuries
2026-08-17 12:57:55 [INFO]   Dolphins                                 2 injuries
2026-08-17 12:57:55 [INFO]   Gold Coast Titans                        6 injuries
2026-08-17 12:57:55 [INFO]   Manly-Warringah Sea Eagles               7 injuries
2026-08-17 12:57:55 [INFO]   Melbourne Storm                          8 injuries
2026-08-17 12:57:56 [INFO]   Newcastle Knights                        7 injuries
2026-08-17 12:57:56 [INFO]   New Zealand Warriors                     4 injuries
2026-08-17 12:57:56 [INFO]   North Queensland Cowboys                 2 injuries
2026-08-17 12:57:56 [INFO]   Parramatta Eels                          5 injuries
2026-08-17 12:57:56 [INFO]   Penrith Panthers                         3 injuries
2026-08-17 12:57:57 [INFO]   South Sydney Rabbitohs                   6 injuries
2026-08-17 12:57:57 [INFO]   St. George Illawarra Dragons             5 injuries
2026-08-17 12:57:57 [INFO]   Sydney Roosters                          4 injuries
2026-08-17 12:57:57 [INFO]   Wests Tigers                             5 injuries
2026-08-17 12:57:57 [INFO] Zero Tackle total: 79 records across 17 teams
2026-08-17 12:57:57 [INFO] Wrote latest-injuries.json -- 79 player records, round 25
2026-08-17 12:57:57 [INFO] Injuries scraped -- 79 records
[2026-08-17T12:57:57] NRL team news
Written /Users/elliotbladen/BetMate/data/nrl/team-news/latest.json
  Round 25 | Teams: 17 | Injuries: 79 | Suspensions preserved: 0
[2026-08-17T12:57:58] NRL market-moving news
2026-08-17 12:57:58 [INFO] Targeting season=2026 round=25
2026-08-17 12:57:59 [INFO] Fetched NRL Casualty Ward                904 bytes
2026-08-17 12:57:59 [INFO] Fetched NRL Judiciary Report             862 bytes
2026-08-17 12:58:00 [INFO] Fetched NRL News                         798 bytes
2026-08-17 12:58:01 [INFO] Fetched Brisbane Broncos News            805 bytes
2026-08-17 12:58:01 [INFO] Fetched Canterbury-Bankstown Bulldogs News 806 bytes
2026-08-17 12:58:02 [INFO] Fetched Canberra Raiders News            805 bytes
2026-08-17 12:58:03 [INFO] Fetched Cronulla-Sutherland Sharks News  804 bytes
2026-08-17 12:58:03 [INFO] Fetched Dolphins News                    809 bytes
2026-08-17 12:58:04 [INFO] Fetched Gold Coast Titans News           804 bytes
2026-08-17 12:58:05 [INFO] Fetched Manly-Warringah Sea Eagles News  807 bytes
2026-08-17 12:58:05 [INFO] Fetched Melbourne Storm News             812 bytes
2026-08-17 12:58:06 [INFO] Fetched Newcastle Knights News           814 bytes
2026-08-17 12:58:07 [INFO] Fetched New Zealand Warriors News        804 bytes
2026-08-17 12:58:07 [INFO] Fetched North Queensland Cowboys News    805 bytes
2026-08-17 12:58:08 [INFO] Fetched Parramatta Eels News             807 bytes
2026-08-17 12:58:09 [INFO] Fetched Penrith Panthers News            813 bytes
2026-08-17 12:58:09 [INFO] Fetched South Sydney Rabbitohs News      181070 bytes
2026-08-17 12:58:10 [INFO] Fetched St. George Illawarra Dragons News 805 bytes
2026-08-17 12:58:11 [INFO] Fetched Sydney Roosters News             806 bytes
2026-08-17 12:58:11 [INFO] Fetched Wests Tigers News                809 bytes
2026-08-17 12:58:12 [INFO] Wrote 0 flags
2026-08-17 12:58:12 [INFO] JSON: /Users/elliotbladen/BetMate/data/nrl/news_flags/processed/2026/2026-08-17.json
2026-08-17 12:58:12 [INFO] CSV:  /Users/elliotbladen/BetMate/data/nrl/news_flags/processed/2026/2026-08-17.csv
2026-08-17 12:58:12 [INFO] News flags complete -- 0 total, 0 HIGH
[2026-08-17T12:58:12] AFL injuries
2026-08-17 12:58:12 [INFO] Targeting season=2026 round=23
2026-08-17 12:58:12 [INFO] Attempt 1/3 -- AFL injuries R23 2026
2026-08-17 12:58:13 [INFO] Parsed 143 player records across all teams
2026-08-17 12:58:13 [INFO] Wrote latest-injuries.json -- 143 records, round 23
[2026-08-17T12:58:13] Market event log
Wrote 651 events -> /Users/elliotbladen/BetMate/data/market_events/2026_events.csv
  injury: 651
AFL injury refresh pinned to prepared round 23
[2026-08-17T15:00:30] NRL injuries
2026-08-17 15:00:31 [INFO] Targeting season=2026 round=25
2026-08-17 15:00:31 [INFO] Attempt 1/3 -- Zero Tackle injuries R25 2026
2026-08-17 15:00:35 [INFO]   Brisbane Broncos                         5 injuries
2026-08-17 15:00:38 [INFO]   Canberra Raiders                         4 injuries
2026-08-17 15:00:38 [INFO]   Canterbury-Bankstown Bulldogs            3 injuries
2026-08-17 15:00:42 [INFO]   Cronulla-Sutherland Sharks               3 injuries
2026-08-17 15:00:44 [INFO]   Dolphins                                 2 injuries
2026-08-17 15:00:44 [INFO]   Gold Coast Titans                        6 injuries
2026-08-17 15:00:46 [INFO]   Manly-Warringah Sea Eagles               7 injuries
2026-08-17 15:00:47 [INFO]   Melbourne Storm                          8 injuries
2026-08-17 15:00:47 [INFO]   Newcastle Knights                        7 injuries
2026-08-17 15:00:49 [INFO]   New Zealand Warriors                     4 injuries
2026-08-17 15:00:51 [INFO]   North Queensland Cowboys                 2 injuries
2026-08-17 15:00:52 [INFO]   Parramatta Eels                          5 injuries
2026-08-17 15:00:54 [INFO]   Penrith Panthers                         3 injuries
2026-08-17 15:00:54 [INFO]   South Sydney Rabbitohs                   6 injuries
2026-08-17 15:00:54 [INFO]   St. George Illawarra Dragons             5 injuries
2026-08-17 15:00:57 [INFO]   Sydney Roosters                          4 injuries
2026-08-17 15:00:58 [INFO]   Wests Tigers                             5 injuries
2026-08-17 15:00:58 [INFO] Zero Tackle total: 79 records across 17 teams
2026-08-17 15:00:58 [INFO] Wrote latest-injuries.json -- 79 player records, round 25
2026-08-17 15:00:58 [INFO] Injuries scraped -- 79 records
[2026-08-17T15:00:58] NRL team news
Written /Users/elliotbladen/BetMate/data/nrl/team-news/latest.json
  Round 25 | Teams: 17 | Injuries: 79 | Suspensions preserved: 0
[2026-08-17T15:00:59] NRL market-moving news
2026-08-17 15:01:00 [INFO] Targeting season=2026 round=25
2026-08-17 15:01:00 [INFO] Fetched NRL Casualty Ward                904 bytes
2026-08-17 15:01:01 [INFO] Fetched NRL Judiciary Report             862 bytes
2026-08-17 15:01:01 [INFO] Fetched NRL News                         798 bytes
2026-08-17 15:01:02 [INFO] Fetched Brisbane Broncos News            805 bytes
2026-08-17 15:01:03 [INFO] Fetched Canterbury-Bankstown Bulldogs News 806 bytes
2026-08-17 15:01:04 [INFO] Fetched Canberra Raiders News            805 bytes
2026-08-17 15:01:04 [INFO] Fetched Cronulla-Sutherland Sharks News  804 bytes
2026-08-17 15:01:05 [INFO] Fetched Dolphins News                    809 bytes
2026-08-17 15:01:06 [INFO] Fetched Gold Coast Titans News           804 bytes
2026-08-17 15:01:07 [INFO] Fetched Manly-Warringah Sea Eagles News  807 bytes
2026-08-17 15:01:07 [INFO] Fetched Melbourne Storm News             812 bytes
2026-08-17 15:01:08 [INFO] Fetched Newcastle Knights News           814 bytes
2026-08-17 15:01:09 [INFO] Fetched New Zealand Warriors News        804 bytes
2026-08-17 15:01:10 [INFO] Fetched North Queensland Cowboys News    805 bytes
2026-08-17 15:01:10 [INFO] Fetched Parramatta Eels News             807 bytes
2026-08-17 15:01:11 [INFO] Fetched Penrith Panthers News            813 bytes
2026-08-17 15:01:12 [INFO] Fetched South Sydney Rabbitohs News      181049 bytes
2026-08-17 15:01:12 [INFO] Fetched St. George Illawarra Dragons News 805 bytes
2026-08-17 15:01:13 [INFO] Fetched Sydney Roosters News             806 bytes
2026-08-17 15:01:14 [INFO] Fetched Wests Tigers News                809 bytes
2026-08-17 15:01:14 [INFO] Wrote 0 flags
2026-08-17 15:01:14 [INFO] JSON: /Users/elliotbladen/BetMate/data/nrl/news_flags/processed/2026/2026-08-17.json
2026-08-17 15:01:14 [INFO] CSV:  /Users/elliotbladen/BetMate/data/nrl/news_flags/processed/2026/2026-08-17.csv
2026-08-17 15:01:14 [INFO] News flags complete -- 0 total, 0 HIGH
[2026-08-17T15:01:14] AFL injuries
2026-08-17 15:01:15 [INFO] Targeting season=2026 round=23
2026-08-17 15:01:15 [INFO] Attempt 1/3 -- AFL injuries R23 2026
2026-08-17 15:01:17 [INFO] Parsed 143 player records across all teams
2026-08-17 15:01:17 [INFO] Wrote latest-injuries.json -- 143 records, round 23
[2026-08-17T15:01:17] Market event log
Wrote 651 events -> /Users/elliotbladen/BetMate/data/market_events/2026_events.csv
  injury: 651
AFL injury refresh pinned to prepared round 23
[2026-08-17T16:01:41] NRL injuries
2026-08-17 16:01:41 [INFO] Targeting season=2026 round=25
2026-08-17 16:01:41 [INFO] Attempt 1/3 -- Zero Tackle injuries R25 2026
2026-08-17 16:01:42 [INFO]   Brisbane Broncos                         5 injuries
2026-08-17 16:01:42 [INFO]   Canberra Raiders                         4 injuries
2026-08-17 16:01:42 [INFO]   Canterbury-Bankstown Bulldogs            3 injuries
2026-08-17 16:01:42 [INFO]   Cronulla-Sutherland Sharks               3 injuries
2026-08-17 16:01:43 [INFO]   Dolphins                                 2 injuries
2026-08-17 16:01:43 [INFO]   Gold Coast Titans                        6 injuries
2026-08-17 16:01:43 [INFO]   Manly-Warringah Sea Eagles               7 injuries
2026-08-17 16:01:43 [INFO]   Melbourne Storm                          8 injuries
2026-08-17 16:01:43 [INFO]   Newcastle Knights                        7 injuries
2026-08-17 16:01:44 [INFO]   New Zealand Warriors                     4 injuries
2026-08-17 16:01:44 [INFO]   North Queensland Cowboys                 2 injuries
2026-08-17 16:01:44 [INFO]   Parramatta Eels                          5 injuries
2026-08-17 16:01:44 [INFO]   Penrith Panthers                         3 injuries
2026-08-17 16:01:45 [INFO]   South Sydney Rabbitohs                   6 injuries
2026-08-17 16:01:45 [INFO]   St. George Illawarra Dragons             5 injuries
2026-08-17 16:01:45 [INFO]   Sydney Roosters                          4 injuries
2026-08-17 16:01:45 [INFO]   Wests Tigers                             5 injuries
2026-08-17 16:01:45 [INFO] Zero Tackle total: 79 records across 17 teams
2026-08-17 16:01:45 [INFO] Wrote latest-injuries.json -- 79 player records, round 25
2026-08-17 16:01:45 [INFO] Injuries scraped -- 79 records
[2026-08-17T16:01:45] NRL team news
Written /Users/elliotbladen/BetMate/data/nrl/team-news/latest.json
  Round 25 | Teams: 17 | Injuries: 79 | Suspensions preserved: 0
[2026-08-17T16:01:46] NRL market-moving news
2026-08-17 16:01:47 [INFO] Targeting season=2026 round=25
2026-08-17 16:01:47 [INFO] Fetched NRL Casualty Ward                904 bytes
2026-08-17 16:01:48 [INFO] Fetched NRL Judiciary Report             862 bytes
2026-08-17 16:01:48 [INFO] Fetched NRL News                         798 bytes
2026-08-17 16:01:49 [INFO] Fetched Brisbane Broncos News            805 bytes
2026-08-17 16:01:50 [INFO] Fetched Canterbury-Bankstown Bulldogs News 806 bytes
2026-08-17 16:01:50 [INFO] Fetched Canberra Raiders News            805 bytes
2026-08-17 16:01:51 [INFO] Fetched Cronulla-Sutherland Sharks News  804 bytes
2026-08-17 16:01:51 [INFO] Fetched Dolphins News                    809 bytes
2026-08-17 16:01:52 [INFO] Fetched Gold Coast Titans News           804 bytes
2026-08-17 16:01:53 [INFO] Fetched Manly-Warringah Sea Eagles News  807 bytes
2026-08-17 16:01:53 [INFO] Fetched Melbourne Storm News             812 bytes
2026-08-17 16:01:54 [INFO] Fetched Newcastle Knights News           814 bytes
2026-08-17 16:01:55 [INFO] Fetched New Zealand Warriors News        804 bytes
2026-08-17 16:01:55 [INFO] Fetched North Queensland Cowboys News    805 bytes
2026-08-17 16:01:56 [INFO] Fetched Parramatta Eels News             807 bytes
2026-08-17 16:01:57 [INFO] Fetched Penrith Panthers News            813 bytes
2026-08-17 16:01:57 [INFO] Fetched South Sydney Rabbitohs News      181049 bytes
2026-08-17 16:01:58 [INFO] Fetched St. George Illawarra Dragons News 805 bytes
2026-08-17 16:01:59 [INFO] Fetched Sydney Roosters News             806 bytes
2026-08-17 16:01:59 [INFO] Fetched Wests Tigers News                809 bytes
2026-08-17 16:01:59 [INFO] Wrote 0 flags
2026-08-17 16:01:59 [INFO] JSON: /Users/elliotbladen/BetMate/data/nrl/news_flags/processed/2026/2026-08-17.json
2026-08-17 16:01:59 [INFO] CSV:  /Users/elliotbladen/BetMate/data/nrl/news_flags/processed/2026/2026-08-17.csv
2026-08-17 16:01:59 [INFO] News flags complete -- 0 total, 0 HIGH
[2026-08-17T16:01:59] AFL injuries
2026-08-17 16:02:00 [INFO] Targeting season=2026 round=23
2026-08-17 16:02:00 [INFO] Attempt 1/3 -- AFL injuries R23 2026
2026-08-17 16:02:01 [INFO] Parsed 154 player records across all teams
2026-08-17 16:02:01 [INFO] Wrote latest-injuries.json -- 154 records, round 23
[2026-08-17T16:02:01] Market event log
Wrote 662 events -> /Users/elliotbladen/BetMate/data/market_events/2026_events.csv
  injury: 662
AFL injury refresh pinned to prepared round 23
[2026-08-17T17:02:01] NRL injuries
2026-08-17 17:02:02 [INFO] Targeting season=2026 round=25
2026-08-17 17:02:02 [INFO] Attempt 1/3 -- Zero Tackle injuries R25 2026
2026-08-17 17:02:02 [INFO]   Brisbane Broncos                         5 injuries
2026-08-17 17:02:02 [INFO]   Canberra Raiders                         4 injuries
2026-08-17 17:02:03 [INFO]   Canterbury-Bankstown Bulldogs            3 injuries
2026-08-17 17:02:03 [INFO]   Cronulla-Sutherland Sharks               3 injuries
2026-08-17 17:02:03 [INFO]   Dolphins                                 2 injuries
2026-08-17 17:02:03 [INFO]   Gold Coast Titans                        6 injuries
2026-08-17 17:02:03 [INFO]   Manly-Warringah Sea Eagles               7 injuries
2026-08-17 17:02:04 [INFO]   Melbourne Storm                          8 injuries
2026-08-17 17:02:04 [INFO]   Newcastle Knights                        7 injuries
2026-08-17 17:02:04 [INFO]   New Zealand Warriors                     4 injuries
2026-08-17 17:02:04 [INFO]   North Queensland Cowboys                 2 injuries
2026-08-17 17:02:04 [INFO]   Parramatta Eels                          5 injuries
2026-08-17 17:02:05 [INFO]   Penrith Panthers                         3 injuries
2026-08-17 17:02:05 [INFO]   South Sydney Rabbitohs                   6 injuries
2026-08-17 17:02:05 [INFO]   St. George Illawarra Dragons             5 injuries
2026-08-17 17:02:05 [INFO]   Sydney Roosters                          4 injuries
2026-08-17 17:02:05 [INFO]   Wests Tigers                             5 injuries
2026-08-17 17:02:05 [INFO] Zero Tackle total: 79 records across 17 teams
2026-08-17 17:02:05 [INFO] Wrote latest-injuries.json -- 79 player records, round 25
2026-08-17 17:02:05 [INFO] Injuries scraped -- 79 records
[2026-08-17T17:02:06] NRL team news
Written /Users/elliotbladen/BetMate/data/nrl/team-news/latest.json
  Round 25 | Teams: 17 | Injuries: 79 | Suspensions preserved: 0
[2026-08-17T17:02:07] NRL market-moving news
2026-08-17 17:02:07 [INFO] Targeting season=2026 round=25
2026-08-17 17:02:08 [INFO] Fetched NRL Casualty Ward                904 bytes
2026-08-17 17:02:08 [INFO] Fetched NRL Judiciary Report             862 bytes
2026-08-17 17:02:09 [INFO] Fetched NRL News                         798 bytes
2026-08-17 17:02:10 [INFO] Fetched Brisbane Broncos News            805 bytes
2026-08-17 17:02:10 [INFO] Fetched Canterbury-Bankstown Bulldogs News 806 bytes
2026-08-17 17:02:11 [INFO] Fetched Canberra Raiders News            805 bytes
2026-08-17 17:02:12 [INFO] Fetched Cronulla-Sutherland Sharks News  804 bytes
2026-08-17 17:02:12 [INFO] Fetched Dolphins News                    809 bytes
2026-08-17 17:02:13 [INFO] Fetched Gold Coast Titans News           804 bytes
2026-08-17 17:02:13 [INFO] Fetched Manly-Warringah Sea Eagles News  807 bytes
2026-08-17 17:02:14 [INFO] Fetched Melbourne Storm News             812 bytes
2026-08-17 17:02:15 [INFO] Fetched Newcastle Knights News           814 bytes
2026-08-17 17:02:15 [INFO] Fetched New Zealand Warriors News        804 bytes
2026-08-17 17:02:16 [INFO] Fetched North Queensland Cowboys News    805 bytes
2026-08-17 17:02:17 [INFO] Fetched Parramatta Eels News             807 bytes
2026-08-17 17:02:17 [INFO] Fetched Penrith Panthers News            813 bytes
2026-08-17 17:02:18 [INFO] Fetched South Sydney Rabbitohs News      180891 bytes
2026-08-17 17:02:19 [INFO] Fetched St. George Illawarra Dragons News 805 bytes
2026-08-17 17:02:20 [INFO] Fetched Sydney Roosters News             806 bytes
2026-08-17 17:02:20 [INFO] Fetched Wests Tigers News                809 bytes
2026-08-17 17:02:20 [INFO] Wrote 0 flags
2026-08-17 17:02:20 [INFO] JSON: /Users/elliotbladen/BetMate/data/nrl/news_flags/processed/2026/2026-08-17.json
2026-08-17 17:02:20 [INFO] CSV:  /Users/elliotbladen/BetMate/data/nrl/news_flags/processed/2026/2026-08-17.csv
2026-08-17 17:02:20 [INFO] News flags complete -- 0 total, 0 HIGH
[2026-08-17T17:02:21] AFL injuries
2026-08-17 17:02:21 [INFO] Targeting season=2026 round=23
2026-08-17 17:02:21 [INFO] Attempt 1/3 -- AFL injuries R23 2026
2026-08-17 17:02:22 [INFO] Parsed 154 player records across all teams
2026-08-17 17:02:22 [INFO] Wrote latest-injuries.json -- 154 records, round 23
[2026-08-17T17:02:22] Market event log
Wrote 662 events -> /Users/elliotbladen/BetMate/data/market_events/2026_events.csv
  injury: 662
AFL injury refresh pinned to prepared round 23
[2026-08-17T18:02:22] NRL injuries
2026-08-17 18:02:23 [INFO] Targeting season=2026 round=25
2026-08-17 18:02:23 [INFO] Attempt 1/3 -- Zero Tackle injuries R25 2026
2026-08-17 18:02:23 [INFO]   Brisbane Broncos                         5 injuries
2026-08-17 18:02:23 [INFO]   Canberra Raiders                         4 injuries
2026-08-17 18:02:24 [INFO]   Canterbury-Bankstown Bulldogs            3 injuries
2026-08-17 18:02:24 [INFO]   Cronulla-Sutherland Sharks               3 injuries
2026-08-17 18:02:24 [INFO]   Dolphins                                 2 injuries
2026-08-17 18:02:24 [INFO]   Gold Coast Titans                        6 injuries
2026-08-17 18:02:24 [INFO]   Manly-Warringah Sea Eagles               7 injuries
2026-08-17 18:02:24 [INFO]   Melbourne Storm                          8 injuries
2026-08-17 18:02:25 [INFO]   Newcastle Knights                        7 injuries
2026-08-17 18:02:25 [INFO]   New Zealand Warriors                     4 injuries
2026-08-17 18:02:25 [INFO]   North Queensland Cowboys                 2 injuries
2026-08-17 18:02:25 [INFO]   Parramatta Eels                          5 injuries
2026-08-17 18:02:25 [INFO]   Penrith Panthers                         3 injuries
2026-08-17 18:02:26 [INFO]   South Sydney Rabbitohs                   6 injuries
2026-08-17 18:02:26 [INFO]   St. George Illawarra Dragons             5 injuries
2026-08-17 18:02:26 [INFO]   Sydney Roosters                          4 injuries
2026-08-17 18:02:26 [INFO]   Wests Tigers                             5 injuries
2026-08-17 18:02:26 [INFO] Zero Tackle total: 79 records across 17 teams
2026-08-17 18:02:26 [INFO] Wrote latest-injuries.json -- 79 player records, round 25
2026-08-17 18:02:26 [INFO] Injuries scraped -- 79 records
[2026-08-17T18:02:26] NRL team news
Written /Users/elliotbladen/BetMate/data/nrl/team-news/latest.json
  Round 25 | Teams: 17 | Injuries: 79 | Suspensions preserved: 0
[2026-08-17T18:02:28] NRL market-moving news
2026-08-17 18:02:28 [INFO] Targeting season=2026 round=25
2026-08-17 18:02:29 [INFO] Fetched NRL Casualty Ward                904 bytes
2026-08-17 18:02:30 [INFO] Fetched NRL Judiciary Report             862 bytes
2026-08-17 18:02:30 [INFO] Fetched NRL News                         798 bytes
2026-08-17 18:02:31 [INFO] Fetched Brisbane Broncos News            805 bytes
2026-08-17 18:02:32 [INFO] Fetched Canterbury-Bankstown Bulldogs News 806 bytes
2026-08-17 18:02:32 [INFO] Fetched Canberra Raiders News            805 bytes
2026-08-17 18:02:33 [INFO] Fetched Cronulla-Sutherland Sharks News  804 bytes
2026-08-17 18:02:33 [INFO] Fetched Dolphins News                    809 bytes
2026-08-17 18:02:34 [INFO] Fetched Gold Coast Titans News           804 bytes
2026-08-17 18:02:35 [INFO] Fetched Manly-Warringah Sea Eagles News  807 bytes
2026-08-17 18:02:35 [INFO] Fetched Melbourne Storm News             812 bytes
2026-08-17 18:02:36 [INFO] Fetched Newcastle Knights News           814 bytes
2026-08-17 18:02:36 [INFO] Fetched New Zealand Warriors News        804 bytes
2026-08-17 18:02:37 [INFO] Fetched North Queensland Cowboys News    805 bytes
2026-08-17 18:02:38 [INFO] Fetched Parramatta Eels News             807 bytes
2026-08-17 18:02:38 [INFO] Fetched Penrith Panthers News            813 bytes
2026-08-17 18:02:39 [INFO] Fetched South Sydney Rabbitohs News      180808 bytes
2026-08-17 18:02:40 [INFO] Fetched St. George Illawarra Dragons News 805 bytes
2026-08-17 18:02:40 [INFO] Fetched Sydney Roosters News             806 bytes
2026-08-17 18:02:41 [INFO] Fetched Wests Tigers News                809 bytes
2026-08-17 18:02:41 [INFO] Wrote 0 flags
2026-08-17 18:02:41 [INFO] JSON: /Users/elliotbladen/BetMate/data/nrl/news_flags/processed/2026/2026-08-17.json
2026-08-17 18:02:41 [INFO] CSV:  /Users/elliotbladen/BetMate/data/nrl/news_flags/processed/2026/2026-08-17.csv
2026-08-17 18:02:41 [INFO] News flags complete -- 0 total, 0 HIGH
[2026-08-17T18:02:41] AFL injuries
2026-08-17 18:02:42 [INFO] Targeting season=2026 round=23
2026-08-17 18:02:42 [INFO] Attempt 1/3 -- AFL injuries R23 2026
2026-08-17 18:02:43 [INFO] Parsed 154 player records across all teams
2026-08-17 18:02:43 [INFO] Wrote latest-injuries.json -- 154 records, round 23
[2026-08-17T18:02:43] Market event log
Wrote 662 events -> /Users/elliotbladen/BetMate/data/market_events/2026_events.csv
  injury: 662
AFL injury refresh pinned to prepared round 23
[2026-08-17T19:02:44] NRL injuries
2026-08-17 19:02:44 [INFO] Targeting season=2026 round=25
2026-08-17 19:02:44 [INFO] Attempt 1/3 -- Zero Tackle injuries R25 2026
2026-08-17 19:02:44 [INFO]   Brisbane Broncos                         5 injuries
2026-08-17 19:02:44 [INFO]   Canberra Raiders                         4 injuries
2026-08-17 19:02:45 [INFO]   Canterbury-Bankstown Bulldogs            3 injuries
2026-08-17 19:02:45 [INFO]   Cronulla-Sutherland Sharks               3 injuries
2026-08-17 19:02:45 [INFO]   Dolphins                                 2 injuries
2026-08-17 19:02:45 [INFO]   Gold Coast Titans                        6 injuries
2026-08-17 19:02:45 [INFO]   Manly-Warringah Sea Eagles               7 injuries
2026-08-17 19:02:46 [INFO]   Melbourne Storm                          8 injuries
2026-08-17 19:02:46 [INFO]   Newcastle Knights                        7 injuries
2026-08-17 19:02:46 [INFO]   New Zealand Warriors                     4 injuries
2026-08-17 19:02:46 [INFO]   North Queensland Cowboys                 2 injuries
2026-08-17 19:02:46 [INFO]   Parramatta Eels                          5 injuries
2026-08-17 19:02:47 [INFO]   Penrith Panthers                         3 injuries
2026-08-17 19:02:47 [INFO]   South Sydney Rabbitohs                   6 injuries
2026-08-17 19:02:47 [INFO]   St. George Illawarra Dragons             5 injuries
2026-08-17 19:02:47 [INFO]   Sydney Roosters                          4 injuries
2026-08-17 19:02:47 [INFO]   Wests Tigers                             5 injuries
2026-08-17 19:02:47 [INFO] Zero Tackle total: 79 records across 17 teams
2026-08-17 19:02:47 [INFO] Wrote latest-injuries.json -- 79 player records, round 25
2026-08-17 19:02:47 [INFO] Injuries scraped -- 79 records
[2026-08-17T19:02:48] NRL team news
Written /Users/elliotbladen/BetMate/data/nrl/team-news/latest.json
  Round 25 | Teams: 17 | Injuries: 79 | Suspensions preserved: 0
[2026-08-17T19:02:48] NRL market-moving news
2026-08-17 19:02:49 [INFO] Targeting season=2026 round=25
2026-08-17 19:02:49 [INFO] Fetched NRL Casualty Ward                904 bytes
2026-08-17 19:02:50 [INFO] Fetched NRL Judiciary Report             862 bytes
2026-08-17 19:02:50 [INFO] Fetched NRL News                         798 bytes
2026-08-17 19:02:51 [INFO] Fetched Brisbane Broncos News            805 bytes
2026-08-17 19:02:51 [INFO] Fetched Canterbury-Bankstown Bulldogs News 806 bytes
2026-08-17 19:02:52 [INFO] Fetched Canberra Raiders News            805 bytes
2026-08-17 19:02:53 [INFO] Fetched Cronulla-Sutherland Sharks News  804 bytes
2026-08-17 19:02:53 [INFO] Fetched Dolphins News                    809 bytes
2026-08-17 19:02:54 [INFO] Fetched Gold Coast Titans News           804 bytes
2026-08-17 19:02:55 [INFO] Fetched Manly-Warringah Sea Eagles News  807 bytes
2026-08-17 19:02:55 [INFO] Fetched Melbourne Storm News             812 bytes
2026-08-17 19:02:56 [INFO] Fetched Newcastle Knights News           814 bytes
2026-08-17 19:02:56 [INFO] Fetched New Zealand Warriors News        804 bytes
2026-08-17 19:02:57 [INFO] Fetched North Queensland Cowboys News    805 bytes
2026-08-17 19:02:57 [INFO] Fetched Parramatta Eels News             807 bytes
2026-08-17 19:02:58 [INFO] Fetched Penrith Panthers News            813 bytes
2026-08-17 19:02:59 [INFO] Fetched South Sydney Rabbitohs News      180812 bytes
2026-08-17 19:03:00 [INFO] Fetched St. George Illawarra Dragons News 805 bytes
2026-08-17 19:03:00 [INFO] Fetched Sydney Roosters News             806 bytes
2026-08-17 19:03:01 [INFO] Fetched Wests Tigers News                809 bytes
2026-08-17 19:03:01 [INFO] Wrote 0 flags
2026-08-17 19:03:01 [INFO] JSON: /Users/elliotbladen/BetMate/data/nrl/news_flags/processed/2026/2026-08-17.json
2026-08-17 19:03:01 [INFO] CSV:  /Users/elliotbladen/BetMate/data/nrl/news_flags/processed/2026/2026-08-17.csv
2026-08-17 19:03:01 [INFO] News flags complete -- 0 total, 0 HIGH
[2026-08-17T19:03:01] AFL injuries
2026-08-17 19:03:01 [INFO] Targeting season=2026 round=23
2026-08-17 19:03:01 [INFO] Attempt 1/3 -- AFL injuries R23 2026
2026-08-17 19:03:03 [INFO] Parsed 154 player records across all teams
2026-08-17 19:03:03 [INFO] Wrote latest-injuries.json -- 154 records, round 23
[2026-08-17T19:03:03] Market event log
Wrote 662 events -> /Users/elliotbladen/BetMate/data/market_events/2026_events.csv
  injury: 662
AFL injury refresh pinned to prepared round 23
[2026-08-18T08:53:02] NRL injuries
2026-08-18 08:53:03 [INFO] Targeting season=2026 round=25
2026-08-18 08:53:03 [INFO] Attempt 1/3 -- Zero Tackle injuries R25 2026
2026-08-18 08:53:03 [INFO]   Brisbane Broncos                         5 injuries
2026-08-18 08:53:03 [INFO]   Canberra Raiders                         4 injuries
2026-08-18 08:53:04 [INFO]   Canterbury-Bankstown Bulldogs            3 injuries
2026-08-18 08:53:04 [INFO]   Cronulla-Sutherland Sharks               3 injuries
2026-08-18 08:53:05 [INFO]   Dolphins                                 2 injuries
2026-08-18 08:53:05 [INFO]   Gold Coast Titans                        6 injuries
2026-08-18 08:53:05 [INFO]   Manly-Warringah Sea Eagles               7 injuries
2026-08-18 08:53:06 [INFO]   Melbourne Storm                          8 injuries
2026-08-18 08:53:06 [INFO]   Newcastle Knights                        7 injuries
2026-08-18 08:53:06 [INFO]   New Zealand Warriors                     5 injuries
2026-08-18 08:53:07 [INFO]   North Queensland Cowboys                 2 injuries
2026-08-18 08:53:07 [INFO]   Parramatta Eels                          5 injuries
2026-08-18 08:53:07 [INFO]   Penrith Panthers                         3 injuries
2026-08-18 08:53:08 [INFO]   South Sydney Rabbitohs                   6 injuries
2026-08-18 08:53:08 [INFO]   St. George Illawarra Dragons             5 injuries
2026-08-18 08:53:08 [INFO]   Sydney Roosters                          4 injuries
2026-08-18 08:53:08 [INFO]   Wests Tigers                             5 injuries
2026-08-18 08:53:08 [INFO] Zero Tackle total: 80 records across 17 teams
2026-08-18 08:53:08 [INFO] Wrote latest-injuries.json -- 80 player records, round 25
2026-08-18 08:53:08 [INFO] Injuries scraped -- 80 records
[2026-08-18T08:53:09] NRL team news
Written /Users/elliotbladen/BetMate/data/nrl/team-news/latest.json
  Round 25 | Teams: 17 | Injuries: 80 | Suspensions preserved: 0
[2026-08-18T08:53:10] NRL market-moving news
2026-08-18 08:53:10 [INFO] Targeting season=2026 round=25
2026-08-18 08:53:10 [INFO] Fetched NRL Casualty Ward                904 bytes
2026-08-18 08:53:11 [INFO] Fetched NRL Judiciary Report             862 bytes
2026-08-18 08:53:12 [INFO] Fetched NRL News                         798 bytes
2026-08-18 08:53:12 [INFO] Fetched Brisbane Broncos News            805 bytes
2026-08-18 08:53:13 [INFO] Fetched Canterbury-Bankstown Bulldogs News 806 bytes
2026-08-18 08:53:14 [INFO] Fetched Canberra Raiders News            805 bytes
2026-08-18 08:53:14 [INFO] Fetched Cronulla-Sutherland Sharks News  804 bytes
2026-08-18 08:53:15 [INFO] Fetched Dolphins News                    809 bytes
2026-08-18 08:53:15 [INFO] Fetched Gold Coast Titans News           804 bytes
2026-08-18 08:53:16 [INFO] Fetched Manly-Warringah Sea Eagles News  807 bytes
2026-08-18 08:53:17 [INFO] Fetched Melbourne Storm News             812 bytes
2026-08-18 08:53:18 [INFO] Fetched Newcastle Knights News           814 bytes
2026-08-18 08:53:18 [INFO] Fetched New Zealand Warriors News        804 bytes
2026-08-18 08:53:19 [INFO] Fetched North Queensland Cowboys News    805 bytes
2026-08-18 08:53:19 [INFO] Fetched Parramatta Eels News             807 bytes
2026-08-18 08:53:20 [INFO] Fetched Penrith Panthers News            813 bytes
2026-08-18 08:53:21 [INFO] Fetched South Sydney Rabbitohs News      180738 bytes
2026-08-18 08:53:22 [INFO] Fetched St. George Illawarra Dragons News 805 bytes
2026-08-18 08:53:22 [INFO] Fetched Sydney Roosters News             806 bytes
2026-08-18 08:53:23 [INFO] Fetched Wests Tigers News                809 bytes
2026-08-18 08:53:23 [INFO] Wrote 0 flags
2026-08-18 08:53:23 [INFO] JSON: /Users/elliotbladen/BetMate/data/nrl/news_flags/processed/2026/2026-08-18.json
2026-08-18 08:53:23 [INFO] CSV:  /Users/elliotbladen/BetMate/data/nrl/news_flags/processed/2026/2026-08-18.csv
2026-08-18 08:53:23 [INFO] News flags complete -- 0 total, 0 HIGH
[2026-08-18T08:53:23] AFL injuries
2026-08-18 08:53:24 [INFO] Targeting season=2026 round=23
2026-08-18 08:53:24 [INFO] Attempt 1/3 -- AFL injuries R23 2026
2026-08-18 08:53:25 [INFO] Parsed 154 player records across all teams
2026-08-18 08:53:25 [INFO] Wrote latest-injuries.json -- 154 records, round 23
[2026-08-18T08:53:25] Market event log
Wrote 663 events -> /Users/elliotbladen/BetMate/data/market_events/2026_events.csv
  injury: 663
AFL injury refresh pinned to prepared round 23
[2026-08-18T09:53:25] NRL injuries
2026-08-18 09:53:26 [INFO] Targeting season=2026 round=25
2026-08-18 09:53:26 [INFO] Attempt 1/3 -- Zero Tackle injuries R25 2026
2026-08-18 09:53:26 [INFO]   Brisbane Broncos                         5 injuries
2026-08-18 09:53:26 [INFO]   Canberra Raiders                         4 injuries
2026-08-18 09:53:26 [INFO]   Canterbury-Bankstown Bulldogs            3 injuries
2026-08-18 09:53:27 [INFO]   Cronulla-Sutherland Sharks               3 injuries
2026-08-18 09:53:27 [INFO]   Dolphins                                 2 injuries
2026-08-18 09:53:27 [INFO]   Gold Coast Titans                        6 injuries
2026-08-18 09:53:27 [INFO]   Manly-Warringah Sea Eagles               7 injuries
2026-08-18 09:53:27 [INFO]   Melbourne Storm                          8 injuries
2026-08-18 09:53:28 [INFO]   Newcastle Knights                        7 injuries
2026-08-18 09:53:28 [INFO]   New Zealand Warriors                     5 injuries
2026-08-18 09:53:28 [INFO]   North Queensland Cowboys                 2 injuries
2026-08-18 09:53:28 [INFO]   Parramatta Eels                          5 injuries
2026-08-18 09:53:28 [INFO]   Penrith Panthers                         3 injuries
2026-08-18 09:53:29 [INFO]   South Sydney Rabbitohs                   6 injuries
2026-08-18 09:53:29 [INFO]   St. George Illawarra Dragons             5 injuries
2026-08-18 09:53:29 [INFO]   Sydney Roosters                          4 injuries
2026-08-18 09:53:29 [INFO]   Wests Tigers                             5 injuries
2026-08-18 09:53:29 [INFO] Zero Tackle total: 80 records across 17 teams
2026-08-18 09:53:29 [INFO] Wrote latest-injuries.json -- 80 player records, round 25
2026-08-18 09:53:29 [INFO] Injuries scraped -- 80 records
[2026-08-18T09:53:29] NRL team news
Written /Users/elliotbladen/BetMate/data/nrl/team-news/latest.json
  Round 25 | Teams: 17 | Injuries: 80 | Suspensions preserved: 0
[2026-08-18T09:53:31] NRL market-moving news
2026-08-18 09:53:31 [INFO] Targeting season=2026 round=25
2026-08-18 09:53:31 [INFO] Fetched NRL Casualty Ward                904 bytes
2026-08-18 09:53:32 [INFO] Fetched NRL Judiciary Report             862 bytes
2026-08-18 09:53:32 [INFO] Fetched NRL News                         798 bytes
2026-08-18 09:53:33 [INFO] Fetched Brisbane Broncos News            805 bytes
2026-08-18 09:53:34 [INFO] Fetched Canterbury-Bankstown Bulldogs News 806 bytes
2026-08-18 09:53:34 [INFO] Fetched Canberra Raiders News            805 bytes
2026-08-18 09:53:35 [INFO] Fetched Cronulla-Sutherland Sharks News  804 bytes
2026-08-18 09:53:36 [INFO] Fetched Dolphins News                    809 bytes
2026-08-18 09:53:36 [INFO] Fetched Gold Coast Titans News           804 bytes
2026-08-18 09:53:37 [INFO] Fetched Manly-Warringah Sea Eagles News  807 bytes
2026-08-18 09:53:38 [INFO] Fetched Melbourne Storm News             812 bytes
2026-08-18 09:53:38 [INFO] Fetched Newcastle Knights News           814 bytes
2026-08-18 09:53:39 [INFO] Fetched New Zealand Warriors News        804 bytes
2026-08-18 09:53:39 [INFO] Fetched North Queensland Cowboys News    805 bytes
2026-08-18 09:53:40 [INFO] Fetched Parramatta Eels News             807 bytes
2026-08-18 09:53:41 [INFO] Fetched Penrith Panthers News            813 bytes
2026-08-18 09:53:41 [INFO] Fetched South Sydney Rabbitohs News      180732 bytes
2026-08-18 09:53:42 [INFO] Fetched St. George Illawarra Dragons News 805 bytes
2026-08-18 09:53:43 [INFO] Fetched Sydney Roosters News             806 bytes
2026-08-18 09:53:43 [INFO] Fetched Wests Tigers News                809 bytes
2026-08-18 09:53:44 [INFO] Wrote 0 flags
2026-08-18 09:53:44 [INFO] JSON: /Users/elliotbladen/BetMate/data/nrl/news_flags/processed/2026/2026-08-18.json
2026-08-18 09:53:44 [INFO] CSV:  /Users/elliotbladen/BetMate/data/nrl/news_flags/processed/2026/2026-08-18.csv
2026-08-18 09:53:44 [INFO] News flags complete -- 0 total, 0 HIGH
[2026-08-18T09:53:44] AFL injuries
2026-08-18 09:53:44 [INFO] Targeting season=2026 round=23
2026-08-18 09:53:44 [INFO] Attempt 1/3 -- AFL injuries R23 2026
2026-08-18 09:53:45 [INFO] Parsed 154 player records across all teams
2026-08-18 09:53:45 [INFO] Wrote latest-injuries.json -- 154 records, round 23
[2026-08-18T09:53:45] Market event log
Wrote 663 events -> /Users/elliotbladen/BetMate/data/market_events/2026_events.csv
  injury: 663
AFL injury refresh pinned to prepared round 23
[2026-08-18T13:02:42] NRL injuries
2026-08-18 13:02:42 [INFO] Targeting season=2026 round=25
2026-08-18 13:02:42 [INFO] Attempt 1/3 -- Zero Tackle injuries R25 2026
2026-08-18 13:02:44 [INFO]   Brisbane Broncos                         5 injuries
2026-08-18 13:02:45 [INFO]   Canberra Raiders                         4 injuries
2026-08-18 13:02:46 [INFO]   Canterbury-Bankstown Bulldogs            3 injuries
2026-08-18 13:02:48 [INFO]   Cronulla-Sutherland Sharks               3 injuries
2026-08-18 13:02:49 [INFO]   Dolphins                                 2 injuries
2026-08-18 13:02:49 [INFO]   Gold Coast Titans                        6 injuries
2026-08-18 13:02:50 [INFO]   Manly-Warringah Sea Eagles               7 injuries
2026-08-18 13:02:51 [INFO]   Melbourne Storm                          8 injuries
2026-08-18 13:02:52 [INFO]   Newcastle Knights                        7 injuries
2026-08-18 13:02:53 [INFO]   New Zealand Warriors                     5 injuries
2026-08-18 13:02:54 [INFO]   North Queensland Cowboys                 2 injuries
2026-08-18 13:02:55 [INFO]   Parramatta Eels                          5 injuries
2026-08-18 13:02:56 [INFO]   Penrith Panthers                         3 injuries
2026-08-18 13:02:58 [INFO]   South Sydney Rabbitohs                   6 injuries
2026-08-18 13:02:59 [INFO]   St. George Illawarra Dragons             5 injuries
2026-08-18 13:03:00 [INFO]   Sydney Roosters                          4 injuries
2026-08-18 13:03:04 [INFO]   Wests Tigers                             5 injuries
2026-08-18 13:03:04 [INFO] Zero Tackle total: 80 records across 17 teams
2026-08-18 13:03:04 [INFO] Wrote latest-injuries.json -- 80 player records, round 25
2026-08-18 13:03:04 [INFO] Injuries scraped -- 80 records
[2026-08-18T13:03:04] NRL team news
Written /Users/elliotbladen/BetMate/data/nrl/team-news/latest.json
  Round 25 | Teams: 17 | Injuries: 80 | Suspensions preserved: 0
[2026-08-18T13:03:06] NRL market-moving news
2026-08-18 13:03:06 [INFO] Targeting season=2026 round=25
2026-08-18 13:03:06 [INFO] Fetched NRL Casualty Ward                904 bytes
2026-08-18 13:03:07 [INFO] Fetched NRL Judiciary Report             862 bytes
2026-08-18 13:03:07 [INFO] Fetched NRL News                         798 bytes
2026-08-18 13:03:08 [INFO] Fetched Brisbane Broncos News            805 bytes
2026-08-18 13:03:09 [INFO] Fetched Canterbury-Bankstown Bulldogs News 806 bytes
2026-08-18 13:03:09 [INFO] Fetched Canberra Raiders News            805 bytes
2026-08-18 13:03:10 [INFO] Fetched Cronulla-Sutherland Sharks News  804 bytes
2026-08-18 13:03:10 [INFO] Fetched Dolphins News                    809 bytes
2026-08-18 13:03:11 [INFO] Fetched Gold Coast Titans News           804 bytes
2026-08-18 13:03:12 [INFO] Fetched Manly-Warringah Sea Eagles News  807 bytes
2026-08-18 13:03:12 [INFO] Fetched Melbourne Storm News             812 bytes
2026-08-18 13:03:13 [INFO] Fetched Newcastle Knights News           814 bytes
2026-08-18 13:03:13 [INFO] Fetched New Zealand Warriors News        804 bytes
2026-08-18 13:03:14 [INFO] Fetched North Queensland Cowboys News    805 bytes
2026-08-18 13:03:15 [INFO] Fetched Parramatta Eels News             807 bytes
2026-08-18 13:03:15 [INFO] Fetched Penrith Panthers News            813 bytes
2026-08-18 13:03:16 [INFO] Fetched South Sydney Rabbitohs News      180720 bytes
2026-08-18 13:03:17 [INFO] Fetched St. George Illawarra Dragons News 805 bytes
2026-08-18 13:03:18 [INFO] Fetched Sydney Roosters News             806 bytes
2026-08-18 13:03:18 [INFO] Fetched Wests Tigers News                809 bytes
2026-08-18 13:03:19 [INFO] Wrote 0 flags
2026-08-18 13:03:19 [INFO] JSON: /Users/elliotbladen/BetMate/data/nrl/news_flags/processed/2026/2026-08-18.json
2026-08-18 13:03:19 [INFO] CSV:  /Users/elliotbladen/BetMate/data/nrl/news_flags/processed/2026/2026-08-18.csv
2026-08-18 13:03:19 [INFO] News flags complete -- 0 total, 0 HIGH
[2026-08-18T13:03:19] AFL injuries
2026-08-18 13:03:19 [INFO] Targeting season=2026 round=23
2026-08-18 13:03:19 [INFO] Attempt 1/3 -- AFL injuries R23 2026
2026-08-18 13:03:20 [INFO] Parsed 154 player records across all teams
2026-08-18 13:03:20 [INFO] Wrote latest-injuries.json -- 154 records, round 23
[2026-08-18T13:03:20] Market event log
Wrote 663 events -> /Users/elliotbladen/BetMate/data/market_events/2026_events.csv
  injury: 663
AFL injury refresh pinned to prepared round 23
[2026-08-18T14:03:21] NRL injuries
2026-08-18 14:03:21 [INFO] Targeting season=2026 round=25
2026-08-18 14:03:21 [INFO] Attempt 1/3 -- Zero Tackle injuries R25 2026
2026-08-18 14:03:22 [INFO]   Brisbane Broncos                         5 injuries
2026-08-18 14:03:22 [INFO]   Canberra Raiders                         4 injuries
2026-08-18 14:03:22 [INFO]   Canterbury-Bankstown Bulldogs            3 injuries
2026-08-18 14:03:22 [INFO]   Cronulla-Sutherland Sharks               3 injuries
2026-08-18 14:03:22 [INFO]   Dolphins                                 2 injuries
2026-08-18 14:03:23 [INFO]   Gold Coast Titans                        6 injuries
2026-08-18 14:03:23 [INFO]   Manly-Warringah Sea Eagles               7 injuries
2026-08-18 14:03:23 [INFO]   Melbourne Storm                          8 injuries
2026-08-18 14:03:23 [INFO]   Newcastle Knights                        7 injuries
2026-08-18 14:03:23 [INFO]   New Zealand Warriors                     5 injuries
2026-08-18 14:03:24 [INFO]   North Queensland Cowboys                 2 injuries
2026-08-18 14:03:24 [INFO]   Parramatta Eels                          5 injuries
2026-08-18 14:03:24 [INFO]   Penrith Panthers                         3 injuries
2026-08-18 14:03:24 [INFO]   South Sydney Rabbitohs                   6 injuries
2026-08-18 14:03:24 [INFO]   St. George Illawarra Dragons             5 injuries
2026-08-18 14:03:25 [INFO]   Sydney Roosters                          4 injuries
2026-08-18 14:03:25 [INFO]   Wests Tigers                             5 injuries
2026-08-18 14:03:25 [INFO] Zero Tackle total: 80 records across 17 teams
2026-08-18 14:03:25 [INFO] Wrote latest-injuries.json -- 80 player records, round 25
2026-08-18 14:03:25 [INFO] Injuries scraped -- 80 records
[2026-08-18T14:03:25] NRL team news
Written /Users/elliotbladen/BetMate/data/nrl/team-news/latest.json
  Round 25 | Teams: 17 | Injuries: 80 | Suspensions preserved: 0
[2026-08-18T14:03:27] NRL market-moving news
2026-08-18 14:03:27 [INFO] Targeting season=2026 round=25
2026-08-18 14:03:27 [INFO] Fetched NRL Casualty Ward                904 bytes
2026-08-18 14:03:28 [INFO] Fetched NRL Judiciary Report             862 bytes
2026-08-18 14:03:28 [INFO] Fetched NRL News                         798 bytes
2026-08-18 14:03:29 [INFO] Fetched Brisbane Broncos News            805 bytes
2026-08-18 14:03:30 [INFO] Fetched Canterbury-Bankstown Bulldogs News 806 bytes
2026-08-18 14:03:30 [INFO] Fetched Canberra Raiders News            805 bytes
2026-08-18 14:03:31 [INFO] Fetched Cronulla-Sutherland Sharks News  804 bytes
2026-08-18 14:03:32 [INFO] Fetched Dolphins News                    809 bytes
2026-08-18 14:03:32 [INFO] Fetched Gold Coast Titans News           804 bytes
2026-08-18 14:03:33 [INFO] Fetched Manly-Warringah Sea Eagles News  807 bytes
2026-08-18 14:03:34 [INFO] Fetched Melbourne Storm News             812 bytes
2026-08-18 14:03:34 [INFO] Fetched Newcastle Knights News           814 bytes
2026-08-18 14:03:35 [INFO] Fetched New Zealand Warriors News        804 bytes
2026-08-18 14:03:35 [INFO] Fetched North Queensland Cowboys News    805 bytes
2026-08-18 14:03:36 [INFO] Fetched Parramatta Eels News             807 bytes
2026-08-18 14:03:37 [INFO] Fetched Penrith Panthers News            813 bytes
2026-08-18 14:03:38 [INFO] Fetched South Sydney Rabbitohs News      180620 bytes
2026-08-18 14:03:38 [INFO] Fetched St. George Illawarra Dragons News 805 bytes
2026-08-18 14:03:39 [INFO] Fetched Sydney Roosters News             806 bytes
2026-08-18 14:03:39 [INFO] Fetched Wests Tigers News                809 bytes
2026-08-18 14:03:40 [INFO] Wrote 0 flags
2026-08-18 14:03:40 [INFO] JSON: /Users/elliotbladen/BetMate/data/nrl/news_flags/processed/2026/2026-08-18.json
2026-08-18 14:03:40 [INFO] CSV:  /Users/elliotbladen/BetMate/data/nrl/news_flags/processed/2026/2026-08-18.csv
2026-08-18 14:03:40 [INFO] News flags complete -- 0 total, 0 HIGH
[2026-08-18T14:03:40] AFL injuries
2026-08-18 14:03:40 [INFO] Targeting season=2026 round=23
2026-08-18 14:03:40 [INFO] Attempt 1/3 -- AFL injuries R23 2026
2026-08-18 14:03:41 [INFO] Parsed 154 player records across all teams
2026-08-18 14:03:41 [INFO] Wrote latest-injuries.json -- 154 records, round 23
[2026-08-18T14:03:41] Market event log
Wrote 663 events -> /Users/elliotbladen/BetMate/data/market_events/2026_events.csv
  injury: 663
AFL injury refresh pinned to prepared round 23
[2026-08-18T15:03:42] NRL injuries
2026-08-18 15:03:42 [INFO] Targeting season=2026 round=25
2026-08-18 15:03:42 [INFO] Attempt 1/3 -- Zero Tackle injuries R25 2026
2026-08-18 15:03:42 [INFO]   Brisbane Broncos                         5 injuries
2026-08-18 15:03:43 [INFO]   Canberra Raiders                         4 injuries
2026-08-18 15:03:43 [INFO]   Canterbury-Bankstown Bulldogs            3 injuries
2026-08-18 15:03:43 [INFO]   Cronulla-Sutherland Sharks               3 injuries
2026-08-18 15:03:43 [INFO]   Dolphins                                 2 injuries
2026-08-18 15:03:43 [INFO]   Gold Coast Titans                        6 injuries
2026-08-18 15:03:44 [INFO]   Manly-Warringah Sea Eagles               7 injuries
2026-08-18 15:03:44 [INFO]   Melbourne Storm                          8 injuries
2026-08-18 15:03:44 [INFO]   Newcastle Knights                        7 injuries
2026-08-18 15:03:44 [INFO]   New Zealand Warriors                     5 injuries
2026-08-18 15:03:45 [INFO]   North Queensland Cowboys                 2 injuries
2026-08-18 15:03:45 [INFO]   Parramatta Eels                          5 injuries
2026-08-18 15:03:45 [INFO]   Penrith Panthers                         4 injuries
2026-08-18 15:03:45 [INFO]   South Sydney Rabbitohs                   6 injuries
2026-08-18 15:03:46 [INFO]   St. George Illawarra Dragons             5 injuries
2026-08-18 15:03:46 [INFO]   Sydney Roosters                          4 injuries
2026-08-18 15:03:46 [INFO]   Wests Tigers                             6 injuries
2026-08-18 15:03:46 [INFO] Zero Tackle total: 82 records across 17 teams
2026-08-18 15:03:46 [INFO] Wrote latest-injuries.json -- 82 player records, round 25
2026-08-18 15:03:46 [INFO] Injuries scraped -- 82 records
[2026-08-18T15:03:46] NRL team news
Written /Users/elliotbladen/BetMate/data/nrl/team-news/latest.json
  Round 25 | Teams: 17 | Injuries: 82 | Suspensions preserved: 0
[2026-08-18T15:03:47] NRL market-moving news
2026-08-18 15:03:48 [INFO] Targeting season=2026 round=25
2026-08-18 15:03:48 [INFO] Fetched NRL Casualty Ward                904 bytes
2026-08-18 15:03:48 [INFO] Fetched NRL Judiciary Report             862 bytes
2026-08-18 15:03:49 [INFO] Fetched NRL News                         798 bytes
2026-08-18 15:03:50 [INFO] Fetched Brisbane Broncos News            805 bytes
2026-08-18 15:03:50 [INFO] Fetched Canterbury-Bankstown Bulldogs News 806 bytes
2026-08-18 15:03:51 [INFO] Fetched Canberra Raiders News            805 bytes
2026-08-18 15:03:52 [INFO] Fetched Cronulla-Sutherland Sharks News  804 bytes
2026-08-18 15:03:52 [INFO] Fetched Dolphins News                    809 bytes
2026-08-18 15:03:53 [INFO] Fetched Gold Coast Titans News           804 bytes
2026-08-18 15:03:53 [INFO] Fetched Manly-Warringah Sea Eagles News  807 bytes
2026-08-18 15:03:54 [INFO] Fetched Melbourne Storm News             812 bytes
2026-08-18 15:03:55 [INFO] Fetched Newcastle Knights News           814 bytes
2026-08-18 15:03:55 [INFO] Fetched New Zealand Warriors News        804 bytes
2026-08-18 15:03:56 [INFO] Fetched North Queensland Cowboys News    805 bytes
2026-08-18 15:03:56 [INFO] Fetched Parramatta Eels News             807 bytes
2026-08-18 15:03:57 [INFO] Fetched Penrith Panthers News            813 bytes
2026-08-18 15:03:58 [INFO] Fetched South Sydney Rabbitohs News      180724 bytes
2026-08-18 15:04:01 [INFO] Fetched St. George Illawarra Dragons News 805 bytes
2026-08-18 15:04:01 [INFO] Fetched Sydney Roosters News             806 bytes
2026-08-18 15:04:02 [INFO] Fetched Wests Tigers News                809 bytes
2026-08-18 15:04:02 [INFO] Wrote 0 flags
2026-08-18 15:04:02 [INFO] JSON: /Users/elliotbladen/BetMate/data/nrl/news_flags/processed/2026/2026-08-18.json
2026-08-18 15:04:02 [INFO] CSV:  /Users/elliotbladen/BetMate/data/nrl/news_flags/processed/2026/2026-08-18.csv
2026-08-18 15:04:02 [INFO] News flags complete -- 0 total, 0 HIGH
[2026-08-18T15:04:02] AFL injuries
2026-08-18 15:04:03 [INFO] Targeting season=2026 round=23
2026-08-18 15:04:03 [INFO] Attempt 1/3 -- AFL injuries R23 2026
2026-08-18 15:04:04 [INFO] Parsed 154 player records across all teams
2026-08-18 15:04:04 [INFO] Wrote latest-injuries.json -- 154 records, round 23
[2026-08-18T15:04:04] Market event log
Wrote 665 events -> /Users/elliotbladen/BetMate/data/market_events/2026_events.csv
  injury: 665
AFL injury refresh pinned to prepared round 23
[2026-08-18T16:04:04] NRL injuries
2026-08-18 16:04:05 [INFO] Targeting season=2026 round=25
2026-08-18 16:04:05 [INFO] Attempt 1/3 -- Zero Tackle injuries R25 2026
2026-08-18 16:04:05 [INFO]   Brisbane Broncos                         5 injuries
2026-08-18 16:04:06 [INFO]   Canberra Raiders                         4 injuries
2026-08-18 16:04:07 [INFO]   Canterbury-Bankstown Bulldogs            3 injuries
2026-08-18 16:04:08 [INFO]   Cronulla-Sutherland Sharks               3 injuries
2026-08-18 16:04:08 [INFO]   Dolphins                                 2 injuries
2026-08-18 16:04:08 [INFO]   Gold Coast Titans                        6 injuries
2026-08-18 16:04:08 [INFO]   Manly-Warringah Sea Eagles               7 injuries
2026-08-18 16:04:09 [INFO]   Melbourne Storm                          8 injuries
2026-08-18 16:04:10 [INFO]   Newcastle Knights                        7 injuries
2026-08-18 16:04:10 [INFO]   New Zealand Warriors                     5 injuries
2026-08-18 16:04:11 [INFO]   North Queensland Cowboys                 2 injuries
2026-08-18 16:04:12 [INFO]   Parramatta Eels                          5 injuries
2026-08-18 16:04:13 [INFO]   Penrith Panthers                         4 injuries
2026-08-18 16:04:14 [INFO]   South Sydney Rabbitohs                   6 injuries
2026-08-18 16:04:14 [INFO]   St. George Illawarra Dragons             5 injuries
2026-08-18 16:04:15 [INFO]   Sydney Roosters                          4 injuries
2026-08-18 16:04:15 [INFO]   Wests Tigers                             6 injuries
2026-08-18 16:04:15 [INFO] Zero Tackle total: 82 records across 17 teams
2026-08-18 16:04:15 [INFO] Wrote latest-injuries.json -- 82 player records, round 25
2026-08-18 16:04:15 [INFO] Injuries scraped -- 82 records
[2026-08-18T16:04:15] NRL team news
Written /Users/elliotbladen/BetMate/data/nrl/team-news/latest.json
  Round 25 | Teams: 17 | Injuries: 82 | Suspensions preserved: 0
[2026-08-18T16:04:17] NRL market-moving news
2026-08-18 16:04:18 [INFO] Targeting season=2026 round=25
2026-08-18 16:04:18 [INFO] Fetched NRL Casualty Ward                904 bytes
2026-08-18 16:04:19 [INFO] Fetched NRL Judiciary Report             862 bytes
2026-08-18 16:04:19 [INFO] Fetched NRL News                         798 bytes
2026-08-18 16:04:20 [INFO] Fetched Brisbane Broncos News            805 bytes
2026-08-18 16:04:21 [INFO] Fetched Canterbury-Bankstown Bulldogs News 806 bytes
2026-08-18 16:04:21 [INFO] Fetched Canberra Raiders News            805 bytes
2026-08-18 16:04:22 [INFO] Fetched Cronulla-Sutherland Sharks News  804 bytes
2026-08-18 16:04:23 [INFO] Fetched Dolphins News                    809 bytes
2026-08-18 16:04:23 [INFO] Fetched Gold Coast Titans News           804 bytes
2026-08-18 16:04:24 [INFO] Fetched Manly-Warringah Sea Eagles News  807 bytes
2026-08-18 16:04:25 [INFO] Fetched Melbourne Storm News             812 bytes
2026-08-18 16:04:26 [INFO] Fetched Newcastle Knights News           814 bytes
2026-08-18 16:04:27 [INFO] Fetched New Zealand Warriors News        804 bytes
2026-08-18 16:04:27 [INFO] Fetched North Queensland Cowboys News    805 bytes
2026-08-18 16:04:28 [INFO] Fetched Parramatta Eels News             807 bytes
2026-08-18 16:04:28 [INFO] Fetched Penrith Panthers News            813 bytes
2026-08-18 16:04:29 [INFO] Fetched South Sydney Rabbitohs News      180952 bytes
2026-08-18 16:04:30 [INFO] Fetched St. George Illawarra Dragons News 805 bytes
2026-08-18 16:04:30 [INFO] Fetched Sydney Roosters News             806 bytes
2026-08-18 16:04:31 [INFO] Fetched Wests Tigers News                809 bytes
2026-08-18 16:04:31 [INFO] Wrote 0 flags
2026-08-18 16:04:31 [INFO] JSON: /Users/elliotbladen/BetMate/data/nrl/news_flags/processed/2026/2026-08-18.json
2026-08-18 16:04:31 [INFO] CSV:  /Users/elliotbladen/BetMate/data/nrl/news_flags/processed/2026/2026-08-18.csv
2026-08-18 16:04:31 [INFO] News flags complete -- 0 total, 0 HIGH
[2026-08-18T16:04:31] AFL injuries
2026-08-18 16:04:32 [INFO] Targeting season=2026 round=23
2026-08-18 16:04:32 [INFO] Attempt 1/3 -- AFL injuries R23 2026
2026-08-18 16:04:33 [INFO] Parsed 154 player records across all teams
2026-08-18 16:04:33 [INFO] Wrote latest-injuries.json -- 154 records, round 23
[2026-08-18T16:04:33] Market event log
Wrote 665 events -> /Users/elliotbladen/BetMate/data/market_events/2026_events.csv
  injury: 665
AFL injury refresh pinned to prepared round 23
[2026-08-18T18:26:57] NRL injuries
2026-08-18 18:26:58 [INFO] Targeting season=2026 round=25
2026-08-18 18:26:58 [INFO] Attempt 1/3 -- Zero Tackle injuries R25 2026
2026-08-18 18:26:58 [INFO]   Brisbane Broncos                         5 injuries
2026-08-18 18:26:58 [INFO]   Canberra Raiders                         4 injuries
2026-08-18 18:26:59 [INFO]   Canterbury-Bankstown Bulldogs            3 injuries
2026-08-18 18:26:59 [INFO]   Cronulla-Sutherland Sharks               3 injuries
2026-08-18 18:26:59 [INFO]   Dolphins                                 2 injuries
2026-08-18 18:27:00 [INFO]   Gold Coast Titans                        6 injuries
2026-08-18 18:27:00 [INFO]   Manly-Warringah Sea Eagles               8 injuries
2026-08-18 18:27:01 [INFO]   Melbourne Storm                          8 injuries
2026-08-18 18:27:03 [INFO]   Newcastle Knights                        8 injuries
2026-08-18 18:27:03 [INFO]   New Zealand Warriors                     5 injuries
2026-08-18 18:27:04 [INFO]   North Queensland Cowboys                 2 injuries
2026-08-18 18:27:04 [INFO]   Parramatta Eels                          6 injuries
2026-08-18 18:27:05 [INFO]   Penrith Panthers                         4 injuries
2026-08-18 18:27:05 [INFO]   South Sydney Rabbitohs                   6 injuries
2026-08-18 18:27:05 [INFO]   St. George Illawarra Dragons             5 injuries
2026-08-18 18:27:06 [INFO]   Sydney Roosters                          4 injuries
2026-08-18 18:27:06 [INFO]   Wests Tigers                             6 injuries
2026-08-18 18:27:06 [INFO] Zero Tackle total: 85 records across 17 teams
2026-08-18 18:27:06 [INFO] Wrote latest-injuries.json -- 85 player records, round 25
2026-08-18 18:27:06 [INFO] Injuries scraped -- 85 records
[2026-08-18T18:27:06] NRL team news
Written /Users/elliotbladen/BetMate/data/nrl/team-news/latest.json
  Round 25 | Teams: 17 | Injuries: 85 | Suspensions preserved: 0
[2026-08-18T18:27:08] NRL market-moving news
2026-08-18 18:27:08 [INFO] Targeting season=2026 round=25
2026-08-18 18:27:09 [INFO] Fetched NRL Casualty Ward                904 bytes
2026-08-18 18:27:09 [INFO] Fetched NRL Judiciary Report             862 bytes
2026-08-18 18:27:10 [INFO] Fetched NRL News                         798 bytes
2026-08-18 18:27:11 [INFO] Fetched Brisbane Broncos News            805 bytes
2026-08-18 18:27:11 [INFO] Fetched Canterbury-Bankstown Bulldogs News 806 bytes
2026-08-18 18:27:12 [INFO] Fetched Canberra Raiders News            805 bytes
2026-08-18 18:27:13 [INFO] Fetched Cronulla-Sutherland Sharks News  804 bytes
2026-08-18 18:27:13 [INFO] Fetched Dolphins News                    809 bytes
2026-08-18 18:27:14 [INFO] Fetched Gold Coast Titans News           804 bytes
2026-08-18 18:27:15 [INFO] Fetched Manly-Warringah Sea Eagles News  807 bytes
2026-08-18 18:27:15 [INFO] Fetched Melbourne Storm News             812 bytes
2026-08-18 18:27:16 [INFO] Fetched Newcastle Knights News           814 bytes
2026-08-18 18:27:17 [INFO] Fetched New Zealand Warriors News        804 bytes
2026-08-18 18:27:18 [INFO] Fetched North Queensland Cowboys News    805 bytes
2026-08-18 18:27:18 [INFO] Fetched Parramatta Eels News             807 bytes
2026-08-18 18:27:19 [INFO] Fetched Penrith Panthers News            813 bytes
2026-08-18 18:27:20 [INFO] Fetched South Sydney Rabbitohs News      181070 bytes
2026-08-18 18:27:21 [INFO] Fetched St. George Illawarra Dragons News 805 bytes
2026-08-18 18:27:24 [INFO] Fetched Sydney Roosters News             806 bytes
2026-08-18 18:27:24 [INFO] Fetched Wests Tigers News                809 bytes
2026-08-18 18:27:25 [INFO] Wrote 0 flags
2026-08-18 18:27:25 [INFO] JSON: /Users/elliotbladen/BetMate/data/nrl/news_flags/processed/2026/2026-08-18.json
2026-08-18 18:27:25 [INFO] CSV:  /Users/elliotbladen/BetMate/data/nrl/news_flags/processed/2026/2026-08-18.csv
2026-08-18 18:27:25 [INFO] News flags complete -- 0 total, 0 HIGH
[2026-08-18T18:27:25] AFL injuries
2026-08-18 18:27:25 [INFO] Targeting season=2026 round=23
2026-08-18 18:27:25 [INFO] Attempt 1/3 -- AFL injuries R23 2026
2026-08-18 18:27:27 [INFO] Parsed 154 player records across all teams
2026-08-18 18:27:27 [INFO] Wrote latest-injuries.json -- 154 records, round 23
[2026-08-18T18:27:27] Market event log
Wrote 668 events -> /Users/elliotbladen/BetMate/data/market_events/2026_events.csv
  injury: 668
AFL injury refresh pinned to prepared round 23
[2026-08-19T09:09:04] NRL injuries
2026-08-19 09:09:05 [INFO] Targeting season=2026 round=25
2026-08-19 09:09:05 [INFO] Attempt 1/3 -- Zero Tackle injuries R25 2026
2026-08-19 09:09:05 [INFO]   Brisbane Broncos                         5 injuries
2026-08-19 09:09:05 [INFO]   Canberra Raiders                         4 injuries
2026-08-19 09:09:05 [INFO]   Canterbury-Bankstown Bulldogs            3 injuries
2026-08-19 09:09:05 [INFO]   Cronulla-Sutherland Sharks               3 injuries
2026-08-19 09:09:06 [INFO]   Dolphins                                 2 injuries
2026-08-19 09:09:06 [INFO]   Gold Coast Titans                        6 injuries
2026-08-19 09:09:06 [INFO]   Manly-Warringah Sea Eagles               8 injuries
2026-08-19 09:09:06 [INFO]   Melbourne Storm                          8 injuries
2026-08-19 09:09:06 [INFO]   Newcastle Knights                        8 injuries
2026-08-19 09:09:07 [INFO]   New Zealand Warriors                     5 injuries
2026-08-19 09:09:07 [INFO]   North Queensland Cowboys                 2 injuries
2026-08-19 09:09:07 [INFO]   Parramatta Eels                          6 injuries
2026-08-19 09:09:07 [INFO]   Penrith Panthers                         4 injuries
2026-08-19 09:09:07 [INFO]   South Sydney Rabbitohs                   6 injuries
2026-08-19 09:09:08 [INFO]   St. George Illawarra Dragons             5 injuries
2026-08-19 09:09:08 [INFO]   Sydney Roosters                          4 injuries
2026-08-19 09:09:08 [INFO]   Wests Tigers                             6 injuries
2026-08-19 09:09:08 [INFO] Zero Tackle total: 85 records across 17 teams
2026-08-19 09:09:08 [INFO] Wrote latest-injuries.json -- 85 player records, round 25
2026-08-19 09:09:08 [INFO] Injuries scraped -- 85 records
[2026-08-19T09:09:08] NRL team news
Written /Users/elliotbladen/BetMate/data/nrl/team-news/latest.json
  Round 25 | Teams: 17 | Injuries: 85 | Suspensions preserved: 0
[2026-08-19T09:09:10] NRL market-moving news
2026-08-19 09:09:10 [INFO] Targeting season=2026 round=25
2026-08-19 09:09:11 [INFO] Fetched NRL Casualty Ward                904 bytes
2026-08-19 09:09:11 [INFO] Fetched NRL Judiciary Report             862 bytes
2026-08-19 09:09:12 [INFO] Fetched NRL News                         798 bytes
2026-08-19 09:09:13 [INFO] Fetched Brisbane Broncos News            805 bytes
2026-08-19 09:09:13 [INFO] Fetched Canterbury-Bankstown Bulldogs News 806 bytes
2026-08-19 09:09:14 [INFO] Fetched Canberra Raiders News            805 bytes
2026-08-19 09:09:15 [INFO] Fetched Cronulla-Sutherland Sharks News  804 bytes
2026-08-19 09:09:15 [INFO] Fetched Dolphins News                    809 bytes
2026-08-19 09:09:16 [INFO] Fetched Gold Coast Titans News           804 bytes
2026-08-19 09:09:16 [INFO] Fetched Manly-Warringah Sea Eagles News  807 bytes
2026-08-19 09:09:17 [INFO] Fetched Melbourne Storm News             812 bytes
2026-08-19 09:09:18 [INFO] Fetched Newcastle Knights News           814 bytes
2026-08-19 09:09:18 [INFO] Fetched New Zealand Warriors News        804 bytes
2026-08-19 09:09:19 [INFO] Fetched North Queensland Cowboys News    805 bytes
2026-08-19 09:09:20 [INFO] Fetched Parramatta Eels News             807 bytes
2026-08-19 09:09:20 [INFO] Fetched Penrith Panthers News            813 bytes
2026-08-19 09:09:21 [INFO] Fetched South Sydney Rabbitohs News      181082 bytes
2026-08-19 09:09:22 [INFO] Fetched St. George Illawarra Dragons News 805 bytes
2026-08-19 09:09:22 [INFO] Fetched Sydney Roosters News             806 bytes
2026-08-19 09:09:23 [INFO] Fetched Wests Tigers News                809 bytes
2026-08-19 09:09:23 [INFO] Wrote 0 flags
2026-08-19 09:09:23 [INFO] JSON: /Users/elliotbladen/BetMate/data/nrl/news_flags/processed/2026/2026-08-19.json
2026-08-19 09:09:23 [INFO] CSV:  /Users/elliotbladen/BetMate/data/nrl/news_flags/processed/2026/2026-08-19.csv
2026-08-19 09:09:23 [INFO] News flags complete -- 0 total, 0 HIGH
[2026-08-19T09:09:23] AFL injuries
2026-08-19 09:09:24 [INFO] Targeting season=2026 round=23
2026-08-19 09:09:24 [INFO] Attempt 1/3 -- AFL injuries R23 2026
2026-08-19 09:09:25 [INFO] Parsed 158 player records across all teams
2026-08-19 09:09:25 [INFO] Wrote latest-injuries.json -- 158 records, round 23
[2026-08-19T09:09:25] Market event log
Wrote 672 events -> /Users/elliotbladen/BetMate/data/market_events/2026_events.csv
  injury: 672
AFL injury refresh pinned to prepared round 23
[2026-08-19T10:09:25] NRL injuries
2026-08-19 10:09:26 [INFO] Targeting season=2026 round=25
2026-08-19 10:09:26 [INFO] Attempt 1/3 -- Zero Tackle injuries R25 2026
2026-08-19 10:09:26 [INFO]   Brisbane Broncos                         5 injuries
2026-08-19 10:09:26 [INFO]   Canberra Raiders                         4 injuries
2026-08-19 10:09:26 [INFO]   Canterbury-Bankstown Bulldogs            3 injuries
2026-08-19 10:09:26 [INFO]   Cronulla-Sutherland Sharks               3 injuries
2026-08-19 10:09:27 [INFO]   Dolphins                                 2 injuries
2026-08-19 10:09:27 [INFO]   Gold Coast Titans                        6 injuries
2026-08-19 10:09:27 [INFO]   Manly-Warringah Sea Eagles               8 injuries
2026-08-19 10:09:27 [INFO]   Melbourne Storm                          8 injuries
2026-08-19 10:09:27 [INFO]   Newcastle Knights                        8 injuries
2026-08-19 10:09:28 [INFO]   New Zealand Warriors                     5 injuries
2026-08-19 10:09:28 [INFO]   North Queensland Cowboys                 2 injuries
2026-08-19 10:09:28 [INFO]   Parramatta Eels                          6 injuries
2026-08-19 10:09:28 [INFO]   Penrith Panthers                         4 injuries
2026-08-19 10:09:28 [INFO]   South Sydney Rabbitohs                   6 injuries
2026-08-19 10:09:29 [INFO]   St. George Illawarra Dragons             5 injuries
2026-08-19 10:09:29 [INFO]   Sydney Roosters                          4 injuries
2026-08-19 10:09:29 [INFO]   Wests Tigers                             6 injuries
2026-08-19 10:09:29 [INFO] Zero Tackle total: 85 records across 17 teams
2026-08-19 10:09:29 [INFO] Wrote latest-injuries.json -- 85 player records, round 25
2026-08-19 10:09:29 [INFO] Injuries scraped -- 85 records
[2026-08-19T10:09:29] NRL team news
Written /Users/elliotbladen/BetMate/data/nrl/team-news/latest.json
  Round 25 | Teams: 17 | Injuries: 85 | Suspensions preserved: 0
[2026-08-19T10:09:31] NRL market-moving news
2026-08-19 10:09:31 [INFO] Targeting season=2026 round=25
2026-08-19 10:09:32 [INFO] Fetched NRL Casualty Ward                904 bytes
2026-08-19 10:09:33 [INFO] Fetched NRL Judiciary Report             862 bytes
2026-08-19 10:09:33 [INFO] Fetched NRL News                         798 bytes
2026-08-19 10:09:34 [INFO] Fetched Brisbane Broncos News            805 bytes
2026-08-19 10:09:35 [INFO] Fetched Canterbury-Bankstown Bulldogs News 806 bytes
2026-08-19 10:09:35 [INFO] Fetched Canberra Raiders News            805 bytes
2026-08-19 10:09:36 [INFO] Fetched Cronulla-Sutherland Sharks News  804 bytes
2026-08-19 10:09:36 [INFO] Fetched Dolphins News                    809 bytes
2026-08-19 10:09:37 [INFO] Fetched Gold Coast Titans News           804 bytes
2026-08-19 10:09:38 [INFO] Fetched Manly-Warringah Sea Eagles News  807 bytes
2026-08-19 10:09:38 [INFO] Fetched Melbourne Storm News             812 bytes
2026-08-19 10:09:39 [INFO] Fetched Newcastle Knights News           814 bytes
2026-08-19 10:09:40 [INFO] Fetched New Zealand Warriors News        804 bytes
2026-08-19 10:09:40 [INFO] Fetched North Queensland Cowboys News    805 bytes
2026-08-19 10:09:41 [INFO] Fetched Parramatta Eels News             807 bytes
2026-08-19 10:09:42 [INFO] Fetched Penrith Panthers News            813 bytes
2026-08-19 10:09:43 [INFO] Fetched South Sydney Rabbitohs News      180807 bytes
2026-08-19 10:09:43 [INFO] Fetched St. George Illawarra Dragons News 805 bytes
2026-08-19 10:09:44 [INFO] Fetched Sydney Roosters News             806 bytes
2026-08-19 10:09:45 [INFO] Fetched Wests Tigers News                809 bytes
2026-08-19 10:09:45 [INFO] Wrote 0 flags
2026-08-19 10:09:45 [INFO] JSON: /Users/elliotbladen/BetMate/data/nrl/news_flags/processed/2026/2026-08-19.json
2026-08-19 10:09:45 [INFO] CSV:  /Users/elliotbladen/BetMate/data/nrl/news_flags/processed/2026/2026-08-19.csv
2026-08-19 10:09:45 [INFO] News flags complete -- 0 total, 0 HIGH
[2026-08-19T10:09:45] AFL injuries
2026-08-19 10:09:45 [INFO] Targeting season=2026 round=23
2026-08-19 10:09:45 [INFO] Attempt 1/3 -- AFL injuries R23 2026
2026-08-19 10:09:47 [INFO] Parsed 158 player records across all teams
2026-08-19 10:09:47 [INFO] Wrote latest-injuries.json -- 158 records, round 23
[2026-08-19T10:09:47] Market event log
Wrote 672 events -> /Users/elliotbladen/BetMate/data/market_events/2026_events.csv
  injury: 672
AFL injury refresh pinned to prepared round 23
[2026-08-19T11:09:47] NRL injuries
2026-08-19 11:09:47 [INFO] Targeting season=2026 round=25
2026-08-19 11:09:47 [INFO] Attempt 1/3 -- Zero Tackle injuries R25 2026
2026-08-19 11:09:48 [INFO]   Brisbane Broncos                         5 injuries
2026-08-19 11:09:49 [INFO]   Canberra Raiders                         4 injuries
2026-08-19 11:09:49 [INFO]   Canterbury-Bankstown Bulldogs            3 injuries
2026-08-19 11:09:49 [INFO]   Cronulla-Sutherland Sharks               3 injuries
2026-08-19 11:09:50 [INFO]   Dolphins                                 2 injuries
2026-08-19 11:09:51 [INFO]   Gold Coast Titans                        6 injuries
2026-08-19 11:09:51 [INFO]   Manly-Warringah Sea Eagles               8 injuries
2026-08-19 11:09:51 [INFO]   Melbourne Storm                          8 injuries
2026-08-19 11:09:51 [INFO]   Newcastle Knights                        8 injuries
2026-08-19 11:09:51 [INFO]   New Zealand Warriors                     5 injuries
2026-08-19 11:09:52 [INFO]   North Queensland Cowboys                 2 injuries
2026-08-19 11:09:52 [INFO]   Parramatta Eels                          6 injuries
2026-08-19 11:09:52 [INFO]   Penrith Panthers                         4 injuries
2026-08-19 11:09:52 [INFO]   South Sydney Rabbitohs                   6 injuries
2026-08-19 11:09:52 [INFO]   St. George Illawarra Dragons             5 injuries
2026-08-19 11:09:53 [INFO]   Sydney Roosters                          4 injuries
2026-08-19 11:09:53 [INFO]   Wests Tigers                             6 injuries
2026-08-19 11:09:53 [INFO] Zero Tackle total: 85 records across 17 teams
2026-08-19 11:09:53 [INFO] Wrote latest-injuries.json -- 85 player records, round 25
2026-08-19 11:09:53 [INFO] Injuries scraped -- 85 records
[2026-08-19T11:09:53] NRL team news
Written /Users/elliotbladen/BetMate/data/nrl/team-news/latest.json
  Round 25 | Teams: 17 | Injuries: 85 | Suspensions preserved: 0
[2026-08-19T11:09:55] NRL market-moving news
2026-08-19 11:09:55 [INFO] Targeting season=2026 round=25
2026-08-19 11:09:55 [INFO] Fetched NRL Casualty Ward                904 bytes
2026-08-19 11:09:56 [INFO] Fetched NRL Judiciary Report             862 bytes
2026-08-19 11:09:57 [INFO] Fetched NRL News                         798 bytes
2026-08-19 11:09:57 [INFO] Fetched Brisbane Broncos News            805 bytes
2026-08-19 11:09:58 [INFO] Fetched Canterbury-Bankstown Bulldogs News 806 bytes
2026-08-19 11:09:58 [INFO] Fetched Canberra Raiders News            805 bytes
2026-08-19 11:09:59 [INFO] Fetched Cronulla-Sutherland Sharks News  804 bytes
2026-08-19 11:10:00 [INFO] Fetched Dolphins News                    809 bytes
2026-08-19 11:10:00 [INFO] Fetched Gold Coast Titans News           804 bytes
2026-08-19 11:10:01 [INFO] Fetched Manly-Warringah Sea Eagles News  807 bytes
2026-08-19 11:10:02 [INFO] Fetched Melbourne Storm News             812 bytes
2026-08-19 11:10:02 [INFO] Fetched Newcastle Knights News           814 bytes
2026-08-19 11:10:03 [INFO] Fetched New Zealand Warriors News        804 bytes
2026-08-19 11:10:03 [INFO] Fetched North Queensland Cowboys News    805 bytes
2026-08-19 11:10:04 [INFO] Fetched Parramatta Eels News             807 bytes
2026-08-19 11:10:04 [INFO] Fetched Penrith Panthers News            813 bytes
2026-08-19 11:10:05 [INFO] Fetched South Sydney Rabbitohs News      180356 bytes
2026-08-19 11:10:06 [INFO] Fetched St. George Illawarra Dragons News 805 bytes
2026-08-19 11:10:07 [INFO] Fetched Sydney Roosters News             806 bytes
2026-08-19 11:10:07 [INFO] Fetched Wests Tigers News                809 bytes
2026-08-19 11:10:07 [INFO] Wrote 0 flags
2026-08-19 11:10:07 [INFO] JSON: /Users/elliotbladen/BetMate/data/nrl/news_flags/processed/2026/2026-08-19.json
2026-08-19 11:10:07 [INFO] CSV:  /Users/elliotbladen/BetMate/data/nrl/news_flags/processed/2026/2026-08-19.csv
2026-08-19 11:10:07 [INFO] News flags complete -- 0 total, 0 HIGH
[2026-08-19T11:10:08] AFL injuries
2026-08-19 11:10:08 [INFO] Targeting season=2026 round=23
2026-08-19 11:10:08 [INFO] Attempt 1/3 -- AFL injuries R23 2026
2026-08-19 11:10:09 [INFO] Parsed 158 player records across all teams
2026-08-19 11:10:09 [INFO] Wrote latest-injuries.json -- 158 records, round 23
[2026-08-19T11:10:09] Market event log
Wrote 672 events -> /Users/elliotbladen/BetMate/data/market_events/2026_events.csv
  injury: 672
AFL injury refresh pinned to prepared round 23
[2026-08-19T12:10:10] NRL injuries
2026-08-19 12:10:10 [INFO] Targeting season=2026 round=25
2026-08-19 12:10:10 [INFO] Attempt 1/3 -- Zero Tackle injuries R25 2026
2026-08-19 12:10:10 [INFO]   Brisbane Broncos                         5 injuries
2026-08-19 12:10:11 [INFO]   Canberra Raiders                         4 injuries
2026-08-19 12:10:11 [INFO]   Canterbury-Bankstown Bulldogs            3 injuries
2026-08-19 12:10:11 [INFO]   Cronulla-Sutherland Sharks               3 injuries
2026-08-19 12:10:11 [INFO]   Dolphins                                 2 injuries
2026-08-19 12:10:11 [INFO]   Gold Coast Titans                        6 injuries
2026-08-19 12:10:12 [INFO]   Manly-Warringah Sea Eagles               8 injuries
2026-08-19 12:10:12 [INFO]   Melbourne Storm                          8 injuries
2026-08-19 12:10:12 [INFO]   Newcastle Knights                        8 injuries
2026-08-19 12:10:12 [INFO]   New Zealand Warriors                     5 injuries
2026-08-19 12:10:12 [INFO]   North Queensland Cowboys                 2 injuries
2026-08-19 12:10:13 [INFO]   Parramatta Eels                          6 injuries
2026-08-19 12:10:13 [INFO]   Penrith Panthers                         4 injuries
2026-08-19 12:10:13 [INFO]   South Sydney Rabbitohs                   6 injuries
2026-08-19 12:10:13 [INFO]   St. George Illawarra Dragons             5 injuries
2026-08-19 12:10:16 [INFO]   Sydney Roosters                          4 injuries
2026-08-19 12:10:17 [INFO]   Wests Tigers                             6 injuries
2026-08-19 12:10:17 [INFO] Zero Tackle total: 85 records across 17 teams
2026-08-19 12:10:17 [INFO] Wrote latest-injuries.json -- 85 player records, round 25
2026-08-19 12:10:17 [INFO] Injuries scraped -- 85 records
[2026-08-19T12:10:17] NRL team news
Written /Users/elliotbladen/BetMate/data/nrl/team-news/latest.json
  Round 25 | Teams: 17 | Injuries: 85 | Suspensions preserved: 0
[2026-08-19T12:10:19] NRL market-moving news
2026-08-19 12:10:19 [INFO] Targeting season=2026 round=25
2026-08-19 12:10:19 [INFO] Fetched NRL Casualty Ward                904 bytes
2026-08-19 12:10:20 [INFO] Fetched NRL Judiciary Report             862 bytes
2026-08-19 12:10:20 [INFO] Fetched NRL News                         798 bytes
2026-08-19 12:10:21 [INFO] Fetched Brisbane Broncos News            805 bytes
2026-08-19 12:10:22 [INFO] Fetched Canterbury-Bankstown Bulldogs News 806 bytes
2026-08-19 12:10:22 [INFO] Fetched Canberra Raiders News            805 bytes
2026-08-19 12:10:23 [INFO] Fetched Cronulla-Sutherland Sharks News  804 bytes
2026-08-19 12:10:24 [INFO] Fetched Dolphins News                    809 bytes
2026-08-19 12:10:24 [INFO] Fetched Gold Coast Titans News           804 bytes
2026-08-19 12:10:25 [INFO] Fetched Manly-Warringah Sea Eagles News  807 bytes
2026-08-19 12:10:26 [INFO] Fetched Melbourne Storm News             812 bytes
2026-08-19 12:10:26 [INFO] Fetched Newcastle Knights News           814 bytes
2026-08-19 12:10:27 [INFO] Fetched New Zealand Warriors News        804 bytes
2026-08-19 12:10:28 [INFO] Fetched North Queensland Cowboys News    805 bytes
2026-08-19 12:10:28 [INFO] Fetched Parramatta Eels News             807 bytes
2026-08-19 12:10:29 [INFO] Fetched Penrith Panthers News            813 bytes
2026-08-19 12:10:30 [INFO] Fetched South Sydney Rabbitohs News      180102 bytes
2026-08-19 12:10:30 [INFO] Fetched St. George Illawarra Dragons News 805 bytes
2026-08-19 12:10:31 [INFO] Fetched Sydney Roosters News             806 bytes
2026-08-19 12:10:31 [INFO] Fetched Wests Tigers News                809 bytes
2026-08-19 12:10:32 [INFO] Wrote 0 flags
2026-08-19 12:10:32 [INFO] JSON: /Users/elliotbladen/BetMate/data/nrl/news_flags/processed/2026/2026-08-19.json
2026-08-19 12:10:32 [INFO] CSV:  /Users/elliotbladen/BetMate/data/nrl/news_flags/processed/2026/2026-08-19.csv
2026-08-19 12:10:32 [INFO] News flags complete -- 0 total, 0 HIGH
[2026-08-19T12:10:32] AFL injuries
2026-08-19 12:10:32 [INFO] Targeting season=2026 round=23
2026-08-19 12:10:32 [INFO] Attempt 1/3 -- AFL injuries R23 2026
2026-08-19 12:10:33 [INFO] Parsed 158 player records across all teams
2026-08-19 12:10:33 [INFO] Wrote latest-injuries.json -- 158 records, round 23
[2026-08-19T12:10:33] Market event log
Wrote 672 events -> /Users/elliotbladen/BetMate/data/market_events/2026_events.csv
  injury: 672
AFL injury refresh pinned to prepared round 23
[2026-08-19T14:29:25] NRL injuries
2026-08-19 14:29:26 [INFO] Targeting season=2026 round=25
2026-08-19 14:29:26 [INFO] Attempt 1/3 -- Zero Tackle injuries R25 2026
2026-08-19 14:29:26 [INFO]   Brisbane Broncos                         5 injuries
2026-08-19 14:29:26 [INFO]   Canberra Raiders                         4 injuries
2026-08-19 14:29:27 [INFO]   Canterbury-Bankstown Bulldogs            3 injuries
2026-08-19 14:29:27 [INFO]   Cronulla-Sutherland Sharks               3 injuries
2026-08-19 14:29:27 [INFO]   Dolphins                                 2 injuries
2026-08-19 14:29:27 [INFO]   Gold Coast Titans                        6 injuries
2026-08-19 14:29:27 [INFO]   Manly-Warringah Sea Eagles               8 injuries
2026-08-19 14:29:28 [INFO]   Melbourne Storm                          8 injuries
2026-08-19 14:29:28 [INFO]   Newcastle Knights                        8 injuries
2026-08-19 14:29:28 [INFO]   New Zealand Warriors                     5 injuries
2026-08-19 14:29:28 [INFO]   North Queensland Cowboys                 2 injuries
2026-08-19 14:29:28 [INFO]   Parramatta Eels                          6 injuries
2026-08-19 14:29:29 [INFO]   Penrith Panthers                         4 injuries
2026-08-19 14:29:29 [INFO]   South Sydney Rabbitohs                   6 injuries
2026-08-19 14:29:29 [INFO]   St. George Illawarra Dragons             5 injuries
2026-08-19 14:29:29 [INFO]   Sydney Roosters                          4 injuries
2026-08-19 14:29:30 [INFO]   Wests Tigers                             6 injuries
2026-08-19 14:29:30 [INFO] Zero Tackle total: 85 records across 17 teams
2026-08-19 14:29:30 [INFO] Wrote latest-injuries.json -- 85 player records, round 25
2026-08-19 14:29:30 [INFO] Injuries scraped -- 85 records
[2026-08-19T14:29:30] NRL team news
Written /Users/elliotbladen/BetMate/data/nrl/team-news/latest.json
  Round 25 | Teams: 17 | Injuries: 85 | Suspensions preserved: 0
[2026-08-19T14:29:31] NRL market-moving news
2026-08-19 14:29:31 [INFO] Targeting season=2026 round=25
2026-08-19 14:29:31 [INFO] Fetched NRL Casualty Ward                904 bytes
2026-08-19 14:29:32 [INFO] Fetched NRL Judiciary Report             862 bytes
2026-08-19 14:29:33 [INFO] Fetched NRL News                         798 bytes
2026-08-19 14:29:33 [INFO] Fetched Brisbane Broncos News            805 bytes
2026-08-19 14:29:34 [INFO] Fetched Canterbury-Bankstown Bulldogs News 806 bytes
2026-08-19 14:29:35 [INFO] Fetched Canberra Raiders News            805 bytes
2026-08-19 14:29:35 [INFO] Fetched Cronulla-Sutherland Sharks News  804 bytes
2026-08-19 14:29:36 [INFO] Fetched Dolphins News                    809 bytes
2026-08-19 14:29:37 [INFO] Fetched Gold Coast Titans News           804 bytes
2026-08-19 14:29:37 [INFO] Fetched Manly-Warringah Sea Eagles News  807 bytes
2026-08-19 14:29:38 [INFO] Fetched Melbourne Storm News             812 bytes
2026-08-19 14:29:39 [INFO] Fetched Newcastle Knights News           814 bytes
2026-08-19 14:29:40 [INFO] Fetched New Zealand Warriors News        804 bytes
2026-08-19 14:29:41 [INFO] Fetched North Queensland Cowboys News    805 bytes
2026-08-19 14:29:41 [INFO] Fetched Parramatta Eels News             807 bytes
2026-08-19 14:29:42 [INFO] Fetched Penrith Panthers News            813 bytes
2026-08-19 14:29:43 [INFO] Fetched South Sydney Rabbitohs News      179961 bytes
2026-08-19 14:29:43 [INFO] Fetched St. George Illawarra Dragons News 805 bytes
2026-08-19 14:29:44 [INFO] Fetched Sydney Roosters News             806 bytes
2026-08-19 14:29:45 [INFO] Fetched Wests Tigers News                809 bytes
2026-08-19 14:29:45 [INFO] Wrote 0 flags
2026-08-19 14:29:45 [INFO] JSON: /Users/elliotbladen/BetMate/data/nrl/news_flags/processed/2026/2026-08-19.json
2026-08-19 14:29:45 [INFO] CSV:  /Users/elliotbladen/BetMate/data/nrl/news_flags/processed/2026/2026-08-19.csv
2026-08-19 14:29:45 [INFO] News flags complete -- 0 total, 0 HIGH
[2026-08-19T14:29:45] AFL injuries
2026-08-19 14:29:45 [INFO] Targeting season=2026 round=23
2026-08-19 14:29:45 [INFO] Attempt 1/3 -- AFL injuries R23 2026
2026-08-19 14:29:47 [INFO] Parsed 158 player records across all teams
2026-08-19 14:29:47 [INFO] Wrote latest-injuries.json -- 158 records, round 23
[2026-08-19T14:29:47] Market event log
Wrote 672 events -> /Users/elliotbladen/BetMate/data/market_events/2026_events.csv
  injury: 672
AFL injury refresh pinned to prepared round 23
[2026-08-19T15:29:47] NRL injuries
2026-08-19 15:29:48 [INFO] Targeting season=2026 round=25
2026-08-19 15:29:48 [INFO] Attempt 1/3 -- Zero Tackle injuries R25 2026
2026-08-19 15:29:48 [INFO]   Brisbane Broncos                         5 injuries
2026-08-19 15:29:48 [INFO]   Canberra Raiders                         4 injuries
2026-08-19 15:29:49 [INFO]   Canterbury-Bankstown Bulldogs            3 injuries
2026-08-19 15:29:49 [INFO]   Cronulla-Sutherland Sharks               3 injuries
2026-08-19 15:29:49 [INFO]   Dolphins                                 2 injuries
2026-08-19 15:29:49 [INFO]   Gold Coast Titans                        6 injuries
2026-08-19 15:29:50 [INFO]   Manly-Warringah Sea Eagles               8 injuries
2026-08-19 15:29:50 [INFO]   Melbourne Storm                          8 injuries
2026-08-19 15:29:50 [INFO]   Newcastle Knights                        8 injuries
2026-08-19 15:29:50 [INFO]   New Zealand Warriors                     5 injuries
2026-08-19 15:29:51 [INFO]   North Queensland Cowboys                 2 injuries
2026-08-19 15:29:51 [INFO]   Parramatta Eels                          6 injuries
2026-08-19 15:29:51 [INFO]   Penrith Panthers                         4 injuries
2026-08-19 15:29:51 [INFO]   South Sydney Rabbitohs                   6 injuries
2026-08-19 15:29:52 [INFO]   St. George Illawarra Dragons             5 injuries
2026-08-19 15:29:52 [INFO]   Sydney Roosters                          4 injuries
2026-08-19 15:29:52 [INFO]   Wests Tigers                             6 injuries
2026-08-19 15:29:52 [INFO] Zero Tackle total: 85 records across 17 teams
2026-08-19 15:29:52 [INFO] Wrote latest-injuries.json -- 85 player records, round 25
2026-08-19 15:29:52 [INFO] Injuries scraped -- 85 records
[2026-08-19T15:29:52] NRL team news
Written /Users/elliotbladen/BetMate/data/nrl/team-news/latest.json
  Round 25 | Teams: 17 | Injuries: 85 | Suspensions preserved: 0
[2026-08-19T15:29:54] NRL market-moving news
2026-08-19 15:29:55 [INFO] Targeting season=2026 round=25
2026-08-19 15:29:55 [INFO] Fetched NRL Casualty Ward                904 bytes
2026-08-19 15:29:56 [INFO] Fetched NRL Judiciary Report             862 bytes
2026-08-19 15:29:56 [INFO] Fetched NRL News                         798 bytes
2026-08-19 15:29:57 [INFO] Fetched Brisbane Broncos News            805 bytes
2026-08-19 15:29:58 [INFO] Fetched Canterbury-Bankstown Bulldogs News 806 bytes
2026-08-19 15:29:58 [INFO] Fetched Canberra Raiders News            805 bytes
2026-08-19 15:29:59 [INFO] Fetched Cronulla-Sutherland Sharks News  804 bytes
2026-08-19 15:30:00 [INFO] Fetched Dolphins News                    809 bytes
2026-08-19 15:30:01 [INFO] Fetched Gold Coast Titans News           804 bytes
2026-08-19 15:30:01 [INFO] Fetched Manly-Warringah Sea Eagles News  807 bytes
2026-08-19 15:30:02 [INFO] Fetched Melbourne Storm News             812 bytes
2026-08-19 15:30:03 [INFO] Fetched Newcastle Knights News           814 bytes
2026-08-19 15:30:03 [INFO] Fetched New Zealand Warriors News        804 bytes
2026-08-19 15:30:04 [INFO] Fetched North Queensland Cowboys News    805 bytes
2026-08-19 15:30:04 [INFO] Fetched Parramatta Eels News             807 bytes
2026-08-19 15:30:05 [INFO] Fetched Penrith Panthers News            813 bytes
2026-08-19 15:30:06 [INFO] Fetched South Sydney Rabbitohs News      182207 bytes
2026-08-19 15:30:06 [INFO] Fetched St. George Illawarra Dragons News 805 bytes
2026-08-19 15:30:07 [INFO] Fetched Sydney Roosters News             806 bytes
2026-08-19 15:30:08 [INFO] Fetched Wests Tigers News                809 bytes
2026-08-19 15:30:08 [INFO] Wrote 0 flags
2026-08-19 15:30:08 [INFO] JSON: /Users/elliotbladen/BetMate/data/nrl/news_flags/processed/2026/2026-08-19.json
2026-08-19 15:30:08 [INFO] CSV:  /Users/elliotbladen/BetMate/data/nrl/news_flags/processed/2026/2026-08-19.csv
2026-08-19 15:30:08 [INFO] News flags complete -- 0 total, 0 HIGH
[2026-08-19T15:30:08] AFL injuries
2026-08-19 15:30:09 [INFO] Targeting season=2026 round=23
2026-08-19 15:30:09 [INFO] Attempt 1/3 -- AFL injuries R23 2026
2026-08-19 15:30:10 [INFO] Parsed 158 player records across all teams
2026-08-19 15:30:10 [INFO] Wrote latest-injuries.json -- 158 records, round 23
[2026-08-19T15:30:10] Market event log
Wrote 672 events -> /Users/elliotbladen/BetMate/data/market_events/2026_events.csv
  injury: 672
AFL injury refresh pinned to prepared round 23
[2026-08-19T16:30:11] NRL injuries
2026-08-19 16:30:11 [INFO] Targeting season=2026 round=25
2026-08-19 16:30:11 [INFO] Attempt 1/3 -- Zero Tackle injuries R25 2026
2026-08-19 16:30:11 [INFO]   Brisbane Broncos                         5 injuries
2026-08-19 16:30:12 [INFO]   Canberra Raiders                         4 injuries
2026-08-19 16:30:12 [INFO]   Canterbury-Bankstown Bulldogs            3 injuries
2026-08-19 16:30:12 [INFO]   Cronulla-Sutherland Sharks               3 injuries
2026-08-19 16:30:12 [INFO]   Dolphins                                 2 injuries
2026-08-19 16:30:12 [INFO]   Gold Coast Titans                        6 injuries
2026-08-19 16:30:13 [INFO]   Manly-Warringah Sea Eagles               8 injuries
2026-08-19 16:30:13 [INFO]   Melbourne Storm                          8 injuries
2026-08-19 16:30:13 [INFO]   Newcastle Knights                        8 injuries
2026-08-19 16:30:13 [INFO]   New Zealand Warriors                     5 injuries
2026-08-19 16:30:14 [INFO]   North Queensland Cowboys                 2 injuries
2026-08-19 16:30:14 [INFO]   Parramatta Eels                          6 injuries
2026-08-19 16:30:14 [INFO]   Penrith Panthers                         4 injuries
2026-08-19 16:30:14 [INFO]   South Sydney Rabbitohs                   6 injuries
2026-08-19 16:30:14 [INFO]   St. George Illawarra Dragons             5 injuries
2026-08-19 16:30:15 [INFO]   Sydney Roosters                          4 injuries
2026-08-19 16:30:15 [INFO]   Wests Tigers                             6 injuries
2026-08-19 16:30:15 [INFO] Zero Tackle total: 85 records across 17 teams
2026-08-19 16:30:15 [INFO] Wrote latest-injuries.json -- 85 player records, round 25
2026-08-19 16:30:15 [INFO] Injuries scraped -- 85 records
[2026-08-19T16:30:15] NRL team news
Written /Users/elliotbladen/BetMate/data/nrl/team-news/latest.json
  Round 25 | Teams: 17 | Injuries: 85 | Suspensions preserved: 0
[2026-08-19T16:30:18] NRL market-moving news
2026-08-19 16:30:19 [INFO] Targeting season=2026 round=25
2026-08-19 16:30:19 [INFO] Fetched NRL Casualty Ward                904 bytes
2026-08-19 16:30:20 [INFO] Fetched NRL Judiciary Report             862 bytes
2026-08-19 16:30:20 [INFO] Fetched NRL News                         798 bytes
2026-08-19 16:30:21 [INFO] Fetched Brisbane Broncos News            805 bytes
2026-08-19 16:30:21 [INFO] Fetched Canterbury-Bankstown Bulldogs News 806 bytes
2026-08-19 16:30:22 [INFO] Fetched Canberra Raiders News            805 bytes
2026-08-19 16:30:23 [INFO] Fetched Cronulla-Sutherland Sharks News  804 bytes
2026-08-19 16:30:23 [INFO] Fetched Dolphins News                    809 bytes
2026-08-19 16:30:24 [INFO] Fetched Gold Coast Titans News           804 bytes
2026-08-19 16:30:25 [INFO] Fetched Manly-Warringah Sea Eagles News  807 bytes
2026-08-19 16:30:25 [INFO] Fetched Melbourne Storm News             812 bytes
2026-08-19 16:30:26 [INFO] Fetched Newcastle Knights News           814 bytes
2026-08-19 16:30:27 [INFO] Fetched New Zealand Warriors News        804 bytes
2026-08-19 16:30:27 [INFO] Fetched North Queensland Cowboys News    805 bytes
2026-08-19 16:30:28 [INFO] Fetched Parramatta Eels News             807 bytes
2026-08-19 16:30:29 [INFO] Fetched Penrith Panthers News            813 bytes
2026-08-19 16:30:30 [INFO] Fetched South Sydney Rabbitohs News      183122 bytes
2026-08-19 16:30:30 [INFO] Fetched St. George Illawarra Dragons News 805 bytes
2026-08-19 16:30:31 [INFO] Fetched Sydney Roosters News             806 bytes
2026-08-19 16:30:32 [INFO] Fetched Wests Tigers News                809 bytes
2026-08-19 16:30:32 [INFO] Wrote 0 flags
2026-08-19 16:30:32 [INFO] JSON: /Users/elliotbladen/BetMate/data/nrl/news_flags/processed/2026/2026-08-19.json
2026-08-19 16:30:32 [INFO] CSV:  /Users/elliotbladen/BetMate/data/nrl/news_flags/processed/2026/2026-08-19.csv
2026-08-19 16:30:32 [INFO] News flags complete -- 0 total, 0 HIGH
[2026-08-19T16:30:32] AFL injuries
2026-08-19 16:30:32 [INFO] Targeting season=2026 round=23
2026-08-19 16:30:32 [INFO] Attempt 1/3 -- AFL injuries R23 2026
2026-08-19 16:30:34 [INFO] Parsed 163 player records across all teams
2026-08-19 16:30:34 [INFO] Wrote latest-injuries.json -- 163 records, round 23
[2026-08-19T16:30:34] Market event log
Wrote 677 events -> /Users/elliotbladen/BetMate/data/market_events/2026_events.csv
  injury: 677
AFL injury refresh pinned to prepared round 23
[2026-08-19T17:30:34] NRL injuries
2026-08-19 17:30:35 [INFO] Targeting season=2026 round=25
2026-08-19 17:30:35 [INFO] Attempt 1/3 -- Zero Tackle injuries R25 2026
2026-08-19 17:30:35 [INFO]   Brisbane Broncos                         5 injuries
2026-08-19 17:30:35 [INFO]   Canberra Raiders                         4 injuries
2026-08-19 17:30:35 [INFO]   Canterbury-Bankstown Bulldogs            3 injuries
2026-08-19 17:30:36 [INFO]   Cronulla-Sutherland Sharks               3 injuries
2026-08-19 17:30:36 [INFO]   Dolphins                                 2 injuries
2026-08-19 17:30:36 [INFO]   Gold Coast Titans                        6 injuries
2026-08-19 17:30:36 [INFO]   Manly-Warringah Sea Eagles               8 injuries
2026-08-19 17:30:36 [INFO]   Melbourne Storm                          8 injuries
2026-08-19 17:30:37 [INFO]   Newcastle Knights                        8 injuries
2026-08-19 17:30:38 [INFO]   New Zealand Warriors                     5 injuries
2026-08-19 17:30:39 [INFO]   North Queensland Cowboys                 2 injuries
2026-08-19 17:30:39 [INFO]   Parramatta Eels                          6 injuries
2026-08-19 17:30:39 [INFO]   Penrith Panthers                         4 injuries
2026-08-19 17:30:40 [INFO]   South Sydney Rabbitohs                   6 injuries
2026-08-19 17:30:41 [INFO]   St. George Illawarra Dragons             5 injuries
2026-08-19 17:30:41 [INFO]   Sydney Roosters                          4 injuries
2026-08-19 17:30:41 [INFO]   Wests Tigers                             6 injuries
2026-08-19 17:30:41 [INFO] Zero Tackle total: 85 records across 17 teams
2026-08-19 17:30:41 [INFO] Wrote latest-injuries.json -- 85 player records, round 25
2026-08-19 17:30:41 [INFO] Injuries scraped -- 85 records
[2026-08-19T17:30:41] NRL team news
Written /Users/elliotbladen/BetMate/data/nrl/team-news/latest.json
  Round 25 | Teams: 17 | Injuries: 85 | Suspensions preserved: 0
[2026-08-19T17:30:42] NRL market-moving news
2026-08-19 17:30:43 [INFO] Targeting season=2026 round=25
2026-08-19 17:30:43 [INFO] Fetched NRL Casualty Ward                904 bytes
2026-08-19 17:30:44 [INFO] Fetched NRL Judiciary Report             862 bytes
2026-08-19 17:30:44 [INFO] Fetched NRL News                         798 bytes
2026-08-19 17:30:45 [INFO] Fetched Brisbane Broncos News            805 bytes
2026-08-19 17:30:46 [INFO] Fetched Canterbury-Bankstown Bulldogs News 806 bytes
2026-08-19 17:30:46 [INFO] Fetched Canberra Raiders News            805 bytes
2026-08-19 17:30:47 [INFO] Fetched Cronulla-Sutherland Sharks News  804 bytes
2026-08-19 17:30:48 [INFO] Fetched Dolphins News                    809 bytes
2026-08-19 17:30:48 [INFO] Fetched Gold Coast Titans News           804 bytes
2026-08-19 17:30:49 [INFO] Fetched Manly-Warringah Sea Eagles News  807 bytes
2026-08-19 17:30:50 [INFO] Fetched Melbourne Storm News             812 bytes
2026-08-19 17:30:50 [INFO] Fetched Newcastle Knights News           814 bytes
2026-08-19 17:30:51 [INFO] Fetched New Zealand Warriors News        804 bytes
2026-08-19 17:30:51 [INFO] Fetched North Queensland Cowboys News    805 bytes
2026-08-19 17:30:52 [INFO] Fetched Parramatta Eels News             807 bytes
2026-08-19 17:30:53 [INFO] Fetched Penrith Panthers News            813 bytes
2026-08-19 17:30:54 [INFO] Fetched South Sydney Rabbitohs News      182898 bytes
2026-08-19 17:30:54 [INFO] Fetched St. George Illawarra Dragons News 805 bytes
2026-08-19 17:30:55 [INFO] Fetched Sydney Roosters News             806 bytes
2026-08-19 17:30:56 [INFO] Fetched Wests Tigers News                809 bytes
2026-08-19 17:30:56 [INFO] Wrote 0 flags
2026-08-19 17:30:56 [INFO] JSON: /Users/elliotbladen/BetMate/data/nrl/news_flags/processed/2026/2026-08-19.json
2026-08-19 17:30:56 [INFO] CSV:  /Users/elliotbladen/BetMate/data/nrl/news_flags/processed/2026/2026-08-19.csv
2026-08-19 17:30:56 [INFO] News flags complete -- 0 total, 0 HIGH
[2026-08-19T17:30:56] AFL injuries
2026-08-19 17:30:56 [INFO] Targeting season=2026 round=23
2026-08-19 17:30:56 [INFO] Attempt 1/3 -- AFL injuries R23 2026
2026-08-19 17:30:58 [INFO] Parsed 163 player records across all teams
2026-08-19 17:30:58 [INFO] Wrote latest-injuries.json -- 163 records, round 23
[2026-08-19T17:30:58] Market event log
Wrote 677 events -> /Users/elliotbladen/BetMate/data/market_events/2026_events.csv
  injury: 677
AFL injury refresh pinned to prepared round 23
[2026-08-20T09:17:45] NRL injuries
2026-08-20 09:17:46 [INFO] Targeting season=2026 round=25
2026-08-20 09:17:46 [INFO] Attempt 1/3 -- Zero Tackle injuries R25 2026
2026-08-20 09:17:46 [INFO]   Brisbane Broncos                         5 injuries
2026-08-20 09:17:48 [INFO]   Canberra Raiders                         4 injuries
2026-08-20 09:17:48 [INFO]   Canterbury-Bankstown Bulldogs            3 injuries
2026-08-20 09:17:50 [INFO]   Cronulla-Sutherland Sharks               3 injuries
2026-08-20 09:17:50 [INFO]   Dolphins                                 2 injuries
2026-08-20 09:17:50 [INFO]   Gold Coast Titans                        6 injuries
2026-08-20 09:17:52 [INFO]   Manly-Warringah Sea Eagles               8 injuries
2026-08-20 09:17:53 [INFO]   Melbourne Storm                          8 injuries
2026-08-20 09:17:53 [INFO]   Newcastle Knights                        8 injuries
2026-08-20 09:17:53 [INFO]   New Zealand Warriors                     5 injuries
2026-08-20 09:17:54 [INFO]   North Queensland Cowboys                 2 injuries
2026-08-20 09:17:54 [INFO]   Parramatta Eels                          6 injuries
2026-08-20 09:17:55 [INFO]   Penrith Panthers                         4 injuries
2026-08-20 09:17:56 [INFO]   South Sydney Rabbitohs                   6 injuries
2026-08-20 09:17:57 [INFO]   St. George Illawarra Dragons             5 injuries
2026-08-20 09:17:57 [INFO]   Sydney Roosters                          4 injuries
2026-08-20 09:17:57 [INFO]   Wests Tigers                             6 injuries
2026-08-20 09:17:57 [INFO] Zero Tackle total: 85 records across 17 teams
2026-08-20 09:17:57 [INFO] Wrote latest-injuries.json -- 85 player records, round 25
2026-08-20 09:17:57 [INFO] Injuries scraped -- 85 records
[2026-08-20T09:17:57] NRL team news
Written /Users/elliotbladen/BetMate/data/nrl/team-news/latest.json
  Round 25 | Teams: 17 | Injuries: 85 | Suspensions preserved: 0
[2026-08-20T09:18:00] NRL market-moving news
2026-08-20 09:18:00 [INFO] Targeting season=2026 round=25
2026-08-20 09:18:01 [INFO] Fetched NRL Casualty Ward                904 bytes
2026-08-20 09:18:01 [INFO] Fetched NRL Judiciary Report             862 bytes
2026-08-20 09:18:02 [INFO] Fetched NRL News                         798 bytes
2026-08-20 09:18:03 [INFO] Fetched Brisbane Broncos News            805 bytes
2026-08-20 09:18:03 [INFO] Fetched Canterbury-Bankstown Bulldogs News 806 bytes
2026-08-20 09:18:04 [INFO] Fetched Canberra Raiders News            805 bytes
2026-08-20 09:18:04 [INFO] Fetched Cronulla-Sutherland Sharks News  804 bytes
2026-08-20 09:18:05 [INFO] Fetched Dolphins News                    809 bytes
2026-08-20 09:18:06 [INFO] Fetched Gold Coast Titans News           804 bytes
2026-08-20 09:18:06 [INFO] Fetched Manly-Warringah Sea Eagles News  807 bytes
2026-08-20 09:18:07 [INFO] Fetched Melbourne Storm News             812 bytes
2026-08-20 09:18:08 [INFO] Fetched Newcastle Knights News           814 bytes
2026-08-20 09:18:08 [INFO] Fetched New Zealand Warriors News        804 bytes
2026-08-20 09:18:09 [INFO] Fetched North Queensland Cowboys News    805 bytes
2026-08-20 09:18:10 [INFO] Fetched Parramatta Eels News             807 bytes
2026-08-20 09:18:10 [INFO] Fetched Penrith Panthers News            813 bytes
2026-08-20 09:18:11 [INFO] Fetched South Sydney Rabbitohs News      181461 bytes
2026-08-20 09:18:12 [INFO] Fetched St. George Illawarra Dragons News 805 bytes
2026-08-20 09:18:12 [INFO] Fetched Sydney Roosters News             806 bytes
2026-08-20 09:18:13 [INFO] Fetched Wests Tigers News                809 bytes
2026-08-20 09:18:13 [INFO] Wrote 0 flags
2026-08-20 09:18:13 [INFO] JSON: /Users/elliotbladen/BetMate/data/nrl/news_flags/processed/2026/2026-08-20.json
2026-08-20 09:18:13 [INFO] CSV:  /Users/elliotbladen/BetMate/data/nrl/news_flags/processed/2026/2026-08-20.csv
2026-08-20 09:18:13 [INFO] News flags complete -- 0 total, 0 HIGH
[2026-08-20T09:18:14] AFL injuries
2026-08-20 09:18:14 [INFO] Targeting season=2026 round=23
2026-08-20 09:18:14 [INFO] Attempt 1/3 -- AFL injuries R23 2026
2026-08-20 09:18:15 [INFO] Parsed 163 player records across all teams
2026-08-20 09:18:15 [INFO] Wrote latest-injuries.json -- 163 records, round 23
[2026-08-20T09:18:16] Market event log
Wrote 677 events -> /Users/elliotbladen/BetMate/data/market_events/2026_events.csv
  injury: 677
AFL injury refresh pinned to prepared round 23
[2026-08-20T10:15:00] NRL injuries
2026-08-20 10:15:15 [INFO] Targeting season=2026 round=25
2026-08-20 10:15:15 [INFO] Attempt 1/3 -- Zero Tackle injuries R25 2026
2026-08-20 10:15:16 [INFO]   Brisbane Broncos                         5 injuries
2026-08-20 10:15:20 [INFO]   Canberra Raiders                         4 injuries
2026-08-20 10:15:20 [INFO]   Canterbury-Bankstown Bulldogs            3 injuries
2026-08-20 10:15:22 [INFO]   Cronulla-Sutherland Sharks               3 injuries
2026-08-20 10:15:23 [INFO]   Dolphins                                 2 injuries
2026-08-20 10:15:24 [INFO]   Gold Coast Titans                        6 injuries
2026-08-20 10:15:25 [INFO]   Manly-Warringah Sea Eagles               8 injuries
2026-08-20 10:15:27 [INFO]   Melbourne Storm                          8 injuries
2026-08-20 10:15:30 [INFO]   Newcastle Knights                        8 injuries
2026-08-20 10:15:31 [INFO]   New Zealand Warriors                     5 injuries
2026-08-20 10:15:32 [INFO]   North Queensland Cowboys                 2 injuries
2026-08-20 10:15:32 [INFO]   Parramatta Eels                          6 injuries
2026-08-20 10:15:33 [INFO]   Penrith Panthers                         4 injuries
2026-08-20 10:15:33 [INFO]   South Sydney Rabbitohs                   6 injuries
2026-08-20 10:15:34 [INFO]   St. George Illawarra Dragons             5 injuries
2026-08-20 10:15:35 [INFO]   Sydney Roosters                          4 injuries
2026-08-20 10:15:36 [INFO]   Wests Tigers                             6 injuries
2026-08-20 10:15:36 [INFO] Zero Tackle total: 85 records across 17 teams
2026-08-20 10:15:36 [INFO] Wrote latest-injuries.json -- 85 player records, round 25
2026-08-20 10:15:36 [INFO] Injuries scraped -- 85 records
[2026-08-20T10:15:36] NRL team news
Written /Users/elliotbladen/BetMate/data/nrl/team-news/latest.json
  Round 25 | Teams: 17 | Injuries: 85 | Suspensions preserved: 0
[2026-08-20T10:15:40] NRL market-moving news
2026-08-20 10:15:41 [INFO] Targeting season=2026 round=25
2026-08-20 10:15:42 [INFO] Fetched NRL Casualty Ward                904 bytes
2026-08-20 10:15:44 [INFO] Fetched NRL Judiciary Report             862 bytes
2026-08-20 10:15:44 [INFO] Fetched NRL News                         798 bytes
2026-08-20 10:15:45 [INFO] Fetched Brisbane Broncos News            805 bytes
2026-08-20 10:15:46 [INFO] Fetched Canterbury-Bankstown Bulldogs News 806 bytes
2026-08-20 10:15:47 [INFO] Fetched Canberra Raiders News            805 bytes
2026-08-20 10:15:48 [INFO] Fetched Cronulla-Sutherland Sharks News  804 bytes
2026-08-20 10:15:49 [INFO] Fetched Dolphins News                    809 bytes
2026-08-20 10:15:50 [INFO] Fetched Gold Coast Titans News           804 bytes
2026-08-20 10:15:55 [INFO] Fetched Manly-Warringah Sea Eagles News  807 bytes
2026-08-20 10:15:56 [INFO] Fetched Melbourne Storm News             812 bytes
2026-08-20 10:15:57 [INFO] Fetched Newcastle Knights News           814 bytes
2026-08-20 10:15:57 [INFO] Fetched New Zealand Warriors News        804 bytes
2026-08-20 10:15:58 [INFO] Fetched North Queensland Cowboys News    805 bytes
2026-08-20 10:16:00 [INFO] Fetched Parramatta Eels News             807 bytes
2026-08-20 10:16:01 [INFO] Fetched Penrith Panthers News            813 bytes
2026-08-20 10:16:01 [INFO] Fetched South Sydney Rabbitohs News      181800 bytes
2026-08-20 10:16:03 [INFO] Fetched St. George Illawarra Dragons News 805 bytes
2026-08-20 10:16:04 [INFO] Fetched Sydney Roosters News             806 bytes
2026-08-20 10:16:06 [INFO] Fetched Wests Tigers News                809 bytes
2026-08-20 10:16:06 [INFO] Wrote 0 flags
2026-08-20 10:16:06 [INFO] JSON: /Users/elliotbladen/BetMate/data/nrl/news_flags/processed/2026/2026-08-20.json
2026-08-20 10:16:06 [INFO] CSV:  /Users/elliotbladen/BetMate/data/nrl/news_flags/processed/2026/2026-08-20.csv
2026-08-20 10:16:06 [INFO] News flags complete -- 0 total, 0 HIGH
[2026-08-20T10:16:06] AFL injuries
2026-08-20 10:16:07 [INFO] Targeting season=2026 round=23
2026-08-20 10:16:07 [INFO] Attempt 1/3 -- AFL injuries R23 2026
2026-08-20 10:16:10 [INFO] Parsed 163 player records across all teams
2026-08-20 10:16:10 [INFO] Wrote latest-injuries.json -- 163 records, round 23
[2026-08-20T10:16:10] Market event log
Wrote 677 events -> /Users/elliotbladen/BetMate/data/market_events/2026_events.csv
  injury: 677
AFL injury refresh pinned to prepared round 23
[2026-08-20T14:19:50] NRL injuries
2026-08-20 14:19:51 [INFO] Targeting season=2026 round=25
2026-08-20 14:19:51 [INFO] Attempt 1/3 -- Zero Tackle injuries R25 2026
2026-08-20 14:19:51 [INFO]   Brisbane Broncos                         5 injuries
2026-08-20 14:19:52 [INFO]   Canberra Raiders                         4 injuries
2026-08-20 14:19:52 [INFO]   Canterbury-Bankstown Bulldogs            3 injuries
2026-08-20 14:19:52 [INFO]   Cronulla-Sutherland Sharks               3 injuries
2026-08-20 14:19:52 [INFO]   Dolphins                                 2 injuries
2026-08-20 14:19:52 [INFO]   Gold Coast Titans                        6 injuries
2026-08-20 14:19:53 [INFO]   Manly-Warringah Sea Eagles               8 injuries
2026-08-20 14:19:53 [INFO]   Melbourne Storm                          8 injuries
2026-08-20 14:19:53 [INFO]   Newcastle Knights                        8 injuries
2026-08-20 14:19:53 [INFO]   New Zealand Warriors                     5 injuries
2026-08-20 14:19:53 [INFO]   North Queensland Cowboys                 2 injuries
2026-08-20 14:19:54 [INFO]   Parramatta Eels                          6 injuries
2026-08-20 14:19:54 [INFO]   Penrith Panthers                         4 injuries
2026-08-20 14:19:54 [INFO]   South Sydney Rabbitohs                   6 injuries
2026-08-20 14:19:54 [INFO]   St. George Illawarra Dragons             5 injuries
2026-08-20 14:19:55 [INFO]   Sydney Roosters                          4 injuries
2026-08-20 14:19:55 [INFO]   Wests Tigers                             6 injuries
2026-08-20 14:19:55 [INFO] Zero Tackle total: 85 records across 17 teams
2026-08-20 14:19:55 [INFO] Wrote latest-injuries.json -- 85 player records, round 25
2026-08-20 14:19:55 [INFO] Injuries scraped -- 85 records
[2026-08-20T14:19:55] NRL team news
Written /Users/elliotbladen/BetMate/data/nrl/team-news/latest.json
  Round 25 | Teams: 17 | Injuries: 85 | Suspensions preserved: 0
[2026-08-20T14:19:56] NRL market-moving news
2026-08-20 14:19:57 [INFO] Targeting season=2026 round=25
2026-08-20 14:19:57 [INFO] Fetched NRL Casualty Ward                904 bytes
2026-08-20 14:19:57 [INFO] Fetched NRL Judiciary Report             862 bytes
2026-08-20 14:19:58 [INFO] Fetched NRL News                         798 bytes
2026-08-20 14:19:59 [INFO] Fetched Brisbane Broncos News            805 bytes
2026-08-20 14:19:59 [INFO] Fetched Canterbury-Bankstown Bulldogs News 806 bytes
2026-08-20 14:20:00 [INFO] Fetched Canberra Raiders News            805 bytes
2026-08-20 14:20:01 [INFO] Fetched Cronulla-Sutherland Sharks News  804 bytes
2026-08-20 14:20:01 [INFO] Fetched Dolphins News                    809 bytes
2026-08-20 14:20:02 [INFO] Fetched Gold Coast Titans News           804 bytes
2026-08-20 14:20:03 [INFO] Fetched Manly-Warringah Sea Eagles News  807 bytes
2026-08-20 14:20:03 [INFO] Fetched Melbourne Storm News             812 bytes
2026-08-20 14:20:04 [INFO] Fetched Newcastle Knights News           814 bytes
2026-08-20 14:20:05 [INFO] Fetched New Zealand Warriors News        804 bytes
2026-08-20 14:20:05 [INFO] Fetched North Queensland Cowboys News    805 bytes
2026-08-20 14:20:06 [INFO] Fetched Parramatta Eels News             807 bytes
2026-08-20 14:20:06 [INFO] Fetched Penrith Panthers News            813 bytes
2026-08-20 14:20:07 [INFO] Fetched South Sydney Rabbitohs News      181340 bytes
2026-08-20 14:20:08 [INFO] Fetched St. George Illawarra Dragons News 805 bytes
2026-08-20 14:20:09 [INFO] Fetched Sydney Roosters News             806 bytes
2026-08-20 14:20:09 [INFO] Fetched Wests Tigers News                809 bytes
2026-08-20 14:20:10 [INFO] Wrote 0 flags
2026-08-20 14:20:10 [INFO] JSON: /Users/elliotbladen/BetMate/data/nrl/news_flags/processed/2026/2026-08-20.json
2026-08-20 14:20:10 [INFO] CSV:  /Users/elliotbladen/BetMate/data/nrl/news_flags/processed/2026/2026-08-20.csv
2026-08-20 14:20:10 [INFO] News flags complete -- 0 total, 0 HIGH
[2026-08-20T14:20:10] AFL injuries
2026-08-20 14:20:10 [INFO] Targeting season=2026 round=23
2026-08-20 14:20:10 [INFO] Attempt 1/3 -- AFL injuries R23 2026
2026-08-20 14:20:11 [INFO] Parsed 163 player records across all teams
2026-08-20 14:20:11 [INFO] Wrote latest-injuries.json -- 163 records, round 23
[2026-08-20T14:20:11] Market event log
Wrote 677 events -> /Users/elliotbladen/BetMate/data/market_events/2026_events.csv
  injury: 677
AFL injury refresh pinned to prepared round 23
[2026-08-20T16:33:26] NRL injuries
2026-08-20 16:33:36 [INFO] Targeting season=2026 round=25
2026-08-20 16:33:36 [INFO] Attempt 1/3 -- Zero Tackle injuries R25 2026
2026-08-20 16:33:37 [INFO]   Brisbane Broncos                         5 injuries
2026-08-20 16:33:38 [INFO]   Canberra Raiders                         4 injuries
2026-08-20 16:33:40 [INFO]   Canterbury-Bankstown Bulldogs            3 injuries
2026-08-20 16:33:41 [INFO]   Cronulla-Sutherland Sharks               3 injuries
2026-08-20 16:33:42 [INFO]   Dolphins                                 2 injuries
2026-08-20 16:33:42 [INFO]   Gold Coast Titans                        6 injuries
2026-08-20 16:33:43 [INFO]   Manly-Warringah Sea Eagles               8 injuries
2026-08-20 16:33:44 [INFO]   Melbourne Storm                          8 injuries
2026-08-20 16:33:45 [INFO]   Newcastle Knights                        8 injuries
2026-08-20 16:33:45 [INFO]   New Zealand Warriors                     5 injuries
2026-08-20 16:33:46 [INFO]   North Queensland Cowboys                 2 injuries
2026-08-20 16:33:47 [INFO]   Parramatta Eels                          6 injuries
2026-08-20 16:33:48 [INFO]   Penrith Panthers                         4 injuries
2026-08-20 16:33:48 [INFO]   South Sydney Rabbitohs                   6 injuries
2026-08-20 16:33:49 [INFO]   St. George Illawarra Dragons             5 injuries
2026-08-20 16:33:50 [INFO]   Sydney Roosters                          4 injuries
2026-08-20 16:33:50 [INFO]   Wests Tigers                             6 injuries
2026-08-20 16:33:50 [INFO] Zero Tackle total: 85 records across 17 teams
2026-08-20 16:33:51 [INFO] Wrote latest-injuries.json -- 85 player records, round 25
2026-08-20 16:33:51 [INFO] Injuries scraped -- 85 records
[2026-08-20T16:33:51] NRL team news
Written /Users/elliotbladen/BetMate/data/nrl/team-news/latest.json
  Round 25 | Teams: 17 | Injuries: 85 | Suspensions preserved: 0
[2026-08-20T16:33:55] NRL market-moving news
2026-08-20 16:33:57 [INFO] Targeting season=2026 round=25
2026-08-20 16:33:57 [INFO] Fetched NRL Casualty Ward                904 bytes
2026-08-20 16:33:59 [INFO] Fetched NRL Judiciary Report             862 bytes
2026-08-20 16:34:00 [INFO] Fetched NRL News                         798 bytes
2026-08-20 16:34:00 [INFO] Fetched Brisbane Broncos News            805 bytes
2026-08-20 16:34:01 [INFO] Fetched Canterbury-Bankstown Bulldogs News 806 bytes
2026-08-20 16:34:02 [INFO] Fetched Canberra Raiders News            805 bytes
2026-08-20 16:34:03 [INFO] Fetched Cronulla-Sutherland Sharks News  804 bytes
2026-08-20 16:34:04 [INFO] Fetched Dolphins News                    809 bytes
2026-08-20 16:34:05 [INFO] Fetched Gold Coast Titans News           804 bytes
2026-08-20 16:34:05 [INFO] Fetched Manly-Warringah Sea Eagles News  807 bytes
2026-08-20 16:34:06 [INFO] Fetched Melbourne Storm News             812 bytes
2026-08-20 16:34:07 [INFO] Fetched Newcastle Knights News           814 bytes
2026-08-20 16:34:08 [INFO] Fetched New Zealand Warriors News        804 bytes
2026-08-20 16:34:09 [INFO] Fetched North Queensland Cowboys News    805 bytes
2026-08-20 16:34:09 [INFO] Fetched Parramatta Eels News             807 bytes
2026-08-20 16:34:10 [INFO] Fetched Penrith Panthers News            813 bytes
2026-08-20 16:34:11 [INFO] Fetched South Sydney Rabbitohs News      181190 bytes
2026-08-20 16:34:12 [INFO] Fetched St. George Illawarra Dragons News 805 bytes
2026-08-20 16:34:13 [INFO] Fetched Sydney Roosters News             806 bytes
2026-08-20 16:34:13 [INFO] Fetched Wests Tigers News                809 bytes
2026-08-20 16:34:14 [INFO] Wrote 0 flags
2026-08-20 16:34:14 [INFO] JSON: /Users/elliotbladen/BetMate/data/nrl/news_flags/processed/2026/2026-08-20.json
2026-08-20 16:34:14 [INFO] CSV:  /Users/elliotbladen/BetMate/data/nrl/news_flags/processed/2026/2026-08-20.csv
2026-08-20 16:34:14 [INFO] News flags complete -- 0 total, 0 HIGH
[2026-08-20T16:34:14] AFL injuries
2026-08-20 16:34:15 [INFO] Targeting season=2026 round=23
2026-08-20 16:34:15 [INFO] Attempt 1/3 -- AFL injuries R23 2026
2026-08-20 16:34:16 [INFO] Parsed 163 player records across all teams
2026-08-20 16:34:16 [INFO] Wrote latest-injuries.json -- 163 records, round 23
[2026-08-20T16:34:16] Market event log
Wrote 677 events -> /Users/elliotbladen/BetMate/data/market_events/2026_events.csv
  injury: 677
AFL injury refresh pinned to prepared round 23
[2026-08-20T17:34:17] NRL injuries
2026-08-20 17:34:17 [INFO] Targeting season=2026 round=25
2026-08-20 17:34:17 [INFO] Attempt 1/3 -- Zero Tackle injuries R25 2026
2026-08-20 17:34:18 [INFO]   Brisbane Broncos                         5 injuries
2026-08-20 17:34:18 [INFO]   Canberra Raiders                         4 injuries
2026-08-20 17:34:18 [INFO]   Canterbury-Bankstown Bulldogs            3 injuries
2026-08-20 17:34:18 [INFO]   Cronulla-Sutherland Sharks               3 injuries
2026-08-20 17:34:18 [INFO]   Dolphins                                 2 injuries
2026-08-20 17:34:19 [INFO]   Gold Coast Titans                        6 injuries
2026-08-20 17:34:19 [INFO]   Manly-Warringah Sea Eagles               8 injuries
2026-08-20 17:34:19 [INFO]   Melbourne Storm                          8 injuries
2026-08-20 17:34:19 [INFO]   Newcastle Knights                        8 injuries
2026-08-20 17:34:20 [INFO]   New Zealand Warriors                     5 injuries
2026-08-20 17:34:20 [INFO]   North Queensland Cowboys                 2 injuries
2026-08-20 17:34:20 [INFO]   Parramatta Eels                          6 injuries
2026-08-20 17:34:20 [INFO]   Penrith Panthers                         4 injuries
2026-08-20 17:34:20 [INFO]   South Sydney Rabbitohs                   6 injuries
2026-08-20 17:34:21 [INFO]   St. George Illawarra Dragons             5 injuries
2026-08-20 17:34:21 [INFO]   Sydney Roosters                          4 injuries
2026-08-20 17:34:21 [INFO]   Wests Tigers                             6 injuries
2026-08-20 17:34:21 [INFO] Zero Tackle total: 85 records across 17 teams
2026-08-20 17:34:21 [INFO] Wrote latest-injuries.json -- 85 player records, round 25
2026-08-20 17:34:21 [INFO] Injuries scraped -- 85 records
[2026-08-20T17:34:21] NRL team news
Written /Users/elliotbladen/BetMate/data/nrl/team-news/latest.json
  Round 25 | Teams: 17 | Injuries: 85 | Suspensions preserved: 0
[2026-08-20T17:34:22] NRL market-moving news
2026-08-20 17:34:22 [INFO] Targeting season=2026 round=25
2026-08-20 17:34:23 [INFO] Fetched NRL Casualty Ward                904 bytes
2026-08-20 17:34:23 [INFO] Fetched NRL Judiciary Report             862 bytes
2026-08-20 17:34:24 [INFO] Fetched NRL News                         798 bytes
2026-08-20 17:34:25 [INFO] Fetched Brisbane Broncos News            805 bytes
2026-08-20 17:34:25 [INFO] Fetched Canterbury-Bankstown Bulldogs News 806 bytes
2026-08-20 17:34:26 [INFO] Fetched Canberra Raiders News            805 bytes
2026-08-20 17:34:27 [INFO] Fetched Cronulla-Sutherland Sharks News  804 bytes
2026-08-20 17:34:27 [INFO] Fetched Dolphins News                    809 bytes
2026-08-20 17:34:28 [INFO] Fetched Gold Coast Titans News           804 bytes
2026-08-20 17:34:30 [INFO] Fetched Manly-Warringah Sea Eagles News  807 bytes
2026-08-20 17:34:31 [INFO] Fetched Melbourne Storm News             812 bytes
2026-08-20 17:34:32 [INFO] Fetched Newcastle Knights News           814 bytes
2026-08-20 17:34:32 [INFO] Fetched New Zealand Warriors News        804 bytes
2026-08-20 17:34:33 [INFO] Fetched North Queensland Cowboys News    805 bytes
2026-08-20 17:34:34 [INFO] Fetched Parramatta Eels News             807 bytes
2026-08-20 17:34:34 [INFO] Fetched Penrith Panthers News            813 bytes
2026-08-20 17:34:36 [INFO] Fetched South Sydney Rabbitohs News      181096 bytes
2026-08-20 17:34:36 [INFO] Fetched St. George Illawarra Dragons News 805 bytes
2026-08-20 17:34:37 [INFO] Fetched Sydney Roosters News             806 bytes
2026-08-20 17:34:38 [INFO] Fetched Wests Tigers News                809 bytes
2026-08-20 17:34:38 [INFO] Wrote 0 flags
2026-08-20 17:34:38 [INFO] JSON: /Users/elliotbladen/BetMate/data/nrl/news_flags/processed/2026/2026-08-20.json
2026-08-20 17:34:38 [INFO] CSV:  /Users/elliotbladen/BetMate/data/nrl/news_flags/processed/2026/2026-08-20.csv
2026-08-20 17:34:38 [INFO] News flags complete -- 0 total, 0 HIGH
[2026-08-20T17:34:38] AFL injuries
2026-08-20 17:34:38 [INFO] Targeting season=2026 round=23
2026-08-20 17:34:38 [INFO] Attempt 1/3 -- AFL injuries R23 2026
2026-08-20 17:34:40 [INFO] Parsed 163 player records across all teams
2026-08-20 17:34:40 [INFO] Wrote latest-injuries.json -- 163 records, round 23
[2026-08-20T17:34:40] Market event log
Wrote 677 events -> /Users/elliotbladen/BetMate/data/market_events/2026_events.csv
  injury: 677
AFL injury refresh pinned to prepared round 23
[2026-08-20T18:34:40] NRL injuries
2026-08-20 18:34:41 [INFO] Targeting season=2026 round=25
2026-08-20 18:34:41 [INFO] Attempt 1/3 -- Zero Tackle injuries R25 2026
2026-08-20 18:34:41 [INFO]   Brisbane Broncos                         5 injuries
2026-08-20 18:34:41 [INFO]   Canberra Raiders                         4 injuries
2026-08-20 18:34:42 [INFO]   Canterbury-Bankstown Bulldogs            3 injuries
2026-08-20 18:34:42 [INFO]   Cronulla-Sutherland Sharks               3 injuries
2026-08-20 18:34:42 [INFO]   Dolphins                                 2 injuries
2026-08-20 18:34:43 [INFO]   Gold Coast Titans                        6 injuries
2026-08-20 18:34:43 [INFO]   Manly-Warringah Sea Eagles               8 injuries
2026-08-20 18:34:43 [INFO]   Melbourne Storm                          6 injuries
2026-08-20 18:34:44 [INFO]   Newcastle Knights                        8 injuries
2026-08-20 18:34:44 [INFO]   New Zealand Warriors                     5 injuries
2026-08-20 18:34:44 [INFO]   North Queensland Cowboys                 2 injuries
2026-08-20 18:34:45 [INFO]   Parramatta Eels                          6 injuries
2026-08-20 18:34:45 [INFO]   Penrith Panthers                         3 injuries
2026-08-20 18:34:45 [INFO]   South Sydney Rabbitohs                   6 injuries
2026-08-20 18:34:45 [INFO]   St. George Illawarra Dragons             5 injuries
2026-08-20 18:34:46 [INFO]   Sydney Roosters                          4 injuries
2026-08-20 18:34:46 [INFO]   Wests Tigers                             6 injuries
2026-08-20 18:34:46 [INFO] Zero Tackle total: 82 records across 17 teams
2026-08-20 18:34:46 [INFO] Wrote latest-injuries.json -- 82 player records, round 25
2026-08-20 18:34:46 [INFO] Injuries scraped -- 82 records
[2026-08-20T18:34:46] NRL team news
Written /Users/elliotbladen/BetMate/data/nrl/team-news/latest.json
  Round 25 | Teams: 17 | Injuries: 82 | Suspensions preserved: 0
[2026-08-20T18:34:48] NRL market-moving news
2026-08-20 18:34:49 [INFO] Targeting season=2026 round=25
2026-08-20 18:34:49 [INFO] Fetched NRL Casualty Ward                904 bytes
2026-08-20 18:34:50 [INFO] Fetched NRL Judiciary Report             862 bytes
2026-08-20 18:34:50 [INFO] Fetched NRL News                         798 bytes
2026-08-20 18:34:51 [INFO] Fetched Brisbane Broncos News            805 bytes
2026-08-20 18:34:51 [INFO] Fetched Canterbury-Bankstown Bulldogs News 806 bytes
2026-08-20 18:34:52 [INFO] Fetched Canberra Raiders News            805 bytes
2026-08-20 18:34:53 [INFO] Fetched Cronulla-Sutherland Sharks News  804 bytes
2026-08-20 18:34:54 [INFO] Fetched Dolphins News                    809 bytes
2026-08-20 18:34:54 [INFO] Fetched Gold Coast Titans News           804 bytes
2026-08-20 18:34:55 [INFO] Fetched Manly-Warringah Sea Eagles News  807 bytes
2026-08-20 18:34:55 [INFO] Fetched Melbourne Storm News             812 bytes
2026-08-20 18:34:56 [INFO] Fetched Newcastle Knights News           814 bytes
2026-08-20 18:34:57 [INFO] Fetched New Zealand Warriors News        804 bytes
2026-08-20 18:34:58 [INFO] Fetched North Queensland Cowboys News    805 bytes
2026-08-20 18:34:58 [INFO] Fetched Parramatta Eels News             807 bytes
2026-08-20 18:34:59 [INFO] Fetched Penrith Panthers News            813 bytes
2026-08-20 18:35:00 [INFO] Fetched South Sydney Rabbitohs News      181004 bytes
2026-08-20 18:35:00 [INFO] Fetched St. George Illawarra Dragons News 805 bytes
2026-08-20 18:35:01 [INFO] Fetched Sydney Roosters News             806 bytes
2026-08-20 18:35:02 [INFO] Fetched Wests Tigers News                809 bytes
2026-08-20 18:35:02 [INFO] Wrote 0 flags
2026-08-20 18:35:02 [INFO] JSON: /Users/elliotbladen/BetMate/data/nrl/news_flags/processed/2026/2026-08-20.json
2026-08-20 18:35:02 [INFO] CSV:  /Users/elliotbladen/BetMate/data/nrl/news_flags/processed/2026/2026-08-20.csv
2026-08-20 18:35:02 [INFO] News flags complete -- 0 total, 0 HIGH
[2026-08-20T18:35:02] AFL injuries
2026-08-20 18:35:03 [INFO] Targeting season=2026 round=23
2026-08-20 18:35:03 [INFO] Attempt 1/3 -- AFL injuries R23 2026
2026-08-20 18:35:04 [INFO] Parsed 163 player records across all teams
2026-08-20 18:35:04 [INFO] Wrote latest-injuries.json -- 163 records, round 23
[2026-08-20T18:35:04] Market event log
Wrote 674 events -> /Users/elliotbladen/BetMate/data/market_events/2026_events.csv
  injury: 674
AFL injury refresh pinned to prepared round 23
[2026-08-21T08:50:41] NRL injuries
2026-08-21 08:50:50 [INFO] Targeting season=2026 round=25
2026-08-21 08:50:50 [INFO] Attempt 1/3 -- Zero Tackle injuries R25 2026
2026-08-21 08:50:50 [INFO]   Brisbane Broncos                         5 injuries
2026-08-21 08:50:51 [INFO]   Canberra Raiders                         3 injuries
2026-08-21 08:50:52 [INFO]   Canterbury-Bankstown Bulldogs            3 injuries
2026-08-21 08:50:54 [INFO]   Cronulla-Sutherland Sharks               2 injuries
2026-08-21 08:50:54 [INFO]   Dolphins                                 2 injuries
2026-08-21 08:50:55 [INFO]   Gold Coast Titans                        6 injuries
2026-08-21 08:50:55 [INFO]   Manly-Warringah Sea Eagles               6 injuries
2026-08-21 08:50:56 [INFO]   Melbourne Storm                          6 injuries
2026-08-21 08:50:57 [INFO]   Newcastle Knights                        5 injuries
2026-08-21 08:50:57 [INFO]   New Zealand Warriors                     5 injuries
2026-08-21 08:50:58 [INFO]   North Queensland Cowboys                 2 injuries
2026-08-21 08:50:58 [INFO]   Parramatta Eels                          4 injuries
2026-08-21 08:50:59 [INFO]   Penrith Panthers                         3 injuries
2026-08-21 08:50:59 [INFO]   South Sydney Rabbitohs                   5 injuries
2026-08-21 08:51:00 [INFO]   St. George Illawarra Dragons             5 injuries
2026-08-21 08:51:01 [INFO]   Sydney Roosters                          3 injuries
2026-08-21 08:51:01 [INFO]   Wests Tigers                             5 injuries
2026-08-21 08:51:01 [INFO] Zero Tackle total: 70 records across 17 teams
2026-08-21 08:51:01 [INFO] Wrote latest-injuries.json -- 70 player records, round 25
2026-08-21 08:51:01 [INFO] Injuries scraped -- 70 records
[2026-08-21T08:51:02] NRL team news
Written /Users/elliotbladen/BetMate/data/nrl/team-news/latest.json
  Round 25 | Teams: 17 | Injuries: 70 | Suspensions preserved: 0
[2026-08-21T08:51:05] NRL market-moving news
2026-08-21 08:51:06 [INFO] Targeting season=2026 round=25
2026-08-21 08:51:08 [INFO] Fetched NRL Casualty Ward                904 bytes
2026-08-21 08:51:09 [INFO] Fetched NRL Judiciary Report             862 bytes
2026-08-21 08:51:11 [INFO] Fetched NRL News                         798 bytes
2026-08-21 08:51:12 [INFO] Fetched Brisbane Broncos News            805 bytes
2026-08-21 08:51:12 [INFO] Fetched Canterbury-Bankstown Bulldogs News 806 bytes
2026-08-21 08:51:13 [INFO] Fetched Canberra Raiders News            805 bytes
2026-08-21 08:51:14 [INFO] Fetched Cronulla-Sutherland Sharks News  804 bytes
2026-08-21 08:51:15 [INFO] Fetched Dolphins News                    809 bytes
2026-08-21 08:51:16 [INFO] Fetched Gold Coast Titans News           804 bytes
2026-08-21 08:51:16 [INFO] Fetched Manly-Warringah Sea Eagles News  807 bytes
2026-08-21 08:51:17 [INFO] Fetched Melbourne Storm News             812 bytes
2026-08-21 08:51:18 [INFO] Fetched Newcastle Knights News           814 bytes
2026-08-21 08:51:18 [INFO] Fetched New Zealand Warriors News        804 bytes
2026-08-21 08:51:19 [INFO] Fetched North Queensland Cowboys News    805 bytes
2026-08-21 08:51:20 [INFO] Fetched Parramatta Eels News             807 bytes
2026-08-21 08:51:20 [INFO] Fetched Penrith Panthers News            813 bytes
2026-08-21 08:51:21 [INFO] Fetched South Sydney Rabbitohs News      180508 bytes
2026-08-21 08:51:22 [INFO] Fetched St. George Illawarra Dragons News 805 bytes
2026-08-21 08:51:23 [INFO] Fetched Sydney Roosters News             806 bytes
2026-08-21 08:51:23 [INFO] Fetched Wests Tigers News                809 bytes
2026-08-21 08:51:24 [INFO] Wrote 0 flags
2026-08-21 08:51:24 [INFO] JSON: /Users/elliotbladen/BetMate/data/nrl/news_flags/processed/2026/2026-08-21.json
2026-08-21 08:51:24 [INFO] CSV:  /Users/elliotbladen/BetMate/data/nrl/news_flags/processed/2026/2026-08-21.csv
2026-08-21 08:51:24 [INFO] News flags complete -- 0 total, 0 HIGH
[2026-08-21T08:51:24] AFL injuries
2026-08-21 08:51:25 [INFO] Targeting season=2026 round=23
2026-08-21 08:51:25 [INFO] Attempt 1/3 -- AFL injuries R23 2026
2026-08-21 08:51:26 [INFO] Parsed 163 player records across all teams
2026-08-21 08:51:26 [INFO] Wrote latest-injuries.json -- 163 records, round 23
[2026-08-21T08:51:26] Market event log
Wrote 662 events -> /Users/elliotbladen/BetMate/data/market_events/2026_events.csv
  injury: 662
AFL injury refresh pinned to prepared round 23
[2026-08-21T09:51:27] NRL injuries
2026-08-21 09:51:27 [INFO] Targeting season=2026 round=25
2026-08-21 09:51:27 [INFO] Attempt 1/3 -- Zero Tackle injuries R25 2026
2026-08-21 09:51:27 [INFO]   Brisbane Broncos                         5 injuries
2026-08-21 09:51:27 [INFO]   Canberra Raiders                         3 injuries
2026-08-21 09:51:28 [INFO]   Canterbury-Bankstown Bulldogs            3 injuries
2026-08-21 09:51:28 [INFO]   Cronulla-Sutherland Sharks               2 injuries
2026-08-21 09:51:28 [INFO]   Dolphins                                 2 injuries
2026-08-21 09:51:28 [INFO]   Gold Coast Titans                        6 injuries
2026-08-21 09:51:28 [INFO]   Manly-Warringah Sea Eagles               6 injuries
2026-08-21 09:51:29 [INFO]   Melbourne Storm                          6 injuries
2026-08-21 09:51:29 [INFO]   Newcastle Knights                        5 injuries
2026-08-21 09:51:29 [INFO]   New Zealand Warriors                     5 injuries
2026-08-21 09:51:29 [INFO]   North Queensland Cowboys                 2 injuries
2026-08-21 09:51:29 [INFO]   Parramatta Eels                          4 injuries
2026-08-21 09:51:30 [INFO]   Penrith Panthers                         3 injuries
2026-08-21 09:51:30 [INFO]   South Sydney Rabbitohs                   5 injuries
2026-08-21 09:51:30 [INFO]   St. George Illawarra Dragons             5 injuries
2026-08-21 09:51:30 [INFO]   Sydney Roosters                          3 injuries
2026-08-21 09:51:30 [INFO]   Wests Tigers                             5 injuries
2026-08-21 09:51:30 [INFO] Zero Tackle total: 70 records across 17 teams
2026-08-21 09:51:30 [INFO] Wrote latest-injuries.json -- 70 player records, round 25
2026-08-21 09:51:30 [INFO] Injuries scraped -- 70 records
[2026-08-21T09:51:30] NRL team news
Written /Users/elliotbladen/BetMate/data/nrl/team-news/latest.json
  Round 25 | Teams: 17 | Injuries: 70 | Suspensions preserved: 0
[2026-08-21T09:51:32] NRL market-moving news
2026-08-21 09:51:32 [INFO] Targeting season=2026 round=25
2026-08-21 09:51:33 [INFO] Fetched NRL Casualty Ward                904 bytes
2026-08-21 09:51:33 [INFO] Fetched NRL Judiciary Report             862 bytes
2026-08-21 09:51:34 [INFO] Fetched NRL News                         798 bytes
2026-08-21 09:51:35 [INFO] Fetched Brisbane Broncos News            805 bytes
2026-08-21 09:51:36 [INFO] Fetched Canterbury-Bankstown Bulldogs News 806 bytes
2026-08-21 09:51:37 [INFO] Fetched Canberra Raiders News            805 bytes
2026-08-21 09:51:37 [INFO] Fetched Cronulla-Sutherland Sharks News  804 bytes
2026-08-21 09:51:38 [INFO] Fetched Dolphins News                    809 bytes
2026-08-21 09:51:38 [INFO] Fetched Gold Coast Titans News           804 bytes
2026-08-21 09:51:39 [INFO] Fetched Manly-Warringah Sea Eagles News  807 bytes
2026-08-21 09:51:40 [INFO] Fetched Melbourne Storm News             812 bytes
2026-08-21 09:51:40 [INFO] Fetched Newcastle Knights News           814 bytes
2026-08-21 09:51:41 [INFO] Fetched New Zealand Warriors News        804 bytes
2026-08-21 09:51:42 [INFO] Fetched North Queensland Cowboys News    805 bytes
2026-08-21 09:51:42 [INFO] Fetched Parramatta Eels News             807 bytes
2026-08-21 09:51:43 [INFO] Fetched Penrith Panthers News            813 bytes
2026-08-21 09:51:44 [INFO] Fetched South Sydney Rabbitohs News      180442 bytes
2026-08-21 09:51:44 [INFO] Fetched St. George Illawarra Dragons News 805 bytes
2026-08-21 09:51:45 [INFO] Fetched Sydney Roosters News             806 bytes
2026-08-21 09:51:46 [INFO] Fetched Wests Tigers News                809 bytes
2026-08-21 09:51:46 [INFO] Wrote 0 flags
2026-08-21 09:51:46 [INFO] JSON: /Users/elliotbladen/BetMate/data/nrl/news_flags/processed/2026/2026-08-21.json
2026-08-21 09:51:46 [INFO] CSV:  /Users/elliotbladen/BetMate/data/nrl/news_flags/processed/2026/2026-08-21.csv
2026-08-21 09:51:46 [INFO] News flags complete -- 0 total, 0 HIGH
[2026-08-21T09:51:46] AFL injuries
2026-08-21 09:51:46 [INFO] Targeting season=2026 round=23
2026-08-21 09:51:46 [INFO] Attempt 1/3 -- AFL injuries R23 2026
2026-08-21 09:51:47 [INFO] Parsed 163 player records across all teams
2026-08-21 09:51:47 [INFO] Wrote latest-injuries.json -- 163 records, round 23
[2026-08-21T09:51:47] Market event log
Wrote 662 events -> /Users/elliotbladen/BetMate/data/market_events/2026_events.csv
  injury: 662
AFL injury refresh pinned to prepared round 23
[2026-08-21T10:51:48] NRL injuries
2026-08-21 10:51:48 [INFO] Targeting season=2026 round=25
2026-08-21 10:51:48 [INFO] Attempt 1/3 -- Zero Tackle injuries R25 2026
2026-08-21 10:51:48 [INFO]   Brisbane Broncos                         5 injuries
2026-08-21 10:51:51 [INFO]   Canberra Raiders                         3 injuries
2026-08-21 10:51:51 [INFO]   Canterbury-Bankstown Bulldogs            3 injuries
2026-08-21 10:51:52 [INFO]   Cronulla-Sutherland Sharks               2 injuries
2026-08-21 10:51:52 [INFO]   Dolphins                                 2 injuries
2026-08-21 10:51:52 [INFO]   Gold Coast Titans                        6 injuries
2026-08-21 10:51:52 [INFO]   Manly-Warringah Sea Eagles               6 injuries
2026-08-21 10:51:53 [INFO]   Melbourne Storm                          6 injuries
2026-08-21 10:51:53 [INFO]   Newcastle Knights                        5 injuries
2026-08-21 10:51:59 [INFO]   New Zealand Warriors                     5 injuries
2026-08-21 10:51:59 [INFO]   North Queensland Cowboys                 2 injuries
2026-08-21 10:51:59 [INFO]   Parramatta Eels                          4 injuries
2026-08-21 10:51:59 [INFO]   Penrith Panthers                         3 injuries
2026-08-21 10:51:59 [INFO]   South Sydney Rabbitohs                   5 injuries
2026-08-21 10:52:00 [INFO]   St. George Illawarra Dragons             5 injuries
2026-08-21 10:52:00 [INFO]   Sydney Roosters                          3 injuries
2026-08-21 10:52:00 [INFO]   Wests Tigers                             5 injuries
2026-08-21 10:52:00 [INFO] Zero Tackle total: 70 records across 17 teams
2026-08-21 10:52:00 [INFO] Wrote latest-injuries.json -- 70 player records, round 25
2026-08-21 10:52:00 [INFO] Injuries scraped -- 70 records
[2026-08-21T10:52:00] NRL team news
Written /Users/elliotbladen/BetMate/data/nrl/team-news/latest.json
  Round 25 | Teams: 17 | Injuries: 70 | Suspensions preserved: 0
[2026-08-21T10:52:02] NRL market-moving news
2026-08-21 10:52:02 [INFO] Targeting season=2026 round=25
2026-08-21 10:52:03 [INFO] Fetched NRL Casualty Ward                904 bytes
2026-08-21 10:52:03 [INFO] Fetched NRL Judiciary Report             862 bytes
2026-08-21 10:52:04 [INFO] Fetched NRL News                         798 bytes
2026-08-21 10:52:04 [INFO] Fetched Brisbane Broncos News            805 bytes
2026-08-21 10:52:05 [INFO] Fetched Canterbury-Bankstown Bulldogs News 806 bytes
2026-08-21 10:52:06 [INFO] Fetched Canberra Raiders News            805 bytes
2026-08-21 10:52:06 [INFO] Fetched Cronulla-Sutherland Sharks News  804 bytes
2026-08-21 10:52:07 [INFO] Fetched Dolphins News                    809 bytes
2026-08-21 10:52:07 [INFO] Fetched Gold Coast Titans News           804 bytes
2026-08-21 10:52:08 [INFO] Fetched Manly-Warringah Sea Eagles News  807 bytes
2026-08-21 10:52:09 [INFO] Fetched Melbourne Storm News             812 bytes
2026-08-21 10:52:09 [INFO] Fetched Newcastle Knights News           814 bytes
2026-08-21 10:52:10 [INFO] Fetched New Zealand Warriors News        804 bytes
2026-08-21 10:52:10 [INFO] Fetched North Queensland Cowboys News    805 bytes
2026-08-21 10:52:11 [INFO] Fetched Parramatta Eels News             807 bytes
2026-08-21 10:52:12 [INFO] Fetched Penrith Panthers News            813 bytes
2026-08-21 10:52:13 [INFO] Fetched South Sydney Rabbitohs News      180376 bytes
2026-08-21 10:52:13 [INFO] Fetched St. George Illawarra Dragons News 805 bytes
2026-08-21 10:52:14 [INFO] Fetched Sydney Roosters News             806 bytes
2026-08-21 10:52:15 [INFO] Fetched Wests Tigers News                809 bytes
2026-08-21 10:52:15 [INFO] Wrote 0 flags
2026-08-21 10:52:15 [INFO] JSON: /Users/elliotbladen/BetMate/data/nrl/news_flags/processed/2026/2026-08-21.json
2026-08-21 10:52:15 [INFO] CSV:  /Users/elliotbladen/BetMate/data/nrl/news_flags/processed/2026/2026-08-21.csv
2026-08-21 10:52:15 [INFO] News flags complete -- 0 total, 0 HIGH
[2026-08-21T10:52:15] AFL injuries
2026-08-21 10:52:15 [INFO] Targeting season=2026 round=23
2026-08-21 10:52:15 [INFO] Attempt 1/3 -- AFL injuries R23 2026
2026-08-21 10:52:17 [INFO] Parsed 163 player records across all teams
2026-08-21 10:52:17 [INFO] Wrote latest-injuries.json -- 163 records, round 23
[2026-08-21T10:52:17] Market event log
Wrote 662 events -> /Users/elliotbladen/BetMate/data/market_events/2026_events.csv
  injury: 662
AFL injury refresh pinned to prepared round 23
[2026-08-21T11:52:17] NRL injuries
2026-08-21 11:52:18 [INFO] Targeting season=2026 round=25
2026-08-21 11:52:18 [INFO] Attempt 1/3 -- Zero Tackle injuries R25 2026
2026-08-21 11:52:18 [INFO]   Brisbane Broncos                         5 injuries
2026-08-21 11:52:18 [INFO]   Canberra Raiders                         3 injuries
2026-08-21 11:52:19 [INFO]   Canterbury-Bankstown Bulldogs            3 injuries
2026-08-21 11:52:19 [INFO]   Cronulla-Sutherland Sharks               2 injuries
2026-08-21 11:52:19 [INFO]   Dolphins                                 2 injuries
2026-08-21 11:52:20 [INFO]   Gold Coast Titans                        6 injuries
2026-08-21 11:52:20 [INFO]   Manly-Warringah Sea Eagles               6 injuries
2026-08-21 11:52:20 [INFO]   Melbourne Storm                          6 injuries
2026-08-21 11:52:21 [INFO]   Newcastle Knights                        5 injuries
2026-08-21 11:52:21 [INFO]   New Zealand Warriors                     5 injuries
2026-08-21 11:52:21 [INFO]   North Queensland Cowboys                 2 injuries
2026-08-21 11:52:21 [INFO]   Parramatta Eels                          4 injuries
2026-08-21 11:52:22 [INFO]   Penrith Panthers                         3 injuries
2026-08-21 11:52:22 [INFO]   South Sydney Rabbitohs                   5 injuries
2026-08-21 11:52:22 [INFO]   St. George Illawarra Dragons             5 injuries
2026-08-21 11:52:22 [INFO]   Sydney Roosters                          3 injuries
2026-08-21 11:52:23 [INFO]   Wests Tigers                             5 injuries
2026-08-21 11:52:23 [INFO] Zero Tackle total: 70 records across 17 teams
2026-08-21 11:52:23 [INFO] Wrote latest-injuries.json -- 70 player records, round 25
2026-08-21 11:52:23 [INFO] Injuries scraped -- 70 records
[2026-08-21T11:52:23] NRL team news
Written /Users/elliotbladen/BetMate/data/nrl/team-news/latest.json
  Round 25 | Teams: 17 | Injuries: 70 | Suspensions preserved: 0
[2026-08-21T11:52:24] NRL market-moving news
2026-08-21 11:52:25 [INFO] Targeting season=2026 round=25
2026-08-21 11:52:25 [INFO] Fetched NRL Casualty Ward                904 bytes
2026-08-21 11:52:26 [INFO] Fetched NRL Judiciary Report             862 bytes
2026-08-21 11:52:27 [INFO] Fetched NRL News                         798 bytes
2026-08-21 11:52:27 [INFO] Fetched Brisbane Broncos News            805 bytes
2026-08-21 11:52:28 [INFO] Fetched Canterbury-Bankstown Bulldogs News 806 bytes
2026-08-21 11:52:29 [INFO] Fetched Canberra Raiders News            805 bytes
2026-08-21 11:52:29 [INFO] Fetched Cronulla-Sutherland Sharks News  804 bytes
2026-08-21 11:52:30 [INFO] Fetched Dolphins News                    809 bytes
2026-08-21 11:52:31 [INFO] Fetched Gold Coast Titans News           804 bytes
2026-08-21 11:52:31 [INFO] Fetched Manly-Warringah Sea Eagles News  807 bytes
2026-08-21 11:52:32 [INFO] Fetched Melbourne Storm News             812 bytes
2026-08-21 11:52:33 [INFO] Fetched Newcastle Knights News           814 bytes
2026-08-21 11:52:33 [INFO] Fetched New Zealand Warriors News        804 bytes
2026-08-21 11:52:34 [INFO] Fetched North Queensland Cowboys News    805 bytes
2026-08-21 11:52:35 [INFO] Fetched Parramatta Eels News             807 bytes
2026-08-21 11:52:35 [INFO] Fetched Penrith Panthers News            813 bytes
2026-08-21 11:52:36 [INFO] Fetched South Sydney Rabbitohs News      179826 bytes
2026-08-21 11:52:37 [INFO] Fetched St. George Illawarra Dragons News 805 bytes
2026-08-21 11:52:37 [INFO] Fetched Sydney Roosters News             806 bytes
2026-08-21 11:52:38 [INFO] Fetched Wests Tigers News                809 bytes
2026-08-21 11:52:38 [INFO] Wrote 0 flags
2026-08-21 11:52:38 [INFO] JSON: /Users/elliotbladen/BetMate/data/nrl/news_flags/processed/2026/2026-08-21.json
2026-08-21 11:52:38 [INFO] CSV:  /Users/elliotbladen/BetMate/data/nrl/news_flags/processed/2026/2026-08-21.csv
2026-08-21 11:52:38 [INFO] News flags complete -- 0 total, 0 HIGH
[2026-08-21T11:52:39] AFL injuries
2026-08-21 11:52:39 [INFO] Targeting season=2026 round=23
2026-08-21 11:52:39 [INFO] Attempt 1/3 -- AFL injuries R23 2026
2026-08-21 11:52:41 [INFO] Parsed 163 player records across all teams
2026-08-21 11:52:41 [INFO] Wrote latest-injuries.json -- 163 records, round 23
[2026-08-21T11:52:41] Market event log
Wrote 662 events -> /Users/elliotbladen/BetMate/data/market_events/2026_events.csv
  injury: 662
AFL injury refresh pinned to prepared round 23
[2026-08-21T12:52:41] NRL injuries
2026-08-21 12:52:42 [INFO] Targeting season=2026 round=25
2026-08-21 12:52:42 [INFO] Attempt 1/3 -- Zero Tackle injuries R25 2026
2026-08-21 12:52:42 [INFO]   Brisbane Broncos                         5 injuries
2026-08-21 12:52:42 [INFO]   Canberra Raiders                         3 injuries
2026-08-21 12:52:42 [INFO]   Canterbury-Bankstown Bulldogs            3 injuries
2026-08-21 12:52:42 [INFO]   Cronulla-Sutherland Sharks               2 injuries
2026-08-21 12:52:43 [INFO]   Dolphins                                 2 injuries
2026-08-21 12:52:43 [INFO]   Gold Coast Titans                        6 injuries
2026-08-21 12:52:43 [INFO]   Manly-Warringah Sea Eagles               6 injuries
2026-08-21 12:52:43 [INFO]   Melbourne Storm                          6 injuries
2026-08-21 12:52:43 [INFO]   Newcastle Knights                        5 injuries
2026-08-21 12:52:44 [INFO]   New Zealand Warriors                     5 injuries
2026-08-21 12:52:44 [INFO]   North Queensland Cowboys                 2 injuries
2026-08-21 12:52:44 [INFO]   Parramatta Eels                          4 injuries
2026-08-21 12:52:44 [INFO]   Penrith Panthers                         3 injuries
2026-08-21 12:52:44 [INFO]   South Sydney Rabbitohs                   5 injuries
2026-08-21 12:52:45 [INFO]   St. George Illawarra Dragons             5 injuries
2026-08-21 12:52:45 [INFO]   Sydney Roosters                          3 injuries
2026-08-21 12:52:45 [INFO]   Wests Tigers                             5 injuries
2026-08-21 12:52:45 [INFO] Zero Tackle total: 70 records across 17 teams
2026-08-21 12:52:45 [INFO] Wrote latest-injuries.json -- 70 player records, round 25
2026-08-21 12:52:45 [INFO] Injuries scraped -- 70 records
[2026-08-21T12:52:45] NRL team news
Written /Users/elliotbladen/BetMate/data/nrl/team-news/latest.json
  Round 25 | Teams: 17 | Injuries: 70 | Suspensions preserved: 0
[2026-08-21T12:52:47] NRL market-moving news
2026-08-21 12:52:47 [INFO] Targeting season=2026 round=25
2026-08-21 12:52:48 [INFO] Fetched NRL Casualty Ward                904 bytes
2026-08-21 12:52:48 [INFO] Fetched NRL Judiciary Report             862 bytes
2026-08-21 12:52:49 [INFO] Fetched NRL News                         798 bytes
2026-08-21 12:52:50 [INFO] Fetched Brisbane Broncos News            805 bytes
2026-08-21 12:52:50 [INFO] Fetched Canterbury-Bankstown Bulldogs News 806 bytes
2026-08-21 12:52:51 [INFO] Fetched Canberra Raiders News            805 bytes
2026-08-21 12:52:52 [INFO] Fetched Cronulla-Sutherland Sharks News  804 bytes
2026-08-21 12:52:52 [INFO] Fetched Dolphins News                    809 bytes
2026-08-21 12:52:53 [INFO] Fetched Gold Coast Titans News           804 bytes
2026-08-21 12:52:54 [INFO] Fetched Manly-Warringah Sea Eagles News  807 bytes
2026-08-21 12:52:54 [INFO] Fetched Melbourne Storm News             812 bytes
2026-08-21 12:52:55 [INFO] Fetched Newcastle Knights News           814 bytes
2026-08-21 12:52:55 [INFO] Fetched New Zealand Warriors News        804 bytes
2026-08-21 12:52:56 [INFO] Fetched North Queensland Cowboys News    805 bytes
2026-08-21 12:52:57 [INFO] Fetched Parramatta Eels News             807 bytes
2026-08-21 12:52:58 [INFO] Fetched Penrith Panthers News            813 bytes
2026-08-21 12:52:58 [INFO] Fetched South Sydney Rabbitohs News      179543 bytes
2026-08-21 12:52:59 [INFO] Fetched St. George Illawarra Dragons News 805 bytes
2026-08-21 12:53:00 [INFO] Fetched Sydney Roosters News             806 bytes
2026-08-21 12:53:00 [INFO] Fetched Wests Tigers News                809 bytes
2026-08-21 12:53:01 [INFO] Wrote 0 flags
2026-08-21 12:53:01 [INFO] JSON: /Users/elliotbladen/BetMate/data/nrl/news_flags/processed/2026/2026-08-21.json
2026-08-21 12:53:01 [INFO] CSV:  /Users/elliotbladen/BetMate/data/nrl/news_flags/processed/2026/2026-08-21.csv
2026-08-21 12:53:01 [INFO] News flags complete -- 0 total, 0 HIGH
[2026-08-21T12:53:01] AFL injuries
2026-08-21 12:53:01 [INFO] Targeting season=2026 round=23
2026-08-21 12:53:01 [INFO] Attempt 1/3 -- AFL injuries R23 2026
2026-08-21 12:53:02 [INFO] Parsed 163 player records across all teams
2026-08-21 12:53:02 [INFO] Wrote latest-injuries.json -- 163 records, round 23
[2026-08-21T12:53:02] Market event log
Wrote 662 events -> /Users/elliotbladen/BetMate/data/market_events/2026_events.csv
  injury: 662
AFL injury refresh pinned to prepared round 23
[2026-08-21T13:53:03] NRL injuries
2026-08-21 13:53:03 [INFO] Targeting season=2026 round=25
2026-08-21 13:53:03 [INFO] Attempt 1/3 -- Zero Tackle injuries R25 2026
2026-08-21 13:53:03 [INFO]   Brisbane Broncos                         5 injuries
2026-08-21 13:53:04 [INFO]   Canberra Raiders                         3 injuries
2026-08-21 13:53:04 [INFO]   Canterbury-Bankstown Bulldogs            3 injuries
2026-08-21 13:53:04 [INFO]   Cronulla-Sutherland Sharks               2 injuries
2026-08-21 13:53:04 [INFO]   Dolphins                                 2 injuries
2026-08-21 13:53:04 [INFO]   Gold Coast Titans                        6 injuries
2026-08-21 13:53:05 [INFO]   Manly-Warringah Sea Eagles               6 injuries
2026-08-21 13:53:05 [INFO]   Melbourne Storm                          6 injuries
2026-08-21 13:53:05 [INFO]   Newcastle Knights                        5 injuries
2026-08-21 13:53:05 [INFO]   New Zealand Warriors                     5 injuries
2026-08-21 13:53:05 [INFO]   North Queensland Cowboys                 2 injuries
2026-08-21 13:53:06 [INFO]   Parramatta Eels                          4 injuries
2026-08-21 13:53:06 [INFO]   Penrith Panthers                         3 injuries
2026-08-21 13:53:06 [INFO]   South Sydney Rabbitohs                   5 injuries
2026-08-21 13:53:06 [INFO]   St. George Illawarra Dragons             5 injuries
2026-08-21 13:53:07 [INFO]   Sydney Roosters                          3 injuries
2026-08-21 13:53:07 [INFO]   Wests Tigers                             5 injuries
2026-08-21 13:53:07 [INFO] Zero Tackle total: 70 records across 17 teams
2026-08-21 13:53:07 [INFO] Wrote latest-injuries.json -- 70 player records, round 25
2026-08-21 13:53:07 [INFO] Injuries scraped -- 70 records
[2026-08-21T13:53:07] NRL team news
Written /Users/elliotbladen/BetMate/data/nrl/team-news/latest.json
  Round 25 | Teams: 17 | Injuries: 70 | Suspensions preserved: 0
[2026-08-21T13:53:09] NRL market-moving news
2026-08-21 13:53:09 [INFO] Targeting season=2026 round=25
2026-08-21 13:53:09 [INFO] Fetched NRL Casualty Ward                904 bytes
2026-08-21 13:53:10 [INFO] Fetched NRL Judiciary Report             862 bytes
2026-08-21 13:53:11 [INFO] Fetched NRL News                         798 bytes
2026-08-21 13:53:12 [INFO] Fetched Brisbane Broncos News            805 bytes
2026-08-21 13:53:12 [INFO] Fetched Canterbury-Bankstown Bulldogs News 806 bytes
2026-08-21 13:53:13 [INFO] Fetched Canberra Raiders News            805 bytes
2026-08-21 13:53:14 [INFO] Fetched Cronulla-Sutherland Sharks News  804 bytes
2026-08-21 13:53:14 [INFO] Fetched Dolphins News                    809 bytes
2026-08-21 13:53:15 [INFO] Fetched Gold Coast Titans News           804 bytes
2026-08-21 13:53:16 [INFO] Fetched Manly-Warringah Sea Eagles News  807 bytes
2026-08-21 13:53:16 [INFO] Fetched Melbourne Storm News             812 bytes
2026-08-21 13:53:17 [INFO] Fetched Newcastle Knights News           814 bytes
2026-08-21 13:53:18 [INFO] Fetched New Zealand Warriors News        804 bytes
2026-08-21 13:53:18 [INFO] Fetched North Queensland Cowboys News    805 bytes
2026-08-21 13:53:19 [INFO] Fetched Parramatta Eels News             807 bytes
2026-08-21 13:53:20 [INFO] Fetched Penrith Panthers News            813 bytes
2026-08-21 13:53:20 [INFO] Fetched South Sydney Rabbitohs News      179391 bytes
2026-08-21 13:53:21 [INFO] Fetched St. George Illawarra Dragons News 805 bytes
2026-08-21 13:53:22 [INFO] Fetched Sydney Roosters News             806 bytes
2026-08-21 13:53:23 [INFO] Fetched Wests Tigers News                809 bytes
2026-08-21 13:53:23 [INFO] Wrote 0 flags
2026-08-21 13:53:23 [INFO] JSON: /Users/elliotbladen/BetMate/data/nrl/news_flags/processed/2026/2026-08-21.json
2026-08-21 13:53:23 [INFO] CSV:  /Users/elliotbladen/BetMate/data/nrl/news_flags/processed/2026/2026-08-21.csv
2026-08-21 13:53:23 [INFO] News flags complete -- 0 total, 0 HIGH
[2026-08-21T13:53:23] AFL injuries
2026-08-21 13:53:23 [INFO] Targeting season=2026 round=23
2026-08-21 13:53:23 [INFO] Attempt 1/3 -- AFL injuries R23 2026
2026-08-21 13:53:25 [INFO] Parsed 163 player records across all teams
2026-08-21 13:53:25 [INFO] Wrote latest-injuries.json -- 163 records, round 23
[2026-08-21T13:53:25] Market event log
Wrote 662 events -> /Users/elliotbladen/BetMate/data/market_events/2026_events.csv
  injury: 662
AFL injury refresh pinned to prepared round 23
[2026-08-21T14:53:25] NRL injuries
2026-08-21 14:53:26 [INFO] Targeting season=2026 round=25
2026-08-21 14:53:26 [INFO] Attempt 1/3 -- Zero Tackle injuries R25 2026
2026-08-21 14:53:26 [INFO]   Brisbane Broncos                         5 injuries
2026-08-21 14:53:26 [INFO]   Canberra Raiders                         3 injuries
2026-08-21 14:53:26 [INFO]   Canterbury-Bankstown Bulldogs            3 injuries
2026-08-21 14:53:26 [INFO]   Cronulla-Sutherland Sharks               2 injuries
2026-08-21 14:53:27 [INFO]   Dolphins                                 2 injuries
2026-08-21 14:53:27 [INFO]   Gold Coast Titans                        6 injuries
2026-08-21 14:53:27 [INFO]   Manly-Warringah Sea Eagles               6 injuries
2026-08-21 14:53:27 [INFO]   Melbourne Storm                          6 injuries
2026-08-21 14:53:27 [INFO]   Newcastle Knights                        5 injuries
2026-08-21 14:53:28 [INFO]   New Zealand Warriors                     5 injuries
2026-08-21 14:53:28 [INFO]   North Queensland Cowboys                 2 injuries
2026-08-21 14:53:28 [INFO]   Parramatta Eels                          4 injuries
2026-08-21 14:53:28 [INFO]   Penrith Panthers                         3 injuries
2026-08-21 14:53:28 [INFO]   South Sydney Rabbitohs                   5 injuries
2026-08-21 14:53:29 [INFO]   St. George Illawarra Dragons             5 injuries
2026-08-21 14:53:29 [INFO]   Sydney Roosters                          3 injuries
2026-08-21 14:53:29 [INFO]   Wests Tigers                             5 injuries
2026-08-21 14:53:29 [INFO] Zero Tackle total: 70 records across 17 teams
2026-08-21 14:53:29 [INFO] Wrote latest-injuries.json -- 70 player records, round 25
2026-08-21 14:53:29 [INFO] Injuries scraped -- 70 records
[2026-08-21T14:53:29] NRL team news
Written /Users/elliotbladen/BetMate/data/nrl/team-news/latest.json
  Round 25 | Teams: 17 | Injuries: 70 | Suspensions preserved: 0
[2026-08-21T14:53:31] NRL market-moving news
2026-08-21 14:53:31 [INFO] Targeting season=2026 round=25
2026-08-21 14:53:32 [INFO] Fetched NRL Casualty Ward                904 bytes
2026-08-21 14:53:32 [INFO] Fetched NRL Judiciary Report             862 bytes
2026-08-21 14:53:33 [INFO] Fetched NRL News                         798 bytes
2026-08-21 14:53:34 [INFO] Fetched Brisbane Broncos News            805 bytes
2026-08-21 14:53:34 [INFO] Fetched Canterbury-Bankstown Bulldogs News 806 bytes
2026-08-21 14:53:35 [INFO] Fetched Canberra Raiders News            805 bytes
2026-08-21 14:53:35 [INFO] Fetched Cronulla-Sutherland Sharks News  804 bytes
2026-08-21 14:53:36 [INFO] Fetched Dolphins News                    809 bytes
2026-08-21 14:53:37 [INFO] Fetched Gold Coast Titans News           804 bytes
2026-08-21 14:53:37 [INFO] Fetched Manly-Warringah Sea Eagles News  807 bytes
2026-08-21 14:53:38 [INFO] Fetched Melbourne Storm News             812 bytes
2026-08-21 14:53:38 [INFO] Fetched Newcastle Knights News           814 bytes
2026-08-21 14:53:39 [INFO] Fetched New Zealand Warriors News        804 bytes
2026-08-21 14:53:40 [INFO] Fetched North Queensland Cowboys News    805 bytes
2026-08-21 14:53:41 [INFO] Fetched Parramatta Eels News             807 bytes
2026-08-21 14:53:41 [INFO] Fetched Penrith Panthers News            813 bytes
2026-08-21 14:53:42 [INFO] Fetched South Sydney Rabbitohs News      179060 bytes
2026-08-21 14:53:43 [INFO] Fetched St. George Illawarra Dragons News 805 bytes
2026-08-21 14:53:44 [INFO] Fetched Sydney Roosters News             806 bytes
2026-08-21 14:53:45 [INFO] Fetched Wests Tigers News                809 bytes
2026-08-21 14:53:46 [INFO] Wrote 0 flags
2026-08-21 14:53:46 [INFO] JSON: /Users/elliotbladen/BetMate/data/nrl/news_flags/processed/2026/2026-08-21.json
2026-08-21 14:53:46 [INFO] CSV:  /Users/elliotbladen/BetMate/data/nrl/news_flags/processed/2026/2026-08-21.csv
2026-08-21 14:53:46 [INFO] News flags complete -- 0 total, 0 HIGH
[2026-08-21T14:53:46] AFL injuries
2026-08-21 14:53:46 [INFO] Targeting season=2026 round=23
2026-08-21 14:53:46 [INFO] Attempt 1/3 -- AFL injuries R23 2026
2026-08-21 14:53:47 [INFO] Parsed 163 player records across all teams
2026-08-21 14:53:47 [INFO] Wrote latest-injuries.json -- 163 records, round 23
[2026-08-21T14:53:47] Market event log
Wrote 662 events -> /Users/elliotbladen/BetMate/data/market_events/2026_events.csv
  injury: 662
AFL injury refresh pinned to prepared round 23
[2026-08-21T15:53:48] NRL injuries
2026-08-21 15:53:48 [INFO] Targeting season=2026 round=25
2026-08-21 15:53:48 [INFO] Attempt 1/3 -- Zero Tackle injuries R25 2026
2026-08-21 15:53:48 [INFO]   Brisbane Broncos                         5 injuries
2026-08-21 15:53:49 [INFO]   Canberra Raiders                         3 injuries
2026-08-21 15:53:49 [INFO]   Canterbury-Bankstown Bulldogs            3 injuries
2026-08-21 15:53:49 [INFO]   Cronulla-Sutherland Sharks               2 injuries
2026-08-21 15:53:49 [INFO]   Dolphins                                 2 injuries
2026-08-21 15:53:49 [INFO]   Gold Coast Titans                        6 injuries
2026-08-21 15:53:50 [INFO]   Manly-Warringah Sea Eagles               6 injuries
2026-08-21 15:53:50 [INFO]   Melbourne Storm                          6 injuries
2026-08-21 15:53:50 [INFO]   Newcastle Knights                        5 injuries
2026-08-21 15:53:50 [INFO]   New Zealand Warriors                     5 injuries
2026-08-21 15:53:50 [INFO]   North Queensland Cowboys                 2 injuries
2026-08-21 15:53:51 [INFO]   Parramatta Eels                          4 injuries
2026-08-21 15:53:51 [INFO]   Penrith Panthers                         3 injuries
2026-08-21 15:53:51 [INFO]   South Sydney Rabbitohs                   5 injuries
2026-08-21 15:53:51 [INFO]   St. George Illawarra Dragons             5 injuries
2026-08-21 15:53:51 [INFO]   Sydney Roosters                          3 injuries
2026-08-21 15:53:52 [INFO]   Wests Tigers                             5 injuries
2026-08-21 15:53:52 [INFO] Zero Tackle total: 70 records across 17 teams
2026-08-21 15:53:52 [INFO] Wrote latest-injuries.json -- 70 player records, round 25
2026-08-21 15:53:52 [INFO] Injuries scraped -- 70 records
[2026-08-21T15:53:52] NRL team news
Written /Users/elliotbladen/BetMate/data/nrl/team-news/latest.json
  Round 25 | Teams: 17 | Injuries: 70 | Suspensions preserved: 0
[2026-08-21T15:53:53] NRL market-moving news
2026-08-21 15:53:54 [INFO] Targeting season=2026 round=25
2026-08-21 15:53:54 [INFO] Fetched NRL Casualty Ward                904 bytes
2026-08-21 15:53:54 [INFO] Fetched NRL Judiciary Report             862 bytes
2026-08-21 15:53:55 [INFO] Fetched NRL News                         798 bytes
2026-08-21 15:53:56 [INFO] Fetched Brisbane Broncos News            805 bytes
2026-08-21 15:53:56 [INFO] Fetched Canterbury-Bankstown Bulldogs News 806 bytes
2026-08-21 15:53:57 [INFO] Fetched Canberra Raiders News            805 bytes
2026-08-21 15:53:58 [INFO] Fetched Cronulla-Sutherland Sharks News  804 bytes
2026-08-21 15:53:58 [INFO] Fetched Dolphins News                    809 bytes
2026-08-21 15:53:59 [INFO] Fetched Gold Coast Titans News           804 bytes
2026-08-21 15:54:00 [INFO] Fetched Manly-Warringah Sea Eagles News  807 bytes
2026-08-21 15:54:00 [INFO] Fetched Melbourne Storm News             812 bytes
2026-08-21 15:54:01 [INFO] Fetched Newcastle Knights News           814 bytes
2026-08-21 15:54:01 [INFO] Fetched New Zealand Warriors News        804 bytes
2026-08-21 15:54:02 [INFO] Fetched North Queensland Cowboys News    805 bytes
2026-08-21 15:54:03 [INFO] Fetched Parramatta Eels News             807 bytes
2026-08-21 15:54:03 [INFO] Fetched Penrith Panthers News            813 bytes
2026-08-21 15:54:04 [INFO] Fetched South Sydney Rabbitohs News      179060 bytes
2026-08-21 15:54:05 [INFO] Fetched St. George Illawarra Dragons News 805 bytes
2026-08-21 15:54:05 [INFO] Fetched Sydney Roosters News             806 bytes
2026-08-21 15:54:06 [INFO] Fetched Wests Tigers News                809 bytes
2026-08-21 15:54:06 [INFO] Wrote 0 flags
2026-08-21 15:54:06 [INFO] JSON: /Users/elliotbladen/BetMate/data/nrl/news_flags/processed/2026/2026-08-21.json
2026-08-21 15:54:06 [INFO] CSV:  /Users/elliotbladen/BetMate/data/nrl/news_flags/processed/2026/2026-08-21.csv
2026-08-21 15:54:06 [INFO] News flags complete -- 0 total, 0 HIGH
[2026-08-21T15:54:07] AFL injuries
2026-08-21 15:54:07 [INFO] Targeting season=2026 round=23
2026-08-21 15:54:07 [INFO] Attempt 1/3 -- AFL injuries R23 2026
2026-08-21 15:54:08 [INFO] Parsed 163 player records across all teams
2026-08-21 15:54:08 [INFO] Wrote latest-injuries.json -- 163 records, round 23
[2026-08-21T15:54:08] Market event log
Wrote 662 events -> /Users/elliotbladen/BetMate/data/market_events/2026_events.csv
  injury: 662
AFL injury refresh pinned to prepared round 23
[2026-08-21T16:54:08] NRL injuries
2026-08-21 16:54:09 [INFO] Targeting season=2026 round=25
2026-08-21 16:54:09 [INFO] Attempt 1/3 -- Zero Tackle injuries R25 2026
2026-08-21 16:54:10 [INFO]   Brisbane Broncos                         5 injuries
2026-08-21 16:54:10 [INFO]   Canberra Raiders                         3 injuries
2026-08-21 16:54:10 [INFO]   Canterbury-Bankstown Bulldogs            3 injuries
2026-08-21 16:54:11 [INFO]   Cronulla-Sutherland Sharks               2 injuries
2026-08-21 16:54:11 [INFO]   Dolphins                                 2 injuries
2026-08-21 16:54:12 [INFO]   Gold Coast Titans                        6 injuries
2026-08-21 16:54:12 [INFO]   Manly-Warringah Sea Eagles               6 injuries
2026-08-21 16:54:12 [INFO]   Melbourne Storm                          6 injuries
2026-08-21 16:54:13 [INFO]   Newcastle Knights                        5 injuries
2026-08-21 16:54:13 [INFO]   New Zealand Warriors                     5 injuries
2026-08-21 16:54:14 [INFO]   North Queensland Cowboys                 2 injuries
2026-08-21 16:54:14 [INFO]   Parramatta Eels                          4 injuries
2026-08-21 16:54:14 [INFO]   Penrith Panthers                         3 injuries
2026-08-21 16:54:15 [INFO]   South Sydney Rabbitohs                   5 injuries
2026-08-21 16:54:15 [INFO]   St. George Illawarra Dragons             5 injuries
2026-08-21 16:54:16 [INFO]   Sydney Roosters                          3 injuries
2026-08-21 16:54:16 [INFO]   Wests Tigers                             5 injuries
2026-08-21 16:54:16 [INFO] Zero Tackle total: 70 records across 17 teams
2026-08-21 16:54:16 [INFO] Wrote latest-injuries.json -- 70 player records, round 25
2026-08-21 16:54:16 [INFO] Injuries scraped -- 70 records
[2026-08-21T16:54:16] NRL team news
Written /Users/elliotbladen/BetMate/data/nrl/team-news/latest.json
  Round 25 | Teams: 17 | Injuries: 70 | Suspensions preserved: 0
[2026-08-21T16:54:18] NRL market-moving news
2026-08-21 16:54:19 [INFO] Targeting season=2026 round=25
2026-08-21 16:54:20 [INFO] Fetched NRL Casualty Ward                904 bytes
2026-08-21 16:54:20 [INFO] Fetched NRL Judiciary Report             862 bytes
2026-08-21 16:54:21 [INFO] Fetched NRL News                         798 bytes
2026-08-21 16:54:22 [INFO] Fetched Brisbane Broncos News            805 bytes
2026-08-21 16:54:22 [INFO] Fetched Canterbury-Bankstown Bulldogs News 806 bytes
2026-08-21 16:54:23 [INFO] Fetched Canberra Raiders News            805 bytes
2026-08-21 16:54:24 [INFO] Fetched Cronulla-Sutherland Sharks News  804 bytes
2026-08-21 16:54:24 [INFO] Fetched Dolphins News                    809 bytes
2026-08-21 16:54:25 [INFO] Fetched Gold Coast Titans News           804 bytes
2026-08-21 16:54:26 [INFO] Fetched Manly-Warringah Sea Eagles News  807 bytes
2026-08-21 16:54:27 [INFO] Fetched Melbourne Storm News             812 bytes
2026-08-21 16:54:27 [INFO] Fetched Newcastle Knights News           814 bytes
2026-08-21 16:54:28 [INFO] Fetched New Zealand Warriors News        804 bytes
2026-08-21 16:54:29 [INFO] Fetched North Queensland Cowboys News    805 bytes
2026-08-21 16:54:29 [INFO] Fetched Parramatta Eels News             807 bytes
2026-08-21 16:54:30 [INFO] Fetched Penrith Panthers News            813 bytes
2026-08-21 16:54:30 [INFO] Fetched South Sydney Rabbitohs News      178981 bytes
2026-08-21 16:54:31 [INFO] Fetched St. George Illawarra Dragons News 805 bytes
2026-08-21 16:54:32 [INFO] Fetched Sydney Roosters News             806 bytes
2026-08-21 16:54:33 [INFO] Fetched Wests Tigers News                809 bytes
2026-08-21 16:54:33 [INFO] Wrote 0 flags
2026-08-21 16:54:33 [INFO] JSON: /Users/elliotbladen/BetMate/data/nrl/news_flags/processed/2026/2026-08-21.json
2026-08-21 16:54:33 [INFO] CSV:  /Users/elliotbladen/BetMate/data/nrl/news_flags/processed/2026/2026-08-21.csv
2026-08-21 16:54:33 [INFO] News flags complete -- 0 total, 0 HIGH
[2026-08-21T16:54:33] AFL injuries
2026-08-21 16:54:34 [INFO] Targeting season=2026 round=23
2026-08-21 16:54:34 [INFO] Attempt 1/3 -- AFL injuries R23 2026
2026-08-21 16:54:35 [INFO] Parsed 163 player records across all teams
2026-08-21 16:54:35 [INFO] Wrote latest-injuries.json -- 163 records, round 23
[2026-08-21T16:54:35] Market event log
Wrote 662 events -> /Users/elliotbladen/BetMate/data/market_events/2026_events.csv
  injury: 662
AFL injury refresh pinned to prepared round 23
[2026-08-21T17:54:35] NRL injuries
2026-08-21 17:54:36 [INFO] Targeting season=2026 round=25
2026-08-21 17:54:36 [INFO] Attempt 1/3 -- Zero Tackle injuries R25 2026
2026-08-21 17:54:36 [INFO]   Brisbane Broncos                         5 injuries
2026-08-21 17:54:36 [INFO]   Canberra Raiders                         3 injuries
2026-08-21 17:54:37 [INFO]   Canterbury-Bankstown Bulldogs            3 injuries
2026-08-21 17:54:38 [INFO]   Cronulla-Sutherland Sharks               2 injuries
2026-08-21 17:54:40 [INFO]   Dolphins                                 2 injuries
2026-08-21 17:54:40 [INFO]   Gold Coast Titans                        6 injuries
2026-08-21 17:54:40 [INFO]   Manly-Warringah Sea Eagles               6 injuries
2026-08-21 17:54:40 [INFO]   Melbourne Storm                          6 injuries
2026-08-21 17:54:41 [INFO]   Newcastle Knights                        5 injuries
2026-08-21 17:54:42 [INFO]   New Zealand Warriors                     5 injuries
2026-08-21 17:54:43 [INFO]   North Queensland Cowboys                 2 injuries
2026-08-21 17:54:44 [INFO]   Parramatta Eels                          4 injuries
2026-08-21 17:54:44 [INFO]   Penrith Panthers                         3 injuries
2026-08-21 17:54:45 [INFO]   South Sydney Rabbitohs                   6 injuries
2026-08-21 17:54:45 [INFO]   St. George Illawarra Dragons             5 injuries
2026-08-21 17:54:45 [INFO]   Sydney Roosters                          3 injuries
2026-08-21 17:54:45 [INFO]   Wests Tigers                             5 injuries
2026-08-21 17:54:45 [INFO] Zero Tackle total: 71 records across 17 teams
2026-08-21 17:54:45 [INFO] Wrote latest-injuries.json -- 71 player records, round 25
2026-08-21 17:54:45 [INFO] Injuries scraped -- 71 records
[2026-08-21T17:54:45] NRL team news
Written /Users/elliotbladen/BetMate/data/nrl/team-news/latest.json
  Round 25 | Teams: 17 | Injuries: 71 | Suspensions preserved: 0
[2026-08-21T17:54:47] NRL market-moving news
2026-08-21 17:54:48 [INFO] Targeting season=2026 round=25
2026-08-21 17:54:48 [INFO] Fetched NRL Casualty Ward                904 bytes
2026-08-21 17:54:49 [INFO] Fetched NRL Judiciary Report             862 bytes
2026-08-21 17:54:49 [INFO] Fetched NRL News                         798 bytes
2026-08-21 17:54:50 [INFO] Fetched Brisbane Broncos News            805 bytes
2026-08-21 17:54:51 [INFO] Fetched Canterbury-Bankstown Bulldogs News 806 bytes
2026-08-21 17:54:51 [INFO] Fetched Canberra Raiders News            805 bytes
2026-08-21 17:54:52 [INFO] Fetched Cronulla-Sutherland Sharks News  804 bytes
2026-08-21 17:54:53 [INFO] Fetched Dolphins News                    809 bytes
2026-08-21 17:54:53 [INFO] Fetched Gold Coast Titans News           804 bytes
2026-08-21 17:54:54 [INFO] Fetched Manly-Warringah Sea Eagles News  807 bytes
2026-08-21 17:54:54 [INFO] Fetched Melbourne Storm News             812 bytes
2026-08-21 17:54:55 [INFO] Fetched Newcastle Knights News           814 bytes
2026-08-21 17:54:56 [INFO] Fetched New Zealand Warriors News        804 bytes
2026-08-21 17:54:56 [INFO] Fetched North Queensland Cowboys News    805 bytes
2026-08-21 17:54:57 [INFO] Fetched Parramatta Eels News             807 bytes
2026-08-21 17:54:58 [INFO] Fetched Penrith Panthers News            813 bytes
2026-08-21 17:54:58 [INFO] Fetched South Sydney Rabbitohs News      179077 bytes
2026-08-21 17:54:59 [INFO] Fetched St. George Illawarra Dragons News 805 bytes
2026-08-21 17:55:00 [INFO] Fetched Sydney Roosters News             806 bytes
2026-08-21 17:55:00 [INFO] Fetched Wests Tigers News                809 bytes
2026-08-21 17:55:01 [INFO] Wrote 0 flags
2026-08-21 17:55:01 [INFO] JSON: /Users/elliotbladen/BetMate/data/nrl/news_flags/processed/2026/2026-08-21.json
2026-08-21 17:55:01 [INFO] CSV:  /Users/elliotbladen/BetMate/data/nrl/news_flags/processed/2026/2026-08-21.csv
2026-08-21 17:55:01 [INFO] News flags complete -- 0 total, 0 HIGH
[2026-08-21T17:55:01] AFL injuries
2026-08-21 17:55:01 [INFO] Targeting season=2026 round=23
2026-08-21 17:55:01 [INFO] Attempt 1/3 -- AFL injuries R23 2026
2026-08-21 17:55:02 [INFO] Parsed 163 player records across all teams
2026-08-21 17:55:02 [INFO] Wrote latest-injuries.json -- 163 records, round 23
[2026-08-21T17:55:02] Market event log
Wrote 663 events -> /Users/elliotbladen/BetMate/data/market_events/2026_events.csv
  injury: 663
AFL injury refresh pinned to prepared round 23
[2026-08-21T18:55:03] NRL injuries
2026-08-21 18:55:03 [INFO] Targeting season=2026 round=25
2026-08-21 18:55:03 [INFO] Attempt 1/3 -- Zero Tackle injuries R25 2026
2026-08-21 18:55:03 [INFO]   Brisbane Broncos                         5 injuries
2026-08-21 18:55:03 [INFO]   Canberra Raiders                         3 injuries
2026-08-21 18:55:04 [INFO]   Canterbury-Bankstown Bulldogs            3 injuries
2026-08-21 18:55:04 [INFO]   Cronulla-Sutherland Sharks               2 injuries
2026-08-21 18:55:04 [INFO]   Dolphins                                 2 injuries
2026-08-21 18:55:04 [INFO]   Gold Coast Titans                        6 injuries
2026-08-21 18:55:05 [INFO]   Manly-Warringah Sea Eagles               6 injuries
2026-08-21 18:55:05 [INFO]   Melbourne Storm                          6 injuries
2026-08-21 18:55:09 [INFO]   Newcastle Knights                        5 injuries
2026-08-21 18:55:12 [INFO]   New Zealand Warriors                     5 injuries
2026-08-21 18:55:14 [INFO]   North Queensland Cowboys                 2 injuries
2026-08-21 18:55:14 [INFO]   Parramatta Eels                          4 injuries
2026-08-21 18:55:16 [INFO]   Penrith Panthers                         3 injuries
2026-08-21 18:55:18 [INFO]   South Sydney Rabbitohs                   6 injuries
2026-08-21 18:55:18 [INFO]   St. George Illawarra Dragons             5 injuries
2026-08-21 18:55:19 [INFO]   Sydney Roosters                          3 injuries
2026-08-21 18:55:21 [INFO]   Wests Tigers                             5 injuries
2026-08-21 18:55:21 [INFO] Zero Tackle total: 71 records across 17 teams
2026-08-21 18:55:21 [INFO] Wrote latest-injuries.json -- 71 player records, round 25
2026-08-21 18:55:21 [INFO] Injuries scraped -- 71 records
[2026-08-21T18:55:21] NRL team news
Written /Users/elliotbladen/BetMate/data/nrl/team-news/latest.json
  Round 25 | Teams: 17 | Injuries: 71 | Suspensions preserved: 0
[2026-08-21T18:55:22] NRL market-moving news
2026-08-21 18:55:23 [INFO] Targeting season=2026 round=25
2026-08-21 18:55:23 [INFO] Fetched NRL Casualty Ward                904 bytes
2026-08-21 18:55:24 [INFO] Fetched NRL Judiciary Report             862 bytes
2026-08-21 18:55:24 [INFO] Fetched NRL News                         798 bytes
2026-08-21 18:55:25 [INFO] Fetched Brisbane Broncos News            805 bytes
2026-08-21 18:55:25 [INFO] Fetched Canterbury-Bankstown Bulldogs News 806 bytes
2026-08-21 18:55:26 [INFO] Fetched Canberra Raiders News            805 bytes
2026-08-21 18:55:27 [INFO] Fetched Cronulla-Sutherland Sharks News  804 bytes
2026-08-21 18:55:27 [INFO] Fetched Dolphins News                    809 bytes
2026-08-21 18:55:28 [INFO] Fetched Gold Coast Titans News           804 bytes
2026-08-21 18:55:28 [INFO] Fetched Manly-Warringah Sea Eagles News  807 bytes
2026-08-21 18:55:29 [INFO] Fetched Melbourne Storm News             812 bytes
2026-08-21 18:55:30 [INFO] Fetched Newcastle Knights News           814 bytes
2026-08-21 18:55:30 [INFO] Fetched New Zealand Warriors News        804 bytes
2026-08-21 18:55:31 [INFO] Fetched North Queensland Cowboys News    805 bytes
2026-08-21 18:55:31 [INFO] Fetched Parramatta Eels News             807 bytes
2026-08-21 18:55:32 [INFO] Fetched Penrith Panthers News            813 bytes
2026-08-21 18:55:33 [INFO] Fetched South Sydney Rabbitohs News      179073 bytes
2026-08-21 18:55:33 [INFO] Fetched St. George Illawarra Dragons News 805 bytes
2026-08-21 18:55:34 [INFO] Fetched Sydney Roosters News             806 bytes
2026-08-21 18:55:35 [INFO] Fetched Wests Tigers News                809 bytes
2026-08-21 18:55:35 [INFO] Wrote 0 flags
2026-08-21 18:55:35 [INFO] JSON: /Users/elliotbladen/BetMate/data/nrl/news_flags/processed/2026/2026-08-21.json
2026-08-21 18:55:35 [INFO] CSV:  /Users/elliotbladen/BetMate/data/nrl/news_flags/processed/2026/2026-08-21.csv
2026-08-21 18:55:35 [INFO] News flags complete -- 0 total, 0 HIGH
[2026-08-21T18:55:35] AFL injuries
2026-08-21 18:55:35 [INFO] Targeting season=2026 round=23
2026-08-21 18:55:35 [INFO] Attempt 1/3 -- AFL injuries R23 2026
2026-08-21 18:55:37 [INFO] Parsed 163 player records across all teams
2026-08-21 18:55:37 [INFO] Wrote latest-injuries.json -- 163 records, round 23
[2026-08-21T18:55:37] Market event log
Wrote 663 events -> /Users/elliotbladen/BetMate/data/market_events/2026_events.csv
  injury: 663
AFL injury refresh pinned to prepared round 23
[2026-08-22T09:45:49] NRL injuries
2026-08-22 09:45:50 [INFO] Targeting season=2026 round=25
2026-08-22 09:45:50 [INFO] Attempt 1/3 -- Zero Tackle injuries R25 2026
2026-08-22 09:45:50 [INFO]   Brisbane Broncos                         5 injuries
2026-08-22 09:45:51 [INFO]   Canberra Raiders                         4 injuries
2026-08-22 09:45:51 [INFO]   Canterbury-Bankstown Bulldogs            3 injuries
2026-08-22 09:45:52 [INFO]   Cronulla-Sutherland Sharks               2 injuries
2026-08-22 09:45:52 [INFO]   Dolphins                                 2 injuries
2026-08-22 09:45:53 [INFO]   Gold Coast Titans                        6 injuries
2026-08-22 09:45:53 [INFO]   Manly-Warringah Sea Eagles               6 injuries
2026-08-22 09:45:54 [INFO]   Melbourne Storm                          6 injuries
2026-08-22 09:45:54 [INFO]   Newcastle Knights                        5 injuries
2026-08-22 09:45:54 [INFO]   New Zealand Warriors                     5 injuries
2026-08-22 09:45:55 [INFO]   North Queensland Cowboys                 2 injuries
2026-08-22 09:45:55 [INFO]   Parramatta Eels                          5 injuries
2026-08-22 09:45:56 [INFO]   Penrith Panthers                         3 injuries
2026-08-22 09:45:56 [INFO]   South Sydney Rabbitohs                   6 injuries
2026-08-22 09:45:57 [INFO]   St. George Illawarra Dragons             5 injuries
2026-08-22 09:45:57 [INFO]   Sydney Roosters                          3 injuries
2026-08-22 09:45:58 [INFO]   Wests Tigers                             5 injuries
2026-08-22 09:45:58 [INFO] Zero Tackle total: 73 records across 17 teams
2026-08-22 09:45:58 [INFO] Wrote latest-injuries.json -- 73 player records, round 25
2026-08-22 09:45:58 [INFO] Injuries scraped -- 73 records
[2026-08-22T09:45:58] NRL team news
Written /Users/elliotbladen/BetMate/data/nrl/team-news/latest.json
  Round 25 | Teams: 17 | Injuries: 73 | Suspensions preserved: 0
[2026-08-22T09:46:00] NRL market-moving news
2026-08-22 09:46:01 [INFO] Targeting season=2026 round=25
2026-08-22 09:46:01 [INFO] Fetched NRL Casualty Ward                904 bytes
2026-08-22 09:46:02 [INFO] Fetched NRL Judiciary Report             862 bytes
2026-08-22 09:46:03 [INFO] Fetched NRL News                         798 bytes
2026-08-22 09:46:04 [INFO] Fetched Brisbane Broncos News            805 bytes
2026-08-22 09:46:05 [INFO] Fetched Canterbury-Bankstown Bulldogs News 806 bytes
2026-08-22 09:46:06 [INFO] Fetched Canberra Raiders News            805 bytes
2026-08-22 09:46:06 [INFO] Fetched Cronulla-Sutherland Sharks News  804 bytes
2026-08-22 09:46:07 [INFO] Fetched Dolphins News                    809 bytes
2026-08-22 09:46:08 [INFO] Fetched Gold Coast Titans News           804 bytes
2026-08-22 09:46:09 [INFO] Fetched Manly-Warringah Sea Eagles News  807 bytes
2026-08-22 09:46:10 [INFO] Fetched Melbourne Storm News             812 bytes
2026-08-22 09:46:11 [INFO] Fetched Newcastle Knights News           814 bytes
2026-08-22 09:46:12 [INFO] Fetched New Zealand Warriors News        804 bytes
2026-08-22 09:46:12 [INFO] Fetched North Queensland Cowboys News    805 bytes
2026-08-22 09:46:13 [INFO] Fetched Parramatta Eels News             807 bytes
2026-08-22 09:46:14 [INFO] Fetched Penrith Panthers News            813 bytes
2026-08-22 09:46:15 [INFO] Fetched South Sydney Rabbitohs News      178770 bytes
2026-08-22 09:46:16 [INFO] Fetched St. George Illawarra Dragons News 805 bytes
2026-08-22 09:46:17 [INFO] Fetched Sydney Roosters News             806 bytes
2026-08-22 09:46:18 [INFO] Fetched Wests Tigers News                809 bytes
2026-08-22 09:46:18 [INFO] Wrote 0 flags
2026-08-22 09:46:18 [INFO] JSON: /Users/elliotbladen/BetMate/data/nrl/news_flags/processed/2026/2026-08-22.json
2026-08-22 09:46:18 [INFO] CSV:  /Users/elliotbladen/BetMate/data/nrl/news_flags/processed/2026/2026-08-22.csv
2026-08-22 09:46:18 [INFO] News flags complete -- 0 total, 0 HIGH
[2026-08-22T09:46:19] AFL injuries
2026-08-22 09:46:19 [INFO] Targeting season=2026 round=23
2026-08-22 09:46:19 [INFO] Attempt 1/3 -- AFL injuries R23 2026
2026-08-22 09:46:21 [INFO] Parsed 161 player records across all teams
2026-08-22 09:46:21 [INFO] Wrote latest-injuries.json -- 161 records, round 23
[2026-08-22T09:46:21] Market event log
Wrote 663 events -> /Users/elliotbladen/BetMate/data/market_events/2026_events.csv
  injury: 663
AFL injury refresh pinned to prepared round 23
[2026-08-22T10:46:22] NRL injuries
2026-08-22 10:46:22 [INFO] Targeting season=2026 round=25
2026-08-22 10:46:22 [INFO] Attempt 1/3 -- Zero Tackle injuries R25 2026
2026-08-22 10:46:22 [INFO]   Brisbane Broncos                         5 injuries
2026-08-22 10:46:22 [INFO]   Canberra Raiders                         4 injuries
2026-08-22 10:46:23 [INFO]   Canterbury-Bankstown Bulldogs            3 injuries
2026-08-22 10:46:23 [INFO]   Cronulla-Sutherland Sharks               2 injuries
2026-08-22 10:46:23 [INFO]   Dolphins                                 2 injuries
2026-08-22 10:46:23 [INFO]   Gold Coast Titans                        6 injuries
2026-08-22 10:46:23 [INFO]   Manly-Warringah Sea Eagles               6 injuries
2026-08-22 10:46:24 [INFO]   Melbourne Storm                          6 injuries
2026-08-22 10:46:24 [INFO]   Newcastle Knights                        5 injuries
2026-08-22 10:46:24 [INFO]   New Zealand Warriors                     5 injuries
2026-08-22 10:46:24 [INFO]   North Queensland Cowboys                 2 injuries
2026-08-22 10:46:24 [INFO]   Parramatta Eels                          5 injuries
2026-08-22 10:46:25 [INFO]   Penrith Panthers                         3 injuries
2026-08-22 10:46:25 [INFO]   South Sydney Rabbitohs                   6 injuries
2026-08-22 10:46:25 [INFO]   St. George Illawarra Dragons             5 injuries
2026-08-22 10:46:25 [INFO]   Sydney Roosters                          3 injuries
2026-08-22 10:46:25 [INFO]   Wests Tigers                             5 injuries
2026-08-22 10:46:25 [INFO] Zero Tackle total: 73 records across 17 teams
2026-08-22 10:46:25 [INFO] Wrote latest-injuries.json -- 73 player records, round 25
2026-08-22 10:46:25 [INFO] Injuries scraped -- 73 records
[2026-08-22T10:46:26] NRL team news
Written /Users/elliotbladen/BetMate/data/nrl/team-news/latest.json
  Round 25 | Teams: 17 | Injuries: 73 | Suspensions preserved: 0
[2026-08-22T10:46:26] NRL market-moving news
2026-08-22 10:46:27 [INFO] Targeting season=2026 round=25
2026-08-22 10:46:27 [INFO] Fetched NRL Casualty Ward                904 bytes
2026-08-22 10:46:28 [INFO] Fetched NRL Judiciary Report             862 bytes
2026-08-22 10:46:28 [INFO] Fetched NRL News                         798 bytes
2026-08-22 10:46:29 [INFO] Fetched Brisbane Broncos News            805 bytes
2026-08-22 10:46:30 [INFO] Fetched Canterbury-Bankstown Bulldogs News 806 bytes
2026-08-22 10:46:30 [INFO] Fetched Canberra Raiders News            805 bytes
2026-08-22 10:46:31 [INFO] Fetched Cronulla-Sutherland Sharks News  804 bytes
2026-08-22 10:46:32 [INFO] Fetched Dolphins News                    809 bytes
2026-08-22 10:46:32 [INFO] Fetched Gold Coast Titans News           804 bytes
2026-08-22 10:46:33 [INFO] Fetched Manly-Warringah Sea Eagles News  807 bytes
2026-08-22 10:46:33 [INFO] Fetched Melbourne Storm News             812 bytes
2026-08-22 10:46:34 [INFO] Fetched Newcastle Knights News           814 bytes
2026-08-22 10:46:35 [INFO] Fetched New Zealand Warriors News        804 bytes
2026-08-22 10:46:35 [INFO] Fetched North Queensland Cowboys News    805 bytes
2026-08-22 10:46:36 [INFO] Fetched Parramatta Eels News             807 bytes
2026-08-22 10:46:36 [INFO] Fetched Penrith Panthers News            813 bytes
2026-08-22 10:46:37 [INFO] Fetched South Sydney Rabbitohs News      178770 bytes
2026-08-22 10:46:38 [INFO] Fetched St. George Illawarra Dragons News 805 bytes
2026-08-22 10:46:39 [INFO] Fetched Sydney Roosters News             806 bytes
2026-08-22 10:46:39 [INFO] Fetched Wests Tigers News                809 bytes
2026-08-22 10:46:40 [INFO] Wrote 0 flags
2026-08-22 10:46:40 [INFO] JSON: /Users/elliotbladen/BetMate/data/nrl/news_flags/processed/2026/2026-08-22.json
2026-08-22 10:46:40 [INFO] CSV:  /Users/elliotbladen/BetMate/data/nrl/news_flags/processed/2026/2026-08-22.csv
2026-08-22 10:46:40 [INFO] News flags complete -- 0 total, 0 HIGH
[2026-08-22T10:46:40] AFL injuries
2026-08-22 10:46:40 [INFO] Targeting season=2026 round=23
2026-08-22 10:46:40 [INFO] Attempt 1/3 -- AFL injuries R23 2026
2026-08-22 10:46:41 [INFO] Parsed 161 player records across all teams
2026-08-22 10:46:41 [INFO] Wrote latest-injuries.json -- 161 records, round 23
[2026-08-22T10:46:41] Market event log
Wrote 663 events -> /Users/elliotbladen/BetMate/data/market_events/2026_events.csv
  injury: 663
AFL injury refresh pinned to prepared round 23
[2026-08-22T11:46:42] NRL injuries
2026-08-22 11:46:42 [INFO] Targeting season=2026 round=25
2026-08-22 11:46:42 [INFO] Attempt 1/3 -- Zero Tackle injuries R25 2026
2026-08-22 11:46:42 [INFO]   Brisbane Broncos                         5 injuries
2026-08-22 11:46:42 [INFO]   Canberra Raiders                         4 injuries
2026-08-22 11:46:43 [INFO]   Canterbury-Bankstown Bulldogs            3 injuries
2026-08-22 11:46:43 [INFO]   Cronulla-Sutherland Sharks               2 injuries
2026-08-22 11:46:43 [INFO]   Dolphins                                 2 injuries
2026-08-22 11:46:43 [INFO]   Gold Coast Titans                        6 injuries
2026-08-22 11:46:43 [INFO]   Manly-Warringah Sea Eagles               6 injuries
2026-08-22 11:46:43 [INFO]   Melbourne Storm                          6 injuries
2026-08-22 11:46:44 [INFO]   Newcastle Knights                        5 injuries
2026-08-22 11:46:44 [INFO]   New Zealand Warriors                     5 injuries
2026-08-22 11:46:44 [INFO]   North Queensland Cowboys                 2 injuries
2026-08-22 11:46:44 [INFO]   Parramatta Eels                          5 injuries
2026-08-22 11:46:44 [INFO]   Penrith Panthers                         3 injuries
2026-08-22 11:46:45 [INFO]   South Sydney Rabbitohs                   6 injuries
2026-08-22 11:46:45 [INFO]   St. George Illawarra Dragons             5 injuries
2026-08-22 11:46:45 [INFO]   Sydney Roosters                          3 injuries
2026-08-22 11:46:45 [INFO]   Wests Tigers                             5 injuries
2026-08-22 11:46:45 [INFO] Zero Tackle total: 73 records across 17 teams
2026-08-22 11:46:45 [INFO] Wrote latest-injuries.json -- 73 player records, round 25
2026-08-22 11:46:45 [INFO] Injuries scraped -- 73 records
[2026-08-22T11:46:45] NRL team news
Written /Users/elliotbladen/BetMate/data/nrl/team-news/latest.json
  Round 25 | Teams: 17 | Injuries: 73 | Suspensions preserved: 0
[2026-08-22T11:46:46] NRL market-moving news
2026-08-22 11:46:47 [INFO] Targeting season=2026 round=25
2026-08-22 11:46:47 [INFO] Fetched NRL Casualty Ward                904 bytes
2026-08-22 11:46:47 [INFO] Fetched NRL Judiciary Report             862 bytes
2026-08-22 11:46:48 [INFO] Fetched NRL News                         798 bytes
2026-08-22 11:46:49 [INFO] Fetched Brisbane Broncos News            805 bytes
2026-08-22 11:46:49 [INFO] Fetched Canterbury-Bankstown Bulldogs News 806 bytes
2026-08-22 11:46:50 [INFO] Fetched Canberra Raiders News            805 bytes
2026-08-22 11:46:51 [INFO] Fetched Cronulla-Sutherland Sharks News  804 bytes
2026-08-22 11:46:51 [INFO] Fetched Dolphins News                    809 bytes
2026-08-22 11:46:52 [INFO] Fetched Gold Coast Titans News           804 bytes
2026-08-22 11:46:53 [INFO] Fetched Manly-Warringah Sea Eagles News  807 bytes
2026-08-22 11:46:54 [INFO] Fetched Melbourne Storm News             812 bytes
2026-08-22 11:46:54 [INFO] Fetched Newcastle Knights News           814 bytes
2026-08-22 11:46:55 [INFO] Fetched New Zealand Warriors News        804 bytes
2026-08-22 11:46:55 [INFO] Fetched North Queensland Cowboys News    805 bytes
2026-08-22 11:46:56 [INFO] Fetched Parramatta Eels News             807 bytes
2026-08-22 11:46:57 [INFO] Fetched Penrith Panthers News            813 bytes
2026-08-22 11:46:57 [INFO] Fetched South Sydney Rabbitohs News      178767 bytes
2026-08-22 11:46:58 [INFO] Fetched St. George Illawarra Dragons News 805 bytes
2026-08-22 11:46:59 [INFO] Fetched Sydney Roosters News             806 bytes
2026-08-22 11:46:59 [INFO] Fetched Wests Tigers News                809 bytes
2026-08-22 11:47:00 [INFO] Wrote 0 flags
2026-08-22 11:47:00 [INFO] JSON: /Users/elliotbladen/BetMate/data/nrl/news_flags/processed/2026/2026-08-22.json
2026-08-22 11:47:00 [INFO] CSV:  /Users/elliotbladen/BetMate/data/nrl/news_flags/processed/2026/2026-08-22.csv
2026-08-22 11:47:00 [INFO] News flags complete -- 0 total, 0 HIGH
[2026-08-22T11:47:00] AFL injuries
2026-08-22 11:47:00 [INFO] Targeting season=2026 round=23
2026-08-22 11:47:00 [INFO] Attempt 1/3 -- AFL injuries R23 2026
2026-08-22 11:47:01 [INFO] Parsed 161 player records across all teams
2026-08-22 11:47:01 [INFO] Wrote latest-injuries.json -- 161 records, round 23
[2026-08-22T11:47:01] Market event log
Wrote 663 events -> /Users/elliotbladen/BetMate/data/market_events/2026_events.csv
  injury: 663
AFL injury refresh pinned to prepared round 23
[2026-08-22T12:47:02] NRL injuries
2026-08-22 12:47:02 [INFO] Targeting season=2026 round=25
2026-08-22 12:47:02 [INFO] Attempt 1/3 -- Zero Tackle injuries R25 2026
2026-08-22 12:47:02 [INFO]   Brisbane Broncos                         5 injuries
2026-08-22 12:47:02 [INFO]   Canberra Raiders                         4 injuries
2026-08-22 12:47:03 [INFO]   Canterbury-Bankstown Bulldogs            3 injuries
2026-08-22 12:47:03 [INFO]   Cronulla-Sutherland Sharks               2 injuries
2026-08-22 12:47:03 [INFO]   Dolphins                                 2 injuries
2026-08-22 12:47:03 [INFO]   Gold Coast Titans                        6 injuries
2026-08-22 12:47:03 [INFO]   Manly-Warringah Sea Eagles               6 injuries
2026-08-22 12:47:04 [INFO]   Melbourne Storm                          6 injuries
2026-08-22 12:47:04 [INFO]   Newcastle Knights                        5 injuries
2026-08-22 12:47:04 [INFO]   New Zealand Warriors                     5 injuries
2026-08-22 12:47:04 [INFO]   North Queensland Cowboys                 2 injuries
2026-08-22 12:47:04 [INFO]   Parramatta Eels                          5 injuries
2026-08-22 12:47:05 [INFO]   Penrith Panthers                         3 injuries
2026-08-22 12:47:05 [INFO]   South Sydney Rabbitohs                   6 injuries
2026-08-22 12:47:05 [INFO]   St. George Illawarra Dragons             5 injuries
2026-08-22 12:47:05 [INFO]   Sydney Roosters                          3 injuries
2026-08-22 12:47:05 [INFO]   Wests Tigers                             5 injuries
2026-08-22 12:47:05 [INFO] Zero Tackle total: 73 records across 17 teams
2026-08-22 12:47:06 [INFO] Wrote latest-injuries.json -- 73 player records, round 25
2026-08-22 12:47:06 [INFO] Injuries scraped -- 73 records
[2026-08-22T12:47:06] NRL team news
Written /Users/elliotbladen/BetMate/data/nrl/team-news/latest.json
  Round 25 | Teams: 17 | Injuries: 73 | Suspensions preserved: 0
[2026-08-22T12:47:07] NRL market-moving news
2026-08-22 12:47:07 [INFO] Targeting season=2026 round=25
2026-08-22 12:47:07 [INFO] Fetched NRL Casualty Ward                904 bytes
2026-08-22 12:47:08 [INFO] Fetched NRL Judiciary Report             862 bytes
2026-08-22 12:47:09 [INFO] Fetched NRL News                         798 bytes
2026-08-22 12:47:09 [INFO] Fetched Brisbane Broncos News            805 bytes
2026-08-22 12:47:10 [INFO] Fetched Canterbury-Bankstown Bulldogs News 806 bytes
2026-08-22 12:47:11 [INFO] Fetched Canberra Raiders News            805 bytes
2026-08-22 12:47:11 [INFO] Fetched Cronulla-Sutherland Sharks News  804 bytes
2026-08-22 12:47:12 [INFO] Fetched Dolphins News                    809 bytes
2026-08-22 12:47:13 [INFO] Fetched Gold Coast Titans News           804 bytes
2026-08-22 12:47:14 [INFO] Fetched Manly-Warringah Sea Eagles News  807 bytes
2026-08-22 12:47:14 [INFO] Fetched Melbourne Storm News             812 bytes
2026-08-22 12:47:15 [INFO] Fetched Newcastle Knights News           814 bytes
2026-08-22 12:47:16 [INFO] Fetched New Zealand Warriors News        804 bytes
2026-08-22 12:47:16 [INFO] Fetched North Queensland Cowboys News    805 bytes
2026-08-22 12:47:17 [INFO] Fetched Parramatta Eels News             807 bytes
2026-08-22 12:47:18 [INFO] Fetched Penrith Panthers News            813 bytes
2026-08-22 12:47:18 [INFO] Fetched South Sydney Rabbitohs News      178767 bytes
2026-08-22 12:47:19 [INFO] Fetched St. George Illawarra Dragons News 805 bytes
2026-08-22 12:47:20 [INFO] Fetched Sydney Roosters News             806 bytes
2026-08-22 12:47:21 [INFO] Fetched Wests Tigers News                809 bytes
2026-08-22 12:47:21 [INFO] Wrote 0 flags
2026-08-22 12:47:21 [INFO] JSON: /Users/elliotbladen/BetMate/data/nrl/news_flags/processed/2026/2026-08-22.json
2026-08-22 12:47:21 [INFO] CSV:  /Users/elliotbladen/BetMate/data/nrl/news_flags/processed/2026/2026-08-22.csv
2026-08-22 12:47:21 [INFO] News flags complete -- 0 total, 0 HIGH
[2026-08-22T12:47:21] AFL injuries
2026-08-22 12:47:21 [INFO] Targeting season=2026 round=23
2026-08-22 12:47:21 [INFO] Attempt 1/3 -- AFL injuries R23 2026
2026-08-22 12:47:23 [INFO] Parsed 161 player records across all teams
2026-08-22 12:47:23 [INFO] Wrote latest-injuries.json -- 161 records, round 23
[2026-08-22T12:47:23] Market event log
Wrote 663 events -> /Users/elliotbladen/BetMate/data/market_events/2026_events.csv
  injury: 663
AFL injury refresh pinned to prepared round 23
[2026-08-22T13:47:23] NRL injuries
2026-08-22 13:47:23 [INFO] Targeting season=2026 round=25
2026-08-22 13:47:23 [INFO] Attempt 1/3 -- Zero Tackle injuries R25 2026
2026-08-22 13:47:24 [INFO]   Brisbane Broncos                         5 injuries
2026-08-22 13:47:24 [INFO]   Canberra Raiders                         4 injuries
2026-08-22 13:47:24 [INFO]   Canterbury-Bankstown Bulldogs            3 injuries
2026-08-22 13:47:24 [INFO]   Cronulla-Sutherland Sharks               2 injuries
2026-08-22 13:47:24 [INFO]   Dolphins                                 2 injuries
2026-08-22 13:47:25 [INFO]   Gold Coast Titans                        6 injuries
2026-08-22 13:47:25 [INFO]   Manly-Warringah Sea Eagles               6 injuries
2026-08-22 13:47:25 [INFO]   Melbourne Storm                          6 injuries
2026-08-22 13:47:26 [INFO]   Newcastle Knights                        5 injuries
2026-08-22 13:47:26 [INFO]   New Zealand Warriors                     5 injuries
2026-08-22 13:47:28 [INFO]   North Queensland Cowboys                 2 injuries
2026-08-22 13:47:28 [INFO]   Parramatta Eels                          5 injuries
2026-08-22 13:47:28 [INFO]   Penrith Panthers                         3 injuries
2026-08-22 13:47:28 [INFO]   South Sydney Rabbitohs                   6 injuries
2026-08-22 13:47:28 [INFO]   St. George Illawarra Dragons             5 injuries
2026-08-22 13:47:29 [INFO]   Sydney Roosters                          3 injuries
2026-08-22 13:47:30 [INFO]   Wests Tigers                             5 injuries
2026-08-22 13:47:30 [INFO] Zero Tackle total: 73 records across 17 teams
2026-08-22 13:47:30 [INFO] Wrote latest-injuries.json -- 73 player records, round 25
2026-08-22 13:47:30 [INFO] Injuries scraped -- 73 records
[2026-08-22T13:47:30] NRL team news
Written /Users/elliotbladen/BetMate/data/nrl/team-news/latest.json
  Round 25 | Teams: 17 | Injuries: 73 | Suspensions preserved: 0
[2026-08-22T13:47:31] NRL market-moving news
2026-08-22 13:47:31 [INFO] Targeting season=2026 round=25
2026-08-22 13:47:32 [INFO] Fetched NRL Casualty Ward                904 bytes
2026-08-22 13:47:32 [INFO] Fetched NRL Judiciary Report             862 bytes
2026-08-22 13:47:33 [INFO] Fetched NRL News                         798 bytes
2026-08-22 13:47:34 [INFO] Fetched Brisbane Broncos News            805 bytes
2026-08-22 13:47:34 [INFO] Fetched Canterbury-Bankstown Bulldogs News 806 bytes
2026-08-22 13:47:35 [INFO] Fetched Canberra Raiders News            805 bytes
2026-08-22 13:47:36 [INFO] Fetched Cronulla-Sutherland Sharks News  804 bytes
2026-08-22 13:47:36 [INFO] Fetched Dolphins News                    809 bytes
2026-08-22 13:47:37 [INFO] Fetched Gold Coast Titans News           804 bytes
2026-08-22 13:47:38 [INFO] Fetched Manly-Warringah Sea Eagles News  807 bytes
2026-08-22 13:47:39 [INFO] Fetched Melbourne Storm News             812 bytes
2026-08-22 13:47:39 [INFO] Fetched Newcastle Knights News           814 bytes
2026-08-22 13:47:40 [INFO] Fetched New Zealand Warriors News        804 bytes
2026-08-22 13:47:41 [INFO] Fetched North Queensland Cowboys News    805 bytes
2026-08-22 13:47:41 [INFO] Fetched Parramatta Eels News             807 bytes
2026-08-22 13:47:42 [INFO] Fetched Penrith Panthers News            813 bytes
2026-08-22 13:47:43 [INFO] Fetched South Sydney Rabbitohs News      178767 bytes
2026-08-22 13:47:44 [INFO] Fetched St. George Illawarra Dragons News 805 bytes
2026-08-22 13:47:44 [INFO] Fetched Sydney Roosters News             806 bytes
2026-08-22 13:47:45 [INFO] Fetched Wests Tigers News                809 bytes
2026-08-22 13:47:46 [INFO] Wrote 0 flags
2026-08-22 13:47:46 [INFO] JSON: /Users/elliotbladen/BetMate/data/nrl/news_flags/processed/2026/2026-08-22.json
2026-08-22 13:47:46 [INFO] CSV:  /Users/elliotbladen/BetMate/data/nrl/news_flags/processed/2026/2026-08-22.csv
2026-08-22 13:47:46 [INFO] News flags complete -- 0 total, 0 HIGH
[2026-08-22T13:47:46] AFL injuries
2026-08-22 13:47:46 [INFO] Targeting season=2026 round=23
2026-08-22 13:47:46 [INFO] Attempt 1/3 -- AFL injuries R23 2026
2026-08-22 13:47:47 [INFO] Parsed 161 player records across all teams
2026-08-22 13:47:47 [INFO] Wrote latest-injuries.json -- 161 records, round 23
[2026-08-22T13:47:47] Market event log
Wrote 663 events -> /Users/elliotbladen/BetMate/data/market_events/2026_events.csv
  injury: 663
AFL injury refresh pinned to prepared round 23
[2026-08-22T14:47:47] NRL injuries
2026-08-22 14:47:48 [INFO] Targeting season=2026 round=25
2026-08-22 14:47:48 [INFO] Attempt 1/3 -- Zero Tackle injuries R25 2026
2026-08-22 14:47:48 [INFO]   Brisbane Broncos                         5 injuries
2026-08-22 14:47:48 [INFO]   Canberra Raiders                         4 injuries
2026-08-22 14:47:48 [INFO]   Canterbury-Bankstown Bulldogs            3 injuries
2026-08-22 14:47:49 [INFO]   Cronulla-Sutherland Sharks               2 injuries
2026-08-22 14:47:49 [INFO]   Dolphins                                 2 injuries
2026-08-22 14:47:49 [INFO]   Gold Coast Titans                        6 injuries
2026-08-22 14:47:49 [INFO]   Manly-Warringah Sea Eagles               6 injuries
2026-08-22 14:47:49 [INFO]   Melbourne Storm                          6 injuries
2026-08-22 14:47:50 [INFO]   Newcastle Knights                        5 injuries
2026-08-22 14:47:50 [INFO]   New Zealand Warriors                     5 injuries
2026-08-22 14:47:50 [INFO]   North Queensland Cowboys                 2 injuries
2026-08-22 14:47:50 [INFO]   Parramatta Eels                          5 injuries
2026-08-22 14:47:50 [INFO]   Penrith Panthers                         3 injuries
2026-08-22 14:47:51 [INFO]   South Sydney Rabbitohs                   6 injuries
2026-08-22 14:47:51 [INFO]   St. George Illawarra Dragons             5 injuries
2026-08-22 14:47:51 [INFO]   Sydney Roosters                          4 injuries
2026-08-22 14:47:51 [INFO]   Wests Tigers                             5 injuries
2026-08-22 14:47:51 [INFO] Zero Tackle total: 74 records across 17 teams
2026-08-22 14:47:51 [INFO] Wrote latest-injuries.json -- 74 player records, round 25
2026-08-22 14:47:51 [INFO] Injuries scraped -- 74 records
[2026-08-22T14:47:51] NRL team news
Written /Users/elliotbladen/BetMate/data/nrl/team-news/latest.json
  Round 25 | Teams: 17 | Injuries: 74 | Suspensions preserved: 0
[2026-08-22T14:47:53] NRL market-moving news
2026-08-22 14:47:53 [INFO] Targeting season=2026 round=25
2026-08-22 14:47:53 [INFO] Fetched NRL Casualty Ward                904 bytes
2026-08-22 14:47:54 [INFO] Fetched NRL Judiciary Report             862 bytes
2026-08-22 14:47:55 [INFO] Fetched NRL News                         798 bytes
2026-08-22 14:47:55 [INFO] Fetched Brisbane Broncos News            805 bytes
2026-08-22 14:47:56 [INFO] Fetched Canterbury-Bankstown Bulldogs News 806 bytes
2026-08-22 14:47:57 [INFO] Fetched Canberra Raiders News            805 bytes
2026-08-22 14:47:57 [INFO] Fetched Cronulla-Sutherland Sharks News  804 bytes
2026-08-22 14:47:58 [INFO] Fetched Dolphins News                    809 bytes
2026-08-22 14:47:59 [INFO] Fetched Gold Coast Titans News           804 bytes
2026-08-22 14:47:59 [INFO] Fetched Manly-Warringah Sea Eagles News  807 bytes
2026-08-22 14:48:00 [INFO] Fetched Melbourne Storm News             812 bytes
2026-08-22 14:48:01 [INFO] Fetched Newcastle Knights News           814 bytes
2026-08-22 14:48:01 [INFO] Fetched New Zealand Warriors News        804 bytes
2026-08-22 14:48:02 [INFO] Fetched North Queensland Cowboys News    805 bytes
2026-08-22 14:48:03 [INFO] Fetched Parramatta Eels News             807 bytes
2026-08-22 14:48:04 [INFO] Fetched Penrith Panthers News            813 bytes
2026-08-22 14:48:04 [INFO] Fetched South Sydney Rabbitohs News      178767 bytes
2026-08-22 14:48:05 [INFO] Fetched St. George Illawarra Dragons News 805 bytes
2026-08-22 14:48:06 [INFO] Fetched Sydney Roosters News             806 bytes
2026-08-22 14:48:06 [INFO] Fetched Wests Tigers News                809 bytes
2026-08-22 14:48:07 [INFO] Wrote 0 flags
2026-08-22 14:48:07 [INFO] JSON: /Users/elliotbladen/BetMate/data/nrl/news_flags/processed/2026/2026-08-22.json
2026-08-22 14:48:07 [INFO] CSV:  /Users/elliotbladen/BetMate/data/nrl/news_flags/processed/2026/2026-08-22.csv
2026-08-22 14:48:07 [INFO] News flags complete -- 0 total, 0 HIGH
[2026-08-22T14:48:07] AFL injuries
2026-08-22 14:48:07 [INFO] Targeting season=2026 round=23
2026-08-22 14:48:07 [INFO] Attempt 1/3 -- AFL injuries R23 2026
2026-08-22 14:48:08 [INFO] Parsed 161 player records across all teams
2026-08-22 14:48:08 [INFO] Wrote latest-injuries.json -- 161 records, round 23
[2026-08-22T14:48:09] Market event log
Wrote 664 events -> /Users/elliotbladen/BetMate/data/market_events/2026_events.csv
  injury: 664
AFL injury refresh pinned to prepared round 23
[2026-08-22T15:48:09] NRL injuries
2026-08-22 15:48:09 [INFO] Targeting season=2026 round=25
2026-08-22 15:48:09 [INFO] Attempt 1/3 -- Zero Tackle injuries R25 2026
2026-08-22 15:48:11 [INFO]   Brisbane Broncos                         5 injuries
2026-08-22 15:48:12 [INFO]   Canberra Raiders                         4 injuries
2026-08-22 15:48:13 [INFO]   Canterbury-Bankstown Bulldogs            3 injuries
2026-08-22 15:48:15 [INFO]   Cronulla-Sutherland Sharks               2 injuries
2026-08-22 15:48:16 [INFO]   Dolphins                                 2 injuries
2026-08-22 15:48:17 [INFO]   Gold Coast Titans                        6 injuries
2026-08-22 15:48:18 [INFO]   Manly-Warringah Sea Eagles               6 injuries
2026-08-22 15:48:19 [INFO]   Melbourne Storm                          6 injuries
2026-08-22 15:48:20 [INFO]   Newcastle Knights                        5 injuries
2026-08-22 15:48:21 [INFO]   New Zealand Warriors                     5 injuries
2026-08-22 15:48:22 [INFO]   North Queensland Cowboys                 2 injuries
2026-08-22 15:48:23 [INFO]   Parramatta Eels                          5 injuries
2026-08-22 15:48:24 [INFO]   Penrith Panthers                         3 injuries
2026-08-22 15:48:25 [INFO]   South Sydney Rabbitohs                   6 injuries
2026-08-22 15:48:26 [INFO]   St. George Illawarra Dragons             5 injuries
2026-08-22 15:48:27 [INFO]   Sydney Roosters                          4 injuries
2026-08-22 15:48:28 [INFO]   Wests Tigers                             5 injuries
2026-08-22 15:48:28 [INFO] Zero Tackle total: 74 records across 17 teams
2026-08-22 15:48:28 [INFO] Wrote latest-injuries.json -- 74 player records, round 25
2026-08-22 15:48:28 [INFO] Injuries scraped -- 74 records
[2026-08-22T15:48:28] NRL team news
Written /Users/elliotbladen/BetMate/data/nrl/team-news/latest.json
  Round 25 | Teams: 17 | Injuries: 74 | Suspensions preserved: 0
[2026-08-22T15:48:30] NRL market-moving news
2026-08-22 15:48:30 [INFO] Targeting season=2026 round=25
2026-08-22 15:48:30 [INFO] Fetched NRL Casualty Ward                904 bytes
2026-08-22 15:48:31 [INFO] Fetched NRL Judiciary Report             862 bytes
2026-08-22 15:48:31 [INFO] Fetched NRL News                         798 bytes
2026-08-22 15:48:32 [INFO] Fetched Brisbane Broncos News            805 bytes
2026-08-22 15:48:33 [INFO] Fetched Canterbury-Bankstown Bulldogs News 806 bytes
2026-08-22 15:48:34 [INFO] Fetched Canberra Raiders News            805 bytes
2026-08-22 15:48:34 [INFO] Fetched Cronulla-Sutherland Sharks News  804 bytes
2026-08-22 15:48:35 [INFO] Fetched Dolphins News                    809 bytes
2026-08-22 15:48:36 [INFO] Fetched Gold Coast Titans News           804 bytes
2026-08-22 15:48:36 [INFO] Fetched Manly-Warringah Sea Eagles News  807 bytes
2026-08-22 15:48:37 [INFO] Fetched Melbourne Storm News             812 bytes
2026-08-22 15:48:38 [INFO] Fetched Newcastle Knights News           814 bytes
2026-08-22 15:48:38 [INFO] Fetched New Zealand Warriors News        804 bytes
2026-08-22 15:48:39 [INFO] Fetched North Queensland Cowboys News    805 bytes
2026-08-22 15:48:40 [INFO] Fetched Parramatta Eels News             807 bytes
2026-08-22 15:48:40 [INFO] Fetched Penrith Panthers News            813 bytes
2026-08-22 15:48:41 [INFO] Fetched South Sydney Rabbitohs News      178767 bytes
2026-08-22 15:48:42 [INFO] Fetched St. George Illawarra Dragons News 805 bytes
2026-08-22 15:48:43 [INFO] Fetched Sydney Roosters News             806 bytes
2026-08-22 15:48:44 [INFO] Fetched Wests Tigers News                809 bytes
2026-08-22 15:48:44 [INFO] Wrote 0 flags
2026-08-22 15:48:44 [INFO] JSON: /Users/elliotbladen/BetMate/data/nrl/news_flags/processed/2026/2026-08-22.json
2026-08-22 15:48:44 [INFO] CSV:  /Users/elliotbladen/BetMate/data/nrl/news_flags/processed/2026/2026-08-22.csv
2026-08-22 15:48:44 [INFO] News flags complete -- 0 total, 0 HIGH
[2026-08-22T15:48:44] AFL injuries
2026-08-22 15:48:44 [INFO] Targeting season=2026 round=23
2026-08-22 15:48:44 [INFO] Attempt 1/3 -- AFL injuries R23 2026
2026-08-22 15:48:46 [INFO] Parsed 161 player records across all teams
2026-08-22 15:48:46 [INFO] Wrote latest-injuries.json -- 161 records, round 23
[2026-08-22T15:48:46] Market event log
Wrote 664 events -> /Users/elliotbladen/BetMate/data/market_events/2026_events.csv
  injury: 664
AFL injury refresh pinned to prepared round 23
[2026-08-22T16:48:46] NRL injuries
2026-08-22 16:48:47 [INFO] Targeting season=2026 round=25
2026-08-22 16:48:47 [INFO] Attempt 1/3 -- Zero Tackle injuries R25 2026
2026-08-22 16:48:50 [INFO]   Brisbane Broncos                         5 injuries
2026-08-22 16:48:50 [INFO]   Canberra Raiders                         4 injuries
2026-08-22 16:48:50 [INFO]   Canterbury-Bankstown Bulldogs            3 injuries
2026-08-22 16:48:51 [INFO]   Cronulla-Sutherland Sharks               2 injuries
2026-08-22 16:48:53 [INFO]   Dolphins                                 2 injuries
2026-08-22 16:48:53 [INFO]   Gold Coast Titans                        6 injuries
2026-08-22 16:48:53 [INFO]   Manly-Warringah Sea Eagles               6 injuries
2026-08-22 16:48:54 [INFO]   Melbourne Storm                          6 injuries
2026-08-22 16:48:55 [INFO]   Newcastle Knights                        5 injuries
2026-08-22 16:48:55 [INFO]   New Zealand Warriors                     5 injuries
2026-08-22 16:48:55 [INFO]   North Queensland Cowboys                 2 injuries
2026-08-22 16:48:55 [INFO]   Parramatta Eels                          5 injuries
2026-08-22 16:48:56 [INFO]   Penrith Panthers                         3 injuries
2026-08-22 16:48:58 [INFO]   South Sydney Rabbitohs                   6 injuries
2026-08-22 16:48:58 [INFO]   St. George Illawarra Dragons             5 injuries
2026-08-22 16:48:59 [INFO]   Sydney Roosters                          4 injuries
2026-08-22 16:49:01 [INFO]   Wests Tigers                             5 injuries
2026-08-22 16:49:01 [INFO] Zero Tackle total: 74 records across 17 teams
2026-08-22 16:49:01 [INFO] Wrote latest-injuries.json -- 74 player records, round 25
2026-08-22 16:49:01 [INFO] Injuries scraped -- 74 records
[2026-08-22T16:49:01] NRL team news
Written /Users/elliotbladen/BetMate/data/nrl/team-news/latest.json
  Round 25 | Teams: 17 | Injuries: 74 | Suspensions preserved: 0
[2026-08-22T16:49:02] NRL market-moving news
2026-08-22 16:49:03 [INFO] Targeting season=2026 round=25
2026-08-22 16:49:03 [INFO] Fetched NRL Casualty Ward                904 bytes
2026-08-22 16:49:04 [INFO] Fetched NRL Judiciary Report             862 bytes
2026-08-22 16:49:05 [INFO] Fetched NRL News                         798 bytes
2026-08-22 16:49:05 [INFO] Fetched Brisbane Broncos News            805 bytes
2026-08-22 16:49:06 [INFO] Fetched Canterbury-Bankstown Bulldogs News 806 bytes
2026-08-22 16:49:06 [INFO] Fetched Canberra Raiders News            805 bytes
2026-08-22 16:49:07 [INFO] Fetched Cronulla-Sutherland Sharks News  804 bytes
2026-08-22 16:49:08 [INFO] Fetched Dolphins News                    809 bytes
2026-08-22 16:49:08 [INFO] Fetched Gold Coast Titans News           804 bytes
2026-08-22 16:49:09 [INFO] Fetched Manly-Warringah Sea Eagles News  807 bytes
2026-08-22 16:49:09 [INFO] Fetched Melbourne Storm News             812 bytes
2026-08-22 16:49:10 [INFO] Fetched Newcastle Knights News           814 bytes
2026-08-22 16:49:11 [INFO] Fetched New Zealand Warriors News        804 bytes
2026-08-22 16:49:11 [INFO] Fetched North Queensland Cowboys News    805 bytes
2026-08-22 16:49:12 [INFO] Fetched Parramatta Eels News             807 bytes
2026-08-22 16:49:13 [INFO] Fetched Penrith Panthers News            813 bytes
2026-08-22 16:49:14 [INFO] Fetched South Sydney Rabbitohs News      178767 bytes
2026-08-22 16:49:14 [INFO] Fetched St. George Illawarra Dragons News 805 bytes
2026-08-22 16:49:15 [INFO] Fetched Sydney Roosters News             806 bytes
2026-08-22 16:49:15 [INFO] Fetched Wests Tigers News                809 bytes
2026-08-22 16:49:16 [INFO] Wrote 0 flags
2026-08-22 16:49:16 [INFO] JSON: /Users/elliotbladen/BetMate/data/nrl/news_flags/processed/2026/2026-08-22.json
2026-08-22 16:49:16 [INFO] CSV:  /Users/elliotbladen/BetMate/data/nrl/news_flags/processed/2026/2026-08-22.csv
2026-08-22 16:49:16 [INFO] News flags complete -- 0 total, 0 HIGH
[2026-08-22T16:49:16] AFL injuries
2026-08-22 16:49:17 [INFO] Targeting season=2026 round=23
2026-08-22 16:49:17 [INFO] Attempt 1/3 -- AFL injuries R23 2026
2026-08-22 16:49:18 [INFO] Parsed 161 player records across all teams
2026-08-22 16:49:18 [INFO] Wrote latest-injuries.json -- 161 records, round 23
[2026-08-22T16:49:18] Market event log
Wrote 664 events -> /Users/elliotbladen/BetMate/data/market_events/2026_events.csv
  injury: 664
AFL injury refresh pinned to prepared round 23
[2026-08-22T17:49:18] NRL injuries
2026-08-22 17:49:19 [INFO] Targeting season=2026 round=25
2026-08-22 17:49:19 [INFO] Attempt 1/3 -- Zero Tackle injuries R25 2026
2026-08-22 17:49:20 [INFO]   Brisbane Broncos                         5 injuries
2026-08-22 17:49:21 [INFO]   Canberra Raiders                         4 injuries
2026-08-22 17:49:22 [INFO]   Canterbury-Bankstown Bulldogs            3 injuries
2026-08-22 17:49:23 [INFO]   Cronulla-Sutherland Sharks               2 injuries
2026-08-22 17:49:24 [INFO]   Dolphins                                 2 injuries
2026-08-22 17:49:25 [INFO]   Gold Coast Titans                        6 injuries
2026-08-22 17:49:26 [INFO]   Manly-Warringah Sea Eagles               7 injuries
2026-08-22 17:49:28 [INFO]   Melbourne Storm                          6 injuries
2026-08-22 17:49:29 [INFO]   Newcastle Knights                        5 injuries
2026-08-22 17:49:29 [INFO]   New Zealand Warriors                     5 injuries
2026-08-22 17:49:30 [INFO]   North Queensland Cowboys                 2 injuries
2026-08-22 17:49:30 [INFO]   Parramatta Eels                          5 injuries
2026-08-22 17:49:32 [INFO]   Penrith Panthers                         3 injuries
2026-08-22 17:49:33 [INFO]   South Sydney Rabbitohs                   6 injuries
2026-08-22 17:49:33 [INFO]   St. George Illawarra Dragons             5 injuries
2026-08-22 17:49:34 [INFO]   Sydney Roosters                          4 injuries
2026-08-22 17:49:34 [INFO]   Wests Tigers                             6 injuries
2026-08-22 17:49:34 [INFO] Zero Tackle total: 76 records across 17 teams
2026-08-22 17:49:34 [INFO] Wrote latest-injuries.json -- 76 player records, round 25
2026-08-22 17:49:34 [INFO] Injuries scraped -- 76 records
[2026-08-22T17:49:35] NRL team news
Written /Users/elliotbladen/BetMate/data/nrl/team-news/latest.json
  Round 25 | Teams: 17 | Injuries: 76 | Suspensions preserved: 0
[2026-08-22T17:49:36] NRL market-moving news
2026-08-22 17:49:36 [INFO] Targeting season=2026 round=25
2026-08-22 17:49:37 [INFO] Fetched NRL Casualty Ward                904 bytes
2026-08-22 17:49:37 [INFO] Fetched NRL Judiciary Report             862 bytes
2026-08-22 17:49:38 [INFO] Fetched NRL News                         798 bytes
2026-08-22 17:49:39 [INFO] Fetched Brisbane Broncos News            805 bytes
2026-08-22 17:49:40 [INFO] Fetched Canterbury-Bankstown Bulldogs News 806 bytes
2026-08-22 17:49:40 [INFO] Fetched Canberra Raiders News            805 bytes
2026-08-22 17:49:41 [INFO] Fetched Cronulla-Sutherland Sharks News  804 bytes
2026-08-22 17:49:42 [INFO] Fetched Dolphins News                    809 bytes
2026-08-22 17:49:43 [INFO] Fetched Gold Coast Titans News           804 bytes
2026-08-22 17:49:43 [INFO] Fetched Manly-Warringah Sea Eagles News  807 bytes
2026-08-22 17:49:44 [INFO] Fetched Melbourne Storm News             812 bytes
2026-08-22 17:49:45 [INFO] Fetched Newcastle Knights News           814 bytes
2026-08-22 17:49:45 [INFO] Fetched New Zealand Warriors News        804 bytes
2026-08-22 17:49:46 [INFO] Fetched North Queensland Cowboys News    805 bytes
2026-08-22 17:49:47 [INFO] Fetched Parramatta Eels News             807 bytes
2026-08-22 17:49:47 [INFO] Fetched Penrith Panthers News            813 bytes
2026-08-22 17:49:48 [INFO] Fetched South Sydney Rabbitohs News      178764 bytes
2026-08-22 17:49:49 [INFO] Fetched St. George Illawarra Dragons News 805 bytes
2026-08-22 17:49:50 [INFO] Fetched Sydney Roosters News             806 bytes
2026-08-22 17:49:50 [INFO] Fetched Wests Tigers News                809 bytes
2026-08-22 17:49:51 [INFO] Wrote 0 flags
2026-08-22 17:49:51 [INFO] JSON: /Users/elliotbladen/BetMate/data/nrl/news_flags/processed/2026/2026-08-22.json
2026-08-22 17:49:51 [INFO] CSV:  /Users/elliotbladen/BetMate/data/nrl/news_flags/processed/2026/2026-08-22.csv
2026-08-22 17:49:51 [INFO] News flags complete -- 0 total, 0 HIGH
[2026-08-22T17:49:51] AFL injuries
2026-08-22 17:49:51 [INFO] Targeting season=2026 round=23
2026-08-22 17:49:51 [INFO] Attempt 1/3 -- AFL injuries R23 2026
2026-08-22 17:49:53 [INFO] Parsed 161 player records across all teams
2026-08-22 17:49:53 [INFO] Wrote latest-injuries.json -- 161 records, round 23
[2026-08-22T17:49:53] Market event log
Wrote 666 events -> /Users/elliotbladen/BetMate/data/market_events/2026_events.csv
  injury: 666
AFL injury refresh pinned to prepared round 23
[2026-08-22T18:49:53] NRL injuries
2026-08-22 18:49:53 [INFO] Targeting season=2026 round=25
2026-08-22 18:49:53 [INFO] Attempt 1/3 -- Zero Tackle injuries R25 2026
2026-08-22 18:49:55 [INFO]   Brisbane Broncos                         5 injuries
2026-08-22 18:49:56 [INFO]   Canberra Raiders                         4 injuries
2026-08-22 18:49:56 [INFO]   Canterbury-Bankstown Bulldogs            3 injuries
2026-08-22 18:49:57 [INFO]   Cronulla-Sutherland Sharks               2 injuries
2026-08-22 18:49:58 [INFO]   Dolphins                                 2 injuries
2026-08-22 18:49:59 [INFO]   Gold Coast Titans                        6 injuries
2026-08-22 18:49:59 [INFO]   Manly-Warringah Sea Eagles               7 injuries
2026-08-22 18:49:59 [INFO]   Melbourne Storm                          6 injuries
2026-08-22 18:50:00 [INFO]   Newcastle Knights                        5 injuries
2026-08-22 18:50:00 [INFO]   New Zealand Warriors                     5 injuries
2026-08-22 18:50:03 [INFO]   North Queensland Cowboys                 2 injuries
2026-08-22 18:50:06 [INFO]   Parramatta Eels                          5 injuries
2026-08-22 18:50:08 [INFO]   Penrith Panthers                         3 injuries
2026-08-22 18:50:08 [INFO]   South Sydney Rabbitohs                   6 injuries
2026-08-22 18:50:10 [INFO]   St. George Illawarra Dragons             5 injuries
2026-08-22 18:50:12 [INFO]   Sydney Roosters                          4 injuries
2026-08-22 18:50:13 [INFO]   Wests Tigers                             6 injuries
2026-08-22 18:50:13 [INFO] Zero Tackle total: 76 records across 17 teams
2026-08-22 18:50:13 [INFO] Wrote latest-injuries.json -- 76 player records, round 25
2026-08-22 18:50:13 [INFO] Injuries scraped -- 76 records
[2026-08-22T18:50:13] NRL team news
Written /Users/elliotbladen/BetMate/data/nrl/team-news/latest.json
  Round 25 | Teams: 17 | Injuries: 76 | Suspensions preserved: 0
[2026-08-22T18:50:15] NRL market-moving news
2026-08-22 18:50:15 [INFO] Targeting season=2026 round=25
2026-08-22 18:50:16 [INFO] Fetched NRL Casualty Ward                904 bytes
2026-08-22 18:50:16 [INFO] Fetched NRL Judiciary Report             862 bytes
2026-08-22 18:50:17 [INFO] Fetched NRL News                         798 bytes
2026-08-22 18:50:18 [INFO] Fetched Brisbane Broncos News            805 bytes
2026-08-22 18:50:18 [INFO] Fetched Canterbury-Bankstown Bulldogs News 806 bytes
2026-08-22 18:50:19 [INFO] Fetched Canberra Raiders News            805 bytes
2026-08-22 18:50:20 [INFO] Fetched Cronulla-Sutherland Sharks News  804 bytes
2026-08-22 18:50:20 [INFO] Fetched Dolphins News                    809 bytes
2026-08-22 18:50:21 [INFO] Fetched Gold Coast Titans News           804 bytes
2026-08-22 18:50:22 [INFO] Fetched Manly-Warringah Sea Eagles News  807 bytes
2026-08-22 18:50:23 [INFO] Fetched Melbourne Storm News             812 bytes
2026-08-22 18:50:23 [INFO] Fetched Newcastle Knights News           814 bytes
2026-08-22 18:50:24 [INFO] Fetched New Zealand Warriors News        804 bytes
2026-08-22 18:50:25 [INFO] Fetched North Queensland Cowboys News    805 bytes
2026-08-22 18:50:26 [INFO] Fetched Parramatta Eels News             807 bytes
2026-08-22 18:50:26 [INFO] Fetched Penrith Panthers News            813 bytes
2026-08-22 18:50:27 [INFO] Fetched South Sydney Rabbitohs News      178514 bytes
2026-08-22 18:50:28 [INFO] Fetched St. George Illawarra Dragons News 805 bytes
2026-08-22 18:50:28 [INFO] Fetched Sydney Roosters News             806 bytes
2026-08-22 18:50:29 [INFO] Fetched Wests Tigers News                809 bytes
2026-08-22 18:50:30 [INFO] Wrote 0 flags
2026-08-22 18:50:30 [INFO] JSON: /Users/elliotbladen/BetMate/data/nrl/news_flags/processed/2026/2026-08-22.json
2026-08-22 18:50:30 [INFO] CSV:  /Users/elliotbladen/BetMate/data/nrl/news_flags/processed/2026/2026-08-22.csv
2026-08-22 18:50:30 [INFO] News flags complete -- 0 total, 0 HIGH
[2026-08-22T18:50:30] AFL injuries
2026-08-22 18:50:30 [INFO] Targeting season=2026 round=23
2026-08-22 18:50:30 [INFO] Attempt 1/3 -- AFL injuries R23 2026
2026-08-22 18:50:31 [INFO] Parsed 161 player records across all teams
2026-08-22 18:50:31 [INFO] Wrote latest-injuries.json -- 161 records, round 23
[2026-08-22T18:50:31] Market event log
Wrote 666 events -> /Users/elliotbladen/BetMate/data/market_events/2026_events.csv
  injury: 666
AFL injury refresh pinned to prepared round 23
[2026-08-22T19:50:32] NRL injuries
2026-08-22 19:50:32 [INFO] Targeting season=2026 round=25
2026-08-22 19:50:32 [INFO] Attempt 1/3 -- Zero Tackle injuries R25 2026
2026-08-22 19:50:33 [INFO]   Brisbane Broncos                         5 injuries
2026-08-22 19:50:33 [INFO]   Canberra Raiders                         4 injuries
2026-08-22 19:50:34 [INFO]   Canterbury-Bankstown Bulldogs            4 injuries
2026-08-22 19:50:35 [INFO]   Cronulla-Sutherland Sharks               2 injuries
2026-08-22 19:50:37 [INFO]   Dolphins                                 2 injuries
2026-08-22 19:50:38 [INFO]   Gold Coast Titans                        6 injuries
2026-08-22 19:50:38 [INFO]   Manly-Warringah Sea Eagles               7 injuries
2026-08-22 19:50:38 [INFO]   Melbourne Storm                          6 injuries
2026-08-22 19:50:39 [INFO]   Newcastle Knights                        5 injuries
2026-08-22 19:50:39 [INFO]   New Zealand Warriors                     5 injuries
2026-08-22 19:50:40 [INFO]   North Queensland Cowboys                 2 injuries
2026-08-22 19:50:42 [INFO]   Parramatta Eels                          5 injuries
2026-08-22 19:50:42 [INFO]   Penrith Panthers                         3 injuries
2026-08-22 19:50:43 [INFO]   South Sydney Rabbitohs                   6 injuries
2026-08-22 19:50:43 [INFO]   St. George Illawarra Dragons             5 injuries
2026-08-22 19:50:44 [INFO]   Sydney Roosters                          4 injuries
2026-08-22 19:50:44 [INFO]   Wests Tigers                             6 injuries
2026-08-22 19:50:44 [INFO] Zero Tackle total: 77 records across 17 teams
2026-08-22 19:50:44 [INFO] Wrote latest-injuries.json -- 77 player records, round 25
2026-08-22 19:50:44 [INFO] Injuries scraped -- 77 records
[2026-08-22T19:50:45] NRL team news
Written /Users/elliotbladen/BetMate/data/nrl/team-news/latest.json
  Round 25 | Teams: 17 | Injuries: 77 | Suspensions preserved: 0
[2026-08-22T19:50:46] NRL market-moving news
2026-08-22 19:50:46 [INFO] Targeting season=2026 round=25
2026-08-22 19:50:46 [INFO] Fetched NRL Casualty Ward                904 bytes
2026-08-22 19:50:47 [INFO] Fetched NRL Judiciary Report             862 bytes
2026-08-22 19:50:48 [INFO] Fetched NRL News                         798 bytes
2026-08-22 19:50:48 [INFO] Fetched Brisbane Broncos News            805 bytes
2026-08-22 19:50:49 [INFO] Fetched Canterbury-Bankstown Bulldogs News 806 bytes
2026-08-22 19:50:50 [INFO] Fetched Canberra Raiders News            805 bytes
2026-08-22 19:50:51 [INFO] Fetched Cronulla-Sutherland Sharks News  804 bytes
2026-08-22 19:50:51 [INFO] Fetched Dolphins News                    809 bytes
2026-08-22 19:50:52 [INFO] Fetched Gold Coast Titans News           804 bytes
2026-08-22 19:50:53 [INFO] Fetched Manly-Warringah Sea Eagles News  807 bytes
2026-08-22 19:50:53 [INFO] Fetched Melbourne Storm News             812 bytes
2026-08-22 19:50:54 [INFO] Fetched Newcastle Knights News           814 bytes
2026-08-22 19:50:55 [INFO] Fetched New Zealand Warriors News        804 bytes
2026-08-22 19:50:55 [INFO] Fetched North Queensland Cowboys News    805 bytes
2026-08-22 19:50:56 [INFO] Fetched Parramatta Eels News             807 bytes
2026-08-22 19:50:57 [INFO] Fetched Penrith Panthers News            813 bytes
2026-08-22 19:50:58 [INFO] Fetched South Sydney Rabbitohs News      178426 bytes
2026-08-22 19:50:58 [INFO] Fetched St. George Illawarra Dragons News 805 bytes
2026-08-22 19:50:59 [INFO] Fetched Sydney Roosters News             806 bytes
2026-08-22 19:50:59 [INFO] Fetched Wests Tigers News                809 bytes
2026-08-22 19:51:00 [INFO] Wrote 0 flags
2026-08-22 19:51:00 [INFO] JSON: /Users/elliotbladen/BetMate/data/nrl/news_flags/processed/2026/2026-08-22.json
2026-08-22 19:51:00 [INFO] CSV:  /Users/elliotbladen/BetMate/data/nrl/news_flags/processed/2026/2026-08-22.csv
2026-08-22 19:51:00 [INFO] News flags complete -- 0 total, 0 HIGH
[2026-08-22T19:51:00] AFL injuries
2026-08-22 19:51:00 [INFO] Targeting season=2026 round=23
2026-08-22 19:51:00 [INFO] Attempt 1/3 -- AFL injuries R23 2026
2026-08-22 19:51:02 [INFO] Parsed 159 player records across all teams
2026-08-22 19:51:02 [INFO] Wrote latest-injuries.json -- 159 records, round 23
[2026-08-22T19:51:02] Market event log
Wrote 665 events -> /Users/elliotbladen/BetMate/data/market_events/2026_events.csv
  injury: 665
AFL injury refresh pinned to prepared round 23
[2026-08-22T20:51:02] NRL injuries
2026-08-22 20:51:02 [INFO] Targeting season=2026 round=25
2026-08-22 20:51:02 [INFO] Attempt 1/3 -- Zero Tackle injuries R25 2026
2026-08-22 20:51:06 [INFO]   Brisbane Broncos                         5 injuries
2026-08-22 20:51:06 [INFO]   Canberra Raiders                         4 injuries
2026-08-22 20:51:06 [INFO]   Canterbury-Bankstown Bulldogs            4 injuries
2026-08-22 20:51:10 [INFO]   Cronulla-Sutherland Sharks               2 injuries
2026-08-22 20:51:12 [INFO]   Dolphins                                 2 injuries
2026-08-22 20:51:13 [INFO]   Gold Coast Titans                        6 injuries
2026-08-22 20:51:15 [INFO]   Manly-Warringah Sea Eagles               7 injuries
2026-08-22 20:51:17 [INFO]   Melbourne Storm                          6 injuries
2026-08-22 20:51:18 [INFO]   Newcastle Knights                        5 injuries
2026-08-22 20:51:20 [INFO]   New Zealand Warriors                     6 injuries
2026-08-22 20:51:21 [INFO]   North Queensland Cowboys                 2 injuries
2026-08-22 20:51:21 [INFO]   Parramatta Eels                          5 injuries
2026-08-22 20:51:23 [INFO]   Penrith Panthers                         3 injuries
2026-08-22 20:51:23 [INFO]   South Sydney Rabbitohs                   6 injuries
2026-08-22 20:51:23 [INFO]   St. George Illawarra Dragons             5 injuries
2026-08-22 20:51:24 [INFO]   Sydney Roosters                          4 injuries
2026-08-22 20:51:26 [INFO]   Wests Tigers                             6 injuries
2026-08-22 20:51:26 [INFO] Zero Tackle total: 78 records across 17 teams
2026-08-22 20:51:26 [INFO] Wrote latest-injuries.json -- 78 player records, round 25
2026-08-22 20:51:26 [INFO] Injuries scraped -- 78 records
[2026-08-22T20:51:26] NRL team news
Written /Users/elliotbladen/BetMate/data/nrl/team-news/latest.json
  Round 25 | Teams: 17 | Injuries: 78 | Suspensions preserved: 0
[2026-08-22T20:51:27] NRL market-moving news
2026-08-22 20:51:27 [INFO] Targeting season=2026 round=25
2026-08-22 20:51:28 [INFO] Fetched NRL Casualty Ward                904 bytes
2026-08-22 20:51:28 [INFO] Fetched NRL Judiciary Report             862 bytes
2026-08-22 20:51:29 [INFO] Fetched NRL News                         798 bytes
2026-08-22 20:51:30 [INFO] Fetched Brisbane Broncos News            805 bytes
2026-08-22 20:51:30 [INFO] Fetched Canterbury-Bankstown Bulldogs News 806 bytes
2026-08-22 20:51:31 [INFO] Fetched Canberra Raiders News            805 bytes
2026-08-22 20:51:31 [INFO] Fetched Cronulla-Sutherland Sharks News  804 bytes
2026-08-22 20:51:32 [INFO] Fetched Dolphins News                    809 bytes
2026-08-22 20:51:33 [INFO] Fetched Gold Coast Titans News           804 bytes
2026-08-22 20:51:33 [INFO] Fetched Manly-Warringah Sea Eagles News  807 bytes
2026-08-22 20:51:34 [INFO] Fetched Melbourne Storm News             812 bytes
2026-08-22 20:51:35 [INFO] Fetched Newcastle Knights News           814 bytes
2026-08-22 20:51:35 [INFO] Fetched New Zealand Warriors News        804 bytes
2026-08-22 20:51:36 [INFO] Fetched North Queensland Cowboys News    805 bytes
2026-08-22 20:51:37 [INFO] Fetched Parramatta Eels News             807 bytes
2026-08-22 20:51:38 [INFO] Fetched Penrith Panthers News            813 bytes
2026-08-22 20:51:39 [INFO] Fetched South Sydney Rabbitohs News      178577 bytes
2026-08-22 20:51:39 [INFO] Fetched St. George Illawarra Dragons News 805 bytes
2026-08-22 20:51:40 [INFO] Fetched Sydney Roosters News             806 bytes
2026-08-22 20:51:41 [INFO] Fetched Wests Tigers News                809 bytes
2026-08-22 20:51:41 [INFO] Wrote 0 flags
2026-08-22 20:51:41 [INFO] JSON: /Users/elliotbladen/BetMate/data/nrl/news_flags/processed/2026/2026-08-22.json
2026-08-22 20:51:41 [INFO] CSV:  /Users/elliotbladen/BetMate/data/nrl/news_flags/processed/2026/2026-08-22.csv
2026-08-22 20:51:41 [INFO] News flags complete -- 0 total, 0 HIGH
[2026-08-22T20:51:41] AFL injuries
2026-08-22 20:51:42 [INFO] Targeting season=2026 round=23
2026-08-22 20:51:42 [INFO] Attempt 1/3 -- AFL injuries R23 2026
2026-08-22 20:51:43 [INFO] Parsed 159 player records across all teams
2026-08-22 20:51:43 [INFO] Wrote latest-injuries.json -- 159 records, round 23
[2026-08-22T20:51:43] Market event log
Wrote 666 events -> /Users/elliotbladen/BetMate/data/market_events/2026_events.csv
  injury: 666
AFL injury refresh pinned to prepared round 23
[2026-08-22T21:51:43] NRL injuries
2026-08-22 21:51:44 [INFO] Targeting season=2026 round=25
2026-08-22 21:51:44 [INFO] Attempt 1/3 -- Zero Tackle injuries R25 2026
2026-08-22 21:51:44 [INFO]   Brisbane Broncos                         5 injuries
2026-08-22 21:51:44 [INFO]   Canberra Raiders                         4 injuries
2026-08-22 21:51:44 [INFO]   Canterbury-Bankstown Bulldogs            4 injuries
2026-08-22 21:51:45 [INFO]   Cronulla-Sutherland Sharks               2 injuries
2026-08-22 21:51:45 [INFO]   Dolphins                                 2 injuries
2026-08-22 21:51:45 [INFO]   Gold Coast Titans                        6 injuries
2026-08-22 21:51:45 [INFO]   Manly-Warringah Sea Eagles               7 injuries
2026-08-22 21:51:45 [INFO]   Melbourne Storm                          6 injuries
2026-08-22 21:51:46 [INFO]   Newcastle Knights                        5 injuries
2026-08-22 21:51:46 [INFO]   New Zealand Warriors                     6 injuries
2026-08-22 21:51:46 [INFO]   North Queensland Cowboys                 2 injuries
2026-08-22 21:51:46 [INFO]   Parramatta Eels                          5 injuries
2026-08-22 21:51:46 [INFO]   Penrith Panthers                         3 injuries
2026-08-22 21:51:47 [INFO]   South Sydney Rabbitohs                   6 injuries
2026-08-22 21:51:47 [INFO]   St. George Illawarra Dragons             5 injuries
2026-08-22 21:51:47 [INFO]   Sydney Roosters                          4 injuries
2026-08-22 21:51:47 [INFO]   Wests Tigers                             6 injuries
2026-08-22 21:51:47 [INFO] Zero Tackle total: 78 records across 17 teams
2026-08-22 21:51:47 [INFO] Wrote latest-injuries.json -- 78 player records, round 25
2026-08-22 21:51:47 [INFO] Injuries scraped -- 78 records
[2026-08-22T21:51:47] NRL team news
Written /Users/elliotbladen/BetMate/data/nrl/team-news/latest.json
  Round 25 | Teams: 17 | Injuries: 78 | Suspensions preserved: 0
[2026-08-22T21:51:49] NRL market-moving news
2026-08-22 21:51:49 [INFO] Targeting season=2026 round=25
2026-08-22 21:51:49 [INFO] Fetched NRL Casualty Ward                904 bytes
2026-08-22 21:51:50 [INFO] Fetched NRL Judiciary Report             862 bytes
2026-08-22 21:51:50 [INFO] Fetched NRL News                         798 bytes
2026-08-22 21:51:51 [INFO] Fetched Brisbane Broncos News            805 bytes
2026-08-22 21:51:52 [INFO] Fetched Canterbury-Bankstown Bulldogs News 806 bytes
2026-08-22 21:51:53 [INFO] Fetched Canberra Raiders News            805 bytes
2026-08-22 21:51:53 [INFO] Fetched Cronulla-Sutherland Sharks News  804 bytes
2026-08-22 21:51:54 [INFO] Fetched Dolphins News                    809 bytes
2026-08-22 21:51:55 [INFO] Fetched Gold Coast Titans News           804 bytes
2026-08-22 21:51:55 [INFO] Fetched Manly-Warringah Sea Eagles News  807 bytes
2026-08-22 21:51:56 [INFO] Fetched Melbourne Storm News             812 bytes
2026-08-22 21:51:57 [INFO] Fetched Newcastle Knights News           814 bytes
2026-08-22 21:51:58 [INFO] Fetched New Zealand Warriors News        804 bytes
2026-08-22 21:51:58 [INFO] Fetched North Queensland Cowboys News    805 bytes
2026-08-22 21:51:59 [INFO] Fetched Parramatta Eels News             807 bytes
2026-08-22 21:52:00 [INFO] Fetched Penrith Panthers News            813 bytes
2026-08-22 21:52:00 [INFO] Fetched South Sydney Rabbitohs News      178571 bytes
2026-08-22 21:52:01 [INFO] Fetched St. George Illawarra Dragons News 805 bytes
2026-08-22 21:52:02 [INFO] Fetched Sydney Roosters News             806 bytes
2026-08-22 21:52:02 [INFO] Fetched Wests Tigers News                809 bytes
2026-08-22 21:52:03 [INFO] Wrote 0 flags
2026-08-22 21:52:03 [INFO] JSON: /Users/elliotbladen/BetMate/data/nrl/news_flags/processed/2026/2026-08-22.json
2026-08-22 21:52:03 [INFO] CSV:  /Users/elliotbladen/BetMate/data/nrl/news_flags/processed/2026/2026-08-22.csv
2026-08-22 21:52:03 [INFO] News flags complete -- 0 total, 0 HIGH
[2026-08-22T21:52:03] AFL injuries
2026-08-22 21:52:03 [INFO] Targeting season=2026 round=23
2026-08-22 21:52:03 [INFO] Attempt 1/3 -- AFL injuries R23 2026
2026-08-22 21:52:04 [INFO] Parsed 159 player records across all teams
2026-08-22 21:52:04 [INFO] Wrote latest-injuries.json -- 159 records, round 23
[2026-08-22T21:52:04] Market event log
Wrote 666 events -> /Users/elliotbladen/BetMate/data/market_events/2026_events.csv
  injury: 666
AFL injury refresh pinned to prepared round 23
[2026-08-22T23:57:17] NRL injuries
2026-08-22 23:57:17 [INFO] Targeting season=2026 round=25
2026-08-22 23:57:17 [INFO] Attempt 1/3 -- Zero Tackle injuries R25 2026
2026-08-22 23:57:18 [INFO]   Brisbane Broncos                         5 injuries
2026-08-22 23:57:18 [INFO]   Canberra Raiders                         4 injuries
2026-08-22 23:57:18 [INFO]   Canterbury-Bankstown Bulldogs            5 injuries
2026-08-22 23:57:18 [INFO]   Cronulla-Sutherland Sharks               2 injuries
2026-08-22 23:57:19 [INFO]   Dolphins                                 2 injuries
2026-08-22 23:57:19 [INFO]   Gold Coast Titans                        6 injuries
2026-08-22 23:57:19 [INFO]   Manly-Warringah Sea Eagles               7 injuries
2026-08-22 23:57:19 [INFO]   Melbourne Storm                          6 injuries
2026-08-22 23:57:19 [INFO]   Newcastle Knights                        5 injuries
2026-08-22 23:57:20 [INFO]   New Zealand Warriors                     6 injuries
2026-08-22 23:57:20 [INFO]   North Queensland Cowboys                 2 injuries
2026-08-22 23:57:20 [INFO]   Parramatta Eels                          5 injuries
2026-08-22 23:57:20 [INFO]   Penrith Panthers                         3 injuries
2026-08-22 23:57:20 [INFO]   South Sydney Rabbitohs                   6 injuries
2026-08-22 23:57:21 [INFO]   St. George Illawarra Dragons             6 injuries
2026-08-22 23:57:21 [INFO]   Sydney Roosters                          4 injuries
2026-08-22 23:57:21 [INFO]   Wests Tigers                             6 injuries
2026-08-22 23:57:21 [INFO] Zero Tackle total: 80 records across 17 teams
2026-08-22 23:57:21 [INFO] Wrote latest-injuries.json -- 80 player records, round 25
2026-08-22 23:57:21 [INFO] Injuries scraped -- 80 records
[2026-08-22T23:57:21] NRL team news
Written /Users/elliotbladen/BetMate/data/nrl/team-news/latest.json
  Round 25 | Teams: 17 | Injuries: 80 | Suspensions preserved: 0
[2026-08-22T23:57:22] NRL market-moving news
2026-08-22 23:57:22 [INFO] Targeting season=2026 round=25
2026-08-22 23:57:23 [INFO] Fetched NRL Casualty Ward                904 bytes
2026-08-22 23:57:23 [INFO] Fetched NRL Judiciary Report             862 bytes
2026-08-22 23:57:24 [INFO] Fetched NRL News                         798 bytes
2026-08-22 23:57:25 [INFO] Fetched Brisbane Broncos News            805 bytes
2026-08-22 23:57:25 [INFO] Fetched Canterbury-Bankstown Bulldogs News 806 bytes
2026-08-22 23:57:26 [INFO] Fetched Canberra Raiders News            805 bytes
2026-08-22 23:57:27 [INFO] Fetched Cronulla-Sutherland Sharks News  804 bytes
2026-08-22 23:57:27 [INFO] Fetched Dolphins News                    809 bytes
2026-08-22 23:57:28 [INFO] Fetched Gold Coast Titans News           804 bytes
2026-08-22 23:57:29 [INFO] Fetched Manly-Warringah Sea Eagles News  807 bytes
2026-08-22 23:57:29 [INFO] Fetched Melbourne Storm News             812 bytes
2026-08-22 23:57:30 [INFO] Fetched Newcastle Knights News           814 bytes
2026-08-22 23:57:31 [INFO] Fetched New Zealand Warriors News        804 bytes
2026-08-22 23:57:31 [INFO] Fetched North Queensland Cowboys News    805 bytes
2026-08-22 23:57:32 [INFO] Fetched Parramatta Eels News             807 bytes
2026-08-22 23:57:32 [INFO] Fetched Penrith Panthers News            813 bytes
2026-08-22 23:57:33 [INFO] Fetched South Sydney Rabbitohs News      178572 bytes
2026-08-22 23:57:34 [INFO] Fetched St. George Illawarra Dragons News 805 bytes
2026-08-22 23:57:35 [INFO] Fetched Sydney Roosters News             806 bytes
2026-08-22 23:57:36 [INFO] Fetched Wests Tigers News                809 bytes
2026-08-22 23:57:36 [INFO] Wrote 0 flags
2026-08-22 23:57:36 [INFO] JSON: /Users/elliotbladen/BetMate/data/nrl/news_flags/processed/2026/2026-08-22.json
2026-08-22 23:57:36 [INFO] CSV:  /Users/elliotbladen/BetMate/data/nrl/news_flags/processed/2026/2026-08-22.csv
2026-08-22 23:57:36 [INFO] News flags complete -- 0 total, 0 HIGH
[2026-08-22T23:57:36] AFL injuries
2026-08-22 23:57:37 [INFO] Targeting season=2026 round=23
2026-08-22 23:57:37 [INFO] Attempt 1/3 -- AFL injuries R23 2026
2026-08-22 23:57:38 [INFO] Parsed 155 player records across all teams
2026-08-22 23:57:38 [INFO] Wrote latest-injuries.json -- 155 records, round 23
[2026-08-22T23:57:38] Market event log
Wrote 664 events -> /Users/elliotbladen/BetMate/data/market_events/2026_events.csv
  injury: 664
AFL injury refresh pinned to prepared round 23
[2026-08-23T00:57:38] NRL injuries
2026-08-23 00:57:39 [INFO] Targeting season=2026 round=25
2026-08-23 00:57:39 [INFO] Attempt 1/3 -- Zero Tackle injuries R25 2026
2026-08-23 00:57:39 [INFO]   Brisbane Broncos                         5 injuries
2026-08-23 00:57:39 [INFO]   Canberra Raiders                         4 injuries
2026-08-23 00:57:39 [INFO]   Canterbury-Bankstown Bulldogs            5 injuries
2026-08-23 00:57:39 [INFO]   Cronulla-Sutherland Sharks               2 injuries
2026-08-23 00:57:40 [INFO]   Dolphins                                 2 injuries
2026-08-23 00:57:40 [INFO]   Gold Coast Titans                        6 injuries
2026-08-23 00:57:40 [INFO]   Manly-Warringah Sea Eagles               7 injuries
2026-08-23 00:57:40 [INFO]   Melbourne Storm                          6 injuries
2026-08-23 00:57:40 [INFO]   Newcastle Knights                        5 injuries
2026-08-23 00:57:41 [INFO]   New Zealand Warriors                     6 injuries
2026-08-23 00:57:41 [INFO]   North Queensland Cowboys                 2 injuries
2026-08-23 00:57:41 [INFO]   Parramatta Eels                          5 injuries
2026-08-23 00:57:41 [INFO]   Penrith Panthers                         3 injuries
2026-08-23 00:57:41 [INFO]   South Sydney Rabbitohs                   6 injuries
2026-08-23 00:57:42 [INFO]   St. George Illawarra Dragons             6 injuries
2026-08-23 00:57:42 [INFO]   Sydney Roosters                          4 injuries
2026-08-23 00:57:42 [INFO]   Wests Tigers                             6 injuries
2026-08-23 00:57:42 [INFO] Zero Tackle total: 80 records across 17 teams
2026-08-23 00:57:42 [INFO] Wrote latest-injuries.json -- 80 player records, round 25
2026-08-23 00:57:42 [INFO] Injuries scraped -- 80 records
[2026-08-23T00:57:42] NRL team news
Written /Users/elliotbladen/BetMate/data/nrl/team-news/latest.json
  Round 25 | Teams: 17 | Injuries: 80 | Suspensions preserved: 0
[2026-08-23T00:57:44] NRL market-moving news
2026-08-23 00:57:44 [INFO] Targeting season=2026 round=25
2026-08-23 00:57:44 [INFO] Fetched NRL Casualty Ward                904 bytes
2026-08-23 00:57:45 [INFO] Fetched NRL Judiciary Report             862 bytes
2026-08-23 00:57:46 [INFO] Fetched NRL News                         798 bytes
2026-08-23 00:57:46 [INFO] Fetched Brisbane Broncos News            805 bytes
2026-08-23 00:57:47 [INFO] Fetched Canterbury-Bankstown Bulldogs News 806 bytes
2026-08-23 00:57:48 [INFO] Fetched Canberra Raiders News            805 bytes
2026-08-23 00:57:48 [INFO] Fetched Cronulla-Sutherland Sharks News  804 bytes
2026-08-23 00:57:49 [INFO] Fetched Dolphins News                    809 bytes
2026-08-23 00:57:50 [INFO] Fetched Gold Coast Titans News           804 bytes
2026-08-23 00:57:50 [INFO] Fetched Manly-Warringah Sea Eagles News  807 bytes
2026-08-23 00:57:51 [INFO] Fetched Melbourne Storm News             812 bytes
2026-08-23 00:57:52 [INFO] Fetched Newcastle Knights News           814 bytes
2026-08-23 00:57:53 [INFO] Fetched New Zealand Warriors News        804 bytes
2026-08-23 00:57:53 [INFO] Fetched North Queensland Cowboys News    805 bytes
2026-08-23 00:57:54 [INFO] Fetched Parramatta Eels News             807 bytes
2026-08-23 00:57:55 [INFO] Fetched Penrith Panthers News            813 bytes
2026-08-23 00:57:56 [INFO] Fetched South Sydney Rabbitohs News      178572 bytes
2026-08-23 00:57:56 [INFO] Fetched St. George Illawarra Dragons News 805 bytes
2026-08-23 00:57:57 [INFO] Fetched Sydney Roosters News             806 bytes
2026-08-23 00:57:58 [INFO] Fetched Wests Tigers News                809 bytes
2026-08-23 00:57:58 [INFO] Wrote 0 flags
2026-08-23 00:57:58 [INFO] JSON: /Users/elliotbladen/BetMate/data/nrl/news_flags/processed/2026/2026-08-23.json
2026-08-23 00:57:58 [INFO] CSV:  /Users/elliotbladen/BetMate/data/nrl/news_flags/processed/2026/2026-08-23.csv
2026-08-23 00:57:58 [INFO] News flags complete -- 0 total, 0 HIGH
[2026-08-23T00:57:58] AFL injuries
2026-08-23 00:57:58 [INFO] Targeting season=2026 round=23
2026-08-23 00:57:58 [INFO] Attempt 1/3 -- AFL injuries R23 2026
2026-08-23 00:58:00 [INFO] Parsed 155 player records across all teams
2026-08-23 00:58:00 [INFO] Wrote latest-injuries.json -- 155 records, round 23
[2026-08-23T00:58:00] Market event log
Wrote 664 events -> /Users/elliotbladen/BetMate/data/market_events/2026_events.csv
  injury: 664
AFL injury refresh pinned to prepared round 23
[2026-08-23T02:32:09] NRL injuries
2026-08-23 02:32:10 [INFO] Targeting season=2026 round=25
2026-08-23 02:32:10 [INFO] Attempt 1/3 -- Zero Tackle injuries R25 2026
2026-08-23 02:32:10 [INFO]   Brisbane Broncos                         5 injuries
2026-08-23 02:32:10 [INFO]   Canberra Raiders                         4 injuries
2026-08-23 02:32:11 [INFO]   Canterbury-Bankstown Bulldogs            5 injuries
2026-08-23 02:32:11 [INFO]   Cronulla-Sutherland Sharks               2 injuries
2026-08-23 02:32:11 [INFO]   Dolphins                                 2 injuries
2026-08-23 02:32:11 [INFO]   Gold Coast Titans                        6 injuries
2026-08-23 02:32:11 [INFO]   Manly-Warringah Sea Eagles               7 injuries
2026-08-23 02:32:12 [INFO]   Melbourne Storm                          6 injuries
2026-08-23 02:32:12 [INFO]   Newcastle Knights                        5 injuries
2026-08-23 02:32:12 [INFO]   New Zealand Warriors                     6 injuries
2026-08-23 02:32:12 [INFO]   North Queensland Cowboys                 2 injuries
2026-08-23 02:32:12 [INFO]   Parramatta Eels                          5 injuries
2026-08-23 02:32:13 [INFO]   Penrith Panthers                         3 injuries
2026-08-23 02:32:13 [INFO]   South Sydney Rabbitohs                   6 injuries
2026-08-23 02:32:13 [INFO]   St. George Illawarra Dragons             6 injuries
2026-08-23 02:32:13 [INFO]   Sydney Roosters                          4 injuries
2026-08-23 02:32:13 [INFO]   Wests Tigers                             6 injuries
2026-08-23 02:32:13 [INFO] Zero Tackle total: 80 records across 17 teams
2026-08-23 02:32:13 [INFO] Wrote latest-injuries.json -- 80 player records, round 25
2026-08-23 02:32:13 [INFO] Injuries scraped -- 80 records
[2026-08-23T02:32:14] NRL team news
Written /Users/elliotbladen/BetMate/data/nrl/team-news/latest.json
  Round 25 | Teams: 17 | Injuries: 80 | Suspensions preserved: 0
[2026-08-23T02:32:15] NRL market-moving news
2026-08-23 02:32:16 [INFO] Targeting season=2026 round=25
2026-08-23 02:32:16 [INFO] Fetched NRL Casualty Ward                904 bytes
2026-08-23 02:32:16 [INFO] Fetched NRL Judiciary Report             862 bytes
2026-08-23 02:32:17 [INFO] Fetched NRL News                         798 bytes
2026-08-23 02:32:18 [INFO] Fetched Brisbane Broncos News            805 bytes
2026-08-23 02:32:19 [INFO] Fetched Canterbury-Bankstown Bulldogs News 806 bytes
2026-08-23 02:32:20 [INFO] Fetched Canberra Raiders News            805 bytes
2026-08-23 02:32:20 [INFO] Fetched Cronulla-Sutherland Sharks News  804 bytes
2026-08-23 02:32:21 [INFO] Fetched Dolphins News                    809 bytes
2026-08-23 02:32:22 [INFO] Fetched Gold Coast Titans News           804 bytes
2026-08-23 02:32:23 [INFO] Fetched Manly-Warringah Sea Eagles News  807 bytes
2026-08-23 02:32:24 [INFO] Fetched Melbourne Storm News             812 bytes
2026-08-23 02:32:24 [INFO] Fetched Newcastle Knights News           814 bytes
2026-08-23 02:32:25 [INFO] Fetched New Zealand Warriors News        804 bytes
2026-08-23 02:32:26 [INFO] Fetched North Queensland Cowboys News    805 bytes
2026-08-23 02:32:27 [INFO] Fetched Parramatta Eels News             807 bytes
2026-08-23 02:32:28 [INFO] Fetched Penrith Panthers News            813 bytes
2026-08-23 02:32:29 [INFO] Fetched South Sydney Rabbitohs News      178572 bytes
2026-08-23 02:32:31 [INFO] Fetched St. George Illawarra Dragons News 805 bytes
2026-08-23 02:32:33 [INFO] Fetched Sydney Roosters News             806 bytes
2026-08-23 02:32:34 [INFO] Fetched Wests Tigers News                809 bytes
2026-08-23 02:32:34 [INFO] Wrote 0 flags
2026-08-23 02:32:34 [INFO] JSON: /Users/elliotbladen/BetMate/data/nrl/news_flags/processed/2026/2026-08-23.json
2026-08-23 02:32:34 [INFO] CSV:  /Users/elliotbladen/BetMate/data/nrl/news_flags/processed/2026/2026-08-23.csv
2026-08-23 02:32:34 [INFO] News flags complete -- 0 total, 0 HIGH
[2026-08-23T02:32:35] AFL injuries
2026-08-23 02:32:37 [INFO] Targeting season=2026 round=23
2026-08-23 02:32:37 [INFO] Attempt 1/3 -- AFL injuries R23 2026
2026-08-23 02:32:38 [INFO] Parsed 155 player records across all teams
2026-08-23 02:32:38 [INFO] Wrote latest-injuries.json -- 155 records, round 23
[2026-08-23T02:32:39] Market event log
Wrote 664 events -> /Users/elliotbladen/BetMate/data/market_events/2026_events.csv
  injury: 664
AFL injury refresh pinned to prepared round 23
[2026-08-23T08:37:13] NRL injuries
2026-08-23 08:37:14 [INFO] Targeting season=2026 round=25
2026-08-23 08:37:14 [INFO] Attempt 1/3 -- Zero Tackle injuries R25 2026
2026-08-23 08:37:14 [INFO]   Brisbane Broncos                         5 injuries
2026-08-23 08:37:14 [INFO]   Canberra Raiders                         4 injuries
2026-08-23 08:37:14 [INFO]   Canterbury-Bankstown Bulldogs            5 injuries
2026-08-23 08:37:15 [INFO]   Cronulla-Sutherland Sharks               2 injuries
2026-08-23 08:37:15 [INFO]   Dolphins                                 2 injuries
2026-08-23 08:37:16 [INFO]   Gold Coast Titans                        6 injuries
2026-08-23 08:37:17 [INFO]   Manly-Warringah Sea Eagles               7 injuries
2026-08-23 08:37:17 [INFO]   Melbourne Storm                          6 injuries
2026-08-23 08:37:19 [INFO]   Newcastle Knights                        5 injuries
2026-08-23 08:37:19 [INFO]   New Zealand Warriors                     6 injuries
2026-08-23 08:37:20 [INFO]   North Queensland Cowboys                 2 injuries
2026-08-23 08:37:20 [INFO]   Parramatta Eels                          5 injuries
2026-08-23 08:37:21 [INFO]   Penrith Panthers                         3 injuries
2026-08-23 08:37:21 [INFO]   South Sydney Rabbitohs                   6 injuries
2026-08-23 08:37:21 [INFO]   St. George Illawarra Dragons             6 injuries
2026-08-23 08:37:21 [INFO]   Sydney Roosters                          4 injuries
2026-08-23 08:37:22 [INFO]   Wests Tigers                             6 injuries
2026-08-23 08:37:22 [INFO] Zero Tackle total: 80 records across 17 teams
2026-08-23 08:37:22 [INFO] Wrote latest-injuries.json -- 80 player records, round 25
2026-08-23 08:37:22 [INFO] Injuries scraped -- 80 records
[2026-08-23T08:37:23] NRL team news
Written /Users/elliotbladen/BetMate/data/nrl/team-news/latest.json
  Round 25 | Teams: 17 | Injuries: 80 | Suspensions preserved: 0
[2026-08-23T08:37:24] NRL market-moving news
2026-08-23 08:37:24 [INFO] Targeting season=2026 round=25
2026-08-23 08:37:25 [INFO] Fetched NRL Casualty Ward                904 bytes
2026-08-23 08:37:25 [INFO] Fetched NRL Judiciary Report             862 bytes
2026-08-23 08:37:26 [INFO] Fetched NRL News                         798 bytes
2026-08-23 08:37:26 [INFO] Fetched Brisbane Broncos News            805 bytes
2026-08-23 08:37:27 [INFO] Fetched Canterbury-Bankstown Bulldogs News 806 bytes
2026-08-23 08:37:28 [INFO] Fetched Canberra Raiders News            805 bytes
2026-08-23 08:37:28 [INFO] Fetched Cronulla-Sutherland Sharks News  804 bytes
2026-08-23 08:37:29 [INFO] Fetched Dolphins News                    809 bytes
2026-08-23 08:37:29 [INFO] Fetched Gold Coast Titans News           804 bytes
2026-08-23 08:37:30 [INFO] Fetched Manly-Warringah Sea Eagles News  807 bytes
2026-08-23 08:37:31 [INFO] Fetched Melbourne Storm News             812 bytes
2026-08-23 08:37:31 [INFO] Fetched Newcastle Knights News           814 bytes
2026-08-23 08:37:32 [INFO] Fetched New Zealand Warriors News        804 bytes
2026-08-23 08:37:33 [INFO] Fetched North Queensland Cowboys News    805 bytes
2026-08-23 08:37:33 [INFO] Fetched Parramatta Eels News             807 bytes
2026-08-23 08:37:34 [INFO] Fetched Penrith Panthers News            813 bytes
2026-08-23 08:37:35 [INFO] Fetched South Sydney Rabbitohs News      178580 bytes
2026-08-23 08:37:35 [INFO] Fetched St. George Illawarra Dragons News 805 bytes
2026-08-23 08:37:36 [INFO] Fetched Sydney Roosters News             806 bytes
2026-08-23 08:37:37 [INFO] Fetched Wests Tigers News                809 bytes
2026-08-23 08:37:37 [INFO] Wrote 0 flags
2026-08-23 08:37:37 [INFO] JSON: /Users/elliotbladen/BetMate/data/nrl/news_flags/processed/2026/2026-08-23.json
2026-08-23 08:37:37 [INFO] CSV:  /Users/elliotbladen/BetMate/data/nrl/news_flags/processed/2026/2026-08-23.csv
2026-08-23 08:37:37 [INFO] News flags complete -- 0 total, 0 HIGH
[2026-08-23T08:37:37] AFL injuries
2026-08-23 08:37:37 [INFO] Targeting season=2026 round=23
2026-08-23 08:37:37 [INFO] Attempt 1/3 -- AFL injuries R23 2026
2026-08-23 08:37:39 [INFO] Parsed 155 player records across all teams
2026-08-23 08:37:39 [INFO] Wrote latest-injuries.json -- 155 records, round 23
[2026-08-23T08:37:39] Market event log
Wrote 664 events -> /Users/elliotbladen/BetMate/data/market_events/2026_events.csv
  injury: 664
AFL injury refresh pinned to prepared round 23
[2026-08-23T09:37:39] NRL injuries
2026-08-23 09:37:40 [INFO] Targeting season=2026 round=25
2026-08-23 09:37:40 [INFO] Attempt 1/3 -- Zero Tackle injuries R25 2026
2026-08-23 09:37:40 [INFO]   Brisbane Broncos                         5 injuries
2026-08-23 09:37:40 [INFO]   Canberra Raiders                         4 injuries
2026-08-23 09:37:40 [INFO]   Canterbury-Bankstown Bulldogs            5 injuries
2026-08-23 09:37:40 [INFO]   Cronulla-Sutherland Sharks               2 injuries
2026-08-23 09:37:40 [INFO]   Dolphins                                 2 injuries
2026-08-23 09:37:41 [INFO]   Gold Coast Titans                        6 injuries
2026-08-23 09:37:41 [INFO]   Manly-Warringah Sea Eagles               7 injuries
2026-08-23 09:37:41 [INFO]   Melbourne Storm                          6 injuries
2026-08-23 09:37:41 [INFO]   Newcastle Knights                        5 injuries
2026-08-23 09:37:41 [INFO]   New Zealand Warriors                     6 injuries
2026-08-23 09:37:42 [INFO]   North Queensland Cowboys                 2 injuries
2026-08-23 09:37:42 [INFO]   Parramatta Eels                          5 injuries
2026-08-23 09:37:42 [INFO]   Penrith Panthers                         3 injuries
2026-08-23 09:37:42 [INFO]   South Sydney Rabbitohs                   6 injuries
2026-08-23 09:37:42 [INFO]   St. George Illawarra Dragons             6 injuries
2026-08-23 09:37:43 [INFO]   Sydney Roosters                          4 injuries
2026-08-23 09:37:44 [INFO]   Wests Tigers                             6 injuries
2026-08-23 09:37:44 [INFO] Zero Tackle total: 80 records across 17 teams
2026-08-23 09:37:44 [INFO] Wrote latest-injuries.json -- 80 player records, round 25
2026-08-23 09:37:44 [INFO] Injuries scraped -- 80 records
[2026-08-23T09:37:44] NRL team news
Written /Users/elliotbladen/BetMate/data/nrl/team-news/latest.json
  Round 25 | Teams: 17 | Injuries: 80 | Suspensions preserved: 0
[2026-08-23T09:37:45] NRL market-moving news
2026-08-23 09:37:45 [INFO] Targeting season=2026 round=25
2026-08-23 09:37:46 [INFO] Fetched NRL Casualty Ward                904 bytes
2026-08-23 09:37:46 [INFO] Fetched NRL Judiciary Report             862 bytes
2026-08-23 09:37:47 [INFO] Fetched NRL News                         798 bytes
2026-08-23 09:37:48 [INFO] Fetched Brisbane Broncos News            805 bytes
2026-08-23 09:37:48 [INFO] Fetched Canterbury-Bankstown Bulldogs News 806 bytes
2026-08-23 09:37:49 [INFO] Fetched Canberra Raiders News            805 bytes
2026-08-23 09:37:49 [INFO] Fetched Cronulla-Sutherland Sharks News  804 bytes
2026-08-23 09:37:50 [INFO] Fetched Dolphins News                    809 bytes
2026-08-23 09:37:51 [INFO] Fetched Gold Coast Titans News           804 bytes
2026-08-23 09:37:51 [INFO] Fetched Manly-Warringah Sea Eagles News  807 bytes
2026-08-23 09:37:52 [INFO] Fetched Melbourne Storm News             812 bytes
2026-08-23 09:37:53 [INFO] Fetched Newcastle Knights News           814 bytes
2026-08-23 09:37:53 [INFO] Fetched New Zealand Warriors News        804 bytes
2026-08-23 09:37:54 [INFO] Fetched North Queensland Cowboys News    805 bytes
2026-08-23 09:37:54 [INFO] Fetched Parramatta Eels News             807 bytes
2026-08-23 09:37:55 [INFO] Fetched Penrith Panthers News            813 bytes
2026-08-23 09:37:56 [INFO] Fetched South Sydney Rabbitohs News      178580 bytes
2026-08-23 09:37:57 [INFO] Fetched St. George Illawarra Dragons News 805 bytes
2026-08-23 09:37:57 [INFO] Fetched Sydney Roosters News             806 bytes
2026-08-23 09:37:58 [INFO] Fetched Wests Tigers News                809 bytes
2026-08-23 09:37:58 [INFO] Wrote 0 flags
2026-08-23 09:37:58 [INFO] JSON: /Users/elliotbladen/BetMate/data/nrl/news_flags/processed/2026/2026-08-23.json
2026-08-23 09:37:58 [INFO] CSV:  /Users/elliotbladen/BetMate/data/nrl/news_flags/processed/2026/2026-08-23.csv
2026-08-23 09:37:58 [INFO] News flags complete -- 0 total, 0 HIGH
[2026-08-23T09:37:58] AFL injuries
2026-08-23 09:37:59 [INFO] Targeting season=2026 round=23
2026-08-23 09:37:59 [INFO] Attempt 1/3 -- AFL injuries R23 2026
2026-08-23 09:38:00 [INFO] Parsed 155 player records across all teams
2026-08-23 09:38:00 [INFO] Wrote latest-injuries.json -- 155 records, round 23
[2026-08-23T09:38:00] Market event log
Wrote 664 events -> /Users/elliotbladen/BetMate/data/market_events/2026_events.csv
  injury: 664
AFL injury refresh pinned to prepared round 23
[2026-08-23T10:38:00] NRL injuries
2026-08-23 10:38:01 [INFO] Targeting season=2026 round=25
2026-08-23 10:38:01 [INFO] Attempt 1/3 -- Zero Tackle injuries R25 2026
2026-08-23 10:38:01 [INFO]   Brisbane Broncos                         5 injuries
2026-08-23 10:38:01 [INFO]   Canberra Raiders                         4 injuries
2026-08-23 10:38:01 [INFO]   Canterbury-Bankstown Bulldogs            5 injuries
2026-08-23 10:38:01 [INFO]   Cronulla-Sutherland Sharks               2 injuries
2026-08-23 10:38:02 [INFO]   Dolphins                                 2 injuries
2026-08-23 10:38:02 [INFO]   Gold Coast Titans                        6 injuries
2026-08-23 10:38:02 [INFO]   Manly-Warringah Sea Eagles               7 injuries
2026-08-23 10:38:02 [INFO]   Melbourne Storm                          6 injuries
2026-08-23 10:38:03 [INFO]   Newcastle Knights                        5 injuries
2026-08-23 10:38:03 [INFO]   New Zealand Warriors                     6 injuries
2026-08-23 10:38:03 [INFO]   North Queensland Cowboys                 2 injuries
2026-08-23 10:38:04 [INFO]   Parramatta Eels                          5 injuries
2026-08-23 10:38:04 [INFO]   Penrith Panthers                         3 injuries
2026-08-23 10:38:04 [INFO]   South Sydney Rabbitohs                   6 injuries
2026-08-23 10:38:04 [INFO]   St. George Illawarra Dragons             6 injuries
2026-08-23 10:38:05 [INFO]   Sydney Roosters                          4 injuries
2026-08-23 10:38:05 [INFO]   Wests Tigers                             6 injuries
2026-08-23 10:38:05 [INFO] Zero Tackle total: 80 records across 17 teams
2026-08-23 10:38:05 [INFO] Wrote latest-injuries.json -- 80 player records, round 25
2026-08-23 10:38:05 [INFO] Injuries scraped -- 80 records
[2026-08-23T10:38:05] NRL team news
Written /Users/elliotbladen/BetMate/data/nrl/team-news/latest.json
  Round 25 | Teams: 17 | Injuries: 80 | Suspensions preserved: 0
[2026-08-23T10:38:06] NRL market-moving news
2026-08-23 10:38:07 [INFO] Targeting season=2026 round=25
2026-08-23 10:38:07 [INFO] Fetched NRL Casualty Ward                904 bytes
2026-08-23 10:38:08 [INFO] Fetched NRL Judiciary Report             862 bytes
2026-08-23 10:38:08 [INFO] Fetched NRL News                         798 bytes
2026-08-23 10:38:09 [INFO] Fetched Brisbane Broncos News            805 bytes
2026-08-23 10:38:10 [INFO] Fetched Canterbury-Bankstown Bulldogs News 806 bytes
2026-08-23 10:38:11 [INFO] Fetched Canberra Raiders News            805 bytes
2026-08-23 10:38:11 [INFO] Fetched Cronulla-Sutherland Sharks News  804 bytes
2026-08-23 10:38:12 [INFO] Fetched Dolphins News                    809 bytes
2026-08-23 10:38:13 [INFO] Fetched Gold Coast Titans News           804 bytes
2026-08-23 10:38:13 [INFO] Fetched Manly-Warringah Sea Eagles News  807 bytes
2026-08-23 10:38:14 [INFO] Fetched Melbourne Storm News             812 bytes
2026-08-23 10:38:14 [INFO] Fetched Newcastle Knights News           814 bytes
2026-08-23 10:38:15 [INFO] Fetched New Zealand Warriors News        804 bytes
2026-08-23 10:38:16 [INFO] Fetched North Queensland Cowboys News    805 bytes
2026-08-23 10:38:16 [INFO] Fetched Parramatta Eels News             807 bytes
2026-08-23 10:38:17 [INFO] Fetched Penrith Panthers News            813 bytes
2026-08-23 10:38:18 [INFO] Fetched South Sydney Rabbitohs News      178580 bytes
2026-08-23 10:38:18 [INFO] Fetched St. George Illawarra Dragons News 805 bytes
2026-08-23 10:38:19 [INFO] Fetched Sydney Roosters News             806 bytes
2026-08-23 10:38:19 [INFO] Fetched Wests Tigers News                809 bytes
2026-08-23 10:38:20 [INFO] Wrote 0 flags
2026-08-23 10:38:20 [INFO] JSON: /Users/elliotbladen/BetMate/data/nrl/news_flags/processed/2026/2026-08-23.json
2026-08-23 10:38:20 [INFO] CSV:  /Users/elliotbladen/BetMate/data/nrl/news_flags/processed/2026/2026-08-23.csv
2026-08-23 10:38:20 [INFO] News flags complete -- 0 total, 0 HIGH
[2026-08-23T10:38:20] AFL injuries
2026-08-23 10:38:20 [INFO] Targeting season=2026 round=23
2026-08-23 10:38:20 [INFO] Attempt 1/3 -- AFL injuries R23 2026
2026-08-23 10:38:22 [INFO] Parsed 155 player records across all teams
2026-08-23 10:38:22 [INFO] Wrote latest-injuries.json -- 155 records, round 23
[2026-08-23T10:38:22] Market event log
Wrote 664 events -> /Users/elliotbladen/BetMate/data/market_events/2026_events.csv
  injury: 664
AFL injury refresh pinned to prepared round 23
[2026-08-23T11:38:22] NRL injuries
2026-08-23 11:38:22 [INFO] Targeting season=2026 round=25
2026-08-23 11:38:22 [INFO] Attempt 1/3 -- Zero Tackle injuries R25 2026
2026-08-23 11:38:23 [INFO]   Brisbane Broncos                         5 injuries
2026-08-23 11:38:23 [INFO]   Canberra Raiders                         4 injuries
2026-08-23 11:38:23 [INFO]   Canterbury-Bankstown Bulldogs            5 injuries
2026-08-23 11:38:23 [INFO]   Cronulla-Sutherland Sharks               2 injuries
2026-08-23 11:38:24 [INFO]   Dolphins                                 2 injuries
2026-08-23 11:38:24 [INFO]   Gold Coast Titans                        6 injuries
2026-08-23 11:38:24 [INFO]   Manly-Warringah Sea Eagles               7 injuries
2026-08-23 11:38:24 [INFO]   Melbourne Storm                          6 injuries
2026-08-23 11:38:24 [INFO]   Newcastle Knights                        5 injuries
2026-08-23 11:38:25 [INFO]   New Zealand Warriors                     6 injuries
2026-08-23 11:38:25 [INFO]   North Queensland Cowboys                 2 injuries
2026-08-23 11:38:25 [INFO]   Parramatta Eels                          5 injuries
2026-08-23 11:38:25 [INFO]   Penrith Panthers                         3 injuries
2026-08-23 11:38:26 [INFO]   South Sydney Rabbitohs                   6 injuries
2026-08-23 11:38:26 [INFO]   St. George Illawarra Dragons             6 injuries
2026-08-23 11:38:26 [INFO]   Sydney Roosters                          4 injuries
2026-08-23 11:38:26 [INFO]   Wests Tigers                             6 injuries
2026-08-23 11:38:26 [INFO] Zero Tackle total: 80 records across 17 teams
2026-08-23 11:38:26 [INFO] Wrote latest-injuries.json -- 80 player records, round 25
2026-08-23 11:38:26 [INFO] Injuries scraped -- 80 records
[2026-08-23T11:38:26] NRL team news
Written /Users/elliotbladen/BetMate/data/nrl/team-news/latest.json
  Round 25 | Teams: 17 | Injuries: 80 | Suspensions preserved: 0
[2026-08-23T11:38:28] NRL market-moving news
2026-08-23 11:38:28 [INFO] Targeting season=2026 round=25
2026-08-23 11:38:28 [INFO] Fetched NRL Casualty Ward                904 bytes
2026-08-23 11:38:29 [INFO] Fetched NRL Judiciary Report             862 bytes
2026-08-23 11:38:29 [INFO] Fetched NRL News                         798 bytes
2026-08-23 11:38:30 [INFO] Fetched Brisbane Broncos News            805 bytes
2026-08-23 11:38:31 [INFO] Fetched Canterbury-Bankstown Bulldogs News 806 bytes
2026-08-23 11:38:31 [INFO] Fetched Canberra Raiders News            805 bytes
2026-08-23 11:38:32 [INFO] Fetched Cronulla-Sutherland Sharks News  804 bytes
2026-08-23 11:38:33 [INFO] Fetched Dolphins News                    809 bytes
2026-08-23 11:38:33 [INFO] Fetched Gold Coast Titans News           804 bytes
2026-08-23 11:38:34 [INFO] Fetched Manly-Warringah Sea Eagles News  807 bytes
2026-08-23 11:38:35 [INFO] Fetched Melbourne Storm News             812 bytes
2026-08-23 11:38:35 [INFO] Fetched Newcastle Knights News           814 bytes
2026-08-23 11:38:36 [INFO] Fetched New Zealand Warriors News        804 bytes
2026-08-23 11:38:36 [INFO] Fetched North Queensland Cowboys News    805 bytes
2026-08-23 11:38:37 [INFO] Fetched Parramatta Eels News             807 bytes
2026-08-23 11:38:38 [INFO] Fetched Penrith Panthers News            813 bytes
2026-08-23 11:38:38 [INFO] Fetched South Sydney Rabbitohs News      178580 bytes
2026-08-23 11:38:39 [INFO] Fetched St. George Illawarra Dragons News 805 bytes
2026-08-23 11:38:40 [INFO] Fetched Sydney Roosters News             806 bytes
2026-08-23 11:38:40 [INFO] Fetched Wests Tigers News                809 bytes
2026-08-23 11:38:41 [INFO] Wrote 0 flags
2026-08-23 11:38:41 [INFO] JSON: /Users/elliotbladen/BetMate/data/nrl/news_flags/processed/2026/2026-08-23.json
2026-08-23 11:38:41 [INFO] CSV:  /Users/elliotbladen/BetMate/data/nrl/news_flags/processed/2026/2026-08-23.csv
2026-08-23 11:38:41 [INFO] News flags complete -- 0 total, 0 HIGH
[2026-08-23T11:38:41] AFL injuries
2026-08-23 11:38:41 [INFO] Targeting season=2026 round=23
2026-08-23 11:38:41 [INFO] Attempt 1/3 -- AFL injuries R23 2026
2026-08-23 11:38:42 [INFO] Parsed 155 player records across all teams
2026-08-23 11:38:42 [INFO] Wrote latest-injuries.json -- 155 records, round 23
[2026-08-23T11:38:42] Market event log
Wrote 664 events -> /Users/elliotbladen/BetMate/data/market_events/2026_events.csv
  injury: 664
AFL injury refresh pinned to prepared round 23
[2026-08-23T15:45:28] NRL injuries
2026-08-23 15:45:29 [INFO] Targeting season=2026 round=25
2026-08-23 15:45:29 [INFO] Attempt 1/3 -- Zero Tackle injuries R25 2026
2026-08-23 15:45:29 [INFO]   Brisbane Broncos                         5 injuries
2026-08-23 15:45:29 [INFO]   Canberra Raiders                         4 injuries
2026-08-23 15:45:30 [INFO]   Canterbury-Bankstown Bulldogs            5 injuries
2026-08-23 15:45:31 [INFO]   Cronulla-Sutherland Sharks               2 injuries
2026-08-23 15:45:31 [INFO]   Dolphins                                 2 injuries
2026-08-23 15:45:33 [INFO]   Gold Coast Titans                        6 injuries
2026-08-23 15:45:34 [INFO]   Manly-Warringah Sea Eagles               7 injuries
2026-08-23 15:45:35 [INFO]   Melbourne Storm                          6 injuries
2026-08-23 15:45:37 [INFO]   Newcastle Knights                        5 injuries
2026-08-23 15:45:38 [INFO]   New Zealand Warriors                     6 injuries
2026-08-23 15:45:40 [INFO]   North Queensland Cowboys                 2 injuries
2026-08-23 15:45:41 [INFO]   Parramatta Eels                          5 injuries
2026-08-23 15:45:42 [INFO]   Penrith Panthers                         3 injuries
2026-08-23 15:45:43 [INFO]   South Sydney Rabbitohs                   6 injuries
2026-08-23 15:45:44 [INFO]   St. George Illawarra Dragons             6 injuries
2026-08-23 15:45:45 [INFO]   Sydney Roosters                          4 injuries
2026-08-23 15:45:46 [INFO]   Wests Tigers                             6 injuries
2026-08-23 15:45:46 [INFO] Zero Tackle total: 80 records across 17 teams
2026-08-23 15:45:46 [INFO] Wrote latest-injuries.json -- 80 player records, round 25
2026-08-23 15:45:46 [INFO] Injuries scraped -- 80 records
[2026-08-23T15:45:46] NRL team news
Written /Users/elliotbladen/BetMate/data/nrl/team-news/latest.json
  Round 25 | Teams: 17 | Injuries: 80 | Suspensions preserved: 0
[2026-08-23T15:45:48] NRL market-moving news
2026-08-23 15:45:48 [INFO] Targeting season=2026 round=25
2026-08-23 15:45:48 [INFO] Fetched NRL Casualty Ward                904 bytes
2026-08-23 15:45:49 [INFO] Fetched NRL Judiciary Report             862 bytes
2026-08-23 15:45:50 [INFO] Fetched NRL News                         798 bytes
2026-08-23 15:45:50 [INFO] Fetched Brisbane Broncos News            805 bytes
2026-08-23 15:45:51 [INFO] Fetched Canterbury-Bankstown Bulldogs News 806 bytes
2026-08-23 15:45:52 [INFO] Fetched Canberra Raiders News            805 bytes
2026-08-23 15:45:53 [INFO] Fetched Cronulla-Sutherland Sharks News  804 bytes
2026-08-23 15:45:53 [INFO] Fetched Dolphins News                    809 bytes
2026-08-23 15:45:54 [INFO] Fetched Gold Coast Titans News           804 bytes
2026-08-23 15:45:54 [INFO] Fetched Manly-Warringah Sea Eagles News  807 bytes
2026-08-23 15:45:55 [INFO] Fetched Melbourne Storm News             812 bytes
2026-08-23 15:45:56 [INFO] Fetched Newcastle Knights News           814 bytes
2026-08-23 15:45:56 [INFO] Fetched New Zealand Warriors News        804 bytes
2026-08-23 15:45:57 [INFO] Fetched North Queensland Cowboys News    805 bytes
2026-08-23 15:45:58 [INFO] Fetched Parramatta Eels News             807 bytes
2026-08-23 15:46:01 [INFO] Fetched Penrith Panthers News            813 bytes
2026-08-23 15:46:01 [INFO] Fetched South Sydney Rabbitohs News      178580 bytes
2026-08-23 15:46:02 [INFO] Fetched St. George Illawarra Dragons News 805 bytes
2026-08-23 15:46:03 [INFO] Fetched Sydney Roosters News             806 bytes
2026-08-23 15:46:04 [INFO] Fetched Wests Tigers News                809 bytes
2026-08-23 15:46:04 [INFO] Wrote 0 flags
2026-08-23 15:46:04 [INFO] JSON: /Users/elliotbladen/BetMate/data/nrl/news_flags/processed/2026/2026-08-23.json
2026-08-23 15:46:04 [INFO] CSV:  /Users/elliotbladen/BetMate/data/nrl/news_flags/processed/2026/2026-08-23.csv
2026-08-23 15:46:04 [INFO] News flags complete -- 0 total, 0 HIGH
[2026-08-23T15:46:04] AFL injuries
2026-08-23 15:46:04 [INFO] Targeting season=2026 round=23
2026-08-23 15:46:04 [INFO] Attempt 1/3 -- AFL injuries R23 2026
2026-08-23 15:46:06 [INFO] Parsed 155 player records across all teams
2026-08-23 15:46:06 [INFO] Wrote latest-injuries.json -- 155 records, round 23
[2026-08-23T15:46:06] Market event log
Wrote 664 events -> /Users/elliotbladen/BetMate/data/market_events/2026_events.csv
  injury: 664
AFL injury refresh pinned to prepared round 23
[2026-08-23T16:46:06] NRL injuries
2026-08-23 16:46:07 [INFO] Targeting season=2026 round=25
2026-08-23 16:46:07 [INFO] Attempt 1/3 -- Zero Tackle injuries R25 2026
2026-08-23 16:46:08 [INFO]   Brisbane Broncos                         5 injuries
2026-08-23 16:46:09 [INFO]   Canberra Raiders                         4 injuries
2026-08-23 16:46:11 [INFO]   Canterbury-Bankstown Bulldogs            5 injuries
2026-08-23 16:46:12 [INFO]   Cronulla-Sutherland Sharks               2 injuries
2026-08-23 16:46:13 [INFO]   Dolphins                                 2 injuries
2026-08-23 16:46:15 [INFO]   Gold Coast Titans                        7 injuries
2026-08-23 16:46:16 [INFO]   Manly-Warringah Sea Eagles               7 injuries
2026-08-23 16:46:17 [INFO]   Melbourne Storm                          6 injuries
2026-08-23 16:46:19 [INFO]   Newcastle Knights                        5 injuries
2026-08-23 16:46:21 [INFO]   New Zealand Warriors                     6 injuries
2026-08-23 16:46:22 [INFO]   North Queensland Cowboys                 2 injuries
2026-08-23 16:46:23 [INFO]   Parramatta Eels                          5 injuries
2026-08-23 16:46:24 [INFO]   Penrith Panthers                         3 injuries
2026-08-23 16:46:25 [INFO]   South Sydney Rabbitohs                   6 injuries
2026-08-23 16:46:26 [INFO]   St. George Illawarra Dragons             6 injuries
2026-08-23 16:46:26 [INFO]   Sydney Roosters                          4 injuries
2026-08-23 16:46:28 [INFO]   Wests Tigers                             6 injuries
2026-08-23 16:46:28 [INFO] Zero Tackle total: 81 records across 17 teams
2026-08-23 16:46:28 [INFO] Wrote latest-injuries.json -- 81 player records, round 25
2026-08-23 16:46:28 [INFO] Injuries scraped -- 81 records
[2026-08-23T16:46:28] NRL team news
Written /Users/elliotbladen/BetMate/data/nrl/team-news/latest.json
  Round 25 | Teams: 17 | Injuries: 81 | Suspensions preserved: 0
[2026-08-23T16:46:29] NRL market-moving news
2026-08-23 16:46:30 [INFO] Targeting season=2026 round=25
2026-08-23 16:46:30 [INFO] Fetched NRL Casualty Ward                904 bytes
2026-08-23 16:46:30 [INFO] Fetched NRL Judiciary Report             862 bytes
2026-08-23 16:46:31 [INFO] Fetched NRL News                         798 bytes
2026-08-23 16:46:32 [INFO] Fetched Brisbane Broncos News            805 bytes
2026-08-23 16:46:32 [INFO] Fetched Canterbury-Bankstown Bulldogs News 806 bytes
2026-08-23 16:46:33 [INFO] Fetched Canberra Raiders News            805 bytes
2026-08-23 16:46:34 [INFO] Fetched Cronulla-Sutherland Sharks News  804 bytes
2026-08-23 16:46:34 [INFO] Fetched Dolphins News                    809 bytes
2026-08-23 16:46:35 [INFO] Fetched Gold Coast Titans News           804 bytes
2026-08-23 16:46:35 [INFO] Fetched Manly-Warringah Sea Eagles News  807 bytes
2026-08-23 16:46:36 [INFO] Fetched Melbourne Storm News             812 bytes
2026-08-23 16:46:37 [INFO] Fetched Newcastle Knights News           814 bytes
2026-08-23 16:46:38 [INFO] Fetched New Zealand Warriors News        804 bytes
2026-08-23 16:46:38 [INFO] Fetched North Queensland Cowboys News    805 bytes
2026-08-23 16:46:39 [INFO] Fetched Parramatta Eels News             807 bytes
2026-08-23 16:46:40 [INFO] Fetched Penrith Panthers News            813 bytes
2026-08-23 16:46:41 [INFO] Fetched South Sydney Rabbitohs News      178580 bytes
2026-08-23 16:46:41 [INFO] Fetched St. George Illawarra Dragons News 805 bytes
2026-08-23 16:46:42 [INFO] Fetched Sydney Roosters News             806 bytes
2026-08-23 16:46:43 [INFO] Fetched Wests Tigers News                809 bytes
2026-08-23 16:46:43 [INFO] Wrote 0 flags
2026-08-23 16:46:43 [INFO] JSON: /Users/elliotbladen/BetMate/data/nrl/news_flags/processed/2026/2026-08-23.json
2026-08-23 16:46:43 [INFO] CSV:  /Users/elliotbladen/BetMate/data/nrl/news_flags/processed/2026/2026-08-23.csv
2026-08-23 16:46:43 [INFO] News flags complete -- 0 total, 0 HIGH
[2026-08-23T16:46:43] AFL injuries
2026-08-23 16:46:43 [INFO] Targeting season=2026 round=23
2026-08-23 16:46:43 [INFO] Attempt 1/3 -- AFL injuries R23 2026
2026-08-23 16:46:45 [INFO] Parsed 155 player records across all teams
2026-08-23 16:46:45 [INFO] Wrote latest-injuries.json -- 155 records, round 23
[2026-08-23T16:46:45] Market event log
Wrote 665 events -> /Users/elliotbladen/BetMate/data/market_events/2026_events.csv
  injury: 665
AFL injury refresh pinned to prepared round 23
[2026-08-23T17:50:28] NRL injuries
2026-08-23 17:50:35 [INFO] Targeting season=2026 round=25
2026-08-23 17:50:35 [INFO] Attempt 1/3 -- Zero Tackle injuries R25 2026
2026-08-23 17:50:39 [INFO]   Brisbane Broncos                         5 injuries
2026-08-23 17:50:43 [INFO]   Canberra Raiders                         4 injuries
2026-08-23 17:50:46 [INFO]   Canterbury-Bankstown Bulldogs            5 injuries
2026-08-23 17:50:47 [INFO]   Cronulla-Sutherland Sharks               2 injuries
2026-08-23 17:50:49 [INFO]   Dolphins                                 2 injuries
2026-08-23 17:50:50 [INFO]   Gold Coast Titans                        7 injuries
2026-08-23 17:50:52 [INFO]   Manly-Warringah Sea Eagles               7 injuries
2026-08-23 17:50:53 [INFO]   Melbourne Storm                          6 injuries
2026-08-23 17:50:55 [INFO]   Newcastle Knights                        5 injuries
2026-08-23 17:50:56 [INFO]   New Zealand Warriors                     6 injuries
2026-08-23 17:51:00 [INFO]   North Queensland Cowboys                 2 injuries
2026-08-23 17:51:04 [INFO]   Parramatta Eels                          5 injuries
2026-08-23 17:51:08 [INFO]   Penrith Panthers                         3 injuries
2026-08-23 17:51:10 [INFO]   South Sydney Rabbitohs                   6 injuries
2026-08-23 17:51:11 [INFO]   St. George Illawarra Dragons             6 injuries
2026-08-23 17:51:13 [INFO]   Sydney Roosters                          4 injuries
2026-08-23 17:51:15 [INFO]   Wests Tigers                             6 injuries
2026-08-23 17:51:15 [INFO] Zero Tackle total: 81 records across 17 teams
2026-08-23 17:51:15 [INFO] Wrote latest-injuries.json -- 81 player records, round 25
2026-08-23 17:51:15 [INFO] Injuries scraped -- 81 records
[2026-08-23T17:51:15] NRL team news
Written /Users/elliotbladen/BetMate/data/nrl/team-news/latest.json
  Round 25 | Teams: 17 | Injuries: 81 | Suspensions preserved: 0
[2026-08-23T17:51:18] NRL market-moving news
2026-08-23 17:51:21 [INFO] Targeting season=2026 round=25
2026-08-23 17:51:21 [INFO] Fetched NRL Casualty Ward                904 bytes
2026-08-23 17:51:22 [INFO] Fetched NRL Judiciary Report             862 bytes
2026-08-23 17:51:23 [INFO] Fetched NRL News                         798 bytes
2026-08-23 17:51:24 [INFO] Fetched Brisbane Broncos News            805 bytes
2026-08-23 17:51:25 [INFO] Fetched Canterbury-Bankstown Bulldogs News 806 bytes
2026-08-23 17:51:26 [INFO] Fetched Canberra Raiders News            805 bytes
2026-08-23 17:51:27 [INFO] Fetched Cronulla-Sutherland Sharks News  804 bytes
2026-08-23 17:51:28 [INFO] Fetched Dolphins News                    809 bytes
2026-08-23 17:51:29 [INFO] Fetched Gold Coast Titans News           804 bytes
2026-08-23 17:51:29 [INFO] Fetched Manly-Warringah Sea Eagles News  807 bytes
2026-08-23 17:51:30 [INFO] Fetched Melbourne Storm News             812 bytes
2026-08-23 17:51:31 [INFO] Fetched Newcastle Knights News           814 bytes
2026-08-23 17:51:31 [INFO] Fetched New Zealand Warriors News        804 bytes
2026-08-23 17:51:32 [INFO] Fetched North Queensland Cowboys News    805 bytes
2026-08-23 17:51:33 [INFO] Fetched Parramatta Eels News             807 bytes
2026-08-23 17:51:33 [INFO] Fetched Penrith Panthers News            813 bytes
2026-08-23 17:51:34 [INFO] Fetched South Sydney Rabbitohs News      178580 bytes
2026-08-23 17:51:36 [INFO] Fetched St. George Illawarra Dragons News 805 bytes
2026-08-23 17:51:36 [INFO] Fetched Sydney Roosters News             806 bytes
2026-08-23 17:51:37 [INFO] Fetched Wests Tigers News                809 bytes
2026-08-23 17:51:38 [INFO] Wrote 0 flags
2026-08-23 17:51:38 [INFO] JSON: /Users/elliotbladen/BetMate/data/nrl/news_flags/processed/2026/2026-08-23.json
2026-08-23 17:51:38 [INFO] CSV:  /Users/elliotbladen/BetMate/data/nrl/news_flags/processed/2026/2026-08-23.csv
2026-08-23 17:51:38 [INFO] News flags complete -- 0 total, 0 HIGH
[2026-08-23T17:51:38] AFL injuries
2026-08-23 17:51:41 [INFO] Targeting season=2026 round=23
2026-08-23 17:51:41 [INFO] Attempt 1/3 -- AFL injuries R23 2026
2026-08-23 17:51:43 [INFO] Parsed 155 player records across all teams
2026-08-23 17:51:43 [INFO] Wrote latest-injuries.json -- 155 records, round 23
[2026-08-23T17:51:43] Market event log
Wrote 665 events -> /Users/elliotbladen/BetMate/data/market_events/2026_events.csv
  injury: 665
AFL injury refresh pinned to prepared round 23
[2026-08-23T19:20:06] NRL injuries
2026-08-23 19:20:06 [INFO] Targeting season=2026 round=25
2026-08-23 19:20:06 [INFO] Attempt 1/3 -- Zero Tackle injuries R25 2026
2026-08-23 19:20:07 [INFO]   Brisbane Broncos                         5 injuries
2026-08-23 19:20:07 [INFO]   Canberra Raiders                         4 injuries
2026-08-23 19:20:08 [INFO]   Canterbury-Bankstown Bulldogs            5 injuries
2026-08-23 19:20:10 [INFO]   Cronulla-Sutherland Sharks               2 injuries
2026-08-23 19:20:11 [INFO]   Dolphins                                 2 injuries
2026-08-23 19:20:12 [INFO]   Gold Coast Titans                        7 injuries
2026-08-23 19:20:14 [INFO]   Manly-Warringah Sea Eagles               7 injuries
2026-08-23 19:20:15 [INFO]   Melbourne Storm                          6 injuries
2026-08-23 19:20:16 [INFO]   Newcastle Knights                        5 injuries
2026-08-23 19:20:17 [INFO]   New Zealand Warriors                     6 injuries
2026-08-23 19:20:19 [INFO]   North Queensland Cowboys                 2 injuries
2026-08-23 19:20:20 [INFO]   Parramatta Eels                          5 injuries
2026-08-23 19:20:21 [INFO]   Penrith Panthers                         3 injuries
2026-08-23 19:20:22 [INFO]   South Sydney Rabbitohs                   6 injuries
2026-08-23 19:20:23 [INFO]   St. George Illawarra Dragons             6 injuries
2026-08-23 19:20:25 [INFO]   Sydney Roosters                          4 injuries
2026-08-23 19:20:26 [INFO]   Wests Tigers                             7 injuries
2026-08-23 19:20:26 [INFO] Zero Tackle total: 82 records across 17 teams
2026-08-23 19:20:26 [INFO] Wrote latest-injuries.json -- 82 player records, round 25
2026-08-23 19:20:26 [INFO] Injuries scraped -- 82 records
[2026-08-23T19:20:26] NRL team news
Written /Users/elliotbladen/BetMate/data/nrl/team-news/latest.json
  Round 25 | Teams: 17 | Injuries: 82 | Suspensions preserved: 0
[2026-08-23T19:20:28] NRL market-moving news
2026-08-23 19:20:28 [INFO] Targeting season=2026 round=25
2026-08-23 19:20:28 [INFO] Fetched NRL Casualty Ward                904 bytes
2026-08-23 19:20:29 [INFO] Fetched NRL Judiciary Report             862 bytes
2026-08-23 19:20:29 [INFO] Fetched NRL News                         798 bytes
2026-08-23 19:20:30 [INFO] Fetched Brisbane Broncos News            805 bytes
2026-08-23 19:20:31 [INFO] Fetched Canterbury-Bankstown Bulldogs News 806 bytes
2026-08-23 19:20:31 [INFO] Fetched Canberra Raiders News            805 bytes
2026-08-23 19:20:32 [INFO] Fetched Cronulla-Sutherland Sharks News  804 bytes
2026-08-23 19:20:32 [INFO] Fetched Dolphins News                    809 bytes
2026-08-23 19:20:33 [INFO] Fetched Gold Coast Titans News           804 bytes
2026-08-23 19:20:34 [INFO] Fetched Manly-Warringah Sea Eagles News  807 bytes
2026-08-23 19:20:34 [INFO] Fetched Melbourne Storm News             812 bytes
2026-08-23 19:20:35 [INFO] Fetched Newcastle Knights News           814 bytes
2026-08-23 19:20:35 [INFO] Fetched New Zealand Warriors News        804 bytes
2026-08-23 19:20:36 [INFO] Fetched North Queensland Cowboys News    805 bytes
2026-08-23 19:20:37 [INFO] Fetched Parramatta Eels News             807 bytes
2026-08-23 19:20:37 [INFO] Fetched Penrith Panthers News            813 bytes
2026-08-23 19:20:38 [INFO] Fetched South Sydney Rabbitohs News      178565 bytes
2026-08-23 19:20:39 [INFO] Fetched St. George Illawarra Dragons News 805 bytes
2026-08-23 19:20:39 [INFO] Fetched Sydney Roosters News             806 bytes
2026-08-23 19:20:40 [INFO] Fetched Wests Tigers News                809 bytes
2026-08-23 19:20:41 [INFO] Wrote 0 flags
2026-08-23 19:20:41 [INFO] JSON: /Users/elliotbladen/BetMate/data/nrl/news_flags/processed/2026/2026-08-23.json
2026-08-23 19:20:41 [INFO] CSV:  /Users/elliotbladen/BetMate/data/nrl/news_flags/processed/2026/2026-08-23.csv
2026-08-23 19:20:41 [INFO] News flags complete -- 0 total, 0 HIGH
[2026-08-23T19:20:41] AFL injuries
2026-08-23 19:20:41 [INFO] Targeting season=2026 round=23
2026-08-23 19:20:41 [INFO] Attempt 1/3 -- AFL injuries R23 2026
2026-08-23 19:20:42 [INFO] Parsed 153 player records across all teams
2026-08-23 19:20:42 [INFO] Wrote latest-injuries.json -- 153 records, round 23
[2026-08-23T19:20:42] Market event log
Wrote 664 events -> /Users/elliotbladen/BetMate/data/market_events/2026_events.csv
  injury: 664
AFL injury refresh pinned to prepared round 23
[2026-08-24T08:01:45] NRL injuries
2026-08-24 08:01:45 [INFO] Targeting season=2026 round=26
2026-08-24 08:01:45 [INFO] Attempt 1/3 -- Zero Tackle injuries R26 2026
2026-08-24 08:01:46 [INFO]   Brisbane Broncos                         5 injuries
2026-08-24 08:01:46 [INFO]   Canberra Raiders                         4 injuries
2026-08-24 08:01:46 [INFO]   Canterbury-Bankstown Bulldogs            5 injuries
2026-08-24 08:01:47 [INFO]   Cronulla-Sutherland Sharks               2 injuries
2026-08-24 08:01:47 [INFO]   Dolphins                                 2 injuries
2026-08-24 08:01:47 [INFO]   Gold Coast Titans                        7 injuries
2026-08-24 08:01:48 [INFO]   Manly-Warringah Sea Eagles               7 injuries
2026-08-24 08:01:48 [INFO]   Melbourne Storm                          6 injuries
2026-08-24 08:01:49 [INFO]   Newcastle Knights                        5 injuries
2026-08-24 08:01:49 [INFO]   New Zealand Warriors                     7 injuries
2026-08-24 08:01:49 [INFO]   North Queensland Cowboys                 2 injuries
2026-08-24 08:01:50 [INFO]   Parramatta Eels                          5 injuries
2026-08-24 08:01:50 [INFO]   Penrith Panthers                         3 injuries
2026-08-24 08:01:50 [INFO]   South Sydney Rabbitohs                   6 injuries
2026-08-24 08:01:51 [INFO]   St. George Illawarra Dragons             6 injuries
2026-08-24 08:01:51 [INFO]   Sydney Roosters                          4 injuries
2026-08-24 08:01:51 [INFO]   Wests Tigers                             7 injuries
2026-08-24 08:01:51 [INFO] Zero Tackle total: 83 records across 17 teams
2026-08-24 08:01:51 [INFO] Wrote latest-injuries.json -- 83 player records, round 26
2026-08-24 08:01:51 [INFO] Injuries scraped -- 83 records
[2026-08-24T08:01:52] NRL team news
Written /Users/elliotbladen/BetMate/data/nrl/team-news/latest.json
  Round 26 | Teams: 17 | Injuries: 83 | Suspensions preserved: 0
[2026-08-24T08:01:54] NRL market-moving news
2026-08-24 08:01:54 [INFO] Targeting season=2026 round=26
2026-08-24 08:01:55 [INFO] Fetched NRL Casualty Ward                904 bytes
2026-08-24 08:01:56 [INFO] Fetched NRL Judiciary Report             862 bytes
2026-08-24 08:01:57 [INFO] Fetched NRL News                         798 bytes
2026-08-24 08:01:58 [INFO] Fetched Brisbane Broncos News            805 bytes
2026-08-24 08:01:59 [INFO] Fetched Canterbury-Bankstown Bulldogs News 806 bytes
2026-08-24 08:02:00 [INFO] Fetched Canberra Raiders News            805 bytes
2026-08-24 08:02:00 [INFO] Fetched Cronulla-Sutherland Sharks News  804 bytes
2026-08-24 08:02:01 [INFO] Fetched Dolphins News                    809 bytes
2026-08-24 08:02:02 [INFO] Fetched Gold Coast Titans News           804 bytes
2026-08-24 08:02:04 [INFO] Fetched Manly-Warringah Sea Eagles News  807 bytes
2026-08-24 08:02:05 [INFO] Fetched Melbourne Storm News             812 bytes
2026-08-24 08:02:06 [INFO] Fetched Newcastle Knights News           814 bytes
2026-08-24 08:02:07 [INFO] Fetched New Zealand Warriors News        804 bytes
2026-08-24 08:02:08 [INFO] Fetched North Queensland Cowboys News    805 bytes
2026-08-24 08:02:09 [INFO] Fetched Parramatta Eels News             807 bytes
2026-08-24 08:02:10 [INFO] Fetched Penrith Panthers News            813 bytes
2026-08-24 08:02:11 [INFO] Fetched South Sydney Rabbitohs News      178494 bytes
2026-08-24 08:02:12 [INFO] Fetched St. George Illawarra Dragons News 805 bytes
2026-08-24 08:02:13 [INFO] Fetched Sydney Roosters News             806 bytes
2026-08-24 08:02:14 [INFO] Fetched Wests Tigers News                809 bytes
2026-08-24 08:02:15 [INFO] Wrote 0 flags
2026-08-24 08:02:15 [INFO] JSON: /Users/elliotbladen/BetMate/data/nrl/news_flags/processed/2026/2026-08-24.json
2026-08-24 08:02:15 [INFO] CSV:  /Users/elliotbladen/BetMate/data/nrl/news_flags/processed/2026/2026-08-24.csv
2026-08-24 08:02:15 [INFO] News flags complete -- 0 total, 0 HIGH
[2026-08-24T08:02:15] AFL injuries
2026-08-24 08:02:15 [INFO] Targeting season=2026 round=23
2026-08-24 08:02:15 [INFO] Attempt 1/3 -- AFL injuries R23 2026
2026-08-24 08:02:16 [INFO] Parsed 153 player records across all teams
2026-08-24 08:02:16 [INFO] Wrote latest-injuries.json -- 153 records, round 23
[2026-08-24T08:02:17] Market event log
Wrote 747 events -> /Users/elliotbladen/BetMate/data/market_events/2026_events.csv
  injury: 747
AFL injury refresh pinned to prepared round 23
[2026-08-25T18:43:43] NRL injuries
2026-08-25 18:43:43 [INFO] Targeting season=2026 round=26
2026-08-25 18:43:43 [INFO] Attempt 1/3 -- Zero Tackle injuries R26 2026
2026-08-25 18:43:43 [WARNING] Fetch failed https://www.zerotackle.com/nrl/teams/brisbane-broncos/ -- HTTPSConnectionPool(host='www.zerotackle.com', port=443): Max retries exceeded with url: /nrl/teams/brisbane-broncos/ (Caused by NameResolutionError("HTTPSConnection(host='www.zerotackle.com', port=443): Failed to resolve 'www.zerotackle.com' ([Errno 8] nodename nor servname provided, or not known)"))
2026-08-25 18:43:43 [WARNING] Failed to fetch Zero Tackle page for Brisbane Broncos
2026-08-25 18:43:43 [WARNING] Fetch failed https://www.zerotackle.com/nrl/teams/canberra-raiders/ -- HTTPSConnectionPool(host='www.zerotackle.com', port=443): Max retries exceeded with url: /nrl/teams/canberra-raiders/ (Caused by NameResolutionError("HTTPSConnection(host='www.zerotackle.com', port=443): Failed to resolve 'www.zerotackle.com' ([Errno 8] nodename nor servname provided, or not known)"))
2026-08-25 18:43:43 [WARNING] Failed to fetch Zero Tackle page for Canberra Raiders
2026-08-25 18:43:43 [WARNING] Fetch failed https://www.zerotackle.com/nrl/teams/canterbury-bankstown-bulldogs/ -- HTTPSConnectionPool(host='www.zerotackle.com', port=443): Max retries exceeded with url: /nrl/teams/canterbury-bankstown-bulldogs/ (Caused by NameResolutionError("HTTPSConnection(host='www.zerotackle.com', port=443): Failed to resolve 'www.zerotackle.com' ([Errno 8] nodename nor servname provided, or not known)"))
2026-08-25 18:43:43 [WARNING] Failed to fetch Zero Tackle page for Canterbury-Bankstown Bulldogs
2026-08-25 18:43:43 [WARNING] Fetch failed https://www.zerotackle.com/nrl/teams/cronulla-sharks/ -- HTTPSConnectionPool(host='www.zerotackle.com', port=443): Max retries exceeded with url: /nrl/teams/cronulla-sharks/ (Caused by NameResolutionError("HTTPSConnection(host='www.zerotackle.com', port=443): Failed to resolve 'www.zerotackle.com' ([Errno 8] nodename nor servname provided, or not known)"))
2026-08-25 18:43:43 [WARNING] Failed to fetch Zero Tackle page for Cronulla-Sutherland Sharks
2026-08-25 18:43:43 [WARNING] Fetch failed https://www.zerotackle.com/nrl/teams/dolphins/ -- HTTPSConnectionPool(host='www.zerotackle.com', port=443): Max retries exceeded with url: /nrl/teams/dolphins/ (Caused by NameResolutionError("HTTPSConnection(host='www.zerotackle.com', port=443): Failed to resolve 'www.zerotackle.com' ([Errno 8] nodename nor servname provided, or not known)"))
2026-08-25 18:43:43 [WARNING] Failed to fetch Zero Tackle page for Dolphins
2026-08-25 18:43:43 [WARNING] Fetch failed https://www.zerotackle.com/nrl/teams/gold-coast-titans/ -- HTTPSConnectionPool(host='www.zerotackle.com', port=443): Max retries exceeded with url: /nrl/teams/gold-coast-titans/ (Caused by NameResolutionError("HTTPSConnection(host='www.zerotackle.com', port=443): Failed to resolve 'www.zerotackle.com' ([Errno 8] nodename nor servname provided, or not known)"))
2026-08-25 18:43:43 [WARNING] Failed to fetch Zero Tackle page for Gold Coast Titans
2026-08-25 18:43:43 [WARNING] Fetch failed https://www.zerotackle.com/nrl/teams/manly-sea-eagles/ -- HTTPSConnectionPool(host='www.zerotackle.com', port=443): Max retries exceeded with url: /nrl/teams/manly-sea-eagles/ (Caused by NameResolutionError("HTTPSConnection(host='www.zerotackle.com', port=443): Failed to resolve 'www.zerotackle.com' ([Errno 8] nodename nor servname provided, or not known)"))
2026-08-25 18:43:43 [WARNING] Failed to fetch Zero Tackle page for Manly-Warringah Sea Eagles
2026-08-25 18:43:43 [WARNING] Fetch failed https://www.zerotackle.com/nrl/teams/melbourne-storm/ -- HTTPSConnectionPool(host='www.zerotackle.com', port=443): Max retries exceeded with url: /nrl/teams/melbourne-storm/ (Caused by NameResolutionError("HTTPSConnection(host='www.zerotackle.com', port=443): Failed to resolve 'www.zerotackle.com' ([Errno 8] nodename nor servname provided, or not known)"))
2026-08-25 18:43:43 [WARNING] Failed to fetch Zero Tackle page for Melbourne Storm
2026-08-25 18:43:43 [WARNING] Fetch failed https://www.zerotackle.com/nrl/teams/newcastle-knights/ -- HTTPSConnectionPool(host='www.zerotackle.com', port=443): Max retries exceeded with url: /nrl/teams/newcastle-knights/ (Caused by NameResolutionError("HTTPSConnection(host='www.zerotackle.com', port=443): Failed to resolve 'www.zerotackle.com' ([Errno 8] nodename nor servname provided, or not known)"))
2026-08-25 18:43:43 [WARNING] Failed to fetch Zero Tackle page for Newcastle Knights
2026-08-25 18:43:43 [WARNING] Fetch failed https://www.zerotackle.com/nrl/teams/new-zealand-warriors/ -- HTTPSConnectionPool(host='www.zerotackle.com', port=443): Max retries exceeded with url: /nrl/teams/new-zealand-warriors/ (Caused by NameResolutionError("HTTPSConnection(host='www.zerotackle.com', port=443): Failed to resolve 'www.zerotackle.com' ([Errno 8] nodename nor servname provided, or not known)"))
2026-08-25 18:43:43 [WARNING] Failed to fetch Zero Tackle page for New Zealand Warriors
2026-08-25 18:43:43 [WARNING] Fetch failed https://www.zerotackle.com/nrl/teams/north-queensland-cowboys/ -- HTTPSConnectionPool(host='www.zerotackle.com', port=443): Max retries exceeded with url: /nrl/teams/north-queensland-cowboys/ (Caused by NameResolutionError("HTTPSConnection(host='www.zerotackle.com', port=443): Failed to resolve 'www.zerotackle.com' ([Errno 8] nodename nor servname provided, or not known)"))
2026-08-25 18:43:43 [WARNING] Failed to fetch Zero Tackle page for North Queensland Cowboys
2026-08-25 18:43:43 [WARNING] Fetch failed https://www.zerotackle.com/nrl/teams/parramatta-eels/ -- HTTPSConnectionPool(host='www.zerotackle.com', port=443): Max retries exceeded with url: /nrl/teams/parramatta-eels/ (Caused by NameResolutionError("HTTPSConnection(host='www.zerotackle.com', port=443): Failed to resolve 'www.zerotackle.com' ([Errno 8] nodename nor servname provided, or not known)"))
2026-08-25 18:43:43 [WARNING] Failed to fetch Zero Tackle page for Parramatta Eels
2026-08-25 18:43:43 [WARNING] Fetch failed https://www.zerotackle.com/nrl/teams/penrith-panthers/ -- HTTPSConnectionPool(host='www.zerotackle.com', port=443): Max retries exceeded with url: /nrl/teams/penrith-panthers/ (Caused by NameResolutionError("HTTPSConnection(host='www.zerotackle.com', port=443): Failed to resolve 'www.zerotackle.com' ([Errno 8] nodename nor servname provided, or not known)"))
2026-08-25 18:43:43 [WARNING] Failed to fetch Zero Tackle page for Penrith Panthers
2026-08-25 18:43:43 [WARNING] Fetch failed https://www.zerotackle.com/nrl/teams/south-sydney-rabbitohs/ -- HTTPSConnectionPool(host='www.zerotackle.com', port=443): Max retries exceeded with url: /nrl/teams/south-sydney-rabbitohs/ (Caused by NameResolutionError("HTTPSConnection(host='www.zerotackle.com', port=443): Failed to resolve 'www.zerotackle.com' ([Errno 8] nodename nor servname provided, or not known)"))
2026-08-25 18:43:43 [WARNING] Failed to fetch Zero Tackle page for South Sydney Rabbitohs
2026-08-25 18:43:43 [WARNING] Fetch failed https://www.zerotackle.com/nrl/teams/st-george-illawarra-dragons/ -- HTTPSConnectionPool(host='www.zerotackle.com', port=443): Max retries exceeded with url: /nrl/teams/st-george-illawarra-dragons/ (Caused by NameResolutionError("HTTPSConnection(host='www.zerotackle.com', port=443): Failed to resolve 'www.zerotackle.com' ([Errno 8] nodename nor servname provided, or not known)"))
2026-08-25 18:43:43 [WARNING] Failed to fetch Zero Tackle page for St. George Illawarra Dragons
2026-08-25 18:43:43 [WARNING] Fetch failed https://www.zerotackle.com/nrl/teams/sydney-roosters/ -- HTTPSConnectionPool(host='www.zerotackle.com', port=443): Max retries exceeded with url: /nrl/teams/sydney-roosters/ (Caused by NameResolutionError("HTTPSConnection(host='www.zerotackle.com', port=443): Failed to resolve 'www.zerotackle.com' ([Errno 8] nodename nor servname provided, or not known)"))
2026-08-25 18:43:43 [WARNING] Failed to fetch Zero Tackle page for Sydney Roosters
2026-08-25 18:43:43 [WARNING] Fetch failed https://www.zerotackle.com/nrl/teams/wests-tigers/ -- HTTPSConnectionPool(host='www.zerotackle.com', port=443): Max retries exceeded with url: /nrl/teams/wests-tigers/ (Caused by NameResolutionError("HTTPSConnection(host='www.zerotackle.com', port=443): Failed to resolve 'www.zerotackle.com' ([Errno 8] nodename nor servname provided, or not known)"))
2026-08-25 18:43:43 [WARNING] Failed to fetch Zero Tackle page for Wests Tigers
2026-08-25 18:43:43 [INFO] Zero Tackle total: 0 records across 17 teams
2026-08-25 18:43:43 [WARNING] Zero Tackle returned 0 records, retrying in 30s
2026-08-25 18:44:13 [INFO] Attempt 2/3 -- Zero Tackle injuries R26 2026
2026-08-25 18:44:13 [WARNING] Fetch failed https://www.zerotackle.com/nrl/teams/brisbane-broncos/ -- HTTPSConnectionPool(host='www.zerotackle.com', port=443): Max retries exceeded with url: /nrl/teams/brisbane-broncos/ (Caused by NameResolutionError("HTTPSConnection(host='www.zerotackle.com', port=443): Failed to resolve 'www.zerotackle.com' ([Errno 8] nodename nor servname provided, or not known)"))
2026-08-25 18:44:13 [WARNING] Failed to fetch Zero Tackle page for Brisbane Broncos
2026-08-25 18:44:13 [WARNING] Fetch failed https://www.zerotackle.com/nrl/teams/canberra-raiders/ -- HTTPSConnectionPool(host='www.zerotackle.com', port=443): Max retries exceeded with url: /nrl/teams/canberra-raiders/ (Caused by NameResolutionError("HTTPSConnection(host='www.zerotackle.com', port=443): Failed to resolve 'www.zerotackle.com' ([Errno 8] nodename nor servname provided, or not known)"))
2026-08-25 18:44:13 [WARNING] Failed to fetch Zero Tackle page for Canberra Raiders
2026-08-25 18:44:13 [WARNING] Fetch failed https://www.zerotackle.com/nrl/teams/canterbury-bankstown-bulldogs/ -- HTTPSConnectionPool(host='www.zerotackle.com', port=443): Max retries exceeded with url: /nrl/teams/canterbury-bankstown-bulldogs/ (Caused by NameResolutionError("HTTPSConnection(host='www.zerotackle.com', port=443): Failed to resolve 'www.zerotackle.com' ([Errno 8] nodename nor servname provided, or not known)"))
2026-08-25 18:44:13 [WARNING] Failed to fetch Zero Tackle page for Canterbury-Bankstown Bulldogs
2026-08-25 18:44:13 [WARNING] Fetch failed https://www.zerotackle.com/nrl/teams/cronulla-sharks/ -- HTTPSConnectionPool(host='www.zerotackle.com', port=443): Max retries exceeded with url: /nrl/teams/cronulla-sharks/ (Caused by NameResolutionError("HTTPSConnection(host='www.zerotackle.com', port=443): Failed to resolve 'www.zerotackle.com' ([Errno 8] nodename nor servname provided, or not known)"))
2026-08-25 18:44:13 [WARNING] Failed to fetch Zero Tackle page for Cronulla-Sutherland Sharks
2026-08-25 18:44:13 [WARNING] Fetch failed https://www.zerotackle.com/nrl/teams/dolphins/ -- HTTPSConnectionPool(host='www.zerotackle.com', port=443): Max retries exceeded with url: /nrl/teams/dolphins/ (Caused by NameResolutionError("HTTPSConnection(host='www.zerotackle.com', port=443): Failed to resolve 'www.zerotackle.com' ([Errno 8] nodename nor servname provided, or not known)"))
2026-08-25 18:44:13 [WARNING] Failed to fetch Zero Tackle page for Dolphins
2026-08-25 18:44:13 [WARNING] Fetch failed https://www.zerotackle.com/nrl/teams/gold-coast-titans/ -- HTTPSConnectionPool(host='www.zerotackle.com', port=443): Max retries exceeded with url: /nrl/teams/gold-coast-titans/ (Caused by NameResolutionError("HTTPSConnection(host='www.zerotackle.com', port=443): Failed to resolve 'www.zerotackle.com' ([Errno 8] nodename nor servname provided, or not known)"))
2026-08-25 18:44:13 [WARNING] Failed to fetch Zero Tackle page for Gold Coast Titans
2026-08-25 18:44:13 [WARNING] Fetch failed https://www.zerotackle.com/nrl/teams/manly-sea-eagles/ -- HTTPSConnectionPool(host='www.zerotackle.com', port=443): Max retries exceeded with url: /nrl/teams/manly-sea-eagles/ (Caused by NameResolutionError("HTTPSConnection(host='www.zerotackle.com', port=443): Failed to resolve 'www.zerotackle.com' ([Errno 8] nodename nor servname provided, or not known)"))
2026-08-25 18:44:13 [WARNING] Failed to fetch Zero Tackle page for Manly-Warringah Sea Eagles
2026-08-25 18:44:13 [WARNING] Fetch failed https://www.zerotackle.com/nrl/teams/melbourne-storm/ -- HTTPSConnectionPool(host='www.zerotackle.com', port=443): Max retries exceeded with url: /nrl/teams/melbourne-storm/ (Caused by NameResolutionError("HTTPSConnection(host='www.zerotackle.com', port=443): Failed to resolve 'www.zerotackle.com' ([Errno 8] nodename nor servname provided, or not known)"))
2026-08-25 18:44:13 [WARNING] Failed to fetch Zero Tackle page for Melbourne Storm
2026-08-25 18:44:13 [WARNING] Fetch failed https://www.zerotackle.com/nrl/teams/newcastle-knights/ -- HTTPSConnectionPool(host='www.zerotackle.com', port=443): Max retries exceeded with url: /nrl/teams/newcastle-knights/ (Caused by NameResolutionError("HTTPSConnection(host='www.zerotackle.com', port=443): Failed to resolve 'www.zerotackle.com' ([Errno 8] nodename nor servname provided, or not known)"))
2026-08-25 18:44:13 [WARNING] Failed to fetch Zero Tackle page for Newcastle Knights
2026-08-25 18:44:13 [WARNING] Fetch failed https://www.zerotackle.com/nrl/teams/new-zealand-warriors/ -- HTTPSConnectionPool(host='www.zerotackle.com', port=443): Max retries exceeded with url: /nrl/teams/new-zealand-warriors/ (Caused by NameResolutionError("HTTPSConnection(host='www.zerotackle.com', port=443): Failed to resolve 'www.zerotackle.com' ([Errno 8] nodename nor servname provided, or not known)"))
2026-08-25 18:44:13 [WARNING] Failed to fetch Zero Tackle page for New Zealand Warriors
2026-08-25 18:44:13 [WARNING] Fetch failed https://www.zerotackle.com/nrl/teams/north-queensland-cowboys/ -- HTTPSConnectionPool(host='www.zerotackle.com', port=443): Max retries exceeded with url: /nrl/teams/north-queensland-cowboys/ (Caused by NameResolutionError("HTTPSConnection(host='www.zerotackle.com', port=443): Failed to resolve 'www.zerotackle.com' ([Errno 8] nodename nor servname provided, or not known)"))
2026-08-25 18:44:13 [WARNING] Failed to fetch Zero Tackle page for North Queensland Cowboys
2026-08-25 18:44:13 [WARNING] Fetch failed https://www.zerotackle.com/nrl/teams/parramatta-eels/ -- HTTPSConnectionPool(host='www.zerotackle.com', port=443): Max retries exceeded with url: /nrl/teams/parramatta-eels/ (Caused by NameResolutionError("HTTPSConnection(host='www.zerotackle.com', port=443): Failed to resolve 'www.zerotackle.com' ([Errno 8] nodename nor servname provided, or not known)"))
2026-08-25 18:44:13 [WARNING] Failed to fetch Zero Tackle page for Parramatta Eels
2026-08-25 18:44:13 [WARNING] Fetch failed https://www.zerotackle.com/nrl/teams/penrith-panthers/ -- HTTPSConnectionPool(host='www.zerotackle.com', port=443): Max retries exceeded with url: /nrl/teams/penrith-panthers/ (Caused by NameResolutionError("HTTPSConnection(host='www.zerotackle.com', port=443): Failed to resolve 'www.zerotackle.com' ([Errno 8] nodename nor servname provided, or not known)"))
2026-08-25 18:44:13 [WARNING] Failed to fetch Zero Tackle page for Penrith Panthers
2026-08-25 18:44:13 [WARNING] Fetch failed https://www.zerotackle.com/nrl/teams/south-sydney-rabbitohs/ -- HTTPSConnectionPool(host='www.zerotackle.com', port=443): Max retries exceeded with url: /nrl/teams/south-sydney-rabbitohs/ (Caused by NameResolutionError("HTTPSConnection(host='www.zerotackle.com', port=443): Failed to resolve 'www.zerotackle.com' ([Errno 8] nodename nor servname provided, or not known)"))
2026-08-25 18:44:13 [WARNING] Failed to fetch Zero Tackle page for South Sydney Rabbitohs
2026-08-25 18:44:13 [WARNING] Fetch failed https://www.zerotackle.com/nrl/teams/st-george-illawarra-dragons/ -- HTTPSConnectionPool(host='www.zerotackle.com', port=443): Max retries exceeded with url: /nrl/teams/st-george-illawarra-dragons/ (Caused by NameResolutionError("HTTPSConnection(host='www.zerotackle.com', port=443): Failed to resolve 'www.zerotackle.com' ([Errno 8] nodename nor servname provided, or not known)"))
2026-08-25 18:44:13 [WARNING] Failed to fetch Zero Tackle page for St. George Illawarra Dragons
2026-08-25 18:44:13 [WARNING] Fetch failed https://www.zerotackle.com/nrl/teams/sydney-roosters/ -- HTTPSConnectionPool(host='www.zerotackle.com', port=443): Max retries exceeded with url: /nrl/teams/sydney-roosters/ (Caused by NameResolutionError("HTTPSConnection(host='www.zerotackle.com', port=443): Failed to resolve 'www.zerotackle.com' ([Errno 8] nodename nor servname provided, or not known)"))
2026-08-25 18:44:13 [WARNING] Failed to fetch Zero Tackle page for Sydney Roosters
2026-08-25 18:44:13 [WARNING] Fetch failed https://www.zerotackle.com/nrl/teams/wests-tigers/ -- HTTPSConnectionPool(host='www.zerotackle.com', port=443): Max retries exceeded with url: /nrl/teams/wests-tigers/ (Caused by NameResolutionError("HTTPSConnection(host='www.zerotackle.com', port=443): Failed to resolve 'www.zerotackle.com' ([Errno 8] nodename nor servname provided, or not known)"))
2026-08-25 18:44:13 [WARNING] Failed to fetch Zero Tackle page for Wests Tigers
2026-08-25 18:44:13 [INFO] Zero Tackle total: 0 records across 17 teams
2026-08-25 18:44:13 [WARNING] Zero Tackle returned 0 records, retrying in 30s
2026-08-25 18:44:43 [INFO] Attempt 3/3 -- Zero Tackle injuries R26 2026
2026-08-25 18:44:43 [WARNING] Fetch failed https://www.zerotackle.com/nrl/teams/brisbane-broncos/ -- HTTPSConnectionPool(host='www.zerotackle.com', port=443): Max retries exceeded with url: /nrl/teams/brisbane-broncos/ (Caused by NameResolutionError("HTTPSConnection(host='www.zerotackle.com', port=443): Failed to resolve 'www.zerotackle.com' ([Errno 8] nodename nor servname provided, or not known)"))
2026-08-25 18:44:43 [WARNING] Failed to fetch Zero Tackle page for Brisbane Broncos
2026-08-25 18:44:43 [WARNING] Fetch failed https://www.zerotackle.com/nrl/teams/canberra-raiders/ -- HTTPSConnectionPool(host='www.zerotackle.com', port=443): Max retries exceeded with url: /nrl/teams/canberra-raiders/ (Caused by NameResolutionError("HTTPSConnection(host='www.zerotackle.com', port=443): Failed to resolve 'www.zerotackle.com' ([Errno 8] nodename nor servname provided, or not known)"))
2026-08-25 18:44:43 [WARNING] Failed to fetch Zero Tackle page for Canberra Raiders
2026-08-25 18:44:43 [WARNING] Fetch failed https://www.zerotackle.com/nrl/teams/canterbury-bankstown-bulldogs/ -- HTTPSConnectionPool(host='www.zerotackle.com', port=443): Max retries exceeded with url: /nrl/teams/canterbury-bankstown-bulldogs/ (Caused by NameResolutionError("HTTPSConnection(host='www.zerotackle.com', port=443): Failed to resolve 'www.zerotackle.com' ([Errno 8] nodename nor servname provided, or not known)"))
2026-08-25 18:44:43 [WARNING] Failed to fetch Zero Tackle page for Canterbury-Bankstown Bulldogs
2026-08-25 18:44:43 [WARNING] Fetch failed https://www.zerotackle.com/nrl/teams/cronulla-sharks/ -- HTTPSConnectionPool(host='www.zerotackle.com', port=443): Max retries exceeded with url: /nrl/teams/cronulla-sharks/ (Caused by NameResolutionError("HTTPSConnection(host='www.zerotackle.com', port=443): Failed to resolve 'www.zerotackle.com' ([Errno 8] nodename nor servname provided, or not known)"))
2026-08-25 18:44:43 [WARNING] Failed to fetch Zero Tackle page for Cronulla-Sutherland Sharks
2026-08-25 18:44:43 [WARNING] Fetch failed https://www.zerotackle.com/nrl/teams/dolphins/ -- HTTPSConnectionPool(host='www.zerotackle.com', port=443): Max retries exceeded with url: /nrl/teams/dolphins/ (Caused by NameResolutionError("HTTPSConnection(host='www.zerotackle.com', port=443): Failed to resolve 'www.zerotackle.com' ([Errno 8] nodename nor servname provided, or not known)"))
2026-08-25 18:44:43 [WARNING] Failed to fetch Zero Tackle page for Dolphins
2026-08-25 18:44:43 [WARNING] Fetch failed https://www.zerotackle.com/nrl/teams/gold-coast-titans/ -- HTTPSConnectionPool(host='www.zerotackle.com', port=443): Max retries exceeded with url: /nrl/teams/gold-coast-titans/ (Caused by NameResolutionError("HTTPSConnection(host='www.zerotackle.com', port=443): Failed to resolve 'www.zerotackle.com' ([Errno 8] nodename nor servname provided, or not known)"))
2026-08-25 18:44:43 [WARNING] Failed to fetch Zero Tackle page for Gold Coast Titans
2026-08-25 18:44:43 [WARNING] Fetch failed https://www.zerotackle.com/nrl/teams/manly-sea-eagles/ -- HTTPSConnectionPool(host='www.zerotackle.com', port=443): Max retries exceeded with url: /nrl/teams/manly-sea-eagles/ (Caused by NameResolutionError("HTTPSConnection(host='www.zerotackle.com', port=443): Failed to resolve 'www.zerotackle.com' ([Errno 8] nodename nor servname provided, or not known)"))
2026-08-25 18:44:43 [WARNING] Failed to fetch Zero Tackle page for Manly-Warringah Sea Eagles
2026-08-25 18:44:43 [WARNING] Fetch failed https://www.zerotackle.com/nrl/teams/melbourne-storm/ -- HTTPSConnectionPool(host='www.zerotackle.com', port=443): Max retries exceeded with url: /nrl/teams/melbourne-storm/ (Caused by NameResolutionError("HTTPSConnection(host='www.zerotackle.com', port=443): Failed to resolve 'www.zerotackle.com' ([Errno 8] nodename nor servname provided, or not known)"))
2026-08-25 18:44:43 [WARNING] Failed to fetch Zero Tackle page for Melbourne Storm
2026-08-25 18:44:43 [WARNING] Fetch failed https://www.zerotackle.com/nrl/teams/newcastle-knights/ -- HTTPSConnectionPool(host='www.zerotackle.com', port=443): Max retries exceeded with url: /nrl/teams/newcastle-knights/ (Caused by NameResolutionError("HTTPSConnection(host='www.zerotackle.com', port=443): Failed to resolve 'www.zerotackle.com' ([Errno 8] nodename nor servname provided, or not known)"))
2026-08-25 18:44:43 [WARNING] Failed to fetch Zero Tackle page for Newcastle Knights
2026-08-25 18:44:43 [WARNING] Fetch failed https://www.zerotackle.com/nrl/teams/new-zealand-warriors/ -- HTTPSConnectionPool(host='www.zerotackle.com', port=443): Max retries exceeded with url: /nrl/teams/new-zealand-warriors/ (Caused by NameResolutionError("HTTPSConnection(host='www.zerotackle.com', port=443): Failed to resolve 'www.zerotackle.com' ([Errno 8] nodename nor servname provided, or not known)"))
2026-08-25 18:44:43 [WARNING] Failed to fetch Zero Tackle page for New Zealand Warriors
2026-08-25 18:44:43 [WARNING] Fetch failed https://www.zerotackle.com/nrl/teams/north-queensland-cowboys/ -- HTTPSConnectionPool(host='www.zerotackle.com', port=443): Max retries exceeded with url: /nrl/teams/north-queensland-cowboys/ (Caused by NameResolutionError("HTTPSConnection(host='www.zerotackle.com', port=443): Failed to resolve 'www.zerotackle.com' ([Errno 8] nodename nor servname provided, or not known)"))
2026-08-25 18:44:43 [WARNING] Failed to fetch Zero Tackle page for North Queensland Cowboys
2026-08-25 18:44:43 [WARNING] Fetch failed https://www.zerotackle.com/nrl/teams/parramatta-eels/ -- HTTPSConnectionPool(host='www.zerotackle.com', port=443): Max retries exceeded with url: /nrl/teams/parramatta-eels/ (Caused by NameResolutionError("HTTPSConnection(host='www.zerotackle.com', port=443): Failed to resolve 'www.zerotackle.com' ([Errno 8] nodename nor servname provided, or not known)"))
2026-08-25 18:44:43 [WARNING] Failed to fetch Zero Tackle page for Parramatta Eels
2026-08-25 18:44:43 [WARNING] Fetch failed https://www.zerotackle.com/nrl/teams/penrith-panthers/ -- HTTPSConnectionPool(host='www.zerotackle.com', port=443): Max retries exceeded with url: /nrl/teams/penrith-panthers/ (Caused by NameResolutionError("HTTPSConnection(host='www.zerotackle.com', port=443): Failed to resolve 'www.zerotackle.com' ([Errno 8] nodename nor servname provided, or not known)"))
2026-08-25 18:44:43 [WARNING] Failed to fetch Zero Tackle page for Penrith Panthers
2026-08-25 18:44:43 [WARNING] Fetch failed https://www.zerotackle.com/nrl/teams/south-sydney-rabbitohs/ -- HTTPSConnectionPool(host='www.zerotackle.com', port=443): Max retries exceeded with url: /nrl/teams/south-sydney-rabbitohs/ (Caused by NameResolutionError("HTTPSConnection(host='www.zerotackle.com', port=443): Failed to resolve 'www.zerotackle.com' ([Errno 8] nodename nor servname provided, or not known)"))
2026-08-25 18:44:43 [WARNING] Failed to fetch Zero Tackle page for South Sydney Rabbitohs
2026-08-25 18:44:43 [WARNING] Fetch failed https://www.zerotackle.com/nrl/teams/st-george-illawarra-dragons/ -- HTTPSConnectionPool(host='www.zerotackle.com', port=443): Max retries exceeded with url: /nrl/teams/st-george-illawarra-dragons/ (Caused by NameResolutionError("HTTPSConnection(host='www.zerotackle.com', port=443): Failed to resolve 'www.zerotackle.com' ([Errno 8] nodename nor servname provided, or not known)"))
2026-08-25 18:44:43 [WARNING] Failed to fetch Zero Tackle page for St. George Illawarra Dragons
2026-08-25 18:44:43 [WARNING] Fetch failed https://www.zerotackle.com/nrl/teams/sydney-roosters/ -- HTTPSConnectionPool(host='www.zerotackle.com', port=443): Max retries exceeded with url: /nrl/teams/sydney-roosters/ (Caused by NameResolutionError("HTTPSConnection(host='www.zerotackle.com', port=443): Failed to resolve 'www.zerotackle.com' ([Errno 8] nodename nor servname provided, or not known)"))
2026-08-25 18:44:43 [WARNING] Failed to fetch Zero Tackle page for Sydney Roosters
2026-08-25 18:44:43 [WARNING] Fetch failed https://www.zerotackle.com/nrl/teams/wests-tigers/ -- HTTPSConnectionPool(host='www.zerotackle.com', port=443): Max retries exceeded with url: /nrl/teams/wests-tigers/ (Caused by NameResolutionError("HTTPSConnection(host='www.zerotackle.com', port=443): Failed to resolve 'www.zerotackle.com' ([Errno 8] nodename nor servname provided, or not known)"))
2026-08-25 18:44:43 [WARNING] Failed to fetch Zero Tackle page for Wests Tigers
2026-08-25 18:44:43 [INFO] Zero Tackle total: 0 records across 17 teams
2026-08-25 18:44:43 [ERROR] All attempts exhausted -- no injury data
[2026-08-25T18:44:43] NRL team news
Written /Users/elliotbladen/BetMate/data/nrl/team-news/latest.json
  Round 26 | Teams: 17 | Injuries: 83 | Suspensions preserved: 0
[2026-08-25T18:44:44] NRL market-moving news
2026-08-25 18:44:44 [INFO] Targeting season=2026 round=26
2026-08-25 18:44:44 [WARNING] Fetch failed NRL Casualty Ward                https://www.nrl.com/news/2026/01/01/nrl-casualty-ward-how-your-club-is-shaping-heading-into-2026/ -- HTTPSConnectionPool(host='www.nrl.com', port=443): Max retries exceeded with url: /news/2026/01/01/nrl-casualty-ward-how-your-club-is-shaping-heading-into-2026/ (Caused by NameResolutionError("HTTPSConnection(host='www.nrl.com', port=443): Failed to resolve 'www.nrl.com' ([Errno 8] nodename nor servname provided, or not known)"))
2026-08-25 18:44:44 [WARNING] Fetch failed NRL Judiciary Report             https://www.nrl.com/news/2026/01/01/nrl-judiciary-report-2026/ -- HTTPSConnectionPool(host='www.nrl.com', port=443): Max retries exceeded with url: /news/2026/01/01/nrl-judiciary-report-2026/ (Caused by NameResolutionError("HTTPSConnection(host='www.nrl.com', port=443): Failed to resolve 'www.nrl.com' ([Errno 8] nodename nor servname provided, or not known)"))
2026-08-25 18:44:44 [WARNING] Fetch failed NRL News                         https://www.nrl.com/news/ -- HTTPSConnectionPool(host='www.nrl.com', port=443): Max retries exceeded with url: /news/ (Caused by NameResolutionError("HTTPSConnection(host='www.nrl.com', port=443): Failed to resolve 'www.nrl.com' ([Errno 8] nodename nor servname provided, or not known)"))
2026-08-25 18:44:44 [WARNING] Fetch failed Brisbane Broncos News            https://www.broncos.com.au/news/ -- HTTPSConnectionPool(host='www.broncos.com.au', port=443): Max retries exceeded with url: /news/ (Caused by NameResolutionError("HTTPSConnection(host='www.broncos.com.au', port=443): Failed to resolve 'www.broncos.com.au' ([Errno 8] nodename nor servname provided, or not known)"))
2026-08-25 18:44:44 [WARNING] Fetch failed Canterbury-Bankstown Bulldogs News https://www.bulldogs.com.au/news/ -- HTTPSConnectionPool(host='www.bulldogs.com.au', port=443): Max retries exceeded with url: /news/ (Caused by NameResolutionError("HTTPSConnection(host='www.bulldogs.com.au', port=443): Failed to resolve 'www.bulldogs.com.au' ([Errno 8] nodename nor servname provided, or not known)"))
2026-08-25 18:44:44 [WARNING] Fetch failed Canberra Raiders News            https://www.raiders.com.au/news/ -- HTTPSConnectionPool(host='www.raiders.com.au', port=443): Max retries exceeded with url: /news/ (Caused by NameResolutionError("HTTPSConnection(host='www.raiders.com.au', port=443): Failed to resolve 'www.raiders.com.au' ([Errno 8] nodename nor servname provided, or not known)"))
2026-08-25 18:44:44 [WARNING] Fetch failed Cronulla-Sutherland Sharks News  https://www.sharks.com.au/news/ -- HTTPSConnectionPool(host='www.sharks.com.au', port=443): Max retries exceeded with url: /news/ (Caused by NameResolutionError("HTTPSConnection(host='www.sharks.com.au', port=443): Failed to resolve 'www.sharks.com.au' ([Errno 8] nodename nor servname provided, or not known)"))
2026-08-25 18:44:44 [WARNING] Fetch failed Dolphins News                    https://www.dolphinsnrl.com.au/news/ -- HTTPSConnectionPool(host='www.dolphinsnrl.com.au', port=443): Max retries exceeded with url: /news/ (Caused by NameResolutionError("HTTPSConnection(host='www.dolphinsnrl.com.au', port=443): Failed to resolve 'www.dolphinsnrl.com.au' ([Errno 8] nodename nor servname provided, or not known)"))
2026-08-25 18:44:44 [WARNING] Fetch failed Gold Coast Titans News           https://www.titans.com.au/news/ -- HTTPSConnectionPool(host='www.titans.com.au', port=443): Max retries exceeded with url: /news/ (Caused by NameResolutionError("HTTPSConnection(host='www.titans.com.au', port=443): Failed to resolve 'www.titans.com.au' ([Errno 8] nodename nor servname provided, or not known)"))
2026-08-25 18:44:44 [WARNING] Fetch failed Manly-Warringah Sea Eagles News  https://www.seaeagles.com.au/news/ -- HTTPSConnectionPool(host='www.seaeagles.com.au', port=443): Max retries exceeded with url: /news/ (Caused by NameResolutionError("HTTPSConnection(host='www.seaeagles.com.au', port=443): Failed to resolve 'www.seaeagles.com.au' ([Errno 8] nodename nor servname provided, or not known)"))
2026-08-25 18:44:44 [WARNING] Fetch failed Melbourne Storm News             https://www.melbournestorm.com.au/news/ -- HTTPSConnectionPool(host='www.melbournestorm.com.au', port=443): Max retries exceeded with url: /news/ (Caused by NameResolutionError("HTTPSConnection(host='www.melbournestorm.com.au', port=443): Failed to resolve 'www.melbournestorm.com.au' ([Errno 8] nodename nor servname provided, or not known)"))
2026-08-25 18:44:44 [WARNING] Fetch failed Newcastle Knights News           https://www.newcastleknights.com.au/news/ -- HTTPSConnectionPool(host='www.newcastleknights.com.au', port=443): Max retries exceeded with url: /news/ (Caused by NameResolutionError("HTTPSConnection(host='www.newcastleknights.com.au', port=443): Failed to resolve 'www.newcastleknights.com.au' ([Errno 8] nodename nor servname provided, or not known)"))
2026-08-25 18:44:44 [WARNING] Fetch failed New Zealand Warriors News        https://www.warriors.kiwi/news/ -- HTTPSConnectionPool(host='www.warriors.kiwi', port=443): Max retries exceeded with url: /news/ (Caused by NameResolutionError("HTTPSConnection(host='www.warriors.kiwi', port=443): Failed to resolve 'www.warriors.kiwi' ([Errno 8] nodename nor servname provided, or not known)"))
2026-08-25 18:44:44 [WARNING] Fetch failed North Queensland Cowboys News    https://www.cowboys.com.au/news/ -- HTTPSConnectionPool(host='www.cowboys.com.au', port=443): Max retries exceeded with url: /news/ (Caused by NameResolutionError("HTTPSConnection(host='www.cowboys.com.au', port=443): Failed to resolve 'www.cowboys.com.au' ([Errno 8] nodename nor servname provided, or not known)"))
2026-08-25 18:44:44 [WARNING] Fetch failed Parramatta Eels News             https://www.parraeels.com.au/news/ -- HTTPSConnectionPool(host='www.parraeels.com.au', port=443): Max retries exceeded with url: /news/ (Caused by NameResolutionError("HTTPSConnection(host='www.parraeels.com.au', port=443): Failed to resolve 'www.parraeels.com.au' ([Errno 8] nodename nor servname provided, or not known)"))
2026-08-25 18:44:44 [WARNING] Fetch failed Penrith Panthers News            https://www.penrithpanthers.com.au/news/ -- HTTPSConnectionPool(host='www.penrithpanthers.com.au', port=443): Max retries exceeded with url: /news/ (Caused by NameResolutionError("HTTPSConnection(host='www.penrithpanthers.com.au', port=443): Failed to resolve 'www.penrithpanthers.com.au' ([Errno 8] nodename nor servname provided, or not known)"))
2026-08-25 18:44:44 [WARNING] Fetch failed South Sydney Rabbitohs News      https://www.rabbitohs.com.au/news/ -- HTTPSConnectionPool(host='www.rabbitohs.com.au', port=443): Max retries exceeded with url: /news/ (Caused by NameResolutionError("HTTPSConnection(host='www.rabbitohs.com.au', port=443): Failed to resolve 'www.rabbitohs.com.au' ([Errno 8] nodename nor servname provided, or not known)"))
2026-08-25 18:44:44 [WARNING] Fetch failed St. George Illawarra Dragons News https://www.dragons.com.au/news/ -- HTTPSConnectionPool(host='www.dragons.com.au', port=443): Max retries exceeded with url: /news/ (Caused by NameResolutionError("HTTPSConnection(host='www.dragons.com.au', port=443): Failed to resolve 'www.dragons.com.au' ([Errno 8] nodename nor servname provided, or not known)"))
2026-08-25 18:44:44 [WARNING] Fetch failed Sydney Roosters News             https://www.roosters.com.au/news/ -- HTTPSConnectionPool(host='www.roosters.com.au', port=443): Max retries exceeded with url: /news/ (Caused by NameResolutionError("HTTPSConnection(host='www.roosters.com.au', port=443): Failed to resolve 'www.roosters.com.au' ([Errno 8] nodename nor servname provided, or not known)"))
2026-08-25 18:44:44 [WARNING] Fetch failed Wests Tigers News                https://www.weststigers.com.au/news/ -- HTTPSConnectionPool(host='www.weststigers.com.au', port=443): Max retries exceeded with url: /news/ (Caused by NameResolutionError("HTTPSConnection(host='www.weststigers.com.au', port=443): Failed to resolve 'www.weststigers.com.au' ([Errno 8] nodename nor servname provided, or not known)"))
2026-08-25 18:44:44 [INFO] Wrote 0 flags
2026-08-25 18:44:44 [INFO] JSON: /Users/elliotbladen/BetMate/data/nrl/news_flags/processed/2026/2026-08-25.json
2026-08-25 18:44:44 [INFO] CSV:  /Users/elliotbladen/BetMate/data/nrl/news_flags/processed/2026/2026-08-25.csv
2026-08-25 18:44:44 [INFO] News flags complete -- 0 total, 0 HIGH
[2026-08-25T18:44:44] AFL injuries
2026-08-25 18:44:45 [INFO] Targeting season=2026 round=23
2026-08-25 18:44:45 [INFO] Attempt 1/3 -- AFL injuries R23 2026
2026-08-25 18:44:45 [WARNING] Fetch failed https://www.footywire.com/afl/footy/injury_list -- HTTPSConnectionPool(host='www.footywire.com', port=443): Max retries exceeded with url: /afl/footy/injury_list (Caused by NameResolutionError("HTTPSConnection(host='www.footywire.com', port=443): Failed to resolve 'www.footywire.com' ([Errno 8] nodename nor servname provided, or not known)"))
2026-08-25 18:44:45 [WARNING] Fetch failed, retrying in 30s
2026-08-25 18:45:15 [INFO] Attempt 2/3 -- AFL injuries R23 2026
2026-08-25 18:45:15 [WARNING] Fetch failed https://www.footywire.com/afl/footy/injury_list -- HTTPSConnectionPool(host='www.footywire.com', port=443): Max retries exceeded with url: /afl/footy/injury_list (Caused by NameResolutionError("HTTPSConnection(host='www.footywire.com', port=443): Failed to resolve 'www.footywire.com' ([Errno 8] nodename nor servname provided, or not known)"))
2026-08-25 18:45:15 [WARNING] Fetch failed, retrying in 30s
2026-08-25 18:45:45 [INFO] Attempt 3/3 -- AFL injuries R23 2026
2026-08-25 18:45:45 [WARNING] Fetch failed https://www.footywire.com/afl/footy/injury_list -- HTTPSConnectionPool(host='www.footywire.com', port=443): Max retries exceeded with url: /afl/footy/injury_list (Caused by NameResolutionError("HTTPSConnection(host='www.footywire.com', port=443): Failed to resolve 'www.footywire.com' ([Errno 8] nodename nor servname provided, or not known)"))
2026-08-25 18:45:45 [ERROR] All attempts exhausted -- no AFL injury data
[2026-08-25T18:45:45] Market event log
Wrote 747 events -> /Users/elliotbladen/BetMate/data/market_events/2026_events.csv
  injury: 747
AFL injury refresh pinned to prepared round 23
[2026-08-25T19:45:45] NRL injuries
2026-08-25 19:45:45 [INFO] Targeting season=2026 round=26
2026-08-25 19:45:45 [INFO] Attempt 1/3 -- Zero Tackle injuries R26 2026
2026-08-25 19:45:45 [WARNING] Fetch failed https://www.zerotackle.com/nrl/teams/brisbane-broncos/ -- HTTPSConnectionPool(host='www.zerotackle.com', port=443): Max retries exceeded with url: /nrl/teams/brisbane-broncos/ (Caused by NameResolutionError("HTTPSConnection(host='www.zerotackle.com', port=443): Failed to resolve 'www.zerotackle.com' ([Errno 8] nodename nor servname provided, or not known)"))
2026-08-25 19:45:45 [WARNING] Failed to fetch Zero Tackle page for Brisbane Broncos
2026-08-25 19:45:45 [WARNING] Fetch failed https://www.zerotackle.com/nrl/teams/canberra-raiders/ -- HTTPSConnectionPool(host='www.zerotackle.com', port=443): Max retries exceeded with url: /nrl/teams/canberra-raiders/ (Caused by NameResolutionError("HTTPSConnection(host='www.zerotackle.com', port=443): Failed to resolve 'www.zerotackle.com' ([Errno 8] nodename nor servname provided, or not known)"))
2026-08-25 19:45:45 [WARNING] Failed to fetch Zero Tackle page for Canberra Raiders
2026-08-25 19:45:45 [WARNING] Fetch failed https://www.zerotackle.com/nrl/teams/canterbury-bankstown-bulldogs/ -- HTTPSConnectionPool(host='www.zerotackle.com', port=443): Max retries exceeded with url: /nrl/teams/canterbury-bankstown-bulldogs/ (Caused by NameResolutionError("HTTPSConnection(host='www.zerotackle.com', port=443): Failed to resolve 'www.zerotackle.com' ([Errno 8] nodename nor servname provided, or not known)"))
2026-08-25 19:45:45 [WARNING] Failed to fetch Zero Tackle page for Canterbury-Bankstown Bulldogs
2026-08-25 19:45:45 [WARNING] Fetch failed https://www.zerotackle.com/nrl/teams/cronulla-sharks/ -- HTTPSConnectionPool(host='www.zerotackle.com', port=443): Max retries exceeded with url: /nrl/teams/cronulla-sharks/ (Caused by NameResolutionError("HTTPSConnection(host='www.zerotackle.com', port=443): Failed to resolve 'www.zerotackle.com' ([Errno 8] nodename nor servname provided, or not known)"))
2026-08-25 19:45:45 [WARNING] Failed to fetch Zero Tackle page for Cronulla-Sutherland Sharks
2026-08-25 19:45:45 [WARNING] Fetch failed https://www.zerotackle.com/nrl/teams/dolphins/ -- HTTPSConnectionPool(host='www.zerotackle.com', port=443): Max retries exceeded with url: /nrl/teams/dolphins/ (Caused by NameResolutionError("HTTPSConnection(host='www.zerotackle.com', port=443): Failed to resolve 'www.zerotackle.com' ([Errno 8] nodename nor servname provided, or not known)"))
2026-08-25 19:45:45 [WARNING] Failed to fetch Zero Tackle page for Dolphins
2026-08-25 19:45:45 [WARNING] Fetch failed https://www.zerotackle.com/nrl/teams/gold-coast-titans/ -- HTTPSConnectionPool(host='www.zerotackle.com', port=443): Max retries exceeded with url: /nrl/teams/gold-coast-titans/ (Caused by NameResolutionError("HTTPSConnection(host='www.zerotackle.com', port=443): Failed to resolve 'www.zerotackle.com' ([Errno 8] nodename nor servname provided, or not known)"))
2026-08-25 19:45:45 [WARNING] Failed to fetch Zero Tackle page for Gold Coast Titans
2026-08-25 19:45:45 [WARNING] Fetch failed https://www.zerotackle.com/nrl/teams/manly-sea-eagles/ -- HTTPSConnectionPool(host='www.zerotackle.com', port=443): Max retries exceeded with url: /nrl/teams/manly-sea-eagles/ (Caused by NameResolutionError("HTTPSConnection(host='www.zerotackle.com', port=443): Failed to resolve 'www.zerotackle.com' ([Errno 8] nodename nor servname provided, or not known)"))
2026-08-25 19:45:45 [WARNING] Failed to fetch Zero Tackle page for Manly-Warringah Sea Eagles
2026-08-25 19:45:45 [WARNING] Fetch failed https://www.zerotackle.com/nrl/teams/melbourne-storm/ -- HTTPSConnectionPool(host='www.zerotackle.com', port=443): Max retries exceeded with url: /nrl/teams/melbourne-storm/ (Caused by NameResolutionError("HTTPSConnection(host='www.zerotackle.com', port=443): Failed to resolve 'www.zerotackle.com' ([Errno 8] nodename nor servname provided, or not known)"))
2026-08-25 19:45:45 [WARNING] Failed to fetch Zero Tackle page for Melbourne Storm
2026-08-25 19:45:45 [WARNING] Fetch failed https://www.zerotackle.com/nrl/teams/newcastle-knights/ -- HTTPSConnectionPool(host='www.zerotackle.com', port=443): Max retries exceeded with url: /nrl/teams/newcastle-knights/ (Caused by NameResolutionError("HTTPSConnection(host='www.zerotackle.com', port=443): Failed to resolve 'www.zerotackle.com' ([Errno 8] nodename nor servname provided, or not known)"))
2026-08-25 19:45:45 [WARNING] Failed to fetch Zero Tackle page for Newcastle Knights
2026-08-25 19:45:45 [WARNING] Fetch failed https://www.zerotackle.com/nrl/teams/new-zealand-warriors/ -- HTTPSConnectionPool(host='www.zerotackle.com', port=443): Max retries exceeded with url: /nrl/teams/new-zealand-warriors/ (Caused by NameResolutionError("HTTPSConnection(host='www.zerotackle.com', port=443): Failed to resolve 'www.zerotackle.com' ([Errno 8] nodename nor servname provided, or not known)"))
2026-08-25 19:45:45 [WARNING] Failed to fetch Zero Tackle page for New Zealand Warriors
2026-08-25 19:45:45 [WARNING] Fetch failed https://www.zerotackle.com/nrl/teams/north-queensland-cowboys/ -- HTTPSConnectionPool(host='www.zerotackle.com', port=443): Max retries exceeded with url: /nrl/teams/north-queensland-cowboys/ (Caused by NameResolutionError("HTTPSConnection(host='www.zerotackle.com', port=443): Failed to resolve 'www.zerotackle.com' ([Errno 8] nodename nor servname provided, or not known)"))
2026-08-25 19:45:45 [WARNING] Failed to fetch Zero Tackle page for North Queensland Cowboys
2026-08-25 19:45:45 [WARNING] Fetch failed https://www.zerotackle.com/nrl/teams/parramatta-eels/ -- HTTPSConnectionPool(host='www.zerotackle.com', port=443): Max retries exceeded with url: /nrl/teams/parramatta-eels/ (Caused by NameResolutionError("HTTPSConnection(host='www.zerotackle.com', port=443): Failed to resolve 'www.zerotackle.com' ([Errno 8] nodename nor servname provided, or not known)"))
2026-08-25 19:45:45 [WARNING] Failed to fetch Zero Tackle page for Parramatta Eels
2026-08-25 19:45:45 [WARNING] Fetch failed https://www.zerotackle.com/nrl/teams/penrith-panthers/ -- HTTPSConnectionPool(host='www.zerotackle.com', port=443): Max retries exceeded with url: /nrl/teams/penrith-panthers/ (Caused by NameResolutionError("HTTPSConnection(host='www.zerotackle.com', port=443): Failed to resolve 'www.zerotackle.com' ([Errno 8] nodename nor servname provided, or not known)"))
2026-08-25 19:45:45 [WARNING] Failed to fetch Zero Tackle page for Penrith Panthers
2026-08-25 19:45:45 [WARNING] Fetch failed https://www.zerotackle.com/nrl/teams/south-sydney-rabbitohs/ -- HTTPSConnectionPool(host='www.zerotackle.com', port=443): Max retries exceeded with url: /nrl/teams/south-sydney-rabbitohs/ (Caused by NameResolutionError("HTTPSConnection(host='www.zerotackle.com', port=443): Failed to resolve 'www.zerotackle.com' ([Errno 8] nodename nor servname provided, or not known)"))
2026-08-25 19:45:45 [WARNING] Failed to fetch Zero Tackle page for South Sydney Rabbitohs
2026-08-25 19:45:45 [WARNING] Fetch failed https://www.zerotackle.com/nrl/teams/st-george-illawarra-dragons/ -- HTTPSConnectionPool(host='www.zerotackle.com', port=443): Max retries exceeded with url: /nrl/teams/st-george-illawarra-dragons/ (Caused by NameResolutionError("HTTPSConnection(host='www.zerotackle.com', port=443): Failed to resolve 'www.zerotackle.com' ([Errno 8] nodename nor servname provided, or not known)"))
2026-08-25 19:45:45 [WARNING] Failed to fetch Zero Tackle page for St. George Illawarra Dragons
2026-08-25 19:45:45 [WARNING] Fetch failed https://www.zerotackle.com/nrl/teams/sydney-roosters/ -- HTTPSConnectionPool(host='www.zerotackle.com', port=443): Max retries exceeded with url: /nrl/teams/sydney-roosters/ (Caused by NameResolutionError("HTTPSConnection(host='www.zerotackle.com', port=443): Failed to resolve 'www.zerotackle.com' ([Errno 8] nodename nor servname provided, or not known)"))
2026-08-25 19:45:45 [WARNING] Failed to fetch Zero Tackle page for Sydney Roosters
2026-08-25 19:45:45 [WARNING] Fetch failed https://www.zerotackle.com/nrl/teams/wests-tigers/ -- HTTPSConnectionPool(host='www.zerotackle.com', port=443): Max retries exceeded with url: /nrl/teams/wests-tigers/ (Caused by NameResolutionError("HTTPSConnection(host='www.zerotackle.com', port=443): Failed to resolve 'www.zerotackle.com' ([Errno 8] nodename nor servname provided, or not known)"))
2026-08-25 19:45:45 [WARNING] Failed to fetch Zero Tackle page for Wests Tigers
2026-08-25 19:45:45 [INFO] Zero Tackle total: 0 records across 17 teams
2026-08-25 19:45:45 [WARNING] Zero Tackle returned 0 records, retrying in 30s
2026-08-25 19:46:16 [INFO] Attempt 2/3 -- Zero Tackle injuries R26 2026
2026-08-25 19:46:16 [WARNING] Fetch failed https://www.zerotackle.com/nrl/teams/brisbane-broncos/ -- HTTPSConnectionPool(host='www.zerotackle.com', port=443): Max retries exceeded with url: /nrl/teams/brisbane-broncos/ (Caused by NameResolutionError("HTTPSConnection(host='www.zerotackle.com', port=443): Failed to resolve 'www.zerotackle.com' ([Errno 8] nodename nor servname provided, or not known)"))
2026-08-25 19:46:16 [WARNING] Failed to fetch Zero Tackle page for Brisbane Broncos
2026-08-25 19:46:16 [WARNING] Fetch failed https://www.zerotackle.com/nrl/teams/canberra-raiders/ -- HTTPSConnectionPool(host='www.zerotackle.com', port=443): Max retries exceeded with url: /nrl/teams/canberra-raiders/ (Caused by NameResolutionError("HTTPSConnection(host='www.zerotackle.com', port=443): Failed to resolve 'www.zerotackle.com' ([Errno 8] nodename nor servname provided, or not known)"))
2026-08-25 19:46:16 [WARNING] Failed to fetch Zero Tackle page for Canberra Raiders
2026-08-25 19:46:16 [WARNING] Fetch failed https://www.zerotackle.com/nrl/teams/canterbury-bankstown-bulldogs/ -- HTTPSConnectionPool(host='www.zerotackle.com', port=443): Max retries exceeded with url: /nrl/teams/canterbury-bankstown-bulldogs/ (Caused by NameResolutionError("HTTPSConnection(host='www.zerotackle.com', port=443): Failed to resolve 'www.zerotackle.com' ([Errno 8] nodename nor servname provided, or not known)"))
2026-08-25 19:46:16 [WARNING] Failed to fetch Zero Tackle page for Canterbury-Bankstown Bulldogs
2026-08-25 19:46:16 [WARNING] Fetch failed https://www.zerotackle.com/nrl/teams/cronulla-sharks/ -- HTTPSConnectionPool(host='www.zerotackle.com', port=443): Max retries exceeded with url: /nrl/teams/cronulla-sharks/ (Caused by NameResolutionError("HTTPSConnection(host='www.zerotackle.com', port=443): Failed to resolve 'www.zerotackle.com' ([Errno 8] nodename nor servname provided, or not known)"))
2026-08-25 19:46:16 [WARNING] Failed to fetch Zero Tackle page for Cronulla-Sutherland Sharks
2026-08-25 19:46:16 [WARNING] Fetch failed https://www.zerotackle.com/nrl/teams/dolphins/ -- HTTPSConnectionPool(host='www.zerotackle.com', port=443): Max retries exceeded with url: /nrl/teams/dolphins/ (Caused by NameResolutionError("HTTPSConnection(host='www.zerotackle.com', port=443): Failed to resolve 'www.zerotackle.com' ([Errno 8] nodename nor servname provided, or not known)"))
2026-08-25 19:46:16 [WARNING] Failed to fetch Zero Tackle page for Dolphins
2026-08-25 19:46:16 [WARNING] Fetch failed https://www.zerotackle.com/nrl/teams/gold-coast-titans/ -- HTTPSConnectionPool(host='www.zerotackle.com', port=443): Max retries exceeded with url: /nrl/teams/gold-coast-titans/ (Caused by NameResolutionError("HTTPSConnection(host='www.zerotackle.com', port=443): Failed to resolve 'www.zerotackle.com' ([Errno 8] nodename nor servname provided, or not known)"))
2026-08-25 19:46:16 [WARNING] Failed to fetch Zero Tackle page for Gold Coast Titans
2026-08-25 19:46:16 [WARNING] Fetch failed https://www.zerotackle.com/nrl/teams/manly-sea-eagles/ -- HTTPSConnectionPool(host='www.zerotackle.com', port=443): Max retries exceeded with url: /nrl/teams/manly-sea-eagles/ (Caused by NameResolutionError("HTTPSConnection(host='www.zerotackle.com', port=443): Failed to resolve 'www.zerotackle.com' ([Errno 8] nodename nor servname provided, or not known)"))
2026-08-25 19:46:16 [WARNING] Failed to fetch Zero Tackle page for Manly-Warringah Sea Eagles
2026-08-25 19:46:16 [WARNING] Fetch failed https://www.zerotackle.com/nrl/teams/melbourne-storm/ -- HTTPSConnectionPool(host='www.zerotackle.com', port=443): Max retries exceeded with url: /nrl/teams/melbourne-storm/ (Caused by NameResolutionError("HTTPSConnection(host='www.zerotackle.com', port=443): Failed to resolve 'www.zerotackle.com' ([Errno 8] nodename nor servname provided, or not known)"))
2026-08-25 19:46:16 [WARNING] Failed to fetch Zero Tackle page for Melbourne Storm
2026-08-25 19:46:16 [WARNING] Fetch failed https://www.zerotackle.com/nrl/teams/newcastle-knights/ -- HTTPSConnectionPool(host='www.zerotackle.com', port=443): Max retries exceeded with url: /nrl/teams/newcastle-knights/ (Caused by NameResolutionError("HTTPSConnection(host='www.zerotackle.com', port=443): Failed to resolve 'www.zerotackle.com' ([Errno 8] nodename nor servname provided, or not known)"))
2026-08-25 19:46:16 [WARNING] Failed to fetch Zero Tackle page for Newcastle Knights
2026-08-25 19:46:16 [WARNING] Fetch failed https://www.zerotackle.com/nrl/teams/new-zealand-warriors/ -- HTTPSConnectionPool(host='www.zerotackle.com', port=443): Max retries exceeded with url: /nrl/teams/new-zealand-warriors/ (Caused by NameResolutionError("HTTPSConnection(host='www.zerotackle.com', port=443): Failed to resolve 'www.zerotackle.com' ([Errno 8] nodename nor servname provided, or not known)"))
2026-08-25 19:46:16 [WARNING] Failed to fetch Zero Tackle page for New Zealand Warriors
2026-08-25 19:46:16 [WARNING] Fetch failed https://www.zerotackle.com/nrl/teams/north-queensland-cowboys/ -- HTTPSConnectionPool(host='www.zerotackle.com', port=443): Max retries exceeded with url: /nrl/teams/north-queensland-cowboys/ (Caused by NameResolutionError("HTTPSConnection(host='www.zerotackle.com', port=443): Failed to resolve 'www.zerotackle.com' ([Errno 8] nodename nor servname provided, or not known)"))
2026-08-25 19:46:16 [WARNING] Failed to fetch Zero Tackle page for North Queensland Cowboys
2026-08-25 19:46:16 [WARNING] Fetch failed https://www.zerotackle.com/nrl/teams/parramatta-eels/ -- HTTPSConnectionPool(host='www.zerotackle.com', port=443): Max retries exceeded with url: /nrl/teams/parramatta-eels/ (Caused by NameResolutionError("HTTPSConnection(host='www.zerotackle.com', port=443): Failed to resolve 'www.zerotackle.com' ([Errno 8] nodename nor servname provided, or not known)"))
2026-08-25 19:46:16 [WARNING] Failed to fetch Zero Tackle page for Parramatta Eels
2026-08-25 19:46:16 [WARNING] Fetch failed https://www.zerotackle.com/nrl/teams/penrith-panthers/ -- HTTPSConnectionPool(host='www.zerotackle.com', port=443): Max retries exceeded with url: /nrl/teams/penrith-panthers/ (Caused by NameResolutionError("HTTPSConnection(host='www.zerotackle.com', port=443): Failed to resolve 'www.zerotackle.com' ([Errno 8] nodename nor servname provided, or not known)"))
2026-08-25 19:46:16 [WARNING] Failed to fetch Zero Tackle page for Penrith Panthers
2026-08-25 19:46:16 [WARNING] Fetch failed https://www.zerotackle.com/nrl/teams/south-sydney-rabbitohs/ -- HTTPSConnectionPool(host='www.zerotackle.com', port=443): Max retries exceeded with url: /nrl/teams/south-sydney-rabbitohs/ (Caused by NameResolutionError("HTTPSConnection(host='www.zerotackle.com', port=443): Failed to resolve 'www.zerotackle.com' ([Errno 8] nodename nor servname provided, or not known)"))
2026-08-25 19:46:16 [WARNING] Failed to fetch Zero Tackle page for South Sydney Rabbitohs
2026-08-25 19:46:16 [WARNING] Fetch failed https://www.zerotackle.com/nrl/teams/st-george-illawarra-dragons/ -- HTTPSConnectionPool(host='www.zerotackle.com', port=443): Max retries exceeded with url: /nrl/teams/st-george-illawarra-dragons/ (Caused by NameResolutionError("HTTPSConnection(host='www.zerotackle.com', port=443): Failed to resolve 'www.zerotackle.com' ([Errno 8] nodename nor servname provided, or not known)"))
2026-08-25 19:46:16 [WARNING] Failed to fetch Zero Tackle page for St. George Illawarra Dragons
2026-08-25 19:46:16 [WARNING] Fetch failed https://www.zerotackle.com/nrl/teams/sydney-roosters/ -- HTTPSConnectionPool(host='www.zerotackle.com', port=443): Max retries exceeded with url: /nrl/teams/sydney-roosters/ (Caused by NameResolutionError("HTTPSConnection(host='www.zerotackle.com', port=443): Failed to resolve 'www.zerotackle.com' ([Errno 8] nodename nor servname provided, or not known)"))
2026-08-25 19:46:16 [WARNING] Failed to fetch Zero Tackle page for Sydney Roosters
2026-08-25 19:46:16 [WARNING] Fetch failed https://www.zerotackle.com/nrl/teams/wests-tigers/ -- HTTPSConnectionPool(host='www.zerotackle.com', port=443): Max retries exceeded with url: /nrl/teams/wests-tigers/ (Caused by NameResolutionError("HTTPSConnection(host='www.zerotackle.com', port=443): Failed to resolve 'www.zerotackle.com' ([Errno 8] nodename nor servname provided, or not known)"))
2026-08-25 19:46:16 [WARNING] Failed to fetch Zero Tackle page for Wests Tigers
2026-08-25 19:46:16 [INFO] Zero Tackle total: 0 records across 17 teams
2026-08-25 19:46:16 [WARNING] Zero Tackle returned 0 records, retrying in 30s
2026-08-25 19:46:46 [INFO] Attempt 3/3 -- Zero Tackle injuries R26 2026
2026-08-25 19:46:46 [WARNING] Fetch failed https://www.zerotackle.com/nrl/teams/brisbane-broncos/ -- HTTPSConnectionPool(host='www.zerotackle.com', port=443): Max retries exceeded with url: /nrl/teams/brisbane-broncos/ (Caused by NameResolutionError("HTTPSConnection(host='www.zerotackle.com', port=443): Failed to resolve 'www.zerotackle.com' ([Errno 8] nodename nor servname provided, or not known)"))
2026-08-25 19:46:46 [WARNING] Failed to fetch Zero Tackle page for Brisbane Broncos
2026-08-25 19:46:46 [WARNING] Fetch failed https://www.zerotackle.com/nrl/teams/canberra-raiders/ -- HTTPSConnectionPool(host='www.zerotackle.com', port=443): Max retries exceeded with url: /nrl/teams/canberra-raiders/ (Caused by NameResolutionError("HTTPSConnection(host='www.zerotackle.com', port=443): Failed to resolve 'www.zerotackle.com' ([Errno 8] nodename nor servname provided, or not known)"))
2026-08-25 19:46:46 [WARNING] Failed to fetch Zero Tackle page for Canberra Raiders
2026-08-25 19:46:46 [WARNING] Fetch failed https://www.zerotackle.com/nrl/teams/canterbury-bankstown-bulldogs/ -- HTTPSConnectionPool(host='www.zerotackle.com', port=443): Max retries exceeded with url: /nrl/teams/canterbury-bankstown-bulldogs/ (Caused by NameResolutionError("HTTPSConnection(host='www.zerotackle.com', port=443): Failed to resolve 'www.zerotackle.com' ([Errno 8] nodename nor servname provided, or not known)"))
2026-08-25 19:46:46 [WARNING] Failed to fetch Zero Tackle page for Canterbury-Bankstown Bulldogs
2026-08-25 19:46:46 [WARNING] Fetch failed https://www.zerotackle.com/nrl/teams/cronulla-sharks/ -- HTTPSConnectionPool(host='www.zerotackle.com', port=443): Max retries exceeded with url: /nrl/teams/cronulla-sharks/ (Caused by NameResolutionError("HTTPSConnection(host='www.zerotackle.com', port=443): Failed to resolve 'www.zerotackle.com' ([Errno 8] nodename nor servname provided, or not known)"))
2026-08-25 19:46:46 [WARNING] Failed to fetch Zero Tackle page for Cronulla-Sutherland Sharks
2026-08-25 19:46:46 [WARNING] Fetch failed https://www.zerotackle.com/nrl/teams/dolphins/ -- HTTPSConnectionPool(host='www.zerotackle.com', port=443): Max retries exceeded with url: /nrl/teams/dolphins/ (Caused by NameResolutionError("HTTPSConnection(host='www.zerotackle.com', port=443): Failed to resolve 'www.zerotackle.com' ([Errno 8] nodename nor servname provided, or not known)"))
2026-08-25 19:46:46 [WARNING] Failed to fetch Zero Tackle page for Dolphins
2026-08-25 19:46:46 [WARNING] Fetch failed https://www.zerotackle.com/nrl/teams/gold-coast-titans/ -- HTTPSConnectionPool(host='www.zerotackle.com', port=443): Max retries exceeded with url: /nrl/teams/gold-coast-titans/ (Caused by NameResolutionError("HTTPSConnection(host='www.zerotackle.com', port=443): Failed to resolve 'www.zerotackle.com' ([Errno 8] nodename nor servname provided, or not known)"))
2026-08-25 19:46:46 [WARNING] Failed to fetch Zero Tackle page for Gold Coast Titans
2026-08-25 19:46:46 [WARNING] Fetch failed https://www.zerotackle.com/nrl/teams/manly-sea-eagles/ -- HTTPSConnectionPool(host='www.zerotackle.com', port=443): Max retries exceeded with url: /nrl/teams/manly-sea-eagles/ (Caused by NameResolutionError("HTTPSConnection(host='www.zerotackle.com', port=443): Failed to resolve 'www.zerotackle.com' ([Errno 8] nodename nor servname provided, or not known)"))
2026-08-25 19:46:46 [WARNING] Failed to fetch Zero Tackle page for Manly-Warringah Sea Eagles
2026-08-25 19:46:46 [WARNING] Fetch failed https://www.zerotackle.com/nrl/teams/melbourne-storm/ -- HTTPSConnectionPool(host='www.zerotackle.com', port=443): Max retries exceeded with url: /nrl/teams/melbourne-storm/ (Caused by NameResolutionError("HTTPSConnection(host='www.zerotackle.com', port=443): Failed to resolve 'www.zerotackle.com' ([Errno 8] nodename nor servname provided, or not known)"))
2026-08-25 19:46:46 [WARNING] Failed to fetch Zero Tackle page for Melbourne Storm
2026-08-25 19:46:46 [WARNING] Fetch failed https://www.zerotackle.com/nrl/teams/newcastle-knights/ -- HTTPSConnectionPool(host='www.zerotackle.com', port=443): Max retries exceeded with url: /nrl/teams/newcastle-knights/ (Caused by NameResolutionError("HTTPSConnection(host='www.zerotackle.com', port=443): Failed to resolve 'www.zerotackle.com' ([Errno 8] nodename nor servname provided, or not known)"))
2026-08-25 19:46:46 [WARNING] Failed to fetch Zero Tackle page for Newcastle Knights
2026-08-25 19:46:46 [WARNING] Fetch failed https://www.zerotackle.com/nrl/teams/new-zealand-warriors/ -- HTTPSConnectionPool(host='www.zerotackle.com', port=443): Max retries exceeded with url: /nrl/teams/new-zealand-warriors/ (Caused by NameResolutionError("HTTPSConnection(host='www.zerotackle.com', port=443): Failed to resolve 'www.zerotackle.com' ([Errno 8] nodename nor servname provided, or not known)"))
2026-08-25 19:46:46 [WARNING] Failed to fetch Zero Tackle page for New Zealand Warriors
2026-08-25 19:46:46 [WARNING] Fetch failed https://www.zerotackle.com/nrl/teams/north-queensland-cowboys/ -- HTTPSConnectionPool(host='www.zerotackle.com', port=443): Max retries exceeded with url: /nrl/teams/north-queensland-cowboys/ (Caused by NameResolutionError("HTTPSConnection(host='www.zerotackle.com', port=443): Failed to resolve 'www.zerotackle.com' ([Errno 8] nodename nor servname provided, or not known)"))
2026-08-25 19:46:46 [WARNING] Failed to fetch Zero Tackle page for North Queensland Cowboys
2026-08-25 19:46:46 [WARNING] Fetch failed https://www.zerotackle.com/nrl/teams/parramatta-eels/ -- HTTPSConnectionPool(host='www.zerotackle.com', port=443): Max retries exceeded with url: /nrl/teams/parramatta-eels/ (Caused by NameResolutionError("HTTPSConnection(host='www.zerotackle.com', port=443): Failed to resolve 'www.zerotackle.com' ([Errno 8] nodename nor servname provided, or not known)"))
2026-08-25 19:46:46 [WARNING] Failed to fetch Zero Tackle page for Parramatta Eels
2026-08-25 19:46:46 [WARNING] Fetch failed https://www.zerotackle.com/nrl/teams/penrith-panthers/ -- HTTPSConnectionPool(host='www.zerotackle.com', port=443): Max retries exceeded with url: /nrl/teams/penrith-panthers/ (Caused by NameResolutionError("HTTPSConnection(host='www.zerotackle.com', port=443): Failed to resolve 'www.zerotackle.com' ([Errno 8] nodename nor servname provided, or not known)"))
2026-08-25 19:46:46 [WARNING] Failed to fetch Zero Tackle page for Penrith Panthers
2026-08-25 19:46:46 [WARNING] Fetch failed https://www.zerotackle.com/nrl/teams/south-sydney-rabbitohs/ -- HTTPSConnectionPool(host='www.zerotackle.com', port=443): Max retries exceeded with url: /nrl/teams/south-sydney-rabbitohs/ (Caused by NameResolutionError("HTTPSConnection(host='www.zerotackle.com', port=443): Failed to resolve 'www.zerotackle.com' ([Errno 8] nodename nor servname provided, or not known)"))
2026-08-25 19:46:46 [WARNING] Failed to fetch Zero Tackle page for South Sydney Rabbitohs
2026-08-25 19:46:46 [WARNING] Fetch failed https://www.zerotackle.com/nrl/teams/st-george-illawarra-dragons/ -- HTTPSConnectionPool(host='www.zerotackle.com', port=443): Max retries exceeded with url: /nrl/teams/st-george-illawarra-dragons/ (Caused by NameResolutionError("HTTPSConnection(host='www.zerotackle.com', port=443): Failed to resolve 'www.zerotackle.com' ([Errno 8] nodename nor servname provided, or not known)"))
2026-08-25 19:46:46 [WARNING] Failed to fetch Zero Tackle page for St. George Illawarra Dragons
2026-08-25 19:46:46 [WARNING] Fetch failed https://www.zerotackle.com/nrl/teams/sydney-roosters/ -- HTTPSConnectionPool(host='www.zerotackle.com', port=443): Max retries exceeded with url: /nrl/teams/sydney-roosters/ (Caused by NameResolutionError("HTTPSConnection(host='www.zerotackle.com', port=443): Failed to resolve 'www.zerotackle.com' ([Errno 8] nodename nor servname provided, or not known)"))
2026-08-25 19:46:46 [WARNING] Failed to fetch Zero Tackle page for Sydney Roosters
2026-08-25 19:46:46 [WARNING] Fetch failed https://www.zerotackle.com/nrl/teams/wests-tigers/ -- HTTPSConnectionPool(host='www.zerotackle.com', port=443): Max retries exceeded with url: /nrl/teams/wests-tigers/ (Caused by NameResolutionError("HTTPSConnection(host='www.zerotackle.com', port=443): Failed to resolve 'www.zerotackle.com' ([Errno 8] nodename nor servname provided, or not known)"))
2026-08-25 19:46:46 [WARNING] Failed to fetch Zero Tackle page for Wests Tigers
2026-08-25 19:46:46 [INFO] Zero Tackle total: 0 records across 17 teams
2026-08-25 19:46:46 [ERROR] All attempts exhausted -- no injury data
[2026-08-25T19:46:46] NRL team news
Written /Users/elliotbladen/BetMate/data/nrl/team-news/latest.json
  Round 26 | Teams: 17 | Injuries: 83 | Suspensions preserved: 0
[2026-08-25T19:46:46] NRL market-moving news
2026-08-25 19:46:46 [INFO] Targeting season=2026 round=26
2026-08-25 19:46:46 [WARNING] Fetch failed NRL Casualty Ward                https://www.nrl.com/news/2026/01/01/nrl-casualty-ward-how-your-club-is-shaping-heading-into-2026/ -- HTTPSConnectionPool(host='www.nrl.com', port=443): Max retries exceeded with url: /news/2026/01/01/nrl-casualty-ward-how-your-club-is-shaping-heading-into-2026/ (Caused by NameResolutionError("HTTPSConnection(host='www.nrl.com', port=443): Failed to resolve 'www.nrl.com' ([Errno 8] nodename nor servname provided, or not known)"))
2026-08-25 19:46:46 [WARNING] Fetch failed NRL Judiciary Report             https://www.nrl.com/news/2026/01/01/nrl-judiciary-report-2026/ -- HTTPSConnectionPool(host='www.nrl.com', port=443): Max retries exceeded with url: /news/2026/01/01/nrl-judiciary-report-2026/ (Caused by NameResolutionError("HTTPSConnection(host='www.nrl.com', port=443): Failed to resolve 'www.nrl.com' ([Errno 8] nodename nor servname provided, or not known)"))
2026-08-25 19:46:46 [WARNING] Fetch failed NRL News                         https://www.nrl.com/news/ -- HTTPSConnectionPool(host='www.nrl.com', port=443): Max retries exceeded with url: /news/ (Caused by NameResolutionError("HTTPSConnection(host='www.nrl.com', port=443): Failed to resolve 'www.nrl.com' ([Errno 8] nodename nor servname provided, or not known)"))
2026-08-25 19:46:46 [WARNING] Fetch failed Brisbane Broncos News            https://www.broncos.com.au/news/ -- HTTPSConnectionPool(host='www.broncos.com.au', port=443): Max retries exceeded with url: /news/ (Caused by NameResolutionError("HTTPSConnection(host='www.broncos.com.au', port=443): Failed to resolve 'www.broncos.com.au' ([Errno 8] nodename nor servname provided, or not known)"))
2026-08-25 19:46:46 [WARNING] Fetch failed Canterbury-Bankstown Bulldogs News https://www.bulldogs.com.au/news/ -- HTTPSConnectionPool(host='www.bulldogs.com.au', port=443): Max retries exceeded with url: /news/ (Caused by NameResolutionError("HTTPSConnection(host='www.bulldogs.com.au', port=443): Failed to resolve 'www.bulldogs.com.au' ([Errno 8] nodename nor servname provided, or not known)"))
2026-08-25 19:46:46 [WARNING] Fetch failed Canberra Raiders News            https://www.raiders.com.au/news/ -- HTTPSConnectionPool(host='www.raiders.com.au', port=443): Max retries exceeded with url: /news/ (Caused by NameResolutionError("HTTPSConnection(host='www.raiders.com.au', port=443): Failed to resolve 'www.raiders.com.au' ([Errno 8] nodename nor servname provided, or not known)"))
2026-08-25 19:46:46 [WARNING] Fetch failed Cronulla-Sutherland Sharks News  https://www.sharks.com.au/news/ -- HTTPSConnectionPool(host='www.sharks.com.au', port=443): Max retries exceeded with url: /news/ (Caused by NameResolutionError("HTTPSConnection(host='www.sharks.com.au', port=443): Failed to resolve 'www.sharks.com.au' ([Errno 8] nodename nor servname provided, or not known)"))
2026-08-25 19:46:46 [WARNING] Fetch failed Dolphins News                    https://www.dolphinsnrl.com.au/news/ -- HTTPSConnectionPool(host='www.dolphinsnrl.com.au', port=443): Max retries exceeded with url: /news/ (Caused by NameResolutionError("HTTPSConnection(host='www.dolphinsnrl.com.au', port=443): Failed to resolve 'www.dolphinsnrl.com.au' ([Errno 8] nodename nor servname provided, or not known)"))
2026-08-25 19:46:46 [WARNING] Fetch failed Gold Coast Titans News           https://www.titans.com.au/news/ -- HTTPSConnectionPool(host='www.titans.com.au', port=443): Max retries exceeded with url: /news/ (Caused by NameResolutionError("HTTPSConnection(host='www.titans.com.au', port=443): Failed to resolve 'www.titans.com.au' ([Errno 8] nodename nor servname provided, or not known)"))
2026-08-25 19:46:46 [WARNING] Fetch failed Manly-Warringah Sea Eagles News  https://www.seaeagles.com.au/news/ -- HTTPSConnectionPool(host='www.seaeagles.com.au', port=443): Max retries exceeded with url: /news/ (Caused by NameResolutionError("HTTPSConnection(host='www.seaeagles.com.au', port=443): Failed to resolve 'www.seaeagles.com.au' ([Errno 8] nodename nor servname provided, or not known)"))
2026-08-25 19:46:46 [WARNING] Fetch failed Melbourne Storm News             https://www.melbournestorm.com.au/news/ -- HTTPSConnectionPool(host='www.melbournestorm.com.au', port=443): Max retries exceeded with url: /news/ (Caused by NameResolutionError("HTTPSConnection(host='www.melbournestorm.com.au', port=443): Failed to resolve 'www.melbournestorm.com.au' ([Errno 8] nodename nor servname provided, or not known)"))
2026-08-25 19:46:46 [WARNING] Fetch failed Newcastle Knights News           https://www.newcastleknights.com.au/news/ -- HTTPSConnectionPool(host='www.newcastleknights.com.au', port=443): Max retries exceeded with url: /news/ (Caused by NameResolutionError("HTTPSConnection(host='www.newcastleknights.com.au', port=443): Failed to resolve 'www.newcastleknights.com.au' ([Errno 8] nodename nor servname provided, or not known)"))
2026-08-25 19:46:46 [WARNING] Fetch failed New Zealand Warriors News        https://www.warriors.kiwi/news/ -- HTTPSConnectionPool(host='www.warriors.kiwi', port=443): Max retries exceeded with url: /news/ (Caused by NameResolutionError("HTTPSConnection(host='www.warriors.kiwi', port=443): Failed to resolve 'www.warriors.kiwi' ([Errno 8] nodename nor servname provided, or not known)"))
2026-08-25 19:46:46 [WARNING] Fetch failed North Queensland Cowboys News    https://www.cowboys.com.au/news/ -- HTTPSConnectionPool(host='www.cowboys.com.au', port=443): Max retries exceeded with url: /news/ (Caused by NameResolutionError("HTTPSConnection(host='www.cowboys.com.au', port=443): Failed to resolve 'www.cowboys.com.au' ([Errno 8] nodename nor servname provided, or not known)"))
2026-08-25 19:46:46 [WARNING] Fetch failed Parramatta Eels News             https://www.parraeels.com.au/news/ -- HTTPSConnectionPool(host='www.parraeels.com.au', port=443): Max retries exceeded with url: /news/ (Caused by NameResolutionError("HTTPSConnection(host='www.parraeels.com.au', port=443): Failed to resolve 'www.parraeels.com.au' ([Errno 8] nodename nor servname provided, or not known)"))
2026-08-25 19:46:46 [WARNING] Fetch failed Penrith Panthers News            https://www.penrithpanthers.com.au/news/ -- HTTPSConnectionPool(host='www.penrithpanthers.com.au', port=443): Max retries exceeded with url: /news/ (Caused by NameResolutionError("HTTPSConnection(host='www.penrithpanthers.com.au', port=443): Failed to resolve 'www.penrithpanthers.com.au' ([Errno 8] nodename nor servname provided, or not known)"))
2026-08-25 19:46:46 [WARNING] Fetch failed South Sydney Rabbitohs News      https://www.rabbitohs.com.au/news/ -- HTTPSConnectionPool(host='www.rabbitohs.com.au', port=443): Max retries exceeded with url: /news/ (Caused by NameResolutionError("HTTPSConnection(host='www.rabbitohs.com.au', port=443): Failed to resolve 'www.rabbitohs.com.au' ([Errno 8] nodename nor servname provided, or not known)"))
2026-08-25 19:46:46 [WARNING] Fetch failed St. George Illawarra Dragons News https://www.dragons.com.au/news/ -- HTTPSConnectionPool(host='www.dragons.com.au', port=443): Max retries exceeded with url: /news/ (Caused by NameResolutionError("HTTPSConnection(host='www.dragons.com.au', port=443): Failed to resolve 'www.dragons.com.au' ([Errno 8] nodename nor servname provided, or not known)"))
2026-08-25 19:46:46 [WARNING] Fetch failed Sydney Roosters News             https://www.roosters.com.au/news/ -- HTTPSConnectionPool(host='www.roosters.com.au', port=443): Max retries exceeded with url: /news/ (Caused by NameResolutionError("HTTPSConnection(host='www.roosters.com.au', port=443): Failed to resolve 'www.roosters.com.au' ([Errno 8] nodename nor servname provided, or not known)"))
2026-08-25 19:46:46 [WARNING] Fetch failed Wests Tigers News                https://www.weststigers.com.au/news/ -- HTTPSConnectionPool(host='www.weststigers.com.au', port=443): Max retries exceeded with url: /news/ (Caused by NameResolutionError("HTTPSConnection(host='www.weststigers.com.au', port=443): Failed to resolve 'www.weststigers.com.au' ([Errno 8] nodename nor servname provided, or not known)"))
2026-08-25 19:46:46 [INFO] Wrote 0 flags
2026-08-25 19:46:46 [INFO] JSON: /Users/elliotbladen/BetMate/data/nrl/news_flags/processed/2026/2026-08-25.json
2026-08-25 19:46:46 [INFO] CSV:  /Users/elliotbladen/BetMate/data/nrl/news_flags/processed/2026/2026-08-25.csv
2026-08-25 19:46:46 [INFO] News flags complete -- 0 total, 0 HIGH
[2026-08-25T19:46:46] AFL injuries
2026-08-25 19:46:47 [INFO] Targeting season=2026 round=23
2026-08-25 19:46:47 [INFO] Attempt 1/3 -- AFL injuries R23 2026
2026-08-25 19:46:47 [WARNING] Fetch failed https://www.footywire.com/afl/footy/injury_list -- HTTPSConnectionPool(host='www.footywire.com', port=443): Max retries exceeded with url: /afl/footy/injury_list (Caused by NameResolutionError("HTTPSConnection(host='www.footywire.com', port=443): Failed to resolve 'www.footywire.com' ([Errno 8] nodename nor servname provided, or not known)"))
2026-08-25 19:46:47 [WARNING] Fetch failed, retrying in 30s
2026-08-25 19:47:17 [INFO] Attempt 2/3 -- AFL injuries R23 2026
2026-08-25 19:47:17 [WARNING] Fetch failed https://www.footywire.com/afl/footy/injury_list -- HTTPSConnectionPool(host='www.footywire.com', port=443): Max retries exceeded with url: /afl/footy/injury_list (Caused by NameResolutionError("HTTPSConnection(host='www.footywire.com', port=443): Failed to resolve 'www.footywire.com' ([Errno 8] nodename nor servname provided, or not known)"))
2026-08-25 19:47:17 [WARNING] Fetch failed, retrying in 30s
2026-08-25 19:47:47 [INFO] Attempt 3/3 -- AFL injuries R23 2026
2026-08-25 19:47:47 [WARNING] Fetch failed https://www.footywire.com/afl/footy/injury_list -- HTTPSConnectionPool(host='www.footywire.com', port=443): Max retries exceeded with url: /afl/footy/injury_list (Caused by NameResolutionError("HTTPSConnection(host='www.footywire.com', port=443): Failed to resolve 'www.footywire.com' ([Errno 8] nodename nor servname provided, or not known)"))
2026-08-25 19:47:47 [ERROR] All attempts exhausted -- no AFL injury data
[2026-08-25T19:47:47] Market event log
Wrote 747 events -> /Users/elliotbladen/BetMate/data/market_events/2026_events.csv
  injury: 747
AFL injury refresh pinned to prepared round 23
[2026-08-25T20:47:47] NRL injuries
2026-08-25 20:47:48 [INFO] Targeting season=2026 round=26
2026-08-25 20:47:48 [INFO] Attempt 1/3 -- Zero Tackle injuries R26 2026
2026-08-25 20:47:48 [WARNING] Fetch failed https://www.zerotackle.com/nrl/teams/brisbane-broncos/ -- HTTPSConnectionPool(host='www.zerotackle.com', port=443): Max retries exceeded with url: /nrl/teams/brisbane-broncos/ (Caused by NameResolutionError("HTTPSConnection(host='www.zerotackle.com', port=443): Failed to resolve 'www.zerotackle.com' ([Errno 8] nodename nor servname provided, or not known)"))
2026-08-25 20:47:48 [WARNING] Failed to fetch Zero Tackle page for Brisbane Broncos
2026-08-25 20:47:48 [WARNING] Fetch failed https://www.zerotackle.com/nrl/teams/canberra-raiders/ -- HTTPSConnectionPool(host='www.zerotackle.com', port=443): Max retries exceeded with url: /nrl/teams/canberra-raiders/ (Caused by NameResolutionError("HTTPSConnection(host='www.zerotackle.com', port=443): Failed to resolve 'www.zerotackle.com' ([Errno 8] nodename nor servname provided, or not known)"))
2026-08-25 20:47:48 [WARNING] Failed to fetch Zero Tackle page for Canberra Raiders
2026-08-25 20:47:48 [WARNING] Fetch failed https://www.zerotackle.com/nrl/teams/canterbury-bankstown-bulldogs/ -- HTTPSConnectionPool(host='www.zerotackle.com', port=443): Max retries exceeded with url: /nrl/teams/canterbury-bankstown-bulldogs/ (Caused by NameResolutionError("HTTPSConnection(host='www.zerotackle.com', port=443): Failed to resolve 'www.zerotackle.com' ([Errno 8] nodename nor servname provided, or not known)"))
2026-08-25 20:47:48 [WARNING] Failed to fetch Zero Tackle page for Canterbury-Bankstown Bulldogs
2026-08-25 20:47:48 [WARNING] Fetch failed https://www.zerotackle.com/nrl/teams/cronulla-sharks/ -- HTTPSConnectionPool(host='www.zerotackle.com', port=443): Max retries exceeded with url: /nrl/teams/cronulla-sharks/ (Caused by NameResolutionError("HTTPSConnection(host='www.zerotackle.com', port=443): Failed to resolve 'www.zerotackle.com' ([Errno 8] nodename nor servname provided, or not known)"))
2026-08-25 20:47:48 [WARNING] Failed to fetch Zero Tackle page for Cronulla-Sutherland Sharks
2026-08-25 20:47:48 [WARNING] Fetch failed https://www.zerotackle.com/nrl/teams/dolphins/ -- HTTPSConnectionPool(host='www.zerotackle.com', port=443): Max retries exceeded with url: /nrl/teams/dolphins/ (Caused by NameResolutionError("HTTPSConnection(host='www.zerotackle.com', port=443): Failed to resolve 'www.zerotackle.com' ([Errno 8] nodename nor servname provided, or not known)"))
2026-08-25 20:47:48 [WARNING] Failed to fetch Zero Tackle page for Dolphins
2026-08-25 20:47:48 [WARNING] Fetch failed https://www.zerotackle.com/nrl/teams/gold-coast-titans/ -- HTTPSConnectionPool(host='www.zerotackle.com', port=443): Max retries exceeded with url: /nrl/teams/gold-coast-titans/ (Caused by NameResolutionError("HTTPSConnection(host='www.zerotackle.com', port=443): Failed to resolve 'www.zerotackle.com' ([Errno 8] nodename nor servname provided, or not known)"))
2026-08-25 20:47:48 [WARNING] Failed to fetch Zero Tackle page for Gold Coast Titans
2026-08-25 20:47:48 [WARNING] Fetch failed https://www.zerotackle.com/nrl/teams/manly-sea-eagles/ -- HTTPSConnectionPool(host='www.zerotackle.com', port=443): Max retries exceeded with url: /nrl/teams/manly-sea-eagles/ (Caused by NameResolutionError("HTTPSConnection(host='www.zerotackle.com', port=443): Failed to resolve 'www.zerotackle.com' ([Errno 8] nodename nor servname provided, or not known)"))
2026-08-25 20:47:48 [WARNING] Failed to fetch Zero Tackle page for Manly-Warringah Sea Eagles
2026-08-25 20:47:48 [WARNING] Fetch failed https://www.zerotackle.com/nrl/teams/melbourne-storm/ -- HTTPSConnectionPool(host='www.zerotackle.com', port=443): Max retries exceeded with url: /nrl/teams/melbourne-storm/ (Caused by NameResolutionError("HTTPSConnection(host='www.zerotackle.com', port=443): Failed to resolve 'www.zerotackle.com' ([Errno 8] nodename nor servname provided, or not known)"))
2026-08-25 20:47:48 [WARNING] Failed to fetch Zero Tackle page for Melbourne Storm
2026-08-25 20:47:48 [WARNING] Fetch failed https://www.zerotackle.com/nrl/teams/newcastle-knights/ -- HTTPSConnectionPool(host='www.zerotackle.com', port=443): Max retries exceeded with url: /nrl/teams/newcastle-knights/ (Caused by NameResolutionError("HTTPSConnection(host='www.zerotackle.com', port=443): Failed to resolve 'www.zerotackle.com' ([Errno 8] nodename nor servname provided, or not known)"))
2026-08-25 20:47:48 [WARNING] Failed to fetch Zero Tackle page for Newcastle Knights
2026-08-25 20:47:48 [WARNING] Fetch failed https://www.zerotackle.com/nrl/teams/new-zealand-warriors/ -- HTTPSConnectionPool(host='www.zerotackle.com', port=443): Max retries exceeded with url: /nrl/teams/new-zealand-warriors/ (Caused by NameResolutionError("HTTPSConnection(host='www.zerotackle.com', port=443): Failed to resolve 'www.zerotackle.com' ([Errno 8] nodename nor servname provided, or not known)"))
2026-08-25 20:47:48 [WARNING] Failed to fetch Zero Tackle page for New Zealand Warriors
2026-08-25 20:47:48 [WARNING] Fetch failed https://www.zerotackle.com/nrl/teams/north-queensland-cowboys/ -- HTTPSConnectionPool(host='www.zerotackle.com', port=443): Max retries exceeded with url: /nrl/teams/north-queensland-cowboys/ (Caused by NameResolutionError("HTTPSConnection(host='www.zerotackle.com', port=443): Failed to resolve 'www.zerotackle.com' ([Errno 8] nodename nor servname provided, or not known)"))
2026-08-25 20:47:48 [WARNING] Failed to fetch Zero Tackle page for North Queensland Cowboys
2026-08-25 20:47:48 [WARNING] Fetch failed https://www.zerotackle.com/nrl/teams/parramatta-eels/ -- HTTPSConnectionPool(host='www.zerotackle.com', port=443): Max retries exceeded with url: /nrl/teams/parramatta-eels/ (Caused by NameResolutionError("HTTPSConnection(host='www.zerotackle.com', port=443): Failed to resolve 'www.zerotackle.com' ([Errno 8] nodename nor servname provided, or not known)"))
2026-08-25 20:47:48 [WARNING] Failed to fetch Zero Tackle page for Parramatta Eels
2026-08-25 20:47:48 [WARNING] Fetch failed https://www.zerotackle.com/nrl/teams/penrith-panthers/ -- HTTPSConnectionPool(host='www.zerotackle.com', port=443): Max retries exceeded with url: /nrl/teams/penrith-panthers/ (Caused by NameResolutionError("HTTPSConnection(host='www.zerotackle.com', port=443): Failed to resolve 'www.zerotackle.com' ([Errno 8] nodename nor servname provided, or not known)"))
2026-08-25 20:47:48 [WARNING] Failed to fetch Zero Tackle page for Penrith Panthers
2026-08-25 20:47:48 [WARNING] Fetch failed https://www.zerotackle.com/nrl/teams/south-sydney-rabbitohs/ -- HTTPSConnectionPool(host='www.zerotackle.com', port=443): Max retries exceeded with url: /nrl/teams/south-sydney-rabbitohs/ (Caused by NameResolutionError("HTTPSConnection(host='www.zerotackle.com', port=443): Failed to resolve 'www.zerotackle.com' ([Errno 8] nodename nor servname provided, or not known)"))
2026-08-25 20:47:48 [WARNING] Failed to fetch Zero Tackle page for South Sydney Rabbitohs
2026-08-25 20:47:48 [WARNING] Fetch failed https://www.zerotackle.com/nrl/teams/st-george-illawarra-dragons/ -- HTTPSConnectionPool(host='www.zerotackle.com', port=443): Max retries exceeded with url: /nrl/teams/st-george-illawarra-dragons/ (Caused by NameResolutionError("HTTPSConnection(host='www.zerotackle.com', port=443): Failed to resolve 'www.zerotackle.com' ([Errno 8] nodename nor servname provided, or not known)"))
2026-08-25 20:47:48 [WARNING] Failed to fetch Zero Tackle page for St. George Illawarra Dragons
2026-08-25 20:47:48 [WARNING] Fetch failed https://www.zerotackle.com/nrl/teams/sydney-roosters/ -- HTTPSConnectionPool(host='www.zerotackle.com', port=443): Max retries exceeded with url: /nrl/teams/sydney-roosters/ (Caused by NameResolutionError("HTTPSConnection(host='www.zerotackle.com', port=443): Failed to resolve 'www.zerotackle.com' ([Errno 8] nodename nor servname provided, or not known)"))
2026-08-25 20:47:48 [WARNING] Failed to fetch Zero Tackle page for Sydney Roosters
2026-08-25 20:47:48 [WARNING] Fetch failed https://www.zerotackle.com/nrl/teams/wests-tigers/ -- HTTPSConnectionPool(host='www.zerotackle.com', port=443): Max retries exceeded with url: /nrl/teams/wests-tigers/ (Caused by NameResolutionError("HTTPSConnection(host='www.zerotackle.com', port=443): Failed to resolve 'www.zerotackle.com' ([Errno 8] nodename nor servname provided, or not known)"))
2026-08-25 20:47:48 [WARNING] Failed to fetch Zero Tackle page for Wests Tigers
2026-08-25 20:47:48 [INFO] Zero Tackle total: 0 records across 17 teams
2026-08-25 20:47:48 [WARNING] Zero Tackle returned 0 records, retrying in 30s
2026-08-25 20:48:18 [INFO] Attempt 2/3 -- Zero Tackle injuries R26 2026
2026-08-25 20:48:18 [WARNING] Fetch failed https://www.zerotackle.com/nrl/teams/brisbane-broncos/ -- HTTPSConnectionPool(host='www.zerotackle.com', port=443): Max retries exceeded with url: /nrl/teams/brisbane-broncos/ (Caused by NameResolutionError("HTTPSConnection(host='www.zerotackle.com', port=443): Failed to resolve 'www.zerotackle.com' ([Errno 8] nodename nor servname provided, or not known)"))
2026-08-25 20:48:18 [WARNING] Failed to fetch Zero Tackle page for Brisbane Broncos
2026-08-25 20:48:18 [WARNING] Fetch failed https://www.zerotackle.com/nrl/teams/canberra-raiders/ -- HTTPSConnectionPool(host='www.zerotackle.com', port=443): Max retries exceeded with url: /nrl/teams/canberra-raiders/ (Caused by NameResolutionError("HTTPSConnection(host='www.zerotackle.com', port=443): Failed to resolve 'www.zerotackle.com' ([Errno 8] nodename nor servname provided, or not known)"))
2026-08-25 20:48:18 [WARNING] Failed to fetch Zero Tackle page for Canberra Raiders
2026-08-25 20:48:18 [WARNING] Fetch failed https://www.zerotackle.com/nrl/teams/canterbury-bankstown-bulldogs/ -- HTTPSConnectionPool(host='www.zerotackle.com', port=443): Max retries exceeded with url: /nrl/teams/canterbury-bankstown-bulldogs/ (Caused by NameResolutionError("HTTPSConnection(host='www.zerotackle.com', port=443): Failed to resolve 'www.zerotackle.com' ([Errno 8] nodename nor servname provided, or not known)"))
2026-08-25 20:48:18 [WARNING] Failed to fetch Zero Tackle page for Canterbury-Bankstown Bulldogs
2026-08-25 20:48:18 [WARNING] Fetch failed https://www.zerotackle.com/nrl/teams/cronulla-sharks/ -- HTTPSConnectionPool(host='www.zerotackle.com', port=443): Max retries exceeded with url: /nrl/teams/cronulla-sharks/ (Caused by NameResolutionError("HTTPSConnection(host='www.zerotackle.com', port=443): Failed to resolve 'www.zerotackle.com' ([Errno 8] nodename nor servname provided, or not known)"))
2026-08-25 20:48:18 [WARNING] Failed to fetch Zero Tackle page for Cronulla-Sutherland Sharks
2026-08-25 20:48:18 [WARNING] Fetch failed https://www.zerotackle.com/nrl/teams/dolphins/ -- HTTPSConnectionPool(host='www.zerotackle.com', port=443): Max retries exceeded with url: /nrl/teams/dolphins/ (Caused by NameResolutionError("HTTPSConnection(host='www.zerotackle.com', port=443): Failed to resolve 'www.zerotackle.com' ([Errno 8] nodename nor servname provided, or not known)"))
2026-08-25 20:48:18 [WARNING] Failed to fetch Zero Tackle page for Dolphins
2026-08-25 20:48:18 [WARNING] Fetch failed https://www.zerotackle.com/nrl/teams/gold-coast-titans/ -- HTTPSConnectionPool(host='www.zerotackle.com', port=443): Max retries exceeded with url: /nrl/teams/gold-coast-titans/ (Caused by NameResolutionError("HTTPSConnection(host='www.zerotackle.com', port=443): Failed to resolve 'www.zerotackle.com' ([Errno 8] nodename nor servname provided, or not known)"))
2026-08-25 20:48:18 [WARNING] Failed to fetch Zero Tackle page for Gold Coast Titans
2026-08-25 20:48:18 [WARNING] Fetch failed https://www.zerotackle.com/nrl/teams/manly-sea-eagles/ -- HTTPSConnectionPool(host='www.zerotackle.com', port=443): Max retries exceeded with url: /nrl/teams/manly-sea-eagles/ (Caused by NameResolutionError("HTTPSConnection(host='www.zerotackle.com', port=443): Failed to resolve 'www.zerotackle.com' ([Errno 8] nodename nor servname provided, or not known)"))
2026-08-25 20:48:18 [WARNING] Failed to fetch Zero Tackle page for Manly-Warringah Sea Eagles
2026-08-25 20:48:18 [WARNING] Fetch failed https://www.zerotackle.com/nrl/teams/melbourne-storm/ -- HTTPSConnectionPool(host='www.zerotackle.com', port=443): Max retries exceeded with url: /nrl/teams/melbourne-storm/ (Caused by NameResolutionError("HTTPSConnection(host='www.zerotackle.com', port=443): Failed to resolve 'www.zerotackle.com' ([Errno 8] nodename nor servname provided, or not known)"))
2026-08-25 20:48:18 [WARNING] Failed to fetch Zero Tackle page for Melbourne Storm
2026-08-25 20:48:18 [WARNING] Fetch failed https://www.zerotackle.com/nrl/teams/newcastle-knights/ -- HTTPSConnectionPool(host='www.zerotackle.com', port=443): Max retries exceeded with url: /nrl/teams/newcastle-knights/ (Caused by NameResolutionError("HTTPSConnection(host='www.zerotackle.com', port=443): Failed to resolve 'www.zerotackle.com' ([Errno 8] nodename nor servname provided, or not known)"))
2026-08-25 20:48:18 [WARNING] Failed to fetch Zero Tackle page for Newcastle Knights
2026-08-25 20:48:18 [WARNING] Fetch failed https://www.zerotackle.com/nrl/teams/new-zealand-warriors/ -- HTTPSConnectionPool(host='www.zerotackle.com', port=443): Max retries exceeded with url: /nrl/teams/new-zealand-warriors/ (Caused by NameResolutionError("HTTPSConnection(host='www.zerotackle.com', port=443): Failed to resolve 'www.zerotackle.com' ([Errno 8] nodename nor servname provided, or not known)"))
2026-08-25 20:48:18 [WARNING] Failed to fetch Zero Tackle page for New Zealand Warriors
2026-08-25 20:48:18 [WARNING] Fetch failed https://www.zerotackle.com/nrl/teams/north-queensland-cowboys/ -- HTTPSConnectionPool(host='www.zerotackle.com', port=443): Max retries exceeded with url: /nrl/teams/north-queensland-cowboys/ (Caused by NameResolutionError("HTTPSConnection(host='www.zerotackle.com', port=443): Failed to resolve 'www.zerotackle.com' ([Errno 8] nodename nor servname provided, or not known)"))
2026-08-25 20:48:18 [WARNING] Failed to fetch Zero Tackle page for North Queensland Cowboys
2026-08-25 20:48:18 [WARNING] Fetch failed https://www.zerotackle.com/nrl/teams/parramatta-eels/ -- HTTPSConnectionPool(host='www.zerotackle.com', port=443): Max retries exceeded with url: /nrl/teams/parramatta-eels/ (Caused by NameResolutionError("HTTPSConnection(host='www.zerotackle.com', port=443): Failed to resolve 'www.zerotackle.com' ([Errno 8] nodename nor servname provided, or not known)"))
2026-08-25 20:48:18 [WARNING] Failed to fetch Zero Tackle page for Parramatta Eels
2026-08-25 20:48:18 [WARNING] Fetch failed https://www.zerotackle.com/nrl/teams/penrith-panthers/ -- HTTPSConnectionPool(host='www.zerotackle.com', port=443): Max retries exceeded with url: /nrl/teams/penrith-panthers/ (Caused by NameResolutionError("HTTPSConnection(host='www.zerotackle.com', port=443): Failed to resolve 'www.zerotackle.com' ([Errno 8] nodename nor servname provided, or not known)"))
2026-08-25 20:48:18 [WARNING] Failed to fetch Zero Tackle page for Penrith Panthers
2026-08-25 20:48:18 [WARNING] Fetch failed https://www.zerotackle.com/nrl/teams/south-sydney-rabbitohs/ -- HTTPSConnectionPool(host='www.zerotackle.com', port=443): Max retries exceeded with url: /nrl/teams/south-sydney-rabbitohs/ (Caused by NameResolutionError("HTTPSConnection(host='www.zerotackle.com', port=443): Failed to resolve 'www.zerotackle.com' ([Errno 8] nodename nor servname provided, or not known)"))
2026-08-25 20:48:18 [WARNING] Failed to fetch Zero Tackle page for South Sydney Rabbitohs
2026-08-25 20:48:18 [WARNING] Fetch failed https://www.zerotackle.com/nrl/teams/st-george-illawarra-dragons/ -- HTTPSConnectionPool(host='www.zerotackle.com', port=443): Max retries exceeded with url: /nrl/teams/st-george-illawarra-dragons/ (Caused by NameResolutionError("HTTPSConnection(host='www.zerotackle.com', port=443): Failed to resolve 'www.zerotackle.com' ([Errno 8] nodename nor servname provided, or not known)"))
2026-08-25 20:48:18 [WARNING] Failed to fetch Zero Tackle page for St. George Illawarra Dragons
2026-08-25 20:48:18 [WARNING] Fetch failed https://www.zerotackle.com/nrl/teams/sydney-roosters/ -- HTTPSConnectionPool(host='www.zerotackle.com', port=443): Max retries exceeded with url: /nrl/teams/sydney-roosters/ (Caused by NameResolutionError("HTTPSConnection(host='www.zerotackle.com', port=443): Failed to resolve 'www.zerotackle.com' ([Errno 8] nodename nor servname provided, or not known)"))
2026-08-25 20:48:18 [WARNING] Failed to fetch Zero Tackle page for Sydney Roosters
2026-08-25 20:48:18 [WARNING] Fetch failed https://www.zerotackle.com/nrl/teams/wests-tigers/ -- HTTPSConnectionPool(host='www.zerotackle.com', port=443): Max retries exceeded with url: /nrl/teams/wests-tigers/ (Caused by NameResolutionError("HTTPSConnection(host='www.zerotackle.com', port=443): Failed to resolve 'www.zerotackle.com' ([Errno 8] nodename nor servname provided, or not known)"))
2026-08-25 20:48:18 [WARNING] Failed to fetch Zero Tackle page for Wests Tigers
2026-08-25 20:48:18 [INFO] Zero Tackle total: 0 records across 17 teams
2026-08-25 20:48:18 [WARNING] Zero Tackle returned 0 records, retrying in 30s
2026-08-25 20:48:48 [INFO] Attempt 3/3 -- Zero Tackle injuries R26 2026
2026-08-25 20:48:48 [WARNING] Fetch failed https://www.zerotackle.com/nrl/teams/brisbane-broncos/ -- HTTPSConnectionPool(host='www.zerotackle.com', port=443): Max retries exceeded with url: /nrl/teams/brisbane-broncos/ (Caused by NameResolutionError("HTTPSConnection(host='www.zerotackle.com', port=443): Failed to resolve 'www.zerotackle.com' ([Errno 8] nodename nor servname provided, or not known)"))
2026-08-25 20:48:48 [WARNING] Failed to fetch Zero Tackle page for Brisbane Broncos
2026-08-25 20:48:48 [WARNING] Fetch failed https://www.zerotackle.com/nrl/teams/canberra-raiders/ -- HTTPSConnectionPool(host='www.zerotackle.com', port=443): Max retries exceeded with url: /nrl/teams/canberra-raiders/ (Caused by NameResolutionError("HTTPSConnection(host='www.zerotackle.com', port=443): Failed to resolve 'www.zerotackle.com' ([Errno 8] nodename nor servname provided, or not known)"))
2026-08-25 20:48:48 [WARNING] Failed to fetch Zero Tackle page for Canberra Raiders
2026-08-25 20:48:48 [WARNING] Fetch failed https://www.zerotackle.com/nrl/teams/canterbury-bankstown-bulldogs/ -- HTTPSConnectionPool(host='www.zerotackle.com', port=443): Max retries exceeded with url: /nrl/teams/canterbury-bankstown-bulldogs/ (Caused by NameResolutionError("HTTPSConnection(host='www.zerotackle.com', port=443): Failed to resolve 'www.zerotackle.com' ([Errno 8] nodename nor servname provided, or not known)"))
2026-08-25 20:48:48 [WARNING] Failed to fetch Zero Tackle page for Canterbury-Bankstown Bulldogs
2026-08-25 20:48:48 [WARNING] Fetch failed https://www.zerotackle.com/nrl/teams/cronulla-sharks/ -- HTTPSConnectionPool(host='www.zerotackle.com', port=443): Max retries exceeded with url: /nrl/teams/cronulla-sharks/ (Caused by NameResolutionError("HTTPSConnection(host='www.zerotackle.com', port=443): Failed to resolve 'www.zerotackle.com' ([Errno 8] nodename nor servname provided, or not known)"))
2026-08-25 20:48:48 [WARNING] Failed to fetch Zero Tackle page for Cronulla-Sutherland Sharks
2026-08-25 20:48:48 [WARNING] Fetch failed https://www.zerotackle.com/nrl/teams/dolphins/ -- HTTPSConnectionPool(host='www.zerotackle.com', port=443): Max retries exceeded with url: /nrl/teams/dolphins/ (Caused by NameResolutionError("HTTPSConnection(host='www.zerotackle.com', port=443): Failed to resolve 'www.zerotackle.com' ([Errno 8] nodename nor servname provided, or not known)"))
2026-08-25 20:48:48 [WARNING] Failed to fetch Zero Tackle page for Dolphins
2026-08-25 20:48:48 [WARNING] Fetch failed https://www.zerotackle.com/nrl/teams/gold-coast-titans/ -- HTTPSConnectionPool(host='www.zerotackle.com', port=443): Max retries exceeded with url: /nrl/teams/gold-coast-titans/ (Caused by NameResolutionError("HTTPSConnection(host='www.zerotackle.com', port=443): Failed to resolve 'www.zerotackle.com' ([Errno 8] nodename nor servname provided, or not known)"))
2026-08-25 20:48:48 [WARNING] Failed to fetch Zero Tackle page for Gold Coast Titans
2026-08-25 20:48:48 [WARNING] Fetch failed https://www.zerotackle.com/nrl/teams/manly-sea-eagles/ -- HTTPSConnectionPool(host='www.zerotackle.com', port=443): Max retries exceeded with url: /nrl/teams/manly-sea-eagles/ (Caused by NameResolutionError("HTTPSConnection(host='www.zerotackle.com', port=443): Failed to resolve 'www.zerotackle.com' ([Errno 8] nodename nor servname provided, or not known)"))
2026-08-25 20:48:48 [WARNING] Failed to fetch Zero Tackle page for Manly-Warringah Sea Eagles
2026-08-25 20:48:48 [WARNING] Fetch failed https://www.zerotackle.com/nrl/teams/melbourne-storm/ -- HTTPSConnectionPool(host='www.zerotackle.com', port=443): Max retries exceeded with url: /nrl/teams/melbourne-storm/ (Caused by NameResolutionError("HTTPSConnection(host='www.zerotackle.com', port=443): Failed to resolve 'www.zerotackle.com' ([Errno 8] nodename nor servname provided, or not known)"))
2026-08-25 20:48:48 [WARNING] Failed to fetch Zero Tackle page for Melbourne Storm
2026-08-25 20:48:48 [WARNING] Fetch failed https://www.zerotackle.com/nrl/teams/newcastle-knights/ -- HTTPSConnectionPool(host='www.zerotackle.com', port=443): Max retries exceeded with url: /nrl/teams/newcastle-knights/ (Caused by NameResolutionError("HTTPSConnection(host='www.zerotackle.com', port=443): Failed to resolve 'www.zerotackle.com' ([Errno 8] nodename nor servname provided, or not known)"))
2026-08-25 20:48:48 [WARNING] Failed to fetch Zero Tackle page for Newcastle Knights
2026-08-25 20:48:48 [WARNING] Fetch failed https://www.zerotackle.com/nrl/teams/new-zealand-warriors/ -- HTTPSConnectionPool(host='www.zerotackle.com', port=443): Max retries exceeded with url: /nrl/teams/new-zealand-warriors/ (Caused by NameResolutionError("HTTPSConnection(host='www.zerotackle.com', port=443): Failed to resolve 'www.zerotackle.com' ([Errno 8] nodename nor servname provided, or not known)"))
2026-08-25 20:48:48 [WARNING] Failed to fetch Zero Tackle page for New Zealand Warriors
2026-08-25 20:48:48 [WARNING] Fetch failed https://www.zerotackle.com/nrl/teams/north-queensland-cowboys/ -- HTTPSConnectionPool(host='www.zerotackle.com', port=443): Max retries exceeded with url: /nrl/teams/north-queensland-cowboys/ (Caused by NameResolutionError("HTTPSConnection(host='www.zerotackle.com', port=443): Failed to resolve 'www.zerotackle.com' ([Errno 8] nodename nor servname provided, or not known)"))
2026-08-25 20:48:48 [WARNING] Failed to fetch Zero Tackle page for North Queensland Cowboys
2026-08-25 20:48:48 [WARNING] Fetch failed https://www.zerotackle.com/nrl/teams/parramatta-eels/ -- HTTPSConnectionPool(host='www.zerotackle.com', port=443): Max retries exceeded with url: /nrl/teams/parramatta-eels/ (Caused by NameResolutionError("HTTPSConnection(host='www.zerotackle.com', port=443): Failed to resolve 'www.zerotackle.com' ([Errno 8] nodename nor servname provided, or not known)"))
2026-08-25 20:48:48 [WARNING] Failed to fetch Zero Tackle page for Parramatta Eels
2026-08-25 20:48:48 [WARNING] Fetch failed https://www.zerotackle.com/nrl/teams/penrith-panthers/ -- HTTPSConnectionPool(host='www.zerotackle.com', port=443): Max retries exceeded with url: /nrl/teams/penrith-panthers/ (Caused by NameResolutionError("HTTPSConnection(host='www.zerotackle.com', port=443): Failed to resolve 'www.zerotackle.com' ([Errno 8] nodename nor servname provided, or not known)"))
2026-08-25 20:48:48 [WARNING] Failed to fetch Zero Tackle page for Penrith Panthers
2026-08-25 20:48:48 [WARNING] Fetch failed https://www.zerotackle.com/nrl/teams/south-sydney-rabbitohs/ -- HTTPSConnectionPool(host='www.zerotackle.com', port=443): Max retries exceeded with url: /nrl/teams/south-sydney-rabbitohs/ (Caused by NameResolutionError("HTTPSConnection(host='www.zerotackle.com', port=443): Failed to resolve 'www.zerotackle.com' ([Errno 8] nodename nor servname provided, or not known)"))
2026-08-25 20:48:48 [WARNING] Failed to fetch Zero Tackle page for South Sydney Rabbitohs
2026-08-25 20:48:48 [WARNING] Fetch failed https://www.zerotackle.com/nrl/teams/st-george-illawarra-dragons/ -- HTTPSConnectionPool(host='www.zerotackle.com', port=443): Max retries exceeded with url: /nrl/teams/st-george-illawarra-dragons/ (Caused by NameResolutionError("HTTPSConnection(host='www.zerotackle.com', port=443): Failed to resolve 'www.zerotackle.com' ([Errno 8] nodename nor servname provided, or not known)"))
2026-08-25 20:48:48 [WARNING] Failed to fetch Zero Tackle page for St. George Illawarra Dragons
2026-08-25 20:48:48 [WARNING] Fetch failed https://www.zerotackle.com/nrl/teams/sydney-roosters/ -- HTTPSConnectionPool(host='www.zerotackle.com', port=443): Max retries exceeded with url: /nrl/teams/sydney-roosters/ (Caused by NameResolutionError("HTTPSConnection(host='www.zerotackle.com', port=443): Failed to resolve 'www.zerotackle.com' ([Errno 8] nodename nor servname provided, or not known)"))
2026-08-25 20:48:48 [WARNING] Failed to fetch Zero Tackle page for Sydney Roosters
2026-08-25 20:48:48 [WARNING] Fetch failed https://www.zerotackle.com/nrl/teams/wests-tigers/ -- HTTPSConnectionPool(host='www.zerotackle.com', port=443): Max retries exceeded with url: /nrl/teams/wests-tigers/ (Caused by NameResolutionError("HTTPSConnection(host='www.zerotackle.com', port=443): Failed to resolve 'www.zerotackle.com' ([Errno 8] nodename nor servname provided, or not known)"))
2026-08-25 20:48:48 [WARNING] Failed to fetch Zero Tackle page for Wests Tigers
2026-08-25 20:48:48 [INFO] Zero Tackle total: 0 records across 17 teams
2026-08-25 20:48:48 [ERROR] All attempts exhausted -- no injury data
[2026-08-25T20:48:48] NRL team news
Written /Users/elliotbladen/BetMate/data/nrl/team-news/latest.json
  Round 26 | Teams: 17 | Injuries: 83 | Suspensions preserved: 0
[2026-08-25T20:48:48] NRL market-moving news
2026-08-25 20:48:49 [INFO] Targeting season=2026 round=26
2026-08-25 20:48:49 [WARNING] Fetch failed NRL Casualty Ward                https://www.nrl.com/news/2026/01/01/nrl-casualty-ward-how-your-club-is-shaping-heading-into-2026/ -- HTTPSConnectionPool(host='www.nrl.com', port=443): Max retries exceeded with url: /news/2026/01/01/nrl-casualty-ward-how-your-club-is-shaping-heading-into-2026/ (Caused by NameResolutionError("HTTPSConnection(host='www.nrl.com', port=443): Failed to resolve 'www.nrl.com' ([Errno 8] nodename nor servname provided, or not known)"))
2026-08-25 20:48:49 [WARNING] Fetch failed NRL Judiciary Report             https://www.nrl.com/news/2026/01/01/nrl-judiciary-report-2026/ -- HTTPSConnectionPool(host='www.nrl.com', port=443): Max retries exceeded with url: /news/2026/01/01/nrl-judiciary-report-2026/ (Caused by NameResolutionError("HTTPSConnection(host='www.nrl.com', port=443): Failed to resolve 'www.nrl.com' ([Errno 8] nodename nor servname provided, or not known)"))
2026-08-25 20:48:49 [WARNING] Fetch failed NRL News                         https://www.nrl.com/news/ -- HTTPSConnectionPool(host='www.nrl.com', port=443): Max retries exceeded with url: /news/ (Caused by NameResolutionError("HTTPSConnection(host='www.nrl.com', port=443): Failed to resolve 'www.nrl.com' ([Errno 8] nodename nor servname provided, or not known)"))
2026-08-25 20:48:49 [WARNING] Fetch failed Brisbane Broncos News            https://www.broncos.com.au/news/ -- HTTPSConnectionPool(host='www.broncos.com.au', port=443): Max retries exceeded with url: /news/ (Caused by NameResolutionError("HTTPSConnection(host='www.broncos.com.au', port=443): Failed to resolve 'www.broncos.com.au' ([Errno 8] nodename nor servname provided, or not known)"))
2026-08-25 20:48:49 [WARNING] Fetch failed Canterbury-Bankstown Bulldogs News https://www.bulldogs.com.au/news/ -- HTTPSConnectionPool(host='www.bulldogs.com.au', port=443): Max retries exceeded with url: /news/ (Caused by NameResolutionError("HTTPSConnection(host='www.bulldogs.com.au', port=443): Failed to resolve 'www.bulldogs.com.au' ([Errno 8] nodename nor servname provided, or not known)"))
2026-08-25 20:48:49 [WARNING] Fetch failed Canberra Raiders News            https://www.raiders.com.au/news/ -- HTTPSConnectionPool(host='www.raiders.com.au', port=443): Max retries exceeded with url: /news/ (Caused by NameResolutionError("HTTPSConnection(host='www.raiders.com.au', port=443): Failed to resolve 'www.raiders.com.au' ([Errno 8] nodename nor servname provided, or not known)"))
2026-08-25 20:48:49 [WARNING] Fetch failed Cronulla-Sutherland Sharks News  https://www.sharks.com.au/news/ -- HTTPSConnectionPool(host='www.sharks.com.au', port=443): Max retries exceeded with url: /news/ (Caused by NameResolutionError("HTTPSConnection(host='www.sharks.com.au', port=443): Failed to resolve 'www.sharks.com.au' ([Errno 8] nodename nor servname provided, or not known)"))
2026-08-25 20:48:49 [WARNING] Fetch failed Dolphins News                    https://www.dolphinsnrl.com.au/news/ -- HTTPSConnectionPool(host='www.dolphinsnrl.com.au', port=443): Max retries exceeded with url: /news/ (Caused by NameResolutionError("HTTPSConnection(host='www.dolphinsnrl.com.au', port=443): Failed to resolve 'www.dolphinsnrl.com.au' ([Errno 8] nodename nor servname provided, or not known)"))
2026-08-25 20:48:49 [WARNING] Fetch failed Gold Coast Titans News           https://www.titans.com.au/news/ -- HTTPSConnectionPool(host='www.titans.com.au', port=443): Max retries exceeded with url: /news/ (Caused by NameResolutionError("HTTPSConnection(host='www.titans.com.au', port=443): Failed to resolve 'www.titans.com.au' ([Errno 8] nodename nor servname provided, or not known)"))
2026-08-25 20:48:49 [WARNING] Fetch failed Manly-Warringah Sea Eagles News  https://www.seaeagles.com.au/news/ -- HTTPSConnectionPool(host='www.seaeagles.com.au', port=443): Max retries exceeded with url: /news/ (Caused by NameResolutionError("HTTPSConnection(host='www.seaeagles.com.au', port=443): Failed to resolve 'www.seaeagles.com.au' ([Errno 8] nodename nor servname provided, or not known)"))
2026-08-25 20:48:49 [WARNING] Fetch failed Melbourne Storm News             https://www.melbournestorm.com.au/news/ -- HTTPSConnectionPool(host='www.melbournestorm.com.au', port=443): Max retries exceeded with url: /news/ (Caused by NameResolutionError("HTTPSConnection(host='www.melbournestorm.com.au', port=443): Failed to resolve 'www.melbournestorm.com.au' ([Errno 8] nodename nor servname provided, or not known)"))
2026-08-25 20:48:49 [WARNING] Fetch failed Newcastle Knights News           https://www.newcastleknights.com.au/news/ -- HTTPSConnectionPool(host='www.newcastleknights.com.au', port=443): Max retries exceeded with url: /news/ (Caused by NameResolutionError("HTTPSConnection(host='www.newcastleknights.com.au', port=443): Failed to resolve 'www.newcastleknights.com.au' ([Errno 8] nodename nor servname provided, or not known)"))
2026-08-25 20:48:49 [WARNING] Fetch failed New Zealand Warriors News        https://www.warriors.kiwi/news/ -- HTTPSConnectionPool(host='www.warriors.kiwi', port=443): Max retries exceeded with url: /news/ (Caused by NameResolutionError("HTTPSConnection(host='www.warriors.kiwi', port=443): Failed to resolve 'www.warriors.kiwi' ([Errno 8] nodename nor servname provided, or not known)"))
2026-08-25 20:48:49 [WARNING] Fetch failed North Queensland Cowboys News    https://www.cowboys.com.au/news/ -- HTTPSConnectionPool(host='www.cowboys.com.au', port=443): Max retries exceeded with url: /news/ (Caused by NameResolutionError("HTTPSConnection(host='www.cowboys.com.au', port=443): Failed to resolve 'www.cowboys.com.au' ([Errno 8] nodename nor servname provided, or not known)"))
2026-08-25 20:48:49 [WARNING] Fetch failed Parramatta Eels News             https://www.parraeels.com.au/news/ -- HTTPSConnectionPool(host='www.parraeels.com.au', port=443): Max retries exceeded with url: /news/ (Caused by NameResolutionError("HTTPSConnection(host='www.parraeels.com.au', port=443): Failed to resolve 'www.parraeels.com.au' ([Errno 8] nodename nor servname provided, or not known)"))
2026-08-25 20:48:49 [WARNING] Fetch failed Penrith Panthers News            https://www.penrithpanthers.com.au/news/ -- HTTPSConnectionPool(host='www.penrithpanthers.com.au', port=443): Max retries exceeded with url: /news/ (Caused by NameResolutionError("HTTPSConnection(host='www.penrithpanthers.com.au', port=443): Failed to resolve 'www.penrithpanthers.com.au' ([Errno 8] nodename nor servname provided, or not known)"))
2026-08-25 20:48:49 [WARNING] Fetch failed South Sydney Rabbitohs News      https://www.rabbitohs.com.au/news/ -- HTTPSConnectionPool(host='www.rabbitohs.com.au', port=443): Max retries exceeded with url: /news/ (Caused by NameResolutionError("HTTPSConnection(host='www.rabbitohs.com.au', port=443): Failed to resolve 'www.rabbitohs.com.au' ([Errno 8] nodename nor servname provided, or not known)"))
2026-08-25 20:48:49 [WARNING] Fetch failed St. George Illawarra Dragons News https://www.dragons.com.au/news/ -- HTTPSConnectionPool(host='www.dragons.com.au', port=443): Max retries exceeded with url: /news/ (Caused by NameResolutionError("HTTPSConnection(host='www.dragons.com.au', port=443): Failed to resolve 'www.dragons.com.au' ([Errno 8] nodename nor servname provided, or not known)"))
2026-08-25 20:48:49 [WARNING] Fetch failed Sydney Roosters News             https://www.roosters.com.au/news/ -- HTTPSConnectionPool(host='www.roosters.com.au', port=443): Max retries exceeded with url: /news/ (Caused by NameResolutionError("HTTPSConnection(host='www.roosters.com.au', port=443): Failed to resolve 'www.roosters.com.au' ([Errno 8] nodename nor servname provided, or not known)"))
2026-08-25 20:48:49 [WARNING] Fetch failed Wests Tigers News                https://www.weststigers.com.au/news/ -- HTTPSConnectionPool(host='www.weststigers.com.au', port=443): Max retries exceeded with url: /news/ (Caused by NameResolutionError("HTTPSConnection(host='www.weststigers.com.au', port=443): Failed to resolve 'www.weststigers.com.au' ([Errno 8] nodename nor servname provided, or not known)"))
2026-08-25 20:48:49 [INFO] Wrote 0 flags
2026-08-25 20:48:49 [INFO] JSON: /Users/elliotbladen/BetMate/data/nrl/news_flags/processed/2026/2026-08-25.json
2026-08-25 20:48:49 [INFO] CSV:  /Users/elliotbladen/BetMate/data/nrl/news_flags/processed/2026/2026-08-25.csv
2026-08-25 20:48:49 [INFO] News flags complete -- 0 total, 0 HIGH
[2026-08-25T20:48:49] AFL injuries
2026-08-25 20:48:49 [INFO] Targeting season=2026 round=23
2026-08-25 20:48:49 [INFO] Attempt 1/3 -- AFL injuries R23 2026
2026-08-25 20:48:49 [WARNING] Fetch failed https://www.footywire.com/afl/footy/injury_list -- HTTPSConnectionPool(host='www.footywire.com', port=443): Max retries exceeded with url: /afl/footy/injury_list (Caused by NameResolutionError("HTTPSConnection(host='www.footywire.com', port=443): Failed to resolve 'www.footywire.com' ([Errno 8] nodename nor servname provided, or not known)"))
2026-08-25 20:48:49 [WARNING] Fetch failed, retrying in 30s
2026-08-25 20:49:19 [INFO] Attempt 2/3 -- AFL injuries R23 2026
2026-08-25 20:49:19 [WARNING] Fetch failed https://www.footywire.com/afl/footy/injury_list -- HTTPSConnectionPool(host='www.footywire.com', port=443): Max retries exceeded with url: /afl/footy/injury_list (Caused by NameResolutionError("HTTPSConnection(host='www.footywire.com', port=443): Failed to resolve 'www.footywire.com' ([Errno 8] nodename nor servname provided, or not known)"))
2026-08-25 20:49:19 [WARNING] Fetch failed, retrying in 30s
2026-08-25 20:49:49 [INFO] Attempt 3/3 -- AFL injuries R23 2026
2026-08-25 20:49:49 [WARNING] Fetch failed https://www.footywire.com/afl/footy/injury_list -- HTTPSConnectionPool(host='www.footywire.com', port=443): Max retries exceeded with url: /afl/footy/injury_list (Caused by NameResolutionError("HTTPSConnection(host='www.footywire.com', port=443): Failed to resolve 'www.footywire.com' ([Errno 8] nodename nor servname provided, or not known)"))
2026-08-25 20:49:49 [ERROR] All attempts exhausted -- no AFL injury data
[2026-08-25T20:49:49] Market event log
Wrote 747 events -> /Users/elliotbladen/BetMate/data/market_events/2026_events.csv
  injury: 747
AFL injury refresh pinned to prepared round 23
[2026-08-25T21:49:50] NRL injuries
2026-08-25 21:49:50 [INFO] Targeting season=2026 round=26
2026-08-25 21:49:50 [INFO] Attempt 1/3 -- Zero Tackle injuries R26 2026
2026-08-25 21:49:50 [WARNING] Fetch failed https://www.zerotackle.com/nrl/teams/brisbane-broncos/ -- HTTPSConnectionPool(host='www.zerotackle.com', port=443): Max retries exceeded with url: /nrl/teams/brisbane-broncos/ (Caused by NameResolutionError("HTTPSConnection(host='www.zerotackle.com', port=443): Failed to resolve 'www.zerotackle.com' ([Errno 8] nodename nor servname provided, or not known)"))
2026-08-25 21:49:50 [WARNING] Failed to fetch Zero Tackle page for Brisbane Broncos
2026-08-25 21:49:50 [WARNING] Fetch failed https://www.zerotackle.com/nrl/teams/canberra-raiders/ -- HTTPSConnectionPool(host='www.zerotackle.com', port=443): Max retries exceeded with url: /nrl/teams/canberra-raiders/ (Caused by NameResolutionError("HTTPSConnection(host='www.zerotackle.com', port=443): Failed to resolve 'www.zerotackle.com' ([Errno 8] nodename nor servname provided, or not known)"))
2026-08-25 21:49:50 [WARNING] Failed to fetch Zero Tackle page for Canberra Raiders
2026-08-25 21:49:50 [WARNING] Fetch failed https://www.zerotackle.com/nrl/teams/canterbury-bankstown-bulldogs/ -- HTTPSConnectionPool(host='www.zerotackle.com', port=443): Max retries exceeded with url: /nrl/teams/canterbury-bankstown-bulldogs/ (Caused by NameResolutionError("HTTPSConnection(host='www.zerotackle.com', port=443): Failed to resolve 'www.zerotackle.com' ([Errno 8] nodename nor servname provided, or not known)"))
2026-08-25 21:49:50 [WARNING] Failed to fetch Zero Tackle page for Canterbury-Bankstown Bulldogs
2026-08-25 21:49:50 [WARNING] Fetch failed https://www.zerotackle.com/nrl/teams/cronulla-sharks/ -- HTTPSConnectionPool(host='www.zerotackle.com', port=443): Max retries exceeded with url: /nrl/teams/cronulla-sharks/ (Caused by NameResolutionError("HTTPSConnection(host='www.zerotackle.com', port=443): Failed to resolve 'www.zerotackle.com' ([Errno 8] nodename nor servname provided, or not known)"))
2026-08-25 21:49:50 [WARNING] Failed to fetch Zero Tackle page for Cronulla-Sutherland Sharks
2026-08-25 21:49:50 [WARNING] Fetch failed https://www.zerotackle.com/nrl/teams/dolphins/ -- HTTPSConnectionPool(host='www.zerotackle.com', port=443): Max retries exceeded with url: /nrl/teams/dolphins/ (Caused by NameResolutionError("HTTPSConnection(host='www.zerotackle.com', port=443): Failed to resolve 'www.zerotackle.com' ([Errno 8] nodename nor servname provided, or not known)"))
2026-08-25 21:49:50 [WARNING] Failed to fetch Zero Tackle page for Dolphins
2026-08-25 21:49:50 [WARNING] Fetch failed https://www.zerotackle.com/nrl/teams/gold-coast-titans/ -- HTTPSConnectionPool(host='www.zerotackle.com', port=443): Max retries exceeded with url: /nrl/teams/gold-coast-titans/ (Caused by NameResolutionError("HTTPSConnection(host='www.zerotackle.com', port=443): Failed to resolve 'www.zerotackle.com' ([Errno 8] nodename nor servname provided, or not known)"))
2026-08-25 21:49:50 [WARNING] Failed to fetch Zero Tackle page for Gold Coast Titans
2026-08-25 21:49:50 [WARNING] Fetch failed https://www.zerotackle.com/nrl/teams/manly-sea-eagles/ -- HTTPSConnectionPool(host='www.zerotackle.com', port=443): Max retries exceeded with url: /nrl/teams/manly-sea-eagles/ (Caused by NameResolutionError("HTTPSConnection(host='www.zerotackle.com', port=443): Failed to resolve 'www.zerotackle.com' ([Errno 8] nodename nor servname provided, or not known)"))
2026-08-25 21:49:50 [WARNING] Failed to fetch Zero Tackle page for Manly-Warringah Sea Eagles
2026-08-25 21:49:50 [WARNING] Fetch failed https://www.zerotackle.com/nrl/teams/melbourne-storm/ -- HTTPSConnectionPool(host='www.zerotackle.com', port=443): Max retries exceeded with url: /nrl/teams/melbourne-storm/ (Caused by NameResolutionError("HTTPSConnection(host='www.zerotackle.com', port=443): Failed to resolve 'www.zerotackle.com' ([Errno 8] nodename nor servname provided, or not known)"))
2026-08-25 21:49:50 [WARNING] Failed to fetch Zero Tackle page for Melbourne Storm
2026-08-25 21:49:50 [WARNING] Fetch failed https://www.zerotackle.com/nrl/teams/newcastle-knights/ -- HTTPSConnectionPool(host='www.zerotackle.com', port=443): Max retries exceeded with url: /nrl/teams/newcastle-knights/ (Caused by NameResolutionError("HTTPSConnection(host='www.zerotackle.com', port=443): Failed to resolve 'www.zerotackle.com' ([Errno 8] nodename nor servname provided, or not known)"))
2026-08-25 21:49:50 [WARNING] Failed to fetch Zero Tackle page for Newcastle Knights
2026-08-25 21:49:50 [WARNING] Fetch failed https://www.zerotackle.com/nrl/teams/new-zealand-warriors/ -- HTTPSConnectionPool(host='www.zerotackle.com', port=443): Max retries exceeded with url: /nrl/teams/new-zealand-warriors/ (Caused by NameResolutionError("HTTPSConnection(host='www.zerotackle.com', port=443): Failed to resolve 'www.zerotackle.com' ([Errno 8] nodename nor servname provided, or not known)"))
2026-08-25 21:49:50 [WARNING] Failed to fetch Zero Tackle page for New Zealand Warriors
2026-08-25 21:49:50 [WARNING] Fetch failed https://www.zerotackle.com/nrl/teams/north-queensland-cowboys/ -- HTTPSConnectionPool(host='www.zerotackle.com', port=443): Max retries exceeded with url: /nrl/teams/north-queensland-cowboys/ (Caused by NameResolutionError("HTTPSConnection(host='www.zerotackle.com', port=443): Failed to resolve 'www.zerotackle.com' ([Errno 8] nodename nor servname provided, or not known)"))
2026-08-25 21:49:50 [WARNING] Failed to fetch Zero Tackle page for North Queensland Cowboys
2026-08-25 21:49:50 [WARNING] Fetch failed https://www.zerotackle.com/nrl/teams/parramatta-eels/ -- HTTPSConnectionPool(host='www.zerotackle.com', port=443): Max retries exceeded with url: /nrl/teams/parramatta-eels/ (Caused by NameResolutionError("HTTPSConnection(host='www.zerotackle.com', port=443): Failed to resolve 'www.zerotackle.com' ([Errno 8] nodename nor servname provided, or not known)"))
2026-08-25 21:49:50 [WARNING] Failed to fetch Zero Tackle page for Parramatta Eels
2026-08-25 21:49:50 [WARNING] Fetch failed https://www.zerotackle.com/nrl/teams/penrith-panthers/ -- HTTPSConnectionPool(host='www.zerotackle.com', port=443): Max retries exceeded with url: /nrl/teams/penrith-panthers/ (Caused by NameResolutionError("HTTPSConnection(host='www.zerotackle.com', port=443): Failed to resolve 'www.zerotackle.com' ([Errno 8] nodename nor servname provided, or not known)"))
2026-08-25 21:49:50 [WARNING] Failed to fetch Zero Tackle page for Penrith Panthers
2026-08-25 21:49:50 [WARNING] Fetch failed https://www.zerotackle.com/nrl/teams/south-sydney-rabbitohs/ -- HTTPSConnectionPool(host='www.zerotackle.com', port=443): Max retries exceeded with url: /nrl/teams/south-sydney-rabbitohs/ (Caused by NameResolutionError("HTTPSConnection(host='www.zerotackle.com', port=443): Failed to resolve 'www.zerotackle.com' ([Errno 8] nodename nor servname provided, or not known)"))
2026-08-25 21:49:50 [WARNING] Failed to fetch Zero Tackle page for South Sydney Rabbitohs
2026-08-25 21:49:50 [WARNING] Fetch failed https://www.zerotackle.com/nrl/teams/st-george-illawarra-dragons/ -- HTTPSConnectionPool(host='www.zerotackle.com', port=443): Max retries exceeded with url: /nrl/teams/st-george-illawarra-dragons/ (Caused by NameResolutionError("HTTPSConnection(host='www.zerotackle.com', port=443): Failed to resolve 'www.zerotackle.com' ([Errno 8] nodename nor servname provided, or not known)"))
2026-08-25 21:49:50 [WARNING] Failed to fetch Zero Tackle page for St. George Illawarra Dragons
2026-08-25 21:49:50 [WARNING] Fetch failed https://www.zerotackle.com/nrl/teams/sydney-roosters/ -- HTTPSConnectionPool(host='www.zerotackle.com', port=443): Max retries exceeded with url: /nrl/teams/sydney-roosters/ (Caused by NameResolutionError("HTTPSConnection(host='www.zerotackle.com', port=443): Failed to resolve 'www.zerotackle.com' ([Errno 8] nodename nor servname provided, or not known)"))
2026-08-25 21:49:50 [WARNING] Failed to fetch Zero Tackle page for Sydney Roosters
2026-08-25 21:49:50 [WARNING] Fetch failed https://www.zerotackle.com/nrl/teams/wests-tigers/ -- HTTPSConnectionPool(host='www.zerotackle.com', port=443): Max retries exceeded with url: /nrl/teams/wests-tigers/ (Caused by NameResolutionError("HTTPSConnection(host='www.zerotackle.com', port=443): Failed to resolve 'www.zerotackle.com' ([Errno 8] nodename nor servname provided, or not known)"))
2026-08-25 21:49:50 [WARNING] Failed to fetch Zero Tackle page for Wests Tigers
2026-08-25 21:49:50 [INFO] Zero Tackle total: 0 records across 17 teams
2026-08-25 21:49:50 [WARNING] Zero Tackle returned 0 records, retrying in 30s
2026-08-25 21:50:20 [INFO] Attempt 2/3 -- Zero Tackle injuries R26 2026
2026-08-25 21:50:20 [WARNING] Fetch failed https://www.zerotackle.com/nrl/teams/brisbane-broncos/ -- HTTPSConnectionPool(host='www.zerotackle.com', port=443): Max retries exceeded with url: /nrl/teams/brisbane-broncos/ (Caused by NameResolutionError("HTTPSConnection(host='www.zerotackle.com', port=443): Failed to resolve 'www.zerotackle.com' ([Errno 8] nodename nor servname provided, or not known)"))
2026-08-25 21:50:20 [WARNING] Failed to fetch Zero Tackle page for Brisbane Broncos
2026-08-25 21:50:20 [WARNING] Fetch failed https://www.zerotackle.com/nrl/teams/canberra-raiders/ -- HTTPSConnectionPool(host='www.zerotackle.com', port=443): Max retries exceeded with url: /nrl/teams/canberra-raiders/ (Caused by NameResolutionError("HTTPSConnection(host='www.zerotackle.com', port=443): Failed to resolve 'www.zerotackle.com' ([Errno 8] nodename nor servname provided, or not known)"))
2026-08-25 21:50:20 [WARNING] Failed to fetch Zero Tackle page for Canberra Raiders
2026-08-25 21:50:20 [WARNING] Fetch failed https://www.zerotackle.com/nrl/teams/canterbury-bankstown-bulldogs/ -- HTTPSConnectionPool(host='www.zerotackle.com', port=443): Max retries exceeded with url: /nrl/teams/canterbury-bankstown-bulldogs/ (Caused by NameResolutionError("HTTPSConnection(host='www.zerotackle.com', port=443): Failed to resolve 'www.zerotackle.com' ([Errno 8] nodename nor servname provided, or not known)"))
2026-08-25 21:50:20 [WARNING] Failed to fetch Zero Tackle page for Canterbury-Bankstown Bulldogs
2026-08-25 21:50:20 [WARNING] Fetch failed https://www.zerotackle.com/nrl/teams/cronulla-sharks/ -- HTTPSConnectionPool(host='www.zerotackle.com', port=443): Max retries exceeded with url: /nrl/teams/cronulla-sharks/ (Caused by NameResolutionError("HTTPSConnection(host='www.zerotackle.com', port=443): Failed to resolve 'www.zerotackle.com' ([Errno 8] nodename nor servname provided, or not known)"))
2026-08-25 21:50:20 [WARNING] Failed to fetch Zero Tackle page for Cronulla-Sutherland Sharks
2026-08-25 21:50:20 [WARNING] Fetch failed https://www.zerotackle.com/nrl/teams/dolphins/ -- HTTPSConnectionPool(host='www.zerotackle.com', port=443): Max retries exceeded with url: /nrl/teams/dolphins/ (Caused by NameResolutionError("HTTPSConnection(host='www.zerotackle.com', port=443): Failed to resolve 'www.zerotackle.com' ([Errno 8] nodename nor servname provided, or not known)"))
2026-08-25 21:50:20 [WARNING] Failed to fetch Zero Tackle page for Dolphins
2026-08-25 21:50:20 [WARNING] Fetch failed https://www.zerotackle.com/nrl/teams/gold-coast-titans/ -- HTTPSConnectionPool(host='www.zerotackle.com', port=443): Max retries exceeded with url: /nrl/teams/gold-coast-titans/ (Caused by NameResolutionError("HTTPSConnection(host='www.zerotackle.com', port=443): Failed to resolve 'www.zerotackle.com' ([Errno 8] nodename nor servname provided, or not known)"))
2026-08-25 21:50:20 [WARNING] Failed to fetch Zero Tackle page for Gold Coast Titans
2026-08-25 21:50:20 [WARNING] Fetch failed https://www.zerotackle.com/nrl/teams/manly-sea-eagles/ -- HTTPSConnectionPool(host='www.zerotackle.com', port=443): Max retries exceeded with url: /nrl/teams/manly-sea-eagles/ (Caused by NameResolutionError("HTTPSConnection(host='www.zerotackle.com', port=443): Failed to resolve 'www.zerotackle.com' ([Errno 8] nodename nor servname provided, or not known)"))
2026-08-25 21:50:20 [WARNING] Failed to fetch Zero Tackle page for Manly-Warringah Sea Eagles
2026-08-25 21:50:20 [WARNING] Fetch failed https://www.zerotackle.com/nrl/teams/melbourne-storm/ -- HTTPSConnectionPool(host='www.zerotackle.com', port=443): Max retries exceeded with url: /nrl/teams/melbourne-storm/ (Caused by NameResolutionError("HTTPSConnection(host='www.zerotackle.com', port=443): Failed to resolve 'www.zerotackle.com' ([Errno 8] nodename nor servname provided, or not known)"))
2026-08-25 21:50:20 [WARNING] Failed to fetch Zero Tackle page for Melbourne Storm
2026-08-25 21:50:20 [WARNING] Fetch failed https://www.zerotackle.com/nrl/teams/newcastle-knights/ -- HTTPSConnectionPool(host='www.zerotackle.com', port=443): Max retries exceeded with url: /nrl/teams/newcastle-knights/ (Caused by NameResolutionError("HTTPSConnection(host='www.zerotackle.com', port=443): Failed to resolve 'www.zerotackle.com' ([Errno 8] nodename nor servname provided, or not known)"))
2026-08-25 21:50:20 [WARNING] Failed to fetch Zero Tackle page for Newcastle Knights
2026-08-25 21:50:20 [WARNING] Fetch failed https://www.zerotackle.com/nrl/teams/new-zealand-warriors/ -- HTTPSConnectionPool(host='www.zerotackle.com', port=443): Max retries exceeded with url: /nrl/teams/new-zealand-warriors/ (Caused by NameResolutionError("HTTPSConnection(host='www.zerotackle.com', port=443): Failed to resolve 'www.zerotackle.com' ([Errno 8] nodename nor servname provided, or not known)"))
2026-08-25 21:50:20 [WARNING] Failed to fetch Zero Tackle page for New Zealand Warriors
2026-08-25 21:50:20 [WARNING] Fetch failed https://www.zerotackle.com/nrl/teams/north-queensland-cowboys/ -- HTTPSConnectionPool(host='www.zerotackle.com', port=443): Max retries exceeded with url: /nrl/teams/north-queensland-cowboys/ (Caused by NameResolutionError("HTTPSConnection(host='www.zerotackle.com', port=443): Failed to resolve 'www.zerotackle.com' ([Errno 8] nodename nor servname provided, or not known)"))
2026-08-25 21:50:20 [WARNING] Failed to fetch Zero Tackle page for North Queensland Cowboys
2026-08-25 21:50:20 [WARNING] Fetch failed https://www.zerotackle.com/nrl/teams/parramatta-eels/ -- HTTPSConnectionPool(host='www.zerotackle.com', port=443): Max retries exceeded with url: /nrl/teams/parramatta-eels/ (Caused by NameResolutionError("HTTPSConnection(host='www.zerotackle.com', port=443): Failed to resolve 'www.zerotackle.com' ([Errno 8] nodename nor servname provided, or not known)"))
2026-08-25 21:50:20 [WARNING] Failed to fetch Zero Tackle page for Parramatta Eels
2026-08-25 21:50:20 [WARNING] Fetch failed https://www.zerotackle.com/nrl/teams/penrith-panthers/ -- HTTPSConnectionPool(host='www.zerotackle.com', port=443): Max retries exceeded with url: /nrl/teams/penrith-panthers/ (Caused by NameResolutionError("HTTPSConnection(host='www.zerotackle.com', port=443): Failed to resolve 'www.zerotackle.com' ([Errno 8] nodename nor servname provided, or not known)"))
2026-08-25 21:50:20 [WARNING] Failed to fetch Zero Tackle page for Penrith Panthers
2026-08-25 21:50:20 [WARNING] Fetch failed https://www.zerotackle.com/nrl/teams/south-sydney-rabbitohs/ -- HTTPSConnectionPool(host='www.zerotackle.com', port=443): Max retries exceeded with url: /nrl/teams/south-sydney-rabbitohs/ (Caused by NameResolutionError("HTTPSConnection(host='www.zerotackle.com', port=443): Failed to resolve 'www.zerotackle.com' ([Errno 8] nodename nor servname provided, or not known)"))
2026-08-25 21:50:20 [WARNING] Failed to fetch Zero Tackle page for South Sydney Rabbitohs
2026-08-25 21:50:20 [WARNING] Fetch failed https://www.zerotackle.com/nrl/teams/st-george-illawarra-dragons/ -- HTTPSConnectionPool(host='www.zerotackle.com', port=443): Max retries exceeded with url: /nrl/teams/st-george-illawarra-dragons/ (Caused by NameResolutionError("HTTPSConnection(host='www.zerotackle.com', port=443): Failed to resolve 'www.zerotackle.com' ([Errno 8] nodename nor servname provided, or not known)"))
2026-08-25 21:50:20 [WARNING] Failed to fetch Zero Tackle page for St. George Illawarra Dragons
2026-08-25 21:50:20 [WARNING] Fetch failed https://www.zerotackle.com/nrl/teams/sydney-roosters/ -- HTTPSConnectionPool(host='www.zerotackle.com', port=443): Max retries exceeded with url: /nrl/teams/sydney-roosters/ (Caused by NameResolutionError("HTTPSConnection(host='www.zerotackle.com', port=443): Failed to resolve 'www.zerotackle.com' ([Errno 8] nodename nor servname provided, or not known)"))
2026-08-25 21:50:20 [WARNING] Failed to fetch Zero Tackle page for Sydney Roosters
2026-08-25 21:50:20 [WARNING] Fetch failed https://www.zerotackle.com/nrl/teams/wests-tigers/ -- HTTPSConnectionPool(host='www.zerotackle.com', port=443): Max retries exceeded with url: /nrl/teams/wests-tigers/ (Caused by NameResolutionError("HTTPSConnection(host='www.zerotackle.com', port=443): Failed to resolve 'www.zerotackle.com' ([Errno 8] nodename nor servname provided, or not known)"))
2026-08-25 21:50:20 [WARNING] Failed to fetch Zero Tackle page for Wests Tigers
2026-08-25 21:50:20 [INFO] Zero Tackle total: 0 records across 17 teams
2026-08-25 21:50:20 [WARNING] Zero Tackle returned 0 records, retrying in 30s
2026-08-25 21:50:50 [INFO] Attempt 3/3 -- Zero Tackle injuries R26 2026
2026-08-25 21:50:50 [WARNING] Fetch failed https://www.zerotackle.com/nrl/teams/brisbane-broncos/ -- HTTPSConnectionPool(host='www.zerotackle.com', port=443): Max retries exceeded with url: /nrl/teams/brisbane-broncos/ (Caused by NameResolutionError("HTTPSConnection(host='www.zerotackle.com', port=443): Failed to resolve 'www.zerotackle.com' ([Errno 8] nodename nor servname provided, or not known)"))
2026-08-25 21:50:50 [WARNING] Failed to fetch Zero Tackle page for Brisbane Broncos
2026-08-25 21:50:50 [WARNING] Fetch failed https://www.zerotackle.com/nrl/teams/canberra-raiders/ -- HTTPSConnectionPool(host='www.zerotackle.com', port=443): Max retries exceeded with url: /nrl/teams/canberra-raiders/ (Caused by NameResolutionError("HTTPSConnection(host='www.zerotackle.com', port=443): Failed to resolve 'www.zerotackle.com' ([Errno 8] nodename nor servname provided, or not known)"))
2026-08-25 21:50:50 [WARNING] Failed to fetch Zero Tackle page for Canberra Raiders
2026-08-25 21:50:50 [WARNING] Fetch failed https://www.zerotackle.com/nrl/teams/canterbury-bankstown-bulldogs/ -- HTTPSConnectionPool(host='www.zerotackle.com', port=443): Max retries exceeded with url: /nrl/teams/canterbury-bankstown-bulldogs/ (Caused by NameResolutionError("HTTPSConnection(host='www.zerotackle.com', port=443): Failed to resolve 'www.zerotackle.com' ([Errno 8] nodename nor servname provided, or not known)"))
2026-08-25 21:50:50 [WARNING] Failed to fetch Zero Tackle page for Canterbury-Bankstown Bulldogs
2026-08-25 21:50:50 [WARNING] Fetch failed https://www.zerotackle.com/nrl/teams/cronulla-sharks/ -- HTTPSConnectionPool(host='www.zerotackle.com', port=443): Max retries exceeded with url: /nrl/teams/cronulla-sharks/ (Caused by NameResolutionError("HTTPSConnection(host='www.zerotackle.com', port=443): Failed to resolve 'www.zerotackle.com' ([Errno 8] nodename nor servname provided, or not known)"))
2026-08-25 21:50:50 [WARNING] Failed to fetch Zero Tackle page for Cronulla-Sutherland Sharks
2026-08-25 21:50:50 [WARNING] Fetch failed https://www.zerotackle.com/nrl/teams/dolphins/ -- HTTPSConnectionPool(host='www.zerotackle.com', port=443): Max retries exceeded with url: /nrl/teams/dolphins/ (Caused by NameResolutionError("HTTPSConnection(host='www.zerotackle.com', port=443): Failed to resolve 'www.zerotackle.com' ([Errno 8] nodename nor servname provided, or not known)"))
2026-08-25 21:50:50 [WARNING] Failed to fetch Zero Tackle page for Dolphins
2026-08-25 21:50:50 [WARNING] Fetch failed https://www.zerotackle.com/nrl/teams/gold-coast-titans/ -- HTTPSConnectionPool(host='www.zerotackle.com', port=443): Max retries exceeded with url: /nrl/teams/gold-coast-titans/ (Caused by NameResolutionError("HTTPSConnection(host='www.zerotackle.com', port=443): Failed to resolve 'www.zerotackle.com' ([Errno 8] nodename nor servname provided, or not known)"))
2026-08-25 21:50:50 [WARNING] Failed to fetch Zero Tackle page for Gold Coast Titans
2026-08-25 21:50:50 [WARNING] Fetch failed https://www.zerotackle.com/nrl/teams/manly-sea-eagles/ -- HTTPSConnectionPool(host='www.zerotackle.com', port=443): Max retries exceeded with url: /nrl/teams/manly-sea-eagles/ (Caused by NameResolutionError("HTTPSConnection(host='www.zerotackle.com', port=443): Failed to resolve 'www.zerotackle.com' ([Errno 8] nodename nor servname provided, or not known)"))
2026-08-25 21:50:50 [WARNING] Failed to fetch Zero Tackle page for Manly-Warringah Sea Eagles
2026-08-25 21:50:50 [WARNING] Fetch failed https://www.zerotackle.com/nrl/teams/melbourne-storm/ -- HTTPSConnectionPool(host='www.zerotackle.com', port=443): Max retries exceeded with url: /nrl/teams/melbourne-storm/ (Caused by NameResolutionError("HTTPSConnection(host='www.zerotackle.com', port=443): Failed to resolve 'www.zerotackle.com' ([Errno 8] nodename nor servname provided, or not known)"))
2026-08-25 21:50:50 [WARNING] Failed to fetch Zero Tackle page for Melbourne Storm
2026-08-25 21:50:50 [WARNING] Fetch failed https://www.zerotackle.com/nrl/teams/newcastle-knights/ -- HTTPSConnectionPool(host='www.zerotackle.com', port=443): Max retries exceeded with url: /nrl/teams/newcastle-knights/ (Caused by NameResolutionError("HTTPSConnection(host='www.zerotackle.com', port=443): Failed to resolve 'www.zerotackle.com' ([Errno 8] nodename nor servname provided, or not known)"))
2026-08-25 21:50:50 [WARNING] Failed to fetch Zero Tackle page for Newcastle Knights
2026-08-25 21:50:50 [WARNING] Fetch failed https://www.zerotackle.com/nrl/teams/new-zealand-warriors/ -- HTTPSConnectionPool(host='www.zerotackle.com', port=443): Max retries exceeded with url: /nrl/teams/new-zealand-warriors/ (Caused by NameResolutionError("HTTPSConnection(host='www.zerotackle.com', port=443): Failed to resolve 'www.zerotackle.com' ([Errno 8] nodename nor servname provided, or not known)"))
2026-08-25 21:50:50 [WARNING] Failed to fetch Zero Tackle page for New Zealand Warriors
2026-08-25 21:50:50 [WARNING] Fetch failed https://www.zerotackle.com/nrl/teams/north-queensland-cowboys/ -- HTTPSConnectionPool(host='www.zerotackle.com', port=443): Max retries exceeded with url: /nrl/teams/north-queensland-cowboys/ (Caused by NameResolutionError("HTTPSConnection(host='www.zerotackle.com', port=443): Failed to resolve 'www.zerotackle.com' ([Errno 8] nodename nor servname provided, or not known)"))
2026-08-25 21:50:50 [WARNING] Failed to fetch Zero Tackle page for North Queensland Cowboys
2026-08-25 21:50:50 [WARNING] Fetch failed https://www.zerotackle.com/nrl/teams/parramatta-eels/ -- HTTPSConnectionPool(host='www.zerotackle.com', port=443): Max retries exceeded with url: /nrl/teams/parramatta-eels/ (Caused by NameResolutionError("HTTPSConnection(host='www.zerotackle.com', port=443): Failed to resolve 'www.zerotackle.com' ([Errno 8] nodename nor servname provided, or not known)"))
2026-08-25 21:50:50 [WARNING] Failed to fetch Zero Tackle page for Parramatta Eels
2026-08-25 21:50:50 [WARNING] Fetch failed https://www.zerotackle.com/nrl/teams/penrith-panthers/ -- HTTPSConnectionPool(host='www.zerotackle.com', port=443): Max retries exceeded with url: /nrl/teams/penrith-panthers/ (Caused by NameResolutionError("HTTPSConnection(host='www.zerotackle.com', port=443): Failed to resolve 'www.zerotackle.com' ([Errno 8] nodename nor servname provided, or not known)"))
2026-08-25 21:50:50 [WARNING] Failed to fetch Zero Tackle page for Penrith Panthers
2026-08-25 21:50:50 [WARNING] Fetch failed https://www.zerotackle.com/nrl/teams/south-sydney-rabbitohs/ -- HTTPSConnectionPool(host='www.zerotackle.com', port=443): Max retries exceeded with url: /nrl/teams/south-sydney-rabbitohs/ (Caused by NameResolutionError("HTTPSConnection(host='www.zerotackle.com', port=443): Failed to resolve 'www.zerotackle.com' ([Errno 8] nodename nor servname provided, or not known)"))
2026-08-25 21:50:50 [WARNING] Failed to fetch Zero Tackle page for South Sydney Rabbitohs
2026-08-25 21:50:50 [WARNING] Fetch failed https://www.zerotackle.com/nrl/teams/st-george-illawarra-dragons/ -- HTTPSConnectionPool(host='www.zerotackle.com', port=443): Max retries exceeded with url: /nrl/teams/st-george-illawarra-dragons/ (Caused by NameResolutionError("HTTPSConnection(host='www.zerotackle.com', port=443): Failed to resolve 'www.zerotackle.com' ([Errno 8] nodename nor servname provided, or not known)"))
2026-08-25 21:50:50 [WARNING] Failed to fetch Zero Tackle page for St. George Illawarra Dragons
2026-08-25 21:50:50 [WARNING] Fetch failed https://www.zerotackle.com/nrl/teams/sydney-roosters/ -- HTTPSConnectionPool(host='www.zerotackle.com', port=443): Max retries exceeded with url: /nrl/teams/sydney-roosters/ (Caused by NameResolutionError("HTTPSConnection(host='www.zerotackle.com', port=443): Failed to resolve 'www.zerotackle.com' ([Errno 8] nodename nor servname provided, or not known)"))
2026-08-25 21:50:50 [WARNING] Failed to fetch Zero Tackle page for Sydney Roosters
2026-08-25 21:50:50 [WARNING] Fetch failed https://www.zerotackle.com/nrl/teams/wests-tigers/ -- HTTPSConnectionPool(host='www.zerotackle.com', port=443): Max retries exceeded with url: /nrl/teams/wests-tigers/ (Caused by NameResolutionError("HTTPSConnection(host='www.zerotackle.com', port=443): Failed to resolve 'www.zerotackle.com' ([Errno 8] nodename nor servname provided, or not known)"))
2026-08-25 21:50:50 [WARNING] Failed to fetch Zero Tackle page for Wests Tigers
2026-08-25 21:50:50 [INFO] Zero Tackle total: 0 records across 17 teams
2026-08-25 21:50:50 [ERROR] All attempts exhausted -- no injury data
[2026-08-25T21:50:50] NRL team news
Written /Users/elliotbladen/BetMate/data/nrl/team-news/latest.json
  Round 26 | Teams: 17 | Injuries: 83 | Suspensions preserved: 0
[2026-08-25T21:50:51] NRL market-moving news
2026-08-25 21:50:51 [INFO] Targeting season=2026 round=26
2026-08-25 21:50:51 [WARNING] Fetch failed NRL Casualty Ward                https://www.nrl.com/news/2026/01/01/nrl-casualty-ward-how-your-club-is-shaping-heading-into-2026/ -- HTTPSConnectionPool(host='www.nrl.com', port=443): Max retries exceeded with url: /news/2026/01/01/nrl-casualty-ward-how-your-club-is-shaping-heading-into-2026/ (Caused by NameResolutionError("HTTPSConnection(host='www.nrl.com', port=443): Failed to resolve 'www.nrl.com' ([Errno 8] nodename nor servname provided, or not known)"))
2026-08-25 21:50:51 [WARNING] Fetch failed NRL Judiciary Report             https://www.nrl.com/news/2026/01/01/nrl-judiciary-report-2026/ -- HTTPSConnectionPool(host='www.nrl.com', port=443): Max retries exceeded with url: /news/2026/01/01/nrl-judiciary-report-2026/ (Caused by NameResolutionError("HTTPSConnection(host='www.nrl.com', port=443): Failed to resolve 'www.nrl.com' ([Errno 8] nodename nor servname provided, or not known)"))
2026-08-25 21:50:51 [WARNING] Fetch failed NRL News                         https://www.nrl.com/news/ -- HTTPSConnectionPool(host='www.nrl.com', port=443): Max retries exceeded with url: /news/ (Caused by NameResolutionError("HTTPSConnection(host='www.nrl.com', port=443): Failed to resolve 'www.nrl.com' ([Errno 8] nodename nor servname provided, or not known)"))
2026-08-25 21:50:51 [WARNING] Fetch failed Brisbane Broncos News            https://www.broncos.com.au/news/ -- HTTPSConnectionPool(host='www.broncos.com.au', port=443): Max retries exceeded with url: /news/ (Caused by NameResolutionError("HTTPSConnection(host='www.broncos.com.au', port=443): Failed to resolve 'www.broncos.com.au' ([Errno 8] nodename nor servname provided, or not known)"))
2026-08-25 21:50:51 [WARNING] Fetch failed Canterbury-Bankstown Bulldogs News https://www.bulldogs.com.au/news/ -- HTTPSConnectionPool(host='www.bulldogs.com.au', port=443): Max retries exceeded with url: /news/ (Caused by NameResolutionError("HTTPSConnection(host='www.bulldogs.com.au', port=443): Failed to resolve 'www.bulldogs.com.au' ([Errno 8] nodename nor servname provided, or not known)"))
2026-08-25 21:50:51 [WARNING] Fetch failed Canberra Raiders News            https://www.raiders.com.au/news/ -- HTTPSConnectionPool(host='www.raiders.com.au', port=443): Max retries exceeded with url: /news/ (Caused by NameResolutionError("HTTPSConnection(host='www.raiders.com.au', port=443): Failed to resolve 'www.raiders.com.au' ([Errno 8] nodename nor servname provided, or not known)"))
2026-08-25 21:50:51 [WARNING] Fetch failed Cronulla-Sutherland Sharks News  https://www.sharks.com.au/news/ -- HTTPSConnectionPool(host='www.sharks.com.au', port=443): Max retries exceeded with url: /news/ (Caused by NameResolutionError("HTTPSConnection(host='www.sharks.com.au', port=443): Failed to resolve 'www.sharks.com.au' ([Errno 8] nodename nor servname provided, or not known)"))
2026-08-25 21:50:51 [WARNING] Fetch failed Dolphins News                    https://www.dolphinsnrl.com.au/news/ -- HTTPSConnectionPool(host='www.dolphinsnrl.com.au', port=443): Max retries exceeded with url: /news/ (Caused by NameResolutionError("HTTPSConnection(host='www.dolphinsnrl.com.au', port=443): Failed to resolve 'www.dolphinsnrl.com.au' ([Errno 8] nodename nor servname provided, or not known)"))
2026-08-25 21:50:51 [WARNING] Fetch failed Gold Coast Titans News           https://www.titans.com.au/news/ -- HTTPSConnectionPool(host='www.titans.com.au', port=443): Max retries exceeded with url: /news/ (Caused by NameResolutionError("HTTPSConnection(host='www.titans.com.au', port=443): Failed to resolve 'www.titans.com.au' ([Errno 8] nodename nor servname provided, or not known)"))
2026-08-25 21:50:51 [WARNING] Fetch failed Manly-Warringah Sea Eagles News  https://www.seaeagles.com.au/news/ -- HTTPSConnectionPool(host='www.seaeagles.com.au', port=443): Max retries exceeded with url: /news/ (Caused by NameResolutionError("HTTPSConnection(host='www.seaeagles.com.au', port=443): Failed to resolve 'www.seaeagles.com.au' ([Errno 8] nodename nor servname provided, or not known)"))
2026-08-25 21:50:51 [WARNING] Fetch failed Melbourne Storm News             https://www.melbournestorm.com.au/news/ -- HTTPSConnectionPool(host='www.melbournestorm.com.au', port=443): Max retries exceeded with url: /news/ (Caused by NameResolutionError("HTTPSConnection(host='www.melbournestorm.com.au', port=443): Failed to resolve 'www.melbournestorm.com.au' ([Errno 8] nodename nor servname provided, or not known)"))
2026-08-25 21:50:51 [WARNING] Fetch failed Newcastle Knights News           https://www.newcastleknights.com.au/news/ -- HTTPSConnectionPool(host='www.newcastleknights.com.au', port=443): Max retries exceeded with url: /news/ (Caused by NameResolutionError("HTTPSConnection(host='www.newcastleknights.com.au', port=443): Failed to resolve 'www.newcastleknights.com.au' ([Errno 8] nodename nor servname provided, or not known)"))
2026-08-25 21:50:51 [WARNING] Fetch failed New Zealand Warriors News        https://www.warriors.kiwi/news/ -- HTTPSConnectionPool(host='www.warriors.kiwi', port=443): Max retries exceeded with url: /news/ (Caused by NameResolutionError("HTTPSConnection(host='www.warriors.kiwi', port=443): Failed to resolve 'www.warriors.kiwi' ([Errno 8] nodename nor servname provided, or not known)"))
2026-08-25 21:50:51 [WARNING] Fetch failed North Queensland Cowboys News    https://www.cowboys.com.au/news/ -- HTTPSConnectionPool(host='www.cowboys.com.au', port=443): Max retries exceeded with url: /news/ (Caused by NameResolutionError("HTTPSConnection(host='www.cowboys.com.au', port=443): Failed to resolve 'www.cowboys.com.au' ([Errno 8] nodename nor servname provided, or not known)"))
2026-08-25 21:50:51 [WARNING] Fetch failed Parramatta Eels News             https://www.parraeels.com.au/news/ -- HTTPSConnectionPool(host='www.parraeels.com.au', port=443): Max retries exceeded with url: /news/ (Caused by NameResolutionError("HTTPSConnection(host='www.parraeels.com.au', port=443): Failed to resolve 'www.parraeels.com.au' ([Errno 8] nodename nor servname provided, or not known)"))
2026-08-25 21:50:51 [WARNING] Fetch failed Penrith Panthers News            https://www.penrithpanthers.com.au/news/ -- HTTPSConnectionPool(host='www.penrithpanthers.com.au', port=443): Max retries exceeded with url: /news/ (Caused by NameResolutionError("HTTPSConnection(host='www.penrithpanthers.com.au', port=443): Failed to resolve 'www.penrithpanthers.com.au' ([Errno 8] nodename nor servname provided, or not known)"))
2026-08-25 21:50:51 [WARNING] Fetch failed South Sydney Rabbitohs News      https://www.rabbitohs.com.au/news/ -- HTTPSConnectionPool(host='www.rabbitohs.com.au', port=443): Max retries exceeded with url: /news/ (Caused by NameResolutionError("HTTPSConnection(host='www.rabbitohs.com.au', port=443): Failed to resolve 'www.rabbitohs.com.au' ([Errno 8] nodename nor servname provided, or not known)"))
2026-08-25 21:50:51 [WARNING] Fetch failed St. George Illawarra Dragons News https://www.dragons.com.au/news/ -- HTTPSConnectionPool(host='www.dragons.com.au', port=443): Max retries exceeded with url: /news/ (Caused by NameResolutionError("HTTPSConnection(host='www.dragons.com.au', port=443): Failed to resolve 'www.dragons.com.au' ([Errno 8] nodename nor servname provided, or not known)"))
2026-08-25 21:50:51 [WARNING] Fetch failed Sydney Roosters News             https://www.roosters.com.au/news/ -- HTTPSConnectionPool(host='www.roosters.com.au', port=443): Max retries exceeded with url: /news/ (Caused by NameResolutionError("HTTPSConnection(host='www.roosters.com.au', port=443): Failed to resolve 'www.roosters.com.au' ([Errno 8] nodename nor servname provided, or not known)"))
2026-08-25 21:50:51 [WARNING] Fetch failed Wests Tigers News                https://www.weststigers.com.au/news/ -- HTTPSConnectionPool(host='www.weststigers.com.au', port=443): Max retries exceeded with url: /news/ (Caused by NameResolutionError("HTTPSConnection(host='www.weststigers.com.au', port=443): Failed to resolve 'www.weststigers.com.au' ([Errno 8] nodename nor servname provided, or not known)"))
2026-08-25 21:50:51 [INFO] Wrote 0 flags
2026-08-25 21:50:51 [INFO] JSON: /Users/elliotbladen/BetMate/data/nrl/news_flags/processed/2026/2026-08-25.json
2026-08-25 21:50:51 [INFO] CSV:  /Users/elliotbladen/BetMate/data/nrl/news_flags/processed/2026/2026-08-25.csv
2026-08-25 21:50:51 [INFO] News flags complete -- 0 total, 0 HIGH
[2026-08-25T21:50:51] AFL injuries
2026-08-25 21:50:51 [INFO] Targeting season=2026 round=23
2026-08-25 21:50:51 [INFO] Attempt 1/3 -- AFL injuries R23 2026
2026-08-25 21:50:51 [WARNING] Fetch failed https://www.footywire.com/afl/footy/injury_list -- HTTPSConnectionPool(host='www.footywire.com', port=443): Max retries exceeded with url: /afl/footy/injury_list (Caused by NameResolutionError("HTTPSConnection(host='www.footywire.com', port=443): Failed to resolve 'www.footywire.com' ([Errno 8] nodename nor servname provided, or not known)"))
2026-08-25 21:50:51 [WARNING] Fetch failed, retrying in 30s
2026-08-25 21:51:22 [INFO] Attempt 2/3 -- AFL injuries R23 2026
2026-08-25 21:51:22 [WARNING] Fetch failed https://www.footywire.com/afl/footy/injury_list -- HTTPSConnectionPool(host='www.footywire.com', port=443): Max retries exceeded with url: /afl/footy/injury_list (Caused by NameResolutionError("HTTPSConnection(host='www.footywire.com', port=443): Failed to resolve 'www.footywire.com' ([Errno 8] nodename nor servname provided, or not known)"))
2026-08-25 21:51:22 [WARNING] Fetch failed, retrying in 30s
2026-08-25 21:51:52 [INFO] Attempt 3/3 -- AFL injuries R23 2026
2026-08-25 21:51:52 [WARNING] Fetch failed https://www.footywire.com/afl/footy/injury_list -- HTTPSConnectionPool(host='www.footywire.com', port=443): Max retries exceeded with url: /afl/footy/injury_list (Caused by NameResolutionError("HTTPSConnection(host='www.footywire.com', port=443): Failed to resolve 'www.footywire.com' ([Errno 8] nodename nor servname provided, or not known)"))
2026-08-25 21:51:52 [ERROR] All attempts exhausted -- no AFL injury data
[2026-08-25T21:51:52] Market event log
Wrote 747 events -> /Users/elliotbladen/BetMate/data/market_events/2026_events.csv
  injury: 747
AFL injury refresh pinned to prepared round 23
[2026-08-25T22:51:52] NRL injuries
2026-08-25 22:51:53 [INFO] Targeting season=2026 round=26
2026-08-25 22:51:53 [INFO] Attempt 1/3 -- Zero Tackle injuries R26 2026
2026-08-25 22:51:53 [WARNING] Fetch failed https://www.zerotackle.com/nrl/teams/brisbane-broncos/ -- HTTPSConnectionPool(host='www.zerotackle.com', port=443): Max retries exceeded with url: /nrl/teams/brisbane-broncos/ (Caused by NameResolutionError("HTTPSConnection(host='www.zerotackle.com', port=443): Failed to resolve 'www.zerotackle.com' ([Errno 8] nodename nor servname provided, or not known)"))
2026-08-25 22:51:53 [WARNING] Failed to fetch Zero Tackle page for Brisbane Broncos
2026-08-25 22:51:53 [WARNING] Fetch failed https://www.zerotackle.com/nrl/teams/canberra-raiders/ -- HTTPSConnectionPool(host='www.zerotackle.com', port=443): Max retries exceeded with url: /nrl/teams/canberra-raiders/ (Caused by NameResolutionError("HTTPSConnection(host='www.zerotackle.com', port=443): Failed to resolve 'www.zerotackle.com' ([Errno 8] nodename nor servname provided, or not known)"))
2026-08-25 22:51:53 [WARNING] Failed to fetch Zero Tackle page for Canberra Raiders
2026-08-25 22:51:53 [WARNING] Fetch failed https://www.zerotackle.com/nrl/teams/canterbury-bankstown-bulldogs/ -- HTTPSConnectionPool(host='www.zerotackle.com', port=443): Max retries exceeded with url: /nrl/teams/canterbury-bankstown-bulldogs/ (Caused by NameResolutionError("HTTPSConnection(host='www.zerotackle.com', port=443): Failed to resolve 'www.zerotackle.com' ([Errno 8] nodename nor servname provided, or not known)"))
2026-08-25 22:51:53 [WARNING] Failed to fetch Zero Tackle page for Canterbury-Bankstown Bulldogs
2026-08-25 22:51:53 [WARNING] Fetch failed https://www.zerotackle.com/nrl/teams/cronulla-sharks/ -- HTTPSConnectionPool(host='www.zerotackle.com', port=443): Max retries exceeded with url: /nrl/teams/cronulla-sharks/ (Caused by NameResolutionError("HTTPSConnection(host='www.zerotackle.com', port=443): Failed to resolve 'www.zerotackle.com' ([Errno 8] nodename nor servname provided, or not known)"))
2026-08-25 22:51:53 [WARNING] Failed to fetch Zero Tackle page for Cronulla-Sutherland Sharks
2026-08-25 22:51:53 [WARNING] Fetch failed https://www.zerotackle.com/nrl/teams/dolphins/ -- HTTPSConnectionPool(host='www.zerotackle.com', port=443): Max retries exceeded with url: /nrl/teams/dolphins/ (Caused by NameResolutionError("HTTPSConnection(host='www.zerotackle.com', port=443): Failed to resolve 'www.zerotackle.com' ([Errno 8] nodename nor servname provided, or not known)"))
2026-08-25 22:51:53 [WARNING] Failed to fetch Zero Tackle page for Dolphins
2026-08-25 22:51:53 [WARNING] Fetch failed https://www.zerotackle.com/nrl/teams/gold-coast-titans/ -- HTTPSConnectionPool(host='www.zerotackle.com', port=443): Max retries exceeded with url: /nrl/teams/gold-coast-titans/ (Caused by NameResolutionError("HTTPSConnection(host='www.zerotackle.com', port=443): Failed to resolve 'www.zerotackle.com' ([Errno 8] nodename nor servname provided, or not known)"))
2026-08-25 22:51:53 [WARNING] Failed to fetch Zero Tackle page for Gold Coast Titans
2026-08-25 22:51:53 [WARNING] Fetch failed https://www.zerotackle.com/nrl/teams/manly-sea-eagles/ -- HTTPSConnectionPool(host='www.zerotackle.com', port=443): Max retries exceeded with url: /nrl/teams/manly-sea-eagles/ (Caused by NameResolutionError("HTTPSConnection(host='www.zerotackle.com', port=443): Failed to resolve 'www.zerotackle.com' ([Errno 8] nodename nor servname provided, or not known)"))
2026-08-25 22:51:53 [WARNING] Failed to fetch Zero Tackle page for Manly-Warringah Sea Eagles
2026-08-25 22:51:53 [WARNING] Fetch failed https://www.zerotackle.com/nrl/teams/melbourne-storm/ -- HTTPSConnectionPool(host='www.zerotackle.com', port=443): Max retries exceeded with url: /nrl/teams/melbourne-storm/ (Caused by NameResolutionError("HTTPSConnection(host='www.zerotackle.com', port=443): Failed to resolve 'www.zerotackle.com' ([Errno 8] nodename nor servname provided, or not known)"))
2026-08-25 22:51:53 [WARNING] Failed to fetch Zero Tackle page for Melbourne Storm
2026-08-25 22:51:53 [WARNING] Fetch failed https://www.zerotackle.com/nrl/teams/newcastle-knights/ -- HTTPSConnectionPool(host='www.zerotackle.com', port=443): Max retries exceeded with url: /nrl/teams/newcastle-knights/ (Caused by NameResolutionError("HTTPSConnection(host='www.zerotackle.com', port=443): Failed to resolve 'www.zerotackle.com' ([Errno 8] nodename nor servname provided, or not known)"))
2026-08-25 22:51:53 [WARNING] Failed to fetch Zero Tackle page for Newcastle Knights
2026-08-25 22:51:53 [WARNING] Fetch failed https://www.zerotackle.com/nrl/teams/new-zealand-warriors/ -- HTTPSConnectionPool(host='www.zerotackle.com', port=443): Max retries exceeded with url: /nrl/teams/new-zealand-warriors/ (Caused by NameResolutionError("HTTPSConnection(host='www.zerotackle.com', port=443): Failed to resolve 'www.zerotackle.com' ([Errno 8] nodename nor servname provided, or not known)"))
2026-08-25 22:51:53 [WARNING] Failed to fetch Zero Tackle page for New Zealand Warriors
2026-08-25 22:51:53 [WARNING] Fetch failed https://www.zerotackle.com/nrl/teams/north-queensland-cowboys/ -- HTTPSConnectionPool(host='www.zerotackle.com', port=443): Max retries exceeded with url: /nrl/teams/north-queensland-cowboys/ (Caused by NameResolutionError("HTTPSConnection(host='www.zerotackle.com', port=443): Failed to resolve 'www.zerotackle.com' ([Errno 8] nodename nor servname provided, or not known)"))
2026-08-25 22:51:53 [WARNING] Failed to fetch Zero Tackle page for North Queensland Cowboys
2026-08-25 22:51:53 [WARNING] Fetch failed https://www.zerotackle.com/nrl/teams/parramatta-eels/ -- HTTPSConnectionPool(host='www.zerotackle.com', port=443): Max retries exceeded with url: /nrl/teams/parramatta-eels/ (Caused by NameResolutionError("HTTPSConnection(host='www.zerotackle.com', port=443): Failed to resolve 'www.zerotackle.com' ([Errno 8] nodename nor servname provided, or not known)"))
2026-08-25 22:51:53 [WARNING] Failed to fetch Zero Tackle page for Parramatta Eels
2026-08-25 22:51:53 [WARNING] Fetch failed https://www.zerotackle.com/nrl/teams/penrith-panthers/ -- HTTPSConnectionPool(host='www.zerotackle.com', port=443): Max retries exceeded with url: /nrl/teams/penrith-panthers/ (Caused by NameResolutionError("HTTPSConnection(host='www.zerotackle.com', port=443): Failed to resolve 'www.zerotackle.com' ([Errno 8] nodename nor servname provided, or not known)"))
2026-08-25 22:51:53 [WARNING] Failed to fetch Zero Tackle page for Penrith Panthers
2026-08-25 22:51:53 [WARNING] Fetch failed https://www.zerotackle.com/nrl/teams/south-sydney-rabbitohs/ -- HTTPSConnectionPool(host='www.zerotackle.com', port=443): Max retries exceeded with url: /nrl/teams/south-sydney-rabbitohs/ (Caused by NameResolutionError("HTTPSConnection(host='www.zerotackle.com', port=443): Failed to resolve 'www.zerotackle.com' ([Errno 8] nodename nor servname provided, or not known)"))
2026-08-25 22:51:53 [WARNING] Failed to fetch Zero Tackle page for South Sydney Rabbitohs
2026-08-25 22:51:53 [WARNING] Fetch failed https://www.zerotackle.com/nrl/teams/st-george-illawarra-dragons/ -- HTTPSConnectionPool(host='www.zerotackle.com', port=443): Max retries exceeded with url: /nrl/teams/st-george-illawarra-dragons/ (Caused by NameResolutionError("HTTPSConnection(host='www.zerotackle.com', port=443): Failed to resolve 'www.zerotackle.com' ([Errno 8] nodename nor servname provided, or not known)"))
2026-08-25 22:51:53 [WARNING] Failed to fetch Zero Tackle page for St. George Illawarra Dragons
2026-08-25 22:51:53 [WARNING] Fetch failed https://www.zerotackle.com/nrl/teams/sydney-roosters/ -- HTTPSConnectionPool(host='www.zerotackle.com', port=443): Max retries exceeded with url: /nrl/teams/sydney-roosters/ (Caused by NameResolutionError("HTTPSConnection(host='www.zerotackle.com', port=443): Failed to resolve 'www.zerotackle.com' ([Errno 8] nodename nor servname provided, or not known)"))
2026-08-25 22:51:53 [WARNING] Failed to fetch Zero Tackle page for Sydney Roosters
2026-08-25 22:51:53 [WARNING] Fetch failed https://www.zerotackle.com/nrl/teams/wests-tigers/ -- HTTPSConnectionPool(host='www.zerotackle.com', port=443): Max retries exceeded with url: /nrl/teams/wests-tigers/ (Caused by NameResolutionError("HTTPSConnection(host='www.zerotackle.com', port=443): Failed to resolve 'www.zerotackle.com' ([Errno 8] nodename nor servname provided, or not known)"))
2026-08-25 22:51:53 [WARNING] Failed to fetch Zero Tackle page for Wests Tigers
2026-08-25 22:51:53 [INFO] Zero Tackle total: 0 records across 17 teams
2026-08-25 22:51:53 [WARNING] Zero Tackle returned 0 records, retrying in 30s
2026-08-25 22:52:23 [INFO] Attempt 2/3 -- Zero Tackle injuries R26 2026
2026-08-25 22:52:23 [WARNING] Fetch failed https://www.zerotackle.com/nrl/teams/brisbane-broncos/ -- HTTPSConnectionPool(host='www.zerotackle.com', port=443): Max retries exceeded with url: /nrl/teams/brisbane-broncos/ (Caused by NameResolutionError("HTTPSConnection(host='www.zerotackle.com', port=443): Failed to resolve 'www.zerotackle.com' ([Errno 8] nodename nor servname provided, or not known)"))
2026-08-25 22:52:23 [WARNING] Failed to fetch Zero Tackle page for Brisbane Broncos
2026-08-25 22:52:23 [WARNING] Fetch failed https://www.zerotackle.com/nrl/teams/canberra-raiders/ -- HTTPSConnectionPool(host='www.zerotackle.com', port=443): Max retries exceeded with url: /nrl/teams/canberra-raiders/ (Caused by NameResolutionError("HTTPSConnection(host='www.zerotackle.com', port=443): Failed to resolve 'www.zerotackle.com' ([Errno 8] nodename nor servname provided, or not known)"))
2026-08-25 22:52:23 [WARNING] Failed to fetch Zero Tackle page for Canberra Raiders
2026-08-25 22:52:23 [WARNING] Fetch failed https://www.zerotackle.com/nrl/teams/canterbury-bankstown-bulldogs/ -- HTTPSConnectionPool(host='www.zerotackle.com', port=443): Max retries exceeded with url: /nrl/teams/canterbury-bankstown-bulldogs/ (Caused by NameResolutionError("HTTPSConnection(host='www.zerotackle.com', port=443): Failed to resolve 'www.zerotackle.com' ([Errno 8] nodename nor servname provided, or not known)"))
2026-08-25 22:52:23 [WARNING] Failed to fetch Zero Tackle page for Canterbury-Bankstown Bulldogs
2026-08-25 22:52:23 [WARNING] Fetch failed https://www.zerotackle.com/nrl/teams/cronulla-sharks/ -- HTTPSConnectionPool(host='www.zerotackle.com', port=443): Max retries exceeded with url: /nrl/teams/cronulla-sharks/ (Caused by NameResolutionError("HTTPSConnection(host='www.zerotackle.com', port=443): Failed to resolve 'www.zerotackle.com' ([Errno 8] nodename nor servname provided, or not known)"))
2026-08-25 22:52:23 [WARNING] Failed to fetch Zero Tackle page for Cronulla-Sutherland Sharks
2026-08-25 22:52:23 [WARNING] Fetch failed https://www.zerotackle.com/nrl/teams/dolphins/ -- HTTPSConnectionPool(host='www.zerotackle.com', port=443): Max retries exceeded with url: /nrl/teams/dolphins/ (Caused by NameResolutionError("HTTPSConnection(host='www.zerotackle.com', port=443): Failed to resolve 'www.zerotackle.com' ([Errno 8] nodename nor servname provided, or not known)"))
2026-08-25 22:52:23 [WARNING] Failed to fetch Zero Tackle page for Dolphins
2026-08-25 22:52:23 [WARNING] Fetch failed https://www.zerotackle.com/nrl/teams/gold-coast-titans/ -- HTTPSConnectionPool(host='www.zerotackle.com', port=443): Max retries exceeded with url: /nrl/teams/gold-coast-titans/ (Caused by NameResolutionError("HTTPSConnection(host='www.zerotackle.com', port=443): Failed to resolve 'www.zerotackle.com' ([Errno 8] nodename nor servname provided, or not known)"))
2026-08-25 22:52:23 [WARNING] Failed to fetch Zero Tackle page for Gold Coast Titans
2026-08-25 22:52:23 [WARNING] Fetch failed https://www.zerotackle.com/nrl/teams/manly-sea-eagles/ -- HTTPSConnectionPool(host='www.zerotackle.com', port=443): Max retries exceeded with url: /nrl/teams/manly-sea-eagles/ (Caused by NameResolutionError("HTTPSConnection(host='www.zerotackle.com', port=443): Failed to resolve 'www.zerotackle.com' ([Errno 8] nodename nor servname provided, or not known)"))
2026-08-25 22:52:23 [WARNING] Failed to fetch Zero Tackle page for Manly-Warringah Sea Eagles
2026-08-25 22:52:23 [WARNING] Fetch failed https://www.zerotackle.com/nrl/teams/melbourne-storm/ -- HTTPSConnectionPool(host='www.zerotackle.com', port=443): Max retries exceeded with url: /nrl/teams/melbourne-storm/ (Caused by NameResolutionError("HTTPSConnection(host='www.zerotackle.com', port=443): Failed to resolve 'www.zerotackle.com' ([Errno 8] nodename nor servname provided, or not known)"))
2026-08-25 22:52:23 [WARNING] Failed to fetch Zero Tackle page for Melbourne Storm
2026-08-25 22:52:23 [WARNING] Fetch failed https://www.zerotackle.com/nrl/teams/newcastle-knights/ -- HTTPSConnectionPool(host='www.zerotackle.com', port=443): Max retries exceeded with url: /nrl/teams/newcastle-knights/ (Caused by NameResolutionError("HTTPSConnection(host='www.zerotackle.com', port=443): Failed to resolve 'www.zerotackle.com' ([Errno 8] nodename nor servname provided, or not known)"))
2026-08-25 22:52:23 [WARNING] Failed to fetch Zero Tackle page for Newcastle Knights
2026-08-25 22:52:23 [WARNING] Fetch failed https://www.zerotackle.com/nrl/teams/new-zealand-warriors/ -- HTTPSConnectionPool(host='www.zerotackle.com', port=443): Max retries exceeded with url: /nrl/teams/new-zealand-warriors/ (Caused by NameResolutionError("HTTPSConnection(host='www.zerotackle.com', port=443): Failed to resolve 'www.zerotackle.com' ([Errno 8] nodename nor servname provided, or not known)"))
2026-08-25 22:52:23 [WARNING] Failed to fetch Zero Tackle page for New Zealand Warriors
2026-08-25 22:52:23 [WARNING] Fetch failed https://www.zerotackle.com/nrl/teams/north-queensland-cowboys/ -- HTTPSConnectionPool(host='www.zerotackle.com', port=443): Max retries exceeded with url: /nrl/teams/north-queensland-cowboys/ (Caused by NameResolutionError("HTTPSConnection(host='www.zerotackle.com', port=443): Failed to resolve 'www.zerotackle.com' ([Errno 8] nodename nor servname provided, or not known)"))
2026-08-25 22:52:23 [WARNING] Failed to fetch Zero Tackle page for North Queensland Cowboys
2026-08-25 22:52:23 [WARNING] Fetch failed https://www.zerotackle.com/nrl/teams/parramatta-eels/ -- HTTPSConnectionPool(host='www.zerotackle.com', port=443): Max retries exceeded with url: /nrl/teams/parramatta-eels/ (Caused by NameResolutionError("HTTPSConnection(host='www.zerotackle.com', port=443): Failed to resolve 'www.zerotackle.com' ([Errno 8] nodename nor servname provided, or not known)"))
2026-08-25 22:52:23 [WARNING] Failed to fetch Zero Tackle page for Parramatta Eels
2026-08-25 22:52:23 [WARNING] Fetch failed https://www.zerotackle.com/nrl/teams/penrith-panthers/ -- HTTPSConnectionPool(host='www.zerotackle.com', port=443): Max retries exceeded with url: /nrl/teams/penrith-panthers/ (Caused by NameResolutionError("HTTPSConnection(host='www.zerotackle.com', port=443): Failed to resolve 'www.zerotackle.com' ([Errno 8] nodename nor servname provided, or not known)"))
2026-08-25 22:52:23 [WARNING] Failed to fetch Zero Tackle page for Penrith Panthers
2026-08-25 22:52:23 [WARNING] Fetch failed https://www.zerotackle.com/nrl/teams/south-sydney-rabbitohs/ -- HTTPSConnectionPool(host='www.zerotackle.com', port=443): Max retries exceeded with url: /nrl/teams/south-sydney-rabbitohs/ (Caused by NameResolutionError("HTTPSConnection(host='www.zerotackle.com', port=443): Failed to resolve 'www.zerotackle.com' ([Errno 8] nodename nor servname provided, or not known)"))
2026-08-25 22:52:23 [WARNING] Failed to fetch Zero Tackle page for South Sydney Rabbitohs
2026-08-25 22:52:23 [WARNING] Fetch failed https://www.zerotackle.com/nrl/teams/st-george-illawarra-dragons/ -- HTTPSConnectionPool(host='www.zerotackle.com', port=443): Max retries exceeded with url: /nrl/teams/st-george-illawarra-dragons/ (Caused by NameResolutionError("HTTPSConnection(host='www.zerotackle.com', port=443): Failed to resolve 'www.zerotackle.com' ([Errno 8] nodename nor servname provided, or not known)"))
2026-08-25 22:52:23 [WARNING] Failed to fetch Zero Tackle page for St. George Illawarra Dragons
2026-08-25 22:52:23 [WARNING] Fetch failed https://www.zerotackle.com/nrl/teams/sydney-roosters/ -- HTTPSConnectionPool(host='www.zerotackle.com', port=443): Max retries exceeded with url: /nrl/teams/sydney-roosters/ (Caused by NameResolutionError("HTTPSConnection(host='www.zerotackle.com', port=443): Failed to resolve 'www.zerotackle.com' ([Errno 8] nodename nor servname provided, or not known)"))
2026-08-25 22:52:23 [WARNING] Failed to fetch Zero Tackle page for Sydney Roosters
2026-08-25 22:52:23 [WARNING] Fetch failed https://www.zerotackle.com/nrl/teams/wests-tigers/ -- HTTPSConnectionPool(host='www.zerotackle.com', port=443): Max retries exceeded with url: /nrl/teams/wests-tigers/ (Caused by NameResolutionError("HTTPSConnection(host='www.zerotackle.com', port=443): Failed to resolve 'www.zerotackle.com' ([Errno 8] nodename nor servname provided, or not known)"))
2026-08-25 22:52:23 [WARNING] Failed to fetch Zero Tackle page for Wests Tigers
2026-08-25 22:52:23 [INFO] Zero Tackle total: 0 records across 17 teams
2026-08-25 22:52:23 [WARNING] Zero Tackle returned 0 records, retrying in 30s
2026-08-25 22:52:53 [INFO] Attempt 3/3 -- Zero Tackle injuries R26 2026
2026-08-25 22:52:53 [WARNING] Fetch failed https://www.zerotackle.com/nrl/teams/brisbane-broncos/ -- HTTPSConnectionPool(host='www.zerotackle.com', port=443): Max retries exceeded with url: /nrl/teams/brisbane-broncos/ (Caused by NameResolutionError("HTTPSConnection(host='www.zerotackle.com', port=443): Failed to resolve 'www.zerotackle.com' ([Errno 8] nodename nor servname provided, or not known)"))
2026-08-25 22:52:53 [WARNING] Failed to fetch Zero Tackle page for Brisbane Broncos
2026-08-25 22:52:53 [WARNING] Fetch failed https://www.zerotackle.com/nrl/teams/canberra-raiders/ -- HTTPSConnectionPool(host='www.zerotackle.com', port=443): Max retries exceeded with url: /nrl/teams/canberra-raiders/ (Caused by NameResolutionError("HTTPSConnection(host='www.zerotackle.com', port=443): Failed to resolve 'www.zerotackle.com' ([Errno 8] nodename nor servname provided, or not known)"))
2026-08-25 22:52:53 [WARNING] Failed to fetch Zero Tackle page for Canberra Raiders
2026-08-25 22:52:53 [WARNING] Fetch failed https://www.zerotackle.com/nrl/teams/canterbury-bankstown-bulldogs/ -- HTTPSConnectionPool(host='www.zerotackle.com', port=443): Max retries exceeded with url: /nrl/teams/canterbury-bankstown-bulldogs/ (Caused by NameResolutionError("HTTPSConnection(host='www.zerotackle.com', port=443): Failed to resolve 'www.zerotackle.com' ([Errno 8] nodename nor servname provided, or not known)"))
2026-08-25 22:52:53 [WARNING] Failed to fetch Zero Tackle page for Canterbury-Bankstown Bulldogs
2026-08-25 22:52:53 [WARNING] Fetch failed https://www.zerotackle.com/nrl/teams/cronulla-sharks/ -- HTTPSConnectionPool(host='www.zerotackle.com', port=443): Max retries exceeded with url: /nrl/teams/cronulla-sharks/ (Caused by NameResolutionError("HTTPSConnection(host='www.zerotackle.com', port=443): Failed to resolve 'www.zerotackle.com' ([Errno 8] nodename nor servname provided, or not known)"))
2026-08-25 22:52:53 [WARNING] Failed to fetch Zero Tackle page for Cronulla-Sutherland Sharks
2026-08-25 22:52:53 [WARNING] Fetch failed https://www.zerotackle.com/nrl/teams/dolphins/ -- HTTPSConnectionPool(host='www.zerotackle.com', port=443): Max retries exceeded with url: /nrl/teams/dolphins/ (Caused by NameResolutionError("HTTPSConnection(host='www.zerotackle.com', port=443): Failed to resolve 'www.zerotackle.com' ([Errno 8] nodename nor servname provided, or not known)"))
2026-08-25 22:52:53 [WARNING] Failed to fetch Zero Tackle page for Dolphins
2026-08-25 22:52:53 [WARNING] Fetch failed https://www.zerotackle.com/nrl/teams/gold-coast-titans/ -- HTTPSConnectionPool(host='www.zerotackle.com', port=443): Max retries exceeded with url: /nrl/teams/gold-coast-titans/ (Caused by NameResolutionError("HTTPSConnection(host='www.zerotackle.com', port=443): Failed to resolve 'www.zerotackle.com' ([Errno 8] nodename nor servname provided, or not known)"))
2026-08-25 22:52:53 [WARNING] Failed to fetch Zero Tackle page for Gold Coast Titans
2026-08-25 22:52:53 [WARNING] Fetch failed https://www.zerotackle.com/nrl/teams/manly-sea-eagles/ -- HTTPSConnectionPool(host='www.zerotackle.com', port=443): Max retries exceeded with url: /nrl/teams/manly-sea-eagles/ (Caused by NameResolutionError("HTTPSConnection(host='www.zerotackle.com', port=443): Failed to resolve 'www.zerotackle.com' ([Errno 8] nodename nor servname provided, or not known)"))
2026-08-25 22:52:53 [WARNING] Failed to fetch Zero Tackle page for Manly-Warringah Sea Eagles
2026-08-25 22:52:53 [WARNING] Fetch failed https://www.zerotackle.com/nrl/teams/melbourne-storm/ -- HTTPSConnectionPool(host='www.zerotackle.com', port=443): Max retries exceeded with url: /nrl/teams/melbourne-storm/ (Caused by NameResolutionError("HTTPSConnection(host='www.zerotackle.com', port=443): Failed to resolve 'www.zerotackle.com' ([Errno 8] nodename nor servname provided, or not known)"))
2026-08-25 22:52:53 [WARNING] Failed to fetch Zero Tackle page for Melbourne Storm
2026-08-25 22:52:53 [WARNING] Fetch failed https://www.zerotackle.com/nrl/teams/newcastle-knights/ -- HTTPSConnectionPool(host='www.zerotackle.com', port=443): Max retries exceeded with url: /nrl/teams/newcastle-knights/ (Caused by NameResolutionError("HTTPSConnection(host='www.zerotackle.com', port=443): Failed to resolve 'www.zerotackle.com' ([Errno 8] nodename nor servname provided, or not known)"))
2026-08-25 22:52:53 [WARNING] Failed to fetch Zero Tackle page for Newcastle Knights
2026-08-25 22:52:53 [WARNING] Fetch failed https://www.zerotackle.com/nrl/teams/new-zealand-warriors/ -- HTTPSConnectionPool(host='www.zerotackle.com', port=443): Max retries exceeded with url: /nrl/teams/new-zealand-warriors/ (Caused by NameResolutionError("HTTPSConnection(host='www.zerotackle.com', port=443): Failed to resolve 'www.zerotackle.com' ([Errno 8] nodename nor servname provided, or not known)"))
2026-08-25 22:52:53 [WARNING] Failed to fetch Zero Tackle page for New Zealand Warriors
2026-08-25 22:52:53 [WARNING] Fetch failed https://www.zerotackle.com/nrl/teams/north-queensland-cowboys/ -- HTTPSConnectionPool(host='www.zerotackle.com', port=443): Max retries exceeded with url: /nrl/teams/north-queensland-cowboys/ (Caused by NameResolutionError("HTTPSConnection(host='www.zerotackle.com', port=443): Failed to resolve 'www.zerotackle.com' ([Errno 8] nodename nor servname provided, or not known)"))
2026-08-25 22:52:53 [WARNING] Failed to fetch Zero Tackle page for North Queensland Cowboys
2026-08-25 22:52:53 [WARNING] Fetch failed https://www.zerotackle.com/nrl/teams/parramatta-eels/ -- HTTPSConnectionPool(host='www.zerotackle.com', port=443): Max retries exceeded with url: /nrl/teams/parramatta-eels/ (Caused by NameResolutionError("HTTPSConnection(host='www.zerotackle.com', port=443): Failed to resolve 'www.zerotackle.com' ([Errno 8] nodename nor servname provided, or not known)"))
2026-08-25 22:52:53 [WARNING] Failed to fetch Zero Tackle page for Parramatta Eels
2026-08-25 22:52:53 [WARNING] Fetch failed https://www.zerotackle.com/nrl/teams/penrith-panthers/ -- HTTPSConnectionPool(host='www.zerotackle.com', port=443): Max retries exceeded with url: /nrl/teams/penrith-panthers/ (Caused by NameResolutionError("HTTPSConnection(host='www.zerotackle.com', port=443): Failed to resolve 'www.zerotackle.com' ([Errno 8] nodename nor servname provided, or not known)"))
2026-08-25 22:52:53 [WARNING] Failed to fetch Zero Tackle page for Penrith Panthers
2026-08-25 22:52:53 [WARNING] Fetch failed https://www.zerotackle.com/nrl/teams/south-sydney-rabbitohs/ -- HTTPSConnectionPool(host='www.zerotackle.com', port=443): Max retries exceeded with url: /nrl/teams/south-sydney-rabbitohs/ (Caused by NameResolutionError("HTTPSConnection(host='www.zerotackle.com', port=443): Failed to resolve 'www.zerotackle.com' ([Errno 8] nodename nor servname provided, or not known)"))
2026-08-25 22:52:53 [WARNING] Failed to fetch Zero Tackle page for South Sydney Rabbitohs
2026-08-25 22:52:53 [WARNING] Fetch failed https://www.zerotackle.com/nrl/teams/st-george-illawarra-dragons/ -- HTTPSConnectionPool(host='www.zerotackle.com', port=443): Max retries exceeded with url: /nrl/teams/st-george-illawarra-dragons/ (Caused by NameResolutionError("HTTPSConnection(host='www.zerotackle.com', port=443): Failed to resolve 'www.zerotackle.com' ([Errno 8] nodename nor servname provided, or not known)"))
2026-08-25 22:52:53 [WARNING] Failed to fetch Zero Tackle page for St. George Illawarra Dragons
2026-08-25 22:52:53 [WARNING] Fetch failed https://www.zerotackle.com/nrl/teams/sydney-roosters/ -- HTTPSConnectionPool(host='www.zerotackle.com', port=443): Max retries exceeded with url: /nrl/teams/sydney-roosters/ (Caused by NameResolutionError("HTTPSConnection(host='www.zerotackle.com', port=443): Failed to resolve 'www.zerotackle.com' ([Errno 8] nodename nor servname provided, or not known)"))
2026-08-25 22:52:53 [WARNING] Failed to fetch Zero Tackle page for Sydney Roosters
2026-08-25 22:52:53 [WARNING] Fetch failed https://www.zerotackle.com/nrl/teams/wests-tigers/ -- HTTPSConnectionPool(host='www.zerotackle.com', port=443): Max retries exceeded with url: /nrl/teams/wests-tigers/ (Caused by NameResolutionError("HTTPSConnection(host='www.zerotackle.com', port=443): Failed to resolve 'www.zerotackle.com' ([Errno 8] nodename nor servname provided, or not known)"))
2026-08-25 22:52:53 [WARNING] Failed to fetch Zero Tackle page for Wests Tigers
2026-08-25 22:52:53 [INFO] Zero Tackle total: 0 records across 17 teams
2026-08-25 22:52:53 [ERROR] All attempts exhausted -- no injury data
[2026-08-25T22:52:53] NRL team news
Written /Users/elliotbladen/BetMate/data/nrl/team-news/latest.json
  Round 26 | Teams: 17 | Injuries: 83 | Suspensions preserved: 0
[2026-08-25T22:52:53] NRL market-moving news
2026-08-25 22:52:54 [INFO] Targeting season=2026 round=26
2026-08-25 22:52:54 [WARNING] Fetch failed NRL Casualty Ward                https://www.nrl.com/news/2026/01/01/nrl-casualty-ward-how-your-club-is-shaping-heading-into-2026/ -- HTTPSConnectionPool(host='www.nrl.com', port=443): Max retries exceeded with url: /news/2026/01/01/nrl-casualty-ward-how-your-club-is-shaping-heading-into-2026/ (Caused by NameResolutionError("HTTPSConnection(host='www.nrl.com', port=443): Failed to resolve 'www.nrl.com' ([Errno 8] nodename nor servname provided, or not known)"))
2026-08-25 22:52:54 [WARNING] Fetch failed NRL Judiciary Report             https://www.nrl.com/news/2026/01/01/nrl-judiciary-report-2026/ -- HTTPSConnectionPool(host='www.nrl.com', port=443): Max retries exceeded with url: /news/2026/01/01/nrl-judiciary-report-2026/ (Caused by NameResolutionError("HTTPSConnection(host='www.nrl.com', port=443): Failed to resolve 'www.nrl.com' ([Errno 8] nodename nor servname provided, or not known)"))
2026-08-25 22:52:54 [WARNING] Fetch failed NRL News                         https://www.nrl.com/news/ -- HTTPSConnectionPool(host='www.nrl.com', port=443): Max retries exceeded with url: /news/ (Caused by NameResolutionError("HTTPSConnection(host='www.nrl.com', port=443): Failed to resolve 'www.nrl.com' ([Errno 8] nodename nor servname provided, or not known)"))
2026-08-25 22:52:54 [WARNING] Fetch failed Brisbane Broncos News            https://www.broncos.com.au/news/ -- HTTPSConnectionPool(host='www.broncos.com.au', port=443): Max retries exceeded with url: /news/ (Caused by NameResolutionError("HTTPSConnection(host='www.broncos.com.au', port=443): Failed to resolve 'www.broncos.com.au' ([Errno 8] nodename nor servname provided, or not known)"))
2026-08-25 22:52:54 [WARNING] Fetch failed Canterbury-Bankstown Bulldogs News https://www.bulldogs.com.au/news/ -- HTTPSConnectionPool(host='www.bulldogs.com.au', port=443): Max retries exceeded with url: /news/ (Caused by NameResolutionError("HTTPSConnection(host='www.bulldogs.com.au', port=443): Failed to resolve 'www.bulldogs.com.au' ([Errno 8] nodename nor servname provided, or not known)"))
2026-08-25 22:52:54 [WARNING] Fetch failed Canberra Raiders News            https://www.raiders.com.au/news/ -- HTTPSConnectionPool(host='www.raiders.com.au', port=443): Max retries exceeded with url: /news/ (Caused by NameResolutionError("HTTPSConnection(host='www.raiders.com.au', port=443): Failed to resolve 'www.raiders.com.au' ([Errno 8] nodename nor servname provided, or not known)"))
2026-08-25 22:52:54 [WARNING] Fetch failed Cronulla-Sutherland Sharks News  https://www.sharks.com.au/news/ -- HTTPSConnectionPool(host='www.sharks.com.au', port=443): Max retries exceeded with url: /news/ (Caused by NameResolutionError("HTTPSConnection(host='www.sharks.com.au', port=443): Failed to resolve 'www.sharks.com.au' ([Errno 8] nodename nor servname provided, or not known)"))
2026-08-25 22:52:54 [WARNING] Fetch failed Dolphins News                    https://www.dolphinsnrl.com.au/news/ -- HTTPSConnectionPool(host='www.dolphinsnrl.com.au', port=443): Max retries exceeded with url: /news/ (Caused by NameResolutionError("HTTPSConnection(host='www.dolphinsnrl.com.au', port=443): Failed to resolve 'www.dolphinsnrl.com.au' ([Errno 8] nodename nor servname provided, or not known)"))
2026-08-25 22:52:54 [WARNING] Fetch failed Gold Coast Titans News           https://www.titans.com.au/news/ -- HTTPSConnectionPool(host='www.titans.com.au', port=443): Max retries exceeded with url: /news/ (Caused by NameResolutionError("HTTPSConnection(host='www.titans.com.au', port=443): Failed to resolve 'www.titans.com.au' ([Errno 8] nodename nor servname provided, or not known)"))
2026-08-25 22:52:54 [WARNING] Fetch failed Manly-Warringah Sea Eagles News  https://www.seaeagles.com.au/news/ -- HTTPSConnectionPool(host='www.seaeagles.com.au', port=443): Max retries exceeded with url: /news/ (Caused by NameResolutionError("HTTPSConnection(host='www.seaeagles.com.au', port=443): Failed to resolve 'www.seaeagles.com.au' ([Errno 8] nodename nor servname provided, or not known)"))
2026-08-25 22:52:54 [WARNING] Fetch failed Melbourne Storm News             https://www.melbournestorm.com.au/news/ -- HTTPSConnectionPool(host='www.melbournestorm.com.au', port=443): Max retries exceeded with url: /news/ (Caused by NameResolutionError("HTTPSConnection(host='www.melbournestorm.com.au', port=443): Failed to resolve 'www.melbournestorm.com.au' ([Errno 8] nodename nor servname provided, or not known)"))
2026-08-25 22:52:54 [WARNING] Fetch failed Newcastle Knights News           https://www.newcastleknights.com.au/news/ -- HTTPSConnectionPool(host='www.newcastleknights.com.au', port=443): Max retries exceeded with url: /news/ (Caused by NameResolutionError("HTTPSConnection(host='www.newcastleknights.com.au', port=443): Failed to resolve 'www.newcastleknights.com.au' ([Errno 8] nodename nor servname provided, or not known)"))
2026-08-25 22:52:54 [WARNING] Fetch failed New Zealand Warriors News        https://www.warriors.kiwi/news/ -- HTTPSConnectionPool(host='www.warriors.kiwi', port=443): Max retries exceeded with url: /news/ (Caused by NameResolutionError("HTTPSConnection(host='www.warriors.kiwi', port=443): Failed to resolve 'www.warriors.kiwi' ([Errno 8] nodename nor servname provided, or not known)"))
2026-08-25 22:52:54 [WARNING] Fetch failed North Queensland Cowboys News    https://www.cowboys.com.au/news/ -- HTTPSConnectionPool(host='www.cowboys.com.au', port=443): Max retries exceeded with url: /news/ (Caused by NameResolutionError("HTTPSConnection(host='www.cowboys.com.au', port=443): Failed to resolve 'www.cowboys.com.au' ([Errno 8] nodename nor servname provided, or not known)"))
2026-08-25 22:52:54 [WARNING] Fetch failed Parramatta Eels News             https://www.parraeels.com.au/news/ -- HTTPSConnectionPool(host='www.parraeels.com.au', port=443): Max retries exceeded with url: /news/ (Caused by NameResolutionError("HTTPSConnection(host='www.parraeels.com.au', port=443): Failed to resolve 'www.parraeels.com.au' ([Errno 8] nodename nor servname provided, or not known)"))
2026-08-25 22:52:54 [WARNING] Fetch failed Penrith Panthers News            https://www.penrithpanthers.com.au/news/ -- HTTPSConnectionPool(host='www.penrithpanthers.com.au', port=443): Max retries exceeded with url: /news/ (Caused by NameResolutionError("HTTPSConnection(host='www.penrithpanthers.com.au', port=443): Failed to resolve 'www.penrithpanthers.com.au' ([Errno 8] nodename nor servname provided, or not known)"))
2026-08-25 22:52:54 [WARNING] Fetch failed South Sydney Rabbitohs News      https://www.rabbitohs.com.au/news/ -- HTTPSConnectionPool(host='www.rabbitohs.com.au', port=443): Max retries exceeded with url: /news/ (Caused by NameResolutionError("HTTPSConnection(host='www.rabbitohs.com.au', port=443): Failed to resolve 'www.rabbitohs.com.au' ([Errno 8] nodename nor servname provided, or not known)"))
2026-08-25 22:52:54 [WARNING] Fetch failed St. George Illawarra Dragons News https://www.dragons.com.au/news/ -- HTTPSConnectionPool(host='www.dragons.com.au', port=443): Max retries exceeded with url: /news/ (Caused by NameResolutionError("HTTPSConnection(host='www.dragons.com.au', port=443): Failed to resolve 'www.dragons.com.au' ([Errno 8] nodename nor servname provided, or not known)"))
2026-08-25 22:52:54 [WARNING] Fetch failed Sydney Roosters News             https://www.roosters.com.au/news/ -- HTTPSConnectionPool(host='www.roosters.com.au', port=443): Max retries exceeded with url: /news/ (Caused by NameResolutionError("HTTPSConnection(host='www.roosters.com.au', port=443): Failed to resolve 'www.roosters.com.au' ([Errno 8] nodename nor servname provided, or not known)"))
2026-08-25 22:52:54 [WARNING] Fetch failed Wests Tigers News                https://www.weststigers.com.au/news/ -- HTTPSConnectionPool(host='www.weststigers.com.au', port=443): Max retries exceeded with url: /news/ (Caused by NameResolutionError("HTTPSConnection(host='www.weststigers.com.au', port=443): Failed to resolve 'www.weststigers.com.au' ([Errno 8] nodename nor servname provided, or not known)"))
2026-08-25 22:52:54 [INFO] Wrote 0 flags
2026-08-25 22:52:54 [INFO] JSON: /Users/elliotbladen/BetMate/data/nrl/news_flags/processed/2026/2026-08-25.json
2026-08-25 22:52:54 [INFO] CSV:  /Users/elliotbladen/BetMate/data/nrl/news_flags/processed/2026/2026-08-25.csv
2026-08-25 22:52:54 [INFO] News flags complete -- 0 total, 0 HIGH
[2026-08-25T22:52:54] AFL injuries
2026-08-25 22:52:54 [INFO] Targeting season=2026 round=23
2026-08-25 22:52:54 [INFO] Attempt 1/3 -- AFL injuries R23 2026
2026-08-25 22:52:54 [WARNING] Fetch failed https://www.footywire.com/afl/footy/injury_list -- HTTPSConnectionPool(host='www.footywire.com', port=443): Max retries exceeded with url: /afl/footy/injury_list (Caused by NameResolutionError("HTTPSConnection(host='www.footywire.com', port=443): Failed to resolve 'www.footywire.com' ([Errno 8] nodename nor servname provided, or not known)"))
2026-08-25 22:52:54 [WARNING] Fetch failed, retrying in 30s
2026-08-25 22:53:24 [INFO] Attempt 2/3 -- AFL injuries R23 2026
2026-08-25 22:53:24 [WARNING] Fetch failed https://www.footywire.com/afl/footy/injury_list -- HTTPSConnectionPool(host='www.footywire.com', port=443): Max retries exceeded with url: /afl/footy/injury_list (Caused by NameResolutionError("HTTPSConnection(host='www.footywire.com', port=443): Failed to resolve 'www.footywire.com' ([Errno 8] nodename nor servname provided, or not known)"))
2026-08-25 22:53:24 [WARNING] Fetch failed, retrying in 30s
2026-08-25 22:53:54 [INFO] Attempt 3/3 -- AFL injuries R23 2026
2026-08-25 22:53:54 [WARNING] Fetch failed https://www.footywire.com/afl/footy/injury_list -- HTTPSConnectionPool(host='www.footywire.com', port=443): Max retries exceeded with url: /afl/footy/injury_list (Caused by NameResolutionError("HTTPSConnection(host='www.footywire.com', port=443): Failed to resolve 'www.footywire.com' ([Errno 8] nodename nor servname provided, or not known)"))
2026-08-25 22:53:54 [ERROR] All attempts exhausted -- no AFL injury data
[2026-08-25T22:53:54] Market event log
Wrote 747 events -> /Users/elliotbladen/BetMate/data/market_events/2026_events.csv
  injury: 747
AFL injury refresh pinned to prepared round 23
[2026-08-25T23:53:55] NRL injuries
2026-08-25 23:53:55 [INFO] Targeting season=2026 round=26
2026-08-25 23:53:55 [INFO] Attempt 1/3 -- Zero Tackle injuries R26 2026
2026-08-25 23:53:55 [WARNING] Fetch failed https://www.zerotackle.com/nrl/teams/brisbane-broncos/ -- HTTPSConnectionPool(host='www.zerotackle.com', port=443): Max retries exceeded with url: /nrl/teams/brisbane-broncos/ (Caused by NameResolutionError("HTTPSConnection(host='www.zerotackle.com', port=443): Failed to resolve 'www.zerotackle.com' ([Errno 8] nodename nor servname provided, or not known)"))
2026-08-25 23:53:55 [WARNING] Failed to fetch Zero Tackle page for Brisbane Broncos
2026-08-25 23:53:55 [WARNING] Fetch failed https://www.zerotackle.com/nrl/teams/canberra-raiders/ -- HTTPSConnectionPool(host='www.zerotackle.com', port=443): Max retries exceeded with url: /nrl/teams/canberra-raiders/ (Caused by NameResolutionError("HTTPSConnection(host='www.zerotackle.com', port=443): Failed to resolve 'www.zerotackle.com' ([Errno 8] nodename nor servname provided, or not known)"))
2026-08-25 23:53:55 [WARNING] Failed to fetch Zero Tackle page for Canberra Raiders
2026-08-25 23:53:55 [WARNING] Fetch failed https://www.zerotackle.com/nrl/teams/canterbury-bankstown-bulldogs/ -- HTTPSConnectionPool(host='www.zerotackle.com', port=443): Max retries exceeded with url: /nrl/teams/canterbury-bankstown-bulldogs/ (Caused by NameResolutionError("HTTPSConnection(host='www.zerotackle.com', port=443): Failed to resolve 'www.zerotackle.com' ([Errno 8] nodename nor servname provided, or not known)"))
2026-08-25 23:53:55 [WARNING] Failed to fetch Zero Tackle page for Canterbury-Bankstown Bulldogs
2026-08-25 23:53:55 [WARNING] Fetch failed https://www.zerotackle.com/nrl/teams/cronulla-sharks/ -- HTTPSConnectionPool(host='www.zerotackle.com', port=443): Max retries exceeded with url: /nrl/teams/cronulla-sharks/ (Caused by NameResolutionError("HTTPSConnection(host='www.zerotackle.com', port=443): Failed to resolve 'www.zerotackle.com' ([Errno 8] nodename nor servname provided, or not known)"))
2026-08-25 23:53:55 [WARNING] Failed to fetch Zero Tackle page for Cronulla-Sutherland Sharks
2026-08-25 23:53:55 [WARNING] Fetch failed https://www.zerotackle.com/nrl/teams/dolphins/ -- HTTPSConnectionPool(host='www.zerotackle.com', port=443): Max retries exceeded with url: /nrl/teams/dolphins/ (Caused by NameResolutionError("HTTPSConnection(host='www.zerotackle.com', port=443): Failed to resolve 'www.zerotackle.com' ([Errno 8] nodename nor servname provided, or not known)"))
2026-08-25 23:53:55 [WARNING] Failed to fetch Zero Tackle page for Dolphins
2026-08-25 23:53:55 [WARNING] Fetch failed https://www.zerotackle.com/nrl/teams/gold-coast-titans/ -- HTTPSConnectionPool(host='www.zerotackle.com', port=443): Max retries exceeded with url: /nrl/teams/gold-coast-titans/ (Caused by NameResolutionError("HTTPSConnection(host='www.zerotackle.com', port=443): Failed to resolve 'www.zerotackle.com' ([Errno 8] nodename nor servname provided, or not known)"))
2026-08-25 23:53:55 [WARNING] Failed to fetch Zero Tackle page for Gold Coast Titans
2026-08-25 23:53:55 [WARNING] Fetch failed https://www.zerotackle.com/nrl/teams/manly-sea-eagles/ -- HTTPSConnectionPool(host='www.zerotackle.com', port=443): Max retries exceeded with url: /nrl/teams/manly-sea-eagles/ (Caused by NameResolutionError("HTTPSConnection(host='www.zerotackle.com', port=443): Failed to resolve 'www.zerotackle.com' ([Errno 8] nodename nor servname provided, or not known)"))
2026-08-25 23:53:55 [WARNING] Failed to fetch Zero Tackle page for Manly-Warringah Sea Eagles
2026-08-25 23:53:55 [WARNING] Fetch failed https://www.zerotackle.com/nrl/teams/melbourne-storm/ -- HTTPSConnectionPool(host='www.zerotackle.com', port=443): Max retries exceeded with url: /nrl/teams/melbourne-storm/ (Caused by NameResolutionError("HTTPSConnection(host='www.zerotackle.com', port=443): Failed to resolve 'www.zerotackle.com' ([Errno 8] nodename nor servname provided, or not known)"))
2026-08-25 23:53:55 [WARNING] Failed to fetch Zero Tackle page for Melbourne Storm
2026-08-25 23:53:55 [WARNING] Fetch failed https://www.zerotackle.com/nrl/teams/newcastle-knights/ -- HTTPSConnectionPool(host='www.zerotackle.com', port=443): Max retries exceeded with url: /nrl/teams/newcastle-knights/ (Caused by NameResolutionError("HTTPSConnection(host='www.zerotackle.com', port=443): Failed to resolve 'www.zerotackle.com' ([Errno 8] nodename nor servname provided, or not known)"))
2026-08-25 23:53:55 [WARNING] Failed to fetch Zero Tackle page for Newcastle Knights
2026-08-25 23:53:55 [WARNING] Fetch failed https://www.zerotackle.com/nrl/teams/new-zealand-warriors/ -- HTTPSConnectionPool(host='www.zerotackle.com', port=443): Max retries exceeded with url: /nrl/teams/new-zealand-warriors/ (Caused by NameResolutionError("HTTPSConnection(host='www.zerotackle.com', port=443): Failed to resolve 'www.zerotackle.com' ([Errno 8] nodename nor servname provided, or not known)"))
2026-08-25 23:53:55 [WARNING] Failed to fetch Zero Tackle page for New Zealand Warriors
2026-08-25 23:53:55 [WARNING] Fetch failed https://www.zerotackle.com/nrl/teams/north-queensland-cowboys/ -- HTTPSConnectionPool(host='www.zerotackle.com', port=443): Max retries exceeded with url: /nrl/teams/north-queensland-cowboys/ (Caused by NameResolutionError("HTTPSConnection(host='www.zerotackle.com', port=443): Failed to resolve 'www.zerotackle.com' ([Errno 8] nodename nor servname provided, or not known)"))
2026-08-25 23:53:55 [WARNING] Failed to fetch Zero Tackle page for North Queensland Cowboys
2026-08-25 23:53:55 [WARNING] Fetch failed https://www.zerotackle.com/nrl/teams/parramatta-eels/ -- HTTPSConnectionPool(host='www.zerotackle.com', port=443): Max retries exceeded with url: /nrl/teams/parramatta-eels/ (Caused by NameResolutionError("HTTPSConnection(host='www.zerotackle.com', port=443): Failed to resolve 'www.zerotackle.com' ([Errno 8] nodename nor servname provided, or not known)"))
2026-08-25 23:53:55 [WARNING] Failed to fetch Zero Tackle page for Parramatta Eels
2026-08-25 23:53:55 [WARNING] Fetch failed https://www.zerotackle.com/nrl/teams/penrith-panthers/ -- HTTPSConnectionPool(host='www.zerotackle.com', port=443): Max retries exceeded with url: /nrl/teams/penrith-panthers/ (Caused by NameResolutionError("HTTPSConnection(host='www.zerotackle.com', port=443): Failed to resolve 'www.zerotackle.com' ([Errno 8] nodename nor servname provided, or not known)"))
2026-08-25 23:53:55 [WARNING] Failed to fetch Zero Tackle page for Penrith Panthers
2026-08-25 23:53:55 [WARNING] Fetch failed https://www.zerotackle.com/nrl/teams/south-sydney-rabbitohs/ -- HTTPSConnectionPool(host='www.zerotackle.com', port=443): Max retries exceeded with url: /nrl/teams/south-sydney-rabbitohs/ (Caused by NameResolutionError("HTTPSConnection(host='www.zerotackle.com', port=443): Failed to resolve 'www.zerotackle.com' ([Errno 8] nodename nor servname provided, or not known)"))
2026-08-25 23:53:55 [WARNING] Failed to fetch Zero Tackle page for South Sydney Rabbitohs
2026-08-25 23:53:55 [WARNING] Fetch failed https://www.zerotackle.com/nrl/teams/st-george-illawarra-dragons/ -- HTTPSConnectionPool(host='www.zerotackle.com', port=443): Max retries exceeded with url: /nrl/teams/st-george-illawarra-dragons/ (Caused by NameResolutionError("HTTPSConnection(host='www.zerotackle.com', port=443): Failed to resolve 'www.zerotackle.com' ([Errno 8] nodename nor servname provided, or not known)"))
2026-08-25 23:53:55 [WARNING] Failed to fetch Zero Tackle page for St. George Illawarra Dragons
2026-08-25 23:53:55 [WARNING] Fetch failed https://www.zerotackle.com/nrl/teams/sydney-roosters/ -- HTTPSConnectionPool(host='www.zerotackle.com', port=443): Max retries exceeded with url: /nrl/teams/sydney-roosters/ (Caused by NameResolutionError("HTTPSConnection(host='www.zerotackle.com', port=443): Failed to resolve 'www.zerotackle.com' ([Errno 8] nodename nor servname provided, or not known)"))
2026-08-25 23:53:55 [WARNING] Failed to fetch Zero Tackle page for Sydney Roosters
2026-08-25 23:53:55 [WARNING] Fetch failed https://www.zerotackle.com/nrl/teams/wests-tigers/ -- HTTPSConnectionPool(host='www.zerotackle.com', port=443): Max retries exceeded with url: /nrl/teams/wests-tigers/ (Caused by NameResolutionError("HTTPSConnection(host='www.zerotackle.com', port=443): Failed to resolve 'www.zerotackle.com' ([Errno 8] nodename nor servname provided, or not known)"))
2026-08-25 23:53:55 [WARNING] Failed to fetch Zero Tackle page for Wests Tigers
2026-08-25 23:53:55 [INFO] Zero Tackle total: 0 records across 17 teams
2026-08-25 23:53:55 [WARNING] Zero Tackle returned 0 records, retrying in 30s
2026-08-25 23:54:25 [INFO] Attempt 2/3 -- Zero Tackle injuries R26 2026
2026-08-25 23:54:25 [WARNING] Fetch failed https://www.zerotackle.com/nrl/teams/brisbane-broncos/ -- HTTPSConnectionPool(host='www.zerotackle.com', port=443): Max retries exceeded with url: /nrl/teams/brisbane-broncos/ (Caused by NameResolutionError("HTTPSConnection(host='www.zerotackle.com', port=443): Failed to resolve 'www.zerotackle.com' ([Errno 8] nodename nor servname provided, or not known)"))
2026-08-25 23:54:25 [WARNING] Failed to fetch Zero Tackle page for Brisbane Broncos
2026-08-25 23:54:25 [WARNING] Fetch failed https://www.zerotackle.com/nrl/teams/canberra-raiders/ -- HTTPSConnectionPool(host='www.zerotackle.com', port=443): Max retries exceeded with url: /nrl/teams/canberra-raiders/ (Caused by NameResolutionError("HTTPSConnection(host='www.zerotackle.com', port=443): Failed to resolve 'www.zerotackle.com' ([Errno 8] nodename nor servname provided, or not known)"))
2026-08-25 23:54:25 [WARNING] Failed to fetch Zero Tackle page for Canberra Raiders
2026-08-25 23:54:25 [WARNING] Fetch failed https://www.zerotackle.com/nrl/teams/canterbury-bankstown-bulldogs/ -- HTTPSConnectionPool(host='www.zerotackle.com', port=443): Max retries exceeded with url: /nrl/teams/canterbury-bankstown-bulldogs/ (Caused by NameResolutionError("HTTPSConnection(host='www.zerotackle.com', port=443): Failed to resolve 'www.zerotackle.com' ([Errno 8] nodename nor servname provided, or not known)"))
2026-08-25 23:54:25 [WARNING] Failed to fetch Zero Tackle page for Canterbury-Bankstown Bulldogs
2026-08-25 23:54:25 [WARNING] Fetch failed https://www.zerotackle.com/nrl/teams/cronulla-sharks/ -- HTTPSConnectionPool(host='www.zerotackle.com', port=443): Max retries exceeded with url: /nrl/teams/cronulla-sharks/ (Caused by NameResolutionError("HTTPSConnection(host='www.zerotackle.com', port=443): Failed to resolve 'www.zerotackle.com' ([Errno 8] nodename nor servname provided, or not known)"))
2026-08-25 23:54:25 [WARNING] Failed to fetch Zero Tackle page for Cronulla-Sutherland Sharks
2026-08-25 23:54:25 [WARNING] Fetch failed https://www.zerotackle.com/nrl/teams/dolphins/ -- HTTPSConnectionPool(host='www.zerotackle.com', port=443): Max retries exceeded with url: /nrl/teams/dolphins/ (Caused by NameResolutionError("HTTPSConnection(host='www.zerotackle.com', port=443): Failed to resolve 'www.zerotackle.com' ([Errno 8] nodename nor servname provided, or not known)"))
2026-08-25 23:54:25 [WARNING] Failed to fetch Zero Tackle page for Dolphins
2026-08-25 23:54:25 [WARNING] Fetch failed https://www.zerotackle.com/nrl/teams/gold-coast-titans/ -- HTTPSConnectionPool(host='www.zerotackle.com', port=443): Max retries exceeded with url: /nrl/teams/gold-coast-titans/ (Caused by NameResolutionError("HTTPSConnection(host='www.zerotackle.com', port=443): Failed to resolve 'www.zerotackle.com' ([Errno 8] nodename nor servname provided, or not known)"))
2026-08-25 23:54:25 [WARNING] Failed to fetch Zero Tackle page for Gold Coast Titans
2026-08-25 23:54:25 [WARNING] Fetch failed https://www.zerotackle.com/nrl/teams/manly-sea-eagles/ -- HTTPSConnectionPool(host='www.zerotackle.com', port=443): Max retries exceeded with url: /nrl/teams/manly-sea-eagles/ (Caused by NameResolutionError("HTTPSConnection(host='www.zerotackle.com', port=443): Failed to resolve 'www.zerotackle.com' ([Errno 8] nodename nor servname provided, or not known)"))
2026-08-25 23:54:25 [WARNING] Failed to fetch Zero Tackle page for Manly-Warringah Sea Eagles
2026-08-25 23:54:25 [WARNING] Fetch failed https://www.zerotackle.com/nrl/teams/melbourne-storm/ -- HTTPSConnectionPool(host='www.zerotackle.com', port=443): Max retries exceeded with url: /nrl/teams/melbourne-storm/ (Caused by NameResolutionError("HTTPSConnection(host='www.zerotackle.com', port=443): Failed to resolve 'www.zerotackle.com' ([Errno 8] nodename nor servname provided, or not known)"))
2026-08-25 23:54:25 [WARNING] Failed to fetch Zero Tackle page for Melbourne Storm
2026-08-25 23:54:25 [WARNING] Fetch failed https://www.zerotackle.com/nrl/teams/newcastle-knights/ -- HTTPSConnectionPool(host='www.zerotackle.com', port=443): Max retries exceeded with url: /nrl/teams/newcastle-knights/ (Caused by NameResolutionError("HTTPSConnection(host='www.zerotackle.com', port=443): Failed to resolve 'www.zerotackle.com' ([Errno 8] nodename nor servname provided, or not known)"))
2026-08-25 23:54:25 [WARNING] Failed to fetch Zero Tackle page for Newcastle Knights
2026-08-25 23:54:25 [WARNING] Fetch failed https://www.zerotackle.com/nrl/teams/new-zealand-warriors/ -- HTTPSConnectionPool(host='www.zerotackle.com', port=443): Max retries exceeded with url: /nrl/teams/new-zealand-warriors/ (Caused by NameResolutionError("HTTPSConnection(host='www.zerotackle.com', port=443): Failed to resolve 'www.zerotackle.com' ([Errno 8] nodename nor servname provided, or not known)"))
2026-08-25 23:54:25 [WARNING] Failed to fetch Zero Tackle page for New Zealand Warriors
2026-08-25 23:54:25 [WARNING] Fetch failed https://www.zerotackle.com/nrl/teams/north-queensland-cowboys/ -- HTTPSConnectionPool(host='www.zerotackle.com', port=443): Max retries exceeded with url: /nrl/teams/north-queensland-cowboys/ (Caused by NameResolutionError("HTTPSConnection(host='www.zerotackle.com', port=443): Failed to resolve 'www.zerotackle.com' ([Errno 8] nodename nor servname provided, or not known)"))
2026-08-25 23:54:25 [WARNING] Failed to fetch Zero Tackle page for North Queensland Cowboys
2026-08-25 23:54:25 [WARNING] Fetch failed https://www.zerotackle.com/nrl/teams/parramatta-eels/ -- HTTPSConnectionPool(host='www.zerotackle.com', port=443): Max retries exceeded with url: /nrl/teams/parramatta-eels/ (Caused by NameResolutionError("HTTPSConnection(host='www.zerotackle.com', port=443): Failed to resolve 'www.zerotackle.com' ([Errno 8] nodename nor servname provided, or not known)"))
2026-08-25 23:54:25 [WARNING] Failed to fetch Zero Tackle page for Parramatta Eels
2026-08-25 23:54:25 [WARNING] Fetch failed https://www.zerotackle.com/nrl/teams/penrith-panthers/ -- HTTPSConnectionPool(host='www.zerotackle.com', port=443): Max retries exceeded with url: /nrl/teams/penrith-panthers/ (Caused by NameResolutionError("HTTPSConnection(host='www.zerotackle.com', port=443): Failed to resolve 'www.zerotackle.com' ([Errno 8] nodename nor servname provided, or not known)"))
2026-08-25 23:54:25 [WARNING] Failed to fetch Zero Tackle page for Penrith Panthers
2026-08-25 23:54:25 [WARNING] Fetch failed https://www.zerotackle.com/nrl/teams/south-sydney-rabbitohs/ -- HTTPSConnectionPool(host='www.zerotackle.com', port=443): Max retries exceeded with url: /nrl/teams/south-sydney-rabbitohs/ (Caused by NameResolutionError("HTTPSConnection(host='www.zerotackle.com', port=443): Failed to resolve 'www.zerotackle.com' ([Errno 8] nodename nor servname provided, or not known)"))
2026-08-25 23:54:25 [WARNING] Failed to fetch Zero Tackle page for South Sydney Rabbitohs
2026-08-25 23:54:25 [WARNING] Fetch failed https://www.zerotackle.com/nrl/teams/st-george-illawarra-dragons/ -- HTTPSConnectionPool(host='www.zerotackle.com', port=443): Max retries exceeded with url: /nrl/teams/st-george-illawarra-dragons/ (Caused by NameResolutionError("HTTPSConnection(host='www.zerotackle.com', port=443): Failed to resolve 'www.zerotackle.com' ([Errno 8] nodename nor servname provided, or not known)"))
2026-08-25 23:54:25 [WARNING] Failed to fetch Zero Tackle page for St. George Illawarra Dragons
2026-08-25 23:54:25 [WARNING] Fetch failed https://www.zerotackle.com/nrl/teams/sydney-roosters/ -- HTTPSConnectionPool(host='www.zerotackle.com', port=443): Max retries exceeded with url: /nrl/teams/sydney-roosters/ (Caused by NameResolutionError("HTTPSConnection(host='www.zerotackle.com', port=443): Failed to resolve 'www.zerotackle.com' ([Errno 8] nodename nor servname provided, or not known)"))
2026-08-25 23:54:25 [WARNING] Failed to fetch Zero Tackle page for Sydney Roosters
2026-08-25 23:54:25 [WARNING] Fetch failed https://www.zerotackle.com/nrl/teams/wests-tigers/ -- HTTPSConnectionPool(host='www.zerotackle.com', port=443): Max retries exceeded with url: /nrl/teams/wests-tigers/ (Caused by NameResolutionError("HTTPSConnection(host='www.zerotackle.com', port=443): Failed to resolve 'www.zerotackle.com' ([Errno 8] nodename nor servname provided, or not known)"))
2026-08-25 23:54:25 [WARNING] Failed to fetch Zero Tackle page for Wests Tigers
2026-08-25 23:54:25 [INFO] Zero Tackle total: 0 records across 17 teams
2026-08-25 23:54:25 [WARNING] Zero Tackle returned 0 records, retrying in 30s
2026-08-25 23:54:55 [INFO] Attempt 3/3 -- Zero Tackle injuries R26 2026
2026-08-25 23:54:55 [WARNING] Fetch failed https://www.zerotackle.com/nrl/teams/brisbane-broncos/ -- HTTPSConnectionPool(host='www.zerotackle.com', port=443): Max retries exceeded with url: /nrl/teams/brisbane-broncos/ (Caused by NameResolutionError("HTTPSConnection(host='www.zerotackle.com', port=443): Failed to resolve 'www.zerotackle.com' ([Errno 8] nodename nor servname provided, or not known)"))
2026-08-25 23:54:55 [WARNING] Failed to fetch Zero Tackle page for Brisbane Broncos
2026-08-25 23:54:55 [WARNING] Fetch failed https://www.zerotackle.com/nrl/teams/canberra-raiders/ -- HTTPSConnectionPool(host='www.zerotackle.com', port=443): Max retries exceeded with url: /nrl/teams/canberra-raiders/ (Caused by NameResolutionError("HTTPSConnection(host='www.zerotackle.com', port=443): Failed to resolve 'www.zerotackle.com' ([Errno 8] nodename nor servname provided, or not known)"))
2026-08-25 23:54:55 [WARNING] Failed to fetch Zero Tackle page for Canberra Raiders
2026-08-25 23:54:55 [WARNING] Fetch failed https://www.zerotackle.com/nrl/teams/canterbury-bankstown-bulldogs/ -- HTTPSConnectionPool(host='www.zerotackle.com', port=443): Max retries exceeded with url: /nrl/teams/canterbury-bankstown-bulldogs/ (Caused by NameResolutionError("HTTPSConnection(host='www.zerotackle.com', port=443): Failed to resolve 'www.zerotackle.com' ([Errno 8] nodename nor servname provided, or not known)"))
2026-08-25 23:54:55 [WARNING] Failed to fetch Zero Tackle page for Canterbury-Bankstown Bulldogs
2026-08-25 23:54:55 [WARNING] Fetch failed https://www.zerotackle.com/nrl/teams/cronulla-sharks/ -- HTTPSConnectionPool(host='www.zerotackle.com', port=443): Max retries exceeded with url: /nrl/teams/cronulla-sharks/ (Caused by NameResolutionError("HTTPSConnection(host='www.zerotackle.com', port=443): Failed to resolve 'www.zerotackle.com' ([Errno 8] nodename nor servname provided, or not known)"))
2026-08-25 23:54:55 [WARNING] Failed to fetch Zero Tackle page for Cronulla-Sutherland Sharks
2026-08-25 23:54:55 [WARNING] Fetch failed https://www.zerotackle.com/nrl/teams/dolphins/ -- HTTPSConnectionPool(host='www.zerotackle.com', port=443): Max retries exceeded with url: /nrl/teams/dolphins/ (Caused by NameResolutionError("HTTPSConnection(host='www.zerotackle.com', port=443): Failed to resolve 'www.zerotackle.com' ([Errno 8] nodename nor servname provided, or not known)"))
2026-08-25 23:54:55 [WARNING] Failed to fetch Zero Tackle page for Dolphins
2026-08-25 23:54:55 [WARNING] Fetch failed https://www.zerotackle.com/nrl/teams/gold-coast-titans/ -- HTTPSConnectionPool(host='www.zerotackle.com', port=443): Max retries exceeded with url: /nrl/teams/gold-coast-titans/ (Caused by NameResolutionError("HTTPSConnection(host='www.zerotackle.com', port=443): Failed to resolve 'www.zerotackle.com' ([Errno 8] nodename nor servname provided, or not known)"))
2026-08-25 23:54:55 [WARNING] Failed to fetch Zero Tackle page for Gold Coast Titans
2026-08-25 23:54:55 [WARNING] Fetch failed https://www.zerotackle.com/nrl/teams/manly-sea-eagles/ -- HTTPSConnectionPool(host='www.zerotackle.com', port=443): Max retries exceeded with url: /nrl/teams/manly-sea-eagles/ (Caused by NameResolutionError("HTTPSConnection(host='www.zerotackle.com', port=443): Failed to resolve 'www.zerotackle.com' ([Errno 8] nodename nor servname provided, or not known)"))
2026-08-25 23:54:55 [WARNING] Failed to fetch Zero Tackle page for Manly-Warringah Sea Eagles
2026-08-25 23:54:55 [WARNING] Fetch failed https://www.zerotackle.com/nrl/teams/melbourne-storm/ -- HTTPSConnectionPool(host='www.zerotackle.com', port=443): Max retries exceeded with url: /nrl/teams/melbourne-storm/ (Caused by NameResolutionError("HTTPSConnection(host='www.zerotackle.com', port=443): Failed to resolve 'www.zerotackle.com' ([Errno 8] nodename nor servname provided, or not known)"))
2026-08-25 23:54:55 [WARNING] Failed to fetch Zero Tackle page for Melbourne Storm
2026-08-25 23:54:55 [WARNING] Fetch failed https://www.zerotackle.com/nrl/teams/newcastle-knights/ -- HTTPSConnectionPool(host='www.zerotackle.com', port=443): Max retries exceeded with url: /nrl/teams/newcastle-knights/ (Caused by NameResolutionError("HTTPSConnection(host='www.zerotackle.com', port=443): Failed to resolve 'www.zerotackle.com' ([Errno 8] nodename nor servname provided, or not known)"))
2026-08-25 23:54:55 [WARNING] Failed to fetch Zero Tackle page for Newcastle Knights
2026-08-25 23:54:55 [WARNING] Fetch failed https://www.zerotackle.com/nrl/teams/new-zealand-warriors/ -- HTTPSConnectionPool(host='www.zerotackle.com', port=443): Max retries exceeded with url: /nrl/teams/new-zealand-warriors/ (Caused by NameResolutionError("HTTPSConnection(host='www.zerotackle.com', port=443): Failed to resolve 'www.zerotackle.com' ([Errno 8] nodename nor servname provided, or not known)"))
2026-08-25 23:54:55 [WARNING] Failed to fetch Zero Tackle page for New Zealand Warriors
2026-08-25 23:54:55 [WARNING] Fetch failed https://www.zerotackle.com/nrl/teams/north-queensland-cowboys/ -- HTTPSConnectionPool(host='www.zerotackle.com', port=443): Max retries exceeded with url: /nrl/teams/north-queensland-cowboys/ (Caused by NameResolutionError("HTTPSConnection(host='www.zerotackle.com', port=443): Failed to resolve 'www.zerotackle.com' ([Errno 8] nodename nor servname provided, or not known)"))
2026-08-25 23:54:55 [WARNING] Failed to fetch Zero Tackle page for North Queensland Cowboys
2026-08-25 23:54:55 [WARNING] Fetch failed https://www.zerotackle.com/nrl/teams/parramatta-eels/ -- HTTPSConnectionPool(host='www.zerotackle.com', port=443): Max retries exceeded with url: /nrl/teams/parramatta-eels/ (Caused by NameResolutionError("HTTPSConnection(host='www.zerotackle.com', port=443): Failed to resolve 'www.zerotackle.com' ([Errno 8] nodename nor servname provided, or not known)"))
2026-08-25 23:54:55 [WARNING] Failed to fetch Zero Tackle page for Parramatta Eels
2026-08-25 23:54:55 [WARNING] Fetch failed https://www.zerotackle.com/nrl/teams/penrith-panthers/ -- HTTPSConnectionPool(host='www.zerotackle.com', port=443): Max retries exceeded with url: /nrl/teams/penrith-panthers/ (Caused by NameResolutionError("HTTPSConnection(host='www.zerotackle.com', port=443): Failed to resolve 'www.zerotackle.com' ([Errno 8] nodename nor servname provided, or not known)"))
2026-08-25 23:54:55 [WARNING] Failed to fetch Zero Tackle page for Penrith Panthers
2026-08-25 23:54:55 [WARNING] Fetch failed https://www.zerotackle.com/nrl/teams/south-sydney-rabbitohs/ -- HTTPSConnectionPool(host='www.zerotackle.com', port=443): Max retries exceeded with url: /nrl/teams/south-sydney-rabbitohs/ (Caused by NameResolutionError("HTTPSConnection(host='www.zerotackle.com', port=443): Failed to resolve 'www.zerotackle.com' ([Errno 8] nodename nor servname provided, or not known)"))
2026-08-25 23:54:55 [WARNING] Failed to fetch Zero Tackle page for South Sydney Rabbitohs
2026-08-25 23:54:55 [WARNING] Fetch failed https://www.zerotackle.com/nrl/teams/st-george-illawarra-dragons/ -- HTTPSConnectionPool(host='www.zerotackle.com', port=443): Max retries exceeded with url: /nrl/teams/st-george-illawarra-dragons/ (Caused by NameResolutionError("HTTPSConnection(host='www.zerotackle.com', port=443): Failed to resolve 'www.zerotackle.com' ([Errno 8] nodename nor servname provided, or not known)"))
2026-08-25 23:54:55 [WARNING] Failed to fetch Zero Tackle page for St. George Illawarra Dragons
2026-08-25 23:54:55 [WARNING] Fetch failed https://www.zerotackle.com/nrl/teams/sydney-roosters/ -- HTTPSConnectionPool(host='www.zerotackle.com', port=443): Max retries exceeded with url: /nrl/teams/sydney-roosters/ (Caused by NameResolutionError("HTTPSConnection(host='www.zerotackle.com', port=443): Failed to resolve 'www.zerotackle.com' ([Errno 8] nodename nor servname provided, or not known)"))
2026-08-25 23:54:55 [WARNING] Failed to fetch Zero Tackle page for Sydney Roosters
2026-08-25 23:54:55 [WARNING] Fetch failed https://www.zerotackle.com/nrl/teams/wests-tigers/ -- HTTPSConnectionPool(host='www.zerotackle.com', port=443): Max retries exceeded with url: /nrl/teams/wests-tigers/ (Caused by NameResolutionError("HTTPSConnection(host='www.zerotackle.com', port=443): Failed to resolve 'www.zerotackle.com' ([Errno 8] nodename nor servname provided, or not known)"))
2026-08-25 23:54:55 [WARNING] Failed to fetch Zero Tackle page for Wests Tigers
2026-08-25 23:54:55 [INFO] Zero Tackle total: 0 records across 17 teams
2026-08-25 23:54:55 [ERROR] All attempts exhausted -- no injury data
[2026-08-25T23:54:55] NRL team news
Written /Users/elliotbladen/BetMate/data/nrl/team-news/latest.json
  Round 26 | Teams: 17 | Injuries: 83 | Suspensions preserved: 0
[2026-08-25T23:54:56] NRL market-moving news
2026-08-25 23:54:56 [INFO] Targeting season=2026 round=26
2026-08-25 23:54:56 [WARNING] Fetch failed NRL Casualty Ward                https://www.nrl.com/news/2026/01/01/nrl-casualty-ward-how-your-club-is-shaping-heading-into-2026/ -- HTTPSConnectionPool(host='www.nrl.com', port=443): Max retries exceeded with url: /news/2026/01/01/nrl-casualty-ward-how-your-club-is-shaping-heading-into-2026/ (Caused by NameResolutionError("HTTPSConnection(host='www.nrl.com', port=443): Failed to resolve 'www.nrl.com' ([Errno 8] nodename nor servname provided, or not known)"))
2026-08-25 23:54:56 [WARNING] Fetch failed NRL Judiciary Report             https://www.nrl.com/news/2026/01/01/nrl-judiciary-report-2026/ -- HTTPSConnectionPool(host='www.nrl.com', port=443): Max retries exceeded with url: /news/2026/01/01/nrl-judiciary-report-2026/ (Caused by NameResolutionError("HTTPSConnection(host='www.nrl.com', port=443): Failed to resolve 'www.nrl.com' ([Errno 8] nodename nor servname provided, or not known)"))
2026-08-25 23:54:56 [WARNING] Fetch failed NRL News                         https://www.nrl.com/news/ -- HTTPSConnectionPool(host='www.nrl.com', port=443): Max retries exceeded with url: /news/ (Caused by NameResolutionError("HTTPSConnection(host='www.nrl.com', port=443): Failed to resolve 'www.nrl.com' ([Errno 8] nodename nor servname provided, or not known)"))
2026-08-25 23:54:56 [WARNING] Fetch failed Brisbane Broncos News            https://www.broncos.com.au/news/ -- HTTPSConnectionPool(host='www.broncos.com.au', port=443): Max retries exceeded with url: /news/ (Caused by NameResolutionError("HTTPSConnection(host='www.broncos.com.au', port=443): Failed to resolve 'www.broncos.com.au' ([Errno 8] nodename nor servname provided, or not known)"))
2026-08-25 23:54:56 [WARNING] Fetch failed Canterbury-Bankstown Bulldogs News https://www.bulldogs.com.au/news/ -- HTTPSConnectionPool(host='www.bulldogs.com.au', port=443): Max retries exceeded with url: /news/ (Caused by NameResolutionError("HTTPSConnection(host='www.bulldogs.com.au', port=443): Failed to resolve 'www.bulldogs.com.au' ([Errno 8] nodename nor servname provided, or not known)"))
2026-08-25 23:54:56 [WARNING] Fetch failed Canberra Raiders News            https://www.raiders.com.au/news/ -- HTTPSConnectionPool(host='www.raiders.com.au', port=443): Max retries exceeded with url: /news/ (Caused by NameResolutionError("HTTPSConnection(host='www.raiders.com.au', port=443): Failed to resolve 'www.raiders.com.au' ([Errno 8] nodename nor servname provided, or not known)"))
2026-08-25 23:54:56 [WARNING] Fetch failed Cronulla-Sutherland Sharks News  https://www.sharks.com.au/news/ -- HTTPSConnectionPool(host='www.sharks.com.au', port=443): Max retries exceeded with url: /news/ (Caused by NameResolutionError("HTTPSConnection(host='www.sharks.com.au', port=443): Failed to resolve 'www.sharks.com.au' ([Errno 8] nodename nor servname provided, or not known)"))
2026-08-25 23:54:56 [WARNING] Fetch failed Dolphins News                    https://www.dolphinsnrl.com.au/news/ -- HTTPSConnectionPool(host='www.dolphinsnrl.com.au', port=443): Max retries exceeded with url: /news/ (Caused by NameResolutionError("HTTPSConnection(host='www.dolphinsnrl.com.au', port=443): Failed to resolve 'www.dolphinsnrl.com.au' ([Errno 8] nodename nor servname provided, or not known)"))
2026-08-25 23:54:56 [WARNING] Fetch failed Gold Coast Titans News           https://www.titans.com.au/news/ -- HTTPSConnectionPool(host='www.titans.com.au', port=443): Max retries exceeded with url: /news/ (Caused by NameResolutionError("HTTPSConnection(host='www.titans.com.au', port=443): Failed to resolve 'www.titans.com.au' ([Errno 8] nodename nor servname provided, or not known)"))
2026-08-25 23:54:56 [WARNING] Fetch failed Manly-Warringah Sea Eagles News  https://www.seaeagles.com.au/news/ -- HTTPSConnectionPool(host='www.seaeagles.com.au', port=443): Max retries exceeded with url: /news/ (Caused by NameResolutionError("HTTPSConnection(host='www.seaeagles.com.au', port=443): Failed to resolve 'www.seaeagles.com.au' ([Errno 8] nodename nor servname provided, or not known)"))
2026-08-25 23:54:56 [WARNING] Fetch failed Melbourne Storm News             https://www.melbournestorm.com.au/news/ -- HTTPSConnectionPool(host='www.melbournestorm.com.au', port=443): Max retries exceeded with url: /news/ (Caused by NameResolutionError("HTTPSConnection(host='www.melbournestorm.com.au', port=443): Failed to resolve 'www.melbournestorm.com.au' ([Errno 8] nodename nor servname provided, or not known)"))
2026-08-25 23:54:56 [WARNING] Fetch failed Newcastle Knights News           https://www.newcastleknights.com.au/news/ -- HTTPSConnectionPool(host='www.newcastleknights.com.au', port=443): Max retries exceeded with url: /news/ (Caused by NameResolutionError("HTTPSConnection(host='www.newcastleknights.com.au', port=443): Failed to resolve 'www.newcastleknights.com.au' ([Errno 8] nodename nor servname provided, or not known)"))
2026-08-25 23:54:56 [WARNING] Fetch failed New Zealand Warriors News        https://www.warriors.kiwi/news/ -- HTTPSConnectionPool(host='www.warriors.kiwi', port=443): Max retries exceeded with url: /news/ (Caused by NameResolutionError("HTTPSConnection(host='www.warriors.kiwi', port=443): Failed to resolve 'www.warriors.kiwi' ([Errno 8] nodename nor servname provided, or not known)"))
2026-08-25 23:54:56 [WARNING] Fetch failed North Queensland Cowboys News    https://www.cowboys.com.au/news/ -- HTTPSConnectionPool(host='www.cowboys.com.au', port=443): Max retries exceeded with url: /news/ (Caused by NameResolutionError("HTTPSConnection(host='www.cowboys.com.au', port=443): Failed to resolve 'www.cowboys.com.au' ([Errno 8] nodename nor servname provided, or not known)"))
2026-08-25 23:54:56 [WARNING] Fetch failed Parramatta Eels News             https://www.parraeels.com.au/news/ -- HTTPSConnectionPool(host='www.parraeels.com.au', port=443): Max retries exceeded with url: /news/ (Caused by NameResolutionError("HTTPSConnection(host='www.parraeels.com.au', port=443): Failed to resolve 'www.parraeels.com.au' ([Errno 8] nodename nor servname provided, or not known)"))
2026-08-25 23:54:56 [WARNING] Fetch failed Penrith Panthers News            https://www.penrithpanthers.com.au/news/ -- HTTPSConnectionPool(host='www.penrithpanthers.com.au', port=443): Max retries exceeded with url: /news/ (Caused by NameResolutionError("HTTPSConnection(host='www.penrithpanthers.com.au', port=443): Failed to resolve 'www.penrithpanthers.com.au' ([Errno 8] nodename nor servname provided, or not known)"))
2026-08-25 23:54:56 [WARNING] Fetch failed South Sydney Rabbitohs News      https://www.rabbitohs.com.au/news/ -- HTTPSConnectionPool(host='www.rabbitohs.com.au', port=443): Max retries exceeded with url: /news/ (Caused by NameResolutionError("HTTPSConnection(host='www.rabbitohs.com.au', port=443): Failed to resolve 'www.rabbitohs.com.au' ([Errno 8] nodename nor servname provided, or not known)"))
2026-08-25 23:54:56 [WARNING] Fetch failed St. George Illawarra Dragons News https://www.dragons.com.au/news/ -- HTTPSConnectionPool(host='www.dragons.com.au', port=443): Max retries exceeded with url: /news/ (Caused by NameResolutionError("HTTPSConnection(host='www.dragons.com.au', port=443): Failed to resolve 'www.dragons.com.au' ([Errno 8] nodename nor servname provided, or not known)"))
2026-08-25 23:54:56 [WARNING] Fetch failed Sydney Roosters News             https://www.roosters.com.au/news/ -- HTTPSConnectionPool(host='www.roosters.com.au', port=443): Max retries exceeded with url: /news/ (Caused by NameResolutionError("HTTPSConnection(host='www.roosters.com.au', port=443): Failed to resolve 'www.roosters.com.au' ([Errno 8] nodename nor servname provided, or not known)"))
2026-08-25 23:54:56 [WARNING] Fetch failed Wests Tigers News                https://www.weststigers.com.au/news/ -- HTTPSConnectionPool(host='www.weststigers.com.au', port=443): Max retries exceeded with url: /news/ (Caused by NameResolutionError("HTTPSConnection(host='www.weststigers.com.au', port=443): Failed to resolve 'www.weststigers.com.au' ([Errno 8] nodename nor servname provided, or not known)"))
2026-08-25 23:54:56 [INFO] Wrote 0 flags
2026-08-25 23:54:56 [INFO] JSON: /Users/elliotbladen/BetMate/data/nrl/news_flags/processed/2026/2026-08-25.json
2026-08-25 23:54:56 [INFO] CSV:  /Users/elliotbladen/BetMate/data/nrl/news_flags/processed/2026/2026-08-25.csv
2026-08-25 23:54:56 [INFO] News flags complete -- 0 total, 0 HIGH
[2026-08-25T23:54:56] AFL injuries
2026-08-25 23:54:56 [INFO] Targeting season=2026 round=23
2026-08-25 23:54:56 [INFO] Attempt 1/3 -- AFL injuries R23 2026
2026-08-25 23:54:56 [WARNING] Fetch failed https://www.footywire.com/afl/footy/injury_list -- HTTPSConnectionPool(host='www.footywire.com', port=443): Max retries exceeded with url: /afl/footy/injury_list (Caused by NameResolutionError("HTTPSConnection(host='www.footywire.com', port=443): Failed to resolve 'www.footywire.com' ([Errno 8] nodename nor servname provided, or not known)"))
2026-08-25 23:54:56 [WARNING] Fetch failed, retrying in 30s
2026-08-25 23:55:26 [INFO] Attempt 2/3 -- AFL injuries R23 2026
2026-08-25 23:55:26 [WARNING] Fetch failed https://www.footywire.com/afl/footy/injury_list -- HTTPSConnectionPool(host='www.footywire.com', port=443): Max retries exceeded with url: /afl/footy/injury_list (Caused by NameResolutionError("HTTPSConnection(host='www.footywire.com', port=443): Failed to resolve 'www.footywire.com' ([Errno 8] nodename nor servname provided, or not known)"))
2026-08-25 23:55:26 [WARNING] Fetch failed, retrying in 30s
2026-08-25 23:55:57 [INFO] Attempt 3/3 -- AFL injuries R23 2026
2026-08-25 23:55:57 [WARNING] Fetch failed https://www.footywire.com/afl/footy/injury_list -- HTTPSConnectionPool(host='www.footywire.com', port=443): Max retries exceeded with url: /afl/footy/injury_list (Caused by NameResolutionError("HTTPSConnection(host='www.footywire.com', port=443): Failed to resolve 'www.footywire.com' ([Errno 8] nodename nor servname provided, or not known)"))
2026-08-25 23:55:57 [ERROR] All attempts exhausted -- no AFL injury data
[2026-08-25T23:55:57] Market event log
Wrote 747 events -> /Users/elliotbladen/BetMate/data/market_events/2026_events.csv
  injury: 747
AFL injury refresh pinned to prepared round 23
[2026-08-26T00:55:57] NRL injuries
2026-08-26 00:55:58 [INFO] Targeting season=2026 round=26
2026-08-26 00:55:58 [INFO] Attempt 1/3 -- Zero Tackle injuries R26 2026
2026-08-26 00:55:58 [WARNING] Fetch failed https://www.zerotackle.com/nrl/teams/brisbane-broncos/ -- HTTPSConnectionPool(host='www.zerotackle.com', port=443): Max retries exceeded with url: /nrl/teams/brisbane-broncos/ (Caused by NameResolutionError("HTTPSConnection(host='www.zerotackle.com', port=443): Failed to resolve 'www.zerotackle.com' ([Errno 8] nodename nor servname provided, or not known)"))
2026-08-26 00:55:58 [WARNING] Failed to fetch Zero Tackle page for Brisbane Broncos
2026-08-26 00:55:58 [WARNING] Fetch failed https://www.zerotackle.com/nrl/teams/canberra-raiders/ -- HTTPSConnectionPool(host='www.zerotackle.com', port=443): Max retries exceeded with url: /nrl/teams/canberra-raiders/ (Caused by NameResolutionError("HTTPSConnection(host='www.zerotackle.com', port=443): Failed to resolve 'www.zerotackle.com' ([Errno 8] nodename nor servname provided, or not known)"))
2026-08-26 00:55:58 [WARNING] Failed to fetch Zero Tackle page for Canberra Raiders
2026-08-26 00:55:58 [WARNING] Fetch failed https://www.zerotackle.com/nrl/teams/canterbury-bankstown-bulldogs/ -- HTTPSConnectionPool(host='www.zerotackle.com', port=443): Max retries exceeded with url: /nrl/teams/canterbury-bankstown-bulldogs/ (Caused by NameResolutionError("HTTPSConnection(host='www.zerotackle.com', port=443): Failed to resolve 'www.zerotackle.com' ([Errno 8] nodename nor servname provided, or not known)"))
2026-08-26 00:55:58 [WARNING] Failed to fetch Zero Tackle page for Canterbury-Bankstown Bulldogs
2026-08-26 00:55:58 [WARNING] Fetch failed https://www.zerotackle.com/nrl/teams/cronulla-sharks/ -- HTTPSConnectionPool(host='www.zerotackle.com', port=443): Max retries exceeded with url: /nrl/teams/cronulla-sharks/ (Caused by NameResolutionError("HTTPSConnection(host='www.zerotackle.com', port=443): Failed to resolve 'www.zerotackle.com' ([Errno 8] nodename nor servname provided, or not known)"))
2026-08-26 00:55:58 [WARNING] Failed to fetch Zero Tackle page for Cronulla-Sutherland Sharks
2026-08-26 00:55:58 [WARNING] Fetch failed https://www.zerotackle.com/nrl/teams/dolphins/ -- HTTPSConnectionPool(host='www.zerotackle.com', port=443): Max retries exceeded with url: /nrl/teams/dolphins/ (Caused by NameResolutionError("HTTPSConnection(host='www.zerotackle.com', port=443): Failed to resolve 'www.zerotackle.com' ([Errno 8] nodename nor servname provided, or not known)"))
2026-08-26 00:55:58 [WARNING] Failed to fetch Zero Tackle page for Dolphins
2026-08-26 00:55:58 [WARNING] Fetch failed https://www.zerotackle.com/nrl/teams/gold-coast-titans/ -- HTTPSConnectionPool(host='www.zerotackle.com', port=443): Max retries exceeded with url: /nrl/teams/gold-coast-titans/ (Caused by NameResolutionError("HTTPSConnection(host='www.zerotackle.com', port=443): Failed to resolve 'www.zerotackle.com' ([Errno 8] nodename nor servname provided, or not known)"))
2026-08-26 00:55:58 [WARNING] Failed to fetch Zero Tackle page for Gold Coast Titans
2026-08-26 00:55:58 [WARNING] Fetch failed https://www.zerotackle.com/nrl/teams/manly-sea-eagles/ -- HTTPSConnectionPool(host='www.zerotackle.com', port=443): Max retries exceeded with url: /nrl/teams/manly-sea-eagles/ (Caused by NameResolutionError("HTTPSConnection(host='www.zerotackle.com', port=443): Failed to resolve 'www.zerotackle.com' ([Errno 8] nodename nor servname provided, or not known)"))
2026-08-26 00:55:58 [WARNING] Failed to fetch Zero Tackle page for Manly-Warringah Sea Eagles
2026-08-26 00:55:58 [WARNING] Fetch failed https://www.zerotackle.com/nrl/teams/melbourne-storm/ -- HTTPSConnectionPool(host='www.zerotackle.com', port=443): Max retries exceeded with url: /nrl/teams/melbourne-storm/ (Caused by NameResolutionError("HTTPSConnection(host='www.zerotackle.com', port=443): Failed to resolve 'www.zerotackle.com' ([Errno 8] nodename nor servname provided, or not known)"))
2026-08-26 00:55:58 [WARNING] Failed to fetch Zero Tackle page for Melbourne Storm
2026-08-26 00:55:58 [WARNING] Fetch failed https://www.zerotackle.com/nrl/teams/newcastle-knights/ -- HTTPSConnectionPool(host='www.zerotackle.com', port=443): Max retries exceeded with url: /nrl/teams/newcastle-knights/ (Caused by NameResolutionError("HTTPSConnection(host='www.zerotackle.com', port=443): Failed to resolve 'www.zerotackle.com' ([Errno 8] nodename nor servname provided, or not known)"))
2026-08-26 00:55:58 [WARNING] Failed to fetch Zero Tackle page for Newcastle Knights
2026-08-26 00:55:58 [WARNING] Fetch failed https://www.zerotackle.com/nrl/teams/new-zealand-warriors/ -- HTTPSConnectionPool(host='www.zerotackle.com', port=443): Max retries exceeded with url: /nrl/teams/new-zealand-warriors/ (Caused by NameResolutionError("HTTPSConnection(host='www.zerotackle.com', port=443): Failed to resolve 'www.zerotackle.com' ([Errno 8] nodename nor servname provided, or not known)"))
2026-08-26 00:55:58 [WARNING] Failed to fetch Zero Tackle page for New Zealand Warriors
2026-08-26 00:55:58 [WARNING] Fetch failed https://www.zerotackle.com/nrl/teams/north-queensland-cowboys/ -- HTTPSConnectionPool(host='www.zerotackle.com', port=443): Max retries exceeded with url: /nrl/teams/north-queensland-cowboys/ (Caused by NameResolutionError("HTTPSConnection(host='www.zerotackle.com', port=443): Failed to resolve 'www.zerotackle.com' ([Errno 8] nodename nor servname provided, or not known)"))
2026-08-26 00:55:58 [WARNING] Failed to fetch Zero Tackle page for North Queensland Cowboys
2026-08-26 00:55:58 [WARNING] Fetch failed https://www.zerotackle.com/nrl/teams/parramatta-eels/ -- HTTPSConnectionPool(host='www.zerotackle.com', port=443): Max retries exceeded with url: /nrl/teams/parramatta-eels/ (Caused by NameResolutionError("HTTPSConnection(host='www.zerotackle.com', port=443): Failed to resolve 'www.zerotackle.com' ([Errno 8] nodename nor servname provided, or not known)"))
2026-08-26 00:55:58 [WARNING] Failed to fetch Zero Tackle page for Parramatta Eels
2026-08-26 00:55:58 [WARNING] Fetch failed https://www.zerotackle.com/nrl/teams/penrith-panthers/ -- HTTPSConnectionPool(host='www.zerotackle.com', port=443): Max retries exceeded with url: /nrl/teams/penrith-panthers/ (Caused by NameResolutionError("HTTPSConnection(host='www.zerotackle.com', port=443): Failed to resolve 'www.zerotackle.com' ([Errno 8] nodename nor servname provided, or not known)"))
2026-08-26 00:55:58 [WARNING] Failed to fetch Zero Tackle page for Penrith Panthers
2026-08-26 00:55:58 [WARNING] Fetch failed https://www.zerotackle.com/nrl/teams/south-sydney-rabbitohs/ -- HTTPSConnectionPool(host='www.zerotackle.com', port=443): Max retries exceeded with url: /nrl/teams/south-sydney-rabbitohs/ (Caused by NameResolutionError("HTTPSConnection(host='www.zerotackle.com', port=443): Failed to resolve 'www.zerotackle.com' ([Errno 8] nodename nor servname provided, or not known)"))
2026-08-26 00:55:58 [WARNING] Failed to fetch Zero Tackle page for South Sydney Rabbitohs
2026-08-26 00:55:58 [WARNING] Fetch failed https://www.zerotackle.com/nrl/teams/st-george-illawarra-dragons/ -- HTTPSConnectionPool(host='www.zerotackle.com', port=443): Max retries exceeded with url: /nrl/teams/st-george-illawarra-dragons/ (Caused by NameResolutionError("HTTPSConnection(host='www.zerotackle.com', port=443): Failed to resolve 'www.zerotackle.com' ([Errno 8] nodename nor servname provided, or not known)"))
2026-08-26 00:55:58 [WARNING] Failed to fetch Zero Tackle page for St. George Illawarra Dragons
2026-08-26 00:55:58 [WARNING] Fetch failed https://www.zerotackle.com/nrl/teams/sydney-roosters/ -- HTTPSConnectionPool(host='www.zerotackle.com', port=443): Max retries exceeded with url: /nrl/teams/sydney-roosters/ (Caused by NameResolutionError("HTTPSConnection(host='www.zerotackle.com', port=443): Failed to resolve 'www.zerotackle.com' ([Errno 8] nodename nor servname provided, or not known)"))
2026-08-26 00:55:58 [WARNING] Failed to fetch Zero Tackle page for Sydney Roosters
2026-08-26 00:55:58 [WARNING] Fetch failed https://www.zerotackle.com/nrl/teams/wests-tigers/ -- HTTPSConnectionPool(host='www.zerotackle.com', port=443): Max retries exceeded with url: /nrl/teams/wests-tigers/ (Caused by NameResolutionError("HTTPSConnection(host='www.zerotackle.com', port=443): Failed to resolve 'www.zerotackle.com' ([Errno 8] nodename nor servname provided, or not known)"))
2026-08-26 00:55:58 [WARNING] Failed to fetch Zero Tackle page for Wests Tigers
2026-08-26 00:55:58 [INFO] Zero Tackle total: 0 records across 17 teams
2026-08-26 00:55:58 [WARNING] Zero Tackle returned 0 records, retrying in 30s
2026-08-26 00:56:28 [INFO] Attempt 2/3 -- Zero Tackle injuries R26 2026
2026-08-26 00:56:28 [WARNING] Fetch failed https://www.zerotackle.com/nrl/teams/brisbane-broncos/ -- HTTPSConnectionPool(host='www.zerotackle.com', port=443): Max retries exceeded with url: /nrl/teams/brisbane-broncos/ (Caused by NameResolutionError("HTTPSConnection(host='www.zerotackle.com', port=443): Failed to resolve 'www.zerotackle.com' ([Errno 8] nodename nor servname provided, or not known)"))
2026-08-26 00:56:28 [WARNING] Failed to fetch Zero Tackle page for Brisbane Broncos
2026-08-26 00:56:28 [WARNING] Fetch failed https://www.zerotackle.com/nrl/teams/canberra-raiders/ -- HTTPSConnectionPool(host='www.zerotackle.com', port=443): Max retries exceeded with url: /nrl/teams/canberra-raiders/ (Caused by NameResolutionError("HTTPSConnection(host='www.zerotackle.com', port=443): Failed to resolve 'www.zerotackle.com' ([Errno 8] nodename nor servname provided, or not known)"))
2026-08-26 00:56:28 [WARNING] Failed to fetch Zero Tackle page for Canberra Raiders
2026-08-26 00:56:28 [WARNING] Fetch failed https://www.zerotackle.com/nrl/teams/canterbury-bankstown-bulldogs/ -- HTTPSConnectionPool(host='www.zerotackle.com', port=443): Max retries exceeded with url: /nrl/teams/canterbury-bankstown-bulldogs/ (Caused by NameResolutionError("HTTPSConnection(host='www.zerotackle.com', port=443): Failed to resolve 'www.zerotackle.com' ([Errno 8] nodename nor servname provided, or not known)"))
2026-08-26 00:56:28 [WARNING] Failed to fetch Zero Tackle page for Canterbury-Bankstown Bulldogs
2026-08-26 00:56:28 [WARNING] Fetch failed https://www.zerotackle.com/nrl/teams/cronulla-sharks/ -- HTTPSConnectionPool(host='www.zerotackle.com', port=443): Max retries exceeded with url: /nrl/teams/cronulla-sharks/ (Caused by NameResolutionError("HTTPSConnection(host='www.zerotackle.com', port=443): Failed to resolve 'www.zerotackle.com' ([Errno 8] nodename nor servname provided, or not known)"))
2026-08-26 00:56:28 [WARNING] Failed to fetch Zero Tackle page for Cronulla-Sutherland Sharks
2026-08-26 00:56:28 [WARNING] Fetch failed https://www.zerotackle.com/nrl/teams/dolphins/ -- HTTPSConnectionPool(host='www.zerotackle.com', port=443): Max retries exceeded with url: /nrl/teams/dolphins/ (Caused by NameResolutionError("HTTPSConnection(host='www.zerotackle.com', port=443): Failed to resolve 'www.zerotackle.com' ([Errno 8] nodename nor servname provided, or not known)"))
2026-08-26 00:56:28 [WARNING] Failed to fetch Zero Tackle page for Dolphins
2026-08-26 00:56:28 [WARNING] Fetch failed https://www.zerotackle.com/nrl/teams/gold-coast-titans/ -- HTTPSConnectionPool(host='www.zerotackle.com', port=443): Max retries exceeded with url: /nrl/teams/gold-coast-titans/ (Caused by NameResolutionError("HTTPSConnection(host='www.zerotackle.com', port=443): Failed to resolve 'www.zerotackle.com' ([Errno 8] nodename nor servname provided, or not known)"))
2026-08-26 00:56:28 [WARNING] Failed to fetch Zero Tackle page for Gold Coast Titans
2026-08-26 00:56:28 [WARNING] Fetch failed https://www.zerotackle.com/nrl/teams/manly-sea-eagles/ -- HTTPSConnectionPool(host='www.zerotackle.com', port=443): Max retries exceeded with url: /nrl/teams/manly-sea-eagles/ (Caused by NameResolutionError("HTTPSConnection(host='www.zerotackle.com', port=443): Failed to resolve 'www.zerotackle.com' ([Errno 8] nodename nor servname provided, or not known)"))
2026-08-26 00:56:28 [WARNING] Failed to fetch Zero Tackle page for Manly-Warringah Sea Eagles
2026-08-26 00:56:28 [WARNING] Fetch failed https://www.zerotackle.com/nrl/teams/melbourne-storm/ -- HTTPSConnectionPool(host='www.zerotackle.com', port=443): Max retries exceeded with url: /nrl/teams/melbourne-storm/ (Caused by NameResolutionError("HTTPSConnection(host='www.zerotackle.com', port=443): Failed to resolve 'www.zerotackle.com' ([Errno 8] nodename nor servname provided, or not known)"))
2026-08-26 00:56:28 [WARNING] Failed to fetch Zero Tackle page for Melbourne Storm
2026-08-26 00:56:28 [WARNING] Fetch failed https://www.zerotackle.com/nrl/teams/newcastle-knights/ -- HTTPSConnectionPool(host='www.zerotackle.com', port=443): Max retries exceeded with url: /nrl/teams/newcastle-knights/ (Caused by NameResolutionError("HTTPSConnection(host='www.zerotackle.com', port=443): Failed to resolve 'www.zerotackle.com' ([Errno 8] nodename nor servname provided, or not known)"))
2026-08-26 00:56:28 [WARNING] Failed to fetch Zero Tackle page for Newcastle Knights
2026-08-26 00:56:28 [WARNING] Fetch failed https://www.zerotackle.com/nrl/teams/new-zealand-warriors/ -- HTTPSConnectionPool(host='www.zerotackle.com', port=443): Max retries exceeded with url: /nrl/teams/new-zealand-warriors/ (Caused by NameResolutionError("HTTPSConnection(host='www.zerotackle.com', port=443): Failed to resolve 'www.zerotackle.com' ([Errno 8] nodename nor servname provided, or not known)"))
2026-08-26 00:56:28 [WARNING] Failed to fetch Zero Tackle page for New Zealand Warriors
2026-08-26 00:56:28 [WARNING] Fetch failed https://www.zerotackle.com/nrl/teams/north-queensland-cowboys/ -- HTTPSConnectionPool(host='www.zerotackle.com', port=443): Max retries exceeded with url: /nrl/teams/north-queensland-cowboys/ (Caused by NameResolutionError("HTTPSConnection(host='www.zerotackle.com', port=443): Failed to resolve 'www.zerotackle.com' ([Errno 8] nodename nor servname provided, or not known)"))
2026-08-26 00:56:28 [WARNING] Failed to fetch Zero Tackle page for North Queensland Cowboys
2026-08-26 00:56:28 [WARNING] Fetch failed https://www.zerotackle.com/nrl/teams/parramatta-eels/ -- HTTPSConnectionPool(host='www.zerotackle.com', port=443): Max retries exceeded with url: /nrl/teams/parramatta-eels/ (Caused by NameResolutionError("HTTPSConnection(host='www.zerotackle.com', port=443): Failed to resolve 'www.zerotackle.com' ([Errno 8] nodename nor servname provided, or not known)"))
2026-08-26 00:56:28 [WARNING] Failed to fetch Zero Tackle page for Parramatta Eels
2026-08-26 00:56:28 [WARNING] Fetch failed https://www.zerotackle.com/nrl/teams/penrith-panthers/ -- HTTPSConnectionPool(host='www.zerotackle.com', port=443): Max retries exceeded with url: /nrl/teams/penrith-panthers/ (Caused by NameResolutionError("HTTPSConnection(host='www.zerotackle.com', port=443): Failed to resolve 'www.zerotackle.com' ([Errno 8] nodename nor servname provided, or not known)"))
2026-08-26 00:56:28 [WARNING] Failed to fetch Zero Tackle page for Penrith Panthers
2026-08-26 00:56:28 [WARNING] Fetch failed https://www.zerotackle.com/nrl/teams/south-sydney-rabbitohs/ -- HTTPSConnectionPool(host='www.zerotackle.com', port=443): Max retries exceeded with url: /nrl/teams/south-sydney-rabbitohs/ (Caused by NameResolutionError("HTTPSConnection(host='www.zerotackle.com', port=443): Failed to resolve 'www.zerotackle.com' ([Errno 8] nodename nor servname provided, or not known)"))
2026-08-26 00:56:28 [WARNING] Failed to fetch Zero Tackle page for South Sydney Rabbitohs
2026-08-26 00:56:28 [WARNING] Fetch failed https://www.zerotackle.com/nrl/teams/st-george-illawarra-dragons/ -- HTTPSConnectionPool(host='www.zerotackle.com', port=443): Max retries exceeded with url: /nrl/teams/st-george-illawarra-dragons/ (Caused by NameResolutionError("HTTPSConnection(host='www.zerotackle.com', port=443): Failed to resolve 'www.zerotackle.com' ([Errno 8] nodename nor servname provided, or not known)"))
2026-08-26 00:56:28 [WARNING] Failed to fetch Zero Tackle page for St. George Illawarra Dragons
2026-08-26 00:56:28 [WARNING] Fetch failed https://www.zerotackle.com/nrl/teams/sydney-roosters/ -- HTTPSConnectionPool(host='www.zerotackle.com', port=443): Max retries exceeded with url: /nrl/teams/sydney-roosters/ (Caused by NameResolutionError("HTTPSConnection(host='www.zerotackle.com', port=443): Failed to resolve 'www.zerotackle.com' ([Errno 8] nodename nor servname provided, or not known)"))
2026-08-26 00:56:28 [WARNING] Failed to fetch Zero Tackle page for Sydney Roosters
2026-08-26 00:56:28 [WARNING] Fetch failed https://www.zerotackle.com/nrl/teams/wests-tigers/ -- HTTPSConnectionPool(host='www.zerotackle.com', port=443): Max retries exceeded with url: /nrl/teams/wests-tigers/ (Caused by NameResolutionError("HTTPSConnection(host='www.zerotackle.com', port=443): Failed to resolve 'www.zerotackle.com' ([Errno 8] nodename nor servname provided, or not known)"))
2026-08-26 00:56:28 [WARNING] Failed to fetch Zero Tackle page for Wests Tigers
2026-08-26 00:56:28 [INFO] Zero Tackle total: 0 records across 17 teams
2026-08-26 00:56:28 [WARNING] Zero Tackle returned 0 records, retrying in 30s
2026-08-26 00:56:58 [INFO] Attempt 3/3 -- Zero Tackle injuries R26 2026
2026-08-26 00:56:58 [WARNING] Fetch failed https://www.zerotackle.com/nrl/teams/brisbane-broncos/ -- HTTPSConnectionPool(host='www.zerotackle.com', port=443): Max retries exceeded with url: /nrl/teams/brisbane-broncos/ (Caused by NameResolutionError("HTTPSConnection(host='www.zerotackle.com', port=443): Failed to resolve 'www.zerotackle.com' ([Errno 8] nodename nor servname provided, or not known)"))
2026-08-26 00:56:58 [WARNING] Failed to fetch Zero Tackle page for Brisbane Broncos
2026-08-26 00:56:58 [WARNING] Fetch failed https://www.zerotackle.com/nrl/teams/canberra-raiders/ -- HTTPSConnectionPool(host='www.zerotackle.com', port=443): Max retries exceeded with url: /nrl/teams/canberra-raiders/ (Caused by NameResolutionError("HTTPSConnection(host='www.zerotackle.com', port=443): Failed to resolve 'www.zerotackle.com' ([Errno 8] nodename nor servname provided, or not known)"))
2026-08-26 00:56:58 [WARNING] Failed to fetch Zero Tackle page for Canberra Raiders
2026-08-26 00:56:58 [WARNING] Fetch failed https://www.zerotackle.com/nrl/teams/canterbury-bankstown-bulldogs/ -- HTTPSConnectionPool(host='www.zerotackle.com', port=443): Max retries exceeded with url: /nrl/teams/canterbury-bankstown-bulldogs/ (Caused by NameResolutionError("HTTPSConnection(host='www.zerotackle.com', port=443): Failed to resolve 'www.zerotackle.com' ([Errno 8] nodename nor servname provided, or not known)"))
2026-08-26 00:56:58 [WARNING] Failed to fetch Zero Tackle page for Canterbury-Bankstown Bulldogs
2026-08-26 00:56:58 [WARNING] Fetch failed https://www.zerotackle.com/nrl/teams/cronulla-sharks/ -- HTTPSConnectionPool(host='www.zerotackle.com', port=443): Max retries exceeded with url: /nrl/teams/cronulla-sharks/ (Caused by NameResolutionError("HTTPSConnection(host='www.zerotackle.com', port=443): Failed to resolve 'www.zerotackle.com' ([Errno 8] nodename nor servname provided, or not known)"))
2026-08-26 00:56:58 [WARNING] Failed to fetch Zero Tackle page for Cronulla-Sutherland Sharks
2026-08-26 00:56:58 [WARNING] Fetch failed https://www.zerotackle.com/nrl/teams/dolphins/ -- HTTPSConnectionPool(host='www.zerotackle.com', port=443): Max retries exceeded with url: /nrl/teams/dolphins/ (Caused by NameResolutionError("HTTPSConnection(host='www.zerotackle.com', port=443): Failed to resolve 'www.zerotackle.com' ([Errno 8] nodename nor servname provided, or not known)"))
2026-08-26 00:56:58 [WARNING] Failed to fetch Zero Tackle page for Dolphins
2026-08-26 00:56:58 [WARNING] Fetch failed https://www.zerotackle.com/nrl/teams/gold-coast-titans/ -- HTTPSConnectionPool(host='www.zerotackle.com', port=443): Max retries exceeded with url: /nrl/teams/gold-coast-titans/ (Caused by NameResolutionError("HTTPSConnection(host='www.zerotackle.com', port=443): Failed to resolve 'www.zerotackle.com' ([Errno 8] nodename nor servname provided, or not known)"))
2026-08-26 00:56:58 [WARNING] Failed to fetch Zero Tackle page for Gold Coast Titans
2026-08-26 00:56:58 [WARNING] Fetch failed https://www.zerotackle.com/nrl/teams/manly-sea-eagles/ -- HTTPSConnectionPool(host='www.zerotackle.com', port=443): Max retries exceeded with url: /nrl/teams/manly-sea-eagles/ (Caused by NameResolutionError("HTTPSConnection(host='www.zerotackle.com', port=443): Failed to resolve 'www.zerotackle.com' ([Errno 8] nodename nor servname provided, or not known)"))
2026-08-26 00:56:58 [WARNING] Failed to fetch Zero Tackle page for Manly-Warringah Sea Eagles
2026-08-26 00:56:58 [WARNING] Fetch failed https://www.zerotackle.com/nrl/teams/melbourne-storm/ -- HTTPSConnectionPool(host='www.zerotackle.com', port=443): Max retries exceeded with url: /nrl/teams/melbourne-storm/ (Caused by NameResolutionError("HTTPSConnection(host='www.zerotackle.com', port=443): Failed to resolve 'www.zerotackle.com' ([Errno 8] nodename nor servname provided, or not known)"))
2026-08-26 00:56:58 [WARNING] Failed to fetch Zero Tackle page for Melbourne Storm
2026-08-26 00:56:58 [WARNING] Fetch failed https://www.zerotackle.com/nrl/teams/newcastle-knights/ -- HTTPSConnectionPool(host='www.zerotackle.com', port=443): Max retries exceeded with url: /nrl/teams/newcastle-knights/ (Caused by NameResolutionError("HTTPSConnection(host='www.zerotackle.com', port=443): Failed to resolve 'www.zerotackle.com' ([Errno 8] nodename nor servname provided, or not known)"))
2026-08-26 00:56:58 [WARNING] Failed to fetch Zero Tackle page for Newcastle Knights
2026-08-26 00:56:58 [WARNING] Fetch failed https://www.zerotackle.com/nrl/teams/new-zealand-warriors/ -- HTTPSConnectionPool(host='www.zerotackle.com', port=443): Max retries exceeded with url: /nrl/teams/new-zealand-warriors/ (Caused by NameResolutionError("HTTPSConnection(host='www.zerotackle.com', port=443): Failed to resolve 'www.zerotackle.com' ([Errno 8] nodename nor servname provided, or not known)"))
2026-08-26 00:56:58 [WARNING] Failed to fetch Zero Tackle page for New Zealand Warriors
2026-08-26 00:56:58 [WARNING] Fetch failed https://www.zerotackle.com/nrl/teams/north-queensland-cowboys/ -- HTTPSConnectionPool(host='www.zerotackle.com', port=443): Max retries exceeded with url: /nrl/teams/north-queensland-cowboys/ (Caused by NameResolutionError("HTTPSConnection(host='www.zerotackle.com', port=443): Failed to resolve 'www.zerotackle.com' ([Errno 8] nodename nor servname provided, or not known)"))
2026-08-26 00:56:58 [WARNING] Failed to fetch Zero Tackle page for North Queensland Cowboys
2026-08-26 00:56:58 [WARNING] Fetch failed https://www.zerotackle.com/nrl/teams/parramatta-eels/ -- HTTPSConnectionPool(host='www.zerotackle.com', port=443): Max retries exceeded with url: /nrl/teams/parramatta-eels/ (Caused by NameResolutionError("HTTPSConnection(host='www.zerotackle.com', port=443): Failed to resolve 'www.zerotackle.com' ([Errno 8] nodename nor servname provided, or not known)"))
2026-08-26 00:56:58 [WARNING] Failed to fetch Zero Tackle page for Parramatta Eels
2026-08-26 00:56:58 [WARNING] Fetch failed https://www.zerotackle.com/nrl/teams/penrith-panthers/ -- HTTPSConnectionPool(host='www.zerotackle.com', port=443): Max retries exceeded with url: /nrl/teams/penrith-panthers/ (Caused by NameResolutionError("HTTPSConnection(host='www.zerotackle.com', port=443): Failed to resolve 'www.zerotackle.com' ([Errno 8] nodename nor servname provided, or not known)"))
2026-08-26 00:56:58 [WARNING] Failed to fetch Zero Tackle page for Penrith Panthers
2026-08-26 00:56:58 [WARNING] Fetch failed https://www.zerotackle.com/nrl/teams/south-sydney-rabbitohs/ -- HTTPSConnectionPool(host='www.zerotackle.com', port=443): Max retries exceeded with url: /nrl/teams/south-sydney-rabbitohs/ (Caused by NameResolutionError("HTTPSConnection(host='www.zerotackle.com', port=443): Failed to resolve 'www.zerotackle.com' ([Errno 8] nodename nor servname provided, or not known)"))
2026-08-26 00:56:58 [WARNING] Failed to fetch Zero Tackle page for South Sydney Rabbitohs
2026-08-26 00:56:58 [WARNING] Fetch failed https://www.zerotackle.com/nrl/teams/st-george-illawarra-dragons/ -- HTTPSConnectionPool(host='www.zerotackle.com', port=443): Max retries exceeded with url: /nrl/teams/st-george-illawarra-dragons/ (Caused by NameResolutionError("HTTPSConnection(host='www.zerotackle.com', port=443): Failed to resolve 'www.zerotackle.com' ([Errno 8] nodename nor servname provided, or not known)"))
2026-08-26 00:56:58 [WARNING] Failed to fetch Zero Tackle page for St. George Illawarra Dragons
2026-08-26 00:56:58 [WARNING] Fetch failed https://www.zerotackle.com/nrl/teams/sydney-roosters/ -- HTTPSConnectionPool(host='www.zerotackle.com', port=443): Max retries exceeded with url: /nrl/teams/sydney-roosters/ (Caused by NameResolutionError("HTTPSConnection(host='www.zerotackle.com', port=443): Failed to resolve 'www.zerotackle.com' ([Errno 8] nodename nor servname provided, or not known)"))
2026-08-26 00:56:58 [WARNING] Failed to fetch Zero Tackle page for Sydney Roosters
2026-08-26 00:56:58 [WARNING] Fetch failed https://www.zerotackle.com/nrl/teams/wests-tigers/ -- HTTPSConnectionPool(host='www.zerotackle.com', port=443): Max retries exceeded with url: /nrl/teams/wests-tigers/ (Caused by NameResolutionError("HTTPSConnection(host='www.zerotackle.com', port=443): Failed to resolve 'www.zerotackle.com' ([Errno 8] nodename nor servname provided, or not known)"))
2026-08-26 00:56:58 [WARNING] Failed to fetch Zero Tackle page for Wests Tigers
2026-08-26 00:56:58 [INFO] Zero Tackle total: 0 records across 17 teams
2026-08-26 00:56:58 [ERROR] All attempts exhausted -- no injury data
[2026-08-26T00:56:58] NRL team news
Written /Users/elliotbladen/BetMate/data/nrl/team-news/latest.json
  Round 26 | Teams: 17 | Injuries: 83 | Suspensions preserved: 0
[2026-08-26T00:56:58] NRL market-moving news
2026-08-26 00:56:58 [INFO] Targeting season=2026 round=26
2026-08-26 00:56:58 [WARNING] Fetch failed NRL Casualty Ward                https://www.nrl.com/news/2026/01/01/nrl-casualty-ward-how-your-club-is-shaping-heading-into-2026/ -- HTTPSConnectionPool(host='www.nrl.com', port=443): Max retries exceeded with url: /news/2026/01/01/nrl-casualty-ward-how-your-club-is-shaping-heading-into-2026/ (Caused by NameResolutionError("HTTPSConnection(host='www.nrl.com', port=443): Failed to resolve 'www.nrl.com' ([Errno 8] nodename nor servname provided, or not known)"))
2026-08-26 00:56:58 [WARNING] Fetch failed NRL Judiciary Report             https://www.nrl.com/news/2026/01/01/nrl-judiciary-report-2026/ -- HTTPSConnectionPool(host='www.nrl.com', port=443): Max retries exceeded with url: /news/2026/01/01/nrl-judiciary-report-2026/ (Caused by NameResolutionError("HTTPSConnection(host='www.nrl.com', port=443): Failed to resolve 'www.nrl.com' ([Errno 8] nodename nor servname provided, or not known)"))
2026-08-26 00:56:58 [WARNING] Fetch failed NRL News                         https://www.nrl.com/news/ -- HTTPSConnectionPool(host='www.nrl.com', port=443): Max retries exceeded with url: /news/ (Caused by NameResolutionError("HTTPSConnection(host='www.nrl.com', port=443): Failed to resolve 'www.nrl.com' ([Errno 8] nodename nor servname provided, or not known)"))
2026-08-26 00:56:58 [WARNING] Fetch failed Brisbane Broncos News            https://www.broncos.com.au/news/ -- HTTPSConnectionPool(host='www.broncos.com.au', port=443): Max retries exceeded with url: /news/ (Caused by NameResolutionError("HTTPSConnection(host='www.broncos.com.au', port=443): Failed to resolve 'www.broncos.com.au' ([Errno 8] nodename nor servname provided, or not known)"))
2026-08-26 00:56:58 [WARNING] Fetch failed Canterbury-Bankstown Bulldogs News https://www.bulldogs.com.au/news/ -- HTTPSConnectionPool(host='www.bulldogs.com.au', port=443): Max retries exceeded with url: /news/ (Caused by NameResolutionError("HTTPSConnection(host='www.bulldogs.com.au', port=443): Failed to resolve 'www.bulldogs.com.au' ([Errno 8] nodename nor servname provided, or not known)"))
2026-08-26 00:56:58 [WARNING] Fetch failed Canberra Raiders News            https://www.raiders.com.au/news/ -- HTTPSConnectionPool(host='www.raiders.com.au', port=443): Max retries exceeded with url: /news/ (Caused by NameResolutionError("HTTPSConnection(host='www.raiders.com.au', port=443): Failed to resolve 'www.raiders.com.au' ([Errno 8] nodename nor servname provided, or not known)"))
2026-08-26 00:56:58 [WARNING] Fetch failed Cronulla-Sutherland Sharks News  https://www.sharks.com.au/news/ -- HTTPSConnectionPool(host='www.sharks.com.au', port=443): Max retries exceeded with url: /news/ (Caused by NameResolutionError("HTTPSConnection(host='www.sharks.com.au', port=443): Failed to resolve 'www.sharks.com.au' ([Errno 8] nodename nor servname provided, or not known)"))
2026-08-26 00:56:58 [WARNING] Fetch failed Dolphins News                    https://www.dolphinsnrl.com.au/news/ -- HTTPSConnectionPool(host='www.dolphinsnrl.com.au', port=443): Max retries exceeded with url: /news/ (Caused by NameResolutionError("HTTPSConnection(host='www.dolphinsnrl.com.au', port=443): Failed to resolve 'www.dolphinsnrl.com.au' ([Errno 8] nodename nor servname provided, or not known)"))
2026-08-26 00:56:58 [WARNING] Fetch failed Gold Coast Titans News           https://www.titans.com.au/news/ -- HTTPSConnectionPool(host='www.titans.com.au', port=443): Max retries exceeded with url: /news/ (Caused by NameResolutionError("HTTPSConnection(host='www.titans.com.au', port=443): Failed to resolve 'www.titans.com.au' ([Errno 8] nodename nor servname provided, or not known)"))
2026-08-26 00:56:58 [WARNING] Fetch failed Manly-Warringah Sea Eagles News  https://www.seaeagles.com.au/news/ -- HTTPSConnectionPool(host='www.seaeagles.com.au', port=443): Max retries exceeded with url: /news/ (Caused by NameResolutionError("HTTPSConnection(host='www.seaeagles.com.au', port=443): Failed to resolve 'www.seaeagles.com.au' ([Errno 8] nodename nor servname provided, or not known)"))
2026-08-26 00:56:58 [WARNING] Fetch failed Melbourne Storm News             https://www.melbournestorm.com.au/news/ -- HTTPSConnectionPool(host='www.melbournestorm.com.au', port=443): Max retries exceeded with url: /news/ (Caused by NameResolutionError("HTTPSConnection(host='www.melbournestorm.com.au', port=443): Failed to resolve 'www.melbournestorm.com.au' ([Errno 8] nodename nor servname provided, or not known)"))
2026-08-26 00:56:58 [WARNING] Fetch failed Newcastle Knights News           https://www.newcastleknights.com.au/news/ -- HTTPSConnectionPool(host='www.newcastleknights.com.au', port=443): Max retries exceeded with url: /news/ (Caused by NameResolutionError("HTTPSConnection(host='www.newcastleknights.com.au', port=443): Failed to resolve 'www.newcastleknights.com.au' ([Errno 8] nodename nor servname provided, or not known)"))
2026-08-26 00:56:58 [WARNING] Fetch failed New Zealand Warriors News        https://www.warriors.kiwi/news/ -- HTTPSConnectionPool(host='www.warriors.kiwi', port=443): Max retries exceeded with url: /news/ (Caused by NameResolutionError("HTTPSConnection(host='www.warriors.kiwi', port=443): Failed to resolve 'www.warriors.kiwi' ([Errno 8] nodename nor servname provided, or not known)"))
2026-08-26 00:56:58 [WARNING] Fetch failed North Queensland Cowboys News    https://www.cowboys.com.au/news/ -- HTTPSConnectionPool(host='www.cowboys.com.au', port=443): Max retries exceeded with url: /news/ (Caused by NameResolutionError("HTTPSConnection(host='www.cowboys.com.au', port=443): Failed to resolve 'www.cowboys.com.au' ([Errno 8] nodename nor servname provided, or not known)"))
2026-08-26 00:56:58 [WARNING] Fetch failed Parramatta Eels News             https://www.parraeels.com.au/news/ -- HTTPSConnectionPool(host='www.parraeels.com.au', port=443): Max retries exceeded with url: /news/ (Caused by NameResolutionError("HTTPSConnection(host='www.parraeels.com.au', port=443): Failed to resolve 'www.parraeels.com.au' ([Errno 8] nodename nor servname provided, or not known)"))
2026-08-26 00:56:58 [WARNING] Fetch failed Penrith Panthers News            https://www.penrithpanthers.com.au/news/ -- HTTPSConnectionPool(host='www.penrithpanthers.com.au', port=443): Max retries exceeded with url: /news/ (Caused by NameResolutionError("HTTPSConnection(host='www.penrithpanthers.com.au', port=443): Failed to resolve 'www.penrithpanthers.com.au' ([Errno 8] nodename nor servname provided, or not known)"))
2026-08-26 00:56:58 [WARNING] Fetch failed South Sydney Rabbitohs News      https://www.rabbitohs.com.au/news/ -- HTTPSConnectionPool(host='www.rabbitohs.com.au', port=443): Max retries exceeded with url: /news/ (Caused by NameResolutionError("HTTPSConnection(host='www.rabbitohs.com.au', port=443): Failed to resolve 'www.rabbitohs.com.au' ([Errno 8] nodename nor servname provided, or not known)"))
2026-08-26 00:56:58 [WARNING] Fetch failed St. George Illawarra Dragons News https://www.dragons.com.au/news/ -- HTTPSConnectionPool(host='www.dragons.com.au', port=443): Max retries exceeded with url: /news/ (Caused by NameResolutionError("HTTPSConnection(host='www.dragons.com.au', port=443): Failed to resolve 'www.dragons.com.au' ([Errno 8] nodename nor servname provided, or not known)"))
2026-08-26 00:56:58 [WARNING] Fetch failed Sydney Roosters News             https://www.roosters.com.au/news/ -- HTTPSConnectionPool(host='www.roosters.com.au', port=443): Max retries exceeded with url: /news/ (Caused by NameResolutionError("HTTPSConnection(host='www.roosters.com.au', port=443): Failed to resolve 'www.roosters.com.au' ([Errno 8] nodename nor servname provided, or not known)"))
2026-08-26 00:56:58 [WARNING] Fetch failed Wests Tigers News                https://www.weststigers.com.au/news/ -- HTTPSConnectionPool(host='www.weststigers.com.au', port=443): Max retries exceeded with url: /news/ (Caused by NameResolutionError("HTTPSConnection(host='www.weststigers.com.au', port=443): Failed to resolve 'www.weststigers.com.au' ([Errno 8] nodename nor servname provided, or not known)"))
2026-08-26 00:56:58 [INFO] Wrote 0 flags
2026-08-26 00:56:58 [INFO] JSON: /Users/elliotbladen/BetMate/data/nrl/news_flags/processed/2026/2026-08-26.json
2026-08-26 00:56:58 [INFO] CSV:  /Users/elliotbladen/BetMate/data/nrl/news_flags/processed/2026/2026-08-26.csv
2026-08-26 00:56:58 [INFO] News flags complete -- 0 total, 0 HIGH
[2026-08-26T00:56:58] AFL injuries
2026-08-26 00:56:59 [INFO] Targeting season=2026 round=23
2026-08-26 00:56:59 [INFO] Attempt 1/3 -- AFL injuries R23 2026
2026-08-26 00:56:59 [WARNING] Fetch failed https://www.footywire.com/afl/footy/injury_list -- HTTPSConnectionPool(host='www.footywire.com', port=443): Max retries exceeded with url: /afl/footy/injury_list (Caused by NameResolutionError("HTTPSConnection(host='www.footywire.com', port=443): Failed to resolve 'www.footywire.com' ([Errno 8] nodename nor servname provided, or not known)"))
2026-08-26 00:56:59 [WARNING] Fetch failed, retrying in 30s
2026-08-26 00:57:29 [INFO] Attempt 2/3 -- AFL injuries R23 2026
2026-08-26 00:57:29 [WARNING] Fetch failed https://www.footywire.com/afl/footy/injury_list -- HTTPSConnectionPool(host='www.footywire.com', port=443): Max retries exceeded with url: /afl/footy/injury_list (Caused by NameResolutionError("HTTPSConnection(host='www.footywire.com', port=443): Failed to resolve 'www.footywire.com' ([Errno 8] nodename nor servname provided, or not known)"))
2026-08-26 00:57:29 [WARNING] Fetch failed, retrying in 30s
2026-08-26 00:57:59 [INFO] Attempt 3/3 -- AFL injuries R23 2026
2026-08-26 00:57:59 [WARNING] Fetch failed https://www.footywire.com/afl/footy/injury_list -- HTTPSConnectionPool(host='www.footywire.com', port=443): Max retries exceeded with url: /afl/footy/injury_list (Caused by NameResolutionError("HTTPSConnection(host='www.footywire.com', port=443): Failed to resolve 'www.footywire.com' ([Errno 8] nodename nor servname provided, or not known)"))
2026-08-26 00:57:59 [ERROR] All attempts exhausted -- no AFL injury data
[2026-08-26T00:57:59] Market event log
Wrote 747 events -> /Users/elliotbladen/BetMate/data/market_events/2026_events.csv
  injury: 747
AFL injury refresh pinned to prepared round 23
[2026-08-26T01:57:59] NRL injuries
2026-08-26 01:58:00 [INFO] Targeting season=2026 round=26
2026-08-26 01:58:00 [INFO] Attempt 1/3 -- Zero Tackle injuries R26 2026
2026-08-26 01:58:00 [WARNING] Fetch failed https://www.zerotackle.com/nrl/teams/brisbane-broncos/ -- HTTPSConnectionPool(host='www.zerotackle.com', port=443): Max retries exceeded with url: /nrl/teams/brisbane-broncos/ (Caused by NameResolutionError("HTTPSConnection(host='www.zerotackle.com', port=443): Failed to resolve 'www.zerotackle.com' ([Errno 8] nodename nor servname provided, or not known)"))
2026-08-26 01:58:00 [WARNING] Failed to fetch Zero Tackle page for Brisbane Broncos
2026-08-26 01:58:00 [WARNING] Fetch failed https://www.zerotackle.com/nrl/teams/canberra-raiders/ -- HTTPSConnectionPool(host='www.zerotackle.com', port=443): Max retries exceeded with url: /nrl/teams/canberra-raiders/ (Caused by NameResolutionError("HTTPSConnection(host='www.zerotackle.com', port=443): Failed to resolve 'www.zerotackle.com' ([Errno 8] nodename nor servname provided, or not known)"))
2026-08-26 01:58:00 [WARNING] Failed to fetch Zero Tackle page for Canberra Raiders
2026-08-26 01:58:00 [WARNING] Fetch failed https://www.zerotackle.com/nrl/teams/canterbury-bankstown-bulldogs/ -- HTTPSConnectionPool(host='www.zerotackle.com', port=443): Max retries exceeded with url: /nrl/teams/canterbury-bankstown-bulldogs/ (Caused by NameResolutionError("HTTPSConnection(host='www.zerotackle.com', port=443): Failed to resolve 'www.zerotackle.com' ([Errno 8] nodename nor servname provided, or not known)"))
2026-08-26 01:58:00 [WARNING] Failed to fetch Zero Tackle page for Canterbury-Bankstown Bulldogs
2026-08-26 01:58:00 [WARNING] Fetch failed https://www.zerotackle.com/nrl/teams/cronulla-sharks/ -- HTTPSConnectionPool(host='www.zerotackle.com', port=443): Max retries exceeded with url: /nrl/teams/cronulla-sharks/ (Caused by NameResolutionError("HTTPSConnection(host='www.zerotackle.com', port=443): Failed to resolve 'www.zerotackle.com' ([Errno 8] nodename nor servname provided, or not known)"))
2026-08-26 01:58:00 [WARNING] Failed to fetch Zero Tackle page for Cronulla-Sutherland Sharks
2026-08-26 01:58:00 [WARNING] Fetch failed https://www.zerotackle.com/nrl/teams/dolphins/ -- HTTPSConnectionPool(host='www.zerotackle.com', port=443): Max retries exceeded with url: /nrl/teams/dolphins/ (Caused by NameResolutionError("HTTPSConnection(host='www.zerotackle.com', port=443): Failed to resolve 'www.zerotackle.com' ([Errno 8] nodename nor servname provided, or not known)"))
2026-08-26 01:58:00 [WARNING] Failed to fetch Zero Tackle page for Dolphins
2026-08-26 01:58:00 [WARNING] Fetch failed https://www.zerotackle.com/nrl/teams/gold-coast-titans/ -- HTTPSConnectionPool(host='www.zerotackle.com', port=443): Max retries exceeded with url: /nrl/teams/gold-coast-titans/ (Caused by NameResolutionError("HTTPSConnection(host='www.zerotackle.com', port=443): Failed to resolve 'www.zerotackle.com' ([Errno 8] nodename nor servname provided, or not known)"))
2026-08-26 01:58:00 [WARNING] Failed to fetch Zero Tackle page for Gold Coast Titans
2026-08-26 01:58:00 [WARNING] Fetch failed https://www.zerotackle.com/nrl/teams/manly-sea-eagles/ -- HTTPSConnectionPool(host='www.zerotackle.com', port=443): Max retries exceeded with url: /nrl/teams/manly-sea-eagles/ (Caused by NameResolutionError("HTTPSConnection(host='www.zerotackle.com', port=443): Failed to resolve 'www.zerotackle.com' ([Errno 8] nodename nor servname provided, or not known)"))
2026-08-26 01:58:00 [WARNING] Failed to fetch Zero Tackle page for Manly-Warringah Sea Eagles
2026-08-26 01:58:00 [WARNING] Fetch failed https://www.zerotackle.com/nrl/teams/melbourne-storm/ -- HTTPSConnectionPool(host='www.zerotackle.com', port=443): Max retries exceeded with url: /nrl/teams/melbourne-storm/ (Caused by NameResolutionError("HTTPSConnection(host='www.zerotackle.com', port=443): Failed to resolve 'www.zerotackle.com' ([Errno 8] nodename nor servname provided, or not known)"))
2026-08-26 01:58:00 [WARNING] Failed to fetch Zero Tackle page for Melbourne Storm
2026-08-26 01:58:00 [WARNING] Fetch failed https://www.zerotackle.com/nrl/teams/newcastle-knights/ -- HTTPSConnectionPool(host='www.zerotackle.com', port=443): Max retries exceeded with url: /nrl/teams/newcastle-knights/ (Caused by NameResolutionError("HTTPSConnection(host='www.zerotackle.com', port=443): Failed to resolve 'www.zerotackle.com' ([Errno 8] nodename nor servname provided, or not known)"))
2026-08-26 01:58:00 [WARNING] Failed to fetch Zero Tackle page for Newcastle Knights
2026-08-26 01:58:00 [WARNING] Fetch failed https://www.zerotackle.com/nrl/teams/new-zealand-warriors/ -- HTTPSConnectionPool(host='www.zerotackle.com', port=443): Max retries exceeded with url: /nrl/teams/new-zealand-warriors/ (Caused by NameResolutionError("HTTPSConnection(host='www.zerotackle.com', port=443): Failed to resolve 'www.zerotackle.com' ([Errno 8] nodename nor servname provided, or not known)"))
2026-08-26 01:58:00 [WARNING] Failed to fetch Zero Tackle page for New Zealand Warriors
2026-08-26 01:58:00 [WARNING] Fetch failed https://www.zerotackle.com/nrl/teams/north-queensland-cowboys/ -- HTTPSConnectionPool(host='www.zerotackle.com', port=443): Max retries exceeded with url: /nrl/teams/north-queensland-cowboys/ (Caused by NameResolutionError("HTTPSConnection(host='www.zerotackle.com', port=443): Failed to resolve 'www.zerotackle.com' ([Errno 8] nodename nor servname provided, or not known)"))
2026-08-26 01:58:00 [WARNING] Failed to fetch Zero Tackle page for North Queensland Cowboys
2026-08-26 01:58:00 [WARNING] Fetch failed https://www.zerotackle.com/nrl/teams/parramatta-eels/ -- HTTPSConnectionPool(host='www.zerotackle.com', port=443): Max retries exceeded with url: /nrl/teams/parramatta-eels/ (Caused by NameResolutionError("HTTPSConnection(host='www.zerotackle.com', port=443): Failed to resolve 'www.zerotackle.com' ([Errno 8] nodename nor servname provided, or not known)"))
2026-08-26 01:58:00 [WARNING] Failed to fetch Zero Tackle page for Parramatta Eels
2026-08-26 01:58:00 [WARNING] Fetch failed https://www.zerotackle.com/nrl/teams/penrith-panthers/ -- HTTPSConnectionPool(host='www.zerotackle.com', port=443): Max retries exceeded with url: /nrl/teams/penrith-panthers/ (Caused by NameResolutionError("HTTPSConnection(host='www.zerotackle.com', port=443): Failed to resolve 'www.zerotackle.com' ([Errno 8] nodename nor servname provided, or not known)"))
2026-08-26 01:58:00 [WARNING] Failed to fetch Zero Tackle page for Penrith Panthers
2026-08-26 01:58:00 [WARNING] Fetch failed https://www.zerotackle.com/nrl/teams/south-sydney-rabbitohs/ -- HTTPSConnectionPool(host='www.zerotackle.com', port=443): Max retries exceeded with url: /nrl/teams/south-sydney-rabbitohs/ (Caused by NameResolutionError("HTTPSConnection(host='www.zerotackle.com', port=443): Failed to resolve 'www.zerotackle.com' ([Errno 8] nodename nor servname provided, or not known)"))
2026-08-26 01:58:00 [WARNING] Failed to fetch Zero Tackle page for South Sydney Rabbitohs
2026-08-26 01:58:00 [WARNING] Fetch failed https://www.zerotackle.com/nrl/teams/st-george-illawarra-dragons/ -- HTTPSConnectionPool(host='www.zerotackle.com', port=443): Max retries exceeded with url: /nrl/teams/st-george-illawarra-dragons/ (Caused by NameResolutionError("HTTPSConnection(host='www.zerotackle.com', port=443): Failed to resolve 'www.zerotackle.com' ([Errno 8] nodename nor servname provided, or not known)"))
2026-08-26 01:58:00 [WARNING] Failed to fetch Zero Tackle page for St. George Illawarra Dragons
2026-08-26 01:58:00 [WARNING] Fetch failed https://www.zerotackle.com/nrl/teams/sydney-roosters/ -- HTTPSConnectionPool(host='www.zerotackle.com', port=443): Max retries exceeded with url: /nrl/teams/sydney-roosters/ (Caused by NameResolutionError("HTTPSConnection(host='www.zerotackle.com', port=443): Failed to resolve 'www.zerotackle.com' ([Errno 8] nodename nor servname provided, or not known)"))
2026-08-26 01:58:00 [WARNING] Failed to fetch Zero Tackle page for Sydney Roosters
2026-08-26 01:58:00 [WARNING] Fetch failed https://www.zerotackle.com/nrl/teams/wests-tigers/ -- HTTPSConnectionPool(host='www.zerotackle.com', port=443): Max retries exceeded with url: /nrl/teams/wests-tigers/ (Caused by NameResolutionError("HTTPSConnection(host='www.zerotackle.com', port=443): Failed to resolve 'www.zerotackle.com' ([Errno 8] nodename nor servname provided, or not known)"))
2026-08-26 01:58:00 [WARNING] Failed to fetch Zero Tackle page for Wests Tigers
2026-08-26 01:58:00 [INFO] Zero Tackle total: 0 records across 17 teams
2026-08-26 01:58:00 [WARNING] Zero Tackle returned 0 records, retrying in 30s
2026-08-26 01:58:30 [INFO] Attempt 2/3 -- Zero Tackle injuries R26 2026
2026-08-26 01:58:30 [WARNING] Fetch failed https://www.zerotackle.com/nrl/teams/brisbane-broncos/ -- HTTPSConnectionPool(host='www.zerotackle.com', port=443): Max retries exceeded with url: /nrl/teams/brisbane-broncos/ (Caused by NameResolutionError("HTTPSConnection(host='www.zerotackle.com', port=443): Failed to resolve 'www.zerotackle.com' ([Errno 8] nodename nor servname provided, or not known)"))
2026-08-26 01:58:30 [WARNING] Failed to fetch Zero Tackle page for Brisbane Broncos
2026-08-26 01:58:30 [WARNING] Fetch failed https://www.zerotackle.com/nrl/teams/canberra-raiders/ -- HTTPSConnectionPool(host='www.zerotackle.com', port=443): Max retries exceeded with url: /nrl/teams/canberra-raiders/ (Caused by NameResolutionError("HTTPSConnection(host='www.zerotackle.com', port=443): Failed to resolve 'www.zerotackle.com' ([Errno 8] nodename nor servname provided, or not known)"))
2026-08-26 01:58:30 [WARNING] Failed to fetch Zero Tackle page for Canberra Raiders
2026-08-26 01:58:30 [WARNING] Fetch failed https://www.zerotackle.com/nrl/teams/canterbury-bankstown-bulldogs/ -- HTTPSConnectionPool(host='www.zerotackle.com', port=443): Max retries exceeded with url: /nrl/teams/canterbury-bankstown-bulldogs/ (Caused by NameResolutionError("HTTPSConnection(host='www.zerotackle.com', port=443): Failed to resolve 'www.zerotackle.com' ([Errno 8] nodename nor servname provided, or not known)"))
2026-08-26 01:58:30 [WARNING] Failed to fetch Zero Tackle page for Canterbury-Bankstown Bulldogs
2026-08-26 01:58:30 [WARNING] Fetch failed https://www.zerotackle.com/nrl/teams/cronulla-sharks/ -- HTTPSConnectionPool(host='www.zerotackle.com', port=443): Max retries exceeded with url: /nrl/teams/cronulla-sharks/ (Caused by NameResolutionError("HTTPSConnection(host='www.zerotackle.com', port=443): Failed to resolve 'www.zerotackle.com' ([Errno 8] nodename nor servname provided, or not known)"))
2026-08-26 01:58:30 [WARNING] Failed to fetch Zero Tackle page for Cronulla-Sutherland Sharks
2026-08-26 01:58:30 [WARNING] Fetch failed https://www.zerotackle.com/nrl/teams/dolphins/ -- HTTPSConnectionPool(host='www.zerotackle.com', port=443): Max retries exceeded with url: /nrl/teams/dolphins/ (Caused by NameResolutionError("HTTPSConnection(host='www.zerotackle.com', port=443): Failed to resolve 'www.zerotackle.com' ([Errno 8] nodename nor servname provided, or not known)"))
2026-08-26 01:58:30 [WARNING] Failed to fetch Zero Tackle page for Dolphins
2026-08-26 01:58:30 [WARNING] Fetch failed https://www.zerotackle.com/nrl/teams/gold-coast-titans/ -- HTTPSConnectionPool(host='www.zerotackle.com', port=443): Max retries exceeded with url: /nrl/teams/gold-coast-titans/ (Caused by NameResolutionError("HTTPSConnection(host='www.zerotackle.com', port=443): Failed to resolve 'www.zerotackle.com' ([Errno 8] nodename nor servname provided, or not known)"))
2026-08-26 01:58:30 [WARNING] Failed to fetch Zero Tackle page for Gold Coast Titans
2026-08-26 01:58:30 [WARNING] Fetch failed https://www.zerotackle.com/nrl/teams/manly-sea-eagles/ -- HTTPSConnectionPool(host='www.zerotackle.com', port=443): Max retries exceeded with url: /nrl/teams/manly-sea-eagles/ (Caused by NameResolutionError("HTTPSConnection(host='www.zerotackle.com', port=443): Failed to resolve 'www.zerotackle.com' ([Errno 8] nodename nor servname provided, or not known)"))
2026-08-26 01:58:30 [WARNING] Failed to fetch Zero Tackle page for Manly-Warringah Sea Eagles
2026-08-26 01:58:30 [WARNING] Fetch failed https://www.zerotackle.com/nrl/teams/melbourne-storm/ -- HTTPSConnectionPool(host='www.zerotackle.com', port=443): Max retries exceeded with url: /nrl/teams/melbourne-storm/ (Caused by NameResolutionError("HTTPSConnection(host='www.zerotackle.com', port=443): Failed to resolve 'www.zerotackle.com' ([Errno 8] nodename nor servname provided, or not known)"))
2026-08-26 01:58:30 [WARNING] Failed to fetch Zero Tackle page for Melbourne Storm
2026-08-26 01:58:30 [WARNING] Fetch failed https://www.zerotackle.com/nrl/teams/newcastle-knights/ -- HTTPSConnectionPool(host='www.zerotackle.com', port=443): Max retries exceeded with url: /nrl/teams/newcastle-knights/ (Caused by NameResolutionError("HTTPSConnection(host='www.zerotackle.com', port=443): Failed to resolve 'www.zerotackle.com' ([Errno 8] nodename nor servname provided, or not known)"))
2026-08-26 01:58:30 [WARNING] Failed to fetch Zero Tackle page for Newcastle Knights
2026-08-26 01:58:30 [WARNING] Fetch failed https://www.zerotackle.com/nrl/teams/new-zealand-warriors/ -- HTTPSConnectionPool(host='www.zerotackle.com', port=443): Max retries exceeded with url: /nrl/teams/new-zealand-warriors/ (Caused by NameResolutionError("HTTPSConnection(host='www.zerotackle.com', port=443): Failed to resolve 'www.zerotackle.com' ([Errno 8] nodename nor servname provided, or not known)"))
2026-08-26 01:58:30 [WARNING] Failed to fetch Zero Tackle page for New Zealand Warriors
2026-08-26 01:58:30 [WARNING] Fetch failed https://www.zerotackle.com/nrl/teams/north-queensland-cowboys/ -- HTTPSConnectionPool(host='www.zerotackle.com', port=443): Max retries exceeded with url: /nrl/teams/north-queensland-cowboys/ (Caused by NameResolutionError("HTTPSConnection(host='www.zerotackle.com', port=443): Failed to resolve 'www.zerotackle.com' ([Errno 8] nodename nor servname provided, or not known)"))
2026-08-26 01:58:30 [WARNING] Failed to fetch Zero Tackle page for North Queensland Cowboys
2026-08-26 01:58:30 [WARNING] Fetch failed https://www.zerotackle.com/nrl/teams/parramatta-eels/ -- HTTPSConnectionPool(host='www.zerotackle.com', port=443): Max retries exceeded with url: /nrl/teams/parramatta-eels/ (Caused by NameResolutionError("HTTPSConnection(host='www.zerotackle.com', port=443): Failed to resolve 'www.zerotackle.com' ([Errno 8] nodename nor servname provided, or not known)"))
2026-08-26 01:58:30 [WARNING] Failed to fetch Zero Tackle page for Parramatta Eels
2026-08-26 01:58:30 [WARNING] Fetch failed https://www.zerotackle.com/nrl/teams/penrith-panthers/ -- HTTPSConnectionPool(host='www.zerotackle.com', port=443): Max retries exceeded with url: /nrl/teams/penrith-panthers/ (Caused by NameResolutionError("HTTPSConnection(host='www.zerotackle.com', port=443): Failed to resolve 'www.zerotackle.com' ([Errno 8] nodename nor servname provided, or not known)"))
2026-08-26 01:58:30 [WARNING] Failed to fetch Zero Tackle page for Penrith Panthers
2026-08-26 01:58:30 [WARNING] Fetch failed https://www.zerotackle.com/nrl/teams/south-sydney-rabbitohs/ -- HTTPSConnectionPool(host='www.zerotackle.com', port=443): Max retries exceeded with url: /nrl/teams/south-sydney-rabbitohs/ (Caused by NameResolutionError("HTTPSConnection(host='www.zerotackle.com', port=443): Failed to resolve 'www.zerotackle.com' ([Errno 8] nodename nor servname provided, or not known)"))
2026-08-26 01:58:30 [WARNING] Failed to fetch Zero Tackle page for South Sydney Rabbitohs
2026-08-26 01:58:30 [WARNING] Fetch failed https://www.zerotackle.com/nrl/teams/st-george-illawarra-dragons/ -- HTTPSConnectionPool(host='www.zerotackle.com', port=443): Max retries exceeded with url: /nrl/teams/st-george-illawarra-dragons/ (Caused by NameResolutionError("HTTPSConnection(host='www.zerotackle.com', port=443): Failed to resolve 'www.zerotackle.com' ([Errno 8] nodename nor servname provided, or not known)"))
2026-08-26 01:58:30 [WARNING] Failed to fetch Zero Tackle page for St. George Illawarra Dragons
2026-08-26 01:58:30 [WARNING] Fetch failed https://www.zerotackle.com/nrl/teams/sydney-roosters/ -- HTTPSConnectionPool(host='www.zerotackle.com', port=443): Max retries exceeded with url: /nrl/teams/sydney-roosters/ (Caused by NameResolutionError("HTTPSConnection(host='www.zerotackle.com', port=443): Failed to resolve 'www.zerotackle.com' ([Errno 8] nodename nor servname provided, or not known)"))
2026-08-26 01:58:30 [WARNING] Failed to fetch Zero Tackle page for Sydney Roosters
2026-08-26 01:58:30 [WARNING] Fetch failed https://www.zerotackle.com/nrl/teams/wests-tigers/ -- HTTPSConnectionPool(host='www.zerotackle.com', port=443): Max retries exceeded with url: /nrl/teams/wests-tigers/ (Caused by NameResolutionError("HTTPSConnection(host='www.zerotackle.com', port=443): Failed to resolve 'www.zerotackle.com' ([Errno 8] nodename nor servname provided, or not known)"))
2026-08-26 01:58:30 [WARNING] Failed to fetch Zero Tackle page for Wests Tigers
2026-08-26 01:58:30 [INFO] Zero Tackle total: 0 records across 17 teams
2026-08-26 01:58:30 [WARNING] Zero Tackle returned 0 records, retrying in 30s
2026-08-26 01:59:00 [INFO] Attempt 3/3 -- Zero Tackle injuries R26 2026
2026-08-26 01:59:00 [WARNING] Fetch failed https://www.zerotackle.com/nrl/teams/brisbane-broncos/ -- HTTPSConnectionPool(host='www.zerotackle.com', port=443): Max retries exceeded with url: /nrl/teams/brisbane-broncos/ (Caused by NameResolutionError("HTTPSConnection(host='www.zerotackle.com', port=443): Failed to resolve 'www.zerotackle.com' ([Errno 8] nodename nor servname provided, or not known)"))
2026-08-26 01:59:00 [WARNING] Failed to fetch Zero Tackle page for Brisbane Broncos
2026-08-26 01:59:00 [WARNING] Fetch failed https://www.zerotackle.com/nrl/teams/canberra-raiders/ -- HTTPSConnectionPool(host='www.zerotackle.com', port=443): Max retries exceeded with url: /nrl/teams/canberra-raiders/ (Caused by NameResolutionError("HTTPSConnection(host='www.zerotackle.com', port=443): Failed to resolve 'www.zerotackle.com' ([Errno 8] nodename nor servname provided, or not known)"))
2026-08-26 01:59:00 [WARNING] Failed to fetch Zero Tackle page for Canberra Raiders
2026-08-26 01:59:00 [WARNING] Fetch failed https://www.zerotackle.com/nrl/teams/canterbury-bankstown-bulldogs/ -- HTTPSConnectionPool(host='www.zerotackle.com', port=443): Max retries exceeded with url: /nrl/teams/canterbury-bankstown-bulldogs/ (Caused by NameResolutionError("HTTPSConnection(host='www.zerotackle.com', port=443): Failed to resolve 'www.zerotackle.com' ([Errno 8] nodename nor servname provided, or not known)"))
2026-08-26 01:59:00 [WARNING] Failed to fetch Zero Tackle page for Canterbury-Bankstown Bulldogs
2026-08-26 01:59:00 [WARNING] Fetch failed https://www.zerotackle.com/nrl/teams/cronulla-sharks/ -- HTTPSConnectionPool(host='www.zerotackle.com', port=443): Max retries exceeded with url: /nrl/teams/cronulla-sharks/ (Caused by NameResolutionError("HTTPSConnection(host='www.zerotackle.com', port=443): Failed to resolve 'www.zerotackle.com' ([Errno 8] nodename nor servname provided, or not known)"))
2026-08-26 01:59:00 [WARNING] Failed to fetch Zero Tackle page for Cronulla-Sutherland Sharks
2026-08-26 01:59:00 [WARNING] Fetch failed https://www.zerotackle.com/nrl/teams/dolphins/ -- HTTPSConnectionPool(host='www.zerotackle.com', port=443): Max retries exceeded with url: /nrl/teams/dolphins/ (Caused by NameResolutionError("HTTPSConnection(host='www.zerotackle.com', port=443): Failed to resolve 'www.zerotackle.com' ([Errno 8] nodename nor servname provided, or not known)"))
2026-08-26 01:59:00 [WARNING] Failed to fetch Zero Tackle page for Dolphins
2026-08-26 01:59:00 [WARNING] Fetch failed https://www.zerotackle.com/nrl/teams/gold-coast-titans/ -- HTTPSConnectionPool(host='www.zerotackle.com', port=443): Max retries exceeded with url: /nrl/teams/gold-coast-titans/ (Caused by NameResolutionError("HTTPSConnection(host='www.zerotackle.com', port=443): Failed to resolve 'www.zerotackle.com' ([Errno 8] nodename nor servname provided, or not known)"))
2026-08-26 01:59:00 [WARNING] Failed to fetch Zero Tackle page for Gold Coast Titans
2026-08-26 01:59:00 [WARNING] Fetch failed https://www.zerotackle.com/nrl/teams/manly-sea-eagles/ -- HTTPSConnectionPool(host='www.zerotackle.com', port=443): Max retries exceeded with url: /nrl/teams/manly-sea-eagles/ (Caused by NameResolutionError("HTTPSConnection(host='www.zerotackle.com', port=443): Failed to resolve 'www.zerotackle.com' ([Errno 8] nodename nor servname provided, or not known)"))
2026-08-26 01:59:00 [WARNING] Failed to fetch Zero Tackle page for Manly-Warringah Sea Eagles
2026-08-26 01:59:00 [WARNING] Fetch failed https://www.zerotackle.com/nrl/teams/melbourne-storm/ -- HTTPSConnectionPool(host='www.zerotackle.com', port=443): Max retries exceeded with url: /nrl/teams/melbourne-storm/ (Caused by NameResolutionError("HTTPSConnection(host='www.zerotackle.com', port=443): Failed to resolve 'www.zerotackle.com' ([Errno 8] nodename nor servname provided, or not known)"))
2026-08-26 01:59:00 [WARNING] Failed to fetch Zero Tackle page for Melbourne Storm
2026-08-26 01:59:00 [WARNING] Fetch failed https://www.zerotackle.com/nrl/teams/newcastle-knights/ -- HTTPSConnectionPool(host='www.zerotackle.com', port=443): Max retries exceeded with url: /nrl/teams/newcastle-knights/ (Caused by NameResolutionError("HTTPSConnection(host='www.zerotackle.com', port=443): Failed to resolve 'www.zerotackle.com' ([Errno 8] nodename nor servname provided, or not known)"))
2026-08-26 01:59:00 [WARNING] Failed to fetch Zero Tackle page for Newcastle Knights
2026-08-26 01:59:00 [WARNING] Fetch failed https://www.zerotackle.com/nrl/teams/new-zealand-warriors/ -- HTTPSConnectionPool(host='www.zerotackle.com', port=443): Max retries exceeded with url: /nrl/teams/new-zealand-warriors/ (Caused by NameResolutionError("HTTPSConnection(host='www.zerotackle.com', port=443): Failed to resolve 'www.zerotackle.com' ([Errno 8] nodename nor servname provided, or not known)"))
2026-08-26 01:59:00 [WARNING] Failed to fetch Zero Tackle page for New Zealand Warriors
2026-08-26 01:59:00 [WARNING] Fetch failed https://www.zerotackle.com/nrl/teams/north-queensland-cowboys/ -- HTTPSConnectionPool(host='www.zerotackle.com', port=443): Max retries exceeded with url: /nrl/teams/north-queensland-cowboys/ (Caused by NameResolutionError("HTTPSConnection(host='www.zerotackle.com', port=443): Failed to resolve 'www.zerotackle.com' ([Errno 8] nodename nor servname provided, or not known)"))
2026-08-26 01:59:00 [WARNING] Failed to fetch Zero Tackle page for North Queensland Cowboys
2026-08-26 01:59:00 [WARNING] Fetch failed https://www.zerotackle.com/nrl/teams/parramatta-eels/ -- HTTPSConnectionPool(host='www.zerotackle.com', port=443): Max retries exceeded with url: /nrl/teams/parramatta-eels/ (Caused by NameResolutionError("HTTPSConnection(host='www.zerotackle.com', port=443): Failed to resolve 'www.zerotackle.com' ([Errno 8] nodename nor servname provided, or not known)"))
2026-08-26 01:59:00 [WARNING] Failed to fetch Zero Tackle page for Parramatta Eels
2026-08-26 01:59:00 [WARNING] Fetch failed https://www.zerotackle.com/nrl/teams/penrith-panthers/ -- HTTPSConnectionPool(host='www.zerotackle.com', port=443): Max retries exceeded with url: /nrl/teams/penrith-panthers/ (Caused by NameResolutionError("HTTPSConnection(host='www.zerotackle.com', port=443): Failed to resolve 'www.zerotackle.com' ([Errno 8] nodename nor servname provided, or not known)"))
2026-08-26 01:59:00 [WARNING] Failed to fetch Zero Tackle page for Penrith Panthers
2026-08-26 01:59:00 [WARNING] Fetch failed https://www.zerotackle.com/nrl/teams/south-sydney-rabbitohs/ -- HTTPSConnectionPool(host='www.zerotackle.com', port=443): Max retries exceeded with url: /nrl/teams/south-sydney-rabbitohs/ (Caused by NameResolutionError("HTTPSConnection(host='www.zerotackle.com', port=443): Failed to resolve 'www.zerotackle.com' ([Errno 8] nodename nor servname provided, or not known)"))
2026-08-26 01:59:00 [WARNING] Failed to fetch Zero Tackle page for South Sydney Rabbitohs
2026-08-26 01:59:00 [WARNING] Fetch failed https://www.zerotackle.com/nrl/teams/st-george-illawarra-dragons/ -- HTTPSConnectionPool(host='www.zerotackle.com', port=443): Max retries exceeded with url: /nrl/teams/st-george-illawarra-dragons/ (Caused by NameResolutionError("HTTPSConnection(host='www.zerotackle.com', port=443): Failed to resolve 'www.zerotackle.com' ([Errno 8] nodename nor servname provided, or not known)"))
2026-08-26 01:59:00 [WARNING] Failed to fetch Zero Tackle page for St. George Illawarra Dragons
2026-08-26 01:59:00 [WARNING] Fetch failed https://www.zerotackle.com/nrl/teams/sydney-roosters/ -- HTTPSConnectionPool(host='www.zerotackle.com', port=443): Max retries exceeded with url: /nrl/teams/sydney-roosters/ (Caused by NameResolutionError("HTTPSConnection(host='www.zerotackle.com', port=443): Failed to resolve 'www.zerotackle.com' ([Errno 8] nodename nor servname provided, or not known)"))
2026-08-26 01:59:00 [WARNING] Failed to fetch Zero Tackle page for Sydney Roosters
2026-08-26 01:59:00 [WARNING] Fetch failed https://www.zerotackle.com/nrl/teams/wests-tigers/ -- HTTPSConnectionPool(host='www.zerotackle.com', port=443): Max retries exceeded with url: /nrl/teams/wests-tigers/ (Caused by NameResolutionError("HTTPSConnection(host='www.zerotackle.com', port=443): Failed to resolve 'www.zerotackle.com' ([Errno 8] nodename nor servname provided, or not known)"))
2026-08-26 01:59:00 [WARNING] Failed to fetch Zero Tackle page for Wests Tigers
2026-08-26 01:59:00 [INFO] Zero Tackle total: 0 records across 17 teams
2026-08-26 01:59:00 [ERROR] All attempts exhausted -- no injury data
[2026-08-26T01:59:00] NRL team news
Written /Users/elliotbladen/BetMate/data/nrl/team-news/latest.json
  Round 26 | Teams: 17 | Injuries: 83 | Suspensions preserved: 0
[2026-08-26T01:59:01] NRL market-moving news
2026-08-26 01:59:01 [INFO] Targeting season=2026 round=26
2026-08-26 01:59:01 [WARNING] Fetch failed NRL Casualty Ward                https://www.nrl.com/news/2026/01/01/nrl-casualty-ward-how-your-club-is-shaping-heading-into-2026/ -- HTTPSConnectionPool(host='www.nrl.com', port=443): Max retries exceeded with url: /news/2026/01/01/nrl-casualty-ward-how-your-club-is-shaping-heading-into-2026/ (Caused by NameResolutionError("HTTPSConnection(host='www.nrl.com', port=443): Failed to resolve 'www.nrl.com' ([Errno 8] nodename nor servname provided, or not known)"))
2026-08-26 01:59:01 [WARNING] Fetch failed NRL Judiciary Report             https://www.nrl.com/news/2026/01/01/nrl-judiciary-report-2026/ -- HTTPSConnectionPool(host='www.nrl.com', port=443): Max retries exceeded with url: /news/2026/01/01/nrl-judiciary-report-2026/ (Caused by NameResolutionError("HTTPSConnection(host='www.nrl.com', port=443): Failed to resolve 'www.nrl.com' ([Errno 8] nodename nor servname provided, or not known)"))
2026-08-26 01:59:01 [WARNING] Fetch failed NRL News                         https://www.nrl.com/news/ -- HTTPSConnectionPool(host='www.nrl.com', port=443): Max retries exceeded with url: /news/ (Caused by NameResolutionError("HTTPSConnection(host='www.nrl.com', port=443): Failed to resolve 'www.nrl.com' ([Errno 8] nodename nor servname provided, or not known)"))
2026-08-26 01:59:01 [WARNING] Fetch failed Brisbane Broncos News            https://www.broncos.com.au/news/ -- HTTPSConnectionPool(host='www.broncos.com.au', port=443): Max retries exceeded with url: /news/ (Caused by NameResolutionError("HTTPSConnection(host='www.broncos.com.au', port=443): Failed to resolve 'www.broncos.com.au' ([Errno 8] nodename nor servname provided, or not known)"))
2026-08-26 01:59:01 [WARNING] Fetch failed Canterbury-Bankstown Bulldogs News https://www.bulldogs.com.au/news/ -- HTTPSConnectionPool(host='www.bulldogs.com.au', port=443): Max retries exceeded with url: /news/ (Caused by NameResolutionError("HTTPSConnection(host='www.bulldogs.com.au', port=443): Failed to resolve 'www.bulldogs.com.au' ([Errno 8] nodename nor servname provided, or not known)"))
2026-08-26 01:59:01 [WARNING] Fetch failed Canberra Raiders News            https://www.raiders.com.au/news/ -- HTTPSConnectionPool(host='www.raiders.com.au', port=443): Max retries exceeded with url: /news/ (Caused by NameResolutionError("HTTPSConnection(host='www.raiders.com.au', port=443): Failed to resolve 'www.raiders.com.au' ([Errno 8] nodename nor servname provided, or not known)"))
2026-08-26 01:59:01 [WARNING] Fetch failed Cronulla-Sutherland Sharks News  https://www.sharks.com.au/news/ -- HTTPSConnectionPool(host='www.sharks.com.au', port=443): Max retries exceeded with url: /news/ (Caused by NameResolutionError("HTTPSConnection(host='www.sharks.com.au', port=443): Failed to resolve 'www.sharks.com.au' ([Errno 8] nodename nor servname provided, or not known)"))
2026-08-26 01:59:01 [WARNING] Fetch failed Dolphins News                    https://www.dolphinsnrl.com.au/news/ -- HTTPSConnectionPool(host='www.dolphinsnrl.com.au', port=443): Max retries exceeded with url: /news/ (Caused by NameResolutionError("HTTPSConnection(host='www.dolphinsnrl.com.au', port=443): Failed to resolve 'www.dolphinsnrl.com.au' ([Errno 8] nodename nor servname provided, or not known)"))
2026-08-26 01:59:01 [WARNING] Fetch failed Gold Coast Titans News           https://www.titans.com.au/news/ -- HTTPSConnectionPool(host='www.titans.com.au', port=443): Max retries exceeded with url: /news/ (Caused by NameResolutionError("HTTPSConnection(host='www.titans.com.au', port=443): Failed to resolve 'www.titans.com.au' ([Errno 8] nodename nor servname provided, or not known)"))
2026-08-26 01:59:01 [WARNING] Fetch failed Manly-Warringah Sea Eagles News  https://www.seaeagles.com.au/news/ -- HTTPSConnectionPool(host='www.seaeagles.com.au', port=443): Max retries exceeded with url: /news/ (Caused by NameResolutionError("HTTPSConnection(host='www.seaeagles.com.au', port=443): Failed to resolve 'www.seaeagles.com.au' ([Errno 8] nodename nor servname provided, or not known)"))
2026-08-26 01:59:01 [WARNING] Fetch failed Melbourne Storm News             https://www.melbournestorm.com.au/news/ -- HTTPSConnectionPool(host='www.melbournestorm.com.au', port=443): Max retries exceeded with url: /news/ (Caused by NameResolutionError("HTTPSConnection(host='www.melbournestorm.com.au', port=443): Failed to resolve 'www.melbournestorm.com.au' ([Errno 8] nodename nor servname provided, or not known)"))
2026-08-26 01:59:01 [WARNING] Fetch failed Newcastle Knights News           https://www.newcastleknights.com.au/news/ -- HTTPSConnectionPool(host='www.newcastleknights.com.au', port=443): Max retries exceeded with url: /news/ (Caused by NameResolutionError("HTTPSConnection(host='www.newcastleknights.com.au', port=443): Failed to resolve 'www.newcastleknights.com.au' ([Errno 8] nodename nor servname provided, or not known)"))
2026-08-26 01:59:01 [WARNING] Fetch failed New Zealand Warriors News        https://www.warriors.kiwi/news/ -- HTTPSConnectionPool(host='www.warriors.kiwi', port=443): Max retries exceeded with url: /news/ (Caused by NameResolutionError("HTTPSConnection(host='www.warriors.kiwi', port=443): Failed to resolve 'www.warriors.kiwi' ([Errno 8] nodename nor servname provided, or not known)"))
2026-08-26 01:59:01 [WARNING] Fetch failed North Queensland Cowboys News    https://www.cowboys.com.au/news/ -- HTTPSConnectionPool(host='www.cowboys.com.au', port=443): Max retries exceeded with url: /news/ (Caused by NameResolutionError("HTTPSConnection(host='www.cowboys.com.au', port=443): Failed to resolve 'www.cowboys.com.au' ([Errno 8] nodename nor servname provided, or not known)"))
2026-08-26 01:59:01 [WARNING] Fetch failed Parramatta Eels News             https://www.parraeels.com.au/news/ -- HTTPSConnectionPool(host='www.parraeels.com.au', port=443): Max retries exceeded with url: /news/ (Caused by NameResolutionError("HTTPSConnection(host='www.parraeels.com.au', port=443): Failed to resolve 'www.parraeels.com.au' ([Errno 8] nodename nor servname provided, or not known)"))
2026-08-26 01:59:01 [WARNING] Fetch failed Penrith Panthers News            https://www.penrithpanthers.com.au/news/ -- HTTPSConnectionPool(host='www.penrithpanthers.com.au', port=443): Max retries exceeded with url: /news/ (Caused by NameResolutionError("HTTPSConnection(host='www.penrithpanthers.com.au', port=443): Failed to resolve 'www.penrithpanthers.com.au' ([Errno 8] nodename nor servname provided, or not known)"))
2026-08-26 01:59:01 [WARNING] Fetch failed South Sydney Rabbitohs News      https://www.rabbitohs.com.au/news/ -- HTTPSConnectionPool(host='www.rabbitohs.com.au', port=443): Max retries exceeded with url: /news/ (Caused by NameResolutionError("HTTPSConnection(host='www.rabbitohs.com.au', port=443): Failed to resolve 'www.rabbitohs.com.au' ([Errno 8] nodename nor servname provided, or not known)"))
2026-08-26 01:59:01 [WARNING] Fetch failed St. George Illawarra Dragons News https://www.dragons.com.au/news/ -- HTTPSConnectionPool(host='www.dragons.com.au', port=443): Max retries exceeded with url: /news/ (Caused by NameResolutionError("HTTPSConnection(host='www.dragons.com.au', port=443): Failed to resolve 'www.dragons.com.au' ([Errno 8] nodename nor servname provided, or not known)"))
2026-08-26 01:59:01 [WARNING] Fetch failed Sydney Roosters News             https://www.roosters.com.au/news/ -- HTTPSConnectionPool(host='www.roosters.com.au', port=443): Max retries exceeded with url: /news/ (Caused by NameResolutionError("HTTPSConnection(host='www.roosters.com.au', port=443): Failed to resolve 'www.roosters.com.au' ([Errno 8] nodename nor servname provided, or not known)"))
2026-08-26 01:59:01 [WARNING] Fetch failed Wests Tigers News                https://www.weststigers.com.au/news/ -- HTTPSConnectionPool(host='www.weststigers.com.au', port=443): Max retries exceeded with url: /news/ (Caused by NameResolutionError("HTTPSConnection(host='www.weststigers.com.au', port=443): Failed to resolve 'www.weststigers.com.au' ([Errno 8] nodename nor servname provided, or not known)"))
2026-08-26 01:59:01 [INFO] Wrote 0 flags
2026-08-26 01:59:01 [INFO] JSON: /Users/elliotbladen/BetMate/data/nrl/news_flags/processed/2026/2026-08-26.json
2026-08-26 01:59:01 [INFO] CSV:  /Users/elliotbladen/BetMate/data/nrl/news_flags/processed/2026/2026-08-26.csv
2026-08-26 01:59:01 [INFO] News flags complete -- 0 total, 0 HIGH
[2026-08-26T01:59:01] AFL injuries
2026-08-26 01:59:01 [INFO] Targeting season=2026 round=23
2026-08-26 01:59:01 [INFO] Attempt 1/3 -- AFL injuries R23 2026
2026-08-26 01:59:01 [WARNING] Fetch failed https://www.footywire.com/afl/footy/injury_list -- HTTPSConnectionPool(host='www.footywire.com', port=443): Max retries exceeded with url: /afl/footy/injury_list (Caused by NameResolutionError("HTTPSConnection(host='www.footywire.com', port=443): Failed to resolve 'www.footywire.com' ([Errno 8] nodename nor servname provided, or not known)"))
2026-08-26 01:59:01 [WARNING] Fetch failed, retrying in 30s
2026-08-26 01:59:31 [INFO] Attempt 2/3 -- AFL injuries R23 2026
2026-08-26 01:59:31 [WARNING] Fetch failed https://www.footywire.com/afl/footy/injury_list -- HTTPSConnectionPool(host='www.footywire.com', port=443): Max retries exceeded with url: /afl/footy/injury_list (Caused by NameResolutionError("HTTPSConnection(host='www.footywire.com', port=443): Failed to resolve 'www.footywire.com' ([Errno 8] nodename nor servname provided, or not known)"))
2026-08-26 01:59:31 [WARNING] Fetch failed, retrying in 30s
2026-08-26 02:00:02 [INFO] Attempt 3/3 -- AFL injuries R23 2026
2026-08-26 02:00:02 [WARNING] Fetch failed https://www.footywire.com/afl/footy/injury_list -- HTTPSConnectionPool(host='www.footywire.com', port=443): Max retries exceeded with url: /afl/footy/injury_list (Caused by NameResolutionError("HTTPSConnection(host='www.footywire.com', port=443): Failed to resolve 'www.footywire.com' ([Errno 8] nodename nor servname provided, or not known)"))
2026-08-26 02:00:02 [ERROR] All attempts exhausted -- no AFL injury data
[2026-08-26T02:00:02] Market event log
Wrote 747 events -> /Users/elliotbladen/BetMate/data/market_events/2026_events.csv
  injury: 747
AFL injury refresh pinned to prepared round 23
[2026-08-26T03:00:02] NRL injuries
2026-08-26 03:00:02 [INFO] Targeting season=2026 round=26
2026-08-26 03:00:02 [INFO] Attempt 1/3 -- Zero Tackle injuries R26 2026
2026-08-26 03:00:02 [WARNING] Fetch failed https://www.zerotackle.com/nrl/teams/brisbane-broncos/ -- HTTPSConnectionPool(host='www.zerotackle.com', port=443): Max retries exceeded with url: /nrl/teams/brisbane-broncos/ (Caused by NameResolutionError("HTTPSConnection(host='www.zerotackle.com', port=443): Failed to resolve 'www.zerotackle.com' ([Errno 8] nodename nor servname provided, or not known)"))
2026-08-26 03:00:02 [WARNING] Failed to fetch Zero Tackle page for Brisbane Broncos
2026-08-26 03:00:02 [WARNING] Fetch failed https://www.zerotackle.com/nrl/teams/canberra-raiders/ -- HTTPSConnectionPool(host='www.zerotackle.com', port=443): Max retries exceeded with url: /nrl/teams/canberra-raiders/ (Caused by NameResolutionError("HTTPSConnection(host='www.zerotackle.com', port=443): Failed to resolve 'www.zerotackle.com' ([Errno 8] nodename nor servname provided, or not known)"))
2026-08-26 03:00:02 [WARNING] Failed to fetch Zero Tackle page for Canberra Raiders
2026-08-26 03:00:02 [WARNING] Fetch failed https://www.zerotackle.com/nrl/teams/canterbury-bankstown-bulldogs/ -- HTTPSConnectionPool(host='www.zerotackle.com', port=443): Max retries exceeded with url: /nrl/teams/canterbury-bankstown-bulldogs/ (Caused by NameResolutionError("HTTPSConnection(host='www.zerotackle.com', port=443): Failed to resolve 'www.zerotackle.com' ([Errno 8] nodename nor servname provided, or not known)"))
2026-08-26 03:00:02 [WARNING] Failed to fetch Zero Tackle page for Canterbury-Bankstown Bulldogs
2026-08-26 03:00:02 [WARNING] Fetch failed https://www.zerotackle.com/nrl/teams/cronulla-sharks/ -- HTTPSConnectionPool(host='www.zerotackle.com', port=443): Max retries exceeded with url: /nrl/teams/cronulla-sharks/ (Caused by NameResolutionError("HTTPSConnection(host='www.zerotackle.com', port=443): Failed to resolve 'www.zerotackle.com' ([Errno 8] nodename nor servname provided, or not known)"))
2026-08-26 03:00:02 [WARNING] Failed to fetch Zero Tackle page for Cronulla-Sutherland Sharks
2026-08-26 03:00:02 [WARNING] Fetch failed https://www.zerotackle.com/nrl/teams/dolphins/ -- HTTPSConnectionPool(host='www.zerotackle.com', port=443): Max retries exceeded with url: /nrl/teams/dolphins/ (Caused by NameResolutionError("HTTPSConnection(host='www.zerotackle.com', port=443): Failed to resolve 'www.zerotackle.com' ([Errno 8] nodename nor servname provided, or not known)"))
2026-08-26 03:00:02 [WARNING] Failed to fetch Zero Tackle page for Dolphins
2026-08-26 03:00:02 [WARNING] Fetch failed https://www.zerotackle.com/nrl/teams/gold-coast-titans/ -- HTTPSConnectionPool(host='www.zerotackle.com', port=443): Max retries exceeded with url: /nrl/teams/gold-coast-titans/ (Caused by NameResolutionError("HTTPSConnection(host='www.zerotackle.com', port=443): Failed to resolve 'www.zerotackle.com' ([Errno 8] nodename nor servname provided, or not known)"))
2026-08-26 03:00:02 [WARNING] Failed to fetch Zero Tackle page for Gold Coast Titans
2026-08-26 03:00:02 [WARNING] Fetch failed https://www.zerotackle.com/nrl/teams/manly-sea-eagles/ -- HTTPSConnectionPool(host='www.zerotackle.com', port=443): Max retries exceeded with url: /nrl/teams/manly-sea-eagles/ (Caused by NameResolutionError("HTTPSConnection(host='www.zerotackle.com', port=443): Failed to resolve 'www.zerotackle.com' ([Errno 8] nodename nor servname provided, or not known)"))
2026-08-26 03:00:02 [WARNING] Failed to fetch Zero Tackle page for Manly-Warringah Sea Eagles
2026-08-26 03:00:02 [WARNING] Fetch failed https://www.zerotackle.com/nrl/teams/melbourne-storm/ -- HTTPSConnectionPool(host='www.zerotackle.com', port=443): Max retries exceeded with url: /nrl/teams/melbourne-storm/ (Caused by NameResolutionError("HTTPSConnection(host='www.zerotackle.com', port=443): Failed to resolve 'www.zerotackle.com' ([Errno 8] nodename nor servname provided, or not known)"))
2026-08-26 03:00:02 [WARNING] Failed to fetch Zero Tackle page for Melbourne Storm
2026-08-26 03:00:02 [WARNING] Fetch failed https://www.zerotackle.com/nrl/teams/newcastle-knights/ -- HTTPSConnectionPool(host='www.zerotackle.com', port=443): Max retries exceeded with url: /nrl/teams/newcastle-knights/ (Caused by NameResolutionError("HTTPSConnection(host='www.zerotackle.com', port=443): Failed to resolve 'www.zerotackle.com' ([Errno 8] nodename nor servname provided, or not known)"))
2026-08-26 03:00:02 [WARNING] Failed to fetch Zero Tackle page for Newcastle Knights
2026-08-26 03:00:02 [WARNING] Fetch failed https://www.zerotackle.com/nrl/teams/new-zealand-warriors/ -- HTTPSConnectionPool(host='www.zerotackle.com', port=443): Max retries exceeded with url: /nrl/teams/new-zealand-warriors/ (Caused by NameResolutionError("HTTPSConnection(host='www.zerotackle.com', port=443): Failed to resolve 'www.zerotackle.com' ([Errno 8] nodename nor servname provided, or not known)"))
2026-08-26 03:00:02 [WARNING] Failed to fetch Zero Tackle page for New Zealand Warriors
2026-08-26 03:00:02 [WARNING] Fetch failed https://www.zerotackle.com/nrl/teams/north-queensland-cowboys/ -- HTTPSConnectionPool(host='www.zerotackle.com', port=443): Max retries exceeded with url: /nrl/teams/north-queensland-cowboys/ (Caused by NameResolutionError("HTTPSConnection(host='www.zerotackle.com', port=443): Failed to resolve 'www.zerotackle.com' ([Errno 8] nodename nor servname provided, or not known)"))
2026-08-26 03:00:02 [WARNING] Failed to fetch Zero Tackle page for North Queensland Cowboys
2026-08-26 03:00:02 [WARNING] Fetch failed https://www.zerotackle.com/nrl/teams/parramatta-eels/ -- HTTPSConnectionPool(host='www.zerotackle.com', port=443): Max retries exceeded with url: /nrl/teams/parramatta-eels/ (Caused by NameResolutionError("HTTPSConnection(host='www.zerotackle.com', port=443): Failed to resolve 'www.zerotackle.com' ([Errno 8] nodename nor servname provided, or not known)"))
2026-08-26 03:00:02 [WARNING] Failed to fetch Zero Tackle page for Parramatta Eels
2026-08-26 03:00:02 [WARNING] Fetch failed https://www.zerotackle.com/nrl/teams/penrith-panthers/ -- HTTPSConnectionPool(host='www.zerotackle.com', port=443): Max retries exceeded with url: /nrl/teams/penrith-panthers/ (Caused by NameResolutionError("HTTPSConnection(host='www.zerotackle.com', port=443): Failed to resolve 'www.zerotackle.com' ([Errno 8] nodename nor servname provided, or not known)"))
2026-08-26 03:00:02 [WARNING] Failed to fetch Zero Tackle page for Penrith Panthers
2026-08-26 03:00:02 [WARNING] Fetch failed https://www.zerotackle.com/nrl/teams/south-sydney-rabbitohs/ -- HTTPSConnectionPool(host='www.zerotackle.com', port=443): Max retries exceeded with url: /nrl/teams/south-sydney-rabbitohs/ (Caused by NameResolutionError("HTTPSConnection(host='www.zerotackle.com', port=443): Failed to resolve 'www.zerotackle.com' ([Errno 8] nodename nor servname provided, or not known)"))
2026-08-26 03:00:02 [WARNING] Failed to fetch Zero Tackle page for South Sydney Rabbitohs
2026-08-26 03:00:02 [WARNING] Fetch failed https://www.zerotackle.com/nrl/teams/st-george-illawarra-dragons/ -- HTTPSConnectionPool(host='www.zerotackle.com', port=443): Max retries exceeded with url: /nrl/teams/st-george-illawarra-dragons/ (Caused by NameResolutionError("HTTPSConnection(host='www.zerotackle.com', port=443): Failed to resolve 'www.zerotackle.com' ([Errno 8] nodename nor servname provided, or not known)"))
2026-08-26 03:00:02 [WARNING] Failed to fetch Zero Tackle page for St. George Illawarra Dragons
2026-08-26 03:00:02 [WARNING] Fetch failed https://www.zerotackle.com/nrl/teams/sydney-roosters/ -- HTTPSConnectionPool(host='www.zerotackle.com', port=443): Max retries exceeded with url: /nrl/teams/sydney-roosters/ (Caused by NameResolutionError("HTTPSConnection(host='www.zerotackle.com', port=443): Failed to resolve 'www.zerotackle.com' ([Errno 8] nodename nor servname provided, or not known)"))
2026-08-26 03:00:02 [WARNING] Failed to fetch Zero Tackle page for Sydney Roosters
2026-08-26 03:00:02 [WARNING] Fetch failed https://www.zerotackle.com/nrl/teams/wests-tigers/ -- HTTPSConnectionPool(host='www.zerotackle.com', port=443): Max retries exceeded with url: /nrl/teams/wests-tigers/ (Caused by NameResolutionError("HTTPSConnection(host='www.zerotackle.com', port=443): Failed to resolve 'www.zerotackle.com' ([Errno 8] nodename nor servname provided, or not known)"))
2026-08-26 03:00:02 [WARNING] Failed to fetch Zero Tackle page for Wests Tigers
2026-08-26 03:00:02 [INFO] Zero Tackle total: 0 records across 17 teams
2026-08-26 03:00:02 [WARNING] Zero Tackle returned 0 records, retrying in 30s
2026-08-26 03:00:32 [INFO] Attempt 2/3 -- Zero Tackle injuries R26 2026
2026-08-26 03:00:32 [WARNING] Fetch failed https://www.zerotackle.com/nrl/teams/brisbane-broncos/ -- HTTPSConnectionPool(host='www.zerotackle.com', port=443): Max retries exceeded with url: /nrl/teams/brisbane-broncos/ (Caused by NameResolutionError("HTTPSConnection(host='www.zerotackle.com', port=443): Failed to resolve 'www.zerotackle.com' ([Errno 8] nodename nor servname provided, or not known)"))
2026-08-26 03:00:32 [WARNING] Failed to fetch Zero Tackle page for Brisbane Broncos
2026-08-26 03:00:32 [WARNING] Fetch failed https://www.zerotackle.com/nrl/teams/canberra-raiders/ -- HTTPSConnectionPool(host='www.zerotackle.com', port=443): Max retries exceeded with url: /nrl/teams/canberra-raiders/ (Caused by NameResolutionError("HTTPSConnection(host='www.zerotackle.com', port=443): Failed to resolve 'www.zerotackle.com' ([Errno 8] nodename nor servname provided, or not known)"))
2026-08-26 03:00:32 [WARNING] Failed to fetch Zero Tackle page for Canberra Raiders
2026-08-26 03:00:33 [WARNING] Fetch failed https://www.zerotackle.com/nrl/teams/canterbury-bankstown-bulldogs/ -- HTTPSConnectionPool(host='www.zerotackle.com', port=443): Max retries exceeded with url: /nrl/teams/canterbury-bankstown-bulldogs/ (Caused by NameResolutionError("HTTPSConnection(host='www.zerotackle.com', port=443): Failed to resolve 'www.zerotackle.com' ([Errno 8] nodename nor servname provided, or not known)"))
2026-08-26 03:00:33 [WARNING] Failed to fetch Zero Tackle page for Canterbury-Bankstown Bulldogs
2026-08-26 03:00:33 [WARNING] Fetch failed https://www.zerotackle.com/nrl/teams/cronulla-sharks/ -- HTTPSConnectionPool(host='www.zerotackle.com', port=443): Max retries exceeded with url: /nrl/teams/cronulla-sharks/ (Caused by NameResolutionError("HTTPSConnection(host='www.zerotackle.com', port=443): Failed to resolve 'www.zerotackle.com' ([Errno 8] nodename nor servname provided, or not known)"))
2026-08-26 03:00:33 [WARNING] Failed to fetch Zero Tackle page for Cronulla-Sutherland Sharks
2026-08-26 03:00:33 [WARNING] Fetch failed https://www.zerotackle.com/nrl/teams/dolphins/ -- HTTPSConnectionPool(host='www.zerotackle.com', port=443): Max retries exceeded with url: /nrl/teams/dolphins/ (Caused by NameResolutionError("HTTPSConnection(host='www.zerotackle.com', port=443): Failed to resolve 'www.zerotackle.com' ([Errno 8] nodename nor servname provided, or not known)"))
2026-08-26 03:00:33 [WARNING] Failed to fetch Zero Tackle page for Dolphins
2026-08-26 03:00:33 [WARNING] Fetch failed https://www.zerotackle.com/nrl/teams/gold-coast-titans/ -- HTTPSConnectionPool(host='www.zerotackle.com', port=443): Max retries exceeded with url: /nrl/teams/gold-coast-titans/ (Caused by NameResolutionError("HTTPSConnection(host='www.zerotackle.com', port=443): Failed to resolve 'www.zerotackle.com' ([Errno 8] nodename nor servname provided, or not known)"))
2026-08-26 03:00:33 [WARNING] Failed to fetch Zero Tackle page for Gold Coast Titans
2026-08-26 03:00:33 [WARNING] Fetch failed https://www.zerotackle.com/nrl/teams/manly-sea-eagles/ -- HTTPSConnectionPool(host='www.zerotackle.com', port=443): Max retries exceeded with url: /nrl/teams/manly-sea-eagles/ (Caused by NameResolutionError("HTTPSConnection(host='www.zerotackle.com', port=443): Failed to resolve 'www.zerotackle.com' ([Errno 8] nodename nor servname provided, or not known)"))
2026-08-26 03:00:33 [WARNING] Failed to fetch Zero Tackle page for Manly-Warringah Sea Eagles
2026-08-26 03:00:33 [WARNING] Fetch failed https://www.zerotackle.com/nrl/teams/melbourne-storm/ -- HTTPSConnectionPool(host='www.zerotackle.com', port=443): Max retries exceeded with url: /nrl/teams/melbourne-storm/ (Caused by NameResolutionError("HTTPSConnection(host='www.zerotackle.com', port=443): Failed to resolve 'www.zerotackle.com' ([Errno 8] nodename nor servname provided, or not known)"))
2026-08-26 03:00:33 [WARNING] Failed to fetch Zero Tackle page for Melbourne Storm
2026-08-26 03:00:33 [WARNING] Fetch failed https://www.zerotackle.com/nrl/teams/newcastle-knights/ -- HTTPSConnectionPool(host='www.zerotackle.com', port=443): Max retries exceeded with url: /nrl/teams/newcastle-knights/ (Caused by NameResolutionError("HTTPSConnection(host='www.zerotackle.com', port=443): Failed to resolve 'www.zerotackle.com' ([Errno 8] nodename nor servname provided, or not known)"))
2026-08-26 03:00:33 [WARNING] Failed to fetch Zero Tackle page for Newcastle Knights
2026-08-26 03:00:33 [WARNING] Fetch failed https://www.zerotackle.com/nrl/teams/new-zealand-warriors/ -- HTTPSConnectionPool(host='www.zerotackle.com', port=443): Max retries exceeded with url: /nrl/teams/new-zealand-warriors/ (Caused by NameResolutionError("HTTPSConnection(host='www.zerotackle.com', port=443): Failed to resolve 'www.zerotackle.com' ([Errno 8] nodename nor servname provided, or not known)"))
2026-08-26 03:00:33 [WARNING] Failed to fetch Zero Tackle page for New Zealand Warriors
2026-08-26 03:00:33 [WARNING] Fetch failed https://www.zerotackle.com/nrl/teams/north-queensland-cowboys/ -- HTTPSConnectionPool(host='www.zerotackle.com', port=443): Max retries exceeded with url: /nrl/teams/north-queensland-cowboys/ (Caused by NameResolutionError("HTTPSConnection(host='www.zerotackle.com', port=443): Failed to resolve 'www.zerotackle.com' ([Errno 8] nodename nor servname provided, or not known)"))
2026-08-26 03:00:33 [WARNING] Failed to fetch Zero Tackle page for North Queensland Cowboys
2026-08-26 03:00:33 [WARNING] Fetch failed https://www.zerotackle.com/nrl/teams/parramatta-eels/ -- HTTPSConnectionPool(host='www.zerotackle.com', port=443): Max retries exceeded with url: /nrl/teams/parramatta-eels/ (Caused by NameResolutionError("HTTPSConnection(host='www.zerotackle.com', port=443): Failed to resolve 'www.zerotackle.com' ([Errno 8] nodename nor servname provided, or not known)"))
2026-08-26 03:00:33 [WARNING] Failed to fetch Zero Tackle page for Parramatta Eels
2026-08-26 03:00:33 [WARNING] Fetch failed https://www.zerotackle.com/nrl/teams/penrith-panthers/ -- HTTPSConnectionPool(host='www.zerotackle.com', port=443): Max retries exceeded with url: /nrl/teams/penrith-panthers/ (Caused by NameResolutionError("HTTPSConnection(host='www.zerotackle.com', port=443): Failed to resolve 'www.zerotackle.com' ([Errno 8] nodename nor servname provided, or not known)"))
2026-08-26 03:00:33 [WARNING] Failed to fetch Zero Tackle page for Penrith Panthers
2026-08-26 03:00:33 [WARNING] Fetch failed https://www.zerotackle.com/nrl/teams/south-sydney-rabbitohs/ -- HTTPSConnectionPool(host='www.zerotackle.com', port=443): Max retries exceeded with url: /nrl/teams/south-sydney-rabbitohs/ (Caused by NameResolutionError("HTTPSConnection(host='www.zerotackle.com', port=443): Failed to resolve 'www.zerotackle.com' ([Errno 8] nodename nor servname provided, or not known)"))
2026-08-26 03:00:33 [WARNING] Failed to fetch Zero Tackle page for South Sydney Rabbitohs
2026-08-26 03:00:33 [WARNING] Fetch failed https://www.zerotackle.com/nrl/teams/st-george-illawarra-dragons/ -- HTTPSConnectionPool(host='www.zerotackle.com', port=443): Max retries exceeded with url: /nrl/teams/st-george-illawarra-dragons/ (Caused by NameResolutionError("HTTPSConnection(host='www.zerotackle.com', port=443): Failed to resolve 'www.zerotackle.com' ([Errno 8] nodename nor servname provided, or not known)"))
2026-08-26 03:00:33 [WARNING] Failed to fetch Zero Tackle page for St. George Illawarra Dragons
2026-08-26 03:00:33 [WARNING] Fetch failed https://www.zerotackle.com/nrl/teams/sydney-roosters/ -- HTTPSConnectionPool(host='www.zerotackle.com', port=443): Max retries exceeded with url: /nrl/teams/sydney-roosters/ (Caused by NameResolutionError("HTTPSConnection(host='www.zerotackle.com', port=443): Failed to resolve 'www.zerotackle.com' ([Errno 8] nodename nor servname provided, or not known)"))
2026-08-26 03:00:33 [WARNING] Failed to fetch Zero Tackle page for Sydney Roosters
2026-08-26 03:00:33 [WARNING] Fetch failed https://www.zerotackle.com/nrl/teams/wests-tigers/ -- HTTPSConnectionPool(host='www.zerotackle.com', port=443): Max retries exceeded with url: /nrl/teams/wests-tigers/ (Caused by NameResolutionError("HTTPSConnection(host='www.zerotackle.com', port=443): Failed to resolve 'www.zerotackle.com' ([Errno 8] nodename nor servname provided, or not known)"))
2026-08-26 03:00:33 [WARNING] Failed to fetch Zero Tackle page for Wests Tigers
2026-08-26 03:00:33 [INFO] Zero Tackle total: 0 records across 17 teams
2026-08-26 03:00:33 [WARNING] Zero Tackle returned 0 records, retrying in 30s
2026-08-26 03:01:03 [INFO] Attempt 3/3 -- Zero Tackle injuries R26 2026
2026-08-26 03:01:03 [WARNING] Fetch failed https://www.zerotackle.com/nrl/teams/brisbane-broncos/ -- HTTPSConnectionPool(host='www.zerotackle.com', port=443): Max retries exceeded with url: /nrl/teams/brisbane-broncos/ (Caused by NameResolutionError("HTTPSConnection(host='www.zerotackle.com', port=443): Failed to resolve 'www.zerotackle.com' ([Errno 8] nodename nor servname provided, or not known)"))
2026-08-26 03:01:03 [WARNING] Failed to fetch Zero Tackle page for Brisbane Broncos
2026-08-26 03:01:03 [WARNING] Fetch failed https://www.zerotackle.com/nrl/teams/canberra-raiders/ -- HTTPSConnectionPool(host='www.zerotackle.com', port=443): Max retries exceeded with url: /nrl/teams/canberra-raiders/ (Caused by NameResolutionError("HTTPSConnection(host='www.zerotackle.com', port=443): Failed to resolve 'www.zerotackle.com' ([Errno 8] nodename nor servname provided, or not known)"))
2026-08-26 03:01:03 [WARNING] Failed to fetch Zero Tackle page for Canberra Raiders
2026-08-26 03:01:03 [WARNING] Fetch failed https://www.zerotackle.com/nrl/teams/canterbury-bankstown-bulldogs/ -- HTTPSConnectionPool(host='www.zerotackle.com', port=443): Max retries exceeded with url: /nrl/teams/canterbury-bankstown-bulldogs/ (Caused by NameResolutionError("HTTPSConnection(host='www.zerotackle.com', port=443): Failed to resolve 'www.zerotackle.com' ([Errno 8] nodename nor servname provided, or not known)"))
2026-08-26 03:01:03 [WARNING] Failed to fetch Zero Tackle page for Canterbury-Bankstown Bulldogs
2026-08-26 03:01:03 [WARNING] Fetch failed https://www.zerotackle.com/nrl/teams/cronulla-sharks/ -- HTTPSConnectionPool(host='www.zerotackle.com', port=443): Max retries exceeded with url: /nrl/teams/cronulla-sharks/ (Caused by NameResolutionError("HTTPSConnection(host='www.zerotackle.com', port=443): Failed to resolve 'www.zerotackle.com' ([Errno 8] nodename nor servname provided, or not known)"))
2026-08-26 03:01:03 [WARNING] Failed to fetch Zero Tackle page for Cronulla-Sutherland Sharks
2026-08-26 03:01:03 [WARNING] Fetch failed https://www.zerotackle.com/nrl/teams/dolphins/ -- HTTPSConnectionPool(host='www.zerotackle.com', port=443): Max retries exceeded with url: /nrl/teams/dolphins/ (Caused by NameResolutionError("HTTPSConnection(host='www.zerotackle.com', port=443): Failed to resolve 'www.zerotackle.com' ([Errno 8] nodename nor servname provided, or not known)"))
2026-08-26 03:01:03 [WARNING] Failed to fetch Zero Tackle page for Dolphins
2026-08-26 03:01:03 [WARNING] Fetch failed https://www.zerotackle.com/nrl/teams/gold-coast-titans/ -- HTTPSConnectionPool(host='www.zerotackle.com', port=443): Max retries exceeded with url: /nrl/teams/gold-coast-titans/ (Caused by NameResolutionError("HTTPSConnection(host='www.zerotackle.com', port=443): Failed to resolve 'www.zerotackle.com' ([Errno 8] nodename nor servname provided, or not known)"))
2026-08-26 03:01:03 [WARNING] Failed to fetch Zero Tackle page for Gold Coast Titans
2026-08-26 03:01:03 [WARNING] Fetch failed https://www.zerotackle.com/nrl/teams/manly-sea-eagles/ -- HTTPSConnectionPool(host='www.zerotackle.com', port=443): Max retries exceeded with url: /nrl/teams/manly-sea-eagles/ (Caused by NameResolutionError("HTTPSConnection(host='www.zerotackle.com', port=443): Failed to resolve 'www.zerotackle.com' ([Errno 8] nodename nor servname provided, or not known)"))
2026-08-26 03:01:03 [WARNING] Failed to fetch Zero Tackle page for Manly-Warringah Sea Eagles
2026-08-26 03:01:03 [WARNING] Fetch failed https://www.zerotackle.com/nrl/teams/melbourne-storm/ -- HTTPSConnectionPool(host='www.zerotackle.com', port=443): Max retries exceeded with url: /nrl/teams/melbourne-storm/ (Caused by NameResolutionError("HTTPSConnection(host='www.zerotackle.com', port=443): Failed to resolve 'www.zerotackle.com' ([Errno 8] nodename nor servname provided, or not known)"))
2026-08-26 03:01:03 [WARNING] Failed to fetch Zero Tackle page for Melbourne Storm
2026-08-26 03:01:03 [WARNING] Fetch failed https://www.zerotackle.com/nrl/teams/newcastle-knights/ -- HTTPSConnectionPool(host='www.zerotackle.com', port=443): Max retries exceeded with url: /nrl/teams/newcastle-knights/ (Caused by NameResolutionError("HTTPSConnection(host='www.zerotackle.com', port=443): Failed to resolve 'www.zerotackle.com' ([Errno 8] nodename nor servname provided, or not known)"))
2026-08-26 03:01:03 [WARNING] Failed to fetch Zero Tackle page for Newcastle Knights
2026-08-26 03:01:03 [WARNING] Fetch failed https://www.zerotackle.com/nrl/teams/new-zealand-warriors/ -- HTTPSConnectionPool(host='www.zerotackle.com', port=443): Max retries exceeded with url: /nrl/teams/new-zealand-warriors/ (Caused by NameResolutionError("HTTPSConnection(host='www.zerotackle.com', port=443): Failed to resolve 'www.zerotackle.com' ([Errno 8] nodename nor servname provided, or not known)"))
2026-08-26 03:01:03 [WARNING] Failed to fetch Zero Tackle page for New Zealand Warriors
2026-08-26 03:01:03 [WARNING] Fetch failed https://www.zerotackle.com/nrl/teams/north-queensland-cowboys/ -- HTTPSConnectionPool(host='www.zerotackle.com', port=443): Max retries exceeded with url: /nrl/teams/north-queensland-cowboys/ (Caused by NameResolutionError("HTTPSConnection(host='www.zerotackle.com', port=443): Failed to resolve 'www.zerotackle.com' ([Errno 8] nodename nor servname provided, or not known)"))
2026-08-26 03:01:03 [WARNING] Failed to fetch Zero Tackle page for North Queensland Cowboys
2026-08-26 03:01:03 [WARNING] Fetch failed https://www.zerotackle.com/nrl/teams/parramatta-eels/ -- HTTPSConnectionPool(host='www.zerotackle.com', port=443): Max retries exceeded with url: /nrl/teams/parramatta-eels/ (Caused by NameResolutionError("HTTPSConnection(host='www.zerotackle.com', port=443): Failed to resolve 'www.zerotackle.com' ([Errno 8] nodename nor servname provided, or not known)"))
2026-08-26 03:01:03 [WARNING] Failed to fetch Zero Tackle page for Parramatta Eels
2026-08-26 03:01:03 [WARNING] Fetch failed https://www.zerotackle.com/nrl/teams/penrith-panthers/ -- HTTPSConnectionPool(host='www.zerotackle.com', port=443): Max retries exceeded with url: /nrl/teams/penrith-panthers/ (Caused by NameResolutionError("HTTPSConnection(host='www.zerotackle.com', port=443): Failed to resolve 'www.zerotackle.com' ([Errno 8] nodename nor servname provided, or not known)"))
2026-08-26 03:01:03 [WARNING] Failed to fetch Zero Tackle page for Penrith Panthers
2026-08-26 03:01:03 [WARNING] Fetch failed https://www.zerotackle.com/nrl/teams/south-sydney-rabbitohs/ -- HTTPSConnectionPool(host='www.zerotackle.com', port=443): Max retries exceeded with url: /nrl/teams/south-sydney-rabbitohs/ (Caused by NameResolutionError("HTTPSConnection(host='www.zerotackle.com', port=443): Failed to resolve 'www.zerotackle.com' ([Errno 8] nodename nor servname provided, or not known)"))
2026-08-26 03:01:03 [WARNING] Failed to fetch Zero Tackle page for South Sydney Rabbitohs
2026-08-26 03:01:03 [WARNING] Fetch failed https://www.zerotackle.com/nrl/teams/st-george-illawarra-dragons/ -- HTTPSConnectionPool(host='www.zerotackle.com', port=443): Max retries exceeded with url: /nrl/teams/st-george-illawarra-dragons/ (Caused by NameResolutionError("HTTPSConnection(host='www.zerotackle.com', port=443): Failed to resolve 'www.zerotackle.com' ([Errno 8] nodename nor servname provided, or not known)"))
2026-08-26 03:01:03 [WARNING] Failed to fetch Zero Tackle page for St. George Illawarra Dragons
2026-08-26 03:01:03 [WARNING] Fetch failed https://www.zerotackle.com/nrl/teams/sydney-roosters/ -- HTTPSConnectionPool(host='www.zerotackle.com', port=443): Max retries exceeded with url: /nrl/teams/sydney-roosters/ (Caused by NameResolutionError("HTTPSConnection(host='www.zerotackle.com', port=443): Failed to resolve 'www.zerotackle.com' ([Errno 8] nodename nor servname provided, or not known)"))
2026-08-26 03:01:03 [WARNING] Failed to fetch Zero Tackle page for Sydney Roosters
2026-08-26 03:01:03 [WARNING] Fetch failed https://www.zerotackle.com/nrl/teams/wests-tigers/ -- HTTPSConnectionPool(host='www.zerotackle.com', port=443): Max retries exceeded with url: /nrl/teams/wests-tigers/ (Caused by NameResolutionError("HTTPSConnection(host='www.zerotackle.com', port=443): Failed to resolve 'www.zerotackle.com' ([Errno 8] nodename nor servname provided, or not known)"))
2026-08-26 03:01:03 [WARNING] Failed to fetch Zero Tackle page for Wests Tigers
2026-08-26 03:01:03 [INFO] Zero Tackle total: 0 records across 17 teams
2026-08-26 03:01:03 [ERROR] All attempts exhausted -- no injury data
[2026-08-26T03:01:03] NRL team news
Written /Users/elliotbladen/BetMate/data/nrl/team-news/latest.json
  Round 26 | Teams: 17 | Injuries: 83 | Suspensions preserved: 0
[2026-08-26T03:01:03] NRL market-moving news
2026-08-26 03:01:03 [INFO] Targeting season=2026 round=26
2026-08-26 03:01:03 [WARNING] Fetch failed NRL Casualty Ward                https://www.nrl.com/news/2026/01/01/nrl-casualty-ward-how-your-club-is-shaping-heading-into-2026/ -- HTTPSConnectionPool(host='www.nrl.com', port=443): Max retries exceeded with url: /news/2026/01/01/nrl-casualty-ward-how-your-club-is-shaping-heading-into-2026/ (Caused by NameResolutionError("HTTPSConnection(host='www.nrl.com', port=443): Failed to resolve 'www.nrl.com' ([Errno 8] nodename nor servname provided, or not known)"))
2026-08-26 03:01:03 [WARNING] Fetch failed NRL Judiciary Report             https://www.nrl.com/news/2026/01/01/nrl-judiciary-report-2026/ -- HTTPSConnectionPool(host='www.nrl.com', port=443): Max retries exceeded with url: /news/2026/01/01/nrl-judiciary-report-2026/ (Caused by NameResolutionError("HTTPSConnection(host='www.nrl.com', port=443): Failed to resolve 'www.nrl.com' ([Errno 8] nodename nor servname provided, or not known)"))
2026-08-26 03:01:03 [WARNING] Fetch failed NRL News                         https://www.nrl.com/news/ -- HTTPSConnectionPool(host='www.nrl.com', port=443): Max retries exceeded with url: /news/ (Caused by NameResolutionError("HTTPSConnection(host='www.nrl.com', port=443): Failed to resolve 'www.nrl.com' ([Errno 8] nodename nor servname provided, or not known)"))
2026-08-26 03:01:03 [WARNING] Fetch failed Brisbane Broncos News            https://www.broncos.com.au/news/ -- HTTPSConnectionPool(host='www.broncos.com.au', port=443): Max retries exceeded with url: /news/ (Caused by NameResolutionError("HTTPSConnection(host='www.broncos.com.au', port=443): Failed to resolve 'www.broncos.com.au' ([Errno 8] nodename nor servname provided, or not known)"))
2026-08-26 03:01:03 [WARNING] Fetch failed Canterbury-Bankstown Bulldogs News https://www.bulldogs.com.au/news/ -- HTTPSConnectionPool(host='www.bulldogs.com.au', port=443): Max retries exceeded with url: /news/ (Caused by NameResolutionError("HTTPSConnection(host='www.bulldogs.com.au', port=443): Failed to resolve 'www.bulldogs.com.au' ([Errno 8] nodename nor servname provided, or not known)"))
2026-08-26 03:01:03 [WARNING] Fetch failed Canberra Raiders News            https://www.raiders.com.au/news/ -- HTTPSConnectionPool(host='www.raiders.com.au', port=443): Max retries exceeded with url: /news/ (Caused by NameResolutionError("HTTPSConnection(host='www.raiders.com.au', port=443): Failed to resolve 'www.raiders.com.au' ([Errno 8] nodename nor servname provided, or not known)"))
2026-08-26 03:01:03 [WARNING] Fetch failed Cronulla-Sutherland Sharks News  https://www.sharks.com.au/news/ -- HTTPSConnectionPool(host='www.sharks.com.au', port=443): Max retries exceeded with url: /news/ (Caused by NameResolutionError("HTTPSConnection(host='www.sharks.com.au', port=443): Failed to resolve 'www.sharks.com.au' ([Errno 8] nodename nor servname provided, or not known)"))
2026-08-26 03:01:03 [WARNING] Fetch failed Dolphins News                    https://www.dolphinsnrl.com.au/news/ -- HTTPSConnectionPool(host='www.dolphinsnrl.com.au', port=443): Max retries exceeded with url: /news/ (Caused by NameResolutionError("HTTPSConnection(host='www.dolphinsnrl.com.au', port=443): Failed to resolve 'www.dolphinsnrl.com.au' ([Errno 8] nodename nor servname provided, or not known)"))
2026-08-26 03:01:03 [WARNING] Fetch failed Gold Coast Titans News           https://www.titans.com.au/news/ -- HTTPSConnectionPool(host='www.titans.com.au', port=443): Max retries exceeded with url: /news/ (Caused by NameResolutionError("HTTPSConnection(host='www.titans.com.au', port=443): Failed to resolve 'www.titans.com.au' ([Errno 8] nodename nor servname provided, or not known)"))
2026-08-26 03:01:03 [WARNING] Fetch failed Manly-Warringah Sea Eagles News  https://www.seaeagles.com.au/news/ -- HTTPSConnectionPool(host='www.seaeagles.com.au', port=443): Max retries exceeded with url: /news/ (Caused by NameResolutionError("HTTPSConnection(host='www.seaeagles.com.au', port=443): Failed to resolve 'www.seaeagles.com.au' ([Errno 8] nodename nor servname provided, or not known)"))
2026-08-26 03:01:03 [WARNING] Fetch failed Melbourne Storm News             https://www.melbournestorm.com.au/news/ -- HTTPSConnectionPool(host='www.melbournestorm.com.au', port=443): Max retries exceeded with url: /news/ (Caused by NameResolutionError("HTTPSConnection(host='www.melbournestorm.com.au', port=443): Failed to resolve 'www.melbournestorm.com.au' ([Errno 8] nodename nor servname provided, or not known)"))
2026-08-26 03:01:03 [WARNING] Fetch failed Newcastle Knights News           https://www.newcastleknights.com.au/news/ -- HTTPSConnectionPool(host='www.newcastleknights.com.au', port=443): Max retries exceeded with url: /news/ (Caused by NameResolutionError("HTTPSConnection(host='www.newcastleknights.com.au', port=443): Failed to resolve 'www.newcastleknights.com.au' ([Errno 8] nodename nor servname provided, or not known)"))
2026-08-26 03:01:03 [WARNING] Fetch failed New Zealand Warriors News        https://www.warriors.kiwi/news/ -- HTTPSConnectionPool(host='www.warriors.kiwi', port=443): Max retries exceeded with url: /news/ (Caused by NameResolutionError("HTTPSConnection(host='www.warriors.kiwi', port=443): Failed to resolve 'www.warriors.kiwi' ([Errno 8] nodename nor servname provided, or not known)"))
2026-08-26 03:01:03 [WARNING] Fetch failed North Queensland Cowboys News    https://www.cowboys.com.au/news/ -- HTTPSConnectionPool(host='www.cowboys.com.au', port=443): Max retries exceeded with url: /news/ (Caused by NameResolutionError("HTTPSConnection(host='www.cowboys.com.au', port=443): Failed to resolve 'www.cowboys.com.au' ([Errno 8] nodename nor servname provided, or not known)"))
2026-08-26 03:01:03 [WARNING] Fetch failed Parramatta Eels News             https://www.parraeels.com.au/news/ -- HTTPSConnectionPool(host='www.parraeels.com.au', port=443): Max retries exceeded with url: /news/ (Caused by NameResolutionError("HTTPSConnection(host='www.parraeels.com.au', port=443): Failed to resolve 'www.parraeels.com.au' ([Errno 8] nodename nor servname provided, or not known)"))
2026-08-26 03:01:03 [WARNING] Fetch failed Penrith Panthers News            https://www.penrithpanthers.com.au/news/ -- HTTPSConnectionPool(host='www.penrithpanthers.com.au', port=443): Max retries exceeded with url: /news/ (Caused by NameResolutionError("HTTPSConnection(host='www.penrithpanthers.com.au', port=443): Failed to resolve 'www.penrithpanthers.com.au' ([Errno 8] nodename nor servname provided, or not known)"))
2026-08-26 03:01:03 [WARNING] Fetch failed South Sydney Rabbitohs News      https://www.rabbitohs.com.au/news/ -- HTTPSConnectionPool(host='www.rabbitohs.com.au', port=443): Max retries exceeded with url: /news/ (Caused by NameResolutionError("HTTPSConnection(host='www.rabbitohs.com.au', port=443): Failed to resolve 'www.rabbitohs.com.au' ([Errno 8] nodename nor servname provided, or not known)"))
2026-08-26 03:01:03 [WARNING] Fetch failed St. George Illawarra Dragons News https://www.dragons.com.au/news/ -- HTTPSConnectionPool(host='www.dragons.com.au', port=443): Max retries exceeded with url: /news/ (Caused by NameResolutionError("HTTPSConnection(host='www.dragons.com.au', port=443): Failed to resolve 'www.dragons.com.au' ([Errno 8] nodename nor servname provided, or not known)"))
2026-08-26 03:01:03 [WARNING] Fetch failed Sydney Roosters News             https://www.roosters.com.au/news/ -- HTTPSConnectionPool(host='www.roosters.com.au', port=443): Max retries exceeded with url: /news/ (Caused by NameResolutionError("HTTPSConnection(host='www.roosters.com.au', port=443): Failed to resolve 'www.roosters.com.au' ([Errno 8] nodename nor servname provided, or not known)"))
2026-08-26 03:01:03 [WARNING] Fetch failed Wests Tigers News                https://www.weststigers.com.au/news/ -- HTTPSConnectionPool(host='www.weststigers.com.au', port=443): Max retries exceeded with url: /news/ (Caused by NameResolutionError("HTTPSConnection(host='www.weststigers.com.au', port=443): Failed to resolve 'www.weststigers.com.au' ([Errno 8] nodename nor servname provided, or not known)"))
2026-08-26 03:01:03 [INFO] Wrote 0 flags
2026-08-26 03:01:03 [INFO] JSON: /Users/elliotbladen/BetMate/data/nrl/news_flags/processed/2026/2026-08-26.json
2026-08-26 03:01:03 [INFO] CSV:  /Users/elliotbladen/BetMate/data/nrl/news_flags/processed/2026/2026-08-26.csv
2026-08-26 03:01:03 [INFO] News flags complete -- 0 total, 0 HIGH
[2026-08-26T03:01:03] AFL injuries
2026-08-26 03:01:04 [INFO] Targeting season=2026 round=23
2026-08-26 03:01:04 [INFO] Attempt 1/3 -- AFL injuries R23 2026
2026-08-26 03:01:04 [WARNING] Fetch failed https://www.footywire.com/afl/footy/injury_list -- HTTPSConnectionPool(host='www.footywire.com', port=443): Max retries exceeded with url: /afl/footy/injury_list (Caused by NameResolutionError("HTTPSConnection(host='www.footywire.com', port=443): Failed to resolve 'www.footywire.com' ([Errno 8] nodename nor servname provided, or not known)"))
2026-08-26 03:01:04 [WARNING] Fetch failed, retrying in 30s
2026-08-26 03:01:34 [INFO] Attempt 2/3 -- AFL injuries R23 2026
2026-08-26 03:01:34 [WARNING] Fetch failed https://www.footywire.com/afl/footy/injury_list -- HTTPSConnectionPool(host='www.footywire.com', port=443): Max retries exceeded with url: /afl/footy/injury_list (Caused by NameResolutionError("HTTPSConnection(host='www.footywire.com', port=443): Failed to resolve 'www.footywire.com' ([Errno 8] nodename nor servname provided, or not known)"))
2026-08-26 03:01:34 [WARNING] Fetch failed, retrying in 30s
2026-08-26 03:02:04 [INFO] Attempt 3/3 -- AFL injuries R23 2026
2026-08-26 03:02:04 [WARNING] Fetch failed https://www.footywire.com/afl/footy/injury_list -- HTTPSConnectionPool(host='www.footywire.com', port=443): Max retries exceeded with url: /afl/footy/injury_list (Caused by NameResolutionError("HTTPSConnection(host='www.footywire.com', port=443): Failed to resolve 'www.footywire.com' ([Errno 8] nodename nor servname provided, or not known)"))
2026-08-26 03:02:04 [ERROR] All attempts exhausted -- no AFL injury data
[2026-08-26T03:02:04] Market event log
Wrote 747 events -> /Users/elliotbladen/BetMate/data/market_events/2026_events.csv
  injury: 747
AFL injury refresh pinned to prepared round 23
[2026-08-26T04:02:04] NRL injuries
2026-08-26 04:02:05 [INFO] Targeting season=2026 round=26
2026-08-26 04:02:05 [INFO] Attempt 1/3 -- Zero Tackle injuries R26 2026
2026-08-26 04:02:05 [WARNING] Fetch failed https://www.zerotackle.com/nrl/teams/brisbane-broncos/ -- HTTPSConnectionPool(host='www.zerotackle.com', port=443): Max retries exceeded with url: /nrl/teams/brisbane-broncos/ (Caused by NameResolutionError("HTTPSConnection(host='www.zerotackle.com', port=443): Failed to resolve 'www.zerotackle.com' ([Errno 8] nodename nor servname provided, or not known)"))
2026-08-26 04:02:05 [WARNING] Failed to fetch Zero Tackle page for Brisbane Broncos
2026-08-26 04:02:05 [WARNING] Fetch failed https://www.zerotackle.com/nrl/teams/canberra-raiders/ -- HTTPSConnectionPool(host='www.zerotackle.com', port=443): Max retries exceeded with url: /nrl/teams/canberra-raiders/ (Caused by NameResolutionError("HTTPSConnection(host='www.zerotackle.com', port=443): Failed to resolve 'www.zerotackle.com' ([Errno 8] nodename nor servname provided, or not known)"))
2026-08-26 04:02:05 [WARNING] Failed to fetch Zero Tackle page for Canberra Raiders
2026-08-26 04:02:05 [WARNING] Fetch failed https://www.zerotackle.com/nrl/teams/canterbury-bankstown-bulldogs/ -- HTTPSConnectionPool(host='www.zerotackle.com', port=443): Max retries exceeded with url: /nrl/teams/canterbury-bankstown-bulldogs/ (Caused by NameResolutionError("HTTPSConnection(host='www.zerotackle.com', port=443): Failed to resolve 'www.zerotackle.com' ([Errno 8] nodename nor servname provided, or not known)"))
2026-08-26 04:02:05 [WARNING] Failed to fetch Zero Tackle page for Canterbury-Bankstown Bulldogs
2026-08-26 04:02:05 [WARNING] Fetch failed https://www.zerotackle.com/nrl/teams/cronulla-sharks/ -- HTTPSConnectionPool(host='www.zerotackle.com', port=443): Max retries exceeded with url: /nrl/teams/cronulla-sharks/ (Caused by NameResolutionError("HTTPSConnection(host='www.zerotackle.com', port=443): Failed to resolve 'www.zerotackle.com' ([Errno 8] nodename nor servname provided, or not known)"))
2026-08-26 04:02:05 [WARNING] Failed to fetch Zero Tackle page for Cronulla-Sutherland Sharks
2026-08-26 04:02:05 [WARNING] Fetch failed https://www.zerotackle.com/nrl/teams/dolphins/ -- HTTPSConnectionPool(host='www.zerotackle.com', port=443): Max retries exceeded with url: /nrl/teams/dolphins/ (Caused by NameResolutionError("HTTPSConnection(host='www.zerotackle.com', port=443): Failed to resolve 'www.zerotackle.com' ([Errno 8] nodename nor servname provided, or not known)"))
2026-08-26 04:02:05 [WARNING] Failed to fetch Zero Tackle page for Dolphins
2026-08-26 04:02:05 [WARNING] Fetch failed https://www.zerotackle.com/nrl/teams/gold-coast-titans/ -- HTTPSConnectionPool(host='www.zerotackle.com', port=443): Max retries exceeded with url: /nrl/teams/gold-coast-titans/ (Caused by NameResolutionError("HTTPSConnection(host='www.zerotackle.com', port=443): Failed to resolve 'www.zerotackle.com' ([Errno 8] nodename nor servname provided, or not known)"))
2026-08-26 04:02:05 [WARNING] Failed to fetch Zero Tackle page for Gold Coast Titans
2026-08-26 04:02:05 [WARNING] Fetch failed https://www.zerotackle.com/nrl/teams/manly-sea-eagles/ -- HTTPSConnectionPool(host='www.zerotackle.com', port=443): Max retries exceeded with url: /nrl/teams/manly-sea-eagles/ (Caused by NameResolutionError("HTTPSConnection(host='www.zerotackle.com', port=443): Failed to resolve 'www.zerotackle.com' ([Errno 8] nodename nor servname provided, or not known)"))
2026-08-26 04:02:05 [WARNING] Failed to fetch Zero Tackle page for Manly-Warringah Sea Eagles
2026-08-26 04:02:05 [WARNING] Fetch failed https://www.zerotackle.com/nrl/teams/melbourne-storm/ -- HTTPSConnectionPool(host='www.zerotackle.com', port=443): Max retries exceeded with url: /nrl/teams/melbourne-storm/ (Caused by NameResolutionError("HTTPSConnection(host='www.zerotackle.com', port=443): Failed to resolve 'www.zerotackle.com' ([Errno 8] nodename nor servname provided, or not known)"))
2026-08-26 04:02:05 [WARNING] Failed to fetch Zero Tackle page for Melbourne Storm
2026-08-26 04:02:05 [WARNING] Fetch failed https://www.zerotackle.com/nrl/teams/newcastle-knights/ -- HTTPSConnectionPool(host='www.zerotackle.com', port=443): Max retries exceeded with url: /nrl/teams/newcastle-knights/ (Caused by NameResolutionError("HTTPSConnection(host='www.zerotackle.com', port=443): Failed to resolve 'www.zerotackle.com' ([Errno 8] nodename nor servname provided, or not known)"))
2026-08-26 04:02:05 [WARNING] Failed to fetch Zero Tackle page for Newcastle Knights
2026-08-26 04:02:05 [WARNING] Fetch failed https://www.zerotackle.com/nrl/teams/new-zealand-warriors/ -- HTTPSConnectionPool(host='www.zerotackle.com', port=443): Max retries exceeded with url: /nrl/teams/new-zealand-warriors/ (Caused by NameResolutionError("HTTPSConnection(host='www.zerotackle.com', port=443): Failed to resolve 'www.zerotackle.com' ([Errno 8] nodename nor servname provided, or not known)"))
2026-08-26 04:02:05 [WARNING] Failed to fetch Zero Tackle page for New Zealand Warriors
2026-08-26 04:02:05 [WARNING] Fetch failed https://www.zerotackle.com/nrl/teams/north-queensland-cowboys/ -- HTTPSConnectionPool(host='www.zerotackle.com', port=443): Max retries exceeded with url: /nrl/teams/north-queensland-cowboys/ (Caused by NameResolutionError("HTTPSConnection(host='www.zerotackle.com', port=443): Failed to resolve 'www.zerotackle.com' ([Errno 8] nodename nor servname provided, or not known)"))
2026-08-26 04:02:05 [WARNING] Failed to fetch Zero Tackle page for North Queensland Cowboys
2026-08-26 04:02:05 [WARNING] Fetch failed https://www.zerotackle.com/nrl/teams/parramatta-eels/ -- HTTPSConnectionPool(host='www.zerotackle.com', port=443): Max retries exceeded with url: /nrl/teams/parramatta-eels/ (Caused by NameResolutionError("HTTPSConnection(host='www.zerotackle.com', port=443): Failed to resolve 'www.zerotackle.com' ([Errno 8] nodename nor servname provided, or not known)"))
2026-08-26 04:02:05 [WARNING] Failed to fetch Zero Tackle page for Parramatta Eels
2026-08-26 04:02:05 [WARNING] Fetch failed https://www.zerotackle.com/nrl/teams/penrith-panthers/ -- HTTPSConnectionPool(host='www.zerotackle.com', port=443): Max retries exceeded with url: /nrl/teams/penrith-panthers/ (Caused by NameResolutionError("HTTPSConnection(host='www.zerotackle.com', port=443): Failed to resolve 'www.zerotackle.com' ([Errno 8] nodename nor servname provided, or not known)"))
2026-08-26 04:02:05 [WARNING] Failed to fetch Zero Tackle page for Penrith Panthers
2026-08-26 04:02:05 [WARNING] Fetch failed https://www.zerotackle.com/nrl/teams/south-sydney-rabbitohs/ -- HTTPSConnectionPool(host='www.zerotackle.com', port=443): Max retries exceeded with url: /nrl/teams/south-sydney-rabbitohs/ (Caused by NameResolutionError("HTTPSConnection(host='www.zerotackle.com', port=443): Failed to resolve 'www.zerotackle.com' ([Errno 8] nodename nor servname provided, or not known)"))
2026-08-26 04:02:05 [WARNING] Failed to fetch Zero Tackle page for South Sydney Rabbitohs
2026-08-26 04:02:05 [WARNING] Fetch failed https://www.zerotackle.com/nrl/teams/st-george-illawarra-dragons/ -- HTTPSConnectionPool(host='www.zerotackle.com', port=443): Max retries exceeded with url: /nrl/teams/st-george-illawarra-dragons/ (Caused by NameResolutionError("HTTPSConnection(host='www.zerotackle.com', port=443): Failed to resolve 'www.zerotackle.com' ([Errno 8] nodename nor servname provided, or not known)"))
2026-08-26 04:02:05 [WARNING] Failed to fetch Zero Tackle page for St. George Illawarra Dragons
2026-08-26 04:02:05 [WARNING] Fetch failed https://www.zerotackle.com/nrl/teams/sydney-roosters/ -- HTTPSConnectionPool(host='www.zerotackle.com', port=443): Max retries exceeded with url: /nrl/teams/sydney-roosters/ (Caused by NameResolutionError("HTTPSConnection(host='www.zerotackle.com', port=443): Failed to resolve 'www.zerotackle.com' ([Errno 8] nodename nor servname provided, or not known)"))
2026-08-26 04:02:05 [WARNING] Failed to fetch Zero Tackle page for Sydney Roosters
2026-08-26 04:02:05 [WARNING] Fetch failed https://www.zerotackle.com/nrl/teams/wests-tigers/ -- HTTPSConnectionPool(host='www.zerotackle.com', port=443): Max retries exceeded with url: /nrl/teams/wests-tigers/ (Caused by NameResolutionError("HTTPSConnection(host='www.zerotackle.com', port=443): Failed to resolve 'www.zerotackle.com' ([Errno 8] nodename nor servname provided, or not known)"))
2026-08-26 04:02:05 [WARNING] Failed to fetch Zero Tackle page for Wests Tigers
2026-08-26 04:02:05 [INFO] Zero Tackle total: 0 records across 17 teams
2026-08-26 04:02:05 [WARNING] Zero Tackle returned 0 records, retrying in 30s
2026-08-26 04:02:35 [INFO] Attempt 2/3 -- Zero Tackle injuries R26 2026
2026-08-26 04:02:35 [WARNING] Fetch failed https://www.zerotackle.com/nrl/teams/brisbane-broncos/ -- HTTPSConnectionPool(host='www.zerotackle.com', port=443): Max retries exceeded with url: /nrl/teams/brisbane-broncos/ (Caused by NameResolutionError("HTTPSConnection(host='www.zerotackle.com', port=443): Failed to resolve 'www.zerotackle.com' ([Errno 8] nodename nor servname provided, or not known)"))
2026-08-26 04:02:35 [WARNING] Failed to fetch Zero Tackle page for Brisbane Broncos
2026-08-26 04:02:35 [WARNING] Fetch failed https://www.zerotackle.com/nrl/teams/canberra-raiders/ -- HTTPSConnectionPool(host='www.zerotackle.com', port=443): Max retries exceeded with url: /nrl/teams/canberra-raiders/ (Caused by NameResolutionError("HTTPSConnection(host='www.zerotackle.com', port=443): Failed to resolve 'www.zerotackle.com' ([Errno 8] nodename nor servname provided, or not known)"))
2026-08-26 04:02:35 [WARNING] Failed to fetch Zero Tackle page for Canberra Raiders
2026-08-26 04:02:35 [WARNING] Fetch failed https://www.zerotackle.com/nrl/teams/canterbury-bankstown-bulldogs/ -- HTTPSConnectionPool(host='www.zerotackle.com', port=443): Max retries exceeded with url: /nrl/teams/canterbury-bankstown-bulldogs/ (Caused by NameResolutionError("HTTPSConnection(host='www.zerotackle.com', port=443): Failed to resolve 'www.zerotackle.com' ([Errno 8] nodename nor servname provided, or not known)"))
2026-08-26 04:02:35 [WARNING] Failed to fetch Zero Tackle page for Canterbury-Bankstown Bulldogs
2026-08-26 04:02:35 [WARNING] Fetch failed https://www.zerotackle.com/nrl/teams/cronulla-sharks/ -- HTTPSConnectionPool(host='www.zerotackle.com', port=443): Max retries exceeded with url: /nrl/teams/cronulla-sharks/ (Caused by NameResolutionError("HTTPSConnection(host='www.zerotackle.com', port=443): Failed to resolve 'www.zerotackle.com' ([Errno 8] nodename nor servname provided, or not known)"))
2026-08-26 04:02:35 [WARNING] Failed to fetch Zero Tackle page for Cronulla-Sutherland Sharks
2026-08-26 04:02:35 [WARNING] Fetch failed https://www.zerotackle.com/nrl/teams/dolphins/ -- HTTPSConnectionPool(host='www.zerotackle.com', port=443): Max retries exceeded with url: /nrl/teams/dolphins/ (Caused by NameResolutionError("HTTPSConnection(host='www.zerotackle.com', port=443): Failed to resolve 'www.zerotackle.com' ([Errno 8] nodename nor servname provided, or not known)"))
2026-08-26 04:02:35 [WARNING] Failed to fetch Zero Tackle page for Dolphins
2026-08-26 04:02:35 [WARNING] Fetch failed https://www.zerotackle.com/nrl/teams/gold-coast-titans/ -- HTTPSConnectionPool(host='www.zerotackle.com', port=443): Max retries exceeded with url: /nrl/teams/gold-coast-titans/ (Caused by NameResolutionError("HTTPSConnection(host='www.zerotackle.com', port=443): Failed to resolve 'www.zerotackle.com' ([Errno 8] nodename nor servname provided, or not known)"))
2026-08-26 04:02:35 [WARNING] Failed to fetch Zero Tackle page for Gold Coast Titans
2026-08-26 04:02:35 [WARNING] Fetch failed https://www.zerotackle.com/nrl/teams/manly-sea-eagles/ -- HTTPSConnectionPool(host='www.zerotackle.com', port=443): Max retries exceeded with url: /nrl/teams/manly-sea-eagles/ (Caused by NameResolutionError("HTTPSConnection(host='www.zerotackle.com', port=443): Failed to resolve 'www.zerotackle.com' ([Errno 8] nodename nor servname provided, or not known)"))
2026-08-26 04:02:35 [WARNING] Failed to fetch Zero Tackle page for Manly-Warringah Sea Eagles
2026-08-26 04:02:35 [WARNING] Fetch failed https://www.zerotackle.com/nrl/teams/melbourne-storm/ -- HTTPSConnectionPool(host='www.zerotackle.com', port=443): Max retries exceeded with url: /nrl/teams/melbourne-storm/ (Caused by NameResolutionError("HTTPSConnection(host='www.zerotackle.com', port=443): Failed to resolve 'www.zerotackle.com' ([Errno 8] nodename nor servname provided, or not known)"))
2026-08-26 04:02:35 [WARNING] Failed to fetch Zero Tackle page for Melbourne Storm
2026-08-26 04:02:35 [WARNING] Fetch failed https://www.zerotackle.com/nrl/teams/newcastle-knights/ -- HTTPSConnectionPool(host='www.zerotackle.com', port=443): Max retries exceeded with url: /nrl/teams/newcastle-knights/ (Caused by NameResolutionError("HTTPSConnection(host='www.zerotackle.com', port=443): Failed to resolve 'www.zerotackle.com' ([Errno 8] nodename nor servname provided, or not known)"))
2026-08-26 04:02:35 [WARNING] Failed to fetch Zero Tackle page for Newcastle Knights
2026-08-26 04:02:35 [WARNING] Fetch failed https://www.zerotackle.com/nrl/teams/new-zealand-warriors/ -- HTTPSConnectionPool(host='www.zerotackle.com', port=443): Max retries exceeded with url: /nrl/teams/new-zealand-warriors/ (Caused by NameResolutionError("HTTPSConnection(host='www.zerotackle.com', port=443): Failed to resolve 'www.zerotackle.com' ([Errno 8] nodename nor servname provided, or not known)"))
2026-08-26 04:02:35 [WARNING] Failed to fetch Zero Tackle page for New Zealand Warriors
2026-08-26 04:02:35 [WARNING] Fetch failed https://www.zerotackle.com/nrl/teams/north-queensland-cowboys/ -- HTTPSConnectionPool(host='www.zerotackle.com', port=443): Max retries exceeded with url: /nrl/teams/north-queensland-cowboys/ (Caused by NameResolutionError("HTTPSConnection(host='www.zerotackle.com', port=443): Failed to resolve 'www.zerotackle.com' ([Errno 8] nodename nor servname provided, or not known)"))
2026-08-26 04:02:35 [WARNING] Failed to fetch Zero Tackle page for North Queensland Cowboys
2026-08-26 04:02:35 [WARNING] Fetch failed https://www.zerotackle.com/nrl/teams/parramatta-eels/ -- HTTPSConnectionPool(host='www.zerotackle.com', port=443): Max retries exceeded with url: /nrl/teams/parramatta-eels/ (Caused by NameResolutionError("HTTPSConnection(host='www.zerotackle.com', port=443): Failed to resolve 'www.zerotackle.com' ([Errno 8] nodename nor servname provided, or not known)"))
2026-08-26 04:02:35 [WARNING] Failed to fetch Zero Tackle page for Parramatta Eels
2026-08-26 04:02:35 [WARNING] Fetch failed https://www.zerotackle.com/nrl/teams/penrith-panthers/ -- HTTPSConnectionPool(host='www.zerotackle.com', port=443): Max retries exceeded with url: /nrl/teams/penrith-panthers/ (Caused by NameResolutionError("HTTPSConnection(host='www.zerotackle.com', port=443): Failed to resolve 'www.zerotackle.com' ([Errno 8] nodename nor servname provided, or not known)"))
2026-08-26 04:02:35 [WARNING] Failed to fetch Zero Tackle page for Penrith Panthers
2026-08-26 04:02:35 [WARNING] Fetch failed https://www.zerotackle.com/nrl/teams/south-sydney-rabbitohs/ -- HTTPSConnectionPool(host='www.zerotackle.com', port=443): Max retries exceeded with url: /nrl/teams/south-sydney-rabbitohs/ (Caused by NameResolutionError("HTTPSConnection(host='www.zerotackle.com', port=443): Failed to resolve 'www.zerotackle.com' ([Errno 8] nodename nor servname provided, or not known)"))
2026-08-26 04:02:35 [WARNING] Failed to fetch Zero Tackle page for South Sydney Rabbitohs
2026-08-26 04:02:35 [WARNING] Fetch failed https://www.zerotackle.com/nrl/teams/st-george-illawarra-dragons/ -- HTTPSConnectionPool(host='www.zerotackle.com', port=443): Max retries exceeded with url: /nrl/teams/st-george-illawarra-dragons/ (Caused by NameResolutionError("HTTPSConnection(host='www.zerotackle.com', port=443): Failed to resolve 'www.zerotackle.com' ([Errno 8] nodename nor servname provided, or not known)"))
2026-08-26 04:02:35 [WARNING] Failed to fetch Zero Tackle page for St. George Illawarra Dragons
2026-08-26 04:02:35 [WARNING] Fetch failed https://www.zerotackle.com/nrl/teams/sydney-roosters/ -- HTTPSConnectionPool(host='www.zerotackle.com', port=443): Max retries exceeded with url: /nrl/teams/sydney-roosters/ (Caused by NameResolutionError("HTTPSConnection(host='www.zerotackle.com', port=443): Failed to resolve 'www.zerotackle.com' ([Errno 8] nodename nor servname provided, or not known)"))
2026-08-26 04:02:35 [WARNING] Failed to fetch Zero Tackle page for Sydney Roosters
2026-08-26 04:02:35 [WARNING] Fetch failed https://www.zerotackle.com/nrl/teams/wests-tigers/ -- HTTPSConnectionPool(host='www.zerotackle.com', port=443): Max retries exceeded with url: /nrl/teams/wests-tigers/ (Caused by NameResolutionError("HTTPSConnection(host='www.zerotackle.com', port=443): Failed to resolve 'www.zerotackle.com' ([Errno 8] nodename nor servname provided, or not known)"))
2026-08-26 04:02:35 [WARNING] Failed to fetch Zero Tackle page for Wests Tigers
2026-08-26 04:02:35 [INFO] Zero Tackle total: 0 records across 17 teams
2026-08-26 04:02:35 [WARNING] Zero Tackle returned 0 records, retrying in 30s
2026-08-26 04:03:05 [INFO] Attempt 3/3 -- Zero Tackle injuries R26 2026
2026-08-26 04:03:05 [WARNING] Fetch failed https://www.zerotackle.com/nrl/teams/brisbane-broncos/ -- HTTPSConnectionPool(host='www.zerotackle.com', port=443): Max retries exceeded with url: /nrl/teams/brisbane-broncos/ (Caused by NameResolutionError("HTTPSConnection(host='www.zerotackle.com', port=443): Failed to resolve 'www.zerotackle.com' ([Errno 8] nodename nor servname provided, or not known)"))
2026-08-26 04:03:05 [WARNING] Failed to fetch Zero Tackle page for Brisbane Broncos
2026-08-26 04:03:05 [WARNING] Fetch failed https://www.zerotackle.com/nrl/teams/canberra-raiders/ -- HTTPSConnectionPool(host='www.zerotackle.com', port=443): Max retries exceeded with url: /nrl/teams/canberra-raiders/ (Caused by NameResolutionError("HTTPSConnection(host='www.zerotackle.com', port=443): Failed to resolve 'www.zerotackle.com' ([Errno 8] nodename nor servname provided, or not known)"))
2026-08-26 04:03:05 [WARNING] Failed to fetch Zero Tackle page for Canberra Raiders
2026-08-26 04:03:05 [WARNING] Fetch failed https://www.zerotackle.com/nrl/teams/canterbury-bankstown-bulldogs/ -- HTTPSConnectionPool(host='www.zerotackle.com', port=443): Max retries exceeded with url: /nrl/teams/canterbury-bankstown-bulldogs/ (Caused by NameResolutionError("HTTPSConnection(host='www.zerotackle.com', port=443): Failed to resolve 'www.zerotackle.com' ([Errno 8] nodename nor servname provided, or not known)"))
2026-08-26 04:03:05 [WARNING] Failed to fetch Zero Tackle page for Canterbury-Bankstown Bulldogs
2026-08-26 04:03:05 [WARNING] Fetch failed https://www.zerotackle.com/nrl/teams/cronulla-sharks/ -- HTTPSConnectionPool(host='www.zerotackle.com', port=443): Max retries exceeded with url: /nrl/teams/cronulla-sharks/ (Caused by NameResolutionError("HTTPSConnection(host='www.zerotackle.com', port=443): Failed to resolve 'www.zerotackle.com' ([Errno 8] nodename nor servname provided, or not known)"))
2026-08-26 04:03:05 [WARNING] Failed to fetch Zero Tackle page for Cronulla-Sutherland Sharks
2026-08-26 04:03:05 [WARNING] Fetch failed https://www.zerotackle.com/nrl/teams/dolphins/ -- HTTPSConnectionPool(host='www.zerotackle.com', port=443): Max retries exceeded with url: /nrl/teams/dolphins/ (Caused by NameResolutionError("HTTPSConnection(host='www.zerotackle.com', port=443): Failed to resolve 'www.zerotackle.com' ([Errno 8] nodename nor servname provided, or not known)"))
2026-08-26 04:03:05 [WARNING] Failed to fetch Zero Tackle page for Dolphins
2026-08-26 04:03:05 [WARNING] Fetch failed https://www.zerotackle.com/nrl/teams/gold-coast-titans/ -- HTTPSConnectionPool(host='www.zerotackle.com', port=443): Max retries exceeded with url: /nrl/teams/gold-coast-titans/ (Caused by NameResolutionError("HTTPSConnection(host='www.zerotackle.com', port=443): Failed to resolve 'www.zerotackle.com' ([Errno 8] nodename nor servname provided, or not known)"))
2026-08-26 04:03:05 [WARNING] Failed to fetch Zero Tackle page for Gold Coast Titans
2026-08-26 04:03:05 [WARNING] Fetch failed https://www.zerotackle.com/nrl/teams/manly-sea-eagles/ -- HTTPSConnectionPool(host='www.zerotackle.com', port=443): Max retries exceeded with url: /nrl/teams/manly-sea-eagles/ (Caused by NameResolutionError("HTTPSConnection(host='www.zerotackle.com', port=443): Failed to resolve 'www.zerotackle.com' ([Errno 8] nodename nor servname provided, or not known)"))
2026-08-26 04:03:05 [WARNING] Failed to fetch Zero Tackle page for Manly-Warringah Sea Eagles
2026-08-26 04:03:05 [WARNING] Fetch failed https://www.zerotackle.com/nrl/teams/melbourne-storm/ -- HTTPSConnectionPool(host='www.zerotackle.com', port=443): Max retries exceeded with url: /nrl/teams/melbourne-storm/ (Caused by NameResolutionError("HTTPSConnection(host='www.zerotackle.com', port=443): Failed to resolve 'www.zerotackle.com' ([Errno 8] nodename nor servname provided, or not known)"))
2026-08-26 04:03:05 [WARNING] Failed to fetch Zero Tackle page for Melbourne Storm
2026-08-26 04:03:05 [WARNING] Fetch failed https://www.zerotackle.com/nrl/teams/newcastle-knights/ -- HTTPSConnectionPool(host='www.zerotackle.com', port=443): Max retries exceeded with url: /nrl/teams/newcastle-knights/ (Caused by NameResolutionError("HTTPSConnection(host='www.zerotackle.com', port=443): Failed to resolve 'www.zerotackle.com' ([Errno 8] nodename nor servname provided, or not known)"))
2026-08-26 04:03:05 [WARNING] Failed to fetch Zero Tackle page for Newcastle Knights
2026-08-26 04:03:05 [WARNING] Fetch failed https://www.zerotackle.com/nrl/teams/new-zealand-warriors/ -- HTTPSConnectionPool(host='www.zerotackle.com', port=443): Max retries exceeded with url: /nrl/teams/new-zealand-warriors/ (Caused by NameResolutionError("HTTPSConnection(host='www.zerotackle.com', port=443): Failed to resolve 'www.zerotackle.com' ([Errno 8] nodename nor servname provided, or not known)"))
2026-08-26 04:03:05 [WARNING] Failed to fetch Zero Tackle page for New Zealand Warriors
2026-08-26 04:03:05 [WARNING] Fetch failed https://www.zerotackle.com/nrl/teams/north-queensland-cowboys/ -- HTTPSConnectionPool(host='www.zerotackle.com', port=443): Max retries exceeded with url: /nrl/teams/north-queensland-cowboys/ (Caused by NameResolutionError("HTTPSConnection(host='www.zerotackle.com', port=443): Failed to resolve 'www.zerotackle.com' ([Errno 8] nodename nor servname provided, or not known)"))
2026-08-26 04:03:05 [WARNING] Failed to fetch Zero Tackle page for North Queensland Cowboys
2026-08-26 04:03:05 [WARNING] Fetch failed https://www.zerotackle.com/nrl/teams/parramatta-eels/ -- HTTPSConnectionPool(host='www.zerotackle.com', port=443): Max retries exceeded with url: /nrl/teams/parramatta-eels/ (Caused by NameResolutionError("HTTPSConnection(host='www.zerotackle.com', port=443): Failed to resolve 'www.zerotackle.com' ([Errno 8] nodename nor servname provided, or not known)"))
2026-08-26 04:03:05 [WARNING] Failed to fetch Zero Tackle page for Parramatta Eels
2026-08-26 04:03:05 [WARNING] Fetch failed https://www.zerotackle.com/nrl/teams/penrith-panthers/ -- HTTPSConnectionPool(host='www.zerotackle.com', port=443): Max retries exceeded with url: /nrl/teams/penrith-panthers/ (Caused by NameResolutionError("HTTPSConnection(host='www.zerotackle.com', port=443): Failed to resolve 'www.zerotackle.com' ([Errno 8] nodename nor servname provided, or not known)"))
2026-08-26 04:03:05 [WARNING] Failed to fetch Zero Tackle page for Penrith Panthers
2026-08-26 04:03:05 [WARNING] Fetch failed https://www.zerotackle.com/nrl/teams/south-sydney-rabbitohs/ -- HTTPSConnectionPool(host='www.zerotackle.com', port=443): Max retries exceeded with url: /nrl/teams/south-sydney-rabbitohs/ (Caused by NameResolutionError("HTTPSConnection(host='www.zerotackle.com', port=443): Failed to resolve 'www.zerotackle.com' ([Errno 8] nodename nor servname provided, or not known)"))
2026-08-26 04:03:05 [WARNING] Failed to fetch Zero Tackle page for South Sydney Rabbitohs
2026-08-26 04:03:05 [WARNING] Fetch failed https://www.zerotackle.com/nrl/teams/st-george-illawarra-dragons/ -- HTTPSConnectionPool(host='www.zerotackle.com', port=443): Max retries exceeded with url: /nrl/teams/st-george-illawarra-dragons/ (Caused by NameResolutionError("HTTPSConnection(host='www.zerotackle.com', port=443): Failed to resolve 'www.zerotackle.com' ([Errno 8] nodename nor servname provided, or not known)"))
2026-08-26 04:03:05 [WARNING] Failed to fetch Zero Tackle page for St. George Illawarra Dragons
2026-08-26 04:03:05 [WARNING] Fetch failed https://www.zerotackle.com/nrl/teams/sydney-roosters/ -- HTTPSConnectionPool(host='www.zerotackle.com', port=443): Max retries exceeded with url: /nrl/teams/sydney-roosters/ (Caused by NameResolutionError("HTTPSConnection(host='www.zerotackle.com', port=443): Failed to resolve 'www.zerotackle.com' ([Errno 8] nodename nor servname provided, or not known)"))
2026-08-26 04:03:05 [WARNING] Failed to fetch Zero Tackle page for Sydney Roosters
2026-08-26 04:03:05 [WARNING] Fetch failed https://www.zerotackle.com/nrl/teams/wests-tigers/ -- HTTPSConnectionPool(host='www.zerotackle.com', port=443): Max retries exceeded with url: /nrl/teams/wests-tigers/ (Caused by NameResolutionError("HTTPSConnection(host='www.zerotackle.com', port=443): Failed to resolve 'www.zerotackle.com' ([Errno 8] nodename nor servname provided, or not known)"))
2026-08-26 04:03:05 [WARNING] Failed to fetch Zero Tackle page for Wests Tigers
2026-08-26 04:03:05 [INFO] Zero Tackle total: 0 records across 17 teams
2026-08-26 04:03:05 [ERROR] All attempts exhausted -- no injury data
[2026-08-26T04:03:05] NRL team news
Written /Users/elliotbladen/BetMate/data/nrl/team-news/latest.json
  Round 26 | Teams: 17 | Injuries: 83 | Suspensions preserved: 0
[2026-08-26T04:03:05] NRL market-moving news
2026-08-26 04:03:06 [INFO] Targeting season=2026 round=26
2026-08-26 04:03:06 [WARNING] Fetch failed NRL Casualty Ward                https://www.nrl.com/news/2026/01/01/nrl-casualty-ward-how-your-club-is-shaping-heading-into-2026/ -- HTTPSConnectionPool(host='www.nrl.com', port=443): Max retries exceeded with url: /news/2026/01/01/nrl-casualty-ward-how-your-club-is-shaping-heading-into-2026/ (Caused by NameResolutionError("HTTPSConnection(host='www.nrl.com', port=443): Failed to resolve 'www.nrl.com' ([Errno 8] nodename nor servname provided, or not known)"))
2026-08-26 04:03:06 [WARNING] Fetch failed NRL Judiciary Report             https://www.nrl.com/news/2026/01/01/nrl-judiciary-report-2026/ -- HTTPSConnectionPool(host='www.nrl.com', port=443): Max retries exceeded with url: /news/2026/01/01/nrl-judiciary-report-2026/ (Caused by NameResolutionError("HTTPSConnection(host='www.nrl.com', port=443): Failed to resolve 'www.nrl.com' ([Errno 8] nodename nor servname provided, or not known)"))
2026-08-26 04:03:06 [WARNING] Fetch failed NRL News                         https://www.nrl.com/news/ -- HTTPSConnectionPool(host='www.nrl.com', port=443): Max retries exceeded with url: /news/ (Caused by NameResolutionError("HTTPSConnection(host='www.nrl.com', port=443): Failed to resolve 'www.nrl.com' ([Errno 8] nodename nor servname provided, or not known)"))
2026-08-26 04:03:06 [WARNING] Fetch failed Brisbane Broncos News            https://www.broncos.com.au/news/ -- HTTPSConnectionPool(host='www.broncos.com.au', port=443): Max retries exceeded with url: /news/ (Caused by NameResolutionError("HTTPSConnection(host='www.broncos.com.au', port=443): Failed to resolve 'www.broncos.com.au' ([Errno 8] nodename nor servname provided, or not known)"))
2026-08-26 04:03:06 [WARNING] Fetch failed Canterbury-Bankstown Bulldogs News https://www.bulldogs.com.au/news/ -- HTTPSConnectionPool(host='www.bulldogs.com.au', port=443): Max retries exceeded with url: /news/ (Caused by NameResolutionError("HTTPSConnection(host='www.bulldogs.com.au', port=443): Failed to resolve 'www.bulldogs.com.au' ([Errno 8] nodename nor servname provided, or not known)"))
2026-08-26 04:03:06 [WARNING] Fetch failed Canberra Raiders News            https://www.raiders.com.au/news/ -- HTTPSConnectionPool(host='www.raiders.com.au', port=443): Max retries exceeded with url: /news/ (Caused by NameResolutionError("HTTPSConnection(host='www.raiders.com.au', port=443): Failed to resolve 'www.raiders.com.au' ([Errno 8] nodename nor servname provided, or not known)"))
2026-08-26 04:03:06 [WARNING] Fetch failed Cronulla-Sutherland Sharks News  https://www.sharks.com.au/news/ -- HTTPSConnectionPool(host='www.sharks.com.au', port=443): Max retries exceeded with url: /news/ (Caused by NameResolutionError("HTTPSConnection(host='www.sharks.com.au', port=443): Failed to resolve 'www.sharks.com.au' ([Errno 8] nodename nor servname provided, or not known)"))
2026-08-26 04:03:06 [WARNING] Fetch failed Dolphins News                    https://www.dolphinsnrl.com.au/news/ -- HTTPSConnectionPool(host='www.dolphinsnrl.com.au', port=443): Max retries exceeded with url: /news/ (Caused by NameResolutionError("HTTPSConnection(host='www.dolphinsnrl.com.au', port=443): Failed to resolve 'www.dolphinsnrl.com.au' ([Errno 8] nodename nor servname provided, or not known)"))
2026-08-26 04:03:06 [WARNING] Fetch failed Gold Coast Titans News           https://www.titans.com.au/news/ -- HTTPSConnectionPool(host='www.titans.com.au', port=443): Max retries exceeded with url: /news/ (Caused by NameResolutionError("HTTPSConnection(host='www.titans.com.au', port=443): Failed to resolve 'www.titans.com.au' ([Errno 8] nodename nor servname provided, or not known)"))
2026-08-26 04:03:06 [WARNING] Fetch failed Manly-Warringah Sea Eagles News  https://www.seaeagles.com.au/news/ -- HTTPSConnectionPool(host='www.seaeagles.com.au', port=443): Max retries exceeded with url: /news/ (Caused by NameResolutionError("HTTPSConnection(host='www.seaeagles.com.au', port=443): Failed to resolve 'www.seaeagles.com.au' ([Errno 8] nodename nor servname provided, or not known)"))
2026-08-26 04:03:06 [WARNING] Fetch failed Melbourne Storm News             https://www.melbournestorm.com.au/news/ -- HTTPSConnectionPool(host='www.melbournestorm.com.au', port=443): Max retries exceeded with url: /news/ (Caused by NameResolutionError("HTTPSConnection(host='www.melbournestorm.com.au', port=443): Failed to resolve 'www.melbournestorm.com.au' ([Errno 8] nodename nor servname provided, or not known)"))
2026-08-26 04:03:06 [WARNING] Fetch failed Newcastle Knights News           https://www.newcastleknights.com.au/news/ -- HTTPSConnectionPool(host='www.newcastleknights.com.au', port=443): Max retries exceeded with url: /news/ (Caused by NameResolutionError("HTTPSConnection(host='www.newcastleknights.com.au', port=443): Failed to resolve 'www.newcastleknights.com.au' ([Errno 8] nodename nor servname provided, or not known)"))
2026-08-26 04:03:06 [WARNING] Fetch failed New Zealand Warriors News        https://www.warriors.kiwi/news/ -- HTTPSConnectionPool(host='www.warriors.kiwi', port=443): Max retries exceeded with url: /news/ (Caused by NameResolutionError("HTTPSConnection(host='www.warriors.kiwi', port=443): Failed to resolve 'www.warriors.kiwi' ([Errno 8] nodename nor servname provided, or not known)"))
2026-08-26 04:03:06 [WARNING] Fetch failed North Queensland Cowboys News    https://www.cowboys.com.au/news/ -- HTTPSConnectionPool(host='www.cowboys.com.au', port=443): Max retries exceeded with url: /news/ (Caused by NameResolutionError("HTTPSConnection(host='www.cowboys.com.au', port=443): Failed to resolve 'www.cowboys.com.au' ([Errno 8] nodename nor servname provided, or not known)"))
2026-08-26 04:03:06 [WARNING] Fetch failed Parramatta Eels News             https://www.parraeels.com.au/news/ -- HTTPSConnectionPool(host='www.parraeels.com.au', port=443): Max retries exceeded with url: /news/ (Caused by NameResolutionError("HTTPSConnection(host='www.parraeels.com.au', port=443): Failed to resolve 'www.parraeels.com.au' ([Errno 8] nodename nor servname provided, or not known)"))
2026-08-26 04:03:06 [WARNING] Fetch failed Penrith Panthers News            https://www.penrithpanthers.com.au/news/ -- HTTPSConnectionPool(host='www.penrithpanthers.com.au', port=443): Max retries exceeded with url: /news/ (Caused by NameResolutionError("HTTPSConnection(host='www.penrithpanthers.com.au', port=443): Failed to resolve 'www.penrithpanthers.com.au' ([Errno 8] nodename nor servname provided, or not known)"))
2026-08-26 04:03:06 [WARNING] Fetch failed South Sydney Rabbitohs News      https://www.rabbitohs.com.au/news/ -- HTTPSConnectionPool(host='www.rabbitohs.com.au', port=443): Max retries exceeded with url: /news/ (Caused by NameResolutionError("HTTPSConnection(host='www.rabbitohs.com.au', port=443): Failed to resolve 'www.rabbitohs.com.au' ([Errno 8] nodename nor servname provided, or not known)"))
2026-08-26 04:03:06 [WARNING] Fetch failed St. George Illawarra Dragons News https://www.dragons.com.au/news/ -- HTTPSConnectionPool(host='www.dragons.com.au', port=443): Max retries exceeded with url: /news/ (Caused by NameResolutionError("HTTPSConnection(host='www.dragons.com.au', port=443): Failed to resolve 'www.dragons.com.au' ([Errno 8] nodename nor servname provided, or not known)"))
2026-08-26 04:03:06 [WARNING] Fetch failed Sydney Roosters News             https://www.roosters.com.au/news/ -- HTTPSConnectionPool(host='www.roosters.com.au', port=443): Max retries exceeded with url: /news/ (Caused by NameResolutionError("HTTPSConnection(host='www.roosters.com.au', port=443): Failed to resolve 'www.roosters.com.au' ([Errno 8] nodename nor servname provided, or not known)"))
2026-08-26 04:03:06 [WARNING] Fetch failed Wests Tigers News                https://www.weststigers.com.au/news/ -- HTTPSConnectionPool(host='www.weststigers.com.au', port=443): Max retries exceeded with url: /news/ (Caused by NameResolutionError("HTTPSConnection(host='www.weststigers.com.au', port=443): Failed to resolve 'www.weststigers.com.au' ([Errno 8] nodename nor servname provided, or not known)"))
2026-08-26 04:03:06 [INFO] Wrote 0 flags
2026-08-26 04:03:06 [INFO] JSON: /Users/elliotbladen/BetMate/data/nrl/news_flags/processed/2026/2026-08-26.json
2026-08-26 04:03:06 [INFO] CSV:  /Users/elliotbladen/BetMate/data/nrl/news_flags/processed/2026/2026-08-26.csv
2026-08-26 04:03:06 [INFO] News flags complete -- 0 total, 0 HIGH
[2026-08-26T04:03:06] AFL injuries
2026-08-26 04:03:06 [INFO] Targeting season=2026 round=23
2026-08-26 04:03:06 [INFO] Attempt 1/3 -- AFL injuries R23 2026
2026-08-26 04:03:06 [WARNING] Fetch failed https://www.footywire.com/afl/footy/injury_list -- HTTPSConnectionPool(host='www.footywire.com', port=443): Max retries exceeded with url: /afl/footy/injury_list (Caused by NameResolutionError("HTTPSConnection(host='www.footywire.com', port=443): Failed to resolve 'www.footywire.com' ([Errno 8] nodename nor servname provided, or not known)"))
2026-08-26 04:03:06 [WARNING] Fetch failed, retrying in 30s
2026-08-26 04:03:36 [INFO] Attempt 2/3 -- AFL injuries R23 2026
2026-08-26 04:03:36 [WARNING] Fetch failed https://www.footywire.com/afl/footy/injury_list -- HTTPSConnectionPool(host='www.footywire.com', port=443): Max retries exceeded with url: /afl/footy/injury_list (Caused by NameResolutionError("HTTPSConnection(host='www.footywire.com', port=443): Failed to resolve 'www.footywire.com' ([Errno 8] nodename nor servname provided, or not known)"))
2026-08-26 04:03:36 [WARNING] Fetch failed, retrying in 30s
2026-08-26 04:04:06 [INFO] Attempt 3/3 -- AFL injuries R23 2026
2026-08-26 04:04:06 [WARNING] Fetch failed https://www.footywire.com/afl/footy/injury_list -- HTTPSConnectionPool(host='www.footywire.com', port=443): Max retries exceeded with url: /afl/footy/injury_list (Caused by NameResolutionError("HTTPSConnection(host='www.footywire.com', port=443): Failed to resolve 'www.footywire.com' ([Errno 8] nodename nor servname provided, or not known)"))
2026-08-26 04:04:06 [ERROR] All attempts exhausted -- no AFL injury data
[2026-08-26T04:04:06] Market event log
Wrote 747 events -> /Users/elliotbladen/BetMate/data/market_events/2026_events.csv
  injury: 747
AFL injury refresh pinned to prepared round 23
[2026-08-26T05:04:07] NRL injuries
2026-08-26 05:04:08 [INFO] Targeting season=2026 round=26
2026-08-26 05:04:08 [INFO] Attempt 1/3 -- Zero Tackle injuries R26 2026
2026-08-26 05:04:08 [WARNING] Fetch failed https://www.zerotackle.com/nrl/teams/brisbane-broncos/ -- HTTPSConnectionPool(host='www.zerotackle.com', port=443): Max retries exceeded with url: /nrl/teams/brisbane-broncos/ (Caused by NameResolutionError("HTTPSConnection(host='www.zerotackle.com', port=443): Failed to resolve 'www.zerotackle.com' ([Errno 8] nodename nor servname provided, or not known)"))
2026-08-26 05:04:08 [WARNING] Failed to fetch Zero Tackle page for Brisbane Broncos
2026-08-26 05:04:08 [WARNING] Fetch failed https://www.zerotackle.com/nrl/teams/canberra-raiders/ -- HTTPSConnectionPool(host='www.zerotackle.com', port=443): Max retries exceeded with url: /nrl/teams/canberra-raiders/ (Caused by NameResolutionError("HTTPSConnection(host='www.zerotackle.com', port=443): Failed to resolve 'www.zerotackle.com' ([Errno 8] nodename nor servname provided, or not known)"))
2026-08-26 05:04:08 [WARNING] Failed to fetch Zero Tackle page for Canberra Raiders
2026-08-26 05:04:08 [WARNING] Fetch failed https://www.zerotackle.com/nrl/teams/canterbury-bankstown-bulldogs/ -- HTTPSConnectionPool(host='www.zerotackle.com', port=443): Max retries exceeded with url: /nrl/teams/canterbury-bankstown-bulldogs/ (Caused by NameResolutionError("HTTPSConnection(host='www.zerotackle.com', port=443): Failed to resolve 'www.zerotackle.com' ([Errno 8] nodename nor servname provided, or not known)"))
2026-08-26 05:04:08 [WARNING] Failed to fetch Zero Tackle page for Canterbury-Bankstown Bulldogs
2026-08-26 05:04:08 [WARNING] Fetch failed https://www.zerotackle.com/nrl/teams/cronulla-sharks/ -- HTTPSConnectionPool(host='www.zerotackle.com', port=443): Max retries exceeded with url: /nrl/teams/cronulla-sharks/ (Caused by NameResolutionError("HTTPSConnection(host='www.zerotackle.com', port=443): Failed to resolve 'www.zerotackle.com' ([Errno 8] nodename nor servname provided, or not known)"))
2026-08-26 05:04:08 [WARNING] Failed to fetch Zero Tackle page for Cronulla-Sutherland Sharks
2026-08-26 05:04:08 [WARNING] Fetch failed https://www.zerotackle.com/nrl/teams/dolphins/ -- HTTPSConnectionPool(host='www.zerotackle.com', port=443): Max retries exceeded with url: /nrl/teams/dolphins/ (Caused by NameResolutionError("HTTPSConnection(host='www.zerotackle.com', port=443): Failed to resolve 'www.zerotackle.com' ([Errno 8] nodename nor servname provided, or not known)"))
2026-08-26 05:04:08 [WARNING] Failed to fetch Zero Tackle page for Dolphins
2026-08-26 05:04:08 [WARNING] Fetch failed https://www.zerotackle.com/nrl/teams/gold-coast-titans/ -- HTTPSConnectionPool(host='www.zerotackle.com', port=443): Max retries exceeded with url: /nrl/teams/gold-coast-titans/ (Caused by NameResolutionError("HTTPSConnection(host='www.zerotackle.com', port=443): Failed to resolve 'www.zerotackle.com' ([Errno 8] nodename nor servname provided, or not known)"))
2026-08-26 05:04:08 [WARNING] Failed to fetch Zero Tackle page for Gold Coast Titans
2026-08-26 05:04:08 [WARNING] Fetch failed https://www.zerotackle.com/nrl/teams/manly-sea-eagles/ -- HTTPSConnectionPool(host='www.zerotackle.com', port=443): Max retries exceeded with url: /nrl/teams/manly-sea-eagles/ (Caused by NameResolutionError("HTTPSConnection(host='www.zerotackle.com', port=443): Failed to resolve 'www.zerotackle.com' ([Errno 8] nodename nor servname provided, or not known)"))
2026-08-26 05:04:08 [WARNING] Failed to fetch Zero Tackle page for Manly-Warringah Sea Eagles
2026-08-26 05:04:08 [WARNING] Fetch failed https://www.zerotackle.com/nrl/teams/melbourne-storm/ -- HTTPSConnectionPool(host='www.zerotackle.com', port=443): Max retries exceeded with url: /nrl/teams/melbourne-storm/ (Caused by NameResolutionError("HTTPSConnection(host='www.zerotackle.com', port=443): Failed to resolve 'www.zerotackle.com' ([Errno 8] nodename nor servname provided, or not known)"))
2026-08-26 05:04:08 [WARNING] Failed to fetch Zero Tackle page for Melbourne Storm
2026-08-26 05:04:08 [WARNING] Fetch failed https://www.zerotackle.com/nrl/teams/newcastle-knights/ -- HTTPSConnectionPool(host='www.zerotackle.com', port=443): Max retries exceeded with url: /nrl/teams/newcastle-knights/ (Caused by NameResolutionError("HTTPSConnection(host='www.zerotackle.com', port=443): Failed to resolve 'www.zerotackle.com' ([Errno 8] nodename nor servname provided, or not known)"))
2026-08-26 05:04:08 [WARNING] Failed to fetch Zero Tackle page for Newcastle Knights
2026-08-26 05:04:08 [WARNING] Fetch failed https://www.zerotackle.com/nrl/teams/new-zealand-warriors/ -- HTTPSConnectionPool(host='www.zerotackle.com', port=443): Max retries exceeded with url: /nrl/teams/new-zealand-warriors/ (Caused by NameResolutionError("HTTPSConnection(host='www.zerotackle.com', port=443): Failed to resolve 'www.zerotackle.com' ([Errno 8] nodename nor servname provided, or not known)"))
2026-08-26 05:04:08 [WARNING] Failed to fetch Zero Tackle page for New Zealand Warriors
2026-08-26 05:04:08 [WARNING] Fetch failed https://www.zerotackle.com/nrl/teams/north-queensland-cowboys/ -- HTTPSConnectionPool(host='www.zerotackle.com', port=443): Max retries exceeded with url: /nrl/teams/north-queensland-cowboys/ (Caused by NameResolutionError("HTTPSConnection(host='www.zerotackle.com', port=443): Failed to resolve 'www.zerotackle.com' ([Errno 8] nodename nor servname provided, or not known)"))
2026-08-26 05:04:08 [WARNING] Failed to fetch Zero Tackle page for North Queensland Cowboys
2026-08-26 05:04:08 [WARNING] Fetch failed https://www.zerotackle.com/nrl/teams/parramatta-eels/ -- HTTPSConnectionPool(host='www.zerotackle.com', port=443): Max retries exceeded with url: /nrl/teams/parramatta-eels/ (Caused by NameResolutionError("HTTPSConnection(host='www.zerotackle.com', port=443): Failed to resolve 'www.zerotackle.com' ([Errno 8] nodename nor servname provided, or not known)"))
2026-08-26 05:04:08 [WARNING] Failed to fetch Zero Tackle page for Parramatta Eels
2026-08-26 05:04:08 [WARNING] Fetch failed https://www.zerotackle.com/nrl/teams/penrith-panthers/ -- HTTPSConnectionPool(host='www.zerotackle.com', port=443): Max retries exceeded with url: /nrl/teams/penrith-panthers/ (Caused by NameResolutionError("HTTPSConnection(host='www.zerotackle.com', port=443): Failed to resolve 'www.zerotackle.com' ([Errno 8] nodename nor servname provided, or not known)"))
2026-08-26 05:04:08 [WARNING] Failed to fetch Zero Tackle page for Penrith Panthers
2026-08-26 05:04:08 [WARNING] Fetch failed https://www.zerotackle.com/nrl/teams/south-sydney-rabbitohs/ -- HTTPSConnectionPool(host='www.zerotackle.com', port=443): Max retries exceeded with url: /nrl/teams/south-sydney-rabbitohs/ (Caused by NameResolutionError("HTTPSConnection(host='www.zerotackle.com', port=443): Failed to resolve 'www.zerotackle.com' ([Errno 8] nodename nor servname provided, or not known)"))
2026-08-26 05:04:08 [WARNING] Failed to fetch Zero Tackle page for South Sydney Rabbitohs
2026-08-26 05:04:08 [WARNING] Fetch failed https://www.zerotackle.com/nrl/teams/st-george-illawarra-dragons/ -- HTTPSConnectionPool(host='www.zerotackle.com', port=443): Max retries exceeded with url: /nrl/teams/st-george-illawarra-dragons/ (Caused by NameResolutionError("HTTPSConnection(host='www.zerotackle.com', port=443): Failed to resolve 'www.zerotackle.com' ([Errno 8] nodename nor servname provided, or not known)"))
2026-08-26 05:04:08 [WARNING] Failed to fetch Zero Tackle page for St. George Illawarra Dragons
2026-08-26 05:04:08 [WARNING] Fetch failed https://www.zerotackle.com/nrl/teams/sydney-roosters/ -- HTTPSConnectionPool(host='www.zerotackle.com', port=443): Max retries exceeded with url: /nrl/teams/sydney-roosters/ (Caused by NameResolutionError("HTTPSConnection(host='www.zerotackle.com', port=443): Failed to resolve 'www.zerotackle.com' ([Errno 8] nodename nor servname provided, or not known)"))
2026-08-26 05:04:08 [WARNING] Failed to fetch Zero Tackle page for Sydney Roosters
2026-08-26 05:04:08 [WARNING] Fetch failed https://www.zerotackle.com/nrl/teams/wests-tigers/ -- HTTPSConnectionPool(host='www.zerotackle.com', port=443): Max retries exceeded with url: /nrl/teams/wests-tigers/ (Caused by NameResolutionError("HTTPSConnection(host='www.zerotackle.com', port=443): Failed to resolve 'www.zerotackle.com' ([Errno 8] nodename nor servname provided, or not known)"))
2026-08-26 05:04:08 [WARNING] Failed to fetch Zero Tackle page for Wests Tigers
2026-08-26 05:04:08 [INFO] Zero Tackle total: 0 records across 17 teams
2026-08-26 05:04:08 [WARNING] Zero Tackle returned 0 records, retrying in 30s
2026-08-26 05:04:38 [INFO] Attempt 2/3 -- Zero Tackle injuries R26 2026
2026-08-26 05:04:38 [WARNING] Fetch failed https://www.zerotackle.com/nrl/teams/brisbane-broncos/ -- HTTPSConnectionPool(host='www.zerotackle.com', port=443): Max retries exceeded with url: /nrl/teams/brisbane-broncos/ (Caused by NameResolutionError("HTTPSConnection(host='www.zerotackle.com', port=443): Failed to resolve 'www.zerotackle.com' ([Errno 8] nodename nor servname provided, or not known)"))
2026-08-26 05:04:38 [WARNING] Failed to fetch Zero Tackle page for Brisbane Broncos
2026-08-26 05:04:38 [WARNING] Fetch failed https://www.zerotackle.com/nrl/teams/canberra-raiders/ -- HTTPSConnectionPool(host='www.zerotackle.com', port=443): Max retries exceeded with url: /nrl/teams/canberra-raiders/ (Caused by NameResolutionError("HTTPSConnection(host='www.zerotackle.com', port=443): Failed to resolve 'www.zerotackle.com' ([Errno 8] nodename nor servname provided, or not known)"))
2026-08-26 05:04:38 [WARNING] Failed to fetch Zero Tackle page for Canberra Raiders
2026-08-26 05:04:38 [WARNING] Fetch failed https://www.zerotackle.com/nrl/teams/canterbury-bankstown-bulldogs/ -- HTTPSConnectionPool(host='www.zerotackle.com', port=443): Max retries exceeded with url: /nrl/teams/canterbury-bankstown-bulldogs/ (Caused by NameResolutionError("HTTPSConnection(host='www.zerotackle.com', port=443): Failed to resolve 'www.zerotackle.com' ([Errno 8] nodename nor servname provided, or not known)"))
2026-08-26 05:04:38 [WARNING] Failed to fetch Zero Tackle page for Canterbury-Bankstown Bulldogs
2026-08-26 05:04:38 [WARNING] Fetch failed https://www.zerotackle.com/nrl/teams/cronulla-sharks/ -- HTTPSConnectionPool(host='www.zerotackle.com', port=443): Max retries exceeded with url: /nrl/teams/cronulla-sharks/ (Caused by NameResolutionError("HTTPSConnection(host='www.zerotackle.com', port=443): Failed to resolve 'www.zerotackle.com' ([Errno 8] nodename nor servname provided, or not known)"))
2026-08-26 05:04:38 [WARNING] Failed to fetch Zero Tackle page for Cronulla-Sutherland Sharks
2026-08-26 05:04:38 [WARNING] Fetch failed https://www.zerotackle.com/nrl/teams/dolphins/ -- HTTPSConnectionPool(host='www.zerotackle.com', port=443): Max retries exceeded with url: /nrl/teams/dolphins/ (Caused by NameResolutionError("HTTPSConnection(host='www.zerotackle.com', port=443): Failed to resolve 'www.zerotackle.com' ([Errno 8] nodename nor servname provided, or not known)"))
2026-08-26 05:04:38 [WARNING] Failed to fetch Zero Tackle page for Dolphins
2026-08-26 05:04:38 [WARNING] Fetch failed https://www.zerotackle.com/nrl/teams/gold-coast-titans/ -- HTTPSConnectionPool(host='www.zerotackle.com', port=443): Max retries exceeded with url: /nrl/teams/gold-coast-titans/ (Caused by NameResolutionError("HTTPSConnection(host='www.zerotackle.com', port=443): Failed to resolve 'www.zerotackle.com' ([Errno 8] nodename nor servname provided, or not known)"))
2026-08-26 05:04:38 [WARNING] Failed to fetch Zero Tackle page for Gold Coast Titans
2026-08-26 05:04:38 [WARNING] Fetch failed https://www.zerotackle.com/nrl/teams/manly-sea-eagles/ -- HTTPSConnectionPool(host='www.zerotackle.com', port=443): Max retries exceeded with url: /nrl/teams/manly-sea-eagles/ (Caused by NameResolutionError("HTTPSConnection(host='www.zerotackle.com', port=443): Failed to resolve 'www.zerotackle.com' ([Errno 8] nodename nor servname provided, or not known)"))
2026-08-26 05:04:38 [WARNING] Failed to fetch Zero Tackle page for Manly-Warringah Sea Eagles
2026-08-26 05:04:38 [WARNING] Fetch failed https://www.zerotackle.com/nrl/teams/melbourne-storm/ -- HTTPSConnectionPool(host='www.zerotackle.com', port=443): Max retries exceeded with url: /nrl/teams/melbourne-storm/ (Caused by NameResolutionError("HTTPSConnection(host='www.zerotackle.com', port=443): Failed to resolve 'www.zerotackle.com' ([Errno 8] nodename nor servname provided, or not known)"))
2026-08-26 05:04:38 [WARNING] Failed to fetch Zero Tackle page for Melbourne Storm
2026-08-26 05:04:38 [WARNING] Fetch failed https://www.zerotackle.com/nrl/teams/newcastle-knights/ -- HTTPSConnectionPool(host='www.zerotackle.com', port=443): Max retries exceeded with url: /nrl/teams/newcastle-knights/ (Caused by NameResolutionError("HTTPSConnection(host='www.zerotackle.com', port=443): Failed to resolve 'www.zerotackle.com' ([Errno 8] nodename nor servname provided, or not known)"))
2026-08-26 05:04:38 [WARNING] Failed to fetch Zero Tackle page for Newcastle Knights
2026-08-26 05:04:38 [WARNING] Fetch failed https://www.zerotackle.com/nrl/teams/new-zealand-warriors/ -- HTTPSConnectionPool(host='www.zerotackle.com', port=443): Max retries exceeded with url: /nrl/teams/new-zealand-warriors/ (Caused by NameResolutionError("HTTPSConnection(host='www.zerotackle.com', port=443): Failed to resolve 'www.zerotackle.com' ([Errno 8] nodename nor servname provided, or not known)"))
2026-08-26 05:04:38 [WARNING] Failed to fetch Zero Tackle page for New Zealand Warriors
2026-08-26 05:04:38 [WARNING] Fetch failed https://www.zerotackle.com/nrl/teams/north-queensland-cowboys/ -- HTTPSConnectionPool(host='www.zerotackle.com', port=443): Max retries exceeded with url: /nrl/teams/north-queensland-cowboys/ (Caused by NameResolutionError("HTTPSConnection(host='www.zerotackle.com', port=443): Failed to resolve 'www.zerotackle.com' ([Errno 8] nodename nor servname provided, or not known)"))
2026-08-26 05:04:38 [WARNING] Failed to fetch Zero Tackle page for North Queensland Cowboys
2026-08-26 05:04:38 [WARNING] Fetch failed https://www.zerotackle.com/nrl/teams/parramatta-eels/ -- HTTPSConnectionPool(host='www.zerotackle.com', port=443): Max retries exceeded with url: /nrl/teams/parramatta-eels/ (Caused by NameResolutionError("HTTPSConnection(host='www.zerotackle.com', port=443): Failed to resolve 'www.zerotackle.com' ([Errno 8] nodename nor servname provided, or not known)"))
2026-08-26 05:04:38 [WARNING] Failed to fetch Zero Tackle page for Parramatta Eels
2026-08-26 05:04:38 [WARNING] Fetch failed https://www.zerotackle.com/nrl/teams/penrith-panthers/ -- HTTPSConnectionPool(host='www.zerotackle.com', port=443): Max retries exceeded with url: /nrl/teams/penrith-panthers/ (Caused by NameResolutionError("HTTPSConnection(host='www.zerotackle.com', port=443): Failed to resolve 'www.zerotackle.com' ([Errno 8] nodename nor servname provided, or not known)"))
2026-08-26 05:04:38 [WARNING] Failed to fetch Zero Tackle page for Penrith Panthers
2026-08-26 05:04:38 [WARNING] Fetch failed https://www.zerotackle.com/nrl/teams/south-sydney-rabbitohs/ -- HTTPSConnectionPool(host='www.zerotackle.com', port=443): Max retries exceeded with url: /nrl/teams/south-sydney-rabbitohs/ (Caused by NameResolutionError("HTTPSConnection(host='www.zerotackle.com', port=443): Failed to resolve 'www.zerotackle.com' ([Errno 8] nodename nor servname provided, or not known)"))
2026-08-26 05:04:38 [WARNING] Failed to fetch Zero Tackle page for South Sydney Rabbitohs
2026-08-26 05:04:38 [WARNING] Fetch failed https://www.zerotackle.com/nrl/teams/st-george-illawarra-dragons/ -- HTTPSConnectionPool(host='www.zerotackle.com', port=443): Max retries exceeded with url: /nrl/teams/st-george-illawarra-dragons/ (Caused by NameResolutionError("HTTPSConnection(host='www.zerotackle.com', port=443): Failed to resolve 'www.zerotackle.com' ([Errno 8] nodename nor servname provided, or not known)"))
2026-08-26 05:04:38 [WARNING] Failed to fetch Zero Tackle page for St. George Illawarra Dragons
2026-08-26 05:04:38 [WARNING] Fetch failed https://www.zerotackle.com/nrl/teams/sydney-roosters/ -- HTTPSConnectionPool(host='www.zerotackle.com', port=443): Max retries exceeded with url: /nrl/teams/sydney-roosters/ (Caused by NameResolutionError("HTTPSConnection(host='www.zerotackle.com', port=443): Failed to resolve 'www.zerotackle.com' ([Errno 8] nodename nor servname provided, or not known)"))
2026-08-26 05:04:38 [WARNING] Failed to fetch Zero Tackle page for Sydney Roosters
2026-08-26 05:04:38 [WARNING] Fetch failed https://www.zerotackle.com/nrl/teams/wests-tigers/ -- HTTPSConnectionPool(host='www.zerotackle.com', port=443): Max retries exceeded with url: /nrl/teams/wests-tigers/ (Caused by NameResolutionError("HTTPSConnection(host='www.zerotackle.com', port=443): Failed to resolve 'www.zerotackle.com' ([Errno 8] nodename nor servname provided, or not known)"))
2026-08-26 05:04:38 [WARNING] Failed to fetch Zero Tackle page for Wests Tigers
2026-08-26 05:04:38 [INFO] Zero Tackle total: 0 records across 17 teams
2026-08-26 05:04:38 [WARNING] Zero Tackle returned 0 records, retrying in 30s
2026-08-26 05:05:08 [INFO] Attempt 3/3 -- Zero Tackle injuries R26 2026
2026-08-26 05:05:08 [WARNING] Fetch failed https://www.zerotackle.com/nrl/teams/brisbane-broncos/ -- HTTPSConnectionPool(host='www.zerotackle.com', port=443): Max retries exceeded with url: /nrl/teams/brisbane-broncos/ (Caused by NameResolutionError("HTTPSConnection(host='www.zerotackle.com', port=443): Failed to resolve 'www.zerotackle.com' ([Errno 8] nodename nor servname provided, or not known)"))
2026-08-26 05:05:08 [WARNING] Failed to fetch Zero Tackle page for Brisbane Broncos
2026-08-26 05:05:08 [WARNING] Fetch failed https://www.zerotackle.com/nrl/teams/canberra-raiders/ -- HTTPSConnectionPool(host='www.zerotackle.com', port=443): Max retries exceeded with url: /nrl/teams/canberra-raiders/ (Caused by NameResolutionError("HTTPSConnection(host='www.zerotackle.com', port=443): Failed to resolve 'www.zerotackle.com' ([Errno 8] nodename nor servname provided, or not known)"))
2026-08-26 05:05:08 [WARNING] Failed to fetch Zero Tackle page for Canberra Raiders
2026-08-26 05:05:08 [WARNING] Fetch failed https://www.zerotackle.com/nrl/teams/canterbury-bankstown-bulldogs/ -- HTTPSConnectionPool(host='www.zerotackle.com', port=443): Max retries exceeded with url: /nrl/teams/canterbury-bankstown-bulldogs/ (Caused by NameResolutionError("HTTPSConnection(host='www.zerotackle.com', port=443): Failed to resolve 'www.zerotackle.com' ([Errno 8] nodename nor servname provided, or not known)"))
2026-08-26 05:05:08 [WARNING] Failed to fetch Zero Tackle page for Canterbury-Bankstown Bulldogs
2026-08-26 05:05:08 [WARNING] Fetch failed https://www.zerotackle.com/nrl/teams/cronulla-sharks/ -- HTTPSConnectionPool(host='www.zerotackle.com', port=443): Max retries exceeded with url: /nrl/teams/cronulla-sharks/ (Caused by NameResolutionError("HTTPSConnection(host='www.zerotackle.com', port=443): Failed to resolve 'www.zerotackle.com' ([Errno 8] nodename nor servname provided, or not known)"))
2026-08-26 05:05:08 [WARNING] Failed to fetch Zero Tackle page for Cronulla-Sutherland Sharks
2026-08-26 05:05:08 [WARNING] Fetch failed https://www.zerotackle.com/nrl/teams/dolphins/ -- HTTPSConnectionPool(host='www.zerotackle.com', port=443): Max retries exceeded with url: /nrl/teams/dolphins/ (Caused by NameResolutionError("HTTPSConnection(host='www.zerotackle.com', port=443): Failed to resolve 'www.zerotackle.com' ([Errno 8] nodename nor servname provided, or not known)"))
2026-08-26 05:05:08 [WARNING] Failed to fetch Zero Tackle page for Dolphins
2026-08-26 05:05:08 [WARNING] Fetch failed https://www.zerotackle.com/nrl/teams/gold-coast-titans/ -- HTTPSConnectionPool(host='www.zerotackle.com', port=443): Max retries exceeded with url: /nrl/teams/gold-coast-titans/ (Caused by NameResolutionError("HTTPSConnection(host='www.zerotackle.com', port=443): Failed to resolve 'www.zerotackle.com' ([Errno 8] nodename nor servname provided, or not known)"))
2026-08-26 05:05:08 [WARNING] Failed to fetch Zero Tackle page for Gold Coast Titans
2026-08-26 05:05:08 [WARNING] Fetch failed https://www.zerotackle.com/nrl/teams/manly-sea-eagles/ -- HTTPSConnectionPool(host='www.zerotackle.com', port=443): Max retries exceeded with url: /nrl/teams/manly-sea-eagles/ (Caused by NameResolutionError("HTTPSConnection(host='www.zerotackle.com', port=443): Failed to resolve 'www.zerotackle.com' ([Errno 8] nodename nor servname provided, or not known)"))
2026-08-26 05:05:08 [WARNING] Failed to fetch Zero Tackle page for Manly-Warringah Sea Eagles
2026-08-26 05:05:08 [WARNING] Fetch failed https://www.zerotackle.com/nrl/teams/melbourne-storm/ -- HTTPSConnectionPool(host='www.zerotackle.com', port=443): Max retries exceeded with url: /nrl/teams/melbourne-storm/ (Caused by NameResolutionError("HTTPSConnection(host='www.zerotackle.com', port=443): Failed to resolve 'www.zerotackle.com' ([Errno 8] nodename nor servname provided, or not known)"))
2026-08-26 05:05:08 [WARNING] Failed to fetch Zero Tackle page for Melbourne Storm
2026-08-26 05:05:08 [WARNING] Fetch failed https://www.zerotackle.com/nrl/teams/newcastle-knights/ -- HTTPSConnectionPool(host='www.zerotackle.com', port=443): Max retries exceeded with url: /nrl/teams/newcastle-knights/ (Caused by NameResolutionError("HTTPSConnection(host='www.zerotackle.com', port=443): Failed to resolve 'www.zerotackle.com' ([Errno 8] nodename nor servname provided, or not known)"))
2026-08-26 05:05:08 [WARNING] Failed to fetch Zero Tackle page for Newcastle Knights
2026-08-26 05:05:08 [WARNING] Fetch failed https://www.zerotackle.com/nrl/teams/new-zealand-warriors/ -- HTTPSConnectionPool(host='www.zerotackle.com', port=443): Max retries exceeded with url: /nrl/teams/new-zealand-warriors/ (Caused by NameResolutionError("HTTPSConnection(host='www.zerotackle.com', port=443): Failed to resolve 'www.zerotackle.com' ([Errno 8] nodename nor servname provided, or not known)"))
2026-08-26 05:05:08 [WARNING] Failed to fetch Zero Tackle page for New Zealand Warriors
2026-08-26 05:05:08 [WARNING] Fetch failed https://www.zerotackle.com/nrl/teams/north-queensland-cowboys/ -- HTTPSConnectionPool(host='www.zerotackle.com', port=443): Max retries exceeded with url: /nrl/teams/north-queensland-cowboys/ (Caused by NameResolutionError("HTTPSConnection(host='www.zerotackle.com', port=443): Failed to resolve 'www.zerotackle.com' ([Errno 8] nodename nor servname provided, or not known)"))
2026-08-26 05:05:08 [WARNING] Failed to fetch Zero Tackle page for North Queensland Cowboys
2026-08-26 05:05:08 [WARNING] Fetch failed https://www.zerotackle.com/nrl/teams/parramatta-eels/ -- HTTPSConnectionPool(host='www.zerotackle.com', port=443): Max retries exceeded with url: /nrl/teams/parramatta-eels/ (Caused by NameResolutionError("HTTPSConnection(host='www.zerotackle.com', port=443): Failed to resolve 'www.zerotackle.com' ([Errno 8] nodename nor servname provided, or not known)"))
2026-08-26 05:05:08 [WARNING] Failed to fetch Zero Tackle page for Parramatta Eels
2026-08-26 05:05:08 [WARNING] Fetch failed https://www.zerotackle.com/nrl/teams/penrith-panthers/ -- HTTPSConnectionPool(host='www.zerotackle.com', port=443): Max retries exceeded with url: /nrl/teams/penrith-panthers/ (Caused by NameResolutionError("HTTPSConnection(host='www.zerotackle.com', port=443): Failed to resolve 'www.zerotackle.com' ([Errno 8] nodename nor servname provided, or not known)"))
2026-08-26 05:05:08 [WARNING] Failed to fetch Zero Tackle page for Penrith Panthers
2026-08-26 05:05:08 [WARNING] Fetch failed https://www.zerotackle.com/nrl/teams/south-sydney-rabbitohs/ -- HTTPSConnectionPool(host='www.zerotackle.com', port=443): Max retries exceeded with url: /nrl/teams/south-sydney-rabbitohs/ (Caused by NameResolutionError("HTTPSConnection(host='www.zerotackle.com', port=443): Failed to resolve 'www.zerotackle.com' ([Errno 8] nodename nor servname provided, or not known)"))
2026-08-26 05:05:08 [WARNING] Failed to fetch Zero Tackle page for South Sydney Rabbitohs
2026-08-26 05:05:08 [WARNING] Fetch failed https://www.zerotackle.com/nrl/teams/st-george-illawarra-dragons/ -- HTTPSConnectionPool(host='www.zerotackle.com', port=443): Max retries exceeded with url: /nrl/teams/st-george-illawarra-dragons/ (Caused by NameResolutionError("HTTPSConnection(host='www.zerotackle.com', port=443): Failed to resolve 'www.zerotackle.com' ([Errno 8] nodename nor servname provided, or not known)"))
2026-08-26 05:05:08 [WARNING] Failed to fetch Zero Tackle page for St. George Illawarra Dragons
2026-08-26 05:05:08 [WARNING] Fetch failed https://www.zerotackle.com/nrl/teams/sydney-roosters/ -- HTTPSConnectionPool(host='www.zerotackle.com', port=443): Max retries exceeded with url: /nrl/teams/sydney-roosters/ (Caused by NameResolutionError("HTTPSConnection(host='www.zerotackle.com', port=443): Failed to resolve 'www.zerotackle.com' ([Errno 8] nodename nor servname provided, or not known)"))
2026-08-26 05:05:08 [WARNING] Failed to fetch Zero Tackle page for Sydney Roosters
2026-08-26 05:05:08 [WARNING] Fetch failed https://www.zerotackle.com/nrl/teams/wests-tigers/ -- HTTPSConnectionPool(host='www.zerotackle.com', port=443): Max retries exceeded with url: /nrl/teams/wests-tigers/ (Caused by NameResolutionError("HTTPSConnection(host='www.zerotackle.com', port=443): Failed to resolve 'www.zerotackle.com' ([Errno 8] nodename nor servname provided, or not known)"))
2026-08-26 05:05:08 [WARNING] Failed to fetch Zero Tackle page for Wests Tigers
2026-08-26 05:05:08 [INFO] Zero Tackle total: 0 records across 17 teams
2026-08-26 05:05:08 [ERROR] All attempts exhausted -- no injury data
[2026-08-26T05:05:08] NRL team news
Written /Users/elliotbladen/BetMate/data/nrl/team-news/latest.json
  Round 26 | Teams: 17 | Injuries: 83 | Suspensions preserved: 0
[2026-08-26T05:05:09] NRL market-moving news
2026-08-26 05:05:09 [INFO] Targeting season=2026 round=26
2026-08-26 05:05:09 [WARNING] Fetch failed NRL Casualty Ward                https://www.nrl.com/news/2026/01/01/nrl-casualty-ward-how-your-club-is-shaping-heading-into-2026/ -- HTTPSConnectionPool(host='www.nrl.com', port=443): Max retries exceeded with url: /news/2026/01/01/nrl-casualty-ward-how-your-club-is-shaping-heading-into-2026/ (Caused by NameResolutionError("HTTPSConnection(host='www.nrl.com', port=443): Failed to resolve 'www.nrl.com' ([Errno 8] nodename nor servname provided, or not known)"))
2026-08-26 05:05:09 [WARNING] Fetch failed NRL Judiciary Report             https://www.nrl.com/news/2026/01/01/nrl-judiciary-report-2026/ -- HTTPSConnectionPool(host='www.nrl.com', port=443): Max retries exceeded with url: /news/2026/01/01/nrl-judiciary-report-2026/ (Caused by NameResolutionError("HTTPSConnection(host='www.nrl.com', port=443): Failed to resolve 'www.nrl.com' ([Errno 8] nodename nor servname provided, or not known)"))
2026-08-26 05:05:09 [WARNING] Fetch failed NRL News                         https://www.nrl.com/news/ -- HTTPSConnectionPool(host='www.nrl.com', port=443): Max retries exceeded with url: /news/ (Caused by NameResolutionError("HTTPSConnection(host='www.nrl.com', port=443): Failed to resolve 'www.nrl.com' ([Errno 8] nodename nor servname provided, or not known)"))
2026-08-26 05:05:09 [WARNING] Fetch failed Brisbane Broncos News            https://www.broncos.com.au/news/ -- HTTPSConnectionPool(host='www.broncos.com.au', port=443): Max retries exceeded with url: /news/ (Caused by NameResolutionError("HTTPSConnection(host='www.broncos.com.au', port=443): Failed to resolve 'www.broncos.com.au' ([Errno 8] nodename nor servname provided, or not known)"))
2026-08-26 05:05:09 [WARNING] Fetch failed Canterbury-Bankstown Bulldogs News https://www.bulldogs.com.au/news/ -- HTTPSConnectionPool(host='www.bulldogs.com.au', port=443): Max retries exceeded with url: /news/ (Caused by NameResolutionError("HTTPSConnection(host='www.bulldogs.com.au', port=443): Failed to resolve 'www.bulldogs.com.au' ([Errno 8] nodename nor servname provided, or not known)"))
2026-08-26 05:05:09 [WARNING] Fetch failed Canberra Raiders News            https://www.raiders.com.au/news/ -- HTTPSConnectionPool(host='www.raiders.com.au', port=443): Max retries exceeded with url: /news/ (Caused by NameResolutionError("HTTPSConnection(host='www.raiders.com.au', port=443): Failed to resolve 'www.raiders.com.au' ([Errno 8] nodename nor servname provided, or not known)"))
2026-08-26 05:05:09 [WARNING] Fetch failed Cronulla-Sutherland Sharks News  https://www.sharks.com.au/news/ -- HTTPSConnectionPool(host='www.sharks.com.au', port=443): Max retries exceeded with url: /news/ (Caused by NameResolutionError("HTTPSConnection(host='www.sharks.com.au', port=443): Failed to resolve 'www.sharks.com.au' ([Errno 8] nodename nor servname provided, or not known)"))
2026-08-26 05:05:09 [WARNING] Fetch failed Dolphins News                    https://www.dolphinsnrl.com.au/news/ -- HTTPSConnectionPool(host='www.dolphinsnrl.com.au', port=443): Max retries exceeded with url: /news/ (Caused by NameResolutionError("HTTPSConnection(host='www.dolphinsnrl.com.au', port=443): Failed to resolve 'www.dolphinsnrl.com.au' ([Errno 8] nodename nor servname provided, or not known)"))
2026-08-26 05:05:09 [WARNING] Fetch failed Gold Coast Titans News           https://www.titans.com.au/news/ -- HTTPSConnectionPool(host='www.titans.com.au', port=443): Max retries exceeded with url: /news/ (Caused by NameResolutionError("HTTPSConnection(host='www.titans.com.au', port=443): Failed to resolve 'www.titans.com.au' ([Errno 8] nodename nor servname provided, or not known)"))
2026-08-26 05:05:09 [WARNING] Fetch failed Manly-Warringah Sea Eagles News  https://www.seaeagles.com.au/news/ -- HTTPSConnectionPool(host='www.seaeagles.com.au', port=443): Max retries exceeded with url: /news/ (Caused by NameResolutionError("HTTPSConnection(host='www.seaeagles.com.au', port=443): Failed to resolve 'www.seaeagles.com.au' ([Errno 8] nodename nor servname provided, or not known)"))
2026-08-26 05:05:09 [WARNING] Fetch failed Melbourne Storm News             https://www.melbournestorm.com.au/news/ -- HTTPSConnectionPool(host='www.melbournestorm.com.au', port=443): Max retries exceeded with url: /news/ (Caused by NameResolutionError("HTTPSConnection(host='www.melbournestorm.com.au', port=443): Failed to resolve 'www.melbournestorm.com.au' ([Errno 8] nodename nor servname provided, or not known)"))
2026-08-26 05:05:09 [WARNING] Fetch failed Newcastle Knights News           https://www.newcastleknights.com.au/news/ -- HTTPSConnectionPool(host='www.newcastleknights.com.au', port=443): Max retries exceeded with url: /news/ (Caused by NameResolutionError("HTTPSConnection(host='www.newcastleknights.com.au', port=443): Failed to resolve 'www.newcastleknights.com.au' ([Errno 8] nodename nor servname provided, or not known)"))
2026-08-26 05:05:09 [WARNING] Fetch failed New Zealand Warriors News        https://www.warriors.kiwi/news/ -- HTTPSConnectionPool(host='www.warriors.kiwi', port=443): Max retries exceeded with url: /news/ (Caused by NameResolutionError("HTTPSConnection(host='www.warriors.kiwi', port=443): Failed to resolve 'www.warriors.kiwi' ([Errno 8] nodename nor servname provided, or not known)"))
2026-08-26 05:05:09 [WARNING] Fetch failed North Queensland Cowboys News    https://www.cowboys.com.au/news/ -- HTTPSConnectionPool(host='www.cowboys.com.au', port=443): Max retries exceeded with url: /news/ (Caused by NameResolutionError("HTTPSConnection(host='www.cowboys.com.au', port=443): Failed to resolve 'www.cowboys.com.au' ([Errno 8] nodename nor servname provided, or not known)"))
2026-08-26 05:05:09 [WARNING] Fetch failed Parramatta Eels News             https://www.parraeels.com.au/news/ -- HTTPSConnectionPool(host='www.parraeels.com.au', port=443): Max retries exceeded with url: /news/ (Caused by NameResolutionError("HTTPSConnection(host='www.parraeels.com.au', port=443): Failed to resolve 'www.parraeels.com.au' ([Errno 8] nodename nor servname provided, or not known)"))
2026-08-26 05:05:09 [WARNING] Fetch failed Penrith Panthers News            https://www.penrithpanthers.com.au/news/ -- HTTPSConnectionPool(host='www.penrithpanthers.com.au', port=443): Max retries exceeded with url: /news/ (Caused by NameResolutionError("HTTPSConnection(host='www.penrithpanthers.com.au', port=443): Failed to resolve 'www.penrithpanthers.com.au' ([Errno 8] nodename nor servname provided, or not known)"))
2026-08-26 05:05:09 [WARNING] Fetch failed South Sydney Rabbitohs News      https://www.rabbitohs.com.au/news/ -- HTTPSConnectionPool(host='www.rabbitohs.com.au', port=443): Max retries exceeded with url: /news/ (Caused by NameResolutionError("HTTPSConnection(host='www.rabbitohs.com.au', port=443): Failed to resolve 'www.rabbitohs.com.au' ([Errno 8] nodename nor servname provided, or not known)"))
2026-08-26 05:05:09 [WARNING] Fetch failed St. George Illawarra Dragons News https://www.dragons.com.au/news/ -- HTTPSConnectionPool(host='www.dragons.com.au', port=443): Max retries exceeded with url: /news/ (Caused by NameResolutionError("HTTPSConnection(host='www.dragons.com.au', port=443): Failed to resolve 'www.dragons.com.au' ([Errno 8] nodename nor servname provided, or not known)"))
2026-08-26 05:05:09 [WARNING] Fetch failed Sydney Roosters News             https://www.roosters.com.au/news/ -- HTTPSConnectionPool(host='www.roosters.com.au', port=443): Max retries exceeded with url: /news/ (Caused by NameResolutionError("HTTPSConnection(host='www.roosters.com.au', port=443): Failed to resolve 'www.roosters.com.au' ([Errno 8] nodename nor servname provided, or not known)"))
2026-08-26 05:05:09 [WARNING] Fetch failed Wests Tigers News                https://www.weststigers.com.au/news/ -- HTTPSConnectionPool(host='www.weststigers.com.au', port=443): Max retries exceeded with url: /news/ (Caused by NameResolutionError("HTTPSConnection(host='www.weststigers.com.au', port=443): Failed to resolve 'www.weststigers.com.au' ([Errno 8] nodename nor servname provided, or not known)"))
2026-08-26 05:05:09 [INFO] Wrote 0 flags
2026-08-26 05:05:09 [INFO] JSON: /Users/elliotbladen/BetMate/data/nrl/news_flags/processed/2026/2026-08-26.json
2026-08-26 05:05:09 [INFO] CSV:  /Users/elliotbladen/BetMate/data/nrl/news_flags/processed/2026/2026-08-26.csv
2026-08-26 05:05:09 [INFO] News flags complete -- 0 total, 0 HIGH
[2026-08-26T05:05:09] AFL injuries
2026-08-26 05:05:10 [INFO] Targeting season=2026 round=23
2026-08-26 05:05:10 [INFO] Attempt 1/3 -- AFL injuries R23 2026
2026-08-26 05:05:10 [WARNING] Fetch failed https://www.footywire.com/afl/footy/injury_list -- HTTPSConnectionPool(host='www.footywire.com', port=443): Max retries exceeded with url: /afl/footy/injury_list (Caused by NameResolutionError("HTTPSConnection(host='www.footywire.com', port=443): Failed to resolve 'www.footywire.com' ([Errno 8] nodename nor servname provided, or not known)"))
2026-08-26 05:05:10 [WARNING] Fetch failed, retrying in 30s
2026-08-26 05:05:40 [INFO] Attempt 2/3 -- AFL injuries R23 2026
2026-08-26 05:05:40 [WARNING] Fetch failed https://www.footywire.com/afl/footy/injury_list -- HTTPSConnectionPool(host='www.footywire.com', port=443): Max retries exceeded with url: /afl/footy/injury_list (Caused by NameResolutionError("HTTPSConnection(host='www.footywire.com', port=443): Failed to resolve 'www.footywire.com' ([Errno 8] nodename nor servname provided, or not known)"))
2026-08-26 05:05:40 [WARNING] Fetch failed, retrying in 30s
2026-08-26 05:06:10 [INFO] Attempt 3/3 -- AFL injuries R23 2026
2026-08-26 05:06:10 [WARNING] Fetch failed https://www.footywire.com/afl/footy/injury_list -- HTTPSConnectionPool(host='www.footywire.com', port=443): Max retries exceeded with url: /afl/footy/injury_list (Caused by NameResolutionError("HTTPSConnection(host='www.footywire.com', port=443): Failed to resolve 'www.footywire.com' ([Errno 8] nodename nor servname provided, or not known)"))
2026-08-26 05:06:10 [ERROR] All attempts exhausted -- no AFL injury data
[2026-08-26T05:06:10] Market event log
Wrote 747 events -> /Users/elliotbladen/BetMate/data/market_events/2026_events.csv
  injury: 747
AFL injury refresh pinned to prepared round 23
[2026-08-26T06:06:10] NRL injuries
2026-08-26 06:06:11 [INFO] Targeting season=2026 round=26
2026-08-26 06:06:11 [INFO] Attempt 1/3 -- Zero Tackle injuries R26 2026
2026-08-26 06:06:11 [WARNING] Fetch failed https://www.zerotackle.com/nrl/teams/brisbane-broncos/ -- HTTPSConnectionPool(host='www.zerotackle.com', port=443): Max retries exceeded with url: /nrl/teams/brisbane-broncos/ (Caused by NameResolutionError("HTTPSConnection(host='www.zerotackle.com', port=443): Failed to resolve 'www.zerotackle.com' ([Errno 8] nodename nor servname provided, or not known)"))
2026-08-26 06:06:11 [WARNING] Failed to fetch Zero Tackle page for Brisbane Broncos
2026-08-26 06:06:11 [WARNING] Fetch failed https://www.zerotackle.com/nrl/teams/canberra-raiders/ -- HTTPSConnectionPool(host='www.zerotackle.com', port=443): Max retries exceeded with url: /nrl/teams/canberra-raiders/ (Caused by NameResolutionError("HTTPSConnection(host='www.zerotackle.com', port=443): Failed to resolve 'www.zerotackle.com' ([Errno 8] nodename nor servname provided, or not known)"))
2026-08-26 06:06:11 [WARNING] Failed to fetch Zero Tackle page for Canberra Raiders
2026-08-26 06:06:11 [WARNING] Fetch failed https://www.zerotackle.com/nrl/teams/canterbury-bankstown-bulldogs/ -- HTTPSConnectionPool(host='www.zerotackle.com', port=443): Max retries exceeded with url: /nrl/teams/canterbury-bankstown-bulldogs/ (Caused by NameResolutionError("HTTPSConnection(host='www.zerotackle.com', port=443): Failed to resolve 'www.zerotackle.com' ([Errno 8] nodename nor servname provided, or not known)"))
2026-08-26 06:06:11 [WARNING] Failed to fetch Zero Tackle page for Canterbury-Bankstown Bulldogs
2026-08-26 06:06:11 [WARNING] Fetch failed https://www.zerotackle.com/nrl/teams/cronulla-sharks/ -- HTTPSConnectionPool(host='www.zerotackle.com', port=443): Max retries exceeded with url: /nrl/teams/cronulla-sharks/ (Caused by NameResolutionError("HTTPSConnection(host='www.zerotackle.com', port=443): Failed to resolve 'www.zerotackle.com' ([Errno 8] nodename nor servname provided, or not known)"))
2026-08-26 06:06:11 [WARNING] Failed to fetch Zero Tackle page for Cronulla-Sutherland Sharks
2026-08-26 06:06:11 [WARNING] Fetch failed https://www.zerotackle.com/nrl/teams/dolphins/ -- HTTPSConnectionPool(host='www.zerotackle.com', port=443): Max retries exceeded with url: /nrl/teams/dolphins/ (Caused by NameResolutionError("HTTPSConnection(host='www.zerotackle.com', port=443): Failed to resolve 'www.zerotackle.com' ([Errno 8] nodename nor servname provided, or not known)"))
2026-08-26 06:06:11 [WARNING] Failed to fetch Zero Tackle page for Dolphins
2026-08-26 06:06:11 [WARNING] Fetch failed https://www.zerotackle.com/nrl/teams/gold-coast-titans/ -- HTTPSConnectionPool(host='www.zerotackle.com', port=443): Max retries exceeded with url: /nrl/teams/gold-coast-titans/ (Caused by NameResolutionError("HTTPSConnection(host='www.zerotackle.com', port=443): Failed to resolve 'www.zerotackle.com' ([Errno 8] nodename nor servname provided, or not known)"))
2026-08-26 06:06:11 [WARNING] Failed to fetch Zero Tackle page for Gold Coast Titans
2026-08-26 06:06:11 [WARNING] Fetch failed https://www.zerotackle.com/nrl/teams/manly-sea-eagles/ -- HTTPSConnectionPool(host='www.zerotackle.com', port=443): Max retries exceeded with url: /nrl/teams/manly-sea-eagles/ (Caused by NameResolutionError("HTTPSConnection(host='www.zerotackle.com', port=443): Failed to resolve 'www.zerotackle.com' ([Errno 8] nodename nor servname provided, or not known)"))
2026-08-26 06:06:11 [WARNING] Failed to fetch Zero Tackle page for Manly-Warringah Sea Eagles
2026-08-26 06:06:11 [WARNING] Fetch failed https://www.zerotackle.com/nrl/teams/melbourne-storm/ -- HTTPSConnectionPool(host='www.zerotackle.com', port=443): Max retries exceeded with url: /nrl/teams/melbourne-storm/ (Caused by NameResolutionError("HTTPSConnection(host='www.zerotackle.com', port=443): Failed to resolve 'www.zerotackle.com' ([Errno 8] nodename nor servname provided, or not known)"))
2026-08-26 06:06:11 [WARNING] Failed to fetch Zero Tackle page for Melbourne Storm
2026-08-26 06:06:11 [WARNING] Fetch failed https://www.zerotackle.com/nrl/teams/newcastle-knights/ -- HTTPSConnectionPool(host='www.zerotackle.com', port=443): Max retries exceeded with url: /nrl/teams/newcastle-knights/ (Caused by NameResolutionError("HTTPSConnection(host='www.zerotackle.com', port=443): Failed to resolve 'www.zerotackle.com' ([Errno 8] nodename nor servname provided, or not known)"))
2026-08-26 06:06:11 [WARNING] Failed to fetch Zero Tackle page for Newcastle Knights
2026-08-26 06:06:11 [WARNING] Fetch failed https://www.zerotackle.com/nrl/teams/new-zealand-warriors/ -- HTTPSConnectionPool(host='www.zerotackle.com', port=443): Max retries exceeded with url: /nrl/teams/new-zealand-warriors/ (Caused by NameResolutionError("HTTPSConnection(host='www.zerotackle.com', port=443): Failed to resolve 'www.zerotackle.com' ([Errno 8] nodename nor servname provided, or not known)"))
2026-08-26 06:06:11 [WARNING] Failed to fetch Zero Tackle page for New Zealand Warriors
2026-08-26 06:06:11 [WARNING] Fetch failed https://www.zerotackle.com/nrl/teams/north-queensland-cowboys/ -- HTTPSConnectionPool(host='www.zerotackle.com', port=443): Max retries exceeded with url: /nrl/teams/north-queensland-cowboys/ (Caused by NameResolutionError("HTTPSConnection(host='www.zerotackle.com', port=443): Failed to resolve 'www.zerotackle.com' ([Errno 8] nodename nor servname provided, or not known)"))
2026-08-26 06:06:11 [WARNING] Failed to fetch Zero Tackle page for North Queensland Cowboys
2026-08-26 06:06:11 [WARNING] Fetch failed https://www.zerotackle.com/nrl/teams/parramatta-eels/ -- HTTPSConnectionPool(host='www.zerotackle.com', port=443): Max retries exceeded with url: /nrl/teams/parramatta-eels/ (Caused by NameResolutionError("HTTPSConnection(host='www.zerotackle.com', port=443): Failed to resolve 'www.zerotackle.com' ([Errno 8] nodename nor servname provided, or not known)"))
2026-08-26 06:06:11 [WARNING] Failed to fetch Zero Tackle page for Parramatta Eels
2026-08-26 06:06:11 [WARNING] Fetch failed https://www.zerotackle.com/nrl/teams/penrith-panthers/ -- HTTPSConnectionPool(host='www.zerotackle.com', port=443): Max retries exceeded with url: /nrl/teams/penrith-panthers/ (Caused by NameResolutionError("HTTPSConnection(host='www.zerotackle.com', port=443): Failed to resolve 'www.zerotackle.com' ([Errno 8] nodename nor servname provided, or not known)"))
2026-08-26 06:06:11 [WARNING] Failed to fetch Zero Tackle page for Penrith Panthers
2026-08-26 06:06:11 [WARNING] Fetch failed https://www.zerotackle.com/nrl/teams/south-sydney-rabbitohs/ -- HTTPSConnectionPool(host='www.zerotackle.com', port=443): Max retries exceeded with url: /nrl/teams/south-sydney-rabbitohs/ (Caused by NameResolutionError("HTTPSConnection(host='www.zerotackle.com', port=443): Failed to resolve 'www.zerotackle.com' ([Errno 8] nodename nor servname provided, or not known)"))
2026-08-26 06:06:11 [WARNING] Failed to fetch Zero Tackle page for South Sydney Rabbitohs
2026-08-26 06:06:11 [WARNING] Fetch failed https://www.zerotackle.com/nrl/teams/st-george-illawarra-dragons/ -- HTTPSConnectionPool(host='www.zerotackle.com', port=443): Max retries exceeded with url: /nrl/teams/st-george-illawarra-dragons/ (Caused by NameResolutionError("HTTPSConnection(host='www.zerotackle.com', port=443): Failed to resolve 'www.zerotackle.com' ([Errno 8] nodename nor servname provided, or not known)"))
2026-08-26 06:06:11 [WARNING] Failed to fetch Zero Tackle page for St. George Illawarra Dragons
2026-08-26 06:06:11 [WARNING] Fetch failed https://www.zerotackle.com/nrl/teams/sydney-roosters/ -- HTTPSConnectionPool(host='www.zerotackle.com', port=443): Max retries exceeded with url: /nrl/teams/sydney-roosters/ (Caused by NameResolutionError("HTTPSConnection(host='www.zerotackle.com', port=443): Failed to resolve 'www.zerotackle.com' ([Errno 8] nodename nor servname provided, or not known)"))
2026-08-26 06:06:11 [WARNING] Failed to fetch Zero Tackle page for Sydney Roosters
2026-08-26 06:06:11 [WARNING] Fetch failed https://www.zerotackle.com/nrl/teams/wests-tigers/ -- HTTPSConnectionPool(host='www.zerotackle.com', port=443): Max retries exceeded with url: /nrl/teams/wests-tigers/ (Caused by NameResolutionError("HTTPSConnection(host='www.zerotackle.com', port=443): Failed to resolve 'www.zerotackle.com' ([Errno 8] nodename nor servname provided, or not known)"))
2026-08-26 06:06:11 [WARNING] Failed to fetch Zero Tackle page for Wests Tigers
2026-08-26 06:06:11 [INFO] Zero Tackle total: 0 records across 17 teams
2026-08-26 06:06:11 [WARNING] Zero Tackle returned 0 records, retrying in 30s
2026-08-26 06:06:41 [INFO] Attempt 2/3 -- Zero Tackle injuries R26 2026
2026-08-26 06:06:41 [WARNING] Fetch failed https://www.zerotackle.com/nrl/teams/brisbane-broncos/ -- HTTPSConnectionPool(host='www.zerotackle.com', port=443): Max retries exceeded with url: /nrl/teams/brisbane-broncos/ (Caused by NameResolutionError("HTTPSConnection(host='www.zerotackle.com', port=443): Failed to resolve 'www.zerotackle.com' ([Errno 8] nodename nor servname provided, or not known)"))
2026-08-26 06:06:41 [WARNING] Failed to fetch Zero Tackle page for Brisbane Broncos
2026-08-26 06:06:41 [WARNING] Fetch failed https://www.zerotackle.com/nrl/teams/canberra-raiders/ -- HTTPSConnectionPool(host='www.zerotackle.com', port=443): Max retries exceeded with url: /nrl/teams/canberra-raiders/ (Caused by NameResolutionError("HTTPSConnection(host='www.zerotackle.com', port=443): Failed to resolve 'www.zerotackle.com' ([Errno 8] nodename nor servname provided, or not known)"))
2026-08-26 06:06:41 [WARNING] Failed to fetch Zero Tackle page for Canberra Raiders
2026-08-26 06:06:41 [WARNING] Fetch failed https://www.zerotackle.com/nrl/teams/canterbury-bankstown-bulldogs/ -- HTTPSConnectionPool(host='www.zerotackle.com', port=443): Max retries exceeded with url: /nrl/teams/canterbury-bankstown-bulldogs/ (Caused by NameResolutionError("HTTPSConnection(host='www.zerotackle.com', port=443): Failed to resolve 'www.zerotackle.com' ([Errno 8] nodename nor servname provided, or not known)"))
2026-08-26 06:06:41 [WARNING] Failed to fetch Zero Tackle page for Canterbury-Bankstown Bulldogs
2026-08-26 06:06:41 [WARNING] Fetch failed https://www.zerotackle.com/nrl/teams/cronulla-sharks/ -- HTTPSConnectionPool(host='www.zerotackle.com', port=443): Max retries exceeded with url: /nrl/teams/cronulla-sharks/ (Caused by NameResolutionError("HTTPSConnection(host='www.zerotackle.com', port=443): Failed to resolve 'www.zerotackle.com' ([Errno 8] nodename nor servname provided, or not known)"))
2026-08-26 06:06:41 [WARNING] Failed to fetch Zero Tackle page for Cronulla-Sutherland Sharks
2026-08-26 06:06:41 [WARNING] Fetch failed https://www.zerotackle.com/nrl/teams/dolphins/ -- HTTPSConnectionPool(host='www.zerotackle.com', port=443): Max retries exceeded with url: /nrl/teams/dolphins/ (Caused by NameResolutionError("HTTPSConnection(host='www.zerotackle.com', port=443): Failed to resolve 'www.zerotackle.com' ([Errno 8] nodename nor servname provided, or not known)"))
2026-08-26 06:06:41 [WARNING] Failed to fetch Zero Tackle page for Dolphins
2026-08-26 06:06:41 [WARNING] Fetch failed https://www.zerotackle.com/nrl/teams/gold-coast-titans/ -- HTTPSConnectionPool(host='www.zerotackle.com', port=443): Max retries exceeded with url: /nrl/teams/gold-coast-titans/ (Caused by NameResolutionError("HTTPSConnection(host='www.zerotackle.com', port=443): Failed to resolve 'www.zerotackle.com' ([Errno 8] nodename nor servname provided, or not known)"))
2026-08-26 06:06:41 [WARNING] Failed to fetch Zero Tackle page for Gold Coast Titans
2026-08-26 06:06:41 [WARNING] Fetch failed https://www.zerotackle.com/nrl/teams/manly-sea-eagles/ -- HTTPSConnectionPool(host='www.zerotackle.com', port=443): Max retries exceeded with url: /nrl/teams/manly-sea-eagles/ (Caused by NameResolutionError("HTTPSConnection(host='www.zerotackle.com', port=443): Failed to resolve 'www.zerotackle.com' ([Errno 8] nodename nor servname provided, or not known)"))
2026-08-26 06:06:41 [WARNING] Failed to fetch Zero Tackle page for Manly-Warringah Sea Eagles
2026-08-26 06:06:41 [WARNING] Fetch failed https://www.zerotackle.com/nrl/teams/melbourne-storm/ -- HTTPSConnectionPool(host='www.zerotackle.com', port=443): Max retries exceeded with url: /nrl/teams/melbourne-storm/ (Caused by NameResolutionError("HTTPSConnection(host='www.zerotackle.com', port=443): Failed to resolve 'www.zerotackle.com' ([Errno 8] nodename nor servname provided, or not known)"))
2026-08-26 06:06:41 [WARNING] Failed to fetch Zero Tackle page for Melbourne Storm
2026-08-26 06:06:41 [WARNING] Fetch failed https://www.zerotackle.com/nrl/teams/newcastle-knights/ -- HTTPSConnectionPool(host='www.zerotackle.com', port=443): Max retries exceeded with url: /nrl/teams/newcastle-knights/ (Caused by NameResolutionError("HTTPSConnection(host='www.zerotackle.com', port=443): Failed to resolve 'www.zerotackle.com' ([Errno 8] nodename nor servname provided, or not known)"))
2026-08-26 06:06:41 [WARNING] Failed to fetch Zero Tackle page for Newcastle Knights
2026-08-26 06:06:41 [WARNING] Fetch failed https://www.zerotackle.com/nrl/teams/new-zealand-warriors/ -- HTTPSConnectionPool(host='www.zerotackle.com', port=443): Max retries exceeded with url: /nrl/teams/new-zealand-warriors/ (Caused by NameResolutionError("HTTPSConnection(host='www.zerotackle.com', port=443): Failed to resolve 'www.zerotackle.com' ([Errno 8] nodename nor servname provided, or not known)"))
2026-08-26 06:06:41 [WARNING] Failed to fetch Zero Tackle page for New Zealand Warriors
2026-08-26 06:06:41 [WARNING] Fetch failed https://www.zerotackle.com/nrl/teams/north-queensland-cowboys/ -- HTTPSConnectionPool(host='www.zerotackle.com', port=443): Max retries exceeded with url: /nrl/teams/north-queensland-cowboys/ (Caused by NameResolutionError("HTTPSConnection(host='www.zerotackle.com', port=443): Failed to resolve 'www.zerotackle.com' ([Errno 8] nodename nor servname provided, or not known)"))
2026-08-26 06:06:41 [WARNING] Failed to fetch Zero Tackle page for North Queensland Cowboys
2026-08-26 06:06:41 [WARNING] Fetch failed https://www.zerotackle.com/nrl/teams/parramatta-eels/ -- HTTPSConnectionPool(host='www.zerotackle.com', port=443): Max retries exceeded with url: /nrl/teams/parramatta-eels/ (Caused by NameResolutionError("HTTPSConnection(host='www.zerotackle.com', port=443): Failed to resolve 'www.zerotackle.com' ([Errno 8] nodename nor servname provided, or not known)"))
2026-08-26 06:06:41 [WARNING] Failed to fetch Zero Tackle page for Parramatta Eels
2026-08-26 06:06:41 [WARNING] Fetch failed https://www.zerotackle.com/nrl/teams/penrith-panthers/ -- HTTPSConnectionPool(host='www.zerotackle.com', port=443): Max retries exceeded with url: /nrl/teams/penrith-panthers/ (Caused by NameResolutionError("HTTPSConnection(host='www.zerotackle.com', port=443): Failed to resolve 'www.zerotackle.com' ([Errno 8] nodename nor servname provided, or not known)"))
2026-08-26 06:06:41 [WARNING] Failed to fetch Zero Tackle page for Penrith Panthers
2026-08-26 06:06:41 [WARNING] Fetch failed https://www.zerotackle.com/nrl/teams/south-sydney-rabbitohs/ -- HTTPSConnectionPool(host='www.zerotackle.com', port=443): Max retries exceeded with url: /nrl/teams/south-sydney-rabbitohs/ (Caused by NameResolutionError("HTTPSConnection(host='www.zerotackle.com', port=443): Failed to resolve 'www.zerotackle.com' ([Errno 8] nodename nor servname provided, or not known)"))
2026-08-26 06:06:41 [WARNING] Failed to fetch Zero Tackle page for South Sydney Rabbitohs
2026-08-26 06:06:41 [WARNING] Fetch failed https://www.zerotackle.com/nrl/teams/st-george-illawarra-dragons/ -- HTTPSConnectionPool(host='www.zerotackle.com', port=443): Max retries exceeded with url: /nrl/teams/st-george-illawarra-dragons/ (Caused by NameResolutionError("HTTPSConnection(host='www.zerotackle.com', port=443): Failed to resolve 'www.zerotackle.com' ([Errno 8] nodename nor servname provided, or not known)"))
2026-08-26 06:06:41 [WARNING] Failed to fetch Zero Tackle page for St. George Illawarra Dragons
2026-08-26 06:06:41 [WARNING] Fetch failed https://www.zerotackle.com/nrl/teams/sydney-roosters/ -- HTTPSConnectionPool(host='www.zerotackle.com', port=443): Max retries exceeded with url: /nrl/teams/sydney-roosters/ (Caused by NameResolutionError("HTTPSConnection(host='www.zerotackle.com', port=443): Failed to resolve 'www.zerotackle.com' ([Errno 8] nodename nor servname provided, or not known)"))
2026-08-26 06:06:41 [WARNING] Failed to fetch Zero Tackle page for Sydney Roosters
2026-08-26 06:06:41 [WARNING] Fetch failed https://www.zerotackle.com/nrl/teams/wests-tigers/ -- HTTPSConnectionPool(host='www.zerotackle.com', port=443): Max retries exceeded with url: /nrl/teams/wests-tigers/ (Caused by NameResolutionError("HTTPSConnection(host='www.zerotackle.com', port=443): Failed to resolve 'www.zerotackle.com' ([Errno 8] nodename nor servname provided, or not known)"))
2026-08-26 06:06:41 [WARNING] Failed to fetch Zero Tackle page for Wests Tigers
2026-08-26 06:06:41 [INFO] Zero Tackle total: 0 records across 17 teams
2026-08-26 06:06:41 [WARNING] Zero Tackle returned 0 records, retrying in 30s
2026-08-26 06:07:12 [INFO] Attempt 3/3 -- Zero Tackle injuries R26 2026
2026-08-26 06:07:12 [WARNING] Fetch failed https://www.zerotackle.com/nrl/teams/brisbane-broncos/ -- HTTPSConnectionPool(host='www.zerotackle.com', port=443): Max retries exceeded with url: /nrl/teams/brisbane-broncos/ (Caused by NameResolutionError("HTTPSConnection(host='www.zerotackle.com', port=443): Failed to resolve 'www.zerotackle.com' ([Errno 8] nodename nor servname provided, or not known)"))
2026-08-26 06:07:12 [WARNING] Failed to fetch Zero Tackle page for Brisbane Broncos
2026-08-26 06:07:12 [WARNING] Fetch failed https://www.zerotackle.com/nrl/teams/canberra-raiders/ -- HTTPSConnectionPool(host='www.zerotackle.com', port=443): Max retries exceeded with url: /nrl/teams/canberra-raiders/ (Caused by NameResolutionError("HTTPSConnection(host='www.zerotackle.com', port=443): Failed to resolve 'www.zerotackle.com' ([Errno 8] nodename nor servname provided, or not known)"))
2026-08-26 06:07:12 [WARNING] Failed to fetch Zero Tackle page for Canberra Raiders
2026-08-26 06:07:12 [WARNING] Fetch failed https://www.zerotackle.com/nrl/teams/canterbury-bankstown-bulldogs/ -- HTTPSConnectionPool(host='www.zerotackle.com', port=443): Max retries exceeded with url: /nrl/teams/canterbury-bankstown-bulldogs/ (Caused by NameResolutionError("HTTPSConnection(host='www.zerotackle.com', port=443): Failed to resolve 'www.zerotackle.com' ([Errno 8] nodename nor servname provided, or not known)"))
2026-08-26 06:07:12 [WARNING] Failed to fetch Zero Tackle page for Canterbury-Bankstown Bulldogs
2026-08-26 06:07:12 [WARNING] Fetch failed https://www.zerotackle.com/nrl/teams/cronulla-sharks/ -- HTTPSConnectionPool(host='www.zerotackle.com', port=443): Max retries exceeded with url: /nrl/teams/cronulla-sharks/ (Caused by NameResolutionError("HTTPSConnection(host='www.zerotackle.com', port=443): Failed to resolve 'www.zerotackle.com' ([Errno 8] nodename nor servname provided, or not known)"))
2026-08-26 06:07:12 [WARNING] Failed to fetch Zero Tackle page for Cronulla-Sutherland Sharks
2026-08-26 06:07:12 [WARNING] Fetch failed https://www.zerotackle.com/nrl/teams/dolphins/ -- HTTPSConnectionPool(host='www.zerotackle.com', port=443): Max retries exceeded with url: /nrl/teams/dolphins/ (Caused by NameResolutionError("HTTPSConnection(host='www.zerotackle.com', port=443): Failed to resolve 'www.zerotackle.com' ([Errno 8] nodename nor servname provided, or not known)"))
2026-08-26 06:07:12 [WARNING] Failed to fetch Zero Tackle page for Dolphins
2026-08-26 06:07:12 [WARNING] Fetch failed https://www.zerotackle.com/nrl/teams/gold-coast-titans/ -- HTTPSConnectionPool(host='www.zerotackle.com', port=443): Max retries exceeded with url: /nrl/teams/gold-coast-titans/ (Caused by NameResolutionError("HTTPSConnection(host='www.zerotackle.com', port=443): Failed to resolve 'www.zerotackle.com' ([Errno 8] nodename nor servname provided, or not known)"))
2026-08-26 06:07:12 [WARNING] Failed to fetch Zero Tackle page for Gold Coast Titans
2026-08-26 06:07:12 [WARNING] Fetch failed https://www.zerotackle.com/nrl/teams/manly-sea-eagles/ -- HTTPSConnectionPool(host='www.zerotackle.com', port=443): Max retries exceeded with url: /nrl/teams/manly-sea-eagles/ (Caused by NameResolutionError("HTTPSConnection(host='www.zerotackle.com', port=443): Failed to resolve 'www.zerotackle.com' ([Errno 8] nodename nor servname provided, or not known)"))
2026-08-26 06:07:12 [WARNING] Failed to fetch Zero Tackle page for Manly-Warringah Sea Eagles
2026-08-26 06:07:12 [WARNING] Fetch failed https://www.zerotackle.com/nrl/teams/melbourne-storm/ -- HTTPSConnectionPool(host='www.zerotackle.com', port=443): Max retries exceeded with url: /nrl/teams/melbourne-storm/ (Caused by NameResolutionError("HTTPSConnection(host='www.zerotackle.com', port=443): Failed to resolve 'www.zerotackle.com' ([Errno 8] nodename nor servname provided, or not known)"))
2026-08-26 06:07:12 [WARNING] Failed to fetch Zero Tackle page for Melbourne Storm
2026-08-26 06:07:12 [WARNING] Fetch failed https://www.zerotackle.com/nrl/teams/newcastle-knights/ -- HTTPSConnectionPool(host='www.zerotackle.com', port=443): Max retries exceeded with url: /nrl/teams/newcastle-knights/ (Caused by NameResolutionError("HTTPSConnection(host='www.zerotackle.com', port=443): Failed to resolve 'www.zerotackle.com' ([Errno 8] nodename nor servname provided, or not known)"))
2026-08-26 06:07:12 [WARNING] Failed to fetch Zero Tackle page for Newcastle Knights
2026-08-26 06:07:12 [WARNING] Fetch failed https://www.zerotackle.com/nrl/teams/new-zealand-warriors/ -- HTTPSConnectionPool(host='www.zerotackle.com', port=443): Max retries exceeded with url: /nrl/teams/new-zealand-warriors/ (Caused by NameResolutionError("HTTPSConnection(host='www.zerotackle.com', port=443): Failed to resolve 'www.zerotackle.com' ([Errno 8] nodename nor servname provided, or not known)"))
2026-08-26 06:07:12 [WARNING] Failed to fetch Zero Tackle page for New Zealand Warriors
2026-08-26 06:07:12 [WARNING] Fetch failed https://www.zerotackle.com/nrl/teams/north-queensland-cowboys/ -- HTTPSConnectionPool(host='www.zerotackle.com', port=443): Max retries exceeded with url: /nrl/teams/north-queensland-cowboys/ (Caused by NameResolutionError("HTTPSConnection(host='www.zerotackle.com', port=443): Failed to resolve 'www.zerotackle.com' ([Errno 8] nodename nor servname provided, or not known)"))
2026-08-26 06:07:12 [WARNING] Failed to fetch Zero Tackle page for North Queensland Cowboys
2026-08-26 06:07:12 [WARNING] Fetch failed https://www.zerotackle.com/nrl/teams/parramatta-eels/ -- HTTPSConnectionPool(host='www.zerotackle.com', port=443): Max retries exceeded with url: /nrl/teams/parramatta-eels/ (Caused by NameResolutionError("HTTPSConnection(host='www.zerotackle.com', port=443): Failed to resolve 'www.zerotackle.com' ([Errno 8] nodename nor servname provided, or not known)"))
2026-08-26 06:07:12 [WARNING] Failed to fetch Zero Tackle page for Parramatta Eels
2026-08-26 06:07:12 [WARNING] Fetch failed https://www.zerotackle.com/nrl/teams/penrith-panthers/ -- HTTPSConnectionPool(host='www.zerotackle.com', port=443): Max retries exceeded with url: /nrl/teams/penrith-panthers/ (Caused by NameResolutionError("HTTPSConnection(host='www.zerotackle.com', port=443): Failed to resolve 'www.zerotackle.com' ([Errno 8] nodename nor servname provided, or not known)"))
2026-08-26 06:07:12 [WARNING] Failed to fetch Zero Tackle page for Penrith Panthers
2026-08-26 06:07:12 [WARNING] Fetch failed https://www.zerotackle.com/nrl/teams/south-sydney-rabbitohs/ -- HTTPSConnectionPool(host='www.zerotackle.com', port=443): Max retries exceeded with url: /nrl/teams/south-sydney-rabbitohs/ (Caused by NameResolutionError("HTTPSConnection(host='www.zerotackle.com', port=443): Failed to resolve 'www.zerotackle.com' ([Errno 8] nodename nor servname provided, or not known)"))
2026-08-26 06:07:12 [WARNING] Failed to fetch Zero Tackle page for South Sydney Rabbitohs
2026-08-26 06:07:12 [WARNING] Fetch failed https://www.zerotackle.com/nrl/teams/st-george-illawarra-dragons/ -- HTTPSConnectionPool(host='www.zerotackle.com', port=443): Max retries exceeded with url: /nrl/teams/st-george-illawarra-dragons/ (Caused by NameResolutionError("HTTPSConnection(host='www.zerotackle.com', port=443): Failed to resolve 'www.zerotackle.com' ([Errno 8] nodename nor servname provided, or not known)"))
2026-08-26 06:07:12 [WARNING] Failed to fetch Zero Tackle page for St. George Illawarra Dragons
2026-08-26 06:07:12 [WARNING] Fetch failed https://www.zerotackle.com/nrl/teams/sydney-roosters/ -- HTTPSConnectionPool(host='www.zerotackle.com', port=443): Max retries exceeded with url: /nrl/teams/sydney-roosters/ (Caused by NameResolutionError("HTTPSConnection(host='www.zerotackle.com', port=443): Failed to resolve 'www.zerotackle.com' ([Errno 8] nodename nor servname provided, or not known)"))
2026-08-26 06:07:12 [WARNING] Failed to fetch Zero Tackle page for Sydney Roosters
2026-08-26 06:07:12 [WARNING] Fetch failed https://www.zerotackle.com/nrl/teams/wests-tigers/ -- HTTPSConnectionPool(host='www.zerotackle.com', port=443): Max retries exceeded with url: /nrl/teams/wests-tigers/ (Caused by NameResolutionError("HTTPSConnection(host='www.zerotackle.com', port=443): Failed to resolve 'www.zerotackle.com' ([Errno 8] nodename nor servname provided, or not known)"))
2026-08-26 06:07:12 [WARNING] Failed to fetch Zero Tackle page for Wests Tigers
2026-08-26 06:07:12 [INFO] Zero Tackle total: 0 records across 17 teams
2026-08-26 06:07:12 [ERROR] All attempts exhausted -- no injury data
[2026-08-26T06:07:12] NRL team news
Written /Users/elliotbladen/BetMate/data/nrl/team-news/latest.json
  Round 26 | Teams: 17 | Injuries: 83 | Suspensions preserved: 0
[2026-08-26T06:07:12] NRL market-moving news
2026-08-26 06:07:13 [INFO] Targeting season=2026 round=26
2026-08-26 06:07:13 [WARNING] Fetch failed NRL Casualty Ward                https://www.nrl.com/news/2026/01/01/nrl-casualty-ward-how-your-club-is-shaping-heading-into-2026/ -- HTTPSConnectionPool(host='www.nrl.com', port=443): Max retries exceeded with url: /news/2026/01/01/nrl-casualty-ward-how-your-club-is-shaping-heading-into-2026/ (Caused by NameResolutionError("HTTPSConnection(host='www.nrl.com', port=443): Failed to resolve 'www.nrl.com' ([Errno 8] nodename nor servname provided, or not known)"))
2026-08-26 06:07:13 [WARNING] Fetch failed NRL Judiciary Report             https://www.nrl.com/news/2026/01/01/nrl-judiciary-report-2026/ -- HTTPSConnectionPool(host='www.nrl.com', port=443): Max retries exceeded with url: /news/2026/01/01/nrl-judiciary-report-2026/ (Caused by NameResolutionError("HTTPSConnection(host='www.nrl.com', port=443): Failed to resolve 'www.nrl.com' ([Errno 8] nodename nor servname provided, or not known)"))
2026-08-26 06:07:13 [WARNING] Fetch failed NRL News                         https://www.nrl.com/news/ -- HTTPSConnectionPool(host='www.nrl.com', port=443): Max retries exceeded with url: /news/ (Caused by NameResolutionError("HTTPSConnection(host='www.nrl.com', port=443): Failed to resolve 'www.nrl.com' ([Errno 8] nodename nor servname provided, or not known)"))
2026-08-26 06:07:13 [WARNING] Fetch failed Brisbane Broncos News            https://www.broncos.com.au/news/ -- HTTPSConnectionPool(host='www.broncos.com.au', port=443): Max retries exceeded with url: /news/ (Caused by NameResolutionError("HTTPSConnection(host='www.broncos.com.au', port=443): Failed to resolve 'www.broncos.com.au' ([Errno 8] nodename nor servname provided, or not known)"))
2026-08-26 06:07:13 [WARNING] Fetch failed Canterbury-Bankstown Bulldogs News https://www.bulldogs.com.au/news/ -- HTTPSConnectionPool(host='www.bulldogs.com.au', port=443): Max retries exceeded with url: /news/ (Caused by NameResolutionError("HTTPSConnection(host='www.bulldogs.com.au', port=443): Failed to resolve 'www.bulldogs.com.au' ([Errno 8] nodename nor servname provided, or not known)"))
2026-08-26 06:07:13 [WARNING] Fetch failed Canberra Raiders News            https://www.raiders.com.au/news/ -- HTTPSConnectionPool(host='www.raiders.com.au', port=443): Max retries exceeded with url: /news/ (Caused by NameResolutionError("HTTPSConnection(host='www.raiders.com.au', port=443): Failed to resolve 'www.raiders.com.au' ([Errno 8] nodename nor servname provided, or not known)"))
2026-08-26 06:07:13 [WARNING] Fetch failed Cronulla-Sutherland Sharks News  https://www.sharks.com.au/news/ -- HTTPSConnectionPool(host='www.sharks.com.au', port=443): Max retries exceeded with url: /news/ (Caused by NameResolutionError("HTTPSConnection(host='www.sharks.com.au', port=443): Failed to resolve 'www.sharks.com.au' ([Errno 8] nodename nor servname provided, or not known)"))
2026-08-26 06:07:13 [WARNING] Fetch failed Dolphins News                    https://www.dolphinsnrl.com.au/news/ -- HTTPSConnectionPool(host='www.dolphinsnrl.com.au', port=443): Max retries exceeded with url: /news/ (Caused by NameResolutionError("HTTPSConnection(host='www.dolphinsnrl.com.au', port=443): Failed to resolve 'www.dolphinsnrl.com.au' ([Errno 8] nodename nor servname provided, or not known)"))
2026-08-26 06:07:13 [WARNING] Fetch failed Gold Coast Titans News           https://www.titans.com.au/news/ -- HTTPSConnectionPool(host='www.titans.com.au', port=443): Max retries exceeded with url: /news/ (Caused by NameResolutionError("HTTPSConnection(host='www.titans.com.au', port=443): Failed to resolve 'www.titans.com.au' ([Errno 8] nodename nor servname provided, or not known)"))
2026-08-26 06:07:13 [WARNING] Fetch failed Manly-Warringah Sea Eagles News  https://www.seaeagles.com.au/news/ -- HTTPSConnectionPool(host='www.seaeagles.com.au', port=443): Max retries exceeded with url: /news/ (Caused by NameResolutionError("HTTPSConnection(host='www.seaeagles.com.au', port=443): Failed to resolve 'www.seaeagles.com.au' ([Errno 8] nodename nor servname provided, or not known)"))
2026-08-26 06:07:13 [WARNING] Fetch failed Melbourne Storm News             https://www.melbournestorm.com.au/news/ -- HTTPSConnectionPool(host='www.melbournestorm.com.au', port=443): Max retries exceeded with url: /news/ (Caused by NameResolutionError("HTTPSConnection(host='www.melbournestorm.com.au', port=443): Failed to resolve 'www.melbournestorm.com.au' ([Errno 8] nodename nor servname provided, or not known)"))
2026-08-26 06:07:13 [WARNING] Fetch failed Newcastle Knights News           https://www.newcastleknights.com.au/news/ -- HTTPSConnectionPool(host='www.newcastleknights.com.au', port=443): Max retries exceeded with url: /news/ (Caused by NameResolutionError("HTTPSConnection(host='www.newcastleknights.com.au', port=443): Failed to resolve 'www.newcastleknights.com.au' ([Errno 8] nodename nor servname provided, or not known)"))
2026-08-26 06:07:13 [WARNING] Fetch failed New Zealand Warriors News        https://www.warriors.kiwi/news/ -- HTTPSConnectionPool(host='www.warriors.kiwi', port=443): Max retries exceeded with url: /news/ (Caused by NameResolutionError("HTTPSConnection(host='www.warriors.kiwi', port=443): Failed to resolve 'www.warriors.kiwi' ([Errno 8] nodename nor servname provided, or not known)"))
2026-08-26 06:07:13 [WARNING] Fetch failed North Queensland Cowboys News    https://www.cowboys.com.au/news/ -- HTTPSConnectionPool(host='www.cowboys.com.au', port=443): Max retries exceeded with url: /news/ (Caused by NameResolutionError("HTTPSConnection(host='www.cowboys.com.au', port=443): Failed to resolve 'www.cowboys.com.au' ([Errno 8] nodename nor servname provided, or not known)"))
2026-08-26 06:07:13 [WARNING] Fetch failed Parramatta Eels News             https://www.parraeels.com.au/news/ -- HTTPSConnectionPool(host='www.parraeels.com.au', port=443): Max retries exceeded with url: /news/ (Caused by NameResolutionError("HTTPSConnection(host='www.parraeels.com.au', port=443): Failed to resolve 'www.parraeels.com.au' ([Errno 8] nodename nor servname provided, or not known)"))
2026-08-26 06:07:13 [WARNING] Fetch failed Penrith Panthers News            https://www.penrithpanthers.com.au/news/ -- HTTPSConnectionPool(host='www.penrithpanthers.com.au', port=443): Max retries exceeded with url: /news/ (Caused by NameResolutionError("HTTPSConnection(host='www.penrithpanthers.com.au', port=443): Failed to resolve 'www.penrithpanthers.com.au' ([Errno 8] nodename nor servname provided, or not known)"))
2026-08-26 06:07:13 [WARNING] Fetch failed South Sydney Rabbitohs News      https://www.rabbitohs.com.au/news/ -- HTTPSConnectionPool(host='www.rabbitohs.com.au', port=443): Max retries exceeded with url: /news/ (Caused by NameResolutionError("HTTPSConnection(host='www.rabbitohs.com.au', port=443): Failed to resolve 'www.rabbitohs.com.au' ([Errno 8] nodename nor servname provided, or not known)"))
2026-08-26 06:07:13 [WARNING] Fetch failed St. George Illawarra Dragons News https://www.dragons.com.au/news/ -- HTTPSConnectionPool(host='www.dragons.com.au', port=443): Max retries exceeded with url: /news/ (Caused by NameResolutionError("HTTPSConnection(host='www.dragons.com.au', port=443): Failed to resolve 'www.dragons.com.au' ([Errno 8] nodename nor servname provided, or not known)"))
2026-08-26 06:07:13 [WARNING] Fetch failed Sydney Roosters News             https://www.roosters.com.au/news/ -- HTTPSConnectionPool(host='www.roosters.com.au', port=443): Max retries exceeded with url: /news/ (Caused by NameResolutionError("HTTPSConnection(host='www.roosters.com.au', port=443): Failed to resolve 'www.roosters.com.au' ([Errno 8] nodename nor servname provided, or not known)"))
2026-08-26 06:07:13 [WARNING] Fetch failed Wests Tigers News                https://www.weststigers.com.au/news/ -- HTTPSConnectionPool(host='www.weststigers.com.au', port=443): Max retries exceeded with url: /news/ (Caused by NameResolutionError("HTTPSConnection(host='www.weststigers.com.au', port=443): Failed to resolve 'www.weststigers.com.au' ([Errno 8] nodename nor servname provided, or not known)"))
2026-08-26 06:07:13 [INFO] Wrote 0 flags
2026-08-26 06:07:13 [INFO] JSON: /Users/elliotbladen/BetMate/data/nrl/news_flags/processed/2026/2026-08-26.json
2026-08-26 06:07:13 [INFO] CSV:  /Users/elliotbladen/BetMate/data/nrl/news_flags/processed/2026/2026-08-26.csv
2026-08-26 06:07:13 [INFO] News flags complete -- 0 total, 0 HIGH
[2026-08-26T06:07:13] AFL injuries
2026-08-26 06:07:13 [INFO] Targeting season=2026 round=23
2026-08-26 06:07:13 [INFO] Attempt 1/3 -- AFL injuries R23 2026
2026-08-26 06:07:13 [WARNING] Fetch failed https://www.footywire.com/afl/footy/injury_list -- HTTPSConnectionPool(host='www.footywire.com', port=443): Max retries exceeded with url: /afl/footy/injury_list (Caused by NameResolutionError("HTTPSConnection(host='www.footywire.com', port=443): Failed to resolve 'www.footywire.com' ([Errno 8] nodename nor servname provided, or not known)"))
2026-08-26 06:07:13 [WARNING] Fetch failed, retrying in 30s
2026-08-26 06:07:43 [INFO] Attempt 2/3 -- AFL injuries R23 2026
2026-08-26 06:07:43 [WARNING] Fetch failed https://www.footywire.com/afl/footy/injury_list -- HTTPSConnectionPool(host='www.footywire.com', port=443): Max retries exceeded with url: /afl/footy/injury_list (Caused by NameResolutionError("HTTPSConnection(host='www.footywire.com', port=443): Failed to resolve 'www.footywire.com' ([Errno 8] nodename nor servname provided, or not known)"))
2026-08-26 06:07:43 [WARNING] Fetch failed, retrying in 30s
2026-08-26 06:08:13 [INFO] Attempt 3/3 -- AFL injuries R23 2026
2026-08-26 06:08:13 [WARNING] Fetch failed https://www.footywire.com/afl/footy/injury_list -- HTTPSConnectionPool(host='www.footywire.com', port=443): Max retries exceeded with url: /afl/footy/injury_list (Caused by NameResolutionError("HTTPSConnection(host='www.footywire.com', port=443): Failed to resolve 'www.footywire.com' ([Errno 8] nodename nor servname provided, or not known)"))
2026-08-26 06:08:13 [ERROR] All attempts exhausted -- no AFL injury data
[2026-08-26T06:08:14] Market event log
Wrote 747 events -> /Users/elliotbladen/BetMate/data/market_events/2026_events.csv
  injury: 747
AFL injury refresh pinned to prepared round 23
[2026-08-26T06:12:35] NRL injuries
2026-08-26 06:12:43 [INFO] Targeting season=2026 round=26
2026-08-26 06:12:43 [INFO] Attempt 1/3 -- Zero Tackle injuries R26 2026
2026-08-26 06:12:43 [WARNING] Fetch failed https://www.zerotackle.com/nrl/teams/brisbane-broncos/ -- HTTPSConnectionPool(host='www.zerotackle.com', port=443): Max retries exceeded with url: /nrl/teams/brisbane-broncos/ (Caused by NameResolutionError("HTTPSConnection(host='www.zerotackle.com', port=443): Failed to resolve 'www.zerotackle.com' ([Errno 8] nodename nor servname provided, or not known)"))
2026-08-26 06:12:43 [WARNING] Failed to fetch Zero Tackle page for Brisbane Broncos
2026-08-26 06:12:43 [WARNING] Fetch failed https://www.zerotackle.com/nrl/teams/canberra-raiders/ -- HTTPSConnectionPool(host='www.zerotackle.com', port=443): Max retries exceeded with url: /nrl/teams/canberra-raiders/ (Caused by NameResolutionError("HTTPSConnection(host='www.zerotackle.com', port=443): Failed to resolve 'www.zerotackle.com' ([Errno 8] nodename nor servname provided, or not known)"))
2026-08-26 06:12:43 [WARNING] Failed to fetch Zero Tackle page for Canberra Raiders
2026-08-26 06:12:43 [WARNING] Fetch failed https://www.zerotackle.com/nrl/teams/canterbury-bankstown-bulldogs/ -- HTTPSConnectionPool(host='www.zerotackle.com', port=443): Max retries exceeded with url: /nrl/teams/canterbury-bankstown-bulldogs/ (Caused by NameResolutionError("HTTPSConnection(host='www.zerotackle.com', port=443): Failed to resolve 'www.zerotackle.com' ([Errno 8] nodename nor servname provided, or not known)"))
2026-08-26 06:12:43 [WARNING] Failed to fetch Zero Tackle page for Canterbury-Bankstown Bulldogs
2026-08-26 06:12:43 [WARNING] Fetch failed https://www.zerotackle.com/nrl/teams/cronulla-sharks/ -- HTTPSConnectionPool(host='www.zerotackle.com', port=443): Max retries exceeded with url: /nrl/teams/cronulla-sharks/ (Caused by NameResolutionError("HTTPSConnection(host='www.zerotackle.com', port=443): Failed to resolve 'www.zerotackle.com' ([Errno 8] nodename nor servname provided, or not known)"))
2026-08-26 06:12:43 [WARNING] Failed to fetch Zero Tackle page for Cronulla-Sutherland Sharks
2026-08-26 06:12:43 [WARNING] Fetch failed https://www.zerotackle.com/nrl/teams/dolphins/ -- HTTPSConnectionPool(host='www.zerotackle.com', port=443): Max retries exceeded with url: /nrl/teams/dolphins/ (Caused by NameResolutionError("HTTPSConnection(host='www.zerotackle.com', port=443): Failed to resolve 'www.zerotackle.com' ([Errno 8] nodename nor servname provided, or not known)"))
2026-08-26 06:12:43 [WARNING] Failed to fetch Zero Tackle page for Dolphins
2026-08-26 06:12:43 [WARNING] Fetch failed https://www.zerotackle.com/nrl/teams/gold-coast-titans/ -- HTTPSConnectionPool(host='www.zerotackle.com', port=443): Max retries exceeded with url: /nrl/teams/gold-coast-titans/ (Caused by NameResolutionError("HTTPSConnection(host='www.zerotackle.com', port=443): Failed to resolve 'www.zerotackle.com' ([Errno 8] nodename nor servname provided, or not known)"))
2026-08-26 06:12:43 [WARNING] Failed to fetch Zero Tackle page for Gold Coast Titans
2026-08-26 06:12:44 [WARNING] Fetch failed https://www.zerotackle.com/nrl/teams/manly-sea-eagles/ -- HTTPSConnectionPool(host='www.zerotackle.com', port=443): Max retries exceeded with url: /nrl/teams/manly-sea-eagles/ (Caused by NameResolutionError("HTTPSConnection(host='www.zerotackle.com', port=443): Failed to resolve 'www.zerotackle.com' ([Errno 8] nodename nor servname provided, or not known)"))
2026-08-26 06:12:44 [WARNING] Failed to fetch Zero Tackle page for Manly-Warringah Sea Eagles
2026-08-26 06:12:44 [WARNING] Fetch failed https://www.zerotackle.com/nrl/teams/melbourne-storm/ -- HTTPSConnectionPool(host='www.zerotackle.com', port=443): Max retries exceeded with url: /nrl/teams/melbourne-storm/ (Caused by NameResolutionError("HTTPSConnection(host='www.zerotackle.com', port=443): Failed to resolve 'www.zerotackle.com' ([Errno 8] nodename nor servname provided, or not known)"))
2026-08-26 06:12:44 [WARNING] Failed to fetch Zero Tackle page for Melbourne Storm
2026-08-26 06:12:44 [WARNING] Fetch failed https://www.zerotackle.com/nrl/teams/newcastle-knights/ -- HTTPSConnectionPool(host='www.zerotackle.com', port=443): Max retries exceeded with url: /nrl/teams/newcastle-knights/ (Caused by NameResolutionError("HTTPSConnection(host='www.zerotackle.com', port=443): Failed to resolve 'www.zerotackle.com' ([Errno 8] nodename nor servname provided, or not known)"))
2026-08-26 06:12:44 [WARNING] Failed to fetch Zero Tackle page for Newcastle Knights
2026-08-26 06:12:44 [WARNING] Fetch failed https://www.zerotackle.com/nrl/teams/new-zealand-warriors/ -- HTTPSConnectionPool(host='www.zerotackle.com', port=443): Max retries exceeded with url: /nrl/teams/new-zealand-warriors/ (Caused by NameResolutionError("HTTPSConnection(host='www.zerotackle.com', port=443): Failed to resolve 'www.zerotackle.com' ([Errno 8] nodename nor servname provided, or not known)"))
2026-08-26 06:12:44 [WARNING] Failed to fetch Zero Tackle page for New Zealand Warriors
2026-08-26 06:12:44 [WARNING] Fetch failed https://www.zerotackle.com/nrl/teams/north-queensland-cowboys/ -- HTTPSConnectionPool(host='www.zerotackle.com', port=443): Max retries exceeded with url: /nrl/teams/north-queensland-cowboys/ (Caused by NameResolutionError("HTTPSConnection(host='www.zerotackle.com', port=443): Failed to resolve 'www.zerotackle.com' ([Errno 8] nodename nor servname provided, or not known)"))
2026-08-26 06:12:44 [WARNING] Failed to fetch Zero Tackle page for North Queensland Cowboys
2026-08-26 06:12:44 [WARNING] Fetch failed https://www.zerotackle.com/nrl/teams/parramatta-eels/ -- HTTPSConnectionPool(host='www.zerotackle.com', port=443): Max retries exceeded with url: /nrl/teams/parramatta-eels/ (Caused by NameResolutionError("HTTPSConnection(host='www.zerotackle.com', port=443): Failed to resolve 'www.zerotackle.com' ([Errno 8] nodename nor servname provided, or not known)"))
2026-08-26 06:12:44 [WARNING] Failed to fetch Zero Tackle page for Parramatta Eels
2026-08-26 06:12:44 [WARNING] Fetch failed https://www.zerotackle.com/nrl/teams/penrith-panthers/ -- HTTPSConnectionPool(host='www.zerotackle.com', port=443): Max retries exceeded with url: /nrl/teams/penrith-panthers/ (Caused by NameResolutionError("HTTPSConnection(host='www.zerotackle.com', port=443): Failed to resolve 'www.zerotackle.com' ([Errno 8] nodename nor servname provided, or not known)"))
2026-08-26 06:12:44 [WARNING] Failed to fetch Zero Tackle page for Penrith Panthers
2026-08-26 06:12:44 [WARNING] Fetch failed https://www.zerotackle.com/nrl/teams/south-sydney-rabbitohs/ -- HTTPSConnectionPool(host='www.zerotackle.com', port=443): Max retries exceeded with url: /nrl/teams/south-sydney-rabbitohs/ (Caused by NameResolutionError("HTTPSConnection(host='www.zerotackle.com', port=443): Failed to resolve 'www.zerotackle.com' ([Errno 8] nodename nor servname provided, or not known)"))
2026-08-26 06:12:44 [WARNING] Failed to fetch Zero Tackle page for South Sydney Rabbitohs
2026-08-26 06:12:44 [WARNING] Fetch failed https://www.zerotackle.com/nrl/teams/st-george-illawarra-dragons/ -- HTTPSConnectionPool(host='www.zerotackle.com', port=443): Max retries exceeded with url: /nrl/teams/st-george-illawarra-dragons/ (Caused by NameResolutionError("HTTPSConnection(host='www.zerotackle.com', port=443): Failed to resolve 'www.zerotackle.com' ([Errno 8] nodename nor servname provided, or not known)"))
2026-08-26 06:12:44 [WARNING] Failed to fetch Zero Tackle page for St. George Illawarra Dragons
2026-08-26 06:12:44 [WARNING] Fetch failed https://www.zerotackle.com/nrl/teams/sydney-roosters/ -- HTTPSConnectionPool(host='www.zerotackle.com', port=443): Max retries exceeded with url: /nrl/teams/sydney-roosters/ (Caused by NameResolutionError("HTTPSConnection(host='www.zerotackle.com', port=443): Failed to resolve 'www.zerotackle.com' ([Errno 8] nodename nor servname provided, or not known)"))
2026-08-26 06:12:44 [WARNING] Failed to fetch Zero Tackle page for Sydney Roosters
2026-08-26 06:12:44 [WARNING] Fetch failed https://www.zerotackle.com/nrl/teams/wests-tigers/ -- HTTPSConnectionPool(host='www.zerotackle.com', port=443): Max retries exceeded with url: /nrl/teams/wests-tigers/ (Caused by NameResolutionError("HTTPSConnection(host='www.zerotackle.com', port=443): Failed to resolve 'www.zerotackle.com' ([Errno 8] nodename nor servname provided, or not known)"))
2026-08-26 06:12:44 [WARNING] Failed to fetch Zero Tackle page for Wests Tigers
2026-08-26 06:12:44 [INFO] Zero Tackle total: 0 records across 17 teams
2026-08-26 06:12:44 [WARNING] Zero Tackle returned 0 records, retrying in 30s
2026-08-26 06:13:14 [INFO] Attempt 2/3 -- Zero Tackle injuries R26 2026
2026-08-26 06:13:14 [WARNING] Fetch failed https://www.zerotackle.com/nrl/teams/brisbane-broncos/ -- HTTPSConnectionPool(host='www.zerotackle.com', port=443): Max retries exceeded with url: /nrl/teams/brisbane-broncos/ (Caused by NameResolutionError("HTTPSConnection(host='www.zerotackle.com', port=443): Failed to resolve 'www.zerotackle.com' ([Errno 8] nodename nor servname provided, or not known)"))
2026-08-26 06:13:14 [WARNING] Failed to fetch Zero Tackle page for Brisbane Broncos
2026-08-26 06:13:14 [WARNING] Fetch failed https://www.zerotackle.com/nrl/teams/canberra-raiders/ -- HTTPSConnectionPool(host='www.zerotackle.com', port=443): Max retries exceeded with url: /nrl/teams/canberra-raiders/ (Caused by NameResolutionError("HTTPSConnection(host='www.zerotackle.com', port=443): Failed to resolve 'www.zerotackle.com' ([Errno 8] nodename nor servname provided, or not known)"))
2026-08-26 06:13:14 [WARNING] Failed to fetch Zero Tackle page for Canberra Raiders
2026-08-26 06:13:14 [WARNING] Fetch failed https://www.zerotackle.com/nrl/teams/canterbury-bankstown-bulldogs/ -- HTTPSConnectionPool(host='www.zerotackle.com', port=443): Max retries exceeded with url: /nrl/teams/canterbury-bankstown-bulldogs/ (Caused by NameResolutionError("HTTPSConnection(host='www.zerotackle.com', port=443): Failed to resolve 'www.zerotackle.com' ([Errno 8] nodename nor servname provided, or not known)"))
2026-08-26 06:13:14 [WARNING] Failed to fetch Zero Tackle page for Canterbury-Bankstown Bulldogs
2026-08-26 06:13:14 [WARNING] Fetch failed https://www.zerotackle.com/nrl/teams/cronulla-sharks/ -- HTTPSConnectionPool(host='www.zerotackle.com', port=443): Max retries exceeded with url: /nrl/teams/cronulla-sharks/ (Caused by NameResolutionError("HTTPSConnection(host='www.zerotackle.com', port=443): Failed to resolve 'www.zerotackle.com' ([Errno 8] nodename nor servname provided, or not known)"))
2026-08-26 06:13:14 [WARNING] Failed to fetch Zero Tackle page for Cronulla-Sutherland Sharks
2026-08-26 06:13:14 [WARNING] Fetch failed https://www.zerotackle.com/nrl/teams/dolphins/ -- HTTPSConnectionPool(host='www.zerotackle.com', port=443): Max retries exceeded with url: /nrl/teams/dolphins/ (Caused by NameResolutionError("HTTPSConnection(host='www.zerotackle.com', port=443): Failed to resolve 'www.zerotackle.com' ([Errno 8] nodename nor servname provided, or not known)"))
2026-08-26 06:13:14 [WARNING] Failed to fetch Zero Tackle page for Dolphins
2026-08-26 06:13:14 [WARNING] Fetch failed https://www.zerotackle.com/nrl/teams/gold-coast-titans/ -- HTTPSConnectionPool(host='www.zerotackle.com', port=443): Max retries exceeded with url: /nrl/teams/gold-coast-titans/ (Caused by NameResolutionError("HTTPSConnection(host='www.zerotackle.com', port=443): Failed to resolve 'www.zerotackle.com' ([Errno 8] nodename nor servname provided, or not known)"))
2026-08-26 06:13:14 [WARNING] Failed to fetch Zero Tackle page for Gold Coast Titans
2026-08-26 06:13:14 [WARNING] Fetch failed https://www.zerotackle.com/nrl/teams/manly-sea-eagles/ -- HTTPSConnectionPool(host='www.zerotackle.com', port=443): Max retries exceeded with url: /nrl/teams/manly-sea-eagles/ (Caused by NameResolutionError("HTTPSConnection(host='www.zerotackle.com', port=443): Failed to resolve 'www.zerotackle.com' ([Errno 8] nodename nor servname provided, or not known)"))
2026-08-26 06:13:14 [WARNING] Failed to fetch Zero Tackle page for Manly-Warringah Sea Eagles
2026-08-26 06:13:14 [WARNING] Fetch failed https://www.zerotackle.com/nrl/teams/melbourne-storm/ -- HTTPSConnectionPool(host='www.zerotackle.com', port=443): Max retries exceeded with url: /nrl/teams/melbourne-storm/ (Caused by NameResolutionError("HTTPSConnection(host='www.zerotackle.com', port=443): Failed to resolve 'www.zerotackle.com' ([Errno 8] nodename nor servname provided, or not known)"))
2026-08-26 06:13:14 [WARNING] Failed to fetch Zero Tackle page for Melbourne Storm
2026-08-26 06:13:14 [WARNING] Fetch failed https://www.zerotackle.com/nrl/teams/newcastle-knights/ -- HTTPSConnectionPool(host='www.zerotackle.com', port=443): Max retries exceeded with url: /nrl/teams/newcastle-knights/ (Caused by NameResolutionError("HTTPSConnection(host='www.zerotackle.com', port=443): Failed to resolve 'www.zerotackle.com' ([Errno 8] nodename nor servname provided, or not known)"))
2026-08-26 06:13:14 [WARNING] Failed to fetch Zero Tackle page for Newcastle Knights
2026-08-26 06:13:14 [WARNING] Fetch failed https://www.zerotackle.com/nrl/teams/new-zealand-warriors/ -- HTTPSConnectionPool(host='www.zerotackle.com', port=443): Max retries exceeded with url: /nrl/teams/new-zealand-warriors/ (Caused by NameResolutionError("HTTPSConnection(host='www.zerotackle.com', port=443): Failed to resolve 'www.zerotackle.com' ([Errno 8] nodename nor servname provided, or not known)"))
2026-08-26 06:13:14 [WARNING] Failed to fetch Zero Tackle page for New Zealand Warriors
2026-08-26 06:13:14 [WARNING] Fetch failed https://www.zerotackle.com/nrl/teams/north-queensland-cowboys/ -- HTTPSConnectionPool(host='www.zerotackle.com', port=443): Max retries exceeded with url: /nrl/teams/north-queensland-cowboys/ (Caused by NameResolutionError("HTTPSConnection(host='www.zerotackle.com', port=443): Failed to resolve 'www.zerotackle.com' ([Errno 8] nodename nor servname provided, or not known)"))
2026-08-26 06:13:14 [WARNING] Failed to fetch Zero Tackle page for North Queensland Cowboys
2026-08-26 06:13:14 [WARNING] Fetch failed https://www.zerotackle.com/nrl/teams/parramatta-eels/ -- HTTPSConnectionPool(host='www.zerotackle.com', port=443): Max retries exceeded with url: /nrl/teams/parramatta-eels/ (Caused by NameResolutionError("HTTPSConnection(host='www.zerotackle.com', port=443): Failed to resolve 'www.zerotackle.com' ([Errno 8] nodename nor servname provided, or not known)"))
2026-08-26 06:13:14 [WARNING] Failed to fetch Zero Tackle page for Parramatta Eels
2026-08-26 06:13:14 [WARNING] Fetch failed https://www.zerotackle.com/nrl/teams/penrith-panthers/ -- HTTPSConnectionPool(host='www.zerotackle.com', port=443): Max retries exceeded with url: /nrl/teams/penrith-panthers/ (Caused by NameResolutionError("HTTPSConnection(host='www.zerotackle.com', port=443): Failed to resolve 'www.zerotackle.com' ([Errno 8] nodename nor servname provided, or not known)"))
2026-08-26 06:13:14 [WARNING] Failed to fetch Zero Tackle page for Penrith Panthers
2026-08-26 06:13:14 [WARNING] Fetch failed https://www.zerotackle.com/nrl/teams/south-sydney-rabbitohs/ -- HTTPSConnectionPool(host='www.zerotackle.com', port=443): Max retries exceeded with url: /nrl/teams/south-sydney-rabbitohs/ (Caused by NameResolutionError("HTTPSConnection(host='www.zerotackle.com', port=443): Failed to resolve 'www.zerotackle.com' ([Errno 8] nodename nor servname provided, or not known)"))
2026-08-26 06:13:14 [WARNING] Failed to fetch Zero Tackle page for South Sydney Rabbitohs
2026-08-26 06:13:14 [WARNING] Fetch failed https://www.zerotackle.com/nrl/teams/st-george-illawarra-dragons/ -- HTTPSConnectionPool(host='www.zerotackle.com', port=443): Max retries exceeded with url: /nrl/teams/st-george-illawarra-dragons/ (Caused by NameResolutionError("HTTPSConnection(host='www.zerotackle.com', port=443): Failed to resolve 'www.zerotackle.com' ([Errno 8] nodename nor servname provided, or not known)"))
2026-08-26 06:13:14 [WARNING] Failed to fetch Zero Tackle page for St. George Illawarra Dragons
2026-08-26 06:13:14 [WARNING] Fetch failed https://www.zerotackle.com/nrl/teams/sydney-roosters/ -- HTTPSConnectionPool(host='www.zerotackle.com', port=443): Max retries exceeded with url: /nrl/teams/sydney-roosters/ (Caused by NameResolutionError("HTTPSConnection(host='www.zerotackle.com', port=443): Failed to resolve 'www.zerotackle.com' ([Errno 8] nodename nor servname provided, or not known)"))
2026-08-26 06:13:14 [WARNING] Failed to fetch Zero Tackle page for Sydney Roosters
2026-08-26 06:13:14 [WARNING] Fetch failed https://www.zerotackle.com/nrl/teams/wests-tigers/ -- HTTPSConnectionPool(host='www.zerotackle.com', port=443): Max retries exceeded with url: /nrl/teams/wests-tigers/ (Caused by NameResolutionError("HTTPSConnection(host='www.zerotackle.com', port=443): Failed to resolve 'www.zerotackle.com' ([Errno 8] nodename nor servname provided, or not known)"))
2026-08-26 06:13:14 [WARNING] Failed to fetch Zero Tackle page for Wests Tigers
2026-08-26 06:13:14 [INFO] Zero Tackle total: 0 records across 17 teams
2026-08-26 06:13:14 [WARNING] Zero Tackle returned 0 records, retrying in 30s
2026-08-26 06:13:44 [INFO] Attempt 3/3 -- Zero Tackle injuries R26 2026
2026-08-26 06:13:44 [WARNING] Fetch failed https://www.zerotackle.com/nrl/teams/brisbane-broncos/ -- HTTPSConnectionPool(host='www.zerotackle.com', port=443): Max retries exceeded with url: /nrl/teams/brisbane-broncos/ (Caused by NameResolutionError("HTTPSConnection(host='www.zerotackle.com', port=443): Failed to resolve 'www.zerotackle.com' ([Errno 8] nodename nor servname provided, or not known)"))
2026-08-26 06:13:44 [WARNING] Failed to fetch Zero Tackle page for Brisbane Broncos
2026-08-26 06:13:44 [WARNING] Fetch failed https://www.zerotackle.com/nrl/teams/canberra-raiders/ -- HTTPSConnectionPool(host='www.zerotackle.com', port=443): Max retries exceeded with url: /nrl/teams/canberra-raiders/ (Caused by NameResolutionError("HTTPSConnection(host='www.zerotackle.com', port=443): Failed to resolve 'www.zerotackle.com' ([Errno 8] nodename nor servname provided, or not known)"))
2026-08-26 06:13:44 [WARNING] Failed to fetch Zero Tackle page for Canberra Raiders
2026-08-26 06:13:44 [WARNING] Fetch failed https://www.zerotackle.com/nrl/teams/canterbury-bankstown-bulldogs/ -- HTTPSConnectionPool(host='www.zerotackle.com', port=443): Max retries exceeded with url: /nrl/teams/canterbury-bankstown-bulldogs/ (Caused by NameResolutionError("HTTPSConnection(host='www.zerotackle.com', port=443): Failed to resolve 'www.zerotackle.com' ([Errno 8] nodename nor servname provided, or not known)"))
2026-08-26 06:13:44 [WARNING] Failed to fetch Zero Tackle page for Canterbury-Bankstown Bulldogs
2026-08-26 06:13:44 [WARNING] Fetch failed https://www.zerotackle.com/nrl/teams/cronulla-sharks/ -- HTTPSConnectionPool(host='www.zerotackle.com', port=443): Max retries exceeded with url: /nrl/teams/cronulla-sharks/ (Caused by NameResolutionError("HTTPSConnection(host='www.zerotackle.com', port=443): Failed to resolve 'www.zerotackle.com' ([Errno 8] nodename nor servname provided, or not known)"))
2026-08-26 06:13:44 [WARNING] Failed to fetch Zero Tackle page for Cronulla-Sutherland Sharks
2026-08-26 06:13:44 [WARNING] Fetch failed https://www.zerotackle.com/nrl/teams/dolphins/ -- HTTPSConnectionPool(host='www.zerotackle.com', port=443): Max retries exceeded with url: /nrl/teams/dolphins/ (Caused by NameResolutionError("HTTPSConnection(host='www.zerotackle.com', port=443): Failed to resolve 'www.zerotackle.com' ([Errno 8] nodename nor servname provided, or not known)"))
2026-08-26 06:13:44 [WARNING] Failed to fetch Zero Tackle page for Dolphins
2026-08-26 06:13:44 [WARNING] Fetch failed https://www.zerotackle.com/nrl/teams/gold-coast-titans/ -- HTTPSConnectionPool(host='www.zerotackle.com', port=443): Max retries exceeded with url: /nrl/teams/gold-coast-titans/ (Caused by NameResolutionError("HTTPSConnection(host='www.zerotackle.com', port=443): Failed to resolve 'www.zerotackle.com' ([Errno 8] nodename nor servname provided, or not known)"))
2026-08-26 06:13:44 [WARNING] Failed to fetch Zero Tackle page for Gold Coast Titans
2026-08-26 06:13:44 [WARNING] Fetch failed https://www.zerotackle.com/nrl/teams/manly-sea-eagles/ -- HTTPSConnectionPool(host='www.zerotackle.com', port=443): Max retries exceeded with url: /nrl/teams/manly-sea-eagles/ (Caused by NameResolutionError("HTTPSConnection(host='www.zerotackle.com', port=443): Failed to resolve 'www.zerotackle.com' ([Errno 8] nodename nor servname provided, or not known)"))
2026-08-26 06:13:44 [WARNING] Failed to fetch Zero Tackle page for Manly-Warringah Sea Eagles
2026-08-26 06:13:44 [WARNING] Fetch failed https://www.zerotackle.com/nrl/teams/melbourne-storm/ -- HTTPSConnectionPool(host='www.zerotackle.com', port=443): Max retries exceeded with url: /nrl/teams/melbourne-storm/ (Caused by NameResolutionError("HTTPSConnection(host='www.zerotackle.com', port=443): Failed to resolve 'www.zerotackle.com' ([Errno 8] nodename nor servname provided, or not known)"))
2026-08-26 06:13:44 [WARNING] Failed to fetch Zero Tackle page for Melbourne Storm
2026-08-26 06:13:44 [WARNING] Fetch failed https://www.zerotackle.com/nrl/teams/newcastle-knights/ -- HTTPSConnectionPool(host='www.zerotackle.com', port=443): Max retries exceeded with url: /nrl/teams/newcastle-knights/ (Caused by NameResolutionError("HTTPSConnection(host='www.zerotackle.com', port=443): Failed to resolve 'www.zerotackle.com' ([Errno 8] nodename nor servname provided, or not known)"))
2026-08-26 06:13:44 [WARNING] Failed to fetch Zero Tackle page for Newcastle Knights
2026-08-26 06:13:44 [WARNING] Fetch failed https://www.zerotackle.com/nrl/teams/new-zealand-warriors/ -- HTTPSConnectionPool(host='www.zerotackle.com', port=443): Max retries exceeded with url: /nrl/teams/new-zealand-warriors/ (Caused by NameResolutionError("HTTPSConnection(host='www.zerotackle.com', port=443): Failed to resolve 'www.zerotackle.com' ([Errno 8] nodename nor servname provided, or not known)"))
2026-08-26 06:13:44 [WARNING] Failed to fetch Zero Tackle page for New Zealand Warriors
2026-08-26 06:13:44 [WARNING] Fetch failed https://www.zerotackle.com/nrl/teams/north-queensland-cowboys/ -- HTTPSConnectionPool(host='www.zerotackle.com', port=443): Max retries exceeded with url: /nrl/teams/north-queensland-cowboys/ (Caused by NameResolutionError("HTTPSConnection(host='www.zerotackle.com', port=443): Failed to resolve 'www.zerotackle.com' ([Errno 8] nodename nor servname provided, or not known)"))
2026-08-26 06:13:44 [WARNING] Failed to fetch Zero Tackle page for North Queensland Cowboys
2026-08-26 06:13:44 [WARNING] Fetch failed https://www.zerotackle.com/nrl/teams/parramatta-eels/ -- HTTPSConnectionPool(host='www.zerotackle.com', port=443): Max retries exceeded with url: /nrl/teams/parramatta-eels/ (Caused by NameResolutionError("HTTPSConnection(host='www.zerotackle.com', port=443): Failed to resolve 'www.zerotackle.com' ([Errno 8] nodename nor servname provided, or not known)"))
2026-08-26 06:13:44 [WARNING] Failed to fetch Zero Tackle page for Parramatta Eels
2026-08-26 06:13:44 [WARNING] Fetch failed https://www.zerotackle.com/nrl/teams/penrith-panthers/ -- HTTPSConnectionPool(host='www.zerotackle.com', port=443): Max retries exceeded with url: /nrl/teams/penrith-panthers/ (Caused by NameResolutionError("HTTPSConnection(host='www.zerotackle.com', port=443): Failed to resolve 'www.zerotackle.com' ([Errno 8] nodename nor servname provided, or not known)"))
2026-08-26 06:13:44 [WARNING] Failed to fetch Zero Tackle page for Penrith Panthers
2026-08-26 06:13:44 [WARNING] Fetch failed https://www.zerotackle.com/nrl/teams/south-sydney-rabbitohs/ -- HTTPSConnectionPool(host='www.zerotackle.com', port=443): Max retries exceeded with url: /nrl/teams/south-sydney-rabbitohs/ (Caused by NameResolutionError("HTTPSConnection(host='www.zerotackle.com', port=443): Failed to resolve 'www.zerotackle.com' ([Errno 8] nodename nor servname provided, or not known)"))
2026-08-26 06:13:44 [WARNING] Failed to fetch Zero Tackle page for South Sydney Rabbitohs
2026-08-26 06:13:44 [WARNING] Fetch failed https://www.zerotackle.com/nrl/teams/st-george-illawarra-dragons/ -- HTTPSConnectionPool(host='www.zerotackle.com', port=443): Max retries exceeded with url: /nrl/teams/st-george-illawarra-dragons/ (Caused by NameResolutionError("HTTPSConnection(host='www.zerotackle.com', port=443): Failed to resolve 'www.zerotackle.com' ([Errno 8] nodename nor servname provided, or not known)"))
2026-08-26 06:13:44 [WARNING] Failed to fetch Zero Tackle page for St. George Illawarra Dragons
2026-08-26 06:13:44 [WARNING] Fetch failed https://www.zerotackle.com/nrl/teams/sydney-roosters/ -- HTTPSConnectionPool(host='www.zerotackle.com', port=443): Max retries exceeded with url: /nrl/teams/sydney-roosters/ (Caused by NameResolutionError("HTTPSConnection(host='www.zerotackle.com', port=443): Failed to resolve 'www.zerotackle.com' ([Errno 8] nodename nor servname provided, or not known)"))
2026-08-26 06:13:44 [WARNING] Failed to fetch Zero Tackle page for Sydney Roosters
2026-08-26 06:13:44 [WARNING] Fetch failed https://www.zerotackle.com/nrl/teams/wests-tigers/ -- HTTPSConnectionPool(host='www.zerotackle.com', port=443): Max retries exceeded with url: /nrl/teams/wests-tigers/ (Caused by NameResolutionError("HTTPSConnection(host='www.zerotackle.com', port=443): Failed to resolve 'www.zerotackle.com' ([Errno 8] nodename nor servname provided, or not known)"))
2026-08-26 06:13:44 [WARNING] Failed to fetch Zero Tackle page for Wests Tigers
2026-08-26 06:13:44 [INFO] Zero Tackle total: 0 records across 17 teams
2026-08-26 06:13:44 [ERROR] All attempts exhausted -- no injury data
[2026-08-26T06:13:44] NRL team news
Written /Users/elliotbladen/BetMate/data/nrl/team-news/latest.json
  Round 26 | Teams: 17 | Injuries: 83 | Suspensions preserved: 0
[2026-08-26T06:13:45] NRL market-moving news
2026-08-26 06:13:45 [INFO] Targeting season=2026 round=26
2026-08-26 06:13:45 [WARNING] Fetch failed NRL Casualty Ward                https://www.nrl.com/news/2026/01/01/nrl-casualty-ward-how-your-club-is-shaping-heading-into-2026/ -- HTTPSConnectionPool(host='www.nrl.com', port=443): Max retries exceeded with url: /news/2026/01/01/nrl-casualty-ward-how-your-club-is-shaping-heading-into-2026/ (Caused by NameResolutionError("HTTPSConnection(host='www.nrl.com', port=443): Failed to resolve 'www.nrl.com' ([Errno 8] nodename nor servname provided, or not known)"))
2026-08-26 06:13:45 [WARNING] Fetch failed NRL Judiciary Report             https://www.nrl.com/news/2026/01/01/nrl-judiciary-report-2026/ -- HTTPSConnectionPool(host='www.nrl.com', port=443): Max retries exceeded with url: /news/2026/01/01/nrl-judiciary-report-2026/ (Caused by NameResolutionError("HTTPSConnection(host='www.nrl.com', port=443): Failed to resolve 'www.nrl.com' ([Errno 8] nodename nor servname provided, or not known)"))
2026-08-26 06:13:45 [WARNING] Fetch failed NRL News                         https://www.nrl.com/news/ -- HTTPSConnectionPool(host='www.nrl.com', port=443): Max retries exceeded with url: /news/ (Caused by NameResolutionError("HTTPSConnection(host='www.nrl.com', port=443): Failed to resolve 'www.nrl.com' ([Errno 8] nodename nor servname provided, or not known)"))
2026-08-26 06:13:45 [WARNING] Fetch failed Brisbane Broncos News            https://www.broncos.com.au/news/ -- HTTPSConnectionPool(host='www.broncos.com.au', port=443): Max retries exceeded with url: /news/ (Caused by NameResolutionError("HTTPSConnection(host='www.broncos.com.au', port=443): Failed to resolve 'www.broncos.com.au' ([Errno 8] nodename nor servname provided, or not known)"))
2026-08-26 06:13:45 [WARNING] Fetch failed Canterbury-Bankstown Bulldogs News https://www.bulldogs.com.au/news/ -- HTTPSConnectionPool(host='www.bulldogs.com.au', port=443): Max retries exceeded with url: /news/ (Caused by NameResolutionError("HTTPSConnection(host='www.bulldogs.com.au', port=443): Failed to resolve 'www.bulldogs.com.au' ([Errno 8] nodename nor servname provided, or not known)"))
2026-08-26 06:13:45 [WARNING] Fetch failed Canberra Raiders News            https://www.raiders.com.au/news/ -- HTTPSConnectionPool(host='www.raiders.com.au', port=443): Max retries exceeded with url: /news/ (Caused by NameResolutionError("HTTPSConnection(host='www.raiders.com.au', port=443): Failed to resolve 'www.raiders.com.au' ([Errno 8] nodename nor servname provided, or not known)"))
2026-08-26 06:13:45 [WARNING] Fetch failed Cronulla-Sutherland Sharks News  https://www.sharks.com.au/news/ -- HTTPSConnectionPool(host='www.sharks.com.au', port=443): Max retries exceeded with url: /news/ (Caused by NameResolutionError("HTTPSConnection(host='www.sharks.com.au', port=443): Failed to resolve 'www.sharks.com.au' ([Errno 8] nodename nor servname provided, or not known)"))
2026-08-26 06:13:45 [WARNING] Fetch failed Dolphins News                    https://www.dolphinsnrl.com.au/news/ -- HTTPSConnectionPool(host='www.dolphinsnrl.com.au', port=443): Max retries exceeded with url: /news/ (Caused by NameResolutionError("HTTPSConnection(host='www.dolphinsnrl.com.au', port=443): Failed to resolve 'www.dolphinsnrl.com.au' ([Errno 8] nodename nor servname provided, or not known)"))
2026-08-26 06:13:45 [WARNING] Fetch failed Gold Coast Titans News           https://www.titans.com.au/news/ -- HTTPSConnectionPool(host='www.titans.com.au', port=443): Max retries exceeded with url: /news/ (Caused by NameResolutionError("HTTPSConnection(host='www.titans.com.au', port=443): Failed to resolve 'www.titans.com.au' ([Errno 8] nodename nor servname provided, or not known)"))
2026-08-26 06:13:45 [WARNING] Fetch failed Manly-Warringah Sea Eagles News  https://www.seaeagles.com.au/news/ -- HTTPSConnectionPool(host='www.seaeagles.com.au', port=443): Max retries exceeded with url: /news/ (Caused by NameResolutionError("HTTPSConnection(host='www.seaeagles.com.au', port=443): Failed to resolve 'www.seaeagles.com.au' ([Errno 8] nodename nor servname provided, or not known)"))
2026-08-26 06:13:46 [WARNING] Fetch failed Melbourne Storm News             https://www.melbournestorm.com.au/news/ -- HTTPSConnectionPool(host='www.melbournestorm.com.au', port=443): Max retries exceeded with url: /news/ (Caused by NameResolutionError("HTTPSConnection(host='www.melbournestorm.com.au', port=443): Failed to resolve 'www.melbournestorm.com.au' ([Errno 8] nodename nor servname provided, or not known)"))
2026-08-26 06:13:46 [WARNING] Fetch failed Newcastle Knights News           https://www.newcastleknights.com.au/news/ -- HTTPSConnectionPool(host='www.newcastleknights.com.au', port=443): Max retries exceeded with url: /news/ (Caused by NameResolutionError("HTTPSConnection(host='www.newcastleknights.com.au', port=443): Failed to resolve 'www.newcastleknights.com.au' ([Errno 8] nodename nor servname provided, or not known)"))
2026-08-26 06:13:46 [WARNING] Fetch failed New Zealand Warriors News        https://www.warriors.kiwi/news/ -- HTTPSConnectionPool(host='www.warriors.kiwi', port=443): Max retries exceeded with url: /news/ (Caused by NameResolutionError("HTTPSConnection(host='www.warriors.kiwi', port=443): Failed to resolve 'www.warriors.kiwi' ([Errno 8] nodename nor servname provided, or not known)"))
2026-08-26 06:13:46 [WARNING] Fetch failed North Queensland Cowboys News    https://www.cowboys.com.au/news/ -- HTTPSConnectionPool(host='www.cowboys.com.au', port=443): Max retries exceeded with url: /news/ (Caused by NameResolutionError("HTTPSConnection(host='www.cowboys.com.au', port=443): Failed to resolve 'www.cowboys.com.au' ([Errno 8] nodename nor servname provided, or not known)"))
2026-08-26 06:13:46 [WARNING] Fetch failed Parramatta Eels News             https://www.parraeels.com.au/news/ -- HTTPSConnectionPool(host='www.parraeels.com.au', port=443): Max retries exceeded with url: /news/ (Caused by NameResolutionError("HTTPSConnection(host='www.parraeels.com.au', port=443): Failed to resolve 'www.parraeels.com.au' ([Errno 8] nodename nor servname provided, or not known)"))
2026-08-26 06:13:46 [WARNING] Fetch failed Penrith Panthers News            https://www.penrithpanthers.com.au/news/ -- HTTPSConnectionPool(host='www.penrithpanthers.com.au', port=443): Max retries exceeded with url: /news/ (Caused by NameResolutionError("HTTPSConnection(host='www.penrithpanthers.com.au', port=443): Failed to resolve 'www.penrithpanthers.com.au' ([Errno 8] nodename nor servname provided, or not known)"))
2026-08-26 06:13:46 [WARNING] Fetch failed South Sydney Rabbitohs News      https://www.rabbitohs.com.au/news/ -- HTTPSConnectionPool(host='www.rabbitohs.com.au', port=443): Max retries exceeded with url: /news/ (Caused by NameResolutionError("HTTPSConnection(host='www.rabbitohs.com.au', port=443): Failed to resolve 'www.rabbitohs.com.au' ([Errno 8] nodename nor servname provided, or not known)"))
2026-08-26 06:13:46 [WARNING] Fetch failed St. George Illawarra Dragons News https://www.dragons.com.au/news/ -- HTTPSConnectionPool(host='www.dragons.com.au', port=443): Max retries exceeded with url: /news/ (Caused by NameResolutionError("HTTPSConnection(host='www.dragons.com.au', port=443): Failed to resolve 'www.dragons.com.au' ([Errno 8] nodename nor servname provided, or not known)"))
2026-08-26 06:13:46 [WARNING] Fetch failed Sydney Roosters News             https://www.roosters.com.au/news/ -- HTTPSConnectionPool(host='www.roosters.com.au', port=443): Max retries exceeded with url: /news/ (Caused by NameResolutionError("HTTPSConnection(host='www.roosters.com.au', port=443): Failed to resolve 'www.roosters.com.au' ([Errno 8] nodename nor servname provided, or not known)"))
2026-08-26 06:13:46 [WARNING] Fetch failed Wests Tigers News                https://www.weststigers.com.au/news/ -- HTTPSConnectionPool(host='www.weststigers.com.au', port=443): Max retries exceeded with url: /news/ (Caused by NameResolutionError("HTTPSConnection(host='www.weststigers.com.au', port=443): Failed to resolve 'www.weststigers.com.au' ([Errno 8] nodename nor servname provided, or not known)"))
2026-08-26 06:13:46 [INFO] Wrote 0 flags
2026-08-26 06:13:46 [INFO] JSON: /Users/elliotbladen/BetMate/data/nrl/news_flags/processed/2026/2026-08-26.json
2026-08-26 06:13:46 [INFO] CSV:  /Users/elliotbladen/BetMate/data/nrl/news_flags/processed/2026/2026-08-26.csv
2026-08-26 06:13:46 [INFO] News flags complete -- 0 total, 0 HIGH
[2026-08-26T06:13:46] AFL injuries
2026-08-26 06:13:46 [INFO] Targeting season=2026 round=23
2026-08-26 06:13:46 [INFO] Attempt 1/3 -- AFL injuries R23 2026
2026-08-26 06:13:46 [WARNING] Fetch failed https://www.footywire.com/afl/footy/injury_list -- HTTPSConnectionPool(host='www.footywire.com', port=443): Max retries exceeded with url: /afl/footy/injury_list (Caused by NameResolutionError("HTTPSConnection(host='www.footywire.com', port=443): Failed to resolve 'www.footywire.com' ([Errno 8] nodename nor servname provided, or not known)"))
2026-08-26 06:13:46 [WARNING] Fetch failed, retrying in 30s
2026-08-26 18:15:42 [INFO] Attempt 2/3 -- AFL injuries R23 2026
2026-08-26 18:15:46 [INFO] Parsed 72 player records across all teams
2026-08-26 18:15:46 [INFO] Wrote latest-injuries.json -- 72 records, round 23
[2026-08-26T18:15:46] Market event log
Wrote 666 events -> /Users/elliotbladen/BetMate/data/market_events/2026_events.csv
  injury: 666
AFL injury refresh pinned to prepared round 23
[2026-08-26T19:15:48] NRL injuries
2026-08-26 19:15:48 [INFO] Targeting season=2026 round=26
2026-08-26 19:15:48 [INFO] Attempt 1/3 -- Zero Tackle injuries R26 2026
2026-08-26 19:15:50 [INFO]   Brisbane Broncos                         4 injuries
2026-08-26 19:15:50 [INFO]   Canberra Raiders                         4 injuries
2026-08-26 19:15:51 [INFO]   Canterbury-Bankstown Bulldogs            6 injuries
2026-08-26 19:15:52 [INFO]   Cronulla-Sutherland Sharks               2 injuries
2026-08-26 19:15:53 [INFO]   Dolphins                                 2 injuries
2026-08-26 19:15:53 [INFO]   Gold Coast Titans                        7 injuries
2026-08-26 19:15:55 [INFO]   Manly-Warringah Sea Eagles               7 injuries
2026-08-26 19:15:55 [INFO]   Melbourne Storm                          6 injuries
2026-08-26 19:15:56 [INFO]   Newcastle Knights                        8 injuries
2026-08-26 19:15:57 [INFO]   New Zealand Warriors                     7 injuries
2026-08-26 19:15:58 [INFO]   North Queensland Cowboys                 3 injuries
2026-08-26 19:15:59 [INFO]   Parramatta Eels                          5 injuries
2026-08-26 19:16:00 [INFO]   Penrith Panthers                         4 injuries
2026-08-26 19:16:00 [INFO]   South Sydney Rabbitohs                   6 injuries
2026-08-26 19:16:01 [INFO]   St. George Illawarra Dragons             6 injuries
2026-08-26 19:16:02 [INFO]   Sydney Roosters                          5 injuries
2026-08-26 19:16:03 [INFO]   Wests Tigers                             7 injuries
2026-08-26 19:16:03 [INFO] Zero Tackle total: 89 records across 17 teams
2026-08-26 19:16:03 [INFO] Wrote latest-injuries.json -- 89 player records, round 26
2026-08-26 19:16:03 [INFO] Injuries scraped -- 89 records
[2026-08-26T19:16:03] NRL team news
Written /Users/elliotbladen/BetMate/data/nrl/team-news/latest.json
  Round 26 | Teams: 17 | Injuries: 89 | Suspensions preserved: 0
[2026-08-26T19:16:06] NRL market-moving news
2026-08-26 19:16:06 [INFO] Targeting season=2026 round=26
2026-08-26 19:16:09 [INFO] Fetched NRL Casualty Ward                904 bytes
2026-08-26 19:16:11 [INFO] Fetched NRL Judiciary Report             862 bytes
2026-08-26 19:16:13 [INFO] Fetched NRL News                         798 bytes
2026-08-26 19:16:15 [INFO] Fetched Brisbane Broncos News            805 bytes
2026-08-26 19:16:17 [INFO] Fetched Canterbury-Bankstown Bulldogs News 806 bytes
2026-08-26 19:16:21 [INFO] Fetched Canberra Raiders News            805 bytes
2026-08-26 19:16:23 [INFO] Fetched Cronulla-Sutherland Sharks News  804 bytes
2026-08-26 19:16:28 [INFO] Fetched Dolphins News                    809 bytes
2026-08-26 19:16:31 [INFO] Fetched Gold Coast Titans News           804 bytes
2026-08-26 19:16:34 [INFO] Fetched Manly-Warringah Sea Eagles News  807 bytes
2026-08-26 19:16:39 [INFO] Fetched Melbourne Storm News             812 bytes
2026-08-26 19:16:43 [INFO] Fetched Newcastle Knights News           814 bytes
2026-08-26 19:16:45 [INFO] Fetched New Zealand Warriors News        804 bytes
2026-08-26 19:16:48 [INFO] Fetched North Queensland Cowboys News    805 bytes
2026-08-26 19:16:52 [INFO] Fetched Parramatta Eels News             807 bytes
2026-08-26 19:16:55 [INFO] Fetched Penrith Panthers News            813 bytes
2026-08-26 19:16:56 [INFO] Fetched South Sydney Rabbitohs News      179093 bytes
2026-08-26 19:16:58 [INFO] Fetched St. George Illawarra Dragons News 805 bytes
2026-08-26 19:17:01 [INFO] Fetched Sydney Roosters News             806 bytes
2026-08-26 19:17:03 [INFO] Fetched Wests Tigers News                809 bytes
2026-08-26 19:17:04 [INFO] Wrote 0 flags
2026-08-26 19:17:04 [INFO] JSON: /Users/elliotbladen/BetMate/data/nrl/news_flags/processed/2026/2026-08-26.json
2026-08-26 19:17:04 [INFO] CSV:  /Users/elliotbladen/BetMate/data/nrl/news_flags/processed/2026/2026-08-26.csv
2026-08-26 19:17:04 [INFO] News flags complete -- 0 total, 0 HIGH
[2026-08-26T19:17:04] AFL injuries
2026-08-26 19:17:04 [INFO] Targeting season=2026 round=23
2026-08-26 19:17:04 [INFO] Attempt 1/3 -- AFL injuries R23 2026
2026-08-26 19:17:08 [INFO] Parsed 72 player records across all teams
2026-08-26 19:17:08 [INFO] Wrote latest-injuries.json -- 72 records, round 23
[2026-08-26T19:17:08] Market event log
Wrote 672 events -> /Users/elliotbladen/BetMate/data/market_events/2026_events.csv
  injury: 672
AFL injury refresh pinned to prepared round 23
[2026-08-27T18:49:26] NRL injuries
2026-08-27 18:49:26 [INFO] Targeting season=2026 round=26
2026-08-27 18:49:26 [INFO] Attempt 1/3 -- Zero Tackle injuries R26 2026
2026-08-27 18:49:26 [WARNING] Fetch failed https://www.zerotackle.com/nrl/teams/brisbane-broncos/ -- HTTPSConnectionPool(host='www.zerotackle.com', port=443): Max retries exceeded with url: /nrl/teams/brisbane-broncos/ (Caused by NameResolutionError("HTTPSConnection(host='www.zerotackle.com', port=443): Failed to resolve 'www.zerotackle.com' ([Errno 8] nodename nor servname provided, or not known)"))
2026-08-27 18:49:26 [WARNING] Failed to fetch Zero Tackle page for Brisbane Broncos
2026-08-27 18:49:26 [WARNING] Fetch failed https://www.zerotackle.com/nrl/teams/canberra-raiders/ -- HTTPSConnectionPool(host='www.zerotackle.com', port=443): Max retries exceeded with url: /nrl/teams/canberra-raiders/ (Caused by NameResolutionError("HTTPSConnection(host='www.zerotackle.com', port=443): Failed to resolve 'www.zerotackle.com' ([Errno 8] nodename nor servname provided, or not known)"))
2026-08-27 18:49:26 [WARNING] Failed to fetch Zero Tackle page for Canberra Raiders
2026-08-27 18:49:26 [WARNING] Fetch failed https://www.zerotackle.com/nrl/teams/canterbury-bankstown-bulldogs/ -- HTTPSConnectionPool(host='www.zerotackle.com', port=443): Max retries exceeded with url: /nrl/teams/canterbury-bankstown-bulldogs/ (Caused by NameResolutionError("HTTPSConnection(host='www.zerotackle.com', port=443): Failed to resolve 'www.zerotackle.com' ([Errno 8] nodename nor servname provided, or not known)"))
2026-08-27 18:49:26 [WARNING] Failed to fetch Zero Tackle page for Canterbury-Bankstown Bulldogs
2026-08-27 18:49:26 [WARNING] Fetch failed https://www.zerotackle.com/nrl/teams/cronulla-sharks/ -- HTTPSConnectionPool(host='www.zerotackle.com', port=443): Max retries exceeded with url: /nrl/teams/cronulla-sharks/ (Caused by NameResolutionError("HTTPSConnection(host='www.zerotackle.com', port=443): Failed to resolve 'www.zerotackle.com' ([Errno 8] nodename nor servname provided, or not known)"))
2026-08-27 18:49:26 [WARNING] Failed to fetch Zero Tackle page for Cronulla-Sutherland Sharks
2026-08-27 18:49:26 [WARNING] Fetch failed https://www.zerotackle.com/nrl/teams/dolphins/ -- HTTPSConnectionPool(host='www.zerotackle.com', port=443): Max retries exceeded with url: /nrl/teams/dolphins/ (Caused by NameResolutionError("HTTPSConnection(host='www.zerotackle.com', port=443): Failed to resolve 'www.zerotackle.com' ([Errno 8] nodename nor servname provided, or not known)"))
2026-08-27 18:49:26 [WARNING] Failed to fetch Zero Tackle page for Dolphins
2026-08-27 18:49:26 [WARNING] Fetch failed https://www.zerotackle.com/nrl/teams/gold-coast-titans/ -- HTTPSConnectionPool(host='www.zerotackle.com', port=443): Max retries exceeded with url: /nrl/teams/gold-coast-titans/ (Caused by NameResolutionError("HTTPSConnection(host='www.zerotackle.com', port=443): Failed to resolve 'www.zerotackle.com' ([Errno 8] nodename nor servname provided, or not known)"))
2026-08-27 18:49:26 [WARNING] Failed to fetch Zero Tackle page for Gold Coast Titans
2026-08-27 18:49:26 [WARNING] Fetch failed https://www.zerotackle.com/nrl/teams/manly-sea-eagles/ -- HTTPSConnectionPool(host='www.zerotackle.com', port=443): Max retries exceeded with url: /nrl/teams/manly-sea-eagles/ (Caused by NameResolutionError("HTTPSConnection(host='www.zerotackle.com', port=443): Failed to resolve 'www.zerotackle.com' ([Errno 8] nodename nor servname provided, or not known)"))
2026-08-27 18:49:26 [WARNING] Failed to fetch Zero Tackle page for Manly-Warringah Sea Eagles
2026-08-27 18:49:26 [WARNING] Fetch failed https://www.zerotackle.com/nrl/teams/melbourne-storm/ -- HTTPSConnectionPool(host='www.zerotackle.com', port=443): Max retries exceeded with url: /nrl/teams/melbourne-storm/ (Caused by NameResolutionError("HTTPSConnection(host='www.zerotackle.com', port=443): Failed to resolve 'www.zerotackle.com' ([Errno 8] nodename nor servname provided, or not known)"))
2026-08-27 18:49:26 [WARNING] Failed to fetch Zero Tackle page for Melbourne Storm
2026-08-27 18:49:26 [WARNING] Fetch failed https://www.zerotackle.com/nrl/teams/newcastle-knights/ -- HTTPSConnectionPool(host='www.zerotackle.com', port=443): Max retries exceeded with url: /nrl/teams/newcastle-knights/ (Caused by NameResolutionError("HTTPSConnection(host='www.zerotackle.com', port=443): Failed to resolve 'www.zerotackle.com' ([Errno 8] nodename nor servname provided, or not known)"))
2026-08-27 18:49:26 [WARNING] Failed to fetch Zero Tackle page for Newcastle Knights
2026-08-27 18:49:26 [WARNING] Fetch failed https://www.zerotackle.com/nrl/teams/new-zealand-warriors/ -- HTTPSConnectionPool(host='www.zerotackle.com', port=443): Max retries exceeded with url: /nrl/teams/new-zealand-warriors/ (Caused by NameResolutionError("HTTPSConnection(host='www.zerotackle.com', port=443): Failed to resolve 'www.zerotackle.com' ([Errno 8] nodename nor servname provided, or not known)"))
2026-08-27 18:49:26 [WARNING] Failed to fetch Zero Tackle page for New Zealand Warriors
2026-08-27 18:49:26 [WARNING] Fetch failed https://www.zerotackle.com/nrl/teams/north-queensland-cowboys/ -- HTTPSConnectionPool(host='www.zerotackle.com', port=443): Max retries exceeded with url: /nrl/teams/north-queensland-cowboys/ (Caused by NameResolutionError("HTTPSConnection(host='www.zerotackle.com', port=443): Failed to resolve 'www.zerotackle.com' ([Errno 8] nodename nor servname provided, or not known)"))
2026-08-27 18:49:26 [WARNING] Failed to fetch Zero Tackle page for North Queensland Cowboys
2026-08-27 18:49:26 [WARNING] Fetch failed https://www.zerotackle.com/nrl/teams/parramatta-eels/ -- HTTPSConnectionPool(host='www.zerotackle.com', port=443): Max retries exceeded with url: /nrl/teams/parramatta-eels/ (Caused by NameResolutionError("HTTPSConnection(host='www.zerotackle.com', port=443): Failed to resolve 'www.zerotackle.com' ([Errno 8] nodename nor servname provided, or not known)"))
2026-08-27 18:49:26 [WARNING] Failed to fetch Zero Tackle page for Parramatta Eels
2026-08-27 18:49:26 [WARNING] Fetch failed https://www.zerotackle.com/nrl/teams/penrith-panthers/ -- HTTPSConnectionPool(host='www.zerotackle.com', port=443): Max retries exceeded with url: /nrl/teams/penrith-panthers/ (Caused by NameResolutionError("HTTPSConnection(host='www.zerotackle.com', port=443): Failed to resolve 'www.zerotackle.com' ([Errno 8] nodename nor servname provided, or not known)"))
2026-08-27 18:49:26 [WARNING] Failed to fetch Zero Tackle page for Penrith Panthers
2026-08-27 18:49:26 [WARNING] Fetch failed https://www.zerotackle.com/nrl/teams/south-sydney-rabbitohs/ -- HTTPSConnectionPool(host='www.zerotackle.com', port=443): Max retries exceeded with url: /nrl/teams/south-sydney-rabbitohs/ (Caused by NameResolutionError("HTTPSConnection(host='www.zerotackle.com', port=443): Failed to resolve 'www.zerotackle.com' ([Errno 8] nodename nor servname provided, or not known)"))
2026-08-27 18:49:26 [WARNING] Failed to fetch Zero Tackle page for South Sydney Rabbitohs
2026-08-27 18:49:26 [WARNING] Fetch failed https://www.zerotackle.com/nrl/teams/st-george-illawarra-dragons/ -- HTTPSConnectionPool(host='www.zerotackle.com', port=443): Max retries exceeded with url: /nrl/teams/st-george-illawarra-dragons/ (Caused by NameResolutionError("HTTPSConnection(host='www.zerotackle.com', port=443): Failed to resolve 'www.zerotackle.com' ([Errno 8] nodename nor servname provided, or not known)"))
2026-08-27 18:49:26 [WARNING] Failed to fetch Zero Tackle page for St. George Illawarra Dragons
2026-08-27 18:49:26 [WARNING] Fetch failed https://www.zerotackle.com/nrl/teams/sydney-roosters/ -- HTTPSConnectionPool(host='www.zerotackle.com', port=443): Max retries exceeded with url: /nrl/teams/sydney-roosters/ (Caused by NameResolutionError("HTTPSConnection(host='www.zerotackle.com', port=443): Failed to resolve 'www.zerotackle.com' ([Errno 8] nodename nor servname provided, or not known)"))
2026-08-27 18:49:26 [WARNING] Failed to fetch Zero Tackle page for Sydney Roosters
2026-08-27 18:49:26 [WARNING] Fetch failed https://www.zerotackle.com/nrl/teams/wests-tigers/ -- HTTPSConnectionPool(host='www.zerotackle.com', port=443): Max retries exceeded with url: /nrl/teams/wests-tigers/ (Caused by NameResolutionError("HTTPSConnection(host='www.zerotackle.com', port=443): Failed to resolve 'www.zerotackle.com' ([Errno 8] nodename nor servname provided, or not known)"))
2026-08-27 18:49:26 [WARNING] Failed to fetch Zero Tackle page for Wests Tigers
2026-08-27 18:49:26 [INFO] Zero Tackle total: 0 records across 17 teams
2026-08-27 18:49:26 [WARNING] Zero Tackle returned 0 records, retrying in 30s
2026-08-27 18:49:56 [INFO] Attempt 2/3 -- Zero Tackle injuries R26 2026
2026-08-27 18:49:56 [WARNING] Fetch failed https://www.zerotackle.com/nrl/teams/brisbane-broncos/ -- HTTPSConnectionPool(host='www.zerotackle.com', port=443): Max retries exceeded with url: /nrl/teams/brisbane-broncos/ (Caused by NameResolutionError("HTTPSConnection(host='www.zerotackle.com', port=443): Failed to resolve 'www.zerotackle.com' ([Errno 8] nodename nor servname provided, or not known)"))
2026-08-27 18:49:56 [WARNING] Failed to fetch Zero Tackle page for Brisbane Broncos
2026-08-27 18:49:56 [WARNING] Fetch failed https://www.zerotackle.com/nrl/teams/canberra-raiders/ -- HTTPSConnectionPool(host='www.zerotackle.com', port=443): Max retries exceeded with url: /nrl/teams/canberra-raiders/ (Caused by NameResolutionError("HTTPSConnection(host='www.zerotackle.com', port=443): Failed to resolve 'www.zerotackle.com' ([Errno 8] nodename nor servname provided, or not known)"))
2026-08-27 18:49:56 [WARNING] Failed to fetch Zero Tackle page for Canberra Raiders
2026-08-27 18:49:56 [WARNING] Fetch failed https://www.zerotackle.com/nrl/teams/canterbury-bankstown-bulldogs/ -- HTTPSConnectionPool(host='www.zerotackle.com', port=443): Max retries exceeded with url: /nrl/teams/canterbury-bankstown-bulldogs/ (Caused by NameResolutionError("HTTPSConnection(host='www.zerotackle.com', port=443): Failed to resolve 'www.zerotackle.com' ([Errno 8] nodename nor servname provided, or not known)"))
2026-08-27 18:49:56 [WARNING] Failed to fetch Zero Tackle page for Canterbury-Bankstown Bulldogs
2026-08-27 18:49:56 [WARNING] Fetch failed https://www.zerotackle.com/nrl/teams/cronulla-sharks/ -- HTTPSConnectionPool(host='www.zerotackle.com', port=443): Max retries exceeded with url: /nrl/teams/cronulla-sharks/ (Caused by NameResolutionError("HTTPSConnection(host='www.zerotackle.com', port=443): Failed to resolve 'www.zerotackle.com' ([Errno 8] nodename nor servname provided, or not known)"))
2026-08-27 18:49:56 [WARNING] Failed to fetch Zero Tackle page for Cronulla-Sutherland Sharks
2026-08-27 18:49:56 [WARNING] Fetch failed https://www.zerotackle.com/nrl/teams/dolphins/ -- HTTPSConnectionPool(host='www.zerotackle.com', port=443): Max retries exceeded with url: /nrl/teams/dolphins/ (Caused by NameResolutionError("HTTPSConnection(host='www.zerotackle.com', port=443): Failed to resolve 'www.zerotackle.com' ([Errno 8] nodename nor servname provided, or not known)"))
2026-08-27 18:49:56 [WARNING] Failed to fetch Zero Tackle page for Dolphins
2026-08-27 18:49:56 [WARNING] Fetch failed https://www.zerotackle.com/nrl/teams/gold-coast-titans/ -- HTTPSConnectionPool(host='www.zerotackle.com', port=443): Max retries exceeded with url: /nrl/teams/gold-coast-titans/ (Caused by NameResolutionError("HTTPSConnection(host='www.zerotackle.com', port=443): Failed to resolve 'www.zerotackle.com' ([Errno 8] nodename nor servname provided, or not known)"))
2026-08-27 18:49:56 [WARNING] Failed to fetch Zero Tackle page for Gold Coast Titans
2026-08-27 18:49:56 [WARNING] Fetch failed https://www.zerotackle.com/nrl/teams/manly-sea-eagles/ -- HTTPSConnectionPool(host='www.zerotackle.com', port=443): Max retries exceeded with url: /nrl/teams/manly-sea-eagles/ (Caused by NameResolutionError("HTTPSConnection(host='www.zerotackle.com', port=443): Failed to resolve 'www.zerotackle.com' ([Errno 8] nodename nor servname provided, or not known)"))
2026-08-27 18:49:56 [WARNING] Failed to fetch Zero Tackle page for Manly-Warringah Sea Eagles
2026-08-27 18:49:56 [WARNING] Fetch failed https://www.zerotackle.com/nrl/teams/melbourne-storm/ -- HTTPSConnectionPool(host='www.zerotackle.com', port=443): Max retries exceeded with url: /nrl/teams/melbourne-storm/ (Caused by NameResolutionError("HTTPSConnection(host='www.zerotackle.com', port=443): Failed to resolve 'www.zerotackle.com' ([Errno 8] nodename nor servname provided, or not known)"))
2026-08-27 18:49:56 [WARNING] Failed to fetch Zero Tackle page for Melbourne Storm
2026-08-27 18:49:56 [WARNING] Fetch failed https://www.zerotackle.com/nrl/teams/newcastle-knights/ -- HTTPSConnectionPool(host='www.zerotackle.com', port=443): Max retries exceeded with url: /nrl/teams/newcastle-knights/ (Caused by NameResolutionError("HTTPSConnection(host='www.zerotackle.com', port=443): Failed to resolve 'www.zerotackle.com' ([Errno 8] nodename nor servname provided, or not known)"))
2026-08-27 18:49:56 [WARNING] Failed to fetch Zero Tackle page for Newcastle Knights
2026-08-27 18:49:56 [WARNING] Fetch failed https://www.zerotackle.com/nrl/teams/new-zealand-warriors/ -- HTTPSConnectionPool(host='www.zerotackle.com', port=443): Max retries exceeded with url: /nrl/teams/new-zealand-warriors/ (Caused by NameResolutionError("HTTPSConnection(host='www.zerotackle.com', port=443): Failed to resolve 'www.zerotackle.com' ([Errno 8] nodename nor servname provided, or not known)"))
2026-08-27 18:49:56 [WARNING] Failed to fetch Zero Tackle page for New Zealand Warriors
2026-08-27 18:49:56 [WARNING] Fetch failed https://www.zerotackle.com/nrl/teams/north-queensland-cowboys/ -- HTTPSConnectionPool(host='www.zerotackle.com', port=443): Max retries exceeded with url: /nrl/teams/north-queensland-cowboys/ (Caused by NameResolutionError("HTTPSConnection(host='www.zerotackle.com', port=443): Failed to resolve 'www.zerotackle.com' ([Errno 8] nodename nor servname provided, or not known)"))
2026-08-27 18:49:56 [WARNING] Failed to fetch Zero Tackle page for North Queensland Cowboys
2026-08-27 18:49:56 [WARNING] Fetch failed https://www.zerotackle.com/nrl/teams/parramatta-eels/ -- HTTPSConnectionPool(host='www.zerotackle.com', port=443): Max retries exceeded with url: /nrl/teams/parramatta-eels/ (Caused by NameResolutionError("HTTPSConnection(host='www.zerotackle.com', port=443): Failed to resolve 'www.zerotackle.com' ([Errno 8] nodename nor servname provided, or not known)"))
2026-08-27 18:49:56 [WARNING] Failed to fetch Zero Tackle page for Parramatta Eels
2026-08-27 18:49:56 [WARNING] Fetch failed https://www.zerotackle.com/nrl/teams/penrith-panthers/ -- HTTPSConnectionPool(host='www.zerotackle.com', port=443): Max retries exceeded with url: /nrl/teams/penrith-panthers/ (Caused by NameResolutionError("HTTPSConnection(host='www.zerotackle.com', port=443): Failed to resolve 'www.zerotackle.com' ([Errno 8] nodename nor servname provided, or not known)"))
2026-08-27 18:49:56 [WARNING] Failed to fetch Zero Tackle page for Penrith Panthers
2026-08-27 18:49:56 [WARNING] Fetch failed https://www.zerotackle.com/nrl/teams/south-sydney-rabbitohs/ -- HTTPSConnectionPool(host='www.zerotackle.com', port=443): Max retries exceeded with url: /nrl/teams/south-sydney-rabbitohs/ (Caused by NameResolutionError("HTTPSConnection(host='www.zerotackle.com', port=443): Failed to resolve 'www.zerotackle.com' ([Errno 8] nodename nor servname provided, or not known)"))
2026-08-27 18:49:56 [WARNING] Failed to fetch Zero Tackle page for South Sydney Rabbitohs
2026-08-27 18:49:56 [WARNING] Fetch failed https://www.zerotackle.com/nrl/teams/st-george-illawarra-dragons/ -- HTTPSConnectionPool(host='www.zerotackle.com', port=443): Max retries exceeded with url: /nrl/teams/st-george-illawarra-dragons/ (Caused by NameResolutionError("HTTPSConnection(host='www.zerotackle.com', port=443): Failed to resolve 'www.zerotackle.com' ([Errno 8] nodename nor servname provided, or not known)"))
2026-08-27 18:49:56 [WARNING] Failed to fetch Zero Tackle page for St. George Illawarra Dragons
2026-08-27 18:49:56 [WARNING] Fetch failed https://www.zerotackle.com/nrl/teams/sydney-roosters/ -- HTTPSConnectionPool(host='www.zerotackle.com', port=443): Max retries exceeded with url: /nrl/teams/sydney-roosters/ (Caused by NameResolutionError("HTTPSConnection(host='www.zerotackle.com', port=443): Failed to resolve 'www.zerotackle.com' ([Errno 8] nodename nor servname provided, or not known)"))
2026-08-27 18:49:56 [WARNING] Failed to fetch Zero Tackle page for Sydney Roosters
2026-08-27 18:49:56 [WARNING] Fetch failed https://www.zerotackle.com/nrl/teams/wests-tigers/ -- HTTPSConnectionPool(host='www.zerotackle.com', port=443): Max retries exceeded with url: /nrl/teams/wests-tigers/ (Caused by NameResolutionError("HTTPSConnection(host='www.zerotackle.com', port=443): Failed to resolve 'www.zerotackle.com' ([Errno 8] nodename nor servname provided, or not known)"))
2026-08-27 18:49:56 [WARNING] Failed to fetch Zero Tackle page for Wests Tigers
2026-08-27 18:49:56 [INFO] Zero Tackle total: 0 records across 17 teams
2026-08-27 18:49:56 [WARNING] Zero Tackle returned 0 records, retrying in 30s
2026-08-27 18:50:26 [INFO] Attempt 3/3 -- Zero Tackle injuries R26 2026
2026-08-27 18:50:26 [WARNING] Fetch failed https://www.zerotackle.com/nrl/teams/brisbane-broncos/ -- HTTPSConnectionPool(host='www.zerotackle.com', port=443): Max retries exceeded with url: /nrl/teams/brisbane-broncos/ (Caused by NameResolutionError("HTTPSConnection(host='www.zerotackle.com', port=443): Failed to resolve 'www.zerotackle.com' ([Errno 8] nodename nor servname provided, or not known)"))
2026-08-27 18:50:26 [WARNING] Failed to fetch Zero Tackle page for Brisbane Broncos
2026-08-27 18:50:26 [WARNING] Fetch failed https://www.zerotackle.com/nrl/teams/canberra-raiders/ -- HTTPSConnectionPool(host='www.zerotackle.com', port=443): Max retries exceeded with url: /nrl/teams/canberra-raiders/ (Caused by NameResolutionError("HTTPSConnection(host='www.zerotackle.com', port=443): Failed to resolve 'www.zerotackle.com' ([Errno 8] nodename nor servname provided, or not known)"))
2026-08-27 18:50:26 [WARNING] Failed to fetch Zero Tackle page for Canberra Raiders
2026-08-27 18:50:26 [WARNING] Fetch failed https://www.zerotackle.com/nrl/teams/canterbury-bankstown-bulldogs/ -- HTTPSConnectionPool(host='www.zerotackle.com', port=443): Max retries exceeded with url: /nrl/teams/canterbury-bankstown-bulldogs/ (Caused by NameResolutionError("HTTPSConnection(host='www.zerotackle.com', port=443): Failed to resolve 'www.zerotackle.com' ([Errno 8] nodename nor servname provided, or not known)"))
2026-08-27 18:50:26 [WARNING] Failed to fetch Zero Tackle page for Canterbury-Bankstown Bulldogs
2026-08-27 18:50:26 [WARNING] Fetch failed https://www.zerotackle.com/nrl/teams/cronulla-sharks/ -- HTTPSConnectionPool(host='www.zerotackle.com', port=443): Max retries exceeded with url: /nrl/teams/cronulla-sharks/ (Caused by NameResolutionError("HTTPSConnection(host='www.zerotackle.com', port=443): Failed to resolve 'www.zerotackle.com' ([Errno 8] nodename nor servname provided, or not known)"))
2026-08-27 18:50:26 [WARNING] Failed to fetch Zero Tackle page for Cronulla-Sutherland Sharks
2026-08-27 18:50:26 [WARNING] Fetch failed https://www.zerotackle.com/nrl/teams/dolphins/ -- HTTPSConnectionPool(host='www.zerotackle.com', port=443): Max retries exceeded with url: /nrl/teams/dolphins/ (Caused by NameResolutionError("HTTPSConnection(host='www.zerotackle.com', port=443): Failed to resolve 'www.zerotackle.com' ([Errno 8] nodename nor servname provided, or not known)"))
2026-08-27 18:50:26 [WARNING] Failed to fetch Zero Tackle page for Dolphins
2026-08-27 18:50:26 [WARNING] Fetch failed https://www.zerotackle.com/nrl/teams/gold-coast-titans/ -- HTTPSConnectionPool(host='www.zerotackle.com', port=443): Max retries exceeded with url: /nrl/teams/gold-coast-titans/ (Caused by NameResolutionError("HTTPSConnection(host='www.zerotackle.com', port=443): Failed to resolve 'www.zerotackle.com' ([Errno 8] nodename nor servname provided, or not known)"))
2026-08-27 18:50:26 [WARNING] Failed to fetch Zero Tackle page for Gold Coast Titans
2026-08-27 18:50:26 [WARNING] Fetch failed https://www.zerotackle.com/nrl/teams/manly-sea-eagles/ -- HTTPSConnectionPool(host='www.zerotackle.com', port=443): Max retries exceeded with url: /nrl/teams/manly-sea-eagles/ (Caused by NameResolutionError("HTTPSConnection(host='www.zerotackle.com', port=443): Failed to resolve 'www.zerotackle.com' ([Errno 8] nodename nor servname provided, or not known)"))
2026-08-27 18:50:26 [WARNING] Failed to fetch Zero Tackle page for Manly-Warringah Sea Eagles
2026-08-27 18:50:26 [WARNING] Fetch failed https://www.zerotackle.com/nrl/teams/melbourne-storm/ -- HTTPSConnectionPool(host='www.zerotackle.com', port=443): Max retries exceeded with url: /nrl/teams/melbourne-storm/ (Caused by NameResolutionError("HTTPSConnection(host='www.zerotackle.com', port=443): Failed to resolve 'www.zerotackle.com' ([Errno 8] nodename nor servname provided, or not known)"))
2026-08-27 18:50:26 [WARNING] Failed to fetch Zero Tackle page for Melbourne Storm
2026-08-27 18:50:26 [WARNING] Fetch failed https://www.zerotackle.com/nrl/teams/newcastle-knights/ -- HTTPSConnectionPool(host='www.zerotackle.com', port=443): Max retries exceeded with url: /nrl/teams/newcastle-knights/ (Caused by NameResolutionError("HTTPSConnection(host='www.zerotackle.com', port=443): Failed to resolve 'www.zerotackle.com' ([Errno 8] nodename nor servname provided, or not known)"))
2026-08-27 18:50:26 [WARNING] Failed to fetch Zero Tackle page for Newcastle Knights
2026-08-27 18:50:26 [WARNING] Fetch failed https://www.zerotackle.com/nrl/teams/new-zealand-warriors/ -- HTTPSConnectionPool(host='www.zerotackle.com', port=443): Max retries exceeded with url: /nrl/teams/new-zealand-warriors/ (Caused by NameResolutionError("HTTPSConnection(host='www.zerotackle.com', port=443): Failed to resolve 'www.zerotackle.com' ([Errno 8] nodename nor servname provided, or not known)"))
2026-08-27 18:50:26 [WARNING] Failed to fetch Zero Tackle page for New Zealand Warriors
2026-08-27 18:50:26 [WARNING] Fetch failed https://www.zerotackle.com/nrl/teams/north-queensland-cowboys/ -- HTTPSConnectionPool(host='www.zerotackle.com', port=443): Max retries exceeded with url: /nrl/teams/north-queensland-cowboys/ (Caused by NameResolutionError("HTTPSConnection(host='www.zerotackle.com', port=443): Failed to resolve 'www.zerotackle.com' ([Errno 8] nodename nor servname provided, or not known)"))
2026-08-27 18:50:26 [WARNING] Failed to fetch Zero Tackle page for North Queensland Cowboys
2026-08-27 18:50:26 [WARNING] Fetch failed https://www.zerotackle.com/nrl/teams/parramatta-eels/ -- HTTPSConnectionPool(host='www.zerotackle.com', port=443): Max retries exceeded with url: /nrl/teams/parramatta-eels/ (Caused by NameResolutionError("HTTPSConnection(host='www.zerotackle.com', port=443): Failed to resolve 'www.zerotackle.com' ([Errno 8] nodename nor servname provided, or not known)"))
2026-08-27 18:50:26 [WARNING] Failed to fetch Zero Tackle page for Parramatta Eels
2026-08-27 18:50:26 [WARNING] Fetch failed https://www.zerotackle.com/nrl/teams/penrith-panthers/ -- HTTPSConnectionPool(host='www.zerotackle.com', port=443): Max retries exceeded with url: /nrl/teams/penrith-panthers/ (Caused by NameResolutionError("HTTPSConnection(host='www.zerotackle.com', port=443): Failed to resolve 'www.zerotackle.com' ([Errno 8] nodename nor servname provided, or not known)"))
2026-08-27 18:50:26 [WARNING] Failed to fetch Zero Tackle page for Penrith Panthers
2026-08-27 18:50:26 [WARNING] Fetch failed https://www.zerotackle.com/nrl/teams/south-sydney-rabbitohs/ -- HTTPSConnectionPool(host='www.zerotackle.com', port=443): Max retries exceeded with url: /nrl/teams/south-sydney-rabbitohs/ (Caused by NameResolutionError("HTTPSConnection(host='www.zerotackle.com', port=443): Failed to resolve 'www.zerotackle.com' ([Errno 8] nodename nor servname provided, or not known)"))
2026-08-27 18:50:26 [WARNING] Failed to fetch Zero Tackle page for South Sydney Rabbitohs
2026-08-27 18:50:26 [WARNING] Fetch failed https://www.zerotackle.com/nrl/teams/st-george-illawarra-dragons/ -- HTTPSConnectionPool(host='www.zerotackle.com', port=443): Max retries exceeded with url: /nrl/teams/st-george-illawarra-dragons/ (Caused by NameResolutionError("HTTPSConnection(host='www.zerotackle.com', port=443): Failed to resolve 'www.zerotackle.com' ([Errno 8] nodename nor servname provided, or not known)"))
2026-08-27 18:50:26 [WARNING] Failed to fetch Zero Tackle page for St. George Illawarra Dragons
2026-08-27 18:50:26 [WARNING] Fetch failed https://www.zerotackle.com/nrl/teams/sydney-roosters/ -- HTTPSConnectionPool(host='www.zerotackle.com', port=443): Max retries exceeded with url: /nrl/teams/sydney-roosters/ (Caused by NameResolutionError("HTTPSConnection(host='www.zerotackle.com', port=443): Failed to resolve 'www.zerotackle.com' ([Errno 8] nodename nor servname provided, or not known)"))
2026-08-27 18:50:26 [WARNING] Failed to fetch Zero Tackle page for Sydney Roosters
2026-08-27 18:50:26 [WARNING] Fetch failed https://www.zerotackle.com/nrl/teams/wests-tigers/ -- HTTPSConnectionPool(host='www.zerotackle.com', port=443): Max retries exceeded with url: /nrl/teams/wests-tigers/ (Caused by NameResolutionError("HTTPSConnection(host='www.zerotackle.com', port=443): Failed to resolve 'www.zerotackle.com' ([Errno 8] nodename nor servname provided, or not known)"))
2026-08-27 18:50:26 [WARNING] Failed to fetch Zero Tackle page for Wests Tigers
2026-08-27 18:50:26 [INFO] Zero Tackle total: 0 records across 17 teams
2026-08-27 18:50:26 [ERROR] All attempts exhausted -- no injury data
[2026-08-27T18:50:26] NRL team news
Written /Users/elliotbladen/BetMate/data/nrl/team-news/latest.json
  Round 26 | Teams: 17 | Injuries: 89 | Suspensions preserved: 0
[2026-08-27T18:50:27] NRL market-moving news
2026-08-27 18:50:27 [INFO] Targeting season=2026 round=26
2026-08-27 18:50:27 [WARNING] Fetch failed NRL Casualty Ward                https://www.nrl.com/news/2026/01/01/nrl-casualty-ward-how-your-club-is-shaping-heading-into-2026/ -- HTTPSConnectionPool(host='www.nrl.com', port=443): Max retries exceeded with url: /news/2026/01/01/nrl-casualty-ward-how-your-club-is-shaping-heading-into-2026/ (Caused by NameResolutionError("HTTPSConnection(host='www.nrl.com', port=443): Failed to resolve 'www.nrl.com' ([Errno 8] nodename nor servname provided, or not known)"))
2026-08-27 18:50:27 [WARNING] Fetch failed NRL Judiciary Report             https://www.nrl.com/news/2026/01/01/nrl-judiciary-report-2026/ -- HTTPSConnectionPool(host='www.nrl.com', port=443): Max retries exceeded with url: /news/2026/01/01/nrl-judiciary-report-2026/ (Caused by NameResolutionError("HTTPSConnection(host='www.nrl.com', port=443): Failed to resolve 'www.nrl.com' ([Errno 8] nodename nor servname provided, or not known)"))
2026-08-27 18:50:27 [WARNING] Fetch failed NRL News                         https://www.nrl.com/news/ -- HTTPSConnectionPool(host='www.nrl.com', port=443): Max retries exceeded with url: /news/ (Caused by NameResolutionError("HTTPSConnection(host='www.nrl.com', port=443): Failed to resolve 'www.nrl.com' ([Errno 8] nodename nor servname provided, or not known)"))
2026-08-27 18:50:27 [WARNING] Fetch failed Brisbane Broncos News            https://www.broncos.com.au/news/ -- HTTPSConnectionPool(host='www.broncos.com.au', port=443): Max retries exceeded with url: /news/ (Caused by NameResolutionError("HTTPSConnection(host='www.broncos.com.au', port=443): Failed to resolve 'www.broncos.com.au' ([Errno 8] nodename nor servname provided, or not known)"))
2026-08-27 18:50:27 [WARNING] Fetch failed Canterbury-Bankstown Bulldogs News https://www.bulldogs.com.au/news/ -- HTTPSConnectionPool(host='www.bulldogs.com.au', port=443): Max retries exceeded with url: /news/ (Caused by NameResolutionError("HTTPSConnection(host='www.bulldogs.com.au', port=443): Failed to resolve 'www.bulldogs.com.au' ([Errno 8] nodename nor servname provided, or not known)"))
2026-08-27 18:50:27 [WARNING] Fetch failed Canberra Raiders News            https://www.raiders.com.au/news/ -- HTTPSConnectionPool(host='www.raiders.com.au', port=443): Max retries exceeded with url: /news/ (Caused by NameResolutionError("HTTPSConnection(host='www.raiders.com.au', port=443): Failed to resolve 'www.raiders.com.au' ([Errno 8] nodename nor servname provided, or not known)"))
2026-08-27 18:50:27 [WARNING] Fetch failed Cronulla-Sutherland Sharks News  https://www.sharks.com.au/news/ -- HTTPSConnectionPool(host='www.sharks.com.au', port=443): Max retries exceeded with url: /news/ (Caused by NameResolutionError("HTTPSConnection(host='www.sharks.com.au', port=443): Failed to resolve 'www.sharks.com.au' ([Errno 8] nodename nor servname provided, or not known)"))
2026-08-27 18:50:27 [WARNING] Fetch failed Dolphins News                    https://www.dolphinsnrl.com.au/news/ -- HTTPSConnectionPool(host='www.dolphinsnrl.com.au', port=443): Max retries exceeded with url: /news/ (Caused by NameResolutionError("HTTPSConnection(host='www.dolphinsnrl.com.au', port=443): Failed to resolve 'www.dolphinsnrl.com.au' ([Errno 8] nodename nor servname provided, or not known)"))
2026-08-27 18:50:27 [WARNING] Fetch failed Gold Coast Titans News           https://www.titans.com.au/news/ -- HTTPSConnectionPool(host='www.titans.com.au', port=443): Max retries exceeded with url: /news/ (Caused by NameResolutionError("HTTPSConnection(host='www.titans.com.au', port=443): Failed to resolve 'www.titans.com.au' ([Errno 8] nodename nor servname provided, or not known)"))
2026-08-27 18:50:27 [WARNING] Fetch failed Manly-Warringah Sea Eagles News  https://www.seaeagles.com.au/news/ -- HTTPSConnectionPool(host='www.seaeagles.com.au', port=443): Max retries exceeded with url: /news/ (Caused by NameResolutionError("HTTPSConnection(host='www.seaeagles.com.au', port=443): Failed to resolve 'www.seaeagles.com.au' ([Errno 8] nodename nor servname provided, or not known)"))
2026-08-27 18:50:27 [WARNING] Fetch failed Melbourne Storm News             https://www.melbournestorm.com.au/news/ -- HTTPSConnectionPool(host='www.melbournestorm.com.au', port=443): Max retries exceeded with url: /news/ (Caused by NameResolutionError("HTTPSConnection(host='www.melbournestorm.com.au', port=443): Failed to resolve 'www.melbournestorm.com.au' ([Errno 8] nodename nor servname provided, or not known)"))
2026-08-27 18:50:27 [WARNING] Fetch failed Newcastle Knights News           https://www.newcastleknights.com.au/news/ -- HTTPSConnectionPool(host='www.newcastleknights.com.au', port=443): Max retries exceeded with url: /news/ (Caused by NameResolutionError("HTTPSConnection(host='www.newcastleknights.com.au', port=443): Failed to resolve 'www.newcastleknights.com.au' ([Errno 8] nodename nor servname provided, or not known)"))
2026-08-27 18:50:27 [WARNING] Fetch failed New Zealand Warriors News        https://www.warriors.kiwi/news/ -- HTTPSConnectionPool(host='www.warriors.kiwi', port=443): Max retries exceeded with url: /news/ (Caused by NameResolutionError("HTTPSConnection(host='www.warriors.kiwi', port=443): Failed to resolve 'www.warriors.kiwi' ([Errno 8] nodename nor servname provided, or not known)"))
2026-08-27 18:50:27 [WARNING] Fetch failed North Queensland Cowboys News    https://www.cowboys.com.au/news/ -- HTTPSConnectionPool(host='www.cowboys.com.au', port=443): Max retries exceeded with url: /news/ (Caused by NameResolutionError("HTTPSConnection(host='www.cowboys.com.au', port=443): Failed to resolve 'www.cowboys.com.au' ([Errno 8] nodename nor servname provided, or not known)"))
2026-08-27 18:50:27 [WARNING] Fetch failed Parramatta Eels News             https://www.parraeels.com.au/news/ -- HTTPSConnectionPool(host='www.parraeels.com.au', port=443): Max retries exceeded with url: /news/ (Caused by NameResolutionError("HTTPSConnection(host='www.parraeels.com.au', port=443): Failed to resolve 'www.parraeels.com.au' ([Errno 8] nodename nor servname provided, or not known)"))
2026-08-27 18:50:27 [WARNING] Fetch failed Penrith Panthers News            https://www.penrithpanthers.com.au/news/ -- HTTPSConnectionPool(host='www.penrithpanthers.com.au', port=443): Max retries exceeded with url: /news/ (Caused by NameResolutionError("HTTPSConnection(host='www.penrithpanthers.com.au', port=443): Failed to resolve 'www.penrithpanthers.com.au' ([Errno 8] nodename nor servname provided, or not known)"))
2026-08-27 18:50:27 [WARNING] Fetch failed South Sydney Rabbitohs News      https://www.rabbitohs.com.au/news/ -- HTTPSConnectionPool(host='www.rabbitohs.com.au', port=443): Max retries exceeded with url: /news/ (Caused by NameResolutionError("HTTPSConnection(host='www.rabbitohs.com.au', port=443): Failed to resolve 'www.rabbitohs.com.au' ([Errno 8] nodename nor servname provided, or not known)"))
2026-08-27 18:50:27 [WARNING] Fetch failed St. George Illawarra Dragons News https://www.dragons.com.au/news/ -- HTTPSConnectionPool(host='www.dragons.com.au', port=443): Max retries exceeded with url: /news/ (Caused by NameResolutionError("HTTPSConnection(host='www.dragons.com.au', port=443): Failed to resolve 'www.dragons.com.au' ([Errno 8] nodename nor servname provided, or not known)"))
2026-08-27 18:50:27 [WARNING] Fetch failed Sydney Roosters News             https://www.roosters.com.au/news/ -- HTTPSConnectionPool(host='www.roosters.com.au', port=443): Max retries exceeded with url: /news/ (Caused by NameResolutionError("HTTPSConnection(host='www.roosters.com.au', port=443): Failed to resolve 'www.roosters.com.au' ([Errno 8] nodename nor servname provided, or not known)"))
2026-08-27 18:50:27 [WARNING] Fetch failed Wests Tigers News                https://www.weststigers.com.au/news/ -- HTTPSConnectionPool(host='www.weststigers.com.au', port=443): Max retries exceeded with url: /news/ (Caused by NameResolutionError("HTTPSConnection(host='www.weststigers.com.au', port=443): Failed to resolve 'www.weststigers.com.au' ([Errno 8] nodename nor servname provided, or not known)"))
2026-08-27 18:50:27 [INFO] Wrote 0 flags
2026-08-27 18:50:27 [INFO] JSON: /Users/elliotbladen/BetMate/data/nrl/news_flags/processed/2026/2026-08-27.json
2026-08-27 18:50:27 [INFO] CSV:  /Users/elliotbladen/BetMate/data/nrl/news_flags/processed/2026/2026-08-27.csv
2026-08-27 18:50:27 [INFO] News flags complete -- 0 total, 0 HIGH
[2026-08-27T18:50:27] AFL injuries
2026-08-27 18:50:27 [INFO] Targeting season=2026 round=23
2026-08-27 18:50:27 [INFO] Attempt 1/3 -- AFL injuries R23 2026
2026-08-27 18:50:27 [WARNING] Fetch failed https://www.footywire.com/afl/footy/injury_list -- HTTPSConnectionPool(host='www.footywire.com', port=443): Max retries exceeded with url: /afl/footy/injury_list (Caused by NameResolutionError("HTTPSConnection(host='www.footywire.com', port=443): Failed to resolve 'www.footywire.com' ([Errno 8] nodename nor servname provided, or not known)"))
2026-08-27 18:50:27 [WARNING] Fetch failed, retrying in 30s
2026-08-27 18:50:58 [INFO] Attempt 2/3 -- AFL injuries R23 2026
2026-08-27 18:50:58 [WARNING] Fetch failed https://www.footywire.com/afl/footy/injury_list -- HTTPSConnectionPool(host='www.footywire.com', port=443): Max retries exceeded with url: /afl/footy/injury_list (Caused by NameResolutionError("HTTPSConnection(host='www.footywire.com', port=443): Failed to resolve 'www.footywire.com' ([Errno 8] nodename nor servname provided, or not known)"))
2026-08-27 18:50:58 [WARNING] Fetch failed, retrying in 30s
2026-08-27 18:51:28 [INFO] Attempt 3/3 -- AFL injuries R23 2026
2026-08-27 18:51:28 [WARNING] Fetch failed https://www.footywire.com/afl/footy/injury_list -- HTTPSConnectionPool(host='www.footywire.com', port=443): Max retries exceeded with url: /afl/footy/injury_list (Caused by NameResolutionError("HTTPSConnection(host='www.footywire.com', port=443): Failed to resolve 'www.footywire.com' ([Errno 8] nodename nor servname provided, or not known)"))
2026-08-27 18:51:28 [ERROR] All attempts exhausted -- no AFL injury data
[2026-08-27T18:51:28] Market event log
Wrote 672 events -> /Users/elliotbladen/BetMate/data/market_events/2026_events.csv
  injury: 672
AFL injury refresh pinned to prepared round 23
[2026-08-28T18:30:01] NRL injuries
2026-08-28 18:30:01 [INFO] Targeting season=2026 round=26
2026-08-28 18:30:01 [INFO] Attempt 1/3 -- Zero Tackle injuries R26 2026
2026-08-28 18:30:05 [INFO]   Brisbane Broncos                         5 injuries
2026-08-28 18:30:06 [INFO]   Canberra Raiders                         2 injuries
2026-08-28 18:30:08 [INFO]   Canterbury-Bankstown Bulldogs            5 injuries
2026-08-28 18:30:10 [INFO]   Cronulla-Sutherland Sharks               2 injuries
2026-08-28 18:30:11 [INFO]   Dolphins                                 1 injuries
2026-08-28 18:30:13 [INFO]   Gold Coast Titans                        7 injuries
2026-08-28 18:30:14 [INFO]   Manly-Warringah Sea Eagles               6 injuries
2026-08-28 18:30:15 [INFO]   Melbourne Storm                          5 injuries
2026-08-28 18:30:17 [INFO]   Newcastle Knights                        5 injuries
2026-08-28 18:30:19 [INFO]   New Zealand Warriors                     5 injuries
2026-08-28 18:30:20 [INFO]   North Queensland Cowboys                 1 injuries
2026-08-28 18:30:22 [INFO]   Parramatta Eels                          4 injuries
2026-08-28 18:30:23 [INFO]   Penrith Panthers                         4 injuries
2026-08-28 18:30:24 [INFO]   South Sydney Rabbitohs                   2 injuries
2026-08-28 18:30:25 [INFO]   St. George Illawarra Dragons             6 injuries
2026-08-28 18:30:27 [INFO]   Sydney Roosters                          2 injuries
2026-08-28 18:30:29 [INFO]   Wests Tigers                             5 injuries
2026-08-28 18:30:29 [INFO] Zero Tackle total: 67 records across 17 teams
2026-08-28 18:30:29 [INFO] Wrote latest-injuries.json -- 67 player records, round 26
2026-08-28 18:30:29 [INFO] Injuries scraped -- 67 records
[2026-08-28T18:30:29] NRL team news
Written /Users/elliotbladen/BetMate/data/nrl/team-news/latest.json
  Round 26 | Teams: 17 | Injuries: 67 | Suspensions preserved: 0
[2026-08-28T18:30:31] NRL market-moving news
2026-08-28 18:30:31 [INFO] Targeting season=2026 round=26
2026-08-28 18:30:32 [INFO] Fetched NRL Casualty Ward                904 bytes
2026-08-28 18:30:33 [INFO] Fetched NRL Judiciary Report             862 bytes
2026-08-28 18:30:34 [INFO] Fetched NRL News                         798 bytes
2026-08-28 18:30:35 [INFO] Fetched Brisbane Broncos News            805 bytes
2026-08-28 18:30:36 [INFO] Fetched Canterbury-Bankstown Bulldogs News 806 bytes
2026-08-28 18:30:37 [INFO] Fetched Canberra Raiders News            805 bytes
2026-08-28 18:30:38 [INFO] Fetched Cronulla-Sutherland Sharks News  804 bytes
2026-08-28 18:30:39 [INFO] Fetched Dolphins News                    809 bytes
2026-08-28 18:30:40 [INFO] Fetched Gold Coast Titans News           804 bytes
2026-08-28 18:30:41 [INFO] Fetched Manly-Warringah Sea Eagles News  807 bytes
2026-08-28 18:30:42 [INFO] Fetched Melbourne Storm News             812 bytes
2026-08-28 18:30:44 [INFO] Fetched Newcastle Knights News           814 bytes
2026-08-28 18:30:45 [INFO] Fetched New Zealand Warriors News        804 bytes
2026-08-28 18:30:46 [INFO] Fetched North Queensland Cowboys News    805 bytes
2026-08-28 18:30:47 [INFO] Fetched Parramatta Eels News             807 bytes
2026-08-28 18:30:48 [INFO] Fetched Penrith Panthers News            813 bytes
2026-08-28 18:30:49 [INFO] Fetched South Sydney Rabbitohs News      176904 bytes
2026-08-28 18:30:52 [INFO] Fetched St. George Illawarra Dragons News 805 bytes
2026-08-28 18:30:54 [INFO] Fetched Sydney Roosters News             806 bytes
2026-08-28 18:30:56 [INFO] Fetched Wests Tigers News                809 bytes
2026-08-28 18:30:56 [INFO] Wrote 0 flags
2026-08-28 18:30:56 [INFO] JSON: /Users/elliotbladen/BetMate/data/nrl/news_flags/processed/2026/2026-08-28.json
2026-08-28 18:30:56 [INFO] CSV:  /Users/elliotbladen/BetMate/data/nrl/news_flags/processed/2026/2026-08-28.csv
2026-08-28 18:30:56 [INFO] News flags complete -- 0 total, 0 HIGH
[2026-08-28T18:30:56] AFL injuries
2026-08-28 18:30:56 [INFO] Targeting season=2026 round=23
2026-08-28 18:30:56 [INFO] Attempt 1/3 -- AFL injuries R23 2026
2026-08-28 18:30:58 [INFO] Parsed 72 player records across all teams
2026-08-28 18:30:58 [INFO] Wrote latest-injuries.json -- 72 records, round 23
[2026-08-28T18:30:58] Market event log
Wrote 650 events -> /Users/elliotbladen/BetMate/data/market_events/2026_events.csv
  injury: 650
AFL injury refresh pinned to prepared round 23
[2026-08-28T19:30:58] NRL injuries
2026-08-28 19:30:59 [INFO] Targeting season=2026 round=26
2026-08-28 19:30:59 [INFO] Attempt 1/3 -- Zero Tackle injuries R26 2026
2026-08-28 19:30:59 [INFO]   Brisbane Broncos                         5 injuries
2026-08-28 19:31:00 [INFO]   Canberra Raiders                         2 injuries
2026-08-28 19:31:01 [INFO]   Canterbury-Bankstown Bulldogs            5 injuries
2026-08-28 19:31:04 [INFO]   Cronulla-Sutherland Sharks               2 injuries
2026-08-28 19:31:04 [INFO]   Dolphins                                 1 injuries
2026-08-28 19:31:06 [INFO]   Gold Coast Titans                        7 injuries
2026-08-28 19:31:07 [INFO]   Manly-Warringah Sea Eagles               6 injuries
2026-08-28 19:31:09 [INFO]   Melbourne Storm                          5 injuries
2026-08-28 19:31:10 [INFO]   Newcastle Knights                        5 injuries
2026-08-28 19:31:12 [INFO]   New Zealand Warriors                     5 injuries
2026-08-28 19:31:13 [INFO]   North Queensland Cowboys                 1 injuries
2026-08-28 19:31:16 [INFO]   Parramatta Eels                          4 injuries
2026-08-28 19:31:18 [INFO]   Penrith Panthers                         4 injuries
2026-08-28 19:31:19 [INFO]   South Sydney Rabbitohs                   2 injuries
2026-08-28 19:31:20 [INFO]   St. George Illawarra Dragons             6 injuries
2026-08-28 19:31:22 [INFO]   Sydney Roosters                          2 injuries
2026-08-28 19:31:23 [INFO]   Wests Tigers                             5 injuries
2026-08-28 19:31:23 [INFO] Zero Tackle total: 67 records across 17 teams
2026-08-28 19:31:23 [INFO] Wrote latest-injuries.json -- 67 player records, round 26
2026-08-28 19:31:23 [INFO] Injuries scraped -- 67 records
[2026-08-28T19:31:23] NRL team news
Written /Users/elliotbladen/BetMate/data/nrl/team-news/latest.json
  Round 26 | Teams: 17 | Injuries: 67 | Suspensions preserved: 0
[2026-08-28T19:31:25] NRL market-moving news
2026-08-28 19:31:26 [INFO] Targeting season=2026 round=26
2026-08-28 19:31:27 [INFO] Fetched NRL Casualty Ward                904 bytes
2026-08-28 19:31:28 [INFO] Fetched NRL Judiciary Report             862 bytes
2026-08-28 19:31:29 [INFO] Fetched NRL News                         798 bytes
2026-08-28 19:31:30 [INFO] Fetched Brisbane Broncos News            805 bytes
2026-08-28 19:31:32 [INFO] Fetched Canterbury-Bankstown Bulldogs News 806 bytes
2026-08-28 19:31:33 [INFO] Fetched Canberra Raiders News            805 bytes
2026-08-28 19:31:34 [INFO] Fetched Cronulla-Sutherland Sharks News  804 bytes
2026-08-28 19:31:35 [INFO] Fetched Dolphins News                    809 bytes
2026-08-28 19:31:37 [INFO] Fetched Gold Coast Titans News           804 bytes
2026-08-28 19:31:38 [INFO] Fetched Manly-Warringah Sea Eagles News  807 bytes
2026-08-28 19:31:39 [INFO] Fetched Melbourne Storm News             812 bytes
2026-08-28 19:31:40 [INFO] Fetched Newcastle Knights News           814 bytes
2026-08-28 19:31:42 [INFO] Fetched New Zealand Warriors News        804 bytes
2026-08-28 19:31:43 [INFO] Fetched North Queensland Cowboys News    805 bytes
2026-08-28 19:31:44 [INFO] Fetched Parramatta Eels News             807 bytes
2026-08-28 19:31:46 [INFO] Fetched Penrith Panthers News            813 bytes
2026-08-28 19:31:47 [INFO] Fetched South Sydney Rabbitohs News      176904 bytes
2026-08-28 19:31:48 [INFO] Fetched St. George Illawarra Dragons News 805 bytes
2026-08-28 19:31:49 [INFO] Fetched Sydney Roosters News             806 bytes
2026-08-28 19:31:51 [INFO] Fetched Wests Tigers News                809 bytes
2026-08-28 19:31:52 [INFO] Wrote 0 flags
2026-08-28 19:31:52 [INFO] JSON: /Users/elliotbladen/BetMate/data/nrl/news_flags/processed/2026/2026-08-28.json
2026-08-28 19:31:52 [INFO] CSV:  /Users/elliotbladen/BetMate/data/nrl/news_flags/processed/2026/2026-08-28.csv
2026-08-28 19:31:52 [INFO] News flags complete -- 0 total, 0 HIGH
[2026-08-28T19:31:52] AFL injuries
2026-08-28 19:31:52 [INFO] Targeting season=2026 round=23
2026-08-28 19:31:52 [INFO] Attempt 1/3 -- AFL injuries R23 2026
2026-08-28 19:31:54 [INFO] Parsed 72 player records across all teams
2026-08-28 19:31:54 [INFO] Wrote latest-injuries.json -- 72 records, round 23
[2026-08-28T19:31:54] Market event log
Wrote 650 events -> /Users/elliotbladen/BetMate/data/market_events/2026_events.csv
  injury: 650
